Fase,Tmin,Tmax,Tmed,Chuva,UR,ETc,ETR,ARM,DEF,EXC,N,PP,Data semeadura,Data maturação,ISNA,PA,Municipio,Ano
1,19.624117647058824,28.897058823529413,24.26058823529412,110.42,81.29235294117647,20.146603717795585,17.75820698834361,22.741333333333323,2.3883967294519755,77.13112634498974,12.872307117599497,2035.916432301079,2007-02-05,2007-05-15,0.8814491631985447,9036.921646977005,Céu Azul,2007
2,19.572142857142858,29.18392857142857,24.378035714285716,131.16,80.52035714285715,77.40661879665875,68.32966454194819,35.002837019457864,9.076954254710548,50.56883177192727,12.33851989303306,3107.3952820891004,2007-02-05,2007-05-15,0.8827367168878025,7447.37299464869,Céu Azul,2007
3,18.454242424242423,29.623030303030305,24.038636363636364,111.71000000000001,77.82787878787879,127.93962106126838,91.11006651492754,28.081445327214563,36.829554546340844,27.521325177315767,11.576310015625252,3074.1889141503757,2007-02-05,2007-05-15,0.7121333153808254,6375.4477081027435,Céu Azul,2007
4,13.529545454545454,23.89636363636364,18.712954545454547,171.22,84.69363636363636,40.04018121553022,34.81324305663082,42.888943530960596,5.226938158899404,121.59925873962317,10.951497206388057,1269.2876962199023,2007-02-05,2007-05-15,0.8694576797551543,6208.99456081966,Céu Azul,2007
1,19.844117647058823,28.71529411764706,24.279705882352943,125.16,83.79176470588236,19.2552808942362,17.658154111773143,22.741333333333323,1.5971267824630584,90.26989319481292,12.643970015782946,1974.1500024401014,2007-02-15,2007-05-25,0.9170551293831744,8389.724014760648,Céu Azul,2007
2,19.27607142857143,30.078928571428573,24.677500000000002,80.25,76.96107142857143,79.89090079942275,56.10303996846798,14.451884024920512,23.787860830954777,32.436409339944824,12.088251939340656,2979.057545615174,2007-02-15,2007-05-25,0.7022456801347439,4642.609162952253,Céu Azul,2007
3,17.116666666666667,27.506969696969698,22.311818181818182,216.36,81.8521212121212,105.36196049523096,86.43238582035801,33.680672478710676,18.92957467487294,110.6988257258518,11.3372589659468,2721.422044948981,2007-02-15,2007-05-25,0.820337676084437,4225.558187328409,Céu Azul,2007
4,12.093181818181819,21.871363636363636,16.98227272727273,167.13,85.77636363636363,32.92502353687296,28.184409591225105,47.22540544370949,4.740613945647858,125.40085744377608,10.767281050621165,1003.0003799017428,2007-02-15,2007-05-25,0.8560179026041148,4103.87724123243,Céu Azul,2007
1,20.152352941176474,30.28882352941176,25.220588235294116,66.53999999999999,78.87235294117647,20.62336973521666,18.5931697692521,18.438097431085,2.0301999659645613,36.71939946632956,12.401873731420384,1967.790281273606,2007-02-25,2007-06-04,0.9015582811135964,7217.398456281465,Céu Azul,2007
2,18.619285714285716,29.415,24.017142857142858,123.55000000000001,77.94464285714285,69.82926283772098,50.50160914274059,40.12405140537454,19.327653694980377,51.36243688296988,11.836262319476978,2768.734771216512,2007-02-25,2007-06-04,0.7232155559210657,4220.903027154429,Céu Azul,2007
3,15.293636363636363,25.651818181818182,20.472727272727273,215.25,82.98424242424242,94.78040094829049,78.9479878603762,41.02060834314409,15.832413087914285,135.40545520185424,11.112880549444812,2252.667112354714,2007-02-25,2007-06-04,0.8329568884546923,3868.3666395609866,Céu Azul,2007
4,8.916363636363636,19.185909090909092,14.051136363636363,114.92,84.84454545454545,27.59214519754057,25.196728804062715,42.704308787157906,2.3954163934778574,88.03957075192348,10.617417622163359,524.0529987649137,2007-02-25,2007-06-04,0.9131848438630509,3801.2000687992963,Céu Azul,2007
1,19.01,28.90352941176471,23.956764705882353,70.52000000000001,79.01,17.899065344761226,14.22816687585688,17.57896335086357,3.670898468904345,43.845746654943305,12.202178769907357,1825.4781174298835,2007-03-05,2007-06-12,0.7949111644548099,6405.6759491929715,Céu Azul,2007
2,18.6475,29.646428571428572,24.146964285714287,108.97,78.12607142857144,65.9781708784522,52.455881376821225,36.652552375710634,13.522289501630981,37.44052959833171,11.636740133453605,2665.2608679098007,2007-03-05,2007-06-12,0.7950490393778525,4436.401790361043,Céu Azul,2007
3,14.405151515151516,24.49878787878788,19.451969696969694,271.13,84.68333333333334,80.87046270646985,65.7918464771474,49.92,15.078616229322446,192.07070589856323,10.948397311534292,2060.039391885968,2007-03-05,2007-06-12,0.8135460621258928,4022.8094984587647,Céu Azul,2007
4,8.211818181818181,19.31409090909091,13.762954545454546,18.71,83.26818181818182,29.01522685672102,24.624260553646163,33.8835804048989,4.390966303074856,10.122159041454935,10.527236296497161,427.35224544131904,2007-03-05,2007-06-12,0.8486668284636301,3901.052594481085,Céu Azul,2007
1,18.65058823529412,29.709411764705884,24.18,53.87,76.92,18.299359478370242,12.518084339184192,9.589756800092147,5.781275139186051,38.97282552739033,11.949359435489162,1710.0045078610258,2007-03-15,2007-06-22,0.684072267883502,5540.580027351257,Céu Azul,2007
2,17.426785714285714,27.685357142857146,22.556071428571432,215.51,81.15964285714287,56.394351638493035,47.17731143841172,42.90546680841012,9.217040200081314,135.01697855327032,11.394253520466904,2365.1723377085978,2007-03-15,2007-06-22,0.8365609332798845,4182.259184213654,Céu Azul,2007
3,11.220606060606059,21.655454545454546,16.438030303030303,168.42000000000002,84.59212121212121,69.04335614944125,57.35050696993556,36.21217877773322,11.692849179505693,117.76278106074135,10.76767180316112,1316.9038246814166,2007-03-15,2007-06-22,0.8306448320067604,3828.115580846768,Céu Azul,2007
4,11.347727272727273,22.162272727272725,16.755,6.550000000000001,83.52454545454545,30.371492859493923,19.71347748205199,23.04870129568123,10.658015377441934,0.0,10.456855872783745,949.948516265317,2007-03-15,2007-06-22,0.6490783173962319,3559.441828680278,Céu Azul,2007
1,19.185882352941178,30.471176470588233,24.82852941176471,67.32000000000001,76.58529411764707,16.909419849489687,12.716684918823377,19.10839880195995,4.19273493066631,41.07827572343342,11.697503969702776,1691.8434796823367,2007-03-25,2007-07-02,0.75204738140127,5109.317527443989,Céu Azul,2007
2,16.306428571428572,26.487142857142857,21.396785714285716,213.74,83.26285714285714,51.088904490519326,39.36738456679525,49.91999999999997,11.721519923724077,143.56101423516472,11.164789137647796,2099.492272376883,2007-03-25,2007-07-02,0.7705662307576148,3350.942559577501,Céu Azul,2007
3,9.484242424242424,20.143636363636364,14.813939393939394,117.45,84.59939393939395,59.89486135216912,51.01615554192938,29.784006274515523,8.878705810239746,86.56983818355508,10.621591616638579,945.4101698650212,2007-03-25,2007-07-02,0.851761810449233,3102.5737304173103,Céu Azul,2007
4,10.656818181818181,21.994545454545456,16.325681818181817,1.05,82.0290909090909,30.165890542331198,14.130556805111196,16.703449469404326,16.03533373722,0.0,10.437308369109495,935.1124608519546,2007-03-25,2007-07-02,0.4684282993496269,2772.72565156309,Céu Azul,2007
1,19.30941176470588,31.795294117647057,25.55235294117647,44.34,67.17764705882352,23.529320393906183,15.805572249497589,8.184736892091951,7.723748144408595,25.379503280736838,12.872307117599497,2096.712637884684,2008-02-05,2008-05-14,0.6717394291418229,8038.808196679433,Céu Azul,2008
2,18.2925,29.654642857142857,23.97357142857143,118.58,74.05499999999999,81.59950607042697,65.96999458604714,24.3070311951405,15.62951148437983,36.487711110904314,12.33851989303306,3027.6109405432035,2008-02-05,2008-05-14,0.8084607096654447,5729.186770988055,Céu Azul,2008
3,16.71181818181818,29.188181818181818,22.95,96.2,70.72575757575757,121.61681587340807,62.090397141751005,42.50743024775518,59.526418731657074,15.909203805634323,11.576310015625252,2970.975588599061,2008-02-05,2008-05-14,0.5105412166552806,4327.0863777468185,Céu Azul,2008
4,11.67,22.702727272727273,17.186363636363637,90.63,80.82409090909091,38.39988923798974,34.868636973713265,40.045194879537796,3.5312522642764708,58.223598394504116,10.951497206388057,1158.582869659218,2008-02-05,2008-05-14,0.9080400403659776,4247.502640020713,Céu Azul,2008
1,20.264705882352942,30.94588235294118,25.60529411764706,77.24,72.69529411764705,21.272303435762066,17.087873613701408,20.082335301983157,4.1844298220606575,45.60449686787196,12.643970015782946,2078.2898777514956,2008-02-15,2008-05-24,0.8032921148056782,7971.037558708631,Céu Azul,2008
2,17.86,30.6875,24.27375,57.870000000000005,70.655,82.07849861503016,55.89939235090297,12.671865020533373,26.17910626412718,9.38107793054681,12.088251939340656,2899.870821694217,2008-02-15,2008-05-24,0.6810479394011079,4157.469277016709,Céu Azul,2008
3,15.085454545454546,26.99060606060606,21.038030303030304,171.03,73.94848484848485,100.7313707829185,61.98845311182669,49.92,38.7429176710918,71.79341190870667,11.3372589659468,2574.1444194957976,2008-02-15,2008-05-24,0.6153837938472527,3357.9542467553238,Céu Azul,2008
4,11.421818181818182,23.48409090909091,17.452954545454546,5.69,79.0281818181818,38.18037354907233,29.570693895738216,26.039306104261783,8.609679653334108,0.0,10.767281050621165,1099.4823676200072,2008-02-15,2008-05-24,0.7744998580941517,3206.5104149239896,Céu Azul,2008
1,18.804117647058824,29.633529411764705,24.218823529411765,91.8,74.5635294117647,19.608769457252475,14.310396555198054,22.741333333333323,5.298372902054422,59.80900942460225,12.401873731420384,1883.288091207518,2008-02-25,2008-06-03,0.7297957470709734,6934.53899633823,Céu Azul,2008
2,16.93642857142857,30.711071428571426,23.823749999999997,24.91,66.47428571428571,77.9032312632917,40.37377901244039,7.277554320892935,37.52945225085131,0.0,11.836262319476978,2696.4271234965317,2008-02-25,2008-06-03,0.518255512097926,1923.5250898963457,Céu Azul,2008
3,13.361212121212121,23.976969696969697,18.66909090909091,171.15,80.96515151515152,81.31911191234917,70.38653465158488,35.514096693345,10.932577260764296,72.52692297596305,11.112880549444812,2085.9062069861416,2008-02-25,2008-06-03,0.8655595590794435,1794.2253092926367,Céu Azul,2008
4,11.511818181818182,23.769090909090906,17.640454545454546,44.739999999999995,77.68136363636364,37.71057356312306,23.851692150569992,49.92,13.858881412553071,6.482404542775011,10.617417622163359,1109.2375597292253,2008-02-25,2008-06-03,0.6324934864924571,1662.3474117196108,Céu Azul,2008
1,17.397058823529413,30.033529411764704,23.715294117647062,49.07,72.07117647058824,19.599091451897998,16.25734578136187,16.399288767741012,3.3417456705361257,21.727733330095624,12.176990493568383,1751.0276920168606,2008-03-05,2008-06-12,0.829494868232144,6677.523174617566,Céu Azul,2008
2,16.845357142857143,29.880357142857143,23.36285714285714,80.64,68.50142857142858,63.85589781721263,38.933008766024976,49.91999999999997,24.922889051187656,8.18628000171606,11.612073033044254,2565.5541690701716,2008-03-05,2008-06-12,0.6097010628128763,2768.177877474129,Céu Azul,2008
3,12.382121212121213,23.599696969696968,17.990909090909092,104.36,80.60545454545455,80.40185647561081,64.91402765402036,22.55052042363014,15.487828821590451,66.81545192234947,10.928979642607349,1872.6219564169935,2008-03-05,2008-06-12,0.8073697610914177,2501.560494534482,Céu Azul,2008
4,10.907727272727273,22.451363636363638,16.679545454545455,97.77,79.59045454545455,31.92931762082738,23.473843986557988,49.92,8.45547363426939,46.926676437072146,10.518009373729269,977.0742302398031,2008-03-05,2008-06-12,0.7351815114033656,2369.068600675348,Céu Azul,2008
1,17.896470588235296,30.958823529411763,24.427647058823528,19.23,69.61764705882354,18.69320963721571,14.317282707381114,8.877004300095816,4.375926929834594,3.246379659189738,11.924051105418842,1732.446644250658,2008-03-15,2008-06-22,0.7659082086618928,5626.298489167964,Céu Azul,2008
2,15.649285714285714,27.854642857142856,21.751964285714283,103.19,72.55392857142857,55.66608837444323,41.47807255263802,38.99603112861024,14.188015821805214,31.59290061884756,11.370620779144785,2264.795858478576,2008-03-15,2008-06-22,0.7451228164916462,3475.2758204233096,Céu Azul,2008
3,10.95939393939394,22.723939393939393,16.841666666666665,97.11999999999999,79.23969696969696,73.30342492195898,52.43303501011888,33.0879478668262,20.870389911840096,50.59504825166516,10.751382056118741,1574.0548027173218,2008-03-15,2008-06-22,0.7152876562853735,2980.548858479564,Céu Azul,2008
4,9.175454545454546,20.13909090909091,14.657272727272726,89.92999999999999,82.7540909090909,25.74955327277296,23.917969004705967,44.64965599434758,1.8315842680669947,54.45032286777265,10.45256866280844,636.2561025647442,2008-03-15,2008-06-22,0.9288692798409178,2938.1471411249677,Céu Azul,2008
1,16.97176470588235,31.391176470588235,24.181470588235292,8.780000000000001,61.71588235294118,18.3469976130687,10.019437494730534,4.789006504109625,8.327560118338166,1.1822226678265089,11.672558659690704,1613.4934726889844,2008-03-25,2008-07-02,0.5461077450401811,4587.620068043595,Céu Azul,2008
2,13.567142857142857,23.918928571428573,18.743035714285714,169.61,81.50214285714286,42.42721589597042,38.723623135207085,37.44797104928052,3.7035927607633328,98.22741231962202,11.142801063118311,1798.1003885018554,2008-03-25,2008-07-02,0.9127071460487919,3986.9203951685536,Céu Azul,2008
3,11.529696969696971,23.485151515151514,17.507424242424243,60.31999999999999,79.21121212121211,71.5518551578787,46.70481768300158,48.57513910479313,24.847037474877126,2.4880142614858087,10.609169142483207,1627.514870833304,2008-03-25,2008-07-02,0.6527408350202479,3294.673071535066,Céu Azul,2008
4,8.519545454545455,19.177272727272726,13.848409090909092,84.73,83.3409090909091,23.01193793778969,22.23716090817032,46.33632734544664,0.7747770296193683,64.73165085117617,10.438224032127803,566.1924540498865,2008-03-25,2008-07-02,0.9663315175056576,3272.487743008354,Céu Azul,2008
1,19.841764705882355,29.898235294117647,24.87,92.12,78.45,21.106561018907342,17.051889802425055,16.521934053153892,4.05467121648229,63.434784648069716,12.872307117599497,2098.464117420085,2009-02-05,2009-05-15,0.8078952221136311,9131.932636484486,Céu Azul,2009
2,19.790714285714284,31.399285714285718,25.595,56.660000000000004,71.09642857142858,88.0692396172517,57.61393029238024,11.387094431529649,30.455309324871465,4.180909329244005,12.33851989303306,3215.8407729838223,2009-02-05,2009-05-15,0.6541890283459919,4395.0488893320135,Céu Azul,2009
3,17.374545454545455,31.563333333333333,24.468939393939394,67.65,63.978787878787884,139.45081442869048,55.15449798422644,23.882596447303214,84.29631644446405,0.0,11.576310015625252,3088.6436553836925,2009-02-05,2009-05-15,0.39551219697200274,3066.6721656755394,Céu Azul,2009
4,14.543636363636363,27.228181818181817,20.88590909090909,113.57,72.89,48.25616486995003,27.86613196319578,49.04387031201097,20.390032906754243,60.542594172096464,10.951497206388057,1489.1086726085848,2009-02-05,2009-05-15,0.577462631734096,2807.515448431771,Céu Azul,2009
1,20.45,30.4735294117647,25.461764705882356,44.660000000000004,77.55,20.765095509388104,17.44733066375107,20.37034295196571,3.3177648456370314,11.95613183629956,12.643970015782946,2071.96797908308,2009-02-15,2009-05-25,0.8402239544654617,8579.204417044426,Céu Azul,2009
2,19.169999999999998,32.128571428571426,25.649285714285718,38.19,66.26892857142857,85.34859861875248,49.081035413363324,9.463974835943063,36.26756320538915,0.015332702659319963,12.088251939340656,3053.8161181139344,2009-02-15,2009-05-25,0.5750655102447041,3110.8046398496945,Céu Azul,2009
3,15.978787878787877,30.37878787878788,23.17878787878788,63.620000000000005,64.78181818181818,126.88179274081479,55.35194000602969,17.73203482991337,71.52985273478508,0.0,11.3372589659468,2743.299020330799,2009-02-15,2009-05-25,0.4362480921048991,2233.943614447596,Céu Azul,2009
4,13.552272727272726,25.547727272727272,19.55,193.45,77.92863636363637,40.442010442757855,30.36465616721404,49.92,10.077354275543811,130.89737866269934,10.767281050621165,1295.8564181458437,2009-02-15,2009-05-25,0.7508196510208751,2122.612644558048,Céu Azul,2009
1,20.258823529411764,30.939411764705884,25.599117647058822,49.49,74.77882352941177,20.165495678326906,18.75640072355619,21.170353741289002,1.4090949547707146,16.773912201821474,12.401873731420384,1991.919246892416,2009-02-25,2009-06-04,0.9301234654853958,7988.818399505452,Céu Azul,2009
2,18.554642857142856,32.34321428571429,25.448928571428574,41.589999999999996,64.4667857142857,81.23769103158654,43.549622265796586,19.210731475492423,37.68806876578996,0.0,11.836262319476978,2877.138850205793,2009-02-25,2009-06-04,0.5360765638804749,2429.5182758552705,Céu Azul,2009
3,15.162121212121212,29.00969696969697,22.08590909090909,94.99000000000001,67.67151515151515,110.03623029454052,55.27613773764024,49.92,54.760092556900275,9.00459373785219,11.112880549444812,2482.9335918066836,2009-02-25,2009-06-04,0.5023448875854736,1824.9871805133198,Céu Azul,2009
4,11.066363636363636,21.66090909090909,16.363636363636363,177.4,82.265,31.236228197851382,27.355745087522703,46.70619070992295,3.88048311032868,153.25806420255435,10.617417622163359,866.539707718776,2009-02-25,2009-06-04,0.8757697925066511,1779.6434732917455,Céu Azul,2009
1,19.134705882352943,31.641176470588235,25.38794117647059,23.990000000000002,67.64588235294117,20.92697215481858,15.641734661095741,7.7772902552397305,5.285237493722837,7.781641750331196,12.202178769907357,1874.3321847828158,2009-03-05,2009-06-12,0.7474437556172753,6715.170899126688,Céu Azul,2009
2,17.676785714285714,32.04392857142857,24.860357142857143,44.64,63.081785714285715,78.33309220772769,40.937782029149844,11.479508226089884,37.395310178577844,0.0,11.636740133453605,2691.859498234761,2009-03-05,2009-06-12,0.5226115920534445,1906.553782191995,Céu Azul,2009
3,14.076060606060606,27.023030303030303,20.549545454545456,136.85999999999999,72.88242424242424,94.239783749222,60.01948501267508,35.137006842663006,34.22029873654692,53.18301637075181,10.948397311534292,2149.943709323977,2009-03-05,2009-06-12,0.6368805468865537,1560.40039883153,Céu Azul,2009
4,10.241818181818182,20.325,15.28340909090909,157.35000000000002,84.60363636363637,25.802490710015782,22.873988047374016,48.16580159151923,2.928502662641764,121.44721720376977,10.527236296497161,753.6520966031043,2009-03-05,2009-06-12,0.8865031017526922,1524.9802777732818,Céu Azul,2009
1,18.677647058823528,32.67764705882353,25.67764705882353,14.389999999999999,63.29058823529412,20.543958322517057,9.790638560294068,9.706898546256054,10.753319762222986,0.0,11.949359435489162,1804.4092744530003,2009-03-15,2009-06-22,0.4765702113775762,5176.746178305872,Céu Azul,2009
2,16.18357142857143,30.765357142857145,23.474464285714284,55.54,64.35821428571428,68.89900602291343,40.54897342884737,20.142767819456115,28.35003259406605,4.555157297952569,11.394253520466904,2379.056281473283,2009-03-15,2009-06-22,0.5885276982858386,1981.6146802396136,Céu Azul,2009
3,14.034242424242423,25.183333333333334,19.60878787878788,244.0,78.92363636363636,76.07621961665383,55.83883044532279,49.92,20.23738917133103,158.38393737413335,10.76767180316112,2002.3134943376517,2009-03-15,2009-06-22,0.7339853468888604,1718.0454093576723,Céu Azul,2009
4,6.787727272727273,18.90681818181818,12.847272727272726,43.28,83.43363636363637,26.483762639694763,24.768288785122184,44.787747811321566,1.7154738545725794,23.64396340355625,10.456855872783745,361.8585551539922,2009-03-15,2009-06-22,0.9352254482147726,1695.78828509011,Céu Azul,2009
1,18.660588235294117,32.14764705882353,25.404117647058825,39.61,65.84176470588235,18.880839694828506,14.473929178388376,14.189716938444503,4.406910516440131,16.623950893779522,11.697503969702776,1705.3502280704324,2009-03-25,2009-07-02,0.7665935102638898,5332.570686694572,Céu Azul,2009
2,14.742500000000001,29.1125,21.927500000000002,74.42,65.42285714285714,58.11208633805238,34.628751893384916,49.91999999999997,23.483334444667463,4.060965045059611,11.164789137647796,2108.2469472730027,2009-03-25,2009-07-02,0.5958958639333805,2100.1998811532367,Céu Azul,2009
3,11.606666666666666,22.39909090909091,17.00287878787879,222.97,82.44848484848485,63.1403581353465,56.06191084823338,49.92,7.0784472871131205,166.9080891517666,10.621591616638579,1429.8940453585367,2009-03-25,2009-07-02,0.8878934567976333,1982.4768067981813,Céu Azul,2009
4,8.833181818181817,19.461363636363636,14.147272727272728,119.82,87.74090909090908,25.481762947700545,24.3660253777034,49.70564725992451,1.1157375699971448,95.66832736237208,10.437308369109495,638.2103973284746,2009-03-25,2009-07-02,0.9562142708772893,1965.115968307277,Céu Azul,2009
1,21.42823529411765,28.868823529411763,25.148529411764706,142.04,85.76058823529412,19.805154826308243,16.900117703495702,20.328803512177345,2.905037122812539,109.6824555979675,12.872307117599497,2135.9632564618187,2010-02-05,2010-05-15,0.8533191409867887,8726.2995457363,Céu Azul,2010
2,18.855357142857144,29.124285714285715,23.989821428571428,123.42,81.04035714285715,83.89002932282962,60.42974777409775,42.38245775617389,23.460281548731874,40.936597981905706,12.33851989303306,2993.092475174575,2010-02-05,2010-05-15,0.7203448164447422,5065.767193904728,Céu Azul,2010
3,17.084848484848486,27.23969696969697,22.16227272727273,185.34,82.58969696969697,113.97217234029797,73.13738222784892,49.92,40.834790112449056,104.66507552832496,11.576310015625252,2870.117923946867,2010-02-05,2010-05-15,0.6417126279691802,4158.266986292695,Céu Azul,2010
4,12.682727272727272,22.28181818181818,17.48227272727273,81.31,87.58954545454546,35.53105737552147,33.88979613260974,43.47697572975104,1.6412612429117366,53.863228137639226,10.951497206388057,1271.0304932654205,2010-02-05,2010-05-15,0.9538077005261754,4119.851003508105,Céu Azul,2010
1,19.954705882352943,27.956470588235295,23.95558823529412,118.33,86.03823529411765,18.56687430277892,17.29048304647385,16.32319735333847,1.2763912563050743,91.92698626685436,12.643970015782946,1956.7370192000917,2010-02-15,2010-05-25,0.9312543815673898,8250.640133384428,Céu Azul,2010
2,19.33642857142857,29.285714285714285,24.31107142857143,188.1,82.32000000000001,72.60304928751462,57.54191997071274,33.765548545045796,15.061129316801878,113.11572883757994,12.088251939340656,2957.992582330352,2010-02-15,2010-05-25,0.7925551410773609,5683.310815647333,Céu Azul,2010
3,15.187575757575758,26.093333333333334,20.640454545454546,140.9,82.61727272727272,104.11905465183416,62.316611327612826,39.91329939385538,41.80244332422133,72.43563782357758,11.3372589659468,2531.7016807903556,2010-02-15,2010-05-25,0.5985130342951598,4542.423208381459,Céu Azul,2010
4,11.647727272727273,20.25318181818182,15.950454545454544,119.02000000000001,89.105,29.552396032600623,27.528966658357835,49.41203056528216,2.02342937424279,81.9923021702154,10.767281050621165,1037.5021513182744,2010-02-15,2010-05-25,0.9315307844409417,4480.219977618431,Céu Azul,2010
1,18.045294117647057,28.99411764705882,23.51970588235294,31.29,79.08823529411765,21.412288615471084,14.12282488898903,16.115457081714162,7.289463726482053,8.262384695963473,12.401873731420384,1749.799178080331,2010-02-25,2010-06-04,0.6595663426087403,6605.657564276393,Céu Azul,2010
2,18.139285714285716,27.736785714285713,22.938035714285714,182.54,83.91071428571429,66.37006638996617,48.86393121943166,19.177249312163134,17.506135170534513,130.61427655011937,11.836262319476978,2684.398971378317,2010-02-25,2010-06-04,0.7362344785422561,3992.140496257413,Céu Azul,2010
3,14.157272727272726,24.503939393939394,19.33060606060606,159.05,84.27060606060606,86.62542283548616,56.04080576152238,41.64964852577704,30.584617073963777,80.53679502486372,11.112880549444812,2233.871861303018,2010-02-25,2010-06-04,0.6469325508280837,3287.3930653826565,Céu Azul,2010
4,11.335909090909091,20.18227272727273,15.759090909090908,125.2,90.08909090909091,26.70244610106842,25.378033180580324,49.92,1.3244129204880963,91.55161534519671,10.617417622163359,978.9022469843117,2010-02-25,2010-06-04,0.9504010638023491,3254.7828256013536,Céu Azul,2010
1,18.650000000000002,29.83235294117647,24.241176470588236,91.21000000000001,78.99764705882353,20.360263177801762,14.222010843325696,22.741333333333323,6.138252334476066,61.457322490007655,12.202178769907357,1788.2578089303618,2010-03-05,2010-06-12,0.6985180259767744,6169.151446754842,Céu Azul,2010
2,16.885357142857142,27.059285714285714,21.97232142857143,107.53,82.48678571428572,66.15065523680502,36.29101105451871,10.09239917605688,29.859644182286317,83.88792310275772,11.636740133453605,2418.5868761048755,2010-03-05,2010-06-12,0.5486115129866023,1992.1255401940693,Céu Azul,2010
3,13.223030303030303,22.520909090909093,17.871969696969696,230.85000000000002,87.63363636363636,68.68842570334239,58.59522684584491,45.832765813709976,10.093198857497478,136.514406516502,10.948397311534292,1985.125913017111,2010-03-05,2010-06-12,0.8530582299106859,1845.7623136359455,Céu Azul,2010
4,10.395,20.51318181818182,15.45409090909091,54.6,87.40681818181818,28.865445712902766,27.516737710022007,42.81968069909344,1.3487080028807585,30.096347404594532,10.527236296497161,823.1543336774741,2010-03-05,2010-06-12,0.953276037505359,1828.514047812676,Céu Azul,2010
1,19.975294117647056,28.865882352941178,24.420588235294115,119.01,85.23647058823529,16.353946181761213,12.197299365796415,16.15700156165625,4.156646815964797,96.32862196636735,11.949359435489162,1796.9248875695057,2010-03-15,2010-06-22,0.7458321820454251,5797.03488895153,Céu Azul,2010
2,15.51392857142857,26.34714285714286,20.930535714285718,137.71,82.13428571428572,53.51412349333362,32.007166494034216,47.6265766616216,21.50695699929941,74.23325840600043,11.394253520466904,2190.2035270238002,2010-03-15,2010-06-22,0.5981068997237976,2302.352403056468,Céu Azul,2010
3,11.781212121212121,21.002424242424244,16.39181818181818,130.65,88.41060606060606,63.57560467307302,58.29521416533078,47.23238020745517,5.280390507742242,72.74898228883565,10.76767180316112,1640.709733912508,2010-03-15,2010-06-22,0.9169431335353273,2206.7393150088283,Céu Azul,2010
4,10.678636363636365,20.831363636363637,15.755,39.769999999999996,86.70545454545454,28.902470144947856,25.416261219782918,43.28980317083033,3.4862089251649384,18.296315816841922,10.456855872783745,825.2652214795083,2010-03-15,2010-06-22,0.8793802430144773,2153.5040430274753,Céu Azul,2010
1,16.848235294117647,26.745882352941177,21.79705882352941,26.48,83.46470588235294,16.10185647897106,11.69079395395818,11.828749030472483,4.411062525012882,10.171123682236004,11.697503969702776,1449.9672492468926,2010-03-25,2010-07-02,0.7260525498551235,5270.667184752238,Céu Azul,2010
2,14.977857142857143,25.600357142857142,20.289107142857144,158.11,84.08285714285715,45.43518372324993,32.38331394067922,49.91999999999997,13.051869782570702,87.63543508979329,11.164789137647796,2075.4461606348755,2010-03-25,2010-07-02,0.7127365025731844,2999.5617508552245,Céu Azul,2010
3,10.425757575757576,19.827272727272724,15.126515151515152,127.34,87.9830303030303,57.452989977170354,53.56405457607129,40.792948044865156,3.888935401099067,82.90299737906352,10.621591616638579,1262.8905197605536,2010-03-25,2010-07-02,0.9323110006521091,2898.0430841564257,Céu Azul,2010
4,12.745909090909093,22.793636363636363,17.769772727272727,11.68,86.98136363636364,30.82244042560206,22.434167827187196,30.03878021767796,8.388272598414865,0.0,10.437308369109495,1130.9938707344768,2010-03-25,2010-07-02,0.7278517702495968,2740.303625137712,Céu Azul,2010
1,20.066470588235294,28.04,24.05323529411765,111.35,86.24529411764706,18.556859581414905,17.39100705050641,13.73659554532755,1.165852530908494,87.43306407083271,12.872307117599497,2045.0221624872866,2011-02-05,2011-05-15,0.9371740392929352,9249.30896527654,Céu Azul,2011
2,19.02785714285714,29.173928571428572,24.10089285714286,75.39999999999999,79.97035714285714,85.27239097041095,51.33543739046575,11.82809662044447,33.9369535799452,25.97306153441733,12.33851989303306,3028.6894495632832,2011-02-05,2011-05-15,0.6020170984566258,3727.708736368687,Céu Azul,2011
3,17.696060606060605,28.17666666666667,22.936363636363637,152.28,81.76878787878788,111.15417298351414,90.45937353758913,49.92,20.69479944592501,23.728723082855332,11.576310015625252,3009.9547029613836,2011-02-05,2011-05-15,0.8138189607240894,3380.6943930411803,Céu Azul,2011
4,14.390454545454544,25.24909090909091,19.819772727272728,11.38,80.24363636363637,45.52287499973279,34.97672007763241,26.3232799223676,10.54615492210039,0.0,10.951497206388057,1404.0731900009073,2011-02-05,2011-05-15,0.768332845362638,3224.0552228943134,Céu Azul,2011
1,19.826470588235296,28.66235294117647,24.24441176470588,57.26,83.59411764705882,19.0177801304072,15.544944599901603,18.859425712149175,3.472835530505598,28.28654902131594,12.643970015782946,1985.3522366438126,2011-02-15,2011-05-25,0.817390068310184,8156.335716997856,Céu Azul,2011
2,19.082857142857144,29.540357142857143,24.311607142857145,96.4,79.31500000000001,73.16858106910385,51.968695234551966,47.402093262707695,21.199885834551875,15.888637214889515,12.088251939340656,2948.562032335193,2011-02-15,2011-05-25,0.7102597108651088,4611.5071136115575,Céu Azul,2011
3,15.796666666666665,26.666666666666668,21.231666666666666,87.02,81.21484848484849,107.44215410758356,89.92074098591206,32.843964400324445,17.5214131216715,11.657387876471182,11.3372589659468,2554.4013189854277,2011-02-15,2011-05-25,0.8369223582009809,4235.49026099797,Céu Azul,2011
4,13.620454545454544,25.486818181818183,19.553636363636365,8.07,77.49772727272727,42.03063541728001,22.108514390549026,18.805450009775416,19.922121026730988,0.0,10.767281050621165,1310.7379556469887,2011-02-15,2011-05-25,0.5260095206997412,3833.9738492215683,Céu Azul,2011
1,19.165294117647058,28.602941176470587,23.884117647058826,46.08,81.40529411764706,19.800478373565024,15.374960153330015,19.01226958268636,4.425518220235011,18.903436930650287,12.401873731420384,1836.3189295069783,2011-02-25,2011-06-04,0.7764943787346383,7306.163318019969,Céu Azul,2011
2,17.826428571428572,28.980357142857144,23.403392857142855,86.93,79.11785714285715,68.5976448130381,50.65552302830572,21.682397834036003,17.942121784732382,33.60434872034463,11.836262319476978,2731.184723567026,2011-02-25,2011-06-04,0.7384440554244481,4439.707646218028,Céu Azul,2011
3,15.764242424242425,26.509393939393938,21.13681818181818,77.01,81.15818181818182,96.99741276763896,73.5596825185429,18.8154393498597,23.437730249096067,6.317275965633396,11.112880549444812,2389.0345922939237,2011-02-25,2011-06-04,0.7583674700144627,3903.318750742129,Céu Azul,2011
4,10.907272727272728,23.88590909090909,17.39659090909091,8.06,75.03954545454545,36.69861661192492,14.905535563588145,11.969903786271557,21.793081048336777,0.0,10.617417622163359,1066.9422717254295,2011-02-25,2011-06-04,0.4061606932274584,3439.729930531535,Céu Azul,2011
1,18.660588235294117,29.99705882352941,24.328823529411768,23.88,76.99352941176471,21.0580291109182,13.117494574496641,9.36147415433316,7.940534536421557,6.5618163671545044,12.202178769907357,1776.860955276881,2011-03-05,2011-06-12,0.6229212860046557,6218.169791421714,Céu Azul,2011
2,17.568571428571428,28.101785714285715,22.83517857142857,117.71000000000001,81.39785714285713,61.436241631271926,49.38495520294169,34.18214965360347,12.051286428330236,43.504369297788,11.636740133453605,2577.631815326387,2011-03-05,2011-06-12,0.8038407606269333,4388.542606554918,Céu Azul,2011
3,14.213636363636365,25.362727272727273,19.78818181818182,45.95,79.89030303030303,90.11600040720539,60.217685543373804,14.42952689119483,29.898314863831587,5.484937219034837,10.948397311534292,2108.535090136682,2011-03-05,2011-06-12,0.668224125252667,3660.536325477068,Céu Azul,2011
4,9.38090909090909,22.874545454545455,16.127727272727274,39.61,74.90454545454546,34.70222174428736,15.911592065492362,38.12793482570247,18.790629678794996,0.0,10.527236296497161,859.6291690036355,2011-03-05,2011-06-12,0.4585179641448091,3264.113393108828,Céu Azul,2011
1,19.353529411764704,29.763529411764708,24.558529411764706,76.45,79.66176470588235,16.825403208403806,11.619173991350667,22.41231705189632,5.206229217053138,47.57973261850887,11.949359435489162,1802.2155458310053,2011-03-15,2011-06-22,0.6905732865615501,5975.897362368887,Céu Azul,2011
2,16.425714285714285,27.522142857142857,21.97392857142857,81.34,81.38392857142857,59.861213854495716,50.37559932143581,33.403631229004176,9.485614533059904,19.973086501456336,11.394253520466904,2297.642404839049,2011-03-15,2011-06-22,0.8415398899842471,4555.485332143155,Céu Azul,2011
3,12.55151515151515,24.599999999999998,18.575757575757574,13.76,77.23848484848484,80.91121469595569,37.22121387813834,9.942417350865833,43.69000081781734,0.0,10.76767180316112,1818.9560482835598,2011-03-15,2011-06-22,0.4600253996680987,3325.5621463722355,Céu Azul,2011
4,10.223181818181818,23.28681818181818,16.755,38.12,77.27363636363636,33.15423699577997,20.659389582594542,27.403027768271286,12.494847413185424,0.0,10.456855872783745,901.2013356497296,2011-03-15,2011-06-22,0.6231296948629573,3074.9010222011348,Céu Azul,2011
1,17.40352941176471,28.203529411764706,22.803529411764707,74.0,81.04941176470588,15.216783525458556,12.13697969200264,10.095086077314944,3.079803833455916,57.63704140919663,11.697503969702776,1593.9607569410377,2011-03-25,2011-07-02,0.7976048073297994,5546.104413533243,Céu Azul,2011
2,15.453571428571427,26.318214285714284,20.885892857142856,76.59,81.07035714285713,53.19540494509269,40.146184311303124,18.804696628732792,13.049220633789565,27.734205137279034,11.164789137647796,2021.2219519285304,2011-03-25,2011-07-02,0.7546927098823907,3505.354646943514,Céu Azul,2011
3,11.22090909090909,23.71212121212121,17.46651515151515,41.15,76.37727272727273,73.11412801498437,28.649435393450528,31.305261235282263,44.46469262153384,0.0,10.621591616638579,1577.2729795780365,2011-03-25,2011-07-02,0.391845408969098,2439.455886078412,Céu Azul,2011
4,10.405,21.56090909090909,15.982954545454545,80.36,81.7909090909091,29.49976719799752,21.020693095474396,49.92,8.479074102523125,40.724568139807864,10.437308369109495,842.2030960397308,2011-03-25,2011-07-02,0.7125714909676067,2299.222052441249,Céu Azul,2011
1,20.98470588235294,34.93411764705883,27.959411764705884,46.870000000000005,54.709411764705884,26.645487402172108,12.671562079753318,22.741333333333323,13.973925322418792,16.291939475483023,12.872307117599497,2262.6378696330808,2012-02-05,2012-05-14,0.47556127942025733,7611.442766846982,Céu Azul,2012
2,19.561785714285715,31.821428571428573,25.691607142857144,46.61,68.2192857142857,93.4395557136192,41.071815702561885,4.57593326574416,52.367740011057315,23.70358436502728,12.33851989303306,3200.7315026487768,2012-02-05,2012-05-14,0.43955491214493764,1212.7492015929777,Céu Azul,2012
3,15.85878787878788,29.6769696969697,22.76787878787879,116.14,68.50090909090909,123.21630261682493,73.39340669037246,46.42338454409226,49.82289592645246,0.8991420312794376,11.576310015625252,2928.5167855675268,2012-02-05,2012-05-14,0.5956468838268059,967.5597421926408,Céu Azul,2012
4,11.909090909090908,23.48409090909091,17.696590909090908,92.03,80.2690909090909,40.44290598756801,35.04618006515074,47.73308071143004,5.396725922417272,55.674123767511475,10.951497206388057,1240.1141831886503,2012-02-05,2012-05-14,0.866559393034808,941.7373903379867,Céu Azul,2012
1,21.228823529411763,30.49647058823529,25.86264705882353,87.66,73.55176470588236,20.619997034438665,16.631227227840544,20.474736262016506,3.988769806598121,55.57470844241858,12.643970015782946,2118.646829839218,2012-02-15,2012-05-24,0.8065581774848832,8192.59209249414,Céu Azul,2012
2,17.0225,32.340357142857144,24.68142857142857,40.02,59.267857142857146,88.1263797098385,39.489924260677206,21.004812001339303,48.6364554491613,0.0,12.088251939340656,2870.3118587850245,2012-02-15,2012-05-24,0.44810560005642114,1410.4235471897969,Céu Azul,2012
3,15.192121212121211,27.502727272727274,21.347424242424243,147.05,75.09272727272727,102.99768494333355,71.74321709920568,41.52860799810556,31.254467844127866,54.78298690402806,11.3372589659468,2575.0351193936995,2012-02-15,2012-05-24,0.6965517442326669,1196.4282645458375,Céu Azul,2012
4,12.539090909090909,24.167272727272724,18.353181818181817,63.480000000000004,79.25863636363637,42.040386879587636,31.665881324093746,49.92,10.37450555549389,23.422726674011805,10.767281050621165,1315.6782640599304,2012-02-15,2012-05-24,0.7532252596721192,1137.3786096849901,Céu Azul,2012
1,19.585882352941177,31.74470588235294,25.665294117647058,32.6,70.13588235294117,22.553578251954075,13.268194746486516,4.591042614862341,9.28538350546756,21.95142930531781,12.401873731420384,1925.4026595274145,2012-02-25,2012-06-03,0.588296659548333,6851.523132472817,Céu Azul,2012
2,16.310714285714287,30.979285714285712,23.645,51.61,61.89071428571429,75.58584021464185,40.23457049206875,15.966472122793595,35.3512697225731,0.0,11.836262319476978,2700.561349810335,2012-02-25,2012-06-03,0.5323030130751242,2044.8680451173818,Céu Azul,2012
3,13.983030303030302,25.703030303030303,19.843030303030304,157.23,79.18424242424243,91.08358251012713,73.17628430975674,44.06505475886559,17.907298200370395,55.95513305417127,11.112880549444812,2276.016251573845,2012-02-25,2012-06-03,0.8033970809352018,1843.8545317311793,Céu Azul,2012
4,13.656818181818181,23.96409090909091,18.810454545454544,84.63000000000001,83.23,34.578515963384035,28.30088480795641,49.92,6.277631155427622,50.474169950909186,10.617417622163359,1300.306398344349,2012-02-25,2012-06-03,0.8184528462101974,1776.9052232835343,Céu Azul,2012
1,19.167058823529413,34.03176470588235,26.59941176470588,3.71,58.156470588235294,23.4007692192243,5.925118502447862,2.7839725252378176,17.47565071677644,0.0,12.176990493568383,1914.914445227503,2012-03-05,2012-06-12,0.2532018690043844,5145.354350173053,Céu Azul,2012
2,15.856071428571427,29.764285714285712,22.81017857142857,84.43,67.75821428571429,66.76262987879933,49.5459828163829,32.81169780089023,17.216647062416428,4.856291907964685,11.612073033044254,2488.537401435352,2012-03-05,2012-06-12,0.74212149680635,3155.0399328377093,Céu Azul,2012
3,12.353030303030302,24.16939393939394,18.26121212121212,121.19,79.18454545454546,83.73035123092605,67.49791306093594,28.1954637736585,16.232438169990097,58.30832096629578,10.928979642607349,1958.5342507357186,2012-03-05,2012-06-12,0.8061343595081614,2849.2130141592543,Céu Azul,2012
4,11.927727272727275,21.777727272727272,16.85272727272727,114.09,86.81545454545454,27.08407277960135,25.535073867560087,48.817424547421965,1.5489989120412642,67.93296535867646,10.518009373729269,975.0959025981213,2012-03-05,2012-06-12,0.94280775551571,2816.622436700531,Céu Azul,2012
1,15.268235294117646,30.748823529411766,23.008529411764705,39.25,58.97941176470588,19.663094870562556,13.212356095205056,14.351844258830102,6.4507387753575,17.26106153928872,11.924051105418842,1588.3098244011633,2012-03-15,2012-06-22,0.6719367516750964,5823.079736668592,Céu Azul,2012
2,16.500357142857144,28.53,22.51517857142857,146.22,75.42392857142856,52.208821900019366,44.4493363267511,49.91999999999997,7.759485573268267,66.20250793207903,11.370620779144785,2420.613687452747,2012-03-15,2012-06-22,0.8513759688328575,4524.905360261509,Céu Azul,2012
3,12.442424242424243,23.656969696969696,18.04969696969697,88.82000000000001,80.99363636363637,78.05324495082002,61.131178488174726,48.690677826318826,16.922066462645294,28.918143685506422,10.751382056118741,1830.9236622043177,2012-03-15,2012-06-22,0.7831984246996062,4034.402055166563,Céu Azul,2012
4,11.114545454545455,20.958181818181817,16.036363636363635,110.33,88.32318181818182,25.725006374018843,25.025270379659432,49.92,0.6997359943594118,84.0754074466594,10.45256866280844,862.7878499331099,2012-03-15,2012-06-22,0.9727993849958336,4012.4544117516425,Céu Azul,2012
1,15.102941176470589,29.94470588235294,22.523823529411768,34.809999999999995,63.03470588235294,17.195481417856385,10.20834475267325,15.05417937918192,6.987136665183133,14.743005951519788,11.672558659690704,1500.7886130736929,2012-03-25,2012-07-02,0.5936643763909134,5120.479856373879,Céu Azul,2012
2,13.840357142857144,25.8675,19.853928571428572,132.02,78.72714285714287,49.67785310770073,39.92775035869135,23.739397622271536,9.750102749009377,83.40703139821903,11.142801063118311,1913.748327826499,2012-03-25,2012-07-02,0.8037334115894397,3613.011187720633,Céu Azul,2012
3,11.941212121212121,22.477878787878787,17.209545454545452,134.29000000000002,83.47606060606061,64.39644026927057,51.002125360308504,48.09853948027595,13.394314908962066,58.92873278168708,10.609169142483207,1603.6647748369235,2012-03-25,2012-07-02,0.7920022465068817,3237.2620825249355,Céu Azul,2012
4,12.475,22.69727272727273,17.586136363636363,64.14,88.4709090909091,29.850693312880406,27.55476858628549,38.80055935768039,2.2959247265949156,45.88321153631007,10.438224032127803,1096.0541245430604,2012-03-25,2012-07-02,0.9230863852128942,3187.46417676889,Céu Azul,2012
1,20.29705882352941,29.385882352941177,24.841470588235296,133.25,78.39588235294117,17.973862985547072,16.333492238416337,22.741333333333323,1.6403707471307347,99.16048727783452,12.872307117599497,2173.564542050744,2013-02-05,2013-05-15,0.9087357710220797,9095.046301397188,Céu Azul,2013
2,19.232857142857142,29.36785714285714,24.30035714285714,128.89,80.67321428571428,65.01592922415419,58.8805598140284,48.5098649136781,6.135369410125786,44.24090860562682,12.33851989303306,3212.285431361512,2013-02-05,2013-05-15,0.9056328274725878,7807.635596194062,Céu Azul,2013
3,14.332121212121212,26.770909090909093,20.551515151515154,87.66,77.49181818181819,121.44372601329837,97.58811916057246,24.009543813219235,23.855606852725916,14.572201939886414,11.576310015625252,2577.423376892871,2013-02-05,2013-05-15,0.8035665765877962,7040.795301736371,Céu Azul,2013
4,13.755,27.151363636363637,20.453181818181818,120.47,75.44681818181817,46.74268235203415,25.361316935712196,49.92,21.381365416321955,69.19822687750704,10.951497206388057,1476.373798640935,2013-02-05,2013-05-15,0.542572990242793,6396.665313499198,Céu Azul,2013
1,19.800588235294118,29.721176470588233,24.760882352941177,61.44,80.37882352941176,20.739385278105516,18.572173193027595,12.781755801721697,2.167212085077919,37.29673767191738,12.643970015782946,2002.711989394123,2013-02-15,2013-05-25,0.895502588142483,8339.508508551879,Céu Azul,2013
2,17.73035714285714,28.193571428571428,22.961964285714284,126.89999999999999,80.75464285714285,66.46868017215509,54.6792980713185,21.927384322904434,11.78938210083659,63.07507340749877,12.088251939340656,2898.988920719822,2013-02-15,2013-05-25,0.8226325230123137,6120.772133333095,Céu Azul,2013
3,14.72212121212121,27.52969696969697,21.12590909090909,78.65,76.85121212121213,113.0518427061315,76.24336354185061,12.002568431425207,36.808479164280875,12.331452349628622,11.3372589659468,2529.6156175402693,2013-02-15,2013-05-25,0.6744106218599077,5124.34293701853,Céu Azul,2013
4,12.875,23.913636363636364,18.394318181818182,162.95,81.87363636363636,33.51511082924132,29.47426697826034,48.23903761978298,4.04084385098098,97.2392638333819,10.767281050621165,1271.9807990024922,2013-02-15,2013-05-25,0.879432179962973,5000.776765610838,Céu Azul,2013
1,19.722941176470588,30.284117647058824,25.003529411764706,79.71,79.10117647058824,17.037025339589636,14.512766922736162,22.741333333333323,2.524258416853474,49.666566410597184,12.401873731420384,2058.2556021423907,2013-02-25,2013-06-04,0.8518369042400994,7465.385238194357,Céu Azul,2013
2,16.612857142857145,27.422500000000003,22.017678571428572,101.01,80.68464285714286,65.41178775026728,55.81636088564015,35.25116301620346,9.59542686462713,32.68380943148971,11.836262319476978,2546.799458302174,2013-02-25,2013-06-04,0.8533073747921234,5822.709800026068,Céu Azul,2013
3,12.667878787878788,26.723333333333333,19.69560606060606,99.94999999999999,74.1539393939394,103.03872694055198,64.89429394646501,49.92,38.144432994086976,20.386869069738452,11.112880549444812,2167.502441314263,2013-02-25,2013-06-04,0.6298048886406143,4744.94044860905,Céu Azul,2013
4,13.306363636363637,22.637272727272727,17.971818181818183,147.22,87.82363636363635,28.138268521091348,27.373791754531144,48.009648874825935,0.7644767665602028,121.75655937064292,10.617417622163359,1163.1386606058977,2013-02-25,2013-06-04,0.9728314211662606,4719.157790881163,Céu Azul,2013
1,19.23470588235294,28.389411764705883,23.812058823529412,107.21,83.66470588235293,13.59555137466635,13.271513332685261,22.741333333333323,0.3240380419810891,78.40782000064807,12.202178769907357,1920.6584915905833,2013-03-05,2013-06-12,0.976165877127654,7346.670115648821,Céu Azul,2013
2,14.803571428571429,26.785714285714285,20.794642857142858,87.66,78.68464285714286,63.82562054129735,54.134565761386575,31.543207134696974,9.691054779910774,24.723560437249773,11.636740133453605,2226.1217044802884,2013-03-05,2013-06-12,0.8481635635075365,5673.431799980133,Céu Azul,2013
3,13.501515151515152,26.30727272727273,19.90439393939394,149.17,77.01545454545455,90.13173673860832,52.083689613005845,41.97213642080141,38.04804712560247,86.65738110088971,10.948397311534292,2172.889289554139,2013-03-05,2013-06-12,0.5778618220134171,4475.945718492757,Céu Azul,2013
4,12.44590909090909,22.845,17.645454545454545,65.28,87.01409090909091,30.330515569021387,28.886620552573813,40.52563173300691,1.4438950164475748,37.83988413522069,10.527236296497161,1097.7153748865758,2013-03-05,2013-06-12,0.9523946431717659,4433.329919878226,Céu Azul,2013
1,16.015882352941176,27.121764705882352,21.568823529411766,45.38999999999999,79.45,15.947341287091305,12.958697059096501,10.684952148037022,2.988644227994804,28.957017459533144,11.949359435489162,1530.2992308196933,2013-03-15,2013-06-22,0.8125929473639607,6167.472680374962,Céu Azul,2013
2,14.218928571428572,26.851785714285715,20.535357142857144,78.65,77.62035714285715,62.02111190399625,40.15354613006178,12.852079514631178,21.86756577393447,36.32932650334406,11.394253520466904,2115.193670179451,2013-03-15,2013-06-22,0.6474173857478768,2905.6572189122317,Céu Azul,2013
3,13.417878787878788,24.707272727272727,19.062575757575758,182.31,81.08636363636363,72.7654649083718,52.62185120092527,45.511685398086236,20.14361370744653,97.02854291561968,10.76767180316112,1935.9317611012345,2013-03-15,2013-06-22,0.7231706863577124,2503.471672116616,Céu Azul,2013
4,12.237727272727273,21.845,17.041363636363634,189.03,88.52227272727272,27.607231136135162,25.102777645053305,49.39456011619161,2.5044534910818594,160.0443476368413,10.456855872783745,1085.8453901206967,2013-03-15,2013-06-22,0.9092826992054349,2458.050033574601,Céu Azul,2013
1,16.241176470588236,27.76235294117647,22.00176470588235,44.27,78.84058823529412,16.38310294926043,10.872371586932632,19.57050196083977,5.510731362327798,19.184965273531073,11.697503969702776,1486.8813231296633,2013-03-25,2013-07-02,0.6636332336191195,5321.412088010597,Céu Azul,2013
2,12.916785714285714,26.877857142857145,19.897321428571427,69.59,74.35607142857143,56.96673054014711,29.468831744379095,33.77356711802902,27.497898795768013,25.918103098431658,11.164789137647796,1865.7236556388789,2013-03-25,2013-07-02,0.5172989824931418,1468.4355438265816,Céu Azul,2013
3,12.760909090909092,23.24,18.000454545454545,179.09,85.41848484848485,62.49415840891715,55.797797938404706,37.38398088407875,6.696360470512449,119.68178829554557,10.621591616638579,1768.8552905689419,2013-03-25,2013-07-02,0.8928482174814446,1389.7628008092704,Céu Azul,2013
4,12.218181818181819,20.342272727272725,16.280227272727274,267.37,91.31181818181818,22.86786478520296,21.032235593825252,48.13865833227531,1.8356291913777094,235.5830869579782,10.437308369109495,1027.2390634850267,2013-03-25,2013-07-02,0.9197288768050839,1367.451236610176,Céu Azul,2013
1,20.411176470588234,33.919411764705885,27.165294117647058,40.91,63.55235294117648,25.13166224721088,19.7074475785572,13.96913177647117,5.424214668653678,12.081815574200263,12.872307117599497,2206.5883757417782,2014-02-05,2014-05-15,0.7841680898263838,8770.036705817194,Céu Azul,2014
2,18.997142857142855,30.115357142857142,24.556250000000002,173.59,75.6425,75.74786955379795,61.83091121274503,49.91999999999997,13.916958341052926,75.80822056372617,12.33851989303306,3182.3145459806187,2014-02-05,2014-05-15,0.8162726103977254,6353.092779803307,Céu Azul,2014
3,17.243939393939392,27.083333333333332,22.163636363636364,260.24,83.83181818181818,114.22695681574913,94.3624051214281,47.576288454396874,19.86455169432104,168.221306424175,11.576310015625252,2798.0264574861717,2014-02-05,2014-05-15,0.8260957636614356,5800.677905673436,Céu Azul,2014
4,14.20590909090909,23.82318181818182,19.014545454545456,138.35999999999999,86.38727272727273,41.392076672554126,35.73273746465911,42.88960458175842,5.659339207895015,107.31394640797933,10.951497206388057,1411.791425182617,2014-02-05,2014-05-15,0.863274818205786,5642.05815743686,Céu Azul,2014
1,19.055882352941175,31.27294117647059,25.164411764705882,42.66,70.02,20.88383645035718,16.179934443279382,22.741333333333323,4.703902007077794,9.381562515985909,12.643970015782946,2075.354245524697,2014-02-15,2014-05-25,0.7747587222175676,8015.618318449064,Céu Azul,2014
2,18.267500000000002,29.059642857142855,23.66357142857143,179.49,78.40785714285714,73.7623261406969,57.65035294782207,49.91999999999997,16.111973192874828,94.66098038551128,12.088251939340656,2874.520646942832,2014-02-15,2014-05-25,0.7815690741349144,5389.3299224291095,Céu Azul,2014
3,16.30878787878788,26.04848484848485,21.178636363636365,343.36,85.14818181818181,99.40168494050344,85.64273884562033,44.4842688604923,13.758946094883118,263.15299229388734,11.3372589659468,2577.1268604391726,2014-02-15,2014-05-25,0.8615823654989501,5016.340772724928,Céu Azul,2014
4,13.988181818181818,22.993636363636366,18.490909090909092,110.02000000000001,87.16090909090909,35.69007329185644,28.759807808642467,49.92,6.93026548321398,75.82446105184984,10.767281050621165,1282.3043068530917,2014-02-15,2014-05-25,0.8058209231866362,4821.527088679135,Céu Azul,2014
1,17.891764705882352,30.181176470588237,24.036470588235293,53.050000000000004,73.1370588235294,19.52087391745262,16.868758587750417,13.494553895257123,2.652115329702202,28.92668751699246,12.401873731420384,1879.167468661172,2014-02-25,2014-06-04,0.8641395185012142,7356.749538769921,Céu Azul,2014
2,18.87,28.967857142857145,23.918928571428573,207.06,80.72749999999999,69.87124352397232,52.0468318102141,48.49315603621215,17.824411713758227,120.01456604883089,11.836262319476978,2771.284460661451,2014-02-25,2014-06-04,0.7448963147815912,4541.648660916368,Céu Azul,2014
3,14.757878787878788,24.112424242424243,19.435151515151517,288.32,86.87272727272727,84.59873796290408,74.90970046890003,30.29726285273026,9.689037494004053,231.60619271458185,11.112880549444812,2202.5896126724833,2014-02-25,2014-06-04,0.8854706615333597,4281.572652575041,Céu Azul,2014
4,11.108636363636363,20.646363636363635,15.8775,154.33,87.15545454545455,29.11321696381817,24.720452530329048,47.33057855773859,4.392764433489123,112.57623176466262,10.617417622163359,926.4798030838151,2014-02-25,2014-06-04,0.8491144266554795,4152.36714367504,Céu Azul,2014
1,18.93941176470588,29.86294117647059,24.401176470588236,114.57000000000001,76.74470588235293,18.33593198626913,14.426433150130428,22.741333333333323,3.909498836138703,84.61290018320292,12.202178769907357,1855.6868862384886,2014-03-05,2014-06-12,0.7867848310592376,6677.970269233826,Céu Azul,2014
2,17.28607142857143,27.37857142857143,22.332321428571426,220.27,82.72607142857143,61.60271175991348,50.17273656379281,49.91999999999997,11.429975196120676,142.91859676954053,11.636740133453605,2414.1717179425063,2014-03-05,2014-06-12,0.8144566226131872,4819.390532470275,Céu Azul,2014
3,14.704545454545455,24.27939393939394,19.491969696969697,187.18,86.44030303030304,80.2908318163651,65.96407443608263,33.98493646225282,14.326757380282464,137.15098910166452,10.948397311534292,2170.007291111126,2014-03-05,2014-06-12,0.8215642177795655,4389.41467272673,Céu Azul,2014
4,11.002727272727272,19.66090909090909,15.331818181818182,258.12,89.53227272727273,23.937194957641072,23.47491023104648,46.28015886089511,0.4622847265945942,222.34986737031124,10.527236296497161,860.744746484562,2014-03-05,2014-06-12,0.9806875982163888,4372.460644775814,Céu Azul,2014
1,18.419999999999998,28.248823529411766,23.334411764705884,147.24,81.10764705882353,16.739729818770293,13.41352848429854,22.741333333333323,3.326201334471751,118.29580484903482,11.949359435489162,1685.1823501601832,2014-03-15,2014-06-22,0.8012989832881249,6176.920116103965,Céu Azul,2014
2,16.598214285714285,26.416428571428572,21.50732142857143,217.66,84.92107142857142,52.57451954156215,44.91391682494254,31.385788021118255,7.660602716619605,164.10162848727254,11.394253520466904,2239.686090984713,2014-03-15,2014-06-22,0.8542905806193128,4826.866950586372,Céu Azul,2014
3,13.176666666666666,22.26181818181818,17.719242424242424,279.19,87.2930303030303,67.84406043334857,55.80719051682517,49.92,12.036869916523406,204.84859750429308,10.76767180316112,1801.5348507781052,2014-03-15,2014-06-22,0.822580343221811,4398.676411742863,Céu Azul,2014
4,12.05181818181818,21.438636363636363,16.745227272727274,182.52,89.15818181818182,26.00212960582011,25.38952413959342,46.98437619572744,0.6126054662266878,160.06609966467914,10.456855872783745,983.8505266380979,2014-03-15,2014-06-22,0.9764401810346498,4377.950007753299,Céu Azul,2014
1,19.008235294117647,29.01823529411765,24.01323529411765,102.73,81.11176470588236,16.83689718275697,10.917568538869613,22.741333333333323,5.91932864388736,74.34934169483816,11.697503969702776,1623.613903215394,2014-03-25,2014-07-02,0.6484311462120544,5204.634563268342,Céu Azul,2014
2,15.260714285714286,24.49892857142857,19.87982142857143,285.54,86.9692857142857,46.011748501837275,39.48546182730366,31.5960219175665,6.526286674533615,237.19984958846317,11.164789137647796,1951.7164059513577,2014-03-25,2014-07-02,0.858160428868009,4097.299861739264,Céu Azul,2014
3,11.83818181818182,21.025757575757577,16.4319696969697,277.25,88.27666666666667,58.123113099629435,47.405586506675974,47.190498671400654,10.717526592953462,214.2499367394899,10.621591616638579,1515.864901151859,2014-03-25,2014-07-02,0.8156064597816287,3719.542048318091,Céu Azul,2014
4,12.108181818181817,21.095909090909092,16.602045454545454,146.44,88.63636363636364,25.84684705393458,25.05083018858559,47.51434841357148,0.7960168653489923,121.06532006924358,10.437308369109495,965.1247378965614,2014-03-25,2014-07-02,0.9692025544280917,3696.6315695609906,Céu Azul,2014
1,19.931176470588234,30.271764705882354,25.10147058823529,57.21,76.76529411764706,20.066024905586808,17.39993666997584,21.403971850082765,2.6660882356109665,25.616758146608063,12.872307117599497,2159.3058801354987,2015-02-05,2015-05-15,0.8671342107789037,9309.170043708536,Céu Azul,2015
2,20.130714285714284,31.367142857142856,25.74892857142857,56.51,73.19035714285714,89.76330244964036,61.29610916823195,11.647339372003536,28.46719328140841,4.970523309847279,12.33851989303306,3246.880651430126,2015-02-05,2015-05-15,0.6828637928358388,4880.757724446605,Céu Azul,2015
3,17.64757575757576,29.62818181818182,23.637878787878787,125.74000000000001,73.8348484848485,121.66843399158046,73.74088554123524,46.95000979800923,47.92754845034522,16.696444032759064,11.576310015625252,3058.130600528746,2015-02-05,2015-05-15,0.6060806662995116,3919.4453090628454,Céu Azul,2015
4,12.948636363636364,25.097727272727273,19.02318181818182,93.91,77.45636363636363,47.220497189369624,38.572149784527674,44.74504927363238,8.64834740484195,57.54281073984917,10.951497206388057,1367.3709079400828,2015-02-05,2015-05-15,0.816851835122378,3775.8774659242326,Céu Azul,2015
1,20.228235294117646,30.49058823529412,25.359411764705882,33.36,76.09294117647059,20.48533253906222,18.273833717766983,15.075885376253094,2.211498821295235,6.036332092516935,12.643970015782946,2083.9560289298443,2015-02-15,2015-05-25,0.8920447682712369,8809.480298796772,Céu Azul,2015
2,18.965,31.04678571428571,25.005892857142857,74.58,72.44464285714285,80.33440387619515,48.56490624871718,27.37171654872313,31.769497627477975,13.719262578812785,12.088251939340656,3027.256987621054,2015-02-15,2015-05-25,0.6045343452546366,3583.709957301704,Céu Azul,2015
3,16.51818181818182,28.753939393939394,22.636060606060607,146.51,73.78060606060605,114.05444542433364,76.57847331181449,49.92,37.47597211251914,47.38324323690863,11.3372589659468,2742.7302121341654,2015-02-15,2015-05-25,0.6714203293603179,2994.9428385825327,Céu Azul,2015
4,14.035909090909092,24.298181818181817,19.167045454545455,60.12,82.87136363636364,38.089564415133395,35.17018354370308,49.92,2.919380871430313,24.949816456296915,10.767281050621165,1353.1172072735656,2015-02-15,2015-05-25,0.9233548370463798,2949.0332622025453,Céu Azul,2015
1,20.24235294117647,30.514117647058825,25.378235294117648,48.27,75.75411764705882,20.697577798581595,16.623534528667896,14.220168129223453,4.074043269913697,22.63563390312182,12.401873731420384,1980.542606844565,2015-02-25,2015-06-04,0.8031632827009887,7787.848074792942,Céu Azul,2015
2,17.665714285714284,30.965,24.315357142857145,57.76,69.44285714285715,76.01207369235584,48.097901664505585,23.882266464717876,27.914172027850256,0.0,11.836262319476978,2761.8166389298594,2015-02-25,2015-06-04,0.6327666030948258,3497.911220161492,Céu Azul,2015
3,15.26939393939394,26.625454545454545,20.94742424242424,166.16,77.83575757575757,97.5224299003613,77.65537190620913,43.45123373636389,19.867057994152173,68.93566082214485,11.112880549444812,2416.513959946322,2015-02-25,2015-06-04,0.7962821679643303,3141.6177749492203,Céu Azul,2015
4,14.094545454545454,23.948636363636364,19.02159090909091,54.8,85.16409090909092,31.98377167002697,28.60802293289378,45.748172767809415,3.375748737133193,23.895038035660697,10.617417622163359,1294.5527121107286,2015-02-25,2015-06-04,0.8944543260263231,3075.3009418642805,Céu Azul,2015
1,19.663529411764703,31.508235294117647,25.585882352941177,25.43,72.44176470588235,20.672231499946115,14.867442718506371,5.377458674628085,5.804788781439745,12.395765273532211,12.202178769907357,1904.2738557605246,2015-03-05,2015-06-12,0.7191987337479808,7071.558626785748,Céu Azul,2015
2,17.371785714285714,29.99535714285714,23.68357142857143,96.76,71.615,67.37921119167197,48.18472296040707,49.91492170871588,19.19448823126489,4.037814005505127,11.636740133453605,2616.821923576152,2015-03-05,2015-06-12,0.7151274422512485,4049.819136861691,Céu Azul,2015
3,14.286363636363635,25.47181818181818,19.87909090909091,127.6,79.69787878787879,87.89626149072319,73.48302073434154,34.261698022668796,14.41324075638166,69.77020295170556,10.948397311534292,2201.6187105466724,2015-03-05,2015-06-12,0.8360198657834511,3717.7741940540263,Céu Azul,2015
4,13.95409090909091,24.30909090909091,19.131590909090907,63.8,84.16681818181819,31.101356969725746,28.08015064795564,49.71267292409459,3.021206321770107,20.268874450618565,10.527236296497161,1243.6277299982712,2015-03-05,2015-06-12,0.9028593406805059,3645.544786771745,Céu Azul,2015
1,18.460588235294118,31.55,25.005294117647058,39.97,69.63176470588235,19.29709507917224,11.735631919988808,19.31451533523712,7.5614631591834325,14.349635921611004,11.949359435489162,1774.221708182936,2015-03-15,2015-06-22,0.6081553659677681,6026.19600610329,Céu Azul,2015
2,16.86714285714286,29.01535714285714,22.94125,90.02000000000001,74.17142857142858,60.69659992762966,48.62641614387709,29.04212750591583,12.070183783752574,31.665971685444212,11.394253520466904,2390.422083199881,2015-03-15,2015-06-22,0.8011390457102339,4228.633373336973,Céu Azul,2015
3,13.827272727272728,24.11969696969697,18.973484848484848,147.76,82.36363636363636,73.78717112487242,61.21073410872557,48.38729789964425,12.576437016146848,67.20409549754599,10.76767180316112,2002.543884823804,2015-03-15,2015-06-22,0.8295579458539841,3868.264894145998,Céu Azul,2015
4,11.650454545454545,23.153181818181817,17.401818181818182,48.65,82.31045454545455,32.19981329244817,27.901569281135714,45.94588708536853,4.298244011312458,23.18984153314001,10.456855872783745,979.1025159027597,2015-03-15,2015-06-22,0.8665133871344366,3764.992578468735,Céu Azul,2015
1,17.09058823529412,29.870588235294118,23.480588235294118,52.79,71.44117647058823,16.71356387727857,12.241300339329197,14.009184371671747,4.472263537949372,31.690862077340494,11.697503969702776,1595.2554654142612,2015-03-25,2015-07-02,0.7324171211605421,5891.461513132326,Céu Azul,2015
2,15.702857142857143,27.474999999999998,21.58892857142857,137.87,76.37142857142858,54.341192484505704,41.99323373279296,36.885116238638936,12.347958751712742,73.00083440023985,11.164789137647796,2136.514705617007,2015-03-25,2015-07-02,0.7727698236428377,3883.3847551865874,Céu Azul,2015
3,13.917272727272726,24.065454545454543,18.991363636363637,83.12,83.95636363636363,67.98449115613467,58.254857402094856,30.504751208773406,9.72963375403981,31.245507627770664,10.621591616638579,1924.0819153581238,2015-03-25,2015-07-02,0.8568845101496086,3605.4984994285523,Céu Azul,2015
4,11.360909090909091,21.791363636363634,16.576136363636365,80.24,83.00181818181818,27.74226152770923,25.72737735848586,49.92,2.0148841692233694,35.09737385028754,10.437308369109495,941.7741561355676,2015-03-25,2015-07-02,0.9273713079515566,3553.1259713893282,Céu Azul,2015
1,21.904117647058825,29.314705882352943,25.609411764705882,46.03,86.52823529411765,21.511192455922178,20.67217821590811,22.741333333333323,0.8390142400140641,8.74010059922032,12.872307117599497,2165.184820958736,2016-02-05,2016-05-14,0.9609963863354737,9255.293631261968,Céu Azul,2016
2,18.764999999999997,27.62,23.1925,144.43,85.81285714285714,76.93795856630689,57.77696211688364,17.452769388809607,19.16099644942325,91.94160182764007,12.33851989303306,2960.0140918600023,2016-02-05,2016-05-14,0.7509552266985369,5797.819874907799,Céu Azul,2016
3,19.38878787878788,29.060606060606062,24.224696969696968,91.42,82.85727272727273,123.86521346200048,74.51316259249892,11.379514443360094,49.35205086950156,22.9800923529506,11.576310015625252,3139.997528860502,2016-02-05,2016-05-14,0.6015664972422476,4642.797034348785,Céu Azul,2016
4,12.391818181818183,22.445454545454545,17.418636363636363,139.31,83.54181818181819,36.1377366194944,32.43787939659601,46.35202344245485,3.699857222898386,71.89961160430923,10.951497206388057,1136.7816378614248,2016-02-05,2016-05-14,0.8976179039142559,4547.729175933324,Céu Azul,2016
1,21.07470588235294,28.349999999999998,24.712352941176473,113.98,87.33470588235295,18.18969539385325,17.35755662560064,22.741333333333323,0.8321387682526096,81.0917767077327,12.643970015782946,2061.2518047078447,2016-02-15,2016-05-24,0.9542521878330185,8292.632891009223,Céu Azul,2016
2,17.626785714285713,27.216785714285717,22.42178571428571,121.3,84.80571428571429,68.19653638853391,53.74114264286203,32.77351668161179,14.455393745671884,57.52667400885951,12.088251939340656,2740.3486204136957,2016-02-15,2016-05-24,0.7880333150159469,5655.990035463798,Céu Azul,2016
3,17.027272727272727,27.596969696969698,22.312121212121212,68.57000000000001,80.60484848484849,117.28876819374946,64.57362927065286,36.76988741095893,52.71513892309661,0.0,11.3372589659468,2511.195744598508,2016-02-15,2016-05-24,0.5505525402396895,4384.954858529382,Céu Azul,2016
4,12.54681818181818,21.549090909090907,17.047954545454544,148.48,87.10727272727273,30.76698053864001,28.681582696163304,48.00775817751185,2.0853978424767043,108.56054653728378,10.767281050621165,1134.4132614460311,2016-02-15,2016-05-24,0.9322196131707603,4325.5120712214075,Céu Azul,2016
1,18.33235294117647,27.084705882352942,22.708529411764708,105.33,86.3905882352941,16.88201903119926,14.944230476292349,19.101093814437046,1.9377885549069123,78.49534237593727,12.401873731420384,1798.6795301481602,2016-02-25,2016-06-03,0.8852158292603669,7249.694699532576,Céu Azul,2016
2,18.965714285714284,28.6375,23.801607142857144,74.28999999999999,83.81035714285714,73.02420496636232,43.03926507167385,11.732816247795952,29.98493989468847,38.61901249496725,11.836262319476978,2732.3777117355758,2016-02-25,2016-06-03,0.5893835488041169,2784.42883486907,Céu Azul,2016
3,15.25090909090909,25.274848484848484,20.262878787878787,160.07,82.27757575757575,91.68700109162516,60.176090028834864,47.44095382608829,31.510911062790303,64.18577239287279,11.112880549444812,2201.0707885688626,2016-02-25,2016-06-03,0.6563208449657912,2305.9537602587257,Céu Azul,2016
4,10.888636363636364,20.063181818181818,15.47590909090909,102.95,87.93409090909091,28.779567221754817,27.83216678716015,48.61101759842673,0.9474004345946665,73.94776944050142,10.617417622163359,866.4450322004341,2016-02-25,2016-06-03,0.9670807963408665,2290.771727966225,Céu Azul,2016
1,18.057058823529413,27.887647058823532,22.972352941176467,63.16,84.15294117647058,18.54602063992294,12.27789662002078,21.342481522035364,6.268124019902159,34.823406270868496,12.176990493568383,1700.9879466853668,2016-03-05,2016-06-12,0.6620232371353489,5573.563282556002,Céu Azul,2016
2,19.324285714285715,28.940714285714286,24.1325,75.65,83.36928571428572,70.44436450708332,38.51588851739246,12.96752279651848,31.928475989690853,45.50907020812442,11.612073033044254,2667.950470515864,2016-03-05,2016-06-12,0.5467561356667447,1784.288242118564,Céu Azul,2016
3,12.960606060606061,22.96909090909091,17.964848484848485,196.35,83.58363636363637,75.12927846637047,58.89413825405559,49.92,16.235140212314878,100.50338454246288,10.928979642607349,1774.5830652781,2016-03-05,2016-06-12,0.783903951379194,1591.4994227573713,Céu Azul,2016
4,7.4427272727272715,17.677272727272726,12.56,48.769999999999996,86.00727272727273,25.171439673711173,24.0637583946508,41.75743592619799,1.1076812790603707,32.86880567915121,10.518009373729269,301.32516257904604,2016-03-05,2016-06-12,0.9559945202412391,1577.4924836305256,Céu Azul,2016
1,18.313529411764705,27.728823529411763,23.021176470588237,73.99,84.81411764705882,16.096452595400063,13.018991579164236,14.44759024331913,3.077461016235827,53.7340848441833,11.924051105418842,1673.7284729441067,2016-03-15,2016-06-22,0.8088112273187893,5340.561683704487,Céu Azul,2016
2,18.67892857142857,28.631071428571428,23.655,68.32000000000001,81.5317857142857,61.74913854391606,36.07581938310824,44.12509764002668,25.673319160807818,2.56667322018421,11.370620779144785,2372.87990744022,2016-03-15,2016-06-22,0.584231946125873,2009.9092769616689,Céu Azul,2016
3,11.495151515151514,21.097878787878788,16.296515151515152,191.92000000000002,86.14181818181818,62.072797884159044,56.75397996473839,48.65910247997039,5.318817919420653,130.6320151953179,10.751382056118741,1498.1992610698594,2016-03-15,2016-06-22,0.9143132241381049,1923.7979541027898,Céu Azul,2016
4,6.959545454545455,17.669545454545457,12.314545454545454,42.38,86.27545454545454,24.533624197004617,21.974002929737352,49.92,2.559621267267263,19.14509955023304,10.45256866280844,237.99696867677366,2016-03-15,2016-06-22,0.8956688483236905,1883.6555428739755,Céu Azul,2016
1,18.948823529411765,28.82470588235294,23.886764705882353,24.66,83.02058823529411,17.001209590838275,7.721176531050133,11.57883969405481,9.280033059788142,12.570650441561725,11.672558659690704,1615.0901186901624,2016-03-25,2016-07-02,0.45415454058109916,4083.865302508554,Céu Azul,2016
2,14.898928571428572,25.512857142857143,20.205892857142857,104.98,80.78321428571428,47.62878062838703,35.6770697531928,49.91999999999997,11.951710875194227,30.961769940862037,11.142801063118311,1823.3848073507932,2016-03-25,2016-07-02,0.7490653609538149,2546.690404111219,Céu Azul,2016
3,10.172424242424242,19.54909090909091,14.860757575757575,150.11,87.49272727272728,55.37209549431077,52.60763049046617,38.8739285494026,2.764465003844602,108.5484409601312,10.609169142483207,1110.9728602465102,2016-03-25,2016-07-02,0.9500747627633374,2483.1183428144263,Céu Azul,2016
4,9.828636363636365,20.238636363636363,15.033636363636363,38.1,87.80318181818183,26.418184851102414,22.721535309847958,39.73815944606188,3.6966495412544544,14.51423379349276,10.438224032127803,675.1457881978854,2016-03-25,2016-07-02,0.8600717815364899,2413.626677625609,Céu Azul,2016
1,20.430588235294117,29.975882352941174,25.203235294117647,107.31,81.63294117647058,20.534053381062357,18.66872639296316,13.950397996991143,1.8653269880991992,81.90154227671238,12.872307117599497,2141.462302890232,2017-02-05,2017-05-15,0.9091593387100324,9031.939656918925,Céu Azul,2017
2,19.795714285714286,29.108214285714286,24.451964285714286,155.98,83.08214285714287,77.80178106446581,70.57480583638262,37.5873770678664,7.2269752280832,61.76821509274213,12.33851989303306,3131.83694057086,2017-02-05,2017-05-15,0.907110414065007,7773.479954537363,Céu Azul,2017
3,17.143333333333334,27.112121212121213,22.127727272727274,156.48,82.39030303030303,111.19588537870642,89.94958101084572,44.55226347261503,21.24630436786071,59.56553258440565,11.576310015625252,2845.9550976710057,2017-02-05,2017-05-15,0.8089290417941194,7030.836822783533,Céu Azul,2017
4,13.567272727272728,23.827272727272728,18.69727272727273,92.37,85.12318181818182,41.24072764408346,38.50207865696142,48.64464481195727,2.738648987122032,49.775540003696335,10.951497206388057,1253.2470038339561,2017-02-05,2017-05-15,0.9335935822772774,6937.4582853847205,Céu Azul,2017
1,20.98235294117647,29.591176470588238,25.28676470588235,82.7,81.68294117647058,21.44785383588713,19.289416130282557,22.741333333333323,2.1584377056045705,46.90925053638412,12.643970015782946,2033.5261165842621,2017-02-15,2017-05-25,0.8993634644230457,8362.177277013663,Céu Azul,2017
2,18.50714285714286,28.898571428571426,23.70285714285714,100.86,81.60607142857143,74.78618642145567,60.685651050494286,24.828818755712742,14.100535370961387,38.0868635271263,12.088251939340656,2864.0121395438828,2017-02-15,2017-05-25,0.8114553496350492,5997.211590537247,Céu Azul,2017
3,15.368484848484849,25.402121212121212,20.38530303030303,194.1,83.78393939393939,96.57856938710405,82.90917958301787,47.22500227861225,13.66938980408618,88.79463689408261,11.3372589659468,2406.0955847258474,2017-02-15,2017-05-25,0.8584635298406954,5572.799510875691,Céu Azul,2017
4,15.609090909090908,24.166363636363634,19.887727272727275,137.51999999999998,88.635,36.28877414181288,34.4519903430442,46.34924623780945,1.8367837987686793,103.94376569775861,10.767281050621165,1409.2783554485025,2017-02-15,2017-05-25,0.9493842423116658,5516.385216938061,Céu Azul,2017
1,20.928823529411765,29.49235294117647,25.210588235294118,94.02,83.04235294117647,19.042134849073822,17.649308811025698,20.57802790568731,1.3928260380481263,63.00332994995366,12.401873731420384,2000.3682775452885,2017-02-25,2017-06-04,0.9268555732281314,7831.492166594607,Céu Azul,2017
2,17.524642857142858,28.03,22.77732142857143,115.41,81.44035714285714,64.85551860660851,52.95627242468949,43.36359080683342,11.899246181919027,39.66816467416441,11.836262319476978,2600.703300024712,2017-02-25,2017-06-04,0.8165268517225834,5676.189381322049,Céu Azul,2017
3,14.737272727272726,24.644545454545455,19.690909090909088,171.15,85.06636363636363,89.64240485618546,81.5544675455774,49.92,8.087937310608067,83.03912326125602,11.112880549444812,2155.7590813746297,2017-02-25,2017-06-04,0.909775542907582,5420.123828680284,Céu Azul,2017
4,15.004545454545456,22.762727272727275,18.883636363636363,164.99,90.88272727272728,28.271335075781337,27.602688267533555,49.92,0.6686468082477798,137.38731173246646,10.617417622163359,1310.699453876823,2017-02-25,2017-06-04,0.9763489482737383,5394.485502873312,Céu Azul,2017
1,19.074117647058824,29.23941176470588,24.156764705882352,70.74,83.19294117647058,18.739128771778066,15.998728889935107,18.746568574593233,2.7403998818429605,43.20536920213833,12.202178769907357,1812.3908541137725,2017-03-05,2017-06-12,0.8537605501718885,6885.754546921877,Céu Azul,2017
2,17.493214285714284,27.69214285714286,22.59267857142857,124.88,81.5525,60.07779785548394,50.44945354850577,43.54800813101929,9.628344306978157,49.62910689506817,11.636740133453605,2474.996443405647,2017-03-05,2017-06-12,0.8397353989215958,5230.440488542512,Céu Azul,2017
3,14.185757575757576,23.73878787878788,18.962272727272726,224.98,86.5251515151515,78.88988029915903,73.01382408382393,49.31289832545554,5.87605621533509,146.2012857217398,10.948397311534292,2013.3093920687045,2017-03-05,2017-06-12,0.9255157164258275,5035.647682259295,Céu Azul,2017
4,13.382727272727273,21.434545454545454,17.408636363636365,129.72,90.21636363636364,25.473737696365944,24.825320030408587,47.19075918203092,0.6484176659573563,107.01681911301604,10.527236296497161,1012.8706849893697,2017-03-05,2017-06-12,0.9745456409386732,5010.011845417182,Céu Azul,2017
1,17.473529411764705,28.16941176470588,22.821470588235293,57.78,80.56235294117647,17.127760767779108,14.327909375072483,14.304224051167974,2.7998513927066244,36.35853324042621,11.949359435489162,1604.2393521211868,2017-03-15,2017-06-22,0.8365313813832729,6199.005448596756,Céu Azul,2017
2,15.931071428571428,25.752857142857145,20.841964285714287,180.82,83.65928571428572,52.10104435267581,47.21786065075166,42.8376438779619,4.8831837019241435,105.06871952245442,11.394253520466904,2127.50573742886,2017-03-15,2017-06-22,0.90627474434352,5327.50039286829,Céu Azul,2017
3,15.367272727272727,23.915757575757578,19.641515151515154,200.34,89.05484848484848,68.88967725297273,63.487477582748994,49.92,5.402199670223734,129.7701662952129,10.76767180316112,2073.43933637873,2017-03-15,2017-06-22,0.9215818699456803,5118.6140835320975,Céu Azul,2017
4,10.920454545454545,20.622272727272726,15.771363636363638,84.07,88.81863636363636,25.6141373374098,23.971647777504657,41.06389286485188,1.6424895599051443,68.95445935764346,10.456855872783745,827.5163993077563,2017-03-15,2017-06-22,0.9358756635732458,5052.968537225871,Céu Azul,2017
1,17.68294117647059,27.828235294117647,22.75558823529412,76.28,81.70411764705882,15.01433389684608,10.813225714917795,22.741333333333323,4.201108181928285,49.936107618415555,11.697503969702776,1542.69926548334,2017-03-25,2017-07-02,0.7201935023697074,5456.811875706909,Céu Azul,2017
2,14.450714285714286,24.61785714285714,19.534285714285716,147.76,84.69142857142857,48.00681884176219,43.23019995587555,38.75670980236706,4.776618885886641,88.51442357509072,11.164789137647796,1840.5858821656977,2017-03-25,2017-07-02,0.9005012412584323,4642.392863228284,Céu Azul,2017
3,14.69,22.55,18.62,255.27,90.04757575757576,57.10345314253324,54.20701207945108,47.919094635804065,2.8964410630821615,191.9006030871119,10.621591616638579,1821.9269369734566,2017-03-25,2017-07-02,0.949277304546671,4524.655523540166,Céu Azul,2017
4,11.084090909090909,21.866818181818182,16.475454545454543,4.79,87.62227272727273,30.77302217661981,23.65479608084979,29.054298554954276,7.118226095770023,0.0,10.437308369109495,939.3107575111087,2017-03-25,2017-07-02,0.768686154550716,4315.332429843482,Céu Azul,2017
1,18.934117647058823,27.375882352941176,23.155,179.71,84.76529411764706,19.19013124288703,14.691061128056724,22.741333333333323,4.499070114830308,147.29090133804135,12.872307117599497,1916.0610741143744,2018-02-05,2018-05-15,0.7655529262470302,8428.499591233398,Céu Azul,2018
2,19.767142857142858,29.302142857142858,24.53464285714286,139.4,82.60142857142857,82.25065824386579,71.2559181885085,45.11449632661434,10.99474005535729,45.770918818210475,12.33851989303306,3081.6217974076017,2018-02-05,2018-05-15,0.8663264186560201,6738.49800265874,Céu Azul,2018
3,17.0369696969697,26.811818181818182,21.92439393939394,153.25,84.82424242424241,117.20314071280114,78.50817126112123,11.628657340915064,38.69496945167992,108.22766772457805,11.576310015625252,2739.521346024641,2018-02-05,2018-05-15,0.6698469920144932,5626.1303102176835,Céu Azul,2018
4,15.824545454545454,27.423636363636366,21.62409090909091,22.04,79.61045454545454,49.544215641497765,14.145761750317384,19.522895590597678,35.39845389118038,0.0,10.951497206388057,1563.5049973949076,2018-02-05,2018-05-15,0.2855179271113343,4822.176460940467,Céu Azul,2018
1,18.73705882352941,27.461764705882356,23.09941176470588,162.25,84.44294117647058,19.077670671953694,14.82899101889329,22.741333333333323,4.248679653060404,129.78295553244934,12.643970015782946,1835.902352294582,2018-02-15,2018-05-25,0.7772956811071051,7752.923452407155,Céu Azul,2018
2,19.54678571428571,28.476428571428574,24.011607142857144,214.28,85.20214285714285,67.0036325345666,62.32960676633882,49.91999999999997,4.67402576822778,124.77172656699453,12.088251939340656,2953.172891093706,2018-02-15,2018-05-25,0.9302422034235758,6941.683166808745,Céu Azul,2018
3,16.69272727272727,27.689090909090908,22.190909090909088,24.25,81.61212121212121,121.24806124881435,57.13582041412051,6.111483470513589,64.11224083469385,10.922696115365875,11.3372589659468,2563.9989644346933,2018-02-15,2018-05-25,0.47123079598667994,5106.409025495684,Céu Azul,2018
4,12.881818181818181,24.11,18.49590909090909,75.25,81.59318181818182,39.639749959723595,20.90205160100986,43.6951750362051,18.737698358713732,16.764256833298624,10.767281050621165,1158.0334150550418,2018-02-15,2018-05-25,0.5273002887820336,4623.649411153158,Céu Azul,2018
1,19.641176470588235,29.335882352941177,24.488529411764706,79.57000000000001,82.28764705882354,20.283218502783036,17.093239404751536,15.455868823943282,3.189979098031501,52.1642739373852,12.401873731420384,1889.3045737880532,2018-02-25,2018-06-04,0.8427281598532398,7485.046545551534,Céu Azul,2018
2,18.41857142857143,27.418928571428573,22.91875,205.3,85.62107142857143,66.14518698195049,53.54240198400155,20.302798041110677,12.602784997948934,146.91066879883107,11.836262319476978,2645.8197796659133,2018-02-25,2018-06-04,0.8094678453114367,5345.8334761493525,Céu Azul,2018
3,16.392424242424244,27.447575757575756,21.92,23.82,81.02121212121212,107.07968035056538,32.0004534453818,12.122344595728876,75.07922690518357,0.0,11.112880549444812,2445.0750236599047,2018-02-25,2018-06-04,0.29884711404270486,3471.710191324734,Céu Azul,2018
4,11.56,22.21409090909091,16.887045454545454,94.71,83.38636363636364,34.293733897210494,28.357428289248382,49.92,5.93630560796211,28.55491630648049,10.617417622163359,1007.3327166870108,2018-02-25,2018-06-04,0.8268982425257292,3351.518364212804,Céu Azul,2018
1,20.407647058823528,29.921176470588232,25.164411764705882,70.95,83.00470588235294,19.444583528181138,17.17183150107723,21.09391597327916,2.2727520271039063,38.72188306264943,12.202178769907357,1898.2159587628587,2018-03-05,2018-06-12,0.8831164460884442,7022.964468879414,Céu Azul,2018
2,17.03142857142857,26.73107142857143,21.881249999999998,151.9,85.09821428571429,65.42966071521708,40.94647006515105,12.517441787125978,24.48319065006603,119.53000412100215,11.636740133453605,2356.842071684341,2018-03-05,2018-06-12,0.6258089927039476,3081.069245657854,Céu Azul,2018
3,15.183636363636364,26.41939393939394,20.801515151515154,78.47,81.00363636363636,95.49794543077927,32.885104146925876,46.186620285920164,62.61284128385339,11.915717354279943,10.948397311534292,2176.6844465665863,2018-03-05,2018-06-12,0.34435404865084046,2071.0239572868636,Céu Azul,2018
4,11.056363636363637,21.162272727272725,16.109318181818182,44.03,83.64727272727272,29.87069350169617,25.393339168852314,49.92,4.477354332843855,14.903281117067847,10.527236296497161,935.6739163465114,2018-03-05,2018-06-12,0.8501087919974267,2008.938300734864,Céu Azul,2018
1,19.514705882352942,27.598823529411764,23.556764705882355,189.05,87.37647058823529,14.850604415827815,14.305363661413407,22.741333333333323,0.5452407544144082,159.21396967191993,11.949359435489162,1743.721637621187,2018-03-15,2018-06-22,0.9632849452354081,6453.12636653286,Céu Azul,2018
2,16.642500000000002,27.38,22.011249999999997,23.79,82.37964285714285,65.41238558792523,28.059256760995144,6.45360413564464,37.35312882693009,12.01847243669354,11.394253520466904,2176.9812870326687,2018-03-15,2018-06-22,0.4289593860367436,925.630503041756,Céu Azul,2018
3,13.526666666666667,24.95151515151515,19.23909090909091,76.22,80.80484848484848,83.13356642810228,40.82403303855684,30.012508203333315,42.309533389545436,11.837062893754487,10.76767180316112,1897.4234397125272,2018-03-15,2018-06-22,0.49106558027753267,690.0878915702701,Céu Azul,2018
4,9.47,19.89818181818182,14.68409090909091,45.53,83.27272727272727,24.864130234578997,23.78664807531453,42.2546681603931,1.077482159264466,9.501191967625687,10.456855872783745,731.1833074752506,2018-03-15,2018-06-22,0.9566651980544251,684.1069271490227,Céu Azul,2018
1,16.618235294117646,25.806470588235292,21.212352941176473,130.98,86.00058823529412,14.678336212457465,11.034767829576545,8.890090619661144,3.6435683828809196,118.26580821742898,11.697503969702776,1402.4785673302756,2018-03-25,2018-07-02,0.7517723854977084,5422.318135779772,Céu Azul,2018
2,16.874642857142856,27.898214285714285,22.386428571428574,13.76,80.81500000000001,58.31593268634263,17.704384843398547,4.945705776262599,40.611547842944084,0.0,11.164789137647796,2137.4096554638436,2018-03-25,2018-07-02,0.3035943013828337,-241.8817384285922,Céu Azul,2018
3,11.323333333333334,22.03666666666667,16.680000000000003,106.61,82.89999999999999,67.3902045854395,48.69761143890354,42.53552836185902,18.692593146535966,20.322565975500034,10.621591616638579,1472.9837482104822,2018-03-25,2018-07-02,0.7226215106256744,-208.33534282231287,Céu Azul,2018
4,11.615454545454545,22.147727272727273,16.881590909090907,56.47,84.02,27.254358514680202,24.920719738672087,47.76211911902065,2.3336387760081148,26.32268950416629,10.437308369109495,1007.1837978439899,2018-03-25,2018-07-02,0.9143755750203723,-204.76762403589404,Céu Azul,2018
1,19.448235294117648,30.148235294117647,24.798235294117646,83.88000000000001,76.74176470588235,20.99792483182888,18.59289664921321,21.01693771878376,2.40502818261567,51.480832298669704,12.872307117599497,2089.126972049232,2019-02-05,2019-05-15,0.8854635302356115,9339.80585269129,Céu Azul,2019
2,19.381071428571428,29.225714285714286,24.303392857142857,199.04,80.51464285714285,66.0479464562748,57.964218408773135,42.26673985006136,8.083728047501667,119.82597945994927,12.33851989303306,3156.781535857815,2019-02-05,2019-05-15,0.8776081849440499,7625.1321668196815,Céu Azul,2019
3,17.403333333333336,28.175757575757576,22.789545454545454,71.7,79.88575757575758,118.70709882408595,76.779647241491,37.18709260857036,41.92745158259494,0.0,11.576310015625252,2902.8642051114116,2019-02-05,2019-05-15,0.6467991215527225,6278.53047702103,Céu Azul,2019
4,17.090454545454545,25.73136363636364,21.41090909090909,140.09,87.04272727272728,38.98575199594626,36.362042040645754,48.087464107739954,2.623709955300502,92.82758646018465,10.951497206388057,1639.4778034008827,2019-02-05,2019-05-15,0.9327007991131399,6194.022460251567,Céu Azul,2019
1,18.19529411764706,29.741764705882353,23.968529411764706,63.050000000000004,75.35411764705883,21.284836375220017,19.067573256417727,12.969904317219868,2.2172631188022898,38.22318909302907,12.643970015782946,1896.3295469050938,2019-02-15,2019-05-25,0.8958289798561174,8691.768324125254,Céu Azul,2019
2,19.162857142857145,28.665357142857143,23.914107142857144,168.39000000000001,82.7192857142857,68.45452783698309,47.01350808865891,14.704760489323009,21.441019748324177,119.64163573923796,12.088251939340656,2975.201713429684,2019-02-15,2019-05-25,0.6867844914600301,4608.173370496514,Céu Azul,2019
3,17.457272727272727,27.475757575757576,22.46651515151515,125.28,82.26757575757576,98.65978916896815,72.35191365784041,46.5766181962613,26.307875511127722,21.056228635221295,11.3372589659468,2791.6260206707543,2019-02-15,2019-05-25,0.733347539735039,3993.782987211327,Céu Azul,2019
4,15.215909090909092,23.673636363636366,19.444772727272728,124.08,87.36727272727272,34.69933963679423,32.85546347605724,49.19655688246443,1.8438761607369938,88.60459783773963,10.767281050621165,1406.530494295568,2019-02-15,2019-05-25,0.9468613472176345,3951.3381377222186,Céu Azul,2019
1,19.029411764705884,29.707647058823532,24.368529411764705,141.64000000000001,77.6029411764706,18.55528427719246,13.35236149377754,22.741333333333323,5.202922783414921,112.75697183955582,12.401873731420384,1924.52821708304,2019-02-25,2019-06-04,0.7195988643617721,7517.519187076648,Céu Azul,2019
2,18.093214285714286,27.630714285714284,22.861964285714286,96.59,83.41785714285713,62.22420493724758,43.89285398352621,35.079274512915326,18.33135095372137,40.35920483689179,11.836262319476978,2674.746786196755,2019-02-25,2019-06-04,0.7053983900283123,4195.5093038178975,Céu Azul,2019
3,17.515151515151516,27.184242424242427,22.349696969696968,168.09,83.45242424242424,90.92524775445483,71.0309796992861,49.184479113996034,19.89426805516872,82.95381569963318,11.112880549444812,2638.258552068104,2019-02-25,2019-06-04,0.7812019373442509,3736.5246500531343,Céu Azul,2019
4,13.613181818181818,22.413181818181815,18.01318181818182,173.42,88.06590909090909,30.718854800657663,28.124042865682487,47.49359825412656,2.594811934975175,146.98683799418697,10.617417622163359,1229.6711587325567,2019-02-25,2019-06-04,0.9155303167447628,3673.4000393200595,Céu Azul,2019
1,20.311176470588236,28.20705882352941,24.259117647058826,167.98000000000002,86.39235294117647,13.57901892227536,12.00325783963229,21.620300982939465,1.5757610826430692,139.4845963640747,12.202178769907357,1948.2088804281905,2019-03-05,2019-06-12,0.8839561906745595,7608.9289128119535,Céu Azul,2019
2,17.226785714285715,28.08642857142857,22.656607142857144,45.61,79.96464285714285,65.12621762155358,40.820384497644085,17.35167054512627,24.305833123909498,9.058245940169105,11.636740133453605,2459.546156101125,2019-03-05,2019-06-12,0.6267888108418957,3349.3228011569076,Céu Azul,2019
3,16.607272727272726,25.904545454545456,21.255909090909093,166.72,85.12454545454545,79.36560053195866,68.56870399894923,34.4589195923673,10.796896533009438,81.04404695380974,10.948397311534292,2451.052755856833,2019-03-05,2019-06-12,0.8639599970183333,3121.5018592289325,Céu Azul,2019
4,13.03,22.174545454545456,17.602272727272727,172.69,88.19818181818182,27.997791386370007,26.24195516792856,38.179560347109124,1.7558362184414509,142.7274040773296,10.527236296497161,1120.5008695936526,2019-03-05,2019-06-12,0.937286616854491,3082.349870811484,Céu Azul,2019
1,18.152352941176474,28.173529411764704,23.162941176470586,43.949999999999996,82.33058823529412,16.25912864045388,10.638684895856493,6.493982425972239,5.620443744597386,34.02799934483793,11.949359435489162,1660.726047074715,2019-03-15,2019-06-22,0.6543207284421554,6346.893046672164,Céu Azul,2019
2,17.670714285714286,27.786785714285713,22.728749999999998,111.89,81.27357142857143,54.3684691381409,38.139158943549035,49.91999999999997,16.229310194591864,30.324823482423234,11.394253520466904,2419.983120680288,2019-03-15,2019-06-22,0.7014940745645056,3505.0152728666963,Céu Azul,2019
3,15.406969696969696,24.006666666666668,19.706818181818182,263.38,88.05272727272727,67.75687592318936,63.82326985700184,49.92,3.9336060661875107,199.55673014299813,10.76767180316112,2141.490938518454,2019-03-15,2019-06-22,0.9419452858091224,3403.273942916228,Céu Azul,2019
4,13.075,23.365,18.22,9.36,86.04772727272727,33.00167630611961,24.981923141957765,26.697808672851004,8.019753164161846,7.600268185191235,10.456855872783745,1143.1064644684084,2019-03-15,2019-06-22,0.7569895210845786,3237.8676967665388,Céu Azul,2019
1,17.58764705882353,27.894117647058824,22.740882352941178,43.160000000000004,81.36882352941177,15.485610046955179,8.430486609047541,16.112491654721595,7.0551234379076355,23.89073933145658,11.697503969702776,1540.3830812122922,2019-03-25,2019-07-02,0.5444077813844451,5618.241466186912,Céu Azul,2019
2,17.634642857142858,27.771785714285716,22.70321428571429,105.03999999999999,82.22214285714286,50.5010548163152,42.1943266120734,49.91999999999997,8.306728204241798,29.03816504264823,11.164789137647796,2286.251270671867,2019-03-25,2019-07-02,0.8355137682875057,4232.056414750965,Céu Azul,2019
3,13.547878787878787,22.567878787878787,18.05787878787879,236.47,87.52333333333333,61.15259778053661,55.088399630063435,34.819853888455015,6.064198150473173,196.48174648148154,10.621591616638579,1819.4501546701042,2019-03-25,2019-07-02,0.9008349870558849,4022.2204501764627,Céu Azul,2019
4,13.770454545454545,23.797727272727272,18.78409090909091,17.96,86.24772727272727,32.365713040762486,19.822084673869536,32.95776921458548,12.543628366892948,0.0,10.437308369109495,1224.170925537561,2019-03-25,2019-07-02,0.6124408459317713,3710.450779147199,Céu Azul,2019
1,20.88058823529412,32.452352941176464,26.666470588235292,39.39,71.87705882352941,23.92422547205717,21.446940484743028,18.328995626491302,2.4772849873141425,5.161582525181931,12.872307117599497,2232.877843011529,2020-02-05,2020-05-14,0.8964528657277726,9081.500571045268,Céu Azul,2020
2,17.8675,31.963214285714287,24.915357142857143,90.33,65.15928571428572,92.17340090827011,46.482881784462606,31.31013879977361,45.69051912380751,30.865975042255087,12.33851989303306,3069.2165639413474,2020-02-05,2020-05-14,0.504298217559769,2328.9265405965953,Céu Azul,2020
3,13.86909090909091,29.64727272727273,21.758181818181818,54.87,62.81818181818182,140.77421579946372,68.36720287032028,17.812935929453324,72.40701292914342,0.0,11.576310015625252,2706.308392250855,2020-02-05,2020-05-14,0.48565145600037324,1729.986552977622,Céu Azul,2020
4,13.30090909090909,28.469545454545457,20.885227272727274,53.36,62.79681818181818,53.25992180221015,19.56260604192723,49.278276867671984,33.697315760282926,2.3320530198541114,10.951497206388057,1465.4957916280662,2020-02-05,2020-05-14,0.36730444544354224,1511.0755926753438,Céu Azul,2020
1,18.644117647058824,31.05,24.84705882352941,64.59,70.34,22.567194704712406,18.397221287359326,13.487005241475611,4.169973417353078,38.08697127941801,12.643970015782946,1991.983029149934,2020-02-15,2020-05-24,0.8152196818471942,8034.043089929056,Céu Azul,2020
2,17.889642857142857,32.66142857142857,25.275535714285716,48.78,62.57357142857143,89.27701938018582,47.2632530609861,15.00375218048951,42.013766319199725,0.0,12.088251939340656,2983.878599659139,2020-02-15,2020-05-24,0.5293999888114064,2362.811937913671,Céu Azul,2020
3,13.701818181818183,29.53212121212121,21.616969696969697,49.18,62.00333333333333,128.47957539969943,55.40038089009193,8.783371290397572,73.0791945096075,0.0,11.3372589659468,2549.779981996635,2020-02-15,2020-05-24,0.43119990642669526,1690.8281122229623,Céu Azul,2020
4,10.607727272727272,25.116818181818186,17.862272727272725,184.55,67.97909090909091,42.49468781070077,25.94103972979227,49.825738489441285,16.553648080908495,117.56659307116402,10.767281050621165,1149.6076030389866,2020-02-15,2020-05-24,0.6104537076575475,1559.0969478019936,Céu Azul,2020
1,17.21941176470588,31.392941176470586,24.306176470588234,51.43,66.53941176470589,23.074012874209263,11.965796131436468,4.399854347967257,11.108216742772797,42.27501618726294,12.401873731420384,1803.878189302339,2020-02-25,2020-06-03,0.5185832302629557,6242.9635315791165,Céu Azul,2020
2,17.010357142857142,31.705000000000002,24.357678571428572,71.99,63.15071428571429,79.27718449974012,43.35964314572987,27.056588537653507,35.91754135401024,5.973622664583871,11.836262319476978,2821.4659436579896,2020-02-25,2020-06-03,0.5469372231032247,2000.281941055316,Céu Azul,2020
3,12.365454545454545,28.456666666666667,20.41106060606061,51.38,61.265454545454546,116.24459179142613,50.807568739964786,27.62901979768872,65.43702305146135,0.0,11.112880549444812,2192.136387209649,2020-02-25,2020-06-03,0.4370746884390729,1437.2772736161862,Céu Azul,2020
4,9.466818181818182,22.849999999999998,16.158409090909092,162.66,75.82045454545454,35.41161870266891,31.076194914978505,46.880208780441734,4.335423787690408,112.3326161022685,10.617417622163359,914.3823998021903,2020-02-25,2020-06-03,0.877570584273696,1402.0842702470813,Céu Azul,2020
1,18.57,33.43117647058824,26.000588235294117,42.06,61.44294117647058,22.079039073299693,13.172351635721242,18.660158648683744,8.906687437578451,15.324359674224993,12.176990493568383,1911.613554300663,2020-03-05,2020-06-12,0.596599860709094,6110.709617693743,Céu Azul,2020
2,13.967500000000001,29.556785714285716,21.76214285714286,54.69,62.93821428571429,73.21886649940679,46.59314352417343,26.75701512451031,26.62572297523336,0.0,11.612073033044254,2334.7419876950307,2020-03-05,2020-06-12,0.6363543407838868,2777.510076887016,Céu Azul,2020
3,12.683333333333334,28.273030303030303,20.478181818181817,54.529999999999994,63.28484848484849,105.61172760428752,49.53503175713094,31.751983367379378,56.07669584715659,0.0,10.928979642607349,2121.9770722960093,2020-03-05,2020-06-12,0.4690296511646114,2040.1223296777632,Céu Azul,2020
4,10.642272727272728,21.904090909090908,16.27318181818182,207.07,83.02954545454544,28.30395268022124,26.60921138238313,48.75000210034673,1.6947412978381107,163.46276988464953,10.518009373729269,918.1192883939997,2020-03-05,2020-06-12,0.9401235114761058,2015.691257425705,Céu Azul,2020
1,17.91470588235294,32.06294117647059,24.988823529411764,42.39,64.97882352941177,19.830878282942944,12.18982318480154,9.063267095792675,7.641055098141402,26.322175548314814,11.924051105418842,1774.053496517916,2020-03-15,2020-06-22,0.6146890223861807,5694.57295853898,Céu Azul,2020
2,13.099642857142857,29.198928571428574,21.149285714285718,48.37,61.700357142857136,70.37100050427846,40.26288873198714,12.558176785210051,30.108111772291313,4.612201578595485,11.370620779144785,2119.3296330529106,2020-03-15,2020-06-22,0.5721517165233313,2039.9530603736441,Céu Azul,2020
3,10.691515151515151,25.171212121212122,17.93136363636364,188.26,68.81818181818181,84.26232631431051,51.6749185136168,38.834929404324875,32.58740780069371,110.30832886726839,10.751382056118741,1683.0036638816143,2020-03-15,2020-06-22,0.6132624243112156,1645.4898098297344,Céu Azul,2020
4,13.190454545454545,23.888636363636362,18.539545454545454,81.52,84.0,29.966229163272473,27.8927588666715,39.07285640380662,2.0734702966009753,53.38931413384675,10.45256866280844,1155.776775583014,2020-03-15,2020-06-22,0.9308064326244196,1622.7183478252775,Céu Azul,2020
1,15.46470588235294,30.570000000000004,23.017352941176473,34.86,63.16529411764706,18.359833590622724,11.501239167926535,15.800358327012173,6.85859442269619,12.786081159909678,11.672558659690704,1565.4605999903943,2020-03-25,2020-07-02,0.6264348263919334,5116.855670128468,Céu Azul,2020
2,12.508928571428571,28.564285714285713,20.536607142857143,35.300000000000004,60.987500000000004,62.3508193333962,29.342259393662555,16.86055586148474,33.00855993973365,4.897543071864879,11.142801063118311,1867.473157710638,2020-03-25,2020-07-02,0.4705994196606543,1053.5561282104434,Céu Azul,2020
3,10.56030303030303,23.47090909090909,17.01560606060606,245.02,77.07242424242423,69.05117162145078,55.864148287015595,49.92,13.187023334435178,156.09640757446917,10.609169142483207,1535.2690835733522,2020-03-25,2020-07-02,0.809025349971924,952.9548717754813,Céu Azul,2020
4,12.245454545454544,22.833636363636366,17.539545454545454,55.86,81.91454545454545,32.399178732708755,28.5540922030709,48.70176646806973,3.8450865296378582,28.524141328859375,10.438224032127803,1047.56543742074,2020-03-25,2020-07-02,0.8813214815918764,930.3358173170577,Céu Azul,2020
1,16.713529411764707,28.023529411764706,22.368529411764705,20.93,77.23411764705882,24.1542619796647,15.844867822061184,10.152398627289559,8.309394157603515,0.0,12.872307117599497,1736.3966554140175,2021-02-05,2021-05-15,0.6559864191007312,7928.269193739645,Céu Azul,2021
2,18.719285714285714,30.333571428571428,24.52642857142857,87.65,73.01535714285714,89.58198445972512,58.82185081651484,18.32516734072563,30.760133643210285,20.655380470049085,12.33851989303306,3020.3882599706953,2021-02-05,2021-05-15,0.656625896057933,3844.725698421878,Céu Azul,2021
3,17.16878787878788,30.03848484848485,23.60363636363636,28.07,69.39666666666668,131.98557029763754,43.92752690899756,2.4676404317280736,88.05804338863997,0.0,11.576310015625252,2991.8327438164397,2021-02-05,2021-05-15,0.3328206773660002,2562.1649548285577,Céu Azul,2021
4,12.732727272727272,26.991818181818186,19.862272727272728,21.86,67.48545454545454,47.44138748593591,12.247626230697577,12.080014201030496,35.193761255238336,0.0,10.951497206388057,1444.7023027197458,2021-02-05,2021-05-15,0.25816332278073467,2182.0233675130244,Céu Azul,2021
1,18.397058823529413,29.97764705882353,24.18735294117647,41.78,74.36352941176472,23.499133559395087,13.765701880340064,22.741333333333323,9.733431679055021,10.949249014455214,12.643970015782946,1871.7912209024853,2021-02-15,2021-05-25,0.5857961462939327,7221.095724049883,Céu Azul,2021
2,18.693928571428568,30.239642857142858,24.466785714285717,71.31,73.90892857142856,79.91465682947344,56.9519441950593,17.00244056179293,22.96271263441415,20.096948576481097,12.088251939340656,2919.8101880810245,2021-02-15,2021-05-25,0.7126595602679829,4108.72649300666,Céu Azul,2021
3,15.182424242424242,29.242424242424242,22.21242424242424,11.3,66.00545454545454,123.8869308889325,26.23002306233498,2.0724174994579525,97.65690782659752,0.0,11.3372589659468,2624.896535244981,2021-02-15,2021-05-25,0.21172550545990043,2489.32434326749,Céu Azul,2021
4,11.60590909090909,25.70681818181818,18.656363636363636,28.02,66.68363636363637,43.336722489644075,14.258483550080005,15.833933949377947,29.07823893956407,0.0,10.767281050621165,1238.5853160417034,2021-02-15,2021-05-25,0.3290161952945858,2155.2650794692045,Céu Azul,2021
1,18.258823529411764,29.83235294117647,24.045588235294115,56.980000000000004,72.25,21.952248676586244,14.743076744059453,9.184165589756349,7.209171932526792,38.28168281196224,12.401873731420384,1797.4810487327352,2021-02-25,2021-06-04,0.6715975643891131,7096.145838403005,Céu Azul,2021
2,18.125357142857144,30.468214285714286,24.29678571428571,46.26,72.3975,76.70637750834204,45.61383244934562,9.830333140410726,31.092545058996425,0.0,11.836262319476978,2771.5968784871793,2021-02-25,2021-06-04,0.5946550199738605,2781.5651987079464,Céu Azul,2021
3,14.251515151515152,28.099393939393938,21.175454545454546,27.26,67.0590909090909,107.01886872233737,26.74691806421225,10.343415076198479,80.27195065812514,0.0,11.112880549444812,2392.572251784766,2021-02-25,2021-06-04,0.24992712391314534,1738.37689439896,Céu Azul,2021
4,11.960909090909091,25.880454545454544,18.92068181818182,15.9,66.57136363636363,41.05411331063099,14.17686121423922,12.066553861959258,26.87725209639177,0.0,10.617417622163359,1207.6187900356358,2021-02-25,2021-06-04,0.3453213349651888,1510.7612414884657,Céu Azul,2021
1,18.21764705882353,30.47411764705882,24.345882352941175,31.689999999999998,70.89294117647059,21.799079735423234,14.09660345903172,19.460395749532687,7.702476276391513,5.343667458102262,12.202178769907357,1753.5910052100835,2021-03-05,2021-06-12,0.6466604843013127,6618.831850889929,Céu Azul,2021
2,17.56607142857143,30.244642857142857,23.905357142857145,27.509999999999998,70.36999999999999,71.27381542080397,38.09388938602653,7.369396036382336,33.17992603477744,1.5071103271238209,11.636740133453605,2622.5394215963815,2021-03-05,2021-06-12,0.5344724308796773,1996.958797948497,Céu Azul,2021
3,12.937272727272727,27.33909090909091,20.13818181818182,27.25,65.82333333333334,99.7636017991698,25.39532318603177,9.224072850350565,74.36827861313803,0.0,10.948397311534292,2185.264650291652,2021-03-05,2021-06-12,0.25455499528930503,1252.6473176766062,Céu Azul,2021
4,12.749545454545455,24.710454545454546,18.73,51.76,73.16727272727273,36.183261451288054,17.08867355841852,43.895399291932044,19.09458789286953,0.0,10.527236296497161,1146.8940297424117,2021-03-05,2021-06-12,0.47228118397851593,1120.4382058012488,Céu Azul,2021
1,19.28235294117647,30.431176470588237,24.85676470588235,45.21,77.28176470588235,18.001439053041548,16.049190929998673,18.7955384608453,1.952248123042875,15.56588017019229,11.949359435489162,1800.2929671160193,2021-03-15,2021-06-22,0.8915504412013647,6794.773939955332,Céu Azul,2021
2,15.58607142857143,29.264642857142857,22.42535714285714,10.74,66.58928571428571,64.89505267787456,24.65031828561142,4.885220175233879,40.24473439226314,0.0,11.394253520466904,2275.62661342361,2021-03-15,2021-06-22,0.37984896025850295,474.0947544477401,Céu Azul,2021
3,12.17151515151515,26.24848484848485,19.21,32.22,66.02969696969697,89.7018108850623,26.473329885263038,10.631890289970844,63.22848099979926,0.0,10.76767180316112,1940.8098962110705,2021-03-15,2021-06-22,0.29512592470607013,307.00620362621333,Céu Azul,2021
4,11.974545454545455,23.35181818181818,17.663181818181815,87.62,79.25545454545455,31.672685186272698,20.261348207303957,49.737482710845654,11.411336978968741,28.253059371821234,10.456855872783745,1086.16685244199,2021-03-15,2021-06-22,0.6397104662311819,284.8839792324887,Céu Azul,2021
1,17.131764705882354,30.169999999999998,23.650882352941178,13.39,69.83,17.771229448709548,11.13780095030294,5.100059288069031,6.633428498406606,4.362806428294695,11.697503969702776,1581.1568620025653,2021-03-25,2021-07-02,0.6267321561768315,5259.34943206336,Céu Azul,2021
2,14.44892857142857,28.419999999999998,21.434464285714284,19.87,66.4682142857143,58.365872746136525,15.546559991388369,9.423499296680662,42.819312754748154,0.0,11.164789137647796,2080.7518042525553,2021-03-25,2021-07-02,0.2663638742970301,-528.3236795222573,Céu Azul,2021
3,12.76969696969697,25.664545454545458,19.21712121212121,63.79,70.08727272727273,79.09215760837434,32.47655667442493,40.73694262225573,46.61560093394941,0.0,10.621591616638579,1880.1448983926014,2021-03-25,2021-07-02,0.41061664843223705,-372.631089047537,Céu Azul,2021
4,8.636818181818182,20.194999999999997,14.41590909090909,67.09,79.82318181818182,27.75598483158001,24.021235373045094,46.76484889821648,3.734749458534919,37.040858350994164,10.437308369109495,640.3768565835392,2021-03-25,2021-07-02,0.8654434536840637,-362.60309856910044,Céu Azul,2021
1,18.026470588235295,32.24941176470588,25.13794117647059,21.69,61.924705882352946,25.788610890570492,12.4756882925988,3.2085384229773277,13.312922597971692,13.216439951090539,12.872307117599497,2012.9646563951628,2022-02-05,2022-05-15,0.48376736325726205,7426.416485502066,Céu Azul,2022
2,20.342857142857145,31.075,25.708928571428572,163.20000000000002,76.72142857142856,81.54639359772369,73.49134394320707,33.544933264845525,8.055049654516626,59.37226121492475,12.33851989303306,3283.2355377765184,2022-02-05,2022-05-15,0.901221264373101,6326.058439487087,Céu Azul,2022
3,15.487575757575756,26.237575757575758,20.862575757575758,284.89,83.24515151515152,99.60222618204818,88.03717619095374,49.92,11.565049991094444,180.47775707389178,11.576310015625252,2696.341945961418,2022-02-05,2022-05-15,0.8838876355036844,5958.791637811728,Céu Azul,2022
4,14.080454545454545,24.085454545454546,19.082954545454545,106.67,87.13681818181819,41.57663290079589,38.65499035035933,49.92,2.9216425504365686,68.01500964964067,10.951497206388057,1366.4389367964613,2022-02-05,2022-05-15,0.9297287359126036,5875.045273647241,Céu Azul,2022
1,20.554117647058824,33.55588235294118,27.055,69.04,65.09411764705882,23.94719743910733,17.295201863476883,22.741333333333323,6.651995575630448,33.88203487356508,12.643970015782946,2165.162526797866,2022-02-15,2022-05-25,0.7222223772721185,7449.1942361466745,Céu Azul,2022
2,17.89392857142857,28.92142857142857,23.40767857142857,186.39000000000001,79.58178571428572,70.75231336572395,63.44011780957588,46.074725515853316,7.312195556148066,99.61649000790413,12.088251939340656,2848.059740810065,2022-02-15,2022-05-25,0.8966507919203887,6294.391748441229,Céu Azul,2022
3,16.19909090909091,26.203939393939393,21.20151515151515,257.4,85.09484848484848,92.51260620394041,82.5973825400982,49.92,9.915223663842209,170.95734297575513,11.3372589659468,2594.1615940607735,2022-02-15,2022-05-25,0.8928229992571554,5957.084733892008,Céu Azul,2022
4,9.271818181818182,20.008181818181818,14.639999999999999,45.519999999999996,83.9090909090909,34.11020618325437,31.739470068947472,40.00127656221011,2.3707361143068986,23.69925336884242,10.767281050621165,772.9590692792162,2022-02-15,2022-05-25,0.9304977489268076,5874.27857412416,Céu Azul,2022
1,21.26235294117647,31.155882352941177,26.209117647058825,128.45,77.66294117647058,19.431301430534326,18.77718376554485,22.741333333333323,0.6541176649894758,94.1421495677885,12.401873731420384,2086.078602640093,2022-02-25,2022-06-04,0.9663369091706027,7515.537226574895,Céu Azul,2022
2,16.840714285714284,27.856428571428573,22.34857142857143,146.45,81.77285714285713,59.060040830942796,52.58043647609111,49.91999999999997,6.479604354851691,66.69089685724225,11.836262319476978,2600.5774553767005,2022-02-25,2022-06-04,0.8902878449847449,6278.718548737536,Céu Azul,2022
3,14.215757575757577,24.445454545454545,19.33060606060606,248.67,85.61030303030303,88.76607214702156,79.54813299066284,45.308260140692134,9.21793915635872,173.73360686864498,11.112880549444812,2149.0770132387074,2022-02-25,2022-06-04,0.8961547026538333,5952.710851414266,Céu Azul,2022
4,9.568181818181818,19.412272727272725,14.490227272727275,99.67,85.43454545454546,26.555697817813623,24.033599677949223,48.4298253875574,2.522098139864402,72.5148350751855,10.617417622163359,782.3839007504376,2022-02-25,2022-06-04,0.9050261018495035,5839.640420589951,Céu Azul,2022
1,19.46588235294118,29.981176470588235,24.723529411764705,83.92,78.54294117647059,18.876954007228708,16.565904655905722,18.639482369061216,2.3110493513229864,54.20889489076098,12.202178769907357,1862.5833210420894,2022-03-05,2022-06-12,0.8775729733495141,6482.684997672334,Céu Azul,2022
2,15.6075,26.44,21.02375,208.45000000000002,83.30571428571429,53.512008226768025,47.16212442695178,32.121342447724395,6.3498837998162525,147.80601549438504,11.636740133453605,2339.392282555028,2022-03-05,2022-06-12,0.8813372173791846,5328.804836655314,Céu Azul,2022
3,12.58878787878788,22.62090909090909,17.604848484848485,183.56,85.28484848484848,78.26685298365635,70.2694225151534,41.01221789514799,7.997430468502955,104.399702037423,10.948397311534292,1750.9908939860395,2022-03-05,2022-06-12,0.8978184229513742,5056.551995658421,Céu Azul,2022
4,10.806363636363637,20.228181818181817,15.517272727272728,119.28,87.06681818181818,26.101922847040413,23.37299681603963,48.27632424052814,2.7289260310007837,88.64289683858023,10.527236296497161,863.5277492154561,2022-03-05,2022-06-12,0.8954511494424174,4950.820655872273,Céu Azul,2022
1,16.34,28.099999999999998,22.22,108.52,79.88529411764705,16.706654625280773,13.616863851194427,21.06642284141384,3.0897907740863455,79.15509918220847,11.949359435489162,1582.93657469121,2022-03-15,2022-06-22,0.8150562848524547,5481.617037039295,Céu Azul,2022
2,16.075714285714287,26.352857142857143,21.214285714285715,196.82999999999998,84.37714285714286,54.24878434988865,45.81147535223985,32.21589062786586,8.437308997648799,139.86905686130814,11.394253520466904,2218.3183591132984,2022-03-15,2022-06-22,0.8444700817030176,4202.783862180193,Céu Azul,2022
3,11.097272727272726,21.162424242424244,16.129848484848484,164.21,85.54878787878788,63.80648962030016,58.48363551348894,49.92,5.322854106811221,88.0222551143769,10.76767180316112,1487.2430809878015,2022-03-15,2022-06-22,0.9165781703634461,4027.481902505166,Céu Azul,2022
4,9.64,19.696363636363635,14.668181818181818,83.62,87.78636363636363,25.153877562701975,24.46576987562583,48.6280182698824,0.6881076870761446,60.44621185449177,10.456855872783745,631.0308892194712,2022-03-15,2022-06-22,0.9726440710637605,4005.4468007617816,Céu Azul,2022
1,15.956470588235293,27.014705882352942,21.485588235294117,103.08,83.25176470588235,13.447412058981298,11.288444435481567,22.741333333333323,2.1589676234997315,76.26088889785177,11.697503969702776,1472.7954705653651,2022-03-25,2022-07-02,0.8394510695418311,5000.758228370686,Céu Azul,2022
2,14.8025,24.923214285714288,19.86285714285714,222.43,85.40464285714286,48.17738294247057,41.64025944058093,37.4701900816258,6.537123501889647,166.0608838111266,11.164789137647796,1914.619103129773,2022-03-25,2022-07-02,0.8643113614183705,3982.939114545436,Céu Azul,2022
3,10.473030303030303,20.081212121212122,15.277121212121212,162.06,86.64060606060606,55.39386125969585,50.62075089849208,49.92,4.773110361203772,98.98943918313371,10.621591616638579,1335.815936258658,2022-03-25,2022-07-02,0.9138332253311136,3811.340605943971,Céu Azul,2022
4,9.745454545454546,21.134090909090908,15.439772727272727,24.05,85.90954545454545,29.86259088445188,27.46652310208669,38.61096355814624,2.3960677823651917,7.892513339767074,10.437308369109495,620.7135176403125,2022-03-25,2022-07-02,0.9197635666765699,3750.1789306636297,Céu Azul,2022
1,22.511764705882353,30.33823529411765,26.425,97.03,75.71882352941176,21.16534794355408,16.08538929752646,22.704888888888878,5.079958646027621,65.43883292469577,12.872979971551883,2267.7927025171243,2007-02-05,2007-05-15,0.7599870004700431,9420.085015102977,Medianeira,2007
2,22.568214285714284,29.986071428571428,26.277142857142856,124.41,77.57964285714286,82.31000771541936,72.59064648109215,33.30843317056537,9.719361234327197,41.215809237231355,12.338780170665663,3385.907109861869,2007-02-05,2007-05-15,0.8819176245502106,7751.56599181949,Medianeira,2007
3,21.345151515151514,30.265454545454546,25.805303030303033,140.98,76.50636363636363,130.42808190596242,89.17707344544723,26.973006601546338,41.25100846051519,58.13835312357179,11.575984052660175,3353.202031283338,2007-02-05,2007-05-15,0.6837260208253555,6525.756681285689,Medianeira,2007
4,15.687727272727273,23.95772727272727,19.822727272727274,179.77,84.70363636363636,41.14774702167448,35.3487434170713,43.110533499633945,5.799003604603188,128.2837296848411,10.95068680211478,1413.6061207017806,2007-02-05,2007-05-15,0.8590687455731518,6341.820066250094,Medianeira,2007
1,22.64588235294118,29.475294117647056,26.06058823529412,126.79,80.74176470588236,20.18150400056138,17.438900859830248,22.704888888888878,2.7426031407311307,91.6538125577711,12.644465770085626,2147.5978401166867,2007-02-15,2007-05-25,0.8641031342037322,8983.819303940452,Medianeira,2007
2,22.399285714285714,31.3775,26.888392857142858,70.28999999999999,72.69142857142857,85.03355320705951,56.31577649442065,14.016604601182559,28.717776712638855,22.662507793285663,12.0883197536113,3274.550851430507,2007-02-15,2007-05-25,0.6622771173314358,4432.7572748900575,Medianeira,2007
3,19.617272727272727,27.728787878787877,23.673030303030306,247.81,82.27666666666667,105.76458824684788,86.69546600264543,32.759852285071624,19.069122244202447,142.3712863134655,11.336748372661482,2955.418255164689,2007-02-15,2007-05-25,0.819702203163725,4033.1490896037335,Medianeira,2007
4,13.69,21.659545454545455,17.674772727272728,195.65,85.13272727272728,33.23706973886886,28.195498448892465,46.83147382723926,5.0415712899763925,153.3828800089399,10.766326019787863,1122.6735186499936,2007-02-15,2007-05-25,0.8483148084477327,3910.795291160655,Medianeira,2007
1,23.24705882352941,31.092352941176472,27.16970588235294,84.24,76.46705882352941,21.544161475693407,19.30609485093771,22.704888888888878,2.238066624755696,49.428127371284525,12.402182667819885,2144.1071414335934,2007-02-25,2007-06-04,0.8961172553742355,7991.078320910552,Medianeira,2007
2,21.632857142857144,30.387857142857143,26.010357142857142,127.97999999999999,74.23678571428572,71.09482504110339,49.43581264947497,41.15411236207468,21.659012391628416,60.09496387733923,11.836136487494432,3056.8530965674718,2007-02-25,2007-06-04,0.6953503665125234,4339.359698457872,Medianeira,2007
3,17.63060606060606,25.79939393939394,21.715,229.76,83.70515151515151,97.83694287724869,80.49176822888465,41.0006150620772,17.345174648364036,149.42172907111285,11.112195803896288,2449.9952696030327,2007-02-25,2007-06-04,0.822713444039986,3954.704630452231,Medianeira,2007
4,10.558636363636364,19.12,14.83931818181818,136.81,83.595,27.582232932287486,25.035084861115788,42.54655636728296,2.5471480711716947,110.22897383367845,10.616344135673183,686.5729490974853,2007-02-25,2007-06-04,0.9076525792010831,3881.6632759234717,Medianeira,2007
1,22.00470588235294,30.03235294117647,26.018529411764707,60.129999999999995,75.28529411764706,19.12692578102283,14.790509439051771,16.339066462599153,4.336416341971058,34.059680401049356,12.202334086968209,2010.2372908723141,2007-03-05,2007-06-12,0.7732821054665499,7037.943852255175,Medianeira,2007
2,21.57857142857143,30.332142857142856,25.955357142857142,138.74,76.44535714285713,66.02446744663146,50.86532272555905,36.501333395578634,15.159144721072417,67.71241034146148,11.636460807272154,2916.895825881707,2007-03-05,2007-06-12,0.7704011057215149,4614.0876625474,Medianeira,2007
3,16.285454545454545,24.516969696969696,20.401212121212122,301.15,84.75757575757575,83.04501676909295,66.40250617382134,49.84,16.642510595271627,221.4088272217573,10.94758421080101,2226.2024224358183,2007-03-05,2007-06-12,0.7995965171330365,4151.748043633407,Medianeira,2007
4,10.384090909090908,19.224999999999998,14.804545454545455,19.43,82.3640909090909,29.81645219038937,25.293496543853866,34.1684975725019,4.522955646535504,9.80800588364424,10.52609114190664,586.5131968414996,2007-03-05,2007-06-12,0.8483067127619773,4025.789581928851,Medianeira,2007
1,21.82764705882353,31.13058823529412,26.47911764705882,40.24,71.9035294117647,19.676214339868633,11.474966666362079,9.100050433438033,8.201247673506552,26.864094011311,11.949320540987223,1880.8569735461651,2007-03-15,2007-06-22,0.5831897573463153,5839.211293285877,Medianeira,2007
2,19.92142857142857,27.978571428571428,23.95,247.42000000000002,81.43107142857143,57.30764025272559,47.989315025989924,42.49385883948967,9.318325226735668,166.03687656795844,11.393787132407754,2568.8338402631316,2007-03-15,2007-06-22,0.8373982040502449,4415.011928458313,Medianeira,2007
3,13.076666666666666,21.51787878787879,17.29727272727273,196.21,83.9718181818182,70.15879676673416,57.44940897177902,35.25137890155313,12.709387794955127,146.0030709661575,10.766716854057128,1537.7646673244874,2007-03-15,2007-06-22,0.81884826449901,4015.1183919094155,Medianeira,2007
4,13.891363636363637,21.80318181818182,17.847272727272728,8.06,82.77136363636363,30.91653403331454,20.299964945313086,23.011413956240045,10.616569088001455,0.0,10.45565456848797,1020.0810055137329,2007-03-15,2007-06-22,0.6566054565960912,3739.3644425289417,Medianeira,2007
1,22.221176470588233,31.328823529411768,26.775000000000002,90.83,73.62705882352941,16.965507364270216,11.922762446569996,19.066322430569613,5.042744917700222,65.15710371081329,11.697271520828407,1872.7841417082348,2007-03-25,2007-07-02,0.7027648622922785,5543.266970953383,Medianeira,2007
2,18.690714285714286,26.673571428571428,22.682142857142857,227.94,83.995,52.9133540036219,39.85615645866085,49.839999999999975,13.057197544961046,157.3101659719088,11.164144904827397,2248.8766816458187,2007-03-25,2007-07-02,0.7532343622733253,3491.435257188597,Medianeira,2007
3,11.229393939393939,20.004848484848484,15.617121212121212,140.44,84.02121212121212,60.39264356278709,51.42175336501869,29.977047238213032,8.970890197768403,108.88119939676825,10.620521291321428,1159.0186531301033,2007-03-25,2007-07-02,0.851457236038329,3232.121535540586,Medianeira,2007
4,13.110909090909091,21.144545454545455,17.127727272727274,1.58,81.65727272727273,30.2762512125858,14.521423548948,17.035623689265034,15.754827663637803,0.0,10.436091434479492,1010.5809592584648,2007-03-25,2007-07-02,0.4796308316701858,2895.742256462559,Medianeira,2007
1,22.70764705882353,33.11941176470588,27.913529411764703,46.19,61.10411764705882,25.932876854587356,14.193643986737927,5.719612715416325,11.739232867849427,31.15782881753228,12.872979971551883,2253.1552525048014,2008-02-05,2008-05-14,0.5473223841043754,8337.147328796224,Medianeira,2008
2,21.329642857142858,32.11607142857143,26.722857142857144,68.08,65.53607142857143,91.16639108550778,56.939541890533775,13.52623432432488,34.22684919497401,3.3338365005576667,12.338780170665663,3436.201939733344,2008-02-05,2008-05-14,0.6245672469049303,3642.0900668824647,Medianeira,2008
3,19.098181818181818,30.17030303030303,24.634242424242423,115.21000000000001,66.4039393939394,132.27973665345675,59.383559839363734,40.803440866915096,72.89617681409302,28.549233618046056,11.575984052660175,3165.2020463266454,2008-02-05,2008-05-14,0.44892408574213705,2638.556010174097,Medianeira,2008
4,13.533181818181818,23.410454545454545,18.471818181818183,102.44,79.27636363636363,40.15996719501806,36.7730792689828,44.59478036946304,3.386887926035261,61.87558122846926,10.95068680211478,1325.9909687776228,2008-02-05,2008-05-14,0.9156650723943968,2594.0515241538246,Medianeira,2008
1,23.65529411764706,33.06294117647059,28.359117647058824,41.06,64.6564705882353,23.247563235975903,14.843758153566778,18.744258383950143,8.403805082409125,12.651725801103025,12.644465770085626,2303.734708735575,2008-02-15,2008-05-24,0.6385081310627805,8174.569430545117,Medianeira,2008
2,20.8975,32.86714285714286,26.88232142857143,41.56,62.74071428571428,90.43792659975385,51.47552773165868,8.828730652291458,38.96239886809517,0.0,12.0883197536113,3229.8431050389495,2008-02-15,2008-05-24,0.5691807593010297,2891.926737882425,Medianeira,2008
3,17.074242424242424,27.717272727272725,22.395757575757575,185.73,71.03545454545454,108.71266664864194,64.89635948393337,49.84,43.81630716470856,79.82237116835809,11.336748372661482,2732.9882048869767,2008-02-15,2008-05-24,0.5969530642981801,2309.1356328935894,Medianeira,2008
4,14.106363636363636,24.005,19.05568181818182,19.88,76.90727272727273,40.36678665313894,33.90640690482629,29.653190342161086,6.460379748312649,6.160402753012631,10.766326019787863,1289.8267205171185,2008-02-15,2008-05-24,0.8399580376851649,2235.2239133057096,Medianeira,2008
1,21.631764705882354,31.978235294117646,26.805,49.52,67.03764705882352,21.466142355040432,15.668925187284124,17.63259663279171,5.7972171677563065,21.286766700695416,12.402182667819885,2122.975465484443,2008-02-25,2008-06-03,0.7299367034899462,7688.230673403242,Medianeira,2008
2,19.927857142857142,32.22607142857143,26.076964285714286,30.3,59.64142857142857,84.51059379222308,41.446174929665204,6.4864217031265,43.06441886255787,0.0,11.836136487494432,2977.370960991574,2008-02-25,2008-06-03,0.49042579243454837,1811.6445939334578,Medianeira,2008
3,15.16030303030303,24.736363636363635,19.94833333333333,198.89000000000001,78.8839393939394,87.53567663829948,75.65011173658068,43.167284076820266,11.88556490171879,86.55902588972556,11.112195803896288,2262.5886239963324,2008-02-25,2008-06-03,0.8642203344034185,1688.6523453613881,Medianeira,2008
4,14.140909090909089,24.186363636363637,19.163636363636364,52.08,75.05454545454546,39.450146816813735,27.992778516167277,49.84,11.457368300646461,17.41450556065299,10.616344135673183,1256.4022847206543,2008-02-25,2008-06-03,0.7095734940138851,1590.566465263675,Medianeira,2008
1,20.41764705882353,32.512352941176474,26.465000000000003,29.96,63.146470588235296,21.96809452900491,17.225085147234243,13.613503557288404,4.743009381770669,4.206451934877148,12.177126453248935,1973.093447854089,2008-03-05,2008-06-12,0.7840955493200207,7210.5403208802745,Medianeira,2008
2,19.20785714285714,30.7825,24.99517857142857,109.74000000000001,63.90571428571428,69.01239518855968,41.99671818359556,49.839999999999975,27.015677004964115,31.516785373692873,11.611774708792051,2752.811342804296,2008-03-05,2008-06-12,0.6085387714605426,2976.569862212646,Medianeira,2008
3,14.615454545454545,24.327878787878788,19.471666666666668,107.13000000000001,78.73848484848484,85.44252591741346,72.26656738382235,26.247530490143838,13.175958533591118,58.45590212603379,10.928151344695264,2095.7415687102916,2008-03-05,2008-06-12,0.8457915611445447,2747.063766414641,Medianeira,2008
4,13.142272727272728,22.361363636363635,17.75181818181818,99.5,77.89954545454545,32.71163951661074,24.99454413245413,49.84,7.717095384156608,50.912986357689704,10.516856868991608,1070.4712919997871,2008-03-05,2008-06-12,0.7640871720832603,2617.4502500941435,Medianeira,2008
1,21.29235294117647,32.646470588235296,26.96941176470588,23.92,62.61294117647059,20.623509863107586,14.335175475756799,8.665993207249509,6.288334387350789,8.117942428104804,11.923992771790767,1926.3334145110498,2008-03-15,2008-06-22,0.6950890304758605,6038.408811450757,Medianeira,2008
2,17.66785714285714,28.644642857142856,23.15625,120.44,70.09,59.5326641074726,43.924713067287634,37.095909291392985,15.607951040184963,48.0853708485689,11.370136117409487,2386.5337509551223,2008-03-15,2008-06-22,0.7378254228299211,3663.7328960674854,Medianeira,2008
3,13.226666666666665,23.20181818181818,18.214242424242425,117.74000000000001,76.40121212121211,77.2163032831464,59.80154647198789,44.48357688293328,17.41475681115851,50.550785936471826,10.750414274698551,1811.5395392588173,2008-03-15,2008-06-22,0.7744678769805916,3250.588166954413,Medianeira,2008
4,10.950000000000001,19.835454545454546,15.392727272727273,87.0,82.12772727272727,26.125901226021682,24.900330546309917,44.708804072081115,1.2255706797117631,61.87444226454224,10.451363931761732,752.7731358367909,2008-03-15,2008-06-22,0.9530898218932602,3220.0910329817143,Medianeira,2008
1,19.62705882352941,32.19176470588235,25.90941176470588,13.45,57.019411764705886,19.531684987259844,12.44128961846268,6.110624027887158,7.090395368797163,2.0971974647612734,11.672307019609342,1744.6381230133754,2008-03-25,2008-07-02,0.6369798420657462,5296.805093166036,Medianeira,2008
2,15.370714285714286,24.717857142857145,20.044285714285714,195.98000000000002,79.23357142857142,45.30753674856268,40.6589218449066,49.839999999999975,4.648614903656082,111.59170218298058,11.142139734698768,1941.3617879304093,2008-03-25,2008-07-02,0.8973986396688504,4481.6159812143405,Medianeira,2008
3,13.983939393939393,23.743030303030302,18.86348484848485,65.55,77.28939393939395,74.56187461374749,56.93360599037956,48.15944088296118,17.628268623367937,10.29695312665924,10.608088973365,1822.337527264381,2008-03-25,2008-07-02,0.7635753028650691,3951.8336306975075,Medianeira,2008
4,10.124545454545455,18.715,14.419772727272727,84.92,84.505,22.865333480431897,21.984482175392962,46.55808870288772,0.8808513050389354,64.5368700046805,10.437007830018253,688.2641732110992,2008-03-25,2008-07-02,0.9614765598851746,3921.3859854543216,Medianeira,2008
1,22.97,31.410588235294117,27.19029411764706,98.19,73.91823529411764,22.68280866416364,17.3099862594887,15.416098175689168,5.3728224046749435,70.28022528437928,12.872979971551883,2314.4254091713315,2009-02-05,2009-05-15,0.7631324019779165,9743.5869994827,Medianeira,2009
2,22.68285714285714,33.363214285714285,28.023035714285715,46.12,65.82964285714286,95.7911531189364,53.900603548159104,7.635494627530065,41.8905495707773,0.0,12.338780170665663,3521.334291516299,2009-02-05,2009-05-15,0.5626887430954602,3352.1165832289307,Medianeira,2009
3,20.513333333333335,32.657575757575756,26.585454545454546,83.47000000000001,59.916666666666664,151.25759025998607,51.487253609075815,39.61824101845425,99.77033665091025,0.0,11.575984052660175,3328.8781229148485,2009-02-05,2009-05-15,0.3403945119089759,2246.5793357195635,Medianeira,2009
4,16.62,27.579090909090908,22.099545454545453,140.5,71.89545454545454,50.10533388697265,35.669436023376896,48.93207672007278,14.435897863595754,95.51672827500458,10.95068680211478,1598.748126515893,2009-02-05,2009-05-15,0.7118889997587846,2117.1264918124816,Medianeira,2009
1,23.908823529411762,32.582941176470584,28.245882352941177,37.46,71.51294117647059,22.830076664565627,18.331327855772297,19.99424279182488,4.498748808793329,4.1897848114076695,12.644465770085626,2311.0700355007975,2009-02-15,2009-05-25,0.8029463993970813,9192.856460993631,Medianeira,2009
2,22.15892857142857,33.93821428571429,28.048571428571428,28.950000000000003,61.02571428571429,93.66196775941086,44.336390783232815,4.607852008592065,49.32557697617804,0.0,12.0883197536113,3305.5248245547564,2009-02-15,2009-05-25,0.47336599736105855,1930.950270386137,Medianeira,2009
3,18.75090909090909,31.197575757575756,24.974242424242423,87.33000000000001,62.03454545454546,135.28123791804498,62.86119378457005,29.076658224022026,72.42004413347495,0.0,11.336748372661482,2953.9674937940736,2009-02-15,2009-05-25,0.4646704506256228,1414.1029013310656,Medianeira,2009
4,15.995,25.65636363636364,20.82568181818182,238.91,77.00181818181818,41.45141392746833,33.17509866320615,49.84,8.276315264262179,184.97155956081588,10.766326019787863,1408.8888216101573,2009-02-15,2009-05-25,0.8003369612736476,1357.634084860763,Medianeira,2009
1,23.172941176470587,33.06470588235294,28.118823529411763,39.76,68.49411764705883,22.02273827150687,19.76231046919193,17.06378670794433,2.260427802314938,10.133013933974848,12.402182667819885,2197.216322819263,2009-02-25,2009-06-04,0.8973593667396262,8572.778582490113,Medianeira,2009
2,21.729642857142856,33.78,27.75482142857143,46.03,59.895357142857144,89.4768246864914,42.709079047383995,20.38470766056034,46.76774563910741,0.0,11.836136487494432,3083.163199778125,2009-02-25,2009-06-04,0.4773200121598852,1851.548874612219,Medianeira,2009
3,17.569090909090907,29.466060606060605,23.51757575757576,120.69,65.92181818181818,114.47680283019902,63.49469774401262,49.84,50.98210508618641,27.74000991654772,11.112195803896288,2668.8088547916004,2009-02-25,2009-06-04,0.554651214693626,1439.2563534902513,Medianeira,2009
4,13.166818181818183,21.742727272727272,17.454772727272726,208.18,81.73,31.670371695896854,28.030898189938867,46.38637904444371,3.639473505957985,183.60272276561741,10.616344135673183,990.6254667792357,2009-02-25,2009-06-04,0.8850827031363986,1406.1772635628786,Medianeira,2009
1,21.853529411764704,33.68529411764706,27.769411764705882,20.84,61.71117647058823,22.867146297994147,15.730759337945745,7.566398163779165,7.136386960048402,3.621127026227991,12.202334086968209,2042.5250275809324,2009-03-05,2009-06-12,0.6879196526295723,7118.709140581445,Medianeira,2009
2,20.8175,33.20178571428571,27.009642857142858,43.77,58.536071428571425,85.13582673622085,40.25128118482625,11.085116978952916,44.884545551394595,0.0,11.636460807272154,2882.6495984527323,2009-03-05,2009-06-12,0.47278898588179724,1489.1163427537508,Medianeira,2009
3,16.39939393939394,27.246666666666666,21.8230303030303,180.21,72.3660606060606,96.68825855985507,69.32068721075893,35.060093417224074,27.367571349096146,86.91433635096992,10.94758421080101,2350.0232193868683,2009-03-05,2009-06-12,0.7169504161443326,1278.3694621891896,Medianeira,2009
4,12.157272727272726,20.43,16.293636363636363,159.8,83.58500000000001,26.584078426701865,23.966036332726695,47.93464982487961,2.6180420939751703,122.95940725961778,10.52609114190664,858.9092869252045,2009-03-05,2009-06-12,0.9015184182068342,1253.1902928386955,Medianeira,2009
1,21.89470588235294,34.07235294117647,27.983529411764707,10.81,59.271764705882354,22.339935290887784,10.853282338846126,4.998610383066085,11.486652952041657,0.0,11.949320540987223,1938.5283189786246,2009-03-15,2009-06-22,0.48582425139221697,5730.100954421507,Medianeira,2009
2,19.11642857142857,31.595,25.35571428571429,75.38000000000001,61.38464285714286,73.00852584055603,43.11786259272292,28.722220149500764,29.890663247833114,8.538527640842403,11.393787132407754,2569.9082085365358,2009-03-15,2009-06-22,0.5905866759573863,2211.1314361473137,Medianeira,2009
3,16.01757575757576,25.364545454545453,20.691060606060603,288.65,77.73969696969696,77.76859476413229,60.88983968309211,49.84,16.878755081040175,206.64238046640864,10.766716854057128,2142.914562177332,2009-03-15,2009-06-22,0.7829618095552261,1971.1814532788303,Medianeira,2009
4,9.215454545454547,18.85818181818182,14.036818181818182,35.830000000000005,82.5409090909091,26.990806640313885,25.128275868890693,44.61817513805109,1.862530771423194,15.923548993058219,10.45565456848797,562.4053018968715,2009-03-15,2009-06-22,0.930993882611819,1943.9767375271574,Medianeira,2009
1,22.041176470588233,33.55705882352942,27.79911764705882,39.21,60.74352941176471,21.046747662041298,12.912658769439911,13.878659306279836,8.134088892601389,17.77629417999598,11.697271520828407,1821.7597222540471,2009-03-25,2009-07-02,0.613522762603765,5472.624082723799,Medianeira,2009
2,17.256785714285716,29.636071428571427,23.446428571428573,101.55000000000001,63.2725,60.93233904039787,36.45323614207733,49.839999999999975,24.479102898320544,29.135423164202543,11.164144904827397,2271.479289654545,2009-03-25,2009-07-02,0.5982576201105458,2174.7465478730987,Medianeira,2009
3,13.592424242424244,22.385757575757577,17.98909090909091,238.92,82.41000000000001,63.59870491270635,56.59345203989389,47.127277991525055,7.005252872812461,185.039269968581,10.620521291321428,1601.1532802600907,2009-03-25,2009-07-02,0.8898522716393729,2054.97485186893,Medianeira,2009
4,10.692272727272726,19.51318181818182,15.102727272727272,107.09,85.45272727272727,26.260007003538064,24.765803523354563,49.57094995588036,1.4942034801835007,79.88052451229014,10.436091434479492,778.9518557573281,2009-03-25,2009-07-02,0.9430996541629945,2031.5890959173917,Medianeira,2009
1,24.252352941176472,30.21941176470588,27.235882352941175,136.29,81.59,21.18507490765429,17.822214371587165,16.935463941718744,3.3628605360671227,106.33068264087639,12.872979971551883,2335.7953338240263,2010-02-05,2010-05-15,0.8412627498025932,9528.548174930826,Medianeira,2010
2,21.70642857142857,30.28964285714286,25.998035714285717,168.94,77.98714285714286,88.37150972988381,62.25228110708888,46.58322752871648,26.119228622794935,77.03995530591337,12.338780170665663,3283.486960863375,2010-02-05,2010-05-15,0.7044383568569675,5304.138141905678,Medianeira,2010
3,19.69272727272727,28.253333333333334,23.973030303030303,206.06,78.3739393939394,123.25262706834867,71.85269342404656,49.84,51.399933644302116,130.9505341046699,11.575984052660175,3161.2765403880517,2010-02-05,2010-05-15,0.5829708877864427,4198.148131717181,Medianeira,2010
4,14.21,22.450909090909093,18.330454545454543,94.87,86.3809090909091,36.062216691777564,34.57558475867567,42.17200741532791,1.4866319331018998,67.96240782599642,10.95068680211478,1394.023423722966,2010-02-05,2010-05-15,0.9587759136991468,4163.535167540046,Medianeira,2010
1,22.38235294117647,28.73235294117647,25.55735294117647,129.54,84.46294117647058,19.412135152471,17.337355926141235,15.511674084724559,2.0747792263297633,103.89008110024531,12.644465770085626,2123.0292651600475,2010-02-15,2010-05-25,0.8931194734616474,8911.870545608526,Medianeira,2010
2,21.942857142857143,30.457142857142856,26.2,236.45,79.3325,77.43389209074964,58.82075755139686,27.51020671647969,18.613134539352778,165.63070981684803,12.0883197536113,3222.3656460139123,2010-02-15,2010-05-25,0.7596254813391159,5698.590656455386,Medianeira,2010
3,17.766363636363636,26.824545454545454,22.295454545454547,163.31,78.44333333333334,110.65266473552441,60.309105089375734,40.60232875816951,50.34355964614867,89.90877286893443,11.336748372661482,2792.23685090816,2010-02-15,2010-05-25,0.5450307521605834,4402.248904099269,Medianeira,2010
4,13.08409090909091,20.704545454545453,16.894318181818182,120.25,88.36227272727272,30.092219763702033,28.15987682336693,49.397953714243044,1.9323429403351036,83.29449822055953,10.766326019787863,1172.2571135425333,2010-02-15,2010-05-25,0.9357859621022061,4345.7116685065985,Medianeira,2010
1,20.796470588235294,30.27294117647059,25.534705882352938,37.77,75.4335294117647,22.810945561748586,13.854892365851859,16.317087487356584,8.956053195896729,13.367343442363392,12.402182667819885,1909.193641152904,2010-02-25,2010-06-04,0.6073791342119973,7103.765405748299,Medianeira,2010
2,20.681428571428572,28.541071428571428,24.611250000000002,231.26,80.92142857142858,71.1429285381062,48.887036409401645,17.426165011566855,22.255892128704556,181.2638860663881,11.836136487494432,2939.9728102795625,2010-02-25,2010-06-04,0.6871664888410707,3770.321594253934,Medianeira,2010
3,16.292727272727273,25.11969696969697,20.70621212121212,181.22,81.15333333333334,91.18955056272043,57.4477818755934,40.29390739750479,33.74176868712702,100.90447573846866,11.112195803896288,2464.5095164557433,2010-02-25,2010-06-04,0.6299820705452501,3072.778299411748,Medianeira,2010
4,12.988636363636363,20.575,16.78181818181818,128.74,89.67454545454545,26.98930766510637,25.562239518781233,49.84,1.4270681463251376,93.63166787872355,10.616344135673183,1113.575315973174,2010-02-25,2010-06-04,0.9471246849295749,3040.2834752671556,Medianeira,2010
1,21.90294117647059,31.36529411764706,26.634117647058822,129.12,74.88411764705882,21.536394323966945,15.465962998028552,22.704888888888878,6.070431325938393,98.14825922419368,12.202334086968209,1992.8854018772975,2010-03-05,2010-06-12,0.7181314924577293,6918.29434730078,Medianeira,2010
2,19.370714285714286,28.02892857142857,23.69982142857143,119.7,78.46714285714286,71.20455375849333,36.96462637637916,9.141062627181023,34.239927382114175,96.2991998853287,11.636460807272154,2648.746968946201,2010-03-05,2010-06-12,0.5191328984625508,1928.1241217466124,Medianeira,2010
3,14.921818181818182,22.902727272727272,18.91227272727273,250.24,86.16969696969697,70.97016714720183,60.3918267550876,46.3489247513183,10.578340392114239,152.64031112077512,10.94758421080101,2193.0786105191,2010-03-05,2010-06-12,0.850946660867047,1784.4274524420498,Medianeira,2010
4,12.14409090909091,20.722272727272728,16.43318181818182,60.55,87.55772727272728,29.3744994975249,27.978883967415772,42.256952374472576,1.3956155301091298,36.66308840942996,10.52609114190664,962.7238988988618,2010-03-05,2010-06-12,0.9524888745686808,1767.471421138837,Medianeira,2010
1,22.302941176470586,29.688823529411764,25.995882352941177,135.29,83.11823529411765,17.4224647722033,13.876588189006217,15.38979643917565,3.5458765831970833,112.25361537181813,11.949320540987223,1935.31103382277,2010-03-15,2010-06-22,0.796476754032279,6554.765082579685,Medianeira,2010
2,18.272142857142857,27.24892857142857,22.760535714285712,159.12,77.4325,57.14226494458036,33.62281402254377,47.63459382448913,23.519450922036587,93.25238859214275,11.393787132407754,2443.0333481435837,2010-03-15,2010-06-22,0.5884053433155475,2507.905656862252,Medianeira,2010
3,13.313636363636364,21.28818181818182,17.30090909090909,133.74,87.65363636363637,64.65551532231466,59.73852610727922,47.80395786609347,4.916989215035443,73.83210985111644,10.766716854057128,1821.3344835548205,2010-03-15,2010-06-22,0.923950970145026,2412.543760776164,Medianeira,2010
4,12.828636363636365,20.700909090909093,16.764772727272728,46.480000000000004,86.25863636363637,29.570387095138752,25.939375998670116,46.98312668924086,3.631011096468636,21.361455178182492,10.45565456848797,935.996545813244,2010-03-15,2010-06-22,0.8772078605266022,2353.2954787843837,Medianeira,2010
1,19.223529411764705,27.341764705882355,23.282647058823528,18.400000000000002,80.52058823529411,17.45126594138366,12.174095665836074,12.320185473904656,5.277170275547587,0.0,11.697271520828407,1573.5419656799083,2010-03-25,2010-07-02,0.6976053030609437,5694.92572261281,Medianeira,2010
2,17.309642857142858,26.162142857142857,21.735892857142858,181.16,80.67892857142859,47.099664625455425,34.1096758194054,49.60211802098455,12.989988806050015,109.7683916335147,11.164144904827397,2275.555644514985,2010-03-25,2010-07-02,0.724202095506441,3338.95285179819,Medianeira,2010
3,11.985454545454544,20.24030303030303,16.11287878787879,129.63,87.94272727272728,58.77699880837971,54.4505044479009,40.22698799329933,4.326494360478814,84.55462557978433,10.620521291321428,1467.8485458915736,2010-03-25,2010-07-02,0.926391369954364,3216.064979194273,Medianeira,2010
4,15.27909090909091,22.64727272727273,18.96318181818182,16.17,85.43636363636364,31.40392863485003,23.639226594533262,32.75776139876607,7.764702040316769,0.0,10.436091434479492,1161.6122486923718,2010-03-25,2010-07-02,0.7527474307243199,3057.0289133816086,Medianeira,2010
1,22.68764705882353,29.74705882352941,26.217352941176472,76.79,80.49,20.600180689622874,18.234932428860432,12.665680567761681,2.365248260762441,53.088498114489,12.872979971551883,2251.8503018990114,2011-02-05,2011-05-15,0.8851831303618658,10123.13305852582,Medianeira,2011
2,21.94107142857143,31.465,26.70303571428571,63.75,70.61035714285714,92.10129509731831,45.051294535552856,6.977945326831104,47.05000056176546,24.386440705377726,12.338780170665663,3436.8311069070464,2011-02-05,2011-05-15,0.4891494141092116,2366.020377528335,Medianeira,2011
3,20.546666666666667,29.98787878787879,25.26727272727273,158.62,75.44484848484848,123.55756831619709,93.57561714483631,49.84,29.98195117136077,22.182328181994787,11.575984052660175,3360.2137077849306,2011-02-05,2011-05-15,0.7573442761949334,2078.9561839049975,Medianeira,2011
4,16.71818181818182,26.303181818181816,21.51068181818182,11.290000000000001,75.90727272727273,48.849196198023314,36.19371988079335,24.936280119206643,12.65547631722996,0.0,10.95068680211478,1561.5407548362077,2011-02-05,2011-05-15,0.7409276446243335,1971.2361688475826,Medianeira,2011
1,22.850588235294115,30.39529411764706,26.622941176470587,56.78,77.25411764705882,20.23651057554481,15.468092415450563,17.695409973873982,4.768418160094246,28.79375596748451,12.644465770085626,2239.2328992277917,2011-02-15,2011-05-25,0.7643655934508427,8971.18052152743,Medianeira,2011
2,21.9975,32.11107142857143,27.054285714285715,78.92,69.38214285714285,81.13074863396083,47.2627557676909,45.71009440048353,33.86799286626994,3.64255980569956,12.0883197536113,3332.338857182724,2011-02-15,2011-05-25,0.5825504702406628,3353.657886380803,Medianeira,2011
3,18.357272727272726,28.03818181818182,23.19772727272727,99.08,75.47818181818182,117.58326954597871,92.72416105384323,30.153789991641787,24.85910849213547,21.912143354998502,11.336748372661482,2802.153850388481,2011-02-15,2011-05-25,0.78858294561698,2999.147650507296,Medianeira,2011
4,16.46227272727273,26.61318181818182,21.53772727272727,22.6,73.68863636363636,44.9937912021595,23.58509879327522,29.16869119836657,21.408692408884285,0.0,10.766326019787863,1531.0138790359188,2011-02-15,2011-05-25,0.5241856301307466,2713.7401406131,Medianeira,2011
1,21.978823529411763,30.667058823529413,26.32294117647059,36.589999999999996,73.13941176470587,21.13197612320803,14.541671407743985,9.25302017723841,6.590304715464045,19.994419526128716,12.402182667819885,2068.7224237877285,2011-02-25,2011-06-04,0.6881358999726348,7946.262229030177,Medianeira,2011
2,20.763571428571428,31.309642857142855,26.036607142857143,87.43,70.32285714285715,76.72426984408361,49.75202096811101,19.503428312576553,26.972248875972596,27.42757089655084,11.836136487494432,3053.085983921443,2011-02-25,2011-06-04,0.648452192105775,3756.025627677821,Medianeira,2011
3,18.245757575757576,27.661818181818184,22.953787878787878,83.14,76.56575757575757,104.5464089941707,74.35470687778407,16.853200723237933,30.19170211638663,11.435520711554538,11.112195803896288,2652.460143581473,2011-02-25,2011-06-04,0.7112124423319975,3213.678893900069,Medianeira,2011
4,13.841818181818182,24.783636363636365,19.312727272727273,21.75,71.67727272727274,39.24872401709397,19.453603886795978,19.14959683644195,19.79512013029799,0.0,10.616344135673183,1304.5348140871135,2011-02-25,2011-06-04,0.4956493331687259,2889.5146752760506,Medianeira,2011
1,21.491176470588233,32.73352941176471,27.112352941176468,13.76,65.42235294117647,22.938142007263718,11.487378317952082,7.325912576122028,11.450763689311636,0.0,12.202334086968209,2001.093062115128,2011-03-05,2011-06-12,0.5007981167051117,6700.269103801268,Medianeira,2011
2,20.528214285714284,30.001785714285713,25.264999999999997,119.55,74.92107142857142,67.70273908948143,50.25882176652331,36.06412267330929,17.443917322958107,40.55296813628942,11.636460807272154,2888.9636525412657,2011-03-05,2011-06-12,0.74234547143059,4110.737087959121,Medianeira,2011
3,16.67060606060606,26.520909090909093,21.595757575757574,50.36,75.26575757575758,97.4269904627854,62.738545935625055,13.08558175608076,34.68844452716034,10.599994981603473,10.94758421080101,2386.562090777593,2011-03-05,2011-06-12,0.6439544692657787,3378.9323038634943,Medianeira,2011
4,12.122727272727273,23.66818181818182,17.895454545454545,41.910000000000004,71.485,36.83320869303823,21.4946453462219,33.50093640985886,15.338563346816331,0.0,10.52609114190664,1095.3766595997192,2011-03-05,2011-06-12,0.5835670067561766,3097.5125252102694,Medianeira,2011
1,22.382941176470588,32.198235294117644,27.290588235294116,70.2,70.61117647058825,18.84880505413982,13.08931261740552,21.196330279254536,5.759492436734298,40.97967273112371,11.949320540987223,2034.4310619686366,2011-03-15,2011-06-22,0.6944372643151018,6872.884321204404,Medianeira,2011
2,19.054642857142856,28.97357142857143,24.014107142857142,94.15,75.29107142857143,64.88160027700441,51.13761609432852,32.01507404021141,13.74398418267588,32.19364014471459,11.393787132407754,2497.664318197778,2011-03-15,2011-06-22,0.7881682306848544,4689.041452115825,Medianeira,2011
3,15.294545454545455,25.58121212121212,20.437878787878788,27.540000000000003,73.57606060606061,86.90866210052009,42.902008357788674,16.65306568242274,44.006653742731416,0.0,10.766716854057128,2156.3749662124787,2011-03-15,2011-06-22,0.49364479121963073,3501.881170382868,Medianeira,2011
4,13.138181818181819,24.31590909090909,18.727045454545454,32.09,72.19681818181817,36.10835514984479,21.78399995661286,26.959065725809882,14.324355193231932,0.0,10.45565456848797,1141.4234867326636,2011-03-15,2011-06-22,0.6032952724158218,3224.038607237088,Medianeira,2011
1,20.248823529411766,30.204705882352943,25.226764705882353,72.12,74.0564705882353,17.000764280882393,12.963292908191656,8.877087986963778,4.037471372690735,56.17168762426373,11.697271520828407,1763.6308877233241,2011-03-25,2011-07-02,0.7625123608571568,6275.322569606873,Medianeira,2011
2,17.85607142857143,27.36785714285714,22.611964285714286,82.15,76.56392857142858,57.01543827874875,40.61367770307257,16.93824702579187,16.401760575676185,33.47516325809934,11.164144904827397,2232.289890348082,2011-03-25,2011-07-02,0.7123277296319658,3567.4681332710097,Medianeira,2011
3,14.016969696969698,24.73212121212121,19.374545454545455,46.65,72.50878787878787,78.64369025537334,34.96303475850127,28.625212267290607,43.68065549687206,0.0,10.620521291321428,1930.787131007616,2011-03-25,2011-07-02,0.4445752055246723,2576.738005911344,Medianeira,2011
4,12.876818181818182,22.05409090909091,17.465454545454545,75.73,78.35409090909091,31.956922857282827,21.399576943552393,49.84,10.557345913730432,33.11563532373821,10.436091434479492,1007.3122958199441,2011-03-25,2011-07-02,0.6696382201478306,2406.4868551422232,Medianeira,2011
1,24.694117647058825,36.07058823529412,30.38235294117647,32.24,50.10411764705882,28.619188686297804,14.276961659131539,22.704888888888878,14.342227027166265,0.021351454122406466,12.872979971551883,2405.900403718548,2012-02-05,2012-05-14,0.4988597620856741,8347.213249341099,Medianeira,2012
2,22.385714285714283,33.60357142857143,27.994642857142857,38.830000000000005,62.112500000000004,98.6728318697248,41.82764898122043,4.049451971159556,56.845182888504375,15.657787936508901,12.338780170665663,3544.443909220734,2012-02-05,2012-05-14,0.42390238719857964,1133.9988096064076,Medianeira,2012
3,18.115454545454543,30.10878787878788,24.112121212121213,125.06,67.71212121212122,124.79922705150537,77.56556342706394,46.23985206806964,47.23366362444143,5.304036476025987,11.575984052660175,3177.2827137129425,2012-02-05,2012-05-14,0.6215227871167196,919.4024551700121,Medianeira,2012
4,14.120909090909093,23.736818181818183,18.928863636363637,80.09,78.43772727272727,42.51555493877128,36.383429235755585,44.20976494192171,6.132125703015696,45.736657890392344,10.95068680211478,1312.341559027031,2012-02-05,2012-05-14,0.8557674782359805,892.8809082449718,Medianeira,2012
1,24.24705882352941,32.56,28.40352941176471,63.790000000000006,66.21176470588235,21.77775482477001,17.28617210363538,20.374840035572507,4.4915827211346295,31.096818486836618,12.644465770085626,2391.221968193622,2012-02-15,2012-05-24,0.7937536372654032,8863.318032825318,Medianeira,2012
2,19.7275,33.31071428571429,26.51910714285714,43.66,55.88428571428572,91.55621507208886,41.14408572855375,22.890754307018753,50.41212934353512,0.0,12.0883197536113,3095.047685775661,2012-02-15,2012-05-24,0.449386048736921,1542.9181877924448,Medianeira,2012
3,17.336666666666666,27.74939393939394,22.543030303030303,143.69,74.35575757575756,105.03845189297866,75.15321857632182,40.793048471880155,29.88523331665684,50.634487258816776,11.336748372661482,2787.1736866020274,2012-02-15,2012-05-24,0.7154829228908834,1323.424901287844,Medianeira,2012
4,15.100909090909092,24.887727272727272,19.994318181818183,61.86,76.27818181818182,44.93063704825519,31.717186313279374,49.84,13.213450734975819,21.095862158600774,10.766326019787863,1386.8334747192164,2012-02-15,2012-05-24,0.7059144583063743,1245.5848754906303,Medianeira,2012
1,22.204117647058826,33.56117647058824,27.88264705882353,25.770000000000003,65.18941176470588,23.785844975339156,13.866818087396686,4.3668054277136985,9.919026887942472,14.735487596000729,12.402182667819885,2111.674047548583,2012-02-25,2012-06-03,0.5829861458263776,7367.468008224565,Medianeira,2012
2,18.833214285714288,31.71607142857143,25.274642857142855,54.58,59.27321428571429,77.33534880199815,41.30262505066284,17.64418037705085,36.03272375133531,0.0,11.836136487494432,2940.999233417345,2012-02-25,2012-06-03,0.5340717497299977,2218.40079123613,Medianeira,2012
3,16.316969696969696,25.96151515151515,21.139242424242425,151.02,78.07606060606061,94.39893697906578,77.48727329357907,39.26440928659761,16.911663685486726,51.91249779687418,11.112195803896288,2425.2732238582525,2012-02-25,2012-06-03,0.8208490028946288,2019.6864343714815,Medianeira,2012
4,15.350909090909092,24.253636363636364,19.802272727272726,86.3,80.08500000000001,36.43238895107843,27.327803200192097,49.84,9.104585750886331,48.39660608640551,10.616344135673183,1364.4886969011857,2012-02-25,2012-06-03,0.7500963836570805,1918.7410456058474,Medianeira,2012
1,22.486470588235292,35.205882352941174,28.846176470588233,5.89,53.55823529411765,24.689547259680626,5.742536134826576,5.092450660342395,18.94701112485405,0.0,12.177126453248935,2065.845129847394,2012-03-05,2012-06-12,0.23258977065992825,5440.490160775354,Medianeira,2012
2,17.951071428571428,30.209285714285716,24.080178571428572,91.73,66.81071428571428,67.62990679749771,50.285528055394025,36.059417723247435,17.344378742103682,10.47750488170093,11.611774708792051,2692.075107343972,2012-03-05,2012-06-12,0.7435398100719337,3347.5864508740187,Medianeira,2012
3,14.786060606060605,24.596666666666668,19.691363636363636,108.32000000000001,77.09242424242424,88.60181971785255,68.3235918928071,24.07931916058898,20.278227825045445,51.976506669851354,10.928151344695264,2096.470228725694,2012-03-05,2012-06-12,0.7711307974303426,2964.5067301017557,Medianeira,2012
4,13.12409090909091,21.58590909090909,17.355,112.49,84.32227272727272,27.919741027102408,25.659612875195347,47.94662246087603,2.26012815190706,62.96308382451761,10.516856868991608,995.8379218205611,2012-03-05,2012-06-12,0.9190491004299397,2916.5108327851085,Medianeira,2012
1,17.798823529411763,31.580000000000002,24.68941176470588,43.059999999999995,55.31882352941176,20.520411841405114,13.214740334439538,14.02713810609006,7.305671506965576,21.071006042626834,11.923992771790767,1727.3068899642997,2012-03-15,2012-06-22,0.643980268845066,6150.207076138339,Medianeira,2012
2,18.607142857142858,28.7725,23.68982142857143,142.96,74.74107142857143,53.19243453074789,45.32333744253493,49.839999999999975,7.869097088212963,61.82380066355515,11.370136117409487,2580.5417126842117,2012-03-15,2012-06-22,0.8520636034497683,4785.447866815876,Medianeira,2012
3,14.77909090909091,24.07939393939394,19.429242424242425,82.32000000000001,78.54454545454544,82.45713922523146,60.989029853544636,43.32443350812193,21.46810937168681,27.84653663833341,10.750414274698551,1972.9289452536707,2012-03-15,2012-06-22,0.7396452317725125,4162.490781701091,Medianeira,2012
4,12.65318181818182,20.924545454545452,16.788863636363637,124.34,85.82545454545455,27.15940995737943,25.510932716352045,49.5212407682948,1.648477241027386,92.63226002347508,10.451363931761732,890.7052841802393,2012-03-15,2012-06-22,0.9393036430609392,4111.961176452755,Medianeira,2012
1,17.07294117647059,30.450588235294116,23.761764705882353,37.76,62.35823529411764,17.13211517887475,9.680175033773109,14.850497738821984,7.4519401451016405,18.42886365928579,11.672307019609342,1633.5535817758698,2012-03-25,2012-07-02,0.5650309335831181,5396.081270098392,Medianeira,2012
2,16.103571428571428,26.030714285714286,21.06714285714286,128.89,77.92999999999999,51.48569433204317,41.20097896392739,22.984543180146602,10.284715368115778,79.55497559474799,11.142139734698768,2046.153611205033,2012-03-25,2012-07-02,0.8002413000048662,3779.210000723974,Medianeira,2012
3,13.696969696969697,22.716060606060605,18.206515151515152,130.24,80.15333333333334,68.44613897128156,50.49938772380206,45.66147125374557,17.946751247479497,57.06368420259898,10.608088973365,1684.1625773722046,2012-03-25,2012-07-02,0.737797463564606,3283.750776768057,Medianeira,2012
4,14.97090909090909,22.87,18.920454545454547,75.78,86.52,30.880671482455604,27.6683154829498,38.16497686013828,3.2123559995058026,55.60817891065748,10.437007830018253,1168.8184116290324,2012-03-25,2012-07-02,0.8959751894860558,3215.4324663023945,Medianeira,2012
1,22.908823529411762,29.94058823529412,26.424705882352942,149.22,75.10176470588236,19.903492441612933,15.739886076200653,22.704888888888878,4.16360636541228,115.66512663325958,12.872979971551883,2318.975473421793,2013-02-05,2013-05-15,0.7908102621875909,9303.858622073476,Medianeira,2013
2,21.329642857142858,29.267857142857142,25.298750000000002,132.8,78.93607142857142,71.35725111681464,63.91476388359406,44.279145543121224,7.44248723322058,47.31097946217359,12.338780170665663,3330.41415664751,2013-02-05,2013-05-15,0.8957010378519633,7848.284424691987,Medianeira,2013
3,16.926060606060606,28.150000000000002,22.538030303030304,90.21000000000001,72.97666666666667,131.77863104914735,97.38117287000625,22.986176081551093,34.39745817914111,14.121796591563891,11.575984052660175,2834.85372909298,2013-02-05,2013-05-15,0.7389754476481666,6823.98696034944,Medianeira,2013
4,16.725454545454543,28.017272727272726,22.371363636363636,121.07,72.1940909090909,49.53371934373634,26.816042052619917,49.84,22.71767729111642,67.40013402893118,10.95068680211478,1669.214977876979,2013-02-05,2013-05-15,0.5413694430359967,6198.049172281408,Medianeira,2013
1,22.27764705882353,29.848235294117647,26.062941176470588,65.42,78.82882352941176,21.681978716729223,18.520660712745677,11.657563929845063,3.161318003983544,42.440886468520375,12.644465770085626,2126.2873926590987,2013-02-15,2013-05-25,0.8541960563062284,8794.959127624268,Medianeira,2013
2,20.048928571428572,28.499285714285715,24.27410714285714,133.52,78.46714285714286,73.54676111141612,59.21511149180809,20.451832449497026,14.331649619608037,65.51061998853996,12.0883197536113,3038.856091130308,2013-02-15,2013-05-25,0.8051355436591288,6224.221734207239,Medianeira,2013
3,17.373939393939395,28.832424242424242,23.103181818181817,79.46000000000001,72.04818181818182,121.39716708573978,75.81047618689769,11.063920301721872,45.586690898842086,13.037435960877461,11.336748372661482,2785.9756453812756,2013-02-15,2013-05-25,0.624483074908615,5055.571430849004,Medianeira,2013
4,14.84681818181818,23.993636363636366,19.420227272727274,152.48,80.52090909090909,34.332647015592734,30.592953553849913,45.619922225921634,3.7396934617428172,87.33104452195032,10.766326019787863,1388.5438781487876,2013-02-15,2013-05-25,0.8910747120650391,4945.435516092806,Medianeira,2013
1,21.796470588235294,30.05529411764706,25.925882352941176,98.72,77.77941176470588,18.276805099461882,14.435083203089643,20.872002751524178,3.841721896372238,70.6120251564973,12.402182667819885,2132.5660880300206,2013-02-25,2013-06-04,0.7898034215791166,7857.978543383995,Medianeira,2013
2,19.158214285714283,28.560714285714287,23.85946428571429,80.67,76.03357142857143,72.08828653266048,58.13434384267171,27.58352643969318,13.95394268998877,15.82413246915928,11.836136487494432,2746.6809411531194,2013-02-25,2013-06-04,0.8064325931277787,5576.405748533403,Medianeira,2013
3,15.477272727272727,27.69242424242424,21.584848484848482,108.36,71.21454545454546,109.0574538748192,66.4919630210838,49.84,42.56549085373539,19.611563418609375,11.112195803896288,2449.955035271747,2013-02-25,2013-06-04,0.6096966384104853,4488.160793913563,Medianeira,2013
4,15.100454545454545,22.66,18.88022727272727,130.7,85.5,29.09148342944688,27.906908778494557,47.726365019812846,1.1845746509523192,104.90672620169259,10.616344135673183,1250.1135978967095,2013-02-25,2013-06-04,0.9592810502831464,4451.610155175858,Medianeira,2013
1,21.241176470588236,28.29294117647059,24.767058823529414,100.05,82.30764705882353,15.127725883013081,14.532144527170043,22.0867395855915,0.5955813558430364,70.63022699834957,12.202334086968209,1990.289927003899,2013-03-05,2013-06-12,0.9606298157139523,7916.1644902858925,Medianeira,2013
2,17.37392857142857,28.125714285714285,22.74982142857143,90.21000000000001,74.10607142857143,69.02181912191453,55.76668316199252,31.019592761089292,13.25513595992201,25.510463662509686,11.636460807272154,2483.1495783270125,2013-03-05,2013-06-12,0.8079573078694257,5635.802180191455,Medianeira,2013
3,16.075454545454544,26.90939393939394,21.492424242424242,149.45,74.09969696969696,94.46242378502316,54.12228949134011,43.20078752784629,40.34013429368305,83.14651574190289,10.94758421080101,2357.8307033005613,2013-03-05,2013-06-12,0.5729504635039981,4432.418825774496,Medianeira,2013
4,14.59681818181818,23.10090909090909,18.848863636363635,48.07,85.1531818181818,32.04305431531189,29.23637614428218,39.52783399791764,2.8066781710297137,22.50657738564647,10.52609114190664,1211.553258486656,2013-03-05,2013-06-12,0.9124091560245385,4354.770964614034,Medianeira,2013
1,18.709411764705884,27.954705882352943,23.33205882352941,34.37,75.72058823529412,17.675207500528543,13.910726684348292,10.342281229882769,3.764480816180252,17.31610319688005,11.949320540987223,1649.290426323543,2013-03-15,2013-06-22,0.7870191444107413,6667.113692836474,Medianeira,2013
2,16.73107142857143,28.27392857142857,22.5025,79.29,72.94678571428571,66.62003830288133,40.96930024089511,12.015551597485684,25.65073806198622,36.647429391501966,11.393787132407754,2326.3072537121197,2013-03-15,2013-06-22,0.6149696290271149,2816.5518051296303,Medianeira,2013
3,15.716666666666667,25.03727272727273,20.3769696969697,161.77,78.67848484848484,75.71320839974868,53.895337429794246,37.84929643249254,21.81787096995443,82.04091773519889,10.766716854057128,2158.283967942391,2013-03-15,2013-06-22,0.7118353398159938,2410.7364582217156,Medianeira,2013
4,14.165454545454544,21.69272727272727,17.92909090909091,190.73000000000002,88.12272727272727,28.763225231656854,25.85005184839297,49.496448539967254,2.913173383263888,153.23279604413233,10.45565456848797,1154.1134144269438,2013-03-15,2013-06-22,0.8987188203060884,2361.904011737752,Medianeira,2013
1,19.074117647058824,29.339411764705883,24.206764705882353,36.55,73.02294117647058,17.869617175213484,11.45015004533529,16.05409225392537,6.419467129878196,14.37778032853252,11.697271520828407,1626.5694858947497,2013-03-25,2013-07-02,0.6407607915192227,5751.437799078195,Medianeira,2013
2,15.793928571428571,27.907857142857143,21.85089285714286,81.59,70.99214285714285,60.57679273505737,31.108545809263354,35.59968419237557,29.46824692579401,30.935862252286448,11.164144904827397,2123.1703082149425,2013-03-25,2013-07-02,0.5135390040427154,1554.6625591892673,Medianeira,2013
3,14.77818181818182,23.344545454545454,19.061363636363637,158.71,83.69121212121212,64.88312685290678,56.652879552194136,36.44349381205424,8.230247300712646,101.2133108281272,10.620521291321428,1916.3796331683845,2013-03-25,2013-07-02,0.8731527332310755,1456.0602109986974,Medianeira,2013
4,13.327727272727271,20.00409090909091,16.66590909090909,261.44,90.70681818181818,23.317799814867094,21.15701837298738,47.36838357137287,2.1607814418797124,229.35809186769401,10.436091434479492,1050.462151877015,2013-03-25,2013-07-02,0.907333390841531,1429.0745785019346,Medianeira,2013
1,23.93294117647059,35.36235294117647,29.64764705882353,44.06,59.381764705882354,27.21236482474506,21.13347881594713,14.945028487632525,6.07888600879793,12.81052321010553,12.872979971551883,2369.375733129597,2014-02-05,2014-05-15,0.7766130930572337,9520.48978932626,Medianeira,2014
2,22.106785714285714,31.62035714285714,26.863571428571426,183.53,69.36928571428571,83.23512934561582,62.64753662676294,49.27583177307391,20.587592718852875,86.55166008779568,12.338780170665663,3542.306904893677,2014-02-05,2014-05-15,0.7526574070262165,5988.2558430176805,Medianeira,2014
3,19.625151515151515,27.179696969696973,23.402424242424242,252.82,82.9409090909091,117.87526242693626,94.22048399985454,47.38560483369941,23.654778427081734,160.48974293951997,11.575984052660175,3006.775063015556,2014-02-05,2014-05-15,0.7993236414489944,5387.405154693395,Medianeira,2014
4,16.846363636363638,24.306818181818183,20.57659090909091,194.42000000000002,85.52863636363637,42.76621430079076,37.71153787927238,40.61169255430007,5.054676421518378,163.48237440012693,10.95068680211478,1536.2060913727728,2014-02-05,2014-05-15,0.881806783598685,5260.054206035348,Medianeira,2014
1,22.29,32.70117647058823,27.495588235294118,46.86,63.9064705882353,22.560984822540355,17.30442566478883,22.704888888888878,5.256559157751527,12.760301675628387,12.644465770085626,2298.845797319351,2014-02-15,2014-05-25,0.7670066622047556,8709.70112052008,Medianeira,2014
2,21.108571428571427,30.122857142857146,25.615714285714287,212.82,74.20071428571428,79.72769094609652,58.12171610248961,49.839999999999975,21.605974843606905,127.56317278639929,12.0883197536113,3148.1085697352833,2014-02-15,2014-05-25,0.7290028773288493,5169.245206040121,Medianeira,2014
3,18.687575757575758,26.19424242424242,22.440909090909088,367.28000000000003,84.29363636363637,102.0545821490855,86.23338262390051,44.180530221909244,15.821199525185005,286.70608715419024,11.336748372661482,2758.7801474896255,2014-02-15,2014-05-25,0.8449731585586939,4768.559327576114,Medianeira,2014
4,16.41181818181818,23.509545454545457,19.96068181818182,97.96000000000001,86.38954545454546,37.00700739703621,29.681479497945773,49.84,7.325527899090439,62.61905072396347,10.766326019787863,1399.1127778425468,2014-02-15,2014-05-25,0.802050249011026,4579.772301282146,Medianeira,2014
1,21.045882352941174,31.64764705882353,26.34676470588235,53.22,66.09294117647059,21.25490145134196,15.583310345193725,8.709823504965774,5.671591106148235,36.125977260951615,12.402182667819885,2100.4195716445015,2014-02-25,2014-06-04,0.7331631426693748,7647.414964992488,Medianeira,2014
2,21.676071428571426,29.493928571428572,25.585,249.88,78.64678571428571,74.10360653940958,53.38095395332243,47.952004867480724,20.722652586087143,157.25686468416262,11.836136487494432,3003.4050531469293,2014-02-25,2014-06-04,0.7203556810009446,4439.580740009724,Medianeira,2014
3,17.114242424242423,24.39939393939394,20.756818181818183,306.53,86.2,85.78180276331855,75.77813534831766,31.858915529120857,10.0036674150009,246.8449539900422,11.112195803896288,2416.041608425845,2014-02-25,2014-06-04,0.8833824063758358,4180.714128709664,Medianeira,2014
4,13.239545454545453,21.02409090909091,17.13181818181818,154.6,85.97954545454546,30.185006229725662,24.917795265067607,46.99197585980511,5.267210964658055,114.54914440424814,10.616344135673183,1041.3253103742024,2014-02-25,2014-06-04,0.8255024059106868,4034.8092173026566,Medianeira,2014
1,22.083529411764708,31.537647058823527,26.810588235294116,119.41,70.79176470588236,20.401297428956486,12.727533733958586,22.704888888888878,7.673763694997901,91.17668848826365,12.202334086968209,2059.998066525709,2014-03-05,2014-06-12,0.623859035352027,6766.2402174876925,Medianeira,2014
2,19.6675,27.500714285714285,23.584107142857142,238.53,81.75750000000001,63.90318288784564,49.3793215879927,49.839999999999975,14.523861299852937,162.0155673008962,11.636460807272154,2585.763633620438,2014-03-05,2014-06-12,0.7727208467011215,4459.5021960165595,Medianeira,2014
3,17.315454545454543,24.6469696969697,20.98121212121212,221.78,85.9890909090909,82.40946862280158,67.84980355255313,35.845585211636674,14.559665070248457,167.92461123581018,10.94758421080101,2342.137856116304,2014-03-05,2014-06-12,0.8233253373239201,4065.561672924328,Medianeira,2014
4,12.482272727272727,19.90909090909091,16.195681818181818,239.20000000000002,87.48181818181818,25.051176663998422,24.53588428954215,46.16750883016857,0.5152923744562713,204.34219209192594,10.52609114190664,976.6594197128508,2014-03-05,2014-06-12,0.979430412336806,4048.83628747806,Medianeira,2014
1,21.083529411764708,28.95705882352941,25.02029411764706,181.54999999999998,78.83941176470589,17.66007475950603,13.740625359893059,22.704888888888878,3.9194493996129705,152.3035968623292,11.949320540987223,1848.183058180148,2014-03-15,2014-06-22,0.7780615624232725,6634.354933697839,Medianeira,2014
2,18.939642857142854,26.506428571428568,22.723035714285714,184.18,84.10785714285714,53.80475252005523,44.31434282747443,30.69788758595003,9.490409692580805,131.87265847546442,11.393787132407754,2399.1714772032615,2014-03-15,2014-06-22,0.8236139142347447,4879.043086199282,Medianeira,2014
3,15.506060606060606,22.73090909090909,19.118484848484847,342.43,86.40272727272728,69.86021918339051,58.02304792546971,49.84,11.837171257920804,265.26483966048033,10.766716854057128,1982.0273091429247,2014-03-15,2014-06-22,0.8305592024146536,4465.688610209843,Medianeira,2014
4,13.612272727272728,21.28681818181818,17.449545454545454,179.91,87.7009090909091,26.64769093584118,25.967263972552328,47.01347350818328,0.6804269632888509,156.76926251926437,10.45565456848797,1051.3201381722695,2014-03-15,2014-06-22,0.97446581901122,4442.883069967317,Medianeira,2014
1,21.93764705882353,29.315882352941177,25.62676470588235,137.26,79.73823529411764,17.89321644174723,10.694440097675237,22.22677093078449,7.198776344071995,109.5939915095895,11.697271520828407,1746.3103350626807,2014-03-25,2014-07-02,0.5976812571675877,5534.813739524607,Medianeira,2014
2,17.46535714285714,24.7075,21.08642857142857,302.83,86.5325,46.62404038697885,40.76706511456386,32.599324924700646,5.8569752724149895,251.69038089152,11.164144904827397,2096.113543972083,2014-03-25,2014-07-02,0.8743786419237333,4491.877511537215,Medianeira,2014
3,13.835757575757576,21.35939393939394,17.597575757575758,259.41,86.9890909090909,60.887182095759776,48.83095093581964,47.21293109513934,12.056231159940136,195.96544289374168,10.620521291321428,1700.7446882658653,2014-03-25,2014-07-02,0.8019906531233648,4047.16064538255,Medianeira,2014
4,14.023636363636363,20.98090909090909,17.50227272727273,218.24,87.43727272727273,25.452108912141462,24.716331795468065,47.41697821003572,0.7357771166733983,193.31962108963555,10.436091434479492,1053.17885275264,2014-03-25,2014-07-02,0.9710917032764066,4023.761341217596,Medianeira,2014
1,22.91470588235294,31.885882352941174,27.40029411764706,58.129999999999995,71.71470588235294,22.367670756898328,17.169425442780195,20.177840382528533,5.198245314118134,26.462921793386613,12.872979971551883,2361.5795634281467,2015-02-05,2015-05-15,0.767600061239503,9766.517465430154,Medianeira,2015
2,23.267857142857142,32.74214285714286,28.005,62.54,67.23607142857142,97.65496674411268,58.73093044518489,8.752223938501409,38.9240362989278,15.23468599884224,12.338780170665663,3501.1246228080436,2015-02-05,2015-05-15,0.601412630645595,3927.3017089806694,Medianeira,2015
3,20.023333333333333,30.562727272727273,25.293030303030303,102.04,70.79363636363637,125.37128906912693,66.00179831881115,44.79042561969026,59.36949075031578,0.0,11.575984052660175,3367.279053709474,2015-02-05,2015-05-15,0.5264506635360447,2997.416149789893,Medianeira,2015
4,15.549090909090909,26.05,20.799545454545456,84.12,73.80318181818183,50.19736314731952,39.26202743717119,43.85258180946638,10.935335710148335,45.7958163730527,10.95068680211478,1537.4770723587385,2015-02-05,2015-05-15,0.7821531844600036,2866.820637173916,Medianeira,2015
1,23.28058823529412,31.996470588235297,27.638529411764708,32.66,70.24352941176471,22.369655626903953,17.15357427693998,14.410157439634457,5.2160813499639715,6.235626575238715,12.644465770085626,2275.140430227989,2015-02-15,2015-05-25,0.7668233504815068,9145.353081647454,Medianeira,2015
2,21.751785714285713,32.09607142857143,26.923928571428572,70.87,67.385,85.0657186451563,44.627339700582134,20.58589162080237,40.43837894457417,20.066926118249953,12.0883197536113,3264.4099934110177,2015-02-15,2015-05-25,0.5246219089353833,2624.10234654924,Medianeira,2015
3,19.067878787878787,29.78878787878788,24.428333333333335,139.99,70.88454545454546,119.37195788044097,71.69294209163667,49.84,47.679015788804314,39.04294952916572,11.336748372661482,3028.022644788191,2015-02-15,2015-05-25,0.6005844535401015,2100.0487101924064,Medianeira,2015
4,16.55318181818182,25.42,20.986590909090907,34.95,78.56318181818182,40.4879625650725,36.030391603071116,47.41055399071905,4.457570962001379,1.3490544062098255,10.766326019787863,1518.516215619624,2015-02-15,2015-05-25,0.8899037965954165,2053.807232201031,Medianeira,2015
1,23.262941176470587,31.822352941176472,27.542647058823526,58.99,70.51588235294118,22.526469435367,16.931921556484102,12.652764123238661,5.594547878882899,34.41932033270057,12.402182667819885,2142.3876923909042,2015-02-25,2015-06-04,0.7516455965310148,8363.484884671097,Medianeira,2015
2,20.472857142857144,31.91142857142857,26.19214285714286,46.25,65.02857142857142,79.46222893199594,40.636908783003996,18.265855340234666,38.825320148991935,0.0,11.836136487494432,3004.7234405404442,2015-02-25,2015-06-04,0.5113990549872596,2233.8749572959946,Medianeira,2015
3,17.60242424242424,27.595454545454544,22.598939393939393,141.9,74.86939393939394,102.32198700178893,77.0353144439872,42.67953901841884,25.286672557801733,40.45100187782863,11.112195803896288,2695.9689640891047,2015-02-25,2015-06-04,0.7528715645703827,1957.8479457250135,Medianeira,2015
4,16.69681818181818,25.04272727272727,20.86977272727273,44.41,80.77499999999999,33.912241350324834,28.91543265524161,42.97895259972797,4.996808695083224,15.195153763449271,10.616344135673183,1442.889348566649,2015-02-25,2015-06-04,0.8526547200621595,1900.1520149972978,Medianeira,2015
1,22.621764705882352,32.787058823529414,27.704411764705885,15.07,66.39588235294117,22.81121097544605,12.827134067909723,3.7089837643171517,9.984076907536325,5.732993278884235,12.202334086968209,2024.6126813460687,2015-03-05,2015-06-12,0.5623171028367073,7224.715864064593,Medianeira,2015
2,19.89035714285714,30.933214285714286,25.411785714285713,77.78,68.54821428571428,68.56697441447255,44.3434846676031,37.14549909671405,24.22348974686945,0.0,11.636460807272154,2898.1564360298385,2015-03-05,2015-06-12,0.6467178265670044,3396.1708797257197,Medianeira,2015
3,16.752727272727274,26.53939393939394,21.646060606060608,110.77,75.9039393939394,94.47765692317049,74.83197291552061,30.790314749485518,19.645684007649884,42.29321143170793,10.94758421080101,2426.2167724345354,2015-03-05,2015-06-12,0.7920599997137333,3043.070992874531,Medianeira,2015
4,16.555909090909093,25.265,20.910454545454545,52.699999999999996,80.26318181818182,33.11043402724805,28.549842505892542,42.844440987260214,4.560591521355503,12.096031256332765,10.52609114190664,1409.0220980579486,2015-03-05,2015-06-12,0.8622611978567722,2959.241202195463,Medianeira,2015
1,21.271176470588237,32.47941176470588,26.87529411764706,31.16,64.83,20.201912524671897,10.017234767368164,18.998442380731422,10.184677757303731,7.341224992309409,11.949320540987223,1915.0322201894542,2015-03-15,2015-06-22,0.49585576391019737,6329.71513000757,Medianeira,2015
2,19.331071428571427,30.03142857142857,24.681250000000002,72.84,71.18785714285714,63.45816066242958,49.76043585017278,26.99659193639642,13.697724812256793,15.081414594162212,11.393787132407754,2639.3348172648184,2015-03-15,2015-06-22,0.7841455745129005,4280.269595680392,Medianeira,2015
3,16.325454545454544,25.14939393939394,20.737424242424243,128.13,78.35090909090908,78.59026256559316,62.43830503456194,45.049130469618916,16.151957531031222,47.63915643221556,10.766716854057128,2248.957806746659,2015-03-15,2015-06-22,0.7944788959376431,3840.4267291860056,Medianeira,2015
4,14.158181818181818,23.90818181818182,19.03318181818182,51.75,78.92590909090909,34.746983675428304,28.512803205787716,45.57226399034269,6.234180469640588,22.714063273488506,10.45565456848797,1125.2480071842015,2015-03-15,2015-06-22,0.8205835497010593,3702.6195829092603,Medianeira,2015
1,19.69470588235294,30.72941176470588,25.212058823529414,43.870000000000005,68.46411764705883,17.219427916140496,12.276800705074278,13.738403169457962,4.942627211066217,22.947227411166498,11.697271520828407,1765.6589197505016,2015-03-25,2015-07-02,0.7129621706866763,6549.765457588901,Medianeira,2015
2,18.0225,28.419642857142858,23.22107142857143,125.94000000000001,73.58000000000001,57.176708873913434,42.176073821225835,34.2040580232926,15.000635052687597,63.29827132493953,11.164144904827397,2359.9948110107266,2015-03-25,2015-07-02,0.7376443074789925,3972.213078875036,Medianeira,2015
3,16.663939393939394,25.20212121212121,20.933030303030304,60.39,79.71484848484849,72.85265625824763,57.804799806335076,27.310497272885417,15.047856451912562,9.478760944072098,10.620521291321428,2170.2478345432282,2015-03-25,2015-07-02,0.7934480741708164,3561.978948252281,Medianeira,2015
4,13.871363636363638,22.608636363636364,18.240000000000002,75.69,79.42363636363636,29.860345518647982,27.219571121460074,49.84,2.640774397187909,25.940926151425334,10.436091434479492,1103.417709498743,2015-03-25,2015-07-02,0.9115624969731605,3498.976443448761,Medianeira,2015
1,24.709411764705884,29.826470588235296,27.26794117647059,45.78,86.8905882352941,22.61317240649429,20.800652370241064,22.704888888888878,1.8125200362532254,7.787854262631852,12.872979971551883,2310.902868911431,2016-02-05,2016-05-14,0.9198467157251812,9785.836562979799,Medianeira,2016
2,21.032857142857143,27.787857142857145,24.410357142857144,180.62,84.91785714285713,79.26637649646666,59.80590405019536,16.696231551593083,19.4604724462713,126.82275328710043,12.338780170665663,3124.4108316731426,2016-02-05,2016-05-14,0.7544927205403573,6182.0953952589925,Medianeira,2016
3,22.03757575757576,29.97969696969697,26.008636363636363,87.57,79.56636363636363,130.1870404322468,73.99335689675986,8.688221562478205,56.19368353548693,21.584653092355012,11.575984052660175,3375.612208565674,2016-02-05,2016-05-14,0.5683619248973419,4847.881517003694,Medianeira,2016
4,14.55318181818182,23.652727272727272,19.102954545454544,115.11,80.105,38.466837550939246,32.275811061846355,45.39427366545287,6.191026489092895,46.12813683517897,10.95068680211478,1299.049755204148,2016-02-05,2016-05-14,0.8390554856272108,4691.833529705498,Medianeira,2016
1,23.44529411764706,28.743529411764705,26.09441176470588,132.62,86.69529411764705,19.455834935831383,18.163045698939673,22.704888888888878,1.2927892368917127,98.95117652328256,12.644465770085626,2184.180281597643,2016-02-15,2016-05-24,0.9335526210437357,8917.679330127254,Medianeira,2016
2,19.814642857142854,27.184642857142855,23.499642857142856,141.88,84.53571428571429,69.75904315220873,54.36876698440903,33.2326871097733,15.390276167799705,76.98343479470654,12.0883197536113,2876.8553360919377,2016-02-15,2016-05-24,0.7793794829694073,5966.544793338698,Medianeira,2016
3,19.957878787878787,29.02848484848485,24.493181818181817,67.01,75.96878787878788,125.06082806501945,64.37240441346421,35.87028269630908,60.68842365155523,0.0,11.336748372661482,2870.8752137123256,2016-02-15,2016-05-24,0.5147287556739735,4518.848485243476,Medianeira,2016
4,14.336818181818183,22.345909090909092,18.341363636363635,126.74,83.46727272727273,32.10243199251302,28.814132322522653,47.84946386438568,3.2882996699903653,85.94668650940075,10.766326019787863,1229.2628915465175,2016-02-15,2016-05-24,0.897568518461241,4426.274016204942,Medianeira,2016
1,20.49529411764706,27.115294117647057,23.80529411764706,133.07999999999998,85.31058823529412,17.324413171269796,15.328295715117893,18.971067908137073,1.9961174561519042,105.97974748785616,12.402182667819885,1888.330746398244,2016-02-25,2016-06-03,0.8847800825102583,7917.556370489503,Medianeira,2016
2,21.420357142857142,29.00857142857143,25.214464285714286,73.16,82.51357142857144,74.65352145278212,43.73507732888542,11.47984313703321,30.918444123896702,36.91614744221844,11.836136487494432,2911.1794918820456,2016-02-25,2016-06-03,0.5858407812221903,2998.862928942699,Medianeira,2016
3,17.77939393939394,26.72121212121212,22.25030303030303,132.82999999999998,77.93363636363637,98.9723677514739,58.78778520663777,46.17607885112048,40.184582544836125,39.345979079274954,11.112195803896288,2483.952784660427,2016-02-25,2016-06-03,0.5939818005997165,2390.0664656139115,Medianeira,2016
4,12.725454545454545,20.46590909090909,16.59568181818182,92.36,84.35045454545455,29.89094283283056,28.225160874576193,48.618620617020085,1.6657819582543691,61.692297359524204,10.616344135673183,1016.627652669249,2016-02-25,2016-06-03,0.9442713477600725,2363.4274290354097,Medianeira,2016
1,20.531764705882352,28.039411764705882,24.285588235294117,83.25999999999999,83.74176470588236,19.07875465809498,12.284473948584495,21.5141026723026,6.794280709510484,54.63519618177518,12.177126453248935,1794.382735282302,2016-03-05,2016-06-12,0.6438823795751407,6214.1269077455845,Medianeira,2016
2,21.795714285714286,29.64428571428571,25.72,70.32,80.38964285714285,73.81748947047032,37.835524264587946,9.584428996624899,35.981965205882375,44.41414941108975,11.611774708792051,2844.914737835523,2016-03-05,2016-06-12,0.5125550128567233,1670.5593917664805,Medianeira,2016
3,15.216363636363637,24.144848484848485,19.680606060606063,176.95,79.38484848484848,80.73836293046816,58.64807403249432,49.84,22.090288897973828,78.04635496413057,10.928151344695264,2034.4584839570443,2016-03-05,2016-06-12,0.7263966211824486,1442.0240447151293,Medianeira,2016
4,9.570454545454545,18.422272727272727,13.996363636363638,32.86,82.67545454545454,25.994889965622715,24.434870342821174,39.629964926856964,1.5600196228015433,18.63516473032187,10.516856868991608,572.5917984594797,2016-03-05,2016-06-12,0.939987450423348,1424.7161368202912,Medianeira,2016
1,20.48941176470588,27.72470588235294,24.10705882352941,72.92,84.39176470588235,16.35512353339582,12.914045878124837,14.35928355360292,3.4410776552709845,51.876670568272246,11.923992771790767,1768.62502563488,2016-03-15,2016-06-22,0.7896024662703045,6046.272278293137,Medianeira,2016
2,21.63214285714286,30.18392857142857,25.908035714285713,66.92999999999999,76.58964285714285,66.6335878305103,35.5576576746944,43.824126947584965,31.075930155815897,1.9074989313235626,11.370136117409487,2647.307396755496,2016-03-15,2016-06-22,0.5336296428332679,1816.5690353608145,Medianeira,2016
3,13.467575757575759,21.80060606060606,17.634090909090908,156.13,82.90787878787879,64.60802980131774,56.9639501320346,48.09711252013493,7.644079669283142,94.89306429541544,10.750414274698551,1715.7795219581083,2016-03-15,2016-06-22,0.8816852999110145,1709.1056250559882,Medianeira,2016
4,8.647727272727273,18.305909090909093,13.476818181818182,33.45,81.87181818181818,25.867573465671377,22.005425639417197,49.84,3.86214782625418,9.701686880717723,10.451363931761732,470.1680406760974,2016-03-15,2016-06-22,0.8506953954772912,1658.0701571686839,Medianeira,2016
1,21.39470588235294,29.212352941176473,25.303529411764707,16.16,81.36764705882354,17.305499761853724,7.629482447225949,5.175287973046505,9.676017314627776,10.554340690838657,11.672307019609342,1715.4548191833637,2016-03-25,2016-07-02,0.44087039104432635,4691.5290521545585,Medianeira,2016
2,17.685357142857143,27.13214285714286,22.40875,118.75,76.0,51.58136011303247,34.69939658297452,49.839999999999975,16.88196353005795,39.385891390072004,11.142139734698768,2091.717865980537,2016-03-25,2016-07-02,0.6727119352210998,2388.306855654079,Medianeira,2016
3,11.978484848484849,20.180909090909093,16.07969696969697,103.63,83.88212121212122,57.92712283530819,53.299623947882374,36.098458612794055,4.6274988874258165,64.07191743932354,10.608088973365,1368.2350624695096,2016-03-25,2016-07-02,0.9201151608965252,2292.912101207253,Medianeira,2016
4,11.818181818181818,20.87636363636364,16.347272727272728,31.279999999999998,83.27318181818181,27.492526555810965,22.850925599709406,39.232287538845476,4.641600956101559,5.295245474239166,10.437007830018253,867.6658571297877,2016-03-25,2016-07-02,0.8311686288024889,2215.4890023908156,Medianeira,2016
1,22.89588235294118,31.337058823529414,27.116470588235295,82.96,76.17058823529412,21.49200249861571,18.46581176228883,13.105815105145435,3.026190736326879,58.58748424367685,12.872979971551883,2347.913719844833,2017-02-05,2017-05-15,0.8591945661405077,9938.406917317488,Medianeira,2017
2,22.459642857142857,31.173928571428572,26.816785714285714,132.86,76.36785714285715,85.05360405281974,76.11576982511305,31.91531403528782,8.937834227706691,37.93473124474456,12.338780170665663,3473.1859362473188,2017-02-05,2017-05-15,0.8949152792848597,8371.844844427898,Medianeira,2017
3,19.95,28.876060606060605,24.413030303030304,111.77,75.78818181818183,118.83601921260635,83.79289708489449,43.54560997574292,35.04312212771186,16.34680697465042,11.575984052660175,3216.076237664778,2017-02-05,2017-05-15,0.705113631709447,7137.473383395231,Medianeira,2017
4,16.339545454545455,25.365454545454543,20.8525,78.28999999999999,79.91863636363637,44.543072818463806,41.51081791281346,48.487881254964634,3.032254905650346,31.83691080796482,10.95068680211478,1494.3918073081982,2017-02-05,2017-05-15,0.9319253317343337,7040.297156829301,Medianeira,2017
1,24.29294117647059,31.91235294117647,28.10264705882353,53.59,74.36764705882354,23.13385801391588,19.79471758843108,22.704888888888878,3.3391404254848,17.320393522680043,12.644465770085626,2281.4848460187623,2017-02-15,2017-05-25,0.855660027675618,9195.339224492336,Medianeira,2017
2,21.252857142857145,30.775357142857143,26.014107142857142,95.03,75.08642857142857,81.29152567714735,58.585440753044686,15.264766581197796,22.706084924102655,43.88468155464639,12.0883197536113,3185.2910737468465,2017-02-15,2017-05-25,0.7206832479158922,5342.72079474714,Medianeira,2017
3,17.89666666666667,26.915757575757578,22.40621212121212,150.9,78.0660606060606,102.52752390208002,84.26270683519391,46.16973904784092,18.2648170668861,35.73232069816296,11.336748372661482,2762.999056712649,2017-02-15,2017-05-25,0.8218544994383157,4866.829959576366,Medianeira,2017
4,17.806818181818183,25.28318181818182,21.545,136.94,84.97772727272728,38.68747709825896,36.090175635929256,46.35133375073176,2.5973014623297006,100.66822966117991,10.766326019787863,1528.996574233988,2017-02-15,2017-05-25,0.9328645428148997,4801.4825887007055,Medianeira,2017
1,23.97470588235294,31.963529411764707,27.969117647058823,87.12,75.4929411764706,21.124389574487306,19.79938475194518,20.564036549321962,1.3250048225421247,53.955689809843975,12.402182667819885,2238.0270948942853,2017-02-25,2017-06-04,0.9372760657594396,8763.793477583164,Medianeira,2017
2,20.287499999999998,29.806071428571432,25.04678571428571,101.92999999999999,74.93071428571429,69.92064511978563,49.127932569338455,42.794794496044496,20.792712550447177,30.571309483939007,11.836136487494432,2943.314004776283,2017-02-25,2017-06-04,0.7026241317592851,4854.582435865253,Medianeira,2017
3,17.244848484848486,26.153030303030302,21.698939393939394,125.86,79.60484848484849,95.81476978020733,85.23952103935197,49.84,10.57524874085535,33.57527345669252,11.112195803896288,2458.0269091859927,2017-02-25,2017-06-04,0.889628198605348,4586.67793163261,Medianeira,2017
4,16.465454545454545,22.66909090909091,19.567272727272726,177.27,89.79545454545455,28.266899670035272,27.579549375927563,49.84,0.6873502941077099,149.69045062407244,10.616344135673183,1349.9639760415278,2017-02-25,2017-06-04,0.9756835626782111,4564.371598344655,Medianeira,2017
1,21.279411764705884,31.00411764705882,26.141764705882352,74.19,77.1064705882353,20.631934427257054,17.886660890278048,17.493664814636546,2.745273536979006,46.00878540619652,12.202334086968209,1960.5305586832162,2017-03-05,2017-06-12,0.8669405650421128,7741.518900954984,Medianeira,2017
2,20.393214285714286,29.47714285714286,24.93517857142857,91.56,75.03142857142858,63.60066711787243,48.797018373424,44.14069838084921,14.803648744448436,16.115948060363337,11.636460807272154,2840.832674642747,2017-03-05,2017-06-12,0.7672406687651165,5038.6527577622455,Medianeira,2017
3,16.615454545454543,25.12939393939394,20.87242424242424,203.89,81.59121212121212,84.9886293507323,77.65375481193213,48.517874524576115,7.334874538800161,121.85906904434097,10.94758421080101,2265.651161324397,2017-03-05,2017-06-12,0.9136958132536706,4821.224343484335,Medianeira,2017
4,14.881363636363636,21.25,18.06568181818182,118.78,89.60772727272727,25.00098090507249,24.365278399157155,46.658462374649886,0.6357025059153348,96.27413375076907,10.52609114190664,1109.7001110825358,2017-03-05,2017-06-12,0.9745728974263421,4796.706390301856,Medianeira,2017
1,20.257058823529412,29.89764705882353,25.07735294117647,47.7,74.37,18.525531574921775,14.085517586239105,9.707957385093943,4.440013988682671,31.105636139778063,11.949320540987223,1794.9003067088051,2017-03-15,2017-06-22,0.7603300088461068,6706.695735003125,Medianeira,2017
2,18.525714285714287,27.291071428571428,22.90839285714286,138.2,77.6775,55.66371685183067,49.22464096908292,42.700908900601696,6.439075882747755,55.98240751540933,11.393787132407754,2431.960830493015,2017-03-15,2017-06-22,0.884321848289655,5542.968484939903,Medianeira,2017
3,17.316969696969696,24.645757575757575,20.981363636363636,197.77,85.79272727272726,71.85055134773717,64.90846334340124,49.84,6.942088004335931,125.72244555720046,10.766716854057128,2249.3995082529395,2017-03-15,2017-06-22,0.9033815625055108,5275.192007891858,Medianeira,2017
4,12.700909090909091,20.599999999999998,16.650454545454547,75.96,87.25636363636363,26.04266112915467,24.39538054341982,41.64923516629266,1.6472805857348498,59.75538429028752,10.45565456848797,941.5674026129628,2017-03-15,2017-06-22,0.9367468409789073,5208.457496103462,Medianeira,2017
1,20.845882352941175,30.014117647058825,25.43,61.55,73.85000000000001,16.17319509463738,11.339747403552336,22.704888888888878,4.833447691085042,33.73536370755878,11.697271520828407,1802.5041394138461,2017-03-25,2017-07-02,0.7011445380580558,6102.120978300572,Medianeira,2017
2,16.912142857142857,25.995714285714286,21.453928571428573,105.25999999999999,79.51892857142857,51.500833054268284,45.97200055799591,35.5941138427469,5.5288324962723685,46.39877448814606,11.164144904827397,2081.06439017188,2017-03-25,2017-07-02,0.8926457657404021,5119.488190823242,Medianeira,2017
3,16.361818181818183,22.913636363636364,19.637727272727272,245.85,88.11575757575758,58.273319007566585,53.33724224632919,47.04949012571065,4.936076761237397,181.05738147070707,10.620521291321428,1975.1842754880054,2017-03-25,2017-07-02,0.9152943946680562,4902.663517726532,Medianeira,2017
4,13.863636363636363,21.867272727272727,17.865454545454547,6.700000000000001,84.68863636363636,32.68453011967082,25.08273260460779,28.666757521102856,7.601797515063025,0.0,10.436091434479492,1071.8699604854587,2017-03-25,2017-07-02,0.7674190974375377,4674.610336543953,Medianeira,2017
1,21.951764705882354,27.984117647058824,24.96794117647059,166.39,82.23705882352941,20.94648022960596,16.020017140614417,22.704888888888878,4.926463088991541,132.6464290601515,12.872979971551883,2075.2236174500363,2018-02-05,2018-05-15,0.7648071162796874,9166.224403040142,Medianeira,2018
2,22.009285714285713,29.65357142857143,25.83142857142857,170.17000000000002,80.37249999999999,85.01616387487624,70.68679617987776,45.29874568593248,14.329367694998489,76.88934702307864,12.338780170665663,3263.3928371107236,2018-02-05,2018-05-15,0.8314512553625926,6848.790978744364,Medianeira,2018
3,19.703030303030303,27.575151515151514,23.63909090909091,172.61,82.88333333333334,125.84145353697231,84.79141097189844,12.607680687498993,41.050042565073866,120.50965402653505,11.575984052660175,2989.6827701923257,2018-02-05,2018-05-15,0.673795546608071,5731.737919935924,Medianeira,2018
4,19.081818181818182,29.553181818181816,24.3175,22.52,72.85000000000001,55.90265440055769,16.590839157428956,18.536841530070035,39.31181524312873,0.0,10.95068680211478,1789.807894780727,2018-02-05,2018-05-15,0.2967808834004749,4925.604384608456,Medianeira,2018
1,21.44529411764706,27.733529411764703,24.589411764705883,153.01,83.74941176470588,20.18762404780848,15.734594808888179,22.704888888888878,4.4530292389203,119.5906117707491,12.644465770085626,1979.9344852545087,2018-02-15,2018-05-25,0.779417863718157,8502.659476291496,Medianeira,2018
2,21.46607142857143,29.000357142857144,25.233214285714286,243.29000000000002,82.54142857142857,70.16563374773445,62.866626771174815,49.839999999999975,7.299006976559626,153.2882621177141,12.0883197536113,3106.3551260247536,2018-02-15,2018-05-25,0.8959746162515735,7175.920853936368,Medianeira,2018
3,19.838484848484846,29.0730303030303,24.455757575757573,34.54,77.96424242424243,132.5266370992177,61.46284880154335,5.8742785817245515,71.06378829767436,17.04287261673207,11.336748372661482,2874.04119238901,2018-02-15,2018-05-25,0.46377732165291735,5251.975103984146,Medianeira,2018
4,15.508181818181818,25.252272727272725,20.38022727272727,85.87,77.08545454545455,43.06975553116673,24.31412426817655,43.52541582066342,18.755631262990175,23.90473849288459,10.766326019787863,1365.1417343310436,2018-02-15,2018-05-25,0.5645289593200042,4794.558491152665,Medianeira,2018
1,22.504117647058823,29.562941176470588,26.033529411764704,88.02,79.09705882352942,20.910246534386996,15.710814313071578,9.790887005356472,5.199432221315417,67.58057130214446,12.402182667819885,2026.1903983985508,2018-02-25,2018-06-04,0.7513452453673882,7890.879954277173,Medianeira,2018
2,20.27607142857143,28.00714285714286,24.141607142857143,241.58,84.47607142857143,69.59467757978388,55.77684650098696,19.347873111562304,13.817831078796905,176.24616739280722,11.836136487494432,2795.953579395123,2018-02-25,2018-06-04,0.80145276105409,5540.811312614132,Medianeira,2018
3,19.64181818181818,29.274545454545457,24.458181818181817,31.76,75.52969696969697,119.42215288537378,38.34301138409698,12.764861727465318,81.0791415012768,0.0,11.112195803896288,2784.4903480302173,2018-02-25,2018-06-04,0.32107117865225693,3659.903065722455,Medianeira,2018
4,14.170454545454545,23.008181818181818,18.589318181818182,99.53,77.785,36.65277493356338,30.325442112824113,49.84,6.327332820739267,32.12941961464121,10.616344135673183,1155.7711409901203,2018-02-25,2018-06-04,0.8273709744430496,3533.5419657487423,Medianeira,2018
1,22.308823529411764,30.417058823529413,26.36294117647059,86.1,79.75470588235294,20.18334702145122,14.55669257261491,21.056631921958054,5.626654448836307,56.02056120266558,12.202334086968209,1985.530745483213,2018-03-05,2018-06-12,0.7212229248768205,7194.417411105674,Medianeira,2018
2,19.627142857142854,27.209285714285716,23.41821428571429,169.58,83.84571428571428,69.83164660536097,43.22325510060268,14.260022198212653,26.6083915047583,133.15335462314272,11.636460807272154,2546.8195174594116,2018-03-05,2018-06-12,0.6189637106063087,3082.416239090064,Medianeira,2018
3,18.272121212121213,28.283333333333335,23.277727272727272,89.71000000000001,75.17818181818183,106.07195680462254,39.01558672264158,46.1347804745018,67.05637008198097,18.819655001069286,10.94758421080101,2525.730412943339,2018-03-05,2018-06-12,0.3678218814658588,2108.098189806544,Medianeira,2018
4,13.208181818181817,21.807727272727274,17.507954545454545,41.65,77.92045454545455,32.57898922835969,27.271952817935322,49.84,5.30703641042437,10.67282765656648,10.52609114190664,1039.280163644184,2018-03-05,2018-06-12,0.8371024842660051,2039.4173981979802,Medianeira,2018
1,20.81764705882353,28.22,24.518823529411765,218.97,85.92529411764706,15.655798025188998,15.093786627052596,22.704888888888878,0.5620113981364009,188.37043559516965,11.949320540987223,1805.8829870711158,2018-03-15,2018-06-22,0.9641020280644802,7088.245874228113,Medianeira,2018
2,19.72107142857143,28.5225,24.121785714285714,33.72,79.51642857142858,71.09870653555292,30.860107745739555,7.142650726414947,40.238598789813366,18.42213041673438,11.393787132407754,2436.6605455156664,2018-03-15,2018-06-22,0.43404597987036436,1070.8140019480572,Medianeira,2018
3,16.583333333333332,26.39121212121212,21.487272727272728,87.06,74.91242424242425,92.24511559251258,46.74297467652931,28.610945227231007,45.50214091598326,18.848730822654645,10.766716854057128,2179.590591286038,2018-03-15,2018-06-22,0.5067257423473095,806.71151100054,Medianeira,2018
4,10.572272727272727,19.983636363636364,15.277954545454547,43.0,78.0240909090909,26.75830710155231,25.24398409902698,40.814874271020656,1.5143230025253298,5.552086857183367,10.45565456848797,769.376001821769,2018-03-15,2018-06-22,0.9434073689049827,797.5807256121085,Medianeira,2018
1,18.852941176470587,26.263529411764708,22.558235294117647,139.18,85.52941176470588,15.378122195757744,11.233846153401794,8.344867759215454,4.1442760423559495,126.80039719849387,11.697271520828407,1509.0922982674895,2018-03-25,2018-07-02,0.7305083163210133,5906.11438533356,Medianeira,2018
2,20.150000000000002,29.715,24.9325,23.25,75.82678571428572,65.416448571007,22.912915617774683,8.681952141440773,42.503532953232316,0.0,11.164144904827397,2422.2003802639797,2018-03-25,2018-07-02,0.35026229821852234,149.97660455583272,Medianeira,2018
3,13.783030303030301,22.929696969696973,18.356363636363636,109.68,77.31030303030302,73.00454734196805,52.80696557008798,41.43020345945559,20.197581771880074,24.12478311189721,10.620521291321428,1701.349038802381,2018-03-25,2018-07-02,0.7233380315712318,129.23019323849292,Medianeira,2018
4,12.94909090909091,22.027272727272727,17.48818181818182,63.75,80.60818181818182,29.29898927203418,26.23709087456408,47.562246948255805,3.061898397470105,31.38086563663571,10.436091434479492,987.0538270825323,2018-03-25,2018-07-02,0.8954947432131157,126.52914633269144,Medianeira,2018
1,22.558823529411764,31.553529411764703,27.056176470588234,85.52,71.62470588235294,23.267260069418775,20.250655078117322,19.568736596170023,3.0166049913014534,52.89971943682376,12.872979971551883,2272.866269365881,2019-02-05,2019-05-15,0.8703497969979579,9913.844676374421,Medianeira,2019
2,21.326785714285712,29.869285714285716,25.598035714285714,194.95999999999998,77.47535714285713,69.73531694132052,59.09588895814016,38.964303445981535,10.639427983180363,116.46854419204831,12.338780170665663,3332.4923519757704,2019-02-05,2019-05-15,0.8474312808797727,7645.030800627427,Medianeira,2019
3,19.882727272727273,28.54969696969697,24.21621212121212,101.13,77.59636363636363,124.57785359866358,76.64943965488096,44.576163616770394,47.92841394378262,18.868700174330186,11.575984052660175,3135.565233679315,2019-02-05,2019-05-15,0.6152734008551197,6174.407450485802,Medianeira,2019
4,18.812272727272727,25.527727272727272,22.17,150.28,87.38409090909092,37.52651008309752,35.96253049664879,47.199903394620655,1.5639795864487347,111.69372972550094,10.95068680211478,1715.1749546676729,2019-02-05,2019-05-15,0.9583233404069416,6122.941714985253,Medianeira,2019
1,20.88823529411765,31.22705882352941,26.057647058823527,56.61,69.06,24.2986154613504,20.659398507135627,12.243513705056785,3.639216954214771,30.906198898918696,12.644465770085626,2029.2533894974517,2019-02-15,2019-05-25,0.8502294519618475,9068.207102156068,Medianeira,2019
2,21.183214285714286,28.81642857142857,24.99982142857143,171.10999999999999,80.53035714285714,71.15246365228299,45.56259153588978,12.710997589883375,25.589872116393213,125.07992457928361,12.0883197536113,3141.9582414519678,2019-02-15,2019-05-25,0.6403515661601109,4176.157379116785,Medianeira,2019
3,19.652727272727272,27.783030303030305,23.717878787878785,161.43,81.29030303030302,101.92272157053472,74.55223767114646,45.37846432692592,27.370483899388258,54.21029559181099,11.336748372661482,2983.5633603275414,2019-02-15,2019-05-25,0.7314584669871993,3615.421526771414,Medianeira,2019
4,17.490454545454547,23.71272727272727,20.60159090909091,118.61,87.8709090909091,33.566133060779194,31.403739617095667,49.09630860531177,2.162393443683529,83.48841610451848,10.766326019787863,1491.3120052356653,2019-02-15,2019-05-25,0.93557811858256,3568.8390753970684,Medianeira,2019
1,20.94470588235294,30.577647058823526,25.761176470588236,145.78,73.9235294117647,20.049236526087405,13.9721160213679,22.704888888888878,6.077120504719504,116.30210620085434,12.402182667819885,2045.2382165541937,2019-02-25,2019-06-04,0.6968901784957169,7885.787126031262,Medianeira,2019
2,20.18,27.750714285714285,23.96535714285714,91.37,81.21071428571429,64.7131396126895,42.575160227347325,33.90430908383625,22.137979385342174,37.59541957770531,11.836136487494432,2849.714426544968,2019-02-25,2019-06-04,0.6579059597812935,3839.2659586582176,Medianeira,2019
3,19.596969696969698,27.253333333333334,23.425151515151516,206.97,83.53090909090909,91.77031752329874,71.53234431058218,48.16309515873694,20.237973212716565,121.17886961451713,11.112195803896288,2797.3491356158283,2019-02-25,2019-06-04,0.7794714700907676,3415.9321197614895,Medianeira,2019
4,15.65318181818182,22.31954545454545,18.986363636363635,165.54,88.28181818181818,30.659161454092327,27.96236518098771,47.15715273149079,2.6967962731046167,138.58357724625841,10.616344135673183,1281.5049268060418,2019-02-25,2019-06-04,0.9120394640557055,3355.838675760779,Medianeira,2019
1,22.05235294117647,28.337058823529414,25.19470588235294,170.91,85.55705882352942,14.059789190499359,12.176258098376785,18.322821100256874,1.883531092122574,145.49493856026214,12.202334086968209,2052.3953910475702,2019-03-05,2019-06-12,0.8660341868144557,8049.644792377248,Medianeira,2019
2,19.692857142857143,28.488214285714285,24.090535714285714,45.54,76.84964285714285,68.45925308369398,39.74713265164501,16.101407836989946,28.712120432048977,8.014280611621917,11.636460807272154,2657.708146701804,2019-03-05,2019-06-12,0.5805954763054846,2985.558632291724,Medianeira,2019
3,18.71151515151515,25.832424242424242,22.2719696969697,207.35,85.94606060606061,78.37441330519424,69.97319642735263,34.35154238008544,8.401216877841607,119.12666902955186,10.94758421080101,2565.4041987305136,2019-03-05,2019-06-12,0.8928066377335825,2825.5425982722854,Medianeira,2019
4,15.250454545454545,22.123181818181816,18.686818181818182,164.06,87.93136363636364,28.236844006435597,26.321747618472102,37.80191708744866,1.9150963879634944,134.2878776741647,10.52609114190664,1229.9112017128487,2019-03-05,2019-06-12,0.9321773925043815,2787.2154649513313,Medianeira,2019
1,20.158235294117645,28.11764705882353,24.13794117647059,40.79,80.20764705882353,16.738176013903555,8.696070167276586,4.594999354648747,8.042105846626969,33.56954678141056,11.949320540987223,1749.0261363630955,2019-03-15,2019-06-22,0.519535113028636,6317.137871284734,Medianeira,2019
2,19.975714285714282,28.150357142857143,24.063035714285714,151.33,80.22500000000001,56.19739333964366,40.085193126689006,49.839999999999975,16.112200212954654,65.99980622795977,11.393787132407754,2603.3143993210933,2019-03-15,2019-06-22,0.7132927480181089,3600.3840120845653,Medianeira,2019
3,17.46151515151515,23.95181818181818,20.706666666666667,262.73,88.2169696969697,66.89740787900983,62.576599907620405,49.84,4.320807971389433,200.15340009237957,10.766716854057128,2242.5589550832956,2019-03-15,2019-06-22,0.9354114291064309,3484.112183080267,Medianeira,2019
4,15.68409090909091,23.362727272727273,19.52340909090909,2.7399999999999998,84.36909090909091,33.73049389591795,25.115683156281715,25.975094475847396,8.614810739636237,1.4892223678708914,10.45565456848797,1225.1401690172772,2019-03-15,2019-06-22,0.744598737088792,3306.142852743662,Medianeira,2019
1,19.808235294117647,28.263529411764708,24.035882352941176,44.24,78.07470588235294,16.18627974731822,8.868084232428203,15.889063082405755,7.318195514890018,24.709781893235824,11.697271520828407,1656.7928226234242,2019-03-25,2019-07-02,0.5478766196350638,5983.0545427007,Medianeira,2019
2,19.829642857142858,27.86785714285714,23.84875,155.18,82.47678571428571,49.92967379393377,40.56661025036481,49.839999999999975,9.363063543568964,80.66245283204097,11.164144904827397,2428.2247718627896,2019-03-25,2019-07-02,0.81247497065149,4300.0958246301725,Medianeira,2019
3,15.739696969696968,22.534848484848485,19.137272727272727,217.36,87.44242424242424,61.45492084564695,55.17975533454693,34.53926991115672,6.275165511100017,177.4809747542963,10.620521291321428,1954.394347891837,2019-03-25,2019-07-02,0.8978899423390193,4080.554308329808,Medianeira,2019
4,16.29090909090909,23.957272727272724,20.12409090909091,23.06,82.95590909090909,34.83593646869768,21.353302572948788,36.24596733820793,13.48263389574889,0.0,10.436091434479492,1264.5614578442894,2019-03-25,2019-07-02,0.6129676632099756,3764.693014459511,Medianeira,2019
1,23.785882352941176,33.46588235294117,28.625882352941176,38.57,67.1835294117647,25.253518093008445,20.943008588227446,17.877272131837145,4.310509504780996,4.848059016707743,12.872979971551883,2418.672684033695,2020-02-05,2020-05-14,0.8293105345201633,9510.848983799737,Medianeira,2020
2,20.586785714285714,33.120357142857145,26.853571428571428,117.3,61.04785714285714,98.01621767668102,45.43154089654464,43.934807733922426,52.584676780136384,45.81092350137009,12.338780170665663,3296.1032066655457,2020-02-05,2020-05-14,0.4635104472854315,1857.1423079179424,Medianeira,2020
3,16.174545454545456,29.885151515151517,23.029848484848486,55.87,62.669696969696965,145.42866376527198,82.48212704412495,17.322680689797476,62.94653672114703,0.0,11.575984052660175,2881.1497920438665,2020-02-05,2020-05-14,0.567165542944509,1455.2247166567204,Medianeira,2020
4,16.205454545454543,28.555909090909093,22.380681818181817,78.28,63.2,55.38748487463112,22.17574779793115,49.45208152500416,33.21173707669997,23.974851366862165,10.95068680211478,1611.8684722759951,2020-02-05,2020-05-14,0.4003747028435337,1280.7068060257764,Medianeira,2020
1,21.11764705882353,32.24588235294117,26.68176470588235,84.17,66.24705882352941,23.766360123735222,18.6621691039811,12.719667663098106,5.104191019754123,58.19786651492352,12.644465770085626,2183.408948854086,2020-02-15,2020-05-24,0.7852346344505392,8556.098670482443,Medianeira,2020
2,20.856428571428573,33.58,27.218214285714286,62.6,60.18678571428571,93.88425590323949,47.69819029148105,16.743556307190847,46.186065611758444,10.877921064426216,12.0883197536113,3195.428014558231,2020-02-15,2020-05-24,0.5080531323658839,2242.3797603140483,Medianeira,2020
3,15.944242424242423,29.709393939393937,22.82681818181818,48.18,62.38696969696969,131.7538412589161,56.92343854312957,8.00011776406127,74.83040271578655,0.0,11.336748372661482,2719.0670397433423,2020-02-15,2020-05-24,0.4320438630040885,1605.5930871411558,Medianeira,2020
4,13.07272727272727,24.88409090909091,18.978409090909093,209.57000000000002,68.68909090909091,44.30465723072368,29.66903662506846,49.84,14.635620605655214,138.06108113899282,10.766326019787863,1262.293130977647,2020-02-15,2020-05-24,0.6696595455092261,1499.514617114465,Medianeira,2020
1,20.18,32.868235294117646,26.524117647058823,62.58,61.35294117647059,24.93613958240092,10.536561036900066,2.018194017891192,14.399578545500853,57.22435605631985,12.402182667819885,1958.0593281261608,2020-02-25,2020-06-03,0.42254178928066377,6397.2471305694735,Medianeira,2020
2,19.512857142857143,32.097857142857144,25.80535714285714,91.2,62.59392857142857,82.28159691870209,44.71296652573632,28.673395910398835,37.568630392965765,19.83183158175604,11.836136487494432,2971.922047249389,2020-02-25,2020-06-03,0.5434139370181978,2015.9063086669535,Medianeira,2020
3,14.98060606060606,28.612727272727273,21.796666666666667,69.25,61.42515151515151,120.02139246378191,53.50864562371505,44.41475028668379,66.51274684006687,0.0,11.112195803896288,2406.0215359556114,2020-02-25,2020-06-03,0.44582590257700944,1457.3247791195427,Medianeira,2020
4,11.304545454545455,22.098636363636363,16.70159090909091,168.73,77.69363636363636,35.7162348728419,32.414230766199914,48.32279222608087,3.302004106641983,132.407727294403,10.616344135673183,982.7332095661927,2020-02-25,2020-06-03,0.9075489306642236,1430.3785322797173,Medianeira,2020
1,21.445882352941176,34.38117647058824,27.913529411764703,53.93,58.827058823529406,23.284303172038143,10.291022780409332,18.54804044507797,12.993280391628813,30.111683558691322,12.177126453248935,2035.1228732410584,2020-03-05,2020-06-12,0.44197254710064526,6063.351357054017,Medianeira,2020
2,16.34107142857143,29.845714285714283,23.093392857142856,55.63,62.55928571428571,75.66423404888009,49.15387052315098,25.024169921926998,26.510363525729115,0.0,11.611774708792051,2487.0001838196267,2020-03-05,2020-06-12,0.649631508744236,2876.74045666711,Medianeira,2020
3,15.216060606060607,28.133030303030303,21.674545454545456,80.02,64.34454545454545,108.52327440150368,52.812341433960505,33.54950639994126,55.71093296754318,18.682322088025238,10.928151344695264,2301.8110467908236,2020-03-05,2020-06-12,0.48664530005398315,2138.346339689654,Medianeira,2020
4,12.423181818181819,21.28590909090909,16.854545454545455,228.92000000000002,84.67227272727273,28.92942239712131,27.421922489877808,48.621059924478445,1.5074999072435007,186.426523985585,10.516856868991608,981.7263908173896,2020-03-05,2020-06-12,0.9478904249608002,2116.0606758800827,Medianeira,2020
1,20.679411764705883,32.60176470588235,26.640588235294118,60.800000000000004,63.91647058823529,20.709189821207495,12.849088167950304,10.46956393265679,7.860101653257193,42.58963850663028,11.923992771790767,1896.0300575142464,2020-03-15,2020-06-22,0.6204534450107769,6085.993021328908,Medianeira,2020
2,15.305357142857144,29.310357142857146,22.30785714285714,47.05,62.1225,72.31327179309281,38.87152460529351,10.89555330409121,33.441747187799294,7.752486023272066,11.370136117409487,2256.8142704677,2020-03-15,2020-06-22,0.5375434362383036,1864.2318917467608,Medianeira,2020
3,13.127878787878787,24.84272727272727,18.98530303030303,216.64000000000001,70.13969696969697,86.0681670055174,55.417679511436454,42.51942109497102,30.650487494080938,129.59845269768374,10.750414274698551,1860.45389631148,2020-03-15,2020-06-22,0.6438812564450677,1532.2879322548154,Medianeira,2020
4,15.026363636363635,23.109545454545454,19.067954545454544,107.71000000000001,84.16818181818182,30.89772868639747,29.06579187111923,39.26012162663049,1.8319368152782372,81.9035075972213,10.451363931761732,1162.045610357441,2020-03-15,2020-06-22,0.9407096607691833,1514.1179579942805,Medianeira,2020
1,17.886470588235294,30.907647058823528,24.397058823529413,38.71,62.972941176470584,19.052920963437362,12.481525830966463,15.61601022741008,6.5713951324709,15.777416232137309,11.672307019609342,1653.5173009706928,2020-03-25,2020-07-02,0.6550977592841835,5535.978870136004,Medianeira,2020
2,14.961785714285714,28.77607142857143,21.868928571428572,35.800000000000004,61.42821428571428,64.55144708110446,32.02528743815451,17.93337325668893,32.526159642949956,1.4573495325666412,11.142139734698768,2041.6102874096082,2020-03-25,2020-07-02,0.4961203642408965,1351.778345154669,Medianeira,2020
3,12.50878787878788,22.844545454545454,17.67666666666667,287.86,78.5878787878788,70.20527322334691,58.97532696011959,49.84,11.229946263227324,196.97804629656935,10.608088973365,1643.2216243956937,2020-03-25,2020-07-02,0.8400412711520825,1243.6639722671277,Medianeira,2020
4,14.425454545454546,22.379545454545454,18.4025,57.93,80.18909090909091,33.867305379596246,29.863431978265762,48.679580507713055,4.003873401330482,29.226987514021186,10.437007830018253,1083.6087312278785,2020-03-25,2020-07-02,0.8817776213237603,1214.2581896520555,Medianeira,2020
1,19.72,29.898823529411764,24.80941176470588,9.65,70.62647058823529,25.892172532282412,10.660208984944585,4.007293947079111,15.231963547337827,0.0,12.872979971551883,1946.0460948927944,2021-02-05,2021-05-15,0.4117155086794442,7809.12109279326,Medianeira,2021
2,21.22357142857143,33.347142857142856,27.285357142857144,65.57,64.20214285714286,99.090503433026,53.36991833331262,16.207375613766494,45.72058509971338,0.0,12.338780170665663,3348.2795501373553,2021-02-05,2021-05-15,0.5385977110246962,2404.4015721430565,Medianeira,2021
3,20.283939393939395,31.692727272727268,25.988333333333333,21.91,62.550606060606064,144.96827765597737,36.74519679210734,1.372178821659153,108.22308086387004,0.0,11.575984052660175,3331.7173862399004,2021-02-05,2021-05-15,0.2534706032674746,1506.9233445657107,Medianeira,2021
4,14.95590909090909,27.615,21.285454545454545,20.03,64.35181818181819,49.78753380027736,11.764773857281199,9.637404964377954,38.02275994299615,0.0,10.95068680211478,1586.1473513193118,2021-02-05,2021-05-15,0.2362995906661209,1276.7557495497886,Medianeira,2021
1,21.52058823529412,32.87705882352941,27.198823529411765,32.370000000000005,65.88176470588235,26.410809778338752,12.446736414300256,22.704888888888878,13.964073364038498,2.3451945814695385,12.644465770085626,2075.7144463533473,2021-02-15,2021-05-25,0.4712743198244776,7586.829052617599,Medianeira,2021
2,20.841785714285717,32.754642857142855,26.798214285714288,47.75,66.2792857142857,87.8314226729646,53.66500824374403,11.1888014192853,34.16641442922058,5.601079225859544,12.0883197536113,3221.21844728583,2021-02-15,2021-05-25,0.6110001023615739,3159.9154653148735,Medianeira,2021
3,18.39727272727273,30.586969696969696,24.492121212121212,13.25,59.306363636363635,134.5074353844728,22.38179982452651,2.057001594758789,112.1256355599463,0.0,11.336748372661482,2948.5105234125135,2021-02-15,2021-05-25,0.16639823486746966,1842.8599105368435,Medianeira,2021
4,13.722272727272726,26.39,20.056136363636366,31.6,65.64318181818182,44.93010748518704,14.752211799400472,18.90478979535832,30.177895685786563,0.0,10.766326019787863,1376.288292633863,2021-02-15,2021-05-25,0.32833689089802676,1595.3037071067315,Medianeira,2021
1,20.698823529411765,33.00705882352941,26.852941176470587,32.89,63.07411764705882,24.77001311636744,15.771740151997093,8.288812067488637,8.998272964370345,13.900161482595584,12.402182667819885,1998.821618397025,2021-02-25,2021-06-04,0.6367271619075365,7754.372526258295,Medianeira,2021
2,21.06,32.445,26.7525,37.69,65.11857142857143,84.2409291093222,40.17992698183112,5.798885085657518,44.06100212749107,0.0,11.836136487494432,3078.5256084970947,2021-02-25,2021-06-04,0.4769644329265211,1670.6535789025254,Medianeira,2021
3,16.796363636363637,29.063030303030303,22.929696969696973,26.37,62.07121212121212,113.81167741359465,23.89326429565498,8.275620790002538,89.91841311793968,0.0,11.112195803896288,2656.988683447453,2021-02-25,2021-06-04,0.20993684337703086,1010.6926588169304,Medianeira,2021
4,13.915,26.85363636363636,20.38431818181818,20.8,64.24909090909091,43.653883536260786,16.027839411254305,13.047781378748233,27.62604412500648,0.0,10.616344135673183,1338.3859894161797,2021-02-25,2021-06-04,0.3671572403848307,882.7707525512305,Medianeira,2021
1,20.152352941176474,33.27235294117647,26.712352941176473,26.49,62.605294117647055,23.729144944894365,13.889977112492033,18.114949653545025,9.839167832402332,1.6841843450740537,12.202334086968209,1934.1436244532233,2021-03-05,2021-06-12,0.5853551463716201,7124.222614195569,Medianeira,2021
2,20.55035714285714,31.898214285714285,26.224285714285713,21.11,63.67964285714286,78.02197472221829,34.42533028891353,4.799619364631494,43.59664443330476,0.0,11.636460807272154,2903.8177616354265,2021-03-05,2021-06-12,0.4412260829269967,1152.9779498443747,Medianeira,2021
3,15.506060606060606,28.161212121212124,21.833636363636362,31.28,62.51242424242424,105.66904182965706,23.254807592554336,12.82481177207716,82.41423423710273,0.0,10.94758421080101,2406.6764447336473,2021-03-05,2021-06-12,0.2200720967077762,703.3581123622297,Medianeira,2021
4,14.563181818181818,25.53681818181818,20.05,43.74,70.51272727272728,38.39139228982261,18.871577609835203,37.69323416224196,19.51981467998741,0.0,10.52609114190664,1296.1407346312228,2021-03-05,2021-06-12,0.49155752069033376,631.8346838638258,Medianeira,2021
1,21.88,32.50058823529412,27.19029411764706,37.02,69.81588235294119,19.756245954598302,16.730361019271058,14.215277717456827,3.0258849353272446,11.133246746674489,11.949320540987223,1985.231577474697,2021-03-15,2021-06-22,0.8468390734615773,7408.234661889122,Medianeira,2021
2,18.839642857142856,30.684285714285714,24.76196428571429,13.18,59.972500000000004,70.46124075795814,22.676743245894333,4.718534471562493,47.7844975120638,0.0,11.393787132407754,2566.0868176120175,2021-03-15,2021-06-22,0.32183286870850547,-127.79721099222,Medianeira,2021
3,14.145454545454546,27.10151515151515,20.62348484848485,32.64,63.275151515151514,94.27241021638594,25.898913234854813,11.459621236707678,68.37349698153112,0.0,10.766716854057128,2142.982152744267,2021-03-15,2021-06-22,0.2747242080202294,-81.4530992846259,Medianeira,2021
4,13.808636363636365,23.608636363636364,18.708636363636362,93.14,78.34636363636365,33.07730041915592,20.941675283697922,49.59646529490449,12.135625135457998,34.06148065810527,10.45565456848797,1197.4151067089883,2021-03-15,2021-06-22,0.6331131929850619,-75.47628578102447,Medianeira,2021
1,20.351764705882353,31.91941176470588,26.13558823529412,10.58,62.93176470588235,19.665741219621374,10.786468857168696,3.837456722070677,8.879272362452678,3.155185531871739,11.697271520828407,1764.1180896728267,2021-03-25,2021-07-02,0.5484903282672386,5658.695636887676,Medianeira,2021
2,17.195714285714285,29.423928571428572,23.30982142857143,23.49,60.55535714285714,62.547154048156635,16.38452023702737,10.942936485043305,46.16263381112926,0.0,11.164144904827397,2312.624567473417,2021-03-25,2021-07-02,0.26195468820871554,-605.8650416004423,Medianeira,2021
3,14.727878787878787,26.48818181818182,20.6080303030303,57.37,68.42333333333333,82.81965934901936,33.712568809756455,34.60036767528685,49.107090539262906,0.0,10.620521291321428,2073.6948496716805,2021-03-25,2021-07-02,0.4070599791733582,-426.24422640809206,Medianeira,2021
4,10.124090909090908,20.40590909090909,15.264999999999999,88.57000000000001,79.27545454545454,28.535882821627172,23.259315105955896,46.56471705311158,5.276567715671277,53.34633551621937,10.436091434479492,755.4965349529872,2021-03-25,2021-07-02,0.8150900832942796,-410.48086952780915,Medianeira,2021
1,20.973529411764705,34.28235294117647,27.62794117647059,15.61,54.44117647058823,27.749304132620477,9.776687374071066,2.5727210083891547,17.97261675854941,10.45970272865089,12.872979971551883,2191.1116600301293,2022-02-05,2022-05-15,0.3523218934552726,7533.001789810166,Medianeira,2022
2,22.91821428571429,32.590714285714284,27.754464285714285,155.68,71.56107142857142,90.30844007903984,80.73608468268282,38.61418592015722,9.572355396357025,38.90245040554911,12.338780170665663,3487.8108288483736,2022-02-05,2022-05-15,0.8940037565926385,6335.296952858955,Medianeira,2022
3,17.709696969696967,26.44909090909091,22.07939393939394,240.44,82.02181818181818,104.25413225724293,92.61775476655532,49.84,11.6363774906876,136.59643115360188,11.575984052660175,2933.5117632037745,2022-02-05,2022-05-15,0.8883844962425536,5981.738272435771,Medianeira,2022
4,16.626818181818184,24.488636363636363,20.557727272727274,101.60000000000001,86.02954545454546,43.19564999803051,40.81876830598291,49.84,2.376881692047604,60.781231694017094,10.95068680211478,1554.5375583063337,2022-02-05,2022-05-15,0.944974049651852,5915.908105800838,Medianeira,2022
1,23.468235294117648,35.1935294117647,29.330882352941178,64.05,60.032941176470594,26.27898831129805,18.046393920359282,22.704888888888878,8.232594390938768,28.119018914051345,12.644465770085626,2289.0805755031447,2022-02-15,2022-05-25,0.6867233131878462,8027.788984440709,Medianeira,2022
2,20.3325,29.97714285714286,25.15482142857143,183.28,74.96571428571428,76.54481188055351,67.78244835012208,43.87118579887899,8.762363530431424,94.3312547398878,12.0883197536113,3089.2037846203493,2022-02-15,2022-05-25,0.885526356193743,6649.33359930572,Medianeira,2022
3,18.492424242424242,26.431818181818183,22.46212121212121,214.28,84.26242424242423,96.62612896953623,86.92700565844115,49.84,9.699123311095073,121.38418014043783,11.336748372661482,2810.6256291524414,2022-02-15,2022-05-25,0.8996221476061309,6315.610686031368,Medianeira,2022
4,11.715909090909092,20.57090909090909,16.14340909090909,40.5,83.10181818181819,35.29005199014375,32.7858806661361,40.14444797848914,2.5041713240076473,17.409671355374762,10.766326019787863,988.9646600065653,2022-02-15,2022-05-25,0.9290403050495067,6225.979924489995,Medianeira,2022
1,24.087058823529414,32.76647058823529,28.426764705882352,112.82,73.26235294117647,21.910182315951687,20.54050343662883,22.376618822724616,1.3696788793228583,77.10198885175767,12.402182667819885,2226.4268245877547,2022-02-25,2022-06-04,0.9374866507465955,8114.4315152796635,Medianeira,2022
2,18.974285714285713,28.282142857142855,23.628214285714286,155.19,78.88678571428571,62.403232662584124,55.75279763335943,49.839999999999975,6.650435029224695,71.97382118936521,11.836136487494432,2802.972228888406,2022-02-25,2022-06-04,0.8934280365700962,6817.2751672283985,Medianeira,2022
3,16.675454545454546,24.816666666666666,20.746060606060606,205.19,84.69484848484848,91.8173430914097,82.6668287996563,44.14418615502857,9.15051429175339,128.2189850453151,11.112195803896288,2416.272679297959,2022-02-25,2022-06-04,0.9003400230973414,6477.570424375873,Medianeira,2022
4,11.340000000000002,19.613636363636363,15.476818181818182,118.44,84.16727272727273,28.021241017601866,25.396825692136726,48.42317717467326,2.624415325465142,88.76418328821859,10.616344135673183,876.867708410343,2022-02-25,2022-06-04,0.9063419309724154,6356.235076788425,Medianeira,2022
1,21.831764705882353,31.413529411764703,26.622647058823528,87.37,73.04823529411765,20.71564842424894,17.03440485557304,18.44094774976754,3.6812435686758995,57.09671102835202,12.202334086968209,2002.9182871376202,2022-03-05,2022-06-12,0.8222964836395477,6991.108939488269,Medianeira,2022
2,17.84892857142857,26.618571428571432,22.233749999999997,174.02,81.81821428571428,56.23198729342544,49.604610991054834,31.807088468850957,6.6273763023706085,111.04924828986174,11.636460807272154,2561.539796793814,2022-03-05,2022-06-12,0.8821422357387418,5755.174235515795,Medianeira,2022
3,15.073333333333334,23.10090909090909,19.08712121212121,169.70000000000002,84.28696969696969,81.74421837705124,73.93635712176851,40.594026658297466,7.807861255282728,86.97670468878498,10.94758421080101,2005.493808416689,2022-03-05,2022-06-12,0.9044842386373014,5480.3193110756565,Medianeira,2022
4,12.337727272727273,20.16409090909091,16.25090909090909,128.27,85.97272727272728,26.02151315286799,23.149410672376476,47.8474836506736,2.872102480491514,97.86713233524739,10.52609114190664,956.120885977396,2022-03-05,2022-06-12,0.8896258467515383,5359.342190377423,Medianeira,2022
1,18.623529411764707,28.716470588235296,23.669999999999998,119.14999999999999,75.91294117647058,17.836908573250536,14.499843839882343,20.841281366927888,3.3370647333681926,88.98777471851332,11.949320540987223,1723.3199941026141,2022-03-15,2022-06-22,0.8129123822290211,6117.861585325323,Medianeira,2022
2,18.356428571428573,26.512857142857143,22.434642857142855,155.86,83.47821428571429,56.31091321201172,48.37176629427463,33.9563216106899,7.939146917737087,94.37319346196335,11.393787132407754,2397.219523977088,2022-03-15,2022-06-22,0.8590122861647432,4824.046607611987,Medianeira,2022
3,13.404242424242426,21.614242424242423,17.509242424242423,175.21,84.63424242424242,66.60885816157585,60.740204887094,48.387436783133765,5.8686532744818525,100.03867994046213,10.766716854057128,1729.1771781112839,2022-03-15,2022-06-22,0.9118938015684639,4611.532403785367,Medianeira,2022
4,11.25590909090909,19.535454545454545,15.395681818181817,75.37,86.59363636363636,25.028829740722134,24.34585262536829,49.84,0.6829771153538412,49.57158415776547,10.45565456848797,763.0084899543729,2022-03-15,2022-06-22,0.9727123831825573,4586.364857950223,Medianeira,2022
1,17.877058823529413,27.035882352941176,22.456470588235295,84.5,81.92235294117647,14.250941541951669,11.915134536858062,22.704888888888878,2.3358070050936055,57.079087685364165,11.697271520828407,1566.673775033502,2022-03-25,2022-07-02,0.8360945486852571,5608.526151220677,Medianeira,2022
2,17.287857142857142,25.320357142857144,21.30410714285714,180.73,84.34535714285714,50.07691785365574,43.958657867219266,37.01467041372589,6.1182599864364775,122.46156060794374,11.164144904827397,2135.9999910228216,2022-03-25,2022-07-02,0.8778227525041293,4580.67471972355,Medianeira,2022
3,12.313636363636364,20.17909090909091,16.246363636363636,166.45,85.72757575757576,56.623297240360216,51.32843817239631,48.90964835035183,5.294859067963905,103.22658389097775,10.620521291321428,1501.24888728964,2022-03-25,2022-07-02,0.90648974316194,4366.504684957072,Medianeira,2022
4,11.951818181818181,21.020454545454545,16.486136363636362,28.55,84.4890909090909,29.83940873555475,28.024011474786253,41.65028090418451,1.8153972607684947,7.785355971381066,10.436091434479492,798.1098354258728,2022-03-25,2022-07-02,0.9391610846965149,4313.374003216997,Medianeira,2022
1,22.801764705882352,28.81705882352941,25.80941176470588,126.14999999999999,81.13529411764705,20.365455887872614,19.004362137644,20.64577777777777,1.361093750228612,93.04608230680046,12.840299303190928,2170.611287569075,2007-02-05,2007-05-15,0.9331665464440142,9935.276960562662,Mercedes,2007
2,23.221071428571427,30.012857142857143,26.616964285714285,121.08999999999999,75.56214285714285,89.81387873459859,77.74717811869837,28.26497615900576,12.066700615900228,35.72362350007364,12.32613620834709,3265.265004276215,2007-02-05,2007-05-15,0.8656477062798111,7933.036087967252,Mercedes,2007
3,21.98121212121212,30.585454545454546,26.283333333333335,109.42999999999999,73.9009090909091,147.96302558894678,97.94812241388196,24.580914940558863,50.014903175064816,15.165938804564933,11.591818395983525,3282.119613295729,2007-02-05,2007-05-15,0.661977017731374,6592.261829517589,Mercedes,2007
4,16.987272727272728,24.59272727272727,20.79,138.31,81.30727272727273,48.285992661581275,40.24474661419163,35.72911338740418,8.041246047389642,86.91705493896305,10.990043940231274,1490.1801186937587,2007-02-05,2007-05-15,0.8334662786421777,6372.695050590651,Mercedes,2007
1,22.896470588235296,29.318823529411766,26.107647058823527,104.41,81.46470588235294,21.072839700239633,20.397536737865966,20.64577777777777,0.6753029623736682,69.91290770657848,12.620384297623426,2071.4718836638094,2007-02-15,2007-05-25,0.9679538699112302,9286.551668392463,Mercedes,2007
2,23.06,31.036785714285713,27.048392857142858,77.72,71.54928571428572,92.87238208988285,58.28702927909549,7.869672733753852,34.58535281078735,32.20907576492843,12.085025315648931,3141.8849427676923,2007-02-15,2007-05-25,0.6276034701326462,4099.132244777605,Mercedes,2007
3,20.543333333333333,28.39151515151515,24.46742424242424,203.57999999999998,78.36515151515152,122.54076133862576,99.72198452530827,27.32337023206267,22.81877681331749,84.40431797638291,11.361549622325612,2962.6922838809346,2007-02-15,2007-05-25,0.8137862327274048,3717.4748158533007,Mercedes,2007
4,15.438636363636363,22.512272727272727,18.975454545454543,127.64,82.09818181818183,40.92841502358892,33.47520287371604,41.82433877831044,7.453212149872877,79.6638285800362,10.812700910055735,1231.087487348616,2007-02-15,2007-05-25,0.8178963894502816,3582.081698634394,Mercedes,2007
1,23.67470588235294,31.11176470588235,27.39323529411765,63.8,74.53176470588235,23.60329478278434,20.95698649063216,18.82537126245883,2.6463082921521774,30.56386446913123,12.38717478577157,2039.9806540911934,2007-02-25,2007-06-04,0.8878839451650483,7979.888909931256,Mercedes,2007
2,22.43035714285714,30.3325,26.381428571428568,124.03999999999999,72.80035714285714,81.59731931020927,53.67795472151096,34.93637389329792,27.919364588698308,54.25104264764995,11.842249408790394,2970.1803745232583,2007-02-25,2007-06-04,0.6578396836474859,3884.2869391112604,Mercedes,2007
3,18.63939393939394,26.53787878787879,22.58863636363636,177.91,79.62727272727273,111.87765554970395,91.42652517357521,33.4646369269656,20.45113037612872,87.9552117927571,11.145452800806318,2534.6972903551477,2007-02-25,2007-06-04,0.8172009390468243,3529.264936640149,Mercedes,2007
4,12.644545454545455,19.50318181818182,16.073863636363637,91.65,81.13863636363637,33.20062060126557,29.151455433338157,34.03622774630814,4.049165167927409,61.9269537473193,10.668464726614488,809.7027622848079,2007-02-25,2007-06-04,0.8780394735219781,3443.1787346895376,Mercedes,2007
1,22.915294117647058,29.84647058823529,26.38088235294118,72.22999999999999,72.88588235294117,21.00071868134387,16.67188648615464,14.322088154815917,4.328832195189229,45.66388375877754,12.19478863022261,1949.263570990618,2007-03-05,2007-06-12,0.7938721878582767,7144.178155834134,Mercedes,2007
2,22.16,30.669999999999998,26.415,100.57,73.90071428571427,75.88926483389075,55.1521769653638,29.966804190915653,20.737087868526952,29.77310699853647,11.650030053703919,2843.2995195548865,2007-03-05,2007-06-12,0.7267454373959603,4215.909240127447,Mercedes,2007
3,17.73,25.2130303030303,21.47151515151515,223.72,81.5939393939394,97.51349654596287,78.00844964715965,45.32,19.50504689880322,130.358354543756,10.987071489800762,2336.865557979768,2007-03-05,2007-06-12,0.7999759254903802,3794.2675681409237,Mercedes,2007
4,11.672272727272729,19.517272727272726,15.594772727272726,15.459999999999999,79.19954545454546,34.831812527108724,26.736578846798356,24.38804703598028,8.095233680310372,9.65537411722137,10.581686953585065,656.7267807626707,2007-03-05,2007-06-12,0.7675908001052184,3617.903030201254,Mercedes,2007
1,22.598823529411764,30.68235294117647,26.640588235294118,53.480000000000004,71.48,21.32167903272664,11.12200676523413,5.328752756962949,10.19967226749251,43.57546270002514,11.951210096578128,1823.5009079366978,2007-03-15,2007-06-22,0.5216290306294811,5778.385794989232,Mercedes,2007
2,20.830714285714286,28.697857142857142,24.764285714285712,203.57,77.31392857142858,66.03470419354767,56.89583995335833,37.90794555267639,9.138864240189335,114.09496725092822,11.416441967113466,2587.636470184529,2007-03-15,2007-06-22,0.8616051309414009,4578.8373767878265,Mercedes,2007
3,14.822121212121212,22.15787878787879,18.49,128.29,80.80484848484848,83.33553548667663,65.5660901896055,29.375505856343686,17.76944529707113,71.2563495067272,10.813087171288249,1696.2996674623776,2007-03-15,2007-06-22,0.7867722911564894,4090.669875278077,Mercedes,2007
4,14.240909090909092,22.990454545454547,18.61568181818182,3.5900000000000003,79.39727272727272,37.75978193346653,18.824194357584908,14.14131149875878,18.93558757588162,0.0,10.51397251600982,1038.2678629846066,2007-03-15,2007-06-22,0.4985249753495269,3680.3961199696732,Mercedes,2007
1,22.821176470588235,31.40823529411765,27.11470588235294,69.67,71.95647058823529,19.956401866963507,12.182345924831196,16.989212648630897,7.7740559421323105,45.1191524307321,11.708563942537806,1786.7265494383755,2007-03-25,2007-07-02,0.6104480159320833,5516.745004786739,Mercedes,2007
2,19.612142857142857,27.443928571428568,23.528035714285714,177.51,80.06642857142857,60.39217352900463,47.292367240508504,45.31999999999998,13.099806288496127,101.88684540812241,11.19543545185111,2304.599891441541,2007-03-25,2007-07-02,0.7830876830057347,3721.7700929044927,Mercedes,2007
3,12.934848484848485,20.453030303030303,16.69393939393939,92.41,80.82515151515152,72.44923653660946,56.87112547254277,20.632260831984947,15.578111064066693,60.22661369547227,10.672488174940948,1313.6514277259935,2007-03-25,2007-07-02,0.7849789478982999,3321.6406323760098,Mercedes,2007
4,14.051363636363636,23.508636363636366,18.78,0.82,76.15772727272727,39.61828397310803,12.687321312024297,8.76493951996065,26.930962661083733,0.0,10.49516704424222,1130.0622782491869,2007-03-25,2007-07-02,0.32023904217144183,2870.056308810775,Mercedes,2007
1,23.41470588235294,33.10764705882353,28.261176470588236,38.9,62.21764705882353,26.996719317102066,17.098574101460454,8.689672796653394,9.898145215641614,17.419923167023597,12.840299303190928,2189.421043563923,2008-02-05,2008-05-14,0.6333574795004344,8606.008395303716,Mercedes,2008
2,22.325357142857143,30.59107142857143,26.458214285714288,110.89,68.45214285714286,95.88964711868196,69.08354209228406,16.301339690891698,26.80610502639789,34.19479101347763,12.32613620834709,3268.7604571546185,2008-02-05,2008-05-14,0.7204483921687588,4997.273169429245,Mercedes,2008
3,20.706060606060603,30.075151515151514,25.39060606060606,67.93,65.33545454545455,149.7552024978427,56.7505132513666,27.480826439525103,93.0046892464761,0.0,11.591818395983525,3205.5124089099354,2008-02-05,2008-05-14,0.3789552035909011,3445.5079203748264,Mercedes,2008
4,15.419545454545455,24.004545454545454,19.712045454545457,69.73,75.4659090909091,48.09620817534571,38.20477952978158,35.30435199777264,9.891428645564124,23.701694911970872,10.990043940231274,1421.3580307980458,2008-02-05,2008-05-14,0.7943407802647839,3303.7878262756676,Mercedes,2008
1,24.197058823529414,32.135882352941174,28.166470588235292,75.32,67.7570588235294,24.464890364308694,18.771492180101507,17.24715857993386,5.6933981842071875,43.585462168066805,12.620384297623426,2167.6122108229033,2008-02-15,2008-05-24,0.7672829062617357,8600.122607127338,Mercedes,2008
2,21.997857142857146,31.360357142857143,26.67910714285714,55.92,64.86285714285715,96.43331255358437,62.271555282060625,8.26221263089652,34.161757271523754,2.633390666976716,12.085025315648931,3101.9184396068244,2008-02-15,2008-05-24,0.6457473422108014,4030.1981707955906,Mercedes,2008
3,19.01151515151515,28.153636363636366,23.582575757575757,117.85,68.39606060606062,127.86466499594209,59.30039730752184,45.32,68.56426768842026,21.49181532337468,11.361549622325612,2857.899712996965,2008-02-15,2008-05-24,0.4637747051494155,2949.6510695750144,Mercedes,2008
4,15.189545454545454,24.895909090909093,20.042727272727273,8.1,73.84363636363636,47.317563553462946,34.024282277639905,19.395717722360093,13.293281275823045,0.0,10.812700910055735,1355.4208760190947,2008-02-15,2008-05-24,0.7190624309976718,2783.91750939671,Mercedes,2008
1,22.681764705882355,30.66588235294118,26.673823529411763,82.4,69.29529411764706,22.620444214707906,15.557548296550875,20.64577777777777,7.062895918157031,50.57306965511465,12.38717478577157,2032.4156545477122,2008-02-25,2008-06-03,0.6877649328581837,7597.488839027796,Mercedes,2008
2,21.13607142857143,31.076071428571428,26.10607142857143,26.150000000000002,61.97035714285715,92.65121765791947,40.33163984683265,3.5846472288140876,52.31957781108682,2.879490702131033,11.842249408790394,2893.748907948967,2008-02-25,2008-06-03,0.4353060959839987,1162.105389184891,Mercedes,2008
3,17.106969696969696,25.51757575757576,21.312272727272727,123.78,74.70575757575757,105.2464400898236,75.24281051924284,30.395696385481678,30.003629570580756,21.726140324089577,11.145452800806318,2435.8667598135967,2008-02-25,2008-06-03,0.7149202429557343,996.4590281805608,Mercedes,2008
4,15.31590909090909,25.108636363636364,20.21227272727273,31.54,72.74136363636363,47.33716793684942,24.78534846891955,37.150347916562126,22.55181946792987,0.0,10.668464726614488,1319.761594424764,2008-02-25,2008-06-03,0.5235917049787319,901.5147588457506,Mercedes,2008
1,21.595294117647057,30.694705882352938,26.145000000000003,45.519999999999996,66.23588235294118,22.793133165957148,18.237267533471332,11.885769598977618,4.5558656324858156,19.853180591504863,12.170521377925391,1902.8619553869084,2008-03-05,2008-06-12,0.8001211330046428,7444.560091965623,Mercedes,2008
2,20.91857142857143,30.55785714285714,25.738214285714285,52.09,63.25714285714286,80.48136689575956,39.087552096803186,24.888217502174427,41.393814798956384,0.0,11.626266772488975,2771.576144934024,2008-03-05,2008-06-12,0.4856720704983783,1701.1423247390014,Mercedes,2008
3,16.10242424242424,25.13818181818182,20.62030303030303,84.12,75.06545454545454,99.63821174563614,70.23806565799045,16.18391082606347,29.400146087645698,22.58624101812051,10.96837616643981,2223.421736400779,2008-03-05,2008-06-12,0.7049310141906141,1450.1651544999224,Mercedes,2008
4,14.564090909090908,23.495454545454546,19.029772727272725,72.72,73.90045454545454,41.01535748328034,23.657426739598257,45.32,17.357930743682083,19.926484086465216,10.572809045693553,1193.6271562272336,2008-03-05,2008-06-12,0.5767943568270021,1327.4215391164805,Mercedes,2008
1,21.833529411764708,31.405882352941177,26.61970588235294,21.37,64.93705882352941,22.393627444530537,14.963496129907655,6.821482048860006,7.430131314622881,6.1312440434545605,11.926826707684128,1830.2215204031293,2008-03-15,2008-06-22,0.6682033166342761,6260.384099587056,Mercedes,2008
2,19.611071428571428,29.163214285714286,24.38714285714286,67.27,67.01821428571428,70.54396630851943,44.363174342766875,25.695330376245387,26.180791965752547,4.0329773298477445,11.393678390955232,2500.2678628325684,2008-03-15,2008-06-22,0.6288726969043312,2775.28489875293,Mercedes,2008
3,14.795151515151515,23.966969696969695,19.381060606060608,75.28,73.86424242424242,92.33238894629558,58.08352568519868,19.807538164632533,34.2488632610969,23.084266526414183,10.797407140596606,1939.112986444028,2008-03-15,2008-06-22,0.629069889212793,2260.566531272687,Mercedes,2008
4,12.755,21.136363636363637,16.945681818181818,63.01,76.96227272727273,33.01109740273866,26.500188936486147,38.25215289056397,6.51090846625252,18.065196337582417,10.509847990669458,948.7982890107082,2008-03-15,2008-06-22,0.8027660702454451,2171.39444718578,Mercedes,2008
1,21.18235294117647,31.578823529411768,26.38058823529412,7.99,58.15117647058824,21.746303432291104,10.10945483866512,2.87299861647814,11.636848593625983,0.0,11.684531695900526,1724.9097178056365,2008-03-25,2008-07-02,0.46488153125158665,5248.7693181988925,Mercedes,2008
2,17.300357142857145,25.495714285714286,21.398035714285715,123.68,74.91785714285713,53.594180527783855,45.603222754316654,35.10791958353666,7.990957773467202,45.84185627862482,11.174260259410062,2104.203136737404,2008-03-25,2008-07-02,0.8508987786589144,4074.8724443772844,Mercedes,2008
3,15.202121212121213,24.866969696969697,20.034545454545455,41.44,73.78030303030303,91.10202180547086,48.26818084736035,28.279738736176316,42.8338409581105,0.0,10.660533264140756,1945.9658292116794,2008-03-25,2008-07-02,0.5298255723723329,3116.922034781863,Mercedes,2008
4,12.082727272727272,20.043636363636363,16.063181818181818,60.79,78.23954545454545,29.472807871392703,27.723313747157977,40.92259484939444,1.7494941242347268,20.4238301396239,10.496047932654564,903.1475028077107,2008-03-25,2008-07-02,0.9406403987068759,3079.9181849325823,Mercedes,2008
1,23.77,31.71705882352941,27.743529411764705,59.11,71.40235294117646,24.42451699813153,18.434181995629242,12.024887188095512,5.990335002502286,32.858345499225436,12.840299303190928,2261.9701392733286,2009-02-05,2009-05-15,0.7547409022270308,9640.981191999197,Mercedes,2009
2,23.89892857142857,32.62357142857143,28.261249999999997,57.98,64.58035714285714,102.56752952595264,52.207738800664075,4.630562230020523,50.359790725288555,13.16658615741092,12.32613620834709,3397.545183299854,2009-02-05,2009-05-15,0.5090084458693526,2540.520683793155,Mercedes,2009
3,21.78,32.56363636363636,27.171818181818182,45.75,58.90393939393939,171.57389144412767,41.73642296565528,8.644139264365245,129.8374684784724,0.0,11.591818395983525,3302.34685656398,2009-02-05,2009-05-15,0.2432562589468723,1579.259120554914,Mercedes,2009
4,18.679545454545455,28.587272727272726,23.633409090909094,76.3,66.87818181818182,59.46771185117088,19.14529066563119,44.09788455180115,40.32242118553969,21.70096404693291,10.990043940231274,1727.8152716917757,2009-02-05,2009-05-15,0.3219442966553998,1365.0939898046668,Mercedes,2009
1,24.181764705882355,31.995294117647056,28.088529411764707,50.26,71.13176470588235,24.096662362606924,19.42959104809311,14.830089566816465,4.667071314513813,20.396721337501646,12.620384297623426,2173.2546280758625,2009-02-15,2009-05-25,0.806318765467032,9152.709505518416,Mercedes,2009
2,23.47607142857143,33.21964285714286,28.347857142857144,30.66,59.86928571428571,100.87496783293223,42.8355640682489,2.654525498567563,58.03940376468332,0.0,12.085025315648931,3218.2277885152444,2009-02-15,2009-05-25,0.42464017573906515,1253.5575066087213,Mercedes,2009
3,20.37030303030303,31.423939393939396,25.897121212121213,38.42,59.71151515151515,158.2597320378671,37.243842359516485,3.830683139051081,121.01588967835063,0.0,11.361549622325612,3002.6953591998026,2009-02-15,2009-05-25,0.23533366245435752,774.280892868052,Mercedes,2009
4,17.258636363636363,26.976363636363637,22.1175,127.16000000000001,72.19772727272728,49.88883725968203,29.852799049149397,45.32,20.03603821053263,55.8178840899017,10.812700910055735,1527.162719898313,2009-02-15,2009-05-25,0.5983863463034671,712.0885371936215,Mercedes,2009
1,24.26529411764706,32.35470588235294,28.31,47.0,67.68235294117646,23.450770725741446,19.734274364311847,13.635839117332608,3.7164963614295976,20.176108740577764,12.38717478577157,2113.093436326318,2009-02-25,2009-06-04,0.8415192231891093,8447.767102140491,Mercedes,2009
2,23.0225,33.20928571428571,28.115892857142857,34.349999999999994,58.894285714285715,99.07987786615215,37.567448180587405,10.418390936745203,61.51242968556474,0.0,11.842249408790394,3009.020631640622,2009-02-25,2009-06-04,0.3791632467627543,580.7406524445146,Mercedes,2009
3,19.354848484848485,30.244848484848486,24.799848484848486,52.7,62.42121212121212,135.90521703203325,35.56968601600388,27.54870492074133,100.33553101602938,0.0,11.145452800806318,2794.84786464399,2009-02-25,2009-06-04,0.26172421333626944,366.3672714289735,Mercedes,2009
4,14.470454545454546,22.641363636363636,18.555909090909093,133.39000000000001,77.45454545454545,38.8948672750376,33.09347737512448,41.12431170946829,5.8013898999131195,86.72091583614858,10.668464726614488,1102.5744206234203,2009-02-25,2009-06-04,0.8508443322639541,355.4381204276491,Mercedes,2009
1,23.451176470588237,32.827058823529406,28.139117647058825,19.24,60.811764705882354,24.502497759790998,17.313340458944815,5.344690232866682,7.189157300846182,3.1281915304107244,12.19478863022261,1996.6378743604007,2009-03-05,2009-06-12,0.7065949205944341,7364.578633247431,Mercedes,2009
2,22.124642857142856,32.910357142857144,27.517500000000002,34.68,58.535357142857144,95.97979318198286,34.94567226266325,5.079017970203429,61.0341209193196,0.0,11.650030053703919,2845.2718677861862,2009-03-05,2009-06-12,0.36409405671883843,339.80964928218816,Mercedes,2009
3,18.086060606060606,28.323939393939394,23.205,87.37,66.57272727272728,116.85882473019541,47.95731763897556,28.167567657048075,68.90150709121986,16.3241326741798,10.987071489800762,2522.199886999183,2009-03-05,2009-06-12,0.41038678721696714,239.63151975821486,Mercedes,2009
4,13.663181818181817,20.972272727272728,17.31772727272727,117.15,81.39318181818182,31.514293425164784,27.297538677234375,43.31633906414536,4.216754747930411,74.70368991566835,10.581686953585065,979.7175098012937,2009-03-05,2009-06-12,0.8661954849806899,233.21876390129722,Mercedes,2009
1,23.06,33.41470588235294,28.23735294117647,11.87,57.75058823529412,24.323659428407314,9.436016942304292,6.764757919242831,14.887642486103022,0.0,11.951210096578128,1878.921714275296,2009-03-15,2009-06-22,0.38793574503366385,5644.170821533796,Mercedes,2009
2,20.60607142857143,31.818214285714284,26.212142857142858,35.15,59.651785714285715,85.1127510385164,34.488494193711006,7.426263725531825,50.62425684480538,0.0,11.416441967113466,2600.5256364402258,2009-03-15,2009-06-22,0.4052094870967547,608.5219347533686,Mercedes,2009
3,17.543030303030303,26.42969696969697,21.986363636363635,173.26000000000002,73.72696969696969,94.19559840247301,53.861395730034,45.32,40.33420267243902,81.50486799549783,10.813087171288249,2306.0481879378335,2009-03-15,2009-06-22,0.5718037428872039,478.23852733715376,Mercedes,2009
4,10.587727272727273,19.30409090909091,14.94590909090909,32.21,80.30363636363637,31.043372694706008,28.28296731535832,39.40153649397868,2.760405379347688,9.845496190662999,10.51397251600982,688.5019694466292,2009-03-15,2009-06-22,0.9110790761527524,469.7334450031204,Mercedes,2009
1,23.218235294117648,33.20882352941176,28.213529411764707,33.019999999999996,60.07235294117647,23.340973116927014,16.413877015950085,11.424404343398855,6.927096100976929,9.747611385701795,11.708563942537806,1790.8290200221759,2009-03-25,2009-07-02,0.7032216237825425,6047.533814431052,Mercedes,2009
2,19.086071428571426,30.282857142857143,24.684464285714284,41.57,60.28214285714286,72.10223908680032,24.6665416942538,28.327862649145054,47.43569739254652,0.0,11.19543545185111,2370.1206740253647,2009-03-25,2009-07-02,0.3421050720014253,79.57107930995848,Mercedes,2009
3,15.002424242424242,23.28636363636364,19.14439393939394,163.66,78.16454545454545,76.78018023872747,61.35537033119628,45.32,15.42480990753119,85.31249231794878,10.672488174940948,1786.2546099838662,2009-03-25,2009-07-02,0.7991042758746872,71.57833451125508,Mercedes,2009
4,12.07818181818182,20.045909090909092,16.062045454545455,103.62,85.22363636363637,29.05528104661636,27.555336088654986,45.32,1.4999449579613762,76.06466391134502,10.49516704424222,914.9444570729161,2009-03-25,2009-07-02,0.9483761676386864,70.83930492295286,Mercedes,2009
1,24.598823529411764,30.308235294117647,27.453529411764706,117.21000000000001,80.79117647058824,21.604447756696448,18.099884474738758,17.086508741020186,3.5045632819576897,86.20073294475516,12.840299303190928,2267.1026319758284,2010-02-05,2010-05-15,0.8377851023351697,9422.610546116815,Mercedes,2010
2,22.978571428571428,30.504285714285714,26.74142857142857,101.25,73.78357142857143,97.76614561981187,65.7228792631755,37.8919286255007,32.04326635663637,14.721700852343993,12.32613620834709,3240.14168461353,2010-02-05,2010-05-15,0.6722457845352251,4790.160055357869,Mercedes,2010
3,20.785757575757575,28.60333333333333,24.69454545454545,173.42000000000002,76.21121212121211,138.18967487376258,75.09830241874165,45.32,63.09137245502093,90.89362620675905,11.591818395983525,3148.568669044832,2010-02-05,2010-05-15,0.5434436580543703,3696.671079253738,Mercedes,2010
4,16.105,23.046363636363637,19.57568181818182,68.57,83.15954545454545,40.54841781948603,37.37408979143875,35.38184701952158,3.174328028047281,41.13406318903967,10.990043940231274,1420.6163413222812,2010-02-05,2010-05-15,0.9217151198801692,3638.792388797373,Mercedes,2010
1,23.09058823529412,28.77294117647059,25.931764705882355,108.35,82.55470588235295,19.753484282028168,18.532123525287922,14.3480384519982,1.2213607567402456,82.01606024493611,12.620384297623426,2103.604325879431,2010-02-15,2010-05-25,0.9381698570590177,9045.903173351482,Mercedes,2010
2,23.49642857142857,30.712142857142858,27.104285714285712,167.26,74.96142857142857,85.39584813523042,64.4292958996791,26.52104270307196,20.966552235551323,90.65769984924714,12.085025315648931,3202.381427497763,2010-02-15,2010-05-25,0.7544780841997226,5714.451957453885,Mercedes,2010
3,18.946363636363635,27.356060606060606,23.151212121212122,125.24,76.65181818181817,124.5935524780186,61.16577873763387,34.112957077198764,63.42777374038473,56.48230688823932,11.361549622325612,2736.916676200772,2010-02-15,2010-05-25,0.4909225037822486,4259.90251007526,Mercedes,2010
4,14.527727272727274,21.118636363636366,17.82318181818182,113.14,84.68181818181819,35.924517940635624,30.73982977019209,44.771415559184646,5.18468817044353,71.74171174782202,10.812700910055735,1232.3980044357647,2010-02-15,2010-05-25,0.8556782813617402,4136.94321977816,Mercedes,2010
1,22.370588235294118,30.16411764705882,26.267352941176473,25.18,71.50529411764707,24.07010934092985,14.237631937249846,7.737838452398821,9.832477403680004,9.750751832573556,12.38717478577157,1905.9237799208736,2010-02-25,2010-06-04,0.5915067412277836,7086.082865266272,Mercedes,2010
2,22.06357142857143,28.940714285714286,25.502142857142854,164.91,77.375,77.88367343352365,52.14872093346265,11.155092011930932,25.73495250006101,109.34402550700524,11.842249408790394,2940.2213905843964,2010-02-25,2010-06-04,0.6695719222588203,3573.921755439305,Mercedes,2010
3,17.651818181818182,25.7130303030303,21.682424242424243,134.09,78.92242424242424,105.57480379765441,59.64241807086544,29.417743534699696,45.93238572678897,56.184930406365794,11.145452800806318,2451.07099896123,2010-02-25,2010-06-04,0.5649304182954165,2796.46943384736,Mercedes,2010
4,14.04,20.816363636363636,17.42818181818182,129.5,87.32454545454546,30.609749917548783,27.631959489481556,45.32,2.977790428067226,85.96578404521814,10.668464726614488,1172.853189605356,2010-02-25,2010-06-04,0.9027175839042044,2742.0599732348173,Mercedes,2010
1,23.304117647058824,31.689411764705884,27.496764705882352,64.89,69.68411764705883,24.397459321622083,15.183585599444553,20.64577777777777,9.21387372217753,34.72563662277768,12.19478863022261,1943.416397718744,2010-03-05,2010-06-12,0.6223429005162108,6687.01952667947,Mercedes,2010
2,20.6525,28.294999999999998,24.47375,107.55,75.89214285714286,78.91445488932834,35.12744400183815,4.909600177979442,43.78701088749019,88.15873359796018,11.650030053703919,2670.6227226861506,2010-03-05,2010-06-12,0.44513320216304836,1121.411858916761,Mercedes,2010
3,16.42787878787879,23.60030303030303,20.01409090909091,211.0,83.15181818181819,83.0675184397169,65.7518839794872,40.28436008696919,17.3156344602297,109.87335611152305,10.987071489800762,2200.348914946011,2010-03-05,2010-06-12,0.7915474690291145,1004.531288790779,Mercedes,2010
4,13.559545454545455,20.730454545454545,17.145,53.82,85.39863636363636,32.433199936775075,30.09820000836178,37.09369392083523,2.3349999284132976,26.912466157772176,10.581686953585065,1062.5430734875952,2010-03-05,2010-06-12,0.9280058725945909,990.0672180731943,Mercedes,2010
1,23.75176470588235,30.03470588235294,26.89323529411765,126.89,79.77941176470588,18.777670114296498,14.61126595320118,13.861647483550772,4.166404161095318,104.02658298251589,11.951210096578128,1954.7419953316598,2010-03-15,2010-06-22,0.7781192162959983,6639.512455357391,Mercedes,2010
2,19.196428571428573,27.767142857142858,23.481785714285714,123.58,75.71321428571427,65.81579242970946,33.64025476838992,45.31999999999998,32.17553766131954,58.481392715160865,11.416441967113466,2385.3770246681934,2010-03-15,2010-06-22,0.5111273985543416,1770.6988657852635,Mercedes,2010
3,14.878181818181819,21.727575757575757,18.30287878787879,121.33000000000001,84.59939393939395,73.7646299213705,63.46582948771182,39.52655476699825,10.298800433658672,63.6576157452899,10.813087171288249,1909.5783378171209,2010-03-15,2010-06-22,0.8603829444459128,1647.0889848283134,Mercedes,2010
4,13.788636363636364,21.48409090909091,17.636363636363637,33.71,83.65681818181818,34.184711680005165,28.17623932511707,31.370130506687463,6.008472354888096,13.69018493519372,10.51397251600982,1036.4802134259792,2010-03-15,2010-06-22,0.8242351021962112,1589.1888994098945,Mercedes,2010
1,20.845294117647057,27.508823529411764,24.17705882352941,18.42,77.20705882352941,18.59360991370001,11.892734867351928,6.559465355242697,6.7008750463480835,6.514021999627599,11.708563942537806,1592.6186784033646,2010-03-25,2010-07-02,0.6396140890634264,5698.237950666695,Mercedes,2010
2,18.575357142857143,26.888928571428572,22.732142857142858,133.82,78.94392857142857,54.66428685724593,35.479964920346525,33.51680364131154,19.18432193689941,71.38269679358464,11.19543545185111,2235.839178297929,2010-03-25,2010-07-02,0.6490520037881651,2698.560164579631,Mercedes,2010
3,13.371818181818181,20.39212121212121,16.881969696969698,131.0,84.8,66.47227659835488,55.856043425083136,34.884984086357264,10.616233173271741,73.77577612987115,10.672488174940948,1599.102568513615,2010-03-25,2010-07-02,0.8402908142078814,2483.0677412316018,Mercedes,2010
4,15.544545454545455,24.064545454545453,19.804545454545455,7.24,82.16045454545454,38.25481502756717,23.10027668100491,19.024707405352352,15.154538346562259,0.0,10.49516704424222,1230.4602662185007,2010-03-25,2010-07-02,0.6038527872728806,2286.335668291297,Mercedes,2010
1,23.298235294117646,28.35705882352941,25.82764705882353,135.29,83.06176470588235,19.488758536650817,17.69395387974159,10.247313586173366,1.7948046569092264,113.89495475630727,12.840299303190928,2173.557804537212,2011-02-05,2011-05-15,0.9079056445009622,10097.399586497173,Mercedes,2011
2,22.869285714285716,29.756071428571428,26.31267857142857,55.16,74.15892857142856,93.13360353134723,50.48161185579823,7.280243875527298,42.651991675549006,7.645457854847837,12.32613620834709,3296.1556566503223,2011-02-05,2011-05-15,0.5420343457322249,3161.006274447164,Mercedes,2011
3,21.60242424242424,29.874848484848485,25.738636363636363,127.02,74.00848484848484,136.59843455187533,99.46776382770379,31.97643334629762,37.13067072417155,2.856046701525888,11.591818395983525,3352.417389013006,2011-02-05,2011-05-15,0.7281764549792801,2731.3883087706804,Mercedes,2011
4,18.38681818181818,26.735454545454544,22.561136363636365,15.33,72.95045454545455,54.54603160163655,32.651511095787875,14.654922250509744,21.894520505848675,0.0,10.990043940231274,1661.4605745268345,2011-02-05,2011-05-15,0.5986047038994532,2512.1150249777647,Mercedes,2011
1,23.614117647058823,28.808823529411764,26.211470588235294,39.36,79.49764705882353,20.242843219385943,15.972566712957015,17.718996666542893,4.270276506428928,10.45132246384274,12.620384297623426,2128.556586660128,2011-02-15,2011-05-25,0.789047592764073,8991.325758266312,Mercedes,2011
2,22.728928571428572,30.620714285714286,26.674821428571427,84.56,73.15642857142858,85.11081060555686,54.03689809413986,42.04194472897046,31.073912511417014,6.200153843432574,12.085025315648931,3202.46733913749,2011-02-15,2011-05-25,0.6349005221507289,4067.233248992714,Mercedes,2011
3,19.911212121212124,28.336666666666666,24.123939393939395,75.34,72.6651515151515,129.8180746447251,95.2886006636823,22.093344065288154,34.529473981042784,0.0,11.361549622325612,2923.677100596523,2011-02-15,2011-05-25,0.7340164374218299,3526.32465429098,Mercedes,2011
4,17.479545454545455,26.688636363636363,22.08409090909091,3.34,71.71863636363636,52.54265564927373,17.800218889922377,7.633125175365778,34.74243675935136,0.0,10.812700910055735,1565.2408860074008,2011-02-15,2011-05-25,0.33877653632013216,3059.986933896981,Mercedes,2011
1,22.993529411764705,29.027058823529412,26.01029411764706,37.21,76.06529411764707,20.562821093129273,16.34373472664954,16.945980735064442,4.219086366479732,10.466506760508242,12.38717478577157,2020.6245092759953,2011-02-25,2011-06-04,0.7948196724869881,8392.097723901777,Mercedes,2011
2,21.980357142857144,30.403214285714284,26.191785714285714,76.42999999999999,71.10321428571429,82.56374394875873,56.26047032576642,16.02366952584744,26.303273622992304,21.091840883450587,11.842249408790394,2995.2076873268616,2011-02-25,2011-06-04,0.6814185941069141,4381.748286992585,Mercedes,2011
3,19.53666666666667,28.094545454545454,23.815606060606058,66.64,74.0969696969697,117.59351701008126,72.60689173441266,10.056777791434788,44.986625275668615,0.0,11.145452800806318,2752.4422718796072,2011-02-25,2011-06-04,0.6174395798383007,3543.60655413524,Mercedes,2011
4,14.905454545454546,24.82590909090909,19.86568181818182,3.19,69.64454545454545,47.28311373225358,9.445571565586029,3.801206225848759,37.83754216666755,0.0,10.668464726614488,1374.162543580148,2011-02-25,2011-06-04,0.19976627637242195,2976.4638605578934,Mercedes,2011
1,22.529411764705884,30.795882352941174,26.662647058823527,19.52,70.4135294117647,23.195778664534544,13.49037147319631,6.41665596862224,9.705407191338232,4.1989161502793735,12.19478863022261,1926.5010256249723,2011-03-05,2011-06-12,0.5815873512288067,7071.988943441132,Mercedes,2011
2,21.586785714285714,29.71142857142857,25.64910714285714,108.02,73.645,74.77090174274971,55.52454945504606,26.834872024575287,19.246352287703647,32.077234489000894,11.650030053703919,2869.6172646757323,2011-03-05,2011-06-12,0.7425956911162986,4341.44830381167,Mercedes,2011
3,18.11,26.922424242424242,22.51621212121212,34.33,72.60090909090908,111.53485942539241,55.08197417331826,6.082897851257023,56.45288525207415,0.0,10.987071489800762,2512.9581878377535,2011-03-05,2011-06-12,0.49385433807054324,3242.7456910790324,Mercedes,2011
4,13.381363636363636,23.687272727272727,18.534318181818183,45.169999999999995,70.44818181818182,43.5505823871557,12.96913400705183,38.28376384420519,30.58144838010387,0.0,10.581686953585065,1184.428417616194,2011-03-05,2011-06-12,0.297794731922501,2787.331069616771,Mercedes,2011
1,22.865294117647057,31.087058823529414,26.976176470588232,67.52,73.77588235294118,20.025309367974984,12.634850049412897,20.141367583932492,7.390459318562085,39.275226288239985,11.951210096578128,1941.5505520595427,2011-03-15,2011-06-22,0.6309440626979222,6795.71944112056,Mercedes,2011
2,20.66107142857143,29.212857142857143,24.936964285714286,63.83,72.54392857142857,71.71997640612707,53.99277849671858,22.332142238691063,17.727197909408495,7.646446848522849,11.416441967113466,2590.4664345962165,2011-03-15,2011-06-22,0.7528276109709642,4276.14812697131,Mercedes,2011
3,16.430303030303033,25.736969696969695,21.083636363636362,14.87,71.40272727272728,101.55728449556572,33.650462100747916,3.5516801379431464,67.90682239481781,0.0,10.813087171288249,2251.1912808229667,2011-03-15,2011-06-22,0.33134464226657406,2846.5134491907497,Mercedes,2011
4,13.72909090909091,24.250454545454545,18.989772727272726,44.4,73.3640909090909,42.4509675832026,23.183522629869483,24.768157508073656,19.26744495333311,0.0,10.51397251600982,1189.4546006829914,2011-03-15,2011-06-22,0.5461247163431667,2588.121029353861,Mercedes,2011
1,21.79294117647059,29.972352941176467,25.88264705882353,68.12,71.90764705882353,18.628149322512684,13.753608198622025,8.015910663060168,4.874541123890659,50.99378259349072,11.708563942537806,1772.8831392682732,2011-03-25,2011-07-02,0.7383239183078897,6445.268257377185,Mercedes,2011
2,19.302500000000002,27.900714285714287,23.601607142857144,66.44,73.6842857142857,63.71296455682551,46.19877545972633,16.085500141646474,17.514189097099184,12.171635061687368,11.19543545185111,2339.5181360974007,2011-03-25,2011-07-02,0.7251079239692528,3787.6384996089496,Mercedes,2011
3,15.166666666666666,24.819696969696967,19.993181818181817,43.919999999999995,70.97030303030303,94.2362318786686,26.55083339189089,33.45466674975558,67.68539848677771,0.0,10.672488174940948,2040.4322163615186,2011-03-25,2011-07-02,0.2817476130208148,2427.3983029297556,Mercedes,2011
4,13.277727272727274,22.29,17.783863636363638,56.42,78.46136363636364,37.20919812742142,25.089034635852578,45.32,12.12016349156884,19.465632113903002,10.49516704424222,1045.9327420822883,2011-03-25,2011-07-02,0.6742696940131894,2269.262864536721,Mercedes,2011
1,24.95705882352941,35.56058823529412,30.258823529411764,63.17,51.63411764705882,31.188619046195317,12.604591012770872,20.64577777777777,18.584028033424445,34.023985029539524,12.840299303190928,2262.637975831144,2012-02-05,2012-05-14,0.40414072178384886,7762.296956989539,Mercedes,2012
2,23.02892857142857,31.561785714285715,27.295357142857142,63.25,66.70892857142857,103.42186346420208,41.770645017431754,2.7585841164535303,61.65121844677033,39.366548643892486,12.32613620834709,3294.69017499467,2012-02-05,2012-05-14,0.40388602195211887,821.4763802595445,Mercedes,2012
3,20.24878787878788,29.98030303030303,25.114545454545453,126.81,64.84787878787878,142.56908711226004,84.57252461521576,41.20030713391951,57.99656249704429,3.795752367318258,11.591818395983525,3258.296991919603,2012-02-05,2012-05-14,0.5932038026491864,654.3896464079977,Mercedes,2012
4,15.556818181818182,23.564999999999998,19.560909090909092,118.30000000000001,78.43954545454545,46.6091117094984,39.022932654514726,42.870878566876755,7.586179054983678,77.60649591252803,10.990043940231274,1375.7132234096014,2012-02-05,2012-05-14,0.8372382828862687,633.0877299058351,Mercedes,2012
1,24.38470588235294,31.090588235294117,27.73764705882353,121.66,71.16999999999999,23.262147967827783,18.495866719312428,18.447851937423525,4.766281248515353,89.07566814184509,12.620384297623426,2182.949296228928,2012-02-15,2012-05-24,0.7951057118582833,8721.320235230927,Mercedes,2012
2,21.375,31.856785714285714,26.615892857142857,47.15,57.027499999999996,100.23045095382902,44.52049163705324,21.077360300370287,55.70995931677579,0.0,12.085025315648931,3014.469583979877,2012-02-15,2012-05-24,0.4441812963363951,1450.110874159098,Mercedes,2012
3,19.085151515151516,27.946666666666665,23.51590909090909,172.04,71.81212121212121,119.15660460123837,81.4127878405167,35.542011558785056,37.743816760721664,76.16256090106853,11.361549622325612,2893.5900865052977,2012-02-15,2012-05-24,0.6832419244654324,1220.4437092539054,Mercedes,2012
4,15.951363636363636,24.188181818181818,20.069772727272728,71.6,78.53090909090909,47.9039113697456,34.84231093619173,45.32,13.06160043355387,26.97970062259332,10.812700910055735,1408.9022902814593,2012-02-15,2012-05-24,0.7273374958312253,1153.8898616614658,Mercedes,2012
1,22.97,31.52470588235294,27.24735294117647,44.05,68.37882352941176,24.78651873680961,14.252554034269272,3.5068521866717965,10.533964702540342,32.83681600128115,12.38717478577157,1964.1412442375895,2012-02-25,2012-06-03,0.5750123357623146,7354.313735808066,Mercedes,2012
2,20.66857142857143,30.90857142857143,25.78857142857143,60.23,59.5375,86.63695828435236,48.017256680634326,15.71959550603747,38.61970160371803,0.0,11.842249408790394,2930.728431349858,2012-02-25,2012-06-03,0.5542352551556142,2436.8730568859996,Mercedes,2012
3,17.775151515151517,26.04878787878788,21.9119696969697,185.70000000000002,76.12515151515152,105.66133295826998,81.59737696782676,42.4300038516899,24.063955990443215,77.39221468652082,11.145452800806318,2521.097621954146,2012-02-25,2012-06-03,0.7722539048419248,2159.3788953351454,Mercedes,2012
4,16.85409090909091,24.253636363636364,20.553863636363637,82.1,81.77863636363637,38.881127890748644,31.54865659596175,45.32,7.332471294786897,47.661347255728145,10.668464726614488,1444.598985677935,2012-02-25,2012-06-03,0.8114131021252706,2077.932781893662,Mercedes,2012
1,22.93470588235294,33.465294117647055,28.2,4.62,57.42,26.28157091259969,6.321942033790739,2.644481560580822,19.959628878808953,0.0,12.170521377925391,1940.7082585668027,2012-03-05,2012-06-12,0.2405465812836906,5622.019324402495,Mercedes,2012
2,20.168928571428573,29.957142857142856,25.063035714285714,86.48,64.115,76.64010371549091,54.45635068108954,23.52094594830277,22.183753034401374,11.14718493118851,11.626266772488975,2760.339946275472,2012-03-05,2012-06-12,0.7105464116182104,3181.048823302395,Mercedes,2012
3,16.151212121212122,24.338181818181816,20.24469696969697,155.29,77.20333333333333,97.26244215138193,76.318547508504,23.932534192566898,20.943894642877936,78.55986424723189,10.96837616643981,2196.4294044629773,2012-03-05,2012-06-12,0.7846661652780599,2838.5551025226846,Mercedes,2012
4,15.222272727272726,22.332727272727272,18.7775,112.33,83.58227272727272,30.736270713302307,28.622208162493102,40.759953727710986,2.114062550809207,66.88037230236282,10.572809045693553,1177.5997612988344,2012-03-05,2012-06-12,0.931219289076138,2799.5075349330714,Mercedes,2012
1,20.056470588235292,30.51529411764706,25.285882352941176,46.11,55.55705882352942,22.60361808453743,15.085819883829378,12.887219807936269,7.517798200708052,23.02347024471083,11.926826707684128,1743.6894255683612,2012-03-15,2012-06-22,0.667407307423461,6511.194586405778,Mercedes,2012
2,20.279642857142857,29.12857142857143,24.704107142857143,170.93,72.31535714285714,60.649369458756034,51.53273542813963,45.31999999999998,9.116634030616407,86.96448437979666,11.393678390955232,2666.202887401352,2012-03-15,2012-06-22,0.8496829544647438,5043.079286705272,Mercedes,2012
3,15.880909090909089,23.695757575757575,19.788333333333334,96.89,79.47878787878788,89.21411969916852,67.5441379824629,44.56730032040562,21.669981716705628,30.09856169713145,10.797407140596606,2026.0101076038975,2012-03-15,2012-06-22,0.7571014342821835,4430.600923934303,Mercedes,2012
4,14.567727272727273,21.548636363636362,18.05818181818182,105.00999999999999,84.93409090909091,28.60875544039807,26.787924239707046,44.702713360599724,1.820831200691023,78.08666272009886,10.509847990669458,1074.4471156033953,2012-03-15,2012-06-22,0.936354057607139,4374.202969700207,Mercedes,2012
1,19.46470588235294,29.893529411764707,24.679117647058824,49.96,60.40941176470589,19.720466270701305,12.238266455336362,19.97660194287201,7.482199815364941,22.20260174438491,11.684531695900526,1649.7873481463105,2012-03-25,2012-07-02,0.6205870737203995,5836.965601828859,Mercedes,2012
2,17.714285714285715,26.183214285714286,21.94875,150.35,75.51892857142857,57.17293314483755,44.91161884140243,18.914998653576447,12.261314303435123,106.49998444789314,11.174260259410062,2151.19906958902,2012-03-25,2012-07-02,0.7855398764941227,3959.2710560271976,Mercedes,2012
3,15.455151515151515,22.847878787878788,19.151515151515152,138.83,80.99181818181819,74.20550980111476,58.44066226121655,38.12464499319566,15.764847539898215,61.179691399164234,10.660533264140756,1875.5124589053876,2012-03-25,2012-07-02,0.7875515230317657,3538.700503148502,Mercedes,2012
4,15.400454545454545,23.08090909090909,19.24068181818182,62.0,86.54590909090909,32.219789551780764,27.562393806668588,32.597222471374664,4.657395745112175,39.96502871515241,10.496047932654564,1204.8096937123635,2012-03-25,2012-07-02,0.8554492189457902,3436.3961188190938,Mercedes,2012
1,23.475882352941177,30.435294117647057,26.95558823529412,142.72,75.53470588235294,21.166455288511095,18.629616963172094,20.64577777777777,2.5368383253390037,107.73168138307055,12.840299303190928,2292.372203853765,2013-02-05,2013-05-15,0.8801481735717945,9711.023521473016,Mercedes,2013
2,22.80142857142857,30.132857142857144,26.467142857142857,144.97,76.89928571428571,76.00586469614942,71.12889526443787,42.53468415895888,4.8769694317115535,51.95219835438102,12.32613620834709,3419.903547848609,2013-02-05,2013-05-15,0.9358343010607358,8776.351603966592,Mercedes,2013
3,18.35242424242424,26.755151515151518,22.55378787878788,108.75,75.65636363636364,133.3240958443126,100.0391313692475,18.58980013311124,33.28496447506512,32.65575265660015,11.591818395983525,2845.569984599742,2013-02-05,2013-05-15,0.7503454700796685,7680.823636914678,Mercedes,2013
4,17.293181818181818,27.322727272727274,22.307954545454546,124.34,74.04409090909091,55.23487368321279,27.71675718064226,45.32,27.51811650257053,69.89304295246897,10.990043940231274,1642.1741923942427,2013-02-05,2013-05-15,0.5017981454905736,6915.503520900532,Mercedes,2013
1,23.204705882352943,30.079411764705885,26.642058823529414,72.99,78.12882352941176,22.89094029294244,20.805611483230212,15.316534989425437,2.0853288097122276,43.41407574956657,12.620384297623426,2089.5580882596864,2013-02-15,2013-05-25,0.9089015661643591,9092.463177190963,Mercedes,2013
2,21.551428571428573,29.022142857142857,25.286785714285713,132.2,75.88392857142857,78.336705919734,59.28403694294705,13.452846468116892,19.052668976786947,74.7796515783615,12.085025315648931,3134.5567166254255,2013-02-15,2013-05-25,0.7567849100483132,5775.326802906612,Mercedes,2013
3,18.30818181818182,27.34,22.82409090909091,104.39,76.29484848484849,123.14863116654641,79.48259450460579,7.699688940138413,43.666036661940616,30.66056302337269,11.361549622325612,2750.205352955818,2013-02-15,2013-05-25,0.6454200404153367,4751.419230725188,Mercedes,2013
4,16.317272727272726,24.21681818181818,20.267045454545453,175.18,80.31272727272727,39.44529711715353,34.10313725826964,44.17185115734179,5.342159858883889,104.60470052452698,10.812700910055735,1461.9964863346663,2013-02-15,2013-05-25,0.8645678889674085,4622.720283361596,Mercedes,2013
1,23.23941176470588,31.311176470588233,27.27529411764706,73.15,74.51411764705882,20.737445385091892,19.170294960625338,20.64577777777777,1.5671504244665533,39.88014948381912,12.38717478577157,2166.4614877137114,2013-02-25,2013-06-04,0.9244289547065824,8483.091692831213,Mercedes,2013
2,20.431428571428572,27.62857142857143,24.03,139.39,77.60035714285713,70.03335744747883,57.11796450706405,36.243161989971284,12.91539294041478,66.67465128074242,11.842249408790394,2786.909253331585,2013-02-25,2013-06-04,0.8155822680627497,6136.44289811972,Mercedes,2013
3,16.60363636363636,26.70121212121212,21.652424242424242,108.78999999999999,73.32636363636364,118.70145658785985,69.68878598578863,45.32,49.01267060207122,30.02437600418265,11.145452800806318,2454.7765332676468,2013-02-25,2013-06-04,0.5870929303568126,4869.552570572039,Mercedes,2013
4,16.471363636363638,23.215,19.84318181818182,148.1,86.10772727272727,32.42610089891766,31.296289590134997,43.09863487275539,1.1298113087826627,119.02507553710961,10.668464726614488,1339.3679667120118,2013-02-25,2013-06-04,0.9651573492506966,4835.618946667677,Mercedes,2013
1,22.704705882352943,29.485882352941175,26.095294117647057,120.68,78.91823529411764,16.409458014931914,16.29749087944525,20.543385163234053,0.11196713548666448,90.38534617954292,12.19478863022261,2073.4592707171073,2013-03-05,2013-06-12,0.9931766707111972,8208.317149602837,Mercedes,2013
2,18.881785714285716,26.830000000000002,22.85589285714286,108.75,76.32321428571429,69.42619390856976,57.42304166339727,26.3939811202995,12.003152245172481,45.47636237953728,11.650030053703919,2506.4118172200283,2013-03-05,2013-06-12,0.8271091706254278,6079.603009956299,Mercedes,2013
3,16.934545454545457,26.425454545454546,21.680000000000003,154.21,75.91303030303031,104.30536730009999,56.17941193989063,36.6046498629722,48.12595536020936,87.81991931743667,10.987071489800762,2362.6654595194414,2013-03-05,2013-06-12,0.5386051877680965,4677.054365344648,Mercedes,2013
4,15.799545454545456,23.362272727272728,19.58090909090909,63.839999999999996,85.23681818181818,34.70768036008899,32.59738407194571,34.73152197572425,2.1102962881432816,33.115743815302245,10.581686953585065,1288.2451356374577,2013-03-05,2013-06-12,0.939198002682716,4620.179515949753,Mercedes,2013
1,20.158235294117645,27.635882352941177,23.897058823529413,64.65,75.1770588235294,18.269435755030532,14.01103499143386,7.819060288913749,4.258400763596672,49.36612694187461,11.951210096578128,1692.9705950297673,2013-03-15,2013-06-22,0.7669112051025377,6793.933515656308,Mercedes,2013
2,17.9725,26.686785714285715,22.329642857142858,104.39,77.12392857142858,67.37497213614763,41.27830008142994,9.30699116804095,26.096672054717686,61.623769039442855,11.416441967113466,2325.7345940034625,2013-03-15,2013-06-22,0.612665189649608,2846.6430909264463,Mercedes,2013
3,16.776666666666667,25.05666666666667,20.916666666666668,191.06,79.36666666666666,85.79807692563324,60.11972077054783,38.54629748206141,25.67835615508541,101.7009729154317,10.813087171288249,2218.634687589965,2013-03-15,2013-06-22,0.7007117516475049,2420.659678742392,Mercedes,2013
4,15.37909090909091,22.456818181818182,18.917954545454545,177.19,87.14999999999999,31.37715731492876,27.872356459889293,45.17605294570202,3.504800855039466,142.6878880764701,10.51397251600982,1255.1608225263822,2013-03-15,2013-06-22,0.8883008801638019,2366.5825676346917,Mercedes,2013
1,19.975882352941174,27.801764705882352,23.888823529411766,64.42999999999999,76.16294117647058,17.576707926282484,11.697794019792283,18.309566728122128,5.878913906490201,39.48743371228693,11.708563942537806,1598.0115911065748,2013-03-25,2013-07-02,0.6655281562880468,6024.563905448944,Mercedes,2013
2,17.0225,26.863214285714285,21.942857142857143,77.78,73.24607142857143,66.41654729581099,32.87493918050333,30.518673194137385,33.541608115307646,32.695954353481405,11.19543545185111,2129.1689108907212,2013-03-25,2013-07-02,0.49498115332738496,1460.7864325960068,Mercedes,2013
3,15.897878787878788,23.696666666666665,19.79727272727273,180.03,84.06,71.92200901347398,62.87817940163574,31.00754784083383,9.043829611838234,116.66294595166781,10.672488174940948,2025.689582576202,2013-03-25,2013-07-02,0.8742550474341736,1368.943172258213,Mercedes,2013
4,15.113636363636363,20.915454545454544,18.014545454545456,277.03,89.86545454545454,24.56471171078253,22.31041686108825,43.652021995269806,2.2542948496942796,242.07510898447578,10.49516704424222,1202.204463817167,2013-03-25,2013-07-02,0.9082303559579424,1343.8176867318248,Mercedes,2013
1,24.617058823529412,34.518235294117645,29.56764705882353,32.86,58.61,28.309615715093507,20.370541666929363,15.704163114987022,7.939074048164144,0.9441137403122242,12.840299303190928,2245.463159765255,2014-02-05,2014-05-15,0.7195626345457116,9208.627188232795,Mercedes,2014
2,22.752142857142854,31.583214285714288,27.167678571428574,162.66,69.81035714285714,88.76696313146614,69.76927365280817,44.795495150104976,18.997689478657975,63.79939431207387,12.32613620834709,3489.2954512451197,2014-02-05,2014-05-15,0.7859824330080786,6252.415208990933,Mercedes,2014
3,20.837272727272726,27.708787878787877,24.273030303030303,261.15,79.95363636363636,127.87307950245113,102.24026415406043,42.83482562993363,25.632815348390697,160.8704053661109,11.591818395983525,3087.8284053305033,2014-02-05,2014-05-15,0.7995448655172228,5625.750843210713,Mercedes,2014
4,17.753636363636364,24.417727272727276,21.08568181818182,95.02,83.56681818181818,46.127042794003344,38.574345836499056,40.54712558450247,7.552696957504289,58.73335420893209,10.990043940231274,1549.5320724695696,2014-02-05,2014-05-15,0.8362631441336149,5441.522292219716,Mercedes,2014
1,22.953529411764706,32.04058823529412,27.49705882352941,41.1,65.44764705882353,23.50769841641415,19.45095959323783,20.64577777777777,4.056738823176321,7.549484851206625,12.620384297623426,2242.7335240750767,2014-02-15,2014-05-25,0.8274293488322225,8977.134712952471,Mercedes,2014
2,21.967142857142857,30.360357142857143,26.16375,167.22,73.025,84.61100480851272,64.48868002406519,44.29940630821841,20.122324784447525,79.07769144549417,12.085025315648931,3144.7698773659035,2014-02-15,2014-05-25,0.7621783971247315,5774.699862960116,Mercedes,2014
3,19.874848484848485,26.55575757575758,23.21530303030303,304.9,81.77242424242424,112.06168198948794,94.22250763513861,39.2429490384507,17.83917435434933,215.73394963462908,11.361549622325612,2817.3591161230306,2014-02-15,2014-05-25,0.8408093289548987,5315.060689825777,Mercedes,2014
4,17.28090909090909,23.701363636363638,20.491136363636365,113.06,84.40363636363637,40.13573881265762,31.452110854199386,45.32,8.683627958458237,75.53083818425132,10.812700910055735,1437.8949709250692,2014-02-15,2014-05-25,0.7836435003977136,5085.0711046208935,Mercedes,2014
1,22.16764705882353,31.46941176470588,26.818529411764708,55.33,66.52882352941177,22.079096755964308,18.777428101538852,16.805333171748988,3.301668654425453,26.29346094893438,12.38717478577157,2105.8751006940574,2014-02-25,2014-06-04,0.8504617878657758,8149.252470542231,Mercedes,2014
2,22.325714285714287,30.16107142857143,26.243392857142855,178.75,76.22785714285715,81.84449558191506,60.14547989333781,43.128509289250175,21.699015688577244,92.281343989161,11.842249408790394,2976.6580877120564,2014-02-25,2014-06-04,0.734875075784913,4908.397555049051,Mercedes,2014
3,18.34151515151515,24.53818181818182,21.439848484848483,264.42,84.02787878787879,92.39402523541104,79.61105250928345,24.26371302570486,12.782972726127579,203.67374375426186,11.145452800806318,2489.185534127269,2014-02-25,2014-06-04,0.8616471931647333,4568.852265646852,Mercedes,2014
4,14.20909090909091,21.176363636363636,17.69272727272727,144.0,84.86863636363636,33.12038630473231,28.428261287122968,42.35622878080566,4.692125017609335,97.47922295777624,10.668464726614488,1095.9955460122999,2014-02-25,2014-06-04,0.8583312110420973,4439.3995121665,Mercedes,2014
1,22.69235294117647,31.479999999999997,27.086176470588235,116.8,70.78705882352942,21.665985332823297,18.334097346918824,20.64577777777777,3.331887985904471,84.36634709752562,12.19478863022261,2026.9827285681083,2014-03-05,2014-06-12,0.8462157185689235,7592.468052951831,Mercedes,2014
2,20.91857142857143,28.160357142857144,24.539464285714285,201.65,78.4325,69.77640759531874,55.72388108686287,45.31999999999998,14.05252650845588,121.25189669091493,11.650030053703919,2657.470464896101,2014-03-05,2014-06-12,0.7986063342504516,5298.855593046372,Mercedes,2014
3,18.191212121212118,24.6569696969697,21.42409090909091,160.04,84.11333333333334,88.86555736521845,71.08814539203308,26.369191343450925,17.777411973185366,107.90266326451597,10.987071489800762,2370.819723572915,2014-03-05,2014-06-12,0.7999516066711425,4768.841819111093,Mercedes,2014
4,13.697272727272725,20.15590909090909,16.92659090909091,227.94,87.51545454545455,27.345114078055616,26.676333570480214,41.227833894341394,0.6687805075753992,186.40502387862932,10.581686953585065,1034.84854202341,2014-03-05,2014-06-12,0.9755429615079906,4745.515469524632,Mercedes,2014
1,21.83764705882353,29.53470588235294,25.686176470588233,133.49,76.52058823529411,19.25692211517581,15.226901417688806,20.64577777777777,4.030020697487007,104.16354302675565,11.951210096578128,1840.2642127056115,2014-03-15,2014-06-22,0.7907235292647796,6831.815583078178,Mercedes,2014
2,20.247142857142855,26.88714285714286,23.56714285714286,226.08,81.53428571428572,58.21920538067515,48.605293271986554,26.445155602328676,9.613912108688595,171.67532890346254,11.416441967113466,2450.8857118536985,2014-03-15,2014-06-22,0.8348669988567077,5139.578267341361,Mercedes,2014
3,16.303939393939395,22.920909090909092,19.612424242424243,223.57,84.68333333333334,76.6489735988054,61.92124616188886,45.32,14.727727436916531,142.7739094404398,10.813087171288249,2033.5600619349486,2014-03-15,2014-06-22,0.8078548642542284,4645.8057854142,Mercedes,2014
4,15.06,21.64181818181818,18.35090909090909,151.45,87.35954545454545,29.25324017754158,28.328715677665087,41.42692280288075,0.9245244998764953,127.01436151945416,10.51397251600982,1131.2482465698663,2014-03-15,2014-06-22,0.9683958257524486,4616.440414301697,Mercedes,2014
1,22.445882352941176,30.129411764705885,26.287647058823527,80.46000000000001,76.73529411764706,19.636965604492843,12.389558949203078,20.047968882109693,7.247406655289767,52.63109480481359,11.708563942537806,1743.9113631799132,2014-03-25,2014-07-02,0.6309304196351195,5799.400338123607,Mercedes,2014
2,18.739285714285717,24.812142857142856,21.775714285714287,261.51,84.27214285714285,49.997306964636735,42.059235528985,26.68750562978274,7.938071435651734,212.81122772334194,11.19543545185111,2173.061142980107,2014-03-25,2014-07-02,0.8412300198235405,4418.244323044751,Mercedes,2014
3,14.927272727272728,21.53151515151515,18.22939393939394,247.57,86.01636363636364,66.30214722515127,53.66666398768452,42.22500792773411,12.635483237466751,178.3658337143641,10.672488174940948,1761.7339887750306,2014-03-25,2014-07-02,0.8094257310467078,3997.242482084107,Mercedes,2014
4,15.08,21.875454545454545,18.47772727272727,95.19999999999999,85.99409090909091,30.441622751810524,29.022987234572845,42.26665315141204,1.4186355172376799,66.13536754174923,10.49516704424222,1125.1293843197975,2014-03-25,2014-07-02,0.9533981637968589,3959.9867142012426,Mercedes,2014
1,24.117058823529412,31.603529411764704,27.860294117647058,54.13,69.80764705882353,22.64756600568852,18.8086040524498,17.631508427763688,3.838961953238721,24.236109742008736,12.840299303190928,2358.85421319262,2015-02-05,2015-05-15,0.8304911904319225,9897.141167275446,Mercedes,2015
2,23.863928571428573,32.52214285714286,28.193035714285713,52.21,67.38642857142857,103.52955872073241,62.641967018784946,7.19954140897874,40.88759170194746,0.0,12.32613620834709,3384.569114417378,2015-02-05,2015-05-15,0.6050635952941671,4034.0291430706625,Mercedes,2015
3,21.456363636363633,30.084848484848482,25.77060606060606,156.69,70.0769696969697,142.03085397633933,88.90715346947003,40.58296332679998,53.12370050686931,34.39942461270874,11.591818395983525,3334.1852308595185,2015-02-05,2015-05-15,0.625970702705772,3279.606600247084,Mercedes,2015
4,16.80636363636364,25.257272727272724,21.03181818181818,103.25,76.13636363636364,53.756352761015734,41.135733855238655,40.22631392819954,12.620618905777077,62.470915543361784,10.990043940231274,1539.4034344412505,2015-02-05,2015-05-15,0.7652255360053076,3125.613023909791,Mercedes,2015
1,23.74470588235294,31.74058823529412,27.74264705882353,37.23,70.66882352941177,23.316310231890785,19.201439270743,10.045904645765035,4.114870961147788,13.57573753185901,12.620384297623426,2212.131253805314,2015-02-15,2015-05-25,0.8235196341006096,9217.039592468209,Mercedes,2015
2,22.868928571428572,31.945357142857144,27.407142857142855,84.68,66.77428571428571,93.66156046203207,56.581845922719936,30.60966390040433,37.07971453931213,7.5343948226407615,12.085025315648931,3210.805881619623,2015-02-15,2015-05-25,0.6041095796781728,3743.6330748904657,Mercedes,2015
3,20.315151515151513,29.07363636363636,24.694393939393937,171.57,71.50272727272727,131.91740678794167,90.23734400135235,45.32,41.680062786589325,66.62231989905197,11.361549622325612,3006.3948498403843,2015-02-15,2015-05-25,0.684044253131883,3152.2218828018645,Mercedes,2015
4,17.361363636363635,24.421818181818182,20.891590909090908,70.36,81.65363636363635,42.30522701078632,39.10938899233025,45.32,3.195838018456066,31.25061100766975,10.812700910055735,1487.7776629558666,2015-02-15,2015-05-25,0.9244576085682925,3104.596606931822,Mercedes,2015
1,24.023529411764706,32.11764705882353,28.070588235294117,40.29,69.10117647058824,24.075079442769457,18.951269682178925,12.85171497787382,5.123809760590533,13.092735323381804,12.38717478577157,2100.2990807261917,2015-02-25,2015-06-04,0.7871737132676676,8389.547647497004,Mercedes,2015
2,21.608571428571427,31.279285714285717,26.443928571428575,72.24,65.36321428571429,88.63422045150584,57.14097523158423,21.313984586414616,31.49324521992161,6.636755159874979,11.842249408790394,2937.5618938566517,2015-02-25,2015-06-04,0.6446830009956209,3918.1243078276775,Mercedes,2015
3,19.024242424242424,26.930606060606063,22.97742424242424,192.7,75.63030303030304,111.48094120779012,85.63575480570697,38.184411484111436,25.845186402083165,90.19381829659622,11.145452800806318,2695.0900547818837,2015-02-25,2015-06-04,0.7681649784969958,3463.945091249341,Mercedes,2015
4,17.292272727272728,24.089545454545455,20.69090909090909,60.87,83.45272727272727,35.20302593602985,31.60591771497732,41.429407213281856,3.5971082210525314,26.019086555852258,10.668464726614488,1437.2615334481368,2015-02-25,2015-06-04,0.8978182095030943,3393.154668927976,Mercedes,2015
1,23.577058823529413,32.481764705882355,28.029411764705884,34.09,66.5,23.936718228905097,18.003451003594922,4.633937936287928,5.933267225310173,17.998833282339373,12.19478863022261,1991.4089266644366,2015-03-05,2015-06-12,0.7521269553925158,7824.9571001286085,Mercedes,2015
2,21.34714285714286,30.474642857142857,25.91089285714286,124.78,67.68821428571428,76.90281353371932,54.2015158217903,45.31999999999998,22.701297711929023,29.89242211449764,11.650030053703919,2871.503152757085,2015-03-05,2015-06-12,0.7048053683760833,4360.129107160485,Mercedes,2015
3,17.816666666666666,25.562424242424242,21.689545454545453,143.91,78.5530303030303,100.81334631198042,81.39847933675938,31.97833732348031,19.41486697522105,75.8531833397603,10.987071489800762,2398.8853880910015,2015-03-05,2015-06-12,0.8074176913526991,3940.2872424318543,Mercedes,2015
4,17.186363636363637,24.60727272727273,20.896818181818183,63.949999999999996,81.93136363636364,35.32520768367922,31.162181537138615,43.27372961670306,4.163026146540604,21.49242616963864,10.581686953585065,1424.3881418205265,2015-03-05,2015-06-12,0.8821514035014723,3847.415778167525,Mercedes,2015
1,22.337058823529414,31.897058823529413,27.117058823529412,50.58,64.98588235294118,22.477686427608212,13.81555559081232,17.071365982101607,8.66213083679589,24.730468212735996,11.951210096578128,1861.1139617607826,2015-03-15,2015-06-22,0.614634234502149,6693.537791046378,Mercedes,2015
2,20.77892857142857,29.263928571428572,25.021428571428572,111.32,71.53857142857143,69.90259253189866,53.99779536649993,22.974514637372636,15.904797165398733,51.41905597822904,11.416441967113466,2621.1132781518045,2015-03-15,2015-06-22,0.7724719986867313,4409.086878078957,Mercedes,2015
3,17.197272727272725,24.413030303030304,20.805151515151515,162.48,80.38212121212122,84.01360005167284,67.72706077018209,45.03999039150252,16.286539281490743,72.68746347568803,10.813087171288249,2229.909838530216,2015-03-15,2015-06-22,0.8061440139278205,3981.7229358650047,Mercedes,2015
4,15.103636363636362,23.722272727272728,19.412954545454543,38.900000000000006,79.35045454545455,37.313964784160405,32.30803076676099,40.31357107524642,5.005934017399414,11.31838854949511,10.51397251600982,1201.2146514158667,2015-03-15,2015-06-22,0.8658428809064964,3874.8876402441692,Mercedes,2015
1,20.91176470588235,30.26705882352941,25.589411764705883,65.94,67.90058823529411,19.435324172014127,13.885070915416687,11.769552688826947,5.550253256597441,44.74218150578386,11.708563942537806,1747.085435699573,2015-03-25,2015-07-02,0.7144244568562679,6590.147896675393,Mercedes,2015
2,19.5325,27.802142857142858,23.667321428571427,157.11,74.17428571428572,62.40622915519092,45.90332841833101,31.749111994077612,16.50290073685991,91.22711227641834,11.19543545185111,2357.8449154694595,2015-03-25,2015-07-02,0.7355568352668653,3976.068547891015,Mercedes,2015
3,17.099999999999998,24.227575757575757,20.66378787878788,96.46,82.35090909090908,75.72797679214523,64.56834686399353,25.99400734238916,11.159629928151697,37.64675778769492,10.672488174940948,2147.6676930471835,2015-03-25,2015-07-02,0.8526353086286439,3683.102490675357,Mercedes,2015
4,14.756818181818181,22.90818181818182,18.8325,72.98,78.60545454545455,35.31921737361658,31.528777337683984,45.32,3.7904400359325994,22.125230004705173,10.49516704424222,1187.425340044056,2015-03-25,2015-07-02,0.8926805201871756,3604.0487619960372,Mercedes,2015
1,24.912941176470586,29.88705882352941,27.400000000000002,46.45,82.89999999999999,23.501322693729392,22.593175788719876,19.762940124699583,0.9081469050095161,10.640106308802764,12.840299303190928,2200.4293153663443,2016-02-05,2016-05-14,0.9613576258304888,9875.020190657215,Mercedes,2016
2,21.997142857142855,28.434642857142855,25.215892857142855,132.3,80.99214285714287,85.78761325170518,58.379497841843225,11.819717606749096,27.408115409861953,81.86372467610727,12.32613620834709,3161.9998512253865,2016-02-05,2016-05-14,0.6805119717056919,5142.59409553788,Mercedes,2016
3,22.65939393939394,30.753333333333334,26.706363636363633,86.6,74.78424242424242,150.2523708991484,77.55949896825173,6.973314922889955,72.69287193089664,13.886903715607403,11.591818395983525,3315.1329151412397,2016-02-05,2016-05-14,0.5161948427443506,3898.5873229910408,Mercedes,2016
4,15.799545454545454,23.39090909090909,19.595227272727275,176.87,79.07863636363636,42.63333000422177,33.93591221761616,42.208365587219376,8.697417786605607,107.6990371180544,10.990043940231274,1352.4921523863757,2016-02-05,2016-05-14,0.7959948757053614,3739.520964710983,Mercedes,2016
1,24.017058823529414,29.03,26.523529411764706,117.66,84.12352941176471,19.86766674523786,19.132773994450673,20.64577777777777,0.7348927507871856,83.54644822777155,12.620384297623426,2149.092882361461,2016-02-15,2016-05-24,0.9630106161830333,9075.320078944964,Mercedes,2016
2,21.115714285714287,28.185714285714287,24.650714285714287,95.27,77.99857142857142,80.71303395298611,58.293924871573495,25.465970676463936,22.419109081412614,32.155882229740335,12.085025315648931,2913.223262640563,2016-02-15,2016-05-24,0.7222368187216038,5294.135414573775,Mercedes,2016
3,20.49030303030303,29.39757575757576,24.94393939393939,75.33,72.71636363636364,142.47546759384875,66.55908954923207,29.8268296185883,75.91637804461666,4.410051508643562,11.361549622325612,2833.485819395459,2016-02-15,2016-05-24,0.4671617554467019,3883.6765042093066,Mercedes,2016
4,15.777727272727274,22.177272727272726,18.9775,171.84,83.98318181818182,32.85281357506722,28.9293172916323,42.665793609503105,3.923496283434927,130.07171871745288,10.812700910055735,1315.8108675938047,2016-02-15,2016-05-24,0.8805735078223996,3790.91373187925,Mercedes,2016
1,21.69470588235294,27.558823529411764,24.62676470588235,93.98,82.04352941176471,18.36127685807503,15.773514530466013,16.650745298435993,2.587762327609017,68.10196239332022,12.38717478577157,1930.241936319072,2016-02-25,2016-06-03,0.8590641409303214,7961.584936615724,Mercedes,2016
2,22.255714285714284,30.187142857142856,26.22142857142857,64.25,75.96964285714286,86.22926949905455,43.90824407641891,7.091477447128288,42.321025422635635,29.90102377488879,11.842249408790394,2876.760673171565,2016-02-25,2016-06-03,0.5092034796479441,2100.3076615482128,Mercedes,2016
3,18.61121212121212,26.661818181818184,22.63651515151515,200.51999999999998,76.2890909090909,109.8902145186845,63.607786464472554,43.34029126795368,46.282428054211955,100.66339971470205,11.145452800806318,2503.034271612027,2016-02-25,2016-06-03,0.5788303057107728,1658.0146936844214,Mercedes,2016
4,14.219545454545454,20.302727272727275,17.261136363636364,106.82000000000001,84.2090909090909,31.124081247660694,29.909168346603938,43.449705278608874,1.2149129010567552,76.80141764274087,10.668464726614488,1127.1912536482516,2016-02-25,2016-06-03,0.9609655015552284,1645.070739288015,Mercedes,2016
1,21.56705882352941,29.06235294117647,25.314705882352943,35.39,77.29,21.438853532739092,12.7179649582283,6.897508546024208,8.720888574510791,20.42394846096222,12.170521377925391,1806.994287214096,2016-03-05,2016-06-12,0.5932203855400571,6213.7735347128255,Mercedes,2016
2,22.559642857142855,30.518214285714286,26.538928571428574,81.94,75.40142857142857,83.61126279179379,41.18199900105245,9.941156276988476,42.42926379074134,37.71435326798327,11.626266772488975,2819.3022239916436,2016-03-05,2016-06-12,0.4925412872139319,1483.9232555085648,Mercedes,2016
3,16.45090909090909,24.0,20.225454545454543,224.2,78.81242424242424,88.25692710408418,61.755702219882735,45.279500129896576,26.501224884201452,127.10595392720914,10.96837616643981,2128.3395669849065,2016-03-05,2016-06-12,0.6997264038782166,1261.1317693584144,Mercedes,2016
4,11.318636363636363,17.831363636363637,14.575,63.129999999999995,82.64363636363636,27.436786009296487,25.924422814917683,36.72727948220189,1.512363194378806,45.757797832777,10.572809045693553,666.6722293787619,2016-03-05,2016-06-12,0.9448782669418215,1247.228615610062,Mercedes,2016
1,21.748823529411766,29.027647058823533,25.38823529411765,64.21,77.15470588235294,19.29088544397168,13.364784687103343,11.260725378891651,5.926100756868336,44.80720110181631,11.926826707684128,1768.4805826243346,2016-03-15,2016-06-22,0.6928030714774568,5929.287106657014,Mercedes,2016
2,21.89892857142857,30.599999999999998,26.249464285714286,75.32,73.52857142857144,75.75547540232554,39.92894738315897,38.56726560618443,35.82652801916657,8.084512389548248,11.393678390955232,2583.4598531342394,2016-03-15,2016-06-22,0.5270767184959574,1723.1402334672457,Mercedes,2016
3,14.86939393939394,21.585151515151512,18.227272727272727,229.76,82.61636363636364,67.99422922053706,58.84361148568954,43.50070498097363,9.150617734847518,165.98294913952125,10.797407140596606,1845.2744653917107,2016-03-15,2016-06-22,0.8654206711400788,1607.1907053914708,Mercedes,2016
4,10.5,17.742727272727272,14.121363636363638,47.87,83.64863636363636,27.01456324790436,23.15703350177242,45.32,3.8575297461319376,22.89367147920121,10.509847990669458,562.7253595385217,2016-03-15,2016-06-22,0.8572055483284121,1561.2911222898613,Mercedes,2016
1,22.168823529411764,30.37529411764706,26.272058823529413,19.82,75.23411764705882,20.118028795100646,7.262156643668784,8.323784930762837,12.855872151431862,10.7802806477906,11.684531695900526,1678.1033435004153,2016-03-25,2016-07-02,0.36097754494900325,4631.189960336466,Mercedes,2016
2,18.422142857142855,27.067857142857143,22.745,98.24,73.9832142857143,58.229814654548456,40.664258440274935,45.31999999999998,17.565556214273517,20.579526490487922,11.174260259410062,2117.977939107739,2016-03-25,2016-07-02,0.6983408530753165,2535.62874131458,Mercedes,2016
3,13.65,19.82969696969697,16.739848484848483,204.18,84.42818181818183,59.0755525278673,55.316238376526655,33.162143371369645,3.7593141513406456,161.02161825210368,10.660533264140756,1514.1640246804118,2016-03-25,2016-07-02,0.9363642997741362,2454.9504860813904,Mercedes,2016
4,12.787727272727272,20.437272727272727,16.6125,43.09,85.90136363636363,29.476934782716913,23.88871010194264,34.00267750080883,5.588224680774271,18.36075576861817,10.496047932654564,911.2026259579575,2016-03-25,2016-07-02,0.8104204279730337,2361.86879358165,Mercedes,2016
1,23.995882352941177,31.464117647058824,27.73,90.27,74.24705882352941,23.788866255455236,21.079638285664807,10.628964077752675,2.7092279697904296,65.10761985880474,12.840299303190928,2261.6223945023125,2017-02-05,2017-05-15,0.8861136154746698,9843.302941581234,Mercedes,2017
2,23.465,31.12714285714286,27.296071428571427,124.17,74.12892857142857,91.77999479359278,78.61428444728377,28.25493144893693,13.165710346309002,27.929748181531977,12.32613620834709,3393.6537544265066,2017-02-05,2017-05-15,0.8565514154155509,7725.291129672576,Mercedes,2017
3,20.486060606060605,28.083030303030302,24.284545454545455,201.39999999999998,77.72696969696969,124.75982897583708,97.80406347835313,40.084377683664,26.95576549748394,91.76649028691979,11.591818395983525,3159.9467479419477,2017-02-05,2017-05-15,0.7839387427927252,6890.723072787943,Mercedes,2017
4,17.22772727272727,24.352272727272727,20.79,91.37,82.51590909090909,46.42023112587516,43.35064757460883,43.7637217112621,3.06958355126633,44.34000839779308,10.990043940231274,1497.8892677642618,2017-02-05,2017-05-15,0.9338740140491176,6799.591901367424,Mercedes,2017
1,24.580000000000002,31.55588235294118,28.067941176470587,61.21000000000001,73.06647058823529,23.78853614282955,20.03453956754343,20.64577777777777,3.753996575286118,26.1946826546788,12.620384297623426,2188.209807363735,2017-02-15,2017-05-25,0.8421930398429469,9011.736283967755,Mercedes,2017
2,22.214642857142856,30.653214285714284,26.43392857142857,97.06,73.67214285714286,87.46950830437976,70.7889843842707,24.908223245464786,16.680523920109046,22.008570148042264,12.085025315648931,3128.37228769762,2017-02-15,2017-05-25,0.8092989860870888,6433.915414265123,Mercedes,2017
3,18.762727272727272,26.023333333333333,22.393030303030304,226.79999999999998,80.26666666666667,108.0129856135793,92.32398708475597,43.66505568365477,15.688998528823335,115.71918047705404,11.361549622325612,2746.448720491917,2017-02-15,2017-05-25,0.8547489596764656,5966.648960627307,Mercedes,2017
4,18.62181818181818,24.702272727272728,21.662045454545453,137.57,86.41909090909091,39.62469722486726,37.25831709717954,41.48393382618612,2.366380127687723,102.49280476028912,10.812700910055735,1555.8777571705516,2017-02-15,2017-05-25,0.9402801713724476,5895.383509945422,Mercedes,2017
1,24.650000000000002,31.74764705882353,28.198823529411765,73.6,73.14117647058823,22.670413312231247,19.875515072830105,18.39793932550531,2.7948982394011397,41.87276782388681,12.38717478577157,2142.0321063167416,2017-02-25,2017-06-04,0.8767160439067415,8478.217827903785,Mercedes,2017
2,21.059285714285714,29.368928571428572,25.21410714285714,135.7,75.7175,73.2155591171382,58.44480675845527,39.91851954353759,14.770752358682932,55.73461302351244,11.842249408790394,2917.3408525947966,2017-02-25,2017-06-04,0.7982566474012569,5912.581694908171,Mercedes,2017
3,18.131212121212123,25.20242424242424,21.666818181818183,184.13,81.78939393939395,100.57910453086824,90.5776665264833,45.32,10.001438004384934,88.15085301705429,11.145452800806318,2459.349434020786,2017-02-25,2017-06-04,0.9005614729716007,5618.612487569799,Mercedes,2017
4,17.371363636363636,22.975454545454543,20.17340909090909,170.65,88.425,30.248068543248262,29.414314313936828,45.32,0.8337542293114328,141.23568568606316,10.668464726614488,1399.2737741315163,2017-02-25,2017-06-04,0.972436116768271,5587.638331863457,Mercedes,2017
1,22.74705882352941,31.072352941176472,26.909705882352938,59.24,74.51823529411764,22.277185173177344,17.309704797089502,16.437096951932297,4.967480376087844,32.03942047320042,12.19478863022261,1942.7224532200992,2017-03-05,2017-06-12,0.7770148994376139,7453.549092843875,Mercedes,2017
2,20.976785714285715,28.7525,24.864642857142858,162.66,76.54964285714286,67.32808528138449,54.95361242583478,37.884810985262554,12.374472855549715,86.25867354083496,11.650030053703919,2785.2705920348812,2017-03-05,2017-06-12,0.8162063750389896,5398.676882945935,Mercedes,2017
3,17.49,24.236060606060605,20.863030303030303,229.92000000000002,83.94969696969697,87.21330269287373,80.56123631431696,45.32,6.652066378556779,141.9235746709456,10.987071489800762,2293.3827904472664,2017-03-05,2017-06-12,0.9237264709263174,5192.788813850538,Mercedes,2017
4,15.841363636363637,21.88909090909091,18.865227272727275,122.02000000000001,87.2090909090909,28.98034709852694,28.171282368181913,42.02314748353065,0.8090647303450259,97.14557014828745,10.581686953585065,1162.0896026275393,2017-03-05,2017-06-12,0.9720822967511611,5163.794666422744,Mercedes,2017
1,21.108823529411765,29.699411764705882,25.404117647058825,56.9,73.60823529411766,19.74211825434175,16.167791730666398,13.002120213895592,3.574326523675351,34.27631027766023,11.951210096578128,1793.668390848372,2017-03-15,2017-06-22,0.8189491888546827,6985.709953903028,Mercedes,2017
2,19.303571428571427,26.440714285714286,22.872142857142855,210.39999999999998,79.77214285714285,58.71669870692614,52.35828567720054,37.57882565298477,6.358413029725593,133.46500888371028,11.416441967113466,2412.4311337624085,2017-03-15,2017-06-22,0.8917103112104026,5850.9894185792,Mercedes,2017
3,18.190606060606058,24.30787878787879,21.249242424242425,216.19,86.85090909090908,74.91049551896506,68.99351263949944,45.32,5.916982879465618,139.45531301348532,10.813087171288249,2284.48259254252,2017-03-15,2017-06-22,0.9210126319619978,5619.912291283314,Mercedes,2017
4,13.969999999999999,21.17818181818182,17.57409090909091,66.53,86.0281818181818,29.254510277713905,27.67824950455412,37.22297345459528,1.576260773159785,46.9487770408506,10.51397251600982,1040.5336868040465,2017-03-15,2017-06-22,0.9461190511071186,5559.351049893491,Mercedes,2017
1,21.185294117647057,28.976470588235294,25.080882352941178,107.75999999999999,77.20647058823529,16.709874910459316,12.148631862059068,20.64577777777777,4.5612430484002475,81.51181258238537,11.708563942537806,1745.019623445684,2017-03-25,2017-07-02,0.7270330823634593,6294.512163310804,Mercedes,2017
2,17.907142857142855,25.155714285714286,21.53142857142857,162.9,81.30107142857142,54.64514201607683,49.37317678241519,33.62988152799242,5.271965233661637,100.54271946737016,11.19543545185111,2093.77881550607,2017-03-25,2017-07-02,0.9035236246231986,5383.604585888681,Mercedes,2017
3,17.30727272727273,23.015757575757576,20.161515151515154,243.84,87.28393939393939,62.861742361272036,59.21440027642128,42.16646295110033,3.647342084850753,176.0890183004708,10.672488174940948,2038.0276227241143,2017-03-25,2017-07-02,0.9419783488677557,5227.421772330489,Mercedes,2017
4,14.43409090909091,22.241363636363637,18.337727272727275,7.6,85.77227272727272,33.9140458098156,25.678440010132462,24.08802294096786,8.235605799683132,0.0,10.49516704424222,1189.2029672134286,2017-03-25,2017-07-02,0.757162390890575,4973.538851330632,Mercedes,2017
1,22.696470588235293,28.497647058823528,25.597058823529412,167.34,79.01705882352941,21.161573210486754,15.889892250376226,18.634315957620213,5.27168096011053,137.2213423127414,12.840299303190928,2094.600976971178,2018-02-05,2018-05-15,0.7508842604623501,9209.80721687268,Mercedes,2018
2,23.991785714285715,30.060714285714287,27.02625,120.56,75.23,90.25228028094455,76.004699998321,40.56705753166562,14.247580282623549,22.622558427633596,12.32613620834709,3338.32994648174,2018-02-05,2018-05-15,0.8421360630637529,7028.962578353606,Mercedes,2018
3,20.683030303030304,27.819696969696967,24.251363636363635,143.96,78.75727272727273,135.85617645526287,82.44798673609328,6.034322239173158,53.40818971916957,96.04474855639917,11.591818395983525,3023.7669254603684,2018-02-05,2018-05-15,0.6068769848181561,5647.339097152247,Mercedes,2018
4,19.333636363636362,29.499545454545455,24.416590909090907,30.409999999999997,70.50318181818182,63.578709085971525,10.537919288275749,25.90640295089741,53.04078979769578,0.0,10.990043940231274,1772.4011974553916,2018-02-05,2018-05-15,0.16574604045556052,4705.07609661437,Mercedes,2018
1,22.351764705882353,28.223529411764705,25.287647058823527,148.38,79.6064705882353,20.37979476543623,14.686942452259176,20.64577777777777,5.6928523131770525,117.52840305517633,12.620384297623426,2017.569636233733,2018-02-15,2018-05-25,0.7206619409714554,8453.519632325691,Mercedes,2018
2,23.579285714285714,29.44892857142857,26.514107142857142,200.07999999999998,77.74392857142857,76.19949595531715,70.18852254936515,45.31999999999998,6.010973405951997,105.21725522841265,12.085025315648931,3181.07032898436,2018-02-15,2018-05-25,0.9211153127643157,7453.239753970598,Mercedes,2018
3,20.347575757575758,29.034242424242425,24.690909090909088,18.32,74.44181818181818,143.8558916185468,52.95928198599755,2.3637345573279966,90.89660963254924,8.316983456674434,11.361549622325612,2862.02191714212,2018-02-15,2018-05-25,0.368141209860394,5098.54222718846,Mercedes,2018
4,16.805909090909093,25.79181818181818,21.298863636363635,70.21,73.56363636363636,50.941179570530416,22.758475093387165,37.97642295658323,28.182704477143254,11.838836507357602,10.812700910055735,1456.2297664285243,2018-02-15,2018-05-25,0.44675987649396703,4534.398600894367,Mercedes,2018
1,23.960588235294118,29.878823529411765,26.91970588235294,71.42,74.93235294117646,21.090328341898154,17.88266095462165,14.89738899565449,3.207667387276503,43.182149274960636,12.38717478577157,2073.6555942601553,2018-02-25,2018-06-04,0.8479081342273777,8386.259627929016,Mercedes,2018
2,22.10571428571429,28.342857142857145,25.224285714285713,189.08,79.60214285714287,75.36934569525678,59.69228186997284,16.210039422128755,15.677063825283952,128.0750677035529,11.842249408790394,2848.748422833417,2018-02-25,2018-06-04,0.7919968167340672,5769.7065804732965,Mercedes,2018
3,19.92969696969697,29.302424242424244,24.616060606060607,20.830000000000002,72.5709090909091,133.20460227371368,24.66944643595728,12.370592986171475,108.53515583775639,0.0,11.145452800806318,2761.391891180158,2018-02-25,2018-06-04,0.18519965537876543,3419.127125406773,Mercedes,2018
4,15.283181818181818,23.359545454545454,19.321363636363635,91.48,77.36045454545454,42.2406463728759,34.130997640511076,45.32,8.109648732364825,24.3995953456604,10.668464726614488,1245.7055335370114,2018-02-25,2018-06-04,0.8080131477918789,3287.8416345855235,Mercedes,2018
1,24.859411764705882,30.935294117647057,27.89735294117647,67.51,74.17941176470588,21.745396391316195,18.546575397922997,20.081762378183978,3.1988209933931997,34.27172708819133,12.19478863022261,2038.6046323979272,2018-03-05,2018-06-12,0.8528966344954458,7822.052768946229,Mercedes,2018
2,20.71142857142857,27.585714285714285,24.148571428571426,142.17,79.47892857142857,75.91638907733669,42.778606267747755,7.063105049532413,33.137782809588934,112.41005106090381,11.650030053703919,2587.339113118125,2018-03-05,2018-06-12,0.5634963252028335,2700.520601792659,Mercedes,2018
3,18.804545454545455,28.33121212121212,23.567878787878787,72.35,72.27060606060606,120.41165649474844,32.31191082801891,40.46867275878878,88.09974566672953,6.632521462724723,10.987071489800762,2540.7326381643015,2018-03-05,2018-06-12,0.26834537260458785,1712.596404453538,Mercedes,2018
4,14.41590909090909,22.013636363636365,18.214772727272727,46.57,78.70590909090909,35.766268738021125,28.653906451245078,45.32,7.112362286776042,13.064766307543701,10.581686953585065,1144.412015049479,2018-03-05,2018-06-12,0.8011432968064883,1644.4841494753996,Mercedes,2018
1,22.881764705882354,28.674705882352942,25.77823529411765,175.2,81.24764705882353,17.242184562643885,16.22244994893172,20.64577777777777,1.019734613712163,144.87799449551272,11.951210096578128,1846.955763795521,2018-03-15,2018-06-22,0.9408581546028991,7300.002321180146,Mercedes,2018
2,20.353928571428572,28.573571428571427,24.46375,18.22,75.61035714285715,77.11783112616955,26.241469417986117,2.9450835195851175,50.876361708183424,9.679224840206535,11.416441967113466,2437.7929847651794,2018-03-15,2018-06-22,0.3402775860624691,76.03959156232968,Mercedes,2018
3,17.28969696969697,26.651818181818182,21.970757575757574,70.82,73.08727272727273,106.14820086710088,44.36862331914719,22.7791298972704,61.77957754795369,6.617330303167526,10.813087171288249,2248.62731415584,2018-03-15,2018-06-22,0.4179875208125041,53.91159596153163,Mercedes,2018
4,12.52681818181818,20.335454545454546,16.431136363636366,46.71,77.505,30.132596451636427,27.18651518543912,32.90290044366845,2.946081266197308,9.399714268162828,10.51397251600982,943.5048730047906,2018-03-15,2018-06-22,0.9022294255018534,52.85740241967745,Mercedes,2018
1,20.26058823529412,26.451176470588237,23.355882352941176,124.73,80.94235294117647,16.490102940906162,12.614340344590522,7.939946438631688,3.8757625963156412,110.721935439,11.708563942537806,1546.8686650459415,2018-03-25,2018-07-02,0.7649643176755899,6269.420215636562,Mercedes,2018
2,20.348214285714285,29.77892857142857,25.06357142857143,5.76,72.39178571428572,73.58548979129387,12.575643196801096,1.1243032418305918,61.00984659449277,0.0,11.19543545185111,2401.3581241167417,2018-03-25,2018-07-02,0.17089840989668806,-1527.5591890786216,Mercedes,2018
3,15.022121212121213,23.174545454545456,19.098333333333333,107.71,76.77060606060606,82.61233130294615,57.02630578047227,35.94825150276621,25.586025522473868,15.8597459585921,10.672488174940948,1848.3374019202759,2018-03-25,2018-07-02,0.6902880584661406,-1291.0075279499076,Mercedes,2018
4,14.42590909090909,22.830454545454543,18.62818181818182,37.63,78.56590909090909,34.20719460569193,28.007398887013746,41.181178301897866,6.199795718678189,4.389674313854601,10.49516704424222,1123.434687829324,2018-03-25,2018-07-02,0.8187575511484192,-1244.2104547796143,Mercedes,2018
1,23.485294117647058,31.66235294117647,27.573823529411765,78.45,68.34529411764706,24.71461572518862,21.511073919811196,18.69702835629338,3.203541805377426,44.788119946117654,12.840299303190928,2232.7256319391054,2019-02-05,2019-05-15,0.8703786520090442,10030.937472815793,Mercedes,2019
2,22.92892857142857,29.928214285714287,26.428571428571427,222.72,75.68214285714285,74.86726919555666,64.27436032036118,40.780747080541396,10.59290887519547,136.3619209553908,12.32613620834709,3363.725527600423,2019-02-05,2019-05-15,0.8585108153534182,7902.033726411468,Mercedes,2019
3,21.1230303030303,28.50030303030303,24.811666666666667,59.53,76.36272727272727,133.25213408318393,80.74747254815769,17.0169976442903,52.50466153502624,2.5462768880934044,11.591818395983525,3159.9223696681506,2019-02-05,2019-05-15,0.6059750795266837,6345.234621098098,Mercedes,2019
4,20.238636363636363,26.827272727272728,23.532954545454547,143.96,81.26454545454546,45.72251868920433,38.73223725894846,42.29054542749837,6.990281430255871,79.95421495784348,10.990043940231274,1823.0938739369049,2019-02-05,2019-05-15,0.8471151277170047,6151.216544167653,Mercedes,2019
1,22.305882352941175,30.845294117647057,26.57558823529412,61.730000000000004,67.11764705882354,25.242217694824113,21.935912696248682,10.70559505846564,3.306304998575429,35.6347144675079,12.620384297623426,2012.7189704743753,2019-02-15,2019-05-25,0.869016857450945,9292.417156752239,Mercedes,2019
2,22.67892857142857,28.834285714285716,25.756607142857142,187.07,79.29428571428572,75.81977831177363,51.6015299669439,11.578596067254582,24.218248344829732,134.59546902426717,12.085025315648931,3175.8367403827942,2019-02-15,2019-05-25,0.6805813880747127,4840.160672291451,Mercedes,2019
3,21.03757575757576,28.319090909090907,24.678333333333335,110.17999999999999,77.5430303030303,112.55500510529285,75.07109154017414,42.49533680626213,37.48391356511871,4.192167720818318,11.361549622325612,3069.7510780114685,2019-02-15,2019-05-25,0.6669724857632647,4034.2073336916374,Mercedes,2019
4,18.13909090909091,24.569999999999997,21.354545454545455,131.21,83.23727272727272,41.09107142064021,38.06780518820936,44.26898580383171,3.023266232430846,91.36854581422106,10.812700910055735,1547.88889893965,2019-02-15,2019-05-25,0.9264252274786816,3974.8441563155984,Mercedes,2019
1,22.65294117647059,30.492941176470588,26.57294117647059,144.62,72.33941176470589,21.57736265782854,15.244128858375888,20.64577777777777,6.333233799452655,115.27631558606856,12.38717478577157,2043.5505675754807,2019-02-25,2019-06-04,0.7064871226440236,8141.499143508686,Mercedes,2019
2,21.491071428571427,27.519642857142856,24.505357142857143,121.86,80.70464285714286,66.6864566669262,45.52498832348422,30.42838567407957,21.161468343441985,66.55240378021398,11.842249408790394,2886.1126529111157,2019-02-25,2019-06-04,0.6826721736148682,4266.21280341965,Mercedes,2019
3,21.088484848484846,28.382424242424243,24.735454545454544,156.77,77.89909090909092,108.12295686972443,74.61632455707492,43.407708684123776,33.50663231264951,69.17435243288087,11.145452800806318,2935.3320623406585,2019-02-25,2019-06-04,0.6901062153431384,3605.176387518013,Mercedes,2019
4,16.559545454545454,22.937727272727273,19.74863636363636,141.95,85.77,34.86632019794171,30.99774969384861,43.53264944757051,3.8685705040930976,110.82730954270465,10.668464726614488,1359.5080690807827,2019-02-25,2019-06-04,0.8890456325149717,3525.174374368209,Mercedes,2019
1,23.467058823529413,28.718235294117648,26.09264705882353,186.7,82.7964705882353,15.488642239860775,13.92859041597959,19.276912885389727,1.5600518238811838,158.06534678265905,12.19478863022261,2084.7867072664426,2019-03-05,2019-06-12,0.8992776900827166,8388.066278625178,Mercedes,2019
2,20.916428571428572,28.173928571428572,24.545178571428572,47.76,76.70035714285714,72.04751469498682,41.39904877312043,12.694558407611666,30.64846592186639,12.943305704657629,11.650030053703919,2666.406319340514,2019-03-05,2019-06-12,0.5746075898437764,3035.7366824034125,Mercedes,2019
3,19.946060606060605,27.01212121212121,23.479090909090907,156.6,79.89090909090909,94.62843775171604,73.32760480350848,27.87659752143379,21.300832948207553,68.09035608266939,10.987071489800762,2703.339739212288,2019-03-05,2019-06-12,0.7749003000123895,2694.0649741782163,Mercedes,2019
4,15.762272727272727,22.59318181818182,19.17772727272727,141.02,86.6940909090909,31.7575799608195,29.697341205809515,33.533078371105454,2.060238755009981,105.66617794451882,10.581686953585065,1285.6667464097807,2019-03-05,2019-06-12,0.9351260783236075,2659.1100621530263,Mercedes,2019
1,21.912941176470586,27.908235294117645,24.910588235294117,58.67,79.77000000000001,17.474158043890558,10.794885933763066,4.998883449593995,6.679272110127492,49.42245283886517,11.951210096578128,1796.6725219722641,2019-03-15,2019-06-22,0.6177628648344091,6838.211967504095,Mercedes,2019
2,21.185357142857146,28.674642857142857,24.93,92.07,76.875,64.09514074168504,37.6626921731225,38.474426624955235,26.432448568562545,20.931764651516254,11.416441967113466,2659.008354892528,2019-03-15,2019-06-22,0.5876060452836813,2608.1560528028867,Mercedes,2019
3,18.399696969696972,24.846363636363634,21.6230303030303,242.02,84.08090909090909,79.11548547876383,72.45570515134294,45.32,6.659780327420892,162.71872147361228,10.813087171288249,2347.432063630562,2019-03-15,2019-06-22,0.9158220380356701,2498.3814222979477,Mercedes,2019
4,15.858636363636363,23.465454545454545,19.662045454545453,10.92,83.52636363636363,36.453977200308344,26.56475997721286,21.57762161805654,9.889217223095482,8.0976184047306,10.51397251600982,1269.3347365475422,2019-03-15,2019-06-22,0.7287204858675383,2362.8294826262368,Mercedes,2019
1,20.774705882352944,27.63823529411765,24.206470588235295,46.309999999999995,79.2570588235294,16.55298265110649,8.667523660701054,14.228030550002188,7.885458990405436,28.08436476874219,11.708563942537806,1640.1857869064816,2019-03-25,2019-07-02,0.5236230740640371,6101.634413552209,Mercedes,2019
2,21.410714285714285,28.948214285714283,25.179464285714285,75.23,76.68785714285714,58.60213801208179,43.7039778993052,34.7647634485086,14.89816011277659,10.989289202188388,11.19543545185111,2544.450491966294,2019-03-25,2019-07-02,0.7457744611688897,3774.8474687485746,Mercedes,2019
3,16.416666666666668,23.166666666666668,19.791666666666668,223.49,84.82666666666665,71.47434523478125,62.73437485518812,30.348392803901966,8.73997037959313,165.1719957894185,10.672488174940948,2057.7990168135957,2019-03-25,2019-07-02,0.8777187765640413,3544.0509853672206,Mercedes,2019
4,16.329545454545453,24.436363636363637,20.382954545454545,12.83,82.62636363636364,38.44030919238996,21.177883428788647,22.000509375113314,17.262425763601318,0.0,10.49516704424222,1295.5722657938297,2019-03-25,2019-07-02,0.5509290605024904,3225.7449242420344,Mercedes,2019
1,24.65294117647059,32.88058823529412,28.766764705882352,40.04,68.10000000000001,26.824447617289003,23.71226667296811,15.104720877897785,3.112180944320893,6.888012449134104,12.840299303190928,2291.8267282405754,2020-02-05,2020-05-14,0.8839796819407748,9729.165717197982,Mercedes,2020
2,22.2775,33.199285714285715,27.738392857142856,51.51,58.67321428571428,110.65550588197235,51.86636633639016,14.103129146372664,58.78913954558218,0.6452253951349594,12.32613620834709,3268.17465155954,2020-02-05,2020-05-14,0.46871925552183547,1975.7881091214133,Mercedes,2020
3,18.433333333333334,30.17969696969697,24.306515151515153,63.099999999999994,58.49545454545454,169.87086392191443,63.38376152165092,13.819367624721746,106.48710240026352,0.0,11.591818395983525,2962.511727593826,2020-02-05,2020-05-14,0.3731290938202735,1356.5060679293788,Mercedes,2020
4,17.500454545454545,28.525,23.012727272727275,43.72,60.88636363636363,65.1873035339708,19.115346766502512,38.42402085821924,46.071956767468286,0.0,10.990043940231274,1680.1385667150896,2020-02-05,2020-05-14,0.29323726753847096,1164.7604808952963,Mercedes,2020
1,22.829411764705885,31.99411764705882,27.41176470588235,35.519999999999996,64.51588235294118,25.79570024680619,21.035273292770917,11.41079233744841,4.760426954035273,7.702980675357313,12.620384297623426,2149.4053147611253,2020-02-15,2020-05-24,0.8154565718903224,8757.451290336228,Mercedes,2020
2,22.193928571428568,33.793214285714285,27.993571428571432,39.17,57.50142857142857,107.53999224764979,44.85071978969825,5.730072547750159,62.68927245795154,0.0,12.085025315648931,3137.49260423768,2020-02-15,2020-05-24,0.41706084269016147,1099.859377280389,Mercedes,2020
3,18.188484848484848,29.675757575757576,23.932121212121213,56.73,58.54545454545455,154.72953500375812,57.01656513937296,5.443507408377202,97.71296986438516,0.0,11.361549622325612,2797.576853069348,2020-02-15,2020-05-24,0.3684918017622693,752.5742704497836,Mercedes,2020
4,14.509545454545453,25.457272727272724,19.983409090909092,163.0,64.92318181818182,54.1022113974913,26.044685273516148,44.578813601146344,28.057526123975155,97.82000853371471,10.812700910055735,1370.9512081162918,2020-02-15,2020-05-24,0.4813977950395542,674.5169352394323,Mercedes,2020
1,21.68470588235294,32.748823529411766,27.216764705882355,24.84,59.73647058823529,27.20743265295392,13.877579955466297,3.7466929096776997,13.329852697487624,13.761949357078226,12.38717478577157,1934.290676440258,2020-02-25,2020-06-03,0.5100657652077144,6889.754201898625,Mercedes,2020
2,21.422857142857143,32.7275,27.075178571428573,66.83,57.511785714285715,98.44387137932874,47.21044499816811,23.36624791150959,51.23342638116063,0.0,11.842249408790394,2982.723292181056,2020-02-25,2020-06-03,0.47956713136823426,1511.2723867058298,Mercedes,2020
3,16.796363636363637,28.46939393939394,22.632878787878788,48.82,59.120303030303035,139.6667767138241,51.74090604271726,20.445341868792326,87.92587067110684,0.0,11.145452800806318,2509.9827075751223,2020-02-25,2020-06-03,0.3704596559046671,1035.5689175315483,Mercedes,2020
4,12.975909090909092,22.957727272727272,17.96681818181818,144.66,72.06227272727273,43.300613722552804,32.9854348232657,38.775315223317286,10.315178899287107,93.34459182220934,10.668464726614488,1142.0689747309816,2020-02-25,2020-06-03,0.7617775358709403,986.2297616695826,Mercedes,2020
1,23.051764705882352,34.60470588235294,28.828235294117647,31.38,55.858823529411765,26.66674871169913,16.32494382213156,16.415929563730913,10.341804889567577,2.9902528880057524,12.170521377925391,1991.8187899261388,2020-03-05,2020-06-12,0.6121835098318357,6811.739588502661,Mercedes,2020
2,18.579285714285714,30.19,24.384642857142858,63.06,58.574999999999996,89.20319477162266,54.993931268512824,23.17366929562201,34.20926350310984,1.3083289995960854,11.626266772488975,2549.6893704918098,2020-03-05,2020-06-12,0.6165018126235038,2893.3049108954247,Mercedes,2020
3,16.714242424242425,28.21969696969697,22.466969696969695,44.86,61.131818181818176,128.03634136009748,48.0289766956509,20.004692599971108,80.00736466444658,0.0,10.96837616643981,2417.865238164929,2020-03-05,2020-06-12,0.3751198775710966,1989.3205474231845,Mercedes,2020
4,13.57818181818182,22.26681818181818,17.9225,176.4,79.10363636363637,34.85827214408549,31.4722291335504,42.93676810093776,3.3860430105350874,121.99569536548294,10.572809045693553,1103.0647806700542,2020-03-05,2020-06-12,0.9028625688462413,1950.6730498795691,Mercedes,2020
1,22.177647058823528,33.33764705882353,27.75764705882353,31.01,59.470588235294116,24.14890599186624,14.48318431549912,8.070147071979852,9.66572167636712,12.920729616399932,11.926826707684128,1898.0881744558208,2020-03-15,2020-06-22,0.5997449458115123,6332.795540820993,Mercedes,2020
2,17.57857142857143,29.306785714285716,23.44267857142857,56.559999999999995,58.50607142857143,83.64038782258619,45.314661590539465,8.810442259905349,38.32572623204672,10.505043221535036,11.393678390955232,2330.1426372255087,2020-03-15,2020-06-22,0.5417796685335637,1980.072033084746,Mercedes,2020
3,14.693939393939393,25.394848484848485,20.04439393939394,164.27,65.48636363636365,105.18076973925804,52.04076382908567,29.398547200940648,53.14000591017237,91.64113122987904,10.797407140596606,2031.4526960408273,2020-03-15,2020-06-22,0.494774510189402,1479.8806016969922,Mercedes,2020
4,16.031363636363636,24.52318181818182,20.277272727272727,60.63,79.25818181818182,37.256721132383085,33.3973578319426,31.801642319807225,3.8593633004404833,24.829547049190822,10.509847990669458,1280.2745636776592,2020-03-15,2020-06-22,0.896411622302265,1449.2209155537644,Mercedes,2020
1,19.935882352941174,31.368823529411763,25.652352941176474,41.42,58.215294117647055,22.78795425646726,14.130320259028817,13.210293340139577,8.657633997438442,18.551143980724284,11.684531695900526,1665.6192350662577,2020-03-25,2020-07-02,0.620078489714302,5792.500839911395,Mercedes,2020
2,17.0725,28.571785714285713,22.822142857142858,32.85,58.580357142857146,75.45325558523739,30.24528198745297,9.550486069132285,45.207973597784424,6.264525283554322,11.174260259410062,2153.7315412248313,2020-03-25,2020-07-02,0.40084793893731646,586.6176145010387,Mercedes,2020
3,13.732727272727272,23.643939393939394,18.688333333333333,209.44,74.08878787878787,84.62209105156926,59.808929101108006,44.107391253470276,24.81316195046125,115.074165714554,10.660533264140756,1814.1931310076586,2020-03-25,2020-07-02,0.7067767808368156,500.6126618301275,Mercedes,2020
4,15.518181818181818,23.83818181818182,19.67818181818182,52.57,76.09636363636363,42.50770907799863,34.40114649611856,43.25456390093122,8.10656258188008,19.021680856420495,10.496047932654564,1196.9824953958785,2020-03-25,2020-07-02,0.8092919435623991,481.518488276992,Mercedes,2020
1,21.597647058823526,28.228823529411763,24.913235294117644,25.25,72.11941176470589,26.115820026813097,16.293804073609195,7.9057821510460204,9.822015953203904,5.5180431108002495,12.840299303190928,1901.599823563326,2021-02-05,2021-05-15,0.623905512324727,8458.633404720074,Mercedes,2021
2,22.905714285714286,30.774642857142858,26.84017857142857,117.42999999999999,69.10285714285713,96.43074380396999,58.80781685069314,20.727278436116702,37.62292695327685,45.80068686423617,12.32613620834709,3228.007303288924,2021-02-05,2021-05-15,0.6098451026183214,3508.367532708375,Mercedes,2021
3,21.040606060606063,30.541818181818183,25.791212121212123,29.44,65.47212121212121,157.4007021273119,48.44618891534676,1.7210895207699441,108.95451321196514,0.0,11.591818395983525,3232.3892642799046,2021-02-05,2021-05-15,0.30778889967188056,2294.1020576226183,Mercedes,2021
4,16.406363636363636,27.183636363636364,21.795,21.279999999999998,65.03636363636363,58.104690473169676,12.207043976697218,10.794045544072727,45.89764649647246,0.0,10.990043940231274,1594.4651317978953,2021-02-05,2021-05-15,0.21008706659118886,1931.673880447444,Mercedes,2021
1,22.774705882352944,30.74823529411765,26.761470588235294,46.35,69.93235294117646,26.573252761999733,11.301081455018952,20.64577777777777,15.27217130698078,19.083555528552182,12.620384297623426,1986.2604107782613,2021-02-15,2021-05-25,0.4252803206380409,7257.507900899997,Mercedes,2021
2,22.858214285714286,30.482142857142858,26.670178571428572,92.64999999999999,69.66535714285713,89.40610880467645,61.336209278126084,14.997750054835809,28.069899526550362,36.961818444815876,12.085025315648931,3123.9410638520944,2021-02-15,2021-05-25,0.6860404741707967,3839.6622919976085,Mercedes,2021
3,19.112121212121213,29.61090909090909,24.361515151515153,13.79,62.85242424242425,149.51015712364685,27.881842773950293,0.9059072808855175,121.62831434969655,0.0,11.361549622325612,2862.432634660349,2021-02-15,2021-05-25,0.18648795045337055,2277.856521632667,Mercedes,2021
4,15.391818181818183,26.25090909090909,20.821363636363635,20.4,63.82772727272727,52.480483603667494,14.169851363428815,7.136055917456702,38.310632240238675,0.0,10.812700910055735,1451.3284990411146,2021-02-15,2021-05-25,0.27000230162586736,1945.2905180289958,Mercedes,2021
1,22.66235294117647,30.078823529411764,26.370588235294118,85.06,68.09470588235294,23.822398970659304,16.511911541860602,8.06687992960024,7.310487428798701,65.54750102793012,12.38717478577157,1929.1631787593637,2021-02-25,2021-06-04,0.6931254724680493,7857.615751460111,Mercedes,2021
2,22.066785714285714,30.98857142857143,26.52767857142857,49.37,68.39178571428572,88.85914888920614,47.52707378757744,5.919167133460517,41.332075101628696,3.990639008562276,11.842249408790394,2984.6089107551056,2021-02-25,2021-06-04,0.5348585304011463,2375.2613441942244,Mercedes,2021
3,17.939090909090908,28.39060606060606,23.164848484848488,29.75,64.12848484848485,129.99216369640678,26.15136837018463,9.517798763275886,103.84079532622215,0.0,11.145452800806318,2636.7764024886105,2021-02-25,2021-06-04,0.2011764988485033,1426.554052634704,Mercedes,2021
4,15.806363636363637,26.545,21.17568181818182,13.469999999999999,63.83272727272727,50.178995399289995,13.985547832207757,9.002250931068128,36.19344756708224,0.0,10.668464726614488,1406.5493235376405,2021-02-25,2021-06-04,0.27871318907284554,1220.7631279866853,Mercedes,2021
1,22.679411764705883,30.444705882352938,26.562058823529412,44.169999999999995,67.11352941176472,22.934164007854605,15.128067796979693,16.41863642934547,7.806096210874914,19.16951799589706,12.19478863022261,1889.0403546318018,2021-03-05,2021-06-12,0.6596302264080154,7349.664776915082,Mercedes,2021
2,21.443214285714284,30.809285714285714,26.12625,29.310000000000002,66.12535714285714,85.28124520516322,37.5329748267788,4.184530045821869,47.74827037838442,4.011131556744802,11.650030053703919,2819.6911744284944,2021-03-05,2021-06-12,0.44010819420477254,1177.1391510102374,Mercedes,2021
3,16.72030303030303,27.60909090909091,22.164696969696973,23.83,63.89393939393939,120.69001130370935,22.375662479688028,5.6388675661338405,98.31434882402132,0.0,10.987071489800762,2405.2544859699324,2021-03-05,2021-06-12,0.1853977991880453,697.6890794728098,Mercedes,2021
4,16.21909090909091,25.25409090909091,20.736590909090907,70.45,70.39181818181818,44.14097548696379,17.08963898503999,43.64906321116163,27.051336501923803,15.350165369932224,10.581686953585065,1394.0269390430963,2021-03-05,2021-06-12,0.3871604285248997,612.1747841754151,Mercedes,2021
1,23.054117647058824,30.962352941176473,27.008235294117647,47.449999999999996,72.77941176470588,20.482172422908558,17.319104653240903,13.375686233182817,3.163067769667658,21.39263906786774,11.951210096578128,1910.926916363447,2021-03-15,2021-06-22,0.8455697128040051,7424.655619369856,Mercedes,2021
2,19.607142857142858,29.737142857142857,24.67214285714286,12.959999999999999,63.112500000000004,79.0137911820903,23.898488330523918,2.437197902658898,55.11530285156639,0.0,11.416441967113466,2502.262261311783,2021-03-15,2021-06-22,0.3024597095391732,-343.83903659043176,Mercedes,2021
3,15.863636363636363,26.73242424242424,21.298030303030306,29.97,63.20515151515151,108.733639274323,23.839673535044085,8.56752436761481,84.89396573927891,0.0,10.813087171288249,2229.812345324366,2021-03-15,2021-06-22,0.21924837331066624,-209.61259302179528,Mercedes,2021
4,15.09681818181818,23.27136363636364,19.18409090909091,90.43,78.5759090909091,36.32725325172823,23.418074633863203,45.22886557390115,12.909178617865027,30.350584159850452,10.51397251600982,1270.4870197200225,2021-03-15,2021-06-22,0.6446420397267199,-194.7150923210316,Mercedes,2021
1,21.00588235294118,30.797058823529408,25.901470588235295,8.28,65.83117647058825,21.04198090073009,10.795594601326318,2.9168719301539046,10.246386299403772,1.1137556907420005,11.708563942537806,1714.9228514110878,2021-03-25,2021-07-02,0.5130502994112948,5655.507334524681,Mercedes,2021
2,18.181785714285716,28.687142857142856,23.434464285714284,20.81,63.43857142857143,72.15073035893822,17.624649728538785,6.102222201615119,54.526080630399434,0.0,11.19543545185111,2264.076940594294,2021-03-25,2021-07-02,0.24427541676791076,-755.501550499852,Mercedes,2021
3,16.32272727272727,26.24909090909091,21.28590909090909,80.97,67.9409090909091,93.77803945735096,31.039207720157275,45.32,62.73883173719367,10.713014481457845,10.672488174940948,2190.8841234448096,2021-03-25,2021-07-02,0.3309858885914704,-502.7809512621395,Mercedes,2021
4,12.066363636363635,20.405,16.235681818181817,44.63,76.85227272727273,33.34367783004776,30.795507179636598,41.96137144833076,2.548170650411164,17.193121372032643,10.49516704424222,853.67050862282,2021-03-25,2021-07-02,0.9235785967163205,-495.0963060941883,Mercedes,2021
1,22.737647058823526,32.98294117647059,27.860294117647058,26.12,57.02823529411765,29.71276062016332,12.282868794702253,2.362328108944298,17.429891825461066,18.02102531857567,12.840299303190928,2078.3974308208885,2022-02-05,2022-05-15,0.41338699394922596,7698.077818635434,Mercedes,2022
2,23.936785714285715,31.582500000000003,27.759642857142858,169.21,71.68071428571429,91.41112128614506,78.91722635319839,26.279312334169436,12.493894932946668,66.37578942157647,12.32613620834709,3413.845305010575,2022-02-05,2022-05-15,0.8633219376684275,6119.840278742309,Mercedes,2022
3,19.327272727272724,26.558787878787882,22.9430303030303,324.38,80.1209090909091,117.2183443502369,101.94546419473862,45.32,15.272880155498283,203.39384813943082,11.591818395983525,2981.6632419758266,2022-02-05,2022-05-15,0.8697057167957907,5721.150177520821,Mercedes,2022
4,17.36318181818182,24.511363636363637,20.937272727272727,122.5,84.68681818181818,47.510325586744116,43.06723272915331,45.32,4.443092857590806,79.4327672708467,10.990043940231274,1584.2759830027142,2022-02-05,2022-05-15,0.9064815321149795,5614.143537692449,Mercedes,2022
1,24.834117647058825,34.39823529411765,29.616176470588236,80.36,60.38823529411764,27.376986758792402,18.74597688848253,20.64577777777777,8.631009870309871,45.14726615421897,12.620384297623426,2205.8025712336657,2022-02-15,2022-05-25,0.6847348487854333,7975.098954756587,Mercedes,2022
2,21.62,29.357499999999998,25.48875,204.38,75.02535714285715,81.69898265536312,70.55149997715222,41.080827797528734,11.147482678210917,113.39345000309683,12.085025315648931,3034.4878292886115,2022-02-15,2022-05-25,0.8635542045213074,6342.845873402008,Mercedes,2022
3,19.667575757575758,26.587272727272726,23.127424242424244,273.54,82.54333333333332,108.51293635094802,94.4932317631066,45.32,14.019704587841419,174.80759603442215,11.361549622325612,2853.2160529888383,2022-02-15,2022-05-25,0.8708015370397916,5933.1029045834875,Mercedes,2022
4,12.793181818181818,20.327272727272728,16.56022727272727,61.04,80.85681818181818,38.443816970374336,34.985417568807506,33.25751469972616,3.4583994015668322,38.117067731466335,10.812700910055735,1032.4281641270488,2022-02-15,2022-05-25,0.9100401657766722,5826.354713838233,Mercedes,2022
1,24.54176470588235,31.803529411764703,28.17264705882353,139.22,73.20705882352941,22.041903065846363,21.098946077290154,20.64577777777777,0.9429569885562112,104.0214983671543,12.38717478577157,2148.0678496943456,2022-02-25,2022-06-04,0.9572198014963004,8237.91286886183,Mercedes,2022
2,20.576071428571428,28.177500000000002,24.376785714285713,165.22,77.86642857142859,69.80234261031477,60.70817597893576,44.03506649699163,9.094166631379005,81.12253530185038,11.842249408790394,2817.6898042978046,2022-02-25,2022-06-04,0.869715452357395,6628.003741403543,Mercedes,2022
3,17.812727272727273,24.82242424242424,21.317575757575757,267.98,83.06090909090909,100.71567003404327,88.18212839813135,40.17427085399672,12.533541635911915,183.65866724486358,11.145452800806318,2475.9113863418293,2022-02-25,2022-06-04,0.8755551977991568,6215.593434110838,Mercedes,2022
4,12.568181818181818,19.615,16.091590909090908,91.06,82.31181818181818,32.06367723634413,27.933453705993795,43.850586864895114,4.130223530350335,59.450230283107814,10.668464726614488,939.6658974740177,2022-02-25,2022-06-04,0.8711868417366447,6055.46338996508,Mercedes,2022
1,22.973529411764705,30.340588235294117,26.65705882352941,82.88,73.72529411764705,21.21940265211556,17.31583369157517,16.687769795382387,3.9035689605403903,53.48456548523363,12.19478863022261,1958.3879557593796,2022-03-05,2022-06-12,0.816037754476976,7103.517108559052,Mercedes,2022
2,19.549285714285713,26.708571428571428,23.12892857142857,258.0,79.67607142857142,62.43352794146375,54.22784126737053,27.2406200438999,8.205686674093224,193.21930848411196,11.650030053703919,2600.6253997681806,2022-03-05,2022-06-12,0.8685692296327273,5703.086019716525,Mercedes,2022
3,15.977878787878787,23.153939393939396,19.565909090909088,189.09,82.5630303030303,91.56560701781473,80.21563595976845,33.74302434965141,11.34997105804629,102.37195973448007,10.987071489800762,2054.656916412684,2022-03-05,2022-06-12,0.876045477907026,5349.624368701983,Mercedes,2022
4,13.707272727272727,20.291363636363638,16.999318181818182,114.97,84.74909090909091,30.090993288403634,25.99475191079744,43.45287137985625,4.096241377606195,79.26540105899772,10.581686953585065,1054.0772581115898,2022-03-05,2022-06-12,0.8638715133679289,5203.977114829693,Mercedes,2022
1,20.347647058823526,28.54470588235294,24.446176470588235,128.92,75.27411764705883,19.36280222111767,14.803274473232984,18.964870960203392,4.559527747884684,99.73297163989766,11.951210096578128,1725.337551189534,2022-03-15,2022-06-22,0.7645212869595948,6186.888787938063,Mercedes,2022
2,19.669642857142858,26.615357142857142,23.142500000000002,212.85999999999999,81.91785714285713,61.96285183471459,51.481748020506515,27.133592680722614,10.481103814208073,153.20953025897427,11.416441967113466,2445.134894421609,2022-03-15,2022-06-22,0.8308485890519318,4617.107336150303,Mercedes,2022
3,14.315151515151515,21.541515151515153,17.928333333333335,161.28,82.66393939393939,75.37567312355623,66.3722900075318,45.32,9.003383116024425,76.72130267319082,10.813087171288249,1797.7507039928955,2022-03-15,2022-06-22,0.8805531978299412,4341.357982860767,Mercedes,2022
4,12.710909090909091,19.701818181818183,16.206363636363637,99.86,85.09954545454546,28.87751584749031,27.93076228921531,44.55306376112759,0.9467535582750024,72.6961739496571,10.51397251600982,862.0160090712363,2022-03-15,2022-06-22,0.9672148545160514,4312.891572247569,Mercedes,2022
1,19.654705882352943,27.12470588235294,23.389705882352942,121.09,80.30411764705883,15.62938522289673,12.830912462777059,20.64577777777777,2.7984727601196715,94.15953198166739,11.708563942537806,1598.0096485916204,2022-03-25,2022-07-02,0.8209479950612538,5810.406742710353,Mercedes,2022
2,18.355,25.349285714285713,21.85214285714286,241.65,82.95678571428572,55.00103866290942,46.777776325432434,33.91350366443782,8.223262337476987,181.60449778790752,11.19543545185111,2172.672737829467,2022-03-25,2022-07-02,0.8504889628016709,4507.326834740168,Mercedes,2022
3,13.547878787878787,20.272121212121213,16.91,171.3,83.85666666666667,65.01058662675626,57.43430090530364,45.32,7.576285721452633,102.45920275913419,10.672488174940948,1609.3859019600402,2022-03-25,2022-07-02,0.8834607390185512,4244.6865655789325,Mercedes,2022
4,12.988181818181818,21.22681818181818,17.1075,25.27,83.53772727272727,33.73859300391655,30.35925055978277,32.776740507147125,3.3793424441337816,7.454008933070106,10.49516704424222,878.5884707042964,2022-03-25,2022-07-02,0.8998374815529063,4159.654866293547,Mercedes,2022
1,20.364117647058823,28.273529411764706,24.318823529411766,119.19,84.50176470588235,19.063485129490036,17.9596424429147,19.36508444311041,1.1038426865753372,88.18616200286378,12.83409565100304,1990.5681848846866,2007-02-05,2007-05-15,0.9420964908002176,9172.578512729806,Palotina,2007
2,20.244642857142857,29.48,24.862321428571427,129.76,80.40178571428571,81.42470713967407,72.21866589417063,28.578993559386266,9.206041245503428,48.327424989553506,12.32373554697483,3018.951582064333,2007-02-05,2007-05-15,0.8869379876342497,7616.973234881697,Palotina,2007
3,19.28848484848485,30.438484848484848,24.86348484848485,91.59,76.2309090909091,139.8787593995455,95.48257712572033,23.893665691482013,44.39618227382516,0.7927507421839195,11.59482468244862,3030.404550536501,2007-02-05,2007-05-15,0.682609550839572,6408.1959567506665,Palotina,2007
4,14.636818181818182,24.75772727272727,19.69727272727273,137.55,83.07545454545455,44.2885628711645,37.15830778844086,34.83054719093372,7.130255082723646,89.45481071210745,10.997513967974992,1350.1412954872158,2007-02-05,2007-05-15,0.8390045957583775,6201.857937047346,Palotina,2007
1,20.545882352941177,28.581764705882353,24.563823529411764,105.64,84.73823529411764,19.869148296865276,19.228523434437236,19.935111111111105,0.64062486242804,72.79725434334055,12.615812414803688,1905.6256115054257,2007-02-15,2007-05-25,0.9677578096022812,8514.104676941934,Palotina,2007
2,19.94107142857143,30.5975,25.26928571428571,89.71000000000001,76.67321428571428,84.74889287633873,56.712058400155534,9.520958798987236,28.036834476183188,43.412093911968334,12.084399789208303,2903.0231790360795,2007-02-15,2007-05-25,0.6691775724186378,4289.119510080294,Palotina,2007
3,18.099999999999998,28.382424242424243,23.241212121212122,185.0,79.89545454545456,116.33839981740847,93.57701108106554,26.79485532786821,22.76138873634294,74.14909239005348,11.366257920832904,2750.617470022754,2007-02-15,2007-05-25,0.8043518840549069,3869.540434475019,Palotina,2007
4,13.15181818181818,22.889545454545456,18.020681818181817,119.17,84.06954545454545,37.991726084892335,31.50436905984997,41.119138013218425,6.487357025042364,73.34134825479981,10.82150155085945,1066.078418533441,2007-02-15,2007-05-25,0.829242898557797,3737.3901327741473,Palotina,2007
1,20.796470588235294,30.493529411764705,25.645,61.53,79.23647058823529,21.499155663806867,19.294308936773017,19.935111111111105,2.20484672703385,28.62146884100477,12.384325264625845,1895.5550012265276,2007-02-25,2007-06-04,0.8974449619551509,7206.624461660651,Palotina,2007
2,19.363928571428573,30.056428571428572,24.71017857142857,121.23,76.93214285714285,77.28377906104893,52.96841404094096,32.48774553219861,24.315365020107972,55.708951537971544,11.843410082593154,2712.275548649129,2007-02-25,2007-06-04,0.6853755689030101,3805.554279591201,Palotina,2007
3,16.29878787878788,26.583939393939392,21.441363636363636,169.91,81.11030303030303,103.19885654348039,84.5374524182928,32.91795396568741,18.661404125187595,84.94233914821841,11.151765571915622,2335.3741310844985,2007-02-25,2007-06-04,0.8191704370549392,3461.4759210201096,Palotina,2007
4,9.989090909090908,20.00681818181818,14.997954545454546,85.88000000000001,83.30409090909092,31.58577915414276,28.12029021815805,33.910547369552795,3.465488935984709,56.76711637797656,10.678354302571874,571.6961572467247,2007-02-25,2007-06-04,0.8902832531351318,3385.51954553903,Palotina,2007
1,19.665882352941175,29.45764705882353,24.561764705882354,81.98,78.7535294117647,18.92985085343293,15.431052862734214,14.422677521860047,3.4987979906987174,56.46649397689576,12.193355923788875,1793.775619480189,2007-03-05,2007-06-12,0.815170335055006,6498.177460877253,Palotina,2007
2,19.428214285714287,30.490357142857142,24.959285714285716,85.06,76.40535714285714,72.43107373632769,54.812100307266974,30.558980438661635,17.618973429060716,14.111596775931439,11.652606379235932,2615.374764658693,2007-03-05,2007-06-12,0.7567484158360067,4127.139518571532,Palotina,2007
3,15.502121212121212,25.37060606060606,20.436363636363637,212.48000000000002,83.15484848484849,90.32651614321746,72.4208319643839,43.760000000000005,17.905684178833564,126.85814847427774,10.994566034241268,2160.194939451894,2007-03-05,2007-06-12,0.8017671339117833,3718.0721708153433,Palotina,2007
4,8.914090909090909,19.998636363636365,14.456363636363637,17.990000000000002,81.70454545454545,32.09056996015788,25.479669606973186,24.86841377037978,6.610900353184694,11.401916622647036,10.592234922352425,447.6086370806138,2007-03-05,2007-06-12,0.7939924295083426,3564.8819678508808,Palotina,2007
1,19.352941176470587,30.216470588235293,24.784705882352938,61.029999999999994,76.53235294117647,19.463696444352024,11.44465720981311,7.651097174782503,8.019039234538914,48.255134504293274,11.951568884191527,1673.7151884078937,2007-03-15,2007-06-22,0.5880001901249401,5376.603048936683,Palotina,2007
2,18.358214285714286,28.658214285714283,23.508214285714285,184.74,79.00785714285713,61.90804065836043,52.58138839617496,36.76342494171828,9.326652262185469,103.04628383688927,11.420742965493421,2390.074437133269,2007-03-15,2007-06-22,0.8493466735015148,4161.59834706037,Palotina,2007
3,12.302121212121211,22.534242424242425,17.418181818181818,119.96000000000001,82.91121212121213,77.60603632701972,62.10544314846796,29.64253460893756,15.500593178551762,64.97544718431276,10.821886807335334,1407.486796430399,2007-03-15,2007-06-22,0.8002656247867797,3745.991224191133,Palotina,2007
4,11.82909090909091,23.150909090909092,17.490000000000002,3.71,81.51181818181819,34.44511404700536,18.380108844240944,14.972425764696615,16.065005202764414,0.0,10.525036069233211,966.2266424019161,2007-03-15,2007-06-22,0.5336056898856137,3396.569425650899,Palotina,2007
1,19.947058823529414,31.18294117647059,25.565,58.92,75.10941176470588,19.01264131415892,12.960681052855703,15.66902412787311,6.051960261303217,34.89704007214571,11.710708070552977,1635.340244908748,2007-03-25,2007-07-02,0.6816875592768766,5093.460285242908,Palotina,2007
2,17.333928571428572,27.422857142857143,22.37839285714286,169.49,81.44178571428571,55.599568031979345,42.642531822999274,43.759999999999984,12.957036208980073,98.75649230487386,11.201375225523552,2164.513977039185,2007-03-25,2007-07-02,0.7669579698617885,3312.9747972908667,Palotina,2007
3,10.376666666666667,20.925454545454546,15.651060606060607,86.82000000000001,82.85333333333332,67.7378559126386,54.44809327159814,21.142918798627207,13.28976264104045,54.988987929774645,10.682348535186428,1007.0372305789083,2007-03-25,2007-07-02,0.8038059743405483,2987.981866096466,Palotina,2007
4,11.505454545454546,23.814999999999998,17.660227272727273,0.6100000000000001,78.22727272727273,35.92881573286397,12.320030814249016,9.43288798437819,23.60878491861495,0.0,10.506374080303688,1029.7145541223667,2007-03-25,2007-07-02,0.3429011105139189,2595.3019528931586,Palotina,2007
1,20.47764705882353,32.60941176470588,26.543529411764705,51.54,66.14882352941176,24.529011847540396,16.871622615522256,14.150215798376163,7.657389232018139,24.809434675379237,12.83409565100304,2045.9274422014357,2008-02-05,2008-05-14,0.687823167129092,8101.883559456749,Palotina,2008
2,19.363214285714285,29.612142857142857,24.48767857142857,134.87,74.875,83.59257482623316,66.58874604009979,19.859639748498246,17.00382878613337,62.57183000977813,12.32373554697483,2990.6154480670016,2008-02-05,2008-05-14,0.7965868521040319,5629.839101383217,Palotina,2008
3,17.89090909090909,30.077575757575758,23.984242424242424,72.55,68.50030303030303,132.992324885667,57.96103058566626,34.448609162831985,75.03129430000074,0.0,11.59482468244862,2997.8579452414438,2008-02-05,2008-05-14,0.4358223727233519,4041.724468299377,Palotina,2008
4,12.558181818181817,23.61,18.08409090909091,83.92,79.94954545454544,42.8513155523912,37.23427234433585,33.05690138485959,5.617043208055349,48.07743543363654,10.997513967974992,1223.5269545228628,2008-02-05,2008-05-14,0.8689178351785302,3935.7648697160594,Palotina,2008
1,21.371764705882352,31.10411764705882,26.23794117647059,102.48,73.43823529411765,22.24248468510847,18.430580706531146,16.94267616633374,3.8119039785773214,71.4810813790618,12.615812414803688,1999.570853687005,2008-02-15,2008-05-24,0.8286205865692052,8091.710216731081,Palotina,2008
2,18.887857142857143,30.741071428571427,24.814464285714283,55.06,70.75357142857142,85.60056655855985,55.5657568310813,8.606325992261572,30.034809727478546,7.830593342990863,12.084399789208303,2855.359012831009,2008-02-15,2008-05-24,0.6491283768906884,3832.9829705191296,Palotina,2008
3,16.23181818181818,28.235151515151514,22.23348484848485,141.57,71.41181818181819,112.58343072815403,62.16627454853282,43.760000000000005,50.417156179621216,44.25005144372875,11.366257920832904,2665.02891104888,2008-02-15,2008-05-24,0.5521796071274521,2974.7390006532983,Palotina,2008
4,12.335454545454546,24.203181818181818,18.269318181818182,8.05,78.36681818181818,41.50209331911525,31.32474723171643,20.34638501373284,10.177346087398819,0.13886775455073597,10.82150155085945,1167.2767723136565,2008-02-15,2008-05-24,0.754775114374501,2828.842994413115,Palotina,2008
1,19.724117647058822,29.59294117647059,24.658529411764704,97.61,75.28117647058824,20.19052881409024,13.965154341829038,19.935111111111105,6.2253744722612,68.00289296669393,12.384325264625845,1846.0400192505417,2008-02-25,2008-06-03,0.6916685774016609,6927.015324976796,Palotina,2008
2,18.041785714285716,30.998214285714287,24.52,24.220000000000002,65.63000000000001,82.32751485002967,38.79165128617619,4.011830944694989,43.53586356385348,1.3516288802399299,11.843410082593154,2684.502163956608,2008-02-25,2008-06-03,0.4711869580521197,1432.3712565459502,Palotina,2008
3,14.447272727272727,25.22151515151515,19.834393939393937,143.75,79.04333333333332,92.70531871243095,74.10798238050911,29.16509245701179,18.59733633192183,44.48875610717409,11.151765571915622,2189.7986182273016,2008-02-25,2008-06-03,0.7993929950275003,1288.6994026537607,Palotina,2008
4,12.639999999999999,24.703181818181818,18.67159090909091,39.019999999999996,76.40454545454546,41.17646577579096,24.410959715202658,43.760000000000005,16.7655060605883,0.014132741809131488,10.678354302571874,1181.1907033758469,2008-02-25,2008-06-03,0.5928376623705935,1183.7574303965357,Palotina,2008
1,18.516470588235293,29.947058823529414,24.23176470588235,48.36,72.62647058823529,19.74181889160628,16.15709856753111,14.4090025193794,3.5847203240751693,22.141724667687562,12.169267223628145,1747.7349241961456,2008-03-05,2008-06-12,0.8184199569574969,6802.434995884081,Palotina,2008
2,18.0675,30.809642857142855,24.43857142857143,53.88,66.18392857142858,71.264788038373,38.06683553835053,30.22216698102887,33.19795250002246,0.0,11.629018290473583,2603.6619971604723,2008-03-05,2008-06-12,0.5341605102067123,2049.1707241321124,Palotina,2008
3,13.276363636363637,24.53181818181818,18.90409090909091,101.55,79.45606060606062,88.26847929816905,68.52520728216633,16.98279550532185,19.74327201600272,46.264164193540694,10.976010582572348,1951.356288685385,2008-03-05,2008-06-12,0.7763270402641651,1819.9986836967855,Palotina,2008
4,12.00090909090909,23.319090909090907,17.66,82.05,78.00909090909092,35.516347636190105,23.93980393085877,43.760000000000005,11.576543705331336,31.332991574463076,10.583424518385108,1032.4525790021835,2008-03-05,2008-06-12,0.6740502761174919,1701.3530700132865,Palotina,2008
1,18.878823529411765,31.085294117647063,24.98205882352941,15.39,69.62,20.007417632559747,14.203726283147057,5.894747023961951,5.803691349412689,1.6124155817798822,11.927364812997629,1693.2453007887218,2008-03-15,2008-06-22,0.709923016753154,5675.920418354768,Palotina,2008
2,16.686785714285715,29.16821428571429,22.927500000000002,77.47,69.79785714285714,62.84699004484142,42.95067563122059,27.47795602676414,19.89631441362083,12.936115365977223,11.398147821869651,2325.673693833022,2008-03-15,2008-06-22,0.6834165900479119,2980.5670573656157,Palotina,2008
3,12.096969696969696,23.544848484848487,17.82090909090909,93.17999999999999,78.34515151515151,79.83408560994866,53.93312151329708,25.66109113574213,25.90096409665158,41.06374337772493,10.806324789505494,1695.3038558219457,2008-03-15,2008-06-22,0.6755650935466606,2497.067060148456,Palotina,2008
4,10.344090909090909,21.007727272727273,15.67590909090909,68.68,80.8059090909091,29.45324640584992,25.632354607484075,38.0895309834543,3.8208917983658446,30.619205544803748,10.520943002178887,706.725272326103,2008-03-15,2008-06-22,0.8702726434391646,2432.2794783748172,Palotina,2008
1,17.990588235294116,31.87294117647059,24.93176470588235,6.45,60.25176470588235,19.580953703161867,8.292327267363747,2.7904162608634095,11.28862643579812,0.0,11.686852820689218,1600.9702832344628,2008-03-25,2008-07-02,0.4234894476066674,4497.458848619794,Palotina,2008
2,14.61107142857143,25.259642857142858,19.935357142857146,143.53,79.20964285714285,47.31495414234573,41.556037167951196,33.018112449195854,5.758916974394529,71.74626664371637,11.180357503113965,1885.1760087455334,2008-03-25,2008-07-02,0.8782854791094377,3676.349775142626,Palotina,2008
3,12.597575757575758,24.438484848484848,18.518030303030304,50.82,77.8830303030303,79.75600789345961,47.73410013448672,36.10401231470914,32.021907758972894,0.0,10.670484088198378,1726.513170593327,2008-03-25,2008-07-02,0.5985016225768384,2938.3255403627413,Palotina,2008
4,9.710909090909091,19.66909090909091,14.69,65.52,81.7218181818182,26.046079360140002,24.865786544241306,39.86273511876382,1.180292815898696,36.89549065170401,10.507248244743119,632.7831186373887,2008-03-25,2008-07-02,0.9546844344755788,2911.6951636514636,Palotina,2008
1,20.812941176470588,30.25235294117647,25.532647058823528,71.44,77.58058823529413,21.925046085827507,17.291648195061182,11.60018428410501,4.633397890766323,46.64861876332349,12.83409565100304,2040.3731185422196,2009-02-05,2009-05-15,0.7886710079135759,9046.060863474246,Palotina,2009
2,20.608214285714286,31.875714285714285,26.241964285714285,67.25,70.47035714285714,90.72328473404394,51.94031882902836,7.031894709686542,38.78296590501558,19.877970745390108,12.32373554697483,3138.1554699457097,2009-02-05,2009-05-15,0.5725136494042498,3245.459544783776,Palotina,2009
3,18.67909090909091,32.71545454545454,25.697272727272725,46.13,61.27272727272727,151.51023306674557,45.89415264333591,7.267742066350637,105.61608042340966,0.0,11.59482468244862,3120.961136675225,2009-02-05,2009-05-15,0.302911240477849,2114.2728607074528,Palotina,2009
4,15.978181818181817,28.588181818181816,22.28318181818182,97.78999999999999,68.85181818181819,52.60495640761601,21.861109432126067,42.649442839124916,30.743846975489944,40.547189795099655,10.997513967974992,1581.8571702572997,2009-02-05,2009-05-15,0.4155712869094037,1867.1445072863269,Palotina,2009
1,21.33529411764706,30.651176470588233,25.993235294117646,55.13,77.48235294117647,21.28530161877104,17.73130893875549,15.191426531472567,3.553992680015549,26.589206295378332,12.615812414803688,2001.353569243015,2009-02-15,2009-05-25,0.8330306638980693,8572.022442394378,Palotina,2009
2,20.058214285714286,32.832499999999996,26.445357142857144,36.74,65.58035714285714,88.95550100548438,45.54221332981575,6.3892132016568155,43.41328767566863,0.0,12.084399789208303,3000.038745063757,2009-02-15,2009-05-25,0.5119662394685174,2296.867920511389,Palotina,2009
3,17.40969696969697,31.647575757575755,24.528636363636366,42.37,60.486363636363635,139.01584595477598,41.2787051047076,7.4805080969492215,97.7371408500684,0.0,11.366257920832904,2841.9049009427968,2009-02-15,2009-05-25,0.2969352509507167,1489.4444864445445,Palotina,2009
4,14.660454545454543,26.702272727272728,20.68136363636364,153.52999999999997,75.46818181818182,44.89696783972612,29.38782991947419,43.760000000000005,15.50913792025193,87.86267817747503,10.82150155085945,1342.2040460927162,2009-02-15,2009-05-25,0.6545615736096768,1386.5422145259151,Palotina,2009
1,21.08058823529412,31.46764705882353,26.274117647058826,52.54,73.82882352941176,20.718113761660867,18.07669108997554,18.31168987488655,2.6414226716853255,22.4725079240268,12.384325264625845,1947.804326728093,2009-02-25,2009-06-04,0.8725066045069552,7863.250677243701,Palotina,2009
2,19.662857142857142,33.23464285714285,26.448749999999997,33.44,62.9275,87.47824321062681,39.486365722571776,12.265324152314772,47.99187748805503,0.0,11.843410082593154,2841.752750673796,2009-02-25,2009-06-04,0.45138498755053874,1392.4046249597689,Palotina,2009
3,16.599393939393938,30.326363636363634,23.462878787878786,70.67,63.71575757575757,120.28735453168547,43.65450465618527,39.28081949612951,76.6328498755002,0.0,11.151765571915622,2611.663834610225,2009-02-25,2009-06-04,0.36291848653705344,948.8670020486808,Palotina,2009
4,11.989090909090908,22.48909090909091,17.23909090909091,150.0,80.68318181818182,34.8170071323996,29.343357710596734,40.431689670516306,5.473649421802865,119.50577211501646,10.678354302571874,884.5839223202752,2009-02-25,2009-06-04,0.8427880546714409,919.0323565986506,Palotina,2009
1,19.985294117647058,32.28294117647059,26.134117647058822,22.16,66.54235294117647,21.57011959070517,15.883339937286294,6.101865602644844,5.686779653418873,6.495683348957751,12.193355923788875,1846.9582815885396,2009-03-05,2009-06-12,0.7363584550607046,6810.085286853788,Palotina,2009
2,18.97392857142857,33.056785714285716,26.01535714285714,36.21,61.26107142857143,84.61370207867029,35.7709220524465,6.540943550198344,48.84278002622378,0.0,11.652606379235932,2694.73853790831,2009-03-05,2009-06-12,0.4227556669153678,913.4605773647165,Palotina,2009
3,15.34969696969697,28.3069696969697,21.828333333333333,107.83,68.75333333333333,103.82856859620114,51.5374341079836,28.141547612748976,52.291134488217544,34.69196182946576,10.994566034241268,2291.7328415609645,2009-03-05,2009-06-12,0.4963704576186293,683.4377110839091,Palotina,2009
4,11.302272727272728,21.035,16.168636363636363,136.01,83.50545454545454,28.517643778790216,24.359780244203378,42.077462452358304,4.157863534586839,97.71430491618729,10.592234922352425,779.4881959197821,2009-03-05,2009-06-12,0.8542003130819938,663.5087102231106,Palotina,2009
1,19.59941176470588,33.38529411764706,26.49235294117647,14.88,63.09588235294118,21.543976521015875,9.076220868570564,10.10534816753458,12.46775565244531,0.0,11.951568884191527,1768.9061226268116,2009-03-15,2009-06-22,0.42128809691733676,5163.85360022679,Palotina,2009
2,17.609285714285715,32.11464285714286,24.861964285714286,35.87,60.246428571428574,75.5047604259898,38.19429688758058,7.781051279954004,37.310463538409216,0.0,11.420742965493421,2457.7665430466363,2009-03-15,2009-06-22,0.5058528319551301,1336.298151101229,Palotina,2009
3,15.181818181818182,26.224242424242423,20.703030303030303,203.1,76.38242424242424,84.36929774316637,52.225559929279875,43.760000000000005,32.143737813886496,114.89549135067412,10.821886807335334,2078.239599244692,2009-03-15,2009-06-22,0.6190114333802188,1081.7409925188686,Palotina,2009
4,7.877727272727273,19.37181818181818,13.624772727272727,39.489999999999995,82.61181818181818,28.018961022092203,25.859135260863376,38.295864637458706,2.159825761228827,19.095000101677922,10.525036069233211,414.3476010437581,2009-03-15,2009-06-22,0.9229155656583461,1065.0639140163694,Palotina,2009
1,19.899411764705885,33.252941176470586,26.576176470588237,32.14,63.19529411764705,20.501792736598773,15.39661860088635,11.378925740768068,5.105174135712421,9.985258571769245,11.710708070552977,1696.2758952020215,2009-03-25,2009-07-02,0.7509888914934293,5509.511508516897,Palotina,2009
2,16.236428571428572,30.46035714285714,23.34839285714286,51.8,61.24071428571428,63.018724540039514,28.370987714733868,34.8079380260342,34.64773682530565,0.0,11.201375225523552,2224.968358982772,2009-03-25,2009-07-02,0.4501993323699864,965.8118499701474,Palotina,2009
3,12.571818181818182,23.17727272727273,17.874545454545455,194.95999999999998,80.91969696969697,69.98432208252856,58.13846526685425,43.760000000000005,11.84585681567432,127.86947275917996,10.682348535186428,1478.7585574960533,2009-03-25,2009-07-02,0.8307355638637869,884.0730508707124,Palotina,2009
4,9.862727272727271,20.173636363636362,15.018181818181818,110.47999999999999,87.23045454545455,27.106094827561048,25.693802962872404,43.760000000000005,1.412291864688646,84.7861970371276,10.506374080303688,718.9873012174726,2009-03-25,2009-07-02,0.9478976269479936,874.8605900903742,Palotina,2009
1,22.2,28.94529411764706,25.57264705882353,123.58,86.28588235294117,19.418974179522007,16.419758707512543,19.187825884854206,2.999215472009464,92.07129479694981,12.83409565100304,2091.408485383819,2010-02-05,2010-05-15,0.845552321956726,8732.843644092449,Palotina,2010
2,19.733571428571427,29.85964285714286,24.796607142857145,101.83,78.79321428571428,87.81411536251358,62.20018122192385,36.42613289600679,25.61393414058973,22.39151176692358,12.32373554697483,2980.050254697034,2010-02-05,2010-05-15,0.7083164359755778,4912.003206827087,Palotina,2010
3,18.10333333333333,28.187272727272727,23.14530303030303,171.51999999999998,80.36151515151515,123.22269019780708,70.59192051313754,43.760000000000005,52.630769684669545,93.59421238286924,11.59482468244862,2943.358062519772,2010-02-05,2010-05-15,0.572880858223576,3862.9979097755727,Palotina,2010
4,13.68409090909091,23.249545454545455,18.46681818181818,62.72,85.92090909090909,38.01933160695768,35.81324226541389,36.989705161488175,2.206089341543789,33.677052573097946,10.997513967974992,1293.0587480151735,2010-02-05,2010-05-15,0.941974536418729,3818.167460869931,Palotina,2010
1,20.828235294117647,28.077058823529413,24.45264705882353,101.0,86.0035294117647,18.19093521666483,17.241695301958732,14.059581221160194,0.9492399147060979,76.01961236576996,12.615812414803688,1947.1540963606158,2010-02-15,2010-05-25,0.9478179706870434,8397.138044146373,Palotina,2010
2,20.24535714285714,30.068928571428568,25.157142857142855,168.04,80.07678571428572,76.01033731880293,59.53125785357418,28.399675988188744,16.47907946522875,94.16864737939727,12.084399789208303,2953.0801576486147,2010-02-15,2010-05-25,0.7831994956671209,5666.382399760763,Palotina,2010
3,16.312121212121212,27.222727272727273,21.767424242424244,121.94999999999999,80.1930303030303,113.15690210000754,59.76290691292193,33.74097029030596,53.393995187085615,56.84579878496085,11.366257920832904,2602.3484265390402,2010-02-15,2010-05-25,0.5281419498397345,4329.518324453984,Palotina,2010
4,12.370454545454544,21.150000000000002,16.760227272727274,111.56,87.19,33.049307695978634,29.34060952172012,43.054780987897814,3.7086981742585174,72.90557978068803,10.82150155085945,1073.5636513106087,2010-02-15,2010-05-25,0.8877828785893208,4232.3491077609815,Palotina,2010
1,18.838823529411766,29.693529411764708,24.266176470588235,27.48,76.65411764705881,21.541405948056422,13.938294257947199,12.247198660088351,7.603111690109224,7.615395970853341,12.384325264625845,1757.0569005283835,2010-02-25,2010-06-04,0.647046636211077,6688.360607405271,Palotina,2010
2,19.240357142857142,28.445,23.84267857142857,160.05,82.24964285714286,69.7280857348299,48.01478450688029,11.661071251869576,21.71330122794961,112.62134290133848,11.843410082593154,2742.280897082751,2010-02-25,2010-06-04,0.6886003538011429,3564.23091721071,Palotina,2010
3,15.134848484848485,25.606060606060606,20.370454545454546,133.38,81.94424242424242,96.2713854138683,57.12597217906406,31.661181220756994,39.14541323480425,56.25391785204852,11.151765571915622,2250.7359839937785,2010-02-25,2010-06-04,0.5933847522135566,2839.595598425842,Palotina,2010
4,12.18409090909091,20.89818181818182,16.541136363636365,125.77000000000001,88.89590909090909,29.033461863959015,26.455433619858173,43.760000000000005,2.5780282441008433,87.21574760089882,10.678354302571874,1037.7875701264995,2010-02-25,2010-06-04,0.9112049311866216,2789.1671811129645,Palotina,2010
1,19.51235294117647,30.961764705882356,25.237058823529413,71.76,75.51823529411764,21.629958441372963,13.956182779626653,19.935111111111105,7.673775661746309,44.189594998151144,12.193355923788875,1781.0737186195538,2010-03-05,2010-06-12,0.6452246691760535,6148.795175464428,Palotina,2010
2,17.951785714285712,27.946428571428573,22.949107142857144,100.61,80.29607142857142,70.45724097226339,32.81760023836207,5.3304737287526365,37.63964073390132,82.3970371439964,11.652606379235932,2509.791871591297,2010-03-05,2010-06-12,0.465780376658252,1221.584611501182,Palotina,2010
3,14.07909090909091,23.542727272727273,18.810909090909092,210.2,85.76121212121211,76.90963593989791,62.63711482354206,38.740920941088866,14.272521116355849,114.1524379641217,10.994566034241268,1987.6571668254821,2010-03-05,2010-06-12,0.8144247994164305,1108.2367068466153,Palotina,2010
4,11.436818181818182,20.89272727272727,16.164772727272727,50.27,86.84181818181818,30.819675361274562,28.629501903135164,36.36044684947502,2.1901734581393972,24.020972188478684,10.592234922352425,887.154647076872,2010-03-05,2010-06-12,0.9289358686467091,1092.485531065438,Palotina,2010
1,21.048823529411763,29.348823529411764,25.198823529411765,116.64999999999999,84.24470588235295,16.77777599741912,12.210992556940122,14.035185543590561,4.566783440478999,95.28886162142115,11.951568884191527,1805.114588317245,2010-03-15,2010-06-22,0.7278075806244226,5909.752736732428,Palotina,2010
2,16.584642857142857,27.549285714285713,22.066964285714285,119.78999999999999,79.41250000000001,59.999364043305526,31.85339091331107,43.759999999999984,28.145973129994456,58.2117946302795,11.420742965493421,2261.921506132469,2010-03-15,2010-06-22,0.530895475664048,1751.3151169704943,Palotina,2010
3,12.666363636363636,21.810000000000002,17.23818181818182,120.77,86.8439393939394,68.88277020883083,60.71346917206322,38.77315943214357,8.169301036767612,65.04337139579319,10.821886807335334,1692.565049198639,2010-03-15,2010-06-22,0.8814028383004796,1647.4646159134122,Palotina,2010
4,11.479090909090909,21.457272727272727,16.46818181818182,32.45,86.14363636363636,31.707907974757543,26.431482182572957,30.915931768058794,5.276425792184586,13.87574548151182,10.525036069233211,872.2022357485447,2010-03-15,2010-06-22,0.8335927492792928,1592.6346044346528,Palotina,2010
1,17.981176470588235,27.473529411764705,22.72735294117647,26.349999999999998,81.86470588235295,16.564816165667565,10.918155164993536,6.554075693059535,5.64666100067403,15.19865803083582,11.710708070552977,1521.500517411996,2010-03-25,2010-07-02,0.659117194890616,5270.631925642779,Palotina,2010
2,16.053571428571427,26.71857142857143,21.386071428571427,132.13,81.83571428571429,50.15580669214801,33.282593730666704,35.04616602011062,16.8732129614813,70.3553159422822,11.201375225523552,2090.5518923485115,2010-03-25,2010-07-02,0.6635840578729473,2610.9450183377226,Palotina,2010
3,11.257575757575758,20.487272727272728,15.872424242424241,128.34,86.74969696969697,62.400855448855154,53.826226356677,34.29376981276781,8.57462909217816,75.2661698506658,10.682348535186428,1333.7151795033344,2010-03-25,2010-07-02,0.862587956038422,2431.5573725171794,Palotina,2010
4,13.265454545454544,23.595909090909092,18.43068181818182,6.65,85.29545454545455,35.23071384717607,21.746964797236153,19.19680501553166,13.483749049939913,0.0,10.506374080303688,1156.9950793343721,2010-03-25,2010-07-02,0.6172728969265348,2245.432790689094,Palotina,2010
1,20.947058823529414,27.982941176470586,24.465000000000003,143.08,87.45529411764706,18.251139948848376,16.531954859204028,9.924247329195794,1.7191850896443461,122.94468670048907,12.83409565100304,2015.963809392376,2011-02-05,2011-05-15,0.9058039610422897,9125.127361028382,Palotina,2011
2,20.026785714285715,28.81642857142857,24.42160714285714,67.9,80.87571428571428,82.93058135228127,52.484361216152635,11.109226377046165,30.446220136128627,14.230659735996996,12.32373554697483,2992.5446312184927,2011-02-05,2011-05-15,0.6328710152555671,4099.979245451387,Palotina,2011
3,18.729090909090907,28.71090909090909,23.72,139.1,80.74272727272728,118.66125799903678,93.6293977661105,40.06841039888844,25.031860232926284,16.511418212047232,11.59482468244862,3005.954132578513,2011-02-05,2011-05-15,0.7890477426665283,3667.52930702721,Palotina,2011
4,15.613181818181818,26.16909090909091,20.891136363636363,13.2,77.45727272727272,48.73667093954054,34.904384721735504,18.36402567715293,13.832286217805036,0.0,10.997513967974992,1467.9469547621532,2011-02-05,2011-05-15,0.7161831952993989,3459.3480172139552,Palotina,2011
1,20.830000000000002,28.170588235294115,24.50029411764706,43.62,85.2,18.858040878420578,14.806627275992096,16.890730650219748,4.0514136024284815,16.658319798035365,12.615812414803688,1932.8776885952557,2011-02-15,2011-05-25,0.7851625400247938,8074.870741950375,Palotina,2011
2,20.004285714285714,29.485714285714288,24.745,99.3,79.61,75.2742496474617,52.52493408926807,42.119589821756925,22.749315558193636,21.54620673919475,12.084399789208303,2918.7807256567057,2011-02-15,2011-05-25,0.6977809056252643,4414.300557712436,Palotina,2011
3,17.02878787878788,27.367272727272727,22.1980303030303,78.78,79.36484848484848,112.2187055880034,91.8468630281384,27.462746225336303,20.371842559865005,1.589980568282221,11.366257920832904,2595.5572135131715,2011-02-15,2011-05-25,0.8184630409598769,4013.621207944318,Palotina,2011
4,14.687272727272727,26.362727272727273,20.525000000000002,2.5900000000000003,75.2259090909091,47.70303333811067,20.257364769826733,9.79538145550957,27.445668568283935,0.0,10.82150155085945,1386.806679749549,2011-02-15,2011-05-25,0.4246556948747077,3551.7783869601462,Palotina,2011
1,20.183529411764706,28.037647058823527,24.110588235294117,47.4,82.67235294117647,18.516676036800234,14.604084693956555,17.238452720473433,3.912591342843679,21.878351474458903,12.384325264625845,1823.7743285021554,2011-02-25,2011-06-04,0.7886990443064535,7474.960469096866,Palotina,2011
2,18.850357142857142,29.38214285714286,24.11625,81.85,78.07964285714286,71.49053457904962,51.483339443405825,17.803607719246244,20.007195135643798,29.80150555782136,11.843410082593154,2708.8316063677908,2011-02-25,2011-06-04,0.7201420404330433,4337.069692009201,Palotina,2011
3,16.90909090909091,27.226060606060607,22.067575757575757,71.01,79.35242424242425,104.14557932508536,75.50799228712839,13.305615432117866,28.637587037956976,0.0,11.151765571915622,2455.518394762017,2011-02-25,2011-06-04,0.7250234986108615,3740.773566914422,Palotina,2011
4,12.004545454545456,24.865454545454543,18.435,2.5700000000000003,72.18818181818182,42.214788052419784,10.498098926899951,5.377516505217915,31.71668912551983,0.0,10.678354302571874,1176.9514671314446,2011-02-25,2011-06-04,0.24868297132900555,3178.672190669394,Palotina,2011
1,19.628235294117648,29.801176470588235,24.71470588235294,27.540000000000003,77.57235294117648,20.44007224581668,12.44817220313051,6.914924528784192,7.991900042686172,12.684638748467195,12.193355923788875,1768.4658796230585,2011-03-05,2011-06-12,0.6090082291992966,6346.068150542931,Palotina,2011
2,18.545714285714286,28.586785714285714,23.56625,116.77,80.43071428571429,64.53368344964157,51.56814645054619,31.38918425326621,12.965536999095383,40.7275938249718,11.652606379235932,2566.5353076333804,2011-03-05,2011-06-12,0.7990888431277449,4433.574309969302,Palotina,2011
3,15.477878787878787,26.20272727272727,20.84030303030303,35.53,77.44030303030304,99.27950582271853,58.661729732538724,8.25745452072749,40.6177760901798,0.0,10.994566034241268,2212.9533031314304,2011-03-05,2011-06-12,0.5908745137923009,3526.6301873672246,Palotina,2011
4,10.46409090909091,23.904090909090908,17.18409090909091,46.65,72.35000000000001,38.970015878966976,13.025598605680239,41.881855915047254,25.944417273286735,0.0,10.592234922352425,974.6194648501705,2011-03-05,2011-06-12,0.3342466845827092,3057.0570394691385,Palotina,2011
1,20.209411764705884,29.921764705882353,25.06558823529412,73.94,79.38470588235293,17.801508364448523,11.474023045542719,19.935111111111105,6.327485318905805,46.979196890495686,11.951568884191527,1769.1917702772598,2011-03-15,2011-06-22,0.6445534170833269,6036.536829824334,Palotina,2011
2,17.71892857142857,28.168928571428573,22.943928571428568,69.5,79.87857142857142,62.550058290625294,50.469636820436826,25.96389523571621,12.080421470188467,13.001579054958071,11.420742965493421,2317.743123673942,2011-03-15,2011-06-22,0.8068679422478009,4287.763660362969,Palotina,2011
3,13.586363636363638,25.49848484848485,19.542424242424243,11.89,74.53575757575757,91.04410290916813,33.4337970298392,4.420098205877013,57.61030587932893,0.0,10.821886807335334,1951.005457690244,2011-03-15,2011-06-22,0.3672263876683486,2931.1718102668387,Palotina,2011
4,11.117727272727272,24.202272727272728,17.66,46.54,75.5109090909091,37.632276768157766,23.339439804028128,27.620658401848885,14.292836964129636,0.0,10.525036069233211,999.115454170855,2011-03-15,2011-06-22,0.6201973892734708,2708.5184690613683,Palotina,2011
1,18.444117647058825,28.91235294117647,23.678235294117645,74.54,79.55176470588236,16.15331225637809,12.507712476455042,9.004642777375098,3.645599779923048,57.63652565406041,11.710708070552977,1580.7080801452166,2011-03-25,2011-07-02,0.7743125544741702,5690.939960230503,Palotina,2011
2,16.642500000000002,27.051785714285717,21.84714285714286,70.91,79.23785714285714,56.98476537378257,43.228267891375594,16.665033826745354,13.75649748240698,20.021341059254155,11.201375225523552,2079.683531368779,2011-03-25,2011-07-02,0.7585934171673184,3630.1944068726993,Palotina,2011
3,12.340303030303032,24.695757575757575,18.518030303030304,43.83,73.72666666666667,83.4169396944389,25.44364563751154,35.05138818923382,57.97329405692736,0.0,10.682348535186428,1737.0891712365217,2011-03-25,2011-07-02,0.30501773057982107,2368.7340332102845,Palotina,2011
4,11.010454545454547,22.283636363636365,16.647045454545456,69.99,80.2109090909091,33.983431181461505,25.127833619614538,43.760000000000005,8.855597561846963,36.153554569619274,10.506374080303688,858.189693406036,2011-03-25,2011-07-02,0.7394142600092178,2245.282371033194,Palotina,2011
1,22.088823529411766,35.70941176470588,28.899117647058823,63.27,52.92764705882353,28.347278557692064,11.872425373128504,19.935111111111105,16.47485318456356,35.4840576521318,12.83409565100304,2140.472342154955,2012-02-05,2012-05-14,0.4188206408938296,7273.92412576506,Palotina,2012
2,20.356428571428573,31.497142857142855,25.926785714285717,63.379999999999995,70.00964285714285,95.58693960054508,40.27438534164111,3.0156400041230844,55.312554258903965,40.02508576534691,12.32373554697483,3079.6424512756103,2012-02-05,2012-05-14,0.42133774247764977,960.2060922728135,Palotina,2012
3,17.009393939393938,30.59030303030303,23.799848484848486,108.97,66.60848484848485,131.83842771121286,75.71508848288072,36.270551521242375,56.123339228332135,0.0,11.59482468244862,2992.2716850868355,2012-02-05,2012-05-14,0.5743021196273046,755.8272431720708,Palotina,2012
4,13.095,24.072727272727274,18.58386363636364,109.56,79.84954545454546,42.943870710830794,35.416352885291914,42.08178418591466,7.527517825538881,68.33241445003581,10.997513967974992,1264.6901835002425,2012-02-05,2012-05-14,0.8247126376607599,729.3298504041164,Palotina,2012
1,22.14764705882353,30.878235294117644,26.51294117647059,122.42,73.50294117647059,22.309414008181374,18.064378143934228,17.78635490592314,4.245035864247149,90.86931434514555,12.615812414803688,2019.9885820987226,2012-02-15,2012-05-24,0.8097199745950119,8158.966774251997,Palotina,2012
2,17.964285714285715,32.19571428571429,25.080000000000002,41.25,60.20964285714286,90.17806114943977,39.87903821966212,19.157316686261023,50.29902292977766,0.0,12.084399789208303,2812.8125330033813,2012-02-15,2012-05-24,0.4422255004304876,1332.671359982967,Palotina,2012
3,16.318787878787877,28.513939393939395,22.416363636363638,151.68,73.2009090909091,111.66214789192975,73.32637547093023,34.69781207646251,38.33577242099952,62.81312913886827,11.366257920832904,2636.9115204498294,2012-02-15,2012-05-24,0.6566806823552943,1103.9054490059698,Palotina,2012
4,13.716363636363637,24.42318181818182,19.069772727272728,67.94999999999999,79.46681818181818,44.069363131239875,32.68326688314053,43.760000000000005,11.38609624809934,26.204545193321977,10.82150155085945,1361.4085219842693,2012-02-15,2012-05-24,0.7416323849702295,1046.8627653903618,Palotina,2012
1,20.311176470588236,31.35764705882353,25.834411764705884,44.78,71.69176470588235,23.220217461125088,13.524982162113858,3.5283941851180507,9.69523529901123,34.04751254165698,12.384325264625845,1842.2378601197315,2012-02-25,2012-06-03,0.5824657837402756,6872.738091843376,Palotina,2012
2,17.33535714285714,31.39035714285714,24.36285714285714,53.75,61.93642857142857,79.92008921678286,43.40788070618324,13.87051347893481,36.51220851059961,0.0,11.843410082593154,2698.2314776397343,2012-02-25,2012-06-03,0.5431410441552381,2162.9301691922474,Palotina,2012
3,15.154848484848486,26.61969696969697,20.887272727272727,165.17000000000002,77.36484848484848,98.08831972287416,73.59689998338193,41.77146462487905,24.491419739492226,63.67214887067383,11.151765571915622,2331.918928615569,2012-02-25,2012-06-03,0.7503125773926287,1892.9019395795785,Palotina,2012
4,14.806363636363637,24.32136363636364,19.563863636363635,84.08,83.5759090909091,35.193538722645734,29.513875474582203,43.760000000000005,5.679663248063527,52.57758915029684,10.678354302571874,1378.3332406782392,2012-02-25,2012-06-03,0.8386163070209,1831.8052384882478,Palotina,2012
1,19.90294117647059,33.46,26.681470588235292,3.72,60.34294117647058,23.81811019774719,5.712753871972885,2.2664611741113614,18.105356325774302,0.0,12.169267223628145,1828.2750263896544,2012-03-05,2012-06-12,0.23984916622449837,5208.178482536282,Palotina,2012
2,16.94607142857143,30.60464285714286,23.775357142857143,78.6,65.9667857142857,71.5097606407266,50.5393117896367,22.85328467543065,20.970448851089902,7.473864709044019,11.629018290473583,2542.421080474618,2012-03-05,2012-06-12,0.7067470417577275,2917.2078619500103,Palotina,2012
3,13.612727272727273,24.803636363636365,19.208181818181817,137.34,78.46848484848485,88.97485675907843,70.15658408947633,24.921230978266284,18.81827266960211,65.11546960768806,10.976010582572348,2035.2424058564961,2012-03-05,2012-06-12,0.7884989832514452,2608.711647515358,Palotina,2012
4,13.028636363636364,22.362272727272728,17.695454545454545,113.97,86.92954545454546,27.08166281104131,25.429794135191642,42.58455053654046,1.6518686758496663,70.87688630653417,10.583424518385108,1077.7252778567174,2012-03-05,2012-06-12,0.9390041635413837,2576.8875377114514,Palotina,2012
1,16.406470588235294,31.10235294117647,23.754411764705882,40.49,58.70058823529411,20.126905108591867,13.692392230943355,12.678470290829777,6.434512877648512,19.030813637737698,11.927364812997629,1609.1017077495003,2012-03-15,2012-06-22,0.680302915777065,6060.555265857152,Palotina,2012
2,17.64107142857143,29.619642857142857,23.630357142857143,150.99,73.51071428571429,56.724441058173305,47.6105455925373,43.759999999999984,9.11389546563601,72.29792469829249,11.398147821869651,2470.0398284069734,2012-03-15,2012-06-22,0.8393303610292197,4599.934426065556,Palotina,2012
3,13.55030303030303,24.005151515151514,18.777727272727272,97.11,80.95454545454545,81.71396147258596,62.97456664874516,43.760000000000005,18.73939482384081,34.13543335125482,10.806324789505494,1900.9966852696705,2012-03-15,2012-06-22,0.7706708316897887,4072.4848579599943,Palotina,2012
4,12.192727272727273,21.506363636363634,16.849545454545453,94.75,88.30818181818182,24.771086436973576,23.98832055133112,43.157407640769,0.7827658856424515,71.36427180789988,10.520943002178887,969.0742274518094,2012-03-15,2012-06-22,0.9684000179954122,4046.746768314896,Palotina,2012
1,16.02294117647059,30.60764705882353,23.31529411764706,41.45,62.27823529411765,18.498794713802276,11.468023352810961,16.712948357886674,7.030771360991316,17.66705200149734,11.686852820689218,1504.758723842633,2012-03-25,2012-07-02,0.6199335432515757,5398.3162769713845,Palotina,2012
2,15.034642857142858,26.844285714285714,20.939464285714287,133.58,76.7975,53.21159435947277,41.31131423371635,18.43686407154245,11.900280125756419,90.54477005262788,11.180357503113965,1963.4918501688198,2012-03-25,2012-07-02,0.7763592640099511,3587.3911390379735,Palotina,2012
3,13.153636363636364,22.876060606060605,18.014848484848486,138.59,83.64333333333333,65.23052526926888,52.32320235572563,40.46728451199563,12.907322913543252,64.23637720382119,10.670484088198378,1757.9013523694184,2012-03-25,2012-07-02,0.802127564353309,3232.468227888573,Palotina,2012
4,13.27,23.03409090909091,18.152045454545455,52.66,88.49318181818181,30.292702928197947,27.02325203123388,31.766910771789437,3.2694508969640665,34.33712170897231,10.507248244743119,1139.9866421558022,2012-03-25,2012-07-02,0.8920713379484967,3162.6930336965715,Palotina,2012
1,21.01058823529412,29.641176470588235,25.32588235294118,147.22,79.46411764705883,18.960850577583724,16.96015160847045,19.935111111111105,2.000698969113272,114.50801212431354,12.83409565100304,2108.083188291857,2013-02-05,2013-05-15,0.8944826361598683,8969.694062188013,Palotina,2013
2,20.29714285714286,29.572857142857142,24.935,133.72,80.51714285714286,67.45542817217799,63.06973595821857,42.84470273071354,4.385692213959419,47.740672422178996,12.32373554697483,3157.7258179576393,2013-02-05,2013-05-15,0.9349838503320285,8094.931604753316,Palotina,2013
3,15.407878787878786,26.827272727272724,21.117575757575757,93.24,78.62909090909092,123.50253684612471,94.34973276220953,18.416938763534578,29.152804083915182,23.318031204969444,11.59482468244862,2609.1506453088073,2013-02-05,2013-05-15,0.7639497549735559,7139.526310366153,Palotina,2013
4,14.45,27.573636363636364,21.01181818181818,120.02,75.30727272727273,51.27884898547125,25.86969476719672,43.760000000000005,25.40915421827453,68.80724399633785,10.997513967974992,1490.0007857546664,2013-02-05,2013-05-15,0.5044905507634606,6431.985760394289,Palotina,2013
1,20.67411764705882,29.69058823529412,25.18235294117647,71.6,81.17764705882352,21.62776636319664,20.31535364546633,15.17163282839024,1.3124127177303062,42.433902415032314,12.615812414803688,1932.4499868696812,2013-02-15,2013-05-25,0.9393181572386687,8500.90714885494,Palotina,2013
2,18.843214285714286,28.58857142857143,23.715892857142855,120.54,80.28285714285714,69.19118530937322,53.47357746223116,14.49240410917641,15.71760784714206,67.74565125698265,12.084399789208303,2875.161455986878,2013-02-15,2013-05-25,0.7728380027475434,5604.2825792675785,Palotina,2013
3,15.60939393939394,27.453030303030303,21.53121212121212,89.74,78.25212121212121,115.75949025088289,75.11607619728268,7.870680834591965,40.64341405360021,21.24564707730176,11.366257920832904,2554.378553911449,2013-02-15,2013-05-25,0.6488977796505958,4620.4445507444125,Palotina,2013
4,13.73090909090909,24.557727272727274,19.144318181818182,172.12,81.40136363636363,36.831055818946666,31.732996697199184,42.652338984171095,5.098059121747481,105.60534515322169,10.82150155085945,1350.3904727789047,2013-02-15,2013-05-25,0.8615825963065403,4492.534563019685,Palotina,2013
1,20.711176470588235,30.7235294117647,25.717352941176472,68.28,78.4135294117647,18.611037478103725,17.512455187873964,19.935111111111105,1.0985822902297624,37.15332258990382,12.384325264625845,2007.3557286711584,2013-02-25,2013-06-04,0.9409714642978788,7849.158414823551,Palotina,2013
2,17.693214285714287,27.413928571428574,22.553571428571427,124.6,81.65642857142858,64.26650140492862,52.65366215904274,34.145108097984256,11.612839245885876,57.736340854084105,11.843410082593154,2545.0576431602544,2013-02-25,2013-06-04,0.8193018292264578,5721.665563317993,Palotina,2013
3,13.590303030303032,26.987575757575758,20.288939393939394,102.63999999999999,74.52303030303031,110.7243609795013,65.76932863314944,43.760000000000005,44.955032346351864,27.25577946483481,11.151765571915622,2233.5668395189755,2013-02-25,2013-06-04,0.5939914942956906,4560.14312056672,Palotina,2013
4,14.255,23.226363636363637,18.74068181818182,151.73000000000002,87.94318181818181,29.944675046463406,28.915169720916598,41.69888051238525,1.0295053255468083,124.87594976669816,10.678354302571874,1252.989651291249,2013-02-25,2013-06-04,0.9656197529627761,4528.787351164684,Palotina,2013
1,20.355882352941176,28.93235294117647,24.644117647058824,112.77000000000001,82.59705882352942,14.250055364554214,14.042091485814705,19.935111111111105,0.20796387873950972,85.11368629196308,12.193355923788875,1920.20485652802,2013-03-05,2013-06-12,0.9854061002979118,7521.1644177497665,Palotina,2013
2,15.889642857142857,26.909285714285716,21.399464285714284,93.24,79.57785714285714,64.72298713106802,53.63669961931524,25.83439828717235,11.086287511752786,33.704013204623514,11.652606379235932,2251.2439687342044,2013-03-05,2013-06-12,0.8287117451902772,5588.733726869753,Palotina,2013
3,14.271515151515151,26.599393939393938,20.435454545454547,149.96,77.34757575757575,97.19318094167761,52.67781389072924,35.15576745202239,44.51536705094837,87.96081694442071,10.994566034241268,2228.0745377164835,2013-03-05,2013-06-12,0.5419908411305052,4308.888110175157,Palotina,2013
4,13.483636363636363,23.38,18.431818181818183,73.76,87.20954545454545,32.1190136293596,30.311601666996154,34.19329469616533,1.8074119623634468,44.4108710888609,10.592234922352425,1165.8041068945734,2013-03-05,2013-06-12,0.9437276628971161,4260.39386932028,Palotina,2013
1,17.164117647058823,27.404117647058825,22.28411764705882,55.3,79.64176470588235,16.330479436366314,12.372602601992998,7.610824174100974,3.9578768343733173,41.637462112794914,11.951568884191527,1527.529551765225,2013-03-15,2013-06-22,0.757638662735184,6184.742409184406,Palotina,2013
2,15.237857142857143,26.77,21.00392857142857,89.74,78.96642857142857,63.366632865289475,39.24080673826467,9.351782063150392,24.1258261270248,48.75823537268591,11.420742965493421,2156.848135784357,2013-03-15,2013-06-22,0.6192660863278997,2652.6306354305166,Palotina,2013
3,14.237878787878786,25.23,19.733939393939394,195.61,81.07787878787879,78.89749963948036,55.07269597782469,38.85480189838334,23.82480366165567,111.03428418694236,10.821886807335334,2027.6967829817172,2013-03-15,2013-06-22,0.6980284068503771,2252.121085921292,Palotina,2013
4,13.185454545454546,22.459545454545456,17.8225,185.99,88.85818181818182,29.938748540251034,26.8647208528353,43.42447807265627,3.0740276874157346,154.55560297289176,10.525036069233211,1136.6105197534628,2013-03-15,2013-06-22,0.8973227727510766,2205.8727762150456,Palotina,2013
1,17.254117647058823,27.717058823529413,22.485588235294117,57.25,80.19470588235293,16.210170869018665,10.69937651752683,17.669176919415385,5.510794351491835,33.62761075546295,11.710708070552977,1471.0310537634057,2013-03-25,2013-07-02,0.6600409461430032,5502.53357933584,Palotina,2013
2,13.90857142857143,27.1175,20.513035714285714,67.02,74.72285714285714,61.43440274766828,30.423765036101727,28.988549450502965,31.010637711566556,25.27686243281069,11.201375225523552,1934.0942109423736,2013-03-25,2013-07-02,0.4952235828036345,1336.209800816082,Palotina,2013
3,13.595757575757574,23.782424242424245,18.689090909090908,187.96,85.54393939393938,67.06898465064072,58.57310096308901,30.01245532281816,8.495883687551705,128.3629931645958,10.682348535186428,1873.4473893952336,2013-03-25,2013-07-02,0.8733261919528621,1251.5784089064416,Palotina,2013
4,13.414090909090909,20.94090909090909,17.1775,281.16,91.62954545454545,23.365012351140933,21.55289983520192,42.26914644542662,1.8121125159390143,247.35040904218963,10.506374080303688,1089.9797443630478,2013-03-25,2013-07-02,0.9224433315632069,1232.1647585700005,Palotina,2013
1,21.57764705882353,34.667058823529416,28.12235294117647,31.47,60.68882352941176,26.280499636004635,19.186079715029997,12.59995134437072,7.094419920974638,3.746057047322541,12.83409565100304,2124.7866333560787,2014-02-05,2014-05-15,0.7300500363678327,8615.854514098295,Palotina,2014
2,20.106428571428573,31.134999999999998,25.620714285714286,164.57000000000002,73.22428571428573,80.42206249390334,66.20964367073279,43.759999999999984,14.212418823170555,67.20030767363795,12.32373554697483,3216.378957547464,2014-02-05,2014-05-15,0.823277115974886,6331.926526989922,Palotina,2014
3,18.293333333333337,27.656969696969696,22.975151515151513,266.13,82.97848484848485,118.10896420994477,93.49102937660409,41.41659853917724,24.61793483334069,174.9823720842187,11.59482468244862,2864.984050077429,2014-02-05,2014-05-15,0.7915659069739953,5672.0318456097,Palotina,2014
4,15.059545454545455,24.207727272727276,19.633636363636363,86.55,85.70136363636364,43.72602518903224,36.60872010719038,39.01809712458337,7.117305081841865,52.33978130740349,10.997513967974992,1452.6633605103148,2014-02-05,2014-05-15,0.837229543479587,5487.384003028058,Palotina,2014
1,20.307058823529413,32.16117647058824,26.234117647058824,40.07,67.28058823529412,21.73967901898826,16.677762069575117,19.935111111111105,5.061916949413139,8.394261986343203,12.615812414803688,2094.850871018723,2014-02-15,2014-05-25,0.7671576960730712,8144.129457843418,Palotina,2014
2,19.43607142857143,29.85892857142857,24.6475,158.51000000000002,76.48785714285714,76.93529850699652,60.026964553561484,36.948633374364846,16.90833395343503,81.46951318318477,12.084399789208303,2901.3285655321392,2014-02-15,2014-05-25,0.7802265763367726,5459.33463728323,Palotina,2014
3,17.181515151515153,26.568787878787877,21.875151515151515,310.16,84.42272727272727,104.47230006656383,84.65446331594903,38.09260312967993,19.81783675061481,224.3615669287359,11.366257920832904,2633.1464510840933,2014-02-15,2014-05-25,0.8103053466039514,4941.531341386988,Palotina,2014
4,15.087272727272728,23.555909090909093,19.321590909090908,122.07,86.76454545454546,37.144846775679305,29.162935203807383,43.760000000000005,7.981911571871921,87.23966792587254,10.82150155085945,1351.2243757518954,2014-02-15,2014-05-25,0.7851138915695273,4729.158053459415,Palotina,2014
1,19.18,31.30764705882353,25.243823529411763,56.910000000000004,70.21529411764706,20.1281789561895,18.156646778538104,17.2536466802148,1.9715321776513948,27.820595430135988,12.384325264625845,1929.0511922579442,2014-02-25,2014-06-04,0.9020511402475813,7657.998467719744,Palotina,2014
2,19.914285714285715,29.607499999999998,24.760892857142856,169.66,79.34678571428572,75.47874090165722,56.38428046080972,41.220895939711696,19.094460440847502,89.3084702796934,11.843410082593154,2749.150305670653,2014-02-25,2014-06-04,0.747022006292791,4752.040835454813,Palotina,2014
3,15.643939393939394,24.615151515151513,20.129545454545454,269.89,86.37848484848485,86.58071305960242,74.62401888148993,24.396505854077372,11.956694178112494,212.09037120414442,11.151765571915622,2307.2191778335346,2014-02-25,2014-06-04,0.8619011815035356,4423.915223043182,Palotina,2014
4,12.198636363636364,21.22772727272727,16.71318181818182,149.25,86.89545454545454,30.444850500027943,26.003296901599494,40.97581451596456,4.441553598428451,106.66739443651332,10.678354302571874,984.8493357772857,2014-02-25,2014-06-04,0.854111499137617,4294.835551076773,Palotina,2014
1,20.077058823529413,30.834705882352946,25.455882352941178,113.97,74.12823529411764,19.35436816929595,16.64850197525662,19.935111111111105,2.705866194039326,83.70727580252117,12.193355923788875,1869.3457413160047,2014-03-05,2014-06-12,0.8601935144371206,7076.153644041968,Palotina,2014
2,18.36285714285714,28.014285714285712,23.18857142857143,199.01,81.56107142857142,63.83770412770646,51.78048928856568,43.759999999999984,12.057214839140777,123.40462182254544,11.652606379235932,2468.3273936305795,2014-03-05,2014-06-12,0.8111270603494688,5071.41273378843,Palotina,2014
3,15.574242424242426,24.578484848484848,20.076363636363634,158.37,86.30636363636364,84.16649437470726,67.48226169245612,25.353646198510866,16.684232682251142,109.294092109033,10.994566034241268,2223.4807006195224,2014-03-05,2014-06-12,0.8017710871029827,4568.762417252944,Palotina,2014
4,12.136818181818182,20.400454545454547,16.268636363636364,255.16,89.145,24.830472468376442,24.199210950355184,39.89462461671196,0.6312615180212552,216.4198106314437,10.592234922352425,934.1570369933726,2014-03-05,2014-06-12,0.974577144320342,4545.532219739251,Palotina,2014
1,19.53235294117647,28.95,24.241176470588236,124.42,79.8529411764706,17.847358349853273,14.141927377256138,19.935111111111105,3.7054309725971364,95.81296151163276,11.951568884191527,1686.1151534711187,2014-03-15,2014-06-22,0.792382104961343,6317.7307169575215,Palotina,2014
2,17.563928571428573,26.97607142857143,22.27,238.81,84.12392857142856,54.499191614669854,45.99798464402874,25.743223141301847,8.501206970641114,187.0039033257805,11.420742965493421,2293.29507945238,2014-03-15,2014-06-22,0.8440122372686203,4839.497696841243,Palotina,2014
3,14.118181818181817,22.78939393939394,18.453787878787878,220.74,86.83272727272727,71.2273438646355,57.312343223929226,43.760000000000005,13.91500064070627,145.41087991737263,10.821886807335334,1882.2636142403346,2014-03-15,2014-06-22,0.8046396245358927,4366.774653284949,Palotina,2014
4,13.143636363636363,21.948636363636364,17.546136363636364,168.77,89.20772727272727,28.064311722840838,27.178842759378494,39.64071454890685,0.8854689634623427,145.71044269171466,10.525036069233211,1028.2450534463887,2014-03-15,2014-06-22,0.9684485772461798,4339.219062653657,Palotina,2014
1,20.01235294117647,29.534705882352938,24.773529411764706,72.78999999999999,79.84705882352942,18.06613807414321,11.783151418477303,19.087602953653445,6.28298665566591,46.39011293225155,11.710708070552977,1615.94313007627,2014-03-25,2014-07-02,0.6522230357212699,5380.9003272211785,Palotina,2014
2,16.095714285714287,24.93642857142857,20.51607142857143,266.33,86.54928571428572,47.34415037860418,39.57787805869131,25.73549385365729,7.766272319912873,220.10423104130484,11.201375225523552,2024.9084406954587,2014-03-25,2014-07-02,0.8359613118451353,4056.8865810670127,Palotina,2014
3,12.931818181818182,21.64757575757576,17.289696969696973,273.28,87.98151515151515,60.91912690045551,49.26927249466924,40.83879396987688,11.649854405786273,208.90742738911118,10.682348535186428,1618.209315006718,2014-03-25,2014-07-02,0.8087652433886217,3668.9777221018544,Palotina,2014
4,12.879545454545456,21.83636363636364,17.357954545454547,81.71,88.655,29.66146017803613,28.206314819511327,41.17840483795412,1.4551453585248044,53.16407431241144,10.506374080303688,991.3372350393255,2014-03-25,2014-07-02,0.9509415467144697,3632.9788476647773,Palotina,2014
1,21.001176470588234,30.710000000000004,25.855588235294118,52.629999999999995,76.13529411764705,19.68143157096603,17.14514614994548,18.087801080106747,2.5362854210205525,23.717941658836665,12.83409565100304,2160.305277381655,2015-02-05,2015-05-15,0.8711330823738417,9318.413021314269,Palotina,2015
2,21.00714285714286,31.833571428571428,26.420357142857142,60.82,72.71214285714287,94.3696480501935,66.65376111487447,9.577129439154659,27.715886935319045,2.676910526077628,12.32373554697483,3146.551001543242,2015-02-05,2015-05-15,0.7063050725739969,5213.257067283644,Palotina,2015
3,18.654545454545456,30.28939393939394,24.471969696969698,143.59,72.52454545454545,131.45373823759365,85.71694694571636,40.21699017767086,45.7367912918773,27.233192315767436,11.59482468244862,3091.1521285054664,2015-02-05,2015-05-15,0.6520692990167295,4306.33097437065,Palotina,2015
4,14.07318181818182,25.504545454545454,19.788863636363637,95.51,77.4090909090909,49.551961154132286,38.841302031587944,38.19666252136395,10.710659122544342,58.689025624718965,10.997513967974992,1426.8439918128804,2015-02-05,2015-05-15,0.7838499451267199,4120.168239088106,Palotina,2015
1,21.238235294117647,30.794117647058822,26.016176470588235,40.89,75.45705882352941,21.055906404559167,19.187010594718785,13.210049559594058,1.8688958098403805,13.962939845687156,12.615812414803688,2040.8804149286632,2015-02-15,2015-05-25,0.9112412558294942,8870.144642384583,Palotina,2015
2,19.85214285714286,31.69142857142857,25.771785714285716,84.35,71.39464285714286,85.35495922769893,55.45600658455204,30.586830690526362,29.898952643146885,11.517212284515661,12.084399789208303,2986.76038593211,2015-02-15,2015-05-25,0.6497104220577701,4209.465807783442,Palotina,2015
3,17.59060606060606,29.316363636363636,23.453484848484848,151.9,73.23878787878789,122.1338922076987,85.84555055839648,43.760000000000005,36.28834164930221,52.88128013212987,11.366257920832904,2777.894286214234,2015-02-15,2015-05-25,0.7028806583221723,3584.1089529714714,Palotina,2015
4,15.07318181818182,24.499545454545455,19.786363636363635,66.57,82.97727272727273,39.65842793324151,36.020049435649085,43.760000000000005,3.6383784975924303,30.549950564350922,10.82150155085945,1391.123087360914,2015-02-15,2015-05-25,0.9082571174097711,3518.3456555988614,Palotina,2015
1,21.122941176470587,31.29235294117647,26.20764705882353,47.93,74.19470588235293,22.105152426814335,18.430109415103686,13.494986082252654,3.67504301171065,20.435556547397162,12.384325264625845,1935.5576481892574,2015-02-25,2015-06-04,0.8337472214282182,7929.674346436075,Palotina,2015
2,18.626785714285713,31.388928571428572,25.007857142857144,70.55,69.05357142857143,81.25404335360273,55.45330742540721,21.3888389002145,25.800735928195515,7.2028397566309454,11.843410082593154,2745.6496086033453,2015-02-25,2015-06-04,0.6824682826439119,4152.789676488532,Palotina,2015
3,16.348484848484848,27.191515151515148,21.77,175.55,77.13575757575758,103.41673954537809,80.67231852906461,36.9811345627344,22.744421016313474,79.28538580841548,11.151765571915622,2489.34778857129,2015-02-25,2015-06-04,0.7800702176814086,3696.128611706024,Palotina,2015
4,15.049545454545454,24.19909090909091,19.624318181818182,50.13,85.29181818181819,33.41736607477899,28.91392854317117,40.00608442206127,4.503437531607817,18.191121597501958,10.678354302571874,1324.017838994199,2015-02-25,2015-06-04,0.8652366101645969,3596.5080475097984,Palotina,2015
1,20.557058823529413,32.02411764705882,26.290588235294116,35.84,72.10000000000001,21.814214500957426,17.96795656489847,6.3968348750466895,3.846257936058957,17.796097448943733,12.193355923788875,1860.2417394222039,2015-03-05,2015-06-12,0.8236811169207973,7483.800316799618,Palotina,2015
2,18.37357142857143,30.641428571428573,24.5075,113.0,70.35214285714285,71.56577022099898,51.41111505889479,43.759999999999984,20.154655162104195,24.225719816151916,11.652606379235932,2646.5863716761587,2015-03-05,2015-06-12,0.7183757667965353,4322.37102829981,Palotina,2015
3,15.381212121212121,25.80030303030303,20.590757575757575,131.82,79.5969696969697,93.63251677065665,76.00158852475062,28.538324877990828,17.63092824590604,71.04008659725854,10.994566034241268,2239.1685187835615,2015-03-05,2015-06-12,0.8117007973940165,3915.4215193017803,Palotina,2015
4,14.868181818181819,24.777272727272727,19.82272727272727,56.5,84.06545454545454,32.785971587546804,28.70912758749233,42.15923272120518,4.076844000054475,14.169964569293327,10.592234922352425,1305.6678845639092,2015-03-05,2015-06-12,0.8756527928669654,3818.047173167028,Palotina,2015
1,19.298823529411763,32.01294117647059,25.655882352941177,49.44,68.99235294117646,20.3858935542474,13.58108591530934,16.726639642433444,6.804807638938061,23.879728264175615,11.951568884191527,1751.601366570113,2015-03-15,2015-06-22,0.6662001780382946,6327.09620168671,Palotina,2015
2,18.01642857142857,29.594642857142855,23.805535714285718,100.48,73.38607142857143,65.00319198711334,50.882003838565915,23.33353515388706,14.121188148547422,42.99110064998047,11.420742965493421,2429.2344161036626,2015-03-15,2015-06-22,0.7827616195932823,4265.364004388835,Palotina,2015
3,14.79060606060606,24.49060606060606,19.64060606060606,144.68,82.24151515151515,78.02329915308843,62.31537983779532,43.760000000000005,15.70791931529311,61.93815531609173,10.821886807335334,2057.3649361401244,2015-03-15,2015-06-22,0.7986765557750536,3836.0051182705,Palotina,2015
4,12.735454545454546,24.047272727272727,18.391363636363636,32.34,80.85636363636364,34.60406549856928,30.19450006677463,39.13462678243215,4.40956543179465,6.770873150793225,10.525036069233211,1063.8670515531383,2015-03-15,2015-06-22,0.872570885291586,3738.2413710228693,Palotina,2015
1,18.06705882352941,30.492941176470588,24.28,62.949999999999996,70.43529411764706,18.05473948029012,13.235505300099911,11.507999605012314,4.819234180190209,42.57446235740847,11.710708070552977,1611.720843950841,2015-03-25,2015-07-02,0.7330765040696797,6099.410272146415,Palotina,2015
2,16.830357142857142,28.09357142857143,22.461964285714288,144.18,75.6217857142857,57.30823486736005,43.07828237497769,31.23921247334992,14.229952492382367,81.37050475668471,11.201375225523552,2199.4724133271498,2015-03-25,2015-07-02,0.7516944549885789,3827.634184336051,Palotina,2015
3,14.787575757575757,24.348484848484848,19.5680303030303,81.51,83.98757575757577,71.1110252092048,59.7065384951023,25.83231405562114,11.404486714102493,27.210359922626473,10.682348535186428,1967.2424487792055,2015-03-25,2015-07-02,0.8396242118496942,3520.7042598040775,Palotina,2015
4,12.475,22.954545454545453,17.714772727272727,68.39,80.55318181818183,32.21904897179981,28.53724031454184,43.760000000000005,3.681808657257966,21.925073741079302,10.506374080303688,1050.0476229180078,2015-03-25,2015-07-02,0.8857257189533895,3440.2390701907075,Palotina,2015
1,22.56235294117647,29.288823529411765,25.925588235294118,52.54,87.14411764705882,21.722096781393816,21.193203104947045,19.79253018644665,0.5288936764467695,17.875155597495194,12.83409565100304,2076.2876486480973,2016-02-05,2016-05-14,0.9756518129087888,9194.503357109666,Palotina,2016
2,19.520714285714288,27.872142857142855,23.696428571428573,117.83,85.80142857142857,79.48176074129026,55.716841895285334,12.43702052294278,23.76491884600493,69.46866776821854,12.32373554697483,2929.1356210249273,2016-02-05,2016-05-14,0.7010016055965504,5070.790745440291,Palotina,2016
3,20.073939393939394,29.87333333333333,24.973636363636363,83.53,80.5430303030303,137.0457852963497,71.3811698341202,6.712119703900146,65.6646154622295,17.87373098492244,11.59482468244862,3078.4077436655098,2016-02-05,2016-05-14,0.520856366941636,3855.9721953157955,Palotina,2016
4,13.455,23.415,18.435,176.31,81.19590909090908,39.06428046917932,30.83900370672741,40.53833651964937,8.225276762451909,111.64477947752337,10.997513967974992,1201.1008469969704,2016-02-05,2016-05-14,0.789442512093844,3693.5914315394593,Palotina,2016
1,21.88529411764706,28.345882352941175,25.115588235294116,107.69,88.17647058823529,17.835567578406767,17.31816158169908,19.34758239763922,0.5174059967076874,77.3451449095506,12.615812414803688,2020.434326599245,2016-02-15,2016-05-24,0.9709902141082349,8340.218681505265,Palotina,2016
2,18.37857142857143,27.7275,23.053035714285716,94.68,83.88178571428571,74.23621999088306,55.14824674273593,25.05750633773106,19.087973248147126,33.82182931717223,12.084399789208303,2695.317620286793,2016-02-15,2016-05-24,0.7428751995927148,5123.503085752535,Palotina,2016
3,17.844848484848484,28.632424242424243,23.238636363636363,70.32000000000001,77.62939393939394,130.0845145421878,59.29092315042224,29.929289382807305,70.79359139176556,6.157293804501521,11.366257920832904,2515.0650566354416,2016-02-15,2016-05-24,0.4557877112359409,3729.366415358982,Palotina,2016
4,13.52727272727273,22.360454545454544,17.943863636363634,174.2,86.16227272727272,30.816391979230296,27.825582634287297,41.744285024414815,2.9908093449429995,134.5594217241052,10.82150155085945,1207.3170630223638,2016-02-15,2016-05-24,0.9029474525454261,3656.9775131585575,Palotina,2016
1,19.08529411764706,27.41764705882353,23.251470588235293,83.12,86.00941176470589,17.115799489232845,14.7376419430178,16.187495538194113,2.3781575462150437,58.51575140767697,12.384325264625845,1787.166578414724,2016-02-25,2016-06-03,0.8610548372156913,7232.257070592797,Palotina,2016
2,19.62357142857143,29.1325,24.378035714285716,66.66,82.84642857142856,79.06577309326113,41.54567438083765,7.386818227272455,37.520098712423476,33.915002930084,11.843410082593154,2661.2938235461575,2016-02-25,2016-06-03,0.5254571321503797,2084.233053635597,Palotina,2016
3,16.2,26.3969696969697,21.29848484848485,195.91,79.23878787878789,100.57654359120795,56.6860119731487,41.74122527048791,43.89053161805924,104.86958098363586,11.151765571915622,2262.051756102881,2016-02-25,2016-06-03,0.5636106585999641,1629.464508835485,Palotina,2016
4,11.793636363636363,20.64590909090909,16.219772727272726,114.66,87.64045454545455,29.452402371201185,28.511845738639767,42.03119319178582,0.9405566325614158,85.85818634006232,10.678354302571874,947.3543139423937,2016-02-25,2016-06-03,0.9680651981897034,1619.0571836061704,Palotina,2016
1,18.802941176470586,28.36,23.581470588235295,34.13,83.41823529411765,19.88140693566187,12.38872304284369,8.693902288663548,7.492683892818183,17.60424510978695,12.169267223628145,1662.0059643944776,2016-03-05,2016-06-12,0.6231311034945753,5570.610477155586,Palotina,2016
2,19.97107142857143,29.673214285714288,24.822142857142858,79.00999999999999,81.38321428571429,77.33261921355472,37.62756081533998,9.07974266874127,39.705058398214746,40.99659880458229,11.629018290473583,2609.9416465124286,2016-03-05,2016-06-12,0.48656777952174535,1280.4141170974526,Palotina,2016
3,13.996363636363636,24.03181818181818,19.01409090909091,224.32,81.39969696969698,80.3108802416535,56.275094535210826,43.760000000000005,24.035785706442674,133.36464813353044,10.976010582572348,1894.6379733563856,2016-03-05,2016-06-12,0.7007156983696409,1088.8101946808706,Palotina,2016
4,8.44,18.251818181818184,13.34590909090909,71.23,85.62181818181818,25.708169264824676,24.706850890376874,37.48682607074155,1.0013183744478042,52.79632303888158,10.583424518385108,392.8426912523121,2016-03-05,2016-06-12,0.9610505764088824,1080.3284887842801,Palotina,2016
1,19.08764705882353,28.213529411764707,23.65058823529412,66.58,83.8664705882353,17.66025843656242,13.175885267121805,11.167776595767338,4.484373169440615,48.55722702599974,11.927364812997629,1636.3140991267665,2016-03-15,2016-06-22,0.7460754503933804,5328.5162202177335,Palotina,2016
2,19.429285714285715,29.657857142857143,24.54357142857143,70.06,78.56678571428571,68.99237781850388,34.34098159399782,37.62673684747575,34.65139622450607,9.260058154293777,11.398147821869651,2349.075181631519,2016-03-15,2016-06-22,0.49775037011099366,1314.1482710248476,Palotina,2016
3,12.476363636363635,21.867575757575757,17.171969696969697,237.01,85.05121212121212,63.4534308204108,56.306436647411196,42.7534017324874,7.146994172999607,175.57689846757717,10.806324789505494,1624.7175576417192,2016-03-15,2016-06-22,0.8873663081634247,1240.1395853317572,Palotina,2016
4,7.946363636363636,18.26409090909091,13.105227272727273,51.15,85.96954545454545,25.044227760915177,22.41049015750722,43.760000000000005,2.6337376034079574,27.732911574980168,10.520943002178887,320.8117103118053,2016-03-15,2016-06-22,0.8948365416354243,1214.0561118020976,Palotina,2016
1,19.554117647058824,29.479999999999997,24.517058823529414,25.85,81.48058823529412,18.599633972698847,7.160996965732173,9.557027293969456,11.438637006966674,15.45286462918726,11.686852820689218,1565.9872597036535,2016-03-25,2016-07-02,0.38500741338476446,4087.8760930410003,Palotina,2016
2,15.842857142857143,26.701071428571428,21.271964285714287,91.61,77.38107142857143,52.54963984886625,35.31257805936049,43.759999999999984,17.23706178950576,22.09444923460898,11.180357503113965,1890.470453211538,2016-03-25,2016-07-02,0.6719851584315351,2076.5500495254614,Palotina,2016
3,11.159696969696968,20.182727272727274,15.67121212121212,214.29000000000002,87.23393939393941,55.38768624698895,52.86773147218121,34.62470565653513,2.519954774807741,170.55756287128366,10.670484088198378,1229.6456154703415,2016-03-25,2016-07-02,0.9545033391795683,2029.3120028855062,Palotina,2016
4,10.727272727272727,20.657727272727275,15.6925,43.730000000000004,87.605,27.99279631862392,23.401726190880368,33.16228402151439,4.591070127743552,21.79069544414037,10.507248244743119,735.4616798134432,2016-03-25,2016-07-02,0.8359910144207687,1962.7469222821042,Palotina,2016
1,21.39764705882353,30.421176470588232,25.909411764705883,117.06,80.98470588235294,21.9282530937364,19.98458831136233,12.474223180920236,1.9436647823740687,90.92207739660633,12.83409565100304,2073.869097817051,2017-02-05,2017-05-15,0.9113625342581776,9035.876564141763,Palotina,2017
2,20.815,29.422857142857143,25.118928571428572,153.72,83.31142857142856,81.0639464896132,69.58392389679561,29.165273240879934,11.48002259281759,67.4450260432447,12.32373554697483,3089.0114872508375,2017-02-05,2017-05-15,0.8583831272723871,7116.427692092036,Palotina,2017
3,18.069393939393937,27.53121212121212,22.80030303030303,180.3,81.77424242424243,115.90295995536732,94.49333478250898,38.35235028946429,21.409625172858345,76.61958816890667,11.59482468244862,2890.3109305464554,2017-02-05,2017-05-15,0.8152797376261753,6459.153496868239,Palotina,2017
4,14.681818181818182,24.24090909090909,19.461363636363636,89.46,84.88318181818182,42.634389454566495,39.93191167504988,42.178002461977904,2.702477779516616,45.7024361524365,10.997513967974992,1314.828053995424,2017-02-05,2017-05-15,0.9366127247489605,6377.267868749299,Palotina,2017
1,21.622941176470587,29.704705882352943,25.663823529411765,90.42,82.38529411764705,21.652594779057303,19.8006675184153,19.935111111111105,1.8519272606420012,56.15422137047359,12.615812414803688,1970.7100757279452,2017-02-15,2017-05-25,0.9144708853816812,8452.56488735121,Palotina,2017
2,19.587857142857143,29.18892857142857,24.388392857142858,100.28,81.65178571428571,77.81818044197179,63.934673019988544,24.671521395678603,13.883507421983246,31.608916695443963,12.084399789208303,2848.0933819162283,2017-02-15,2017-05-25,0.8215904388520618,6190.537299161008,Palotina,2017
3,16.403333333333332,25.89818181818182,21.150757575757577,199.48000000000002,82.88242424242424,101.85659973816739,87.00423247451451,38.09238288245184,14.852367263652871,99.05490603871226,11.366257920832904,2484.748431844324,2017-02-15,2017-05-25,0.8541835550977318,5739.1962286617345,Palotina,2017
4,16.473181818181818,24.528181818181817,20.500681818181818,142.24,88.68318181818182,36.323294442786235,34.47609075166526,40.414137461376384,1.847203691120973,105.44215466941019,10.82150155085945,1448.4327984683255,2017-02-15,2017-05-25,0.9491454803464878,5680.823415180566,Palotina,2017
1,21.755294117647058,29.73764705882353,25.746470588235294,97.63,83.48529411764706,19.679940119625968,17.485130832797093,17.816959611005043,2.194809286828872,68.64879844508675,12.384325264625845,1945.5730280780688,2017-02-25,2017-06-04,0.8884747985264404,7768.238630884962,Palotina,2017
2,18.640357142857145,28.450714285714287,23.545535714285712,123.05000000000001,81.03750000000001,68.23628909430842,54.80983861724255,36.407035267813356,13.426450477065867,49.65008572594914,11.843410082593154,2639.8037969428337,2017-02-25,2017-06-04,0.803235922479469,5475.473168636813,Palotina,2017
3,15.74818181818182,25.078787878787878,20.41348484848485,174.19,84.52090909090909,92.53061646111526,83.60949153188159,43.760000000000005,8.92112492923367,83.22754373593176,11.151765571915622,2226.4692494022597,2017-02-25,2017-06-04,0.9035873176854641,5211.52064107204,Palotina,2017
4,15.633636363636363,23.286363636363635,19.46,162.28,90.24909090909091,29.877539038656856,29.095935291604903,43.760000000000005,0.7816037470519547,133.1840647083951,10.678354302571874,1319.1154032503143,2017-02-25,2017-06-04,0.9738397548057529,5184.253709510976,Palotina,2017
1,20.286470588235293,29.601176470588236,24.943823529411766,58.6,83.09529411764706,19.461719421704398,15.605470732694878,16.062181249267116,3.856248689009521,33.253236906926894,12.193355923788875,1798.327704080984,2017-03-05,2017-06-12,0.8018546765858267,6819.363380615668,Palotina,2017
2,18.450357142857143,28.098214285714285,23.274285714285714,146.92000000000002,80.97178571428572,63.009667837693264,51.5772057693361,36.81892315194965,11.432462068357157,74.58605232798136,11.652606379235932,2515.43079339588,2017-03-05,2017-06-12,0.8185601914644899,4963.407401446205,Palotina,2017
3,15.203636363636365,24.132121212121213,19.667878787878788,222.78,86.25424242424242,80.22368602230885,74.44052823950778,43.760000000000005,5.7831577828010685,141.39839491244186,10.994566034241268,2088.6887754632417,2017-03-05,2017-06-12,0.9279120909354268,4784.506570743263,Palotina,2017
4,13.898636363636363,22.150000000000002,18.024318181818185,131.54,89.44863636363635,28.82844073793614,28.113640108585553,40.8087697220191,0.7148006293505877,106.37759016939535,10.592234922352425,1003.9318633943537,2017-03-05,2017-06-12,0.9752050193817815,4760.780221205399,Palotina,2017
1,18.539411764705882,28.53411764705882,23.53676470588235,57.16,80.4364705882353,17.816224553752814,14.73578299130174,12.610674304984839,3.0804415624510737,35.28354270371342,11.951568884191527,1619.927054582656,2017-03-15,2017-06-22,0.8270990830208069,6320.548967985372,Palotina,2017
2,16.882857142857144,26.305714285714284,21.594285714285714,187.85000000000002,82.52464285714287,54.735257337812676,49.045191507287335,36.58385601706541,5.690065830525339,114.83162678063212,11.420742965493421,2192.9350664992844,2017-03-15,2017-06-22,0.8960438644618469,5334.95920019824,Palotina,2017
3,16.314242424242423,24.34181818181818,20.328030303030303,208.7,88.86090909090909,71.28845576422474,66.2018401464703,43.760000000000005,5.086615617754432,135.32201587059512,10.821886807335334,2129.276083263124,2017-03-15,2017-06-22,0.9286474147430319,5144.627634610944,Palotina,2017
4,11.598636363636363,21.116363636363637,16.3575,82.03,88.75,27.26680919498702,25.77565493239856,36.21808893956218,1.491154262588459,63.796256128039275,10.525036069233211,848.0206398807146,2017-03-15,2017-06-22,0.9453124767212366,5088.358245905273,Palotina,2017
1,18.738235294117647,28.221176470588233,23.479705882352942,94.63000000000001,81.19764705882352,15.719310493228136,11.543927275247334,19.83827943018887,4.1753832179808015,69.5686821834527,11.710708070552977,1569.8071035540968,2017-03-25,2017-07-02,0.7343787299207842,5668.838277056285,Palotina,2017
2,15.514642857142858,25.06,20.287321428571428,152.6,83.97500000000001,50.31434007320343,45.5740075554932,32.899447746869846,4.7403325177102325,93.96482412782582,11.201375225523552,1894.136681056204,2017-03-25,2017-07-02,0.9057856565183322,4867.709462191375,Palotina,2017
3,15.352121212121212,23.176060606060606,19.26409090909091,253.91,89.53030303030303,60.36116149780169,57.554532774553586,41.064409041471826,2.8066287232481058,188.19050593084444,10.682348535186428,1857.313852418733,2017-03-25,2017-07-02,0.9535027382905759,4754.541881796898,Palotina,2017
4,12.155000000000001,22.105,17.13,6.699999999999999,87.75863636363637,31.206936160169075,23.77722412032635,23.987184921145474,7.429712039842726,0.0,10.506374080303688,1021.4878889915966,2017-03-25,2017-07-02,0.7619211318371707,4528.150691826703,Palotina,2017
1,19.90529411764706,27.581176470588236,23.743235294117646,177.25,85.03823529411765,19.464495265739966,14.677694184859208,18.51944537976116,4.786801080880759,148.3378334757526,12.83409565100304,1900.9967974101783,2018-02-05,2018-05-15,0.7540752526315877,8436.532612166187,Palotina,2018
2,20.695714285714285,29.525000000000002,25.110357142857143,113.17,83.43499999999999,82.28412710045637,71.22037098160311,35.582371749313204,11.063756118853268,24.886702648844853,12.32373554697483,3051.247152576804,2018-02-05,2018-05-15,0.8655420369794276,6734.994127183445,Palotina,2018
3,17.874545454545455,27.336363636363636,22.605454545454545,137.70000000000002,83.90121212121213,123.42584351895583,76.9427680661374,6.661641687654161,46.48307545281844,89.67796199552164,11.59482468244862,2771.1678627353563,2018-02-05,2018-05-15,0.6233926856195272,5466.770101880039,Palotina,2018
4,16.628636363636364,28.781818181818185,22.70522727272727,28.729999999999997,75.62227272727273,55.36367817307963,11.914211752060476,23.477429935593683,43.44946642101915,0.0,10.997513967974992,1633.5657352950852,2018-02-05,2018-05-15,0.2151990645349448,4608.7048438944685,Palotina,2018
1,19.675882352941176,27.701176470588237,23.688529411764705,159.3,85.11176470588236,19.063596999437255,14.094288559540908,19.935111111111105,4.969308439896345,129.6479935805829,12.615812414803688,1837.809077188709,2018-02-15,2018-05-25,0.7393299679990595,7746.161143318407,Palotina,2018
2,20.502142857142854,28.902142857142856,24.702142857142857,188.3,85.49249999999999,68.84964626045468,64.4989001083907,43.759999999999984,4.350746152063964,99.97621100272042,12.084399789208303,2931.840028218244,2018-02-15,2018-05-25,0.936808010086133,7011.91813805876,Palotina,2018
3,17.45,28.333030303030302,22.89151515151515,18.439999999999998,79.98818181818183,128.86325618957966,52.75593836935317,3.0306529478520012,76.1073178202265,6.413408682794817,11.366257920832904,2608.6385401897824,2018-02-15,2018-05-25,0.40939473306293184,4941.280246224228,Palotina,2018
4,13.831818181818182,25.546363636363637,19.68909090909091,67.47,77.74272727272727,44.80712408707735,20.05081858653,37.427403135329975,24.75630550054735,13.02243122599203,10.82150155085945,1269.5682465833092,2018-02-15,2018-05-25,0.4474917548281744,4395.260630675517,Palotina,2018
1,20.513529411764708,29.45705882352941,24.985294117647058,71.29,83.46470588235294,19.70847801367236,16.836442287545662,14.9115475257703,2.872035726126696,43.96824317309482,12.384325264625845,1878.03247127439,2018-02-25,2018-06-04,0.8542740984801425,7695.417341420958,Palotina,2018
2,19.284285714285716,28.021071428571428,23.65267857142857,175.19,85.37214285714286,68.83238300551784,55.34068345363652,16.26407742903424,13.491699551881318,118.49678664309954,11.843410082593154,2648.4142155455716,2018-02-25,2018-06-04,0.8039919735046834,5432.871992196321,Palotina,2018
3,17.19969696969697,28.385757575757577,22.792727272727273,19.97,78.02090909090909,117.56188628884085,26.034563116242364,10.199514312791877,91.52732317259849,0.0,11.151765571915622,2522.9587763268282,2018-02-25,2018-06-04,0.22145411185626412,3318.0019170284645,Palotina,2018
4,12.726363636363637,23.39636363636364,18.061363636363637,90.37,80.56363636363636,37.5346952109324,30.543440570458074,43.760000000000005,6.991254640474324,26.266073742333802,10.678354302571874,1122.3462313446446,2018-02-25,2018-06-04,0.8137388727632977,3194.3989615806126,Palotina,2018
1,21.40529411764706,30.258823529411764,25.83205882352941,60.900000000000006,83.57117647058824,19.66628290905576,17.549766400727883,18.821045571576565,2.116516508327877,29.913633747300892,12.193355923788875,1873.1009552499327,2018-03-05,2018-06-12,0.8923784164951026,7266.301364402969,Palotina,2018
2,17.89107142857143,27.224285714285713,22.55767857142857,136.81,84.4825,68.62045721954928,41.038449044631946,7.845485867616426,27.58200817491734,106.7471106593282,11.652606379235932,2382.2015910078267,2018-03-05,2018-06-12,0.5980497756424231,2885.264168895658,Palotina,2018
3,16.03030303030303,27.636969696969697,21.833636363636362,70.78,77.33303030303031,106.18675191977181,30.52423341043468,39.693976983259624,75.66251850933713,8.407275473922116,10.994566034241268,2282.740332939415,2018-03-05,2018-06-12,0.2874580195606409,1857.328246397841,Palotina,2018
4,12.07181818181818,22.261363636363637,17.16659090909091,49.19,81.71181818181819,32.13883882755139,26.595712771707063,43.760000000000005,5.543126055844325,18.528264211552553,10.592234922352425,1055.1343898156135,2018-03-05,2018-06-12,0.8275256276187422,1793.2599416771511,Palotina,2018
1,20.441764705882353,28.15294117647059,24.29735294117647,163.12,87.26764705882353,15.453893261506998,14.999616817568832,19.935111111111105,0.4542764439381656,134.50616096020894,11.951568884191527,1733.3810554376496,2018-03-15,2018-06-22,0.9706044013472197,6765.225315292137,Palotina,2018
2,17.41785714285714,27.912499999999998,22.665178571428573,18.06,81.01035714285715,69.49228001174605,26.883820880198712,3.4691344658038252,42.60845913154734,7.6421557651085665,11.420742965493421,2212.921059185392,2018-03-15,2018-06-22,0.3868605386908391,543.1854071121576,Palotina,2018
3,14.494545454545454,26.28757575757576,20.391060606060606,68.72,77.09636363636363,93.06236808192084,40.3343512606256,23.489465873837478,52.72801682129524,8.365317331340744,10.821886807335334,2046.5986460622494,2018-03-15,2018-06-22,0.4334120449752591,389.30425260467825,Palotina,2018
4,10.519545454545455,21.020454545454545,15.77,49.41,81.14454545454545,26.877161201274397,25.34835692882563,34.63585257369705,1.5288042724487665,12.915256371314786,10.525036069233211,852.818156923557,2018-03-15,2018-06-22,0.9431188338306996,384.87543662811385,Palotina,2018
1,17.41764705882353,26.54470588235294,21.981176470588235,120.7,85.43823529411765,15.275353558340214,11.742322071871369,7.8213347625463125,3.5330314864688455,107.4572320544712,11.710708070552977,1430.517678836674,2018-03-25,2018-07-02,0.7687103298149298,5727.486687601054,Palotina,2018
2,17.655714285714286,28.716785714285717,23.18625,8.2,78.09285714285714,64.62018540696056,14.530860663795206,1.4904740987511056,50.089324743165356,0.0,11.201375225523552,2181.9539852484027,2018-03-25,2018-07-02,0.22486566035494562,-931.8707295281707,Palotina,2018
3,12.39909090909091,23.23878787878788,17.81893939393939,104.14,80.11545454545454,73.38203672783983,51.26360272528303,36.612743843808886,22.1184340025568,17.754127529659183,10.682348535186428,1661.990764860486,2018-03-25,2018-07-02,0.6985851716736902,-791.4309015466474,Palotina,2018
4,12.57818181818182,23.39181818181818,17.985,42.1,81.19545454545454,30.82263798854948,27.6188771951506,41.30882590174637,3.2037607933988825,9.785040746911921,10.506374080303688,1036.9280252825374,2018-03-25,2018-07-02,0.8960581896141053,-774.9783494062276,Palotina,2018
1,20.524705882352944,31.11529411764706,25.82,72.58,73.36176470588236,21.265154599540175,18.511832432133307,18.646921238402392,2.753322167406871,41.74213521835319,12.83409565100304,2099.406484367028,2019-02-05,2019-05-15,0.8705242346337606,9337.501242715864,Palotina,2019
2,20.401785714285715,29.83178571428571,25.116785714285715,210.53,79.86571428571428,68.8865570752471,60.786588080402254,40.19054705772512,8.099968994844842,128.19978610027502,12.32373554697483,3138.6423421571762,2019-02-05,2019-05-15,0.8824158248176498,7690.587669882492,Palotina,2019
3,18.27939393939394,28.90969696969697,23.594545454545454,50.59,78.62848484848485,126.66720381818048,74.83898031709523,15.94156674062988,51.82822350108525,0.0,11.59482468244862,2948.982595784787,2019-02-05,2019-05-15,0.590831549613426,6117.214750158536,Palotina,2019
4,17.933636363636364,27.086363636363636,22.51,130.87,83.18545454545455,44.54107974532532,36.78127494126329,41.65548426507856,7.759804804062035,68.37480753428804,10.997513967974992,1660.4752033282728,2019-02-05,2019-05-15,0.8257831905191648,5904.070422822191,Palotina,2019
1,19.27058823529412,30.553529411764703,24.91205882352941,71.67,73.1129411764706,21.624630323082012,19.364268725655613,10.975631318809977,2.2603615974264,47.650988844423296,12.615812414803688,1901.0468108626296,2019-02-15,2019-05-25,0.8954728213312529,8737.791786215097,Palotina,2019
2,20.079285714285714,28.977857142857143,24.52857142857143,163.54,82.62142857142858,72.09823150965751,49.604160655031656,11.495421359918868,22.494070854625853,113.41604930385945,12.084399789208303,2942.1651788836525,2019-02-15,2019-05-25,0.6880080081907031,4648.6101911208525,Palotina,2019
3,18.356363636363636,28.599393939393938,23.477878787878787,96.72,79.69181818181818,107.12442845893965,66.96538169909898,40.91362786214722,40.159046759840656,0.3364117986726569,11.366257920832904,2847.063086887428,2019-02-15,2019-05-25,0.6251177501009169,3777.2694674452564,Palotina,2019
4,16.039545454545454,24.724545454545456,20.382045454545455,127.87,84.58863636363637,39.59598995144223,36.32875427365615,42.72628970772151,3.267235677786073,89.72858388076956,10.82150155085945,1428.792888160799,2019-02-15,2019-05-25,0.9174856928241274,3714.9337128206917,Palotina,2019
1,20.029411764705884,30.22529411764706,25.127352941176472,150.70000000000002,76.92117647058824,19.888438841724202,14.61364678748757,19.935111111111105,5.274792054236633,122.47213099029022,12.384325264625845,1886.5557597888367,2019-02-25,2019-06-04,0.7347809902921802,7649.238666478735,Palotina,2019
2,19.02,28.073571428571427,23.54678571428571,93.17,83.10035714285713,64.55643662463481,43.29969449205012,26.94341420571417,21.25674213258469,42.86200241334682,11.843410082593154,2717.526256007142,2019-02-25,2019-06-04,0.6707262165633056,3871.1980322961717,Palotina,2019
3,18.40878787878788,28.55787878787879,23.483333333333334,143.95000000000002,80.04333333333332,101.65797259500259,69.30036112757334,42.972813367615814,32.35761146742926,58.620239710525034,11.151765571915622,2692.369570308243,2019-02-25,2019-06-04,0.6817011923271433,3255.099173323482,Palotina,2019
4,14.418181818181818,23.209545454545456,18.813863636363635,170.45,86.78181818181818,33.79954214417555,30.39034123984332,41.82211974714488,3.4092009043322262,141.2103523806276,10.678354302571874,1260.5823018995595,2019-02-25,2019-06-04,0.8991347015947754,3189.4338634323076,Palotina,2019
1,21.18764705882353,28.665294117647058,24.926470588235293,163.16,86.13764705882352,14.618221345492099,13.200060584667098,19.253173366174863,1.4181607608250026,135.16709125890188,12.193355923788875,1930.4086768682491,2019-03-05,2019-06-12,0.902986777439765,7751.999290305262,Palotina,2019
2,18.126785714285713,28.72107142857143,23.423928571428572,39.29,78.94678571428572,68.65203967512892,40.535386269557605,12.812801505676656,28.116653405571313,5.1949855909406,11.652606379235932,2498.5936000429356,2019-03-05,2019-06-12,0.5904469329881055,2989.7166630774373,Palotina,2019
3,17.513939393939395,27.130909090909093,22.32242424242424,142.64,81.84575757575757,89.97495935347337,69.73513750348906,27.560582186396203,20.239821849984313,58.15708181579141,10.994566034241268,2478.8282155469674,2019-03-05,2019-06-12,0.7750505029908304,2653.449033297836,Palotina,2019
4,13.624545454545455,22.771818181818183,18.19818181818182,169.78,87.48227272727273,30.924235973888123,28.913919858210928,32.23809559400916,2.0103161156771963,136.1885667341761,10.592234922352425,1157.1319982682235,2019-03-05,2019-06-12,0.934992213958829,2618.950063892281,Palotina,2019
1,19.138823529411766,28.486470588235292,23.81264705882353,46.94,82.60117647058824,16.551253861444348,10.524469089521865,5.136165620686644,6.026784771922484,37.60025417868038,11.951568884191527,1681.0909006360107,2019-03-15,2019-06-22,0.6358714075456423,6408.360578589207,Palotina,2019
2,18.560357142857146,28.955714285714286,23.758035714285715,82.99000000000001,78.66392857142857,60.80830061103542,36.58875089380778,38.691020875232766,24.219549717227636,12.846393851646102,11.420742965493421,2475.84670310636,2019-03-15,2019-06-22,0.6017065191124203,2579.7482161456483,Palotina,2019
3,16.2130303030303,25.032727272727275,20.622878787878786,255.53,85.60363636363637,75.39227663554404,68.7715473710933,43.760000000000005,6.620729264450739,181.68947350413947,10.821886807335334,2173.653536437887,2019-03-15,2019-06-22,0.9121829243006393,2466.4752439543718,Palotina,2019
4,13.691363636363635,23.66409090909091,18.67772727272727,12.81,85.48727272727272,35.09289855284997,25.78049348274743,21.051873005970876,9.312405070102535,9.7376335112817,10.525036069233211,1170.2824563640415,2019-03-15,2019-06-22,0.7346356256073282,2335.5723119409786,Palotina,2019
1,18.49,28.23764705882353,23.363823529411764,37.01,80.80882352941177,16.137375026903438,8.441067321916542,13.630789764832333,7.696307704986897,19.47772148077424,11.710708070552977,1555.907049873302,2019-03-25,2019-07-02,0.5230756122259047,5666.249730406809,Palotina,2019
2,18.54,29.127857142857145,23.833928571428572,68.5,78.89107142857142,56.08012157675886,42.07505362302229,31.036861969054655,14.005067953736567,9.018874172755389,11.201375225523552,2331.3783277527996,2019-03-25,2019-07-02,0.7502668047078441,3543.6737546600953,Palotina,2019
3,14.296666666666667,23.356969696969696,18.82681818181818,245.9,85.99606060606061,68.22605296160945,60.106276894192575,29.149201392481217,8.119776067416872,187.68138368238087,10.682348535186428,1865.1724317808187,2019-03-25,2019-07-02,0.8809871637747263,3332.802422560514,Palotina,2019
4,14.34681818181818,24.214545454545455,19.28068181818182,11.059999999999999,85.37181818181818,35.07098915776457,18.464809051994234,21.744392340486982,16.606180105770342,0.0,10.506374080303688,1249.5663563785524,2019-03-25,2019-07-02,0.5264980970149284,3017.184764689382,Palotina,2019
1,21.908823529411762,33.25941176470588,27.584117647058825,42.86,69.67588235294117,24.969041806447276,22.578215111991277,17.271859486366427,2.390826694456,9.330814290531187,12.83409565100304,2157.2611539271875,2020-02-05,2020-05-14,0.9042483603099795,9159.259559242058,Palotina,2020
2,19.29,33.212857142857146,26.25142857142857,71.09,61.89107142857143,99.59598763343962,49.17082979993195,18.571771758985676,50.42515783350767,20.6192579274488,12.32373554697483,3065.389555307303,2020-02-05,2020-05-14,0.493702918845525,2203.2999886713424,Palotina,2020
3,15.304242424242425,30.937878787878788,23.121060606060606,58.489999999999995,58.61575757575758,155.50482941030373,62.07983071515305,14.981941043832622,93.42499869515069,0.0,11.59482468244862,2763.7159441075514,2020-02-05,2020-05-14,0.39921480863693126,1541.4449860092627,Palotina,2020
4,14.592272727272729,29.392272727272726,21.992272727272727,29.419999999999998,58.652272727272724,59.87461499234074,17.15213526255311,27.24980578127951,42.72247972978763,0.0,10.997513967974992,1537.6697466049623,2020-02-05,2020-05-14,0.2864675666765831,1321.4707876689888,Palotina,2020
1,20.156470588235294,32.13058823529412,26.143529411764707,53.71,66.82705882352941,23.874009269864512,19.281496980637517,11.302976384589632,4.592512289226998,27.564764913736013,12.615812414803688,1993.0937451874508,2020-02-15,2020-05-24,0.8076354818616915,8105.16762992178,Palotina,2020
2,19.16821428571429,33.720000000000006,26.444107142857145,43.67,59.958571428571425,96.75870411367691,46.15379243029327,8.819183954296358,50.604911683383634,0.0,12.084399789208303,2940.942368303039,2020-02-15,2020-05-24,0.47699886902236227,1746.649874103135,Palotina,2020
3,15.075454545454546,30.76787878787879,22.921666666666667,50.45,57.75545454545455,143.5833635586016,53.22252872762503,6.046655226671326,90.36083483097657,0.0,11.366257920832904,2609.7533839559333,2020-02-15,2020-05-24,0.37067336638832094,1197.0432314193406,Palotina,2020
4,11.867272727272727,26.328181818181818,19.097727272727273,149.38,63.29545454545455,48.74785675076436,19.83564557322389,43.166823807836515,28.91221117754047,92.42418584561092,10.82150155085945,1237.024991702132,2020-02-15,2020-05-24,0.4069029265150794,1055.0506639413918,Palotina,2020
1,18.747647058823528,32.61235294117647,25.68,41.88,63.42941176470588,24.269879519743345,13.026567245154931,4.548573993444111,11.243312274588414,30.62574765028985,12.384325264625845,1826.5744075259677,2020-02-25,2020-06-03,0.5367380268434347,6483.326719867288,Palotina,2020
2,18.372857142857146,33.05107142857143,25.711964285714288,61.919999999999995,59.081785714285715,89.48299196330079,46.18522679624664,20.283347197197468,43.29776516705415,0.0,11.843410082593154,2781.0633333419996,2020-02-25,2020-06-03,0.5161341365875245,1777.735998226651,Palotina,2020
3,13.708181818181819,29.527575757575757,21.617878787878787,39.34,57.15878787878788,128.6720179947523,48.12008447801783,11.503262719179638,80.5519335167345,0.0,11.151765571915622,2313.2769042610207,2020-02-25,2020-06-03,0.37397474002451975,1221.2821779978465,Palotina,2020
4,10.65409090909091,24.063181818181818,17.358636363636364,142.61,71.55909090909091,39.9499798511649,26.860199662065316,38.088907278597944,13.089780189099582,89.16415577851637,10.678354302571874,1037.0635464934749,2020-02-25,2020-06-03,0.6723457624292669,1141.2505218197248,Palotina,2020
1,19.781764705882352,34.625882352941176,27.203823529411768,34.559999999999995,58.77411764705882,24.05265524945045,15.449538852745711,16.225633109375323,8.603116396704737,7.183024905206111,12.169267223628145,1860.0979593354202,2020-03-05,2020-06-12,0.6423215521329481,6404.667283620364,Palotina,2020
2,15.475714285714286,30.900000000000002,23.187857142857144,58.4,58.61464285714286,81.91884955501058,49.936298696344856,24.689334413030465,31.982550858665718,0.0,11.629018290473583,2376.805610435913,2020-03-05,2020-06-12,0.6095825193786608,2653.926185986896,Palotina,2020
3,13.855454545454545,29.23939393939394,21.547424242424245,30.62,59.32484848484849,117.79756361226309,41.12674040266619,14.182594010364276,76.6708232095969,0.0,10.976010582572348,2226.9195523248104,2020-03-05,2020-06-12,0.34913065382266334,1790.2465852487942,Palotina,2020
4,11.682272727272727,23.031363636363636,17.356818181818184,174.85,79.63681818181819,32.46965067703389,29.27760194838957,41.44353927064826,3.192048728644318,118.31145279132645,10.583424518385108,1010.1567728030601,2020-03-05,2020-06-12,0.9016913129003238,1755.0472269726965,Palotina,2020
1,19.24,33.27,26.255,35.67,61.43529411764706,21.7117780343318,13.636187413914232,9.794357155423766,8.075590620417566,16.602647637654105,11.927364812997629,1768.233669997377,2020-03-15,2020-06-22,0.6280548461923283,5938.025323313076,Palotina,2020
2,14.4575,30.436785714285715,22.447142857142858,50.0,57.67321428571428,77.60393114319817,42.26219774618127,9.079594208575381,35.3417333970169,8.452565200667117,11.398147821869651,2172.6458256402752,2020-03-15,2020-06-22,0.5445883620018839,1881.6565648666244,Palotina,2020
3,11.950606060606061,26.37060606060606,19.16060606060606,150.17,64.05878787878788,96.4127309471716,42.97721118641451,28.389513525532863,53.43551976075709,87.882869496628,10.806324789505494,1824.6143262787605,2020-03-15,2020-06-22,0.4457628236872934,1360.214554215652,Palotina,2020
4,14.281363636363636,25.045909090909092,19.663636363636364,58.86,80.9040909090909,34.23561713078141,30.99816237345163,31.474050368939544,3.237454757329778,24.777300783141683,10.520943002178887,1210.3899692577515,2020-03-15,2020-06-22,0.9054360625379538,1334.4891054076893,Palotina,2020
1,16.91764705882353,31.94235294117647,24.43,34.14,58.85058823529412,20.86710655456891,13.349283171036188,12.987979132276855,7.517823383532722,12.184060067929305,11.686852820689218,1550.4696001647985,2020-03-25,2020-07-02,0.6397285189552706,5349.036945969234,Palotina,2020
2,13.843214285714286,29.582500000000003,21.712857142857143,30.830000000000002,57.28785714285714,68.77784090275802,27.461264411000094,6.624235494368937,41.31657649175792,9.732479226907824,11.180357503113965,1975.6133039957688,2020-03-25,2020-07-02,0.39927488345885087,529.0856818438132,Palotina,2020
3,11.645757575757576,24.595454545454544,18.12060606060606,198.57,73.13939393939394,79.22957430276163,51.13576422284739,43.760000000000005,28.093810079914245,110.29847127152154,10.670484088198378,1670.4860561986966,2020-03-25,2020-07-02,0.6454125832790825,435.2821192693017,Palotina,2020
4,13.279545454545454,23.979090909090907,18.62931818181818,60.2,79.56681818181818,37.12713688639252,30.881054440368477,42.03993142069545,6.246082446024045,31.03901413893608,10.507248244743119,1053.0988112570608,2020-03-25,2020-07-02,0.8317650384640002,420.6361851507858,Palotina,2020
1,17.578235294117647,27.73764705882353,22.657941176470587,27.48,79.75529411764705,23.894424030529713,15.677399647855676,8.818467015346107,8.217024382674037,7.287220728774483,12.83409565100304,1690.0293287082998,2021-02-05,2021-05-15,0.6561112177395356,7876.29755609712,Palotina,2021
2,19.46535714285714,30.030357142857145,24.747857142857146,111.83,75.43178571428572,88.94870225234148,59.12507261582053,18.45057764802627,29.82362963652095,43.07281675149931,12.32373554697483,2938.128020648918,2021-02-05,2021-05-15,0.6647097834894398,3915.02928676902,Palotina,2021
3,18.04757575757576,30.49939393939394,24.27348484848485,24.73,68.17939393939395,144.58334668826595,41.62049665821012,1.5600809898161496,102.96285003005582,0.0,11.59482468244862,2963.560272199528,2021-02-05,2021-05-15,0.2878650799801133,2521.014752764635,Palotina,2021
4,13.947272727272725,27.980909090909094,20.96409090909091,20.08,62.66454545454545,54.872713061903625,9.410207997248808,12.22987299256734,45.46250506465482,0.0,10.997513967974992,1540.8093688118443,2021-02-05,2021-05-15,0.17149157517749952,2103.2783604111723,Palotina,2021
1,19.157647058823528,29.603529411764704,24.38058823529412,44.89,76.65529411764705,23.837040878359808,12.739133247181393,19.935111111111105,11.097907631178415,16.846491886142704,12.615812414803688,1798.70024912554,2021-02-15,2021-05-25,0.5344259512826725,7051.3854367053345,Palotina,2021
2,19.458928571428572,30.149285714285718,24.80410714285714,87.87,75.20035714285714,83.48222391185334,59.14425437321679,12.90058911940965,24.337969538636546,35.760267618484676,12.084399789208303,2843.534824688934,2021-02-15,2021-05-25,0.7084652468729826,3967.799567965332,Palotina,2021
3,16.252727272727274,29.946969696969695,23.099848484848483,8.68,63.474848484848486,137.1965919107968,20.761571257186922,0.8190178622227278,116.43502065360988,0.0,11.366257920832904,2685.976901961164,2021-02-15,2021-05-25,0.1513271646768441,2284.1177132957664,Palotina,2021
4,12.731363636363636,26.75772727272727,19.744545454545456,24.31,63.15909090909091,48.71214010631365,13.976590110062716,11.152427752160014,34.73554999625093,0.0,10.82150155085945,1336.8680093911246,2021-02-15,2021-05-25,0.28692211180947874,1958.3669462206649,Palotina,2021
1,19.016470588235293,29.46117647058824,24.238823529411764,78.15,74.8329411764706,21.279630442971992,15.443753442680398,8.230042803640465,5.835877000291593,59.515097232130415,12.384325264625845,1767.662531684474,2021-02-25,2021-06-04,0.725752897075381,7376.83769646526,Palotina,2021
2,19.02392857142857,30.677500000000002,24.850714285714286,46.57,72.2025,82.99237813782503,45.263576634826656,5.829223982175731,37.72880150299837,3.7072421866380783,11.843410082593154,2709.815188628373,2021-02-25,2021-06-04,0.5453943801882345,2346.5098865866803,Palotina,2021
3,15.334242424242424,28.986060606060605,22.160151515151515,25.89,63.23575757575758,120.62518830864781,20.468623501605705,11.250600480570025,100.1565648070421,0.0,11.151765571915622,2490.312295695947,2021-02-25,2021-06-04,0.16968780557864857,1372.342000005089,Palotina,2021
4,13.157272727272726,26.87318181818182,20.015227272727273,15.52,65.29636363636364,44.86823629219444,15.188422728012418,11.582177752557609,29.67981356418202,0.0,10.678354302571874,1317.9879180089017,2021-02-25,2021-06-04,0.33851169520239627,1190.784363367905,Palotina,2021
1,19.00294117647059,30.130000000000003,24.566470588235294,42.2,73.64294117647059,21.271378366879013,15.212975367472104,15.585871748554,6.058402999406911,17.722041772862784,12.193355923788875,1720.4209512510574,2021-03-05,2021-06-12,0.715185217670696,6967.972776984992,Palotina,2021
2,18.43357142857143,30.70678571428571,24.570178571428574,24.64,69.14964285714287,78.19657188691147,35.620316822112166,4.605554926441834,42.576255064799305,0.0,11.652606379235932,2583.199431974533,2021-03-05,2021-06-12,0.4555227417594031,1277.1187073231326,Palotina,2021
3,14.058787878787879,28.225454545454546,21.14212121212121,23.55,62.26969696969697,112.01386342285667,20.716345102138064,7.439209824303769,91.29751832071861,0.0,10.994566034241268,2295.775889755627,2021-03-05,2021-06-12,0.18494447445253323,756.657377731254,Palotina,2021
4,13.81090909090909,25.56772727272727,19.689318181818184,64.84,72.28636363636363,39.580804468940045,17.52149448715233,41.88894532502271,22.059309981787717,12.868770012128731,10.592234922352425,1264.475245979092,2021-03-05,2021-06-12,0.4426765631027495,672.3167996690852,Palotina,2021
1,20.11,30.583529411764705,25.34676470588235,43.83,76.86588235294118,19.467359050004113,17.30808220608326,15.383581901559461,2.159276843920855,15.687320516248342,11.951568884191527,1730.9262315212277,2021-03-15,2021-06-22,0.8890821894035801,6949.741224234094,Palotina,2021
2,16.623214285714287,29.976785714285715,23.3,8.07,64.29142857142857,72.13226198559829,20.843992573563064,2.6095893279963978,51.28826941203522,0.0,11.420742965493421,2320.581313128511,2021-03-15,2021-06-22,0.2889690687604489,-462.48023757750366,Palotina,2021
3,13.382727272727273,27.242424242424242,20.312575757575758,33.23,63.00454545454546,100.02099695175717,25.118839305609125,10.720750022387271,74.90215764614804,0.0,10.821886807335334,2099.0996018796254,2021-03-15,2021-06-22,0.2511356622222494,-289.31275915311664,Palotina,2021
4,12.644545454545455,23.622272727272726,18.13340909090909,88.06,79.5490909090909,33.78740278727997,22.410512277566987,43.5132595897482,11.37689050971299,32.856978155072085,10.525036069233211,1121.7893987408665,2021-03-15,2021-06-22,0.6632801111899588,-269.8292871344439,Palotina,2021
1,18.085882352941177,30.60235294117647,24.344117647058823,10.94,68.86764705882354,19.42945016193568,10.743661756081742,3.431968667902537,8.68578840585394,3.0852584649046104,11.710708070552977,1564.44050660732,2021-03-25,2021-07-02,0.5529575807106315,5248.203023138947,Palotina,2021
2,15.526785714285714,29.312142857142856,22.419464285714287,13.22,62.68464285714286,66.49706443875796,12.877795341675869,3.7741733262266686,53.619269097082096,0.0,11.201375225523552,2153.414858741905,2021-03-25,2021-07-02,0.1936596066362595,-1099.5541120569997,Palotina,2021
3,13.828484848484848,26.483939393939394,20.15621212121212,80.52,68.8039393939394,85.8538305810386,32.35453485398545,43.760000000000005,53.499295727053145,8.179638472241225,10.682348535186428,2025.5056138613954,2021-03-25,2021-07-02,0.376856042823221,-756.9638617984006,Palotina,2021
4,9.498181818181818,20.653636363636362,15.075909090909091,48.36,78.78363636363636,30.449910296992112,28.045719147924093,40.404424099560735,2.404191149068021,23.66985675251518,10.506374080303688,647.6661326626316,2021-03-25,2021-07-02,0.9210443930501327,-745.0105535689189,Palotina,2021
1,19.212352941176473,32.58882352941176,25.90058823529412,25.400000000000002,62.4064705882353,26.6375125287389,12.564208712014995,2.608952031281037,14.073303816723906,16.54772814559286,12.83409565100304,1929.9148551988715,2022-02-05,2022-05-15,0.4716734979837031,7320.875124409806,Palotina,2022
2,21.30892857142857,31.30392857142857,26.306428571428572,168.09,76.2807142857143,84.77489590578259,73.1354001549936,24.209878076110048,11.639495750788978,73.35367380017739,12.32373554697483,3170.5416923435578,2022-02-05,2022-05-15,0.8627011495982853,5813.153516635841,Palotina,2022
3,16.60242424242424,26.82363636363636,21.7130303030303,292.09999999999997,82.43878787878788,108.94638767520107,94.5062573260854,43.760000000000005,14.440130349115659,178.04362075002462,11.59482468244862,2774.3627716426267,2022-02-05,2022-05-15,0.8674565475987545,5427.905798419163,Palotina,2022
4,14.83,24.67772727272727,19.753863636363636,96.24000000000001,85.88045454545454,45.68913507650288,41.405359183157124,43.760000000000005,4.283775893345756,54.834640816842885,10.997513967974992,1407.7458873468179,2022-02-05,2022-05-15,0.9062408188254627,5326.1225977887025,Palotina,2022
1,21.74529411764706,34.00823529411765,27.876764705882355,78.5,65.15411764705881,24.671750699573412,17.696220624111856,19.935111111111105,6.975530075461556,45.028670872502595,12.615812414803688,2074.9338666127846,2022-02-15,2022-05-25,0.7172665142250254,7387.95987021689,Palotina,2022
2,18.87142857142857,29.40142857142857,24.136428571428574,189.9,78.78571428571429,74.99563822517922,64.21128582641614,40.36046197471383,10.784352398763069,105.26336330998113,12.084399789208303,2816.5572497276635,2022-02-15,2022-05-25,0.8562002717227053,5794.379937425771,Palotina,2022
3,17.204242424242423,26.688787878787878,21.94651515151515,246.14,84.33515151515151,102.88225279436334,89.50186539439265,43.760000000000005,13.380387399970683,153.23859658032114,11.366257920832904,2651.3548828344033,2022-02-15,2022-05-25,0.869944649961011,5417.584881915369,Palotina,2022
4,10.035454545454545,20.594545454545454,15.315,45.260000000000005,82.62272727272727,36.22271213787294,33.10693155268807,32.92872233973277,3.115780585184871,22.984346107579167,10.82150155085945,787.1853962606174,2022-02-15,2022-05-25,0.9139826809951334,5324.383656510638,Palotina,2022
1,22.072352941176472,31.468823529411765,26.77058823529412,134.79,76.97235294117647,20.433231927180266,18.8440368723112,19.935111111111105,1.5891950548690628,102.33174090546657,12.384325264625845,1993.0194521755272,2022-02-25,2022-06-04,0.9222249783816568,7369.8145261453055,Palotina,2022
2,17.96607142857143,28.293928571428573,23.13,141.0,81.0,64.67999149374387,56.93097945138995,37.632219719861844,7.7490120423539235,66.3719119398593,11.843410082593154,2620.0049869595573,2022-02-25,2022-06-04,0.8801946032552673,6045.399196285407,Palotina,2022
3,15.113333333333333,25.053636363636365,20.083484848484847,239.09,84.64969696969698,96.31289936175196,83.99585533845031,38.959318696600754,12.317044023301648,153.76704568481077,11.151765571915622,2241.545433468984,2022-02-25,2022-06-04,0.8721142847435341,5658.839096171496,Palotina,2022
4,10.262727272727274,19.92818181818182,15.095454545454546,83.55,84.35772727272727,29.482798033606695,25.994511481192827,42.41197714049762,3.488286552413869,54.10283007491031,10.678354302571874,751.8814189985438,2022-02-25,2022-06-04,0.8816840060961086,5524.93286177035,Palotina,2022
1,20.36470588235294,30.21058823529412,25.287647058823527,78.5,78.16,19.802593081167554,15.667877044038823,16.132879212595007,4.134716037128731,51.22515991898931,12.193355923788875,1812.6744598397436,2022-03-05,2022-06-12,0.7912033025078475,6309.061860204794,Palotina,2022
2,16.77,26.977857142857143,21.87392857142857,234.03,82.31964285714285,57.72354302579476,50.12406209975593,26.433181858389577,7.599480926038834,173.6056352544495,11.652606379235932,2404.41508744592,2022-03-05,2022-06-12,0.8683469425526623,5063.150934924271,Palotina,2022
3,13.357878787878787,23.29757575757576,18.327727272727273,154.56,84.2069696969697,87.24619859900623,76.3341496339329,33.658124986502365,10.912048965073339,71.00090723795432,10.994566034241268,1771.5144236737128,2022-03-05,2022-06-12,0.8749280869505113,4746.5219481796275,Palotina,2022
4,11.543636363636365,20.73318181818182,16.138409090909093,109.23,86.34363636363636,28.667487233545234,25.09087562898716,42.06863284015271,3.576611604558072,75.7286165173625,10.592234922352425,895.4008806607083,2022-03-05,2022-06-12,0.8752380501499655,4628.084881527452,Palotina,2022
1,17.438235294117646,28.70529411764706,23.071764705882355,111.47,78.88529411764705,17.649860744558143,14.154502599725177,18.46746620250262,3.495358144832965,83.3824077924238,11.951568884191527,1602.8381774806621,2022-03-15,2022-06-22,0.8019611488486862,5581.259110736199,Palotina,2022
2,17.158214285714287,26.770357142857144,21.964285714285715,195.72,83.79892857142856,59.04098280081556,49.110911359196294,26.286886977443988,9.93007144161927,138.78966786586233,11.420742965493421,2277.2713703800605,2022-03-15,2022-06-22,0.8318105327765293,4173.195616329904,Palotina,2022
3,11.808484848484849,21.782727272727275,16.79560606060606,137.68,84.27939393939393,71.46954278471024,63.28024704616572,43.760000000000005,8.189295738544532,56.92663993127827,10.821886807335334,1490.518846123352,2022-03-15,2022-06-22,0.8854155851645311,3934.104027484351,Palotina,2022
4,10.49,20.12090909090909,15.305454545454547,96.27,87.28,26.919631832336258,26.043486188971542,42.62427050616942,0.8761456433647126,71.36224330485905,10.525036069233211,690.789186333948,2022-03-15,2022-06-22,0.9674532828375361,3908.4955932703024,Palotina,2022
1,17.07764705882353,27.398235294117647,22.23794117647059,106.86,82.94058823529411,14.407994922335314,12.095798424531564,19.935111111111105,2.3121964978037504,81.14997935324622,11.710708070552977,1490.5125968186824,2022-03-25,2022-07-02,0.8395198977881803,5153.075929658212,Palotina,2022
2,15.715,25.499285714285715,20.607142857142858,219.57,84.45142857142856,52.80270542347675,44.78145842780579,32.101963595165664,8.021246995670962,162.62168908813965,11.201375225523552,1987.8883070431648,2022-03-25,2022-07-02,0.8480902269809717,3978.8720374219156,Palotina,2022
3,11.166666666666666,20.64666666666667,15.906666666666666,151.54,85.71545454545455,61.12970129950674,54.646096594117274,43.760000000000005,6.483604705389471,85.23586700104839,10.682348535186428,1336.3670205840767,2022-03-25,2022-07-02,0.8939369149928794,3767.8663158531476,Palotina,2022
4,10.584090909090909,21.564545454545456,16.07431818181818,29.52,85.41227272727272,31.775899248486656,28.48859541957301,31.369164392422398,3.2873038289136467,13.422240188004599,10.506374080303688,691.7848671439361,2022-03-25,2022-07-02,0.8965472604502229,3689.9070973266807,Palotina,2022
