cidade,uf,ano,secao,item,custo_rs_ha,custo_rs_60kg,participacao_pct,produtividade_kg_ha,participacao_ct_pct,categoria_total,categoria_item,fator_deflator,custo_rs_ha_real,custo_rs_60kg_real
Assis Chateaubriand,PR,2019,I - DESPESAS DE CUSTEIO DA LAVOURA,1 - Operação com animal,0.0,0.0,0.0,6000.0,,,,1.40033526552242,0.0,0.0
Assis Chateaubriand,PR,2019,I - DESPESAS DE CUSTEIO DA LAVOURA,2 - Operação com avião,0.0,0.0,0.0,6000.0,,,,1.40033526552242,0.0,0.0
Assis Chateaubriand,PR,2019,3 - Operação com máquinas próprias:,3.1 - Tratores e Colheitadeiras,104.28,1.0300000000000002,0.0305013915111721,6000.0,,,,1.40033526552242,146.02696148867796,1.442345323488093
Assis Chateaubriand,PR,2019,3 - Operação com máquinas próprias:,3.2 - Conjunto de Irrigação,0.0,0.0,0.0,6000.0,,,,1.40033526552242,0.0,0.0
Assis Chateaubriand,PR,2019,3 - Operação com máquinas próprias:,4 - Aluguel de máquinas,146.74,1.47,0.0429207344682527,6000.0,,,Máquinas/Depreciação,1.40033526552242,205.48519686275992,2.058492840317957
Assis Chateaubriand,PR,2019,3 - Operação com máquinas próprias:,5 - Aluguel de animais,0.0,0.0,0.0,6000.0,,,,1.40033526552242,0.0,0.0
Assis Chateaubriand,PR,2019,3 - Operação com máquinas próprias:,6 - Mão de obra,0.0,0.0,0.0,6000.0,,,Mão de obra,1.40033526552242,0.0,0.0
Assis Chateaubriand,PR,2019,3 - Operação com máquinas próprias:,7 - Administrador Rural,69.88,0.68,0.0204395592520205,6000.0,,,Administração,1.40033526552242,97.8554283547067,0.9522279805552456
Assis Chateaubriand,PR,2019,3 - Operação com máquinas próprias:,8 - Sementes,750.0,7.5,0.2193713428594081,6000.0,,,Sementes,1.40033526552242,1050.2514491418149,10.50251449141815
Assis Chateaubriand,PR,2019,3 - Operação com máquinas próprias:,9 - Fertilizantes,720.0,7.2,0.2105964891450318,6000.0,,,Fertilizantes,1.40033526552242,1008.2413911761423,10.082413911761424
Assis Chateaubriand,PR,2019,3 - Operação com máquinas próprias:,10 - Agrotóxicos,410.2,4.1,0.1199814997879056,6000.0,,,Defensivos/Agrotóxicos,1.40033526552242,574.4175259172966,5.741374588641921
Assis Chateaubriand,PR,2019,3 - Operação com máquinas próprias:,11 - Água,0.0,0.0,0.0,6000.0,,,,1.40033526552242,0.0,0.0
Assis Chateaubriand,PR,2019,3 - Operação com máquinas próprias:,12 - Receita,0.0,0.0,0.0,6000.0,,,,1.40033526552242,0.0,0.0
Assis Chateaubriand,PR,2019,13 - Outros:,13.1 - Análise Foliar,0.0,0.0,0.0,6000.0,,,,1.40033526552242,0.0,0.0
Assis Chateaubriand,PR,2019,13 - Outros:,13.2 - Embalagens/Utensílios,0.0,0.0,0.0,6000.0,,,,1.40033526552242,0.0,0.0
Assis Chateaubriand,PR,2019,13 - Outros:,13.3 - Vernalização (alho),0.0,0.0,0.0,6000.0,,,,1.40033526552242,0.0,0.0
Assis Chateaubriand,PR,2019,13 - Outros:,13.4 - Análise de Solo,0.0,0.0,0.0,6000.0,,,,1.40033526552242,0.0,0.0
Assis Chateaubriand,PR,2019,13 - Outros:,13.5 - Mudas,0.0,0.0,0.0,6000.0,,,,1.40033526552242,0.0,0.0
Assis Chateaubriand,PR,2019,13 - Outros:,13.6 - Taxas Ambientais,0.0,0.0,0.0,6000.0,,,,1.40033526552242,0.0,0.0
Assis Chateaubriand,PR,2019,13 - Outros:,13.7 - Demais Despesas,0.0,0.0,0.0,6000.0,,,,1.40033526552242,0.0,0.0
Assis Chateaubriand,PR,2019,13 - Outros:,13.8 - Implementos Manuais,0.0,0.0,0.0,6000.0,,,Máquinas/Depreciação,1.40033526552242,0.0,0.0
Assis Chateaubriand,PR,2019,13 - Outros:,14 - Serviços Diversos,0.0,0.0,0.0,6000.0,,,,1.40033526552242,0.0,0.0
Assis Chateaubriand,PR,2019,13 - Outros:,TOTAL DAS DESPESAS DE CUSTEIO DA LAVOURA (A),2201.1,21.98,0.643811017023791,6000.0,,Total Despesas de Custeio (A),,1.40033526552242,3082.2779529413983,30.77936913618279
Assis Chateaubriand,PR,2019,II - OUTRAS DESPESAS,15 - Transporte Externo,111.0,1.11,0.0324669587431924,6000.0,,,Transporte,1.40033526552242,155.43721447298861,1.5543721447298862
Assis Chateaubriand,PR,2019,16 - Despesas:,16.1 - Despesas Administrativas,66.03,0.66,0.0193134530253422,6000.0,,,Administração,1.40033526552242,92.46413758244539,0.9242212752447972
Assis Chateaubriand,PR,2019,16 - Despesas:,16.2 - Despesas de Armazenagem,0.0,0.0,0.0,6000.0,,,,1.40033526552242,0.0,0.0
Assis Chateaubriand,PR,2019,16 - Despesas:,16.3 - Beneficiamento,0.0,0.0,0.0,6000.0,,,,1.40033526552242,0.0,0.0
Assis Chateaubriand,PR,2019,16 - Despesas:,17 - Seguro da Produção,110.06,1.1,0.0321920133268086,6000.0,,,Seguro,1.40033526552242,154.12089932339754,1.540368792074662
Assis Chateaubriand,PR,2019,16 - Despesas:,18 - Seguro do Crédito,0.0,0.0,0.0,6000.0,,,Seguro,1.40033526552242,0.0,0.0
Assis Chateaubriand,PR,2019,16 - Despesas:,19 - Assistência Técnica,22.01,0.22,0.006437817675114,6000.0,,,,1.40033526552242,30.821379194148466,0.3080737584149324
Assis Chateaubriand,PR,2019,16 - Despesas:,20 - Classificação,0.0,0.0,0.0,6000.0,,,,1.40033526552242,0.0,0.0
Assis Chateaubriand,PR,2019,16 - Despesas:,21 - Outros impostos/taxas,0.0,0.0,0.0,6000.0,,,,1.40033526552242,0.0,0.0
Assis Chateaubriand,PR,2019,16 - Despesas:,22 - CDO,0.0,0.0,0.0,6000.0,,,,1.40033526552242,0.0,0.0
Assis Chateaubriand,PR,2019,16 - Despesas:,23 - CESSR,48.75,0.49,0.0142591372858615,6000.0,,,,1.40033526552242,68.26634419421798,0.6861642801059857
Assis Chateaubriand,PR,2019,16 - Despesas:,24 - FUNDECITRUS,0.0,0.0,0.0528889682877842,6000.0,,,,1.40033526552242,0.0,0.0
Assis Chateaubriand,PR,2019,16 - Despesas:,TOTAL DAS OUTRAS DESPESAS (B),357.85,3.58,0.1575583483441031,6000.0,,Total Outras Despesas (B),,1.40033526552242,501.109974767198,5.0132002505702635
Assis Chateaubriand,PR,2019,III - DESPESAS FINANCEIRAS,25 - Juros do financiamento,50.18494368978652,0.5,0.0146788513180696,6000.0,,,Juros/Financiamento,1.40033526552242,70.2757464470649,0.70016763276121
Assis Chateaubriand,PR,2019,III - DESPESAS FINANCEIRAS,TOTAL DAS DESPESAS FINANCEIRAS  (C),50.18494368978652,0.5,0.0146788513180696,6000.0,,Total Despesas Financeiras (C),,1.40033526552242,70.2757464470649,0.70016763276121
Assis Chateaubriand,PR,2019,III - DESPESAS FINANCEIRAS,CUSTO VARIÁVEL  (A+B+C = D),2609.1349436897863,26.059999999999995,0.7113788366296449,6000.0,,Custo Variável (D),,1.40033526552242,3653.663674155661,36.49273701951426
Assis Chateaubriand,PR,2019,IV - DEPRECIAÇÕES,26 - Depreciação de benfeitorias/instalações,2.04,0.02,0.0005966900525775,6000.0,,,Máquinas/Depreciação,1.40033526552242,2.856683941665737,0.0280067053104484
Assis Chateaubriand,PR,2019,IV - DEPRECIAÇÕES,27 - Depreciação de implementos,98.4,0.98,0.0287815201831543,6000.0,,,Máquinas/Depreciação,1.40033526552242,137.79299012740614,1.3723285602119715
Assis Chateaubriand,PR,2019,IV - DEPRECIAÇÕES,28 - Depreciação de máquinas,16.71,0.17,0.0048875935189076,6000.0,,,Máquinas/Depreciação,1.40033526552242,23.399602286879638,0.2380569951388114
Assis Chateaubriand,PR,2019,IV - DEPRECIAÇÕES,TOTAL DE DEPRECIAÇÕES (E),117.15,1.17,0.0342658037546395,6000.0,,Total Depreciações (E),Máquinas/Depreciação,1.40033526552242,164.0492763559515,1.6383922606612313
Assis Chateaubriand,PR,2019,V - OUTROS CUSTOS FIXOS,29 - Manutenção periódica de benfeitorias/instalações,13.30547,0.13,0.003891785095034,6000.0,,,,1.40033526552242,18.63211886535059,0.1820435845179146
Assis Chateaubriand,PR,2019,V - OUTROS CUSTOS FIXOS,30 - Encargos sociais,31.86,0.32,0.0093188946446676,6000.0,,,,1.40033526552242,44.6146815595443,0.4481072849671744
Assis Chateaubriand,PR,2019,V - OUTROS CUSTOS FIXOS,31 - Seguro do capital fixo,5.12,0.05,0.0014975750339202,6000.0,,,Seguro,1.40033526552242,7.16971655947479,0.070016763276121
Assis Chateaubriand,PR,2019,V - OUTROS CUSTOS FIXOS,TOTAL DE OUTROS CUSTOS FIXOS (F),50.28547,0.5,0.0147082547736219,6000.0,,Total Outros Custos Fixos (F),,1.40033526552242,70.41651698436968,0.70016763276121
Assis Chateaubriand,PR,2019,V - OUTROS CUSTOS FIXOS,CUSTO FIXO  (E+F = G),167.43547,1.67,0.0489740585282615,6000.0,,Custo Fixo (G),,1.40033526552242,234.4657933403212,2.3385598934224414
Assis Chateaubriand,PR,2019,V - OUTROS CUSTOS FIXOS,CUSTO OPERACIONAL  (D+G = H),2776.570413689786,27.73,0.7603528951579064,6000.0,,Custo Operacional (H),,1.40033526552242,3888.129467495982,38.83129691293671
Assis Chateaubriand,PR,2019,VI - RENDA DE FATORES,32 - Remuneração esperada sobre capital fixo,40.94,0.41,0.0119747503688855,6000.0,,,,1.40033526552242,57.32972577048787,0.5741374588641921
Assis Chateaubriand,PR,2019,VI - RENDA DE FATORES,33 - Terra própria,601.35,6.01,0.1758919427046734,6000.0,,,Terra,1.40033526552242,842.0916119219073,8.416014945789744
Assis Chateaubriand,PR,2019,VI - RENDA DE FATORES,34 - Arrendamento,0.0,0.0,0.0,6000.0,,,Arrendamento,1.40033526552242,0.0,0.0
Assis Chateaubriand,PR,2019,VI - RENDA DE FATORES,TOTAL DA RENDA DE FATORES (I),642.29,6.42,0.187866693073559,6000.0,,Total Renda de Fatores (I),,1.40033526552242,899.421337692395,8.990152404653935
Assis Chateaubriand,PR,2019,VI - RENDA DE FATORES,CUSTO TOTAL  (H+I = J),3418.860413689786,34.15,0.9482195882314656,6000.0,,Custo Total (J),,1.40033526552242,4787.550805188377,47.82144931759064
Assis Chateaubriand,PR,2020,I - DESPESAS DE CUSTEIO,1 - Operação com animal,0.0,0.0,0.0,6000.0,0.0,,,1.356761632067946,0.0,0.0
Assis Chateaubriand,PR,2020,I - DESPESAS DE CUSTEIO,2 - Operação com Avião,0.0,0.0,0.0,6000.0,0.0,,,1.356761632067946,0.0,0.0
Assis Chateaubriand,PR,2020,3 - Operação com máquinas:,3.1 - Tratores e Colheitadeiras,119.01,1.19,4.75,6000.0,3.45,,,1.356761632067946,161.46820183240627,1.6145463421608557
Assis Chateaubriand,PR,2020,3 - Operação com máquinas:,3.2 - Conjunto de Irrigação,0.0,0.0,0.0,6000.0,0.0,,,1.356761632067946,0.0,0.0
Assis Chateaubriand,PR,2020,3 - Operação com máquinas:,4 - Aluguel de Máquinas,146.74,1.47,5.86,6000.0,4.26,,Máquinas/Depreciação,1.356761632067946,199.09120188965042,1.9944395991398807
Assis Chateaubriand,PR,2020,3 - Operação com máquinas:,5 - Aluguel de Animais,0.0,0.0,0.0,6000.0,0.0,,,1.356761632067946,0.0,0.0
Assis Chateaubriand,PR,2020,3 - Operação com máquinas:,6 - Mão de obra,0.0,0.0,0.0,6000.0,0.0,,Mão de obra,1.356761632067946,0.0,0.0
Assis Chateaubriand,PR,2020,3 - Operação com máquinas:,7 - Administrador,73.16,0.73,2.92,6000.0,2.12,,Administração,1.356761632067946,99.26068100209093,0.9904359914096006
Assis Chateaubriand,PR,2020,3 - Operação com máquinas:,8 - Sementes e mudas,705.19,7.05,28.15,6000.0,20.46,,Sementes,1.356761632067946,956.774735317995,9.56516950607902
Assis Chateaubriand,PR,2020,3 - Operação com máquinas:,9 - Fertilizantes,636.6,6.37,25.41,6000.0,18.47,,Fertilizantes,1.356761632067946,863.7144549744545,8.642571596272816
Assis Chateaubriand,PR,2020,3 - Operação com máquinas:,10 - Agrotóxicos,414.45,4.14,16.54,6000.0,12.03,,Defensivos/Agrotóxicos,1.356761632067946,562.3098584105602,5.616993156761296
Assis Chateaubriand,PR,2020,3 - Operação com máquinas:,11 - Receita,0.0,0.0,0.0,6000.0,0.0,,,1.356761632067946,0.0,0.0
Assis Chateaubriand,PR,2020,12 - Outros:,12.1 - Embalagens/Utensílios,0.0,0.0,0.0,6000.0,0.0,,,1.356761632067946,0.0,0.0
Assis Chateaubriand,PR,2020,12 - Outros:,12.2 - Análise de Solo,0.0,0.0,0.0,6000.0,0.0,,,1.356761632067946,0.0,0.0
Assis Chateaubriand,PR,2020,12 - Outros:,12.3 - Demais Despesas,0.0,0.0,0.0,6000.0,0.0,,,1.356761632067946,0.0,0.0
Assis Chateaubriand,PR,2020,12 - Outros:,13 - Serviços Diversos,0.0,0.0,0.0,6000.0,0.0,,,1.356761632067946,0.0,0.0
Assis Chateaubriand,PR,2020,12 - Outros:,TOTAL DAS DESPESAS DE CUSTEIO (A),2095.15,20.95,83.63,6000.0,60.79,Total Despesas de Custeio (A),,1.356761632067946,2842.6191334271575,28.42415619182347
Assis Chateaubriand,PR,2020,II - OUTRAS DESPESAS,14 - Transporte Externo,111.0,1.11,4.43,6000.0,3.22,,Transporte,1.356761632067946,150.60054115954202,1.5060054115954202
Assis Chateaubriand,PR,2020,II - OUTRAS DESPESAS,15 - Despesas Administrativas,62.85,0.63,2.51,6000.0,1.82,,Administração,1.356761632067946,85.27246857547041,0.854759828202806
Assis Chateaubriand,PR,2020,II - OUTRAS DESPESAS,16 - Despesas de armazenagem,0.0,0.0,0.0,6000.0,0.0,,,1.356761632067946,0.0,0.0
Assis Chateaubriand,PR,2020,II - OUTRAS DESPESAS,17 - Beneficiamento,0.0,0.0,0.0,6000.0,0.0,,,1.356761632067946,0.0,0.0
Assis Chateaubriand,PR,2020,II - OUTRAS DESPESAS,18 - Seguro da Produção,104.76,1.05,4.18,6000.0,3.04,,Seguro,1.356761632067946,142.13434857543803,1.4245997136713435
Assis Chateaubriand,PR,2020,II - OUTRAS DESPESAS,19 - Seguro do crédito,0.0,0.0,0.0,6000.0,0.0,,Seguro,1.356761632067946,0.0,0.0
Assis Chateaubriand,PR,2020,II - OUTRAS DESPESAS,20 - Assistência Técnica,20.95,0.21,0.84,6000.0,0.61,,,1.356761632067946,28.42415619182347,0.2849199427342687
Assis Chateaubriand,PR,2020,II - OUTRAS DESPESAS,21 - Classificação,0.0,0.0,0.0,6000.0,0.0,,,1.356761632067946,0.0,0.0
Assis Chateaubriand,PR,2020,II - OUTRAS DESPESAS,22 - Outros Impostos/Taxas,0.0,0.0,0.0,6000.0,0.0,,,1.356761632067946,0.0,0.0
Assis Chateaubriand,PR,2020,II - OUTRAS DESPESAS,23 - CESSR,64.28,0.64,2.57,6000.0,1.87,,,1.356761632067946,87.21263770932758,0.8683274445234855
Assis Chateaubriand,PR,2020,II - OUTRAS DESPESAS,TOTAL DAS OUTRAS DESPESAS (B),363.84,3.64,14.53,6000.0,10.56,Total Outras Despesas (B),,1.356761632067946,493.64415221160147,4.938612340727324
Assis Chateaubriand,PR,2020,III - DESPESAS FINANCEIRAS,24 - Juros do Financiamento,46.31,0.46,1.85,6000.0,1.34,,Juros/Financiamento,1.356761632067946,62.831631181066584,0.6241103507512552
Assis Chateaubriand,PR,2020,III - DESPESAS FINANCEIRAS,TOTAL DAS DESPESAS FINANCEIRAS (C),46.31,0.46,1.85,6000.0,1.34,Total Despesas Financeiras (C),,1.356761632067946,62.831631181066584,0.6241103507512552
Assis Chateaubriand,PR,2020,III - DESPESAS FINANCEIRAS,CUSTO VARIÁVEL (A+B+C=D),2505.3,25.05,100.01,6000.0,72.69,Custo Variável (D),,1.356761632067946,3399.0949168198254,33.98687888330205
Assis Chateaubriand,PR,2020,IV - DEPRECIAÇÕES,25 - Depreciação de benfeitorias/instalações,8.15,0.08,0.33,6000.0,0.24,,Máquinas/Depreciação,1.356761632067946,11.05760730135376,0.10854093056543569
Assis Chateaubriand,PR,2020,IV - DEPRECIAÇÕES,26 - Depreciação de implementos,90.18,0.9,3.6,6000.0,2.62,,Máquinas/Depreciação,1.356761632067946,122.35276397988738,1.2210854688611514
Assis Chateaubriand,PR,2020,IV - DEPRECIAÇÕES,27 - Depreciação de Máquinas,14.26,0.14,0.57,6000.0,0.41,,Máquinas/Depreciação,1.356761632067946,19.34742087328891,0.18994662848951246
Assis Chateaubriand,PR,2020,IV - DEPRECIAÇÕES,TOTAL DE DEPRECIAÇÕES (E),112.59,1.13,4.5,6000.0,3.27,Total Depreciações (E),Máquinas/Depreciação,1.356761632067946,152.75779215453005,1.533140644236779
Assis Chateaubriand,PR,2020,V - OUTROS CUSTOS FIXOS,28 - Manutenção Periódica Benfeitorias/Instalações,104.35,1.04,4.17,6000.0,3.03,,,1.356761632067946,141.57807630629017,1.411032097350664
Assis Chateaubriand,PR,2020,V - OUTROS CUSTOS FIXOS,29 - Encargos Sociais,33.35,0.33,1.33,6000.0,0.97,,,1.356761632067946,45.248000429466,0.44773133858242226
Assis Chateaubriand,PR,2020,V - OUTROS CUSTOS FIXOS,30 - Seguro do capital fixo,6.1,0.06,0.24,6000.0,0.18,,Seguro,1.356761632067946,8.27624595561447,0.08140569792407676
Assis Chateaubriand,PR,2020,V - OUTROS CUSTOS FIXOS,31 - Arrendamento,16.07,0.16,0.64,6000.0,0.47,,Arrendamento,1.356761632067946,21.803159427331895,0.21708186113087138
Assis Chateaubriand,PR,2020,V - OUTROS CUSTOS FIXOS,TOTAL DE OUTROS CUSTOS FIXOS (F),159.87,1.6,6.38,6000.0,4.65,Total Outros Custos Fixos (F),,1.356761632067946,216.90548211870254,2.170818611308714
Assis Chateaubriand,PR,2020,V - OUTROS CUSTOS FIXOS,CUSTO FIXO (E+F=G),272.46,2.72,10.88,6000.0,7.92,Custo Fixo (G),,1.356761632067946,369.66327427323256,3.6903916392248135
Assis Chateaubriand,PR,2020,V - OUTROS CUSTOS FIXOS,CUSTO OPERACIONAL (D+G=H),2777.76,27.77,110.89,6000.0,80.61,Custo Operacional (H),,1.356761632067946,3768.758191093058,37.67727052252686
Assis Chateaubriand,PR,2020,VI - RENDA DE FATORES,32 - Remuneração esperada sobre o capital fixo,50.15,0.5,2.0,6000.0,1.46,,,1.356761632067946,68.04159584820749,0.678380816033973
Assis Chateaubriand,PR,2020,VI - RENDA DE FATORES,33 - Terra Própria,618.39,6.18,24.68,6000.0,17.94,,Terra,1.356761632067946,839.0078256544972,8.384786886179906
Assis Chateaubriand,PR,2020,VI - RENDA DE FATORES,TOTAL DE RENDA DE FATORES (I),668.54,6.69,26.68,6000.0,19.4,Total Renda de Fatores (I),,1.356761632067946,907.0494215027046,9.07673531853456
Assis Chateaubriand,PR,2020,VI - RENDA DE FATORES,CUSTO TOTAL (H+I=J),3446.3,34.46,137.57,6000.0,,Custo Total (J),,1.356761632067946,4675.807612595763,46.75400584106142
Assis Chateaubriand,PR,2021,I - DESPESAS DO CUSTEIO,1 - Operação com animal,0.0,0.0,0.0,6000.0,0.0,,,1.2527626200113375,0.0,0.0
Assis Chateaubriand,PR,2021,I - DESPESAS DO CUSTEIO,2 - Operação com Avião,0.0,0.0,0.0,6000.0,0.0,,,1.2527626200113375,0.0,0.0
Assis Chateaubriand,PR,2021,3 - Operação com máquinas:,3.1 - Tratores e Colheitadeiras,127.37,1.2737,3.87,6000.0,3.16,,,1.2527626200113375,159.56437491084407,1.5956437491084408
Assis Chateaubriand,PR,2021,3 - Operação com máquinas:,3.2 - Conjunto de Irrigação,0.0,0.0,0.0,6000.0,0.0,,,1.2527626200113375,0.0,0.0
Assis Chateaubriand,PR,2021,3 - Operação com máquinas:,4 - Aluguel de Máquinas,300.15,3.0015,9.13,6000.0,7.44,,Máquinas/Depreciação,1.2527626200113375,376.01670039640294,3.7601670039640296
Assis Chateaubriand,PR,2021,3 - Operação com máquinas:,5 - Aluguel de Animais,0.0,0.0,0.0,6000.0,0.0,,,1.2527626200113375,0.0,0.0
Assis Chateaubriand,PR,2021,3 - Operação com máquinas:,6 - Mão de obra,0.0,0.0,0.0,6000.0,0.0,,Mão de obra,1.2527626200113375,0.0,0.0
Assis Chateaubriand,PR,2021,3 - Operação com máquinas:,7 - Administrador,77.0,0.77,2.34,6000.0,1.91,,Administração,1.2527626200113375,96.462721740873,0.9646272174087299
Assis Chateaubriand,PR,2021,3 - Operação com máquinas:,8 - Sementes e mudas,677.0,6.77,20.59,6000.0,16.78,,Sementes,1.2527626200113375,848.1202937476755,8.481202937476755
Assis Chateaubriand,PR,2021,3 - Operação com máquinas:,9 - Fertilizantes,1007.0,10.07,30.63,6000.0,24.96,,Fertilizantes,1.2527626200113375,1261.531958351417,12.61531958351417
Assis Chateaubriand,PR,2021,3 - Operação com máquinas:,10 - Agrotóxicos,504.3,5.043,15.34,6000.0,12.5,,Defensivos/Agrotóxicos,1.2527626200113375,631.7681892717176,6.317681892717175
Assis Chateaubriand,PR,2021,3 - Operação com máquinas:,11 - Receita,0.0,0.0,0.0,6000.0,0.0,,,1.2527626200113375,0.0,0.0
Assis Chateaubriand,PR,2021,12 - Outros:,12.1 - Embalagens/Utensílios,0.0,0.0,0.0,6000.0,0.0,,,1.2527626200113375,0.0,0.0
Assis Chateaubriand,PR,2021,12 - Outros:,12.2 - Análise de Solo,0.0,0.0,0.0,6000.0,0.0,,,1.2527626200113375,0.0,0.0
Assis Chateaubriand,PR,2021,12 - Outros:,12.3 - Demais Despesas,0.0,0.0,0.0,6000.0,0.0,,,1.2527626200113375,0.0,0.0
Assis Chateaubriand,PR,2021,12 - Outros:,13 - Serviços Diversos,0.0,0.0,0.0,6000.0,0.0,,,1.2527626200113375,0.0,0.0
Assis Chateaubriand,PR,2021,12 - Outros:,TOTAL DAS DESPESAS DE CUSTEIO (A),2692.82,26.9282,81.9,6000.0,66.75,Total Despesas de Custeio (A),,1.2527626200113375,3373.46423841893,33.7346423841893
Assis Chateaubriand,PR,2021,II - OUTRAS DESPESAS,14 - Transporte Externo,186.0,1.86,5.66,6000.0,4.61,,Transporte,1.2527626200113375,233.01384732210877,2.330138473221088
Assis Chateaubriand,PR,2021,II - OUTRAS DESPESAS,15 - Despesas Administrativas,80.78,0.8078,2.46,6000.0,2.0,,Administração,1.2527626200113375,101.19816444451585,1.0119816444451584
Assis Chateaubriand,PR,2021,II - OUTRAS DESPESAS,16 - Despesas de armazenagem,0.0,0.0,0.0,6000.0,0.0,,,1.2527626200113375,0.0,0.0
Assis Chateaubriand,PR,2021,II - OUTRAS DESPESAS,17 - Beneficiamento,0.0,0.0,0.0,6000.0,0.0,,,1.2527626200113375,0.0,0.0
Assis Chateaubriand,PR,2021,II - OUTRAS DESPESAS,18 - Seguro da Produção,134.64,1.3464,4.1,6000.0,3.34,,Seguro,1.2527626200113375,168.67195915832647,1.686719591583265
Assis Chateaubriand,PR,2021,II - OUTRAS DESPESAS,19 - Seguro do crédito,0.0,0.0,0.0,6000.0,0.0,,Seguro,1.2527626200113375,0.0,0.0
Assis Chateaubriand,PR,2021,II - OUTRAS DESPESAS,20 - Assistência Técnica,26.93,0.2693,0.82,6000.0,0.67,,,1.2527626200113375,33.73689735690532,0.33736897356905315
Assis Chateaubriand,PR,2021,II - OUTRAS DESPESAS,21 - Classificação,0.0,0.0,0.0,6000.0,0.0,,,1.2527626200113375,0.0,0.0
Assis Chateaubriand,PR,2021,II - OUTRAS DESPESAS,22 - Outros,0.0,0.0,0.0,6000.0,0.0,,,1.2527626200113375,0.0,0.0
Assis Chateaubriand,PR,2021,II - OUTRAS DESPESAS,23 - CESSR,117.75,1.1775,3.58,6000.0,2.92,,,1.2527626200113375,147.512798506335,1.4751279850633499
Assis Chateaubriand,PR,2021,II - OUTRAS DESPESAS,TOTAL DAS OUTRAS DESPESAS (B),546.1,5.461,16.62,6000.0,13.54,Total Outras Despesas (B),,1.2527626200113375,684.1336667881915,6.841336667881914
Assis Chateaubriand,PR,2021,III - DESPESAS FINANCEIRAS,24 - Juros do Financiamento,48.87,0.48,1.49,6000.0,1.21,,Juros/Financiamento,1.2527626200113375,61.222509239954064,0.601326057605442
Assis Chateaubriand,PR,2021,III - DESPESAS FINANCEIRAS,TOTAL DAS DESPESAS FINANCEIRAS (C),48.87,0.48,1.49,6000.0,1.21,Total Despesas Financeiras (C),,1.2527626200113375,61.222509239954064,0.601326057605442
Assis Chateaubriand,PR,2021,III - DESPESAS FINANCEIRAS,CUSTO VARIÁVEL (A+B+C=D),3287.79,32.8692,100.01,6000.0,81.5,Custo Variável (D),,1.2527626200113375,4118.820414447076,41.17730510967665
Assis Chateaubriand,PR,2021,IV - DEPRECIAÇÕES,25 - Depreciação de benfeitorias/instalações,11.46,0.11465,0.35,6000.0,0.28,,Máquinas/Depreciação,1.2527626200113375,14.356659625329929,0.14362923438429986
Assis Chateaubriand,PR,2021,IV - DEPRECIAÇÕES,26 - Depreciação de implementos,151.46,1.51461,4.61,6000.0,3.75,,Máquinas/Depreciação,1.2527626200113375,189.74342642691718,1.897446791895372
Assis Chateaubriand,PR,2021,IV - DEPRECIAÇÕES,27 - Depreciação de Máquinas,21.73,0.21734,0.66,6000.0,0.54,,Máquinas/Depreciação,1.2527626200113375,27.222531732846367,0.2722754278332641
Assis Chateaubriand,PR,2021,IV - DEPRECIAÇÕES,TOTAL DE DEPRECIAÇÕES (E),184.65,1.8466,5.62,6000.0,4.57,Total Depreciações (E),Máquinas/Depreciação,1.2527626200113375,231.32261778509348,2.313351454112936
Assis Chateaubriand,PR,2021,V - OUTROS CUSTOS FIXOS,28 - Manutenção Periódica Benfeitorias/Instalações,146.78,1.46783,4.46,6000.0,3.64,,,1.2527626200113375,183.88049736526412,1.8388425565312416
Assis Chateaubriand,PR,2021,V - OUTROS CUSTOS FIXOS,29 - Encargos Sociais,35.1,0.35104,1.07,6000.0,0.87,,,1.2527626200113375,43.97196796239795,0.4397697901287799
Assis Chateaubriand,PR,2021,V - OUTROS CUSTOS FIXOS,30 - Seguro do capital fixo,9.4,0.09403,0.29,6000.0,0.23,,Seguro,1.2527626200113375,11.775968628106574,0.11779726915966607
Assis Chateaubriand,PR,2021,V - OUTROS CUSTOS FIXOS,31 - Arrendamento,29.44,0.29438,0.9,6000.0,0.73,,Arrendamento,1.2527626200113375,36.88133153313378,0.3687882600789375
Assis Chateaubriand,PR,2021,V - OUTROS CUSTOS FIXOS,TOTAL DE OUTROS CUSTOS FIXOS (F),220.72,2.20728,6.72,6000.0,5.47,Total Outros Custos Fixos (F),,1.2527626200113375,276.5097654889024,2.765197875898625
Assis Chateaubriand,PR,2021,V - OUTROS CUSTOS FIXOS,CUSTO FIXO (E+F=G),405.37,4.05388,12.34,6000.0,10.04,Custo Fixo (G),,1.2527626200113375,507.8323832739959,5.078549330011562
Assis Chateaubriand,PR,2021,V - OUTROS CUSTOS FIXOS,CUSTO OPERACIONAL (D+G=H),3693.16,36.92308,112.35,6000.0,91.54,Custo Operacional (H),,1.2527626200113375,4626.652797721071,46.255854439688214
Assis Chateaubriand,PR,2021,VI - RENDA DE FATORES,32 - Remuneração esperada sobre o capital fixo,21.19,0.21187,0.64,6000.0,0.53,,,1.2527626200113375,26.546039918040243,0.2654228163018021
Assis Chateaubriand,PR,2021,VI - RENDA DE FATORES,33 - Terra Própria,319.9,3.19896,9.73,6000.0,7.93,,Terra,1.2527626200113375,400.75876214162685,4.007537510911468
Assis Chateaubriand,PR,2021,VI - RENDA DE FATORES,TOTAL DE RENDA DE FATORES (F),341.09,3.41083,10.37,6000.0,8.46,Total Renda de Fatores (I),,1.2527626200113375,427.3048020596671,4.27296032721327
Assis Chateaubriand,PR,2021,VI - RENDA DE FATORES,CUSTO TOTAL (H+I=J),4034.25,40.33391,122.72,6000.0,100.0,Custo Total (J),,1.2527626200113375,5053.957599780739,50.52881476690149
Assis Chateaubriand,PR,2022,I - DESPESAS DO CUSTEIO,1 - Operação com animal,0.0,0.0,0.0,6000.0,0.0,,,1.146379346107216,0.0,0.0
Assis Chateaubriand,PR,2022,I - DESPESAS DO CUSTEIO,2 - Operação com Avião,0.0,0.0,0.0,6000.0,0.0,,,1.146379346107216,0.0,0.0
Assis Chateaubriand,PR,2022,3 - Operação com máquinas:,3.1 - Tratores e Colheitadeiras,231.46,2.3146,4.62,6000.0,3.44,,,1.146379346107216,265.34096344997624,2.6534096344997624
Assis Chateaubriand,PR,2022,3 - Operação com máquinas:,3.2 - Conjunto de Irrigação,0.0,0.0,0.0,6000.0,0.0,,,1.146379346107216,0.0,0.0
Assis Chateaubriand,PR,2022,3 - Operação com máquinas:,4 - Aluguel de Máquinas,300.15,3.0015,5.99,6000.0,4.46,,Máquinas/Depreciação,1.146379346107216,344.08576073408085,3.440857607340809
Assis Chateaubriand,PR,2022,3 - Operação com máquinas:,5 - Aluguel de Animais,0.0,0.0,0.0,6000.0,0.0,,,1.146379346107216,0.0,0.0
Assis Chateaubriand,PR,2022,3 - Operação com máquinas:,6 - Mão de obra,0.0,0.0,0.0,6000.0,0.0,,Mão de obra,1.146379346107216,0.0,0.0
Assis Chateaubriand,PR,2022,3 - Operação com máquinas:,7 - Administrador,84.84,0.8484,1.69,6000.0,1.26,,Administração,1.146379346107216,97.25882372373621,0.9725882372373621
Assis Chateaubriand,PR,2022,3 - Operação com máquinas:,8 - Sementes e mudas,833.25,8.3325,16.62,6000.0,12.39,,Sementes,1.146379346107216,955.2205901438377,9.552205901438377
Assis Chateaubriand,PR,2022,3 - Operação com máquinas:,9 - Fertilizantes,1930.0,19.3,38.51,6000.0,28.69,,Fertilizantes,1.146379346107216,2212.512137986927,22.12512137986927
Assis Chateaubriand,PR,2022,3 - Operação com máquinas:,10 - Agrotóxicos,744.44,7.4444,14.85,6000.0,11.07,,Defensivos/Agrotóxicos,1.146379346107216,853.4106404160559,8.534106404160559
Assis Chateaubriand,PR,2022,3 - Operação com máquinas:,11 - Receita,0.0,0.0,0.0,6000.0,0.0,,,1.146379346107216,0.0,0.0
Assis Chateaubriand,PR,2022,12 - Outros:,12.1 - Embalagens/Utensílios,0.0,0.0,0.0,6000.0,0.0,,,1.146379346107216,0.0,0.0
Assis Chateaubriand,PR,2022,12 - Outros:,12.2 - Análise de Solo,0.0,0.0,0.0,6000.0,0.0,,,1.146379346107216,0.0,0.0
Assis Chateaubriand,PR,2022,12 - Outros:,12.3 - Demais Despesas,0.0,0.0,0.0,6000.0,0.0,,,1.146379346107216,0.0,0.0
Assis Chateaubriand,PR,2022,12 - Outros:,13 - Serviços Diversos,0.0,0.0,0.0,6000.0,0.0,,,1.146379346107216,0.0,0.0
Assis Chateaubriand,PR,2022,12 - Outros:,TOTAL DAS DESPESAS DE CUSTEIO (A),4124.14,41.2414,82.28,6000.0,61.31,Total Despesas de Custeio (A),,1.146379346107216,4727.828916454614,47.27828916454614
Assis Chateaubriand,PR,2022,II - OUTRAS DESPESAS,14 - Transporte Externo,270.0,2.7,5.39,6000.0,4.01,,Transporte,1.146379346107216,309.5224234489483,3.0952242344894834
Assis Chateaubriand,PR,2022,II - OUTRAS DESPESAS,15 - Despesas Administrativas,123.72,1.2372,2.47,6000.0,1.84,,Administração,1.146379346107216,141.83005270038475,1.4183005270038478
Assis Chateaubriand,PR,2022,II - OUTRAS DESPESAS,16 - Despesas de armazenagem,0.0,0.0,0.0,6000.0,0.0,,,1.146379346107216,0.0,0.0
Assis Chateaubriand,PR,2022,II - OUTRAS DESPESAS,17 - Beneficiamento,0.0,0.0,0.0,6000.0,0.0,,,1.146379346107216,0.0,0.0
Assis Chateaubriand,PR,2022,II - OUTRAS DESPESAS,18 - Seguro da Produção,206.21,2.0621,4.11,6000.0,3.07,,Seguro,1.146379346107216,236.39488496076902,2.36394884960769
Assis Chateaubriand,PR,2022,II - OUTRAS DESPESAS,19 - Seguro do crédito,0.0,0.0,0.0,6000.0,0.0,,Seguro,1.146379346107216,0.0,0.0
Assis Chateaubriand,PR,2022,II - OUTRAS DESPESAS,20 - Assistência Técnica,41.24,0.4124,0.82,6000.0,0.61,,,1.146379346107216,47.276684233461594,0.47276684233461586
Assis Chateaubriand,PR,2022,II - OUTRAS DESPESAS,21 - Classificação,0.0,0.0,0.0,6000.0,0.0,,,1.146379346107216,0.0,0.0
Assis Chateaubriand,PR,2022,II - OUTRAS DESPESAS,22 - Outros,0.0,0.0,0.0,6000.0,0.0,,,1.146379346107216,0.0,0.0
Assis Chateaubriand,PR,2022,II - OUTRAS DESPESAS,23 - CESSR,137.32,1.3732,2.74,6000.0,2.04,,,1.146379346107216,157.4208118074429,1.574208118074429
Assis Chateaubriand,PR,2022,II - OUTRAS DESPESAS,TOTAL DAS OUTRAS DESPESAS (B),778.49,7.7849,15.53,6000.0,11.57,Total Outras Despesas (B),,1.146379346107216,892.4448571510067,8.924448571510066
Assis Chateaubriand,PR,2022,III - DESPESAS FINANCEIRAS,24 - Juros do Financiamento,109.54,1.0954,2.19,6000.0,1.63,,Juros/Financiamento,1.146379346107216,125.57439357258446,1.2557439357258444
Assis Chateaubriand,PR,2022,III - DESPESAS FINANCEIRAS,TOTAL DAS DESPESAS FINANCEIRAS (C),109.54,1.0954,2.19,6000.0,1.63,Total Despesas Financeiras (C),,1.146379346107216,125.57439357258446,1.2557439357258444
Assis Chateaubriand,PR,2022,III - DESPESAS FINANCEIRAS,CUSTO VARIÁVEL (A+B+C=D),5012.17,50.1217,100.0,6000.0,74.51,Custo Variável (D),,1.146379346107216,5745.848167178205,57.458481671782046
Assis Chateaubriand,PR,2022,IV - DEPRECIAÇÕES,25 - Depreciação de benfeitorias/instalações,17.15,0.1715,0.34,6000.0,0.25,,Máquinas/Depreciação,1.146379346107216,19.660405785738753,0.19660405785738758
Assis Chateaubriand,PR,2022,IV - DEPRECIAÇÕES,26 - Depreciação de implementos,245.86,2.4586,4.91,6000.0,3.65,,Máquinas/Depreciação,1.146379346107216,281.84882603392015,2.8184882603392016
Assis Chateaubriand,PR,2022,IV - DEPRECIAÇÕES,27 - Depreciação de Máquinas,31.51,0.31515,0.63,6000.0,0.47,,Máquinas/Depreciação,1.146379346107216,36.12241319583838,0.36128145092568914
Assis Chateaubriand,PR,2022,IV - DEPRECIAÇÕES,TOTAL DE DEPRECIAÇÕES (E),294.52,2.94525,5.88,6000.0,4.37,Total Depreciações (E),Máquinas/Depreciação,1.146379346107216,337.63164501549727,3.3763737691222784
Assis Chateaubriand,PR,2022,V - OUTROS CUSTOS FIXOS,28 - Manutenção Periódica Benfeitorias/Instalações,219.57,2.19565,4.38,6000.0,3.26,,,1.146379346107216,251.7105130247614,2.517047811280309
Assis Chateaubriand,PR,2022,V - OUTROS CUSTOS FIXOS,29 - Encargos Sociais,38.68,0.38679,0.77,6000.0,0.58,,,1.146379346107216,44.341953107427116,0.4434080672808101
Assis Chateaubriand,PR,2022,V - OUTROS CUSTOS FIXOS,30 - Seguro do capital fixo,15.36,0.15364,0.31,6000.0,0.23,,Seguro,1.146379346107216,17.608386756206837,0.17612972273591268
Assis Chateaubriand,PR,2022,V - OUTROS CUSTOS FIXOS,31 - Arrendamento,34.33,0.34331,0.68,6000.0,0.51,,Arrendamento,1.146379346107216,39.355202951860726,0.39356349331206836
Assis Chateaubriand,PR,2022,V - OUTROS CUSTOS FIXOS,TOTAL DE OUTROS CUSTOS FIXOS (F),307.94,3.07939,6.14,6000.0,4.58,Total Outros Custos Fixos (F),,1.146379346107216,353.0160558402561,3.5301490946091
Assis Chateaubriand,PR,2022,V - OUTROS CUSTOS FIXOS,CUSTO FIXO (E+F=G),602.46,6.02464,12.02,6000.0,8.95,Custo Fixo (G),,1.146379346107216,690.6477008557534,6.906522863731378
Assis Chateaubriand,PR,2022,V - OUTROS CUSTOS FIXOS,CUSTO OPERACIONAL (D+G=H),5614.63,56.14634,112.02,6000.0,83.46,Custo Operacional (H),,1.146379346107216,6436.495868033959,64.36500453551344
Assis Chateaubriand,PR,2022,VI - RENDA DE FATORES,32 - Remuneração esperada sobre o capital fixo,88.91,0.88906,1.77,6000.0,1.32,,,1.146379346107216,101.92458766239257,1.0192000214500814
Assis Chateaubriand,PR,2022,VI - RENDA DE FATORES,33 - Terra Própria,1023.28,10.23277,20.42,6000.0,15.21,,Terra,1.146379346107216,1173.067057284592,11.730636181465538
Assis Chateaubriand,PR,2022,VI - RENDA DE FATORES,TOTAL DE RENDA DE FATORES (F),1112.19,11.12183,22.19,6000.0,16.53,Total Renda de Fatores (I),,1.146379346107216,1274.9916449469847,12.749836202915617
Assis Chateaubriand,PR,2022,VI - RENDA DE FATORES,CUSTO TOTAL (H+I=J),6726.82,67.26817,134.21,6000.0,99.99,Custo Total (J),,1.146379346107216,7711.4875129809425,77.11484073842904
Assis Chateaubriand,PR,2023,I - DESPESAS DO CUSTEIO,1 - Operação com animal,0.0,0.0,0.0,6000.0,0.0,,,1.0960327537763812,0.0,0.0
Assis Chateaubriand,PR,2023,I - DESPESAS DO CUSTEIO,2 - Operação com Avião,0.0,0.0,0.0,6000.0,0.0,,,1.0960327537763812,0.0,0.0
Assis Chateaubriand,PR,2023,3 - Operação com máquinas:,3.1 - Tratores e Colheitadeiras,198.74,1.9874,4.71,6000.0,2.52,,,1.0960327537763812,217.82554948551802,2.17825549485518
Assis Chateaubriand,PR,2023,3 - Operação com máquinas:,3.2 - Conjunto de Irrigação,0.0,0.0,0.0,6000.0,0.0,,,1.0960327537763812,0.0,0.0
Assis Chateaubriand,PR,2023,3 - Operação com máquinas:,4 - Aluguel de Máquinas,300.15,3.0015,7.11,6000.0,3.81,,Máquinas/Depreciação,1.0960327537763812,328.9742310459808,3.2897423104598085
Assis Chateaubriand,PR,2023,3 - Operação com máquinas:,5 - Aluguel de Animais,0.0,0.0,0.0,6000.0,0.0,,,1.0960327537763812,0.0,0.0
Assis Chateaubriand,PR,2023,3 - Operação com máquinas:,6 - Mão de obra,0.0,0.0,0.0,6000.0,0.0,,Mão de obra,1.0960327537763812,0.0,0.0
Assis Chateaubriand,PR,2023,3 - Operação com máquinas:,7 - Administrador,91.16,0.9116,2.16,6000.0,1.16,,Administração,1.0960327537763812,99.9143458342549,0.999143458342549
Assis Chateaubriand,PR,2023,3 - Operação com máquinas:,8 - Sementes e mudas,1080.72,10.8072,25.59,6000.0,13.71,,Sementes,1.0960327537763812,1184.5045176612107,11.845045176612107
Assis Chateaubriand,PR,2023,3 - Operação com máquinas:,9 - Fertilizantes,1116.7,11.167,26.44,6000.0,14.16,,Fertilizantes,1.0960327537763812,1223.9397761420848,12.239397761420848
Assis Chateaubriand,PR,2023,3 - Operação com máquinas:,10 - Agrotóxicos,632.6,6.326,14.98,6000.0,8.02,,Defensivos/Agrotóxicos,1.0960327537763812,693.3503200389388,6.933503200389387
Assis Chateaubriand,PR,2023,3 - Operação com máquinas:,11 - Receita,0.0,0.0,0.0,6000.0,0.0,,,1.0960327537763812,0.0,0.0
Assis Chateaubriand,PR,2023,12 - Outros:,12.1 - Embalagens/Utensílios,0.0,0.0,0.0,6000.0,0.0,,,1.0960327537763812,0.0,0.0
Assis Chateaubriand,PR,2023,12 - Outros:,12.2 - Análise de Solo,0.0,0.0,0.0,6000.0,0.0,,,1.0960327537763812,0.0,0.0
Assis Chateaubriand,PR,2023,12 - Outros:,12.3 - Demais Despesas,0.0,0.0,0.0,6000.0,0.0,,,1.0960327537763812,0.0,0.0
Assis Chateaubriand,PR,2023,12 - Outros:,13 - Serviços Diversos,0.0,0.0,0.0,6000.0,0.0,,,1.0960327537763812,0.0,0.0
Assis Chateaubriand,PR,2023,12 - Outros:,TOTAL DAS DESPESAS DE CUSTEIO (A),3420.07,34.2007,80.99,6000.0,43.38,Total Despesas de Custeio (A),,1.0960327537763812,3748.5087402079885,37.48508740207988
Assis Chateaubriand,PR,2023,II - OUTRAS DESPESAS,14 - Transporte Externo,270.0,2.7,6.39,6000.0,3.42,,Transporte,1.0960327537763812,295.92884351962294,2.9592884351962296
Assis Chateaubriand,PR,2023,II - OUTRAS DESPESAS,15 - Despesas Administrativas,102.6,1.026,2.43,6000.0,1.3,,Administração,1.0960327537763812,112.4529605374567,1.1245296053745673
Assis Chateaubriand,PR,2023,II - OUTRAS DESPESAS,16 - Despesas de armazenagem,0.0,0.0,0.0,6000.0,0.0,,,1.0960327537763812,0.0,0.0
Assis Chateaubriand,PR,2023,II - OUTRAS DESPESAS,17 - Beneficiamento,0.0,0.0,0.0,6000.0,0.0,,,1.0960327537763812,0.0,0.0
Assis Chateaubriand,PR,2023,II - OUTRAS DESPESAS,18 - Seguro da Produção,171.0,1.71,4.05,6000.0,2.17,,Seguro,1.0960327537763812,187.42160089576117,1.8742160089576119
Assis Chateaubriand,PR,2023,II - OUTRAS DESPESAS,19 - Seguro do crédito,0.0,0.0,0.0,6000.0,0.0,,Seguro,1.0960327537763812,0.0,0.0
Assis Chateaubriand,PR,2023,II - OUTRAS DESPESAS,20 - Assistência Técnica,34.2,0.342,0.81,6000.0,0.43,,,1.0960327537763812,37.48432017915224,0.3748432017915224
Assis Chateaubriand,PR,2023,II - OUTRAS DESPESAS,21 - Classificação,0.0,0.0,0.0,6000.0,0.0,,,1.0960327537763812,0.0,0.0
Assis Chateaubriand,PR,2023,II - OUTRAS DESPESAS,22 - Outros,0.0,0.0,0.0,6000.0,0.0,,,1.0960327537763812,0.0,0.0
Assis Chateaubriand,PR,2023,II - OUTRAS DESPESAS,23 - CESSR,109.05,1.0905,2.58,6000.0,1.38,,,1.0960327537763812,119.52237179931437,1.1952237179931438
Assis Chateaubriand,PR,2023,II - OUTRAS DESPESAS,TOTAL DAS OUTRAS DESPESAS (B),686.8499999999999,6.8685,16.26,6000.0,8.7,Total Outras Despesas (B),,1.0960327537763812,752.8100969313074,7.5281009693130745
Assis Chateaubriand,PR,2023,III - DESPESAS FINANCEIRAS,24 - Juros do Financiamento,116.53,1.1653,2.76,6000.0,1.48,,Juros/Financiamento,1.0960327537763812,127.7206967975617,1.277206967975617
Assis Chateaubriand,PR,2023,III - DESPESAS FINANCEIRAS,TOTAL DAS DESPESAS FINANCEIRAS (C),116.53,1.1653,2.76,6000.0,1.48,Total Despesas Financeiras (C),,1.0960327537763812,127.7206967975617,1.277206967975617
Assis Chateaubriand,PR,2023,III - DESPESAS FINANCEIRAS,CUSTO VARIÁVEL (A+B+C=D),4223.45,42.2345,100.01,6000.0,53.56,Custo Variável (D),,1.0960327537763812,4629.039533936857,46.290395339368565
Assis Chateaubriand,PR,2023,IV - DEPRECIAÇÕES,25 - Depreciação de benfeitorias/instalações,17.15,0.1715,0.41,6000.0,0.22,,Máquinas/Depreciação,1.0960327537763812,18.796961727264936,0.18796961727264938
Assis Chateaubriand,PR,2023,IV - DEPRECIAÇÕES,26 - Depreciação de implementos,257.69,2.57687,6.1,6000.0,3.27,,Máquinas/Depreciação,1.0960327537763812,282.4366803206357,2.8243339222237434
Assis Chateaubriand,PR,2023,IV - DEPRECIAÇÕES,27 - Depreciação de Máquinas,37.36,0.37356,0.88,6000.0,0.47,,Máquinas/Depreciação,1.0960327537763812,40.9477836810856,0.409433995500705
Assis Chateaubriand,PR,2023,IV - DEPRECIAÇÕES,TOTAL DE DEPRECIAÇÕES (E),312.2,3.12193,7.39,6000.0,3.96,Total Depreciações (E),Máquinas/Depreciação,1.0960327537763812,342.1814257289862,3.4217375349970975
Assis Chateaubriand,PR,2023,V - OUTROS CUSTOS FIXOS,28 - Manutenção Periódica Benfeitorias/Instalações,219.57,2.19565,5.2,6000.0,2.78,,,1.0960327537763812,240.65591174668,2.4065043158291117
Assis Chateaubriand,PR,2023,V - OUTROS CUSTOS FIXOS,29 - Encargos Sociais,41.56,0.4156,0.98,6000.0,0.53,,,1.0960327537763812,45.55112124694641,0.4555112124694641
Assis Chateaubriand,PR,2023,V - OUTROS CUSTOS FIXOS,30 - Seguro do capital fixo,16.39,0.16394,0.39,6000.0,0.21,,Seguro,1.0960327537763812,17.963976834394888,0.17968360965409994
Assis Chateaubriand,PR,2023,V - OUTROS CUSTOS FIXOS,31 - Arrendamento,27.26,0.27263,0.65,6000.0,0.35,,Arrendamento,1.0960327537763812,29.877852867944153,0.29881140966205477
Assis Chateaubriand,PR,2023,V - OUTROS CUSTOS FIXOS,TOTAL DE OUTROS CUSTOS FIXOS (F),304.78,3.04782,7.22,6000.0,3.87,Total Outros Custos Fixos (F),,1.0960327537763812,334.04886269596545,3.3405105476147305
Assis Chateaubriand,PR,2023,V - OUTROS CUSTOS FIXOS,CUSTO FIXO (E+F=G),616.98,6.16975,14.61,6000.0,7.83,Custo Fixo (G),,1.0960327537763812,676.2302884249517,6.762248082611827
Assis Chateaubriand,PR,2023,V - OUTROS CUSTOS FIXOS,CUSTO OPERACIONAL (D+G=H),4840.43,48.40425,114.62,6000.0,61.39,Custo Operacional (H),,1.0960327537763812,5305.269822361809,53.0526434219804
Assis Chateaubriand,PR,2023,VI - RENDA DE FATORES,32 - Remuneração esperada sobre o capital fixo,194.54,1.94543,4.61,6000.0,2.47,,,1.0960327537763812,213.22221191965718,2.1322550001791853
Assis Chateaubriand,PR,2023,VI - RENDA DE FATORES,33 - Terra Própria,2849.34,28.49335,67.46,6000.0,36.14,,Terra,1.0960327537763812,3122.9699666451943,31.22964486481425
Assis Chateaubriand,PR,2023,VI - RENDA DE FATORES,TOTAL DE RENDA DE FATORES (F),3043.88,30.43878,72.07,6000.0,38.61,Total Renda de Fatores (I),,1.0960327537763812,3336.1921785648515,33.36189986499344
Assis Chateaubriand,PR,2023,VI - RENDA DE FATORES,CUSTO TOTAL (H+I=J),7884.31,78.84303,186.69,6000.0,100.0,Custo Total (J),,1.0960327537763812,8641.46200092666,86.41454328697384
Campo Mourão,PR,1999,I - DESPESAS DE CUSTEIO DA LAVOURA,1 - Operação com avião,0.0,0.0,0.0,3000.0,,,,4.776733738342524,0.0,0.0
Campo Mourão,PR,1999,I - DESPESAS DE CUSTEIO DA LAVOURA,2 - Operação com máquinas,62.64,1.25,0.1809881537127997,3000.0,,,Máquinas/Depreciação,4.776733738342524,299.2146013697757,5.970917172928155
Campo Mourão,PR,1999,I - DESPESAS DE CUSTEIO DA LAVOURA,3 - Aluguel de máquinas,0.0,0.0,0.0,3000.0,,,Máquinas/Depreciação,4.776733738342524,0.0,0.0
Campo Mourão,PR,1999,I - DESPESAS DE CUSTEIO DA LAVOURA,4 - Mão-de-obra temporária,0.6900000000000001,0.01,0.0019936434556486,3000.0,,,Mão de obra,4.776733738342524,3.295946279456342,0.04776733738342524
Campo Mourão,PR,1999,I - DESPESAS DE CUSTEIO DA LAVOURA,5 - Mão-de-obra fixa,7.89,0.16,0.0227968795145911,3000.0,,,Mão de obra,4.776733738342524,37.68842919552252,0.7642773981348039
Campo Mourão,PR,1999,I - DESPESAS DE CUSTEIO DA LAVOURA,6 - Sementes,38.24,0.76,0.1104882981797168,3000.0,,,Sementes,4.776733738342524,182.66229815421812,3.6303176411403184
Campo Mourão,PR,1999,I - DESPESAS DE CUSTEIO DA LAVOURA,7 - Fertilizantes,69.61,1.39,0.2011268419531927,3000.0,,,Fertilizantes,4.776733738342524,332.5084355260231,6.639659896296108
Campo Mourão,PR,1999,I - DESPESAS DE CUSTEIO DA LAVOURA,8 - Defensivos,19.89,0.4,0.0574689396128286,3000.0,,,Defensivos/Agrotóxicos,4.776733738342524,95.0092340556328,1.9106934953370098
Campo Mourão,PR,1999,I - DESPESAS DE CUSTEIO DA LAVOURA,TOTAL DAS DESPESAS DE CUSTEIO DA LAVOURA (A),198.96,3.9699999999999993,0.5748627564287777,3000.0,,Total Despesas de Custeio (A),,4.776733738342524,950.3789445806286,18.963632941219817
Campo Mourão,PR,1999,II - DESPESAS PÓS-COLHEITA,1 - Transporte externo,18.81,0.38,0.0543484542039872,3000.0,,,Transporte,4.776733738342524,89.85036161822288,1.8151588205701592
Campo Mourão,PR,1999,II - DESPESAS PÓS-COLHEITA,2 - PROAGRO,7.76,0.16,0.0224212655301935,3000.0,,,,4.776733738342524,37.06745380953799,0.7642773981348039
Campo Mourão,PR,1999,II - DESPESAS PÓS-COLHEITA,3 - Assistência Técnica,3.98,0.08,0.0114995665992487,3000.0,,,,4.776733738342524,19.011400278603247,0.38213869906740194
Campo Mourão,PR,1999,II - DESPESAS PÓS-COLHEITA,Total das Despesas Pós-Colheita (B),30.55,0.62,0.0882692863334296,3000.0,,Total Outras Despesas (B),,4.776733738342524,145.92921570636412,2.961574917772365
Campo Mourão,PR,1999,III - DESPESAS FINANCEIRAS,1 - Juros,8.640000000000004,0.17,0.024963883270731,3000.0,,,Juros/Financiamento,4.776733738342524,41.27097949927943,0.8120447355182292
Campo Mourão,PR,1999,III - DESPESAS FINANCEIRAS,Total das Despesas Financeiras  (C),8.640000000000004,0.17,0.024963883270731,3000.0,,Total Despesas Financeiras (C),,4.776733738342524,41.27097949927943,0.8120447355182292
Campo Mourão,PR,1999,III - DESPESAS FINANCEIRAS,CUSTO VARIÁVEL  (A+B+C = D),238.15,4.759999999999999,0.6880959260329385,3000.0,,Custo Variável (D),,4.776733738342524,1137.5791397862722,22.73725259451041
Campo Mourão,PR,1999,IV - DEPRECIAÇÕES,1 - Depreciação de benfeitorias/instalações,4.37,0.09,0.0126264085524414,3000.0,,,Máquinas/Depreciação,4.776733738342524,20.87432643655683,0.42990603645082714
Campo Mourão,PR,1999,IV - DEPRECIAÇÕES,2 - Depreciação de implementos,0.0,0.0,0.0,3000.0,,,Máquinas/Depreciação,4.776733738342524,0.0,0.0
Campo Mourão,PR,1999,IV - DEPRECIAÇÕES,3 - Depreciação de máquinas,0.0,0.0,0.0,3000.0,,,Máquinas/Depreciação,4.776733738342524,0.0,0.0
Campo Mourão,PR,1999,IV - DEPRECIAÇÕES,Total de Depreciações (E),4.37,0.09,0.0126264085524414,3000.0,,Total Depreciações (E),Máquinas/Depreciação,4.776733738342524,20.87432643655683,0.42990603645082714
Campo Mourão,PR,1999,V - OUTROS CUSTOS FIXOS,1 - Manutenção periódica de máquinas,17.55,0.35,0.0507078878936723,3000.0,,,Máquinas/Depreciação,4.776733738342524,83.8316771079113,1.6718568084198833
Campo Mourão,PR,1999,V - OUTROS CUSTOS FIXOS,2 - Encargos sociais,4.66,0.09,0.0134643166714822,3000.0,,,,4.776733738342524,22.259579220676162,0.42990603645082714
Campo Mourão,PR,1999,V - OUTROS CUSTOS FIXOS,3 - Seguro do capital fixo,0.4599999999999999,0.01,0.0013290956370991,3000.0,,,Seguro,4.776733738342524,2.197297519637561,0.04776733738342524
Campo Mourão,PR,1999,V - OUTROS CUSTOS FIXOS,Total de Outros Custos Fixos (F),22.67,0.4499999999999999,0.0655013002022536,3000.0,,Total Outros Custos Fixos (F),,4.776733738342524,108.28855384822504,2.1495301822541353
Campo Mourão,PR,1999,V - OUTROS CUSTOS FIXOS,Custo Fixo  (E+F = G),27.040000000000003,0.5399999999999999,0.0781277087546951,3000.0,,Custo Fixo (G),,4.776733738342524,129.16288028478186,2.579436218704963
Campo Mourão,PR,1999,V - OUTROS CUSTOS FIXOS,CUSTO OPERACIONAL  (D+G = H),265.19,5.299999999999999,0.7662236347876337,3000.0,,Custo Operacional (H),,4.776733738342524,1266.742020071054,25.31668881321537
Campo Mourão,PR,1999,VI - RENDA DE FATORES,1 - Remuneração esperada sobre capital fixo,8.91,0.18,0.0257440046229413,3000.0,,,,4.776733738342524,42.56069760863189,0.8598120729016543
Campo Mourão,PR,1999,VI - RENDA DE FATORES,2 - Terra,72.0,1.44,0.208032360589425,3000.0,,,Terra,4.776733738342524,343.9248291606617,6.878496583213234
Campo Mourão,PR,1999,VI - RENDA DE FATORES,Total de Renda de Fatores (I),80.91,1.62,0.2337763652123663,3000.0,,Total Renda de Fatores (I),,4.776733738342524,386.4855267692936,7.7383086561148895
Campo Mourão,PR,1999,VI - RENDA DE FATORES,CUSTO TOTAL  (H+I = J),346.1,6.919999999999999,1.0,3000.0,,Custo Total (J),,4.776733738342524,1653.2275468403477,33.05499746933026
Campo Mourão,PR,2002,I - DESPESAS DE CUSTEIO DA LAVOURA,1 - Operação com avião,0.0,0.0,0.0,3000.0,,,,3.8512680400952717,0.0,0.0
Campo Mourão,PR,2002,I - DESPESAS DE CUSTEIO DA LAVOURA,2 - Operação com máquinas,101.68,2.03,0.1650890552191067,3000.0,,,Máquinas/Depreciação,3.8512680400952717,391.59693431688726,7.8180741213934
Campo Mourão,PR,2002,I - DESPESAS DE CUSTEIO DA LAVOURA,3 - Aluguel de máquinas,0.0,0.0,0.0,3000.0,,,Máquinas/Depreciação,3.8512680400952717,0.0,0.0
Campo Mourão,PR,2002,I - DESPESAS DE CUSTEIO DA LAVOURA,4 - Mão-de-obra temporária,1.0,0.02,0.0016236138396843,3000.0,,,Mão de obra,3.8512680400952717,3.8512680400952717,0.07702536080190543
Campo Mourão,PR,2002,I - DESPESAS DE CUSTEIO DA LAVOURA,5 - Mão-de-obra fixa,10.8,0.22,0.0175350294685911,3000.0,,,Mão de obra,3.8512680400952717,41.593694833028934,0.8472789688209598
Campo Mourão,PR,2002,I - DESPESAS DE CUSTEIO DA LAVOURA,6 - Sementes,63.04,1.26,0.1023526164537026,3000.0,,,Sementes,3.8512680400952717,242.78393724760593,4.852597730520042
Campo Mourão,PR,2002,I - DESPESAS DE CUSTEIO DA LAVOURA,7 - Fertilizantes,76.67,1.53,0.1244824730886006,3000.0,,,Fertilizantes,3.8512680400952717,295.2767206341045,5.892440101345766
Campo Mourão,PR,2002,I - DESPESAS DE CUSTEIO DA LAVOURA,8 - Defensivos,25.37,0.51,0.0411910831127924,3000.0,,,Defensivos/Agrotóxicos,3.8512680400952717,97.70667017721705,1.9641467004485886
Campo Mourão,PR,2002,I - DESPESAS DE CUSTEIO DA LAVOURA,TOTAL DAS DESPESAS DE CUSTEIO DA LAVOURA (A),278.56,5.57,0.4522738711824779,3000.0,,Total Despesas de Custeio (A),,3.8512680400952717,1072.809225248939,21.451562983330664
Campo Mourão,PR,2002,II - DESPESAS PÓS-COLHEITA,1 - Transporte externo,22.29,0.45,0.0361903524865645,3000.0,,,Transporte,3.8512680400952717,85.8447646137236,1.7330706180428723
Campo Mourão,PR,2002,II - DESPESAS PÓS-COLHEITA,2 - PROAGRO,10.86,0.22,0.0176324462989722,3000.0,,,,3.8512680400952717,41.82477091543465,0.8472789688209598
Campo Mourão,PR,2002,II - DESPESAS PÓS-COLHEITA,3 - Assistência Técnica,5.57,0.11,0.0090435290870419,3000.0,,,,3.8512680400952717,21.451562983330664,0.4236394844104799
Campo Mourão,PR,2002,II - DESPESAS PÓS-COLHEITA,Total das Despesas Pós-Colheita (B),38.72,0.78,0.0628663278725787,3000.0,,Total Outras Despesas (B),,3.8512680400952717,149.1210985124889,3.003989071274312
Campo Mourão,PR,2002,III - DESPESAS FINANCEIRAS,1 - Juros,11.199999999999996,0.22,0.0181844750044649,3000.0,,,Juros/Financiamento,3.8512680400952717,43.13420204906703,0.8472789688209598
Campo Mourão,PR,2002,III - DESPESAS FINANCEIRAS,Total das Despesas Financeiras  (C),11.199999999999996,0.22,0.0181844750044649,3000.0,,Total Despesas Financeiras (C),,3.8512680400952717,43.13420204906703,0.8472789688209598
Campo Mourão,PR,2002,III - DESPESAS FINANCEIRAS,CUSTO VARIÁVEL  (A+B+C = D),328.48,6.57,0.5333246740595218,3000.0,,Custo Variável (D),,3.8512680400952717,1265.0645258104948,25.302831023425934
Campo Mourão,PR,2002,IV - DEPRECIAÇÕES,1 - Depreciação de benfeitorias/instalações,5.67,0.11,0.0092058904710103,3000.0,,,Máquinas/Depreciação,3.8512680400952717,21.83668978734019,0.4236394844104799
Campo Mourão,PR,2002,IV - DEPRECIAÇÕES,2 - Depreciação de implementos,18.5,0.37,0.0300368560341608,3000.0,,,Máquinas/Depreciação,3.8512680400952717,71.24845874176252,1.4249691748352504
Campo Mourão,PR,2002,IV - DEPRECIAÇÕES,3 - Depreciação de máquinas,63.33,1.27,0.1028234644672111,3000.0,,,Máquinas/Depreciação,3.8512680400952717,243.90080497923356,4.891110410920995
Campo Mourão,PR,2002,IV - DEPRECIAÇÕES,Total de Depreciações (E),87.5,1.75,0.1420662109723823,3000.0,,Total Depreciações (E),Máquinas/Depreciação,3.8512680400952717,336.98595350833625,6.739719070166726
Campo Mourão,PR,2002,V - OUTROS CUSTOS FIXOS,1 - Manutenção periódica de máquinas,26.090000000000003,0.52,0.0423600850773652,3000.0,,,Máquinas/Depreciação,3.8512680400952717,100.47958316608565,2.002659380849541
Campo Mourão,PR,2002,V - OUTROS CUSTOS FIXOS,2 - Encargos sociais,6.37,0.13,0.0103424201587894,3000.0,,,,3.8512680400952717,24.53257741540688,0.5006648452123853
Campo Mourão,PR,2002,V - OUTROS CUSTOS FIXOS,3 - Seguro do capital fixo,4.709999999999999,0.09,0.0076472211849133,3000.0,,,Seguro,3.8512680400952717,18.139472468848727,0.34661412360857446
Campo Mourão,PR,2002,V - OUTROS CUSTOS FIXOS,Total de Outros Custos Fixos (F),37.17,0.74,0.060349726421068,3000.0,,Total Outros Custos Fixos (F),,3.8512680400952717,143.15163305034125,2.849938349670501
Campo Mourão,PR,2002,V - OUTROS CUSTOS FIXOS,Custo Fixo  (E+F = G),124.67,2.49,0.2024159373934503,3000.0,,Custo Fixo (G),,3.8512680400952717,480.1375865586775,9.589657419837227
Campo Mourão,PR,2002,V - OUTROS CUSTOS FIXOS,CUSTO OPERACIONAL  (D+G = H),453.15,9.06,0.7357406114529721,3000.0,,Custo Operacional (H),,3.8512680400952717,1745.2021123691723,34.89248844326316
Campo Mourão,PR,2002,VI - RENDA DE FATORES,1 - Remuneração esperada sobre capital fixo,90.76,1.82,0.1473591920897534,3000.0,,,,3.8512680400952717,349.5410873190469,7.009307832973395
Campo Mourão,PR,2002,VI - RENDA DE FATORES,2 - Terra,72.0,1.44,0.1169001964572746,3000.0,,,Terra,3.8512680400952717,277.2912988868596,5.545825977737191
Campo Mourão,PR,2002,VI - RENDA DE FATORES,Total de Renda de Fatores (I),162.76,3.26,0.264259388547028,3000.0,,Total Renda de Fatores (I),,3.8512680400952717,626.8323862059063,12.555133810710585
Campo Mourão,PR,2002,VI - RENDA DE FATORES,CUSTO TOTAL  (H+I = J),615.91,12.32,1.0,3000.0,,Custo Total (J),,3.8512680400952717,2372.0344985750785,47.44762225397375
Campo Mourão,PR,2003,I - DESPESAS DE CUSTEIO DA LAVOURA,1 - Operação com avião,0.0,0.0,0.0,3000.0,,,,3.3572647163716347,0.0,0.0
Campo Mourão,PR,2003,I - DESPESAS DE CUSTEIO DA LAVOURA,2 - Operação com máquinas,140.67000000000002,2.81,0.2122167576863893,3000.0,,,Máquinas/Depreciação,3.3572647163716347,472.2664276519979,9.433913853004293
Campo Mourão,PR,2003,I - DESPESAS DE CUSTEIO DA LAVOURA,3 - Aluguel de máquinas,0.0,0.0,0.0,3000.0,,,Máquinas/Depreciação,3.3572647163716347,0.0,0.0
Campo Mourão,PR,2003,I - DESPESAS DE CUSTEIO DA LAVOURA,4 - Mão-de-obra temporária,0.8600000000000001,0.02,0.0012974082008267,3000.0,,,Mão de obra,3.3572647163716347,2.887247656079606,0.0671452943274327
Campo Mourão,PR,2003,I - DESPESAS DE CUSTEIO DA LAVOURA,5 - Mão-de-obra fixa,12.0,0.24,0.0181033702440937,3000.0,,,Mão de obra,3.3572647163716347,40.28717659645962,0.8057435319291923
Campo Mourão,PR,2003,I - DESPESAS DE CUSTEIO DA LAVOURA,6 - Sementes,58.72,1.17,0.0885858250610988,3000.0,,,Sementes,3.3572647163716347,197.13858414534238,3.9279997181548123
Campo Mourão,PR,2003,I - DESPESAS DE CUSTEIO DA LAVOURA,7 - Fertilizantes,77.45,1.55,0.1168421687837552,3000.0,,,Fertilizantes,3.3572647163716347,260.02015228298313,5.203760310376034
Campo Mourão,PR,2003,I - DESPESAS DE CUSTEIO DA LAVOURA,8 - Defensivos,24.9,0.5,0.0375644932564945,3000.0,,,Defensivos/Agrotóxicos,3.3572647163716347,83.5958914376537,1.6786323581858174
Campo Mourão,PR,2003,I - DESPESAS DE CUSTEIO DA LAVOURA,TOTAL DAS DESPESAS DE CUSTEIO DA LAVOURA (A),314.6,6.29,0.4746100232326585,3000.0,,Total Despesas de Custeio (A),,3.3572647163716347,1056.1954797705164,21.117195065977583
Campo Mourão,PR,2003,II - DESPESAS PÓS-COLHEITA,1 - Transporte externo,23.58,0.47,0.0355731225296442,3000.0,,,Transporte,3.3572647163716347,79.16430201204314,1.5779144166946681
Campo Mourão,PR,2003,II - DESPESAS PÓS-COLHEITA,2 - PROAGRO,12.27,0.25,0.0185106960745858,3000.0,,,,3.3572647163716347,41.19363806987996,0.8393161790929087
Campo Mourão,PR,2003,II - DESPESAS PÓS-COLHEITA,3 - Assistência Técnica,6.29,0.13,0.0094891832362791,3000.0,,,,3.3572647163716347,21.117195065977583,0.4364444131283125
Campo Mourão,PR,2003,II - DESPESAS PÓS-COLHEITA,Total das Despesas Pós-Colheita (B),42.13999999999999,0.85,0.0635730018405092,3000.0,,Total Outras Despesas (B),,3.3572647163716347,141.47513514790066,2.8536750089158893
Campo Mourão,PR,2003,III - DESPESAS FINANCEIRAS,1 - Juros,11.239999999999998,0.22,0.0169568234619678,3000.0,,,Juros/Financiamento,3.3572647163716347,37.73565541201717,0.7385982376017597
Campo Mourão,PR,2003,III - DESPESAS FINANCEIRAS,Total das Despesas Financeiras  (C),11.239999999999998,0.22,0.0169568234619678,3000.0,,Total Despesas Financeiras (C),,3.3572647163716347,37.73565541201717,0.7385982376017597
Campo Mourão,PR,2003,III - DESPESAS FINANCEIRAS,CUSTO VARIÁVEL  (A+B+C = D),367.98,7.359999999999999,0.5551398485351356,3000.0,,Custo Variável (D),,3.3572647163716347,1235.4062703304342,24.70946831249523
Campo Mourão,PR,2003,IV - DEPRECIAÇÕES,1 - Depreciação de benfeitorias/instalações,5.57,0.11,0.0084029810216335,3000.0,,,Máquinas/Depreciação,3.3572647163716347,18.699964470190007,0.36929911880087984
Campo Mourão,PR,2003,IV - DEPRECIAÇÕES,2 - Depreciação de implementos,16.01,0.32,0.0241529131339951,3000.0,,,Máquinas/Depreciação,3.3572647163716347,53.74980810910988,1.0743247092389232
Campo Mourão,PR,2003,IV - DEPRECIAÇÕES,3 - Depreciação de máquinas,65.5,1.31,0.0988142292490118,3000.0,,,Máquinas/Depreciação,3.3572647163716347,219.90083892234207,4.398016778446841
Campo Mourão,PR,2003,IV - DEPRECIAÇÕES,Total de Depreciações (E),87.08,1.74,0.1313701234046405,3000.0,,Total Depreciações (E),Máquinas/Depreciação,3.3572647163716347,292.35061150164194,5.841640606486644
Campo Mourão,PR,2003,V - OUTROS CUSTOS FIXOS,1 - Manutenção periódica de máquinas,33.54,0.67,0.0505989198322421,3000.0,,,Máquinas/Depreciação,3.3572647163716347,112.60265858710463,2.2493673599689954
Campo Mourão,PR,2003,V - OUTROS CUSTOS FIXOS,2 - Encargos sociais,7.08,0.14,0.0106809884440153,3000.0,,,,3.3572647163716347,23.769434191911174,0.4700170602920289
Campo Mourão,PR,2003,V - OUTROS CUSTOS FIXOS,3 - Seguro do capital fixo,4.700000000000001,0.09,0.0070904866789367,3000.0,,,Seguro,3.3572647163716347,15.779144166946686,0.30215382447344713
Campo Mourão,PR,2003,V - OUTROS CUSTOS FIXOS,Total de Outros Custos Fixos (F),45.32,0.9,0.0683703949551941,3000.0,,Total Outros Custos Fixos (F),,3.3572647163716347,152.1512369459625,3.0215382447344714
Campo Mourão,PR,2003,V - OUTROS CUSTOS FIXOS,Custo Fixo  (E+F = G),132.4,2.64,0.1997405183598346,3000.0,,Custo Fixo (G),,3.3572647163716347,444.50184844760446,8.863178851221116
Campo Mourão,PR,2003,V - OUTROS CUSTOS FIXOS,CUSTO OPERACIONAL  (D+G = H),500.38,10.0,0.7548803668949703,3000.0,,Custo Operacional (H),,3.3572647163716347,1679.9081187780387,33.57264716371635
Campo Mourão,PR,2003,VI - RENDA DE FATORES,1 - Remuneração esperada sobre capital fixo,90.48,1.81,0.136499411640467,3000.0,,,,3.3572647163716347,303.76531153730554,6.076649136632659
Campo Mourão,PR,2003,VI - RENDA DE FATORES,2 - Terra,72.0,1.44,0.1086202214645626,3000.0,,,Terra,3.3572647163716347,241.7230595787577,4.834461191575154
Campo Mourão,PR,2003,VI - RENDA DE FATORES,Total de Renda de Fatores (I),162.48000000000002,3.25,0.2451196331050297,3000.0,,Total Renda de Fatores (I),,3.3572647163716347,545.4883711160633,10.911110328207812
Campo Mourão,PR,2003,VI - RENDA DE FATORES,CUSTO TOTAL  (H+I = J),662.86,13.25,1.0,3000.0,,Custo Total (J),,3.3572647163716347,2225.3964898941017,44.48375749192416
Campo Mourão,PR,2004,I - DESPESAS DE CUSTEIO DA LAVOURA,1 - Operação com avião,0.0,0.0,0.0,3000.0,,,,3.149463152695829,0.0,0.0
Campo Mourão,PR,2004,I - DESPESAS DE CUSTEIO DA LAVOURA,2 - Operação com máquinas,140.66,2.81,0.1640177707296027,3000.0,,,Máquinas/Depreciação,3.149463152695829,443.00348705819533,8.84999145907528
Campo Mourão,PR,2004,I - DESPESAS DE CUSTEIO DA LAVOURA,3 - Aluguel de máquinas,0.0,0.0,0.0,3000.0,,,Máquinas/Depreciação,3.149463152695829,0.0,0.0
Campo Mourão,PR,2004,I - DESPESAS DE CUSTEIO DA LAVOURA,4 - Mão-de-obra temporária,1.24,0.02,0.0014459123823738,3000.0,,,Mão de obra,3.149463152695829,3.905334309342828,0.06298926305391658
Campo Mourão,PR,2004,I - DESPESAS DE CUSTEIO DA LAVOURA,5 - Mão-de-obra fixa,14.4,0.29,0.0167912405695029,3000.0,,,Mão de obra,3.149463152695829,45.35226939881994,0.9133443142817904
Campo Mourão,PR,2004,I - DESPESAS DE CUSTEIO DA LAVOURA,6 - Sementes,88.32,1.77,0.1029862754929511,3000.0,,,Sementes,3.149463152695829,278.1605856460956,5.574549780271618
Campo Mourão,PR,2004,I - DESPESAS DE CUSTEIO DA LAVOURA,7 - Fertilizantes,125.31,2.51,0.1461187747058617,3000.0,,,Fertilizantes,3.149463152695829,394.65922766431436,7.905152513266531
Campo Mourão,PR,2004,I - DESPESAS DE CUSTEIO DA LAVOURA,8 - Defensivos,35.08,0.7,0.0409053277207056,3000.0,,,Defensivos/Agrotóxicos,3.149463152695829,110.48316739656968,2.2046242068870803
Campo Mourão,PR,2004,I - DESPESAS DE CUSTEIO DA LAVOURA,TOTAL DAS DESPESAS DE CUSTEIO DA LAVOURA (A),405.01,8.1,0.4722653016009981,3000.0,,Total Despesas de Custeio (A),,3.149463152695829,1275.5640714733377,25.510651536836214
Campo Mourão,PR,2004,II - DESPESAS PÓS-COLHEITA,1 - Transporte externo,35.55,0.71,0.0414533751559603,3000.0,,,Transporte,3.149463152695829,111.96341507833672,2.2361188384140385
Campo Mourão,PR,2004,II - DESPESAS PÓS-COLHEITA,2 - PROAGRO,15.8,0.32,0.0184237222915379,3000.0,,,,3.149463152695829,49.76151781259411,1.0078282088626653
Campo Mourão,PR,2004,II - DESPESAS PÓS-COLHEITA,3 - Assistência Técnica,8.1,0.16,0.0094450728203453,3000.0,,,,3.149463152695829,25.510651536836214,0.5039141044313327
Campo Mourão,PR,2004,II - DESPESAS PÓS-COLHEITA,Total das Despesas Pós-Colheita (B),59.45,1.19,0.0693221702678436,3000.0,,Total Outras Despesas (B),,3.149463152695829,187.23558442776707,3.7478611517080367
Campo Mourão,PR,2004,III - DESPESAS FINANCEIRAS,1 - Juros,16.78,0.34,0.0195664594969624,3000.0,,,Juros/Financiamento,3.149463152695829,52.847991702236015,1.070817471916582
Campo Mourão,PR,2004,III - DESPESAS FINANCEIRAS,Total das Despesas Financeiras  (C),16.78,0.34,0.0195664594969624,3000.0,,Total Despesas Financeiras (C),,3.149463152695829,52.847991702236015,1.070817471916582
Campo Mourão,PR,2004,III - DESPESAS FINANCEIRAS,CUSTO VARIÁVEL  (A+B+C = D),481.24,9.63,0.5611539313658042,3000.0,,Custo Variável (D),,3.149463152695829,1515.6476476033408,30.329330160460838
Campo Mourão,PR,2004,IV - DEPRECIAÇÕES,1 - Depreciação de benfeitorias/instalações,6.48,0.13,0.0075560582562763,3000.0,,,Máquinas/Depreciação,3.149463152695829,20.408521229468974,0.4094302098504578
Campo Mourão,PR,2004,IV - DEPRECIAÇÕES,2 - Depreciação de implementos,25.19,0.5,0.0293730104129012,3000.0,,,Máquinas/Depreciação,3.149463152695829,79.33497681640794,1.5747315763479146
Campo Mourão,PR,2004,IV - DEPRECIAÇÕES,3 - Depreciação de máquinas,94.58,1.89,0.1102858009071934,3000.0,,,Máquinas/Depreciação,3.149463152695829,297.8762249819715,5.9524853585951165
Campo Mourão,PR,2004,IV - DEPRECIAÇÕES,Total de Depreciações (E),126.25,2.52,0.1472148695763709,3000.0,,Total Depreciações (E),Máquinas/Depreciação,3.149463152695829,397.61972302784847,7.93664714479349
Campo Mourão,PR,2004,V - OUTROS CUSTOS FIXOS,1 - Manutenção periódica de máquinas,33.54,0.67,0.0391095978264671,3000.0,,,Máquinas/Depreciação,3.149463152695829,105.63299414141811,2.1101403123062057
Campo Mourão,PR,2004,V - OUTROS CUSTOS FIXOS,2 - Encargos sociais,8.5,0.17,0.0099114961694982,3000.0,,,,3.149463152695829,26.77043679791455,0.535408735958291
Campo Mourão,PR,2004,V - OUTROS CUSTOS FIXOS,3 - Seguro do capital fixo,6.720000000000001,0.13,0.007835912265768,3000.0,,,Seguro,3.149463152695829,21.164392386115974,0.4094302098504578
Campo Mourão,PR,2004,V - OUTROS CUSTOS FIXOS,Total de Outros Custos Fixos (F),48.76,0.97,0.0568570062617334,3000.0,,Total Outros Custos Fixos (F),,3.149463152695829,153.56782332544861,3.054979258114954
Campo Mourão,PR,2004,V - OUTROS CUSTOS FIXOS,Custo Fixo  (E+F = G),175.01,3.49,0.2040718758381044,3000.0,,Custo Fixo (G),,3.149463152695829,551.1875463532971,10.991626402908445
Campo Mourão,PR,2004,V - OUTROS CUSTOS FIXOS,CUSTO OPERACIONAL  (D+G = H),656.25,13.12,0.7652258072039086,3000.0,,Custo Operacional (H),,3.149463152695829,2066.835193956638,41.32095656336928
Campo Mourão,PR,2004,VI - RENDA DE FATORES,1 - Remuneração esperada sobre capital fixo,129.34,2.59,0.1508179899485768,3000.0,,,,3.149463152695829,407.35156416967857,8.157109565482196
Campo Mourão,PR,2004,VI - RENDA DE FATORES,2 - Terra,72.0,1.44,0.0839562028475145,3000.0,,,Terra,3.149463152695829,226.7613469940997,4.535226939881994
Campo Mourão,PR,2004,VI - RENDA DE FATORES,Total de Renda de Fatores (I),201.34,4.03,0.2347741927960913,3000.0,,Total Renda de Fatores (I),,3.149463152695829,634.1129111637782,12.692336505364192
Campo Mourão,PR,2004,VI - RENDA DE FATORES,CUSTO TOTAL  (H+I = J),857.59,17.15,1.0,3000.0,,Custo Total (J),,3.149463152695829,2700.948105120416,54.01329306873347
Campo Mourão,PR,2005,I - DESPESAS DE CUSTEIO DA LAVOURA,1 - Operação com avião,0.0,0.0,0.0,3000.0,,,,2.946998977609979,0.0,0.0
Campo Mourão,PR,2005,I - DESPESAS DE CUSTEIO DA LAVOURA,2 - Operação com máquinas,140.66,2.81,0.157561636777077,3000.0,,,Máquinas/Depreciação,2.946998977609979,414.52487619061964,8.281067127084041
Campo Mourão,PR,2005,I - DESPESAS DE CUSTEIO DA LAVOURA,3 - Aluguel de máquinas,0.0,0.0,0.0,3000.0,,,Máquinas/Depreciação,2.946998977609979,0.0,0.0
Campo Mourão,PR,2005,I - DESPESAS DE CUSTEIO DA LAVOURA,4 - Mão-de-obra temporária,1.5,0.03,0.0016802392660714,3000.0,,,Mão de obra,2.946998977609979,4.420498466414968,0.08840996932829936
Campo Mourão,PR,2005,I - DESPESAS DE CUSTEIO DA LAVOURA,5 - Mão-de-obra fixa,18.0,0.36,0.0201628711928578,3000.0,,,Mão de obra,2.946998977609979,53.04598159697962,1.0609196319395924
Campo Mourão,PR,2005,I - DESPESAS DE CUSTEIO DA LAVOURA,6 - Sementes,106.08,2.12,0.1188265208965756,3000.0,,,Sementes,2.946998977609979,312.6176515448666,6.247637832533155
Campo Mourão,PR,2005,I - DESPESAS DE CUSTEIO DA LAVOURA,7 - Fertilizantes,127.68,2.55,0.1430219663280051,3000.0,,,Fertilizantes,2.946998977609979,376.2728294612421,7.514847392905446
Campo Mourão,PR,2005,I - DESPESAS DE CUSTEIO DA LAVOURA,8 - Defensivos,27.93,0.56,0.0312860551342511,3000.0,,,Defensivos/Agrotóxicos,2.946998977609979,82.30968144464671,1.6503194274615884
Campo Mourão,PR,2005,I - DESPESAS DE CUSTEIO DA LAVOURA,TOTAL DAS DESPESAS DE CUSTEIO DA LAVOURA (A),421.85,8.43,0.4725392895948382,3000.0,,Total Despesas de Custeio (A),,2.946998977609979,1243.1915187047698,24.843201381252122
Campo Mourão,PR,2005,II - DESPESAS PÓS-COLHEITA,1 - Transporte externo,40.53,0.81,0.0454000649692516,3000.0,,,Transporte,2.946998977609979,119.44186856253245,2.3870691718640833
Campo Mourão,PR,2005,II - DESPESAS PÓS-COLHEITA,2 - PROAGRO,16.45,0.33,0.0184266239512506,3000.0,,,,2.946998977609979,48.47813318168415,0.9725096626112931
Campo Mourão,PR,2005,II - DESPESAS PÓS-COLHEITA,3 - Assistência Técnica,8.44,0.17,0.0094541462704289,3000.0,,,,2.946998977609979,24.872671371028222,0.5009898261936965
Campo Mourão,PR,2005,II - DESPESAS PÓS-COLHEITA,Total das Despesas Pós-Colheita (B),65.42,1.31,0.0732808351909311,3000.0,,Total Outras Despesas (B),,2.946998977609979,192.79267311524484,3.8605686606690726
Campo Mourão,PR,2005,III - DESPESAS FINANCEIRAS,1 - Juros,17.879999999999995,0.36,0.0200284520515721,3000.0,,,Juros/Financiamento,2.946998977609979,52.69234171966641,1.0609196319395924
Campo Mourão,PR,2005,III - DESPESAS FINANCEIRAS,Total das Despesas Financeiras  (C),17.879999999999995,0.36,0.0200284520515721,3000.0,,Total Despesas Financeiras (C),,2.946998977609979,52.69234171966641,1.0609196319395924
Campo Mourão,PR,2005,III - DESPESAS FINANCEIRAS,CUSTO VARIÁVEL  (A+B+C = D),505.15,10.1,0.5658485768373416,3000.0,,Custo Variável (D),,2.946998977609979,1488.6765335396808,29.764689673860786
Campo Mourão,PR,2005,IV - DEPRECIAÇÕES,1 - Depreciação de benfeitorias/instalações,7.3,0.15,0.0081771644282145,3000.0,,,Máquinas/Depreciação,2.946998977609979,21.513092536552847,0.4420498466414968
Campo Mourão,PR,2005,IV - DEPRECIAÇÕES,2 - Depreciação de implementos,27.81,0.56,0.0311516359929653,3000.0,,,Máquinas/Depreciação,2.946998977609979,81.95604156733351,1.6503194274615884
Campo Mourão,PR,2005,IV - DEPRECIAÇÕES,3 - Depreciação de máquinas,94.93,1.9,0.1063367423521109,3000.0,,,Máquinas/Depreciação,2.946998977609979,279.75861294451533,5.5992980574589595
Campo Mourão,PR,2005,IV - DEPRECIAÇÕES,Total de Depreciações (E),130.04000000000002,2.61,0.1456655427732909,3000.0,,Total Depreciações (E),Máquinas/Depreciação,2.946998977609979,383.22774704840174,7.691667331562045
Campo Mourão,PR,2005,V - OUTROS CUSTOS FIXOS,1 - Manutenção periódica de máquinas,33.54,0.67,0.0375701499893584,3000.0,,,Máquinas/Depreciação,2.946998977609979,98.8423457090387,1.974489314998686
Campo Mourão,PR,2005,V - OUTROS CUSTOS FIXOS,2 - Encargos sociais,10.62,0.21,0.0118960940037861,3000.0,,,,2.946998977609979,31.297129142217976,0.6188697852980956
Campo Mourão,PR,2005,V - OUTROS CUSTOS FIXOS,3 - Seguro do capital fixo,6.970000000000001,0.14,0.0078075117896788,3000.0,,,Seguro,2.946998977609979,20.540582873941556,0.4125798568653971
Campo Mourão,PR,2005,V - OUTROS CUSTOS FIXOS,Total de Outros Custos Fixos (F),51.13,1.02,0.0572737557828234,3000.0,,Total Outros Custos Fixos (F),,2.946998977609979,150.68005772519822,3.0059389571621784
Campo Mourão,PR,2005,V - OUTROS CUSTOS FIXOS,Custo Fixo  (E+F = G),181.17,3.63,0.2029392985561143,3000.0,,Custo Fixo (G),,2.946998977609979,533.9078047735999,10.697606288724224
Campo Mourão,PR,2005,V - OUTROS CUSTOS FIXOS,CUSTO OPERACIONAL  (D+G = H),686.32,13.73,0.7687878753934559,3000.0,,Custo Operacional (H),,2.946998977609979,2022.584338313281,40.46229596258501
Campo Mourão,PR,2005,VI - RENDA DE FATORES,1 - Remuneração esperada sobre capital fixo,134.41,2.69,0.1505606398351125,3000.0,,,,2.946998977609979,396.10613258055724,7.927427249770843
Campo Mourão,PR,2005,VI - RENDA DE FATORES,2 - Terra,72.0,1.44,0.0806514847714314,3000.0,,,Terra,2.946998977609979,212.1839263879185,4.2436785277583695
Campo Mourão,PR,2005,VI - RENDA DE FATORES,Total de Renda de Fatores (I),206.41,4.13,0.2312121246065439,3000.0,,Total Renda de Fatores (I),,2.946998977609979,608.2900589684757,12.171105777529213
Campo Mourão,PR,2005,VI - RENDA DE FATORES,CUSTO TOTAL  (H+I = J),892.73,17.86,1.0,3000.0,,Custo Total (J),,2.946998977609979,2630.8743972817565,52.63340174011422
Campo Mourão,PR,2006,I - DESPESAS DE CUSTEIO DA LAVOURA,1 - Operação com avião,0.0,0.0,0.0,3000.0,,,,2.828656084234691,0.0,0.0
Campo Mourão,PR,2006,I - DESPESAS DE CUSTEIO DA LAVOURA,2 - Operação com máquinas,140.66,2.81,0.1617878791364258,3000.0,,,Máquinas/Depreciação,2.828656084234691,397.8787648084516,7.948523596699482
Campo Mourão,PR,2006,I - DESPESAS DE CUSTEIO DA LAVOURA,3 - Aluguel de máquinas,0.0,0.0,0.0,3000.0,,,Máquinas/Depreciação,2.828656084234691,0.0,0.0
Campo Mourão,PR,2006,I - DESPESAS DE CUSTEIO DA LAVOURA,4 - Mão-de-obra temporária,1.5,0.03,0.0017253079674721,3000.0,,,Mão de obra,2.828656084234691,4.242984126352036,0.08485968252704072
Campo Mourão,PR,2006,I - DESPESAS DE CUSTEIO DA LAVOURA,5 - Mão-de-obra fixa,21.0,0.42,0.0241543115446107,3000.0,,,Mão de obra,2.828656084234691,59.40177776892851,1.1880355553785702
Campo Mourão,PR,2006,I - DESPESAS DE CUSTEIO DA LAVOURA,6 - Sementes,84.32,1.69,0.0969853118781702,3000.0,,,Sementes,2.828656084234691,238.5122810226691,4.780428782356627
Campo Mourão,PR,2006,I - DESPESAS DE CUSTEIO DA LAVOURA,7 - Fertilizantes,114.75,2.3,0.1319860595116228,3000.0,,,Fertilizantes,2.828656084234691,324.58828566593075,6.505908993739788
Campo Mourão,PR,2006,I - DESPESAS DE CUSTEIO DA LAVOURA,8 - Defensivos,23.94,0.48,0.0275359151608562,3000.0,,,Defensivos/Agrotóxicos,2.828656084234691,67.7180266565785,1.3577549204326516
Campo Mourão,PR,2006,I - DESPESAS DE CUSTEIO DA LAVOURA,TOTAL DAS DESPESAS DE CUSTEIO DA LAVOURA (A),386.17,7.729999999999999,0.444174785199158,3000.0,,Total Despesas de Custeio (A),,2.828656084234691,1092.3421200489106,21.865511531134157
Campo Mourão,PR,2006,II - DESPESAS PÓS-COLHEITA,1 - Transporte externo,50.49,1.01,0.058073866185114,3000.0,,,Transporte,2.828656084234691,142.81884569300954,2.8569426450770377
Campo Mourão,PR,2006,II - DESPESAS PÓS-COLHEITA,2 - PROAGRO,15.06,0.3,0.0173220919934208,3000.0,,,,2.828656084234691,42.599560628574444,0.8485968252704073
Campo Mourão,PR,2006,II - DESPESAS PÓS-COLHEITA,3 - Assistência Técnica,7.72,0.15,0.0088795850059235,3000.0,,,,2.828656084234691,21.837224970291814,0.4242984126352036
Campo Mourão,PR,2006,II - DESPESAS PÓS-COLHEITA,Total das Despesas Pós-Colheita (B),73.27,1.46,0.0842755431844584,3000.0,,Total Outras Despesas (B),,2.828656084234691,207.25563129187577,4.129837882982648
Campo Mourão,PR,2006,III - DESPESAS FINANCEIRAS,1 - Juros,15.629999999999994,0.31,0.0179777090210602,3000.0,,,Juros/Financiamento,2.828656084234691,44.2118945965882,0.8768833861127542
Campo Mourão,PR,2006,III - DESPESAS FINANCEIRAS,Total das Despesas Financeiras  (C),15.629999999999994,0.31,0.0179777090210602,3000.0,,Total Despesas Financeiras (C),,2.828656084234691,44.2118945965882,0.8768833861127542
Campo Mourão,PR,2006,III - DESPESAS FINANCEIRAS,CUSTO VARIÁVEL  (A+B+C = D),475.07,9.499999999999998,0.5464280374046766,3000.0,,Custo Variável (D),,2.828656084234691,1343.8096459373746,26.872232800229558
Campo Mourão,PR,2006,IV - DEPRECIAÇÕES,1 - Depreciação de benfeitorias/instalações,8.79,0.18,0.010110304689387,3000.0,,,Máquinas/Depreciação,2.828656084234691,24.86388698042293,0.5091580951622443
Campo Mourão,PR,2006,IV - DEPRECIAÇÕES,2 - Depreciação de implementos,28.88,0.58,0.0332179294003979,3000.0,,,Máquinas/Depreciação,2.828656084234691,81.69158771269787,1.6406205288561206
Campo Mourão,PR,2006,IV - DEPRECIAÇÕES,3 - Depreciação de máquinas,94.13,1.88,0.1082688259854383,3000.0,,,Máquinas/Depreciação,2.828656084234691,266.2613972090114,5.317873438361218
Campo Mourão,PR,2006,IV - DEPRECIAÇÕES,Total de Depreciações (E),131.8,2.64,0.1515970600752234,3000.0,,Total Depreciações (E),Máquinas/Depreciação,2.828656084234691,372.8168719021323,7.467652062379584
Campo Mourão,PR,2006,V - OUTROS CUSTOS FIXOS,1 - Manutenção periódica de máquinas,33.54,0.67,0.0385778861526782,3000.0,,,Máquinas/Depreciação,2.828656084234691,94.87312506523153,1.895199576437243
Campo Mourão,PR,2006,V - OUTROS CUSTOS FIXOS,2 - Encargos sociais,12.39,0.25,0.0142510438113203,3000.0,,,,2.828656084234691,35.04704888366782,0.7071640210586727
Campo Mourão,PR,2006,V - OUTROS CUSTOS FIXOS,3 - Seguro do capital fixo,7.130000000000001,0.14,0.0082009638720511,3000.0,,,Seguro,2.828656084234691,20.16831788059335,0.39601185179285675
Campo Mourão,PR,2006,V - OUTROS CUSTOS FIXOS,Total de Outros Custos Fixos (F),53.06,1.06,0.0610298938360497,3000.0,,Total Outros Custos Fixos (F),,2.828656084234691,150.0884918294927,2.9983754492887726
Campo Mourão,PR,2006,V - OUTROS CUSTOS FIXOS,Custo Fixo  (E+F = G),184.86,3.7,0.2126269539112731,3000.0,,Custo Fixo (G),,2.828656084234691,522.905363731625,10.466027511668356
Campo Mourão,PR,2006,V - OUTROS CUSTOS FIXOS,CUSTO OPERACIONAL  (D+G = H),659.9300000000001,13.199999999999998,0.7590549913159497,3000.0,,Custo Operacional (H),,2.828656084234691,1866.7150096689998,37.33826031189791
Campo Mourão,PR,2006,VI - RENDA DE FATORES,1 - Remuneração esperada sobre capital fixo,137.48,2.75,0.1581302262453847,3000.0,,,,2.828656084234691,388.88363846058525,7.7788042316454
Campo Mourão,PR,2006,VI - RENDA DE FATORES,2 - Terra,72.0,1.44,0.0828147824386652,3000.0,,,Terra,2.828656084234691,203.66323806489774,4.0732647612979545
Campo Mourão,PR,2006,VI - RENDA DE FATORES,Total de Renda de Fatores (I),209.48,4.19,0.24094500868405,3000.0,,Total Renda de Fatores (I),,2.828656084234691,592.546876525483,11.852068992943355
Campo Mourão,PR,2006,VI - RENDA DE FATORES,CUSTO TOTAL  (H+I = J),869.4100000000001,17.389999999999997,0.9999999999999998,3000.0,,Custo Total (J),,2.828656084234691,2459.261886194483,49.19032930484126
Campo Mourão,PR,2007,I - DESPESAS DE CUSTEIO DA LAVOURA,1 - Operação com avião,0.0,0.0,0.0,3000.0,,,,2.7292735278986973,0.0,0.0
Campo Mourão,PR,2007,I - DESPESAS DE CUSTEIO DA LAVOURA,2 - Operação com máquinas,140.66,2.81,0.1548590239015314,3000.0,,,Máquinas/Depreciação,2.7292735278986973,383.8996144342307,7.669258613395339
Campo Mourão,PR,2007,I - DESPESAS DE CUSTEIO DA LAVOURA,3 - Aluguel de máquinas,0.0,0.0,0.0,3000.0,,,Máquinas/Depreciação,2.7292735278986973,0.0,0.0
Campo Mourão,PR,2007,I - DESPESAS DE CUSTEIO DA LAVOURA,4 - Mão-de-obra temporária,1.59,0.03,0.0017505036826634,3000.0,,,Mão de obra,2.7292735278986973,4.339544909358929,0.08187820583696091
Campo Mourão,PR,2007,I - DESPESAS DE CUSTEIO DA LAVOURA,5 - Mão-de-obra fixa,22.8,0.46,0.0251015622419658,3000.0,,,Mão de obra,2.7292735278986973,62.2274364360903,1.2554658228334008
Campo Mourão,PR,2007,I - DESPESAS DE CUSTEIO DA LAVOURA,6 - Sementes,93.76,1.88,0.1032246699915227,3000.0,,,Sementes,2.7292735278986973,255.89668597578188,5.131034232449551
Campo Mourão,PR,2007,I - DESPESAS DE CUSTEIO DA LAVOURA,7 - Fertilizantes,134.34,2.69,0.1479010469993724,3000.0,,,Fertilizantes,2.7292735278986973,366.650605737911,7.341745790047495
Campo Mourão,PR,2007,I - DESPESAS DE CUSTEIO DA LAVOURA,8 - Defensivos,24.41,0.49,0.0268740848388765,3000.0,,,Defensivos/Agrotóxicos,2.7292735278986973,66.6215668160072,1.3373440286703617
Campo Mourão,PR,2007,I - DESPESAS DE CUSTEIO DA LAVOURA,TOTAL DAS DESPESAS DE CUSTEIO DA LAVOURA (A),417.56,8.36,0.4597108916559325,3000.0,,Total Despesas de Custeio (A),,2.7292735278986973,1139.63545430938,22.816726693233107
Campo Mourão,PR,2007,II - DESPESAS PÓS-COLHEITA,1 - Transporte externo,47.49,0.95,0.0522839118803051,3000.0,,,Transporte,2.7292735278986973,129.61319983990913,2.592809851503762
Campo Mourão,PR,2007,II - DESPESAS PÓS-COLHEITA,2 - PROAGRO,16.28,0.33,0.0179233961973335,3000.0,,,,2.7292735278986973,44.432573034190796,0.9006602642065702
Campo Mourão,PR,2007,II - DESPESAS PÓS-COLHEITA,3 - Assistência Técnica,8.35,0.17,0.0091928966982638,3000.0,,,,2.7292735278986973,22.78943395795412,0.46397649974277855
Campo Mourão,PR,2007,II - DESPESAS PÓS-COLHEITA,Total das Despesas Pós-Colheita (B),72.12,1.45,0.0794002047759025,3000.0,,Total Outras Despesas (B),,2.7292735278986973,196.83520683205407,3.9574466154531107
Campo Mourão,PR,2007,III - DESPESAS FINANCEIRAS,1 - Juros,17.27,0.35,0.0190133324525767,3000.0,,,Juros/Financiamento,2.7292735278986973,47.1345538268105,0.955245734764544
Campo Mourão,PR,2007,III - DESPESAS FINANCEIRAS,Total das Despesas Financeiras  (C),17.27,0.35,0.0190133324525767,3000.0,,Total Despesas Financeiras (C),,2.7292735278986973,47.1345538268105,0.955245734764544
Campo Mourão,PR,2007,III - DESPESAS FINANCEIRAS,CUSTO VARIÁVEL  (A+B+C = D),506.95,10.16,0.5581244288844118,3000.0,,Custo Variável (D),,2.7292735278986973,1383.6052149682446,27.729419043450765
Campo Mourão,PR,2007,IV - DEPRECIAÇÕES,1 - Depreciação de benfeitorias/instalações,9.07,0.18,0.0099855776111679,3000.0,,,Máquinas/Depreciação,2.7292735278986973,24.754510898041186,0.4912692350217655
Campo Mourão,PR,2007,IV - DEPRECIAÇÕES,2 - Depreciação de implementos,28.63,0.57,0.031520075745065,3000.0,,,Máquinas/Depreciação,2.7292735278986973,78.1391011037397,1.5556859109022574
Campo Mourão,PR,2007,IV - DEPRECIAÇÕES,3 - Depreciação de máquinas,97.06,1.94,0.1068577908423335,3000.0,,,Máquinas/Depreciação,2.7292735278986973,264.9032886178476,5.294790644123473
Campo Mourão,PR,2007,IV - DEPRECIAÇÕES,Total de Depreciações (E),134.76,2.69,0.1483634441985666,3000.0,,Total Depreciações (E),Máquinas/Depreciação,2.7292735278986973,367.79690061962845,7.341745790047495
Campo Mourão,PR,2007,V - OUTROS CUSTOS FIXOS,1 - Manutenção periódica de máquinas,33.54,0.67,0.0369257191927866,3000.0,,,Máquinas/Depreciação,2.7292735278986973,91.53983412572231,1.8286132636921273
Campo Mourão,PR,2007,V - OUTROS CUSTOS FIXOS,2 - Encargos sociais,13.45,0.27,0.0148077198313351,3000.0,,,,2.7292735278986973,36.70872895023748,0.7369038525326483
Campo Mourão,PR,2007,V - OUTROS CUSTOS FIXOS,3 - Seguro do capital fixo,7.28,0.15,0.0080148847860312,3000.0,,,Seguro,2.7292735278986973,19.869111283102516,0.4093910291848046
Campo Mourão,PR,2007,V - OUTROS CUSTOS FIXOS,Total de Outros Custos Fixos (F),54.27,1.09,0.0597483238101529,3000.0,,Total Outros Custos Fixos (F),,2.7292735278986973,148.1176743590623,2.97490814540958
Campo Mourão,PR,2007,V - OUTROS CUSTOS FIXOS,Custo Fixo  (E+F = G),189.03,3.78,0.2081117680087195,3000.0,,Custo Fixo (G),,2.7292735278986973,515.9145749786908,10.316653935457076
Campo Mourão,PR,2007,V - OUTROS CUSTOS FIXOS,CUSTO OPERACIONAL  (D+G = H),695.98,13.94,0.7662361968931313,3000.0,,Custo Operacional (H),,2.7292735278986973,1899.5197899469354,38.04607297890784
Campo Mourão,PR,2007,VI - RENDA DE FATORES,1 - Remuneração esperada sobre capital fixo,140.33,2.81,0.1544957118164503,3000.0,,,,2.7292735278986973,382.9989541700242,7.669258613395339
Campo Mourão,PR,2007,VI - RENDA DE FATORES,2 - Terra,72.0,1.44,0.0792680912904184,3000.0,,,Terra,2.7292735278986973,196.5076940087062,3.930153880174124
Campo Mourão,PR,2007,VI - RENDA DE FATORES,Total de Renda de Fatores (I),212.33,4.25,0.2337638031068688,3000.0,,Total Renda de Fatores (I),,2.7292735278986973,579.5066481787304,11.599412493569464
Campo Mourão,PR,2007,VI - RENDA DE FATORES,CUSTO TOTAL  (H+I = J),908.31,18.19,1.0,3000.0,,Custo Total (J),,2.7292735278986973,2479.0264381256657,49.645485472477304
Campo Mourão,PR,2008,I - DESPESAS DE CUSTEIO DA LAVOURA,1 - Operação com avião,0.0,0.0,0.0,3000.0,,,,2.5826244103119955,0.0,0.0
Campo Mourão,PR,2008,I - DESPESAS DE CUSTEIO DA LAVOURA,2 - Operação com máquinas,140.66,2.81,0.1229190880253073,3000.0,,,Máquinas/Depreciação,2.5826244103119955,363.2719495544853,7.257174592976708
Campo Mourão,PR,2008,I - DESPESAS DE CUSTEIO DA LAVOURA,3 - Aluguel de máquinas,0.0,0.0,0.0,3000.0,,,Máquinas/Depreciação,2.5826244103119955,0.0,0.0
Campo Mourão,PR,2008,I - DESPESAS DE CUSTEIO DA LAVOURA,4 - Mão-de-obra temporária,2.63,0.05,0.0022982880812353,3000.0,,,Mão de obra,2.5826244103119955,6.792302199120548,0.12913122051559978
Campo Mourão,PR,2008,I - DESPESAS DE CUSTEIO DA LAVOURA,5 - Mão-de-obra fixa,24.92,0.5,0.0217769349750509,3000.0,,,Mão de obra,2.5826244103119955,64.35900030497493,1.2913122051559978
Campo Mourão,PR,2008,I - DESPESAS DE CUSTEIO DA LAVOURA,6 - Sementes,167.68,3.35,0.1465311579701659,3000.0,,,Sementes,2.5826244103119955,433.0544611211154,8.651791774545185
Campo Mourão,PR,2008,I - DESPESAS DE CUSTEIO DA LAVOURA,7 - Fertilizantes,251.85,5.04,0.2200851153076472,3000.0,,,Fertilizantes,2.5826244103119955,650.4339577370761,13.016427027972458
Campo Mourão,PR,2008,I - DESPESAS DE CUSTEIO DA LAVOURA,8 - Defensivos,27.49,0.55,0.0240227906285774,3000.0,,,Defensivos/Agrotóxicos,2.5826244103119955,70.99634503947675,1.4204434256715976
Campo Mourão,PR,2008,I - DESPESAS DE CUSTEIO DA LAVOURA,TOTAL DAS DESPESAS DE CUSTEIO DA LAVOURA (A),615.23,12.3,0.5376333749879842,3000.0,,Total Despesas de Custeio (A),,2.5826244103119955,1588.908015956249,31.766280246837546
Campo Mourão,PR,2008,II - DESPESAS PÓS-COLHEITA,1 - Transporte externo,47.85,0.96,0.0418148610977602,3000.0,,,Transporte,2.5826244103119955,123.57857803342898,2.4793194338995157
Campo Mourão,PR,2008,II - DESPESAS PÓS-COLHEITA,2 - PROAGRO,23.99,0.48,0.0209642323455646,3000.0,,,,2.5826244103119955,61.95715960338477,1.2396597169497579
Campo Mourão,PR,2008,II - DESPESAS PÓS-COLHEITA,3 - Assistência Técnica,12.3,0.25,0.010748647680302,3000.0,,,,2.5826244103119955,31.766280246837546,0.6456561025779989
Campo Mourão,PR,2008,II - DESPESAS PÓS-COLHEITA,Total das Despesas Pós-Colheita (B),84.14,1.69,0.0735277411236269,3000.0,,Total Outras Despesas (B),,2.5826244103119955,217.3020178836513,4.364635253427272
Campo Mourão,PR,2008,III - DESPESAS FINANCEIRAS,1 - Juros,28.01,0.56,0.0244772050020536,3000.0,,,Juros/Financiamento,2.5826244103119955,72.339309732839,1.4462696697747177
Campo Mourão,PR,2008,III - DESPESAS FINANCEIRAS,Total das Despesas Financeiras  (C),28.01,0.56,0.0244772050020536,3000.0,,Total Despesas Financeiras (C),,2.5826244103119955,72.339309732839,1.4462696697747177
Campo Mourão,PR,2008,III - DESPESAS FINANCEIRAS,CUSTO VARIÁVEL  (A+B+C = D),727.38,14.55,0.6356383211136648,3000.0,,Custo Variável (D),,2.5826244103119955,1878.5493435727392,37.577185170039535
Campo Mourão,PR,2008,IV - DEPRECIAÇÕES,1 - Depreciação de benfeitorias/instalações,10.15,0.2,0.008869819020737,3000.0,,,Máquinas/Depreciação,2.5826244103119955,26.213637764666757,0.5165248820623991
Campo Mourão,PR,2008,IV - DEPRECIAÇÕES,2 - Depreciação de implementos,34.91,0.7,0.0305069341885644,3000.0,,,Máquinas/Depreciação,2.5826244103119955,90.15941816399176,1.8078370872183966
Campo Mourão,PR,2008,IV - DEPRECIAÇÕES,3 - Depreciação de máquinas,95.92,1.92,0.0838219744304527,3000.0,,,Máquinas/Depreciação,2.5826244103119955,247.7253334371266,4.958638867799031
Campo Mourão,PR,2008,IV - DEPRECIAÇÕES,Total de Depreciações (E),140.98,2.82,0.1231987276397542,3000.0,,Total Depreciações (E),Máquinas/Depreciação,2.5826244103119955,364.0983893657851,7.283000837079827
Campo Mourão,PR,2008,V - OUTROS CUSTOS FIXOS,1 - Manutenção periódica de máquinas,33.54,0.67,0.0293097270892137,3000.0,,,Máquinas/Depreciação,2.5826244103119955,86.62122272186433,1.730358354909037
Campo Mourão,PR,2008,V - OUTROS CUSTOS FIXOS,2 - Encargos sociais,14.7,0.29,0.0128459447886536,3000.0,,,,2.5826244103119955,37.96457883158633,0.7489610789904787
Campo Mourão,PR,2008,V - OUTROS CUSTOS FIXOS,3 - Seguro do capital fixo,7.7,0.15,0.006728828222628,3000.0,,,Seguro,2.5826244103119955,19.886207959402366,0.38739366154679933
Campo Mourão,PR,2008,V - OUTROS CUSTOS FIXOS,Total de Outros Custos Fixos (F),55.94,1.11,0.0488845001004954,3000.0,,Total Outros Custos Fixos (F),,2.5826244103119955,144.47200951285302,2.866713095446315
Campo Mourão,PR,2008,V - OUTROS CUSTOS FIXOS,Custo Fixo  (E+F = G),196.92,3.93,0.1720832277402497,3000.0,,Custo Fixo (G),,2.5826244103119955,508.5703988786381,10.149713932526144
Campo Mourão,PR,2008,V - OUTROS CUSTOS FIXOS,CUSTO OPERACIONAL  (D+G = H),924.3,18.48,0.8077215488539146,3000.0,,Custo Operacional (H),,2.5826244103119955,2387.1197424513775,47.72689910256568
Campo Mourão,PR,2008,VI - RENDA DE FATORES,1 - Remuneração esperada sobre capital fixo,148.03,2.96,0.1293595378955371,3000.0,,,,2.5826244103119955,382.3058914584847,7.644568254523507
Campo Mourão,PR,2008,VI - RENDA DE FATORES,2 - Terra,72.0,1.44,0.0629189132505483,3000.0,,,Terra,2.5826244103119955,185.9489575424637,3.7189791508492736
Campo Mourão,PR,2008,VI - RENDA DE FATORES,Total de Renda de Fatores (I),220.03,4.4,0.1922784511460855,3000.0,,Total Renda de Fatores (I),,2.5826244103119955,568.2548490009484,11.363547405372781
Campo Mourão,PR,2008,VI - RENDA DE FATORES,CUSTO TOTAL  (H+I = J),1144.33,22.88,1.0,3000.0,,Custo Total (J),,2.5826244103119955,2955.3745914523256,59.09044650793845
Campo Mourão,PR,2009,I - DESPESAS DE CUSTEIO DA LAVOURA,1 - Operação com avião,0.0,0.0,0.0,3000.0,,,,2.462266291630245,0.0,0.0
Campo Mourão,PR,2009,I - DESPESAS DE CUSTEIO DA LAVOURA,2 - Operação com máquinas,160.94,3.22,0.1704764527678325,3000.0,,,Máquinas/Depreciação,2.462266291630245,396.2771369749716,7.928497459049389
Campo Mourão,PR,2009,I - DESPESAS DE CUSTEIO DA LAVOURA,3 - Aluguel de máquinas,0.0,0.0,0.0,3000.0,,,Máquinas/Depreciação,2.462266291630245,0.0,0.0
Campo Mourão,PR,2009,I - DESPESAS DE CUSTEIO DA LAVOURA,4 - Mão-de-obra temporária,2.25,0.05,0.0023833230938711,3000.0,,,Mão de obra,2.462266291630245,5.540099156168051,0.12311331458151226
Campo Mourão,PR,2009,I - DESPESAS DE CUSTEIO DA LAVOURA,5 - Mão-de-obra fixa,27.92,0.56,0.02957439145817,3000.0,,,Mão de obra,2.462266291630245,68.74647486231645,1.3788691233129373
Campo Mourão,PR,2009,I - DESPESAS DE CUSTEIO DA LAVOURA,6 - Sementes,191.84,3.84,0.2032074232569964,3000.0,,,Sementes,2.462266291630245,472.3611653863462,9.45510255986014
Campo Mourão,PR,2009,I - DESPESAS DE CUSTEIO DA LAVOURA,7 - Fertilizantes,20.3,0.41,0.0215028705802597,3000.0,,,Fertilizantes,2.462266291630245,49.984005720093975,1.0095291795684003
Campo Mourão,PR,2009,I - DESPESAS DE CUSTEIO DA LAVOURA,8 - Defensivos,25.02,0.5,0.0265025528038472,3000.0,,,Defensivos/Agrotóxicos,2.462266291630245,61.60590261658873,1.2311331458151225
Campo Mourão,PR,2009,I - DESPESAS DE CUSTEIO DA LAVOURA,TOTAL DAS DESPESAS DE CUSTEIO DA LAVOURA (A),428.27,8.58,0.453647013960977,3000.0,,Total Despesas de Custeio (A),,2.462266291630245,1054.5147847164849,21.126244782187502
Campo Mourão,PR,2009,II - DESPESAS PÓS-COLHEITA,1 - Transporte externo,36.0,0.72,0.0381331695019384,3000.0,,,Transporte,2.462266291630245,88.64158649868881,1.7728317299737764
Campo Mourão,PR,2009,II - DESPESAS PÓS-COLHEITA,2 - PROAGRO,16.7,0.33,0.0176895536300658,3000.0,,,,2.462266291630245,41.11984707022509,0.8125478762379809
Campo Mourão,PR,2009,II - DESPESAS PÓS-COLHEITA,3 - Assistência Técnica,8.57,0.17,0.0090778128508781,3000.0,,,,2.462266291630245,21.101622119271198,0.41858526957714165
Campo Mourão,PR,2009,II - DESPESAS PÓS-COLHEITA,Total das Despesas Pós-Colheita (B),61.27,1.22,0.0649005359828824,3000.0,,Total Outras Despesas (B),,2.462266291630245,150.8630556881851,3.0039648757888986
Campo Mourão,PR,2009,III - DESPESAS FINANCEIRAS,1 - Juros,13.75,0.28,0.0145647522403237,3000.0,,,Juros/Financiamento,2.462266291630245,33.856161509915864,0.6894345616564687
Campo Mourão,PR,2009,III - DESPESAS FINANCEIRAS,Total das Despesas Financeiras  (C),13.75,0.28,0.0145647522403237,3000.0,,Total Despesas Financeiras (C),,2.462266291630245,33.856161509915864,0.6894345616564687
Campo Mourão,PR,2009,III - DESPESAS FINANCEIRAS,CUSTO VARIÁVEL  (A+B+C = D),503.29,10.08,0.5331123021841833,3000.0,,Custo Variável (D),,2.462266291630245,1239.234001914586,24.81964421963287
Campo Mourão,PR,2009,IV - DEPRECIAÇÕES,1 - Depreciação de benfeitorias/instalações,10.58,0.21,0.0112069148147363,3000.0,,,Máquinas/Depreciação,2.462266291630245,26.050777365447992,0.5170759212423515
Campo Mourão,PR,2009,IV - DEPRECIAÇÕES,2 - Depreciação de implementos,35.46,0.71,0.0375611719594093,3000.0,,,Máquinas/Depreciação,2.462266291630245,87.31196270120849,1.7482090670574737
Campo Mourão,PR,2009,IV - DEPRECIAÇÕES,3 - Depreciação de máquinas,102.26,2.05,0.1083193864796729,3000.0,,,Máquinas/Depreciação,2.462266291630245,251.79135098210887,5.047645897842002
Campo Mourão,PR,2009,IV - DEPRECIAÇÕES,Total de Depreciações (E),148.3,2.97,0.1570874732538186,3000.0,,Total Depreciações (E),Máquinas/Depreciação,2.462266291630245,365.15409104876534,7.312930886141828
Campo Mourão,PR,2009,V - OUTROS CUSTOS FIXOS,1 - Manutenção periódica de máquinas,40.91,0.82,0.0433341101201194,3000.0,,,Máquinas/Depreciação,2.462266291630245,100.7313139905933,2.0190583591368005
Campo Mourão,PR,2009,V - OUTROS CUSTOS FIXOS,2 - Encargos sociais,16.47,0.33,0.0174459250471368,3000.0,,,,2.462266291630245,40.55352582315013,0.8125478762379809
Campo Mourão,PR,2009,V - OUTROS CUSTOS FIXOS,3 - Seguro do capital fixo,8.05,0.16,0.0085270004025167,3000.0,,,Seguro,2.462266291630245,19.821243647623472,0.3939626066608392
Campo Mourão,PR,2009,V - OUTROS CUSTOS FIXOS,Total de Outros Custos Fixos (F),65.43,1.31,0.0693070355697731,3000.0,,Total Outros Custos Fixos (F),,2.462266291630245,161.10608346136695,3.2255688420356208
Campo Mourão,PR,2009,V - OUTROS CUSTOS FIXOS,Custo Fixo  (E+F = G),213.73,4.28,0.2263945088235917,3000.0,,Custo Fixo (G),,2.462266291630245,526.2601745101322,10.538499728177449
Campo Mourão,PR,2009,V - OUTROS CUSTOS FIXOS,CUSTO OPERACIONAL  (D+G = H),717.02,14.36,0.759506811007775,3000.0,,Custo Operacional (H),,2.462266291630245,1765.4941764247183,35.35814394781031
Campo Mourão,PR,2009,VI - RENDA DE FATORES,1 - Remuneração esperada sobre capital fixo,155.04,3.1,0.1642268499883482,3000.0,,,,2.462266291630245,381.74976585435314,7.63302550405376
Campo Mourão,PR,2009,VI - RENDA DE FATORES,2 - Terra,72.0,1.44,0.0762663390038768,3000.0,,,Terra,2.462266291630245,177.28317299737762,3.5456634599475527
Campo Mourão,PR,2009,VI - RENDA DE FATORES,Total de Renda de Fatores (I),227.04,4.54,0.2404931889922251,3000.0,,Total Renda de Fatores (I),,2.462266291630245,559.0329388517308,11.178688964001312
Campo Mourão,PR,2009,VI - RENDA DE FATORES,CUSTO TOTAL  (H+I = J),944.06,18.9,1.0,3000.0,,Custo Total (J),,2.462266291630245,2324.527115276449,46.53683291181162
Campo Mourão,PR,2010,I - DESPESAS DE CUSTEIO DA LAVOURA,1 - Operação com avião,0.0,0.0,0.0,3000.0,,,,2.344143679868102,0.0,0.0
Campo Mourão,PR,2010,I - DESPESAS DE CUSTEIO DA LAVOURA,2 - Operação com máquinas,160.25,3.21,0.1634703662144241,3000.0,,,Máquinas/Depreciação,2.344143679868102,375.64902469886334,7.524701212376608
Campo Mourão,PR,2010,I - DESPESAS DE CUSTEIO DA LAVOURA,3 - Aluguel de máquinas,0.0,0.0,0.0,3000.0,,,Máquinas/Depreciação,2.344143679868102,0.0,0.0
Campo Mourão,PR,2010,I - DESPESAS DE CUSTEIO DA LAVOURA,4 - Mão-de-obra temporária,2.63,0.05,0.0026828521881056,3000.0,,,Mão de obra,2.344143679868102,6.165097878053109,0.11720718399340511
Campo Mourão,PR,2010,I - DESPESAS DE CUSTEIO DA LAVOURA,5 - Mão-de-obra fixa,30.6,0.61,0.0312149342038151,3000.0,,,Mão de obra,2.344143679868102,71.73079660396392,1.4299276447195424
Campo Mourão,PR,2010,I - DESPESAS DE CUSTEIO DA LAVOURA,6 - Sementes,173.28,3.47,0.1767622156482709,3000.0,,,Sementes,2.344143679868102,406.19321684754476,8.134178569142314
Campo Mourão,PR,2010,I - DESPESAS DE CUSTEIO DA LAVOURA,7 - Fertilizantes,18.44,0.37,0.0188105681934101,3000.0,,,Fertilizantes,2.344143679868102,43.226009456767805,0.8673331615511978
Campo Mourão,PR,2010,I - DESPESAS DE CUSTEIO DA LAVOURA,8 - Defensivos,17.4,0.35,0.017749668468836,3000.0,,,Defensivos/Agrotóxicos,2.344143679868102,40.78810002970497,0.8204502879538357
Campo Mourão,PR,2010,I - DESPESAS DE CUSTEIO DA LAVOURA,TOTAL DAS DESPESAS DE CUSTEIO DA LAVOURA (A),402.6,8.06,0.4106906049168622,3000.0,,Total Despesas de Custeio (A),,2.344143679868102,943.7522455148979,18.893798059736906
Campo Mourão,PR,2010,II - DESPESAS PÓS-COLHEITA,1 - Transporte externo,54.0,1.08,0.0550851780067326,3000.0,,,Transporte,2.344143679868102,126.58375871287751,2.5316751742575505
Campo Mourão,PR,2010,II - DESPESAS PÓS-COLHEITA,2 - PROAGRO,15.7,0.31,0.016015505457513,3000.0,,,,2.344143679868102,36.8030557739292,0.7266845407591117
Campo Mourão,PR,2010,II - DESPESAS PÓS-COLHEITA,3 - Assistência Técnica,8.05,0.16,0.0082117719065592,3000.0,,,,2.344143679868102,18.870356622938225,0.3750629887788963
Campo Mourão,PR,2010,II - DESPESAS PÓS-COLHEITA,Total das Despesas Pós-Colheita (B),77.75,1.55,0.0793124553708048,3000.0,,Total Outras Despesas (B),,2.344143679868102,182.25717110974495,3.633422703795558
Campo Mourão,PR,2010,III - DESPESAS FINANCEIRAS,1 - Juros,12.52,0.25,0.0127716005304498,3000.0,,,Juros/Financiamento,2.344143679868102,29.34867887194864,0.5860359199670255
Campo Mourão,PR,2010,III - DESPESAS FINANCEIRAS,Total das Despesas Financeiras  (C),12.52,0.25,0.0127716005304498,3000.0,,Total Despesas Financeiras (C),,2.344143679868102,29.34867887194864,0.5860359199670255
Campo Mourão,PR,2010,III - DESPESAS FINANCEIRAS,CUSTO VARIÁVEL  (A+B+C = D),492.87,9.86,0.502774660818117,3000.0,,Custo Variável (D),,2.344143679868102,1155.3580954965914,23.113256683499486
Campo Mourão,PR,2010,IV - DEPRECIAÇÕES,1 - Depreciação de benfeitorias/instalações,10.58,0.21,0.0107926145057635,3000.0,,,Máquinas/Depreciação,2.344143679868102,24.80104013300452,0.49227017277230145
Campo Mourão,PR,2010,IV - DEPRECIAÇÕES,2 - Depreciação de implementos,39.01,0.78,0.0397939406304192,3000.0,,,Máquinas/Depreciação,2.344143679868102,91.44504495165467,1.8284320702971197
Campo Mourão,PR,2010,IV - DEPRECIAÇÕES,3 - Depreciação de máquinas,117.81,2.36,0.1201774966846883,3000.0,,,Máquinas/Depreciação,2.344143679868102,276.16356692526114,5.532179084488721
Campo Mourão,PR,2010,IV - DEPRECIAÇÕES,Total de Depreciações (E),167.4,3.35,0.1707640518208711,3000.0,,Total Depreciações (E),Máquinas/Depreciação,2.344143679868102,392.4096520099203,7.852881327558142
Campo Mourão,PR,2010,V - OUTROS CUSTOS FIXOS,1 - Manutenção periódica de máquinas,47.13,0.94,0.0480771192492094,3000.0,,,Máquinas/Depreciação,2.344143679868102,110.47949163218365,2.203495059076016
Campo Mourão,PR,2010,V - OUTROS CUSTOS FIXOS,2 - Encargos sociais,18.05,0.36,0.0184127307966948,3000.0,,,,2.344143679868102,42.31179342161924,0.8438917247525167
Campo Mourão,PR,2010,V - OUTROS CUSTOS FIXOS,3 - Seguro do capital fixo,9.03,0.18,0.0092114658777925,3000.0,,,Seguro,2.344143679868102,21.16761742920896,0.42194586237625836
Campo Mourão,PR,2010,V - OUTROS CUSTOS FIXOS,Total de Outros Custos Fixos (F),74.21,1.48,0.0757013159236968,3000.0,,Total Outros Custos Fixos (F),,2.344143679868102,173.95890248301185,3.469332646204791
Campo Mourão,PR,2010,V - OUTROS CUSTOS FIXOS,Custo Fixo  (E+F = G),241.61,4.83,0.246465367744568,3000.0,,Custo Fixo (G),,2.344143679868102,566.3685544929322,11.322213973762933
Campo Mourão,PR,2010,V - OUTROS CUSTOS FIXOS,CUSTO OPERACIONAL  (D+G = H),734.48,14.69,0.749240028562685,3000.0,,Custo Operacional (H),,2.344143679868102,1721.7266499895236,34.43547065726242
Campo Mourão,PR,2010,VI - RENDA DE FATORES,1 - Remuneração esperada sobre capital fixo,173.82,3.48,0.1773130674283382,3000.0,,,,2.344143679868102,407.4590544346735,8.157620005940995
Campo Mourão,PR,2010,VI - RENDA DE FATORES,2 - Terra,72.0,1.44,0.0734469040089768,3000.0,,,Terra,2.344143679868102,168.77834495050337,3.375566899010067
Campo Mourão,PR,2010,VI - RENDA DE FATORES,Total de Renda de Fatores (I),245.82,4.92,0.2507599714373151,3000.0,,Total Renda de Fatores (I),,2.344143679868102,576.2373993851769,11.533186904951062
Campo Mourão,PR,2010,VI - RENDA DE FATORES,CUSTO TOTAL  (H+I = J),980.3,19.61,1.0,3000.0,,Custo Total (J),,2.344143679868102,2297.9640493747006,45.96865756221348
Campo Mourão,PR,2011,I - DESPESAS DE CUSTEIO DA LAVOURA,1 - Operação com animal,0.0,0.0,0.0,3000.0,0.0,,,2.198259208362353,0.0,0.0
Campo Mourão,PR,2011,I - DESPESAS DE CUSTEIO DA LAVOURA,2 - Operação com Avião,0.0,0.0,0.0,3000.0,0.0,,,2.198259208362353,0.0,0.0
Campo Mourão,PR,2011,3 - Operação com máquinas:,3.1 - Tratores e Colheitadeiras,156.39,3.13,25.41,3000.0,13.71,,,2.198259208362353,343.7857575957883,6.880551322174164
Campo Mourão,PR,2011,3 - Operação com máquinas:,3.2 - Conjunto de Irrigação,0.0,0.0,0.0,3000.0,0.0,,,2.198259208362353,0.0,0.0
Campo Mourão,PR,2011,3 - Operação com máquinas:,4 - Aluguel de Máquinas,0.0,0.0,0.0,3000.0,0.0,,Máquinas/Depreciação,2.198259208362353,0.0,0.0
Campo Mourão,PR,2011,3 - Operação com máquinas:,5 - Aluguel de Animais,0.0,0.0,0.0,3000.0,0.0,,,2.198259208362353,0.0,0.0
Campo Mourão,PR,2011,3 - Operação com máquinas:,6 - Mão-de-obra,2.4,0.05,0.39,3000.0,0.21,,Mão de obra,2.198259208362353,5.275822100069647,0.10991296041811766
Campo Mourão,PR,2011,3 - Operação com máquinas:,7 - Administrador,38.16,0.76,6.2,3000.0,3.35,,Administração,2.198259208362353,83.88557139110738,1.6706769983553882
Campo Mourão,PR,2011,3 - Operação com máquinas:,8 - Sementes,78.08,1.56,12.68,3000.0,6.84,,Sementes,2.198259208362353,171.64007898893252,3.4292843650452705
Campo Mourão,PR,2011,3 - Operação com máquinas:,8.1 - Royalties,0.0,0.0,0.0,3000.0,0.0,,,2.198259208362353,0.0,0.0
Campo Mourão,PR,2011,3 - Operação com máquinas:,9 - Fertilizantes,175.56,3.51,28.52,3000.0,15.39,,Fertilizantes,2.198259208362353,385.92638662009466,7.715889821351858
Campo Mourão,PR,2011,3 - Operação com máquinas:,10 - Agrotóxicos,16.02,0.32,2.6,3000.0,1.4,,Defensivos/Agrotóxicos,2.198259208362353,35.216112517964895,0.703442946675953
Campo Mourão,PR,2011,3 - Operação com máquinas:,11 - Água,0.0,0.0,0.0,3000.0,0.0,,,2.198259208362353,0.0,0.0
Campo Mourão,PR,2011,3 - Operação com máquinas:,12 - Receita,0.0,0.0,0.0,3000.0,0.0,,,2.198259208362353,0.0,0.0
Campo Mourão,PR,2011,13 - Outros:,13.1 - Análise Foliar,0.0,0.0,0.0,3000.0,0.0,,,2.198259208362353,0.0,0.0
Campo Mourão,PR,2011,13 - Outros:,13.2 - Embalagens/Utensílios,0.0,0.0,0.0,3000.0,0.0,,,2.198259208362353,0.0,0.0
Campo Mourão,PR,2011,13 - Outros:,13.3 - Vernalização(Alho),0.0,0.0,0.0,3000.0,0.0,,,2.198259208362353,0.0,0.0
Campo Mourão,PR,2011,13 - Outros:,13.4 - Análise de Solo,0.0,0.0,0.0,3000.0,0.0,,,2.198259208362353,0.0,0.0
Campo Mourão,PR,2011,13 - Outros:,13.5 - Mudas,0.0,0.0,0.0,3000.0,0.0,,,2.198259208362353,0.0,0.0
Campo Mourão,PR,2011,13 - Outros:,13.6 - Taxas Ambientais,0.0,0.0,0.0,3000.0,0.0,,,2.198259208362353,0.0,0.0
Campo Mourão,PR,2011,13 - Outros:,13.7 - Demais Despesas,0.0,0.0,0.0,3000.0,0.0,,,2.198259208362353,0.0,0.0
Campo Mourão,PR,2011,13 - Outros:,13.8 - Implementos Manuais,0.0,0.0,0.0,3000.0,0.0,,Máquinas/Depreciação,2.198259208362353,0.0,0.0
Campo Mourão,PR,2011,13 - Outros:,14 - Serviços Diversos,0.0,0.0,0.0,3000.0,0.0,,,2.198259208362353,0.0,0.0
Campo Mourão,PR,2011,13 - Outros:,TOTAL DAS DESPESAS DE CUSTEIO DA LAVOURA (A),466.61,9.33,75.8,3000.0,40.9,Total Despesas de Custeio (A),,2.198259208362353,1025.7297292139576,20.50975841402075
Campo Mourão,PR,2011,II - OUTRAS DESPESAS,15 - Transporte Externo,48.9,0.98,7.94,3000.0,4.29,,Transporte,2.198259208362353,107.49487528891905,2.1542940241951056
Campo Mourão,PR,2011,16 - Despesas:,16.1 - Despesas Administrativas,0.0,0.0,0.0,3000.0,0.0,,Administração,2.198259208362353,0.0,0.0
Campo Mourão,PR,2011,16 - Despesas:,16.2 - Despesas de armazenagem,79.42,1.59,12.9,3000.0,6.96,,,2.198259208362353,174.58574632813807,3.495232141296141
Campo Mourão,PR,2011,16 - Despesas:,16.3 - Beneficiamento,0.0,0.0,0.0,3000.0,0.0,,,2.198259208362353,0.0,0.0
Campo Mourão,PR,2011,16 - Despesas:,17 - Seguro da Produção,0.0,0.0,0.0,3000.0,0.0,,Seguro,2.198259208362353,0.0,0.0
Campo Mourão,PR,2011,16 - Despesas:,18 - Seguro do crédito,0.0,0.0,0.0,3000.0,0.0,,Seguro,2.198259208362353,0.0,0.0
Campo Mourão,PR,2011,16 - Despesas:,19 - Assistência Técnica,0.0,0.0,0.0,3000.0,0.0,,,2.198259208362353,0.0,0.0
Campo Mourão,PR,2011,16 - Despesas:,20 - Classificação,0.0,0.0,0.0,3000.0,0.0,,,2.198259208362353,0.0,0.0
Campo Mourão,PR,2011,16 - Despesas:,21 - Outros Impostos/Taxas,0.0,0.0,0.0,3000.0,0.0,,,2.198259208362353,0.0,0.0
Campo Mourão,PR,2011,16 - Despesas:,22 - CDO,0.0,0.0,0.0,3000.0,0.0,,,2.198259208362353,0.0,0.0
Campo Mourão,PR,2011,16 - Despesas:,23 - CESSR,0.0,0.0,0.0,3000.0,0.0,,,2.198259208362353,0.0,0.0
Campo Mourão,PR,2011,16 - Despesas:,24 - FUNDECITRUS,0.0,0.0,0.0,3000.0,0.0,,,2.198259208362353,0.0,0.0
Campo Mourão,PR,2011,16 - Despesas:,TOTAL DAS OUTRAS DESPESAS (B),128.32,2.57,20.84,3000.0,11.25,Total Outras Despesas (B),,2.198259208362353,282.0806216170571,5.649526165491246
Campo Mourão,PR,2011,III - DESPESAS FINANCEIRAS,25 - Juros do Financiamento,20.62,0.41,3.35,3000.0,1.81,,Juros/Financiamento,2.198259208362353,45.328104876431716,0.9012862754285647
Campo Mourão,PR,2011,III - DESPESAS FINANCEIRAS,TOTAL DAS DESPESAS FINANCEIRAS (C),20.62,0.41,3.35,3000.0,1.81,Total Despesas Financeiras (C),,2.198259208362353,45.328104876431716,0.9012862754285647
Campo Mourão,PR,2011,III - DESPESAS FINANCEIRAS,CUSTO VARIÁVEL (A+B+C=D),615.55,12.31,99.99,3000.0,53.96,Custo Variável (D),,2.198259208362353,1353.1384557074462,27.060570854940565
Campo Mourão,PR,2011,IV - DEPRECIAÇÕES,26 - Depreciação de benfeitorias/instalações,6.36,0.13,1.03,3000.0,0.56,,Máquinas/Depreciação,2.198259208362353,13.980928565184565,0.28577369708710587
Campo Mourão,PR,2011,IV - DEPRECIAÇÕES,27 - Depreciação de implementos,42.19,0.84,6.85,3000.0,3.7,,Máquinas/Depreciação,2.198259208362353,92.74455600080766,1.8465377350243763
Campo Mourão,PR,2011,IV - DEPRECIAÇÕES,28 - Depreciação de Máquinas,62.47,1.25,10.15,3000.0,5.48,,Máquinas/Depreciação,2.198259208362353,137.3252527463962,2.7478240104529412
Campo Mourão,PR,2011,IV - DEPRECIAÇÕES,TOTAL DE DEPRECIAÇÕES (E),111.02,2.22,18.03,3000.0,9.74,Total Depreciações (E),Máquinas/Depreciação,2.198259208362353,244.0507373123884,4.880135442564423
Campo Mourão,PR,2011,V - OUTROS CUSTOS FIXOS,29 - Manutenção Periódica Benfeitorias/Instalações,52.13,1.04,8.47,3000.0,4.57,,,2.198259208362353,114.59525253192946,2.286189576696847
Campo Mourão,PR,2011,V - OUTROS CUSTOS FIXOS,30 - Encargos Sociais,0.23,0.0,0.04,3000.0,0.02,,,2.198259208362353,0.5055996179233412,0.0
Campo Mourão,PR,2011,V - OUTROS CUSTOS FIXOS,31 - Seguro do capital fixo,6.55,0.13,1.06,3000.0,0.57,,Seguro,2.198259208362353,14.39859781477341,0.28577369708710587
Campo Mourão,PR,2011,V - OUTROS CUSTOS FIXOS,TOTAL DE OUTROS CUSTOS FIXOS (F),58.91,1.17,9.57,3000.0,5.16,Total Outros Custos Fixos (F),,2.198259208362353,129.4994499646262,2.5719632737839526
Campo Mourão,PR,2011,V - OUTROS CUSTOS FIXOS,CUSTO FIXO (E+F=G),169.93,3.39,27.6,3000.0,14.9,Custo Fixo (G),,2.198259208362353,373.55018727701463,7.4520987163483765
Campo Mourão,PR,2011,V - OUTROS CUSTOS FIXOS,CUSTO OPERACIONAL (D+G=H),785.48,15.7,127.59,3000.0,68.86,Custo Operacional (H),,2.198259208362353,1726.688642984461,34.51266957128894
Campo Mourão,PR,2011,VI - RENDA DE FATORES,32 - Remuneração esperada sobre o capital fixo,63.68,1.27,10.35,3000.0,5.58,,,2.198259208362353,139.98514638851464,2.791789194620188
Campo Mourão,PR,2011,VI - RENDA DE FATORES,33 - Terra Própria,291.6,5.83,47.37,3000.0,25.56,,Terra,2.198259208362353,641.0123851584622,12.815851184752518
Campo Mourão,PR,2011,VI - RENDA DE FATORES,34 - Arrendamento,0.0,0.0,0.0,3000.0,0.0,,Arrendamento,2.198259208362353,0.0,0.0
Campo Mourão,PR,2011,VI - RENDA DE FATORES,TOTAL DE RENDA DE FATORES (I),355.28,7.1,57.72,3000.0,31.14,Total Renda de Fatores (I),,2.198259208362353,780.9975315469767,15.607640379372704
Campo Mourão,PR,2011,VI - RENDA DE FATORES,CUSTO TOTAL (H+I=J),1140.76,22.8,185.31,3000.0,,Custo Total (J),,2.198259208362353,2507.6861745314377,50.12030995066165
Campo Mourão,PR,2012,I - DESPESAS DE CUSTEIO DA LAVOURA,1 - Operação com animal,0.0,0.0,0.0,3000.0,0.0,,,2.085563039932625,0.0,0.0
Campo Mourão,PR,2012,I - DESPESAS DE CUSTEIO DA LAVOURA,2 - Operação com Avião,0.0,0.0,0.0,3000.0,0.0,,,2.085563039932625,0.0,0.0
Campo Mourão,PR,2012,3 - Operação com máquinas:,3.1 - Tratores e Colheitadeiras,137.25,2.74,22.44,3000.0,14.63,,,2.085563039932625,286.24352723075276,5.714442729415392
Campo Mourão,PR,2012,3 - Operação com máquinas:,3.2 - Conjunto de Irrigação,0.0,0.0,0.0,3000.0,0.0,,,2.085563039932625,0.0,0.0
Campo Mourão,PR,2012,3 - Operação com máquinas:,4 - Aluguel de Máquinas,0.0,0.0,0.0,3000.0,0.0,,Máquinas/Depreciação,2.085563039932625,0.0,0.0
Campo Mourão,PR,2012,3 - Operação com máquinas:,5 - Aluguel de Animais,0.0,0.0,0.0,3000.0,0.0,,,2.085563039932625,0.0,0.0
Campo Mourão,PR,2012,3 - Operação com máquinas:,6 - Mão-de-obra,0.0,0.0,0.0,3000.0,0.0,,Mão de obra,2.085563039932625,0.0,0.0
Campo Mourão,PR,2012,3 - Operação com máquinas:,7 - Administrador,0.0,0.0,0.0,3000.0,0.0,,Administração,2.085563039932625,0.0,0.0
Campo Mourão,PR,2012,3 - Operação com máquinas:,8 - Sementes,88.8,1.78,14.52,3000.0,9.47,,Sementes,2.085563039932625,185.19799794601707,3.7123022110800723
Campo Mourão,PR,2012,3 - Operação com máquinas:,8.1 - Royalties,0.0,0.0,0.0,3000.0,0.0,,,2.085563039932625,0.0,0.0
Campo Mourão,PR,2012,3 - Operação com máquinas:,9 - Fertilizantes,190.21,3.81,31.1,3000.0,20.27,,Fertilizantes,2.085563039932625,396.69494582558457,7.9459951821433
Campo Mourão,PR,2012,3 - Operação com máquinas:,10 - Agrotóxicos,20.89,0.42,3.42,3000.0,2.23,,Defensivos/Agrotóxicos,2.085563039932625,43.56741190419253,0.8759364767717024
Campo Mourão,PR,2012,3 - Operação com máquinas:,11 - Água,0.0,0.0,0.0,3000.0,0.0,,,2.085563039932625,0.0,0.0
Campo Mourão,PR,2012,3 - Operação com máquinas:,12 - Receita,0.0,0.0,0.0,3000.0,0.0,,,2.085563039932625,0.0,0.0
Campo Mourão,PR,2012,13 - Outros:,13.1 - Análise Foliar,0.0,0.0,0.0,3000.0,0.0,,,2.085563039932625,0.0,0.0
Campo Mourão,PR,2012,13 - Outros:,13.2 - Embalagens/Utensílios,0.0,0.0,0.0,3000.0,0.0,,,2.085563039932625,0.0,0.0
Campo Mourão,PR,2012,13 - Outros:,13.3 - Vernalização(Alho),0.0,0.0,0.0,3000.0,0.0,,,2.085563039932625,0.0,0.0
Campo Mourão,PR,2012,13 - Outros:,13.4 - Análise de Solo,0.0,0.0,0.0,3000.0,0.0,,,2.085563039932625,0.0,0.0
Campo Mourão,PR,2012,13 - Outros:,13.5 - Mudas,0.0,0.0,0.0,3000.0,0.0,,,2.085563039932625,0.0,0.0
Campo Mourão,PR,2012,13 - Outros:,13.6 - Taxas Ambientais,0.0,0.0,0.0,3000.0,0.0,,,2.085563039932625,0.0,0.0
Campo Mourão,PR,2012,13 - Outros:,13.7 - Demais Despesas,0.0,0.0,0.0,3000.0,0.0,,,2.085563039932625,0.0,0.0
Campo Mourão,PR,2012,13 - Outros:,13.8 - Implementos Manuais,0.0,0.0,0.0,3000.0,0.0,,Máquinas/Depreciação,2.085563039932625,0.0,0.0
Campo Mourão,PR,2012,13 - Outros:,14 - Serviços Diversos,0.0,0.0,0.0,3000.0,0.0,,,2.085563039932625,0.0,0.0
Campo Mourão,PR,2012,13 - Outros:,TOTAL DAS DESPESAS DE CUSTEIO DA LAVOURA (A),437.15,8.75,71.48,3000.0,46.6,Total Despesas de Custeio (A),,2.085563039932625,911.7038829065469,18.248676599410466
Campo Mourão,PR,2012,II - OUTRAS DESPESAS,15 - Transporte Externo,48.9,0.98,8.0,3000.0,5.21,,Transporte,2.085563039932625,101.98403265270535,2.043851779133972
Campo Mourão,PR,2012,16 - Despesas:,16.1 - Despesas Administrativas,0.0,0.0,0.0,3000.0,0.0,,Administração,2.085563039932625,0.0,0.0
Campo Mourão,PR,2012,16 - Despesas:,16.2 - Despesas de armazenagem,79.71,1.59,13.03,3000.0,8.5,,,2.085563039932625,166.2402299130295,3.316045233492874
Campo Mourão,PR,2012,16 - Despesas:,16.3 - Beneficiamento,0.0,0.0,0.0,3000.0,0.0,,,2.085563039932625,0.0,0.0
Campo Mourão,PR,2012,16 - Despesas:,17 - Seguro da Produção,0.0,0.0,0.0,3000.0,0.0,,Seguro,2.085563039932625,0.0,0.0
Campo Mourão,PR,2012,16 - Despesas:,18 - Seguro do crédito,0.0,0.0,0.0,3000.0,0.0,,Seguro,2.085563039932625,0.0,0.0
Campo Mourão,PR,2012,16 - Despesas:,19 - Assistência Técnica,0.0,0.0,0.0,3000.0,0.0,,,2.085563039932625,0.0,0.0
Campo Mourão,PR,2012,16 - Despesas:,20 - Classificação,0.0,0.0,0.0,3000.0,0.0,,,2.085563039932625,0.0,0.0
Campo Mourão,PR,2012,16 - Despesas:,21 - Outros Impostos/Taxas,0.0,0.0,0.0,3000.0,0.0,,,2.085563039932625,0.0,0.0
Campo Mourão,PR,2012,16 - Despesas:,22 - CDO,0.0,0.0,0.0,3000.0,0.0,,,2.085563039932625,0.0,0.0
Campo Mourão,PR,2012,16 - Despesas:,23 - CESSR,29.89,0.6,4.89,3000.0,3.19,,,2.085563039932625,62.337479263586154,1.251337823959575
Campo Mourão,PR,2012,16 - Despesas:,24 - FUNDECITRUS,0.0,0.0,0.0,3000.0,0.0,,,2.085563039932625,0.0,0.0
Campo Mourão,PR,2012,16 - Despesas:,TOTAL DAS OUTRAS DESPESAS (B),158.5,3.17,25.92,3000.0,16.9,Total Outras Despesas (B),,2.085563039932625,330.561741829321,6.61123483658642
Campo Mourão,PR,2012,III - DESPESAS FINANCEIRAS,25 - Juros do Financiamento,15.92,0.32,2.6,3000.0,1.7,,Juros/Financiamento,2.085563039932625,33.202163595727384,0.66738017277844
Campo Mourão,PR,2012,III - DESPESAS FINANCEIRAS,TOTAL DAS DESPESAS FINANCEIRAS (C),15.92,0.32,2.6,3000.0,1.7,Total Despesas Financeiras (C),,2.085563039932625,33.202163595727384,0.66738017277844
Campo Mourão,PR,2012,III - DESPESAS FINANCEIRAS,CUSTO VARIÁVEL (A+B+C=D),611.57,12.24,100.0,3000.0,65.2,Custo Variável (D),,2.085563039932625,1275.4677883315956,25.52729160877533
Campo Mourão,PR,2012,IV - DEPRECIAÇÕES,26 - Depreciação de benfeitorias/instalações,4.38,0.09,0.72,3000.0,0.47,,Máquinas/Depreciação,2.085563039932625,9.134766114904897,0.18770067359393622
Campo Mourão,PR,2012,IV - DEPRECIAÇÕES,27 - Depreciação de implementos,51.21,1.02,8.37,3000.0,5.46,,Máquinas/Depreciação,2.085563039932625,106.80168327494972,2.1272743007312775
Campo Mourão,PR,2012,IV - DEPRECIAÇÕES,28 - Depreciação de Máquinas,66.18,1.32,10.82,3000.0,7.05,,Máquinas/Depreciação,2.085563039932625,138.02256198274114,2.752943212711065
Campo Mourão,PR,2012,IV - DEPRECIAÇÕES,TOTAL DE DEPRECIAÇÕES (E),121.77,2.43,19.91,3000.0,12.98,Total Depreciações (E),Máquinas/Depreciação,2.085563039932625,253.9590113725957,5.067918187036279
Campo Mourão,PR,2012,V - OUTROS CUSTOS FIXOS,29 - Manutenção Periódica Benfeitorias/Instalações,1.94,0.04,0.32,3000.0,0.21,,,2.085563039932625,4.045992297469292,0.083422521597305
Campo Mourão,PR,2012,V - OUTROS CUSTOS FIXOS,30 - Encargos Sociais,0.0,0.0,0.0,3000.0,0.0,,,2.085563039932625,0.0,0.0
Campo Mourão,PR,2012,V - OUTROS CUSTOS FIXOS,31 - Seguro do capital fixo,7.29,0.15,1.19,3000.0,0.78,,Seguro,2.085563039932625,15.203754561108836,0.31283445598989373
Campo Mourão,PR,2012,V - OUTROS CUSTOS FIXOS,TOTAL DE OUTROS CUSTOS FIXOS (F),9.23,0.19,1.51,3000.0,0.99,Total Outros Custos Fixos (F),,2.085563039932625,19.249746858578128,0.39625697758719874
Campo Mourão,PR,2012,V - OUTROS CUSTOS FIXOS,CUSTO FIXO (E+F=G),131.0,2.62,21.42,3000.0,13.97,Custo Fixo (G),,2.085563039932625,273.2087582311739,5.4641751646234775
Campo Mourão,PR,2012,V - OUTROS CUSTOS FIXOS,CUSTO OPERACIONAL (D+G=H),742.57,14.86,121.42,3000.0,79.17,Custo Operacional (H),,2.085563039932625,1548.6765465627693,30.991466773398802
Campo Mourão,PR,2012,VI - RENDA DE FATORES,32 - Remuneração esperada sobre o capital fixo,64.0,1.28,10.46,3000.0,6.82,,,2.085563039932625,133.476034555688,2.66952069111376
Campo Mourão,PR,2012,VI - RENDA DE FATORES,33 - Terra Própria,131.6,2.63,21.52,3000.0,14.03,,Terra,2.085563039932625,274.4600960551334,5.485030795022803
Campo Mourão,PR,2012,VI - RENDA DE FATORES,34 - Arrendamento,0.0,0.0,0.0,3000.0,0.0,,Arrendamento,2.085563039932625,0.0,0.0
Campo Mourão,PR,2012,VI - RENDA DE FATORES,TOTAL DE RENDA DE FATORES (I),195.6,3.91,31.98,3000.0,20.85,Total Renda de Fatores (I),,2.085563039932625,407.9361306108214,8.154551486136564
Campo Mourão,PR,2012,VI - RENDA DE FATORES,CUSTO TOTAL (H+I=J),938.17,18.77,153.4,3000.0,,Custo Total (J),,2.085563039932625,1956.6126771735906,39.14601825953537
Campo Mourão,PR,2013,I - DESPESAS DE CUSTEIO DA LAVOURA,1 - Operação com animal,0.0,0.0,0.0,3000.0,0.0,,,1.9637289905416229,0.0,0.0
Campo Mourão,PR,2013,I - DESPESAS DE CUSTEIO DA LAVOURA,2 - Operação com Avião,0.0,0.0,0.0,3000.0,0.0,,,1.9637289905416229,0.0,0.0
Campo Mourão,PR,2013,3 - Operação com máquinas:,3.1 - Tratores e Colheitadeiras,137.25,2.74,22.66,3000.0,14.87,,,1.9637289905416229,269.52180395183774,5.380617434084047
Campo Mourão,PR,2013,3 - Operação com máquinas:,3.2 - Conjunto de Irrigação,0.0,0.0,0.0,3000.0,0.0,,,1.9637289905416229,0.0,0.0
Campo Mourão,PR,2013,3 - Operação com máquinas:,4 - Aluguel de Máquinas,0.0,0.0,0.0,3000.0,0.0,,Máquinas/Depreciação,1.9637289905416229,0.0,0.0
Campo Mourão,PR,2013,3 - Operação com máquinas:,5 - Aluguel de Animais,0.0,0.0,0.0,3000.0,0.0,,,1.9637289905416229,0.0,0.0
Campo Mourão,PR,2013,3 - Operação com máquinas:,6 - Mão-de-obra,0.0,0.0,0.0,3000.0,0.0,,Mão de obra,1.9637289905416229,0.0,0.0
Campo Mourão,PR,2013,3 - Operação com máquinas:,7 - Administrador,0.0,0.0,0.0,3000.0,0.0,,Administração,1.9637289905416229,0.0,0.0
Campo Mourão,PR,2013,3 - Operação com máquinas:,8 - Sementes,90.24,1.8,14.9,3000.0,9.78,,Sementes,1.9637289905416229,177.20690410647603,3.5347121829749213
Campo Mourão,PR,2013,3 - Operação com máquinas:,8.1 - Royalties,0.0,0.0,0.0,3000.0,0.0,,,1.9637289905416229,0.0,0.0
Campo Mourão,PR,2013,3 - Operação com máquinas:,9 - Fertilizantes,187.03,3.74,30.88,3000.0,20.26,,Fertilizantes,1.9637289905416229,367.2762331009997,7.34434642462567
Campo Mourão,PR,2013,3 - Operação com máquinas:,10 - Agrotóxicos,21.88,0.44,3.61,3000.0,2.37,,Defensivos/Agrotóxicos,1.9637289905416229,42.96639031305071,0.8640407558383141
Campo Mourão,PR,2013,3 - Operação com máquinas:,11 - Água,0.0,0.0,0.0,3000.0,0.0,,,1.9637289905416229,0.0,0.0
Campo Mourão,PR,2013,3 - Operação com máquinas:,12 - Receita,0.0,0.0,0.0,3000.0,0.0,,,1.9637289905416229,0.0,0.0
Campo Mourão,PR,2013,13 - Outros:,13.1 - Análise Foliar,0.0,0.0,0.0,3000.0,0.0,,,1.9637289905416229,0.0,0.0
Campo Mourão,PR,2013,13 - Outros:,13.2 - Embalagens/Utensílios,0.0,0.0,0.0,3000.0,0.0,,,1.9637289905416229,0.0,0.0
Campo Mourão,PR,2013,13 - Outros:,13.3 - Vernalização(Alho),0.0,0.0,0.0,3000.0,0.0,,,1.9637289905416229,0.0,0.0
Campo Mourão,PR,2013,13 - Outros:,13.4 - Análise de Solo,0.0,0.0,0.0,3000.0,0.0,,,1.9637289905416229,0.0,0.0
Campo Mourão,PR,2013,13 - Outros:,13.5 - Mudas,0.0,0.0,0.0,3000.0,0.0,,,1.9637289905416229,0.0,0.0
Campo Mourão,PR,2013,13 - Outros:,13.6 - Taxas Ambientais,0.0,0.0,0.0,3000.0,0.0,,,1.9637289905416229,0.0,0.0
Campo Mourão,PR,2013,13 - Outros:,13.7 - Demais Despesas,0.0,0.0,0.0,3000.0,0.0,,,1.9637289905416229,0.0,0.0
Campo Mourão,PR,2013,13 - Outros:,13.8 - Implementos Manuais,0.0,0.0,0.0,3000.0,0.0,,Máquinas/Depreciação,1.9637289905416229,0.0,0.0
Campo Mourão,PR,2013,13 - Outros:,14 - Serviços Diversos,0.0,0.0,0.0,3000.0,0.0,,,1.9637289905416229,0.0,0.0
Campo Mourão,PR,2013,13 - Outros:,TOTAL DAS DESPESAS DE CUSTEIO DA LAVOURA (A),436.4,8.72,72.05,3000.0,47.28,Total Despesas de Custeio (A),,1.9637289905416229,856.9713314723642,17.123716797522953
Campo Mourão,PR,2013,II - OUTRAS DESPESAS,15 - Transporte Externo,48.9,0.98,8.07,3000.0,5.3,,Transporte,1.9637289905416229,96.02634763748536,1.9244544107307904
Campo Mourão,PR,2013,16 - Despesas:,16.1 - Despesas Administrativas,0.0,0.0,0.0,3000.0,0.0,,Administração,1.9637289905416229,0.0,0.0
Campo Mourão,PR,2013,16 - Despesas:,16.2 - Despesas de armazenagem,79.13,1.58,13.06,3000.0,8.57,,,1.9637289905416229,155.3898750215586,3.1026918050557644
Campo Mourão,PR,2013,16 - Despesas:,16.3 - Beneficiamento,0.0,0.0,0.0,3000.0,0.0,,,1.9637289905416229,0.0,0.0
Campo Mourão,PR,2013,16 - Despesas:,17 - Seguro da Produção,0.0,0.0,0.0,3000.0,0.0,,Seguro,1.9637289905416229,0.0,0.0
Campo Mourão,PR,2013,16 - Despesas:,18 - Seguro do crédito,0.0,0.0,0.0,3000.0,0.0,,Seguro,1.9637289905416229,0.0,0.0
Campo Mourão,PR,2013,16 - Despesas:,19 - Assistência Técnica,0.0,0.0,0.0,3000.0,0.0,,,1.9637289905416229,0.0,0.0
Campo Mourão,PR,2013,16 - Despesas:,20 - Classificação,0.0,0.0,0.0,3000.0,0.0,,,1.9637289905416229,0.0,0.0
Campo Mourão,PR,2013,16 - Despesas:,21 - Outros Impostos/Taxas,0.0,0.0,0.0,3000.0,0.0,,,1.9637289905416229,0.0,0.0
Campo Mourão,PR,2013,16 - Despesas:,22 - CDO,0.0,0.0,0.0,3000.0,0.0,,,1.9637289905416229,0.0,0.0
Campo Mourão,PR,2013,16 - Despesas:,23 - CESSR,25.43,0.51,4.2,3000.0,2.75,,,1.9637289905416229,49.93762822947347,1.0015017851762278
Campo Mourão,PR,2013,16 - Despesas:,24 - FUNDECITRUS,0.0,0.0,0.0,3000.0,0.0,,,1.9637289905416229,0.0,0.0
Campo Mourão,PR,2013,16 - Despesas:,TOTAL DAS OUTRAS DESPESAS (B),153.46,3.07,25.33,3000.0,16.62,Total Outras Despesas (B),,1.9637289905416229,301.35385088851746,6.028648000962782
Campo Mourão,PR,2013,III - DESPESAS FINANCEIRAS,25 - Juros do Financiamento,15.82,0.32,2.61,3000.0,1.71,,Juros/Financiamento,1.9637289905416229,31.066192630368473,0.6283932769733194
Campo Mourão,PR,2013,III - DESPESAS FINANCEIRAS,TOTAL DAS DESPESAS FINANCEIRAS (C),15.82,0.32,2.61,3000.0,1.71,Total Despesas Financeiras (C),,1.9637289905416229,31.066192630368473,0.6283932769733194
Campo Mourão,PR,2013,III - DESPESAS FINANCEIRAS,CUSTO VARIÁVEL (A+B+C=D),605.68,12.11,99.99,3000.0,65.61,Custo Variável (D),,1.9637289905416229,1189.3913749912501,23.78075807545905
Campo Mourão,PR,2013,IV - DEPRECIAÇÕES,26 - Depreciação de benfeitorias/instalações,4.38,0.09,0.72,3000.0,0.47,,Máquinas/Depreciação,1.9637289905416229,8.601132978572307,0.17673560914874606
Campo Mourão,PR,2013,IV - DEPRECIAÇÕES,27 - Depreciação de implementos,51.21,1.02,8.45,3000.0,5.55,,Máquinas/Depreciação,1.9637289905416229,100.5625616056365,2.0030035703524556
Campo Mourão,PR,2013,IV - DEPRECIAÇÕES,28 - Depreciação de Máquinas,66.18,1.32,10.93,3000.0,7.17,,Máquinas/Depreciação,1.9637289905416229,129.95958459404463,2.5921222675149425
Campo Mourão,PR,2013,IV - DEPRECIAÇÕES,TOTAL DE DEPRECIAÇÕES (E),121.77,2.43,20.1,3000.0,13.19,Total Depreciações (E),Máquinas/Depreciação,1.9637289905416229,239.1232791782534,4.771861447016144
Campo Mourão,PR,2013,V - OUTROS CUSTOS FIXOS,29 - Manutenção Periódica Benfeitorias/Instalações,1.94,0.04,0.32,3000.0,0.21,,,1.9637289905416229,3.8096342416507483,0.07854915962166492
Campo Mourão,PR,2013,V - OUTROS CUSTOS FIXOS,30 - Encargos Sociais,0.0,0.0,0.0,3000.0,0.0,,,1.9637289905416229,0.0,0.0
Campo Mourão,PR,2013,V - OUTROS CUSTOS FIXOS,31 - Seguro do capital fixo,7.3,0.15,1.21,3000.0,0.79,,Seguro,1.9637289905416229,14.335221630953846,0.29455934858124344
Campo Mourão,PR,2013,V - OUTROS CUSTOS FIXOS,TOTAL DE OUTROS CUSTOS FIXOS (F),9.24,0.19,1.53,3000.0,1.0,Total Outros Custos Fixos (F),,1.9637289905416229,18.144855872604595,0.37310850820290836
Campo Mourão,PR,2013,V - OUTROS CUSTOS FIXOS,CUSTO FIXO (E+F=G),131.01,2.62,21.63,3000.0,14.19,Custo Fixo (G),,1.9637289905416229,257.268135050858,5.144969955219052
Campo Mourão,PR,2013,V - OUTROS CUSTOS FIXOS,CUSTO OPERACIONAL (D+G=H),736.69,14.73,121.62,3000.0,79.8,Custo Operacional (H),,1.9637289905416229,1446.6595100421082,28.925728030678105
Campo Mourão,PR,2013,VI - RENDA DE FATORES,32 - Remuneração esperada sobre o capital fixo,60.99,1.22,10.07,3000.0,6.61,,,1.9637289905416229,119.76783113313358,2.39574936846078
Campo Mourão,PR,2013,VI - RENDA DE FATORES,33 - Terra Própria,125.4,2.51,20.7,3000.0,13.58,,Terra,1.9637289905416229,246.25161541391952,4.928959766259473
Campo Mourão,PR,2013,VI - RENDA DE FATORES,34 - Arrendamento,0.0,0.0,0.0,3000.0,0.0,,Arrendamento,1.9637289905416229,0.0,0.0
Campo Mourão,PR,2013,VI - RENDA DE FATORES,TOTAL DE RENDA DE FATORES (I),186.39,3.73,30.77,3000.0,20.19,Total Renda de Fatores (I),,1.9637289905416229,366.01944654705306,7.324709134720253
Campo Mourão,PR,2013,VI - RENDA DE FATORES,CUSTO TOTAL (H+I=J),923.08,18.46,152.39,3000.0,,Custo Total (J),,1.9637289905416229,1812.6789565891613,36.25043716539836
Campo Mourão,PR,2014,I - DESPESAS DE CUSTEIO DA LAVOURA,1 - Operação com animal,0.0,0.0,0.0,3000.0,0.0,,,1.846839121244845,0.0,0.0
Campo Mourão,PR,2014,I - DESPESAS DE CUSTEIO DA LAVOURA,2 - Operação com Avião,0.0,0.0,0.0,3000.0,0.0,,,1.846839121244845,0.0,0.0
Campo Mourão,PR,2014,3 - Operação com máquinas:,3.1 - Tratores e Colheitadeiras,154.12,3.08,17.19,3000.0,10.3,,,1.846839121244845,284.6348453662555,5.688264493434122
Campo Mourão,PR,2014,3 - Operação com máquinas:,3.2 - Conjunto de Irrigação,0.0,0.0,0.0,3000.0,0.0,,,1.846839121244845,0.0,0.0
Campo Mourão,PR,2014,3 - Operação com máquinas:,4 - Aluguel de Máquinas,0.0,0.0,0.0,3000.0,0.0,,Máquinas/Depreciação,1.846839121244845,0.0,0.0
Campo Mourão,PR,2014,3 - Operação com máquinas:,5 - Aluguel de Animais,0.0,0.0,0.0,3000.0,0.0,,,1.846839121244845,0.0,0.0
Campo Mourão,PR,2014,3 - Operação com máquinas:,6 - Mão-de-obra,0.0,0.0,0.0,3000.0,0.0,,Mão de obra,1.846839121244845,0.0,0.0
Campo Mourão,PR,2014,3 - Operação com máquinas:,7 - Administrador,94.92,1.88,10.59,3000.0,6.34,,Administração,1.846839121244845,175.30196938856068,3.472057547940308
Campo Mourão,PR,2014,3 - Operação com máquinas:,8 - Sementes,243.84,4.88,27.2,3000.0,16.29,,Sementes,1.846839121244845,450.333251324343,9.012574911674843
Campo Mourão,PR,2014,3 - Operação com máquinas:,8.1 - Royalties,0.0,0.0,0.0,3000.0,0.0,,,1.846839121244845,0.0,0.0
Campo Mourão,PR,2014,3 - Operação com máquinas:,9 - Fertilizantes,188.18,3.77,20.99,3000.0,12.57,,Fertilizantes,1.846839121244845,347.53818583585496,6.962583487093066
Campo Mourão,PR,2014,3 - Operação com máquinas:,10 - Agrotóxicos,25.27,0.5,2.82,3000.0,1.69,,Defensivos/Agrotóxicos,1.846839121244845,46.66962459385723,0.9234195606224225
Campo Mourão,PR,2014,3 - Operação com máquinas:,11 - Água,0.0,0.0,0.0,3000.0,0.0,,,1.846839121244845,0.0,0.0
Campo Mourão,PR,2014,3 - Operação com máquinas:,12 - Receita,0.0,0.0,0.0,3000.0,0.0,,,1.846839121244845,0.0,0.0
Campo Mourão,PR,2014,13 - Outros:,13.1 - Análise Foliar,0.0,0.0,0.0,3000.0,0.0,,,1.846839121244845,0.0,0.0
Campo Mourão,PR,2014,13 - Outros:,13.2 - Embalagens/Utensílios,0.0,0.0,0.0,3000.0,0.0,,,1.846839121244845,0.0,0.0
Campo Mourão,PR,2014,13 - Outros:,13.3 - Vernalização(Alho),0.0,0.0,0.0,3000.0,0.0,,,1.846839121244845,0.0,0.0
Campo Mourão,PR,2014,13 - Outros:,13.4 - Análise de Solo,0.0,0.0,0.0,3000.0,0.0,,,1.846839121244845,0.0,0.0
Campo Mourão,PR,2014,13 - Outros:,13.5 - Mudas,0.0,0.0,0.0,3000.0,0.0,,,1.846839121244845,0.0,0.0
Campo Mourão,PR,2014,13 - Outros:,13.6 - Taxas Ambientais,0.0,0.0,0.0,3000.0,0.0,,,1.846839121244845,0.0,0.0
Campo Mourão,PR,2014,13 - Outros:,13.7 - Demais Despesas,0.0,0.0,0.0,3000.0,0.0,,,1.846839121244845,0.0,0.0
Campo Mourão,PR,2014,13 - Outros:,13.8 - Implementos Manuais,0.0,0.0,0.0,3000.0,0.0,,Máquinas/Depreciação,1.846839121244845,0.0,0.0
Campo Mourão,PR,2014,13 - Outros:,14 - Serviços Diversos,0.0,0.0,0.0,3000.0,0.0,,,1.846839121244845,0.0,0.0
Campo Mourão,PR,2014,13 - Outros:,TOTAL DAS DESPESAS DE CUSTEIO DA LAVOURA (A),706.33,14.11,78.79,3000.0,47.19,Total Despesas de Custeio (A),,1.846839121244845,1304.4778765088713,26.058900000764762
Campo Mourão,PR,2014,II - OUTRAS DESPESAS,15 - Transporte Externo,60.0,1.2,6.69,3000.0,4.01,,Transporte,1.846839121244845,110.8103472746907,2.216206945493814
Campo Mourão,PR,2014,16 - Despesas:,16.1 - Despesas Administrativas,0.0,0.0,0.0,3000.0,0.0,,Administração,1.846839121244845,0.0,0.0
Campo Mourão,PR,2014,16 - Despesas:,16.2 - Despesas de armazenagem,79.26,1.59,8.84,3000.0,5.3,,,1.846839121244845,146.38046874986642,2.9364742027793036
Campo Mourão,PR,2014,16 - Despesas:,16.3 - Beneficiamento,0.0,0.0,0.0,3000.0,0.0,,,1.846839121244845,0.0,0.0
Campo Mourão,PR,2014,16 - Despesas:,17 - Seguro da Produção,0.0,0.0,0.0,3000.0,0.0,,Seguro,1.846839121244845,0.0,0.0
Campo Mourão,PR,2014,16 - Despesas:,18 - Seguro do crédito,0.0,0.0,0.0,3000.0,0.0,,Seguro,1.846839121244845,0.0,0.0
Campo Mourão,PR,2014,16 - Despesas:,19 - Assistência Técnica,0.0,0.0,0.0,3000.0,0.0,,,1.846839121244845,0.0,0.0
Campo Mourão,PR,2014,16 - Despesas:,20 - Classificação,0.0,0.0,0.0,3000.0,0.0,,,1.846839121244845,0.0,0.0
Campo Mourão,PR,2014,16 - Despesas:,21 - Outros Impostos/Taxas,0.0,0.0,0.0,3000.0,0.0,,,1.846839121244845,0.0,0.0
Campo Mourão,PR,2014,16 - Despesas:,22 - CDO,0.0,0.0,0.0,3000.0,0.0,,,1.846839121244845,0.0,0.0
Campo Mourão,PR,2014,16 - Despesas:,23 - CESSR,26.43,0.53,2.95,3000.0,1.77,,,1.846839121244845,48.811957974501254,0.9788247342597679
Campo Mourão,PR,2014,16 - Despesas:,24 - FUNDECITRUS,0.0,0.0,0.0,3000.0,0.0,,,1.846839121244845,0.0,0.0
Campo Mourão,PR,2014,16 - Despesas:,TOTAL DAS OUTRAS DESPESAS (B),165.69,3.32,18.48,3000.0,11.08,Total Outras Despesas (B),,1.846839121244845,306.0027739990584,6.131505882532885
Campo Mourão,PR,2014,III - DESPESAS FINANCEIRAS,25 - Juros do Financiamento,24.55,0.49,2.74,3000.0,1.64,,Juros/Financiamento,1.846839121244845,45.339900426560945,0.904951169409974
Campo Mourão,PR,2014,III - DESPESAS FINANCEIRAS,TOTAL DAS DESPESAS FINANCEIRAS (C),24.55,0.49,2.74,3000.0,1.64,Total Despesas Financeiras (C),,1.846839121244845,45.339900426560945,0.904951169409974
Campo Mourão,PR,2014,III - DESPESAS FINANCEIRAS,CUSTO VARIÁVEL (A+B+C=D),896.57,17.92,100.01,3000.0,59.91,Custo Variável (D),,1.846839121244845,1655.8205509344907,33.09535705270763
Campo Mourão,PR,2014,IV - DEPRECIAÇÕES,26 - Depreciação de benfeitorias/instalações,5.25,0.1,0.59,3000.0,0.35,,Máquinas/Depreciação,1.846839121244845,9.695905386535436,0.1846839121244845
Campo Mourão,PR,2014,IV - DEPRECIAÇÕES,27 - Depreciação de implementos,59.83,1.2,6.67,3000.0,4.0,,Máquinas/Depreciação,1.846839121244845,110.49638462407907,2.216206945493814
Campo Mourão,PR,2014,IV - DEPRECIAÇÕES,28 - Depreciação de Máquinas,69.49,1.39,7.75,3000.0,4.64,,Máquinas/Depreciação,1.846839121244845,128.33685053530428,2.5671063785303345
Campo Mourão,PR,2014,IV - DEPRECIAÇÕES,TOTAL DE DEPRECIAÇÕES (E),134.57,2.69,15.01,3000.0,8.99,Total Depreciações (E),Máquinas/Depreciação,1.846839121244845,248.52914054591878,4.967997236148633
Campo Mourão,PR,2014,V - OUTROS CUSTOS FIXOS,29 - Manutenção Periódica Benfeitorias/Instalações,79.48,1.59,8.86,3000.0,5.31,,,1.846839121244845,146.7867733565403,2.9364742027793036
Campo Mourão,PR,2014,V - OUTROS CUSTOS FIXOS,30 - Encargos Sociais,43.27,0.87,4.83,3000.0,2.89,,,1.846839121244845,79.91272877626444,1.606750035483015
Campo Mourão,PR,2014,V - OUTROS CUSTOS FIXOS,31 - Seguro do capital fixo,8.15,0.16,0.91,3000.0,0.54,,Seguro,1.846839121244845,15.051738838145488,0.2954942593991752
Campo Mourão,PR,2014,V - OUTROS CUSTOS FIXOS,TOTAL DE OUTROS CUSTOS FIXOS (F),130.9,2.62,14.6,3000.0,8.74,Total Outros Custos Fixos (F),,1.846839121244845,241.75124097095022,4.838718497661494
Campo Mourão,PR,2014,V - OUTROS CUSTOS FIXOS,CUSTO FIXO (E+F=G),265.47,5.31,29.61,3000.0,17.73,Custo Fixo (G),,1.846839121244845,490.28038151686906,9.806715733810126
Campo Mourão,PR,2014,V - OUTROS CUSTOS FIXOS,CUSTO OPERACIONAL (D+G=H),1162.04,23.23,129.62,3000.0,77.64,Custo Operacional (H),,1.846839121244845,2146.1009324513598,42.90207278651775
Campo Mourão,PR,2014,VI - RENDA DE FATORES,32 - Remuneração esperada sobre o capital fixo,71.53,1.43,7.98,3000.0,4.78,,,1.846839121244845,132.10440234264377,2.640979943380128
Campo Mourão,PR,2014,VI - RENDA DE FATORES,33 - Terra Própria,263.2,5.26,29.36,3000.0,17.58,,Terra,1.846839121244845,486.08805671164316,9.714373777747884
Campo Mourão,PR,2014,VI - RENDA DE FATORES,34 - Arrendamento,0.0,0.0,0.0,3000.0,0.0,,Arrendamento,1.846839121244845,0.0,0.0
Campo Mourão,PR,2014,VI - RENDA DE FATORES,TOTAL DE RENDA DE FATORES (I),334.73,6.69,37.34,3000.0,22.36,Total Renda de Fatores (I),,1.846839121244845,618.1924590542869,12.355353721128013
Campo Mourão,PR,2014,VI - RENDA DE FATORES,CUSTO TOTAL (H+I=J),1496.77,29.92,166.96,3000.0,,Custo Total (J),,1.846839121244845,2764.2933915056465,55.25742650764576
Campo Mourão,PR,2015,I - DESPESAS DE CUSTEIO DA LAVOURA,1 - Operação com animal,0.0,0.0,0.0,4500.0,0.0,,,1.6938792787919235,0.0,0.0
Campo Mourão,PR,2015,I - DESPESAS DE CUSTEIO DA LAVOURA,2 - Operação com Avião,0.0,0.0,0.0,4500.0,0.0,,,1.6938792787919235,0.0,0.0
Campo Mourão,PR,2015,3 - Operação com máquinas:,3.1 - Tratores e Colheitadeiras,174.19,2.33,11.04,4500.0,6.32,,,1.6938792787919235,295.05683157276513,3.946738719585182
Campo Mourão,PR,2015,3 - Operação com máquinas:,3.2 - Conjunto de Irrigação,0.0,0.0,0.0,4500.0,0.0,,,1.6938792787919235,0.0,0.0
Campo Mourão,PR,2015,3 - Operação com máquinas:,4 - Aluguel de Máquinas,0.0,0.0,0.0,4500.0,0.0,,Máquinas/Depreciação,1.6938792787919235,0.0,0.0
Campo Mourão,PR,2015,3 - Operação com máquinas:,5 - Aluguel de Animais,0.0,0.0,0.0,4500.0,0.0,,,1.6938792787919235,0.0,0.0
Campo Mourão,PR,2015,3 - Operação com máquinas:,6 - Mão-de-obra,23.28,0.32,1.48,4500.0,0.84,,Mão de obra,1.6938792787919235,39.43350961027598,0.5420413692134155
Campo Mourão,PR,2015,3 - Operação com máquinas:,7 - Administrador,108.52,1.44,6.88,4500.0,3.93,,Administração,1.6938792787919235,183.81977933449951,2.43918616146037
Campo Mourão,PR,2015,3 - Operação com máquinas:,8 - Sementes,367.55,4.9,23.3,4500.0,13.33,,Sementes,1.6938792787919235,622.5853289199715,8.300008466080426
Campo Mourão,PR,2015,3 - Operação com máquinas:,8.1 - Royalties,0.0,0.0,0.0,4500.0,0.0,,,1.6938792787919235,0.0,0.0
Campo Mourão,PR,2015,3 - Operação com máquinas:,9 - Fertilizantes,414.85,5.53,26.3,4500.0,15.04,,Fertilizantes,1.6938792787919235,702.7058188068295,9.367152411719337
Campo Mourão,PR,2015,3 - Operação com máquinas:,10 - Agrotóxicos,175.82,2.35,11.14,4500.0,6.37,,Defensivos/Agrotóxicos,1.6938792787919235,297.817854797196,3.9806163051610204
Campo Mourão,PR,2015,3 - Operação com máquinas:,11 - Água,0.0,0.0,0.0,4500.0,0.0,,,1.6938792787919235,0.0,0.0
Campo Mourão,PR,2015,3 - Operação com máquinas:,12 - Receita,0.0,0.0,0.0,4500.0,0.0,,,1.6938792787919235,0.0,0.0
Campo Mourão,PR,2015,13 - Outros:,13.1 - Análise Foliar,0.0,0.0,0.0,4500.0,0.0,,,1.6938792787919235,0.0,0.0
Campo Mourão,PR,2015,13 - Outros:,13.2 - Embalagens/Utensílios,0.0,0.0,0.0,4500.0,0.0,,,1.6938792787919235,0.0,0.0
Campo Mourão,PR,2015,13 - Outros:,13.3 - Vernalização(Alho),0.0,0.0,0.0,4500.0,0.0,,,1.6938792787919235,0.0,0.0
Campo Mourão,PR,2015,13 - Outros:,13.4 - Análise de Solo,0.0,0.0,0.0,4500.0,0.0,,,1.6938792787919235,0.0,0.0
Campo Mourão,PR,2015,13 - Outros:,13.5 - Mudas,0.0,0.0,0.0,4500.0,0.0,,,1.6938792787919235,0.0,0.0
Campo Mourão,PR,2015,13 - Outros:,13.6 - Taxas Ambientais,0.0,0.0,0.0,4500.0,0.0,,,1.6938792787919235,0.0,0.0
Campo Mourão,PR,2015,13 - Outros:,13.7 - Demais Despesas,0.0,0.0,0.0,4500.0,0.0,,,1.6938792787919235,0.0,0.0
Campo Mourão,PR,2015,13 - Outros:,13.8 - Implementos Manuais,0.0,0.0,0.0,4500.0,0.0,,Máquinas/Depreciação,1.6938792787919235,0.0,0.0
Campo Mourão,PR,2015,13 - Outros:,14 - Serviços Diversos,0.0,0.0,0.0,4500.0,0.0,,,1.6938792787919235,0.0,0.0
Campo Mourão,PR,2015,13 - Outros:,TOTAL DAS DESPESAS DE CUSTEIO DA LAVOURA (A),1264.21,16.87,80.14,4500.0,45.83,Total Despesas de Custeio (A),,1.6938792787919235,2141.4191230415377,28.57574343321975
Campo Mourão,PR,2015,II - OUTRAS DESPESAS,15 - Transporte Externo,99.0,1.32,6.28,4500.0,3.59,,Transporte,1.6938792787919235,167.69404860040044,2.235920648005339
Campo Mourão,PR,2015,16 - Despesas:,16.1 - Despesas Administrativas,37.93,0.51,2.4,4500.0,1.38,,Administração,1.6938792787919235,64.24884104457766,0.8638784321838809
Campo Mourão,PR,2015,16 - Despesas:,16.2 - Despesas de armazenagem,92.15,1.23,5.84,4500.0,3.34,,,1.6938792787919235,156.09097554067574,2.0834715129140657
Campo Mourão,PR,2015,16 - Despesas:,16.3 - Beneficiamento,0.0,0.0,0.0,4500.0,0.0,,,1.6938792787919235,0.0,0.0
Campo Mourão,PR,2015,16 - Despesas:,17 - Seguro da Produção,0.0,0.0,0.0,4500.0,0.0,,Seguro,1.6938792787919235,0.0,0.0
Campo Mourão,PR,2015,16 - Despesas:,18 - Seguro do crédito,0.0,0.0,0.0,4500.0,0.0,,Seguro,1.6938792787919235,0.0,0.0
Campo Mourão,PR,2015,16 - Despesas:,19 - Assistência Técnica,0.0,0.0,0.0,4500.0,0.0,,,1.6938792787919235,0.0,0.0
Campo Mourão,PR,2015,16 - Despesas:,20 - Classificação,0.0,0.0,0.0,4500.0,0.0,,,1.6938792787919235,0.0,0.0
Campo Mourão,PR,2015,16 - Despesas:,21 - Outros Impostos/Taxas,0.0,0.0,0.0,4500.0,0.0,,,1.6938792787919235,0.0,0.0
Campo Mourão,PR,2015,16 - Despesas:,22 - CDO,0.0,0.0,0.0,4500.0,0.0,,,1.6938792787919235,0.0,0.0
Campo Mourão,PR,2015,16 - Despesas:,23 - CESSR,32.38,0.43,2.05,4500.0,1.17,,,1.6938792787919235,54.847811047282484,0.728368089880527
Campo Mourão,PR,2015,16 - Despesas:,24 - FUNDECITRUS,0.0,0.0,0.0,4500.0,0.0,,,1.6938792787919235,0.0,0.0
Campo Mourão,PR,2015,16 - Despesas:,TOTAL DAS OUTRAS DESPESAS (B),261.46,3.49,16.57,4500.0,9.48,Total Outras Despesas (B),,1.6938792787919235,442.8816762329363,5.9116386829838135
Campo Mourão,PR,2015,III - DESPESAS FINANCEIRAS,25 - Juros do Financiamento,51.94,0.69,3.29,4500.0,1.88,,Juros/Financiamento,1.6938792787919235,87.9800897404525,1.168776702366427
Campo Mourão,PR,2015,III - DESPESAS FINANCEIRAS,TOTAL DAS DESPESAS FINANCEIRAS (C),51.94,0.69,3.29,4500.0,1.88,Total Despesas Financeiras (C),,1.6938792787919235,87.9800897404525,1.168776702366427
Campo Mourão,PR,2015,III - DESPESAS FINANCEIRAS,CUSTO VARIÁVEL (A+B+C=D),1577.61,21.05,100.0,4500.0,57.19,Custo Variável (D),,1.6938792787919235,2672.2808890149263,35.65615881856999
Campo Mourão,PR,2015,IV - DEPRECIAÇÕES,26 - Depreciação de benfeitorias/instalações,2.45,0.03,0.16,4500.0,0.09,,Máquinas/Depreciação,1.6938792787919235,4.150004233040213,0.0508163783637577
Campo Mourão,PR,2015,IV - DEPRECIAÇÕES,27 - Depreciação de implementos,98.07,1.31,6.22,4500.0,3.56,,Máquinas/Depreciação,1.6938792787919235,166.11874087112392,2.21898185521742
Campo Mourão,PR,2015,IV - DEPRECIAÇÕES,28 - Depreciação de Máquinas,48.51,0.65,3.07,4500.0,1.76,,Máquinas/Depreciação,1.6938792787919235,82.1700838141962,1.1010215312147502
Campo Mourão,PR,2015,IV - DEPRECIAÇÕES,TOTAL DE DEPRECIAÇÕES (E),149.03,1.99,9.45,4500.0,5.41,Total Depreciações (E),Máquinas/Depreciação,1.6938792787919235,252.43882891836034,3.3708197647959275
Campo Mourão,PR,2015,V - OUTROS CUSTOS FIXOS,29 - Manutenção Periódica Benfeitorias/Instalações,25.72,0.34,1.63,4500.0,0.93,,,1.6938792787919235,43.56657505052827,0.575918954789254
Campo Mourão,PR,2015,V - OUTROS CUSTOS FIXOS,30 - Encargos Sociais,49.47,0.66,3.14,4500.0,1.79,,,1.6938792787919235,83.79620792183646,1.1179603240026694
Campo Mourão,PR,2015,V - OUTROS CUSTOS FIXOS,31 - Seguro do capital fixo,8.09,0.11,0.51,4500.0,0.29,,Seguro,1.6938792787919235,13.70348336542666,0.1863267206671116
Campo Mourão,PR,2015,V - OUTROS CUSTOS FIXOS,TOTAL DE OUTROS CUSTOS FIXOS (F),83.28,1.11,5.28,4500.0,3.01,Total Outros Custos Fixos (F),,1.6938792787919235,141.06626633779138,1.8802059994590352
Campo Mourão,PR,2015,V - OUTROS CUSTOS FIXOS,CUSTO FIXO (E+F=G),232.31,3.1,14.73,4500.0,8.42,Custo Fixo (G),,1.6938792787919235,393.5050952561517,5.251025764254963
Campo Mourão,PR,2015,V - OUTROS CUSTOS FIXOS,CUSTO OPERACIONAL (D+G=H),1809.92,24.15,114.73,4500.0,65.61,Custo Operacional (H),,1.6938792787919235,3065.785984271078,40.90718458282495
Campo Mourão,PR,2015,VI - RENDA DE FATORES,32 - Remuneração esperada sobre o capital fixo,78.23,1.04,4.96,4500.0,2.84,,,1.6938792787919235,132.5121759798922,1.7616344499436005
Campo Mourão,PR,2015,VI - RENDA DE FATORES,33 - Terra Própria,870.0,11.6,55.15,4500.0,31.54,,Terra,1.6938792787919235,1473.6749725489733,19.64899963398631
Campo Mourão,PR,2015,VI - RENDA DE FATORES,34 - Arrendamento,0.0,0.0,0.0,4500.0,0.0,,Arrendamento,1.6938792787919235,0.0,0.0
Campo Mourão,PR,2015,VI - RENDA DE FATORES,TOTAL DE RENDA DE FATORES (I),948.23,12.64,60.11,4500.0,34.38,Total Renda de Fatores (I),,1.6938792787919235,1606.1871485288657,21.410634083929914
Campo Mourão,PR,2015,VI - RENDA DE FATORES,CUSTO TOTAL (H+I=J),2758.15,36.79,174.84,4500.0,,Custo Total (J),,1.6938792787919235,4671.973132799943,62.31781866675486
Campo Mourão,PR,2016,I - DESPESAS DE CUSTEIO DA LAVOURA,1 - Operação com animal,0.0,0.0,0.0,4500.0,0.0,,,1.5577398161699365,0.0,0.0
Campo Mourão,PR,2016,I - DESPESAS DE CUSTEIO DA LAVOURA,2 - Operação com Avião,0.0,0.0,0.0,4500.0,0.0,,,1.5577398161699365,0.0,0.0
Campo Mourão,PR,2016,3 - Operação com máquinas:,3.1 - Tratores e Colheitadeiras,174.31,2.33,10.87,4500.0,5.96,,,1.5577398161699365,271.5296273565816,3.6295337716759524
Campo Mourão,PR,2016,3 - Operação com máquinas:,3.2 - Conjunto de Irrigação,0.0,0.0,0.0,4500.0,0.0,,,1.5577398161699365,0.0,0.0
Campo Mourão,PR,2016,3 - Operação com máquinas:,4 - Aluguel de Máquinas,0.0,0.0,0.0,4500.0,0.0,,Máquinas/Depreciação,1.5577398161699365,0.0,0.0
Campo Mourão,PR,2016,3 - Operação com máquinas:,5 - Aluguel de Animais,0.0,0.0,0.0,4500.0,0.0,,,1.5577398161699365,0.0,0.0
Campo Mourão,PR,2016,3 - Operação com máquinas:,6 - Mão-de-obra,23.28,0.32,1.45,4500.0,0.8,,Mão de obra,1.5577398161699365,36.26418292043613,0.4984767411743797
Campo Mourão,PR,2016,3 - Operação com máquinas:,7 - Administrador,108.52,1.44,6.77,4500.0,3.71,,Administração,1.5577398161699365,169.0459248507615,2.2431453352847086
Campo Mourão,PR,2016,3 - Operação com máquinas:,8 - Sementes,354.19,4.72,22.09,4500.0,12.12,,Sementes,1.5577398161699365,551.7358654892298,7.3525319323221
Campo Mourão,PR,2016,3 - Operação com máquinas:,8.1 - Royalties,0.0,0.0,0.0,4500.0,0.0,,,1.5577398161699365,0.0,0.0
Campo Mourão,PR,2016,3 - Operação com máquinas:,9 - Fertilizantes,401.38,5.35,25.03,4500.0,13.73,,Fertilizantes,1.5577398161699365,625.2456074142891,8.33390801650916
Campo Mourão,PR,2016,3 - Operação com máquinas:,10 - Agrotóxicos,200.02,2.67,12.48,4500.0,6.84,,Defensivos/Agrotóxicos,1.5577398161699365,311.5791180303107,4.15916530917373
Campo Mourão,PR,2016,3 - Operação com máquinas:,11 - Água,0.0,0.0,0.0,4500.0,0.0,,,1.5577398161699365,0.0,0.0
Campo Mourão,PR,2016,3 - Operação com máquinas:,12 - Receita,0.0,0.0,0.0,4500.0,0.0,,,1.5577398161699365,0.0,0.0
Campo Mourão,PR,2016,13 - Outros:,13.1 - Análise Foliar,0.0,0.0,0.0,4500.0,0.0,,,1.5577398161699365,0.0,0.0
Campo Mourão,PR,2016,13 - Outros:,13.2 - Embalagens/Utensílios,0.0,0.0,0.0,4500.0,0.0,,,1.5577398161699365,0.0,0.0
Campo Mourão,PR,2016,13 - Outros:,13.3 - Vernalização(Alho),0.0,0.0,0.0,4500.0,0.0,,,1.5577398161699365,0.0,0.0
Campo Mourão,PR,2016,13 - Outros:,13.4 - Análise de Solo,0.0,0.0,0.0,4500.0,0.0,,,1.5577398161699365,0.0,0.0
Campo Mourão,PR,2016,13 - Outros:,13.5 - Mudas,0.0,0.0,0.0,4500.0,0.0,,,1.5577398161699365,0.0,0.0
Campo Mourão,PR,2016,13 - Outros:,13.6 - Taxas Ambientais,0.0,0.0,0.0,4500.0,0.0,,,1.5577398161699365,0.0,0.0
Campo Mourão,PR,2016,13 - Outros:,13.7 - Demais Despesas,0.0,0.0,0.0,4500.0,0.0,,,1.5577398161699365,0.0,0.0
Campo Mourão,PR,2016,13 - Outros:,13.8 - Implementos Manuais,0.0,0.0,0.0,4500.0,0.0,,Máquinas/Depreciação,1.5577398161699365,0.0,0.0
Campo Mourão,PR,2016,13 - Outros:,14 - Serviços Diversos,0.0,0.0,0.0,4500.0,0.0,,,1.5577398161699365,0.0,0.0
Campo Mourão,PR,2016,13 - Outros:,TOTAL DAS DESPESAS DE CUSTEIO DA LAVOURA (A),1261.7,16.83,78.69,4500.0,43.16,Total Despesas de Custeio (A),,1.5577398161699365,1965.400326061609,26.21676110614003
Campo Mourão,PR,2016,II - OUTRAS DESPESAS,15 - Transporte Externo,99.0,1.32,6.17,4500.0,3.39,,Transporte,1.5577398161699365,154.21624180082372,2.056216557344316
Campo Mourão,PR,2016,16 - Despesas:,16.1 - Despesas Administrativas,37.85,0.5,2.36,4500.0,1.3,,Administração,1.5577398161699365,58.9604520420321,0.7788699080849683
Campo Mourão,PR,2016,16 - Despesas:,16.2 - Despesas de armazenagem,95.44,1.27,5.95,4500.0,3.27,,,1.5577398161699365,148.67068805525875,1.9783295665358194
Campo Mourão,PR,2016,16 - Despesas:,16.3 - Beneficiamento,0.0,0.0,0.0,4500.0,0.0,,,1.5577398161699365,0.0,0.0
Campo Mourão,PR,2016,16 - Despesas:,17 - Seguro da Produção,0.0,0.0,0.0,4500.0,0.0,,Seguro,1.5577398161699365,0.0,0.0
Campo Mourão,PR,2016,16 - Despesas:,18 - Seguro do crédito,0.0,0.0,0.0,4500.0,0.0,,Seguro,1.5577398161699365,0.0,0.0
Campo Mourão,PR,2016,16 - Despesas:,19 - Assistência Técnica,0.0,0.0,0.0,4500.0,0.0,,,1.5577398161699365,0.0,0.0
Campo Mourão,PR,2016,16 - Despesas:,20 - Classificação,0.0,0.0,0.0,4500.0,0.0,,,1.5577398161699365,0.0,0.0
Campo Mourão,PR,2016,16 - Despesas:,21 - Outros Impostos/Taxas,0.0,0.0,0.0,4500.0,0.0,,,1.5577398161699365,0.0,0.0
Campo Mourão,PR,2016,16 - Despesas:,22 - CDO,0.0,0.0,0.0,4500.0,0.0,,,1.5577398161699365,0.0,0.0
Campo Mourão,PR,2016,16 - Despesas:,23 - CESSR,57.58,0.77,3.59,4500.0,1.97,,,1.5577398161699365,89.69465861506494,1.1994596584508512
Campo Mourão,PR,2016,16 - Despesas:,24 - FUNDECITRUS,0.0,0.0,0.0,4500.0,0.0,,,1.5577398161699365,0.0,0.0
Campo Mourão,PR,2016,16 - Despesas:,TOTAL DAS OUTRAS DESPESAS (B),289.87,3.86,18.07,4500.0,9.93,Total Outras Despesas (B),,1.5577398161699365,451.54204051317953,6.012875690415955
Campo Mourão,PR,2016,III - DESPESAS FINANCEIRAS,25 - Juros do Financiamento,51.75,0.69,3.23,4500.0,1.77,,Juros/Financiamento,1.5577398161699365,80.61303548679422,1.074840473157256
Campo Mourão,PR,2016,III - DESPESAS FINANCEIRAS,TOTAL DAS DESPESAS FINANCEIRAS (C),51.75,0.69,3.23,4500.0,1.77,Total Despesas Financeiras (C),,1.5577398161699365,80.61303548679422,1.074840473157256
Campo Mourão,PR,2016,III - DESPESAS FINANCEIRAS,CUSTO VARIÁVEL (A+B+C=D),1603.32,21.38,99.99,4500.0,54.86,Custo Variável (D),,1.5577398161699365,2497.5554020615823,33.30447726971324
Campo Mourão,PR,2016,IV - DEPRECIAÇÕES,26 - Depreciação de benfeitorias/instalações,2.45,0.03,0.15,4500.0,0.08,,Máquinas/Depreciação,1.5577398161699365,3.816462549616345,0.04673219448509809
Campo Mourão,PR,2016,IV - DEPRECIAÇÕES,27 - Depreciação de implementos,98.45,1.31,6.14,4500.0,3.37,,Máquinas/Depreciação,1.5577398161699365,153.35948490193024,2.040639159182617
Campo Mourão,PR,2016,IV - DEPRECIAÇÕES,28 - Depreciação de Máquinas,48.99,0.65,3.06,4500.0,1.68,,Máquinas/Depreciação,1.5577398161699365,76.3136735941652,1.0125308805104587
Campo Mourão,PR,2016,IV - DEPRECIAÇÕES,TOTAL DE DEPRECIAÇÕES (E),149.89,1.99,9.35,4500.0,5.13,Total Depreciações (E),Máquinas/Depreciação,1.5577398161699365,233.48962104571177,3.0999022341781735
Campo Mourão,PR,2016,V - OUTROS CUSTOS FIXOS,29 - Manutenção Periódica Benfeitorias/Instalações,25.72,0.34,1.6,4500.0,0.88,,,1.5577398161699365,40.065068071890764,0.5296315374977785
Campo Mourão,PR,2016,V - OUTROS CUSTOS FIXOS,30 - Encargos Sociais,49.47,0.66,3.09,4500.0,1.69,,,1.5577398161699365,77.06138870592676,1.028108278672158
Campo Mourão,PR,2016,V - OUTROS CUSTOS FIXOS,31 - Seguro do capital fixo,8.14,0.11,0.51,4500.0,0.28,,Seguro,1.5577398161699365,12.680002103623284,0.17135137977869302
Campo Mourão,PR,2016,V - OUTROS CUSTOS FIXOS,TOTAL DE OUTROS CUSTOS FIXOS (F),83.33,1.11,5.2,4500.0,2.85,Total Outros Custos Fixos (F),,1.5577398161699365,129.80645888144082,1.7290911959486297
Campo Mourão,PR,2016,V - OUTROS CUSTOS FIXOS,CUSTO FIXO (E+F=G),233.22,3.1,14.55,4500.0,7.98,Custo Fixo (G),,1.5577398161699365,363.2960799271526,4.828993430126803
Campo Mourão,PR,2016,V - OUTROS CUSTOS FIXOS,CUSTO OPERACIONAL (D+G=H),1836.54,24.48,114.54,4500.0,62.84,Custo Operacional (H),,1.5577398161699365,2860.851481988735,38.133470699840046
Campo Mourão,PR,2016,VI - RENDA DE FATORES,32 - Remuneração esperada sobre o capital fixo,90.07,1.2,5.62,4500.0,3.08,,,1.5577398161699365,140.30562524242617,1.8692877794039238
Campo Mourão,PR,2016,VI - RENDA DE FATORES,33 - Terra Própria,996.0,13.28,62.12,4500.0,34.08,,Terra,1.5577398161699365,1551.5088569052568,20.686784758736756
Campo Mourão,PR,2016,VI - RENDA DE FATORES,34 - Arrendamento,0.0,0.0,0.0,4500.0,0.0,,Arrendamento,1.5577398161699365,0.0,0.0
Campo Mourão,PR,2016,VI - RENDA DE FATORES,TOTAL DE RENDA DE FATORES (I),1086.07,14.48,67.74,4500.0,37.16,Total Renda de Fatores (I),,1.5577398161699365,1691.8144821476828,22.556072538140683
Campo Mourão,PR,2016,VI - RENDA DE FATORES,CUSTO TOTAL (H+I=J),2922.61,38.96,182.28,4500.0,,Custo Total (J),,1.5577398161699365,4552.665964136419,60.68954323798073
Campo Mourão,PR,2017,I - DESPESAS DE CUSTEIO DA LAVOURA,1 - Operação com animal,0.0,0.0,0.0,4500.0,0.0,,,1.5058438146760413,0.0,0.0
Campo Mourão,PR,2017,I - DESPESAS DE CUSTEIO DA LAVOURA,2 - Operação com Avião,0.0,0.0,0.0,4500.0,0.0,,,1.5058438146760413,0.0,0.0
Campo Mourão,PR,2017,3 - Operação com máquinas:,3.1 - Tratores e Colheitadeiras,176.27,2.37,11.46,4500.0,6.0,,,1.5058438146760413,265.4350892129458,3.5688498407822182
Campo Mourão,PR,2017,3 - Operação com máquinas:,3.2 - Conjunto de Irrigação,0.0,0.0,0.0,4500.0,0.0,,,1.5058438146760413,0.0,0.0
Campo Mourão,PR,2017,3 - Operação com máquinas:,4 - Aluguel de Máquinas,0.0,0.0,0.0,4500.0,0.0,,Máquinas/Depreciação,1.5058438146760413,0.0,0.0
Campo Mourão,PR,2017,3 - Operação com máquinas:,5 - Aluguel de Animais,0.0,0.0,0.0,4500.0,0.0,,,1.5058438146760413,0.0,0.0
Campo Mourão,PR,2017,3 - Operação com máquinas:,6 - Mão-de-obra,23.28,0.32,1.51,4500.0,0.79,,Mão de obra,1.5058438146760413,35.056044005658244,0.4818700206963332
Campo Mourão,PR,2017,3 - Operação com máquinas:,7 - Administrador,108.52,1.44,7.06,4500.0,3.7,,Administração,1.5058438146760413,163.414170768644,2.1684150931334996
Campo Mourão,PR,2017,3 - Operação com máquinas:,8 - Sementes,337.03,4.49,21.92,4500.0,11.48,,Sementes,1.5058438146760413,507.51454086026615,6.761238727895426
Campo Mourão,PR,2017,3 - Operação com máquinas:,8.1 - Royalties,0.0,0.0,0.0,4500.0,0.0,,,1.5058438146760413,0.0,0.0
Campo Mourão,PR,2017,3 - Operação com máquinas:,9 - Fertilizantes,373.53,4.98,24.29,4500.0,12.72,,Fertilizantes,1.5058438146760413,562.4778400959417,7.499102197086686
Campo Mourão,PR,2017,3 - Operação com máquinas:,10 - Agrotóxicos,200.44,2.68,13.03,4500.0,6.83,,Defensivos/Agrotóxicos,1.5058438146760413,301.83133421366574,4.035661423331791
Campo Mourão,PR,2017,3 - Operação com máquinas:,11 - Água,0.0,0.0,0.0,4500.0,0.0,,,1.5058438146760413,0.0,0.0
Campo Mourão,PR,2017,3 - Operação com máquinas:,12 - Receita,0.0,0.0,0.0,4500.0,0.0,,,1.5058438146760413,0.0,0.0
Campo Mourão,PR,2017,13 - Outros:,13.1 - Análise Foliar,0.0,0.0,0.0,4500.0,0.0,,,1.5058438146760413,0.0,0.0
Campo Mourão,PR,2017,13 - Outros:,13.2 - Embalagens/Utensílios,0.0,0.0,0.0,4500.0,0.0,,,1.5058438146760413,0.0,0.0
Campo Mourão,PR,2017,13 - Outros:,13.3 - Vernalização(Alho),0.0,0.0,0.0,4500.0,0.0,,,1.5058438146760413,0.0,0.0
Campo Mourão,PR,2017,13 - Outros:,13.4 - Análise de Solo,0.0,0.0,0.0,4500.0,0.0,,,1.5058438146760413,0.0,0.0
Campo Mourão,PR,2017,13 - Outros:,13.5 - Mudas,0.0,0.0,0.0,4500.0,0.0,,,1.5058438146760413,0.0,0.0
Campo Mourão,PR,2017,13 - Outros:,13.6 - Taxas Ambientais,0.0,0.0,0.0,4500.0,0.0,,,1.5058438146760413,0.0,0.0
Campo Mourão,PR,2017,13 - Outros:,13.7 - Demais Despesas,0.0,0.0,0.0,4500.0,0.0,,,1.5058438146760413,0.0,0.0
Campo Mourão,PR,2017,13 - Outros:,13.8 - Implementos Manuais,0.0,0.0,0.0,4500.0,0.0,,Máquinas/Depreciação,1.5058438146760413,0.0,0.0
Campo Mourão,PR,2017,13 - Outros:,14 - Serviços Diversos,0.0,0.0,0.0,4500.0,0.0,,,1.5058438146760413,0.0,0.0
Campo Mourão,PR,2017,13 - Outros:,TOTAL DAS DESPESAS DE CUSTEIO DA LAVOURA (A),1219.07,16.28,79.27,4500.0,41.52,Total Despesas de Custeio (A),,1.5058438146760413,1835.7290191571217,24.515137302925954
Campo Mourão,PR,2017,II - OUTRAS DESPESAS,15 - Transporte Externo,99.0,1.32,6.44,4500.0,3.37,,Transporte,1.5058438146760413,149.0785376529281,1.9877138353723747
Campo Mourão,PR,2017,16 - Despesas:,16.1 - Despesas Administrativas,36.57,0.49,2.38,4500.0,1.25,,Administração,1.5058438146760413,55.06870830270283,0.7378634691912602
Campo Mourão,PR,2017,16 - Despesas:,16.2 - Despesas de armazenagem,93.13,1.24,6.06,4500.0,3.17,,,1.5058438146760413,140.23923446077973,1.8672463301982913
Campo Mourão,PR,2017,16 - Despesas:,16.3 - Beneficiamento,0.0,0.0,0.0,4500.0,0.0,,,1.5058438146760413,0.0,0.0
Campo Mourão,PR,2017,16 - Despesas:,17 - Seguro da Produção,0.0,0.0,0.0,4500.0,0.0,,Seguro,1.5058438146760413,0.0,0.0
Campo Mourão,PR,2017,16 - Despesas:,18 - Seguro do crédito,0.0,0.0,0.0,4500.0,0.0,,Seguro,1.5058438146760413,0.0,0.0
Campo Mourão,PR,2017,16 - Despesas:,19 - Assistência Técnica,0.0,0.0,0.0,4500.0,0.0,,,1.5058438146760413,0.0,0.0
Campo Mourão,PR,2017,16 - Despesas:,20 - Classificação,0.0,0.0,0.0,4500.0,0.0,,,1.5058438146760413,0.0,0.0
Campo Mourão,PR,2017,16 - Despesas:,21 - Outros Impostos/Taxas,0.0,0.0,0.0,4500.0,0.0,,,1.5058438146760413,0.0,0.0
Campo Mourão,PR,2017,16 - Despesas:,22 - CDO,0.0,0.0,0.0,4500.0,0.0,,,1.5058438146760413,0.0,0.0
Campo Mourão,PR,2017,16 - Despesas:,23 - CESSR,39.89,0.53,2.59,4500.0,1.36,,,1.5058438146760413,60.06810976742729,0.798097221778302
Campo Mourão,PR,2017,16 - Despesas:,24 - FUNDECITRUS,0.0,0.0,0.0,4500.0,0.0,,,1.5058438146760413,0.0,0.0
Campo Mourão,PR,2017,16 - Despesas:,TOTAL DAS OUTRAS DESPESAS (B),268.59,3.58,17.47,4500.0,9.15,Total Outras Despesas (B),,1.5058438146760413,404.4545901838379,5.3909208565402285
Campo Mourão,PR,2017,III - DESPESAS FINANCEIRAS,25 - Juros do Financiamento,50.07,0.66,3.26,4500.0,1.7,,Juros/Financiamento,1.5058438146760413,75.3975998008294,0.9938569176861873
Campo Mourão,PR,2017,III - DESPESAS FINANCEIRAS,TOTAL DAS DESPESAS FINANCEIRAS (C),50.07,0.66,3.26,4500.0,1.7,Total Despesas Financeiras (C),,1.5058438146760413,75.3975998008294,0.9938569176861873
Campo Mourão,PR,2017,III - DESPESAS FINANCEIRAS,CUSTO VARIÁVEL (A+B+C=D),1537.73,20.52,100.0,4500.0,52.37,Custo Variável (D),,1.5058438146760413,2315.5812091417893,30.899915077152368
Campo Mourão,PR,2017,IV - DEPRECIAÇÕES,26 - Depreciação de benfeitorias/instalações,2.45,0.03,0.16,4500.0,0.08,,Máquinas/Depreciação,1.5058438146760413,3.6893173459563013,0.045175314440281236
Campo Mourão,PR,2017,IV - DEPRECIAÇÕES,27 - Depreciação de implementos,95.09,1.27,6.18,4500.0,3.24,,Máquinas/Depreciação,1.5058438146760413,143.19068833754477,1.9124216446385724
Campo Mourão,PR,2017,IV - DEPRECIAÇÕES,28 - Depreciação de Máquinas,52.34,0.7,3.4,4500.0,1.78,,Máquinas/Depreciação,1.5058438146760413,78.81586526014401,1.054090670273229
Campo Mourão,PR,2017,IV - DEPRECIAÇÕES,TOTAL DE DEPRECIAÇÕES (E),149.88,2.0,9.74,4500.0,5.1,Total Depreciações (E),Máquinas/Depreciação,1.5058438146760413,225.69587094364508,3.0116876293520827
Campo Mourão,PR,2017,V - OUTROS CUSTOS FIXOS,29 - Manutenção Periódica Benfeitorias/Instalações,25.72,0.34,1.67,4500.0,0.88,,,1.5058438146760413,38.73030291346778,0.5119868969898541
Campo Mourão,PR,2017,V - OUTROS CUSTOS FIXOS,30 - Encargos Sociais,49.47,0.66,3.22,4500.0,1.68,,,1.5058438146760413,74.49409351202377,0.9938569176861873
Campo Mourão,PR,2017,V - OUTROS CUSTOS FIXOS,31 - Seguro do capital fixo,7.93,0.11,0.52,4500.0,0.27,,Seguro,1.5058438146760413,11.941341450381007,0.16564281961436456
Campo Mourão,PR,2017,V - OUTROS CUSTOS FIXOS,TOTAL DE OUTROS CUSTOS FIXOS (F),83.12,1.11,5.41,4500.0,2.83,Total Outros Custos Fixos (F),,1.5058438146760413,125.16573787587257,1.671486634290406
Campo Mourão,PR,2017,V - OUTROS CUSTOS FIXOS,CUSTO FIXO (E+F=G),233.0,3.11,15.15,4500.0,7.93,Custo Fixo (G),,1.5058438146760413,350.86160881951764,4.6831742636424885
Campo Mourão,PR,2017,V - OUTROS CUSTOS FIXOS,CUSTO OPERACIONAL (D+G=H),1770.73,23.63,115.15,4500.0,60.3,Custo Operacional (H),,1.5058438146760413,2666.442817961307,35.58308934079486
Campo Mourão,PR,2017,VI - RENDA DE FATORES,32 - Remuneração esperada sobre o capital fixo,94.46,1.26,6.14,4500.0,3.22,,,1.5058438146760413,142.24200673429885,1.897363206491812
Campo Mourão,PR,2017,VI - RENDA DE FATORES,33 - Terra Própria,1071.6,14.29,69.69,4500.0,36.49,,Terra,1.5058438146760413,1613.6622318068457,21.518508111720628
Campo Mourão,PR,2017,VI - RENDA DE FATORES,34 - Arrendamento,0.0,0.0,0.0,4500.0,0.0,,Arrendamento,1.5058438146760413,0.0,0.0
Campo Mourão,PR,2017,VI - RENDA DE FATORES,TOTAL DE RENDA DE FATORES (I),1166.06,15.55,75.83,4500.0,39.71,Total Renda de Fatores (I),,1.5058438146760413,1755.9042385411447,23.415871318212442
Campo Mourão,PR,2017,VI - RENDA DE FATORES,CUSTO TOTAL (H+I=J),2936.79,39.18,190.98,4500.0,,Custo Total (J),,1.5058438146760413,4422.347056502452,58.9989606590073
Campo Mourão,PR,2018,I - DESPESAS DE CUSTEIO DA LAVOURA,1 - Operação com animal,0.0,0.0,0.0,4500.0,0.0,,,1.4526103448798835,0.0,0.0
Campo Mourão,PR,2018,I - DESPESAS DE CUSTEIO DA LAVOURA,2 - Operação com Avião,0.0,0.0,0.0,4500.0,0.0,,,1.4526103448798835,0.0,0.0
Campo Mourão,PR,2018,3 - Operação com máquinas:,3.1 - Tratores e Colheitadeiras,183.93,2.47,11.83,4500.0,6.42,,,1.4526103448798835,267.178620733757,3.5879475518533126
Campo Mourão,PR,2018,3 - Operação com máquinas:,3.2 - Conjunto de Irrigação,0.0,0.0,0.0,4500.0,0.0,,,1.4526103448798835,0.0,0.0
Campo Mourão,PR,2018,3 - Operação com máquinas:,4 - Aluguel de Máquinas,0.0,0.0,0.0,4500.0,0.0,,Máquinas/Depreciação,1.4526103448798835,0.0,0.0
Campo Mourão,PR,2018,3 - Operação com máquinas:,5 - Aluguel de Animais,0.0,0.0,0.0,4500.0,0.0,,,1.4526103448798835,0.0,0.0
Campo Mourão,PR,2018,3 - Operação com máquinas:,6 - Mão-de-obra,24.73,0.32,1.59,4500.0,0.86,,Mão de obra,1.4526103448798835,35.92305382887952,0.4648353103615627
Campo Mourão,PR,2018,3 - Operação com máquinas:,7 - Administrador,140.0,1.88,9.01,4500.0,4.89,,Administração,1.4526103448798835,203.3654482831837,2.7309074483741806
Campo Mourão,PR,2018,3 - Operação com máquinas:,8 - Sementes,272.19,3.63,17.51,4500.0,9.51,,Sementes,1.4526103448798835,395.38600977285546,5.272975551913977
Campo Mourão,PR,2018,3 - Operação com máquinas:,8.1 - Royalties,0.0,0.0,0.0,4500.0,0.0,,,1.4526103448798835,0.0,0.0
Campo Mourão,PR,2018,3 - Operação com máquinas:,9 - Fertilizantes,403.57,5.38,25.96,4500.0,14.09,,Fertilizantes,1.4526103448798835,586.2299568831746,7.815043655453773
Campo Mourão,PR,2018,3 - Operação com máquinas:,10 - Agrotóxicos,178.11,2.38,11.46,4500.0,6.22,,Defensivos/Agrotóxicos,1.4526103448798835,258.7244285265561,3.4572126208141225
Campo Mourão,PR,2018,3 - Operação com máquinas:,11 - Água,0.0,0.0,0.0,4500.0,0.0,,,1.4526103448798835,0.0,0.0
Campo Mourão,PR,2018,3 - Operação com máquinas:,12 - Receita,0.0,0.0,0.0,4500.0,0.0,,,1.4526103448798835,0.0,0.0
Campo Mourão,PR,2018,13 - Outros:,13.1 - Análise Foliar,0.0,0.0,0.0,4500.0,0.0,,,1.4526103448798835,0.0,0.0
Campo Mourão,PR,2018,13 - Outros:,13.2 - Embalagens/Utensílios,0.0,0.0,0.0,4500.0,0.0,,,1.4526103448798835,0.0,0.0
Campo Mourão,PR,2018,13 - Outros:,13.3 - Vernalização(Alho),0.0,0.0,0.0,4500.0,0.0,,,1.4526103448798835,0.0,0.0
Campo Mourão,PR,2018,13 - Outros:,13.4 - Análise de Solo,0.0,0.0,0.0,4500.0,0.0,,,1.4526103448798835,0.0,0.0
Campo Mourão,PR,2018,13 - Outros:,13.5 - Mudas,0.0,0.0,0.0,4500.0,0.0,,,1.4526103448798835,0.0,0.0
Campo Mourão,PR,2018,13 - Outros:,13.6 - Taxas Ambientais,0.0,0.0,0.0,4500.0,0.0,,,1.4526103448798835,0.0,0.0
Campo Mourão,PR,2018,13 - Outros:,13.7 - Demais Despesas,0.0,0.0,0.0,4500.0,0.0,,,1.4526103448798835,0.0,0.0
Campo Mourão,PR,2018,13 - Outros:,13.8 - Implementos Manuais,0.0,0.0,0.0,4500.0,0.0,,Máquinas/Depreciação,1.4526103448798835,0.0,0.0
Campo Mourão,PR,2018,13 - Outros:,14 - Serviços Diversos,0.0,0.0,0.0,4500.0,0.0,,,1.4526103448798835,0.0,0.0
Campo Mourão,PR,2018,13 - Outros:,TOTAL DAS DESPESAS DE CUSTEIO DA LAVOURA (A),1202.53,16.06,77.36,4500.0,41.99,Total Despesas de Custeio (A),,1.4526103448798835,1746.8075180284063,23.328922138770928
Campo Mourão,PR,2018,II - OUTRAS DESPESAS,15 - Transporte Externo,112.5,1.5,7.24,4500.0,3.93,,Transporte,1.4526103448798835,163.4186637989869,2.178915517319825
Campo Mourão,PR,2018,16 - Despesas:,16.1 - Despesas Administrativas,36.08,0.48,2.32,4500.0,1.26,,Administração,1.4526103448798835,52.410181243266194,0.6972529655423441
Campo Mourão,PR,2018,16 - Despesas:,16.2 - Despesas de armazenagem,121.66,1.62,7.83,4500.0,4.25,,,1.4526103448798835,176.72457455808663,2.3532287587054115
Campo Mourão,PR,2018,16 - Despesas:,16.3 - Beneficiamento,0.0,0.0,0.0,4500.0,0.0,,,1.4526103448798835,0.0,0.0
Campo Mourão,PR,2018,16 - Despesas:,17 - Seguro da Produção,0.0,0.0,0.0,4500.0,0.0,,Seguro,1.4526103448798835,0.0,0.0
Campo Mourão,PR,2018,16 - Despesas:,18 - Seguro do crédito,0.0,0.0,0.0,4500.0,0.0,,Seguro,1.4526103448798835,0.0,0.0
Campo Mourão,PR,2018,16 - Despesas:,19 - Assistência Técnica,0.0,0.0,0.0,4500.0,0.0,,,1.4526103448798835,0.0,0.0
Campo Mourão,PR,2018,16 - Despesas:,20 - Classificação,0.0,0.0,0.0,4500.0,0.0,,,1.4526103448798835,0.0,0.0
Campo Mourão,PR,2018,16 - Despesas:,21 - Outros Impostos/Taxas,0.0,0.0,0.0,4500.0,0.0,,,1.4526103448798835,0.0,0.0
Campo Mourão,PR,2018,16 - Despesas:,22 - CDO,0.0,0.0,0.0,4500.0,0.0,,,1.4526103448798835,0.0,0.0
Campo Mourão,PR,2018,16 - Despesas:,23 - CESSR,33.2,0.44,2.14,4500.0,1.16,,,1.4526103448798835,48.22666345001213,0.6391485517471488
Campo Mourão,PR,2018,16 - Despesas:,24 - FUNDECITRUS,0.0,0.0,0.0,4500.0,0.0,,,1.4526103448798835,0.0,0.0
Campo Mourão,PR,2018,16 - Despesas:,TOTAL DAS OUTRAS DESPESAS (B),303.44,4.04,19.53,4500.0,10.6,Total Outras Despesas (B),,1.4526103448798835,440.78008305035183,5.86854579331473
Campo Mourão,PR,2018,III - DESPESAS FINANCEIRAS,25 - Juros do Financiamento,48.67,0.65,3.13,4500.0,1.7,,Juros/Financiamento,1.4526103448798835,70.69854548530394,0.9441967241719244
Campo Mourão,PR,2018,III - DESPESAS FINANCEIRAS,TOTAL DAS DESPESAS FINANCEIRAS (C),48.67,0.65,3.13,4500.0,1.7,Total Despesas Financeiras (C),,1.4526103448798835,70.69854548530394,0.9441967241719244
Campo Mourão,PR,2018,III - DESPESAS FINANCEIRAS,CUSTO VARIÁVEL (A+B+C=D),1554.64,20.75,100.02,4500.0,54.29,Custo Variável (D),,1.4526103448798835,2258.286146564062,30.141664656257582
Campo Mourão,PR,2018,IV - DEPRECIAÇÕES,26 - Depreciação de benfeitorias/instalações,2.6,0.03,0.17,4500.0,0.09,,Máquinas/Depreciação,1.4526103448798835,3.7767868966876974,0.043578310346396504
Campo Mourão,PR,2018,IV - DEPRECIAÇÕES,27 - Depreciação de implementos,94.01,1.25,6.05,4500.0,3.28,,Máquinas/Depreciação,1.4526103448798835,136.55989852215785,1.8157629310998544
Campo Mourão,PR,2018,IV - DEPRECIAÇÕES,28 - Depreciação de Máquinas,54.39,0.73,3.5,4500.0,1.9,,Máquinas/Depreciação,1.4526103448798835,79.00747665801687,1.060405551762315
Campo Mourão,PR,2018,IV - DEPRECIAÇÕES,TOTAL DE DEPRECIAÇÕES (E),151.0,2.01,9.72,4500.0,5.27,Total Depreciações (E),Máquinas/Depreciação,1.4526103448798835,219.3441620768624,2.9197467932085654
Campo Mourão,PR,2018,V - OUTROS CUSTOS FIXOS,29 - Manutenção Periódica Benfeitorias/Instalações,27.45,0.37,1.77,4500.0,0.96,,,1.4526103448798835,39.874153966952804,0.5374658276055568
Campo Mourão,PR,2018,V - OUTROS CUSTOS FIXOS,30 - Encargos Sociais,63.83,0.85,4.11,4500.0,2.23,,,1.4526103448798835,92.72011831368296,1.234718793147901
Campo Mourão,PR,2018,V - OUTROS CUSTOS FIXOS,31 - Seguro do capital fixo,8.11,0.11,0.52,4500.0,0.28,,Seguro,1.4526103448798835,11.780669896975855,0.1597871379367872
Campo Mourão,PR,2018,V - OUTROS CUSTOS FIXOS,TOTAL DE OUTROS CUSTOS FIXOS (F),99.39,1.33,6.4,4500.0,3.47,Total Outros Custos Fixos (F),,1.4526103448798835,144.37494217761162,1.9319717586902452
Campo Mourão,PR,2018,V - OUTROS CUSTOS FIXOS,CUSTO FIXO (E+F=G),250.39,3.34,16.12,4500.0,8.74,Custo Fixo (G),,1.4526103448798835,363.719104254474,4.851718551898811
Campo Mourão,PR,2018,V - OUTROS CUSTOS FIXOS,CUSTO OPERACIONAL (D+G=H),1805.03,24.09,116.14,4500.0,63.03,Custo Operacional (H),,1.4526103448798835,2622.005250818536,34.993383208156395
Campo Mourão,PR,2018,VI - RENDA DE FATORES,32 - Remuneração esperada sobre o capital fixo,87.48,1.17,5.63,4500.0,3.06,,,1.4526103448798835,127.07435297009222,1.6995541035094637
Campo Mourão,PR,2018,VI - RENDA DE FATORES,33 - Terra Própria,970.8,12.94,62.45,4500.0,33.9,,Terra,1.4526103448798835,1410.1941228093908,18.796777862745692
Campo Mourão,PR,2018,VI - RENDA DE FATORES,34 - Arrendamento,0.0,0.0,0.0,4500.0,0.0,,Arrendamento,1.4526103448798835,0.0,0.0
Campo Mourão,PR,2018,VI - RENDA DE FATORES,TOTAL DE RENDA DE FATORES (I),1058.28,14.11,68.08,4500.0,36.96,Total Renda de Fatores (I),,1.4526103448798835,1537.268475779483,20.496331966255156
Campo Mourão,PR,2018,VI - RENDA DE FATORES,CUSTO TOTAL (H+I=J),2863.31,38.2,184.22,4500.0,,Custo Total (J),,1.4526103448798835,4159.2737265980195,55.48971517441155
Campo Mourão,PR,2019,I - DESPESAS DE CUSTEIO DA LAVOURA,1 - Operação com animal,0.0,0.0,0.0,6500.0,0.0,,,1.40033526552242,0.0,0.0
Campo Mourão,PR,2019,I - DESPESAS DE CUSTEIO DA LAVOURA,2 - Operação com Avião,0.0,0.0,0.0,6500.0,0.0,,,1.40033526552242,0.0,0.0
Campo Mourão,PR,2019,3 - Operação com máquinas:,3.1 - Tratores e Colheitadeiras,130.86,1.21,4.79,6500.0,3.43,,,1.40033526552242,183.2478728462639,1.694405671282128
Campo Mourão,PR,2019,3 - Operação com máquinas:,3.2 - Conjunto de Irrigação,0.0,0.0,0.0,6500.0,0.0,,,1.40033526552242,0.0,0.0
Campo Mourão,PR,2019,3 - Operação com máquinas:,4 - Aluguel de Máquinas,0.0,0.0,0.0,6500.0,0.0,,Máquinas/Depreciação,1.40033526552242,0.0,0.0
Campo Mourão,PR,2019,3 - Operação com máquinas:,5 - Aluguel de Animais,0.0,0.0,0.0,6500.0,0.0,,,1.40033526552242,0.0,0.0
Campo Mourão,PR,2019,3 - Operação com máquinas:,6 - Mão-de-obra,0.0,0.0,0.0,6500.0,0.0,,Mão de obra,1.40033526552242,0.0,0.0
Campo Mourão,PR,2019,3 - Operação com máquinas:,7 - Administrador,120.0,1.11,4.39,6500.0,3.15,,Administração,1.40033526552242,168.0402318626904,1.5543721447298862
Campo Mourão,PR,2019,3 - Operação com máquinas:,8 - Sementes,580.0,5.35,21.23,6500.0,15.2,,Sementes,1.40033526552242,812.1944540030036,7.491793670544946
Campo Mourão,PR,2019,3 - Operação com máquinas:,9 - Fertilizantes,663.14,6.12,24.27,6500.0,17.38,,Fertilizantes,1.40033526552242,928.6183279785375,8.57005182499721
Campo Mourão,PR,2019,3 - Operação com máquinas:,10 - Agrotóxicos,574.85,5.31,21.04,6500.0,15.07,,Defensivos/Agrotóxicos,1.40033526552242,804.9827273855632,7.43578025992405
Campo Mourão,PR,2019,3 - Operação com máquinas:,11 - Água,0.0,0.0,0.0,6500.0,0.0,,,1.40033526552242,0.0,0.0
Campo Mourão,PR,2019,3 - Operação com máquinas:,12 - Receita,0.0,0.0,0.0,6500.0,0.0,,,1.40033526552242,0.0,0.0
Campo Mourão,PR,2019,13 - Outros:,13.1 - Análise Foliar,0.0,0.0,0.0,6500.0,0.0,,,1.40033526552242,0.0,0.0
Campo Mourão,PR,2019,13 - Outros:,13.2 - Embalagens/Utensílios,0.0,0.0,0.0,6500.0,0.0,,,1.40033526552242,0.0,0.0
Campo Mourão,PR,2019,13 - Outros:,13.3 - Vernalização(Alho),0.0,0.0,0.0,6500.0,0.0,,,1.40033526552242,0.0,0.0
Campo Mourão,PR,2019,13 - Outros:,13.4 - Análise de Solo,0.0,0.0,0.0,6500.0,0.0,,,1.40033526552242,0.0,0.0
Campo Mourão,PR,2019,13 - Outros:,13.5 - Mudas,0.0,0.0,0.0,6500.0,0.0,,,1.40033526552242,0.0,0.0
Campo Mourão,PR,2019,13 - Outros:,13.6 - Taxas Ambientais,0.0,0.0,0.0,6500.0,0.0,,,1.40033526552242,0.0,0.0
Campo Mourão,PR,2019,13 - Outros:,13.7 - Demais Despesas,0.0,0.0,0.0,6500.0,0.0,,,1.40033526552242,0.0,0.0
Campo Mourão,PR,2019,13 - Outros:,13.8 - Implementos Manuais,0.0,0.0,0.0,6500.0,0.0,,Máquinas/Depreciação,1.40033526552242,0.0,0.0
Campo Mourão,PR,2019,13 - Outros:,14 - Serviços Diversos,0.0,0.0,0.0,6500.0,0.0,,,1.40033526552242,0.0,0.0
Campo Mourão,PR,2019,13 - Outros:,TOTAL DAS DESPESAS DE CUSTEIO DA LAVOURA (A),2068.85,19.1,75.72,6500.0,54.23,Total Despesas de Custeio (A),,1.40033526552242,2897.0836140760584,26.746403571478222
Campo Mourão,PR,2019,II - OUTRAS DESPESAS,15 - Transporte Externo,178.75,1.65,6.54,6500.0,4.68,,Transporte,1.40033526552242,250.30992871213257,2.3105531881119927
Campo Mourão,PR,2019,16 - Despesas:,16.1 - Despesas Administrativas,62.07,0.57,2.27,6500.0,1.63,,Administração,1.40033526552242,86.91880993097661,0.7981911013477793
Campo Mourão,PR,2019,16 - Despesas:,16.2 - Despesas de armazenagem,175.7,1.62,6.43,6500.0,4.61,,,1.40033526552242,246.03890615228917,2.2685431301463206
Campo Mourão,PR,2019,16 - Despesas:,16.3 - Beneficiamento,0.0,0.0,0.0,6500.0,0.0,,,1.40033526552242,0.0,0.0
Campo Mourão,PR,2019,16 - Despesas:,17 - Seguro da Produção,82.75,0.76,3.03,6500.0,2.17,,Seguro,1.40033526552242,115.87774322198025,1.0642548017970392
Campo Mourão,PR,2019,16 - Despesas:,18 - Seguro do crédito,0.0,0.0,0.0,6500.0,0.0,,Seguro,1.40033526552242,0.0,0.0
Campo Mourão,PR,2019,16 - Despesas:,19 - Assistência Técnica,41.38,0.38,1.51,6500.0,1.08,,,1.40033526552242,57.94587328731774,0.5321274008985196
Campo Mourão,PR,2019,16 - Despesas:,20 - Classificação,0.0,0.0,0.0,6500.0,0.0,,,1.40033526552242,0.0,0.0
Campo Mourão,PR,2019,16 - Despesas:,21 - Outros Impostos/Taxas,0.0,0.0,0.0,6500.0,0.0,,,1.40033526552242,0.0,0.0
Campo Mourão,PR,2019,16 - Despesas:,22 - CDO,0.0,0.0,0.0,6500.0,0.0,,,1.40033526552242,0.0,0.0
Campo Mourão,PR,2019,16 - Despesas:,23 - CESSR,47.82,0.44,1.75,6500.0,1.25,,,1.40033526552242,66.96403239728212,0.6161475168298648
Campo Mourão,PR,2019,16 - Despesas:,24 - FUNDECITRUS,0.0,0.0,0.0,6500.0,0.0,,,1.40033526552242,0.0,0.0
Campo Mourão,PR,2019,16 - Despesas:,TOTAL DAS OUTRAS DESPESAS (B),588.47,5.43,21.53,6500.0,15.42,Total Outras Despesas (B),,1.40033526552242,824.0552937019785,7.60382049178674
Campo Mourão,PR,2019,III - DESPESAS FINANCEIRAS,25 - Juros do Financiamento,74.81,0.69,2.74,6500.0,1.96,,Juros/Financiamento,1.40033526552242,104.75908121373224,0.9662313332104697
Campo Mourão,PR,2019,III - DESPESAS FINANCEIRAS,TOTAL DAS DESPESAS FINANCEIRAS (C),74.81,0.69,2.74,6500.0,1.96,Total Despesas Financeiras (C),,1.40033526552242,104.75908121373224,0.9662313332104697
Campo Mourão,PR,2019,III - DESPESAS FINANCEIRAS,CUSTO VARIÁVEL (A+B+C=D),2732.13,25.22,99.99,6500.0,71.61,Custo Variável (D),,1.40033526552242,3825.897988991769,35.316455396475426
Campo Mourão,PR,2019,IV - DEPRECIAÇÕES,26 - Depreciação de benfeitorias/instalações,8.02,0.07,0.29,6500.0,0.21,,Máquinas/Depreciação,1.40033526552242,11.230688829489807,0.0980234685865694
Campo Mourão,PR,2019,IV - DEPRECIAÇÕES,27 - Depreciação de implementos,25.07,0.23,0.92,6500.0,0.66,,Máquinas/Depreciação,1.40033526552242,35.10640510664707,0.3220771110701566
Campo Mourão,PR,2019,IV - DEPRECIAÇÕES,28 - Depreciação de Máquinas,53.13,0.49,1.94,6500.0,1.39,,Máquinas/Depreciação,1.40033526552242,74.39981265720617,0.6861642801059857
Campo Mourão,PR,2019,IV - DEPRECIAÇÕES,TOTAL DE DEPRECIAÇÕES (E),86.22,0.8,3.15,6500.0,2.26,Total Depreciações (E),Máquinas/Depreciação,1.40033526552242,120.73690659334305,1.120268212417936
Campo Mourão,PR,2019,V - OUTROS CUSTOS FIXOS,29 - Manutenção Periódica Benfeitorias/Instalações,118.25,1.09,4.33,6500.0,3.1,,,1.40033526552242,165.58964514802616,1.526365439419438
Campo Mourão,PR,2019,V - OUTROS CUSTOS FIXOS,30 - Encargos Sociais,54.71,0.5,2.0,6500.0,1.43,,,1.40033526552242,76.61234237673159,0.70016763276121
Campo Mourão,PR,2019,V - OUTROS CUSTOS FIXOS,31 - Seguro do capital fixo,5.73,0.05,0.21,6500.0,0.15,,Seguro,1.40033526552242,8.023921071443468,0.070016763276121
Campo Mourão,PR,2019,V - OUTROS CUSTOS FIXOS,TOTAL DE OUTROS CUSTOS FIXOS (F),178.69,1.65,6.54,6500.0,4.68,Total Outros Custos Fixos (F),,1.40033526552242,250.2259085962012,2.3105531881119927
Campo Mourão,PR,2019,V - OUTROS CUSTOS FIXOS,CUSTO FIXO (E+F=G),264.91,2.45,9.69,6500.0,6.94,Custo Fixo (G),,1.40033526552242,370.9628151895443,3.430821400529929
Campo Mourão,PR,2019,V - OUTROS CUSTOS FIXOS,CUSTO OPERACIONAL (D+G=H),2997.04,27.66,109.68,6500.0,78.55,Custo Operacional (H),,1.40033526552242,4196.860804181313,38.73327344435013
Campo Mourão,PR,2019,VI - RENDA DE FATORES,32 - Remuneração esperada sobre o capital fixo,47.1,0.43,1.72,6500.0,1.23,,,1.40033526552242,65.95579100610598,0.6021441641746406
Campo Mourão,PR,2019,VI - RENDA DE FATORES,33 - Terra Própria,771.25,7.12,28.23,6500.0,20.21,,Terra,1.40033526552242,1080.0085735341663,9.97038709051963
Campo Mourão,PR,2019,VI - RENDA DE FATORES,34 - Arrendamento,0.0,0.0,0.0,6500.0,0.0,,Arrendamento,1.40033526552242,0.0,0.0
Campo Mourão,PR,2019,VI - RENDA DE FATORES,TOTAL DE RENDA DE FATORES (I),818.35,7.55,29.95,6500.0,21.44,Total Renda de Fatores (I),,1.40033526552242,1145.9643645402723,10.57253125469427
Campo Mourão,PR,2019,VI - RENDA DE FATORES,CUSTO TOTAL (H+I=J),3815.39,35.22,139.63,6500.0,,Custo Total (J),,1.40033526552242,5342.825168721585,49.31980805169963
Campo Mourão,PR,2020,I - DESPESAS DE CUSTEIO,1 - Operação com animal,0.0,0.0,0.0,6500.0,0.0,,,1.356761632067946,0.0,0.0
Campo Mourão,PR,2020,I - DESPESAS DE CUSTEIO,2 - Operação com Avião,0.0,0.0,0.0,6500.0,0.0,,,1.356761632067946,0.0,0.0
Campo Mourão,PR,2020,3 - Operação com máquinas:,3.1 - Tratores e Colheitadeiras,134.65,1.24,4.69,6500.0,3.13,,,1.356761632067946,182.68795375794895,1.6823844237642531
Campo Mourão,PR,2020,3 - Operação com máquinas:,3.2 - Conjunto de Irrigação,0.0,0.0,0.0,6500.0,0.0,,,1.356761632067946,0.0,0.0
Campo Mourão,PR,2020,3 - Operação com máquinas:,4 - Aluguel de Máquinas,0.0,0.0,0.0,6500.0,0.0,,Máquinas/Depreciação,1.356761632067946,0.0,0.0
Campo Mourão,PR,2020,3 - Operação com máquinas:,5 - Aluguel de Animais,0.0,0.0,0.0,6500.0,0.0,,,1.356761632067946,0.0,0.0
Campo Mourão,PR,2020,3 - Operação com máquinas:,6 - Mão de obra,0.0,0.0,0.0,6500.0,0.0,,Mão de obra,1.356761632067946,0.0,0.0
Campo Mourão,PR,2020,3 - Operação com máquinas:,7 - Administrador,180.44,1.67,6.29,6500.0,4.19,,Administração,1.356761632067946,244.8140688903402,2.26579192555347
Campo Mourão,PR,2020,3 - Operação com máquinas:,8 - Sementes e mudas,605.0,5.58,21.09,6500.0,14.06,,Sementes,1.356761632067946,820.8407874011074,7.570729906939139
Campo Mourão,PR,2020,3 - Operação com máquinas:,9 - Fertilizantes,645.9,5.96,22.52,6500.0,15.01,,Fertilizantes,1.356761632067946,876.3323381526864,8.086299327124959
Campo Mourão,PR,2020,3 - Operação com máquinas:,10 - Agrotóxicos,565.22,5.22,19.71,6500.0,13.14,,Defensivos/Agrotóxicos,1.356761632067946,766.8688096774446,7.082295719394678
Campo Mourão,PR,2020,3 - Operação com máquinas:,11 - Receita,0.0,0.0,0.0,6500.0,0.0,,,1.356761632067946,0.0,0.0
Campo Mourão,PR,2020,12 - Outros:,12.1 - Embalagens/Utensílios,0.0,0.0,0.0,6500.0,0.0,,,1.356761632067946,0.0,0.0
Campo Mourão,PR,2020,12 - Outros:,12.2 - Análise de Solo,0.0,0.0,0.0,6500.0,0.0,,,1.356761632067946,0.0,0.0
Campo Mourão,PR,2020,12 - Outros:,12.3 - Demais Despesas,0.0,0.0,0.0,6500.0,0.0,,,1.356761632067946,0.0,0.0
Campo Mourão,PR,2020,12 - Outros:,13 - Serviços Diversos,0.0,0.0,0.0,6500.0,0.0,,,1.356761632067946,0.0,0.0
Campo Mourão,PR,2020,12 - Outros:,TOTAL DAS DESPESAS DE CUSTEIO (A),2131.21,19.67,74.3,6500.0,49.53,Total Despesas de Custeio (A),,1.356761632067946,2891.5439578795276,26.687501302776504
Campo Mourão,PR,2020,II - OUTRAS DESPESAS,14 - Transporte Externo,214.5,1.98,7.48,6500.0,4.99,,Transporte,1.356761632067946,291.02537007857444,2.686388031494533
Campo Mourão,PR,2020,II - OUTRAS DESPESAS,15 - Despesas Administrativas,63.94,0.59,2.23,6500.0,1.49,,Administração,1.356761632067946,86.75133875442447,0.8004893629200881
Campo Mourão,PR,2020,II - OUTRAS DESPESAS,16 - Despesas de armazenagem,180.07,1.66,6.28,6500.0,4.19,,,1.356761632067946,244.31206708647505,2.2522243092327905
Campo Mourão,PR,2020,II - OUTRAS DESPESAS,17 - Beneficiamento,0.0,0.0,0.0,6500.0,0.0,,,1.356761632067946,0.0,0.0
Campo Mourão,PR,2020,II - OUTRAS DESPESAS,18 - Seguro da Produção,85.25,0.79,2.97,6500.0,1.98,,Seguro,1.356761632067946,115.66392913379241,1.0718416893336775
Campo Mourão,PR,2020,II - OUTRAS DESPESAS,19 - Seguro do crédito,0.0,0.0,0.0,6500.0,0.0,,Seguro,1.356761632067946,0.0,0.0
Campo Mourão,PR,2020,II - OUTRAS DESPESAS,20 - Assistência Técnica,42.62,0.39,1.49,6500.0,0.99,,,1.356761632067946,57.82518075873586,0.529137036506499
Campo Mourão,PR,2020,II - OUTRAS DESPESAS,21 - Classificação,0.0,0.0,0.0,6500.0,0.0,,,1.356761632067946,0.0,0.0
Campo Mourão,PR,2020,II - OUTRAS DESPESAS,22 - Outros Impostos/Taxas,0.0,0.0,0.0,6500.0,0.0,,,1.356761632067946,0.0,0.0
Campo Mourão,PR,2020,II - OUTRAS DESPESAS,23 - CESSR,69.63,0.64,2.43,6500.0,1.62,,,1.356761632067946,94.47131244089108,0.8683274445234855
Campo Mourão,PR,2020,II - OUTRAS DESPESAS,TOTAL DAS OUTRAS DESPESAS (B),656.01,6.06,22.88,6500.0,15.26,Total Outras Despesas (B),,1.356761632067946,890.0491982528933,8.221975490331753
Campo Mourão,PR,2020,III - DESPESAS FINANCEIRAS,24 - Juros do Financiamento,81.13,0.75,2.83,6500.0,1.89,,Juros/Financiamento,1.356761632067946,110.07407120967245,1.0175712240509596
Campo Mourão,PR,2020,III - DESPESAS FINANCEIRAS,TOTAL DAS DESPESAS FINANCEIRAS (C),81.13,0.75,2.83,6500.0,1.89,Total Despesas Financeiras (C),,1.356761632067946,110.07407120967245,1.0175712240509596
Campo Mourão,PR,2020,III - DESPESAS FINANCEIRAS,CUSTO VARIÁVEL (A+B+C=D),2868.35,26.48,100.01,6500.0,66.68,Custo Variável (D),,1.356761632067946,3891.667227342093,35.927048017159215
Campo Mourão,PR,2020,IV - DEPRECIAÇÕES,25 - Depreciação de benfeitorias/instalações,9.84,0.09,0.34,6500.0,0.23,,Máquinas/Depreciação,1.356761632067946,13.350534459548589,0.12210854688611514
Campo Mourão,PR,2020,IV - DEPRECIAÇÕES,26 - Depreciação de implementos,30.06,0.28,1.05,6500.0,0.7,,Máquinas/Depreciação,1.356761632067946,40.78425465996246,0.37989325697902493
Campo Mourão,PR,2020,IV - DEPRECIAÇÕES,27 - Depreciação de Máquinas,58.45,0.54,2.04,6500.0,1.36,,Máquinas/Depreciação,1.356761632067946,79.30271739437146,0.7326512813166909
Campo Mourão,PR,2020,IV - DEPRECIAÇÕES,TOTAL DE DEPRECIAÇÕES (E),98.35,0.91,3.43,6500.0,2.29,Total Depreciações (E),Máquinas/Depreciação,1.356761632067946,133.43750651388248,1.234653085181831
Campo Mourão,PR,2020,V - OUTROS CUSTOS FIXOS,28 - Manutenção Periódica Benfeitorias/Instalações,145.0,1.34,5.06,6500.0,3.37,,,1.356761632067946,196.73043664985218,1.8180605869710478
Campo Mourão,PR,2020,V - OUTROS CUSTOS FIXOS,29 - Encargos Sociais,82.26,0.76,2.87,6500.0,1.91,,,1.356761632067946,111.60721185390925,1.031138840371639
Campo Mourão,PR,2020,V - OUTROS CUSTOS FIXOS,30 - Seguro do capital fixo,6.67,0.06,0.23,6500.0,0.16,,Seguro,1.356761632067946,9.0496000858932,0.08140569792407676
Campo Mourão,PR,2020,V - OUTROS CUSTOS FIXOS,31 - Arrendamento,0.0,0.0,0.0,6500.0,0.0,,Arrendamento,1.356761632067946,0.0,0.0
Campo Mourão,PR,2020,V - OUTROS CUSTOS FIXOS,TOTAL DE OUTROS CUSTOS FIXOS (F),233.93,2.16,8.16,6500.0,5.44,Total Outros Custos Fixos (F),,1.356761632067946,317.38724858965463,2.9306051252667635
Campo Mourão,PR,2020,V - OUTROS CUSTOS FIXOS,CUSTO FIXO (E+F=G),332.28,3.07,11.59,6500.0,7.73,Custo Fixo (G),,1.356761632067946,450.8247551035371,4.165258210448594
Campo Mourão,PR,2020,V - OUTROS CUSTOS FIXOS,CUSTO OPERACIONAL (D+G=H),3200.63,29.55,111.6,6500.0,74.41,Custo Operacional (H),,1.356761632067946,4342.49198244563,40.09230622760781
Campo Mourão,PR,2020,VI - RENDA DE FATORES,32 - Remuneração esperada sobre o capital fixo,54.83,0.51,1.91,6500.0,1.27,,,1.356761632067946,74.39124028628548,0.6919484323546525
Campo Mourão,PR,2020,VI - RENDA DE FATORES,33 - Terra Própria,1046.32,9.66,36.48,6500.0,24.32,,Terra,1.356761632067946,1419.6068308653332,13.10631736577636
Campo Mourão,PR,2020,VI - RENDA DE FATORES,TOTAL DE RENDA DE FATORES (I),1101.15,10.16,38.39,6500.0,25.59,Total Renda de Fatores (I),,1.356761632067946,1493.998071151619,13.784698181810333
Campo Mourão,PR,2020,VI - RENDA DE FATORES,CUSTO TOTAL (H+I=J),4301.78,39.71,149.99,6500.0,,Custo Total (J),,1.356761632067946,5836.490053597248,53.87700440941814
Campo Mourão,PR,2021,I - DESPESAS DO CUSTEIO,1 - Operação com animal,0.0,0.0,0.0,6500.0,0.0,,,1.2527626200113375,0.0,0.0
Campo Mourão,PR,2021,I - DESPESAS DO CUSTEIO,2 - Operação com Avião,0.0,0.0,0.0,6500.0,0.0,,,1.2527626200113375,0.0,0.0
Campo Mourão,PR,2021,3 - Operação com máquinas:,3.1 - Tratores e Colheitadeiras,140.04,1.29268,3.8,6500.0,3.13,,,1.2527626200113375,175.4368773063877,1.619421183636256
Campo Mourão,PR,2021,3 - Operação com máquinas:,3.2 - Conjunto de Irrigação,0.0,0.0,0.0,6500.0,0.0,,,1.2527626200113375,0.0,0.0
Campo Mourão,PR,2021,3 - Operação com máquinas:,4 - Aluguel de Máquinas,0.0,0.0,0.0,6500.0,0.0,,Máquinas/Depreciação,1.2527626200113375,0.0,0.0
Campo Mourão,PR,2021,3 - Operação com máquinas:,5 - Aluguel de Animais,0.0,0.0,0.0,6500.0,0.0,,,1.2527626200113375,0.0,0.0
Campo Mourão,PR,2021,3 - Operação com máquinas:,6 - Mão de obra,0.0,0.0,0.0,6500.0,0.0,,Mão de obra,1.2527626200113375,0.0,0.0
Campo Mourão,PR,2021,3 - Operação com máquinas:,7 - Administrador,184.84,1.7062,5.01,6500.0,4.14,,Administração,1.2527626200113375,231.56064268289563,2.137463582263344
Campo Mourão,PR,2021,3 - Operação com máquinas:,8 - Sementes e mudas,677.0,6.24923,18.35,6500.0,15.15,,Sementes,1.2527626200113375,848.1202937476755,7.828801747853451
Campo Mourão,PR,2021,3 - Operação com máquinas:,9 - Fertilizantes,1182.85,10.91861,32.06,6500.0,26.47,,Fertilizantes,1.2527626200113375,1481.8302650804105,13.67842647048199
Campo Mourão,PR,2021,3 - Operação com máquinas:,10 - Agrotóxicos,636.88,5.87891,17.26,6500.0,14.25,,Defensivos/Agrotóxicos,1.2527626200113375,797.8594574328206,7.364878694410852
Campo Mourão,PR,2021,3 - Operação com máquinas:,11 - Receita,0.0,0.0,0.0,6500.0,0.0,,,1.2527626200113375,0.0,0.0
Campo Mourão,PR,2021,12 - Outros:,12.1 - Embalagens/Utensílios,0.0,0.0,0.0,6500.0,0.0,,,1.2527626200113375,0.0,0.0
Campo Mourão,PR,2021,12 - Outros:,12.2 - Análise de Solo,0.0,0.0,0.0,6500.0,0.0,,,1.2527626200113375,0.0,0.0
Campo Mourão,PR,2021,12 - Outros:,12.3 - Demais Despesas,0.0,0.0,0.0,6500.0,0.0,,,1.2527626200113375,0.0,0.0
Campo Mourão,PR,2021,12 - Outros:,13 - Serviços Diversos,0.0,0.0,0.0,6500.0,0.0,,,1.2527626200113375,0.0,0.0
Campo Mourão,PR,2021,12 - Outros:,TOTAL DAS DESPESAS DE CUSTEIO (A),2821.61,26.04563,76.48,6500.0,63.14,Total Despesas de Custeio (A),,1.2527626200113375,3534.8075362501904,32.62899167864589
Campo Mourão,PR,2021,II - OUTRAS DESPESAS,14 - Transporte Externo,215.72,1.99126,5.85,6500.0,4.83,,Transporte,1.2527626200113375,270.24595238884575,2.494576094723776
Campo Mourão,PR,2021,II - OUTRAS DESPESAS,15 - Despesas Administrativas,84.65,0.78138,2.29,6500.0,1.89,,Administração,1.2527626200113375,106.04635578395973,0.9788836560244589
Campo Mourão,PR,2021,II - OUTRAS DESPESAS,16 - Despesas de armazenagem,191.7,1.76954,5.2,6500.0,4.29,,,1.2527626200113375,240.1545942561734,2.2168135666148623
Campo Mourão,PR,2021,II - OUTRAS DESPESAS,17 - Beneficiamento,0.0,0.0,0.0,6500.0,0.0,,,1.2527626200113375,0.0,0.0
Campo Mourão,PR,2021,II - OUTRAS DESPESAS,18 - Seguro da Produção,112.86,1.04178,3.06,6500.0,2.53,,Seguro,1.2527626200113375,141.38678929447954,1.305103042275411
Campo Mourão,PR,2021,II - OUTRAS DESPESAS,19 - Seguro do crédito,0.0,0.0,0.0,6500.0,0.0,,Seguro,1.2527626200113375,0.0,0.0
Campo Mourão,PR,2021,II - OUTRAS DESPESAS,20 - Assistência Técnica,56.43,0.52089,1.53,6500.0,1.26,,,1.2527626200113375,70.69339464723977,0.6525515211377055
Campo Mourão,PR,2021,II - OUTRAS DESPESAS,21 - Classificação,0.0,0.0,0.0,6500.0,0.0,,,1.2527626200113375,0.0,0.0
Campo Mourão,PR,2021,II - OUTRAS DESPESAS,22 - Outros,0.0,0.0,0.0,6500.0,0.0,,,1.2527626200113375,0.0,0.0
Campo Mourão,PR,2021,II - OUTRAS DESPESAS,23 - CESSR,127.82,1.17988,3.46,6500.0,2.86,,,1.2527626200113375,160.12811808984915,1.4781095600989769
Campo Mourão,PR,2021,II - OUTRAS DESPESAS,TOTAL DAS OUTRAS DESPESAS (B),789.1800000000001,7.28473,21.39,6500.0,17.66,Total Outras Despesas (B),,1.2527626200113375,988.6552044605475,9.12603744087519
Campo Mourão,PR,2021,III - DESPESAS FINANCEIRAS,24 - Juros do Financiamento,78.64,0.72,2.13,6500.0,1.76,,Juros/Financiamento,1.2527626200113375,98.51725243769158,0.901989086408163
Campo Mourão,PR,2021,III - DESPESAS FINANCEIRAS,TOTAL DAS DESPESAS FINANCEIRAS (C),78.64,0.72,2.13,6500.0,1.76,Total Despesas Financeiras (C),,1.2527626200113375,98.51725243769158,0.901989086408163
Campo Mourão,PR,2021,III - DESPESAS FINANCEIRAS,CUSTO VARIÁVEL (A+B+C=D),3689.43,34.05036,100.0,6500.0,82.56,Custo Variável (D),,1.2527626200113375,4621.979993148429,42.65701820592925
Campo Mourão,PR,2021,IV - DEPRECIAÇÕES,25 - Depreciação de benfeitorias/instalações,16.67,0.15387,0.45,6500.0,0.37,,Máquinas/Depreciação,1.2527626200113375,20.883552875589,0.19276258434114452
Campo Mourão,PR,2021,IV - DEPRECIAÇÕES,26 - Depreciação de implementos,30.06,0.27751,0.81,6500.0,0.67,,Máquinas/Depreciação,1.2527626200113375,37.6580443575408,0.34765415467934624
Campo Mourão,PR,2021,IV - DEPRECIAÇÕES,27 - Depreciação de Máquinas,72.95,0.67343,1.98,6500.0,1.63,,Máquinas/Depreciação,1.2527626200113375,91.38903312982708,0.843647931194235
Campo Mourão,PR,2021,IV - DEPRECIAÇÕES,TOTAL DE DEPRECIAÇÕES (E),119.68,1.10481,3.24,6500.0,2.67,Total Depreciações (E),Máquinas/Depreciação,1.2527626200113375,149.9306303629569,1.384064670214726
Campo Mourão,PR,2021,V - OUTROS CUSTOS FIXOS,28 - Manutenção Periódica Benfeitorias/Instalações,227.05,2.09586,6.15,6500.0,5.08,,,1.2527626200113375,284.4397528735742,2.625615064776962
Campo Mourão,PR,2021,V - OUTROS CUSTOS FIXOS,29 - Encargos Sociais,84.27,0.77786,2.28,6500.0,1.89,,,1.2527626200113375,105.57030598835541,0.974473931602019
Campo Mourão,PR,2021,V - OUTROS CUSTOS FIXOS,30 - Seguro do capital fixo,8.63,0.07963,0.23,6500.0,0.19,,Seguro,1.2527626200113375,10.811341410697844,0.09975748743150281
Campo Mourão,PR,2021,V - OUTROS CUSTOS FIXOS,31 - Arrendamento,0.0,0.0,0.0,6500.0,0.0,,Arrendamento,1.2527626200113375,0.0,0.0
Campo Mourão,PR,2021,V - OUTROS CUSTOS FIXOS,TOTAL DE OUTROS CUSTOS FIXOS (F),319.95,2.95335,8.66,6500.0,7.16,Total Outros Custos Fixos (F),,1.2527626200113375,400.82140027262744,3.6998464838104836
Campo Mourão,PR,2021,V - OUTROS CUSTOS FIXOS,CUSTO FIXO (E+F=G),439.63,4.05816,11.9,6500.0,9.83,Custo Fixo (G),,1.2527626200113375,550.7520306355843,5.083911154025209
Campo Mourão,PR,2021,V - OUTROS CUSTOS FIXOS,CUSTO OPERACIONAL (D+G=H),4129.06,38.10852,111.9,6500.0,92.39,Custo Operacional (H),,1.2527626200113375,5172.732023784014,47.74092935995446
Campo Mourão,PR,2021,VI - RENDA DE FATORES,32 - Remuneração esperada sobre o capital fixo,19.44,0.17944,0.53,6500.0,0.44,,,1.2527626200113375,24.353705333020404,0.2247957245348344
Campo Mourão,PR,2021,VI - RENDA DE FATORES,33 - Terra Própria,320.21,2.95581,8.68,6500.0,7.17,,Terra,1.2527626200113375,401.14711855383035,3.7029282798557115
Campo Mourão,PR,2021,VI - RENDA DE FATORES,TOTAL DE RENDA DE FATORES (F),339.65,3.13525,9.21,6500.0,7.61,Total Renda de Fatores (I),,1.2527626200113375,425.50082388685075,3.927724004390546
Campo Mourão,PR,2021,VI - RENDA DE FATORES,CUSTO TOTAL (H+I=J),4468.709999999999,41.24377,121.11,6500.0,100.0,Custo Total (J),,1.2527626200113375,5598.232847670863,51.668653364345
Campo Mourão,PR,2022,I - DESPESAS DO CUSTEIO,1 - Operação com animal,0.0,0.0,0.0,6500.0,0.0,,,1.146379346107216,0.0,0.0
Campo Mourão,PR,2022,I - DESPESAS DO CUSTEIO,2 - Operação com Avião,0.0,0.0,0.0,6500.0,0.0,,,1.146379346107216,0.0,0.0
Campo Mourão,PR,2022,3 - Operação com máquinas:,3.1 - Tratores e Colheitadeiras,241.78,2.23181,4.4,6500.0,3.28,,,1.146379346107216,277.1715983018027,2.5585008884355456
Campo Mourão,PR,2022,3 - Operação com máquinas:,3.2 - Conjunto de Irrigação,0.0,0.0,0.0,6500.0,0.0,,,1.146379346107216,0.0,0.0
Campo Mourão,PR,2022,3 - Operação com máquinas:,4 - Aluguel de Máquinas,0.0,0.0,0.0,6500.0,0.0,,Máquinas/Depreciação,1.146379346107216,0.0,0.0
Campo Mourão,PR,2022,3 - Operação com máquinas:,5 - Aluguel de Animais,0.0,0.0,0.0,6500.0,0.0,,,1.146379346107216,0.0,0.0
Campo Mourão,PR,2022,3 - Operação com máquinas:,6 - Mão de obra,0.0,0.0,0.0,6500.0,0.0,,Mão de obra,1.146379346107216,0.0,0.0
Campo Mourão,PR,2022,3 - Operação com máquinas:,7 - Administrador,186.6,1.72248,3.39,6500.0,2.53,,Administração,1.146379346107216,213.9143859836065,1.9746154960827575
Campo Mourão,PR,2022,3 - Operação com máquinas:,8 - Sementes e mudas,820.4,7.57292,14.93,6500.0,11.12,,Sementes,1.146379346107216,940.48961554636,8.681439077722258
Campo Mourão,PR,2022,3 - Operação com máquinas:,9 - Fertilizantes,2100.92,19.39311,38.22,6500.0,28.47,,Fertilizantes,1.146379346107216,2408.4512958235723,22.231860760785313
Campo Mourão,PR,2022,3 - Operação com máquinas:,10 - Agrotóxicos,925.72,8.54511,16.84,6500.0,12.55,,Defensivos/Agrotóxicos,1.146379346107216,1061.226288278372,9.795937614214232
Campo Mourão,PR,2022,3 - Operação com máquinas:,11 - Receita,0.0,0.0,0.0,6500.0,0.0,,,1.146379346107216,0.0,0.0
Campo Mourão,PR,2022,12 - Outros:,12.1 - Embalagens/Utensílios,0.0,0.0,0.0,6500.0,0.0,,,1.146379346107216,0.0,0.0
Campo Mourão,PR,2022,12 - Outros:,12.2 - Análise de Solo,0.0,0.0,0.0,6500.0,0.0,,,1.146379346107216,0.0,0.0
Campo Mourão,PR,2022,12 - Outros:,12.3 - Demais Despesas,0.0,0.0,0.0,6500.0,0.0,,,1.146379346107216,0.0,0.0
Campo Mourão,PR,2022,12 - Outros:,13 - Serviços Diversos,0.0,0.0,0.0,6500.0,0.0,,,1.146379346107216,0.0,0.0
Campo Mourão,PR,2022,12 - Outros:,TOTAL DAS DESPESAS DE CUSTEIO (A),4275.42,39.46543,77.78,6500.0,57.95,Total Despesas de Custeio (A),,1.146379346107216,4901.253183933713,45.2423538372401
Campo Mourão,PR,2022,II - OUTRAS DESPESAS,14 - Transporte Externo,321.75,2.97,5.85,6500.0,4.36,,Transporte,1.146379346107216,368.84755460999673,3.404746657938432
Campo Mourão,PR,2022,II - OUTRAS DESPESAS,15 - Despesas Administrativas,128.26,1.18394,2.33,6500.0,1.74,,Administração,1.146379346107216,147.03461493171153,1.3572443630301774
Campo Mourão,PR,2022,II - OUTRAS DESPESAS,16 - Despesas de armazenagem,195.88,1.80812,3.56,6500.0,2.65,,,1.146379346107216,224.55278631548148,2.0727914232833795
Campo Mourão,PR,2022,II - OUTRAS DESPESAS,17 - Beneficiamento,0.0,0.0,0.0,6500.0,0.0,,,1.146379346107216,0.0,0.0
Campo Mourão,PR,2022,II - OUTRAS DESPESAS,18 - Seguro da Produção,171.02,1.57865,3.11,6500.0,2.32,,Seguro,1.146379346107216,196.0537957712561,1.8097317547321567
Campo Mourão,PR,2022,II - OUTRAS DESPESAS,19 - Seguro do crédito,0.0,0.0,0.0,6500.0,0.0,,Seguro,1.146379346107216,0.0,0.0
Campo Mourão,PR,2022,II - OUTRAS DESPESAS,20 - Assistência Técnica,85.51,0.78932,1.56,6500.0,1.16,,,1.146379346107216,98.02689788562805,0.9048601454693478
Campo Mourão,PR,2022,II - OUTRAS DESPESAS,21 - Classificação,0.0,0.0,0.0,6500.0,0.0,,,1.146379346107216,0.0,0.0
Campo Mourão,PR,2022,II - OUTRAS DESPESAS,22 - Outros,0.0,0.0,0.0,6500.0,0.0,,,1.146379346107216,0.0,0.0
Campo Mourão,PR,2022,II - OUTRAS DESPESAS,23 - CESSR,148.69,1.37252,2.71,6500.0,2.02,,,1.146379346107216,170.45514497268195,1.5734285801190762
Campo Mourão,PR,2022,II - OUTRAS DESPESAS,TOTAL DAS OUTRAS DESPESAS (B),1051.11,9.70255,19.12,6500.0,14.25,Total Outras Despesas (B),,1.146379346107216,1204.9707944867557,11.12280292457257
Campo Mourão,PR,2022,III - DESPESAS FINANCEIRAS,24 - Juros do Financiamento,170.15,1.57061,3.1,6500.0,2.31,,Juros/Financiamento,1.146379346107216,195.0564457401428,1.8005148647894547
Campo Mourão,PR,2022,III - DESPESAS FINANCEIRAS,TOTAL DAS DESPESAS FINANCEIRAS (C),170.15,1.57061,3.1,6500.0,2.31,Total Despesas Financeiras (C),,1.146379346107216,195.0564457401428,1.8005148647894547
Campo Mourão,PR,2022,III - DESPESAS FINANCEIRAS,CUSTO VARIÁVEL (A+B+C=D),5496.679999999999,50.73859,100.0,6500.0,74.51,Custo Variável (D),,1.146379346107216,6301.280424160612,58.16567162660213
Campo Mourão,PR,2022,IV - DEPRECIAÇÕES,25 - Depreciação de benfeitorias/instalações,19.24,0.17761,0.35,6500.0,0.26,,Máquinas/Depreciação,1.146379346107216,22.056338619102835,0.20360843566210263
Campo Mourão,PR,2022,IV - DEPRECIAÇÕES,26 - Depreciação de implementos,102.43,0.9455,1.86,6500.0,1.39,,Máquinas/Depreciação,1.146379346107216,117.42363642176214,1.0839016717443728
Campo Mourão,PR,2022,IV - DEPRECIAÇÕES,27 - Depreciação de Máquinas,136.09,1.25622,2.48,6500.0,1.84,,Máquinas/Depreciação,1.146379346107216,156.01076521173104,1.4401046621668068
Campo Mourão,PR,2022,IV - DEPRECIAÇÕES,TOTAL DE DEPRECIAÇÕES (E),257.76,2.37933,4.69,6500.0,3.49,Total Depreciações (E),Máquinas/Depreciação,1.146379346107216,295.49074025259597,2.7276147695732824
Campo Mourão,PR,2022,V - OUTROS CUSTOS FIXOS,28 - Manutenção Periódica Benfeitorias/Instalações,262.09,2.41926,4.77,6500.0,3.55,,,1.146379346107216,300.45456282124024,2.7733896968633434
Campo Mourão,PR,2022,V - OUTROS CUSTOS FIXOS,29 - Encargos Sociais,85.07,0.78527,1.55,6500.0,1.15,,,1.146379346107216,97.52249097334087,0.9002173091176136
Campo Mourão,PR,2022,V - OUTROS CUSTOS FIXOS,30 - Seguro do capital fixo,17.15,0.15832,0.31,6500.0,0.23,,Seguro,1.146379346107216,19.660405785738753,0.18149477807569442
Campo Mourão,PR,2022,V - OUTROS CUSTOS FIXOS,31 - Arrendamento,0.0,0.0,0.0,6500.0,0.0,,Arrendamento,1.146379346107216,0.0,0.0
Campo Mourão,PR,2022,V - OUTROS CUSTOS FIXOS,TOTAL DE OUTROS CUSTOS FIXOS (F),364.31,3.36285,6.63,6500.0,4.93,Total Outros Custos Fixos (F),,1.146379346107216,417.6374595803199,3.8551017840566515
Campo Mourão,PR,2022,V - OUTROS CUSTOS FIXOS,CUSTO FIXO (E+F=G),622.0699999999999,5.74218,11.32,6500.0,8.42,Custo Fixo (G),,1.146379346107216,713.1281998329158,6.582716553629934
Campo Mourão,PR,2022,V - OUTROS CUSTOS FIXOS,CUSTO OPERACIONAL (D+G=H),6118.749999999999,56.48077,111.32,6500.0,82.93,Custo Operacional (H),,1.146379346107216,7014.408623993527,64.74838818023207
Campo Mourão,PR,2022,VI - RENDA DE FATORES,32 - Remuneração esperada sobre o capital fixo,99.25,0.91613,1.81,6500.0,1.35,,,1.146379346107216,113.7781501011412,1.0502325103492038
Campo Mourão,PR,2022,VI - RENDA DE FATORES,33 - Terra Própria,1160.56,10.71286,21.11,6500.0,15.73,,Terra,1.146379346107216,1330.4420139181905,12.28100144173815
Campo Mourão,PR,2022,VI - RENDA DE FATORES,TOTAL DE RENDA DE FATORES (F),1259.81,11.62899,22.92,6500.0,17.08,Total Renda de Fatores (I),,1.146379346107216,1444.2201640193318,13.331233952087354
Campo Mourão,PR,2022,VI - RENDA DE FATORES,CUSTO TOTAL (H+I=J),7378.559999999999,68.10976,134.24,6500.0,100.01,Custo Total (J),,1.146379346107216,8458.628788012858,78.07962213231941
Campo Mourão,PR,2023,I - DESPESAS DO CUSTEIO,1 - Operação com animal,0.0,0.0,0.0,6500.0,0.0,,,1.0960327537763812,0.0,0.0
Campo Mourão,PR,2023,I - DESPESAS DO CUSTEIO,2 - Operação com Avião,0.0,0.0,0.0,6500.0,0.0,,,1.0960327537763812,0.0,0.0
Campo Mourão,PR,2023,3 - Operação com máquinas:,3.1 - Tratores e Colheitadeiras,234.06,2.16054,4.83,6500.0,2.74,,,1.0960327537763812,256.53742634889977,2.368022605844023
Campo Mourão,PR,2023,3 - Operação com máquinas:,3.2 - Conjunto de Irrigação,0.0,0.0,0.0,6500.0,0.0,,,1.0960327537763812,0.0,0.0
Campo Mourão,PR,2023,3 - Operação com máquinas:,4 - Aluguel de Máquinas,0.0,0.0,0.0,6500.0,0.0,,Máquinas/Depreciação,1.0960327537763812,0.0,0.0
Campo Mourão,PR,2023,3 - Operação com máquinas:,5 - Aluguel de Animais,0.0,0.0,0.0,6500.0,0.0,,,1.0960327537763812,0.0,0.0
Campo Mourão,PR,2023,3 - Operação com máquinas:,6 - Mão de obra,0.0,0.0,0.0,6500.0,0.0,,Mão de obra,1.0960327537763812,0.0,0.0
Campo Mourão,PR,2023,3 - Operação com máquinas:,7 - Administrador,242.48,2.23828,5.0,6500.0,2.83,,Administração,1.0960327537763812,265.7660221356969,2.4532281921225985
Campo Mourão,PR,2023,3 - Operação com máquinas:,8 - Sementes e mudas,860.39,7.94206,17.75,6500.0,10.06,,Sementes,1.0960327537763812,943.0156210216606,8.704757892457247
Campo Mourão,PR,2023,3 - Operação com máquinas:,9 - Fertilizantes,1341.0,12.37846,27.66,6500.0,15.67,,Fertilizantes,1.0960327537763812,1469.7799228141273,13.567197601310784
Campo Mourão,PR,2023,3 - Operação com máquinas:,10 - Agrotóxicos,1039.2,9.59261,21.43,6500.0,12.15,,Defensivos/Agrotóxicos,1.0960327537763812,1138.9972377244153,10.513814754202853
Campo Mourão,PR,2023,3 - Operação com máquinas:,11 - Receita,0.0,0.0,0.0,6500.0,0.0,,,1.0960327537763812,0.0,0.0
Campo Mourão,PR,2023,12 - Outros:,12.1 - Embalagens/Utensílios,0.0,0.0,0.0,6500.0,0.0,,,1.0960327537763812,0.0,0.0
Campo Mourão,PR,2023,12 - Outros:,12.2 - Análise de Solo,0.0,0.0,0.0,6500.0,0.0,,,1.0960327537763812,0.0,0.0
Campo Mourão,PR,2023,12 - Outros:,12.3 - Demais Despesas,0.0,0.0,0.0,6500.0,0.0,,,1.0960327537763812,0.0,0.0
Campo Mourão,PR,2023,12 - Outros:,13 - Serviços Diversos,0.0,0.0,0.0,6500.0,0.0,,,1.0960327537763812,0.0,0.0
Campo Mourão,PR,2023,12 - Outros:,TOTAL DAS DESPESAS DE CUSTEIO (A),3717.13,34.31195,76.67,6500.0,43.45,Total Despesas de Custeio (A),,1.0960327537763812,4074.0962300448,37.60702104593751
Campo Mourão,PR,2023,II - OUTRAS DESPESAS,14 - Transporte Externo,292.5,2.7,6.03,6500.0,3.42,,Transporte,1.0960327537763812,320.5895804795915,2.9592884351962296
Campo Mourão,PR,2023,II - OUTRAS DESPESAS,15 - Despesas Administrativas,111.51,1.02932,2.3,6500.0,1.3,,Administração,1.0960327537763812,122.21861237360427,1.1281684341171048
Campo Mourão,PR,2023,II - OUTRAS DESPESAS,16 - Despesas de armazenagem,0.0,0.0,0.0,6500.0,0.0,,,1.0960327537763812,0.0,0.0
Campo Mourão,PR,2023,II - OUTRAS DESPESAS,17 - Beneficiamento,0.0,0.0,0.0,6500.0,0.0,,,1.0960327537763812,0.0,0.0
Campo Mourão,PR,2023,II - OUTRAS DESPESAS,18 - Seguro da Produção,0.0,0.0,0.0,6500.0,0.0,,Seguro,1.0960327537763812,0.0,0.0
Campo Mourão,PR,2023,II - OUTRAS DESPESAS,19 - Seguro do crédito,315.96,2.91655,6.52,6500.0,3.69,,Seguro,1.0960327537763812,346.3025088831854,3.1966343280265046
Campo Mourão,PR,2023,II - OUTRAS DESPESAS,20 - Assistência Técnica,74.34,0.68622,1.53,6500.0,0.87,,,1.0960327537763812,81.47907491573618,0.7521195962964283
Campo Mourão,PR,2023,II - OUTRAS DESPESAS,21 - Classificação,0.0,0.0,0.0,6500.0,0.0,,,1.0960327537763812,0.0,0.0
Campo Mourão,PR,2023,II - OUTRAS DESPESAS,22 - Outros,0.0,0.0,0.0,6500.0,0.0,,,1.0960327537763812,0.0,0.0
Campo Mourão,PR,2023,II - OUTRAS DESPESAS,23 - CESSR,119.11,1.09948,2.46,6500.0,1.39,,,1.0960327537763812,130.54846130230476,1.2050660921220557
Campo Mourão,PR,2023,II - OUTRAS DESPESAS,TOTAL DAS OUTRAS DESPESAS (B),913.42,8.43157,18.84,6500.0,10.67,Total Outras Despesas (B),,1.0960327537763812,1001.138237954422,9.241276885758323
Campo Mourão,PR,2023,III - DESPESAS FINANCEIRAS,24 - Juros do Financiamento,217.62,2.0088,4.49,6500.0,2.54,,Juros/Financiamento,1.0960327537763812,238.5186478768161,2.2017105957859946
Campo Mourão,PR,2023,III - DESPESAS FINANCEIRAS,TOTAL DAS DESPESAS FINANCEIRAS (C),217.62,2.0088,4.49,6500.0,2.54,Total Despesas Financeiras (C),,1.0960327537763812,238.5186478768161,2.2017105957859946
Campo Mourão,PR,2023,III - DESPESAS FINANCEIRAS,CUSTO VARIÁVEL (A+B+C=D),4848.17,44.75232,100.0,6500.0,56.66,Custo Variável (D),,1.0960327537763812,5313.7531158760385,49.050008527481815
Campo Mourão,PR,2023,IV - DEPRECIAÇÕES,25 - Depreciação de benfeitorias/instalações,3.92,0.03616,0.08,6500.0,0.05,,Máquinas/Depreciação,1.0960327537763812,4.296448394803415,0.03963254437655394
Campo Mourão,PR,2023,IV - DEPRECIAÇÕES,26 - Depreciação de implementos,130.47,1.20437,2.69,6500.0,1.52,,Máquinas/Depreciação,1.0960327537763812,142.99939338520446,1.3200289676656602
Campo Mourão,PR,2023,IV - DEPRECIAÇÕES,27 - Depreciação de Máquinas,174.46,1.61038,3.6,6500.0,2.04,,Máquinas/Depreciação,1.0960327537763812,191.21387422382747,1.7650292260264087
Campo Mourão,PR,2023,IV - DEPRECIAÇÕES,TOTAL DE DEPRECIAÇÕES (E),308.85,2.85091,6.37,6500.0,3.61,Total Depreciações (E),Máquinas/Depreciação,1.0960327537763812,338.50971600383536,3.124690738068623
Campo Mourão,PR,2023,V - OUTROS CUSTOS FIXOS,28 - Manutenção Periódica Benfeitorias/Instalações,60.84,0.56158,1.25,6500.0,0.71,,,1.0960327537763812,66.68263273975504,0.6155100738657401
Campo Mourão,PR,2023,V - OUTROS CUSTOS FIXOS,29 - Encargos Sociais,110.55,1.02043,2.28,6500.0,1.29,,,1.0960327537763812,121.16642092997894,1.1184247029360326
Campo Mourão,PR,2023,V - OUTROS CUSTOS FIXOS,30 - Seguro do capital fixo,18.02,0.16633,0.37,6500.0,0.21,,Seguro,1.0960327537763812,19.750510223050387,0.1823031279356255
Campo Mourão,PR,2023,V - OUTROS CUSTOS FIXOS,31 - Arrendamento,514.08,4.7454,10.6,6500.0,6.01,,Arrendamento,1.0960327537763812,563.448518061362,5.201113829770439
Campo Mourão,PR,2023,V - OUTROS CUSTOS FIXOS,TOTAL DE OUTROS CUSTOS FIXOS (F),703.49,6.49374,14.5,6500.0,8.22,Total Outros Custos Fixos (F),,1.0960327537763812,771.0480819541465,7.117351734507838
Campo Mourão,PR,2023,V - OUTROS CUSTOS FIXOS,CUSTO FIXO (E+F=G),1012.34,9.34465,20.87,6500.0,11.83,Custo Fixo (G),,1.0960327537763812,1109.5577979579818,10.242042472576461
Campo Mourão,PR,2023,V - OUTROS CUSTOS FIXOS,CUSTO OPERACIONAL (D+G=H),5860.51,54.09697,120.87,6500.0,68.49,Custo Operacional (H),,1.0960327537763812,6423.31091383402,59.29205100005828
Campo Mourão,PR,2023,VI - RENDA DE FATORES,32 - Remuneração esperada sobre o capital fixo,213.82,1.97376,4.41,6500.0,2.5,,,1.0960327537763812,234.35372341246583,2.1633056080936703
Campo Mourão,PR,2023,VI - RENDA DE FATORES,33 - Terra Própria,2481.1,22.90244,51.18,6500.0,29.0,,Terra,1.0960327537763812,2719.3668653945792,25.10182438139834
Campo Mourão,PR,2023,VI - RENDA DE FATORES,TOTAL DE RENDA DE FATORES (F),2694.92,24.8762,55.59,6500.0,31.5,Total Renda de Fatores (I),,1.0960327537763812,2953.7205888070453,27.265129989492014
Campo Mourão,PR,2023,VI - RENDA DE FATORES,CUSTO TOTAL (H+I=J),8555.43,78.97317,176.46,6500.0,99.99,Custo Total (J),,1.0960327537763812,9377.031502641066,86.55718098955029
Campo Mourão,PR,2024,I - DESPESAS DO CUSTEIO,1 - Operação com animal,0.0,0.0,0.0,6500.0,0.0,,,1.0501675476932033,0.0,0.0
Campo Mourão,PR,2024,I - DESPESAS DO CUSTEIO,2 - Operação com Avião,0.0,0.0,0.0,6500.0,0.0,,,1.0501675476932033,0.0,0.0
Campo Mourão,PR,2024,3 - Operação com máquinas:,3.1 - Tratores e Colheitadeiras,245.81,2.269,5.61,6500.0,3.27,,,1.0501675476932033,258.1416848984663,2.3828301657158786
Campo Mourão,PR,2024,3 - Operação com máquinas:,3.2 - Conjunto de Irrigação,0.0,0.0,0.0,6500.0,0.0,,,1.0501675476932033,0.0,0.0
Campo Mourão,PR,2024,3 - Operação com máquinas:,4 - Aluguel de Máquinas,0.0,0.0,0.0,6500.0,0.0,,Máquinas/Depreciação,1.0501675476932033,0.0,0.0
Campo Mourão,PR,2024,3 - Operação com máquinas:,5 - Aluguel de Animais,0.0,0.0,0.0,6500.0,0.0,,,1.0501675476932033,0.0,0.0
Campo Mourão,PR,2024,3 - Operação com máquinas:,6 - Mão de obra,0.0,0.0,0.0,6500.0,0.0,,Mão de obra,1.0501675476932033,0.0,0.0
Campo Mourão,PR,2024,3 - Operação com máquinas:,7 - Administrador,291.32,2.68912,6.65,6500.0,3.87,,Administração,1.0501675476932033,305.934809993984,2.824026555852747
Campo Mourão,PR,2024,3 - Operação com máquinas:,8 - Sementes e mudas,866.88,8.00197,19.79,6500.0,11.52,,Sementes,1.0501675476932033,910.3692437442841,8.403409211614582
Campo Mourão,PR,2024,3 - Operação com máquinas:,9 - Fertilizantes,1099.8,10.152,25.1,6500.0,14.61,,Fertilizantes,1.0501675476932033,1154.9742689529849,10.661300944181399
Campo Mourão,PR,2024,3 - Operação com máquinas:,10 - Agrotóxicos,831.45,7.67493,18.98,6500.0,11.05,,Defensivos/Agrotóxicos,1.0501675476932033,873.1618075295139,8.059962416816997
Campo Mourão,PR,2024,3 - Operação com máquinas:,11 - Receita,0.0,0.0,0.0,6500.0,0.0,,,1.0501675476932033,0.0,0.0
Campo Mourão,PR,2024,12 - Outros:,12.1 - Embalagens/Utensílios,0.0,0.0,0.0,6500.0,0.0,,,1.0501675476932033,0.0,0.0
Campo Mourão,PR,2024,12 - Outros:,12.2 - Análise de Solo,0.0,0.0,0.0,6500.0,0.0,,,1.0501675476932033,0.0,0.0
Campo Mourão,PR,2024,12 - Outros:,12.3 - Demais Despesas,0.0,0.0,0.0,6500.0,0.0,,,1.0501675476932033,0.0,0.0
Campo Mourão,PR,2024,12 - Outros:,13 - Serviços Diversos,0.0,0.0,0.0,6500.0,0.0,,,1.0501675476932033,0.0,0.0
Campo Mourão,PR,2024,12 - Outros:,TOTAL DAS DESPESAS DE CUSTEIO (A),3335.26,30.78702,76.13,6500.0,44.32,Total Despesas de Custeio (A),,1.0501675476932033,3502.5818151192334,32.3315292941816
Campo Mourão,PR,2024,II - OUTRAS DESPESAS,14 - Transporte Externo,328.25,3.03,7.49,6500.0,4.36,,Transporte,1.0501675476932033,344.717497530294,3.182007669510406
Campo Mourão,PR,2024,II - OUTRAS DESPESAS,15 - Despesas Administrativas,100.06,0.92363,2.28,6500.0,1.33,,Administração,1.0501675476932033,105.07976482218193,0.9699662520758733
Campo Mourão,PR,2024,II - OUTRAS DESPESAS,16 - Despesas de armazenagem,0.0,0.0,0.0,6500.0,0.0,,,1.0501675476932033,0.0,0.0
Campo Mourão,PR,2024,II - OUTRAS DESPESAS,17 - Beneficiamento,0.0,0.0,0.0,6500.0,0.0,,,1.0501675476932033,0.0,0.0
Campo Mourão,PR,2024,II - OUTRAS DESPESAS,18 - Seguro da Produção,0.0,0.0,0.0,6500.0,0.0,,Seguro,1.0501675476932033,0.0,0.0
Campo Mourão,PR,2024,II - OUTRAS DESPESAS,19 - Seguro do crédito,283.5,2.61692,6.47,6500.0,3.77,,Seguro,1.0501675476932033,297.72249977102314,2.7482044589092975
Campo Mourão,PR,2024,II - OUTRAS DESPESAS,20 - Assistência Técnica,66.71,0.61578,1.52,6500.0,0.89,,,1.0501675476932033,70.05667710661359,0.6466721725185207
Campo Mourão,PR,2024,II - OUTRAS DESPESAS,21 - Classificação,0.0,0.0,0.0,6500.0,0.0,,,1.0501675476932033,0.0,0.0
Campo Mourão,PR,2024,II - OUTRAS DESPESAS,22 - Outros,0.0,0.0,0.0,6500.0,0.0,,,1.0501675476932033,0.0,0.0
Campo Mourão,PR,2024,II - OUTRAS DESPESAS,23 - CESSR,75.89,0.70052,1.73,6500.0,1.01,,,1.0501675476932033,79.6972151944372,0.7356633705100428
Campo Mourão,PR,2024,II - OUTRAS DESPESAS,TOTAL DAS OUTRAS DESPESAS (B),854.4100000000001,7.88685,19.49,6500.0,11.36,Total Outras Despesas (B),,1.0501675476932033,897.2736544245499,8.28251392352414
Campo Mourão,PR,2024,III - DESPESAS FINANCEIRAS,24 - Juros do Financiamento,191.43,1.76704,4.37,6500.0,2.54,,Juros/Financiamento,1.0501675476932033,201.03357365490993,1.855688063475798
Campo Mourão,PR,2024,III - DESPESAS FINANCEIRAS,TOTAL DAS DESPESAS FINANCEIRAS (C),191.43,1.76704,4.37,6500.0,2.54,Total Despesas Financeiras (C),,1.0501675476932033,201.03357365490993,1.855688063475798
Campo Mourão,PR,2024,III - DESPESAS FINANCEIRAS,CUSTO VARIÁVEL (A+B+C=D),4381.1,40.44091,99.99,6500.0,58.22,Custo Variável (D),,1.0501675476932033,4600.889043198694,42.469731281181545
Campo Mourão,PR,2024,IV - DEPRECIAÇÕES,25 - Depreciação de benfeitorias/instalações,5.35,0.04939,0.12,6500.0,0.07,,Máquinas/Depreciação,1.0501675476932033,5.618396380158638,0.051867775180567316
Campo Mourão,PR,2024,IV - DEPRECIAÇÕES,26 - Depreciação de implementos,127.25,1.17462,2.9,6500.0,1.69,,Máquinas/Depreciação,1.0501675476932033,133.63382044396013,1.2335478048713904
Campo Mourão,PR,2024,IV - DEPRECIAÇÕES,27 - Depreciação de Máquinas,151.41,1.39765,3.46,6500.0,2.01,,Máquinas/Depreciação,1.0501675476932033,159.0058683962279,1.4677666730334056
Campo Mourão,PR,2024,IV - DEPRECIAÇÕES,TOTAL DE DEPRECIAÇÕES (E),284.01,2.62166,6.48,6500.0,3.77,Total Depreciações (E),Máquinas/Depreciação,1.0501675476932033,298.2580852203467,2.753182253085363
Campo Mourão,PR,2024,V - OUTROS CUSTOS FIXOS,28 - Manutenção Periódica Benfeitorias/Instalações,62.97,0.58129,1.44,6500.0,0.84,,,1.0501675476932033,66.12905047824101,0.6104518937985821
Campo Mourão,PR,2024,V - OUTROS CUSTOS FIXOS,29 - Encargos Sociais,132.81,1.22596,3.03,6500.0,1.76,,,1.0501675476932033,139.47275200913433,1.2874634067699595
Campo Mourão,PR,2024,V - OUTROS CUSTOS FIXOS,30 - Seguro do capital fixo,16.73,0.15439,0.38,6500.0,0.22,,Seguro,1.0501675476932033,17.569303072907292,0.16213536768835365
Campo Mourão,PR,2024,V - OUTROS CUSTOS FIXOS,31 - Arrendamento,361.91,3.34066,8.26,6500.0,4.81,,Arrendamento,1.0501675476932033,380.0661371856472,3.5082527198767766
Campo Mourão,PR,2024,V - OUTROS CUSTOS FIXOS,TOTAL DE OUTROS CUSTOS FIXOS (F),574.4200000000001,5.3023,13.11,6500.0,7.63,Total Outros Custos Fixos (F),,1.0501675476932033,603.23724274593,5.568303388133672
Campo Mourão,PR,2024,V - OUTROS CUSTOS FIXOS,CUSTO FIXO (E+F=G),858.4300000000001,7.92396,19.59,6500.0,11.4,Custo Fixo (G),,1.0501675476932033,901.4953279662766,8.321485641219036
Campo Mourão,PR,2024,V - OUTROS CUSTOS FIXOS,CUSTO OPERACIONAL (D+G=H),5239.530000000001,48.36487,119.58,6500.0,69.62,Custo Operacional (H),,1.0501675476932033,5502.384371164971,50.79121692240058
Campo Mourão,PR,2024,VI - RENDA DE FATORES,32 - Remuneração esperada sobre o capital fixo,169.48,1.56446,3.87,6500.0,2.25,,,1.0501675476932033,177.98239598304409,1.6429451216641089
Campo Mourão,PR,2024,VI - RENDA DE FATORES,33 - Terra Própria,2118.69,19.55714,48.36,6500.0,28.15,,Terra,1.0501675476932033,2224.979481622113,20.538273753692653
Campo Mourão,PR,2024,VI - RENDA DE FATORES,TOTAL DE RENDA DE FATORES (F),2288.17,21.1216,52.23,6500.0,30.4,Total Renda de Fatores (I),,1.0501675476932033,2402.961877605157,22.181218875356763
Campo Mourão,PR,2024,VI - RENDA DE FATORES,CUSTO TOTAL (H+I=J),7527.700000000001,69.48647,171.81,6500.0,100.02,Custo Total (J),,1.0501675476932033,7905.346248770127,72.97243579775734
Campo Mourão,PR,2025,I - DESPESAS DO CUSTEIO,1 - Operação com animal,0.0,0.0,0.0,6500.0,0.0,,,1.0,0.0,0.0
Campo Mourão,PR,2025,I - DESPESAS DO CUSTEIO,2 - Operação com Avião,0.0,0.0,0.0,6500.0,0.0,,,1.0,0.0,0.0
Campo Mourão,PR,2025,3 - Operação com máquinas:,3.1 - Tratores e Colheitadeiras,262.12,2.4196,5.31,6500.0,3.25,,,1.0,262.12,2.4196
Campo Mourão,PR,2025,3 - Operação com máquinas:,3.2 - Conjunto de Irrigação,0.0,0.0,0.0,6500.0,0.0,,,1.0,0.0,0.0
Campo Mourão,PR,2025,3 - Operação com máquinas:,4 - Aluguel de Máquinas,0.0,0.0,0.0,6500.0,0.0,,Máquinas/Depreciação,1.0,0.0,0.0
Campo Mourão,PR,2025,3 - Operação com máquinas:,5 - Aluguel de Animais,0.0,0.0,0.0,6500.0,0.0,,,1.0,0.0,0.0
Campo Mourão,PR,2025,3 - Operação com máquinas:,6 - Mão de obra,0.0,0.0,0.0,6500.0,0.0,,Mão de obra,1.0,0.0,0.0
Campo Mourão,PR,2025,3 - Operação com máquinas:,7 - Administrador,305.08,2.81612,6.18,6500.0,3.79,,Administração,1.0,305.08,2.81612
Campo Mourão,PR,2025,3 - Operação com máquinas:,8 - Sementes e mudas,1003.1,9.25938,20.31,6500.0,12.45,,Sementes,1.0,1003.1,9.25938
Campo Mourão,PR,2025,3 - Operação com máquinas:,9 - Fertilizantes,1400.91,12.93148,28.36,6500.0,17.38,,Fertilizantes,1.0,1400.91,12.93148
Campo Mourão,PR,2025,3 - Operação com máquinas:,10 - Agrotóxicos,798.82,7.37374,16.17,6500.0,9.91,,Defensivos/Agrotóxicos,1.0,798.82,7.37374
Campo Mourão,PR,2025,3 - Operação com máquinas:,11 - Receita,0.0,0.0,0.0,6500.0,0.0,,,1.0,0.0,0.0
Campo Mourão,PR,2025,12 - Outros:,12.1 - Embalagens/Utensílios,0.0,0.0,0.0,6500.0,0.0,,,1.0,0.0,0.0
Campo Mourão,PR,2025,12 - Outros:,12.2 - Análise de Solo,0.0,0.0,0.0,6500.0,0.0,,,1.0,0.0,0.0
Campo Mourão,PR,2025,12 - Outros:,12.3 - Demais Despesas,0.0,0.0,0.0,6500.0,0.0,,,1.0,0.0,0.0
Campo Mourão,PR,2025,12 - Outros:,13 - Serviços Diversos,0.0,0.0,0.0,6500.0,0.0,,,1.0,0.0,0.0
Campo Mourão,PR,2025,12 - Outros:,TOTAL DAS DESPESAS DE CUSTEIO (A),3770.03,34.80032,76.33,6500.0,46.78,Total Despesas de Custeio (A),,1.0,3770.03,34.80032
Campo Mourão,PR,2025,II - OUTRAS DESPESAS,14 - Transporte Externo,328.25,3.03,6.65,6500.0,4.07,,Transporte,1.0,328.25,3.03
Campo Mourão,PR,2025,II - OUTRAS DESPESAS,15 - Despesas Administrativas,113.1,1.044,2.29,6500.0,1.4,,Administração,1.0,113.1,1.044
Campo Mourão,PR,2025,II - OUTRAS DESPESAS,16 - Despesas de armazenagem,0.0,0.0,0.0,6500.0,0.0,,,1.0,0.0,0.0
Campo Mourão,PR,2025,II - OUTRAS DESPESAS,17 - Beneficiamento,0.0,0.0,0.0,6500.0,0.0,,,1.0,0.0,0.0
Campo Mourão,PR,2025,II - OUTRAS DESPESAS,18 - Seguro da Produção,0.0,0.0,0.0,6500.0,0.0,,Seguro,1.0,0.0,0.0
Campo Mourão,PR,2025,II - OUTRAS DESPESAS,19 - Seguro do crédito,320.45,2.958,6.49,6500.0,3.98,,Seguro,1.0,320.45,2.958
Campo Mourão,PR,2025,II - OUTRAS DESPESAS,20 - Assistência Técnica,75.4,0.696,1.53,6500.0,0.94,,,1.0,75.4,0.696
Campo Mourão,PR,2025,II - OUTRAS DESPESAS,21 - Classificação,0.0,0.0,0.0,6500.0,0.0,,,1.0,0.0,0.0
Campo Mourão,PR,2025,II - OUTRAS DESPESAS,22 - Outros,0.0,0.0,0.0,6500.0,0.0,,,1.0,0.0,0.0
Campo Mourão,PR,2025,II - OUTRAS DESPESAS,23 - CESSR,112.04,1.03422,2.27,6500.0,1.39,,,1.0,112.04,1.03422
Campo Mourão,PR,2025,II - OUTRAS DESPESAS,TOTAL DAS OUTRAS DESPESAS (B),949.24,8.76222,19.23,6500.0,11.78,Total Outras Despesas (B),,1.0,949.24,8.76222
Campo Mourão,PR,2025,III - DESPESAS FINANCEIRAS,24 - Juros do Financiamento,219.65,2.02753,4.45,6500.0,2.73,,Juros/Financiamento,1.0,219.65,2.02753
Campo Mourão,PR,2025,III - DESPESAS FINANCEIRAS,TOTAL DAS DESPESAS FINANCEIRAS (C),219.65,2.02753,4.45,6500.0,2.73,Total Despesas Financeiras (C),,1.0,219.65,2.02753
Campo Mourão,PR,2025,III - DESPESAS FINANCEIRAS,CUSTO VARIÁVEL (A+B+C=D),4938.919999999999,45.59007,100.01,6500.0,61.29,Custo Variável (D),,1.0,4938.919999999999,45.59007
Campo Mourão,PR,2025,IV - DEPRECIAÇÕES,25 - Depreciação de benfeitorias/instalações,4.09,0.03775,0.08,6500.0,0.05,,Máquinas/Depreciação,1.0,4.09,0.03775
Campo Mourão,PR,2025,IV - DEPRECIAÇÕES,26 - Depreciação de implementos,138.83,1.28147,2.81,6500.0,1.72,,Máquinas/Depreciação,1.0,138.83,1.28147
Campo Mourão,PR,2025,IV - DEPRECIAÇÕES,27 - Depreciação de Máquinas,140.77,1.29938,2.85,6500.0,1.75,,Máquinas/Depreciação,1.0,140.77,1.29938
Campo Mourão,PR,2025,IV - DEPRECIAÇÕES,TOTAL DE DEPRECIAÇÕES (E),283.69000000000005,2.6186,5.74,6500.0,3.52,Total Depreciações (E),Máquinas/Depreciação,1.0,283.69000000000005,2.6186
Campo Mourão,PR,2025,V - OUTROS CUSTOS FIXOS,28 - Manutenção Periódica Benfeitorias/Instalações,63.52,0.58632,1.29,6500.0,0.79,,,1.0,63.52,0.58632
Campo Mourão,PR,2025,V - OUTROS CUSTOS FIXOS,29 - Encargos Sociais,139.09,1.28387,2.82,6500.0,1.73,,,1.0,139.09,1.28387
Campo Mourão,PR,2025,V - OUTROS CUSTOS FIXOS,30 - Seguro do capital fixo,17.04,0.15729,0.35,6500.0,0.21,,Seguro,1.0,17.04,0.15729
Campo Mourão,PR,2025,V - OUTROS CUSTOS FIXOS,31 - Arrendamento,407.65,3.76294,8.25,6500.0,5.06,,Arrendamento,1.0,407.65,3.76294
Campo Mourão,PR,2025,V - OUTROS CUSTOS FIXOS,TOTAL DE OUTROS CUSTOS FIXOS (F),627.3,5.79042,12.71,6500.0,7.79,Total Outros Custos Fixos (F),,1.0,627.3,5.79042
Campo Mourão,PR,2025,V - OUTROS CUSTOS FIXOS,CUSTO FIXO (E+F=G),910.99,8.40902,18.45,6500.0,11.31,Custo Fixo (G),,1.0,910.99,8.40902
Campo Mourão,PR,2025,V - OUTROS CUSTOS FIXOS,CUSTO OPERACIONAL (D+G=H),5849.909999999999,53.99909,118.46,6500.0,72.6,Custo Operacional (H),,1.0,5849.909999999999,53.99909
Campo Mourão,PR,2025,VI - RENDA DE FATORES,32 - Remuneração esperada sobre o capital fixo,166.53,1.53721,3.37,6500.0,2.07,,,1.0,166.53,1.53721
Campo Mourão,PR,2025,VI - RENDA DE FATORES,33 - Terra Própria,2043.42,18.86235,41.37,6500.0,25.35,,Terra,1.0,2043.42,18.86235
Campo Mourão,PR,2025,VI - RENDA DE FATORES,TOTAL DE RENDA DE FATORES (F),2209.9500000000003,20.39956,44.74,6500.0,27.42,Total Renda de Fatores (I),,1.0,2209.9500000000003,20.39956
Campo Mourão,PR,2025,VI - RENDA DE FATORES,CUSTO TOTAL (H+I=J),8059.859999999999,74.39865,163.2,6500.0,100.02,Custo Total (J),,1.0,8059.859999999999,74.39865
Francisco Beltrão,PR,2019,I - DESPESAS DE CUSTEIO DA LAVOURA,1 - Operação com animal,0.0,0.0,0.0,6600.0,,,,1.40033526552242,0.0,0.0
Francisco Beltrão,PR,2019,I - DESPESAS DE CUSTEIO DA LAVOURA,2 - Operação com avião,0.0,0.0,0.0,6600.0,,,,1.40033526552242,0.0,0.0
Francisco Beltrão,PR,2019,3 - Operação com máquinas próprias:,3.1 - Tratores e Colheitadeiras,236.07,2.15,0.0654330523904922,6600.0,,,,1.40033526552242,330.57714613187767,3.010720820873203
Francisco Beltrão,PR,2019,3 - Operação com máquinas próprias:,3.2 - Conjunto de Irrigação,0.0,0.0,0.0,6600.0,,,,1.40033526552242,0.0,0.0
Francisco Beltrão,PR,2019,3 - Operação com máquinas próprias:,4 - Aluguel de máquinas,0.0,0.0,0.0,6600.0,,,Máquinas/Depreciação,1.40033526552242,0.0,0.0
Francisco Beltrão,PR,2019,3 - Operação com máquinas próprias:,5 - Aluguel de animais,0.0,0.0,0.0,6600.0,,,,1.40033526552242,0.0,0.0
Francisco Beltrão,PR,2019,3 - Operação com máquinas próprias:,6 - Mão de obra,0.0,0.0,0.0,6600.0,,,Mão de obra,1.40033526552242,0.0,0.0
Francisco Beltrão,PR,2019,3 - Operação com máquinas próprias:,7 - Administrador Rural,69.88,0.64,0.0193690926464506,6600.0,,,Administração,1.40033526552242,97.8554283547067,0.8962145699343488
Francisco Beltrão,PR,2019,3 - Operação com máquinas próprias:,8 - Sementes,680.0,6.18,0.1884800085802291,6600.0,,,Sementes,1.40033526552242,952.2279805552456,8.654071940928555
Francisco Beltrão,PR,2019,3 - Operação com máquinas próprias:,9 - Fertilizantes,990.0,9.0,0.2744047183741571,6600.0,,,Fertilizantes,1.40033526552242,1386.3319128671958,12.60301738970178
Francisco Beltrão,PR,2019,3 - Operação com máquinas próprias:,10 - Agrotóxicos,207.8,1.89,0.0575972732102523,6600.0,,,Defensivos/Agrotóxicos,1.40033526552242,290.9896681755589,2.6466336518373734
Francisco Beltrão,PR,2019,3 - Operação com máquinas próprias:,11 - Água,0.0,0.0,0.0,6600.0,,,,1.40033526552242,0.0,0.0
Francisco Beltrão,PR,2019,3 - Operação com máquinas próprias:,12 - Receita,0.0,0.0,0.0,6600.0,,,,1.40033526552242,0.0,0.0
Francisco Beltrão,PR,2019,13 - Outros:,13.1 - Análise Foliar,0.0,0.0,0.0,6600.0,,,,1.40033526552242,0.0,0.0
Francisco Beltrão,PR,2019,13 - Outros:,13.2 - Embalagens/Utensílios,0.0,0.0,0.0,6600.0,,,,1.40033526552242,0.0,0.0
Francisco Beltrão,PR,2019,13 - Outros:,13.3 - Vernalização (alho),0.0,0.0,0.0,6600.0,,,,1.40033526552242,0.0,0.0
Francisco Beltrão,PR,2019,13 - Outros:,13.4 - Análise de Solo,0.0,0.0,0.0,6600.0,,,,1.40033526552242,0.0,0.0
Francisco Beltrão,PR,2019,13 - Outros:,13.5 - Mudas,0.0,0.0,0.0,6600.0,,,,1.40033526552242,0.0,0.0
Francisco Beltrão,PR,2019,13 - Outros:,13.6 - Taxas Ambientais,0.0,0.0,0.0,6600.0,,,,1.40033526552242,0.0,0.0
Francisco Beltrão,PR,2019,13 - Outros:,13.7 - Demais Despesas,0.0,0.0,0.0,6600.0,,,,1.40033526552242,0.0,0.0
Francisco Beltrão,PR,2019,13 - Outros:,13.8 - Implementos Manuais,0.0,0.0,0.0,6600.0,,,Máquinas/Depreciação,1.40033526552242,0.0,0.0
Francisco Beltrão,PR,2019,13 - Outros:,14 - Serviços Diversos,0.0,0.0,0.0,6600.0,,,,1.40033526552242,0.0,0.0
Francisco Beltrão,PR,2019,13 - Outros:,TOTAL DAS DESPESAS DE CUSTEIO DA LAVOURA (A),2183.75,19.86,0.6052841452015815,6600.0,,Total Despesas de Custeio (A),,1.40033526552242,3057.9821360845845,27.81065837327526
Francisco Beltrão,PR,2019,II - OUTRAS DESPESAS,15 - Transporte Externo,173.25,1.58,0.0480208257154775,6600.0,,,Transporte,1.40033526552242,242.60808475175926,2.2125297195254237
Francisco Beltrão,PR,2019,16 - Despesas:,16.1 - Despesas Administrativas,65.51,0.6,0.0181578314148394,6600.0,,,Administração,1.40033526552242,91.73596324437374,0.840201159313452
Francisco Beltrão,PR,2019,16 - Despesas:,16.2 - Despesas de Armazenagem,179.26,1.63,0.0496866563795468,6600.0,,,,1.40033526552242,251.024099697549,2.2825464828015445
Francisco Beltrão,PR,2019,16 - Despesas:,16.3 - Beneficiamento,0.0,0.0,0.0,6600.0,,,,1.40033526552242,0.0,0.0
Francisco Beltrão,PR,2019,16 - Despesas:,17 - Seguro da Produção,0.0,0.0,0.0,6600.0,,,Seguro,1.40033526552242,0.0,0.0
Francisco Beltrão,PR,2019,16 - Despesas:,18 - Seguro do Crédito,0.0,0.0,0.0,6600.0,,,Seguro,1.40033526552242,0.0,0.0
Francisco Beltrão,PR,2019,16 - Despesas:,19 - Assistência Técnica,43.68,0.4,0.0121070687864476,6600.0,,,,1.40033526552242,61.1666443980193,0.560134106208968
Francisco Beltrão,PR,2019,16 - Despesas:,20 - Classificação,0.0,0.0,0.0,6600.0,,,,1.40033526552242,0.0,0.0
Francisco Beltrão,PR,2019,16 - Despesas:,21 - Outros impostos/taxas,0.0,0.0,0.0,6600.0,,,,1.40033526552242,0.0,0.0
Francisco Beltrão,PR,2019,16 - Despesas:,22 - CDO,0.0,0.0,0.0,6600.0,,,,1.40033526552242,0.0,0.0
Francisco Beltrão,PR,2019,16 - Despesas:,23 - CESSR,52.8,0.48,0.0146349183132883,6600.0,,,,1.40033526552242,73.93770201958377,0.6721609274507615
Francisco Beltrão,PR,2019,16 - Despesas:,24 - FUNDECITRUS,0.0,0.0,0.0764286434792829,6600.0,,,,1.40033526552242,0.0,0.0
Francisco Beltrão,PR,2019,16 - Despesas:,TOTAL DAS OUTRAS DESPESAS (B),514.5,4.69,0.2190359440888827,6600.0,,Total Outras Despesas (B),,1.40033526552242,720.4724941112851,6.56757239530015
Francisco Beltrão,PR,2019,III - DESPESAS FINANCEIRAS,25 - Juros do financiamento,61.02502295928557,0.56,0.0169147012514335,6600.0,,,Juros/Financiamento,1.40033526552242,85.45549172920293,0.7841877486925553
Francisco Beltrão,PR,2019,III - DESPESAS FINANCEIRAS,TOTAL DAS DESPESAS FINANCEIRAS  (C),61.02502295928557,0.56,0.0169147012514335,6600.0,,Total Despesas Financeiras (C),,1.40033526552242,85.45549172920293,0.7841877486925553
Francisco Beltrão,PR,2019,III - DESPESAS FINANCEIRAS,CUSTO VARIÁVEL  (A+B+C = D),2759.2750229592857,25.11,0.698627489932298,6600.0,,Custo Variável (D),,1.40033526552242,3863.910121925073,35.162418517267966
Francisco Beltrão,PR,2019,IV - DEPRECIAÇÕES,26 - Depreciação de benfeitorias/instalações,3.58,0.03,0.0009922918098782,6600.0,,,Máquinas/Depreciação,1.40033526552242,5.0132002505702635,0.042010057965672594
Francisco Beltrão,PR,2019,IV - DEPRECIAÇÕES,27 - Depreciação de implementos,95.57,0.87,0.0264897565000183,6600.0,,,Máquinas/Depreciação,1.40033526552242,133.83004132597767,1.2182916810045052
Francisco Beltrão,PR,2019,IV - DEPRECIAÇÕES,28 - Depreciação de máquinas,105.93,0.96,0.0293613048660348,6600.0,,,Máquinas/Depreciação,1.40033526552242,148.33751467678997,1.344321854901523
Francisco Beltrão,PR,2019,IV - DEPRECIAÇÕES,TOTAL DE DEPRECIAÇÕES (E),205.08,1.86,0.0568433531759314,6600.0,,Total Depreciações (E),Máquinas/Depreciação,1.40033526552242,287.1807562533379,2.6046235938717013
Francisco Beltrão,PR,2019,V - OUTROS CUSTOS FIXOS,29 - Manutenção periódica de benfeitorias/instalações,11.19466,0.1,0.0031028964894893,6600.0,,,,1.40033526552242,15.676277183533214,0.140033526552242
Francisco Beltrão,PR,2019,V - OUTROS CUSTOS FIXOS,30 - Encargos sociais,31.86,0.29,0.0088308427549501,6600.0,,,,1.40033526552242,44.6146815595443,0.40609722700150175
Francisco Beltrão,PR,2019,V - OUTROS CUSTOS FIXOS,31 - Seguro do capital fixo,11.25,0.1,0.0031182354360699,6600.0,,,Seguro,1.40033526552242,15.753771737127224,0.140033526552242
Francisco Beltrão,PR,2019,V - OUTROS CUSTOS FIXOS,TOTAL DE OUTROS CUSTOS FIXOS (F),54.30466,0.49,0.0150519746805094,6600.0,,Total Outros Custos Fixos (F),,1.40033526552242,76.04473048020473,0.6861642801059857
Francisco Beltrão,PR,2019,V - OUTROS CUSTOS FIXOS,CUSTO FIXO  (E+F = G),259.38466,2.35,0.0718953278564409,6600.0,,Custo Fixo (G),,1.40033526552242,363.2254867335426,3.290787873977687
Francisco Beltrão,PR,2019,V - OUTROS CUSTOS FIXOS,CUSTO OPERACIONAL  (D+G = H),3018.659682959286,27.459999999999997,0.7705228177887389,6600.0,,Custo Operacional (H),,1.40033526552242,4227.135608658616,38.45320639124565
Francisco Beltrão,PR,2019,VI - RENDA DE FATORES,32 - Remuneração esperada sobre capital fixo,89.97,0.82,0.0249375681940635,6600.0,,,,1.40033526552242,125.98816383905212,1.1482749177283842
Francisco Beltrão,PR,2019,VI - RENDA DE FATORES,33 - Terra própria,498.75,4.53,0.1382417709991019,6600.0,,,Terra,1.40033526552242,698.417213679307,6.343518752816562
Francisco Beltrão,PR,2019,VI - RENDA DE FATORES,34 - Arrendamento,0.43,0.0,0.0001191858877786,6600.0,,,Arrendamento,1.40033526552242,0.6021441641746406,0.0
Francisco Beltrão,PR,2019,VI - RENDA DE FATORES,TOTAL DA RENDA DE FATORES (I),589.15,5.3500000000000005,0.1632985250809441,6600.0,,Total Renda de Fatores (I),,1.40033526552242,825.0075216825337,7.491793670544947
Francisco Beltrão,PR,2019,VI - RENDA DE FATORES,CUSTO TOTAL  (H+I = J),3607.809682959286,32.809999999999995,0.933821342869683,6600.0,,Custo Total (J),,1.40033526552242,5052.143130341149,45.945000061790594
Francisco Beltrão,PR,2020,I - DESPESAS DE CUSTEIO,1 - Operação com animal,0.0,0.0,0.0,6600.0,0.0,,,1.356761632067946,0.0,0.0
Francisco Beltrão,PR,2020,I - DESPESAS DE CUSTEIO,2 - Operação com Avião,0.0,0.0,0.0,6600.0,0.0,,,1.356761632067946,0.0,0.0
Francisco Beltrão,PR,2020,3 - Operação com máquinas:,3.1 - Tratores e Colheitadeiras,295.14,2.68,10.84,6600.0,7.77,,,1.356761632067946,400.4346280885336,3.6361211739420956
Francisco Beltrão,PR,2020,3 - Operação com máquinas:,3.2 - Conjunto de Irrigação,0.0,0.0,0.0,6600.0,0.0,,,1.356761632067946,0.0,0.0
Francisco Beltrão,PR,2020,3 - Operação com máquinas:,4 - Aluguel de Máquinas,0.0,0.0,0.0,6600.0,0.0,,Máquinas/Depreciação,1.356761632067946,0.0,0.0
Francisco Beltrão,PR,2020,3 - Operação com máquinas:,5 - Aluguel de Animais,0.0,0.0,0.0,6600.0,0.0,,,1.356761632067946,0.0,0.0
Francisco Beltrão,PR,2020,3 - Operação com máquinas:,6 - Mão de obra,0.0,0.0,0.0,6600.0,0.0,,Mão de obra,1.356761632067946,0.0,0.0
Francisco Beltrão,PR,2020,3 - Operação com máquinas:,7 - Administrador,73.16,0.67,2.69,6600.0,1.92,,Administração,1.356761632067946,99.26068100209093,0.9090302934855239
Francisco Beltrão,PR,2020,3 - Operação com máquinas:,8 - Sementes e mudas,551.1,5.01,20.25,6600.0,14.5,,Sementes,1.356761632067946,747.7113354326451,6.7973757766604095
Francisco Beltrão,PR,2020,3 - Operação com máquinas:,9 - Fertilizantes,966.75,8.79,35.52,6600.0,25.44,,Fertilizantes,1.356761632067946,1311.649307801687,11.925934745877244
Francisco Beltrão,PR,2020,3 - Operação com máquinas:,10 - Agrotóxicos,218.28,1.98,8.02,6600.0,5.74,,Defensivos/Agrotóxicos,1.356761632067946,296.1539290477913,2.686388031494533
Francisco Beltrão,PR,2020,3 - Operação com máquinas:,11 - Receita,0.0,0.0,0.0,6600.0,0.0,,,1.356761632067946,0.0,0.0
Francisco Beltrão,PR,2020,12 - Outros:,12.1 - Embalagens/Utensílios,0.0,0.0,0.0,6600.0,0.0,,,1.356761632067946,0.0,0.0
Francisco Beltrão,PR,2020,12 - Outros:,12.2 - Análise de Solo,0.0,0.0,0.0,6600.0,0.0,,,1.356761632067946,0.0,0.0
Francisco Beltrão,PR,2020,12 - Outros:,12.3 - Demais Despesas,0.0,0.0,0.0,6600.0,0.0,,,1.356761632067946,0.0,0.0
Francisco Beltrão,PR,2020,12 - Outros:,13 - Serviços Diversos,0.0,0.0,0.0,6600.0,0.0,,,1.356761632067946,0.0,0.0
Francisco Beltrão,PR,2020,12 - Outros:,TOTAL DAS DESPESAS DE CUSTEIO (A),2104.43,19.13,77.32,6600.0,55.37,Total Despesas de Custeio (A),,1.356761632067946,2855.2098813727475,25.95485002145981
Francisco Beltrão,PR,2020,II - OUTRAS DESPESAS,14 - Transporte Externo,207.9,1.89,7.64,6600.0,5.47,,Transporte,1.356761632067946,282.070743306926,2.564279484608418
Francisco Beltrão,PR,2020,II - OUTRAS DESPESAS,15 - Despesas Administrativas,63.13,0.57,2.32,6600.0,1.66,,Administração,1.356761632067946,85.65236183244944,0.7733541302787292
Francisco Beltrão,PR,2020,II - OUTRAS DESPESAS,16 - Despesas de armazenagem,183.24,1.67,6.73,6600.0,4.82,,,1.356761632067946,248.61300146013045,2.26579192555347
Francisco Beltrão,PR,2020,II - OUTRAS DESPESAS,17 - Beneficiamento,0.0,0.0,0.0,6600.0,0.0,,,1.356761632067946,0.0,0.0
Francisco Beltrão,PR,2020,II - OUTRAS DESPESAS,18 - Seguro da Produção,0.0,0.0,0.0,6600.0,0.0,,Seguro,1.356761632067946,0.0,0.0
Francisco Beltrão,PR,2020,II - OUTRAS DESPESAS,19 - Seguro do crédito,0.0,0.0,0.0,6600.0,0.0,,Seguro,1.356761632067946,0.0,0.0
Francisco Beltrão,PR,2020,II - OUTRAS DESPESAS,20 - Assistência Técnica,42.09,0.38,1.55,6600.0,1.11,,,1.356761632067946,57.106097093739855,0.5155694201858195
Francisco Beltrão,PR,2020,II - OUTRAS DESPESAS,21 - Classificação,0.0,0.0,0.0,6600.0,0.0,,,1.356761632067946,0.0,0.0
Francisco Beltrão,PR,2020,II - OUTRAS DESPESAS,22 - Outros Impostos/Taxas,0.0,0.0,0.0,6600.0,0.0,,,1.356761632067946,0.0,0.0
Francisco Beltrão,PR,2020,II - OUTRAS DESPESAS,23 - CESSR,72.72,0.66,2.67,6600.0,1.91,,,1.356761632067946,98.66370588398104,0.8954626771648445
Francisco Beltrão,PR,2020,II - OUTRAS DESPESAS,TOTAL DAS OUTRAS DESPESAS (B),569.08,5.17,20.91,6600.0,14.97,Total Outras Despesas (B),,1.356761632067946,772.1059095772268,7.014457637791281
Francisco Beltrão,PR,2020,III - DESPESAS FINANCEIRAS,24 - Juros do Financiamento,47.99,0.44,1.76,6600.0,1.26,,Juros/Financiamento,1.356761632067946,65.11099072294074,0.5969751181098962
Francisco Beltrão,PR,2020,III - DESPESAS FINANCEIRAS,TOTAL DAS DESPESAS FINANCEIRAS (C),47.99,0.44,1.76,6600.0,1.26,Total Despesas Financeiras (C),,1.356761632067946,65.11099072294074,0.5969751181098962
Francisco Beltrão,PR,2020,III - DESPESAS FINANCEIRAS,CUSTO VARIÁVEL (A+B+C=D),2721.5,24.74,99.99,6600.0,71.6,Custo Variável (D),,1.356761632067946,3692.4267816729152,33.56628277736098
Francisco Beltrão,PR,2020,IV - DEPRECIAÇÕES,25 - Depreciação de benfeitorias/instalações,7.35,0.07,0.27,6600.0,0.19,,Máquinas/Depreciação,1.356761632067946,9.972197995699403,0.09497331424475623
Francisco Beltrão,PR,2020,IV - DEPRECIAÇÕES,26 - Depreciação de implementos,84.05,0.76,3.09,6600.0,2.21,,Máquinas/Depreciação,1.356761632067946,114.03581517531086,1.031138840371639
Francisco Beltrão,PR,2020,IV - DEPRECIAÇÕES,27 - Depreciação de Máquinas,94.74,0.86,3.48,6600.0,2.49,,Máquinas/Depreciação,1.356761632067946,128.5395970221172,1.1668150035784337
Francisco Beltrão,PR,2020,IV - DEPRECIAÇÕES,TOTAL DE DEPRECIAÇÕES (E),186.14,1.69,6.84,6600.0,4.89,Total Depreciações (E),Máquinas/Depreciação,1.356761632067946,252.54761019312747,2.292927158194829
Francisco Beltrão,PR,2020,V - OUTROS CUSTOS FIXOS,28 - Manutenção Periódica Benfeitorias/Instalações,177.8,1.62,6.53,6600.0,4.68,,,1.356761632067946,241.23221818168082,2.197953843950073
Francisco Beltrão,PR,2020,V - OUTROS CUSTOS FIXOS,29 - Encargos Sociais,33.35,0.3,1.23,6600.0,0.88,,,1.356761632067946,45.248000429466,0.4070284896203838
Francisco Beltrão,PR,2020,V - OUTROS CUSTOS FIXOS,30 - Seguro do capital fixo,11.39,0.1,0.42,6600.0,0.3,,Seguro,1.356761632067946,15.453514989253907,0.13567616320679463
Francisco Beltrão,PR,2020,V - OUTROS CUSTOS FIXOS,31 - Arrendamento,75.26,0.68,2.77,6600.0,1.98,,Arrendamento,1.356761632067946,102.10988042943363,0.9225979098062034
Francisco Beltrão,PR,2020,V - OUTROS CUSTOS FIXOS,TOTAL DE OUTROS CUSTOS FIXOS (F),297.8,2.71,10.95,6600.0,7.84,Total Outros Custos Fixos (F),,1.356761632067946,404.0436140298344,3.676824022904134
Francisco Beltrão,PR,2020,V - OUTROS CUSTOS FIXOS,CUSTO FIXO (E+F=G),483.94,4.4,17.79,6600.0,12.73,Custo Fixo (G),,1.356761632067946,656.5912242229618,5.969751181098963
Francisco Beltrão,PR,2020,V - OUTROS CUSTOS FIXOS,CUSTO OPERACIONAL (D+G=H),3205.44,29.14,117.78,6600.0,84.33,Custo Operacional (H),,1.356761632067946,4349.018005895877,39.53603395845995
Francisco Beltrão,PR,2020,VI - RENDA DE FATORES,32 - Remuneração esperada sobre o capital fixo,93.68,0.85,3.44,6600.0,2.46,,,1.356761632067946,127.1014296921252,1.1532473872577542
Francisco Beltrão,PR,2020,VI - RENDA DE FATORES,33 - Terra Própria,501.71,4.56,18.44,6600.0,13.2,,Terra,1.356761632067946,680.7008784248092,6.186833042229834
Francisco Beltrão,PR,2020,VI - RENDA DE FATORES,TOTAL DE RENDA DE FATORES (I),595.39,5.41,21.88,6600.0,15.66,Total Renda de Fatores (I),,1.356761632067946,807.8023081169345,7.340080429487588
Francisco Beltrão,PR,2020,VI - RENDA DE FATORES,CUSTO TOTAL (H+I=J),3800.83,34.56,139.66,6600.0,,Custo Total (J),,1.356761632067946,5156.820314012812,46.88968200426822
Francisco Beltrão,PR,2021,I - DESPESAS DO CUSTEIO,1 - Operação com animal,0.0,0.0,0.0,6600.0,0.0,,,1.2527626200113375,0.0,0.0
Francisco Beltrão,PR,2021,I - DESPESAS DO CUSTEIO,2 - Operação com Avião,0.0,0.0,0.0,6600.0,0.0,,,1.2527626200113375,0.0,0.0
Francisco Beltrão,PR,2021,3 - Operação com máquinas:,3.1 - Tratores e Colheitadeiras,300.15,2.72864,7.95,6600.0,6.49,,,1.2527626200113375,376.01670039640294,3.418338195467736
Francisco Beltrão,PR,2021,3 - Operação com máquinas:,3.2 - Conjunto de Irrigação,0.0,0.0,0.0,6600.0,0.0,,,1.2527626200113375,0.0,0.0
Francisco Beltrão,PR,2021,3 - Operação com máquinas:,4 - Aluguel de Máquinas,0.0,0.0,0.0,6600.0,0.0,,Máquinas/Depreciação,1.2527626200113375,0.0,0.0
Francisco Beltrão,PR,2021,3 - Operação com máquinas:,5 - Aluguel de Animais,0.0,0.0,0.0,6600.0,0.0,,,1.2527626200113375,0.0,0.0
Francisco Beltrão,PR,2021,3 - Operação com máquinas:,6 - Mão de obra,0.0,0.0,0.0,6600.0,0.0,,Mão de obra,1.2527626200113375,0.0,0.0
Francisco Beltrão,PR,2021,3 - Operação com máquinas:,7 - Administrador,77.0,0.7,2.04,6600.0,1.66,,Administração,1.2527626200113375,96.462721740873,0.8769338340079362
Francisco Beltrão,PR,2021,3 - Operação com máquinas:,8 - Sementes e mudas,768.0,6.98182,20.35,6600.0,16.6,,Sementes,1.2527626200113375,962.1216921687072,8.746563115647557
Francisco Beltrão,PR,2021,3 - Operação com máquinas:,9 - Fertilizantes,1636.5,14.87727,43.36,6600.0,35.38,,Fertilizantes,1.2527626200113375,2050.146027648554,18.63768774381607
Francisco Beltrão,PR,2021,3 - Operação com máquinas:,10 - Agrotóxicos,268.44,2.44036,7.11,6600.0,5.8,,Defensivos/Agrotóxicos,1.2527626200113375,336.29159771584347,3.0571917873708676
Francisco Beltrão,PR,2021,3 - Operação com máquinas:,11 - Receita,0.0,0.0,0.0,6600.0,0.0,,,1.2527626200113375,0.0,0.0
Francisco Beltrão,PR,2021,12 - Outros:,12.1 - Embalagens/Utensílios,0.0,0.0,0.0,6600.0,0.0,,,1.2527626200113375,0.0,0.0
Francisco Beltrão,PR,2021,12 - Outros:,12.2 - Análise de Solo,0.0,0.0,0.0,6600.0,0.0,,,1.2527626200113375,0.0,0.0
Francisco Beltrão,PR,2021,12 - Outros:,12.3 - Demais Despesas,0.0,0.0,0.0,6600.0,0.0,,,1.2527626200113375,0.0,0.0
Francisco Beltrão,PR,2021,12 - Outros:,13 - Serviços Diversos,0.0,0.0,0.0,6600.0,0.0,,,1.2527626200113375,0.0,0.0
Francisco Beltrão,PR,2021,12 - Outros:,TOTAL DAS DESPESAS DE CUSTEIO (A),3050.09,27.72809,80.81,6600.0,65.93,Total Despesas de Custeio (A),,1.2527626200113375,3821.038739670381,34.73671467631017
Francisco Beltrão,PR,2021,II - OUTRAS DESPESAS,14 - Transporte Externo,207.9,1.89,5.51,6600.0,4.49,,Transporte,1.2527626200113375,260.44934870035706,2.367721351821428
Francisco Beltrão,PR,2021,II - OUTRAS DESPESAS,15 - Despesas Administrativas,91.5,0.83182,2.42,6600.0,1.98,,Administração,1.2527626200113375,114.62777973103738,1.0420730025778309
Francisco Beltrão,PR,2021,II - OUTRAS DESPESAS,16 - Despesas de armazenagem,195.16,1.77418,5.17,6600.0,4.22,,,1.2527626200113375,244.48915292141263,2.222626385171715
Francisco Beltrão,PR,2021,II - OUTRAS DESPESAS,17 - Beneficiamento,0.0,0.0,0.0,6600.0,0.0,,,1.2527626200113375,0.0,0.0
Francisco Beltrão,PR,2021,II - OUTRAS DESPESAS,18 - Seguro da Produção,0.0,0.0,0.0,6600.0,0.0,,Seguro,1.2527626200113375,0.0,0.0
Francisco Beltrão,PR,2021,II - OUTRAS DESPESAS,19 - Seguro do crédito,0.0,0.0,0.0,6600.0,0.0,,Seguro,1.2527626200113375,0.0,0.0
Francisco Beltrão,PR,2021,II - OUTRAS DESPESAS,20 - Assistência Técnica,61.0,0.55455,1.62,6600.0,1.32,,,1.2527626200113375,76.41851982069159,0.6947195109272872
Francisco Beltrão,PR,2021,II - OUTRAS DESPESAS,21 - Classificação,0.0,0.0,0.0,6600.0,0.0,,,1.2527626200113375,0.0,0.0
Francisco Beltrão,PR,2021,II - OUTRAS DESPESAS,22 - Outros,0.0,0.0,0.0,6600.0,0.0,,,1.2527626200113375,0.0,0.0
Francisco Beltrão,PR,2021,II - OUTRAS DESPESAS,23 - CESSR,132.3,1.20273,3.51,6600.0,2.86,,,1.2527626200113375,165.74049462749997,1.5067351859662361
Francisco Beltrão,PR,2021,II - OUTRAS DESPESAS,TOTAL DAS OUTRAS DESPESAS (B),687.86,6.25328,18.23,6600.0,14.87,Total Outras Despesas (B),,1.2527626200113375,861.7252958009987,7.833875436464497
Francisco Beltrão,PR,2021,III - DESPESAS FINANCEIRAS,24 - Juros do Financiamento,36.0,0.33,0.95,6600.0,0.78,,Juros/Financiamento,1.2527626200113375,45.09945432040815,0.4134116646037414
Francisco Beltrão,PR,2021,III - DESPESAS FINANCEIRAS,TOTAL DAS DESPESAS FINANCEIRAS (C),36.0,0.33,0.95,6600.0,0.78,Total Despesas Financeiras (C),,1.2527626200113375,45.09945432040815,0.4134116646037414
Francisco Beltrão,PR,2021,III - DESPESAS FINANCEIRAS,CUSTO VARIÁVEL (A+B+C=D),3773.95,34.31137,99.99,6600.0,81.58,Custo Variável (D),,1.2527626200113375,4727.863489791787,42.9840017773784
Francisco Beltrão,PR,2021,IV - DEPRECIAÇÕES,25 - Depreciação de benfeitorias/instalações,9.09,0.08267,0.24,6600.0,0.2,,Máquinas/Depreciação,1.2527626200113375,11.387612215903058,0.10356588579633727
Francisco Beltrão,PR,2021,IV - DEPRECIAÇÕES,26 - Depreciação de implementos,85.35,0.7759,2.26,6600.0,1.85,,Máquinas/Depreciação,1.2527626200113375,106.92328961796765,0.9720185168667969
Francisco Beltrão,PR,2021,IV - DEPRECIAÇÕES,27 - Depreciação de Máquinas,129.75,1.17952,3.44,6600.0,2.81,,Máquinas/Depreciação,1.2527626200113375,162.54594994647104,1.4776585655557728
Francisco Beltrão,PR,2021,IV - DEPRECIAÇÕES,TOTAL DE DEPRECIAÇÕES (E),224.19,2.03809,5.94,6600.0,4.86,Total Depreciações (E),Máquinas/Depreciação,1.2527626200113375,280.85685178034174,2.553242968218907
Francisco Beltrão,PR,2021,V - OUTROS CUSTOS FIXOS,28 - Manutenção Periódica Benfeitorias/Instalações,220.0,2.0,5.83,6600.0,4.76,,,1.2527626200113375,275.60777640249427,2.505525240022675
Francisco Beltrão,PR,2021,V - OUTROS CUSTOS FIXOS,29 - Encargos Sociais,35.1,0.31913,0.93,6600.0,0.76,,,1.2527626200113375,43.97196796239795,0.39979413492421817
Francisco Beltrão,PR,2021,V - OUTROS CUSTOS FIXOS,30 - Seguro do capital fixo,13.42,0.12202,0.36,6600.0,0.29,,Seguro,1.2527626200113375,16.81207436055215,0.1528620948937834
Francisco Beltrão,PR,2021,V - OUTROS CUSTOS FIXOS,31 - Arrendamento,141.65,1.28774,3.75,6600.0,3.06,,Arrendamento,1.2527626200113375,177.45382512460597,1.6132325362934
Francisco Beltrão,PR,2021,V - OUTROS CUSTOS FIXOS,TOTAL DE OUTROS CUSTOS FIXOS (F),410.17,3.72889,10.87,6600.0,8.87,Total Outros Custos Fixos (F),,1.2527626200113375,513.8456438500504,4.671414006134076
Francisco Beltrão,PR,2021,V - OUTROS CUSTOS FIXOS,CUSTO FIXO (E+F=G),634.36,5.76698,16.81,6600.0,13.73,Custo Fixo (G),,1.2527626200113375,794.7024956303921,7.224656974352984
Francisco Beltrão,PR,2021,V - OUTROS CUSTOS FIXOS,CUSTO OPERACIONAL (D+G=H),4408.31,40.07835,116.8,6600.0,95.31,Custo Operacional (H),,1.2527626200113375,5522.565985422179,50.20865875173139
Francisco Beltrão,PR,2021,VI - RENDA DE FATORES,32 - Remuneração esperada sobre o capital fixo,30.24,0.27494,0.8,6600.0,0.65,,,1.2527626200113375,37.88354162914285,0.34443455474591717
Francisco Beltrão,PR,2021,VI - RENDA DE FATORES,33 - Terra Própria,187.04,1.70037,4.96,6600.0,4.04,,Terra,1.2527626200113375,234.31672044692056,2.130159976188678
Francisco Beltrão,PR,2021,VI - RENDA DE FATORES,TOTAL DE RENDA DE FATORES (F),217.28,1.97531,5.76,6600.0,4.69,Total Renda de Fatores (I),,1.2527626200113375,272.20026207606344,2.474594530934595
Francisco Beltrão,PR,2021,VI - RENDA DE FATORES,CUSTO TOTAL (H+I=J),4625.59,42.05366,122.56,6600.0,100.0,Custo Total (J),,1.2527626200113375,5794.766247498243,52.68325328266599
Francisco Beltrão,PR,2022,I - DESPESAS DO CUSTEIO,1 - Operação com animal,0.0,0.0,0.0,6600.0,0.0,,,1.146379346107216,0.0,0.0
Francisco Beltrão,PR,2022,I - DESPESAS DO CUSTEIO,2 - Operação com Avião,0.0,0.0,0.0,6600.0,0.0,,,1.146379346107216,0.0,0.0
Francisco Beltrão,PR,2022,3 - Operação com máquinas:,3.1 - Tratores e Colheitadeiras,460.46,4.18601,7.26,6600.0,4.98,,,1.146379346107216,527.8618337085287,4.798755406598267
Francisco Beltrão,PR,2022,3 - Operação com máquinas:,3.2 - Conjunto de Irrigação,0.0,0.0,0.0,6600.0,0.0,,,1.146379346107216,0.0,0.0
Francisco Beltrão,PR,2022,3 - Operação com máquinas:,4 - Aluguel de Máquinas,0.0,0.0,0.0,6600.0,0.0,,Máquinas/Depreciação,1.146379346107216,0.0,0.0
Francisco Beltrão,PR,2022,3 - Operação com máquinas:,5 - Aluguel de Animais,0.0,0.0,0.0,6600.0,0.0,,,1.146379346107216,0.0,0.0
Francisco Beltrão,PR,2022,3 - Operação com máquinas:,6 - Mão de obra,0.0,0.0,0.0,6600.0,0.0,,Mão de obra,1.146379346107216,0.0,0.0
Francisco Beltrão,PR,2022,3 - Operação com máquinas:,7 - Administrador,84.84,0.77128,1.34,6600.0,0.92,,Administração,1.146379346107216,97.25882372373621,0.8841794620655735
Francisco Beltrão,PR,2022,3 - Operação com máquinas:,8 - Sementes e mudas,688.0,6.25455,10.85,6600.0,7.44,,Sementes,1.146379346107216,788.7089901217646,7.1700869391948885
Francisco Beltrão,PR,2022,3 - Operação com máquinas:,9 - Fertilizantes,3311.91,30.10827,52.21,6600.0,35.83,,Fertilizantes,1.146379346107216,3796.70522016595,34.51549887501951
Francisco Beltrão,PR,2022,3 - Operação com máquinas:,10 - Agrotóxicos,680.11,6.18281,10.72,6600.0,7.36,,Defensivos/Agrotóxicos,1.146379346107216,779.6640570809788,7.087845684905156
Francisco Beltrão,PR,2022,3 - Operação com máquinas:,11 - Receita,0.0,0.0,0.0,6600.0,0.0,,,1.146379346107216,0.0,0.0
Francisco Beltrão,PR,2022,12 - Outros:,12.1 - Embalagens/Utensílios,0.0,0.0,0.0,6600.0,0.0,,,1.146379346107216,0.0,0.0
Francisco Beltrão,PR,2022,12 - Outros:,12.2 - Análise de Solo,0.0,0.0,0.0,6600.0,0.0,,,1.146379346107216,0.0,0.0
Francisco Beltrão,PR,2022,12 - Outros:,12.3 - Demais Despesas,0.0,0.0,0.0,6600.0,0.0,,,1.146379346107216,0.0,0.0
Francisco Beltrão,PR,2022,12 - Outros:,13 - Serviços Diversos,0.0,0.0,0.0,6600.0,0.0,,,1.146379346107216,0.0,0.0
Francisco Beltrão,PR,2022,12 - Outros:,TOTAL DAS DESPESAS DE CUSTEIO (A),5225.32,47.50292,82.38,6600.0,56.53,Total Despesas de Custeio (A),,1.146379346107216,5990.198924800958,54.456366367783396
Francisco Beltrão,PR,2022,II - OUTRAS DESPESAS,14 - Transporte Externo,297.99,2.709,4.7,6600.0,3.22,,Transporte,1.146379346107216,341.60958134648934,3.1055416486044485
Francisco Beltrão,PR,2022,II - OUTRAS DESPESAS,15 - Despesas Administrativas,156.76,1.42509,2.47,6600.0,1.7,,Administração,1.146379346107216,179.7064262957672,1.6336937423439324
Francisco Beltrão,PR,2022,II - OUTRAS DESPESAS,16 - Despesas de armazenagem,199.37,1.81245,3.14,6600.0,2.16,,,1.146379346107216,228.55365023339567,2.0777552458520234
Francisco Beltrão,PR,2022,II - OUTRAS DESPESAS,17 - Beneficiamento,0.0,0.0,0.0,6600.0,0.0,,,1.146379346107216,0.0,0.0
Francisco Beltrão,PR,2022,II - OUTRAS DESPESAS,18 - Seguro da Produção,0.0,0.0,0.0,6600.0,0.0,,Seguro,1.146379346107216,0.0,0.0
Francisco Beltrão,PR,2022,II - OUTRAS DESPESAS,19 - Seguro do crédito,0.0,0.0,0.0,6600.0,0.0,,Seguro,1.146379346107216,0.0,0.0
Francisco Beltrão,PR,2022,II - OUTRAS DESPESAS,20 - Assistência Técnica,104.51,0.95009,1.65,6600.0,1.13,,,1.146379346107216,119.80810546166515,1.0891635529430048
Francisco Beltrão,PR,2022,II - OUTRAS DESPESAS,21 - Classificação,0.0,0.0,0.0,6600.0,0.0,,,1.146379346107216,0.0,0.0
Francisco Beltrão,PR,2022,II - OUTRAS DESPESAS,22 - Outros,0.0,0.0,0.0,6600.0,0.0,,,1.146379346107216,0.0,0.0
Francisco Beltrão,PR,2022,II - OUTRAS DESPESAS,23 - CESSR,153.37,1.39427,2.42,6600.0,1.66,,,1.146379346107216,175.82020031246373,1.598362330896908
Francisco Beltrão,PR,2022,II - OUTRAS DESPESAS,TOTAL DAS OUTRAS DESPESAS (B),912.0,8.2909,14.38,6600.0,9.87,Total Outras Despesas (B),,1.146379346107216,1045.497963649781,9.504516520640317
Francisco Beltrão,PR,2022,III - DESPESAS FINANCEIRAS,24 - Juros do Financiamento,205.99,1.87264,3.25,6600.0,2.23,,Juros/Financiamento,1.146379346107216,236.14268150462544,2.146755818694217
Francisco Beltrão,PR,2022,III - DESPESAS FINANCEIRAS,TOTAL DAS DESPESAS FINANCEIRAS (C),205.99,1.87264,3.25,6600.0,2.23,Total Despesas Financeiras (C),,1.146379346107216,236.14268150462544,2.146755818694217
Francisco Beltrão,PR,2022,III - DESPESAS FINANCEIRAS,CUSTO VARIÁVEL (A+B+C=D),6343.31,57.66646,100.01,6600.0,68.63,Custo Variável (D),,1.146379346107216,7271.839569955365,66.10763870711793
Francisco Beltrão,PR,2022,IV - DEPRECIAÇÕES,25 - Depreciação de benfeitorias/instalações,10.33,0.09394,0.16,6600.0,0.11,,Máquinas/Depreciação,1.146379346107216,11.842098645287543,0.10769087577331186
Francisco Beltrão,PR,2022,IV - DEPRECIAÇÕES,26 - Depreciação de implementos,94.61,0.8601,1.49,6600.0,1.02,,Máquinas/Depreciação,1.146379346107216,108.4589499352037,0.9860008755868165
Francisco Beltrão,PR,2022,IV - DEPRECIAÇÕES,27 - Depreciação de Máquinas,203.07,1.84608,3.2,6600.0,2.2,,Máquinas/Depreciação,1.146379346107216,232.79525381399236,2.1163079832616094
Francisco Beltrão,PR,2022,IV - DEPRECIAÇÕES,TOTAL DE DEPRECIAÇÕES (E),308.01,2.80012,4.85,6600.0,3.33,Total Depreciações (E),Máquinas/Depreciação,1.146379346107216,353.0963023944836,3.209999734621738
Francisco Beltrão,PR,2022,V - OUTROS CUSTOS FIXOS,28 - Manutenção Periódica Benfeitorias/Instalações,250.0,2.27273,3.94,6600.0,2.7,,,1.146379346107216,286.594836526804,2.605410731278253
Francisco Beltrão,PR,2022,V - OUTROS CUSTOS FIXOS,29 - Encargos Sociais,38.68,0.35162,0.61,6600.0,0.42,,,1.146379346107216,44.341953107427116,0.4030899056782193
Francisco Beltrão,PR,2022,V - OUTROS CUSTOS FIXOS,30 - Seguro do capital fixo,17.57,0.15977,0.28,6600.0,0.19,,Seguro,1.146379346107216,20.141885111103786,0.1831570281275499
Francisco Beltrão,PR,2022,V - OUTROS CUSTOS FIXOS,31 - Arrendamento,175.15,1.59226,2.76,6600.0,1.89,,Arrendamento,1.146379346107216,200.78834247067888,1.8253339776326758
Francisco Beltrão,PR,2022,V - OUTROS CUSTOS FIXOS,TOTAL DE OUTROS CUSTOS FIXOS (F),481.4,4.37638,7.59,6600.0,5.2,Total Outros Custos Fixos (F),,1.146379346107216,551.8670172160138,5.0169916427166985
Francisco Beltrão,PR,2022,V - OUTROS CUSTOS FIXOS,CUSTO FIXO (E+F=G),789.41,7.1765,12.44,6600.0,8.53,Custo Fixo (G),,1.146379346107216,904.9633196104974,8.226991377338436
Francisco Beltrão,PR,2022,V - OUTROS CUSTOS FIXOS,CUSTO OPERACIONAL (D+G=H),7132.719999999999,64.84296,112.45,6600.0,77.16,Custo Operacional (H),,1.146379346107216,8176.802889565861,74.33463008445636
Francisco Beltrão,PR,2022,VI - RENDA DE FATORES,32 - Remuneração esperada sobre o capital fixo,101.7,0.92453,1.6,6600.0,1.1,,,1.146379346107216,116.58677949910387,1.0598620968565045
Francisco Beltrão,PR,2022,VI - RENDA DE FATORES,33 - Terra Própria,2009.96,18.27239,31.69,6600.0,21.74,,Terra,1.146379346107216,2304.17663050166,20.947090500016035
Francisco Beltrão,PR,2022,VI - RENDA DE FATORES,TOTAL DE RENDA DE FATORES (F),2111.66,19.19692,33.29,6600.0,22.84,Total Renda de Fatores (I),,1.146379346107216,2420.7634100007635,22.006952596872537
Francisco Beltrão,PR,2022,VI - RENDA DE FATORES,CUSTO TOTAL (H+I=J),9244.38,84.03988,145.74,6600.0,100.0,Custo Total (J),,1.146379346107216,10597.566299566624,96.3415826813289
Francisco Beltrão,PR,2023,I - DESPESAS DE CUSTEIO,1 - Operação com animal,0.0,0.0,0.0,7000.0,,,,1.0960327537763812,0.0,0.0
Francisco Beltrão,PR,2023,I - DESPESAS DE CUSTEIO,2 - Operação com avião,0.0,0.0,0.0,7000.0,,,,1.0960327537763812,0.0,0.0
Francisco Beltrão,PR,2023,3 - Operação com máquinas próprias:,3.1 - Tratores e Colheitadeiras,179.29,1.5299999999999998,0.0156364346309724,7000.0,,,,1.0960327537763812,196.5077124245674,1.6769301132778631
Francisco Beltrão,PR,2023,3 - Operação com máquinas próprias:,3.2 - Conjunto de Irrigação,0.0,0.0,0.0,7000.0,,,,1.0960327537763812,0.0,0.0
Francisco Beltrão,PR,2023,3 - Operação com máquinas próprias:,4 - Aluguel de máquinas,643.98,5.52,0.0561634847099873,7000.0,,,Máquinas/Depreciação,1.0960327537763812,705.823172776914,6.050100800845624
Francisco Beltrão,PR,2023,3 - Operação com máquinas próprias:,5 - Aluguel de animais,0.0,0.0,0.0,7000.0,,,,1.0960327537763812,0.0,0.0
Francisco Beltrão,PR,2023,3 - Operação com máquinas próprias:,6 - Mão de obra,0.0,0.0,0.0,7000.0,,,Mão de obra,1.0960327537763812,0.0,0.0
Francisco Beltrão,PR,2023,3 - Operação com máquinas próprias:,7 - Administrador Rural,91.16,0.8,0.0079503451445113,7000.0,,,Administração,1.0960327537763812,99.9143458342549,0.876826203021105
Francisco Beltrão,PR,2023,3 - Operação com máquinas próprias:,8 - Sementes,946.35,8.11,0.0825341062692887,7000.0,,,Sementes,1.0960327537763812,1037.2305965362784,8.888825633126451
Francisco Beltrão,PR,2023,3 - Operação com máquinas próprias:,9 - Fertilizantes,1718.99,14.74,0.1499184269412422,7000.0,,,Fertilizantes,1.0960327537763812,1884.0693434140614,16.15552279066386
Francisco Beltrão,PR,2023,3 - Operação com máquinas próprias:,10 - Agrotóxicos,804.07,6.9,0.0701254280424229,7000.0,,,Defensivos/Agrotóxicos,1.0960327537763812,881.2870563289749,7.562626001057031
Francisco Beltrão,PR,2023,3 - Operação com máquinas próprias:,11 - Água,0.0,0.0,0.0,7000.0,,,,1.0960327537763812,0.0,0.0
Francisco Beltrão,PR,2023,3 - Operação com máquinas próprias:,12 - Receita,0.0,0.0,0.0,7000.0,,,,1.0960327537763812,0.0,0.0
Francisco Beltrão,PR,2023,13 - Outros:,13.1 - Análise Foliar,0.0,0.0,0.0,7000.0,,,,1.0960327537763812,0.0,0.0
Francisco Beltrão,PR,2023,13 - Outros:,13.2 - Embalagens/Utensílios,0.0,0.0,0.0,7000.0,,,,1.0960327537763812,0.0,0.0
Francisco Beltrão,PR,2023,13 - Outros:,13.3 - Vernalização (alho),0.0,0.0,0.0,7000.0,,,,1.0960327537763812,0.0,0.0
Francisco Beltrão,PR,2023,13 - Outros:,13.4 - Análise de Solo,0.0,0.0,0.0,7000.0,,,,1.0960327537763812,0.0,0.0
Francisco Beltrão,PR,2023,13 - Outros:,13.5 - Mudas,0.0,0.0,0.0,7000.0,,,,1.0960327537763812,0.0,0.0
Francisco Beltrão,PR,2023,13 - Outros:,13.6 - Taxas Ambientais,0.0,0.0,0.0,7000.0,,,,1.0960327537763812,0.0,0.0
Francisco Beltrão,PR,2023,13 - Outros:,13.7 - Demais Despesas,0.0,0.0,0.0,7000.0,,,,1.0960327537763812,0.0,0.0
Francisco Beltrão,PR,2023,13 - Outros:,13.8 - Implementos Manuais,0.0,0.0,0.0,7000.0,,,Máquinas/Depreciação,1.0960327537763812,0.0,0.0
Francisco Beltrão,PR,2023,13 - Outros:,14 - Serviços Diversos,0.0,0.0,0.0,7000.0,,,,1.0960327537763812,0.0,0.0
Francisco Beltrão,PR,2023,13 - Outros:,TOTAL DAS DESPESAS DE CUSTEIO (A),4383.84,37.6,0.3823282257384252,7000.0,,Total Despesas de Custeio (A),,1.0960327537763812,4804.832227315052,41.210831541991936
Francisco Beltrão,PR,2023,II - OUTRAS DESPESAS,15 - Transporte Externo,353.5,3.03,0.0308298267725403,7000.0,,,Transporte,1.0960327537763812,387.44757845995076,3.320979243942435
Francisco Beltrão,PR,2023,16 - Despesas:,16.1 - Despesas Administrativas,131.52,1.13,0.0114702653949773,7000.0,,,Administração,1.0960327537763812,144.15022777666968,1.2385170117673105
Francisco Beltrão,PR,2023,16 - Despesas:,16.2 - Despesas de Armazenagem,0.0,0.0,0.0,7000.0,,,,1.0960327537763812,0.0,0.0
Francisco Beltrão,PR,2023,16 - Despesas:,16.3 - Beneficiamento,0.0,0.0,0.0,7000.0,,,,1.0960327537763812,0.0,0.0
Francisco Beltrão,PR,2023,16 - Despesas:,17 - Seguro da Produção,372.63,3.19,0.0324982131548846,7000.0,,,Seguro,1.0960327537763812,408.4146850396929,3.496344484546656
Francisco Beltrão,PR,2023,16 - Despesas:,18 - Seguro do Crédito,0.0,0.0,0.0,7000.0,,,Seguro,1.0960327537763812,0.0,0.0
Francisco Beltrão,PR,2023,16 - Despesas:,19 - Assistência Técnica,87.68,0.75,0.0076468435966515,7000.0,,,,1.0960327537763812,96.10015185111311,0.822024565332286
Francisco Beltrão,PR,2023,16 - Despesas:,20 - Classificação,0.0,0.0,0.0,7000.0,,,,1.0960327537763812,0.0,0.0
Francisco Beltrão,PR,2023,16 - Despesas:,21 - Outros impostos/taxas,0.0,0.0,0.0,7000.0,,,,1.0960327537763812,0.0,0.0
Francisco Beltrão,PR,2023,16 - Despesas:,22 - CDO,0.0,0.0,0.0,7000.0,,,,1.0960327537763812,0.0,0.0
Francisco Beltrão,PR,2023,16 - Despesas:,23 - CESSR,120.75,1.04,0.0105309804322043,7000.0,,,,1.0960327537763812,132.34595501849802,1.1398740639274365
Francisco Beltrão,PR,2023,16 - Despesas:,24 - FUNDECITRUS,0.0,0.0,0.0,7000.0,,,,1.0960327537763812,0.0,0.0
Francisco Beltrão,PR,2023,16 - Despesas:,TOTAL DAS OUTRAS DESPESAS (B),1066.08,9.14,0.0929761293512583,7000.0,,Total Outras Despesas (B),,1.0960327537763812,1168.4585981459245,10.017739369516125
Francisco Beltrão,PR,2023,III - DESPESAS FINANCEIRAS,25 - Juros do financiamento,151.53539870522582,1.3,0.0132158701329277,7000.0,,,Juros/Financiamento,1.0960327537763812,166.08776033749052,1.4248425799092956
Francisco Beltrão,PR,2023,III - DESPESAS FINANCEIRAS,TOTAL DAS DESPESAS FINANCEIRAS  (C),151.53539870522582,1.3,0.0132158701329277,7000.0,,Total Despesas Financeiras (C),,1.0960327537763812,166.08776033749052,1.4248425799092956
Francisco Beltrão,PR,2023,III - DESPESAS FINANCEIRAS,CUSTO VARIÁVEL  (A+B+C = D),5601.455398705226,48.03999999999999,0.4885202252226112,7000.0,,Custo Variável (D),,1.0960327537763812,6139.378585798466,52.653413491417346
Francisco Beltrão,PR,2023,IV - DEPRECIAÇÕES,26 - Depreciação de benfeitorias/instalações,2.09,0.39,0.0001822753548928,7000.0,,,Máquinas/Depreciação,1.0960327537763812,2.2907084553926365,0.4274527739727887
Francisco Beltrão,PR,2023,IV - DEPRECIAÇÕES,27 - Depreciação de implementos,165.78,8.5,0.014458185805804,7000.0,,,Máquinas/Depreciação,1.0960327537763812,181.70030992104847,9.31627840709924
Francisco Beltrão,PR,2023,IV - DEPRECIAÇÕES,28 - Depreciação de máquinas,40.08,2.0,0.0034955005856956,7000.0,,,Máquinas/Depreciação,1.0960327537763812,43.92899277135736,2.1920655075527624
Francisco Beltrão,PR,2023,IV - DEPRECIAÇÕES,TOTAL DE DEPRECIAÇÕES (E),207.95,10.89,0.0181359617463925,7000.0,,Total Depreciações (E),Máquinas/Depreciação,1.0960327537763812,227.92001114779845,11.935796688624793
Francisco Beltrão,PR,2023,V - OUTROS CUSTOS FIXOS,29 - Manutenção periódica de benfeitorias/instalações,322.5,2.76,0.028126221030111,7000.0,,,,1.0960327537763812,353.4705630928829,3.025050400422812
Francisco Beltrão,PR,2023,V - OUTROS CUSTOS FIXOS,30 - Encargos sociais,41.56,0.36,0.0036245759566245,7000.0,,,,1.0960327537763812,45.55112124694641,0.3945717913594972
Francisco Beltrão,PR,2023,V - OUTROS CUSTOS FIXOS,31 - Seguro do capital fixo,10.89,0.09,0.0009497505333888,7000.0,,,Seguro,1.0960327537763812,11.935796688624793,0.0986429478398743
Francisco Beltrão,PR,2023,V - OUTROS CUSTOS FIXOS,32 - Arrendamento,367.77,3.15,0.0320743575449424,7000.0,,,Arrendamento,1.0960327537763812,403.0879658563397,3.4525031743956007
Francisco Beltrão,PR,2023,V - OUTROS CUSTOS FIXOS,TOTAL DE OUTROS CUSTOS FIXOS (F),742.72,6.359999999999999,0.0647749050650669,7000.0,,Total Outros Custos Fixos (F),,1.0960327537763812,814.0454468847939,6.970768314017784
Francisco Beltrão,PR,2023,V - OUTROS CUSTOS FIXOS,CUSTO FIXO  (E+F = G),950.67,17.25,0.0829108668114595,7000.0,,Custo Fixo (G),,1.0960327537763812,1041.9654580325923,18.906565002642576
Francisco Beltrão,PR,2023,V - OUTROS CUSTOS FIXOS,CUSTO OPERACIONAL  (D+G = H),6552.125398705226,65.28999999999999,0.5714310920340707,7000.0,,Custo Operacional (H),,1.0960327537763812,7181.344043831058,71.55997849405992
Francisco Beltrão,PR,2023,VI - RENDA DE FATORES,33 - Remuneração esperada sobre capital fixo,118.9,1.02,0.0103696362185432,7000.0,,,,1.0960327537763812,130.31829442401173,1.1179534088519087
Francisco Beltrão,PR,2023,VI - RENDA DE FATORES,34 - Terra própria,4795.143471074381,41.1,0.4181992717473861,7000.0,,,Terra,1.0960327537763812,5255.634303354488,45.04694618020927
Francisco Beltrão,PR,2023,VI - RENDA DE FATORES,TOTAL DA RENDA DE FATORES (I),4914.04347107438,42.120000000000005,0.4285689079659294,7000.0,,Total Renda de Fatores (I),,1.0960327537763812,5385.9525977785,46.16489958906118
Francisco Beltrão,PR,2023,VI - RENDA DE FATORES,CUSTO TOTAL  (H+I = J),11466.168869779603,107.41,1.0,7000.0,,Custo Total (J),,1.0960327537763812,12567.296641609555,117.7248780831211
Francisco Beltrão,PR,2024,I - DESPESAS DO CUSTEIO,1 - Operação com animal,0.0,0.0,0.0,7000.0,0.0,,,1.0501675476932033,0.0,0.0
Francisco Beltrão,PR,2024,I - DESPESAS DO CUSTEIO,2 - Operação com Avião,0.0,0.0,0.0,7000.0,0.0,,,1.0501675476932033,0.0,0.0
Francisco Beltrão,PR,2024,3 - Operação com máquinas:,3.1 - Tratores e Colheitadeiras,179.87,1.54175,3.38,7000.0,1.93,,,1.0501675476932033,188.89363680357647,1.6190958166559961
Francisco Beltrão,PR,2024,3 - Operação com máquinas:,3.2 - Conjunto de Irrigação,0.0,0.0,0.0,7000.0,0.0,,,1.0501675476932033,0.0,0.0
Francisco Beltrão,PR,2024,3 - Operação com máquinas:,4 - Aluguel de Máquinas,488.12,4.18389,9.17,7000.0,5.25,,Máquinas/Depreciação,1.0501675476932033,512.6077833800064,4.393785501118116
Francisco Beltrão,PR,2024,3 - Operação com máquinas:,5 - Aluguel de Animais,0.0,0.0,0.0,7000.0,0.0,,,1.0501675476932033,0.0,0.0
Francisco Beltrão,PR,2024,3 - Operação com máquinas:,6 - Mão de obra,0.0,0.0,0.0,7000.0,0.0,,Mão de obra,1.0501675476932033,0.0,0.0
Francisco Beltrão,PR,2024,3 - Operação com máquinas:,7 - Administrador,98.84,0.8472,1.86,7000.0,1.06,,Administração,1.0501675476932033,103.79856041399621,0.8897019464056818
Francisco Beltrão,PR,2024,3 - Operação com máquinas:,8 - Sementes e mudas,1520.2,13.03029,28.57,7000.0,16.35,,Sementes,1.0501675476932033,1596.4647060032078,13.683987695031272
Francisco Beltrão,PR,2024,3 - Operação com máquinas:,9 - Fertilizantes,1387.11,11.88951,26.07,7000.0,14.92,,Fertilizantes,1.0501675476932033,1456.6979070807192,12.485977559973817
Francisco Beltrão,PR,2024,3 - Operação com máquinas:,10 - Agrotóxicos,583.08,4.99784,10.96,7000.0,6.27,,Defensivos/Agrotóxicos,1.0501675476932033,612.331693708953,5.248569376562999
Francisco Beltrão,PR,2024,3 - Operação com máquinas:,11 - Receita,0.0,0.0,0.0,7000.0,0.0,,,1.0501675476932033,0.0,0.0
Francisco Beltrão,PR,2024,12 - Outros:,12.1 - Embalagens/Utensílios,0.0,0.0,0.0,7000.0,0.0,,,1.0501675476932033,0.0,0.0
Francisco Beltrão,PR,2024,12 - Outros:,12.2 - Análise de Solo,0.0,0.0,0.0,7000.0,0.0,,,1.0501675476932033,0.0,0.0
Francisco Beltrão,PR,2024,12 - Outros:,12.3 - Demais Despesas,0.0,0.0,0.0,7000.0,0.0,,,1.0501675476932033,0.0,0.0
Francisco Beltrão,PR,2024,12 - Outros:,13 - Serviços Diversos,0.0,0.0,0.0,7000.0,0.0,,,1.0501675476932033,0.0,0.0
Francisco Beltrão,PR,2024,12 - Outros:,TOTAL DAS DESPESAS DE CUSTEIO (A),4257.22,36.49048,80.01,7000.0,45.78,Total Despesas de Custeio (A),,1.0501675476932033,4470.794287390459,38.32111789574788
Francisco Beltrão,PR,2024,II - OUTRAS DESPESAS,14 - Transporte Externo,272.16,2.3328,5.11,7000.0,2.93,,Transporte,1.0501675476932033,285.81359978018224,2.4498308552587047
Francisco Beltrão,PR,2024,II - OUTRAS DESPESAS,15 - Despesas Administrativas,127.72,1.09474,2.4,7000.0,1.37,,Administração,1.0501675476932033,134.12739919137593,1.1496604211616575
Francisco Beltrão,PR,2024,II - OUTRAS DESPESAS,16 - Despesas de armazenagem,0.0,0.0,0.0,7000.0,0.0,,,1.0501675476932033,0.0,0.0
Francisco Beltrão,PR,2024,II - OUTRAS DESPESAS,17 - Beneficiamento,0.0,0.0,0.0,7000.0,0.0,,,1.0501675476932033,0.0,0.0
Francisco Beltrão,PR,2024,II - OUTRAS DESPESAS,18 - Seguro da Produção,361.86,3.10166,6.8,7000.0,3.89,,Seguro,1.0501675476932033,380.0136288082626,3.257262675978101
Francisco Beltrão,PR,2024,II - OUTRAS DESPESAS,19 - Seguro do crédito,0.0,0.0,0.0,7000.0,0.0,,Seguro,1.0501675476932033,0.0,0.0
Francisco Beltrão,PR,2024,II - OUTRAS DESPESAS,20 - Assistência Técnica,85.14,0.72977,1.6,7000.0,0.92,,,1.0501675476932033,89.41126501059934,0.766380771280069
Francisco Beltrão,PR,2024,II - OUTRAS DESPESAS,21 - Classificação,0.0,0.0,0.0,7000.0,0.0,,,1.0501675476932033,0.0,0.0
Francisco Beltrão,PR,2024,II - OUTRAS DESPESAS,22 - Outros,0.0,0.0,0.0,7000.0,0.0,,,1.0501675476932033,0.0,0.0
Francisco Beltrão,PR,2024,II - OUTRAS DESPESAS,23 - CESSR,91.52,0.78446,1.72,7000.0,0.98,,,1.0501675476932033,96.11133396488196,0.8238144344634103
Francisco Beltrão,PR,2024,II - OUTRAS DESPESAS,TOTAL DAS OUTRAS DESPESAS (B),938.4,8.04343,17.63,7000.0,10.09,Total Outras Despesas (B),,1.0501675476932033,985.477226755302,8.446949158141942
Francisco Beltrão,PR,2024,III - DESPESAS FINANCEIRAS,24 - Juros do Financiamento,125.22,1.07331,2.35,7000.0,1.35,,Juros/Financiamento,1.0501675476932033,131.5019803221429,1.127155330614592
Francisco Beltrão,PR,2024,III - DESPESAS FINANCEIRAS,TOTAL DAS DESPESAS FINANCEIRAS (C),125.22,1.07331,2.35,7000.0,1.35,Total Despesas Financeiras (C),,1.0501675476932033,131.5019803221429,1.127155330614592
Francisco Beltrão,PR,2024,III - DESPESAS FINANCEIRAS,CUSTO VARIÁVEL (A+B+C=D),5320.840000000001,45.60722,99.99,7000.0,57.22,Custo Variável (D),,1.0501675476932033,5587.773494467905,47.895222384504414
Francisco Beltrão,PR,2024,IV - DEPRECIAÇÕES,25 - Depreciação de benfeitorias/instalações,16.45,0.14103,0.31,7000.0,0.18,,Máquinas/Depreciação,1.0501675476932033,17.275256159553194,0.14810512925117245
Francisco Beltrão,PR,2024,IV - DEPRECIAÇÕES,26 - Depreciação de implementos,139.26,1.19362,2.62,7000.0,1.5,,Máquinas/Depreciação,1.0501675476932033,146.24633269175547,1.2535009882775612
Francisco Beltrão,PR,2024,IV - DEPRECIAÇÕES,27 - Depreciação de Máquinas,31.09,0.26651,0.58,7000.0,0.33,,Máquinas/Depreciação,1.0501675476932033,32.64970905778169,0.2798801531357156
Francisco Beltrão,PR,2024,IV - DEPRECIAÇÕES,TOTAL DE DEPRECIAÇÕES (E),186.8,1.60116,3.51,7000.0,2.01,Total Depreciações (E),Máquinas/Depreciação,1.0501675476932033,196.17129790909038,1.6814862706644493
Francisco Beltrão,PR,2024,V - OUTROS CUSTOS FIXOS,28 - Manutenção Periódica Benfeitorias/Instalações,386.6,3.31369,7.27,7000.0,4.16,,,1.0501675476932033,405.9947739381924,3.479929701115491
Francisco Beltrão,PR,2024,V - OUTROS CUSTOS FIXOS,29 - Encargos Sociais,45.06,0.38624,0.85,7000.0,0.48,,,1.0501675476932033,47.320549699055746,0.40561671362102286
Francisco Beltrão,PR,2024,V - OUTROS CUSTOS FIXOS,30 - Seguro do capital fixo,12.03,0.1031,0.23,7000.0,0.13,,Seguro,1.0501675476932033,12.633515598749234,0.10827227416716925
Francisco Beltrão,PR,2024,V - OUTROS CUSTOS FIXOS,31 - Arrendamento,261.87,2.24456,4.92,7000.0,2.82,,Arrendamento,1.0501675476932033,275.00737571441914,2.3571640708502564
Francisco Beltrão,PR,2024,V - OUTROS CUSTOS FIXOS,TOTAL DE OUTROS CUSTOS FIXOS (F),705.56,6.04759,13.27,7000.0,7.59,Total Outros Custos Fixos (F),,1.0501675476932033,740.9562149504164,6.350982759753939
Francisco Beltrão,PR,2024,V - OUTROS CUSTOS FIXOS,CUSTO FIXO (E+F=G),892.3599999999999,7.64875,16.78,7000.0,9.6,Custo Fixo (G),,1.0501675476932033,937.1275128595069,8.032469030418389
Francisco Beltrão,PR,2024,V - OUTROS CUSTOS FIXOS,CUSTO OPERACIONAL (D+G=H),6213.200000000001,53.25597,116.77,7000.0,66.82,Custo Operacional (H),,1.0501675476932033,6524.901007327411,55.927691414922805
Francisco Beltrão,PR,2024,VI - RENDA DE FATORES,32 - Remuneração esperada sobre o capital fixo,121.89,1.04474,2.29,7000.0,1.31,,,1.0501675476932033,128.00492238832456,1.0971520437769973
Francisco Beltrão,PR,2024,VI - RENDA DE FATORES,33 - Terra Própria,2964.0,25.40571,55.71,7000.0,31.87,,Terra,1.0501675476932033,3112.6966113626545,26.68025216810469
Francisco Beltrão,PR,2024,VI - RENDA DE FATORES,TOTAL DE RENDA DE FATORES (F),3085.89,26.45045,58.0,7000.0,33.18,Total Renda de Fatores (I),,1.0501675476932033,3240.701533750979,27.777404211881688
Francisco Beltrão,PR,2024,VI - RENDA DE FATORES,CUSTO TOTAL (H+I=J),9299.09,79.70642,174.77,7000.0,100.0,Custo Total (J),,1.0501675476932033,9765.60254107839,83.70509562680449
Francisco Beltrão,PR,2025,I - DESPESAS DO CUSTEIO,1 - Operação com animal,0.0,0.0,0.0,7000.0,0.0,,,1.0,0.0,0.0
Francisco Beltrão,PR,2025,I - DESPESAS DO CUSTEIO,2 - Operação com Avião,0.0,0.0,0.0,7000.0,0.0,,,1.0,0.0,0.0
Francisco Beltrão,PR,2025,3 - Operação com máquinas:,3.1 - Tratores e Colheitadeiras,190.02,1.62876,3.61,7000.0,2.09,,,1.0,190.02,1.62876
Francisco Beltrão,PR,2025,3 - Operação com máquinas:,3.2 - Conjunto de Irrigação,0.0,0.0,0.0,7000.0,0.0,,,1.0,0.0,0.0
Francisco Beltrão,PR,2025,3 - Operação com máquinas:,4 - Aluguel de Máquinas,679.82,5.82703,12.93,7000.0,7.49,,Máquinas/Depreciação,1.0,679.82,5.82703
Francisco Beltrão,PR,2025,3 - Operação com máquinas:,5 - Aluguel de Animais,0.0,0.0,0.0,7000.0,0.0,,,1.0,0.0,0.0
Francisco Beltrão,PR,2025,3 - Operação com máquinas:,6 - Mão de obra,0.0,0.0,0.0,7000.0,0.0,,Mão de obra,1.0,0.0,0.0
Francisco Beltrão,PR,2025,3 - Operação com máquinas:,7 - Administrador,106.28,0.91096,2.02,7000.0,1.17,,Administração,1.0,106.28,0.91096
Francisco Beltrão,PR,2025,3 - Operação com máquinas:,8 - Sementes e mudas,924.69,7.92591,17.58,7000.0,10.19,,Sementes,1.0,924.69,7.92591
Francisco Beltrão,PR,2025,3 - Operação com máquinas:,9 - Fertilizantes,1706.74,14.6292,32.46,7000.0,18.8,,Fertilizantes,1.0,1706.74,14.6292
Francisco Beltrão,PR,2025,3 - Operação com máquinas:,10 - Agrotóxicos,497.6,4.26514,9.46,7000.0,5.48,,Defensivos/Agrotóxicos,1.0,497.6,4.26514
Francisco Beltrão,PR,2025,3 - Operação com máquinas:,11 - Receita,0.0,0.0,0.0,7000.0,0.0,,,1.0,0.0,0.0
Francisco Beltrão,PR,2025,12 - Outros:,12.1 - Embalagens/Utensílios,0.0,0.0,0.0,7000.0,0.0,,,1.0,0.0,0.0
Francisco Beltrão,PR,2025,12 - Outros:,12.2 - Análise de Solo,0.0,0.0,0.0,7000.0,0.0,,,1.0,0.0,0.0
Francisco Beltrão,PR,2025,12 - Outros:,12.3 - Demais Despesas,0.0,0.0,0.0,7000.0,0.0,,,1.0,0.0,0.0
Francisco Beltrão,PR,2025,12 - Outros:,13 - Serviços Diversos,0.0,0.0,0.0,7000.0,0.0,,,1.0,0.0,0.0
Francisco Beltrão,PR,2025,12 - Outros:,TOTAL DAS DESPESAS DE CUSTEIO (A),4105.15,35.187,78.06,7000.0,45.22,Total Despesas de Custeio (A),,1.0,4105.15,35.187
Francisco Beltrão,PR,2025,II - OUTRAS DESPESAS,14 - Transporte Externo,301.7,2.586,5.74,7000.0,3.32,,Transporte,1.0,301.7,2.586
Francisco Beltrão,PR,2025,II - OUTRAS DESPESAS,15 - Despesas Administrativas,123.15,1.05557,2.34,7000.0,1.36,,Administração,1.0,123.15,1.05557
Francisco Beltrão,PR,2025,II - OUTRAS DESPESAS,16 - Despesas de armazenagem,0.0,0.0,0.0,7000.0,0.0,,,1.0,0.0,0.0
Francisco Beltrão,PR,2025,II - OUTRAS DESPESAS,17 - Beneficiamento,0.0,0.0,0.0,7000.0,0.0,,,1.0,0.0,0.0
Francisco Beltrão,PR,2025,II - OUTRAS DESPESAS,18 - Seguro da Produção,348.94,2.99091,6.64,7000.0,3.84,,Seguro,1.0,348.94,2.99091
Francisco Beltrão,PR,2025,II - OUTRAS DESPESAS,19 - Seguro do crédito,0.0,0.0,0.0,7000.0,0.0,,Seguro,1.0,0.0,0.0
Francisco Beltrão,PR,2025,II - OUTRAS DESPESAS,20 - Assistência Técnica,82.1,0.70371,1.56,7000.0,0.9,,,1.0,82.1,0.70371
Francisco Beltrão,PR,2025,II - OUTRAS DESPESAS,21 - Classificação,0.0,0.0,0.0,7000.0,0.0,,,1.0,0.0,0.0
Francisco Beltrão,PR,2025,II - OUTRAS DESPESAS,22 - Outros,0.0,0.0,0.0,7000.0,0.0,,,1.0,0.0,0.0
Francisco Beltrão,PR,2025,II - OUTRAS DESPESAS,23 - CESSR,127.47,1.0926,2.42,7000.0,1.4,,,1.0,127.47,1.0926
Francisco Beltrão,PR,2025,II - OUTRAS DESPESAS,TOTAL DAS OUTRAS DESPESAS (B),983.36,8.42879,18.7,7000.0,10.82,Total Outras Despesas (B),,1.0,983.36,8.42879
Francisco Beltrão,PR,2025,III - DESPESAS FINANCEIRAS,24 - Juros do Financiamento,169.92,1.45645,3.23,7000.0,1.87,,Juros/Financiamento,1.0,169.92,1.45645
Francisco Beltrão,PR,2025,III - DESPESAS FINANCEIRAS,TOTAL DAS DESPESAS FINANCEIRAS (C),169.92,1.45645,3.23,7000.0,1.87,Total Despesas Financeiras (C),,1.0,169.92,1.45645
Francisco Beltrão,PR,2025,III - DESPESAS FINANCEIRAS,CUSTO VARIÁVEL (A+B+C=D),5258.429999999999,45.07224,99.99,7000.0,57.91,Custo Variável (D),,1.0,5258.429999999999,45.07224
Francisco Beltrão,PR,2025,IV - DEPRECIAÇÕES,25 - Depreciação de benfeitorias/instalações,12.14,0.10406,0.23,7000.0,0.13,,Máquinas/Depreciação,1.0,12.14,0.10406
Francisco Beltrão,PR,2025,IV - DEPRECIAÇÕES,26 - Depreciação de implementos,105.72,0.90621,2.01,7000.0,1.16,,Máquinas/Depreciação,1.0,105.72,0.90621
Francisco Beltrão,PR,2025,IV - DEPRECIAÇÕES,27 - Depreciação de Máquinas,31.96,0.27398,0.61,7000.0,0.35,,Máquinas/Depreciação,1.0,31.96,0.27398
Francisco Beltrão,PR,2025,IV - DEPRECIAÇÕES,TOTAL DE DEPRECIAÇÕES (E),149.82,1.28425,2.85,7000.0,1.64,Total Depreciações (E),Máquinas/Depreciação,1.0,149.82,1.28425
Francisco Beltrão,PR,2025,V - OUTROS CUSTOS FIXOS,28 - Manutenção Periódica Benfeitorias/Instalações,390.45,3.34674,7.43,7000.0,4.3,,,1.0,390.45,3.34674
Francisco Beltrão,PR,2025,V - OUTROS CUSTOS FIXOS,29 - Encargos Sociais,48.45,0.41531,0.92,7000.0,0.53,,,1.0,48.45,0.41531
Francisco Beltrão,PR,2025,V - OUTROS CUSTOS FIXOS,30 - Seguro do capital fixo,10.09,0.08647,0.19,7000.0,0.11,,Seguro,1.0,10.09,0.08647
Francisco Beltrão,PR,2025,V - OUTROS CUSTOS FIXOS,31 - Arrendamento,261.87,2.24456,4.98,7000.0,2.89,,Arrendamento,1.0,261.87,2.24456
Francisco Beltrão,PR,2025,V - OUTROS CUSTOS FIXOS,TOTAL DE OUTROS CUSTOS FIXOS (F),710.86,6.09308,13.52,7000.0,7.83,Total Outros Custos Fixos (F),,1.0,710.86,6.09308
Francisco Beltrão,PR,2025,V - OUTROS CUSTOS FIXOS,CUSTO FIXO (E+F=G),860.6800000000001,7.37733,16.37,7000.0,9.47,Custo Fixo (G),,1.0,860.6800000000001,7.37733
Francisco Beltrão,PR,2025,V - OUTROS CUSTOS FIXOS,CUSTO OPERACIONAL (D+G=H),6119.11,52.44957,116.36,7000.0,67.38,Custo Operacional (H),,1.0,6119.11,52.44957
Francisco Beltrão,PR,2025,VI - RENDA DE FATORES,32 - Remuneração esperada sobre o capital fixo,98.59,0.84509,1.87,7000.0,1.09,,,1.0,98.59,0.84509
Francisco Beltrão,PR,2025,VI - RENDA DE FATORES,33 - Terra Própria,2858.7,24.50314,54.36,7000.0,31.5,,Terra,1.0,2858.7,24.50314
Francisco Beltrão,PR,2025,VI - RENDA DE FATORES,TOTAL DE RENDA DE FATORES (F),2957.29,25.34823,56.23,7000.0,32.59,Total Renda de Fatores (I),,1.0,2957.29,25.34823
Francisco Beltrão,PR,2025,VI - RENDA DE FATORES,CUSTO TOTAL (H+I=J),9076.4,77.7978,172.59,7000.0,99.97,Custo Total (J),,1.0,9076.4,77.7978
Londrina,PR,1999,I - DESPESAS DE CUSTEIO DA LAVOURA,1 - Operação com avião,0.0,0.0,0.0,3500.0,,,,4.776733738342524,0.0,0.0
Londrina,PR,1999,I - DESPESAS DE CUSTEIO DA LAVOURA,2 - Operação com máquinas,49.2,0.84,0.0863991570813943,3500.0,,,Máquinas/Depreciação,4.776733738342524,235.0152999264522,4.01245634020772
Londrina,PR,1999,I - DESPESAS DE CUSTEIO DA LAVOURA,3 - Aluguel de máquinas,26.53,0.45,0.0465888137676705,3500.0,,,Máquinas/Depreciação,4.776733738342524,126.72674607822717,2.1495301822541357
Londrina,PR,1999,I - DESPESAS DE CUSTEIO DA LAVOURA,4 - Mão-de-obra temporária,2.91,0.05,0.0051101940468873,3500.0,,,Mão de obra,4.776733738342524,13.900295178576746,0.23883668691712623
Londrina,PR,1999,I - DESPESAS DE CUSTEIO DA LAVOURA,5 - Mão-de-obra fixa,7.92,0.14,0.0139081569935903,3500.0,,,Mão de obra,4.776733738342524,37.83173120767279,0.6687427233679535
Londrina,PR,1999,I - DESPESAS DE CUSTEIO DA LAVOURA,6 - Sementes,69.3,1.19,0.1216963736939151,3500.0,,,Sementes,4.776733738342524,331.0276480671369,5.684313148627603
Londrina,PR,1999,I - DESPESAS DE CUSTEIO DA LAVOURA,7 - Fertilizantes,103.12,1.77,0.1810870137852313,3500.0,,,Fertilizantes,4.776733738342524,492.5767830978811,8.454818716866267
Londrina,PR,1999,I - DESPESAS DE CUSTEIO DA LAVOURA,8 - Defensivos,64.0,1.1,0.1123891474229519,3500.0,,,Defensivos/Agrotóxicos,4.776733738342524,305.71095925392154,5.254407112176777
Londrina,PR,1999,I - DESPESAS DE CUSTEIO DA LAVOURA,TOTAL DAS DESPESAS DE CUSTEIO DA LAVOURA (A),322.98,5.54,0.5671788567916412,3500.0,,Total Despesas de Custeio (A),,4.776733738342524,1542.7894628098686,26.463104910417584
Londrina,PR,1999,II - DESPESAS PÓS-COLHEITA,1 - Transporte externo,20.83,0.36,0.0365791553253139,3500.0,,,Transporte,4.776733738342524,99.49936376967477,1.7196241458033086
Londrina,PR,1999,II - DESPESAS PÓS-COLHEITA,"2 - Recepção, limpeza, secagem e armazenagem 30-d",26.25,0.45,0.0460971112476951,3500.0,,,,4.776733738342524,125.38926063149125,2.1495301822541357
Londrina,PR,1999,II - DESPESAS PÓS-COLHEITA,3 - PROAGRO,12.6,0.22,0.0221266133988936,3500.0,,,,4.776733738342524,60.1868451031158,1.0508814224353553
Londrina,PR,1999,II - DESPESAS PÓS-COLHEITA,4 - Assistência Técnica,6.46,0.11,0.0113442795680042,3500.0,,,,4.776733738342524,30.857699949692705,0.5254407112176777
Londrina,PR,1999,II - DESPESAS PÓS-COLHEITA,Total das Despesas Pós-Colheita (B),66.14,1.14,0.1161471595399069,3500.0,,Total Outras Despesas (B),,4.776733738342524,315.93316945397453,5.445476461710477
Londrina,PR,1999,III - DESPESAS FINANCEIRAS,1 - Juros,19.34,0.33,0.0339625954868733,3500.0,,,Juros/Financiamento,4.776733738342524,92.38203049954441,1.576322133653033
Londrina,PR,1999,III - DESPESAS FINANCEIRAS,Total das Despesas Financeiras  (C),19.34,0.33,0.0339625954868733,3500.0,,Total Despesas Financeiras (C),,4.776733738342524,92.38203049954441,1.576322133653033
Londrina,PR,1999,III - DESPESAS FINANCEIRAS,CUSTO VARIÁVEL  (A+B+C = D),408.46,7.01,0.7172886118184214,3500.0,,Custo Variável (D),,4.776733738342524,1951.1046627633873,33.48490350578109
Londrina,PR,1999,IV - DEPRECIAÇÕES,1 - Depreciação de benfeitorias/instalações,3.09,0.05,0.0054262885240144,3500.0,,,Máquinas/Depreciação,4.776733738342524,14.760107251478399,0.23883668691712623
Londrina,PR,1999,IV - DEPRECIAÇÕES,2 - Depreciação de implementos,14.18,0.24,0.0249012204758978,3500.0,,,Máquinas/Depreciação,4.776733738342524,67.73408440969699,1.1464160972022057
Londrina,PR,1999,IV - DEPRECIAÇÕES,3 - Depreciação de máquinas,17.94,0.31,0.0315040828869962,3500.0,,,Máquinas/Depreciação,4.776733738342524,85.69460326586488,1.4807874588861825
Londrina,PR,1999,IV - DEPRECIAÇÕES,Total de Depreciações (E),35.21,0.6,0.0618315918869084,3500.0,,Total Depreciações (E),Máquinas/Depreciação,4.776733738342524,168.18879492704028,2.8660402430055143
Londrina,PR,1999,V - OUTROS CUSTOS FIXOS,1 - Manutenção periódica de máquinas,11.08,0.19,0.0194573711475985,3500.0,,,Máquinas/Depreciação,4.776733738342524,52.92620982083517,0.9075794102850796
Londrina,PR,1999,V - OUTROS CUSTOS FIXOS,2 - Encargos sociais,4.67,0.08,0.0082008956010185,3500.0,,,,4.776733738342524,22.30734655805959,0.38213869906740194
Londrina,PR,1999,V - OUTROS CUSTOS FIXOS,3 - Seguro do capital fixo,1.98,0.03,0.0034770392483975,3500.0,,,Seguro,4.776733738342524,9.457932801918197,0.14330201215027571
Londrina,PR,1999,V - OUTROS CUSTOS FIXOS,Total de Outros Custos Fixos (F),17.73,0.3,0.0311353059970146,3500.0,,Total Outros Custos Fixos (F),,4.776733738342524,84.69148918081295,1.4330201215027571
Londrina,PR,1999,V - OUTROS CUSTOS FIXOS,Custo Fixo  (E+F = G),52.94,0.9,0.0929668978839231,3500.0,,Custo Fixo (G),,4.776733738342524,252.8802841078532,4.2990603645082714
Londrina,PR,1999,V - OUTROS CUSTOS FIXOS,CUSTO OPERACIONAL  (D+G = H),461.4,7.91,0.8102555097023445,3500.0,,Custo Operacional (H),,4.776733738342524,2203.9849468712405,37.78396387028937
Londrina,PR,1999,VI - RENDA DE FATORES,1 - Remuneração esperada sobre capital fixo,37.9,0.65,0.0665554482395293,3500.0,,,,4.776733738342524,181.03820868318167,3.1048769299226406
Londrina,PR,1999,VI - RENDA DE FATORES,2 - Terra,70.15,1.2,0.1231890420581262,3500.0,,,Terra,4.776733738342524,335.0878717447281,5.732080486011029
Londrina,PR,1999,VI - RENDA DE FATORES,Total de Renda de Fatores (I),108.05,1.85,0.1897444902976556,3500.0,,Total Renda de Fatores (I),,4.776733738342524,516.1260804279098,8.83695741593367
Londrina,PR,1999,VI - RENDA DE FATORES,CUSTO TOTAL  (H+I = J),569.45,9.76,1.0,3500.0,,Custo Total (J),,4.776733738342524,2720.1110272991505,46.62092128622304
Londrina,PR,2000,I - DESPESAS DE CUSTEIO DA LAVOURA,1 - Operação com avião,0.0,0.0,0.0,3500.0,,,,4.462405294256805,0.0,0.0
Londrina,PR,2000,I - DESPESAS DE CUSTEIO DA LAVOURA,2 - Operação com máquinas,52.73,0.9,0.089815871501814,3500.0,,,Máquinas/Depreciação,4.462405294256805,235.30263116616132,4.0161647648311245
Londrina,PR,2000,I - DESPESAS DE CUSTEIO DA LAVOURA,3 - Aluguel de máquinas,26.53,0.45,0.0451889829498032,3500.0,,,Máquinas/Depreciação,4.462405294256805,118.38761245663305,2.0080823824155623
Londrina,PR,2000,I - DESPESAS DE CUSTEIO DA LAVOURA,4 - Mão-de-obra temporária,2.91,0.05,0.0049566505987157,3500.0,,,Mão de obra,4.462405294256805,12.985599406287303,0.22312026471284027
Londrina,PR,2000,I - DESPESAS DE CUSTEIO DA LAVOURA,5 - Mão-de-obra fixa,8.16,0.14,0.0138990614726873,3500.0,,,Mão de obra,4.462405294256805,36.41322720113553,0.6247367411959528
Londrina,PR,2000,I - DESPESAS DE CUSTEIO DA LAVOURA,6 - Sementes,69.3,1.19,0.1180398235364254,3500.0,,,Sementes,4.462405294256805,309.2446868919966,5.310262300165598
Londrina,PR,2000,I - DESPESAS DE CUSTEIO DA LAVOURA,7 - Fertilizantes,109.68,1.88,0.1868197380299443,3500.0,,,Fertilizantes,4.462405294256805,489.4366126740864,8.389321953202794
Londrina,PR,2000,I - DESPESAS DE CUSTEIO DA LAVOURA,8 - Defensivos,69.14,1.19,0.1177672929193139,3500.0,,,Defensivos/Agrotóxicos,4.462405294256805,308.53070204491553,5.310262300165598
Londrina,PR,2000,I - DESPESAS DE CUSTEIO DA LAVOURA,TOTAL DAS DESPESAS DE CUSTEIO DA LAVOURA (A),338.45,5.8,0.5764874210087041,3500.0,,Total Despesas de Custeio (A),,4.462405294256805,1510.3010718412156,25.88195070668947
Londrina,PR,2000,II - DESPESAS PÓS-COLHEITA,1 - Transporte externo,20.83,0.36,0.0354800797152055,3500.0,,,Transporte,4.462405294256805,92.95190227936924,1.6064659059324498
Londrina,PR,2000,II - DESPESAS PÓS-COLHEITA,"2 - Recepção, limpeza, secagem e armazenagem 30-d",26.25,0.45,0.0447120543698581,3500.0,,,,4.462405294256805,117.13813897424113,2.0080823824155623
Londrina,PR,2000,II - DESPESAS PÓS-COLHEITA,3 - PROAGRO,13.2,0.23,0.0224837759117,3500.0,,,,4.462405294256805,58.90374988418982,1.0263532176790653
Londrina,PR,2000,II - DESPESAS PÓS-COLHEITA,4 - Assistência Técnica,6.77,0.12,0.011531451736531,3500.0,,,,4.462405294256805,30.210483842118567,0.5354886353108166
Londrina,PR,2000,II - DESPESAS PÓS-COLHEITA,Total das Despesas Pós-Colheita (B),67.05,1.16,0.1142073617332947,3500.0,,Total Outras Despesas (B),,4.462405294256805,299.20427497991875,5.176390141337894
Londrina,PR,2000,III - DESPESAS FINANCEIRAS,1 - Juros,20.46,0.35,0.0348498526631351,3500.0,,,Juros/Financiamento,4.462405294256805,91.30081232049423,1.5618418529898817
Londrina,PR,2000,III - DESPESAS FINANCEIRAS,Total das Despesas Financeiras  (C),20.46,0.35,0.0348498526631351,3500.0,,Total Despesas Financeiras (C),,4.462405294256805,91.30081232049423,1.5618418529898817
Londrina,PR,2000,III - DESPESAS FINANCEIRAS,CUSTO VARIÁVEL  (A+B+C = D),425.96,7.31,0.7255446354051339,3500.0,,Custo Variável (D),,4.462405294256805,1900.8061591416285,32.62018270101724
Londrina,PR,2000,IV - DEPRECIAÇÕES,1 - Depreciação de benfeitorias/instalações,3.09,0.05,0.0052632475429661,3500.0,,,Máquinas/Depreciação,4.462405294256805,13.788832359253528,0.22312026471284027
Londrina,PR,2000,IV - DEPRECIAÇÕES,2 - Depreciação de implementos,14.18,0.24,0.0241530259415081,3500.0,,,Máquinas/Depreciação,4.462405294256805,63.27690707256149,1.0709772706216332
Londrina,PR,2000,IV - DEPRECIAÇÕES,3 - Depreciação de máquinas,17.94,0.31,0.0305574954436287,3500.0,,,Máquinas/Depreciação,4.462405294256805,80.05555097896709,1.3833456412196097
Londrina,PR,2000,IV - DEPRECIAÇÕES,Total de Depreciações (E),35.21,0.6,0.059973768928103,3500.0,,Total Depreciações (E),Máquinas/Depreciação,4.462405294256805,157.1212904107821,2.677443176554083
Londrina,PR,2000,V - OUTROS CUSTOS FIXOS,1 - Manutenção periódica de máquinas,11.08,0.19,0.0188727452349724,3500.0,,,Máquinas/Depreciação,4.462405294256805,49.4434506603654,0.847857005908793
Londrina,PR,2000,V - OUTROS CUSTOS FIXOS,2 - Encargos sociais,4.81,0.08,0.0081929516769149,3500.0,,,,4.462405294256805,21.46416946537523,0.3569924235405444
Londrina,PR,2000,V - OUTROS CUSTOS FIXOS,3 - Seguro do capital fixo,1.98,0.03,0.003372566386755,3500.0,,,Seguro,4.462405294256805,8.835562482628474,0.13387215882770415
Londrina,PR,2000,V - OUTROS CUSTOS FIXOS,Total de Outros Custos Fixos (F),17.87,0.3,0.0304382632986424,3500.0,,Total Outros Custos Fixos (F),,4.462405294256805,79.74318260836911,1.3387215882770416
Londrina,PR,2000,V - OUTROS CUSTOS FIXOS,Custo Fixo  (E+F = G),53.08,0.9,0.0904120322267454,3500.0,,Custo Fixo (G),,4.462405294256805,236.8644730191512,4.0161647648311245
Londrina,PR,2000,V - OUTROS CUSTOS FIXOS,CUSTO OPERACIONAL  (D+G = H),479.04,8.21,0.8159566676318795,3500.0,,Custo Operacional (H),,4.462405294256805,2137.67063216078,36.636347465848374
Londrina,PR,2000,VI - RENDA DE FATORES,1 - Remuneração esperada sobre capital fixo,37.9,0.65,0.0645556899282904,3500.0,,,,4.462405294256805,169.1251606523329,2.9005634412669234
Londrina,PR,2000,VI - RENDA DE FATORES,2 - Terra,70.15,1.2,0.1194876424398303,3500.0,,,Terra,4.462405294256805,313.0377313921149,5.354886353108166
Londrina,PR,2000,VI - RENDA DE FATORES,Total de Renda de Fatores (I),108.05,1.85,0.1840433323681207,3500.0,,Total Renda de Fatores (I),,4.462405294256805,482.1628920444478,8.25544979437509
Londrina,PR,2000,VI - RENDA DE FATORES,CUSTO TOTAL  (H+I = J),587.09,10.06,1.0,3500.0,,Custo Total (J),,4.462405294256805,2619.833524205228,44.89179726022346
Londrina,PR,2001,I - DESPESAS DE CUSTEIO DA LAVOURA,1 - Operação com avião,0.0,0.0,0.0,3500.0,,,,4.176699368049896,0.0,0.0
Londrina,PR,2001,I - DESPESAS DE CUSTEIO DA LAVOURA,2 - Operação com máquinas,68.19,1.17,0.1087334364485832,3500.0,,,Máquinas/Depreciação,4.176699368049896,284.80912990732236,4.886738260618378
Londrina,PR,2001,I - DESPESAS DE CUSTEIO DA LAVOURA,3 - Aluguel de máquinas,2.38,0.04,0.0037950664136622,3500.0,,,Máquinas/Depreciação,4.176699368049896,9.94054449595875,0.16706797472199583
Londrina,PR,2001,I - DESPESAS DE CUSTEIO DA LAVOURA,4 - Mão-de-obra temporária,3.17,0.05,0.0050547733324828,3500.0,,,Mão de obra,4.176699368049896,13.240136996718169,0.2088349684024948
Londrina,PR,2001,I - DESPESAS DE CUSTEIO DA LAVOURA,5 - Mão-de-obra fixa,9.06,0.16,0.0144467654234369,3500.0,,,Mão de obra,4.176699368049896,37.84089627453206,0.6682718988879833
Londrina,PR,2001,I - DESPESAS DE CUSTEIO DA LAVOURA,6 - Sementes,98.46,1.69,0.1570009407937748,3500.0,,,Sementes,4.176699368049896,411.2378197781927,7.058621932004323
Londrina,PR,2001,I - DESPESAS DE CUSTEIO DA LAVOURA,7 - Fertilizantes,116.09,1.99,0.1851131344378358,3500.0,,,Fertilizantes,4.176699368049896,484.8730296369124,8.311631742419292
Londrina,PR,2001,I - DESPESAS DE CUSTEIO DA LAVOURA,8 - Defensivos,51.9,0.89,0.0827579608693572,3500.0,,,Defensivos/Agrotóxicos,4.176699368049896,216.77069720178957,3.717262437564407
Londrina,PR,2001,I - DESPESAS DE CUSTEIO DA LAVOURA,TOTAL DAS DESPESAS DE CUSTEIO DA LAVOURA (A),349.25,5.99,0.5569020777191332,3500.0,,Total Despesas de Custeio (A),,4.176699368049896,1458.712254291426,25.018429214618877
Londrina,PR,2001,II - DESPESAS PÓS-COLHEITA,1 - Transporte externo,22.82,0.39,0.0363879897309967,3500.0,,,Transporte,4.176699368049896,95.31227957889863,1.6289127535394594
Londrina,PR,2001,II - DESPESAS PÓS-COLHEITA,"2 - Recepção, limpeza, secagem e armazenagem 30-d",29.05,0.5,0.0463221341667596,3500.0,,,,4.176699368049896,121.33311664184947,2.088349684024948
Londrina,PR,2001,II - DESPESAS PÓS-COLHEITA,3 - PROAGRO,13.62,0.23,0.0217179851067561,3500.0,,,,4.176699368049896,56.886645392839576,0.9606408546514761
Londrina,PR,2001,II - DESPESAS PÓS-COLHEITA,4 - Assistência Técnica,6.99,0.12,0.0111460143829827,3500.0,,,,4.176699368049896,29.195128582668772,0.5012039241659875
Londrina,PR,2001,II - DESPESAS PÓS-COLHEITA,Total das Despesas Pós-Colheita (B),72.48,1.24,0.1155741233874954,3500.0,,Total Outras Despesas (B),,4.176699368049896,302.72717019625645,5.179107216381871
Londrina,PR,2001,III - DESPESAS FINANCEIRAS,1 - Juros,18.68,0.32,0.0297864876500884,3500.0,,,Juros/Financiamento,4.176699368049896,78.02074419517204,1.3365437977759667
Londrina,PR,2001,III - DESPESAS FINANCEIRAS,Total das Despesas Financeiras  (C),18.68,0.32,0.0297864876500884,3500.0,,Total Despesas Financeiras (C),,4.176699368049896,78.02074419517204,1.3365437977759667
Londrina,PR,2001,III - DESPESAS FINANCEIRAS,CUSTO VARIÁVEL  (A+B+C = D),440.41,7.55,0.7022626887567172,3500.0,,Custo Variável (D),,4.176699368049896,1839.4601686828546,31.534080228776713
Londrina,PR,2001,IV - DEPRECIAÇÕES,1 - Depreciação de benfeitorias/instalações,3.6,0.06,0.0057404365920941,3500.0,,,Máquinas/Depreciação,4.176699368049896,15.036117724979624,0.25060196208299373
Londrina,PR,2001,IV - DEPRECIAÇÕES,2 - Depreciação de implementos,16.77,0.29,0.0267408671248385,3500.0,,,Máquinas/Depreciação,4.176699368049896,70.04324840219675,1.2112428167344695
Londrina,PR,2001,IV - DEPRECIAÇÕES,3 - Depreciação de máquinas,25.07,0.43,0.0399757626010556,3500.0,,,Máquinas/Depreciação,4.176699368049896,104.70985315701088,1.795980728261455
Londrina,PR,2001,IV - DEPRECIAÇÕES,Total de Depreciações (E),45.44,0.78,0.0724570663179883,3500.0,,Total Depreciações (E),Máquinas/Depreciação,4.176699368049896,189.78921928418725,3.257825507078919
Londrina,PR,2001,V - OUTROS CUSTOS FIXOS,1 - Manutenção periódica de máquinas,14.97,0.26,0.0238706488287914,3500.0,,,Máquinas/Depreciação,4.176699368049896,62.52518953970694,1.0859418356929729
Londrina,PR,2001,V - OUTROS CUSTOS FIXOS,2 - Encargos sociais,5.35,0.09,0.0085309266021399,3500.0,,,,4.176699368049896,22.34534161906694,0.3759029431244906
Londrina,PR,2001,V - OUTROS CUSTOS FIXOS,3 - Seguro do capital fixo,2.51,0.04,0.0040023599572656,3500.0,,,Seguro,4.176699368049896,10.483515413805238,0.16706797472199583
Londrina,PR,2001,V - OUTROS CUSTOS FIXOS,Total de Outros Custos Fixos (F),22.83,0.39,0.036403935388197,3500.0,,Total Outros Custos Fixos (F),,4.176699368049896,95.35404657257911,1.6289127535394594
Londrina,PR,2001,V - OUTROS CUSTOS FIXOS,Custo Fixo  (E+F = G),68.27,1.17,0.1088610017061853,3500.0,,Custo Fixo (G),,4.176699368049896,285.14326585676633,4.886738260618378
Londrina,PR,2001,V - OUTROS CUSTOS FIXOS,CUSTO OPERACIONAL  (D+G = H),508.68,8.72,0.8111236904629024,3500.0,,Custo Operacional (H),,4.176699368049896,2124.603434539621,36.420818489395096
Londrina,PR,2001,VI - RENDA DE FATORES,1 - Remuneração esperada sobre capital fixo,48.3,0.83,0.077017524277263,3500.0,,,,4.176699368049896,201.73457947680996,3.466660475481413
Londrina,PR,2001,VI - RENDA DE FATORES,2 - Terra,70.15,1.2,0.1118587852598344,3500.0,,,Terra,4.176699368049896,292.9954606687002,5.012039241659875
Londrina,PR,2001,VI - RENDA DE FATORES,Total de Renda de Fatores (I),118.45,2.03,0.1888763095370975,3500.0,,Total Renda de Fatores (I),,4.176699368049896,494.73004014551015,8.478699717141287
Londrina,PR,2001,VI - RENDA DE FATORES,CUSTO TOTAL  (H+I = J),627.13,10.75,1.0,3500.0,,Custo Total (J),,4.176699368049896,2619.333474685131,44.89951820653638
Londrina,PR,2002,I - DESPESAS DE CUSTEIO DA LAVOURA,1 - Operação com avião,0.0,0.0,0.0,3500.0,,,,3.8512680400952717,0.0,0.0
Londrina,PR,2002,I - DESPESAS DE CUSTEIO DA LAVOURA,2 - Operação com máquinas,79.23,1.36,0.1184446570591401,3500.0,,,Máquinas/Depreciação,3.8512680400952717,305.1359668167484,5.23772453452957
Londrina,PR,2002,I - DESPESAS DE CUSTEIO DA LAVOURA,3 - Aluguel de máquinas,2.45,0.04,0.0036626203432398,3500.0,,,Máquinas/Depreciação,3.8512680400952717,9.435606698233416,0.15405072160381086
Londrina,PR,2002,I - DESPESAS DE CUSTEIO DA LAVOURA,4 - Mão-de-obra temporária,4.23,0.07,0.0063236261436345,3500.0,,,Mão de obra,3.8512680400952717,16.290863809603,0.26958876280666905
Londrina,PR,2002,I - DESPESAS DE CUSTEIO DA LAVOURA,5 - Mão-de-obra fixa,8.16,0.14,0.012198768163607,3500.0,,,Mão de obra,3.8512680400952717,31.426347207177418,0.5391775256133381
Londrina,PR,2002,I - DESPESAS DE CUSTEIO DA LAVOURA,6 - Sementes,105.84,1.81,0.1582251988279615,3500.0,,,Sementes,3.8512680400952717,407.61820936368355,6.970795152572442
Londrina,PR,2002,I - DESPESAS DE CUSTEIO DA LAVOURA,7 - Fertilizantes,125.47,2.15,0.1875710099862464,3500.0,,,Fertilizantes,3.8512680400952717,483.2186009907537,8.280226286204833
Londrina,PR,2002,I - DESPESAS DE CUSTEIO DA LAVOURA,8 - Defensivos,60.97,1.05,0.0911469233989116,3500.0,,,Defensivos/Agrotóxicos,3.8512680400952717,234.8118124046087,4.043831442100036
Londrina,PR,2002,I - DESPESAS DE CUSTEIO DA LAVOURA,TOTAL DAS DESPESAS DE CUSTEIO DA LAVOURA (A),386.35,6.62,0.577572803922741,3500.0,,Total Despesas de Custeio (A),,3.8512680400952717,1487.9374072908083,25.4953944254307
Londrina,PR,2002,II - DESPESAS PÓS-COLHEITA,1 - Transporte externo,26.01,0.45,0.0388835735214973,3500.0,,,Transporte,3.8512680400952717,100.17148172287803,1.7330706180428723
Londrina,PR,2002,II - DESPESAS PÓS-COLHEITA,"2 - Recepção, limpeza, secagem e armazenagem 30-d",25.55,0.44,0.0381958978652155,3500.0,,,,3.8512680400952717,98.3998984244342,1.6945579376419195
Londrina,PR,2002,II - DESPESAS PÓS-COLHEITA,3 - PROAGRO,15.07,0.26,0.0225288524786222,3500.0,,,,3.8512680400952717,58.03860936423575,1.0013296904247706
Londrina,PR,2002,II - DESPESAS PÓS-COLHEITA,4 - Assistência Técnica,7.73,0.13,0.0115559409196914,3500.0,,,,3.8512680400952717,29.770301949936453,0.5006648452123853
Londrina,PR,2002,II - DESPESAS PÓS-COLHEITA,Total das Despesas Pós-Colheita (B),74.36,1.28,0.1111642647850265,3500.0,,Total Outras Despesas (B),,3.8512680400952717,286.3802914614844,4.929623091321948
Londrina,PR,2002,III - DESPESAS FINANCEIRAS,1 - Juros,22.31,0.38,0.0333522693296657,3500.0,,,Juros/Financiamento,3.8512680400952717,85.92178997452551,1.4634818552362032
Londrina,PR,2002,III - DESPESAS FINANCEIRAS,Total das Despesas Financeiras  (C),22.31,0.38,0.0333522693296657,3500.0,,Total Despesas Financeiras (C),,3.8512680400952717,85.92178997452551,1.4634818552362032
Londrina,PR,2002,III - DESPESAS FINANCEIRAS,CUSTO VARIÁVEL  (A+B+C = D),483.02,8.28,0.7220893380374334,3500.0,,Custo Variável (D),,3.8512680400952717,1860.239488726818,31.888499371988846
Londrina,PR,2002,IV - DEPRECIAÇÕES,1 - Depreciação de benfeitorias/instalações,4.01,0.07,0.0059947377862823,3500.0,,,Máquinas/Depreciação,3.8512680400952717,15.443584840782039,0.26958876280666905
Londrina,PR,2002,IV - DEPRECIAÇÕES,2 - Depreciação de implementos,8.62,0.15,0.0128864438198887,3500.0,,,Máquinas/Depreciação,3.8512680400952717,33.19793050562124,0.5776902060142908
Londrina,PR,2002,IV - DEPRECIAÇÕES,3 - Depreciação de máquinas,32.07,0.55,0.0479429528194701,3500.0,,,Máquinas/Depreciação,3.8512680400952717,123.51016604585537,2.1181974220523996
Londrina,PR,2002,IV - DEPRECIAÇÕES,Total de Depreciações (E),44.7,0.77,0.0668241344256413,3500.0,,Total Depreciações (E),Máquinas/Depreciação,3.8512680400952717,172.15168139225867,2.9654763908733592
Londrina,PR,2002,V - OUTROS CUSTOS FIXOS,1 - Manutenção periódica de máquinas,16.48,0.28,0.0246367278598337,3500.0,,,Máquinas/Depreciação,3.8512680400952717,63.46889730077008,1.0783550512266762
Londrina,PR,2002,V - OUTROS CUSTOS FIXOS,2 - Encargos sociais,4.81,0.08,0.007190695449381,3500.0,,,,3.8512680400952717,18.524599272858254,0.30810144320762173
Londrina,PR,2002,V - OUTROS CUSTOS FIXOS,3 - Seguro do capital fixo,2.44,0.04,0.0036476708724511,3500.0,,,Seguro,3.8512680400952717,9.397094017832464,0.15405072160381086
Londrina,PR,2002,V - OUTROS CUSTOS FIXOS,Total de Outros Custos Fixos (F),23.73,0.4,0.0354750941816659,3500.0,,Total Outros Custos Fixos (F),,3.8512680400952717,91.39059059146079,1.5405072160381088
Londrina,PR,2002,V - OUTROS CUSTOS FIXOS,Custo Fixo  (E+F = G),68.43,1.17,0.1022992286073072,3500.0,,Custo Fixo (G),,3.8512680400952717,263.54227198371944,4.505983606911467
Londrina,PR,2002,V - OUTROS CUSTOS FIXOS,CUSTO OPERACIONAL  (D+G = H),551.45,9.45,0.8243885666447406,3500.0,,Custo Operacional (H),,3.8512680400952717,2123.7817607105376,36.394482978900314
Londrina,PR,2002,VI - RENDA DE FATORES,1 - Remuneração esperada sobre capital fixo,47.32,0.81,0.0707408957722896,3500.0,,,,3.8512680400952717,182.24200365730826,3.1195271124771704
Londrina,PR,2002,VI - RENDA DE FATORES,2 - Terra,70.15,1.2,0.1048705375829695,3500.0,,,Terra,3.8512680400952717,270.16645301268335,4.621521648114326
Londrina,PR,2002,VI - RENDA DE FATORES,Total de Renda de Fatores (I),117.47,2.01,0.1756114333552592,3500.0,,Total Renda de Fatores (I),,3.8512680400952717,452.40845666999155,7.741048760591495
Londrina,PR,2002,VI - RENDA DE FATORES,CUSTO TOTAL  (H+I = J),668.92,11.46,1.0,3500.0,,Custo Total (J),,3.8512680400952717,2576.190217380529,44.13553173949182
Londrina,PR,2003,I - DESPESAS DE CUSTEIO DA LAVOURA,1 - Operação com avião,0.0,0.0,0.0,3500.0,,,,3.3572647163716347,0.0,0.0
Londrina,PR,2003,I - DESPESAS DE CUSTEIO DA LAVOURA,2 - Operação com máquinas,111.61,1.91,0.127430496089513,3500.0,,,Máquinas/Depreciação,3.3572647163716347,374.70431499423813,6.412375608269822
Londrina,PR,2003,I - DESPESAS DE CUSTEIO DA LAVOURA,3 - Aluguel de máquinas,26.53,0.45,0.0302905748701261,3500.0,,,Máquinas/Depreciação,3.3572647163716347,89.06823292533947,1.5107691223672357
Londrina,PR,2003,I - DESPESAS DE CUSTEIO DA LAVOURA,4 - Mão-de-obra temporária,5.41,0.09,0.0061768567677113,3500.0,,,Mão de obra,3.3572647163716347,18.162802115570543,0.30215382447344713
Londrina,PR,2003,I - DESPESAS DE CUSTEIO DA LAVOURA,5 - Mão-de-obra fixa,12.0,0.21,0.0137009761945538,3500.0,,,Mão de obra,3.3572647163716347,40.28717659645962,0.7050255904380432
Londrina,PR,2003,I - DESPESAS DE CUSTEIO DA LAVOURA,6 - Sementes,117.36,2.01,0.1339955471827368,3500.0,,,Sementes,3.3572647163716347,394.00858711337503,6.748102079906985
Londrina,PR,2003,I - DESPESAS DE CUSTEIO DA LAVOURA,7 - Fertilizantes,185.2,3.17,0.2114517326026146,3500.0,,,Fertilizantes,3.3572647163716347,621.7654254720267,10.642529150898081
Londrina,PR,2003,I - DESPESAS DE CUSTEIO DA LAVOURA,8 - Defensivos,76.57,1.31,0.0874236456014157,3500.0,,,Defensivos/Agrotóxicos,3.3572647163716347,257.065759332576,4.398016778446841
Londrina,PR,2003,I - DESPESAS DE CUSTEIO DA LAVOURA,TOTAL DAS DESPESAS DE CUSTEIO DA LAVOURA (A),534.68,9.15,0.6104698293086717,3500.0,,Total Despesas de Custeio (A),,3.3572647163716347,1795.0622985495854,30.718972154800458
Londrina,PR,2003,II - DESPESAS PÓS-COLHEITA,1 - Transporte externo,39.45,0.68,0.0450419592395958,3500.0,,,Transporte,3.3572647163716347,132.444093060861,2.2829400071327117
Londrina,PR,2003,II - DESPESAS PÓS-COLHEITA,"2 - Recepção, limpeza, secagem e armazenagem 30-d",35.0,0.6,0.0399611805674487,3500.0,,,,3.3572647163716347,117.50426507300722,2.0143588298229806
Londrina,PR,2003,II - DESPESAS PÓS-COLHEITA,3 - PROAGRO,20.85,0.36,0.0238054461380373,3500.0,,,,3.3572647163716347,69.9989693363486,1.2086152978937885
Londrina,PR,2003,II - DESPESAS PÓS-COLHEITA,4 - Assistência Técnica,10.69,0.18,0.012205286293315,3500.0,,,,3.3572647163716347,35.88915981801277,0.6043076489468943
Londrina,PR,2003,II - DESPESAS PÓS-COLHEITA,Total das Despesas Pós-Colheita (B),105.99,1.82,0.121013872238397,3500.0,,Total Outras Despesas (B),,3.3572647163716347,355.83648728822953,6.1102217837963755
Londrina,PR,2003,III - DESPESAS FINANCEIRAS,1 - Juros,32.65,0.56,0.0372780727293486,3500.0,,,Juros/Financiamento,3.3572647163716347,109.61469298953386,1.8800682411681156
Londrina,PR,2003,III - DESPESAS FINANCEIRAS,Total das Despesas Financeiras  (C),32.65,0.56,0.0372780727293486,3500.0,,Total Despesas Financeiras (C),,3.3572647163716347,109.61469298953386,1.8800682411681156
Londrina,PR,2003,III - DESPESAS FINANCEIRAS,CUSTO VARIÁVEL  (A+B+C = D),673.32,11.53,0.7687617742764172,3500.0,,Custo Variável (D),,3.3572647163716347,2260.5134788273494,38.70926217976495
Londrina,PR,2003,IV - DEPRECIAÇÕES,1 - Depreciação de benfeitorias/instalações,3.94,0.07,0.0044984871838785,3500.0,,,Máquinas/Depreciação,3.3572647163716347,13.22762298250424,0.23500853014601444
Londrina,PR,2003,IV - DEPRECIAÇÕES,2 - Depreciação de implementos,12.67,0.22,0.0144659473654164,3500.0,,,Máquinas/Depreciação,3.3572647163716347,42.53654395642861,0.7385982376017597
Londrina,PR,2003,IV - DEPRECIAÇÕES,3 - Depreciação de máquinas,32.73,0.56,0.0373694125706456,3500.0,,,Máquinas/Depreciação,3.3572647163716347,109.88327416684359,1.8800682411681156
Londrina,PR,2003,IV - DEPRECIAÇÕES,Total de Depreciações (E),49.34,0.85,0.0563338471199406,3500.0,,Total Depreciações (E),Máquinas/Depreciação,3.3572647163716347,165.64744110577647,2.8536750089158893
Londrina,PR,2003,V - OUTROS CUSTOS FIXOS,1 - Manutenção periódica de máquinas,21.18,0.36,0.0241822229833875,3500.0,,,Máquinas/Depreciação,3.3572647163716347,71.10686669275123,1.2086152978937885
Londrina,PR,2003,V - OUTROS CUSTOS FIXOS,2 - Encargos sociais,7.08,0.12,0.0080835759547867,3500.0,,,,3.3572647163716347,23.769434191911174,0.4028717659645962
Londrina,PR,2003,V - OUTROS CUSTOS FIXOS,3 - Seguro do capital fixo,2.71,0.05,0.0030941371239367,3500.0,,,Seguro,3.3572647163716347,9.09818738136713,0.16786323581858176
Londrina,PR,2003,V - OUTROS CUSTOS FIXOS,Total de Outros Custos Fixos (F),30.97,0.53,0.035359936062111,3500.0,,Total Outros Custos Fixos (F),,3.3572647163716347,103.97448826602952,1.7793502996769666
Londrina,PR,2003,V - OUTROS CUSTOS FIXOS,Custo Fixo  (E+F = G),80.31,1.38,0.0916937831820517,3500.0,,Custo Fixo (G),,3.3572647163716347,269.621929371806,4.633025308592855
Londrina,PR,2003,V - OUTROS CUSTOS FIXOS,CUSTO OPERACIONAL  (D+G = H),753.63,12.91,0.8604555574584689,3500.0,,Custo Operacional (H),,3.3572647163716347,2530.135408199155,43.342287488357805
Londrina,PR,2003,VI - RENDA DE FATORES,1 - Remuneração esperada sobre capital fixo,52.07,0.89,0.0594508192042016,3500.0,,,,3.3572647163716347,174.812773781471,2.987965597570755
Londrina,PR,2003,VI - RENDA DE FATORES,2 - Terra,70.15,1.2,0.0800936233373294,3500.0,,,Terra,3.3572647163716347,235.51211985347018,4.028717659645961
Londrina,PR,2003,VI - RENDA DE FATORES,Total de Renda de Fatores (I),122.22,2.1,0.1395444425415311,3500.0,,Total Renda de Fatores (I),,3.3572647163716347,410.3248936349412,7.050255904380434
Londrina,PR,2003,VI - RENDA DE FATORES,CUSTO TOTAL  (H+I = J),875.85,15.01,1.0,3500.0,,Custo Total (J),,3.3572647163716347,2940.4603018340963,50.39254339273823
Londrina,PR,2004,I - DESPESAS DE CUSTEIO DA LAVOURA,1 - Operação com avião,0.0,0.0,0.0,3500.0,,,,3.149463152695829,0.0,0.0
Londrina,PR,2004,I - DESPESAS DE CUSTEIO DA LAVOURA,2 - Operação com máquinas,111.61,1.91,0.1134271021768735,3500.0,,,Máquinas/Depreciação,3.149463152695829,351.5115824723815,6.015474621649034
Londrina,PR,2004,I - DESPESAS DE CUSTEIO DA LAVOURA,3 - Aluguel de máquinas,4.34,0.07,0.0044106587532266,3500.0,,,Máquinas/Depreciação,3.149463152695829,13.668670082699899,0.22046242068870806
Londrina,PR,2004,I - DESPESAS DE CUSTEIO DA LAVOURA,4 - Mão-de-obra temporária,5.24,0.09,0.0053253114900709,3500.0,,,Mão de obra,3.149463152695829,16.503186920126147,0.28345168374262464
Londrina,PR,2004,I - DESPESAS DE CUSTEIO DA LAVOURA,5 - Mão-de-obra fixa,14.4,0.25,0.0146344437895079,3500.0,,,Mão de obra,3.149463152695829,45.35226939881994,0.7873657881739573
Londrina,PR,2004,I - DESPESAS DE CUSTEIO DA LAVOURA,6 - Sementes,168.66,2.89,0.1714059228846114,3500.0,,,Sementes,3.149463152695829,531.1884553336786,9.101948511290948
Londrina,PR,2004,I - DESPESAS DE CUSTEIO DA LAVOURA,7 - Fertilizantes,208.6,3.58,0.2119961787841215,3500.0,,,Fertilizantes,3.149463152695829,656.97801365235,11.27507808665107
Londrina,PR,2004,I - DESPESAS DE CUSTEIO DA LAVOURA,8 - Defensivos,92.05,1.58,0.0935486493627919,3500.0,,,Defensivos/Agrotóxicos,3.149463152695829,289.90808320565105,4.976151781259411
Londrina,PR,2004,I - DESPESAS DE CUSTEIO DA LAVOURA,TOTAL DAS DESPESAS DE CUSTEIO DA LAVOURA (A),604.9,10.37,0.614748267241204,3500.0,,Total Despesas de Custeio (A),,3.149463152695829,1905.110261065707,32.659932893455746
Londrina,PR,2004,II - DESPESAS PÓS-COLHEITA,1 - Transporte externo,41.48,0.71,0.0421553283603325,3500.0,,,Transporte,3.149463152695829,130.63973157382298,2.2361188384140385
Londrina,PR,2004,II - DESPESAS PÓS-COLHEITA,"2 - Recepção, limpeza, secagem e armazenagem 30-d",39.8,0.68,0.0404479765848899,3500.0,,,,3.149463152695829,125.34863347729399,2.141634943833164
Londrina,PR,2004,II - DESPESAS PÓS-COLHEITA,3 - PROAGRO,23.59,0.4,0.0239740645135063,3500.0,,,,3.149463152695829,74.2958357720946,1.2597852610783318
Londrina,PR,2004,II - DESPESAS PÓS-COLHEITA,4 - Assistência Técnica,12.1,0.21,0.0122969979064615,3500.0,,,,3.149463152695829,38.108504147619534,0.6613872620661241
Londrina,PR,2004,II - DESPESAS PÓS-COLHEITA,Total das Despesas Pós-Colheita (B),116.97,2.0,0.1188743673651903,3500.0,,Total Outras Despesas (B),,3.149463152695829,368.3927049708311,6.298926305391658
Londrina,PR,2004,III - DESPESAS FINANCEIRAS,1 - Juros,33.41,0.57,0.0339539421532957,3500.0,,,Juros/Financiamento,3.149463152695829,105.22356393156764,1.7951939970366224
Londrina,PR,2004,III - DESPESAS FINANCEIRAS,Total das Despesas Financeiras  (C),33.41,0.57,0.0339539421532957,3500.0,,Total Despesas Financeiras (C),,3.149463152695829,105.22356393156764,1.7951939970366224
Londrina,PR,2004,III - DESPESAS FINANCEIRAS,CUSTO VARIÁVEL  (A+B+C = D),755.28,12.94,0.7675765767596902,3500.0,,Custo Variável (D),,3.149463152695829,2378.7265299681058,40.754053195884026
Londrina,PR,2004,IV - DEPRECIAÇÕES,1 - Depreciação de benfeitorias/instalações,4.58,0.08,0.0046545661497184,3500.0,,,Máquinas/Depreciação,3.149463152695829,14.424541239346897,0.25195705221566633
Londrina,PR,2004,IV - DEPRECIAÇÕES,2 - Depreciação de implementos,13.28,0.23,0.0134962092725461,3500.0,,,Máquinas/Depreciação,3.149463152695829,41.82487066780061,0.7243765251200408
Londrina,PR,2004,IV - DEPRECIAÇÕES,3 - Depreciação de máquinas,43.38,0.74,0.0440862619158926,3500.0,,,Máquinas/Depreciação,3.149463152695829,136.62371156394508,2.3306027329949135
Londrina,PR,2004,IV - DEPRECIAÇÕES,Total de Depreciações (E),61.24,1.05,0.0622370373381572,3500.0,,Total Depreciações (E),Máquinas/Depreciação,3.149463152695829,192.87312347109258,3.3069363103306206
Londrina,PR,2004,V - OUTROS CUSTOS FIXOS,1 - Manutenção periódica de máquinas,21.18,0.36,0.0215248277404012,3500.0,,,Máquinas/Depreciação,3.149463152695829,66.70562957409766,1.1338067349704986
Londrina,PR,2004,V - OUTROS CUSTOS FIXOS,2 - Encargos sociais,8.5,0.15,0.0086383869590845,3500.0,,,,3.149463152695829,26.77043679791455,0.47241947290437436
Londrina,PR,2004,V - OUTROS CUSTOS FIXOS,3 - Seguro do capital fixo,3.32,0.06,0.0033740523181365,3500.0,,,Seguro,3.149463152695829,10.456217666950153,0.18896778916174975
Londrina,PR,2004,V - OUTROS CUSTOS FIXOS,Total de Outros Custos Fixos (F),33.0,0.57,0.0335372670176223,3500.0,,Total Outros Custos Fixos (F),,3.149463152695829,103.93228403896237,1.7951939970366224
Londrina,PR,2004,V - OUTROS CUSTOS FIXOS,Custo Fixo  (E+F = G),94.24,1.62,0.0957743043557795,3500.0,,Custo Fixo (G),,3.149463152695829,296.8054075100549,5.1021303073672435
Londrina,PR,2004,V - OUTROS CUSTOS FIXOS,CUSTO OPERACIONAL  (D+G = H),849.52,14.56,0.8633508811154698,3500.0,,Custo Operacional (H),,3.149463152695829,2675.5319374781607,45.85618350325127
Londrina,PR,2004,VI - RENDA DE FATORES,1 - Remuneração esperada sobre capital fixo,64.31,1.1,0.0653570194516148,3500.0,,,,3.149463152695829,202.54197534986878,3.4644094679654125
Londrina,PR,2004,VI - RENDA DE FATORES,2 - Terra,70.15,1.2,0.0712920994329153,3500.0,,,Terra,3.149463152695829,220.93484016161244,3.779355783234995
Londrina,PR,2004,VI - RENDA DE FATORES,Total de Renda de Fatores (I),134.46,2.31,0.1366491188845301,3500.0,,Total Renda de Fatores (I),,3.149463152695829,423.4768155114812,7.275259882727366
Londrina,PR,2004,VI - RENDA DE FATORES,CUSTO TOTAL  (H+I = J),983.98,16.87,1.0,3500.0,,Custo Total (J),,3.149463152695829,3099.0087529896423,53.13144338597864
Londrina,PR,2005,I - DESPESAS DE CUSTEIO DA LAVOURA,1 - Operação com avião,0.0,0.0,0.0,3500.0,,,,2.946998977609979,0.0,0.0
Londrina,PR,2005,I - DESPESAS DE CUSTEIO DA LAVOURA,2 - Operação com máquinas,111.61,1.91,0.1158404948727529,3500.0,,,Máquinas/Depreciação,2.946998977609979,328.91455589104976,5.628768047235059
Londrina,PR,2005,I - DESPESAS DE CUSTEIO DA LAVOURA,3 - Aluguel de máquinas,6.86,0.12,0.0071200232490555,3500.0,,,Máquinas/Depreciação,2.946998977609979,20.216412986404457,0.35363987731319746
Londrina,PR,2005,I - DESPESAS DE CUSTEIO DA LAVOURA,4 - Mão-de-obra temporária,6.34,0.11,0.0065803130319259,3500.0,,,Mão de obra,2.946998977609979,18.683973518047267,0.3241698875370977
Londrina,PR,2005,I - DESPESAS DE CUSTEIO DA LAVOURA,5 - Mão-de-obra fixa,17.97,0.31,0.0186511396188815,3500.0,,,Mão de obra,2.946998977609979,52.95757162765132,0.9135696830590935
Londrina,PR,2005,I - DESPESAS DE CUSTEIO DA LAVOURA,6 - Sementes,168.84,2.89,0.1752397558849171,3500.0,,,Sementes,2.946998977609979,497.57130737966884,8.516827045292839
Londrina,PR,2005,I - DESPESAS DE CUSTEIO DA LAVOURA,7 - Fertilizantes,189.9,3.26,0.1970980196786648,3500.0,,,Fertilizantes,2.946998977609979,559.635105848135,9.607216667008531
Londrina,PR,2005,I - DESPESAS DE CUSTEIO DA LAVOURA,8 - Defensivos,68.56,1.18,0.0711587163200066,3500.0,,,Defensivos/Agrotóxicos,2.946998977609979,202.04624990494017,3.477458793579775
Londrina,PR,2005,I - DESPESAS DE CUSTEIO DA LAVOURA,TOTAL DAS DESPESAS DE CUSTEIO DA LAVOURA (A),570.08,9.78,0.5916884626562045,3500.0,,Total Despesas de Custeio (A),,2.946998977609979,1680.025177155897,28.821650001025592
Londrina,PR,2005,II - DESPESAS PÓS-COLHEITA,1 - Transporte externo,37.63,0.65,0.0390563374434342,3500.0,,,Transporte,2.946998977609979,110.89557152746352,1.9155493354464863
Londrina,PR,2005,II - DESPESAS PÓS-COLHEITA,"2 - Recepção, limpeza, secagem e armazenagem 30-d",39.8,0.68,0.0413085896956864,3500.0,,,,2.946998977609979,117.29055930887715,2.003959304774786
Londrina,PR,2005,II - DESPESAS PÓS-COLHEITA,3 - PROAGRO,22.23,0.38,0.0230726117822892,3500.0,,,,2.946998977609979,65.51178727226983,1.119859611491792
Londrina,PR,2005,II - DESPESAS PÓS-COLHEITA,4 - Assistência Técnica,11.4,0.2,0.0118321086063021,3500.0,,,,2.946998977609979,33.595788344753764,0.5893997955219958
Londrina,PR,2005,II - DESPESAS PÓS-COLHEITA,Total das Despesas Pós-Colheita (B),111.06,1.91,0.115269647527712,3500.0,,Total Outras Despesas (B),,2.946998977609979,327.2937064533643,5.628768047235059
Londrina,PR,2005,III - DESPESAS FINANCEIRAS,1 - Juros,32.75,0.56,0.0339913646365259,3500.0,,,Juros/Financiamento,2.946998977609979,96.5142165167268,1.6503194274615884
Londrina,PR,2005,III - DESPESAS FINANCEIRAS,Total das Despesas Financeiras  (C),32.75,0.56,0.0339913646365259,3500.0,,Total Despesas Financeiras (C),,2.946998977609979,96.5142165167268,1.6503194274615884
Londrina,PR,2005,III - DESPESAS FINANCEIRAS,CUSTO VARIÁVEL  (A+B+C = D),713.89,12.25,0.7409494748204425,3500.0,,Custo Variável (D),,2.946998977609979,2103.833100125988,36.10073747572224
Londrina,PR,2005,IV - DEPRECIAÇÕES,1 - Depreciação de benfeitorias/instalações,5.67,0.1,0.0058849171752397,3500.0,,,Máquinas/Depreciação,2.946998977609979,16.709484203048582,0.2946998977609979
Londrina,PR,2005,IV - DEPRECIAÇÕES,2 - Depreciação de implementos,19.75,0.34,0.0204986092082866,3500.0,,,Máquinas/Depreciação,2.946998977609979,58.203229807797086,1.001979652387393
Londrina,PR,2005,IV - DEPRECIAÇÕES,3 - Depreciação de máquinas,44.33,0.76,0.046010296010296,3500.0,,,Máquinas/Depreciação,2.946998977609979,130.64046467745035,2.239719222983584
Londrina,PR,2005,IV - DEPRECIAÇÕES,Total de Depreciações (E),69.75,1.2,0.0723938223938223,3500.0,,Total Depreciações (E),Máquinas/Depreciação,2.946998977609979,205.55317868829604,3.5363987731319746
Londrina,PR,2005,V - OUTROS CUSTOS FIXOS,1 - Manutenção periódica de máquinas,21.18,0.36,0.0219828123053929,3500.0,,,Máquinas/Depreciação,2.946998977609979,62.41743834577935,1.0609196319395924
Londrina,PR,2005,V - OUTROS CUSTOS FIXOS,2 - Encargos sociais,10.6,0.18,0.0110017851953335,3500.0,,,,2.946998977609979,31.238189162665776,0.5304598159697962
Londrina,PR,2005,V - OUTROS CUSTOS FIXOS,3 - Seguro do capital fixo,3.84,0.07,0.0039855523726491,3500.0,,,Seguro,2.946998977609979,11.316476074022319,0.20628992843269855
Londrina,PR,2005,V - OUTROS CUSTOS FIXOS,Total de Outros Custos Fixos (F),35.62,0.61,0.0369701498733756,3500.0,,Total Outros Custos Fixos (F),,2.946998977609979,104.97210358246744,1.7976693763420872
Londrina,PR,2005,V - OUTROS CUSTOS FIXOS,Custo Fixo  (E+F = G),105.37,1.81,0.109363972267198,3500.0,,Custo Fixo (G),,2.946998977609979,310.5252822707635,5.334068149474062
Londrina,PR,2005,V - OUTROS CUSTOS FIXOS,CUSTO OPERACIONAL  (D+G = H),819.26,14.06,0.8503134470876406,3500.0,,Custo Operacional (H),,2.946998977609979,2414.3583823967515,41.434805625196304
Londrina,PR,2005,VI - RENDA DE FATORES,1 - Remuneração esperada sobre capital fixo,74.07,1.27,0.0768775688130526,3500.0,,,,2.946998977609979,218.28421427157113,3.7426887015646733
Londrina,PR,2005,VI - RENDA DE FATORES,2 - Terra,70.15,1.2,0.0728089840993066,3500.0,,,Terra,2.946998977609979,206.73197827934004,3.5363987731319746
Londrina,PR,2005,VI - RENDA DE FATORES,Total de Renda de Fatores (I),144.22,2.47,0.1496865529123593,3500.0,,Total Renda de Fatores (I),,2.946998977609979,425.01619255091117,7.279087474696649
Londrina,PR,2005,VI - RENDA DE FATORES,CUSTO TOTAL  (H+I = J),963.48,16.53,1.0,3500.0,,Custo Total (J),,2.946998977609979,2839.3745749476625,48.71389309989296
Londrina,PR,2006,I - DESPESAS DE CUSTEIO DA LAVOURA,1 - Operação com avião,0.0,0.0,0.0,3500.0,,,,2.828656084234691,0.0,0.0
Londrina,PR,2006,I - DESPESAS DE CUSTEIO DA LAVOURA,2 - Operação com máquinas,111.61,1.91,0.1147153443721542,3500.0,,,Máquinas/Depreciação,2.828656084234691,315.70630556143385,5.402733120888259
Londrina,PR,2006,I - DESPESAS DE CUSTEIO DA LAVOURA,3 - Aluguel de máquinas,11.98,0.21,0.0123133216161491,3500.0,,,Máquinas/Depreciação,2.828656084234691,33.8872998891316,0.5940177776892851
Londrina,PR,2006,I - DESPESAS DE CUSTEIO DA LAVOURA,4 - Mão-de-obra temporária,7.3,0.13,0.0075031091650992,3500.0,,,Mão de obra,2.828656084234691,20.64918941491324,0.3677252909505098
Londrina,PR,2006,I - DESPESAS DE CUSTEIO DA LAVOURA,5 - Mão-de-obra fixa,20.97,0.36,0.0215534519441275,3500.0,,,Mão de obra,2.828656084234691,59.316918086401465,1.0183161903244886
Londrina,PR,2006,I - DESPESAS DE CUSTEIO DA LAVOURA,6 - Sementes,177.75,3.05,0.1826955690542999,3500.0,,,Sementes,2.828656084234691,502.7936189727163,8.627401056915806
Londrina,PR,2006,I - DESPESAS DE CUSTEIO DA LAVOURA,7 - Fertilizantes,180.23,3.09,0.185244570524087,3500.0,,,Fertilizantes,2.828656084234691,509.8086860616183,8.740547300285193
Londrina,PR,2006,I - DESPESAS DE CUSTEIO DA LAVOURA,8 - Defensivos,62.83,1.08,0.0645781299785185,3500.0,,,Defensivos/Agrotóxicos,2.828656084234691,177.72446177246562,3.0549485709734663
Londrina,PR,2006,I - DESPESAS DE CUSTEIO DA LAVOURA,TOTAL DAS DESPESAS DE CUSTEIO DA LAVOURA (A),572.67,9.83,0.5886034966544357,3500.0,,Total Despesas de Custeio (A),,2.828656084234691,1619.8864797586803,27.805689308027013
Londrina,PR,2006,II - DESPESAS PÓS-COLHEITA,1 - Transporte externo,39.2,0.67,0.0402906683934096,3500.0,,,Transporte,2.828656084234691,110.8833185019999,1.895199576437243
Londrina,PR,2006,II - DESPESAS PÓS-COLHEITA,"2 - Recepção, limpeza, secagem e armazenagem 30-d",52.92,0.91,0.0543924023311029,3500.0,,,,2.828656084234691,149.69247997769983,2.5740770366535686
Londrina,PR,2006,II - DESPESAS PÓS-COLHEITA,3 - PROAGRO,22.33,0.38,0.0229512914598172,3500.0,,,,2.828656084234691,63.16389036096064,1.0748893120091825
Londrina,PR,2006,II - DESPESAS PÓS-COLHEITA,4 - Assistência Técnica,11.45,0.2,0.0117685753342994,3500.0,,,,2.828656084234691,32.38811216448721,0.5657312168469382
Londrina,PR,2006,II - DESPESAS PÓS-COLHEITA,Total das Despesas Pós-Colheita (B),125.9,2.16,0.1294029375186293,3500.0,,Total Outras Despesas (B),,2.828656084234691,356.1278010051476,6.109897141946933
Londrina,PR,2006,III - DESPESAS FINANCEIRAS,1 - Juros,29.51,0.51,0.0303310618441203,3500.0,,,Juros/Financiamento,2.828656084234691,83.47364104576573,1.4426146029596925
Londrina,PR,2006,III - DESPESAS FINANCEIRAS,Total das Despesas Financeiras  (C),29.51,0.51,0.0303310618441203,3500.0,,Total Despesas Financeiras (C),,2.828656084234691,83.47364104576573,1.4426146029596925
Londrina,PR,2006,III - DESPESAS FINANCEIRAS,CUSTO VARIÁVEL  (A+B+C = D),728.08,12.5,0.7483374960171854,3500.0,,Custo Variável (D),,2.828656084234691,2059.487921809594,35.35820105293364
Londrina,PR,2006,IV - DEPRECIAÇÕES,1 - Depreciação de benfeitorias/instalações,4.59,0.08,0.0047177083654528,3500.0,,,Máquinas/Depreciação,2.828656084234691,12.98353142663723,0.22629248673877528
Londrina,PR,2006,IV - DEPRECIAÇÕES,2 - Depreciação de implementos,20.49,0.35,0.0210600968209429,3500.0,,,Máquinas/Depreciação,2.828656084234691,57.95916316596881,0.9900296294821417
Londrina,PR,2006,IV - DEPRECIAÇÕES,3 - Depreciação de máquinas,42.14,0.72,0.0433124685229153,3500.0,,,Máquinas/Depreciação,2.828656084234691,119.19956738964987,2.0366323806489772
Londrina,PR,2006,IV - DEPRECIAÇÕES,Total de Depreciações (E),67.22,1.15,0.069090273709311,3500.0,,Total Depreciações (E),Máquinas/Depreciação,2.828656084234691,190.14226198225592,3.252954496869894
Londrina,PR,2006,V - OUTROS CUSTOS FIXOS,1 - Manutenção periódica de máquinas,21.18,0.36,0.0217692948105207,3500.0,,,Máquinas/Depreciação,2.828656084234691,59.91093586409075,1.0183161903244886
Londrina,PR,2006,V - OUTROS CUSTOS FIXOS,2 - Encargos sociais,12.37,0.21,0.0127141726537366,3500.0,,,,2.828656084234691,34.99047576198312,0.5940177776892851
Londrina,PR,2006,V - OUTROS CUSTOS FIXOS,3 - Seguro do capital fixo,3.64,0.06,0.0037412763508166,3500.0,,,Seguro,2.828656084234691,10.296308146614274,0.16971936505408144
Londrina,PR,2006,V - OUTROS CUSTOS FIXOS,Total de Outros Custos Fixos (F),37.19,0.63,0.038224743815074,3500.0,,Total Outros Custos Fixos (F),,2.828656084234691,105.19771977268815,1.7820533330678552
Londrina,PR,2006,V - OUTROS CUSTOS FIXOS,Custo Fixo  (E+F = G),104.41,1.78,0.1073150175243851,3500.0,,Custo Fixo (G),,2.828656084234691,295.33998175494406,5.03500782993775
Londrina,PR,2006,V - OUTROS CUSTOS FIXOS,CUSTO OPERACIONAL  (D+G = H),832.49,14.28,0.8556525135415705,3500.0,,Custo Operacional (H),,2.828656084234691,2354.827903564538,40.393208882871384
Londrina,PR,2006,VI - RENDA DE FATORES,1 - Remuneração esperada sobre capital fixo,70.29,1.2,0.0722456908513459,3500.0,,,,2.828656084234691,198.82623616085644,3.394387301081629
Londrina,PR,2006,VI - RENDA DE FATORES,2 - Terra,70.15,1.2,0.0721017956070837,3500.0,,,Terra,2.828656084234691,198.4302243090636,3.394387301081629
Londrina,PR,2006,VI - RENDA DE FATORES,Total de Renda de Fatores (I),140.44,2.41,0.1443474864584297,3500.0,,Total Renda de Fatores (I),,2.828656084234691,397.25646046992,6.817061163005605
Londrina,PR,2006,VI - RENDA DE FATORES,CUSTO TOTAL  (H+I = J),972.93,16.69,1.0,3500.0,,Custo Total (J),,2.828656084234691,2752.0843640344574,47.210270045876996
Londrina,PR,2007,I - DESPESAS DE CUSTEIO DA LAVOURA,1 - Operação com avião,0.0,0.0,0.0,3500.0,,,,2.7292735278986973,0.0,0.0
Londrina,PR,2007,I - DESPESAS DE CUSTEIO DA LAVOURA,2 - Operação com máquinas,111.61,1.91,0.1054566069825671,3500.0,,,Máquinas/Depreciação,2.7292735278986973,304.6142184487736,5.212912438286511
Londrina,PR,2007,I - DESPESAS DE CUSTEIO DA LAVOURA,3 - Aluguel de máquinas,6.04,0.1,0.0057069967402088,3500.0,,,Máquinas/Depreciação,2.7292735278986973,16.48481210850813,0.27292735278986974
Londrina,PR,2007,I - DESPESAS DE CUSTEIO DA LAVOURA,4 - Mão-de-obra temporária,7.13,0.12,0.0067369017810743,3500.0,,,Mão de obra,2.7292735278986973,19.459720253917713,0.32751282334784365
Londrina,PR,2007,I - DESPESAS DE CUSTEIO DA LAVOURA,5 - Mão-de-obra fixa,22.77,0.39,0.0215146218169792,3500.0,,,Mão de obra,2.7292735278986973,62.145558230253336,1.064416675880492
Londrina,PR,2007,I - DESPESAS DE CUSTEIO DA LAVOURA,6 - Sementes,189.0,3.24,0.1785798648840175,3500.0,,,Sementes,2.7292735278986973,515.8326967728538,8.84284623039178
Londrina,PR,2007,I - DESPESAS DE CUSTEIO DA LAVOURA,7 - Fertilizantes,230.78,3.96,0.218056408560495,3500.0,,,Fertilizantes,2.7292735278986973,629.8617447684613,10.80792317047884
Londrina,PR,2007,I - DESPESAS DE CUSTEIO DA LAVOURA,8 - Defensivos,66.97,1.15,0.0632777436575801,3500.0,,,Defensivos/Agrotóxicos,2.7292735278986973,182.77944816337575,3.1386645570835014
Londrina,PR,2007,I - DESPESAS DE CUSTEIO DA LAVOURA,TOTAL DAS DESPESAS DE CUSTEIO DA LAVOURA (A),634.3,10.87,0.5993291444229224,3500.0,,Total Despesas de Custeio (A),,2.7292735278986973,1731.1781987461436,29.667203248258836
Londrina,PR,2007,II - DESPESAS PÓS-COLHEITA,1 - Transporte externo,55.83,0.96,0.0527519251665328,3500.0,,,Transporte,2.7292735278986973,152.37534106258425,2.620102586782749
Londrina,PR,2007,II - DESPESAS PÓS-COLHEITA,"2 - Recepção, limpeza, secagem e armazenagem 30-d",39.8,0.68,0.0376057069967402,3500.0,,,,2.7292735278986973,108.62508641036814,1.8559059989711142
Londrina,PR,2007,II - DESPESAS PÓS-COLHEITA,3 - PROAGRO,24.74,0.42,0.0233760098266169,3500.0,,,,2.7292735278986973,67.52222708021377,1.1462948817174528
Londrina,PR,2007,II - DESPESAS PÓS-COLHEITA,4 - Assistência Técnica,12.69,0.22,0.0119903623564983,3500.0,,,,2.7292735278986973,34.634481069034464,0.6004401761377134
Londrina,PR,2007,II - DESPESAS PÓS-COLHEITA,Total das Despesas Pós-Colheita (B),133.06,2.28,0.1257240043463882,3500.0,,Total Outras Despesas (B),,2.7292735278986973,363.15713562220066,6.2227436436090295
Londrina,PR,2007,III - DESPESAS FINANCEIRAS,1 - Juros,31.34,0.54,0.0296121320924079,3500.0,,,Juros/Financiamento,2.7292735278986973,85.53543236434517,1.4738077050652967
Londrina,PR,2007,III - DESPESAS FINANCEIRAS,Total das Despesas Financeiras  (C),31.34,0.54,0.0296121320924079,3500.0,,Total Despesas Financeiras (C),,2.7292735278986973,85.53543236434517,1.4738077050652967
Londrina,PR,2007,III - DESPESAS FINANCEIRAS,CUSTO VARIÁVEL  (A+B+C = D),798.7,13.69,0.7546652808617186,3500.0,,Custo Variável (D),,2.7292735278986973,2179.87076673269,37.36375459693316
Londrina,PR,2007,IV - DEPRECIAÇÕES,1 - Depreciação de benfeitorias/instalações,6.55,0.11,0.0061888789152926,3500.0,,,Máquinas/Depreciação,2.7292735278986973,17.876741607736466,0.3002200880688567
Londrina,PR,2007,IV - DEPRECIAÇÕES,2 - Depreciação de implementos,21.88,0.38,0.0206736901781074,3500.0,,,Máquinas/Depreciação,2.7292735278986973,59.71650479042349,1.037123940601505
Londrina,PR,2007,IV - DEPRECIAÇÕES,3 - Depreciação de máquinas,44.49,0.76,0.0420371332734917,3500.0,,,Máquinas/Depreciação,2.7292735278986973,121.42537925621305,2.07424788120301
Londrina,PR,2007,IV - DEPRECIAÇÕES,Total de Depreciações (E),72.92,1.25,0.0688997023668918,3500.0,,Total Depreciações (E),Máquinas/Depreciação,2.7292735278986973,199.018625654373,3.411591909873372
Londrina,PR,2007,V - OUTROS CUSTOS FIXOS,1 - Manutenção periódica de máquinas,21.18,0.36,0.0200122832711295,3500.0,,,Máquinas/Depreciação,2.7292735278986973,57.80601332089441,0.982538470043531
Londrina,PR,2007,V - OUTROS CUSTOS FIXOS,2 - Encargos sociais,13.43,0.23,0.0126895639438748,3500.0,,,,2.7292735278986973,36.654143479679504,0.6277329114167004
Londrina,PR,2007,V - OUTROS CUSTOS FIXOS,3 - Seguro do capital fixo,4.05,0.07,0.0038267113903718,3500.0,,,Seguro,2.7292735278986973,11.053557787989723,0.19104914695290884
Londrina,PR,2007,V - OUTROS CUSTOS FIXOS,Total de Outros Custos Fixos (F),38.66,0.66,0.0365285586053762,3500.0,,Total Outros Custos Fixos (F),,2.7292735278986973,105.51371458856363,1.8013205284131404
Londrina,PR,2007,V - OUTROS CUSTOS FIXOS,Custo Fixo  (E+F = G),111.58,1.91,0.1054282609722681,3500.0,,Custo Fixo (G),,2.7292735278986973,304.53234024293664,5.212912438286511
Londrina,PR,2007,V - OUTROS CUSTOS FIXOS,CUSTO OPERACIONAL  (D+G = H),910.28,15.6,0.8600935418339867,3500.0,,Custo Operacional (H),,2.7292735278986973,2484.403106975626,42.57666703521968
Londrina,PR,2007,VI - RENDA DE FATORES,1 - Remuneração esperada sobre capital fixo,77.92,1.34,0.0736240374167335,3500.0,,,,2.7292735278986973,212.6649932938665,3.6572265273842546
Londrina,PR,2007,VI - RENDA DE FATORES,2 - Terra,70.15,1.2,0.0662824207492795,3500.0,,,Terra,2.7292735278986973,191.45853798209362,3.2751282334784366
Londrina,PR,2007,VI - RENDA DE FATORES,Total de Renda de Fatores (I),148.07,2.54,0.1399064581660131,3500.0,,Total Renda de Fatores (I),,2.7292735278986973,404.1235312759601,6.932354760862691
Londrina,PR,2007,VI - RENDA DE FATORES,CUSTO TOTAL  (H+I = J),1058.35,18.14,1.0,3500.0,,Custo Total (J),,2.7292735278986973,2888.526638251586,49.50902179608237
Londrina,PR,2008,I - DESPESAS DE CUSTEIO DA LAVOURA,1 - Operação com avião,0.0,0.0,0.0,3500.0,,,,2.5826244103119955,0.0,0.0
Londrina,PR,2008,I - DESPESAS DE CUSTEIO DA LAVOURA,2 - Operação com máquinas,125.68,2.15,0.1066232300866186,3500.0,,,Máquinas/Depreciação,2.5826244103119955,324.5842358880116,5.55264248217079
Londrina,PR,2008,I - DESPESAS DE CUSTEIO DA LAVOURA,3 - Aluguel de máquinas,6.04,0.1,0.0051241590525395,3500.0,,,Máquinas/Depreciação,2.5826244103119955,15.599051438284453,0.25826244103119955
Londrina,PR,2008,I - DESPESAS DE CUSTEIO DA LAVOURA,4 - Mão-de-obra temporária,7.93,0.14,0.0067275796832183,3500.0,,,Mão de obra,2.5826244103119955,20.480211573774124,0.36156741744367943
Londrina,PR,2008,I - DESPESAS DE CUSTEIO DA LAVOURA,5 - Mão-de-obra fixa,24.87,0.43,0.021098979410043,3500.0,,,Mão de obra,2.5826244103119955,64.22986908445934,1.110528496434158
Londrina,PR,2008,I - DESPESAS DE CUSTEIO DA LAVOURA,6 - Sementes,238.5,4.09,0.2023364129189891,3500.0,,,Sementes,2.5826244103119955,615.955921859411,10.562933838176061
Londrina,PR,2008,I - DESPESAS DE CUSTEIO DA LAVOURA,7 - Fertilizantes,266.26,4.56,0.2258871836637737,3500.0,,,Fertilizantes,2.5826244103119955,687.6495754896719,11.776767311022699
Londrina,PR,2008,I - DESPESAS DE CUSTEIO DA LAVOURA,8 - Defensivos,70.28,1.2,0.0596234930815369,3500.0,,,Defensivos/Agrotóxicos,2.5826244103119955,181.50684355672703,3.0991492923743946
Londrina,PR,2008,I - DESPESAS DE CUSTEIO DA LAVOURA,TOTAL DAS DESPESAS DE CUSTEIO DA LAVOURA (A),739.56,12.67,0.6274210378967195,3500.0,,Total Despesas de Custeio (A),,2.5826244103119955,1910.0057088903393,32.721851278652984
Londrina,PR,2008,II - DESPESAS PÓS-COLHEITA,1 - Transporte externo,55.41,0.95,0.0470082207121223,3500.0,,,Transporte,2.5826244103119955,143.10321857538767,2.4534931897963954
Londrina,PR,2008,II - DESPESAS PÓS-COLHEITA,"2 - Recepção, limpeza, secagem e armazenagem 30-d",39.8,0.68,0.0337651540217013,3500.0,,,,2.5826244103119955,102.78845153041742,1.7561845990121572
Londrina,PR,2008,II - DESPESAS PÓS-COLHEITA,3 - PROAGRO,28.84,0.49,0.0244670111051725,3500.0,,,,2.5826244103119955,74.48288799339795,1.2654859610528777
Londrina,PR,2008,II - DESPESAS PÓS-COLHEITA,4 - Assistência Técnica,14.79,0.25,0.0125474027130895,3500.0,,,,2.5826244103119955,38.197015028514414,0.6456561025779989
Londrina,PR,2008,II - DESPESAS PÓS-COLHEITA,Total das Despesas Pós-Colheita (B),138.84,2.37,0.1177877885520857,3500.0,,Total Outras Despesas (B),,2.5826244103119955,358.57157312771744,6.120819852439429
Londrina,PR,2008,III - DESPESAS FINANCEIRAS,1 - Juros,32.93,0.56,0.0279368472847895,3500.0,,,Juros/Financiamento,2.5826244103119955,85.04582183157402,1.4462696697747177
Londrina,PR,2008,III - DESPESAS FINANCEIRAS,Total das Despesas Financeiras  (C),32.93,0.56,0.0279368472847895,3500.0,,Total Despesas Financeiras (C),,2.5826244103119955,85.04582183157402,1.4462696697747177
Londrina,PR,2008,III - DESPESAS FINANCEIRAS,CUSTO VARIÁVEL  (A+B+C = D),911.33,15.6,0.7731456737335949,3500.0,,Custo Variável (D),,2.5826244103119955,2353.623103849631,40.28894080086713
Londrina,PR,2008,IV - DEPRECIAÇÕES,1 - Depreciação de benfeitorias/instalações,7.29,0.12,0.0061846224326181,3500.0,,,Máquinas/Depreciação,2.5826244103119955,18.827331951174447,0.30991492923743946
Londrina,PR,2008,IV - DEPRECIAÇÕES,2 - Depreciação de implementos,21.09,0.36,0.0178921381486854,3500.0,,,Máquinas/Depreciação,2.5826244103119955,54.467548813479986,0.9297447877123184
Londrina,PR,2008,IV - DEPRECIAÇÕES,3 - Depreciação de máquinas,48.23,0.83,0.0409169190569511,3500.0,,,Máquinas/Depreciação,2.5826244103119955,124.55997530934754,2.1435782605589564
Londrina,PR,2008,IV - DEPRECIAÇÕES,Total de Depreciações (E),76.61,1.31,0.0649936796382547,3500.0,,Total Depreciações (E),Máquinas/Depreciação,2.5826244103119955,197.854856074002,3.3832379775087142
Londrina,PR,2008,V - OUTROS CUSTOS FIXOS,1 - Manutenção periódica de máquinas,19.29,0.33,0.0163650708813723,3500.0,,,Máquinas/Depreciação,2.5826244103119955,49.81882487491839,0.8522660554029585
Londrina,PR,2008,V - OUTROS CUSTOS FIXOS,2 - Encargos sociais,14.67,0.25,0.0124455982286019,3500.0,,,,2.5826244103119955,37.88710009927697,0.6456561025779989
Londrina,PR,2008,V - OUTROS CUSTOS FIXOS,3 - Seguro do capital fixo,4.28,0.07,0.0036310266133889,3500.0,,,Seguro,2.5826244103119955,11.053632476135341,0.18078370872183971
Londrina,PR,2008,V - OUTROS CUSTOS FIXOS,Total de Outros Custos Fixos (F),38.24,0.65,0.0324416957233632,3500.0,,Total Outros Custos Fixos (F),,2.5826244103119955,98.75955745033072,1.6787058667027972
Londrina,PR,2008,V - OUTROS CUSTOS FIXOS,Custo Fixo  (E+F = G),114.85,1.96,0.097435375361618,3500.0,,Custo Fixo (G),,2.5826244103119955,296.6144135243327,5.061943844211511
Londrina,PR,2008,V - OUTROS CUSTOS FIXOS,CUSTO OPERACIONAL  (D+G = H),1026.18,17.56,0.8705810490952129,3500.0,,Custo Operacional (H),,2.5826244103119955,2650.237517373964,45.35088464507864
Londrina,PR,2008,VI - RENDA DE FATORES,1 - Remuneração esperada sobre capital fixo,82.4,1.41,0.0699057460147786,3500.0,,,,2.5826244103119955,212.80825140970845,3.6415004185399136
Londrina,PR,2008,VI - RENDA DE FATORES,2 - Terra,70.15,1.2,0.0595132048900087,3500.0,,,Terra,2.5826244103119955,181.1711023833865,3.0991492923743946
Londrina,PR,2008,VI - RENDA DE FATORES,Total de Renda de Fatores (I),152.55,2.62,0.1294189509047874,3500.0,,Total Renda de Fatores (I),,2.5826244103119955,393.97935379309496,6.7664759550174285
Londrina,PR,2008,VI - RENDA DE FATORES,CUSTO TOTAL  (H+I = J),1178.73,20.18,1.0,3500.0,,Custo Total (J),,2.5826244103119955,3044.2168711670583,52.11736060009607
Londrina,PR,2009,I - DESPESAS DE CUSTEIO DA LAVOURA,1 - Operação com avião,0.0,0.0,0.0,3966.0,,,,2.462266291630245,0.0,0.0
Londrina,PR,2009,I - DESPESAS DE CUSTEIO DA LAVOURA,2 - Operação com máquinas próprias,107.61,1.64,0.0721763027602589,3966.0,,,Máquinas/Depreciação,2.462266291630245,264.9644756423306,4.038116718273601
Londrina,PR,2009,I - DESPESAS DE CUSTEIO DA LAVOURA,3 - Aluguel de máquinas/serviços,117.36,1.78,0.0787158339554315,3966.0,,,Máquinas/Depreciação,2.462266291630245,288.9715719857255,4.382833999101836
Londrina,PR,2009,I - DESPESAS DE CUSTEIO DA LAVOURA,4 - Operação com animais próprios,0.0,0.0,0.0,3966.0,,,,2.462266291630245,0.0,0.0
Londrina,PR,2009,I - DESPESAS DE CUSTEIO DA LAVOURA,5 - Operação com animais alugados,0.0,0.0,0.0,3966.0,,,,2.462266291630245,0.0,0.0
Londrina,PR,2009,I - DESPESAS DE CUSTEIO DA LAVOURA,6 - Mão-de-obra temporária,2.82,0.04,0.0018914336379883,3966.0,,,Mão de obra,2.462266291630245,6.94359094239729,0.0984906516652098
Londrina,PR,2009,I - DESPESAS DE CUSTEIO DA LAVOURA,7 - Mão-de-obra fixa,27.92,0.44,0.0187265344583814,3966.0,,,Mão de obra,2.462266291630245,68.74647486231645,1.0833971683173078
Londrina,PR,2009,I - DESPESAS DE CUSTEIO DA LAVOURA,8 - Sementes,126.0,1.91,0.0845108646760768,3966.0,,,Sementes,2.462266291630245,310.24555274541086,4.702928617013767
Londrina,PR,2009,I - DESPESAS DE CUSTEIO DA LAVOURA,9 - Fertilizantes,271.92,4.11,0.1823824946247524,3966.0,,,Fertilizantes,2.462266291630245,669.5394500200962,10.119914458600308
Londrina,PR,2009,I - DESPESAS DE CUSTEIO DA LAVOURA,10 - Agrotóxicos,152.5,2.3,0.1022849751039818,3966.0,,,Defensivos/Agrotóxicos,2.462266291630245,375.4956094736124,5.663212470749563
Londrina,PR,2009,I - DESPESAS DE CUSTEIO DA LAVOURA,11 - Despesas administrativas,40.31,0.61,0.0270367694848623,3966.0,,,Administração,2.462266291630245,99.25395421561518,1.5019824378944493
Londrina,PR,2009,I - DESPESAS DE CUSTEIO DA LAVOURA,12 - Outros itens,0.0,0.0,0.0,3966.0,,,,2.462266291630245,0.0,0.0
Londrina,PR,2009,I - DESPESAS DE CUSTEIO DA LAVOURA,TOTAL DAS DESPESAS DE CUSTEIO DA LAVOURA (A),846.44,12.83,0.5677252087017338,3966.0,,Total Despesas de Custeio (A),,2.462266291630245,2084.1606798875046,31.590876521616043
Londrina,PR,2009,II - DESPESAS PÓS-COLHEITA,1 - Seguro agrícola,33.01,0.5,0.0221405051028356,3966.0,,,Seguro,2.462266291630245,81.27941028671438,1.2311331458151225
Londrina,PR,2009,II - DESPESAS PÓS-COLHEITA,2 - Assistência técnica,8.46,0.13,0.0056743009139651,3966.0,,,,2.462266291630245,20.830772827191876,0.32009461791193183
Londrina,PR,2009,II - DESPESAS PÓS-COLHEITA,3 - Transporte externo,65.84,1.0,0.0441602803989912,3966.0,,,Transporte,2.462266291630245,162.11561264093532,2.462266291630245
Londrina,PR,2009,II - DESPESAS PÓS-COLHEITA,4 - Armazenagem,94.58,1.43,0.0634368061989154,3966.0,,,,2.462266291630245,232.88114586238856,3.52104079703125
Londrina,PR,2009,II - DESPESAS PÓS-COLHEITA,5 - CESSR,25.84,0.39,0.0173314344700779,3966.0,,,,2.462266291630245,63.62496097572553,0.9602838537357955
Londrina,PR,2009,II - DESPESAS PÓS-COLHEITA,6 - Impostos,0.0,0.0,0.0,3966.0,,,,2.462266291630245,0.0,0.0
Londrina,PR,2009,II - DESPESAS PÓS-COLHEITA,7 - Taxas,0.0,0.0,0.0,3966.0,,,,2.462266291630245,0.0,0.0
Londrina,PR,2009,II - DESPESAS PÓS-COLHEITA,8 - Outros,0.0,0.0,0.0,3966.0,,,,2.462266291630245,0.0,0.0
Londrina,PR,2009,II - DESPESAS PÓS-COLHEITA,Total das Despesas Pós-Colheita (B),227.73,3.45,0.1527433270847855,3966.0,,Total Outras Despesas (B),,2.462266291630245,560.7319025929556,8.494818706124345
Londrina,PR,2009,III - DESPESAS FINANCEIRAS,1 - Juros,34.17134498438777,0.52,0.022919443744247,3966.0,,,Juros/Financiamento,2.462266291630245,84.13895089472625,1.2803784716477273
Londrina,PR,2009,III - DESPESAS FINANCEIRAS,Total das Despesas Financeiras  (C),34.17134498438777,0.52,0.022919443744247,3966.0,,Total Despesas Financeiras (C),,2.462266291630245,84.13895089472625,1.2803784716477273
Londrina,PR,2009,III - DESPESAS FINANCEIRAS,CUSTO VARIÁVEL  (A+B+C = D),1108.341344984388,16.8,0.7433879795307664,3966.0,,Custo Variável (D),,2.462266291630245,2729.031533375187,41.36607369938812
Londrina,PR,2009,IV - DEPRECIAÇÕES,1 - Depreciação de benfeitorias/instalações,0.66,0.01,0.000442675957827,3966.0,,,Máquinas/Depreciação,2.462266291630245,1.6250957524759617,0.02462266291630245
Londrina,PR,2009,IV - DEPRECIAÇÕES,2 - Depreciação de implementos,59.84,0.91,0.0401359535096542,3966.0,,,Máquinas/Depreciação,2.462266291630245,147.34201489115387,2.2406623253835227
Londrina,PR,2009,IV - DEPRECIAÇÕES,3 - Depreciação de máquinas,16.45,0.25,0.0110333628882655,3966.0,,,Máquinas/Depreciação,2.462266291630245,40.504280497317524,0.6155665729075612
Londrina,PR,2009,IV - DEPRECIAÇÕES,4 - Depreciação de animais,0.0,0.0,0.0,3966.0,,,Máquinas/Depreciação,2.462266291630245,0.0,0.0
Londrina,PR,2009,IV - DEPRECIAÇÕES,Total de Depreciações (E),76.95,1.17,0.0516119923557469,3966.0,,Total Depreciações (E),Máquinas/Depreciação,2.462266291630245,189.47139114094736,2.880851561207386
Londrina,PR,2009,V - OUTROS CUSTOS FIXOS,1 - Manutenção periódica de máquinas/implementos,19.4412171536,0.29,0.013039635492112,3966.0,,,Máquinas/Depreciação,2.462266291630245,47.869453665572976,0.714057224572771
Londrina,PR,2009,V - OUTROS CUSTOS FIXOS,2 - Encargos sociais,16.47,0.25,0.01104677731123,3966.0,,,,2.462266291630245,40.55352582315013,0.6155665729075612
Londrina,PR,2009,V - OUTROS CUSTOS FIXOS,3 - Seguro do capital fixo,3.3,0.05,0.0022133797891353,3966.0,,,Seguro,2.462266291630245,8.125478762379808,0.12311331458151226
Londrina,PR,2009,V - OUTROS CUSTOS FIXOS,Total de Outros Custos Fixos (F),39.2112171536,0.59,0.0262997925924773,3966.0,,Total Outros Custos Fixos (F),,2.462266291630245,96.54845825110293,1.4527371120618444
Londrina,PR,2009,V - OUTROS CUSTOS FIXOS,Custo Fixo  (E+F = G),116.1612171536,1.76,0.0779117849482243,3966.0,,Custo Fixo (G),,2.462266291630245,286.0198493920503,4.333588673269231
Londrina,PR,2009,V - OUTROS CUSTOS FIXOS,CUSTO OPERACIONAL  (D+G = H),1224.502562137988,18.56,0.8212997644789908,3966.0,,Custo Operacional (H),,2.462266291630245,3015.051382767237,45.69966237265734
Londrina,PR,2009,VI - RENDA DE FATORES,1 - Remuneração esperada sobre capital fixo,26.43,0.4,0.0177271599475294,3966.0,,,,2.462266291630245,65.07769808778737,0.984906516652098
Londrina,PR,2009,VI - RENDA DE FATORES,2 - Terra,240.0,3.63,0.1609730755734796,3966.0,,,Terra,2.462266291630245,590.9439099912588,8.938026638617789
Londrina,PR,2009,VI - RENDA DE FATORES,Total de Renda de Fatores (I),266.43,4.03,0.1787002355210091,3966.0,,Total Renda de Fatores (I),,2.462266291630245,656.0216080790461,9.922933155269888
Londrina,PR,2009,VI - RENDA DE FATORES,CUSTO TOTAL  (H+I = J),1490.932562137988,22.59,1.0,3966.0,,Custo Total (J),,2.462266291630245,3671.0729908462836,55.62259552792723
Londrina,PR,2010,I - DESPESAS DE CUSTEIO DA LAVOURA,1 - Operação com avião,0.0,0.0,0.0,3966.0,,,,2.344143679868102,0.0,0.0
Londrina,PR,2010,I - DESPESAS DE CUSTEIO DA LAVOURA,2 - Operação com máquinas próprias,103.15,1.58,0.0753513704855957,3966.0,,,Máquinas/Depreciação,2.344143679868102,241.79842057839474,3.7037470141916016
Londrina,PR,2010,I - DESPESAS DE CUSTEIO DA LAVOURA,3 - Aluguel de máquinas/serviços,98.66,1.49,0.07207141262345,3966.0,,,Máquinas/Depreciação,2.344143679868102,231.27321545578695,3.4927740830034724
Londrina,PR,2010,I - DESPESAS DE CUSTEIO DA LAVOURA,4 - Operação com animais próprios,0.0,0.0,0.0,3966.0,,,,2.344143679868102,0.0,0.0
Londrina,PR,2010,I - DESPESAS DE CUSTEIO DA LAVOURA,5 - Operação com animais alugados,0.0,0.0,0.0,3966.0,,,,2.344143679868102,0.0,0.0
Londrina,PR,2010,I - DESPESAS DE CUSTEIO DA LAVOURA,6 - Mão-de-obra temporária,3.29,0.05,0.0024033544246011,3966.0,,,Mão de obra,2.344143679868102,7.712232706766056,0.11720718399340511
Londrina,PR,2010,I - DESPESAS DE CUSTEIO DA LAVOURA,7 - Mão-de-obra fixa,30.6,0.48,0.0223533876573846,3966.0,,,Mão de obra,2.344143679868102,71.73079660396392,1.125188966336689
Londrina,PR,2010,I - DESPESAS DE CUSTEIO DA LAVOURA,8 - Sementes,120.0,1.82,0.0876603437544497,3966.0,,,Sementes,2.344143679868102,281.29724158417224,4.266341497359946
Londrina,PR,2010,I - DESPESAS DE CUSTEIO DA LAVOURA,9 - Fertilizantes,195.49,2.96,0.1428060050046448,3966.0,,,Fertilizantes,2.344143679868102,458.2566479774153,6.938665292409582
Londrina,PR,2010,I - DESPESAS DE CUSTEIO DA LAVOURA,10 - Agrotóxicos,125.27,1.89,0.0915100938509993,3966.0,,,Defensivos/Agrotóxicos,2.344143679868102,293.65087877707714,4.4304315549507125
Londrina,PR,2010,I - DESPESAS DE CUSTEIO DA LAVOURA,11 - Despesas administrativas,33.82,0.51,0.0247056068814624,3966.0,,,Administração,2.344143679868102,79.27893925313921,1.195513276732732
Londrina,PR,2010,I - DESPESAS DE CUSTEIO DA LAVOURA,12 - Outros itens,0.0,0.0,0.0,3966.0,,,,2.344143679868102,0.0,0.0
Londrina,PR,2010,I - DESPESAS DE CUSTEIO DA LAVOURA,TOTAL DAS DESPESAS DE CUSTEIO DA LAVOURA (A),710.28,10.78,0.5188615746825879,3966.0,,Total Despesas de Custeio (A),,2.344143679868102,1664.9983729367154,25.26986886897814
Londrina,PR,2010,II - DESPESAS PÓS-COLHEITA,1 - Seguro agrícola,27.7,0.42,0.0202349293499854,3966.0,,,Seguro,2.344143679868102,64.93277993234642,0.9845403455446029
Londrina,PR,2010,II - DESPESAS PÓS-COLHEITA,2 - Assistência técnica,7.1,0.11,0.0051865703388049,3966.0,,,,2.344143679868102,16.643420127063525,0.25785580478549125
Londrina,PR,2010,II - DESPESAS PÓS-COLHEITA,3 - Transporte externo,65.44,0.99,0.0478041074607599,3966.0,,,Transporte,2.344143679868102,153.4007624105686,2.3207022430694213
Londrina,PR,2010,II - DESPESAS PÓS-COLHEITA,4 - Armazenagem,95.56,1.45,0.0698068537431268,3966.0,,,,2.344143679868102,224.00637004819583,3.399008335808748
Londrina,PR,2010,II - DESPESAS PÓS-COLHEITA,5 - CESSR,21.11,0.32,0.0154209154721369,3966.0,,,,2.344143679868102,49.48487308201563,0.7501259775577926
Londrina,PR,2010,II - DESPESAS PÓS-COLHEITA,6 - Impostos,0.0,0.0,0.0,3966.0,,,,2.344143679868102,0.0,0.0
Londrina,PR,2010,II - DESPESAS PÓS-COLHEITA,7 - Taxas,0.0,0.0,0.0,3966.0,,,,2.344143679868102,0.0,0.0
Londrina,PR,2010,II - DESPESAS PÓS-COLHEITA,8 - Outros,0.0,0.0,0.0,3966.0,,,,2.344143679868102,0.0,0.0
Londrina,PR,2010,II - DESPESAS PÓS-COLHEITA,Total das Despesas Pós-Colheita (B),216.91,3.29,0.1584533763648141,3966.0,,Total Outras Despesas (B),,2.344143679868102,508.46820560019,7.712232706766056
Londrina,PR,2010,III - DESPESAS FINANCEIRAS,1 - Juros,26.918295682787985,0.41,0.0196638921069759,3966.0,,,Juros/Financiamento,2.344143679868102,63.100352697628274,0.9610989087459219
Londrina,PR,2010,III - DESPESAS FINANCEIRAS,Total das Despesas Financeiras  (C),26.918295682787985,0.41,0.0196638921069759,3966.0,,Total Despesas Financeiras (C),,2.344143679868102,63.100352697628274,0.9610989087459219
Londrina,PR,2010,III - DESPESAS FINANCEIRAS,CUSTO VARIÁVEL  (A+B+C = D),954.108295682788,14.48,0.6969788431543779,3966.0,,Custo Variável (D),,2.344143679868102,2236.566931234534,33.94320048449012
Londrina,PR,2010,IV - DEPRECIAÇÕES,1 - Depreciação de benfeitorias/instalações,25.78,0.39,0.0188323638499142,3966.0,,,Máquinas/Depreciação,2.344143679868102,60.43202406699967,0.9142160351485599
Londrina,PR,2010,IV - DEPRECIAÇÕES,2 - Depreciação de implementos,65.45,0.99,0.0478114124894061,3966.0,,,Máquinas/Depreciação,2.344143679868102,153.4242038473673,2.3207022430694213
Londrina,PR,2010,IV - DEPRECIAÇÕES,3 - Depreciação de máquinas,15.6,0.24,0.0113958446880784,3966.0,,,Máquinas/Depreciação,2.344143679868102,36.568641405942394,0.5625944831683445
Londrina,PR,2010,IV - DEPRECIAÇÕES,4 - Depreciação de animais,0.0,0.0,0.0,3966.0,,,Máquinas/Depreciação,2.344143679868102,0.0,0.0
Londrina,PR,2010,IV - DEPRECIAÇÕES,Total de Depreciações (E),106.83,1.62,0.0780396210273988,3966.0,,Total Depreciações (E),Máquinas/Depreciação,2.344143679868102,250.42486932030934,3.7975127613863258
Londrina,PR,2010,V - OUTROS CUSTOS FIXOS,1 - Manutenção periódica de máquinas/implementos,19.5417297296,0.3,0.0142752895471107,3966.0,,,Máquinas/Depreciação,2.344143679868102,45.808622239332436,0.7032431039604307
Londrina,PR,2010,V - OUTROS CUSTOS FIXOS,2 - Encargos sociais,18.05,0.27,0.0131855767063984,3966.0,,,,2.344143679868102,42.31179342161924,0.6329187935643876
Londrina,PR,2010,V - OUTROS CUSTOS FIXOS,3 - Seguro do capital fixo,3.38,0.05,0.002469099682417,3966.0,,,Seguro,2.344143679868102,7.923205637954185,0.11720718399340511
Londrina,PR,2010,V - OUTROS CUSTOS FIXOS,Total de Outros Custos Fixos (F),40.97172972960001,0.62,0.0299299659359262,3966.0,,Total Outros Custos Fixos (F),,2.344143679868102,96.04362129890588,1.4533690815182234
Londrina,PR,2010,V - OUTROS CUSTOS FIXOS,Custo Fixo  (E+F = G),147.8017297296,2.24,0.107969586963325,3966.0,,Custo Fixo (G),,2.344143679868102,346.46849061921523,5.250881842904549
Londrina,PR,2010,V - OUTROS CUSTOS FIXOS,CUSTO OPERACIONAL  (D+G = H),1101.910025412388,16.72,0.8049484301177029,3966.0,,Custo Operacional (H),,2.344143679868102,2583.035421853749,39.19408232739467
Londrina,PR,2010,VI - RENDA DE FATORES,1 - Remuneração esperada sobre capital fixo,27.01,0.41,0.0197308823733973,3966.0,,,,2.344143679868102,63.31532079323744,0.9610989087459219
Londrina,PR,2010,VI - RENDA DE FATORES,2 - Terra,240.0,3.63,0.1753206875088994,3966.0,,,Terra,2.344143679868102,562.5944831683445,8.50924155792121
Londrina,PR,2010,VI - RENDA DE FATORES,Total de Renda de Fatores (I),267.01,4.04,0.1950515698822968,3966.0,,Total Renda de Fatores (I),,2.344143679868102,625.9098039615819,9.470340466667132
Londrina,PR,2010,VI - RENDA DE FATORES,CUSTO TOTAL  (H+I = J),1368.920025412388,20.76,1.0,3966.0,,Custo Total (J),,2.344143679868102,3208.945225815331,48.66442279406181
Londrina,PR,2011,I - DESPESAS DE CUSTEIO DA LAVOURA,1 - Operação com animal,0.0,0.0,0.0,3966.0,0.0,,,2.198259208362353,0.0,0.0
Londrina,PR,2011,I - DESPESAS DE CUSTEIO DA LAVOURA,2 - Operação com Avião,0.0,0.0,0.0,3966.0,0.0,,,2.198259208362353,0.0,0.0
Londrina,PR,2011,3 - Operação com máquinas:,3.1 - Tratores e Colheitadeiras,108.62,1.64,10.2,3966.0,7.05,,,2.198259208362353,238.77491521231877,3.6051451017142586
Londrina,PR,2011,3 - Operação com máquinas:,3.2 - Conjunto de Irrigação,0.0,0.0,0.0,3966.0,0.0,,,2.198259208362353,0.0,0.0
Londrina,PR,2011,3 - Operação com máquinas:,4 - Aluguel de Máquinas,153.81,2.33,14.44,3966.0,9.99,,Máquinas/Depreciação,2.198259208362353,338.1142488382135,5.121943955484283
Londrina,PR,2011,3 - Operação com máquinas:,5 - Aluguel de Animais,0.0,0.0,0.0,3966.0,0.0,,,2.198259208362353,0.0,0.0
Londrina,PR,2011,3 - Operação com máquinas:,6 - Mão-de-obra,3.29,0.05,0.31,3966.0,0.21,,Mão de obra,2.198259208362353,7.2322727955121415,0.10991296041811766
Londrina,PR,2011,3 - Operação com máquinas:,7 - Administrador,32.72,0.48,3.07,3966.0,2.12,,Administração,2.198259208362353,71.92704129761619,1.0551644200139294
Londrina,PR,2011,3 - Operação com máquinas:,8 - Sementes,120.0,1.82,11.27,3966.0,7.79,,Sementes,2.198259208362353,263.79110500348236,4.000831759219483
Londrina,PR,2011,3 - Operação com máquinas:,8.1 - Royalties,0.0,0.0,0.0,3966.0,0.0,,,2.198259208362353,0.0,0.0
Londrina,PR,2011,3 - Operação com máquinas:,9 - Fertilizantes,231.84,3.51,21.77,3966.0,15.05,,Fertilizantes,2.198259208362353,509.6444148667279,7.715889821351858
Londrina,PR,2011,3 - Operação com máquinas:,10 - Agrotóxicos,127.96,1.93,12.01,3966.0,8.31,,Defensivos/Agrotóxicos,2.198259208362353,281.28924830204664,4.242640272139341
Londrina,PR,2011,3 - Operação com máquinas:,11 - Água,0.0,0.0,0.0,3966.0,0.0,,,2.198259208362353,0.0,0.0
Londrina,PR,2011,3 - Operação com máquinas:,12 - Receita,0.0,0.0,0.0,3966.0,0.0,,,2.198259208362353,0.0,0.0
Londrina,PR,2011,13 - Outros:,13.1 - Análise Foliar,0.0,0.0,0.0,3966.0,0.0,,,2.198259208362353,0.0,0.0
Londrina,PR,2011,13 - Outros:,13.2 - Embalagens/Utensílios,0.0,0.0,0.0,3966.0,0.0,,,2.198259208362353,0.0,0.0
Londrina,PR,2011,13 - Outros:,13.3 - Vernalização(Alho),0.0,0.0,0.0,3966.0,0.0,,,2.198259208362353,0.0,0.0
Londrina,PR,2011,13 - Outros:,13.4 - Análise de Solo,0.0,0.0,0.0,3966.0,0.0,,,2.198259208362353,0.0,0.0
Londrina,PR,2011,13 - Outros:,13.5 - Mudas,0.0,0.0,0.0,3966.0,0.0,,,2.198259208362353,0.0,0.0
Londrina,PR,2011,13 - Outros:,13.6 - Taxas Ambientais,0.0,0.0,0.0,3966.0,0.0,,,2.198259208362353,0.0,0.0
Londrina,PR,2011,13 - Outros:,13.7 - Demais Despesas,0.0,0.0,0.0,3966.0,0.0,,,2.198259208362353,0.0,0.0
Londrina,PR,2011,13 - Outros:,13.8 - Implementos Manuais,0.0,0.0,0.0,3966.0,0.0,,Máquinas/Depreciação,2.198259208362353,0.0,0.0
Londrina,PR,2011,13 - Outros:,14 - Serviços Diversos,0.0,0.0,0.0,3966.0,0.0,,,2.198259208362353,0.0,0.0
Londrina,PR,2011,13 - Outros:,TOTAL DAS DESPESAS DE CUSTEIO DA LAVOURA (A),778.24,11.76,73.07,3966.0,50.52,Total Despesas de Custeio (A),,2.198259208362353,1710.7732463159175,25.85152829034127
Londrina,PR,2011,II - OUTRAS DESPESAS,15 - Transporte Externo,63.46,0.96,5.96,3966.0,4.12,,Transporte,2.198259208362353,139.50152936267492,2.110328840027859
Londrina,PR,2011,16 - Despesas:,16.1 - Despesas Administrativas,38.91,0.59,3.65,3966.0,2.53,,Administração,2.198259208362353,85.53426579737915,1.2969729329337882
Londrina,PR,2011,16 - Despesas:,16.2 - Despesas de armazenagem,105.0,1.59,9.86,3966.0,6.82,,,2.198259208362353,230.81721687804705,3.495232141296141
Londrina,PR,2011,16 - Despesas:,16.3 - Beneficiamento,0.0,0.0,0.0,3966.0,0.0,,,2.198259208362353,0.0,0.0
Londrina,PR,2011,16 - Despesas:,17 - Seguro da Produção,30.35,0.46,2.85,3966.0,1.97,,Seguro,2.198259208362353,66.71716697379742,1.0111992358466824
Londrina,PR,2011,16 - Despesas:,18 - Seguro do crédito,0.0,0.0,0.0,3966.0,0.0,,Seguro,2.198259208362353,0.0,0.0
Londrina,PR,2011,16 - Despesas:,19 - Assistência Técnica,15.56,0.24,1.46,3966.0,1.01,,,2.198259208362353,34.20491328211821,0.5275822100069647
Londrina,PR,2011,16 - Despesas:,20 - Classificação,0.0,0.0,0.0,3966.0,0.0,,,2.198259208362353,0.0,0.0
Londrina,PR,2011,16 - Despesas:,21 - Outros Impostos/Taxas,0.0,0.0,0.0,3966.0,0.0,,,2.198259208362353,0.0,0.0
Londrina,PR,2011,16 - Despesas:,22 - CDO,0.0,0.0,0.0,3966.0,0.0,,,2.198259208362353,0.0,0.0
Londrina,PR,2011,16 - Despesas:,23 - CESSR,0.0,0.0,0.0,3966.0,0.0,,,2.198259208362353,0.0,0.0
Londrina,PR,2011,16 - Despesas:,24 - FUNDECITRUS,0.0,0.0,0.0,3966.0,0.0,,,2.198259208362353,0.0,0.0
Londrina,PR,2011,16 - Despesas:,TOTAL DAS OUTRAS DESPESAS (B),253.28,3.84,23.78,3966.0,16.45,Total Outras Despesas (B),,2.198259208362353,556.7750922940168,8.441315360111435
Londrina,PR,2011,III - DESPESAS FINANCEIRAS,25 - Juros do Financiamento,33.66,0.51,3.16,3966.0,2.19,,Juros/Financiamento,2.198259208362353,73.99340495347678,1.1211121962648
Londrina,PR,2011,III - DESPESAS FINANCEIRAS,TOTAL DAS DESPESAS FINANCEIRAS (C),33.66,0.51,3.16,3966.0,2.19,Total Despesas Financeiras (C),,2.198259208362353,73.99340495347678,1.1211121962648
Londrina,PR,2011,III - DESPESAS FINANCEIRAS,CUSTO VARIÁVEL (A+B+C=D),1065.18,16.11,100.01,3966.0,69.16,Custo Variável (D),,2.198259208362353,2341.5417435634113,35.413955846717506
Londrina,PR,2011,IV - DEPRECIAÇÕES,26 - Depreciação de benfeitorias/instalações,40.6,0.61,3.81,3966.0,2.64,,Máquinas/Depreciação,2.198259208362353,89.24932385951153,1.3409381171010353
Londrina,PR,2011,IV - DEPRECIAÇÕES,27 - Depreciação de implementos,60.11,0.91,5.64,3966.0,3.9,,Máquinas/Depreciação,2.198259208362353,132.13736101466102,2.0004158796097413
Londrina,PR,2011,IV - DEPRECIAÇÕES,28 - Depreciação de Máquinas,17.12,0.26,1.61,3966.0,1.11,,Máquinas/Depreciação,2.198259208362353,37.63419764716348,0.5715473941742117
Londrina,PR,2011,IV - DEPRECIAÇÕES,TOTAL DE DEPRECIAÇÕES (E),117.83,1.78,11.06,3966.0,7.65,Total Depreciações (E),Máquinas/Depreciação,2.198259208362353,259.02088252133603,3.912901390884988
Londrina,PR,2011,V - OUTROS CUSTOS FIXOS,29 - Manutenção Periódica Benfeitorias/Instalações,24.45,0.37,2.3,3966.0,1.59,,,2.198259208362353,53.747437644459524,0.8133559070940706
Londrina,PR,2011,V - OUTROS CUSTOS FIXOS,30 - Encargos Sociais,0.19,0.0,0.02,3966.0,0.01,,,2.198259208362353,0.41766924958884705,0.0
Londrina,PR,2011,V - OUTROS CUSTOS FIXOS,31 - Seguro do capital fixo,3.84,0.06,0.36,3966.0,0.25,,Seguro,2.198259208362353,8.441315360111435,0.13189555250174118
Londrina,PR,2011,V - OUTROS CUSTOS FIXOS,TOTAL DE OUTROS CUSTOS FIXOS (F),28.48,0.43,2.68,3966.0,1.85,Total Outros Custos Fixos (F),,2.198259208362353,62.60642225415981,0.9452514595958117
Londrina,PR,2011,V - OUTROS CUSTOS FIXOS,CUSTO FIXO (E+F=G),146.31,2.21,13.74,3966.0,9.5,Custo Fixo (G),,2.198259208362353,321.6273047754959,4.8581528504808
Londrina,PR,2011,V - OUTROS CUSTOS FIXOS,CUSTO OPERACIONAL (D+G=H),1211.49,18.32,113.75,3966.0,78.66,Custo Operacional (H),,2.198259208362353,2663.169048338907,40.272108697198306
Londrina,PR,2011,VI - RENDA DE FATORES,32 - Remuneração esperada sobre o capital fixo,37.32,0.56,3.5,3966.0,2.42,,,2.198259208362353,82.039033656083,1.2310251566829178
Londrina,PR,2011,VI - RENDA DE FATORES,33 - Terra Própria,291.6,4.41,27.38,3966.0,18.93,,Terra,2.198259208362353,641.0123851584622,9.694323108877976
Londrina,PR,2011,VI - RENDA DE FATORES,34 - Arrendamento,0.0,0.0,0.0,3966.0,0.0,,Arrendamento,2.198259208362353,0.0,0.0
Londrina,PR,2011,VI - RENDA DE FATORES,TOTAL DE RENDA DE FATORES (I),328.92,4.97,30.88,3966.0,21.35,Total Renda de Fatores (I),,2.198259208362353,723.0514188145452,10.925348265560894
Londrina,PR,2011,VI - RENDA DE FATORES,CUSTO TOTAL (H+I=J),1540.41,23.29,144.63,3966.0,,Custo Total (J),,2.198259208362353,3386.2204671534523,51.1974569627592
Londrina,PR,2012,I - DESPESAS DE CUSTEIO DA LAVOURA,1 - Operações com Animais,0.0,0.0,0.0,,0.0,,,2.085563039932625,0.0,0.0
Londrina,PR,2012,I - DESPESAS DE CUSTEIO DA LAVOURA,2 - Operação com Avião,0.0,0.0,0.0,,0.0,,,2.085563039932625,0.0,0.0
Londrina,PR,2012,3 - Operação com máquinas:,3.1 - Tratores e Colheitadeiras,111.01,1.66,10.08,,7.06,,,2.085563039932625,231.51835306292068,3.462034646288157
Londrina,PR,2012,3 - Operação com máquinas:,3.2 - Conjunto de Irrigação,0.0,0.0,0.0,,0.0,,,2.085563039932625,0.0,0.0
Londrina,PR,2012,3 - Operação com máquinas:,4 - Aluguel de Máquinas,130.87,1.98,11.88,,8.32,,Máquinas/Depreciação,2.085563039932625,272.9376350359826,4.129414819066597
Londrina,PR,2012,3 - Operação com máquinas:,5 - Aluguel de Animais,0.0,0.0,0.0,,0.0,,,2.085563039932625,0.0,0.0
Londrina,PR,2012,3 - Operação com máquinas:,6 - Mão-de-obra,4.23,0.06,0.38,,0.27,,Mão de obra,2.085563039932625,8.821931658915004,0.1251337823959575
Londrina,PR,2012,3 - Operação com máquinas:,7 - Administrador,37.32,0.56,3.39,,2.37,,Administração,2.085563039932625,77.83321265028556,1.16791530236227
Londrina,PR,2012,3 - Operação com máquinas:,8 - Sementes,120.0,1.82,10.9,,7.63,,Sementes,2.085563039932625,250.267564791915,3.7957247326773773
Londrina,PR,2012,3 - Operação com máquinas:,8.1 - Royalties,0.0,0.0,0.0,,0.0,,,2.085563039932625,0.0,0.0
Londrina,PR,2012,3 - Operação com máquinas:,9 - Fertilizantes,254.18,3.85,23.08,,16.16,,Fertilizantes,2.085563039932625,530.1084134900746,8.029417703740606
Londrina,PR,2012,3 - Operação com máquinas:,10 - Agrotóxicos,135.44,2.05,12.3,,8.61,,Defensivos/Agrotóxicos,2.085563039932625,282.4686581284747,4.275404231861881
Londrina,PR,2012,3 - Operação com máquinas:,11 - Água,0.0,0.0,0.0,,0.0,,,2.085563039932625,0.0,0.0
Londrina,PR,2012,3 - Operação com máquinas:,12 - Receita,0.0,0.0,0.0,,0.0,,,2.085563039932625,0.0,0.0
Londrina,PR,2012,13 - Outros:,13.1 - Análise Foliar,0.0,0.0,0.0,,0.0,,,2.085563039932625,0.0,0.0
Londrina,PR,2012,13 - Outros:,13.2 - Embalagens/Utensílios,0.0,0.0,0.0,,0.0,,,2.085563039932625,0.0,0.0
Londrina,PR,2012,13 - Outros:,13.3 - Vernalização(Alho),0.0,0.0,0.0,,0.0,,,2.085563039932625,0.0,0.0
Londrina,PR,2012,13 - Outros:,13.4 - Análise de Solo,0.0,0.0,0.0,,0.0,,,2.085563039932625,0.0,0.0
Londrina,PR,2012,13 - Outros:,13.5 - Mudas,0.0,0.0,0.0,,0.0,,,2.085563039932625,0.0,0.0
Londrina,PR,2012,13 - Outros:,13.6 - Taxas Ambientais,0.0,0.0,0.0,,0.0,,,2.085563039932625,0.0,0.0
Londrina,PR,2012,13 - Outros:,13.7 - Demais Despesas,0.0,0.0,0.0,,0.0,,,2.085563039932625,0.0,0.0
Londrina,PR,2012,13 - Outros:,14 - Serviços Diversos,0.0,0.0,0.0,,0.0,,,2.085563039932625,0.0,0.0
Londrina,PR,2012,13 - Outros:,TOTAL DAS DESPESAS DE CUSTEIO DA LAVOURA (A),793.05,11.98,72.01,,50.42,Total Despesas de Custeio (A),,2.085563039932625,1653.955768818568,24.985045218392845
Londrina,PR,2012,II - OUTRAS DESPESAS,15 - Transporte Externo,71.39,1.08,6.48,,4.54,,Transporte,2.085563039932625,148.88834542079007,2.252408083127235
Londrina,PR,2012,16 - Despesas:,16.1 - Despesas Administrativas,23.79,0.36,2.16,,1.51,,Administração,2.085563039932625,49.61554471999714,0.7508026943757449
Londrina,PR,2012,16 - Despesas:,16.2 - Despesas de armazenagem,104.16,1.58,9.46,,6.62,,,2.085563039932625,217.2322462393822,3.2951896030935472
Londrina,PR,2012,16 - Despesas:,16.3 - Beneficiamento,0.0,0.0,0.0,,0.0,,,2.085563039932625,0.0,0.0
Londrina,PR,2012,16 - Despesas:,17 - Seguro da Produção,30.93,0.47,2.81,,1.97,,Seguro,2.085563039932625,64.50646482511608,0.9802146287683337
Londrina,PR,2012,16 - Despesas:,18 - Seguro do crédito,0.0,0.0,0.0,,0.0,,Seguro,2.085563039932625,0.0,0.0
Londrina,PR,2012,16 - Despesas:,19 - Assistência Técnica,15.86,0.24,1.44,,1.01,,,2.085563039932625,33.07702981333143,0.50053512958383
Londrina,PR,2012,16 - Despesas:,20 - Classificação,0.0,0.0,0.0,,0.0,,,2.085563039932625,0.0,0.0
Londrina,PR,2012,16 - Despesas:,21 - Outros Impostos/Taxas,0.0,0.0,0.0,,0.0,,,2.085563039932625,0.0,0.0
Londrina,PR,2012,16 - Despesas:,22 - CDO,0.0,0.0,0.0,,0.0,,,2.085563039932625,0.0,0.0
Londrina,PR,2012,16 - Despesas:,23 - CESSR,30.18,0.46,2.74,,1.92,,,2.085563039932625,62.942292545166616,0.9593589983690075
Londrina,PR,2012,16 - Despesas:,24 - FUNDECITRUS,0.0,0.0,0.0,,0.0,,,2.085563039932625,0.0,0.0
Londrina,PR,2012,16 - Despesas:,TOTAL DAS OUTRAS DESPESAS (B),276.31,4.19,25.09,,17.57,Total Outras Despesas (B),,2.085563039932625,576.2619235637835,8.738509137317699
Londrina,PR,2012,III - DESPESAS FINANCEIRAS,25 - Juros do Financiamento,31.83,0.48,2.89,,2.02,,Juros/Financiamento,2.085563039932625,66.38347156105544,1.00107025916766
Londrina,PR,2012,III - DESPESAS FINANCEIRAS,TOTAL DAS DESPESAS FINANCEIRAS (C),31.83,0.48,2.89,,2.02,Total Despesas Financeiras (C),,2.085563039932625,66.38347156105544,1.00107025916766
Londrina,PR,2012,III - DESPESAS FINANCEIRAS,CUSTO VARIÁVEL (A+B+C=D),1101.19,16.65,99.99,,70.01,Custo Variável (D),,2.085563039932625,2296.6011639434073,34.7246246148782
Londrina,PR,2012,IV - DEPRECIAÇÕES,26 - Depreciação de benfeitorias/instalações,41.94,0.63,3.81,,2.67,,Máquinas/Depreciação,2.085563039932625,87.46851389477428,1.3139047151575536
Londrina,PR,2012,IV - DEPRECIAÇÕES,27 - Depreciação de implementos,57.5,0.87,5.22,,3.66,,Máquinas/Depreciação,2.085563039932625,119.91987479612592,1.8144398447413836
Londrina,PR,2012,IV - DEPRECIAÇÕES,28 - Depreciação de Máquinas,17.28,0.26,1.57,,1.1,,Máquinas/Depreciação,2.085563039932625,36.03852933003576,0.5422463903824825
Londrina,PR,2012,IV - DEPRECIAÇÕES,TOTAL DE DEPRECIAÇÕES (E),116.72,1.76,10.6,,7.43,Total Depreciações (E),Máquinas/Depreciação,2.085563039932625,243.42691802093597,3.6705909502814196
Londrina,PR,2012,V - OUTROS CUSTOS FIXOS,"29 - Manutenção Periódica Benfeitorias/Instalações, Máquinas e Implementos",24.18,0.37,2.2,,1.54,,Máquinas/Depreciação,2.085563039932625,50.42891430557087,0.7716583247750711
Londrina,PR,2012,V - OUTROS CUSTOS FIXOS,30 - Encargos Sociais,0.22,0.0,0.02,,0.01,,,2.085563039932625,0.45882386878517745,0.0
Londrina,PR,2012,V - OUTROS CUSTOS FIXOS,31 - Seguro do capital fixo,3.76,0.06,0.34,,0.24,,Seguro,2.085563039932625,7.841717030146669,0.1251337823959575
Londrina,PR,2012,V - OUTROS CUSTOS FIXOS,TOTAL DE OUTROS CUSTOS FIXOS (F),28.16,0.43,2.56,,1.79,Total Outros Custos Fixos (F),,2.085563039932625,58.72945520450271,0.8967921071710286
Londrina,PR,2012,V - OUTROS CUSTOS FIXOS,CUSTO FIXO (E+F=G),144.88,2.19,13.16,,9.22,Custo Fixo (G),,2.085563039932625,302.1563732254387,4.5673830574524485
Londrina,PR,2012,V - OUTROS CUSTOS FIXOS,CUSTO OPERACIONAL (D+G=H),1246.07,18.84,113.15,,79.23,Custo Operacional (H),,2.085563039932625,2598.757537168846,39.29200767233065
Londrina,PR,2012,VI - RENDA DE FATORES,32 - Remuneração esperada sobre o capital fixo,36.44,0.55,3.31,,2.32,,,2.085563039932625,75.99791717514485,1.1470596719629438
Londrina,PR,2012,VI - RENDA DE FATORES,33 - Terra Própria,290.4,4.39,26.37,,18.46,,Terra,2.085563039932625,605.6475067964342,9.155621745304222
Londrina,PR,2012,VI - RENDA DE FATORES,34 - Arrendamento,0.0,0.0,0.0,,0.0,,Arrendamento,2.085563039932625,0.0,0.0
Londrina,PR,2012,VI - RENDA DE FATORES,TOTAL DE RENDA DE FATORES (I),326.84,4.94,29.68,,20.78,Total Renda de Fatores (I),,2.085563039932625,681.645423971579,10.302681417267168
Londrina,PR,2012,VI - RENDA DE FATORES,CUSTO TOTAL (H+I=J),1572.91,23.78,142.83,,,Custo Total (J),,2.085563039932625,3280.402961140425,49.59468908959782
Londrina,PR,2013,I - DESPESAS DE CUSTEIO DA LAVOURA,1 - Operação com animal,0.0,0.0,0.0,,0.0,,,1.9637289905416229,0.0,0.0
Londrina,PR,2013,I - DESPESAS DE CUSTEIO DA LAVOURA,2 - Operação com Avião,0.0,0.0,0.0,,0.0,,,1.9637289905416229,0.0,0.0
Londrina,PR,2013,3 - Operação com máquinas:,3.1 - Tratores e Colheitadeiras,102.41,1.54,8.18,,6.24,,,1.9637289905416229,201.1054859213676,3.0241426454340994
Londrina,PR,2013,3 - Operação com máquinas:,3.2 - Conjunto de Irrigação,0.0,0.0,0.0,,0.0,,,1.9637289905416229,0.0,0.0
Londrina,PR,2013,3 - Operação com máquinas:,4 - Aluguel de Máquinas,128.85,1.95,10.3,,7.85,,Máquinas/Depreciação,1.9637289905416229,253.0264804312881,3.8292715315561643
Londrina,PR,2013,3 - Operação com máquinas:,5 - Aluguel de Animais,0.0,0.0,0.0,,0.0,,,1.9637289905416229,0.0,0.0
Londrina,PR,2013,3 - Operação com máquinas:,6 - Mão-de-obra,4.38,0.07,0.35,,0.27,,Mão de obra,1.9637289905416229,8.601132978572307,0.13746102933791363
Londrina,PR,2013,3 - Operação com máquinas:,7 - Administrador,162.72,2.48,13.0,,9.91,,Administração,1.9637289905416229,319.53798134093284,4.870047896543225
Londrina,PR,2013,3 - Operação com máquinas:,8 - Sementes,125.51,1.9,10.03,,7.65,,Sementes,1.9637289905416229,246.46762560287908,3.7310850820290833
Londrina,PR,2013,3 - Operação com máquinas:,8.1 - Royalties,0.0,0.0,0.0,,0.0,,,1.9637289905416229,0.0,0.0
Londrina,PR,2013,3 - Operação com máquinas:,9 - Fertilizantes,244.52,3.7,19.54,,14.9,,Fertilizantes,1.9637289905416229,480.17101276723764,7.265797265004005
Londrina,PR,2013,3 - Operação com máquinas:,10 - Agrotóxicos,159.25,2.41,12.73,,9.7,,Defensivos/Agrotóxicos,1.9637289905416229,312.72384174375344,4.7325868672053115
Londrina,PR,2013,3 - Operação com máquinas:,11 - Água,0.0,0.0,0.0,,0.0,,,1.9637289905416229,0.0,0.0
Londrina,PR,2013,3 - Operação com máquinas:,12 - Receita,0.0,0.0,0.0,,0.0,,,1.9637289905416229,0.0,0.0
Londrina,PR,2013,13 - Outros:,13.1 - Análise Foliar,0.0,0.0,0.0,,0.0,,,1.9637289905416229,0.0,0.0
Londrina,PR,2013,13 - Outros:,13.2 - Embalagens/Utensílios,0.0,0.0,0.0,,0.0,,,1.9637289905416229,0.0,0.0
Londrina,PR,2013,13 - Outros:,13.3 - Vernalização(Alho),0.0,0.0,0.0,,0.0,,,1.9637289905416229,0.0,0.0
Londrina,PR,2013,13 - Outros:,13.4 - Análise de Solo,0.0,0.0,0.0,,0.0,,,1.9637289905416229,0.0,0.0
Londrina,PR,2013,13 - Outros:,13.5 - Mudas,0.0,0.0,0.0,,0.0,,,1.9637289905416229,0.0,0.0
Londrina,PR,2013,13 - Outros:,13.6 - Taxas Ambientais,0.0,0.0,0.0,,0.0,,,1.9637289905416229,0.0,0.0
Londrina,PR,2013,13 - Outros:,13.7 - Demais Despesas,0.0,0.0,0.0,,0.0,,,1.9637289905416229,0.0,0.0
Londrina,PR,2013,13 - Outros:,13.8 - Implementos Manuais,0.0,0.0,0.0,,0.0,,Máquinas/Depreciação,1.9637289905416229,0.0,0.0
Londrina,PR,2013,13 - Outros:,14 - Serviços Diversos,0.0,0.0,0.0,,0.0,,,1.9637289905416229,0.0,0.0
Londrina,PR,2013,13 - Outros:,TOTAL DAS DESPESAS DE CUSTEIO DA LAVOURA (A),927.64,14.05,74.13,,56.52,Total Despesas de Custeio (A),,1.9637289905416229,1821.633560786031,27.590392317109803
Londrina,PR,2013,II - OUTRAS DESPESAS,15 - Transporte Externo,79.32,1.2,6.34,,4.83,,Transporte,1.9637289905416229,155.7629835297615,2.3564747886499475
Londrina,PR,2013,16 - Despesas:,16.1 - Despesas Administrativas,27.83,0.42,2.22,,1.7,,Administração,1.9637289905416229,54.65057780677336,0.8247661760274816
Londrina,PR,2013,16 - Despesas:,16.2 - Despesas de armazenagem,103.99,1.57,8.31,,6.34,,,1.9637289905416229,204.20817772642334,3.083054515150348
Londrina,PR,2013,16 - Despesas:,16.3 - Beneficiamento,0.0,0.0,0.0,,0.0,,,1.9637289905416229,0.0,0.0
Londrina,PR,2013,16 - Despesas:,17 - Seguro da Produção,36.18,0.55,2.89,,2.2,,Seguro,1.9637289905416229,71.04771487779591,1.0800509447978928
Londrina,PR,2013,16 - Despesas:,18 - Seguro do crédito,0.0,0.0,0.0,,0.0,,Seguro,1.9637289905416229,0.0,0.0
Londrina,PR,2013,16 - Despesas:,19 - Assistência Técnica,18.55,0.28,1.48,,1.13,,,1.9637289905416229,36.4271727745471,0.5498441173516545
Londrina,PR,2013,16 - Despesas:,20 - Classificação,0.0,0.0,0.0,,0.0,,,1.9637289905416229,0.0,0.0
Londrina,PR,2013,16 - Despesas:,21 - Outros Impostos/Taxas,0.0,0.0,0.0,,0.0,,,1.9637289905416229,0.0,0.0
Londrina,PR,2013,16 - Despesas:,22 - CDO,0.0,0.0,0.0,,0.0,,,1.9637289905416229,0.0,0.0
Londrina,PR,2013,16 - Despesas:,23 - CESSR,28.88,0.44,2.31,,1.76,,,1.9637289905416229,56.712493246842065,0.8640407558383141
Londrina,PR,2013,16 - Despesas:,24 - FUNDECITRUS,0.0,0.0,0.0,,0.0,,,1.9637289905416229,0.0,0.0
Londrina,PR,2013,16 - Despesas:,TOTAL DAS OUTRAS DESPESAS (B),294.75,4.46,23.55,,17.96,Total Outras Despesas (B),,1.9637289905416229,578.8091199621433,8.758231297815637
Londrina,PR,2013,III - DESPESAS FINANCEIRAS,25 - Juros do Financiamento,28.97,0.43,2.32,,1.76,,Juros/Financiamento,1.9637289905416229,56.889228855990815,0.8444034659328978
Londrina,PR,2013,III - DESPESAS FINANCEIRAS,TOTAL DAS DESPESAS FINANCEIRAS (C),28.97,0.43,2.32,,1.76,Total Despesas Financeiras (C),,1.9637289905416229,56.889228855990815,0.8444034659328978
Londrina,PR,2013,III - DESPESAS FINANCEIRAS,CUSTO VARIÁVEL (A+B+C=D),1251.36,18.94,100.0,,76.24,Custo Variável (D),,1.9637289905416229,2457.331909604165,37.19302708085834
Londrina,PR,2013,IV - DEPRECIAÇÕES,26 - Depreciação de benfeitorias/instalações,51.08,0.77,4.08,,3.11,,Máquinas/Depreciação,1.9637289905416229,100.3072768368661,1.5120713227170497
Londrina,PR,2013,IV - DEPRECIAÇÕES,27 - Depreciação de implementos,65.36,0.99,5.22,,3.98,,Máquinas/Depreciação,1.9637289905416229,128.34932682180047,1.9440917006362066
Londrina,PR,2013,IV - DEPRECIAÇÕES,28 - Depreciação de Máquinas,16.43,0.25,1.31,,1.0,,Máquinas/Depreciação,1.9637289905416229,32.26406731459886,0.4909322476354057
Londrina,PR,2013,IV - DEPRECIAÇÕES,TOTAL DE DEPRECIAÇÕES (E),132.87,2.01,10.61,,8.09,Total Depreciações (E),Máquinas/Depreciação,1.9637289905416229,260.92067097326543,3.9470952709886618
Londrina,PR,2013,V - OUTROS CUSTOS FIXOS,29 - Manutenção Periódica Benfeitorias/Instalações,23.5,0.36,1.88,,1.43,,,1.9637289905416229,46.14763127772814,0.7069424365949842
Londrina,PR,2013,V - OUTROS CUSTOS FIXOS,30 - Encargos Sociais,74.18,1.12,5.93,,4.52,,,1.9637289905416229,145.6694165183776,2.199376469406618
Londrina,PR,2013,V - OUTROS CUSTOS FIXOS,31 - Seguro do capital fixo,3.83,0.06,0.31,,0.23,,Seguro,1.9637289905416229,7.521082033774416,0.11782373943249737
Londrina,PR,2013,V - OUTROS CUSTOS FIXOS,TOTAL DE OUTROS CUSTOS FIXOS (F),101.51,1.54,8.12,,6.18,Total Outros Custos Fixos (F),,1.9637289905416229,199.33812982988016,3.0241426454340994
Londrina,PR,2013,V - OUTROS CUSTOS FIXOS,CUSTO FIXO (E+F=G),234.38,3.55,18.73,,14.27,Custo Fixo (G),,1.9637289905416229,460.25880080314556,6.971237916422761
Londrina,PR,2013,V - OUTROS CUSTOS FIXOS,CUSTO OPERACIONAL (D+G=H),1485.74,22.49,118.73,,90.51,Custo Operacional (H),,1.9637289905416229,2917.590710407311,44.164264997281094
Londrina,PR,2013,VI - RENDA DE FATORES,32 - Remuneração esperada sobre o capital fixo,31.65,0.48,2.53,,1.93,,,1.9637289905416229,62.152022550642364,0.9425899154599789
Londrina,PR,2013,VI - RENDA DE FATORES,33 - Terra Própria,124.0,1.88,9.91,,7.55,,Terra,1.9637289905416229,243.50239482716123,3.691810502218251
Londrina,PR,2013,VI - RENDA DE FATORES,34 - Arrendamento,0.0,0.0,0.0,,0.0,,Arrendamento,1.9637289905416229,0.0,0.0
Londrina,PR,2013,VI - RENDA DE FATORES,TOTAL DE RENDA DE FATORES (I),155.65,2.36,12.44,,9.48,Total Renda de Fatores (I),,1.9637289905416229,305.6544173778036,4.63440041767823
Londrina,PR,2013,VI - RENDA DE FATORES,CUSTO TOTAL (H+I=J),1641.39,24.85,131.17,,,Custo Total (J),,1.9637289905416229,3223.2451277851146,48.79866541495933
Londrina,PR,2014,I - DESPESAS DE CUSTEIO DA LAVOURA,1 - Operação com animal,0.0,0.0,0.0,,0.0,,,1.846839121244845,0.0,0.0
Londrina,PR,2014,I - DESPESAS DE CUSTEIO DA LAVOURA,2 - Operação com Avião,0.0,0.0,0.0,,0.0,,,1.846839121244845,0.0,0.0
Londrina,PR,2014,3 - Operação com máquinas:,3.1 - Tratores e Colheitadeiras,108.77,1.65,8.32,,6.29,,,1.846839121244845,200.88069121780177,3.047284550053994
Londrina,PR,2014,3 - Operação com máquinas:,3.2 - Conjunto de Irrigação,0.0,0.0,0.0,,0.0,,,1.846839121244845,0.0,0.0
Londrina,PR,2014,3 - Operação com máquinas:,4 - Aluguel de Máquinas,152.79,2.31,11.69,,8.84,,Máquinas/Depreciação,1.846839121244845,282.17854933499984,4.266198370075592
Londrina,PR,2014,3 - Operação com máquinas:,5 - Aluguel de Animais,0.0,0.0,0.0,,0.0,,,1.846839121244845,0.0,0.0
Londrina,PR,2014,3 - Operação com máquinas:,6 - Mão-de-obra,4.38,0.07,0.34,,0.25,,Mão de obra,1.846839121244845,8.08915535105242,0.12927873848713917
Londrina,PR,2014,3 - Operação com máquinas:,7 - Administrador,162.72,2.48,12.45,,9.41,,Administração,1.846839121244845,300.5176618089612,4.580161020687216
Londrina,PR,2014,3 - Operação com máquinas:,8 - Sementes,145.5,2.2,11.13,,8.42,,Sementes,1.846839121244845,268.71509214112496,4.063046066738659
Londrina,PR,2014,3 - Operação com máquinas:,8.1 - Royalties,0.0,0.0,0.0,,0.0,,,1.846839121244845,0.0,0.0
Londrina,PR,2014,3 - Operação com máquinas:,9 - Fertilizantes,232.61,3.52,17.8,,13.46,,Fertilizantes,1.846839121244845,429.5932479927634,6.500873706781854
Londrina,PR,2014,3 - Operação com máquinas:,10 - Agrotóxicos,164.43,2.49,12.58,,9.51,,Defensivos/Agrotóxicos,1.846839121244845,303.67575670628986,4.5986294118996645
Londrina,PR,2014,3 - Operação com máquinas:,11 - Água,0.0,0.0,0.0,,0.0,,,1.846839121244845,0.0,0.0
Londrina,PR,2014,3 - Operação com máquinas:,12 - Receita,0.0,0.0,0.0,,0.0,,,1.846839121244845,0.0,0.0
Londrina,PR,2014,13 - Outros:,13.1 - Análise Foliar,0.0,0.0,0.0,,0.0,,,1.846839121244845,0.0,0.0
Londrina,PR,2014,13 - Outros:,13.2 - Embalagens/Utensílios,0.0,0.0,0.0,,0.0,,,1.846839121244845,0.0,0.0
Londrina,PR,2014,13 - Outros:,13.3 - Vernalização(Alho),0.0,0.0,0.0,,0.0,,,1.846839121244845,0.0,0.0
Londrina,PR,2014,13 - Outros:,13.4 - Análise de Solo,0.0,0.0,0.0,,0.0,,,1.846839121244845,0.0,0.0
Londrina,PR,2014,13 - Outros:,13.5 - Mudas,0.0,0.0,0.0,,0.0,,,1.846839121244845,0.0,0.0
Londrina,PR,2014,13 - Outros:,13.6 - Taxas Ambientais,0.0,0.0,0.0,,0.0,,,1.846839121244845,0.0,0.0
Londrina,PR,2014,13 - Outros:,13.7 - Demais Despesas,0.0,0.0,0.0,,0.0,,,1.846839121244845,0.0,0.0
Londrina,PR,2014,13 - Outros:,13.8 - Implementos Manuais,0.0,0.0,0.0,,0.0,,Máquinas/Depreciação,1.846839121244845,0.0,0.0
Londrina,PR,2014,13 - Outros:,14 - Serviços Diversos,0.0,0.0,0.0,,0.0,,,1.846839121244845,0.0,0.0
Londrina,PR,2014,13 - Outros:,TOTAL DAS DESPESAS DE CUSTEIO DA LAVOURA (A),971.2,14.72,74.31,,56.18,Total Despesas de Custeio (A),,1.846839121244845,1793.6501545529934,27.185471864724118
Londrina,PR,2014,II - OUTRAS DESPESAS,15 - Transporte Externo,79.32,1.2,6.07,,4.59,,Transporte,1.846839121244845,146.4912790971411,2.216206945493814
Londrina,PR,2014,16 - Despesas:,16.1 - Despesas Administrativas,29.14,0.44,2.23,,1.69,,Administração,1.846839121244845,53.81689199307478,0.8126092133477317
Londrina,PR,2014,16 - Despesas:,16.2 - Despesas de armazenagem,104.81,1.59,8.02,,6.06,,,1.846839121244845,193.5672082976722,2.9364742027793036
Londrina,PR,2014,16 - Despesas:,16.3 - Beneficiamento,0.0,0.0,0.0,,0.0,,,1.846839121244845,0.0,0.0
Londrina,PR,2014,16 - Despesas:,17 - Seguro da Produção,37.88,0.57,2.9,,2.19,,Seguro,1.846839121244845,69.95826591275473,1.0526982991095615
Londrina,PR,2014,16 - Despesas:,18 - Seguro do crédito,0.0,0.0,0.0,,0.0,,Seguro,1.846839121244845,0.0,0.0
Londrina,PR,2014,16 - Despesas:,19 - Assistência Técnica,19.42,0.29,1.49,,1.12,,,1.846839121244845,35.865615734574895,0.535583345161005
Londrina,PR,2014,16 - Despesas:,20 - Classificação,0.0,0.0,0.0,,0.0,,,1.846839121244845,0.0,0.0
Londrina,PR,2014,16 - Despesas:,21 - Outros Impostos/Taxas,0.0,0.0,0.0,,0.0,,,1.846839121244845,0.0,0.0
Londrina,PR,2014,16 - Despesas:,22 - CDO,0.0,0.0,0.0,,0.0,,,1.846839121244845,0.0,0.0
Londrina,PR,2014,16 - Despesas:,23 - CESSR,35.19,0.53,2.69,,2.04,,,1.846839121244845,64.99026867660609,0.9788247342597679
Londrina,PR,2014,16 - Despesas:,24 - FUNDECITRUS,0.0,0.0,0.0,,0.0,,,1.846839121244845,0.0,0.0
Londrina,PR,2014,16 - Despesas:,TOTAL DAS OUTRAS DESPESAS (B),305.76,4.62,23.4,,17.69,Total Outras Despesas (B),,1.846839121244845,564.6895297118238,8.532396740151183
Londrina,PR,2014,III - DESPESAS FINANCEIRAS,25 - Juros do Financiamento,29.97,0.45,2.29,,1.73,,Juros/Financiamento,1.846839121244845,55.349768463708,0.8310776045601802
Londrina,PR,2014,III - DESPESAS FINANCEIRAS,TOTAL DAS DESPESAS FINANCEIRAS (C),29.97,0.45,2.29,,1.73,Total Despesas Financeiras (C),,1.846839121244845,55.349768463708,0.8310776045601802
Londrina,PR,2014,III - DESPESAS FINANCEIRAS,CUSTO VARIÁVEL (A+B+C=D),1306.93,19.79,100.0,,75.6,Custo Variável (D),,1.846839121244845,2413.6894527285253,36.54894620943548
Londrina,PR,2014,IV - DEPRECIAÇÕES,26 - Depreciação de benfeitorias/instalações,55.5,0.84,4.25,,3.21,,Máquinas/Depreciação,1.846839121244845,102.4995712290889,1.5513448618456698
Londrina,PR,2014,IV - DEPRECIAÇÕES,27 - Depreciação de implementos,74.16,1.12,5.67,,4.29,,Máquinas/Depreciação,1.846839121244845,136.9615892315177,2.0684598157942267
Londrina,PR,2014,IV - DEPRECIAÇÕES,28 - Depreciação de Máquinas,18.33,0.28,1.4,,1.06,,Máquinas/Depreciação,1.846839121244845,33.85256109241801,0.5171149539485567
Londrina,PR,2014,IV - DEPRECIAÇÕES,TOTAL DE DEPRECIAÇÕES (E),147.99,2.24,11.32,,8.56,Total Depreciações (E),Máquinas/Depreciação,1.846839121244845,273.3137215530246,4.136919631588453
Londrina,PR,2014,V - OUTROS CUSTOS FIXOS,29 - Manutenção Periódica Benfeitorias/Instalações,25.42,0.38,1.95,,1.47,,,1.846839121244845,46.94665046204396,0.7017988660730411
Londrina,PR,2014,V - OUTROS CUSTOS FIXOS,30 - Encargos Sociais,74.18,1.12,5.68,,4.29,,,1.846839121244845,136.9985260139426,2.0684598157942267
Londrina,PR,2014,V - OUTROS CUSTOS FIXOS,31 - Seguro do capital fixo,4.36,0.07,0.33,,0.25,,Seguro,1.846839121244845,8.052218568627525,0.12927873848713917
Londrina,PR,2014,V - OUTROS CUSTOS FIXOS,TOTAL DE OUTROS CUSTOS FIXOS (F),103.96,1.57,7.96,,6.01,Total Outros Custos Fixos (F),,1.846839121244845,191.99739504461408,2.899537420354407
Londrina,PR,2014,V - OUTROS CUSTOS FIXOS,CUSTO FIXO (E+F=G),251.95,3.81,19.28,,14.57,Custo Fixo (G),,1.846839121244845,465.31111659763866,7.036457051942859
Londrina,PR,2014,V - OUTROS CUSTOS FIXOS,CUSTO OPERACIONAL (D+G=H),1558.88,23.6,119.28,,90.17,Custo Operacional (H),,1.846839121244845,2879.000569326164,43.585403261378346
Londrina,PR,2014,VI - RENDA DE FATORES,32 - Remuneração esperada sobre o capital fixo,38.26,0.58,2.93,,2.21,,,1.846839121244845,70.66006477882776,1.07116669032201
Londrina,PR,2014,VI - RENDA DE FATORES,33 - Terra Própria,131.6,1.99,10.07,,7.61,,Terra,1.846839121244845,243.04402835582158,3.6752098512772413
Londrina,PR,2014,VI - RENDA DE FATORES,34 - Arrendamento,0.0,0.0,0.0,,0.0,,Arrendamento,1.846839121244845,0.0,0.0
Londrina,PR,2014,VI - RENDA DE FATORES,TOTAL DE RENDA DE FATORES (I),169.86,2.57,13.0,,9.82,Total Renda de Fatores (I),,1.846839121244845,313.7040931346494,4.746376541599251
Londrina,PR,2014,VI - RENDA DE FATORES,CUSTO TOTAL (H+I=J),1728.74,26.17,132.28,,,Custo Total (J),,1.846839121244845,3192.7046624608133,48.33177980297759
Londrina,PR,2015,I - DESPESAS DE CUSTEIO DA LAVOURA,1 - Operação com animal,0.0,0.0,0.0,5200.0,0.0,,,1.6938792787919235,0.0,0.0
Londrina,PR,2015,I - DESPESAS DE CUSTEIO DA LAVOURA,2 - Operação com Avião,0.0,0.0,0.0,5200.0,0.0,,,1.6938792787919235,0.0,0.0
Londrina,PR,2015,3 - Operação com máquinas:,3.1 - Tratores e Colheitadeiras,201.81,2.3,11.47,5200.0,7.76,,,1.6938792787919235,341.8417772529981,3.8959223412214237
Londrina,PR,2015,3 - Operação com máquinas:,3.2 - Conjunto de Irrigação,0.0,0.0,0.0,5200.0,0.0,,,1.6938792787919235,0.0,0.0
Londrina,PR,2015,3 - Operação com máquinas:,4 - Aluguel de Máquinas,0.0,0.0,0.0,5200.0,0.0,,Máquinas/Depreciação,1.6938792787919235,0.0,0.0
Londrina,PR,2015,3 - Operação com máquinas:,5 - Aluguel de Animais,0.0,0.0,0.0,5200.0,0.0,,,1.6938792787919235,0.0,0.0
Londrina,PR,2015,3 - Operação com máquinas:,6 - Mão-de-obra,54.05,0.61,3.07,5200.0,2.08,,Mão de obra,1.6938792787919235,91.55417501870346,1.0332663600630734
Londrina,PR,2015,3 - Operação com máquinas:,7 - Administrador,93.8,1.08,5.33,5200.0,3.61,,Administração,1.6938792787919235,158.88587635068242,1.8293896210952774
Londrina,PR,2015,3 - Operação com máquinas:,8 - Sementes,378.55,4.37,21.51,5200.0,14.56,,Sementes,1.6938792787919235,641.2180009866827,7.402252448320706
Londrina,PR,2015,3 - Operação com máquinas:,8.1 - Royalties,0.0,0.0,0.0,5200.0,0.0,,,1.6938792787919235,0.0,0.0
Londrina,PR,2015,3 - Operação com máquinas:,9 - Fertilizantes,386.46,4.46,21.96,5200.0,14.87,,Fertilizantes,1.6938792787919235,654.6165860819267,7.554701583411979
Londrina,PR,2015,3 - Operação com máquinas:,10 - Agrotóxicos,262.14,3.04,14.89,5200.0,10.09,,Defensivos/Agrotóxicos,1.6938792787919235,444.0335141425148,5.149393007527447
Londrina,PR,2015,3 - Operação com máquinas:,11 - Água,0.0,0.0,0.0,5200.0,0.0,,,1.6938792787919235,0.0,0.0
Londrina,PR,2015,3 - Operação com máquinas:,12 - Receita,0.0,0.0,0.0,5200.0,0.0,,,1.6938792787919235,0.0,0.0
Londrina,PR,2015,13 - Outros:,13.1 - Análise Foliar,0.0,0.0,0.0,5200.0,0.0,,,1.6938792787919235,0.0,0.0
Londrina,PR,2015,13 - Outros:,13.2 - Embalagens/Utensílios,0.0,0.0,0.0,5200.0,0.0,,,1.6938792787919235,0.0,0.0
Londrina,PR,2015,13 - Outros:,13.3 - Vernalização(Alho),0.0,0.0,0.0,5200.0,0.0,,,1.6938792787919235,0.0,0.0
Londrina,PR,2015,13 - Outros:,13.4 - Análise de Solo,0.0,0.0,0.0,5200.0,0.0,,,1.6938792787919235,0.0,0.0
Londrina,PR,2015,13 - Outros:,13.5 - Mudas,0.0,0.0,0.0,5200.0,0.0,,,1.6938792787919235,0.0,0.0
Londrina,PR,2015,13 - Outros:,13.6 - Taxas Ambientais,0.0,0.0,0.0,5200.0,0.0,,,1.6938792787919235,0.0,0.0
Londrina,PR,2015,13 - Outros:,13.7 - Demais Despesas,0.0,0.0,0.0,5200.0,0.0,,,1.6938792787919235,0.0,0.0
Londrina,PR,2015,13 - Outros:,13.8 - Implementos Manuais,0.0,0.0,0.0,5200.0,0.0,,Máquinas/Depreciação,1.6938792787919235,0.0,0.0
Londrina,PR,2015,13 - Outros:,14 - Serviços Diversos,0.0,0.0,0.0,5200.0,0.0,,,1.6938792787919235,0.0,0.0
Londrina,PR,2015,13 - Outros:,TOTAL DAS DESPESAS DE CUSTEIO DA LAVOURA (A),1376.81,15.86,78.23,5200.0,52.97,Total Despesas de Custeio (A),,1.6938792787919235,2332.149929833508,26.864925361639905
Londrina,PR,2015,II - OUTRAS DESPESAS,15 - Transporte Externo,140.4,1.62,7.98,5200.0,5.4,,Transporte,1.6938792787919235,237.82065074238605,2.744084431642916
Londrina,PR,2015,16 - Despesas:,16.1 - Despesas Administrativas,41.3,0.48,2.35,5200.0,1.59,,Administração,1.6938792787919235,69.95721421410643,0.8130620538201232
Londrina,PR,2015,16 - Despesas:,16.2 - Despesas de armazenagem,106.5,1.23,6.05,5200.0,4.1,,,1.6938792787919235,180.39814319133984,2.0834715129140657
Londrina,PR,2015,16 - Despesas:,16.3 - Beneficiamento,0.0,0.0,0.0,5200.0,0.0,,,1.6938792787919235,0.0,0.0
Londrina,PR,2015,16 - Despesas:,17 - Seguro da Produção,0.0,0.0,0.0,5200.0,0.0,,Seguro,1.6938792787919235,0.0,0.0
Londrina,PR,2015,16 - Despesas:,18 - Seguro do crédito,0.0,0.0,0.0,5200.0,0.0,,Seguro,1.6938792787919235,0.0,0.0
Londrina,PR,2015,16 - Despesas:,19 - Assistência Técnica,0.0,0.0,0.0,5200.0,0.0,,,1.6938792787919235,0.0,0.0
Londrina,PR,2015,16 - Despesas:,20 - Classificação,0.0,0.0,0.0,5200.0,0.0,,,1.6938792787919235,0.0,0.0
Londrina,PR,2015,16 - Despesas:,21 - Outros Impostos/Taxas,0.0,0.0,0.0,5200.0,0.0,,,1.6938792787919235,0.0,0.0
Londrina,PR,2015,16 - Despesas:,22 - CDO,0.0,0.0,0.0,5200.0,0.0,,,1.6938792787919235,0.0,0.0
Londrina,PR,2015,16 - Despesas:,23 - CESSR,37.47,0.43,2.13,5200.0,1.44,,,1.6938792787919235,63.46965657633337,0.728368089880527
Londrina,PR,2015,16 - Despesas:,24 - FUNDECITRUS,0.0,0.0,0.0,5200.0,0.0,,,1.6938792787919235,0.0,0.0
Londrina,PR,2015,16 - Despesas:,TOTAL DAS OUTRAS DESPESAS (B),325.67,3.76,18.51,5200.0,12.53,Total Outras Despesas (B),,1.6938792787919235,551.6456647241657,6.368986088257632
Londrina,PR,2015,III - DESPESAS FINANCEIRAS,25 - Juros do Financiamento,57.6,0.66,3.27,5200.0,2.22,,Juros/Financiamento,1.6938792787919235,97.56744645841479,1.1179603240026694
Londrina,PR,2015,III - DESPESAS FINANCEIRAS,TOTAL DAS DESPESAS FINANCEIRAS (C),57.6,0.66,3.27,5200.0,2.22,Total Despesas Financeiras (C),,1.6938792787919235,97.56744645841479,1.1179603240026694
Londrina,PR,2015,III - DESPESAS FINANCEIRAS,CUSTO VARIÁVEL (A+B+C=D),1760.08,20.28,100.01,5200.0,67.72,Custo Variável (D),,1.6938792787919235,2981.3630410160886,34.35187177390021
Londrina,PR,2015,IV - DEPRECIAÇÕES,26 - Depreciação de benfeitorias/instalações,3.96,0.05,0.22,5200.0,0.15,,Máquinas/Depreciação,1.6938792787919235,6.707761944016017,0.08469396393959618
Londrina,PR,2015,IV - DEPRECIAÇÕES,27 - Depreciação de implementos,100.81,1.16,5.73,5200.0,3.88,,Máquinas/Depreciação,1.6938792787919235,170.7599700950138,1.964899963398631
Londrina,PR,2015,IV - DEPRECIAÇÕES,28 - Depreciação de Máquinas,53.32,0.62,3.03,5200.0,2.05,,Máquinas/Depreciação,1.6938792787919235,90.31764314518536,1.0502051528509926
Londrina,PR,2015,IV - DEPRECIAÇÕES,TOTAL DE DEPRECIAÇÕES (E),158.09,1.83,8.98,5200.0,6.08,Total Depreciações (E),Máquinas/Depreciação,1.6938792787919235,267.7853751842152,3.09979908018922
Londrina,PR,2015,V - OUTROS CUSTOS FIXOS,29 - Manutenção Periódica Benfeitorias/Instalações,21.24,0.25,1.21,5200.0,0.82,,,1.6938792787919235,35.97799588154045,0.42346981969798086
Londrina,PR,2015,V - OUTROS CUSTOS FIXOS,30 - Encargos Sociais,42.76,0.49,2.43,5200.0,1.65,,,1.6938792787919235,72.43027796114265,0.8300008466080425
Londrina,PR,2015,V - OUTROS CUSTOS FIXOS,31 - Seguro do capital fixo,7.88,0.09,0.45,5200.0,0.3,,Seguro,1.6938792787919235,13.347768716880356,0.1524491350912731
Londrina,PR,2015,V - OUTROS CUSTOS FIXOS,TOTAL DE OUTROS CUSTOS FIXOS (F),71.88,0.83,4.09,5200.0,2.77,Total Outros Custos Fixos (F),,1.6938792787919235,121.75604255956345,1.4059198013972964
Londrina,PR,2015,V - OUTROS CUSTOS FIXOS,CUSTO FIXO (E+F=G),229.97,2.66,13.07,5200.0,8.85,Custo Fixo (G),,1.6938792787919235,389.54141774377865,4.505718881586517
Londrina,PR,2015,V - OUTROS CUSTOS FIXOS,CUSTO OPERACIONAL (D+G=H),1990.05,22.94,113.08,5200.0,76.57,Custo Operacional (H),,1.6938792787919235,3370.9044587598673,38.857590655486725
Londrina,PR,2015,VI - RENDA DE FATORES,32 - Remuneração esperada sobre o capital fixo,76.2,0.88,4.33,5200.0,2.93,,,1.6938792787919235,129.07360104394456,1.4906137653368927
Londrina,PR,2015,VI - RENDA DE FATORES,33 - Terra Própria,532.88,6.15,30.28,5200.0,20.5,,Terra,1.6938792787919235,902.6343900826402,10.41735756457033
Londrina,PR,2015,VI - RENDA DE FATORES,34 - Arrendamento,0.0,0.0,0.0,5200.0,0.0,,Arrendamento,1.6938792787919235,0.0,0.0
Londrina,PR,2015,VI - RENDA DE FATORES,TOTAL DE RENDA DE FATORES (I),609.08,7.03,34.61,5200.0,23.43,Total Renda de Fatores (I),,1.6938792787919235,1031.7079911265848,11.907971329907223
Londrina,PR,2015,VI - RENDA DE FATORES,CUSTO TOTAL (H+I=J),2599.13,29.97,147.69,5200.0,,Custo Total (J),,1.6938792787919235,4402.612449886452,50.765561985393944
Londrina,PR,2016,I - DESPESAS DE CUSTEIO DA LAVOURA,1 - Operação com animal,0.0,0.0,0.0,5200.0,0.0,,,1.5577398161699365,0.0,0.0
Londrina,PR,2016,I - DESPESAS DE CUSTEIO DA LAVOURA,2 - Operação com Avião,0.0,0.0,0.0,5200.0,0.0,,,1.5577398161699365,0.0,0.0
Londrina,PR,2016,3 - Operação com máquinas:,3.1 - Tratores e Colheitadeiras,210.13,2.41,11.26,5200.0,7.48,,,1.5577398161699365,327.3278675717888,3.754152956969547
Londrina,PR,2016,3 - Operação com máquinas:,3.2 - Conjunto de Irrigação,0.0,0.0,0.0,5200.0,0.0,,,1.5577398161699365,0.0,0.0
Londrina,PR,2016,3 - Operação com máquinas:,4 - Aluguel de Máquinas,0.0,0.0,0.0,5200.0,0.0,,Máquinas/Depreciação,1.5577398161699365,0.0,0.0
Londrina,PR,2016,3 - Operação com máquinas:,5 - Aluguel de Animais,0.0,0.0,0.0,5200.0,0.0,,,1.5577398161699365,0.0,0.0
Londrina,PR,2016,3 - Operação com máquinas:,6 - Mão-de-obra,54.05,0.61,2.9,5200.0,1.92,,Mão de obra,1.5577398161699365,84.19583706398507,0.9502212878636612
Londrina,PR,2016,3 - Operação com máquinas:,7 - Administrador,93.8,1.08,5.03,5200.0,3.34,,Administração,1.5577398161699365,146.11599475674004,1.6823590014635315
Londrina,PR,2016,3 - Operação com máquinas:,8 - Sementes,395.2,4.56,21.18,5200.0,14.06,,Sementes,1.5577398161699365,615.6187753503589,7.10329356173491
Londrina,PR,2016,3 - Operação com máquinas:,8.1 - Royalties,0.0,0.0,0.0,5200.0,0.0,,,1.5577398161699365,0.0,0.0
Londrina,PR,2016,3 - Operação com máquinas:,9 - Fertilizantes,409.45,4.72,21.94,5200.0,14.57,,Fertilizantes,1.5577398161699365,637.8165677307804,7.3525319323221
Londrina,PR,2016,3 - Operação com máquinas:,10 - Agrotóxicos,282.05,3.26,15.12,5200.0,10.04,,Defensivos/Agrotóxicos,1.5577398161699365,439.36051515073063,5.078231800713993
Londrina,PR,2016,3 - Operação com máquinas:,11 - Água,0.0,0.0,0.0,5200.0,0.0,,,1.5577398161699365,0.0,0.0
Londrina,PR,2016,3 - Operação com máquinas:,12 - Receita,0.0,0.0,0.0,5200.0,0.0,,,1.5577398161699365,0.0,0.0
Londrina,PR,2016,13 - Outros:,13.1 - Análise Foliar,0.0,0.0,0.0,5200.0,0.0,,,1.5577398161699365,0.0,0.0
Londrina,PR,2016,13 - Outros:,13.2 - Embalagens/Utensílios,0.0,0.0,0.0,5200.0,0.0,,,1.5577398161699365,0.0,0.0
Londrina,PR,2016,13 - Outros:,13.3 - Vernalização(Alho),0.0,0.0,0.0,5200.0,0.0,,,1.5577398161699365,0.0,0.0
Londrina,PR,2016,13 - Outros:,13.4 - Análise de Solo,0.0,0.0,0.0,5200.0,0.0,,,1.5577398161699365,0.0,0.0
Londrina,PR,2016,13 - Outros:,13.5 - Mudas,0.0,0.0,0.0,5200.0,0.0,,,1.5577398161699365,0.0,0.0
Londrina,PR,2016,13 - Outros:,13.6 - Taxas Ambientais,0.0,0.0,0.0,5200.0,0.0,,,1.5577398161699365,0.0,0.0
Londrina,PR,2016,13 - Outros:,13.7 - Demais Despesas,0.0,0.0,0.0,5200.0,0.0,,,1.5577398161699365,0.0,0.0
Londrina,PR,2016,13 - Outros:,13.8 - Implementos Manuais,0.0,0.0,0.0,5200.0,0.0,,Máquinas/Depreciação,1.5577398161699365,0.0,0.0
Londrina,PR,2016,13 - Outros:,14 - Serviços Diversos,0.0,0.0,0.0,5200.0,0.0,,,1.5577398161699365,0.0,0.0
Londrina,PR,2016,13 - Outros:,TOTAL DAS DESPESAS DE CUSTEIO DA LAVOURA (A),1444.68,16.64,77.43,5200.0,51.41,Total Despesas de Custeio (A),,1.5577398161699365,2250.435557624384,25.920790541067745
Londrina,PR,2016,II - OUTRAS DESPESAS,15 - Transporte Externo,140.4,1.62,7.52,5200.0,5.0,,Transporte,1.5577398161699365,218.7066701902591,2.523538502195297
Londrina,PR,2016,16 - Despesas:,16.1 - Despesas Administrativas,43.34,0.5,2.32,5200.0,1.54,,Administração,1.5577398161699365,67.51244363280506,0.7788699080849683
Londrina,PR,2016,16 - Despesas:,16.2 - Despesas de armazenagem,110.31,1.27,5.91,5200.0,3.93,,,1.5577398161699365,171.8342791217057,1.9783295665358194
Londrina,PR,2016,16 - Despesas:,16.3 - Beneficiamento,0.0,0.0,0.0,5200.0,0.0,,,1.5577398161699365,0.0,0.0
Londrina,PR,2016,16 - Despesas:,17 - Seguro da Produção,0.0,0.0,0.0,5200.0,0.0,,Seguro,1.5577398161699365,0.0,0.0
Londrina,PR,2016,16 - Despesas:,18 - Seguro do crédito,0.0,0.0,0.0,5200.0,0.0,,Seguro,1.5577398161699365,0.0,0.0
Londrina,PR,2016,16 - Despesas:,19 - Assistência Técnica,0.0,0.0,0.0,5200.0,0.0,,,1.5577398161699365,0.0,0.0
Londrina,PR,2016,16 - Despesas:,20 - Classificação,0.0,0.0,0.0,5200.0,0.0,,,1.5577398161699365,0.0,0.0
Londrina,PR,2016,16 - Despesas:,21 - Outros Impostos/Taxas,0.0,0.0,0.0,5200.0,0.0,,,1.5577398161699365,0.0,0.0
Londrina,PR,2016,16 - Despesas:,22 - CDO,0.0,0.0,0.0,5200.0,0.0,,,1.5577398161699365,0.0,0.0
Londrina,PR,2016,16 - Despesas:,23 - CESSR,66.69,0.77,3.57,5200.0,2.37,,,1.5577398161699365,103.88566834037306,1.1994596584508512
Londrina,PR,2016,16 - Despesas:,24 - FUNDECITRUS,0.0,0.0,0.0,5200.0,0.0,,,1.5577398161699365,0.0,0.0
Londrina,PR,2016,16 - Despesas:,TOTAL DAS OUTRAS DESPESAS (B),360.74,4.16,19.32,5200.0,12.84,Total Outras Despesas (B),,1.5577398161699365,561.9390612851429,6.480197635266936
Londrina,PR,2016,III - DESPESAS FINANCEIRAS,25 - Juros do Financiamento,60.53,0.7,3.24,5200.0,2.15,,Juros/Financiamento,1.5577398161699365,94.28999107276626,1.0904178713189554
Londrina,PR,2016,III - DESPESAS FINANCEIRAS,TOTAL DAS DESPESAS FINANCEIRAS (C),60.53,0.7,3.24,5200.0,2.15,Total Despesas Financeiras (C),,1.5577398161699365,94.28999107276626,1.0904178713189554
Londrina,PR,2016,III - DESPESAS FINANCEIRAS,CUSTO VARIÁVEL (A+B+C=D),1865.95,21.5,99.99,5200.0,66.4,Custo Variável (D),,1.5577398161699365,2906.6646099822933,33.49140604765363
Londrina,PR,2016,IV - DEPRECIAÇÕES,26 - Depreciação de benfeitorias/instalações,4.07,0.05,0.22,5200.0,0.14,,Máquinas/Depreciação,1.5577398161699365,6.340001051811642,0.07788699080849683
Londrina,PR,2016,IV - DEPRECIAÇÕES,27 - Depreciação de implementos,107.73,1.24,5.77,5200.0,3.83,,Máquinas/Depreciação,1.5577398161699365,167.81531039598727,1.9315973720507214
Londrina,PR,2016,IV - DEPRECIAÇÕES,28 - Depreciação de Máquinas,56.68,0.65,3.04,5200.0,2.02,,Máquinas/Depreciação,1.5577398161699365,88.292692780512,1.0125308805104587
Londrina,PR,2016,IV - DEPRECIAÇÕES,TOTAL DE DEPRECIAÇÕES (E),168.48,1.94,9.03,5200.0,5.99,Total Depreciações (E),Máquinas/Depreciação,1.5577398161699365,262.4480042283109,3.0220152433696765
Londrina,PR,2016,V - OUTROS CUSTOS FIXOS,29 - Manutenção Periódica Benfeitorias/Instalações,21.84,0.25,1.17,5200.0,0.78,,,1.5577398161699365,34.02103758515141,0.3894349540424841
Londrina,PR,2016,V - OUTROS CUSTOS FIXOS,30 - Encargos Sociais,42.76,0.49,2.29,5200.0,1.52,,,1.5577398161699365,66.60895453942648,0.7632925099232689
Londrina,PR,2016,V - OUTROS CUSTOS FIXOS,31 - Seguro do capital fixo,8.38,0.1,0.45,5200.0,0.3,,Seguro,1.5577398161699365,13.053859659504068,0.15577398161699366
Londrina,PR,2016,V - OUTROS CUSTOS FIXOS,TOTAL DE OUTROS CUSTOS FIXOS (F),72.98,0.84,3.91,5200.0,2.6,Total Outros Custos Fixos (F),,1.5577398161699365,113.68385178408197,1.3085014455827466
Londrina,PR,2016,V - OUTROS CUSTOS FIXOS,CUSTO FIXO (E+F=G),241.46,2.78,12.94,5200.0,8.59,Custo Fixo (G),,1.5577398161699365,376.13185601239286,4.330516688952423
Londrina,PR,2016,V - OUTROS CUSTOS FIXOS,CUSTO OPERACIONAL (D+G=H),2107.41,24.28,112.93,5200.0,74.99,Custo Operacional (H),,1.5577398161699365,3282.7964659946856,37.82192273660606
Londrina,PR,2016,VI - RENDA DE FATORES,32 - Remuneração esperada sobre o capital fixo,92.72,1.07,4.97,5200.0,3.3,,,1.5577398161699365,144.4336357552765,1.6667816033018321
Londrina,PR,2016,VI - RENDA DE FATORES,33 - Terra Própria,610.05,7.04,32.69,5200.0,21.71,,Terra,1.5577398161699365,950.2991748544697,10.966488305836354
Londrina,PR,2016,VI - RENDA DE FATORES,34 - Arrendamento,0.0,0.0,0.0,5200.0,0.0,,Arrendamento,1.5577398161699365,0.0,0.0
Londrina,PR,2016,VI - RENDA DE FATORES,TOTAL DE RENDA DE FATORES (I),702.77,8.11,37.66,5200.0,25.01,Total Renda de Fatores (I),,1.5577398161699365,1094.7328106097461,12.633269909138184
Londrina,PR,2016,VI - RENDA DE FATORES,CUSTO TOTAL (H+I=J),2810.18,32.39,150.59,5200.0,,Custo Total (J),,1.5577398161699365,4377.529276604432,50.45519264574425
Londrina,PR,2017,I - DESPESAS DE CUSTEIO DA LAVOURA,1 - Operação com animal,0.0,0.0,0.0,5200.0,0.0,,,1.5058438146760413,0.0,0.0
Londrina,PR,2017,I - DESPESAS DE CUSTEIO DA LAVOURA,2 - Operação com Avião,0.0,0.0,0.0,5200.0,0.0,,,1.5058438146760413,0.0,0.0
Londrina,PR,2017,3 - Operação com máquinas:,3.1 - Tratores e Colheitadeiras,216.15,2.5,11.59,5200.0,7.53,,,1.5058438146760413,325.48814054222635,3.764609536690103
Londrina,PR,2017,3 - Operação com máquinas:,3.2 - Conjunto de Irrigação,0.0,0.0,0.0,5200.0,0.0,,,1.5058438146760413,0.0,0.0
Londrina,PR,2017,3 - Operação com máquinas:,4 - Aluguel de Máquinas,0.0,0.0,0.0,5200.0,0.0,,Máquinas/Depreciação,1.5058438146760413,0.0,0.0
Londrina,PR,2017,3 - Operação com máquinas:,5 - Aluguel de Animais,0.0,0.0,0.0,5200.0,0.0,,,1.5058438146760413,0.0,0.0
Londrina,PR,2017,3 - Operação com máquinas:,6 - Mão-de-obra,54.05,0.61,2.9,5200.0,1.88,,Mão de obra,1.5058438146760413,81.39085818324003,0.9185647269523852
Londrina,PR,2017,3 - Operação com máquinas:,7 - Administrador,93.8,1.08,5.03,5200.0,3.27,,Administração,1.5058438146760413,141.24814981661268,1.6263113198501247
Londrina,PR,2017,3 - Operação com máquinas:,8 - Sementes,400.0,4.62,21.44,5200.0,13.94,,Sementes,1.5058438146760413,602.3375258704166,6.956998423803311
Londrina,PR,2017,3 - Operação com máquinas:,8.1 - Royalties,0.0,0.0,0.0,5200.0,0.0,,,1.5058438146760413,0.0,0.0
Londrina,PR,2017,3 - Operação com máquinas:,9 - Fertilizantes,392.6,4.53,21.05,5200.0,13.68,,Fertilizantes,1.5058438146760413,591.1942816418139,6.821472480482468
Londrina,PR,2017,3 - Operação com máquinas:,10 - Agrotóxicos,304.1,3.52,16.3,5200.0,10.59,,Defensivos/Agrotóxicos,1.5058438146760413,457.9271040429842,5.300570227659666
Londrina,PR,2017,3 - Operação com máquinas:,11 - Água,0.0,0.0,0.0,5200.0,0.0,,,1.5058438146760413,0.0,0.0
Londrina,PR,2017,3 - Operação com máquinas:,12 - Receita,0.0,0.0,0.0,5200.0,0.0,,,1.5058438146760413,0.0,0.0
Londrina,PR,2017,13 - Outros:,13.1 - Análise Foliar,0.0,0.0,0.0,5200.0,0.0,,,1.5058438146760413,0.0,0.0
Londrina,PR,2017,13 - Outros:,13.2 - Embalagens/Utensílios,0.0,0.0,0.0,5200.0,0.0,,,1.5058438146760413,0.0,0.0
Londrina,PR,2017,13 - Outros:,13.3 - Vernalização(Alho),0.0,0.0,0.0,5200.0,0.0,,,1.5058438146760413,0.0,0.0
Londrina,PR,2017,13 - Outros:,13.4 - Análise de Solo,0.0,0.0,0.0,5200.0,0.0,,,1.5058438146760413,0.0,0.0
Londrina,PR,2017,13 - Outros:,13.5 - Mudas,0.0,0.0,0.0,5200.0,0.0,,,1.5058438146760413,0.0,0.0
Londrina,PR,2017,13 - Outros:,13.6 - Taxas Ambientais,0.0,0.0,0.0,5200.0,0.0,,,1.5058438146760413,0.0,0.0
Londrina,PR,2017,13 - Outros:,13.7 - Demais Despesas,0.0,0.0,0.0,5200.0,0.0,,,1.5058438146760413,0.0,0.0
Londrina,PR,2017,13 - Outros:,13.8 - Implementos Manuais,0.0,0.0,0.0,5200.0,0.0,,Máquinas/Depreciação,1.5058438146760413,0.0,0.0
Londrina,PR,2017,13 - Outros:,14 - Serviços Diversos,0.0,0.0,0.0,5200.0,0.0,,,1.5058438146760413,0.0,0.0
Londrina,PR,2017,13 - Outros:,TOTAL DAS DESPESAS DE CUSTEIO DA LAVOURA (A),1460.7,16.86,78.31,5200.0,50.89,Total Despesas de Custeio (A),,1.5058438146760413,2199.5860600972937,25.388526715438058
Londrina,PR,2017,II - OUTRAS DESPESAS,15 - Transporte Externo,145.6,1.68,7.81,5200.0,5.07,,Transporte,1.5058438146760413,219.25085941683162,2.5298176086557493
Londrina,PR,2017,16 - Despesas:,16.1 - Despesas Administrativas,43.82,0.51,2.35,5200.0,1.53,,Administração,1.5058438146760413,65.98607595910413,0.7679803454847811
Londrina,PR,2017,16 - Despesas:,16.2 - Despesas de armazenagem,107.64,1.24,5.77,5200.0,3.75,,,1.5058438146760413,162.0890282117291,1.8672463301982913
Londrina,PR,2017,16 - Despesas:,16.3 - Beneficiamento,0.0,0.0,0.0,5200.0,0.0,,,1.5058438146760413,0.0,0.0
Londrina,PR,2017,16 - Despesas:,17 - Seguro da Produção,0.0,0.0,0.0,5200.0,0.0,,Seguro,1.5058438146760413,0.0,0.0
Londrina,PR,2017,16 - Despesas:,18 - Seguro do crédito,0.0,0.0,0.0,5200.0,0.0,,Seguro,1.5058438146760413,0.0,0.0
Londrina,PR,2017,16 - Despesas:,19 - Assistência Técnica,0.0,0.0,0.0,5200.0,0.0,,,1.5058438146760413,0.0,0.0
Londrina,PR,2017,16 - Despesas:,20 - Classificação,0.0,0.0,0.0,5200.0,0.0,,,1.5058438146760413,0.0,0.0
Londrina,PR,2017,16 - Despesas:,21 - Outros Impostos/Taxas,0.0,0.0,0.0,5200.0,0.0,,,1.5058438146760413,0.0,0.0
Londrina,PR,2017,16 - Despesas:,22 - CDO,0.0,0.0,0.0,5200.0,0.0,,,1.5058438146760413,0.0,0.0
Londrina,PR,2017,16 - Despesas:,23 - CESSR,46.22,0.53,2.48,5200.0,1.61,,,1.5058438146760413,69.60010111432663,0.798097221778302
Londrina,PR,2017,16 - Despesas:,24 - FUNDECITRUS,0.0,0.0,0.0,5200.0,0.0,,,1.5058438146760413,0.0,0.0
Londrina,PR,2017,16 - Despesas:,TOTAL DAS OUTRAS DESPESAS (B),343.28,3.96,18.41,5200.0,11.96,Total Outras Despesas (B),,1.5058438146760413,516.9260647019914,5.963141506117124
Londrina,PR,2017,III - DESPESAS FINANCEIRAS,25 - Juros do Financiamento,61.27,0.71,3.28,5200.0,2.13,,Juros/Financiamento,1.5058438146760413,92.26305052520105,1.0691491084199893
Londrina,PR,2017,III - DESPESAS FINANCEIRAS,TOTAL DAS DESPESAS FINANCEIRAS (C),61.27,0.71,3.28,5200.0,2.13,Total Despesas Financeiras (C),,1.5058438146760413,92.26305052520105,1.0691491084199893
Londrina,PR,2017,III - DESPESAS FINANCEIRAS,CUSTO VARIÁVEL (A+B+C=D),1865.25,21.53,100.0,5200.0,64.98,Custo Variável (D),,1.5058438146760413,2808.775175324486,32.42081732997517
Londrina,PR,2017,IV - DEPRECIAÇÕES,26 - Depreciação de benfeitorias/instalações,4.1,0.05,0.22,5200.0,0.14,,Máquinas/Depreciação,1.5058438146760413,6.173959640171769,0.07529219073380207
Londrina,PR,2017,IV - DEPRECIAÇÕES,27 - Depreciação de implementos,108.65,1.25,5.82,5200.0,3.79,,Máquinas/Depreciação,1.5058438146760413,163.6099304645519,1.8823047683450516
Londrina,PR,2017,IV - DEPRECIAÇÕES,28 - Depreciação de Máquinas,59.64,0.69,3.2,5200.0,2.08,,Máquinas/Depreciação,1.5058438146760413,89.80852510727911,1.0390322321264684
Londrina,PR,2017,IV - DEPRECIAÇÕES,TOTAL DE DEPRECIAÇÕES (E),172.39,1.99,9.24,5200.0,6.01,Total Depreciações (E),Máquinas/Depreciação,1.5058438146760413,259.5924152120027,2.9966291912053222
Londrina,PR,2017,V - OUTROS CUSTOS FIXOS,29 - Manutenção Periódica Benfeitorias/Instalações,21.96,0.25,1.18,5200.0,0.77,,,1.5058438146760413,33.06833017028587,0.37646095366901033
Londrina,PR,2017,V - OUTROS CUSTOS FIXOS,30 - Encargos Sociais,42.76,0.49,2.29,5200.0,1.49,,,1.5058438146760413,64.38988151554753,0.7378634691912602
Londrina,PR,2017,V - OUTROS CUSTOS FIXOS,31 - Seguro do capital fixo,8.64,0.1,0.46,5200.0,0.3,,Seguro,1.5058438146760413,13.010490558800997,0.15058438146760414
Londrina,PR,2017,V - OUTROS CUSTOS FIXOS,TOTAL DE OUTROS CUSTOS FIXOS (F),73.36,0.84,3.93,5200.0,2.56,Total Outros Custos Fixos (F),,1.5058438146760413,110.46870224463439,1.2649088043278747
Londrina,PR,2017,V - OUTROS CUSTOS FIXOS,CUSTO FIXO (E+F=G),245.75,2.83,13.17,5200.0,8.57,Custo Fixo (G),,1.5058438146760413,370.06111745663713,4.261537995533197
Londrina,PR,2017,V - OUTROS CUSTOS FIXOS,CUSTO OPERACIONAL (D+G=H),2111.0,24.36,113.17,5200.0,73.55,Custo Operacional (H),,1.5058438146760413,3178.836292781123,36.68235532550837
Londrina,PR,2017,VI - RENDA DE FATORES,32 - Remuneração esperada sobre o capital fixo,102.87,1.19,5.52,5200.0,3.58,,,1.5058438146760413,154.90615321572437,1.7919541394644891
Londrina,PR,2017,VI - RENDA DE FATORES,33 - Terra Própria,656.36,7.57,35.19,5200.0,22.87,,Terra,1.5058438146760413,988.3756462007665,11.399237677097632
Londrina,PR,2017,VI - RENDA DE FATORES,34 - Arrendamento,0.0,0.0,0.0,5200.0,0.0,,Arrendamento,1.5058438146760413,0.0,0.0
Londrina,PR,2017,VI - RENDA DE FATORES,TOTAL DE RENDA DE FATORES (I),759.23,8.76,40.71,5200.0,26.45,Total Renda de Fatores (I),,1.5058438146760413,1143.281799416491,13.191191816562121
Londrina,PR,2017,VI - RENDA DE FATORES,CUSTO TOTAL (H+I=J),2870.23,33.12,153.88,5200.0,,Custo Total (J),,1.5058438146760413,4322.118092197614,49.873547142070485
Londrina,PR,2018,I - DESPESAS DE CUSTEIO DA LAVOURA,1 - Operação com animal,0.0,0.0,0.0,5200.0,0.0,,,1.4526103448798835,0.0,0.0
Londrina,PR,2018,I - DESPESAS DE CUSTEIO DA LAVOURA,2 - Operação com Avião,0.0,0.0,0.0,5200.0,0.0,,,1.4526103448798835,0.0,0.0
Londrina,PR,2018,3 - Operação com máquinas:,3.1 - Tratores e Colheitadeiras,253.74,2.9,12.08,5200.0,7.04,,,1.4526103448798835,368.5853489098217,4.212570000151662
Londrina,PR,2018,3 - Operação com máquinas:,3.2 - Conjunto de Irrigação,0.0,0.0,0.0,5200.0,0.0,,,1.4526103448798835,0.0,0.0
Londrina,PR,2018,3 - Operação com máquinas:,4 - Aluguel de Máquinas,0.0,0.0,0.0,5200.0,0.0,,Máquinas/Depreciação,1.4526103448798835,0.0,0.0
Londrina,PR,2018,3 - Operação com máquinas:,5 - Aluguel de Animais,0.0,0.0,0.0,5200.0,0.0,,,1.4526103448798835,0.0,0.0
Londrina,PR,2018,3 - Operação com máquinas:,6 - Mão-de-obra,108.1,1.25,5.15,5200.0,3.0,,Mão de obra,1.4526103448798835,157.0271782815154,1.8157629310998544
Londrina,PR,2018,3 - Operação com máquinas:,7 - Administrador,93.8,1.08,4.47,5200.0,2.6,,Administração,1.4526103448798835,136.25485034973306,1.5688191724702742
Londrina,PR,2018,3 - Operação com máquinas:,8 - Sementes,447.0,5.16,21.28,5200.0,12.41,,Sementes,1.4526103448798835,649.316824161308,7.495469379580199
Londrina,PR,2018,3 - Operação com máquinas:,8.1 - Royalties,0.0,0.0,0.0,5200.0,0.0,,,1.4526103448798835,0.0,0.0
Londrina,PR,2018,3 - Operação com máquinas:,9 - Fertilizantes,409.52,4.72,19.5,5200.0,11.37,,Fertilizantes,1.4526103448798835,594.8729884352099,6.856320827833049
Londrina,PR,2018,3 - Operação com máquinas:,10 - Agrotóxicos,334.85,3.86,15.94,5200.0,9.29,,Defensivos/Agrotóxicos,1.4526103448798835,486.40657398302903,5.60707593123635
Londrina,PR,2018,3 - Operação com máquinas:,11 - Água,0.0,0.0,0.0,5200.0,0.0,,,1.4526103448798835,0.0,0.0
Londrina,PR,2018,3 - Operação com máquinas:,12 - Receita,0.0,0.0,0.0,5200.0,0.0,,,1.4526103448798835,0.0,0.0
Londrina,PR,2018,13 - Outros:,13.1 - Análise Foliar,0.0,0.0,0.0,5200.0,0.0,,,1.4526103448798835,0.0,0.0
Londrina,PR,2018,13 - Outros:,13.2 - Embalagens/Utensílios,0.0,0.0,0.0,5200.0,0.0,,,1.4526103448798835,0.0,0.0
Londrina,PR,2018,13 - Outros:,13.3 - Vernalização(Alho),0.0,0.0,0.0,5200.0,0.0,,,1.4526103448798835,0.0,0.0
Londrina,PR,2018,13 - Outros:,13.4 - Análise de Solo,0.0,0.0,0.0,5200.0,0.0,,,1.4526103448798835,0.0,0.0
Londrina,PR,2018,13 - Outros:,13.5 - Mudas,0.0,0.0,0.0,5200.0,0.0,,,1.4526103448798835,0.0,0.0
Londrina,PR,2018,13 - Outros:,13.6 - Taxas Ambientais,0.0,0.0,0.0,5200.0,0.0,,,1.4526103448798835,0.0,0.0
Londrina,PR,2018,13 - Outros:,13.7 - Demais Despesas,0.0,0.0,0.0,5200.0,0.0,,,1.4526103448798835,0.0,0.0
Londrina,PR,2018,13 - Outros:,13.8 - Implementos Manuais,0.0,0.0,0.0,5200.0,0.0,,Máquinas/Depreciação,1.4526103448798835,0.0,0.0
Londrina,PR,2018,13 - Outros:,14 - Serviços Diversos,0.0,0.0,0.0,5200.0,0.0,,,1.4526103448798835,0.0,0.0
Londrina,PR,2018,13 - Outros:,TOTAL DAS DESPESAS DE CUSTEIO DA LAVOURA (A),1647.01,18.97,78.42,5200.0,45.71,Total Despesas de Custeio (A),,1.4526103448798835,2392.463764120617,27.556018242371387
Londrina,PR,2018,II - OUTRAS DESPESAS,15 - Transporte Externo,156.0,1.8,7.43,5200.0,4.33,,Transporte,1.4526103448798835,226.60721380126182,2.6146986207837903
Londrina,PR,2018,16 - Despesas:,16.1 - Despesas Administrativas,49.41,0.57,2.35,5200.0,1.37,,Administração,1.4526103448798835,71.77347714051504,0.8279878965815335
Londrina,PR,2018,16 - Despesas:,16.2 - Despesas de armazenagem,140.57,1.62,6.69,5200.0,3.9,,,1.4526103448798835,204.1934361797652,2.3532287587054115
Londrina,PR,2018,16 - Despesas:,16.3 - Beneficiamento,0.0,0.0,0.0,5200.0,0.0,,,1.4526103448798835,0.0,0.0
Londrina,PR,2018,16 - Despesas:,17 - Seguro da Produção,0.0,0.0,0.0,5200.0,0.0,,Seguro,1.4526103448798835,0.0,0.0
Londrina,PR,2018,16 - Despesas:,18 - Seguro do crédito,0.0,0.0,0.0,5200.0,0.0,,Seguro,1.4526103448798835,0.0,0.0
Londrina,PR,2018,16 - Despesas:,19 - Assistência Técnica,0.0,0.0,0.0,5200.0,0.0,,,1.4526103448798835,0.0,0.0
Londrina,PR,2018,16 - Despesas:,20 - Classificação,0.0,0.0,0.0,5200.0,0.0,,,1.4526103448798835,0.0,0.0
Londrina,PR,2018,16 - Despesas:,21 - Outros Impostos/Taxas,0.0,0.0,0.0,5200.0,0.0,,,1.4526103448798835,0.0,0.0
Londrina,PR,2018,16 - Despesas:,22 - CDO,0.0,0.0,0.0,5200.0,0.0,,,1.4526103448798835,0.0,0.0
Londrina,PR,2018,16 - Despesas:,23 - CESSR,38.29,0.44,1.82,5200.0,1.06,,,1.4526103448798835,55.620450105450736,0.6391485517471488
Londrina,PR,2018,16 - Despesas:,24 - FUNDECITRUS,0.0,0.0,0.0,5200.0,0.0,,,1.4526103448798835,0.0,0.0
Londrina,PR,2018,16 - Despesas:,TOTAL DAS OUTRAS DESPESAS (B),384.27,4.43,18.29,5200.0,10.66,Total Outras Despesas (B),,1.4526103448798835,558.1945772269928,6.435063827817883
Londrina,PR,2018,III - DESPESAS FINANCEIRAS,25 - Juros do Financiamento,68.8,0.8,3.28,5200.0,1.91,,Juros/Financiamento,1.4526103448798835,99.93959172773599,1.1620882759039068
Londrina,PR,2018,III - DESPESAS FINANCEIRAS,TOTAL DAS DESPESAS FINANCEIRAS (C),68.8,0.8,3.28,5200.0,1.91,Total Despesas Financeiras (C),,1.4526103448798835,99.93959172773599,1.1620882759039068
Londrina,PR,2018,III - DESPESAS FINANCEIRAS,CUSTO VARIÁVEL (A+B+C=D),2100.08,24.2,99.99,5200.0,58.28,Custo Variável (D),,1.4526103448798835,3050.5979330753457,35.15317034609318
Londrina,PR,2018,IV - DEPRECIAÇÕES,26 - Depreciação de benfeitorias/instalações,5.81,0.07,0.28,5200.0,0.16,,Máquinas/Depreciação,1.4526103448798835,8.439666103752122,0.10168272414159185
Londrina,PR,2018,IV - DEPRECIAÇÕES,27 - Depreciação de implementos,116.11,1.34,5.53,5200.0,3.22,,Máquinas/Depreciação,1.4526103448798835,168.66258714400328,1.946497862139044
Londrina,PR,2018,IV - DEPRECIAÇÕES,28 - Depreciação de Máquinas,61.6,0.71,2.93,5200.0,1.71,,Máquinas/Depreciação,1.4526103448798835,89.48079724460082,1.0313533448647172
Londrina,PR,2018,IV - DEPRECIAÇÕES,TOTAL DE DEPRECIAÇÕES (E),183.52,2.12,8.74,5200.0,5.09,Total Depreciações (E),Máquinas/Depreciação,1.4526103448798835,266.5830504923562,3.0795339311453533
Londrina,PR,2018,V - OUTROS CUSTOS FIXOS,29 - Manutenção Periódica Benfeitorias/Instalações,32.63,0.38,1.55,5200.0,0.91,,,1.4526103448798835,47.3986755534306,0.5519919310543557
Londrina,PR,2018,V - OUTROS CUSTOS FIXOS,30 - Encargos Sociais,42.76,0.49,2.04,5200.0,1.19,,,1.4526103448798835,62.11361834706381,0.7117790689911428
Londrina,PR,2018,V - OUTROS CUSTOS FIXOS,31 - Seguro do capital fixo,9.45,0.11,0.45,5200.0,0.26,,Seguro,1.4526103448798835,13.727167759114899,0.1597871379367872
Londrina,PR,2018,V - OUTROS CUSTOS FIXOS,TOTAL DE OUTROS CUSTOS FIXOS (F),84.84,0.98,4.04,5200.0,2.36,Total Outros Custos Fixos (F),,1.4526103448798835,123.23946165960932,1.4235581379822857
Londrina,PR,2018,V - OUTROS CUSTOS FIXOS,CUSTO FIXO (E+F=G),268.36,3.1,12.78,5200.0,7.45,Custo Fixo (G),,1.4526103448798835,389.82251215196555,4.503092069127639
Londrina,PR,2018,V - OUTROS CUSTOS FIXOS,CUSTO OPERACIONAL (D+G=H),2368.44,27.3,112.77,5200.0,65.73,Custo Operacional (H),,1.4526103448798835,3440.4204452273116,39.65626241522082
Londrina,PR,2018,VI - RENDA DE FATORES,32 - Remuneração esperada sobre o capital fixo,101.89,1.18,4.85,5200.0,2.83,,,1.4526103448798835,148.00646803981132,1.7140802069582624
Londrina,PR,2018,VI - RENDA DE FATORES,33 - Terra Própria,1132.6,13.07,53.93,5200.0,31.44,,Terra,1.4526103448798835,1645.2264766109558,18.985617207580077
Londrina,PR,2018,VI - RENDA DE FATORES,34 - Arrendamento,0.0,0.0,0.0,5200.0,0.0,,Arrendamento,1.4526103448798835,0.0,0.0
Londrina,PR,2018,VI - RENDA DE FATORES,TOTAL DE RENDA DE FATORES (I),1234.49,14.25,58.78,5200.0,34.27,Total Renda de Fatores (I),,1.4526103448798835,1793.2329446507674,20.69969741453834
Londrina,PR,2018,VI - RENDA DE FATORES,CUSTO TOTAL (H+I=J),3602.93,41.55,171.55,5200.0,,Custo Total (J),,1.4526103448798835,5233.653389878078,60.35595982975916
Londrina,PR,2019,I - DESPESAS DE CUSTEIO DA LAVOURA,1 - Operação com animal,0.0,0.0,0.0,5700.0,0.0,,,1.40033526552242,0.0,0.0
Londrina,PR,2019,I - DESPESAS DE CUSTEIO DA LAVOURA,2 - Operação com Avião,0.0,0.0,0.0,5700.0,0.0,,,1.40033526552242,0.0,0.0
Londrina,PR,2019,3 - Operação com máquinas:,3.1 - Tratores e Colheitadeiras,306.04,3.22,12.37,5700.0,8.49,,,1.40033526552242,428.5586046604814,4.5090795549821925
Londrina,PR,2019,3 - Operação com máquinas:,3.2 - Conjunto de Irrigação,0.0,0.0,0.0,5700.0,0.0,,,1.40033526552242,0.0,0.0
Londrina,PR,2019,3 - Operação com máquinas:,4 - Aluguel de Máquinas,0.0,0.0,0.0,5700.0,0.0,,Máquinas/Depreciação,1.40033526552242,0.0,0.0
Londrina,PR,2019,3 - Operação com máquinas:,5 - Aluguel de Animais,0.0,0.0,0.0,5700.0,0.0,,,1.40033526552242,0.0,0.0
Londrina,PR,2019,3 - Operação com máquinas:,6 - Mão-de-obra,8.51,0.09,0.34,5700.0,0.24,,Mão de obra,1.40033526552242,11.916853109595793,0.1260301738970178
Londrina,PR,2019,3 - Operação com máquinas:,7 - Administrador,154.0,1.62,6.22,5700.0,4.27,,Administração,1.40033526552242,215.65163089045268,2.2685431301463206
Londrina,PR,2019,3 - Operação com máquinas:,8 - Sementes,650.0,6.84,26.27,5700.0,18.03,,Sementes,1.40033526552242,910.2179225895729,9.578293216173352
Londrina,PR,2019,3 - Operação com máquinas:,9 - Fertilizantes,558.1,5.87,22.56,5700.0,15.48,,Fertilizantes,1.40033526552242,781.5271116880626,8.219968008616606
Londrina,PR,2019,3 - Operação com máquinas:,10 - Agrotóxicos,363.84,3.83,14.71,5700.0,10.09,,Defensivos/Agrotóxicos,1.40033526552242,509.49798300767725,5.363284066950868
Londrina,PR,2019,3 - Operação com máquinas:,11 - Água,0.0,0.0,0.0,5700.0,0.0,,,1.40033526552242,0.0,0.0
Londrina,PR,2019,3 - Operação com máquinas:,12 - Receita,0.0,0.0,0.0,5700.0,0.0,,,1.40033526552242,0.0,0.0
Londrina,PR,2019,13 - Outros:,13.1 - Análise Foliar,0.0,0.0,0.0,5700.0,0.0,,,1.40033526552242,0.0,0.0
Londrina,PR,2019,13 - Outros:,13.2 - Embalagens/Utensílios,0.0,0.0,0.0,5700.0,0.0,,,1.40033526552242,0.0,0.0
Londrina,PR,2019,13 - Outros:,13.3 - Vernalização(Alho),0.0,0.0,0.0,5700.0,0.0,,,1.40033526552242,0.0,0.0
Londrina,PR,2019,13 - Outros:,13.4 - Análise de Solo,0.0,0.0,0.0,5700.0,0.0,,,1.40033526552242,0.0,0.0
Londrina,PR,2019,13 - Outros:,13.5 - Mudas,0.0,0.0,0.0,5700.0,0.0,,,1.40033526552242,0.0,0.0
Londrina,PR,2019,13 - Outros:,13.6 - Taxas Ambientais,0.0,0.0,0.0,5700.0,0.0,,,1.40033526552242,0.0,0.0
Londrina,PR,2019,13 - Outros:,13.7 - Demais Despesas,0.0,0.0,0.0,5700.0,0.0,,,1.40033526552242,0.0,0.0
Londrina,PR,2019,13 - Outros:,13.8 - Implementos Manuais,0.0,0.0,0.0,5700.0,0.0,,Máquinas/Depreciação,1.40033526552242,0.0,0.0
Londrina,PR,2019,13 - Outros:,14 - Serviços Diversos,0.0,0.0,0.0,5700.0,0.0,,,1.40033526552242,0.0,0.0
Londrina,PR,2019,13 - Outros:,TOTAL DAS DESPESAS DE CUSTEIO DA LAVOURA (A),2040.49,21.48,82.47,5700.0,56.6,Total Despesas de Custeio (A),,1.40033526552242,2857.3701059458426,30.07920150342158
Londrina,PR,2019,II - OUTRAS DESPESAS,15 - Transporte Externo,184.68,1.94,7.47,5700.0,5.12,,Transporte,1.40033526552242,258.6139168366805,2.7166504151134947
Londrina,PR,2019,16 - Despesas:,16.1 - Despesas Administrativas,61.21,0.64,2.47,5700.0,1.7,,Administração,1.40033526552242,85.71452160262733,0.8962145699343488
Londrina,PR,2019,16 - Despesas:,16.2 - Despesas de armazenagem,0.0,0.0,0.0,5700.0,0.0,,,1.40033526552242,0.0,0.0
Londrina,PR,2019,16 - Despesas:,16.3 - Beneficiamento,0.0,0.0,0.0,5700.0,0.0,,,1.40033526552242,0.0,0.0
Londrina,PR,2019,16 - Despesas:,17 - Seguro da Produção,71.42,0.75,2.89,5700.0,1.98,,Seguro,1.40033526552242,100.01194466361123,1.050251449141815
Londrina,PR,2019,16 - Despesas:,18 - Seguro do crédito,0.0,0.0,0.0,5700.0,0.0,,Seguro,1.40033526552242,0.0,0.0
Londrina,PR,2019,16 - Despesas:,19 - Assistência Técnica,0.0,0.0,0.0,5700.0,0.0,,,1.40033526552242,0.0,0.0
Londrina,PR,2019,16 - Despesas:,20 - Classificação,0.0,0.0,0.0,5700.0,0.0,,,1.40033526552242,0.0,0.0
Londrina,PR,2019,16 - Despesas:,21 - Outros Impostos/Taxas,0.0,0.0,0.0,5700.0,0.0,,,1.40033526552242,0.0,0.0
Londrina,PR,2019,16 - Despesas:,22 - CDO,0.0,0.0,0.0,5700.0,0.0,,,1.40033526552242,0.0,0.0
Londrina,PR,2019,16 - Despesas:,23 - CESSR,41.8,0.44,1.69,5700.0,1.16,,,1.40033526552242,58.53401409883715,0.6161475168298648
Londrina,PR,2019,16 - Despesas:,24 - FUNDECITRUS,0.0,0.0,0.0,5700.0,0.0,,,1.40033526552242,0.0,0.0
Londrina,PR,2019,16 - Despesas:,TOTAL DAS OUTRAS DESPESAS (B),359.11,3.78,14.52,5700.0,9.96,Total Outras Despesas (B),,1.40033526552242,502.87439720175627,5.293267303674747
Londrina,PR,2019,III - DESPESAS FINANCEIRAS,25 - Juros do Financiamento,74.3,0.78,3.0,5700.0,2.06,,Juros/Financiamento,1.40033526552242,104.0449102283158,1.0922615071074875
Londrina,PR,2019,III - DESPESAS FINANCEIRAS,TOTAL DAS DESPESAS FINANCEIRAS (C),74.3,0.78,3.0,5700.0,2.06,Total Despesas Financeiras (C),,1.40033526552242,104.0449102283158,1.0922615071074875
Londrina,PR,2019,III - DESPESAS FINANCEIRAS,CUSTO VARIÁVEL (A+B+C=D),2473.9,26.04,99.99,5700.0,68.62,Custo Variável (D),,1.40033526552242,3464.2894133759146,36.46473031420381
Londrina,PR,2019,IV - DEPRECIAÇÕES,26 - Depreciação de benfeitorias/instalações,10.58,0.11,0.43,5700.0,0.29,,Máquinas/Depreciação,1.40033526552242,14.815547109227204,0.1540368792074662
Londrina,PR,2019,IV - DEPRECIAÇÕES,27 - Depreciação de implementos,125.77,1.32,5.08,5700.0,3.49,,Máquinas/Depreciação,1.40033526552242,176.12016634475475,1.8484425504895945
Londrina,PR,2019,IV - DEPRECIAÇÕES,28 - Depreciação de Máquinas,113.39,1.19,4.58,5700.0,3.15,,Máquinas/Depreciação,1.40033526552242,158.78401575758718,1.6663989659716796
Londrina,PR,2019,IV - DEPRECIAÇÕES,TOTAL DE DEPRECIAÇÕES (E),249.74,2.63,10.09,5700.0,6.93,Total Depreciações (E),Máquinas/Depreciação,1.40033526552242,349.7197292115692,3.682881748323964
Londrina,PR,2019,V - OUTROS CUSTOS FIXOS,29 - Manutenção Periódica Benfeitorias/Instalações,65.89,0.69,2.66,5700.0,1.83,,,1.40033526552242,92.26809064527225,0.9662313332104697
Londrina,PR,2019,V - OUTROS CUSTOS FIXOS,30 - Encargos Sociais,70.21,0.74,2.84,5700.0,1.95,,,1.40033526552242,98.31753899232909,1.0362480964865908
Londrina,PR,2019,V - OUTROS CUSTOS FIXOS,31 - Seguro do capital fixo,13.35,0.14,0.54,5700.0,0.37,,Seguro,1.40033526552242,18.694475794724305,0.1960469371731388
Londrina,PR,2019,V - OUTROS CUSTOS FIXOS,TOTAL DE OUTROS CUSTOS FIXOS (F),149.45,1.57,6.04,5700.0,4.15,Total Outros Custos Fixos (F),,1.40033526552242,209.28010543232566,2.1985263668701993
Londrina,PR,2019,V - OUTROS CUSTOS FIXOS,CUSTO FIXO (E+F=G),399.19,4.2,16.13,5700.0,11.08,Custo Fixo (G),,1.40033526552242,558.9998346438948,5.881408115194164
Londrina,PR,2019,V - OUTROS CUSTOS FIXOS,CUSTO OPERACIONAL (D+G=H),2873.09,30.24,116.12,5700.0,79.7,Custo Operacional (H),,1.40033526552242,4023.2892480198097,42.346138429397975
Londrina,PR,2019,VI - RENDA DE FATORES,32 - Remuneração esperada sobre o capital fixo,109.79,1.16,4.44,5700.0,3.05,,,1.40033526552242,153.7428088017065,1.624388908006007
Londrina,PR,2019,VI - RENDA DE FATORES,33 - Terra Própria,370.2,3.9,14.96,5700.0,10.27,,Terra,1.40033526552242,518.4041152963998,5.461307535537437
Londrina,PR,2019,VI - RENDA DE FATORES,34 - Arrendamento,251.51,2.65,10.17,5700.0,6.98,,Arrendamento,1.40033526552242,352.1983226315438,3.710888453634413
Londrina,PR,2019,VI - RENDA DE FATORES,TOTAL DE RENDA DE FATORES (I),731.5,7.7,29.57,5700.0,20.3,Total Renda de Fatores (I),,1.40033526552242,1024.3452467296502,10.782581544522634
Londrina,PR,2019,VI - RENDA DE FATORES,CUSTO TOTAL (H+I=J),3604.59,37.94,145.69,5700.0,,Custo Total (J),,1.40033526552242,5047.63449474946,53.12871997392061
Londrina,PR,2020,I - DESPESAS DE CUSTEIO,1 - Operação com animal,0.0,0.0,0.0,5700.0,0.0,,,1.356761632067946,0.0,0.0
Londrina,PR,2020,I - DESPESAS DE CUSTEIO,2 - Operação com Avião,0.0,0.0,0.0,5700.0,0.0,,,1.356761632067946,0.0,0.0
Londrina,PR,2020,3 - Operação com máquinas:,3.1 - Tratores e Colheitadeiras,352.06,3.71,12.31,5700.0,7.92,,,1.356761632067946,477.6615001858411,5.03358565497208
Londrina,PR,2020,3 - Operação com máquinas:,3.2 - Conjunto de Irrigação,0.0,0.0,0.0,5700.0,0.0,,,1.356761632067946,0.0,0.0
Londrina,PR,2020,3 - Operação com máquinas:,4 - Aluguel de Máquinas,0.0,0.0,0.0,5700.0,0.0,,Máquinas/Depreciação,1.356761632067946,0.0,0.0
Londrina,PR,2020,3 - Operação com máquinas:,5 - Aluguel de Animais,0.0,0.0,0.0,5700.0,0.0,,,1.356761632067946,0.0,0.0
Londrina,PR,2020,3 - Operação com máquinas:,6 - Mão de obra,9.05,0.1,0.32,5700.0,0.2,,Mão de obra,1.356761632067946,12.278692770214914,0.13567616320679463
Londrina,PR,2020,3 - Operação com máquinas:,7 - Administrador,330.24,3.48,11.55,5700.0,7.43,,Administração,1.356761632067946,448.05696137411854,4.721530479596453
Londrina,PR,2020,3 - Operação com máquinas:,8 - Sementes e mudas,705.0,7.42,24.65,5700.0,15.86,,Sementes,1.356761632067946,956.516950607902,10.06717130994416
Londrina,PR,2020,3 - Operação com máquinas:,9 - Fertilizantes,640.24,6.74,22.38,5700.0,14.4,,Fertilizantes,1.356761632067946,868.6530673151818,9.144573400137958
Londrina,PR,2020,3 - Operação com máquinas:,10 - Agrotóxicos,371.23,3.91,12.98,5700.0,8.35,,Defensivos/Agrotóxicos,1.356761632067946,503.67062067258365,5.304937981385669
Londrina,PR,2020,3 - Operação com máquinas:,11 - Receita,0.0,0.0,0.0,5700.0,0.0,,,1.356761632067946,0.0,0.0
Londrina,PR,2020,12 - Outros:,12.1 - Embalagens/Utensílios,0.0,0.0,0.0,5700.0,0.0,,,1.356761632067946,0.0,0.0
Londrina,PR,2020,12 - Outros:,12.2 - Análise de Solo,0.0,0.0,0.0,5700.0,0.0,,,1.356761632067946,0.0,0.0
Londrina,PR,2020,12 - Outros:,12.3 - Demais Despesas,0.0,0.0,0.0,5700.0,0.0,,,1.356761632067946,0.0,0.0
Londrina,PR,2020,12 - Outros:,13 - Serviços Diversos,0.0,0.0,0.0,5700.0,0.0,,,1.356761632067946,0.0,0.0
Londrina,PR,2020,12 - Outros:,TOTAL DAS DESPESAS DE CUSTEIO (A),2407.82,25.35,84.19,5700.0,54.16,Total Despesas de Custeio (A),,1.356761632067946,3266.837792925842,34.393907372922435
Londrina,PR,2020,II - OUTRAS DESPESAS,14 - Transporte Externo,183.63,1.93,6.42,5700.0,4.13,,Transporte,1.356761632067946,249.14213849663693,2.6185499498911358
Londrina,PR,2020,II - OUTRAS DESPESAS,15 - Despesas Administrativas,72.23,0.76,2.53,5700.0,1.62,,Administração,1.356761632067946,97.99889268426774,1.031138840371639
Londrina,PR,2020,II - OUTRAS DESPESAS,16 - Despesas de armazenagem,0.0,0.0,0.0,5700.0,0.0,,,1.356761632067946,0.0,0.0
Londrina,PR,2020,II - OUTRAS DESPESAS,17 - Beneficiamento,0.0,0.0,0.0,5700.0,0.0,,,1.356761632067946,0.0,0.0
Londrina,PR,2020,II - OUTRAS DESPESAS,18 - Seguro da Produção,84.27,0.89,2.95,5700.0,1.9,,Seguro,1.356761632067946,114.3343027343658,1.207517852540472
Londrina,PR,2020,II - OUTRAS DESPESAS,19 - Seguro do crédito,0.0,0.0,0.0,5700.0,0.0,,Seguro,1.356761632067946,0.0,0.0
Londrina,PR,2020,II - OUTRAS DESPESAS,20 - Assistência Técnica,0.0,0.0,0.0,5700.0,0.0,,,1.356761632067946,0.0,0.0
Londrina,PR,2020,II - OUTRAS DESPESAS,21 - Classificação,0.0,0.0,0.0,5700.0,0.0,,,1.356761632067946,0.0,0.0
Londrina,PR,2020,II - OUTRAS DESPESAS,22 - Outros Impostos/Taxas,0.0,0.0,0.0,5700.0,0.0,,,1.356761632067946,0.0,0.0
Londrina,PR,2020,II - OUTRAS DESPESAS,23 - CESSR,61.14,0.64,2.14,5700.0,1.38,,,1.356761632067946,82.95240618463423,0.8683274445234855
Londrina,PR,2020,II - OUTRAS DESPESAS,TOTAL DAS OUTRAS DESPESAS (B),401.27,4.22,14.04,5700.0,9.03,Total Outras Despesas (B),,1.356761632067946,544.4277400999047,5.725534087326732
Londrina,PR,2020,III - DESPESAS FINANCEIRAS,24 - Juros do Financiamento,51.23,0.54,1.79,5700.0,1.15,,Juros/Financiamento,1.356761632067946,69.50689841084088,0.7326512813166909
Londrina,PR,2020,III - DESPESAS FINANCEIRAS,TOTAL DAS DESPESAS FINANCEIRAS (C),51.23,0.54,1.79,5700.0,1.15,Total Despesas Financeiras (C),,1.356761632067946,69.50689841084088,0.7326512813166909
Londrina,PR,2020,III - DESPESAS FINANCEIRAS,CUSTO VARIÁVEL (A+B+C=D),2860.32,30.11,100.02,5700.0,64.34,Custo Variável (D),,1.356761632067946,3880.772431436588,40.852092741565855
Londrina,PR,2020,IV - DEPRECIAÇÕES,25 - Depreciação de benfeitorias/instalações,12.02,0.13,0.42,5700.0,0.27,,Máquinas/Depreciação,1.356761632067946,16.308274817456713,0.176379012168833
Londrina,PR,2020,IV - DEPRECIAÇÕES,26 - Depreciação de implementos,159.44,1.68,5.57,5700.0,3.59,,Máquinas/Depreciação,1.356761632067946,216.3220746169133,2.2793595418741495
Londrina,PR,2020,IV - DEPRECIAÇÕES,27 - Depreciação de Máquinas,119.53,1.26,4.18,5700.0,2.69,,Máquinas/Depreciação,1.356761632067946,162.1737178810816,1.709519656405612
Londrina,PR,2020,IV - DEPRECIAÇÕES,TOTAL DE DEPRECIAÇÕES (E),290.99,3.06,10.17,5700.0,6.55,Total Depreciações (E),Máquinas/Depreciação,1.356761632067946,394.8040673154516,4.151690594127915
Londrina,PR,2020,V - OUTROS CUSTOS FIXOS,28 - Manutenção Periódica Benfeitorias/Instalações,74.88,0.79,2.62,5700.0,1.68,,,1.356761632067946,101.5943110092478,1.0718416893336775
Londrina,PR,2020,V - OUTROS CUSTOS FIXOS,29 - Encargos Sociais,150.56,1.58,5.26,5700.0,3.39,,,1.356761632067946,204.27403132414997,2.143683378667355
Londrina,PR,2020,V - OUTROS CUSTOS FIXOS,30 - Seguro do capital fixo,15.91,0.17,0.56,5700.0,0.36,,Seguro,1.356761632067946,21.586077566201023,0.23064947745155084
Londrina,PR,2020,V - OUTROS CUSTOS FIXOS,31 - Arrendamento,310.71,3.27,10.86,5700.0,6.99,,Arrendamento,1.356761632067946,421.5594066998315,4.436610536862184
Londrina,PR,2020,V - OUTROS CUSTOS FIXOS,TOTAL DE OUTROS CUSTOS FIXOS (F),552.06,5.81,19.3,5700.0,12.42,Total Outros Custos Fixos (F),,1.356761632067946,749.0138265994302,7.882785082314766
Londrina,PR,2020,V - OUTROS CUSTOS FIXOS,CUSTO FIXO (E+F=G),843.05,8.87,29.47,5700.0,18.97,Custo Fixo (G),,1.356761632067946,1143.8178939148818,12.03447567644268
Londrina,PR,2020,V - OUTROS CUSTOS FIXOS,CUSTO OPERACIONAL (D+G=H),3703.37,38.98,129.49,5700.0,83.31,Custo Operacional (H),,1.356761632067946,5024.59032535147,52.88656841800854
Londrina,PR,2020,VI - RENDA DE FATORES,32 - Remuneração esperada sobre o capital fixo,130.91,1.38,4.58,5700.0,2.95,,,1.356761632067946,177.61366525401482,1.8723310522537655
Londrina,PR,2020,VI - RENDA DE FATORES,33 - Terra Própria,610.83,6.43,21.36,5700.0,13.74,,Terra,1.356761632067946,828.7507077160635,8.723977294196892
Londrina,PR,2020,VI - RENDA DE FATORES,TOTAL DE RENDA DE FATORES (I),741.74,7.81,25.94,5700.0,16.69,Total Renda de Fatores (I),,1.356761632067946,1006.3643729700783,10.596308346450659
Londrina,PR,2020,VI - RENDA DE FATORES,CUSTO TOTAL (H+I=J),4445.11,46.79,155.43,5700.0,,Custo Total (J),,1.356761632067946,6030.954698321548,63.4828767644592
Londrina,PR,2021,I - DESPESAS DO CUSTEIO,1 - Operação com animal,0.0,0.0,0.0,5700.0,0.0,,,1.2527626200113375,0.0,0.0
Londrina,PR,2021,I - DESPESAS DO CUSTEIO,2 - Operação com Avião,0.0,0.0,0.0,5700.0,0.0,,,1.2527626200113375,0.0,0.0
Londrina,PR,2021,3 - Operação com máquinas:,3.1 - Tratores e Colheitadeiras,387.43,4.07821,10.89,5700.0,7.77,,,1.2527626200113375,485.3578218709925,5.109029044556437
Londrina,PR,2021,3 - Operação com máquinas:,3.2 - Conjunto de Irrigação,0.0,0.0,0.0,5700.0,0.0,,,1.2527626200113375,0.0,0.0
Londrina,PR,2021,3 - Operação com máquinas:,4 - Aluguel de Máquinas,0.0,0.0,0.0,5700.0,0.0,,Máquinas/Depreciação,1.2527626200113375,0.0,0.0
Londrina,PR,2021,3 - Operação com máquinas:,5 - Aluguel de Animais,0.0,0.0,0.0,5700.0,0.0,,,1.2527626200113375,0.0,0.0
Londrina,PR,2021,3 - Operação com máquinas:,6 - Mão de obra,9.05,0.09526,0.25,5700.0,0.18,,Mão de obra,1.2527626200113375,11.337501711102606,0.11933816718228
Londrina,PR,2021,3 - Operação com máquinas:,7 - Administrador,323.44,3.40464,9.09,5700.0,6.49,,Administração,1.2527626200113375,405.193541816467,4.265205726595401
Londrina,PR,2021,3 - Operação com máquinas:,8 - Sementes e mudas,843.05,8.87421,23.69,5700.0,16.91,,Sementes,1.2527626200113375,1056.141526800558,11.11727857013081
Londrina,PR,2021,3 - Operação com máquinas:,9 - Fertilizantes,989.8,10.41895,27.81,5700.0,19.85,,Fertilizantes,1.2527626200113375,1239.984441287222,13.052471099767127
Londrina,PR,2021,3 - Operação com máquinas:,10 - Agrotóxicos,477.76,5.02905,13.42,5700.0,9.58,,Defensivos/Agrotóxicos,1.2527626200113375,598.5198693366166,6.300205854168016
Londrina,PR,2021,3 - Operação com máquinas:,11 - Receita,0.0,0.0,0.0,5700.0,0.0,,,1.2527626200113375,0.0,0.0
Londrina,PR,2021,12 - Outros:,12.1 - Embalagens/Utensílios,0.0,0.0,0.0,5700.0,0.0,,,1.2527626200113375,0.0,0.0
Londrina,PR,2021,12 - Outros:,12.2 - Análise de Solo,0.0,0.0,0.0,5700.0,0.0,,,1.2527626200113375,0.0,0.0
Londrina,PR,2021,12 - Outros:,12.3 - Demais Despesas,0.0,0.0,0.0,5700.0,0.0,,,1.2527626200113375,0.0,0.0
Londrina,PR,2021,12 - Outros:,13 - Serviços Diversos,0.0,0.0,0.0,5700.0,0.0,,,1.2527626200113375,0.0,0.0
Londrina,PR,2021,12 - Outros:,TOTAL DAS DESPESAS DE CUSTEIO (A),3030.53,31.90032,85.15,5700.0,60.78,Total Despesas de Custeio (A),,1.2527626200113375,3796.534702822959,39.96352846240007
Londrina,PR,2021,II - OUTRAS DESPESAS,14 - Transporte Externo,185.73,1.95505,5.22,5700.0,3.72,,Transporte,1.2527626200113375,232.6756014147057,2.4492135602531655
Londrina,PR,2021,II - OUTRAS DESPESAS,15 - Despesas Administrativas,90.92,0.95705,2.55,5700.0,1.82,,Administração,1.2527626200113375,113.90117741143081,1.1989564654818505
Londrina,PR,2021,II - OUTRAS DESPESAS,16 - Despesas de armazenagem,0.0,0.0,0.0,5700.0,0.0,,,1.2527626200113375,0.0,0.0
Londrina,PR,2021,II - OUTRAS DESPESAS,17 - Beneficiamento,0.0,0.0,0.0,5700.0,0.0,,,1.2527626200113375,0.0,0.0
Londrina,PR,2021,II - OUTRAS DESPESAS,18 - Seguro da Produção,106.07,1.11653,2.98,5700.0,2.13,,Seguro,1.2527626200113375,132.88053110460257,1.3987470481212587
Londrina,PR,2021,II - OUTRAS DESPESAS,19 - Seguro do crédito,0.0,0.0,0.0,5700.0,0.0,,Seguro,1.2527626200113375,0.0,0.0
Londrina,PR,2021,II - OUTRAS DESPESAS,20 - Assistência Técnica,0.0,0.0,0.0,5700.0,0.0,,,1.2527626200113375,0.0,0.0
Londrina,PR,2021,II - OUTRAS DESPESAS,21 - Classificação,0.0,0.0,0.0,5700.0,0.0,,,1.2527626200113375,0.0,0.0
Londrina,PR,2021,II - OUTRAS DESPESAS,22 - Outros,0.0,0.0,0.0,5700.0,0.0,,,1.2527626200113375,0.0,0.0
Londrina,PR,2021,II - OUTRAS DESPESAS,23 - CESSR,112.02,1.17916,3.15,5700.0,2.25,,,1.2527626200113375,140.33446869367003,1.4772075710125687
Londrina,PR,2021,II - OUTRAS DESPESAS,TOTAL DAS OUTRAS DESPESAS (B),494.74,5.20779,13.9,5700.0,9.92,Total Outras Despesas (B),,1.2527626200113375,619.7917786244092,6.524124644868843
Londrina,PR,2021,III - DESPESAS FINANCEIRAS,24 - Juros do Financiamento,34.03,0.36,0.96,5700.0,0.68,,Juros/Financiamento,1.2527626200113375,42.63151195898582,0.4509945432040815
Londrina,PR,2021,III - DESPESAS FINANCEIRAS,TOTAL DAS DESPESAS FINANCEIRAS (C),34.03,0.36,0.96,5700.0,0.68,Total Despesas Financeiras (C),,1.2527626200113375,42.63151195898582,0.4509945432040815
Londrina,PR,2021,III - DESPESAS FINANCEIRAS,CUSTO VARIÁVEL (A+B+C=D),3559.3000000000006,37.46811,100.01,5700.0,71.38,Custo Variável (D),,1.2527626200113375,4458.957993406354,46.938647650473
Londrina,PR,2021,IV - DEPRECIAÇÕES,25 - Depreciação de benfeitorias/instalações,12.3,0.1295,0.35,5700.0,0.25,,Máquinas/Depreciação,1.2527626200113375,15.408980226139452,0.16223275929146821
Londrina,PR,2021,IV - DEPRECIAÇÕES,26 - Depreciação de implementos,217.3,2.28741,6.11,5700.0,4.36,,Máquinas/Depreciação,1.2527626200113375,272.2253173284637,2.8655817446401337
Londrina,PR,2021,IV - DEPRECIAÇÕES,27 - Depreciação de Máquinas,152.99,1.61046,4.3,5700.0,3.07,,Máquinas/Depreciação,1.2527626200113375,191.66015323553455,2.0175240890234587
Londrina,PR,2021,IV - DEPRECIAÇÕES,TOTAL DE DEPRECIAÇÕES (E),382.59,4.02737,10.76,5700.0,7.68,Total Depreciações (E),Máquinas/Depreciação,1.2527626200113375,479.2944507901376,5.045338592955061
Londrina,PR,2021,V - OUTROS CUSTOS FIXOS,28 - Manutenção Periódica Benfeitorias/Instalações,76.62,0.80653,2.15,5700.0,1.54,,,1.2527626200113375,95.98667194526868,1.010390635917744
Londrina,PR,2021,V - OUTROS CUSTOS FIXOS,29 - Encargos Sociais,147.46,1.55217,4.14,5700.0,2.96,,,1.2527626200113375,184.73237594687185,1.9445005559029978
Londrina,PR,2021,V - OUTROS CUSTOS FIXOS,30 - Seguro do capital fixo,20.84,0.21932,0.59,5700.0,0.42,,Seguro,1.2527626200113375,26.107573001036275,0.27475589782088655
Londrina,PR,2021,V - OUTROS CUSTOS FIXOS,31 - Arrendamento,583.01,6.13694,16.38,5700.0,11.69,,Arrendamento,1.2527626200113375,730.3731350928099,7.688129033252378
Londrina,PR,2021,V - OUTROS CUSTOS FIXOS,TOTAL DE OUTROS CUSTOS FIXOS (F),827.9300000000001,8.71496,23.26,5700.0,16.61,Total Outros Custos Fixos (F),,1.2527626200113375,1037.1997559859867,10.917776122894006
Londrina,PR,2021,V - OUTROS CUSTOS FIXOS,CUSTO FIXO (E+F=G),1210.52,12.74233,34.02,5700.0,24.29,Custo Fixo (G),,1.2527626200113375,1516.4942067761242,15.963114715849068
Londrina,PR,2021,V - OUTROS CUSTOS FIXOS,CUSTO OPERACIONAL (D+G=H),4769.820000000001,50.21044,134.03,5700.0,95.67,Custo Operacional (H),,1.2527626200113375,5975.452200182479,62.90176236632206
Londrina,PR,2021,VI - RENDA DE FATORES,32 - Remuneração esperada sobre o capital fixo,46.95,0.4942,1.32,5700.0,0.94,,,1.2527626200113375,58.8172050095323,0.6191152868096029
Londrina,PR,2021,VI - RENDA DE FATORES,33 - Terra Própria,169.85,1.78784,4.77,5700.0,3.41,,Terra,1.2527626200113375,212.78173100892568,2.23973912256107
Londrina,PR,2021,VI - RENDA DE FATORES,TOTAL DE RENDA DE FATORES (F),216.8,2.28204,6.09,5700.0,4.35,Total Renda de Fatores (I),,1.2527626200113375,271.598936018458,2.8588544093706725
Londrina,PR,2021,VI - RENDA DE FATORES,CUSTO TOTAL (H+I=J),4986.620000000001,52.49248,140.12,5700.0,100.02,Custo Total (J),,1.2527626200113375,6247.051136200937,65.76061677569274
Londrina,PR,2022,I - DESPESAS DO CUSTEIO,1 - Operação com animal,0.0,0.0,0.0,5700.0,0.0,,,1.146379346107216,0.0,0.0
Londrina,PR,2022,I - DESPESAS DO CUSTEIO,2 - Operação com Avião,0.0,0.0,0.0,5700.0,0.0,,,1.146379346107216,0.0,0.0
Londrina,PR,2022,3 - Operação com máquinas:,3.1 - Tratores e Colheitadeiras,611.95,6.4416,10.32,5700.0,7.54,,,1.146379346107216,701.5268408503109,7.384517195884243
Londrina,PR,2022,3 - Operação com máquinas:,3.2 - Conjunto de Irrigação,0.0,0.0,0.0,5700.0,0.0,,,1.146379346107216,0.0,0.0
Londrina,PR,2022,3 - Operação com máquinas:,4 - Aluguel de Máquinas,0.0,0.0,0.0,5700.0,0.0,,Máquinas/Depreciação,1.146379346107216,0.0,0.0
Londrina,PR,2022,3 - Operação com máquinas:,5 - Aluguel de Animais,0.0,0.0,0.0,5700.0,0.0,,,1.146379346107216,0.0,0.0
Londrina,PR,2022,3 - Operação com máquinas:,6 - Mão de obra,12.77,0.13442,0.22,5700.0,0.16,,Mão de obra,1.146379346107216,14.639264249789148,0.154096311703732
Londrina,PR,2022,3 - Operação com máquinas:,7 - Administrador,326.56,3.43748,5.51,5700.0,4.02,,Administração,1.146379346107216,374.36163926477246,3.940656074656633
Londrina,PR,2022,3 - Operação com máquinas:,8 - Sementes e mudas,1005.0,10.57895,16.95,5700.0,12.38,,Sementes,1.146379346107216,1152.1112428377521,12.127489783500934
Londrina,PR,2022,3 - Operação com máquinas:,9 - Fertilizantes,2100.8,22.11368,35.44,5700.0,25.87,,Fertilizantes,1.146379346107216,2408.31373030204,25.35066601842422
Londrina,PR,2022,3 - Operação com máquinas:,10 - Agrotóxicos,910.62,9.58547,15.36,5700.0,11.22,,Defensivos/Agrotóxicos,1.146379346107216,1043.915960152153,10.988584830730337
Londrina,PR,2022,3 - Operação com máquinas:,11 - Receita,0.0,0.0,0.0,5700.0,0.0,,,1.146379346107216,0.0,0.0
Londrina,PR,2022,12 - Outros:,12.1 - Embalagens/Utensílios,0.0,0.0,0.0,5700.0,0.0,,,1.146379346107216,0.0,0.0
Londrina,PR,2022,12 - Outros:,12.2 - Análise de Solo,0.0,0.0,0.0,5700.0,0.0,,,1.146379346107216,0.0,0.0
Londrina,PR,2022,12 - Outros:,12.3 - Demais Despesas,0.0,0.0,0.0,5700.0,0.0,,,1.146379346107216,0.0,0.0
Londrina,PR,2022,12 - Outros:,13 - Serviços Diversos,0.0,0.0,0.0,5700.0,0.0,,,1.146379346107216,0.0,0.0
Londrina,PR,2022,12 - Outros:,TOTAL DAS DESPESAS DE CUSTEIO (A),4967.7,52.2916,83.8,5700.0,61.19,Total Despesas de Custeio (A),,1.146379346107216,5694.8686776568165,59.9460102149001
Londrina,PR,2022,II - OUTRAS DESPESAS,14 - Transporte Externo,277.02,2.916,4.67,5700.0,3.41,,Transporte,1.146379346107216,317.570006458621,3.3428421732486417
Londrina,PR,2022,II - OUTRAS DESPESAS,15 - Despesas Administrativas,149.03,1.56874,2.51,5700.0,1.84,,Administração,1.146379346107216,170.8449139503584,1.798371135412234
Londrina,PR,2022,II - OUTRAS DESPESAS,16 - Despesas de armazenagem,0.0,0.0,0.0,5700.0,0.0,,,1.146379346107216,0.0,0.0
Londrina,PR,2022,II - OUTRAS DESPESAS,17 - Beneficiamento,0.0,0.0,0.0,5700.0,0.0,,,1.146379346107216,0.0,0.0
Londrina,PR,2022,II - OUTRAS DESPESAS,18 - Seguro da Produção,173.87,1.83021,2.93,5700.0,2.14,,Seguro,1.146379346107216,199.32097690766165,2.0981149430388877
Londrina,PR,2022,II - OUTRAS DESPESAS,19 - Seguro do crédito,0.0,0.0,0.0,5700.0,0.0,,Seguro,1.146379346107216,0.0,0.0
Londrina,PR,2022,II - OUTRAS DESPESAS,20 - Assistência Técnica,0.0,0.0,0.0,5700.0,0.0,,,1.146379346107216,0.0,0.0
Londrina,PR,2022,II - OUTRAS DESPESAS,21 - Classificação,0.0,0.0,0.0,5700.0,0.0,,,1.146379346107216,0.0,0.0
Londrina,PR,2022,II - OUTRAS DESPESAS,22 - Outros,0.0,0.0,0.0,5700.0,0.0,,,1.146379346107216,0.0,0.0
Londrina,PR,2022,II - OUTRAS DESPESAS,23 - CESSR,130.39,1.37253,2.2,5700.0,1.61,,,1.146379346107216,149.47640293891988,1.5734400439125373
Londrina,PR,2022,II - OUTRAS DESPESAS,TOTAL DAS OUTRAS DESPESAS (B),730.31,7.68748,12.31,5700.0,9.0,Total Outras Despesas (B),,1.146379346107216,837.2123002555609,8.812768295612301
Londrina,PR,2022,III - DESPESAS FINANCEIRAS,24 - Juros do Financiamento,230.37,2.42495,3.89,5700.0,2.84,,Juros/Financiamento,1.146379346107216,264.09140996271935,2.7799125953426933
Londrina,PR,2022,III - DESPESAS FINANCEIRAS,TOTAL DAS DESPESAS FINANCEIRAS (C),230.37,2.42495,3.89,5700.0,2.84,Total Despesas Financeiras (C),,1.146379346107216,264.09140996271935,2.7799125953426933
Londrina,PR,2022,III - DESPESAS FINANCEIRAS,CUSTO VARIÁVEL (A+B+C=D),5928.38,62.40403,100.0,5700.0,73.03,Custo Variável (D),,1.146379346107216,6796.172387875097,71.5386911058551
Londrina,PR,2022,IV - DEPRECIAÇÕES,25 - Depreciação de benfeitorias/instalações,12.69,0.13356,0.21,5700.0,0.16,,Máquinas/Depreciação,1.146379346107216,14.54755390210057,0.15311042546607978
Londrina,PR,2022,IV - DEPRECIAÇÕES,26 - Depreciação de implementos,236.08,2.48504,3.98,5700.0,2.91,,Máquinas/Depreciação,1.146379346107216,270.6372360289916,2.848798530250276
Londrina,PR,2022,IV - DEPRECIAÇÕES,27 - Depreciação de Máquinas,242.52,2.55284,4.09,5700.0,2.99,,Máquinas/Depreciação,1.146379346107216,278.01991901792206,2.9265230499163457
Londrina,PR,2022,IV - DEPRECIAÇÕES,TOTAL DE DEPRECIAÇÕES (E),491.29,5.17144,8.28,5700.0,6.06,Total Depreciações (E),Máquinas/Depreciação,1.146379346107216,563.2047089490142,5.9284320056327005
Londrina,PR,2022,V - OUTROS CUSTOS FIXOS,28 - Manutenção Periódica Benfeitorias/Instalações,79.02,0.83176,1.33,5700.0,0.97,,,1.146379346107216,90.58689592939221,0.9535124849181381
Londrina,PR,2022,V - OUTROS CUSTOS FIXOS,29 - Encargos Sociais,148.88,1.56714,2.51,5700.0,1.83,,,1.146379346107216,170.67295704844233,1.7965369284584625
Londrina,PR,2022,V - OUTROS CUSTOS FIXOS,30 - Seguro do capital fixo,26.25,0.27633,0.44,5700.0,0.32,,Seguro,1.146379346107216,30.09245783531442,0.316779004709807
Londrina,PR,2022,V - OUTROS CUSTOS FIXOS,31 - Arrendamento,709.73,7.47088,11.97,5700.0,8.74,,Arrendamento,1.146379346107216,813.6198133126744,8.564462529245478
Londrina,PR,2022,V - OUTROS CUSTOS FIXOS,TOTAL DE OUTROS CUSTOS FIXOS (F),963.88,10.14611,16.25,5700.0,11.86,Total Outros Custos Fixos (F),,1.146379346107216,1104.9721241258235,11.631290947331886
Londrina,PR,2022,V - OUTROS CUSTOS FIXOS,CUSTO FIXO (E+F=G),1455.17,15.31755,24.53,5700.0,17.92,Custo Fixo (G),,1.146379346107216,1668.1768330748375,17.559722952964588
Londrina,PR,2022,V - OUTROS CUSTOS FIXOS,CUSTO OPERACIONAL (D+G=H),7383.55,77.72158,124.53,5700.0,90.95,Custo Operacional (H),,1.146379346107216,8464.349220949935,89.09841405881969
Londrina,PR,2022,VI - RENDA DE FATORES,32 - Remuneração esperada sobre o capital fixo,151.91,1.59902,2.56,5700.0,1.87,,,1.146379346107216,174.14648646714718,1.8330835020123608
Londrina,PR,2022,VI - RENDA DE FATORES,33 - Terra Própria,583.87,6.14599,9.85,5700.0,7.19,,Terra,1.146379346107216,669.3365088116202,7.045635997381489
Londrina,PR,2022,VI - RENDA DE FATORES,TOTAL DE RENDA DE FATORES (F),735.78,7.74501,12.41,5700.0,9.06,Total Renda de Fatores (I),,1.146379346107216,843.4829952787674,8.87871949939385
Londrina,PR,2022,VI - RENDA DE FATORES,CUSTO TOTAL (H+I=J),8119.33,85.46659,136.94,5700.0,100.01,Custo Total (J),,1.146379346107216,9307.832216228702,97.97713355821352
Londrina,PR,2023,I - DESPESAS DO CUSTEIO,1 - Operação com animal,0.0,0.0,0.0,5700.0,0.0,,,1.0960327537763812,0.0,0.0
Londrina,PR,2023,I - DESPESAS DO CUSTEIO,2 - Operação com Avião,0.0,0.0,0.0,5700.0,0.0,,,1.0960327537763812,0.0,0.0
Londrina,PR,2023,3 - Operação com máquinas:,3.1 - Tratores e Colheitadeiras,577.35,6.07735,11.08,5700.0,6.76,,,1.0960327537763812,632.7945103927938,6.660974656162891
Londrina,PR,2023,3 - Operação com máquinas:,3.2 - Conjunto de Irrigação,0.0,0.0,0.0,5700.0,0.0,,,1.0960327537763812,0.0,0.0
Londrina,PR,2023,3 - Operação com máquinas:,4 - Aluguel de Máquinas,0.0,0.0,0.0,5700.0,0.0,,Máquinas/Depreciação,1.0960327537763812,0.0,0.0
Londrina,PR,2023,3 - Operação com máquinas:,5 - Aluguel de Animais,0.0,0.0,0.0,5700.0,0.0,,,1.0960327537763812,0.0,0.0
Londrina,PR,2023,3 - Operação com máquinas:,6 - Mão de obra,13.1,0.13789,0.25,5700.0,0.15,,Mão de obra,1.0960327537763812,14.358029074470593,0.15113195641822522
Londrina,PR,2023,3 - Operação com máquinas:,7 - Administrador,339.48,3.57348,6.52,5700.0,3.97,,Administração,1.0960327537763812,372.0811992520059,3.916651124964823
Londrina,PR,2023,3 - Operação com máquinas:,8 - Sementes e mudas,1400.0,14.73684,26.87,5700.0,16.39,,Sementes,1.0960327537763812,1534.4458552869337,16.152059327161925
Londrina,PR,2023,3 - Operação com máquinas:,9 - Fertilizantes,1210.02,12.73705,23.23,5700.0,14.16,,Fertilizantes,1.0960327537763812,1326.2215527244969,13.960223986487456
Londrina,PR,2023,3 - Operação com máquinas:,10 - Agrotóxicos,808.96,8.51538,15.53,5700.0,9.47,,Defensivos/Agrotóxicos,1.0960327537763812,886.6466564949413,9.333135390852322
Londrina,PR,2023,3 - Operação com máquinas:,11 - Receita,0.0,0.0,0.0,5700.0,0.0,,,1.0960327537763812,0.0,0.0
Londrina,PR,2023,12 - Outros:,12.1 - Embalagens/Utensílios,0.0,0.0,0.0,5700.0,0.0,,,1.0960327537763812,0.0,0.0
Londrina,PR,2023,12 - Outros:,12.2 - Análise de Solo,0.0,0.0,0.0,5700.0,0.0,,,1.0960327537763812,0.0,0.0
Londrina,PR,2023,12 - Outros:,12.3 - Demais Despesas,0.0,0.0,0.0,5700.0,0.0,,,1.0960327537763812,0.0,0.0
Londrina,PR,2023,12 - Outros:,13 - Serviços Diversos,0.0,0.0,0.0,5700.0,0.0,,,1.0960327537763812,0.0,0.0
Londrina,PR,2023,12 - Outros:,TOTAL DAS DESPESAS DE CUSTEIO (A),4348.91,45.77799,83.48,5700.0,50.9,Total Despesas de Custeio (A),,1.0960327537763812,4766.5478032256415,50.174176442047646
Londrina,PR,2023,II - OUTRAS DESPESAS,14 - Transporte Externo,0.0,0.0,0.0,5700.0,0.0,,Transporte,1.0960327537763812,0.0,0.0
Londrina,PR,2023,II - OUTRAS DESPESAS,15 - Despesas Administrativas,130.47,1.37337,2.5,5700.0,1.53,,Administração,1.0960327537763812,142.99939338520446,1.5052585030538685
Londrina,PR,2023,II - OUTRAS DESPESAS,16 - Despesas de armazenagem,0.0,0.0,0.0,5700.0,0.0,,,1.0960327537763812,0.0,0.0
Londrina,PR,2023,II - OUTRAS DESPESAS,17 - Beneficiamento,0.0,0.0,0.0,5700.0,0.0,,,1.0960327537763812,0.0,0.0
Londrina,PR,2023,II - OUTRAS DESPESAS,18 - Seguro da Produção,0.0,0.0,0.0,5700.0,0.0,,Seguro,1.0960327537763812,0.0,0.0
Londrina,PR,2023,II - OUTRAS DESPESAS,19 - Seguro do crédito,369.66,3.89116,7.1,5700.0,4.33,,Seguro,1.0960327537763812,405.1594677609771,4.264838810184504
Londrina,PR,2023,II - OUTRAS DESPESAS,20 - Assistência Técnica,0.0,0.0,0.0,5700.0,0.0,,,1.0960327537763812,0.0,0.0
Londrina,PR,2023,II - OUTRAS DESPESAS,21 - Classificação,0.0,0.0,0.0,5700.0,0.0,,,1.0960327537763812,0.0,0.0
Londrina,PR,2023,II - OUTRAS DESPESAS,22 - Outros,0.0,0.0,0.0,5700.0,0.0,,,1.0960327537763812,0.0,0.0
Londrina,PR,2023,II - OUTRAS DESPESAS,23 - CESSR,104.15,1.09632,2.0,5700.0,1.22,,,1.0960327537763812,114.15181130581011,1.2016026286201222
Londrina,PR,2023,II - OUTRAS DESPESAS,TOTAL DAS OUTRAS DESPESAS (B),604.28,6.36085,11.6,5700.0,7.08,Total Outras Despesas (B),,1.0960327537763812,662.3106724519916,6.971699941858494
Londrina,PR,2023,III - DESPESAS FINANCEIRAS,24 - Juros do Financiamento,256.29,2.69779,4.92,5700.0,3.0,,Juros/Financiamento,1.0960327537763812,280.9022344653488,2.9568662028103834
Londrina,PR,2023,III - DESPESAS FINANCEIRAS,TOTAL DAS DESPESAS FINANCEIRAS (C),256.29,2.69779,4.92,5700.0,3.0,Total Despesas Financeiras (C),,1.0960327537763812,280.9022344653488,2.9568662028103834
Londrina,PR,2023,III - DESPESAS FINANCEIRAS,CUSTO VARIÁVEL (A+B+C=D),5209.48,54.83663,100.0,5700.0,60.98,Custo Variável (D),,1.0960327537763812,5709.760710142982,60.102742586716516
Londrina,PR,2023,IV - DEPRECIAÇÕES,25 - Depreciação de benfeitorias/instalações,9.8,0.10317,0.19,5700.0,0.11,,Máquinas/Depreciação,1.0960327537763812,10.741120987008536,0.11307769920710925
Londrina,PR,2023,IV - DEPRECIAÇÕES,26 - Depreciação de implementos,291.33,3.06667,5.59,5700.0,3.41,,Máquinas/Depreciação,1.0960327537763812,319.3072221576731,3.361170765023415
Londrina,PR,2023,IV - DEPRECIAÇÕES,27 - Depreciação de Máquinas,295.82,3.11389,5.68,5700.0,3.46,,Máquinas/Depreciação,1.0960327537763812,324.2284092221291,3.4129254316567357
Londrina,PR,2023,IV - DEPRECIAÇÕES,TOTAL DE DEPRECIAÇÕES (E),596.9499999999999,6.28373,11.46,5700.0,6.98,Total Depreciações (E),Máquinas/Depreciação,1.0960327537763812,654.2767523668107,6.88717389588726
Londrina,PR,2023,V - OUTROS CUSTOS FIXOS,28 - Manutenção Periódica Benfeitorias/Instalações,104.16,1.0964,2.0,5700.0,1.22,,,1.0960327537763812,114.16277163334786,1.2016903112404245
Londrina,PR,2023,V - OUTROS CUSTOS FIXOS,29 - Encargos Sociais,154.77,1.62915,2.97,5700.0,1.81,,,1.0960327537763812,169.63298930197053,1.7856017608147916
Londrina,PR,2023,V - OUTROS CUSTOS FIXOS,30 - Seguro do capital fixo,31.37,0.33022,0.6,5700.0,0.37,,Seguro,1.0960327537763812,34.38254748596508,0.3619319359520366
Londrina,PR,2023,V - OUTROS CUSTOS FIXOS,31 - Arrendamento,829.3,8.72952,15.92,5700.0,9.71,,Arrendamento,1.0960327537763812,908.9399627067529,9.567839844745997
Londrina,PR,2023,V - OUTROS CUSTOS FIXOS,TOTAL DE OUTROS CUSTOS FIXOS (F),1119.6,11.78529,21.49,5700.0,13.11,Total Outros Custos Fixos (F),,1.0960327537763812,1227.1182711280362,12.917063852753248
Londrina,PR,2023,V - OUTROS CUSTOS FIXOS,CUSTO FIXO (E+F=G),1716.5499999999995,18.06902,32.95,5700.0,20.09,Custo Fixo (G),,1.0960327537763812,1881.3950234948466,19.804237748640507
Londrina,PR,2023,V - OUTROS CUSTOS FIXOS,CUSTO OPERACIONAL (D+G=H),6926.029999999999,72.90565,132.95,5700.0,81.07,Custo Operacional (H),,1.0960327537763812,7591.155733637828,79.90698033535702
Londrina,PR,2023,VI - RENDA DE FATORES,32 - Remuneração esperada sobre o capital fixo,372.27,3.91862,7.15,5700.0,4.36,,,1.0960327537763812,408.0201132483334,4.294935869603203
Londrina,PR,2023,VI - RENDA DE FATORES,33 - Terra Própria,1244.31,13.09799,23.89,5700.0,14.57,,Terra,1.0960327537763812,1363.8045158514888,14.355826048635503
Londrina,PR,2023,VI - RENDA DE FATORES,TOTAL DE RENDA DE FATORES (F),1616.58,17.01661,31.04,5700.0,18.93,Total Renda de Fatores (I),,1.0960327537763812,1771.8246290998222,18.650761918238707
Londrina,PR,2023,VI - RENDA DE FATORES,CUSTO TOTAL (H+I=J),8542.609999999999,89.92226,163.99,5700.0,100.0,Custo Total (J),,1.0960327537763812,9362.980362737651,98.55774225359572
Londrina,PR,2024,I - DESPESAS DO CUSTEIO,1 - Operação com animal,0.0,0.0,0.0,5700.0,0.0,,,1.0501675476932033,0.0,0.0
Londrina,PR,2024,I - DESPESAS DO CUSTEIO,2 - Operação com Avião,0.0,0.0,0.0,5700.0,0.0,,,1.0501675476932033,0.0,0.0
Londrina,PR,2024,3 - Operação com máquinas:,3.1 - Tratores e Colheitadeiras,598.4,6.29894,12.88,5700.0,8.06,,,1.0501675476932033,628.4202605396129,6.614942372866626
Londrina,PR,2024,3 - Operação com máquinas:,3.2 - Conjunto de Irrigação,0.0,0.0,0.0,5700.0,0.0,,,1.0501675476932033,0.0,0.0
Londrina,PR,2024,3 - Operação com máquinas:,4 - Aluguel de Máquinas,0.0,0.0,0.0,5700.0,0.0,,Máquinas/Depreciação,1.0501675476932033,0.0,0.0
Londrina,PR,2024,3 - Operação com máquinas:,5 - Aluguel de Animais,0.0,0.0,0.0,5700.0,0.0,,,1.0501675476932033,0.0,0.0
Londrina,PR,2024,3 - Operação com máquinas:,6 - Mão de obra,14.54,0.15305,0.31,5700.0,0.2,,Mão de obra,1.0501675476932033,15.269436143459176,0.16072814317444475
Londrina,PR,2024,3 - Operação com máquinas:,7 - Administrador,407.88,4.29348,8.78,5700.0,5.49,,Administração,1.0501675476932033,428.34233935310374,4.5088733626698145
Londrina,PR,2024,3 - Operação com máquinas:,8 - Sementes e mudas,1204.11,12.67484,25.93,5700.0,16.21,,Sementes,1.0501675476932033,1264.517245852863,13.31070564020372
Londrina,PR,2024,3 - Operação com máquinas:,9 - Fertilizantes,1137.24,11.97096,24.49,5700.0,15.31,,Fertilizantes,1.0501675476932033,1194.2925419386186,12.571513706733429
Londrina,PR,2024,3 - Operação com máquinas:,10 - Agrotóxicos,589.47,6.20495,12.69,5700.0,7.94,,Defensivos/Agrotóxicos,1.0501675476932033,619.0422643387126,6.516237125058942
Londrina,PR,2024,3 - Operação com máquinas:,11 - Receita,0.0,0.0,0.0,5700.0,0.0,,,1.0501675476932033,0.0,0.0
Londrina,PR,2024,12 - Outros:,12.1 - Embalagens/Utensílios,0.0,0.0,0.0,5700.0,0.0,,,1.0501675476932033,0.0,0.0
Londrina,PR,2024,12 - Outros:,12.2 - Análise de Solo,0.0,0.0,0.0,5700.0,0.0,,,1.0501675476932033,0.0,0.0
Londrina,PR,2024,12 - Outros:,12.3 - Demais Despesas,0.0,0.0,0.0,5700.0,0.0,,,1.0501675476932033,0.0,0.0
Londrina,PR,2024,12 - Outros:,13 - Serviços Diversos,0.0,0.0,0.0,5700.0,0.0,,,1.0501675476932033,0.0,0.0
Londrina,PR,2024,12 - Outros:,TOTAL DAS DESPESAS DE CUSTEIO (A),3951.64,41.59622,85.08,5700.0,53.21,Total Despesas de Custeio (A),,1.0501675476932033,4149.88408816637,43.68300035070698
Londrina,PR,2024,II - OUTRAS DESPESAS,14 - Transporte Externo,0.0,0.0,0.0,5700.0,0.0,,Transporte,1.0501675476932033,0.0,0.0
Londrina,PR,2024,II - OUTRAS DESPESAS,15 - Despesas Administrativas,118.55,1.24789,2.55,5700.0,1.6,,Administração,1.0501675476932033,124.49736277902925,1.3104935810908713
Londrina,PR,2024,II - OUTRAS DESPESAS,16 - Despesas de armazenagem,0.0,0.0,0.0,5700.0,0.0,,,1.0501675476932033,0.0,0.0
Londrina,PR,2024,II - OUTRAS DESPESAS,17 - Beneficiamento,0.0,0.0,0.0,5700.0,0.0,,,1.0501675476932033,0.0,0.0
Londrina,PR,2024,II - OUTRAS DESPESAS,18 - Seguro da Produção,0.0,0.0,0.0,5700.0,0.0,,Seguro,1.0501675476932033,0.0,0.0
Londrina,PR,2024,II - OUTRAS DESPESAS,19 - Seguro do crédito,335.89,3.53568,7.23,5700.0,4.52,,Seguro,1.0501675476932033,352.74077759467,3.7130563950279054
Londrina,PR,2024,II - OUTRAS DESPESAS,20 - Assistência Técnica,0.0,0.0,0.0,5700.0,0.0,,,1.0501675476932033,0.0,0.0
Londrina,PR,2024,II - OUTRAS DESPESAS,21 - Classificação,0.0,0.0,0.0,5700.0,0.0,,,1.0501675476932033,0.0,0.0
Londrina,PR,2024,II - OUTRAS DESPESAS,22 - Outros,0.0,0.0,0.0,5700.0,0.0,,,1.0501675476932033,0.0,0.0
Londrina,PR,2024,II - OUTRAS DESPESAS,23 - CESSR,66.19,0.69674,1.43,5700.0,0.89,,,1.0501675476932033,69.51058998181313,0.7316937371797625
Londrina,PR,2024,II - OUTRAS DESPESAS,TOTAL DAS OUTRAS DESPESAS (B),520.63,5.48031,11.21,5700.0,7.01,Total Outras Despesas (B),,1.0501675476932033,546.7487303555124,5.7552437132985395
Londrina,PR,2024,III - DESPESAS FINANCEIRAS,24 - Juros do Financiamento,172.27,1.81337,3.71,5700.0,2.32,,Juros/Financiamento,1.0501675476932033,180.91236344110814,1.904342325960424
Londrina,PR,2024,III - DESPESAS FINANCEIRAS,TOTAL DAS DESPESAS FINANCEIRAS (C),172.27,1.81337,3.71,5700.0,2.32,Total Despesas Financeiras (C),,1.0501675476932033,180.91236344110814,1.904342325960424
Londrina,PR,2024,III - DESPESAS FINANCEIRAS,CUSTO VARIÁVEL (A+B+C=D),4644.54,48.8899,100.0,5700.0,62.54,Custo Variável (D),,1.0501675476932033,4877.545181962991,51.34258638996594
Londrina,PR,2024,IV - DEPRECIAÇÕES,25 - Depreciação de benfeitorias/instalações,9.58,0.10086,0.21,5700.0,0.13,,Máquinas/Depreciação,1.0501675476932033,10.060605106900887,0.1059198988603365
Londrina,PR,2024,IV - DEPRECIAÇÕES,26 - Depreciação de implementos,263.66,2.77541,5.68,5700.0,3.55,,Máquinas/Depreciação,1.0501675476932033,276.88717562479,2.9146455135431935
Londrina,PR,2024,IV - DEPRECIAÇÕES,27 - Depreciação de Máquinas,263.15,2.76999,5.67,5700.0,3.54,,Máquinas/Depreciação,1.0501675476932033,276.3515901754664,2.908953605434696
Londrina,PR,2024,IV - DEPRECIAÇÕES,TOTAL DE DEPRECIAÇÕES (E),536.39,5.64626,11.56,5700.0,7.22,Total Depreciações (E),Máquinas/Depreciação,1.0501675476932033,563.2993709071573,5.929519017838226
Londrina,PR,2024,V - OUTROS CUSTOS FIXOS,28 - Manutenção Periódica Benfeitorias/Instalações,101.83,1.07192,2.19,5700.0,1.37,,,1.0501675476932033,106.93856138159889,1.1256955977232985
Londrina,PR,2024,V - OUTROS CUSTOS FIXOS,29 - Encargos Sociais,185.95,1.95739,4.0,5700.0,2.5,,,1.0501675476932033,195.27865549355116,2.0555874561791994
Londrina,PR,2024,V - OUTROS CUSTOS FIXOS,30 - Seguro do capital fixo,27.82,0.29282,0.6,5700.0,0.37,,Seguro,1.0501675476932033,29.215661176824916,0.30751006131552383
Londrina,PR,2024,V - OUTROS CUSTOS FIXOS,31 - Arrendamento,587.44,6.18358,12.65,5700.0,7.91,,Arrendamento,1.0501675476932033,616.9104242168954,6.493795044564738
Londrina,PR,2024,V - OUTROS CUSTOS FIXOS,TOTAL DE OUTROS CUSTOS FIXOS (F),903.0400000000002,9.50571,19.44,5700.0,12.15,Total Outros Custos Fixos (F),,1.0501675476932033,948.3433022688705,9.982588159782761
Londrina,PR,2024,V - OUTROS CUSTOS FIXOS,CUSTO FIXO (E+F=G),1439.4300000000003,15.15197,31.0,5700.0,19.37,Custo Fixo (G),,1.0501675476932033,1511.642673176028,15.912107177620985
Londrina,PR,2024,V - OUTROS CUSTOS FIXOS,CUSTO OPERACIONAL (D+G=H),6083.97,64.04187,131.0,5700.0,81.91,Custo Operacional (H),,1.0501675476932033,6389.187855139018,67.25469356758693
Londrina,PR,2024,VI - RENDA DE FATORES,32 - Remuneração esperada sobre o capital fixo,281.89,2.96728,6.07,5700.0,3.79,,,1.0501675476932033,296.03173001923705,3.1161411609190885
Londrina,PR,2024,VI - RENDA DE FATORES,33 - Terra Própria,1062.56,11.1848,22.88,5700.0,14.3,,Terra,1.0501675476932033,1115.8660294768902,11.74591398743894
Londrina,PR,2024,VI - RENDA DE FATORES,TOTAL DE RENDA DE FATORES (F),1344.4499999999998,14.15208,28.95,5700.0,18.09,Total Renda de Fatores (I),,1.0501675476932033,1411.897759496127,14.862055148358028
Londrina,PR,2024,VI - RENDA DE FATORES,CUSTO TOTAL (H+I=J),7428.42,78.19395,159.95,5700.0,100.0,Custo Total (J),,1.0501675476932033,7801.085614635145,82.11674871594495
Londrina,PR,2025,I - DESPESAS DO CUSTEIO,1 - Operação com animal,0.0,0.0,0.0,5700.0,0.0,,,1.0,0.0,0.0
Londrina,PR,2025,I - DESPESAS DO CUSTEIO,2 - Operação com Avião,0.0,0.0,0.0,5700.0,0.0,,,1.0,0.0,0.0
Londrina,PR,2025,3 - Operação com máquinas:,3.1 - Tratores e Colheitadeiras,642.57,6.76391,13.97,5700.0,8.57,,,1.0,642.57,6.76391
Londrina,PR,2025,3 - Operação com máquinas:,3.2 - Conjunto de Irrigação,0.0,0.0,0.0,5700.0,0.0,,,1.0,0.0,0.0
Londrina,PR,2025,3 - Operação com máquinas:,4 - Aluguel de Máquinas,0.0,0.0,0.0,5700.0,0.0,,Máquinas/Depreciação,1.0,0.0,0.0
Londrina,PR,2025,3 - Operação com máquinas:,5 - Aluguel de Animais,0.0,0.0,0.0,5700.0,0.0,,,1.0,0.0,0.0
Londrina,PR,2025,3 - Operação com máquinas:,6 - Mão de obra,16.37,0.17232,0.36,5700.0,0.22,,Mão de obra,1.0,16.37,0.17232
Londrina,PR,2025,3 - Operação com máquinas:,7 - Administrador,427.12,4.496,9.29,5700.0,5.7,,Administração,1.0,427.12,4.496
Londrina,PR,2025,3 - Operação com máquinas:,8 - Sementes e mudas,949.22,9.99179,20.64,5700.0,12.66,,Sementes,1.0,949.22,9.99179
Londrina,PR,2025,3 - Operação com máquinas:,9 - Fertilizantes,1255.82,13.21917,27.31,5700.0,16.75,,Fertilizantes,1.0,1255.82,13.21917
Londrina,PR,2025,3 - Operação com máquinas:,10 - Agrotóxicos,552.1,5.81159,12.0,5700.0,7.36,,Defensivos/Agrotóxicos,1.0,552.1,5.81159
Londrina,PR,2025,3 - Operação com máquinas:,11 - Receita,0.0,0.0,0.0,5700.0,0.0,,,1.0,0.0,0.0
Londrina,PR,2025,12 - Outros:,12.1 - Embalagens/Utensílios,0.0,0.0,0.0,5700.0,0.0,,,1.0,0.0,0.0
Londrina,PR,2025,12 - Outros:,12.2 - Análise de Solo,0.0,0.0,0.0,5700.0,0.0,,,1.0,0.0,0.0
Londrina,PR,2025,12 - Outros:,12.3 - Demais Despesas,0.0,0.0,0.0,5700.0,0.0,,,1.0,0.0,0.0
Londrina,PR,2025,12 - Outros:,13 - Serviços Diversos,0.0,0.0,0.0,5700.0,0.0,,,1.0,0.0,0.0
Londrina,PR,2025,12 - Outros:,TOTAL DAS DESPESAS DE CUSTEIO (A),3843.2,40.45478,83.57,5700.0,51.26,Total Despesas de Custeio (A),,1.0,3843.2,40.45478
Londrina,PR,2025,II - OUTRAS DESPESAS,14 - Transporte Externo,0.0,0.0,0.0,5700.0,0.0,,Transporte,1.0,0.0,0.0
Londrina,PR,2025,II - OUTRAS DESPESAS,15 - Despesas Administrativas,115.3,1.21368,2.51,5700.0,1.54,,Administração,1.0,115.3,1.21368
Londrina,PR,2025,II - OUTRAS DESPESAS,16 - Despesas de armazenagem,0.0,0.0,0.0,5700.0,0.0,,,1.0,0.0,0.0
Londrina,PR,2025,II - OUTRAS DESPESAS,17 - Beneficiamento,0.0,0.0,0.0,5700.0,0.0,,,1.0,0.0,0.0
Londrina,PR,2025,II - OUTRAS DESPESAS,18 - Seguro da Produção,0.0,0.0,0.0,5700.0,0.0,,Seguro,1.0,0.0,0.0
Londrina,PR,2025,II - OUTRAS DESPESAS,19 - Seguro do crédito,326.67,3.43863,7.1,5700.0,4.36,,Seguro,1.0,326.67,3.43863
Londrina,PR,2025,II - OUTRAS DESPESAS,20 - Assistência Técnica,0.0,0.0,0.0,5700.0,0.0,,,1.0,0.0,0.0
Londrina,PR,2025,II - OUTRAS DESPESAS,21 - Classificação,0.0,0.0,0.0,5700.0,0.0,,,1.0,0.0,0.0
Londrina,PR,2025,II - OUTRAS DESPESAS,22 - Outros,0.0,0.0,0.0,5700.0,0.0,,,1.0,0.0,0.0
Londrina,PR,2025,II - OUTRAS DESPESAS,23 - CESSR,98.25,1.03421,2.14,5700.0,1.31,,,1.0,98.25,1.03421
Londrina,PR,2025,II - OUTRAS DESPESAS,TOTAL DAS OUTRAS DESPESAS (B),540.22,5.68652,11.75,5700.0,7.21,Total Outras Despesas (B),,1.0,540.22,5.68652
Londrina,PR,2025,III - DESPESAS FINANCEIRAS,24 - Juros do Financiamento,215.59,2.26937,4.69,5700.0,2.88,,Juros/Financiamento,1.0,215.59,2.26937
Londrina,PR,2025,III - DESPESAS FINANCEIRAS,TOTAL DAS DESPESAS FINANCEIRAS (C),215.59,2.26937,4.69,5700.0,2.88,Total Despesas Financeiras (C),,1.0,215.59,2.26937
Londrina,PR,2025,III - DESPESAS FINANCEIRAS,CUSTO VARIÁVEL (A+B+C=D),4599.01,48.41067,100.01,5700.0,61.35,Custo Variável (D),,1.0,4599.01,48.41067
Londrina,PR,2025,IV - DEPRECIAÇÕES,25 - Depreciação de benfeitorias/instalações,10.18,0.10715,0.22,5700.0,0.14,,Máquinas/Depreciação,1.0,10.18,0.10715
Londrina,PR,2025,IV - DEPRECIAÇÕES,26 - Depreciação de implementos,296.74,3.12362,6.45,5700.0,3.96,,Máquinas/Depreciação,1.0,296.74,3.12362
Londrina,PR,2025,IV - DEPRECIAÇÕES,27 - Depreciação de Máquinas,279.04,2.9373,6.07,5700.0,3.72,,Máquinas/Depreciação,1.0,279.04,2.9373
Londrina,PR,2025,IV - DEPRECIAÇÕES,TOTAL DE DEPRECIAÇÕES (E),585.9599999999999,6.16807,12.74,5700.0,7.82,Total Depreciações (E),Máquinas/Depreciação,1.0,585.9599999999999,6.16807
Londrina,PR,2025,V - OUTROS CUSTOS FIXOS,28 - Manutenção Periódica Benfeitorias/Instalações,108.18,1.13874,2.35,5700.0,1.44,,,1.0,108.18,1.13874
Londrina,PR,2025,V - OUTROS CUSTOS FIXOS,29 - Encargos Sociais,194.72,2.04973,4.23,5700.0,2.6,,,1.0,194.72,2.04973
Londrina,PR,2025,V - OUTROS CUSTOS FIXOS,30 - Seguro do capital fixo,30.38,0.31983,0.66,5700.0,0.41,,Seguro,1.0,30.38,0.31983
Londrina,PR,2025,V - OUTROS CUSTOS FIXOS,31 - Arrendamento,661.98,6.96817,14.39,5700.0,8.83,,Arrendamento,1.0,661.98,6.96817
Londrina,PR,2025,V - OUTROS CUSTOS FIXOS,TOTAL DE OUTROS CUSTOS FIXOS (F),995.26,10.47647,21.63,5700.0,13.28,Total Outros Custos Fixos (F),,1.0,995.26,10.47647
Londrina,PR,2025,V - OUTROS CUSTOS FIXOS,CUSTO FIXO (E+F=G),1581.22,16.64454,34.37,5700.0,21.1,Custo Fixo (G),,1.0,1581.22,16.64454
Londrina,PR,2025,V - OUTROS CUSTOS FIXOS,CUSTO OPERACIONAL (D+G=H),6180.2300000000005,65.05521,134.38,5700.0,82.45,Custo Operacional (H),,1.0,6180.2300000000005,65.05521
Londrina,PR,2025,VI - RENDA DE FATORES,32 - Remuneração esperada sobre o capital fixo,296.95,3.12584,6.46,5700.0,3.96,,,1.0,296.95,3.12584
Londrina,PR,2025,VI - RENDA DE FATORES,33 - Terra Própria,1021.58,10.7535,22.21,5700.0,13.62,,Terra,1.0,1021.58,10.7535
Londrina,PR,2025,VI - RENDA DE FATORES,TOTAL DE RENDA DE FATORES (F),1318.53,13.87934,28.67,5700.0,17.58,Total Renda de Fatores (I),,1.0,1318.53,13.87934
Londrina,PR,2025,VI - RENDA DE FATORES,CUSTO TOTAL (H+I=J),7498.76,78.93455,163.05,5700.0,100.03,Custo Total (J),,1.0,7498.76,78.93455
M. Cândido Rondon,PR,2023,I - DESPESAS DE CUSTEIO,1 - Operação com animal,0.0,0.0,0.0,5500.0,,,,1.0960327537763812,0.0,0.0
M. Cândido Rondon,PR,2023,I - DESPESAS DE CUSTEIO,2 - Operação com avião,0.0,0.0,0.0,5500.0,,,,1.0960327537763812,0.0,0.0
M. Cândido Rondon,PR,2023,3 - Operação com máquinas próprias:,3.1 - Tratores e Colheitadeiras,122.31,1.3199999999999998,0.0130487696138762,5500.0,,,,1.0960327537763812,134.0557661143892,1.446763234984823
M. Cândido Rondon,PR,2023,3 - Operação com máquinas próprias:,3.2 - Conjunto de Irrigação,0.0,0.0,0.0,5500.0,,,,1.0960327537763812,0.0,0.0
M. Cândido Rondon,PR,2023,3 - Operação com máquinas próprias:,4 - Aluguel de máquinas,500.0,5.45,0.0533430202513132,5500.0,,,Máquinas/Depreciação,1.0960327537763812,548.0163768881906,5.973378508081278
M. Cândido Rondon,PR,2023,3 - Operação com máquinas próprias:,5 - Aluguel de animais,0.0,0.0,0.0,5500.0,,,,1.0960327537763812,0.0,0.0
M. Cândido Rondon,PR,2023,3 - Operação com máquinas próprias:,6 - Mão de obra,0.0,0.0,0.0,5500.0,,,Mão de obra,1.0960327537763812,0.0,0.0
M. Cândido Rondon,PR,2023,3 - Operação com máquinas próprias:,7 - Administrador Rural,91.16,1.0,0.0097254994522194,5500.0,,,Administração,1.0960327537763812,99.9143458342549,1.0960327537763812
M. Cândido Rondon,PR,2023,3 - Operação com máquinas próprias:,8 - Sementes,1214.19,13.25,0.1295371235178841,5500.0,,,Sementes,1.0960327537763812,1330.7920093077444,14.52243398753705
M. Cândido Rondon,PR,2023,3 - Operação com máquinas próprias:,9 - Fertilizantes,1338.78,14.6,0.1428291373041063,5500.0,,,Fertilizantes,1.0960327537763812,1467.3467301007436,16.002078205135167
M. Cândido Rondon,PR,2023,3 - Operação com máquinas próprias:,10 - Agrotóxicos,982.24,10.73,0.1047912964232999,5500.0,,,Defensivos/Agrotóxicos,1.0960327537763812,1076.5672120693127,11.76043144802057
M. Cândido Rondon,PR,2023,3 - Operação com máquinas próprias:,11 - Água,0.0,0.0,0.0,5500.0,,,,1.0960327537763812,0.0,0.0
M. Cândido Rondon,PR,2023,3 - Operação com máquinas próprias:,12 - Receita,0.0,0.0,0.0,5500.0,,,,1.0960327537763812,0.0,0.0
M. Cândido Rondon,PR,2023,13 - Outros:,13.1 - Análise Foliar,0.0,0.0,0.0,5500.0,,,,1.0960327537763812,0.0,0.0
M. Cândido Rondon,PR,2023,13 - Outros:,13.2 - Embalagens/Utensílios,0.0,0.0,0.0,5500.0,,,,1.0960327537763812,0.0,0.0
M. Cândido Rondon,PR,2023,13 - Outros:,13.3 - Vernalização (alho),0.0,0.0,0.0,5500.0,,,,1.0960327537763812,0.0,0.0
M. Cândido Rondon,PR,2023,13 - Outros:,13.4 - Análise de Solo,0.0,0.0,0.0,5500.0,,,,1.0960327537763812,0.0,0.0
M. Cândido Rondon,PR,2023,13 - Outros:,13.5 - Mudas,0.0,0.0,0.0,5500.0,,,,1.0960327537763812,0.0,0.0
M. Cândido Rondon,PR,2023,13 - Outros:,13.6 - Taxas Ambientais,0.0,0.0,0.0,5500.0,,,,1.0960327537763812,0.0,0.0
M. Cândido Rondon,PR,2023,13 - Outros:,13.7 - Demais Despesas,0.0,0.0,0.0,5500.0,,,,1.0960327537763812,0.0,0.0
M. Cândido Rondon,PR,2023,13 - Outros:,13.8 - Implementos Manuais,0.0,0.0,0.0,5500.0,,,Máquinas/Depreciação,1.0960327537763812,0.0,0.0
M. Cândido Rondon,PR,2023,13 - Outros:,14 - Serviços Diversos,0.0,0.0,0.0,5500.0,,,,1.0960327537763812,0.0,0.0
M. Cândido Rondon,PR,2023,13 - Outros:,TOTAL DAS DESPESAS DE CUSTEIO (A),4248.679999999999,46.35,0.4532748465626993,5500.0,,Total Despesas de Custeio (A),,1.0960327537763812,4656.692440314635,50.80111813753527
M. Cândido Rondon,PR,2023,II - OUTRAS DESPESAS,15 - Transporte Externo,277.75,3.03,0.0296320477496045,5500.0,,,Transporte,1.0960327537763812,304.42309736138986,3.320979243942435
M. Cândido Rondon,PR,2023,16 - Despesas:,16.1 - Despesas Administrativas,127.46,1.39,0.0135982027224647,5500.0,,,Administração,1.0960327537763812,139.70033479633753,1.5234855277491697
M. Cândido Rondon,PR,2023,16 - Despesas:,16.2 - Despesas de Armazenagem,0.0,0.0,0.0,5500.0,,,,1.0960327537763812,0.0,0.0
M. Cândido Rondon,PR,2023,16 - Despesas:,16.3 - Beneficiamento,0.0,0.0,0.0,5500.0,,,,1.0960327537763812,0.0,0.0
M. Cândido Rondon,PR,2023,16 - Despesas:,17 - Seguro da Produção,382.38,4.17,0.0407946081673943,5500.0,,,Seguro,1.0960327537763812,419.10100438901264,4.57045658324751
M. Cândido Rondon,PR,2023,16 - Despesas:,18 - Seguro do Crédito,0.0,0.0,0.0,5500.0,,,Seguro,1.0960327537763812,0.0,0.0
M. Cândido Rondon,PR,2023,16 - Despesas:,19 - Assistência Técnica,84.97,0.93,0.0090651128615081,5500.0,,,,1.0960327537763812,93.12990308837911,1.0193104610120345
M. Cândido Rondon,PR,2023,16 - Despesas:,20 - Classificação,0.0,0.0,0.0,5500.0,,,,1.0960327537763812,0.0,0.0
M. Cândido Rondon,PR,2023,16 - Despesas:,21 - Outros impostos/taxas,0.0,0.0,0.0,5500.0,,,,1.0960327537763812,0.0,0.0
M. Cândido Rondon,PR,2023,16 - Despesas:,22 - CDO,0.0,0.0,0.0,5500.0,,,,1.0960327537763812,0.0,0.0
M. Cândido Rondon,PR,2023,16 - Despesas:,23 - CESSR,103.13,1.13,0.0110025313570358,5500.0,,,,1.0960327537763812,113.0338578969582,1.2385170117673105
M. Cândido Rondon,PR,2023,16 - Despesas:,24 - FUNDECITRUS,0.0,0.0,0.0,5500.0,,,,1.0960327537763812,0.0,0.0
M. Cândido Rondon,PR,2023,16 - Despesas:,TOTAL DAS OUTRAS DESPESAS (B),975.69,10.65,0.1040925028580077,5500.0,,Total Outras Despesas (B),,1.0960327537763812,1069.3881975320774,11.67274882771846
M. Cândido Rondon,PR,2023,III - DESPESAS FINANCEIRAS,25 - Juros do financiamento,150.95628066785412,1.65,0.0161049278734565,5500.0,,,Juros/Financiamento,1.0960327537763812,165.45302800022844,1.8084540437310288
M. Cândido Rondon,PR,2023,III - DESPESAS FINANCEIRAS,TOTAL DAS DESPESAS FINANCEIRAS  (C),150.95628066785412,1.65,0.0161049278734565,5500.0,,Total Despesas Financeiras (C),,1.0960327537763812,165.45302800022844,1.8084540437310288
M. Cândido Rondon,PR,2023,III - DESPESAS FINANCEIRAS,CUSTO VARIÁVEL  (A+B+C = D),5375.326280667853,58.65,0.5734722772941636,5500.0,,Custo Variável (D),,1.0960327537763812,5891.53366584694,64.28232100898475
M. Cândido Rondon,PR,2023,IV - DEPRECIAÇÕES,26 - Depreciação de benfeitorias/instalações,1.83,0.02,0.0001952354541198,5500.0,,,Máquinas/Depreciação,1.0960327537763812,2.0057399394107778,0.021920655075527623
M. Cândido Rondon,PR,2023,IV - DEPRECIAÇÕES,27 - Depreciação de implementos,93.32,1.02,0.0099559412997051,5500.0,,,Máquinas/Depreciação,1.0960327537763812,102.2817765824119,1.1179534088519087
M. Cândido Rondon,PR,2023,IV - DEPRECIAÇÕES,28 - Depreciação de máquinas,27.74,0.3,0.0029594707635428,5500.0,,,Máquinas/Depreciação,1.0960327537763812,30.403948589756812,0.3288098261329144
M. Cândido Rondon,PR,2023,IV - DEPRECIAÇÕES,TOTAL DE DEPRECIAÇÕES (E),122.89,1.34,0.0131106475173677,5500.0,,Total Depreciações (E),Máquinas/Depreciação,1.0960327537763812,134.69146511157948,1.468683890060351
M. Cândido Rondon,PR,2023,V - OUTROS CUSTOS FIXOS,29 - Manutenção periódica de benfeitorias/instalações,245.15625,2.67,0.026154749616972,5500.0,,,,1.0960327537763812,268.699279792991,2.9264074525829376
M. Cândido Rondon,PR,2023,V - OUTROS CUSTOS FIXOS,30 - Encargos sociais,41.56,0.45,0.0044338718432891,5500.0,,,,1.0960327537763812,45.55112124694641,0.49321473919937153
M. Cândido Rondon,PR,2023,V - OUTROS CUSTOS FIXOS,31 - Seguro do capital fixo,6.249999999999999,0.07,0.0006667877531414,5500.0,,,Seguro,1.0960327537763812,6.850204711102381,0.0767222927643467
M. Cândido Rondon,PR,2023,V - OUTROS CUSTOS FIXOS,32 - Arrendamento,171.87500000000003,1.88,0.0183366632113889,5500.0,,,Arrendamento,1.0960327537763812,188.38062955531555,2.0605415770995967
M. Cândido Rondon,PR,2023,V - OUTROS CUSTOS FIXOS,TOTAL DE OUTROS CUSTOS FIXOS (F),464.84125000000006,5.07,0.0495920724247915,5500.0,,Total Outros Custos Fixos (F),,1.0960327537763812,509.4812353063553,5.556886061646253
M. Cândido Rondon,PR,2023,V - OUTROS CUSTOS FIXOS,CUSTO FIXO  (E+F = G),587.73125,6.41,0.0627027199421593,5500.0,,Custo Fixo (G),,1.0960327537763812,644.1727004179348,7.025569951706603
M. Cândido Rondon,PR,2023,V - OUTROS CUSTOS FIXOS,CUSTO OPERACIONAL  (D+G = H),5963.057530667853,65.06,0.636174997236323,5500.0,,Custo Operacional (H),,1.0960327537763812,6535.706366264874,71.30789096069137
M. Cândido Rondon,PR,2023,VI - RENDA DE FATORES,33 - Remuneração esperada sobre capital fixo,68.33,0.75,0.0072898571475444,5500.0,,,,1.0960327537763812,74.89191806554012,0.822024565332286
M. Cândido Rondon,PR,2023,VI - RENDA DE FATORES,34 - Terra própria,3341.91,36.46,0.3565351456161327,5500.0,,,Terra,1.0960327537763812,3662.842820172826,39.96135420268686
M. Cândido Rondon,PR,2023,VI - RENDA DE FATORES,TOTAL DA RENDA DE FATORES (I),3410.24,37.21,0.3638250027636772,5500.0,,Total Renda de Fatores (I),,1.0960327537763812,3737.734738238366,40.78337876801915
M. Cândido Rondon,PR,2023,VI - RENDA DE FATORES,CUSTO TOTAL  (H+I = J),9373.297530667853,102.27,1.0000000000000002,5500.0,,Custo Total (J),,1.0960327537763812,10273.441104503241,112.0912697287105
M. Cândido Rondon,PR,2024,I - DESPESAS DO CUSTEIO,1 - Operação com animal,0.0,0.0,0.0,5500.0,0.0,,,1.0501675476932033,0.0,0.0
M. Cândido Rondon,PR,2024,I - DESPESAS DO CUSTEIO,2 - Operação com Avião,0.0,0.0,0.0,5500.0,0.0,,,1.0501675476932033,0.0,0.0
M. Cândido Rondon,PR,2024,3 - Operação com máquinas:,3.1 - Tratores e Colheitadeiras,118.71,1.29501,2.55,5500.0,1.59,,,1.0501675476932033,124.66538958666015,1.3599774759381753
M. Cândido Rondon,PR,2024,3 - Operação com máquinas:,3.2 - Conjunto de Irrigação,0.0,0.0,0.0,5500.0,0.0,,,1.0501675476932033,0.0,0.0
M. Cândido Rondon,PR,2024,3 - Operação com máquinas:,4 - Aluguel de Máquinas,520.0,5.67273,11.19,5500.0,6.98,,Máquinas/Depreciação,1.0501675476932033,546.0871248004657,5.957316952825665
M. Cândido Rondon,PR,2024,3 - Operação com máquinas:,5 - Aluguel de Animais,0.0,0.0,0.0,5500.0,0.0,,,1.0501675476932033,0.0,0.0
M. Cândido Rondon,PR,2024,3 - Operação com máquinas:,6 - Mão de obra,0.0,0.0,0.0,5500.0,0.0,,Mão de obra,1.0501675476932033,0.0,0.0
M. Cândido Rondon,PR,2024,3 - Operação com máquinas:,7 - Administrador,98.84,1.07824,2.13,5500.0,1.33,,Administração,1.0501675476932033,103.79856041399621,1.1323326566247196
M. Cândido Rondon,PR,2024,3 - Operação com máquinas:,8 - Sementes e mudas,1200.0,13.09091,25.82,5500.0,16.1,,Sementes,1.0501675476932033,1260.201057231844,13.747648851772432
M. Cândido Rondon,PR,2024,3 - Operação com máquinas:,9 - Fertilizantes,943.7,10.29491,20.3,5500.0,12.66,,Fertilizantes,1.0501675476932033,991.0431147580761,10.811380388422235
M. Cândido Rondon,PR,2024,3 - Operação com máquinas:,10 - Agrotóxicos,726.39,7.92425,15.63,5500.0,9.75,,Defensivos/Agrotóxicos,1.0501675476932033,762.8312049688659,8.321790189807865
M. Cândido Rondon,PR,2024,3 - Operação com máquinas:,11 - Receita,0.0,0.0,0.0,5500.0,0.0,,,1.0501675476932033,0.0,0.0
M. Cândido Rondon,PR,2024,12 - Outros:,12.1 - Embalagens/Utensílios,0.0,0.0,0.0,5500.0,0.0,,,1.0501675476932033,0.0,0.0
M. Cândido Rondon,PR,2024,12 - Outros:,12.2 - Análise de Solo,0.0,0.0,0.0,5500.0,0.0,,,1.0501675476932033,0.0,0.0
M. Cândido Rondon,PR,2024,12 - Outros:,12.3 - Demais Despesas,0.0,0.0,0.0,5500.0,0.0,,,1.0501675476932033,0.0,0.0
M. Cândido Rondon,PR,2024,12 - Outros:,13 - Serviços Diversos,0.0,0.0,0.0,5500.0,0.0,,,1.0501675476932033,0.0,0.0
M. Cândido Rondon,PR,2024,12 - Outros:,TOTAL DAS DESPESAS DE CUSTEIO (A),3607.64,39.35605,77.62,5500.0,48.41,Total Despesas de Custeio (A),,1.0501675476932033,3788.626451759908,41.330446515391095
M. Cândido Rondon,PR,2024,II - OUTRAS DESPESAS,14 - Transporte Externo,330.0,3.6,7.1,5500.0,4.43,,Transporte,1.0501675476932033,346.5552907387571,3.780603171695532
M. Cândido Rondon,PR,2024,II - OUTRAS DESPESAS,15 - Despesas Administrativas,108.23,1.18069,2.33,5500.0,1.45,,Administração,1.0501675476932033,113.65963368683539,1.2399223218858881
M. Cândido Rondon,PR,2024,II - OUTRAS DESPESAS,16 - Despesas de armazenagem,0.0,0.0,0.0,5500.0,0.0,,,1.0501675476932033,0.0,0.0
M. Cândido Rondon,PR,2024,II - OUTRAS DESPESAS,17 - Beneficiamento,0.0,0.0,0.0,5500.0,0.0,,,1.0501675476932033,0.0,0.0
M. Cândido Rondon,PR,2024,II - OUTRAS DESPESAS,18 - Seguro da Produção,324.69,3.54207,6.99,5500.0,4.36,,Seguro,1.0501675476932033,340.9789010605062,3.7197669656576644
M. Cândido Rondon,PR,2024,II - OUTRAS DESPESAS,19 - Seguro do crédito,0.0,0.0,0.0,5500.0,0.0,,Seguro,1.0501675476932033,0.0,0.0
M. Cândido Rondon,PR,2024,II - OUTRAS DESPESAS,20 - Assistência Técnica,72.15,0.78709,1.55,5500.0,0.97,,,1.0501675476932033,75.76958856606463,0.8265763751138433
M. Cândido Rondon,PR,2024,II - OUTRAS DESPESAS,21 - Classificação,0.0,0.0,0.0,5500.0,0.0,,,1.0501675476932033,0.0,0.0
M. Cândido Rondon,PR,2024,II - OUTRAS DESPESAS,22 - Outros,0.0,0.0,0.0,5500.0,0.0,,,1.0501675476932033,0.0,0.0
M. Cândido Rondon,PR,2024,II - OUTRAS DESPESAS,23 - CESSR,64.56,0.70429,1.39,5500.0,0.87,,,1.0501675476932033,67.79881687907321,0.7396225021648462
M. Cândido Rondon,PR,2024,II - OUTRAS DESPESAS,TOTAL DAS OUTRAS DESPESAS (B),899.6300000000001,9.81414,19.36,5500.0,12.08,Total Outras Despesas (B),,1.0501675476932033,944.7622309312366,10.306491336517775
M. Cândido Rondon,PR,2024,III - DESPESAS FINANCEIRAS,24 - Juros do Financiamento,140.59,1.53371,3.02,5500.0,1.89,,Juros/Financiamento,1.0501675476932033,147.64305553018747,1.6106524695725428
M. Cândido Rondon,PR,2024,III - DESPESAS FINANCEIRAS,TOTAL DAS DESPESAS FINANCEIRAS (C),140.59,1.53371,3.02,5500.0,1.89,Total Despesas Financeiras (C),,1.0501675476932033,147.64305553018747,1.6106524695725428
M. Cândido Rondon,PR,2024,III - DESPESAS FINANCEIRAS,CUSTO VARIÁVEL (A+B+C=D),4647.860000000001,50.7039,100.0,5500.0,62.38,Custo Variável (D),,1.0501675476932033,4881.0317382213325,53.24759032148141
M. Cândido Rondon,PR,2024,IV - DEPRECIAÇÕES,25 - Depreciação de benfeitorias/instalações,13.31,0.1452,0.29,5500.0,0.18,,Máquinas/Depreciação,1.0501675476932033,13.977730059796537,0.15248432792505312
M. Cândido Rondon,PR,2024,IV - DEPRECIAÇÕES,26 - Depreciação de implementos,83.18,0.90744,1.79,5500.0,1.12,,Máquinas/Depreciação,1.0501675476932033,87.35293661712066,0.9529640394787204
M. Cândido Rondon,PR,2024,IV - DEPRECIAÇÕES,27 - Depreciação de Máquinas,22.33,0.24364,0.48,5500.0,0.3,,Máquinas/Depreciação,1.0501675476932033,23.45024133998923,0.25586282131997207
M. Cândido Rondon,PR,2024,IV - DEPRECIAÇÕES,TOTAL DE DEPRECIAÇÕES (E),118.82,1.29628,2.56,5500.0,1.6,Total Depreciações (E),Máquinas/Depreciação,1.0501675476932033,124.78090801690641,1.3613111887237457
M. Cândido Rondon,PR,2024,V - OUTROS CUSTOS FIXOS,28 - Manutenção Periódica Benfeitorias/Instalações,256.63,2.79963,5.52,5500.0,3.44,,,1.0501675476932033,269.50449776450677,2.940080571548323
M. Cândido Rondon,PR,2024,V - OUTROS CUSTOS FIXOS,29 - Encargos Sociais,45.06,0.49158,0.97,5500.0,0.6,,,1.0501675476932033,47.320549699055746,0.5162413630950249
M. Cândido Rondon,PR,2024,V - OUTROS CUSTOS FIXOS,30 - Seguro do capital fixo,7.01,0.07651,0.15,5500.0,0.09,,Seguro,1.0501675476932033,7.3616745093293545,0.08034831907400698
M. Cândido Rondon,PR,2024,V - OUTROS CUSTOS FIXOS,31 - Arrendamento,107.56,1.17341,2.31,5500.0,1.44,,Arrendamento,1.0501675476932033,112.95602142988095,1.2322771021386818
M. Cândido Rondon,PR,2024,V - OUTROS CUSTOS FIXOS,TOTAL DE OUTROS CUSTOS FIXOS (F),416.26,4.54113,8.95,5500.0,5.57,Total Outros Custos Fixos (F),,1.0501675476932033,437.1427434027728,4.768947355856036
M. Cândido Rondon,PR,2024,V - OUTROS CUSTOS FIXOS,CUSTO FIXO (E+F=G),535.08,5.83741,11.51,5500.0,7.17,Custo Fixo (G),,1.0501675476932033,561.9236514196792,6.130258544579782
M. Cândido Rondon,PR,2024,V - OUTROS CUSTOS FIXOS,CUSTO OPERACIONAL (D+G=H),5182.9400000000005,56.54131,111.51,5500.0,69.55,Custo Operacional (H),,1.0501675476932033,5442.955389641012,59.37784886606119
M. Cândido Rondon,PR,2024,VI - RENDA DE FATORES,32 - Remuneração esperada sobre o capital fixo,71.07,0.77528,1.53,5500.0,0.95,,,1.0501675476932033,74.63540761455596,0.8141738963755867
M. Cândido Rondon,PR,2024,VI - RENDA DE FATORES,33 - Terra Própria,2198.35,23.98195,47.3,5500.0,29.5,,Terra,1.0501675476932033,2308.6358284713533,25.18506562040102
M. Cândido Rondon,PR,2024,VI - RENDA DE FATORES,TOTAL DE RENDA DE FATORES (F),2269.42,24.75723,48.83,5500.0,30.45,Total Renda de Fatores (I),,1.0501675476932033,2383.2712360859095,25.999239516776605
M. Cândido Rondon,PR,2024,VI - RENDA DE FATORES,CUSTO TOTAL (H+I=J),7452.360000000001,81.29854,160.34,5500.0,100.0,Custo Total (J),,1.0501675476932033,7826.226625726921,85.3770883828378
M. Cândido Rondon,PR,2025,I - DESPESAS DO CUSTEIO,1 - Operação com animal,0.0,0.0,0.0,5500.0,0.0,,,1.0,0.0,0.0
M. Cândido Rondon,PR,2025,I - DESPESAS DO CUSTEIO,2 - Operação com Avião,0.0,0.0,0.0,5500.0,0.0,,,1.0,0.0,0.0
M. Cândido Rondon,PR,2025,3 - Operação com máquinas:,3.1 - Tratores e Colheitadeiras,133.19,1.45299,3.15,5500.0,1.91,,,1.0,133.19,1.45299
M. Cândido Rondon,PR,2025,3 - Operação com máquinas:,3.2 - Conjunto de Irrigação,0.0,0.0,0.0,5500.0,0.0,,,1.0,0.0,0.0
M. Cândido Rondon,PR,2025,3 - Operação com máquinas:,4 - Aluguel de Máquinas,520.0,5.67273,12.3,5500.0,7.44,,Máquinas/Depreciação,1.0,520.0,5.67273
M. Cândido Rondon,PR,2025,3 - Operação com máquinas:,5 - Aluguel de Animais,0.0,0.0,0.0,5500.0,0.0,,,1.0,0.0,0.0
M. Cândido Rondon,PR,2025,3 - Operação com máquinas:,6 - Mão de obra,0.0,0.0,0.0,5500.0,0.0,,Mão de obra,1.0,0.0,0.0
M. Cândido Rondon,PR,2025,3 - Operação com máquinas:,7 - Administrador,106.28,1.1594,2.51,5500.0,1.52,,Administração,1.0,106.28,1.1594
M. Cândido Rondon,PR,2025,3 - Operação com máquinas:,8 - Sementes e mudas,813.0,8.86909,19.22,5500.0,11.63,,Sementes,1.0,813.0,8.86909
M. Cândido Rondon,PR,2025,3 - Operação com máquinas:,9 - Fertilizantes,1051.94,11.47571,24.87,5500.0,15.05,,Fertilizantes,1.0,1051.94,11.47571
M. Cândido Rondon,PR,2025,3 - Operação com máquinas:,10 - Agrotóxicos,690.64,7.53424,16.33,5500.0,9.88,,Defensivos/Agrotóxicos,1.0,690.64,7.53424
M. Cândido Rondon,PR,2025,3 - Operação com máquinas:,11 - Receita,0.0,0.0,0.0,5500.0,0.0,,,1.0,0.0,0.0
M. Cândido Rondon,PR,2025,12 - Outros:,12.1 - Embalagens/Utensílios,0.0,0.0,0.0,5500.0,0.0,,,1.0,0.0,0.0
M. Cândido Rondon,PR,2025,12 - Outros:,12.2 - Análise de Solo,0.0,0.0,0.0,5500.0,0.0,,,1.0,0.0,0.0
M. Cândido Rondon,PR,2025,12 - Outros:,12.3 - Demais Despesas,0.0,0.0,0.0,5500.0,0.0,,,1.0,0.0,0.0
M. Cândido Rondon,PR,2025,12 - Outros:,13 - Serviços Diversos,0.0,0.0,0.0,5500.0,0.0,,,1.0,0.0,0.0
M. Cândido Rondon,PR,2025,12 - Outros:,TOTAL DAS DESPESAS DE CUSTEIO (A),3315.05,36.16416,78.38,5500.0,47.43,Total Despesas de Custeio (A),,1.0,3315.05,36.16416
M. Cândido Rondon,PR,2025,II - OUTRAS DESPESAS,14 - Transporte Externo,222.25,2.42455,5.26,5500.0,3.18,,Transporte,1.0,222.25,2.42455
M. Cândido Rondon,PR,2025,II - OUTRAS DESPESAS,15 - Despesas Administrativas,99.45,1.08491,2.35,5500.0,1.42,,Administração,1.0,99.45,1.08491
M. Cândido Rondon,PR,2025,II - OUTRAS DESPESAS,16 - Despesas de armazenagem,0.0,0.0,0.0,5500.0,0.0,,,1.0,0.0,0.0
M. Cândido Rondon,PR,2025,II - OUTRAS DESPESAS,17 - Beneficiamento,0.0,0.0,0.0,5500.0,0.0,,,1.0,0.0,0.0
M. Cândido Rondon,PR,2025,II - OUTRAS DESPESAS,18 - Seguro da Produção,298.35,3.25473,7.05,5500.0,4.27,,Seguro,1.0,298.35,3.25473
M. Cândido Rondon,PR,2025,II - OUTRAS DESPESAS,19 - Seguro do crédito,0.0,0.0,0.0,5500.0,0.0,,Seguro,1.0,0.0,0.0
M. Cândido Rondon,PR,2025,II - OUTRAS DESPESAS,20 - Assistência Técnica,66.3,0.72327,1.57,5500.0,0.95,,,1.0,66.3,0.72327
M. Cândido Rondon,PR,2025,II - OUTRAS DESPESAS,21 - Classificação,0.0,0.0,0.0,5500.0,0.0,,,1.0,0.0,0.0
M. Cândido Rondon,PR,2025,II - OUTRAS DESPESAS,22 - Outros,0.0,0.0,0.0,5500.0,0.0,,,1.0,0.0,0.0
M. Cândido Rondon,PR,2025,II - OUTRAS DESPESAS,23 - CESSR,94.81,1.03429,2.24,5500.0,1.36,,,1.0,94.81,1.03429
M. Cândido Rondon,PR,2025,II - OUTRAS DESPESAS,TOTAL DAS OUTRAS DESPESAS (B),781.1600000000001,8.52175,18.47,5500.0,11.18,Total Outras Despesas (B),,1.0,781.1600000000001,8.52175
M. Cândido Rondon,PR,2025,III - DESPESAS FINANCEIRAS,24 - Juros do Financiamento,132.82,1.44894,3.14,5500.0,1.9,,Juros/Financiamento,1.0,132.82,1.44894
M. Cândido Rondon,PR,2025,III - DESPESAS FINANCEIRAS,TOTAL DAS DESPESAS FINANCEIRAS (C),132.82,1.44894,3.14,5500.0,1.9,Total Despesas Financeiras (C),,1.0,132.82,1.44894
M. Cândido Rondon,PR,2025,III - DESPESAS FINANCEIRAS,CUSTO VARIÁVEL (A+B+C=D),4229.03,46.13485,99.99,5500.0,60.51,Custo Variável (D),,1.0,4229.03,46.13485
M. Cândido Rondon,PR,2025,IV - DEPRECIAÇÕES,25 - Depreciação de benfeitorias/instalações,9.34,0.10192,0.22,5500.0,0.13,,Máquinas/Depreciação,1.0,9.34,0.10192
M. Cândido Rondon,PR,2025,IV - DEPRECIAÇÕES,26 - Depreciação de implementos,61.08,0.6663,1.44,5500.0,0.87,,Máquinas/Depreciação,1.0,61.08,0.6663
M. Cândido Rondon,PR,2025,IV - DEPRECIAÇÕES,27 - Depreciação de Máquinas,21.44,0.23389,0.51,5500.0,0.31,,Máquinas/Depreciação,1.0,21.44,0.23389
M. Cândido Rondon,PR,2025,IV - DEPRECIAÇÕES,TOTAL DE DEPRECIAÇÕES (E),91.86,1.00211,2.17,5500.0,1.31,Total Depreciações (E),Máquinas/Depreciação,1.0,91.86,1.00211
M. Cândido Rondon,PR,2025,V - OUTROS CUSTOS FIXOS,28 - Manutenção Periódica Benfeitorias/Instalações,261.45,2.85221,6.18,5500.0,3.74,,,1.0,261.45,2.85221
M. Cândido Rondon,PR,2025,V - OUTROS CUSTOS FIXOS,29 - Encargos Sociais,48.45,0.52858,1.15,5500.0,0.69,,,1.0,48.45,0.52858
M. Cândido Rondon,PR,2025,V - OUTROS CUSTOS FIXOS,30 - Seguro do capital fixo,5.91,0.06445,0.14,5500.0,0.08,,Seguro,1.0,5.91,0.06445
M. Cândido Rondon,PR,2025,V - OUTROS CUSTOS FIXOS,31 - Arrendamento,157.96,1.72325,3.74,5500.0,2.26,,Arrendamento,1.0,157.96,1.72325
M. Cândido Rondon,PR,2025,V - OUTROS CUSTOS FIXOS,TOTAL DE OUTROS CUSTOS FIXOS (F),473.77,5.16849,11.21,5500.0,6.77,Total Outros Custos Fixos (F),,1.0,473.77,5.16849
M. Cândido Rondon,PR,2025,V - OUTROS CUSTOS FIXOS,CUSTO FIXO (E+F=G),565.63,6.1706,13.38,5500.0,8.08,Custo Fixo (G),,1.0,565.63,6.1706
M. Cândido Rondon,PR,2025,V - OUTROS CUSTOS FIXOS,CUSTO OPERACIONAL (D+G=H),4794.66,52.30545,113.37,5500.0,68.59,Custo Operacional (H),,1.0,4794.66,52.30545
M. Cândido Rondon,PR,2025,VI - RENDA DE FATORES,32 - Remuneração esperada sobre o capital fixo,57.74,0.62992,1.37,5500.0,0.83,,,1.0,57.74,0.62992
M. Cândido Rondon,PR,2025,VI - RENDA DE FATORES,33 - Terra Própria,2139.11,23.33579,50.58,5500.0,30.6,,Terra,1.0,2139.11,23.33579
M. Cândido Rondon,PR,2025,VI - RENDA DE FATORES,TOTAL DE RENDA DE FATORES (F),2196.85,23.96571,51.95,5500.0,31.43,Total Renda de Fatores (I),,1.0,2196.85,23.96571
M. Cândido Rondon,PR,2025,VI - RENDA DE FATORES,CUSTO TOTAL (H+I=J),6991.51,76.27116,165.32,5500.0,100.02,Custo Total (J),,1.0,6991.51,76.27116
Ubiratã,PR,2008,I - DESPESAS DE CUSTEIO DA LAVOURA,1 - Operação com avião,0.0,0.0,0.0,4000.0,,,,2.5826244103119955,0.0,0.0
Ubiratã,PR,2008,I - DESPESAS DE CUSTEIO DA LAVOURA,2 - Operação com máquinas,117.85,1.76,0.076550122337893,4000.0,,,Máquinas/Depreciação,2.5826244103119955,304.36228675526866,4.545418962149112
Ubiratã,PR,2008,I - DESPESAS DE CUSTEIO DA LAVOURA,3 - Aluguel de máquinas/serviços,8.83,0.14,0.0057355755642222,4000.0,,,Máquinas/Depreciação,2.5826244103119955,22.80457354305492,0.36156741744367943
Ubiratã,PR,2008,I - DESPESAS DE CUSTEIO DA LAVOURA,4 - Mão-de-obra temporária,6.56,0.1,0.0042610844508831,4000.0,,,Mão de obra,2.5826244103119955,16.94201613164669,0.25826244103119955
Ubiratã,PR,2008,I - DESPESAS DE CUSTEIO DA LAVOURA,5 - Mão-de-obra fixa,28.02,0.42,0.0182005466941685,4000.0,,,Mão de obra,2.5826244103119955,72.36513597694211,1.0847022523310381
Ubiratã,PR,2008,I - DESPESAS DE CUSTEIO DA LAVOURA,6 - Sementes,231.68,3.48,0.1504890313385071,4000.0,,,Sementes,2.5826244103119955,598.3424233810831,8.987532947885745
Ubiratã,PR,2008,I - DESPESAS DE CUSTEIO DA LAVOURA,7 - Fertilizantes,422.13,6.34,0.2741968870809911,4000.0,,,Fertilizantes,2.5826244103119955,1090.2032423250027,16.37383876137805
Ubiratã,PR,2008,I - DESPESAS DE CUSTEIO DA LAVOURA,8 - Defensivos,91.83,1.39,0.0596486867567986,4000.0,,,Defensivos/Agrotóxicos,2.5826244103119955,237.16239959895054,3.5898479303336734
Ubiratã,PR,2008,I - DESPESAS DE CUSTEIO DA LAVOURA,Total das Despesas de Custeio da Lavoura (A),906.9,13.63,0.5890819342234641,4000.0,,Total Despesas de Custeio (A),,2.5826244103119955,2342.1820777119488,35.2011707125525
Ubiratã,PR,2008,II - DESPESAS PÓS-COLHEITA,1 - Seguro da produção,0.0,0.0,0.0,4000.0,,,Seguro,2.5826244103119955,0.0,0.0
Ubiratã,PR,2008,II - DESPESAS PÓS-COLHEITA,2 - Assistência técnica,18.14,0.27,0.0117829377955823,4000.0,,,,2.5826244103119955,46.8488068030596,0.6973085907842388
Ubiratã,PR,2008,II - DESPESAS PÓS-COLHEITA,3 - Transporte externo,53.33,0.8,0.0346407978301216,4000.0,,,Transporte,2.5826244103119955,137.7313598019387,2.0660995282495964
Ubiratã,PR,2008,II - DESPESAS PÓS-COLHEITA,5 - Armazenagem,0.0,0.0,0.0,4000.0,,,,2.5826244103119955,0.0,0.0
Ubiratã,PR,2008,II - DESPESAS PÓS-COLHEITA,6 - CESSR,23.85,0.36,0.0154919000234089,4000.0,,,,2.5826244103119955,61.59559218594109,0.9297447877123184
Ubiratã,PR,2008,II - DESPESAS PÓS-COLHEITA,Total das Despesas Pós-Colheita (B),95.32,1.43,0.061915635649113,4000.0,,Total Outras Despesas (B),,2.5826244103119955,246.1757587909394,3.6931529067461533
Ubiratã,PR,2008,III - DESPESAS FINANCEIRAS,1 - Juros,43.53303541576696,0.66,0.0282771250472362,4000.0,,,Juros/Financiamento,2.5826244103119955,112.42947991973637,1.704532110805917
Ubiratã,PR,2008,III - DESPESAS FINANCEIRAS,Total das Despesas Financeiras  (C),43.53303541576696,0.66,0.0282771250472362,4000.0,,Total Despesas Financeiras (C),,2.5826244103119955,112.42947991973637,1.704532110805917
Ubiratã,PR,2008,III - DESPESAS FINANCEIRAS,CUSTO VARIÁVEL  (A+B+C = D),1045.753035415767,15.72,0.6792746949198133,4000.0,,Custo Variável (D),,2.5826244103119955,2700.787316422625,40.598855730104574
Ubiratã,PR,2008,IV - DEPRECIAÇÕES,1 - Depreciação de benfeitorias/instalações,59.39,0.89,0.0385771045027362,4000.0,,,Máquinas/Depreciação,2.5826244103119955,153.38206372842942,2.298535725177676
Ubiratã,PR,2008,IV - DEPRECIAÇÕES,2 - Depreciação de implementos,30.06,0.45,0.0195256400295041,4000.0,,,Máquinas/Depreciação,2.5826244103119955,77.63368977397859,1.162180984640398
Ubiratã,PR,2008,IV - DEPRECIAÇÕES,3 - Depreciação de máquinas,50.0,0.75,0.0324777778268532,4000.0,,,Máquinas/Depreciação,2.5826244103119955,129.13122051559978,1.9369683077339968
Ubiratã,PR,2008,IV - DEPRECIAÇÕES,Total de Depreciações (E),139.45,2.09,0.0905805223590936,4000.0,,Total Depreciações (E),Máquinas/Depreciação,2.5826244103119955,360.14697401800777,5.39768501755207
Ubiratã,PR,2008,V - OUTROS CUSTOS FIXOS,1 - Manutenção periódica de máquinas/implementos,41.59116,0.62,0.0270157690808221,4000.0,,,Máquinas/Depreciação,2.5826244103119955,107.41434506919187,1.6012271343934372
Ubiratã,PR,2008,V - OUTROS CUSTOS FIXOS,2 - Encargos sociais,16.53,0.25,0.0107371533495576,4000.0,,,,2.5826244103119955,42.69078150245729,0.6456561025779989
Ubiratã,PR,2008,V - OUTROS CUSTOS FIXOS,3 - Seguro do capital fixo,3.69,0.06,0.0023968600036217,4000.0,,,Seguro,2.5826244103119955,9.529884074051264,0.15495746461871973
Ubiratã,PR,2008,V - OUTROS CUSTOS FIXOS,Total de Outros Custos Fixos (F),61.81116,0.93,0.0401497824340015,4000.0,,Total Outros Custos Fixos (F),,2.5826244103119955,159.63501064570042,2.401840701590156
Ubiratã,PR,2008,V - OUTROS CUSTOS FIXOS,Custo Fixo  (E+F = G),201.26116,3.02,0.1307303047930952,4000.0,,Custo Fixo (G),,2.5826244103119955,519.7819846637082,7.799525719142227
Ubiratã,PR,2008,V - OUTROS CUSTOS FIXOS,CUSTO OPERACIONAL  (D+G = H),1247.014195415767,18.74,0.8100049997129085,4000.0,,Custo Operacional (H),,2.5826244103119955,3220.569301086333,48.39838144924679
Ubiratã,PR,2008,VI - RENDA DE FATORES,1 - Remuneração esperada sobre capital fixo,22.5,0.34,0.0146150000220839,4000.0,,,,2.5826244103119955,58.1090492320199,0.8780922995060786
Ubiratã,PR,2008,VI - RENDA DE FATORES,2 - Terra,270.0,4.05,0.1753800002650074,4000.0,,,Terra,2.5826244103119955,697.3085907842388,10.459628861763582
Ubiratã,PR,2008,VI - RENDA DE FATORES,Total de Renda de Fatores (I),292.5,4.39,0.1899950002870914,4000.0,,Total Renda de Fatores (I),,2.5826244103119955,755.4176400162587,11.33772116126966
Ubiratã,PR,2008,VI - RENDA DE FATORES,CUSTO TOTAL  (H+I = J),1539.514195415767,23.13,1.0,4000.0,,Custo Total (J),,2.5826244103119955,3975.9869411025916,59.736102610516454
Ubiratã,PR,2009,I - DESPESAS DE CUSTEIO DA LAVOURA,1 - Operação com avião,0.0,0.0,0.0,4000.0,,,,2.462266291630245,0.0,0.0
Ubiratã,PR,2009,I - DESPESAS DE CUSTEIO DA LAVOURA,2 - Operação com máquinas,119.23,1.78,0.0827906572752221,4000.0,,,Máquinas/Depreciação,2.462266291630245,293.5760099510741,4.382833999101836
Ubiratã,PR,2009,I - DESPESAS DE CUSTEIO DA LAVOURA,3 - Aluguel de máquinas/serviços,7.5,0.12,0.0052078330081704,4000.0,,,Máquinas/Depreciação,2.462266291630245,18.466997187226838,0.2954719549956294
Ubiratã,PR,2009,I - DESPESAS DE CUSTEIO DA LAVOURA,4 - Mão-de-obra temporária,6.06,0.09,0.0042079290706017,4000.0,,,Mão de obra,2.462266291630245,14.921333727279283,0.22160396624672205
Ubiratã,PR,2009,I - DESPESAS DE CUSTEIO DA LAVOURA,5 - Mão-de-obra fixa,31.38,0.48,0.0217895733061852,4000.0,,,Mão de obra,2.462266291630245,77.26591623135708,1.1818878199825176
Ubiratã,PR,2009,I - DESPESAS DE CUSTEIO DA LAVOURA,6 - Sementes,215.97,3.24,0.149964759303277,4000.0,,,Sementes,2.462266291630245,531.775651003384,7.977742784881994
Ubiratã,PR,2009,I - DESPESAS DE CUSTEIO DA LAVOURA,7 - Fertilizantes,331.38,4.98,0.2301028936330043,4000.0,,,Fertilizantes,2.462266291630245,815.9458037204305,12.26208613231862
Ubiratã,PR,2009,I - DESPESAS DE CUSTEIO DA LAVOURA,8 - Defensivos,96.46,1.45,0.0669796762624165,4000.0,,,Defensivos/Agrotóxicos,2.462266291630245,237.51020649065342,3.570286122863855
Ubiratã,PR,2009,I - DESPESAS DE CUSTEIO DA LAVOURA,Total das Despesas de Custeio da Lavoura (A),807.98,12.14,0.5610433218588777,4000.0,,Total Despesas de Custeio (A),,2.462266291630245,1989.4619183114053,29.891912780391173
Ubiratã,PR,2009,II - DESPESAS PÓS-COLHEITA,1 - Seguro da produção,0.0,0.0,0.0,4000.0,,,Seguro,2.462266291630245,0.0,0.0
Ubiratã,PR,2009,II - DESPESAS PÓS-COLHEITA,2 - Assistência técnica,16.16,0.24,0.0112211441882713,4000.0,,,,2.462266291630245,39.79022327274476,0.5909439099912588
Ubiratã,PR,2009,II - DESPESAS PÓS-COLHEITA,3 - Transporte externo,40.0,0.6,0.0277751093769092,4000.0,,,Transporte,2.462266291630245,98.4906516652098,1.4773597749781469
Ubiratã,PR,2009,II - DESPESAS PÓS-COLHEITA,5 - Armazenagem,25.89,0.39,0.0179774395442044,4000.0,,,,2.462266291630245,63.748074290307045,0.9602838537357955
Ubiratã,PR,2009,II - DESPESAS PÓS-COLHEITA,6 - CESSR,26.72,0.4,0.0185537730637753,4000.0,,,,2.462266291630245,65.79175531236014,0.984906516652098
Ubiratã,PR,2009,II - DESPESAS PÓS-COLHEITA,Total das Despesas Pós-Colheita (B),108.77,1.63,0.0755274661731603,4000.0,,Total Outras Despesas (B),,2.462266291630245,267.8207045406217,4.013494055357299
Ubiratã,PR,2009,III - DESPESAS FINANCEIRAS,1 - Juros,34.0437031906097,0.51,0.0236391894928554,4000.0,,,Juros/Financiamento,2.462266291630245,83.82466280850328,1.255755808731425
Ubiratã,PR,2009,III - DESPESAS FINANCEIRAS,Total das Despesas Financeiras  (C),34.0437031906097,0.51,0.0236391894928554,4000.0,,Total Despesas Financeiras (C),,2.462266291630245,83.82466280850328,1.255755808731425
Ubiratã,PR,2009,III - DESPESAS FINANCEIRAS,CUSTO VARIÁVEL  (A+B+C = D),950.7937031906096,14.28,0.6602099775248936,4000.0,,Custo Variável (D),,2.462266291630245,2341.10728566053,35.161162644479894
Ubiratã,PR,2009,IV - DEPRECIAÇÕES,1 - Depreciação de benfeitorias/instalações,52.07,0.78,0.0361562486313915,4000.0,,,Máquinas/Depreciação,2.462266291630245,128.21020580518686,1.920567707471591
Ubiratã,PR,2009,IV - DEPRECIAÇÕES,2 - Depreciação de implementos,34.89,0.52,0.024226839154009,4000.0,,,Máquinas/Depreciação,2.462266291630245,85.90847091497925,1.2803784716477273
Ubiratã,PR,2009,IV - DEPRECIAÇÕES,3 - Depreciação de máquinas,49.8,0.75,0.0345800111742519,4000.0,,,Máquinas/Depreciação,2.462266291630245,122.62086132318619,1.8466997187226837
Ubiratã,PR,2009,IV - DEPRECIAÇÕES,Total de Depreciações (E),136.76,2.05,0.0949630989596525,4000.0,,Total Depreciações (E),Máquinas/Depreciação,2.462266291630245,336.7395380433523,5.047645897842002
Ubiratã,PR,2009,V - OUTROS CUSTOS FIXOS,1 - Manutenção periódica de máquinas/implementos,38.60464,0.58,0.0268062024614051,4000.0,,,Máquinas/Depreciação,2.462266291630245,95.05490377252063,1.428114449145542
Ubiratã,PR,2009,V - OUTROS CUSTOS FIXOS,2 - Encargos sociais,18.51,0.28,0.0128529318641647,4000.0,,,,2.462266291630245,45.576549058075834,0.6894345616564687
Ubiratã,PR,2009,V - OUTROS CUSTOS FIXOS,3 - Seguro do capital fixo,3.86,0.06,0.0026802980548717,4000.0,,,Seguro,2.462266291630245,9.504347885692745,0.1477359774978147
Ubiratã,PR,2009,V - OUTROS CUSTOS FIXOS,Total de Outros Custos Fixos (F),60.97464000000001,0.92,0.0423394323804415,4000.0,,Total Outros Custos Fixos (F),,2.462266291630245,150.13580071628922,2.2652849882998254
Ubiratã,PR,2009,V - OUTROS CUSTOS FIXOS,Custo Fixo  (E+F = G),197.73464,2.97,0.1373025313400941,4000.0,,Custo Fixo (G),,2.462266291630245,486.8753387596415,7.312930886141828
Ubiratã,PR,2009,V - OUTROS CUSTOS FIXOS,CUSTO OPERACIONAL  (D+G = H),1148.5283431906096,17.25,0.7975125088649878,4000.0,,Custo Operacional (H),,2.462266291630245,2827.9826244201713,42.47409353062172
Ubiratã,PR,2009,VI - RENDA DE FATORES,1 - Remuneração esperada sobre capital fixo,21.61,0.32,0.0150055028408752,4000.0,,,,2.462266291630245,53.20957456212959,0.7879252133216784
Ubiratã,PR,2009,VI - RENDA DE FATORES,2 - Terra,270.0,4.05,0.1874819882941371,4000.0,,,Terra,2.462266291630245,664.8118987401662,9.97217848110249
Ubiratã,PR,2009,VI - RENDA DE FATORES,Total de Renda de Fatores (I),291.61,4.37,0.2024874911350123,4000.0,,Total Renda de Fatores (I),,2.462266291630245,718.0214733022957,10.76010369442417
Ubiratã,PR,2009,VI - RENDA DE FATORES,CUSTO TOTAL  (H+I = J),1440.1383431906097,21.62,1.0,4000.0,,Custo Total (J),,2.462266291630245,3546.0040977224676,53.2341972250459
Ubiratã,PR,2010,I - DESPESAS DE CUSTEIO DA LAVOURA,1 - Operação com avião,0.0,0.0,0.0,4000.0,,,,2.344143679868102,0.0,0.0
Ubiratã,PR,2010,I - DESPESAS DE CUSTEIO DA LAVOURA,2 - Operação com máquinas,113.92,1.7,0.0764546227846542,4000.0,,,Máquinas/Depreciação,2.344143679868102,267.0448480105742,3.9850442557757737
Ubiratã,PR,2010,I - DESPESAS DE CUSTEIO DA LAVOURA,3 - Aluguel de máquinas/serviços,8.75,0.13,0.0058723485723817,4000.0,,,Máquinas/Depreciação,2.344143679868102,20.511257198845893,0.3047386783828533
Ubiratã,PR,2010,I - DESPESAS DE CUSTEIO DA LAVOURA,4 - Mão-de-obra temporária,7.08,0.1,0.0047515689019957,4000.0,,,Mão de obra,2.344143679868102,16.596537253466163,0.23441436798681023
Ubiratã,PR,2010,I - DESPESAS DE CUSTEIO DA LAVOURA,5 - Mão-de-obra fixa,34.44,0.51,0.0231135639808944,4000.0,,,Mão de obra,2.344143679868102,80.73230833465743,1.195513276732732
Ubiratã,PR,2010,I - DESPESAS DE CUSTEIO DA LAVOURA,6 - Sementes,304.1,4.56,0.2040892800984318,4000.0,,,Sementes,2.344143679868102,712.8540930478899,10.689295180198545
Ubiratã,PR,2010,I - DESPESAS DE CUSTEIO DA LAVOURA,7 - Fertilizantes,238.88,3.58,0.1603184716537763,4000.0,,,Fertilizantes,2.344143679868102,559.9690422468922,8.392034373927805
Ubiratã,PR,2010,I - DESPESAS DE CUSTEIO DA LAVOURA,8 - Defensivos,80.15,1.21,0.0537907129230164,4000.0,,,Defensivos/Agrotóxicos,2.344143679868102,187.8831159414284,2.8364138526404035
Ubiratã,PR,2010,I - DESPESAS DE CUSTEIO DA LAVOURA,Total das Despesas de Custeio da Lavoura (A),787.32,11.79,0.5283905689151508,4000.0,,Total Despesas de Custeio (A),,2.344143679868102,1845.5912020337544,27.63745398564492
Ubiratã,PR,2010,II - DESPESAS PÓS-COLHEITA,1 - Seguro da produção,0.0,0.0,0.0,4000.0,,,Seguro,2.344143679868102,0.0,0.0
Ubiratã,PR,2010,II - DESPESAS PÓS-COLHEITA,2 - Assistência técnica,15.75,0.24,0.010570227430287,4000.0,,,,2.344143679868102,36.92026295792261,0.5625944831683445
Ubiratã,PR,2010,II - DESPESAS PÓS-COLHEITA,3 - Transporte externo,40.0,0.6,0.0268450220451735,4000.0,,,Transporte,2.344143679868102,93.76574719472409,1.4064862079208613
Ubiratã,PR,2010,II - DESPESAS PÓS-COLHEITA,5 - Armazenagem,96.33,1.44,0.0646495243402891,4000.0,,,,2.344143679868102,225.81136068169428,3.375566899010067
Ubiratã,PR,2010,II - DESPESAS PÓS-COLHEITA,6 - CESSR,20.94,0.31,0.0140533690406483,4000.0,,,,2.344143679868102,49.08636865643806,0.7266845407591117
Ubiratã,PR,2010,II - DESPESAS PÓS-COLHEITA,Total das Despesas Pós-Colheita (B),173.02,2.59,0.1161181428563981,4000.0,,Total Outras Despesas (B),,2.344143679868102,405.58373949077907,6.0713321308583845
Ubiratã,PR,2010,III - DESPESAS FINANCEIRAS,1 - Juros,33.0830447211123,0.49,0.022202876621493,4000.0,,,Juros/Financiamento,2.344143679868102,77.55141019378918,1.14863040313537
Ubiratã,PR,2010,III - DESPESAS FINANCEIRAS,Total das Despesas Financeiras  (C),33.0830447211123,0.49,0.022202876621493,4000.0,,Total Despesas Financeiras (C),,2.344143679868102,77.55141019378918,1.14863040313537
Ubiratã,PR,2010,III - DESPESAS FINANCEIRAS,CUSTO VARIÁVEL  (A+B+C = D),993.4230447211124,14.87,0.6667115883930419,4000.0,,Custo Variável (D),,2.344143679868102,2328.726351718323,34.857416519638676
Ubiratã,PR,2010,IV - DEPRECIAÇÕES,1 - Depreciação de benfeitorias/instalações,54.8,0.82,0.0367776802018877,4000.0,,,Máquinas/Depreciação,2.344143679868102,128.45907365677198,1.9221978174918437
Ubiratã,PR,2010,IV - DEPRECIAÇÕES,2 - Depreciação de implementos,35.46,0.53,0.0237981120430463,4000.0,,,Máquinas/Depreciação,2.344143679868102,83.1233348881229,1.2423961503300942
Ubiratã,PR,2010,IV - DEPRECIAÇÕES,3 - Depreciação de máquinas,49.96,0.75,0.0335294325344217,4000.0,,,Máquinas/Depreciação,2.344143679868102,117.11341824621039,1.7581077599010766
Ubiratã,PR,2010,IV - DEPRECIAÇÕES,Total de Depreciações (E),140.22,2.1,0.0941052247793558,4000.0,,Total Depreciações (E),Máquinas/Depreciação,2.344143679868102,328.6958267911053,4.922701727723014
Ubiratã,PR,2010,V - OUTROS CUSTOS FIXOS,1 - Manutenção periódica de máquinas/implementos,39.76112,0.6,0.0266847035735197,4000.0,,,Máquinas/Depreciação,2.344143679868102,93.2057781524772,1.4064862079208613
Ubiratã,PR,2010,V - OUTROS CUSTOS FIXOS,2 - Encargos sociais,20.32,0.3,0.0136372711989481,4000.0,,,,2.344143679868102,47.632999574919836,0.7032431039604307
Ubiratã,PR,2010,V - OUTROS CUSTOS FIXOS,3 - Seguro do capital fixo,3.88,0.06,0.0026039671383818,4000.0,,,Seguro,2.344143679868102,9.095277477888237,0.14064862079208612
Ubiratã,PR,2010,V - OUTROS CUSTOS FIXOS,Total de Outros Custos Fixos (F),63.96112,0.96,0.0429259419108497,4000.0,,Total Outros Custos Fixos (F),,2.344143679868102,149.93405520528526,2.250377932673378
Ubiratã,PR,2010,V - OUTROS CUSTOS FIXOS,Custo Fixo  (E+F = G),204.18112,3.06,0.1370311666902056,4000.0,,Custo Fixo (G),,2.344143679868102,478.6298819963905,7.173079660396392
Ubiratã,PR,2010,V - OUTROS CUSTOS FIXOS,CUSTO OPERACIONAL  (D+G = H),1197.6041647211125,17.93,0.8037427550832474,4000.0,,Custo Operacional (H),,2.344143679868102,2807.356233714713,42.03049618003507
Ubiratã,PR,2010,VI - RENDA DE FATORES,1 - Remuneração esperada sobre capital fixo,22.43,0.34,0.015053346111831,4000.0,,,,2.344143679868102,52.57914273944153,0.7970088511551547
Ubiratã,PR,2010,VI - RENDA DE FATORES,2 - Terra,270.0,4.05,0.1812038988049213,4000.0,,,Terra,2.344143679868102,632.9187935643876,9.493781903465813
Ubiratã,PR,2010,VI - RENDA DE FATORES,Total de Renda de Fatores (I),292.43,4.39,0.1962572449167524,4000.0,,Total Renda de Fatores (I),,2.344143679868102,685.4979363038291,10.290790754620968
Ubiratã,PR,2010,VI - RENDA DE FATORES,CUSTO TOTAL  (H+I = J),1490.0341647211123,22.32,1.0,4000.0,,Custo Total (J),,2.344143679868102,3492.854170018542,52.32128693465604
Ubiratã,PR,2011,I - DESPESAS DE CUSTEIO DA LAVOURA,1 - Operação com animal,0.0,0.0,0.0,4000.0,0.0,,,2.198259208362353,0.0,0.0
Ubiratã,PR,2011,I - DESPESAS DE CUSTEIO DA LAVOURA,2 - Operação com Avião,0.0,0.0,0.0,4000.0,0.0,,,2.198259208362353,0.0,0.0
Ubiratã,PR,2011,3 - Operação com máquinas:,3.1 - Tratores e Colheitadeiras,125.42,1.88,17.15,4000.0,11.43,,,2.198259208362353,275.7056699128063,4.132727311721223
Ubiratã,PR,2011,3 - Operação com máquinas:,3.2 - Conjunto de Irrigação,0.0,0.0,0.0,4000.0,0.0,,,2.198259208362353,0.0,0.0
Ubiratã,PR,2011,3 - Operação com máquinas:,4 - Aluguel de Máquinas,0.0,0.0,0.0,4000.0,0.0,,Máquinas/Depreciação,2.198259208362353,0.0,0.0
Ubiratã,PR,2011,3 - Operação com máquinas:,5 - Aluguel de Animais,3.75,0.06,0.51,4000.0,0.34,,,2.198259208362353,8.243472031358824,0.13189555250174118
Ubiratã,PR,2011,3 - Operação com máquinas:,6 - Mão-de-obra,7.08,0.1,0.97,4000.0,0.65,,Mão de obra,2.198259208362353,15.563675195205459,0.2198259208362353
Ubiratã,PR,2011,3 - Operação com máquinas:,7 - Administrador,-27.24,-0.4,-3.73,4000.0,-2.48,,Administração,2.198259208362353,-59.88058083579049,-0.8793036833449412
Ubiratã,PR,2011,3 - Operação com máquinas:,8 - Sementes,103.35,1.55,14.14,4000.0,9.42,,Sementes,2.198259208362353,227.19008918424916,3.407301772961647
Ubiratã,PR,2011,3 - Operação com máquinas:,8.1 - Royalties,0.0,0.0,0.0,4000.0,0.0,,,2.198259208362353,0.0,0.0
Ubiratã,PR,2011,3 - Operação com máquinas:,9 - Fertilizantes,301.6,4.52,41.25,4000.0,27.48,,Fertilizantes,2.198259208362353,662.9949772420857,9.936131621797834
Ubiratã,PR,2011,3 - Operação com máquinas:,10 - Agrotóxicos,73.11,1.1,10.0,4000.0,6.66,,Defensivos/Agrotóxicos,2.198259208362353,160.71473072337162,2.4180851291985883
Ubiratã,PR,2011,3 - Operação com máquinas:,11 - Água,0.0,0.0,0.0,4000.0,0.0,,,2.198259208362353,0.0,0.0
Ubiratã,PR,2011,3 - Operação com máquinas:,12 - Receita,0.0,0.0,0.0,4000.0,0.0,,,2.198259208362353,0.0,0.0
Ubiratã,PR,2011,13 - Outros:,13.1 - Análise Foliar,0.0,0.0,0.0,4000.0,0.0,,,2.198259208362353,0.0,0.0
Ubiratã,PR,2011,13 - Outros:,13.2 - Embalagens/Utensílios,0.0,0.0,0.0,4000.0,0.0,,,2.198259208362353,0.0,0.0
Ubiratã,PR,2011,13 - Outros:,13.3 - Vernalização(Alho),0.0,0.0,0.0,4000.0,0.0,,,2.198259208362353,0.0,0.0
Ubiratã,PR,2011,13 - Outros:,13.4 - Análise de Solo,5.5,0.08,0.75,4000.0,0.5,,,2.198259208362353,12.09042564599294,0.17586073666898824
Ubiratã,PR,2011,13 - Outros:,13.5 - Mudas,0.0,0.0,0.0,4000.0,0.0,,,2.198259208362353,0.0,0.0
Ubiratã,PR,2011,13 - Outros:,13.6 - Taxas Ambientais,0.0,0.0,0.0,4000.0,0.0,,,2.198259208362353,0.0,0.0
Ubiratã,PR,2011,13 - Outros:,13.7 - Demais Despesas,0.0,0.0,0.0,4000.0,0.0,,,2.198259208362353,0.0,0.0
Ubiratã,PR,2011,13 - Outros:,13.8 - Implementos Manuais,0.0,0.0,0.0,4000.0,0.0,,Máquinas/Depreciação,2.198259208362353,0.0,0.0
Ubiratã,PR,2011,13 - Outros:,14 - Serviços Diversos,0.0,0.0,0.0,4000.0,0.0,,,2.198259208362353,0.0,0.0
Ubiratã,PR,2011,13 - Outros:,TOTAL DAS DESPESAS DE CUSTEIO DA LAVOURA (A),592.57,8.89,81.04,4000.0,54.0,Total Despesas de Custeio (A),,2.198259208362353,1302.6224590992795,19.542524362341318
Ubiratã,PR,2011,II - OUTRAS DESPESAS,15 - Transporte Externo,40.0,0.6,5.47,4000.0,3.64,,Transporte,2.198259208362353,87.93036833449412,1.3189555250174116
Ubiratã,PR,2011,16 - Despesas:,16.1 - Despesas Administrativas,0.0,0.0,0.0,4000.0,0.0,,Administração,2.198259208362353,0.0,0.0
Ubiratã,PR,2011,16 - Despesas:,16.2 - Despesas de armazenagem,105.88,1.59,14.48,4000.0,9.65,,,2.198259208362353,232.7516849814059,3.495232141296141
Ubiratã,PR,2011,16 - Despesas:,16.3 - Beneficiamento,0.0,0.0,0.0,4000.0,0.0,,,2.198259208362353,0.0,0.0
Ubiratã,PR,2011,16 - Despesas:,17 - Seguro da Produção,0.0,0.0,0.0,4000.0,0.0,,Seguro,2.198259208362353,0.0,0.0
Ubiratã,PR,2011,16 - Despesas:,18 - Seguro do crédito,0.0,0.0,0.0,4000.0,0.0,,Seguro,2.198259208362353,0.0,0.0
Ubiratã,PR,2011,16 - Despesas:,19 - Assistência Técnica,11.85,0.18,1.62,4000.0,1.08,,,2.198259208362353,26.049371619093883,0.3956866575052235
Ubiratã,PR,2011,16 - Despesas:,20 - Classificação,0.0,0.0,0.0,4000.0,0.0,,,2.198259208362353,0.0,0.0
Ubiratã,PR,2011,16 - Despesas:,21 - Outros Impostos/Taxas,0.0,0.0,0.0,4000.0,0.0,,,2.198259208362353,0.0,0.0
Ubiratã,PR,2011,16 - Despesas:,22 - CDO,0.0,0.0,0.0,4000.0,0.0,,,2.198259208362353,0.0,0.0
Ubiratã,PR,2011,16 - Despesas:,23 - CESSR,0.0,0.0,0.0,4000.0,0.0,,,2.198259208362353,0.0,0.0
Ubiratã,PR,2011,16 - Despesas:,24 - FUNDECITRUS,0.0,0.0,0.0,4000.0,0.0,,,2.198259208362353,0.0,0.0
Ubiratã,PR,2011,16 - Despesas:,TOTAL DAS OUTRAS DESPESAS (B),157.73,2.37,21.57,4000.0,14.37,Total Outras Despesas (B),,2.198259208362353,346.7314249349939,5.209874323818776
Ubiratã,PR,2011,III - DESPESAS FINANCEIRAS,25 - Juros do Financiamento,-19.14,-0.29,-2.62,4000.0,-1.74,,Juros/Financiamento,2.198259208362353,-42.074681248055434,-0.6374951704250823
Ubiratã,PR,2011,III - DESPESAS FINANCEIRAS,TOTAL DAS DESPESAS FINANCEIRAS (C),-19.14,-0.29,-2.62,4000.0,-1.74,Total Despesas Financeiras (C),,2.198259208362353,-42.074681248055434,-0.6374951704250823
Ubiratã,PR,2011,III - DESPESAS FINANCEIRAS,CUSTO VARIÁVEL (A+B+C=D),731.16,10.97,99.99,4000.0,66.63,Custo Variável (D),,2.198259208362353,1607.2792027862179,24.114903515735012
Ubiratã,PR,2011,IV - DEPRECIAÇÕES,26 - Depreciação de benfeitorias/instalações,0.0,0.0,0.0,4000.0,0.0,,Máquinas/Depreciação,2.198259208362353,0.0,0.0
Ubiratã,PR,2011,IV - DEPRECIAÇÕES,27 - Depreciação de implementos,54.05,0.81,7.39,4000.0,4.92,,Máquinas/Depreciação,2.198259208362353,118.81591021198517,1.780589958773506
Ubiratã,PR,2011,IV - DEPRECIAÇÕES,28 - Depreciação de Máquinas,44.05,0.66,6.02,4000.0,4.01,,Máquinas/Depreciação,2.198259208362353,96.83331812836164,1.450851077519153
Ubiratã,PR,2011,IV - DEPRECIAÇÕES,TOTAL DE DEPRECIAÇÕES (E),98.1,1.47,13.41,4000.0,8.93,Total Depreciações (E),Máquinas/Depreciação,2.198259208362353,215.6492283403468,3.231441036292659
Ubiratã,PR,2011,V - OUTROS CUSTOS FIXOS,29 - Manutenção Periódica Benfeitorias/Instalações,33.06,0.5,4.52,4000.0,3.01,,,2.198259208362353,72.6744494284594,1.0991296041811764
Ubiratã,PR,2011,V - OUTROS CUSTOS FIXOS,30 - Encargos Sociais,-0.16,0.0,-0.02,4000.0,-0.01,,,2.198259208362353,-0.3517214733379765,0.0
Ubiratã,PR,2011,V - OUTROS CUSTOS FIXOS,31 - Seguro do capital fixo,5.1,0.08,0.7,4000.0,0.46,,Seguro,2.198259208362353,11.211121962647999,0.17586073666898824
Ubiratã,PR,2011,V - OUTROS CUSTOS FIXOS,TOTAL DE OUTROS CUSTOS FIXOS (F),38.0,0.58,5.2,4000.0,3.46,Total Outros Custos Fixos (F),,2.198259208362353,83.53384991776942,1.2749903408501646
Ubiratã,PR,2011,V - OUTROS CUSTOS FIXOS,CUSTO FIXO (E+F=G),136.1,2.05,18.61,4000.0,12.39,Custo Fixo (G),,2.198259208362353,299.1830782581162,4.506431377142823
Ubiratã,PR,2011,V - OUTROS CUSTOS FIXOS,CUSTO OPERACIONAL (D+G=H),867.26,13.02,118.6,4000.0,79.02,Custo Operacional (H),,2.198259208362353,1906.462281044334,28.621334892877833
Ubiratã,PR,2011,VI - RENDA DE FATORES,32 - Remuneração esperada sobre o capital fixo,49.54,0.74,6.78,4000.0,4.51,,,2.198259208362353,108.90176118227096,1.6267118141881411
Ubiratã,PR,2011,VI - RENDA DE FATORES,33 - Terra Própria,180.74,2.71,24.72,4000.0,16.47,,Terra,2.198259208362353,397.31336931941166,5.957282454661976
Ubiratã,PR,2011,VI - RENDA DE FATORES,34 - Arrendamento,0.0,0.0,0.0,4000.0,0.0,,Arrendamento,2.198259208362353,0.0,0.0
Ubiratã,PR,2011,VI - RENDA DE FATORES,TOTAL DE RENDA DE FATORES (I),230.28,3.45,31.5,4000.0,20.98,Total Renda de Fatores (I),,2.198259208362353,506.2151305016826,7.583994268850118
Ubiratã,PR,2011,VI - RENDA DE FATORES,CUSTO TOTAL (H+I=J),1097.54,16.47,150.1,4000.0,,Custo Total (J),,2.198259208362353,2412.6774115460166,36.20532916172795
Ubiratã,PR,2012,I - DESPESAS DE CUSTEIO DA LAVOURA,1 - Operações com Animais,0.0,0.0,0.0,,0.0,,,2.085563039932625,0.0,0.0
Ubiratã,PR,2012,I - DESPESAS DE CUSTEIO DA LAVOURA,2 - Operação com Avião,0.0,0.0,0.0,,0.0,,,2.085563039932625,0.0,0.0
Ubiratã,PR,2012,3 - Operação com máquinas:,3.1 - Tratores e Colheitadeiras,133.41,2.02,14.79,,10.5,,,2.085563039932625,278.23496515741147,4.212837340663902
Ubiratã,PR,2012,3 - Operação com máquinas:,3.2 - Conjunto de Irrigação,0.0,0.0,0.0,,0.0,,,2.085563039932625,0.0,0.0
Ubiratã,PR,2012,3 - Operação com máquinas:,4 - Aluguel de Máquinas,3.75,0.06,0.42,,0.3,,Máquinas/Depreciação,2.085563039932625,7.8208613997473435,0.1251337823959575
Ubiratã,PR,2012,3 - Operação com máquinas:,5 - Aluguel de Animais,0.0,0.0,0.0,,0.0,,,2.085563039932625,0.0,0.0
Ubiratã,PR,2012,3 - Operação com máquinas:,6 - Mão-de-obra,7.08,0.1,0.78,,0.56,,Mão de obra,2.085563039932625,14.765786322722985,0.2085563039932625
Ubiratã,PR,2012,3 - Operação com máquinas:,7 - Administrador,37.32,0.56,4.14,,2.94,,Administração,2.085563039932625,77.83321265028556,1.16791530236227
Ubiratã,PR,2012,3 - Operação com máquinas:,8 - Sementes,102.6,1.54,11.37,,8.08,,Sementes,2.085563039932625,213.9787678970873,3.2117670814962422
Ubiratã,PR,2012,3 - Operação com máquinas:,8.1 - Royalties,0.0,0.0,0.0,,0.0,,,2.085563039932625,0.0,0.0
Ubiratã,PR,2012,3 - Operação com máquinas:,9 - Fertilizantes,317.22,4.76,35.16,,24.97,,Fertilizantes,2.085563039932625,661.5823075274272,9.927280070079293
Ubiratã,PR,2012,3 - Operação com máquinas:,10 - Agrotóxicos,82.16,1.24,9.11,,6.47,,Defensivos/Agrotóxicos,2.085563039932625,171.34985936086446,2.586098169516455
Ubiratã,PR,2012,3 - Operação com máquinas:,11 - Água,0.0,0.0,0.0,,0.0,,,2.085563039932625,0.0,0.0
Ubiratã,PR,2012,3 - Operação com máquinas:,12 - Receita,0.0,0.0,0.0,,0.0,,,2.085563039932625,0.0,0.0
Ubiratã,PR,2012,13 - Outros:,13.1 - Análise Foliar,0.0,0.0,0.0,,0.0,,,2.085563039932625,0.0,0.0
Ubiratã,PR,2012,13 - Outros:,13.2 - Embalagens/Utensílios,0.0,0.0,0.0,,0.0,,,2.085563039932625,0.0,0.0
Ubiratã,PR,2012,13 - Outros:,13.3 - Vernalização(Alho),0.0,0.0,0.0,,0.0,,,2.085563039932625,0.0,0.0
Ubiratã,PR,2012,13 - Outros:,13.4 - Análise de Solo,6.75,0.1,0.75,,0.53,,,2.085563039932625,14.077550519545218,0.2085563039932625
Ubiratã,PR,2012,13 - Outros:,13.5 - Mudas,0.0,0.0,0.0,,0.0,,,2.085563039932625,0.0,0.0
Ubiratã,PR,2012,13 - Outros:,13.6 - Taxas Ambientais,0.0,0.0,0.0,,0.0,,,2.085563039932625,0.0,0.0
Ubiratã,PR,2012,13 - Outros:,13.7 - Demais Despesas,0.0,0.0,0.0,,0.0,,,2.085563039932625,0.0,0.0
Ubiratã,PR,2012,13 - Outros:,14 - Serviços Diversos,0.0,0.0,0.0,,0.0,,,2.085563039932625,0.0,0.0
Ubiratã,PR,2012,13 - Outros:,TOTAL DAS DESPESAS DE CUSTEIO DA LAVOURA (A),690.29,10.38,76.52,,54.35,Total Despesas de Custeio (A),,2.085563039932625,1439.6433108350916,21.648144354500648
Ubiratã,PR,2012,II - OUTRAS DESPESAS,15 - Transporte Externo,40.0,0.6,4.43,,3.15,,Transporte,2.085563039932625,83.42252159730499,1.251337823959575
Ubiratã,PR,2012,16 - Despesas:,16.1 - Despesas Administrativas,0.0,0.0,0.0,,0.0,,Administração,2.085563039932625,0.0,0.0
Ubiratã,PR,2012,16 - Despesas:,16.2 - Despesas de armazenagem,105.1,1.58,11.65,,8.27,,,2.085563039932625,219.19267549691887,3.2951896030935472
Ubiratã,PR,2012,16 - Despesas:,16.3 - Beneficiamento,0.0,0.0,0.0,,0.0,,,2.085563039932625,0.0,0.0
Ubiratã,PR,2012,16 - Despesas:,17 - Seguro da Produção,0.0,0.0,0.0,,0.0,,Seguro,2.085563039932625,0.0,0.0
Ubiratã,PR,2012,16 - Despesas:,18 - Seguro do crédito,0.0,0.0,0.0,,0.0,,Seguro,2.085563039932625,0.0,0.0
Ubiratã,PR,2012,16 - Despesas:,19 - Assistência Técnica,13.81,0.21,1.53,,1.09,,,2.085563039932625,28.80162558146955,0.4379682383858512
Ubiratã,PR,2012,16 - Despesas:,20 - Classificação,0.0,0.0,0.0,,0.0,,,2.085563039932625,0.0,0.0
Ubiratã,PR,2012,16 - Despesas:,21 - Outros Impostos/Taxas,0.0,0.0,0.0,,0.0,,,2.085563039932625,0.0,0.0
Ubiratã,PR,2012,16 - Despesas:,22 - CDO,0.0,0.0,0.0,,0.0,,,2.085563039932625,0.0,0.0
Ubiratã,PR,2012,16 - Despesas:,23 - CESSR,30.84,0.46,3.42,,2.43,,,2.085563039932625,64.31876415152215,0.9593589983690075
Ubiratã,PR,2012,16 - Despesas:,24 - FUNDECITRUS,0.0,0.0,0.0,,0.0,,,2.085563039932625,0.0,0.0
Ubiratã,PR,2012,16 - Despesas:,TOTAL DAS OUTRAS DESPESAS (B),189.75,2.85,21.03,,14.94,Total Outras Despesas (B),,2.085563039932625,395.73558682721557,5.943854663807981
Ubiratã,PR,2012,III - DESPESAS FINANCEIRAS,25 - Juros do Financiamento,22.26,0.33,2.47,,1.75,,Juros/Financiamento,2.085563039932625,46.42463326890023,0.6882358031777662
Ubiratã,PR,2012,III - DESPESAS FINANCEIRAS,TOTAL DAS DESPESAS FINANCEIRAS (C),22.26,0.33,2.47,,1.75,Total Despesas Financeiras (C),,2.085563039932625,46.42463326890023,0.6882358031777662
Ubiratã,PR,2012,III - DESPESAS FINANCEIRAS,CUSTO VARIÁVEL (A+B+C=D),902.3,13.56,100.02,,71.04,Custo Variável (D),,2.085563039932625,1881.8035309312072,28.280234821486392
Ubiratã,PR,2012,IV - DEPRECIAÇÕES,26 - Depreciação de benfeitorias/instalações,0.0,0.0,0.0,,0.0,,Máquinas/Depreciação,2.085563039932625,0.0,0.0
Ubiratã,PR,2012,IV - DEPRECIAÇÕES,27 - Depreciação de implementos,54.05,0.81,5.99,,4.25,,Máquinas/Depreciação,2.085563039932625,112.72468230835837,1.6893060623454261
Ubiratã,PR,2012,IV - DEPRECIAÇÕES,28 - Depreciação de Máquinas,45.23,0.68,5.01,,3.56,,Máquinas/Depreciação,2.085563039932625,94.3300162961526,1.418182867154185
Ubiratã,PR,2012,IV - DEPRECIAÇÕES,TOTAL DE DEPRECIAÇÕES (E),99.28,1.49,11.0,,7.81,Total Depreciações (E),Máquinas/Depreciação,2.085563039932625,207.054698604511,3.107488929499611
Ubiratã,PR,2012,V - OUTROS CUSTOS FIXOS,"29 - Manutenção Periódica Benfeitorias/Instalações, Máquinas e Implementos",33.53,0.5,3.72,,2.64,,Máquinas/Depreciação,2.085563039932625,69.92892872894092,1.0427815199663124
Ubiratã,PR,2012,V - OUTROS CUSTOS FIXOS,30 - Encargos Sociais,0.22,0.0,0.02,,0.02,,,2.085563039932625,0.45882386878517745,0.0
Ubiratã,PR,2012,V - OUTROS CUSTOS FIXOS,31 - Seguro do capital fixo,5.16,0.08,0.57,,0.41,,Seguro,2.085563039932625,10.761505286052344,0.16684504319461
Ubiratã,PR,2012,V - OUTROS CUSTOS FIXOS,TOTAL DE OUTROS CUSTOS FIXOS (F),38.91,0.58,4.31,,3.07,Total Outros Custos Fixos (F),,2.085563039932625,81.14925788377842,1.2096265631609222
Ubiratã,PR,2012,V - OUTROS CUSTOS FIXOS,CUSTO FIXO (E+F=G),138.19,2.07,15.31,,10.88,Custo Fixo (G),,2.085563039932625,288.2039564882894,4.317115492660533
Ubiratã,PR,2012,V - OUTROS CUSTOS FIXOS,CUSTO OPERACIONAL (D+G=H),1040.49,15.63,115.33,,81.92,Custo Operacional (H),,2.085563039932625,2170.007487419497,32.59735031414693
Ubiratã,PR,2012,VI - RENDA DE FATORES,32 - Remuneração esperada sobre o capital fixo,49.9,0.75,5.53,,3.93,,,2.085563039932625,104.06959569263798,1.5641722799494686
Ubiratã,PR,2012,VI - RENDA DE FATORES,33 - Terra Própria,180.0,2.7,19.95,,14.17,,Terra,2.085563039932625,375.4013471878725,5.6310202078180875
Ubiratã,PR,2012,VI - RENDA DE FATORES,34 - Arrendamento,0.0,0.0,0.0,,0.0,,Arrendamento,2.085563039932625,0.0,0.0
Ubiratã,PR,2012,VI - RENDA DE FATORES,TOTAL DE RENDA DE FATORES (I),229.9,3.45,25.48,,18.1,Total Renda de Fatores (I),,2.085563039932625,479.47094288051045,7.195192487767556
Ubiratã,PR,2012,VI - RENDA DE FATORES,CUSTO TOTAL (H+I=J),1270.39,19.08,140.81,,,Custo Total (J),,2.085563039932625,2649.4784303000074,39.79254280191448
Ubiratã,PR,2013,I - DESPESAS DE CUSTEIO DA LAVOURA,1 - Operação com animal,0.0,0.0,0.0,4000.0,0.0,,,1.9637289905416229,0.0,0.0
Ubiratã,PR,2013,I - DESPESAS DE CUSTEIO DA LAVOURA,2 - Operação com Avião,0.0,0.0,0.0,4000.0,0.0,,,1.9637289905416229,0.0,0.0
Ubiratã,PR,2013,3 - Operação com máquinas:,3.1 - Tratores e Colheitadeiras,123.27,1.87,10.63,4000.0,8.89,,,1.9637289905416229,242.06887266406585,3.672173212312835
Ubiratã,PR,2013,3 - Operação com máquinas:,3.2 - Conjunto de Irrigação,0.0,0.0,0.0,4000.0,0.0,,,1.9637289905416229,0.0,0.0
Ubiratã,PR,2013,3 - Operação com máquinas:,4 - Aluguel de Máquinas,3.75,0.06,0.32,4000.0,0.27,,Máquinas/Depreciação,1.9637289905416229,7.363983714531086,0.11782373943249737
Ubiratã,PR,2013,3 - Operação com máquinas:,5 - Aluguel de Animais,0.0,0.0,0.0,4000.0,0.0,,,1.9637289905416229,0.0,0.0
Ubiratã,PR,2013,3 - Operação com máquinas:,6 - Mão-de-obra,5.95,0.08,0.51,4000.0,0.43,,Mão de obra,1.9637289905416229,11.684187493722657,0.15709831924332984
Ubiratã,PR,2013,3 - Operação com máquinas:,7 - Administrador,215.0,3.24,18.54,4000.0,15.5,,Administração,1.9637289905416229,422.2017329664489,6.362481929354859
Ubiratã,PR,2013,3 - Operação com máquinas:,8 - Sementes,102.03,1.53,8.8,4000.0,7.36,,Sementes,1.9637289905416229,200.3592689049618,3.004505355528683
Ubiratã,PR,2013,3 - Operação com máquinas:,8.1 - Royalties,0.0,0.0,0.0,4000.0,0.0,,,1.9637289905416229,0.0,0.0
Ubiratã,PR,2013,3 - Operação com máquinas:,9 - Fertilizantes,366.09,5.49,31.57,4000.0,26.4,,Fertilizantes,1.9637289905416229,718.9015461473826,10.78087215807351
Ubiratã,PR,2013,3 - Operação com máquinas:,10 - Agrotóxicos,114.63,1.72,9.89,4000.0,8.27,,Defensivos/Agrotóxicos,1.9637289905416229,225.10225418578622,3.3776138637315913
Ubiratã,PR,2013,3 - Operação com máquinas:,11 - Água,0.0,0.0,0.0,4000.0,0.0,,,1.9637289905416229,0.0,0.0
Ubiratã,PR,2013,3 - Operação com máquinas:,12 - Receita,0.0,0.0,0.0,4000.0,0.0,,,1.9637289905416229,0.0,0.0
Ubiratã,PR,2013,13 - Outros:,13.1 - Análise Foliar,0.0,0.0,0.0,4000.0,0.0,,,1.9637289905416229,0.0,0.0
Ubiratã,PR,2013,13 - Outros:,13.2 - Embalagens/Utensílios,0.0,0.0,0.0,4000.0,0.0,,,1.9637289905416229,0.0,0.0
Ubiratã,PR,2013,13 - Outros:,13.3 - Vernalização(Alho),0.0,0.0,0.0,4000.0,0.0,,,1.9637289905416229,0.0,0.0
Ubiratã,PR,2013,13 - Outros:,13.4 - Análise de Solo,6.75,0.1,0.58,4000.0,0.49,,,1.9637289905416229,13.255170686155955,0.1963728990541623
Ubiratã,PR,2013,13 - Outros:,13.5 - Mudas,0.0,0.0,0.0,4000.0,0.0,,,1.9637289905416229,0.0,0.0
Ubiratã,PR,2013,13 - Outros:,13.6 - Taxas Ambientais,0.0,0.0,0.0,4000.0,0.0,,,1.9637289905416229,0.0,0.0
Ubiratã,PR,2013,13 - Outros:,13.7 - Demais Despesas,0.0,0.0,0.0,4000.0,0.0,,,1.9637289905416229,0.0,0.0
Ubiratã,PR,2013,13 - Outros:,13.8 - Implementos Manuais,0.0,0.0,0.0,4000.0,0.0,,Máquinas/Depreciação,1.9637289905416229,0.0,0.0
Ubiratã,PR,2013,13 - Outros:,14 - Serviços Diversos,0.0,0.0,0.0,4000.0,0.0,,,1.9637289905416229,0.0,0.0
Ubiratã,PR,2013,13 - Outros:,TOTAL DAS DESPESAS DE CUSTEIO DA LAVOURA (A),937.47,14.09,80.84,4000.0,67.61,Total Despesas de Custeio (A),,1.9637289905416229,1840.9370167630552,27.668941476731465
Ubiratã,PR,2013,II - OUTRAS DESPESAS,15 - Transporte Externo,40.0,0.6,3.45,4000.0,2.88,,Transporte,1.9637289905416229,78.54915962166491,1.1782373943249738
Ubiratã,PR,2013,16 - Despesas:,16.1 - Despesas Administrativas,0.0,0.0,0.0,4000.0,0.0,,Administração,1.9637289905416229,0.0,0.0
Ubiratã,PR,2013,16 - Despesas:,16.2 - Despesas de armazenagem,105.55,1.58,9.1,4000.0,7.61,,,1.9637289905416229,207.27159495166828,3.1026918050557644
Ubiratã,PR,2013,16 - Despesas:,16.3 - Beneficiamento,0.0,0.0,0.0,4000.0,0.0,,,1.9637289905416229,0.0,0.0
Ubiratã,PR,2013,16 - Despesas:,17 - Seguro da Produção,0.0,0.0,0.0,4000.0,0.0,,Seguro,1.9637289905416229,0.0,0.0
Ubiratã,PR,2013,16 - Despesas:,18 - Seguro do crédito,0.0,0.0,0.0,4000.0,0.0,,Seguro,1.9637289905416229,0.0,0.0
Ubiratã,PR,2013,16 - Despesas:,19 - Assistência Técnica,18.75,0.28,1.62,4000.0,1.35,,,1.9637289905416229,36.81991857265543,0.5498441173516545
Ubiratã,PR,2013,16 - Despesas:,20 - Classificação,0.0,0.0,0.0,4000.0,0.0,,,1.9637289905416229,0.0,0.0
Ubiratã,PR,2013,16 - Despesas:,21 - Outros Impostos/Taxas,0.0,0.0,0.0,4000.0,0.0,,,1.9637289905416229,0.0,0.0
Ubiratã,PR,2013,16 - Despesas:,22 - CDO,0.0,0.0,0.0,4000.0,0.0,,,1.9637289905416229,0.0,0.0
Ubiratã,PR,2013,16 - Despesas:,23 - CESSR,34.23,0.51,2.95,4000.0,2.47,,,1.9637289905416229,67.21844334623974,1.0015017851762278
Ubiratã,PR,2013,16 - Despesas:,24 - FUNDECITRUS,0.0,0.0,0.0,4000.0,0.0,,,1.9637289905416229,0.0,0.0
Ubiratã,PR,2013,16 - Despesas:,TOTAL DAS OUTRAS DESPESAS (B),198.53,2.97,17.12,4000.0,14.31,Total Outras Despesas (B),,1.9637289905416229,389.8591164922284,5.83227510190862
Ubiratã,PR,2013,III - DESPESAS FINANCEIRAS,25 - Juros do Financiamento,23.58,0.36,2.03,4000.0,1.7,,Juros/Financiamento,1.9637289905416229,46.30472959697146,0.7069424365949842
Ubiratã,PR,2013,III - DESPESAS FINANCEIRAS,TOTAL DAS DESPESAS FINANCEIRAS (C),23.58,0.36,2.03,4000.0,1.7,Total Despesas Financeiras (C),,1.9637289905416229,46.30472959697146,0.7069424365949842
Ubiratã,PR,2013,III - DESPESAS FINANCEIRAS,CUSTO VARIÁVEL (A+B+C=D),1159.58,17.42,99.99,4000.0,83.62,Custo Variável (D),,1.9637289905416229,2277.100862852255,34.208159015235076
Ubiratã,PR,2013,IV - DEPRECIAÇÕES,26 - Depreciação de benfeitorias/instalações,0.0,0.0,0.0,4000.0,0.0,,Máquinas/Depreciação,1.9637289905416229,0.0,0.0
Ubiratã,PR,2013,IV - DEPRECIAÇÕES,27 - Depreciação de implementos,55.32,0.83,4.77,4000.0,3.99,,Máquinas/Depreciação,1.9637289905416229,108.63348775676258,1.629895062149547
Ubiratã,PR,2013,IV - DEPRECIAÇÕES,28 - Depreciação de Máquinas,45.88,0.69,3.96,4000.0,3.31,,Máquinas/Depreciação,1.9637289905416229,90.09588608604966,1.3549730034737197
Ubiratã,PR,2013,IV - DEPRECIAÇÕES,TOTAL DE DEPRECIAÇÕES (E),101.2,1.52,8.73,4000.0,7.3,Total Depreciações (E),Máquinas/Depreciação,1.9637289905416229,198.72937384281224,2.984868065623267
Ubiratã,PR,2013,V - OUTROS CUSTOS FIXOS,29 - Manutenção Periódica Benfeitorias/Instalações,0.0,0.0,0.0,4000.0,0.0,,,1.9637289905416229,0.0,0.0
Ubiratã,PR,2013,V - OUTROS CUSTOS FIXOS,30 - Encargos Sociais,0.98,0.01,0.08,4000.0,0.07,,,1.9637289905416229,1.9244544107307904,0.01963728990541623
Ubiratã,PR,2013,V - OUTROS CUSTOS FIXOS,31 - Seguro do capital fixo,5.06,0.08,0.44,4000.0,0.36,,Seguro,1.9637289905416229,9.936468692140611,0.15709831924332984
Ubiratã,PR,2013,V - OUTROS CUSTOS FIXOS,TOTAL DE OUTROS CUSTOS FIXOS (F),6.04,0.09,0.52,4000.0,0.43,Total Outros Custos Fixos (F),,1.9637289905416229,11.860923102871402,0.17673560914874606
Ubiratã,PR,2013,V - OUTROS CUSTOS FIXOS,CUSTO FIXO (E+F=G),107.24,1.61,9.25,4000.0,7.73,Custo Fixo (G),,1.9637289905416229,210.59029694568363,3.161603674772013
Ubiratã,PR,2013,V - OUTROS CUSTOS FIXOS,CUSTO OPERACIONAL (D+G=H),1266.82,19.03,109.24,4000.0,91.35,Custo Operacional (H),,1.9637289905416229,2487.6911597979383,37.369762690007086
Ubiratã,PR,2013,VI - RENDA DE FATORES,32 - Remuneração esperada sobre o capital fixo,42.33,0.63,3.65,4000.0,3.05,,,1.9637289905416229,83.1246481696269,1.2371492640412225
Ubiratã,PR,2013,VI - RENDA DE FATORES,33 - Terra Própria,77.73,1.17,6.7,4000.0,5.6,,Terra,1.9637289905416229,152.64065443480035,2.2975629189336986
Ubiratã,PR,2013,VI - RENDA DE FATORES,34 - Arrendamento,0.0,0.0,0.0,4000.0,0.0,,Arrendamento,1.9637289905416229,0.0,0.0
Ubiratã,PR,2013,VI - RENDA DE FATORES,TOTAL DE RENDA DE FATORES (I),120.06,1.8,10.35,4000.0,8.65,Total Renda de Fatores (I),,1.9637289905416229,235.76530260442723,3.5347121829749213
Ubiratã,PR,2013,VI - RENDA DE FATORES,CUSTO TOTAL (H+I=J),1386.88,20.83,119.59,4000.0,,Custo Total (J),,1.9637289905416229,2723.456462402366,40.904474872982
Ubiratã,PR,2014,I - DESPESAS DE CUSTEIO DA LAVOURA,1 - Operação com animal,0.0,0.0,0.0,5700.0,0.0,,,1.846839121244845,0.0,0.0
Ubiratã,PR,2014,I - DESPESAS DE CUSTEIO DA LAVOURA,2 - Operação com Avião,0.0,0.0,0.0,5700.0,0.0,,,1.846839121244845,0.0,0.0
Ubiratã,PR,2014,3 - Operação com máquinas:,3.1 - Tratores e Colheitadeiras,52.23,0.56,3.44,5700.0,2.44,,,1.846839121244845,96.46040730261825,1.0342299078971133
Ubiratã,PR,2014,3 - Operação com máquinas:,3.2 - Conjunto de Irrigação,0.0,0.0,0.0,5700.0,0.0,,,1.846839121244845,0.0,0.0
Ubiratã,PR,2014,3 - Operação com máquinas:,4 - Aluguel de Máquinas,0.0,0.0,0.0,5700.0,0.0,,Máquinas/Depreciação,1.846839121244845,0.0,0.0
Ubiratã,PR,2014,3 - Operação com máquinas:,5 - Aluguel de Animais,0.0,0.0,0.0,5700.0,0.0,,,1.846839121244845,0.0,0.0
Ubiratã,PR,2014,3 - Operação com máquinas:,6 - Mão-de-obra,5.42,0.05,0.36,5700.0,0.25,,Mão de obra,1.846839121244845,10.00986803714706,0.09234195606224226
Ubiratã,PR,2014,3 - Operação com máquinas:,7 - Administrador,67.8,0.72,4.46,5700.0,3.17,,Administração,1.846839121244845,125.21569242040049,1.3297241672962883
Ubiratã,PR,2014,3 - Operação com máquinas:,8 - Sementes,437.8,4.61,28.8,5700.0,20.49,,Sementes,1.846839121244845,808.5461672809931,8.513928348938736
Ubiratã,PR,2014,3 - Operação com máquinas:,8.1 - Royalties,0.0,0.0,0.0,5700.0,0.0,,,1.846839121244845,0.0,0.0
Ubiratã,PR,2014,3 - Operação com máquinas:,9 - Fertilizantes,300.75,3.17,19.78,5700.0,14.07,,Fertilizantes,1.846839121244845,555.4368657143871,5.854480014346159
Ubiratã,PR,2014,3 - Operação com máquinas:,10 - Agrotóxicos,256.4,2.7,16.87,5700.0,12.0,,Defensivos/Agrotóxicos,1.846839121244845,473.5295506871782,4.986465627361082
Ubiratã,PR,2014,3 - Operação com máquinas:,11 - Água,0.0,0.0,0.0,5700.0,0.0,,,1.846839121244845,0.0,0.0
Ubiratã,PR,2014,3 - Operação com máquinas:,12 - Receita,0.0,0.0,0.0,5700.0,0.0,,,1.846839121244845,0.0,0.0
Ubiratã,PR,2014,13 - Outros:,13.1 - Análise Foliar,0.0,0.0,0.0,5700.0,0.0,,,1.846839121244845,0.0,0.0
Ubiratã,PR,2014,13 - Outros:,13.2 - Embalagens/Utensílios,0.0,0.0,0.0,5700.0,0.0,,,1.846839121244845,0.0,0.0
Ubiratã,PR,2014,13 - Outros:,13.3 - Vernalização(Alho),0.0,0.0,0.0,5700.0,0.0,,,1.846839121244845,0.0,0.0
Ubiratã,PR,2014,13 - Outros:,13.4 - Análise de Solo,0.8,0.01,0.05,5700.0,0.04,,,1.846839121244845,1.477471296995876,0.01846839121244845
Ubiratã,PR,2014,13 - Outros:,13.5 - Mudas,0.0,0.0,0.0,5700.0,0.0,,,1.846839121244845,0.0,0.0
Ubiratã,PR,2014,13 - Outros:,13.6 - Taxas Ambientais,0.0,0.0,0.0,5700.0,0.0,,,1.846839121244845,0.0,0.0
Ubiratã,PR,2014,13 - Outros:,13.7 - Demais Despesas,0.0,0.0,0.0,5700.0,0.0,,,1.846839121244845,0.0,0.0
Ubiratã,PR,2014,13 - Outros:,13.8 - Implementos Manuais,0.0,0.0,0.0,5700.0,0.0,,Máquinas/Depreciação,1.846839121244845,0.0,0.0
Ubiratã,PR,2014,13 - Outros:,14 - Serviços Diversos,0.0,0.0,0.0,5700.0,0.0,,,1.846839121244845,0.0,0.0
Ubiratã,PR,2014,13 - Outros:,TOTAL DAS DESPESAS DE CUSTEIO DA LAVOURA (A),1121.2,11.82,73.76,5700.0,52.46,Total Despesas de Custeio (A),,1.846839121244845,2070.6760227397203,21.82963841311407
Ubiratã,PR,2014,II - OUTRAS DESPESAS,15 - Transporte Externo,102.6,1.08,6.75,5700.0,4.8,,Transporte,1.846839121244845,189.48569383972108,1.9945862509444328
Ubiratã,PR,2014,16 - Despesas:,16.1 - Despesas Administrativas,33.64,0.35,2.21,5700.0,1.57,,Administração,1.846839121244845,62.12766803867658,0.6463936924356957
Ubiratã,PR,2014,16 - Despesas:,16.2 - Despesas de armazenagem,150.65,1.59,9.91,5700.0,7.05,,,1.846839121244845,278.2263136155359,2.9364742027793036
Ubiratã,PR,2014,16 - Despesas:,16.3 - Beneficiamento,0.0,0.0,0.0,5700.0,0.0,,,1.846839121244845,0.0,0.0
Ubiratã,PR,2014,16 - Despesas:,17 - Seguro da Produção,0.0,0.0,0.0,5700.0,0.0,,Seguro,1.846839121244845,0.0,0.0
Ubiratã,PR,2014,16 - Despesas:,18 - Seguro do crédito,0.0,0.0,0.0,5700.0,0.0,,Seguro,1.846839121244845,0.0,0.0
Ubiratã,PR,2014,16 - Despesas:,19 - Assistência Técnica,22.42,0.24,1.47,5700.0,1.05,,,1.846839121244845,41.406133098309425,0.44324138909876276
Ubiratã,PR,2014,16 - Despesas:,20 - Classificação,0.0,0.0,0.0,5700.0,0.0,,,1.846839121244845,0.0,0.0
Ubiratã,PR,2014,16 - Despesas:,21 - Outros Impostos/Taxas,0.0,0.0,0.0,5700.0,0.0,,,1.846839121244845,0.0,0.0
Ubiratã,PR,2014,16 - Despesas:,22 - CDO,0.0,0.0,0.0,5700.0,0.0,,,1.846839121244845,0.0,0.0
Ubiratã,PR,2014,16 - Despesas:,23 - CESSR,53.37,0.56,3.51,5700.0,2.5,,,1.846839121244845,98.56580390083737,1.0342299078971133
Ubiratã,PR,2014,16 - Despesas:,24 - FUNDECITRUS,0.0,0.0,0.0,5700.0,0.0,,,1.846839121244845,0.0,0.0
Ubiratã,PR,2014,16 - Despesas:,TOTAL DAS OUTRAS DESPESAS (B),362.68,3.82,23.85,5700.0,16.97,Total Outras Despesas (B),,1.846839121244845,669.8116124930804,7.054925443155307
Ubiratã,PR,2014,III - DESPESAS FINANCEIRAS,25 - Juros do Financiamento,36.23,0.38,2.38,5700.0,1.7,,Juros/Financiamento,1.846839121244845,66.91098136270072,0.7017988660730411
Ubiratã,PR,2014,III - DESPESAS FINANCEIRAS,TOTAL DAS DESPESAS FINANCEIRAS (C),36.23,0.38,2.38,5700.0,1.7,Total Despesas Financeiras (C),,1.846839121244845,66.91098136270072,0.7017988660730411
Ubiratã,PR,2014,III - DESPESAS FINANCEIRAS,CUSTO VARIÁVEL (A+B+C=D),1520.11,16.02,99.99,5700.0,71.13,Custo Variável (D),,1.846839121244845,2807.398616595501,29.586362722342415
Ubiratã,PR,2014,IV - DEPRECIAÇÕES,26 - Depreciação de benfeitorias/instalações,38.35,0.4,2.52,5700.0,1.79,,Máquinas/Depreciação,1.846839121244845,70.8262802997398,0.738735648497938
Ubiratã,PR,2014,IV - DEPRECIAÇÕES,27 - Depreciação de implementos,32.1,0.34,2.11,5700.0,1.5,,Máquinas/Depreciação,1.846839121244845,59.28353579195952,0.6279253012232473
Ubiratã,PR,2014,IV - DEPRECIAÇÕES,28 - Depreciação de Máquinas,27.92,0.29,1.84,5700.0,1.31,,Máquinas/Depreciação,1.846839121244845,51.56374826515607,0.535583345161005
Ubiratã,PR,2014,IV - DEPRECIAÇÕES,TOTAL DE DEPRECIAÇÕES (E),98.37,1.03,6.47,5700.0,4.6,Total Depreciações (E),Máquinas/Depreciação,1.846839121244845,181.6735643568554,1.9022442948821903
Ubiratã,PR,2014,V - OUTROS CUSTOS FIXOS,29 - Manutenção Periódica Benfeitorias/Instalações,39.11,0.41,2.57,5700.0,1.83,,,1.846839121244845,72.22987803188589,0.7572040397103864
Ubiratã,PR,2014,V - OUTROS CUSTOS FIXOS,30 - Encargos Sociais,30.91,0.33,2.03,5700.0,1.45,,,1.846839121244845,57.08579723767816,0.6094569100107988
Ubiratã,PR,2014,V - OUTROS CUSTOS FIXOS,31 - Seguro do capital fixo,3.81,0.04,0.25,5700.0,0.18,,Seguro,1.846839121244845,7.036457051942859,0.0738735648497938
Ubiratã,PR,2014,V - OUTROS CUSTOS FIXOS,TOTAL DE OUTROS CUSTOS FIXOS (F),73.83,0.78,4.85,5700.0,3.46,Total Outros Custos Fixos (F),,1.846839121244845,136.3521323215069,1.4405345145709791
Ubiratã,PR,2014,V - OUTROS CUSTOS FIXOS,CUSTO FIXO (E+F=G),172.2,1.81,11.32,5700.0,8.06,Custo Fixo (G),,1.846839121244845,318.0256966783623,3.3427788094531694
Ubiratã,PR,2014,V - OUTROS CUSTOS FIXOS,CUSTO OPERACIONAL (D+G=H),1692.31,17.83,111.31,5700.0,79.19,Custo Operacional (H),,1.846839121244845,3125.4243132738634,32.92914153179558
Ubiratã,PR,2014,VI - RENDA DE FATORES,32 - Remuneração esperada sobre o capital fixo,33.47,0.35,2.2,5700.0,1.57,,,1.846839121244845,61.81370538806496,0.6463936924356957
Ubiratã,PR,2014,VI - RENDA DE FATORES,33 - Terra Própria,411.25,4.33,27.05,5700.0,19.24,,Terra,1.846839121244845,759.5125886119425,7.996813394990179
Ubiratã,PR,2014,VI - RENDA DE FATORES,34 - Arrendamento,0.0,0.0,0.0,5700.0,0.0,,Arrendamento,1.846839121244845,0.0,0.0
Ubiratã,PR,2014,VI - RENDA DE FATORES,TOTAL DE RENDA DE FATORES (I),444.72,4.68,29.25,5700.0,20.81,Total Renda de Fatores (I),,1.846839121244845,821.3262940000075,8.643207087425873
Ubiratã,PR,2014,VI - RENDA DE FATORES,CUSTO TOTAL (H+I=J),2137.03,22.51,140.56,5700.0,,Custo Total (J),,1.846839121244845,3946.7506072738715,41.572348619221465
Ubiratã,PR,2015,I - DESPESAS DE CUSTEIO DA LAVOURA,1 - Operação com animal,0.0,0.0,0.0,5700.0,0.0,,,1.6938792787919235,0.0,0.0
Ubiratã,PR,2015,I - DESPESAS DE CUSTEIO DA LAVOURA,2 - Operação com Avião,0.0,0.0,0.0,5700.0,0.0,,,1.6938792787919235,0.0,0.0
Ubiratã,PR,2015,3 - Operação com máquinas:,3.1 - Tratores e Colheitadeiras,57.16,0.6,3.58,5700.0,2.31,,,1.6938792787919235,96.82213957574633,1.016327567275154
Ubiratã,PR,2015,3 - Operação com máquinas:,3.2 - Conjunto de Irrigação,0.0,0.0,0.0,5700.0,0.0,,,1.6938792787919235,0.0,0.0
Ubiratã,PR,2015,3 - Operação com máquinas:,4 - Aluguel de Máquinas,0.0,0.0,0.0,5700.0,0.0,,Máquinas/Depreciação,1.6938792787919235,0.0,0.0
Ubiratã,PR,2015,3 - Operação com máquinas:,5 - Aluguel de Animais,0.0,0.0,0.0,5700.0,0.0,,,1.6938792787919235,0.0,0.0
Ubiratã,PR,2015,3 - Operação com máquinas:,6 - Mão-de-obra,10.79,0.1,0.68,5700.0,0.44,,Mão de obra,1.6938792787919235,18.27695741816485,0.16938792787919235
Ubiratã,PR,2015,3 - Operação com máquinas:,7 - Administrador,78.76,0.84,4.93,5700.0,3.18,,Administração,1.6938792787919235,133.4099319976519,1.4228585941852157
Ubiratã,PR,2015,3 - Operação com máquinas:,8 - Sementes,407.4,4.29,25.5,5700.0,16.46,,Sementes,1.6938792787919235,690.0864181798296,7.266742106017352
Ubiratã,PR,2015,3 - Operação com máquinas:,8.1 - Royalties,0.0,0.0,0.0,5700.0,0.0,,,1.6938792787919235,0.0,0.0
Ubiratã,PR,2015,3 - Operação com máquinas:,9 - Fertilizantes,358.75,3.78,22.46,5700.0,14.5,,Fertilizantes,1.6938792787919235,607.6791912666025,6.402863673833471
Ubiratã,PR,2015,3 - Operação com máquinas:,10 - Agrotóxicos,281.98,2.97,17.65,5700.0,11.39,,Defensivos/Agrotóxicos,1.6938792787919235,477.6400790337466,5.030821458012013
Ubiratã,PR,2015,3 - Operação com máquinas:,11 - Água,0.0,0.0,0.0,5700.0,0.0,,,1.6938792787919235,0.0,0.0
Ubiratã,PR,2015,3 - Operação com máquinas:,12 - Receita,0.0,0.0,0.0,5700.0,0.0,,,1.6938792787919235,0.0,0.0
Ubiratã,PR,2015,13 - Outros:,13.1 - Análise Foliar,0.0,0.0,0.0,5700.0,0.0,,,1.6938792787919235,0.0,0.0
Ubiratã,PR,2015,13 - Outros:,13.2 - Embalagens/Utensílios,0.0,0.0,0.0,5700.0,0.0,,,1.6938792787919235,0.0,0.0
Ubiratã,PR,2015,13 - Outros:,13.3 - Vernalização(Alho),0.0,0.0,0.0,5700.0,0.0,,,1.6938792787919235,0.0,0.0
Ubiratã,PR,2015,13 - Outros:,13.4 - Análise de Solo,0.88,0.01,0.06,5700.0,0.04,,,1.6938792787919235,1.4906137653368927,0.016938792787919234
Ubiratã,PR,2015,13 - Outros:,13.5 - Mudas,0.0,0.0,0.0,5700.0,0.0,,,1.6938792787919235,0.0,0.0
Ubiratã,PR,2015,13 - Outros:,13.6 - Taxas Ambientais,0.0,0.0,0.0,5700.0,0.0,,,1.6938792787919235,0.0,0.0
Ubiratã,PR,2015,13 - Outros:,13.7 - Demais Despesas,0.0,0.0,0.0,5700.0,0.0,,,1.6938792787919235,0.0,0.0
Ubiratã,PR,2015,13 - Outros:,13.8 - Implementos Manuais,0.0,0.0,0.0,5700.0,0.0,,Máquinas/Depreciação,1.6938792787919235,0.0,0.0
Ubiratã,PR,2015,13 - Outros:,14 - Serviços Diversos,0.0,0.0,0.0,5700.0,0.0,,,1.6938792787919235,0.0,0.0
Ubiratã,PR,2015,13 - Outros:,TOTAL DAS DESPESAS DE CUSTEIO DA LAVOURA (A),1195.72,12.59,74.86,5700.0,48.32,Total Despesas de Custeio (A),,1.6938792787919235,2025.4053312370788,21.325940119990317
Ubiratã,PR,2015,II - OUTRAS DESPESAS,15 - Transporte Externo,142.5,1.5,8.92,5700.0,5.76,,Transporte,1.6938792787919235,241.3777972278491,2.540818918187885
Ubiratã,PR,2015,16 - Despesas:,16.1 - Despesas Administrativas,35.87,0.38,2.25,5700.0,1.45,,Administração,1.6938792787919235,60.75944973026629,0.6436741259409309
Ubiratã,PR,2015,16 - Despesas:,16.2 - Despesas de armazenagem,116.88,1.23,7.32,5700.0,4.72,,,1.6938792787919235,197.98061010520001,2.0834715129140657
Ubiratã,PR,2015,16 - Despesas:,16.3 - Beneficiamento,0.0,0.0,0.0,5700.0,0.0,,,1.6938792787919235,0.0,0.0
Ubiratã,PR,2015,16 - Despesas:,17 - Seguro da Produção,0.0,0.0,0.0,5700.0,0.0,,Seguro,1.6938792787919235,0.0,0.0
Ubiratã,PR,2015,16 - Despesas:,18 - Seguro do crédito,0.0,0.0,0.0,5700.0,0.0,,Seguro,1.6938792787919235,0.0,0.0
Ubiratã,PR,2015,16 - Despesas:,19 - Assistência Técnica,23.91,0.25,1.5,5700.0,0.97,,,1.6938792787919235,40.50065355591489,0.42346981969798086
Ubiratã,PR,2015,16 - Despesas:,20 - Classificação,0.0,0.0,0.0,5700.0,0.0,,,1.6938792787919235,0.0,0.0
Ubiratã,PR,2015,16 - Despesas:,21 - Outros Impostos/Taxas,0.0,0.0,0.0,5700.0,0.0,,,1.6938792787919235,0.0,0.0
Ubiratã,PR,2015,16 - Despesas:,22 - CDO,0.0,0.0,0.0,5700.0,0.0,,,1.6938792787919235,0.0,0.0
Ubiratã,PR,2015,16 - Despesas:,23 - CESSR,44.42,0.47,2.78,5700.0,1.8,,,1.6938792787919235,75.24211756393724,0.796123261032204
Ubiratã,PR,2015,16 - Despesas:,24 - FUNDECITRUS,0.0,0.0,0.0,5700.0,0.0,,,1.6938792787919235,0.0,0.0
Ubiratã,PR,2015,16 - Despesas:,TOTAL DAS OUTRAS DESPESAS (B),363.58,3.83,22.77,5700.0,14.7,Total Outras Despesas (B),,1.6938792787919235,615.8606281831675,6.487557637773067
Ubiratã,PR,2015,III - DESPESAS FINANCEIRAS,25 - Juros do Financiamento,38.15,0.4,2.39,5700.0,1.54,,Juros/Financiamento,1.6938792787919235,64.62149448591188,0.6775517115167694
Ubiratã,PR,2015,III - DESPESAS FINANCEIRAS,TOTAL DAS DESPESAS FINANCEIRAS (C),38.15,0.4,2.39,5700.0,1.54,Total Despesas Financeiras (C),,1.6938792787919235,64.62149448591188,0.6775517115167694
Ubiratã,PR,2015,III - DESPESAS FINANCEIRAS,CUSTO VARIÁVEL (A+B+C=D),1597.45,16.82,100.02,5700.0,64.56,Custo Variável (D),,1.6938792787919235,2705.887453906158,28.491049469280153
Ubiratã,PR,2015,IV - DEPRECIAÇÕES,26 - Depreciação de benfeitorias/instalações,38.34,0.4,2.4,5700.0,1.55,,Máquinas/Depreciação,1.6938792787919235,64.94333154888236,0.6775517115167694
Ubiratã,PR,2015,IV - DEPRECIAÇÕES,27 - Depreciação de implementos,34.77,0.37,2.18,5700.0,1.41,,Máquinas/Depreciação,1.6938792787919235,58.896182523595186,0.6267353331530117
Ubiratã,PR,2015,IV - DEPRECIAÇÕES,28 - Depreciação de Máquinas,31.79,0.33,1.99,5700.0,1.28,,Máquinas/Depreciação,1.6938792787919235,53.84842227279525,0.5589801620013347
Ubiratã,PR,2015,IV - DEPRECIAÇÕES,TOTAL DE DEPRECIAÇÕES (E),104.9,1.1,6.57,5700.0,4.24,Total Depreciações (E),Máquinas/Depreciação,1.6938792787919235,177.6879363452728,1.863267206671116
Ubiratã,PR,2015,V - OUTROS CUSTOS FIXOS,29 - Manutenção Periódica Benfeitorias/Instalações,39.11,0.41,2.45,5700.0,1.58,,,1.6938792787919235,66.24761859355212,0.6944905043046886
Ubiratã,PR,2015,V - OUTROS CUSTOS FIXOS,30 - Encargos Sociais,35.91,0.38,2.25,5700.0,1.45,,,1.6938792787919235,60.827204901417964,0.6436741259409309
Ubiratã,PR,2015,V - OUTROS CUSTOS FIXOS,31 - Seguro do capital fixo,4.19,0.04,0.26,5700.0,0.17,,Seguro,1.6938792787919235,7.09735417813816,0.06775517115167694
Ubiratã,PR,2015,V - OUTROS CUSTOS FIXOS,TOTAL DE OUTROS CUSTOS FIXOS (F),79.21,0.83,4.96,5700.0,3.2,Total Outros Custos Fixos (F),,1.6938792787919235,134.17217767310825,1.4059198013972964
Ubiratã,PR,2015,V - OUTROS CUSTOS FIXOS,CUSTO FIXO (E+F=G),184.11,1.93,11.53,5700.0,7.44,Custo Fixo (G),,1.6938792787919235,311.86011401838107,3.2691870080684122
Ubiratã,PR,2015,V - OUTROS CUSTOS FIXOS,CUSTO OPERACIONAL (D+G=H),1781.56,18.75,111.55,5700.0,72.0,Custo Operacional (H),,1.6938792787919235,3017.747567924539,31.760236477348563
Ubiratã,PR,2015,VI - RENDA DE FATORES,32 - Remuneração esperada sobre o capital fixo,40.55,0.43,2.54,5700.0,1.64,,,1.6938792787919235,68.68680475501249,0.728368089880527
Ubiratã,PR,2015,VI - RENDA DE FATORES,33 - Terra Própria,652.5,6.87,40.85,5700.0,26.37,,Terra,1.6938792787919235,1105.2562294117301,11.636950645300514
Ubiratã,PR,2015,VI - RENDA DE FATORES,34 - Arrendamento,0.0,0.0,0.0,5700.0,0.0,,Arrendamento,1.6938792787919235,0.0,0.0
Ubiratã,PR,2015,VI - RENDA DE FATORES,TOTAL DE RENDA DE FATORES (I),693.05,7.3,43.39,5700.0,28.01,Total Renda de Fatores (I),,1.6938792787919235,1173.9430341667426,12.365318735181042
Ubiratã,PR,2015,VI - RENDA DE FATORES,CUSTO TOTAL (H+I=J),2474.61,26.05,154.94,5700.0,,Custo Total (J),,1.6938792787919235,4191.690602091282,44.125555212529605
Ubiratã,PR,2016,I - DESPESAS DE CUSTEIO DA LAVOURA,1 - Operação com animal,0.0,0.0,0.0,5700.0,0.0,,,1.5577398161699365,0.0,0.0
Ubiratã,PR,2016,I - DESPESAS DE CUSTEIO DA LAVOURA,2 - Operação com Avião,0.0,0.0,0.0,5700.0,0.0,,,1.5577398161699365,0.0,0.0
Ubiratã,PR,2016,3 - Operação com máquinas:,3.1 - Tratores e Colheitadeiras,64.08,0.67,3.71,5700.0,2.19,,,1.5577398161699365,99.81996742016953,1.0436856768338576
Ubiratã,PR,2016,3 - Operação com máquinas:,3.2 - Conjunto de Irrigação,0.0,0.0,0.0,5700.0,0.0,,,1.5577398161699365,0.0,0.0
Ubiratã,PR,2016,3 - Operação com máquinas:,4 - Aluguel de Máquinas,0.0,0.0,0.0,5700.0,0.0,,Máquinas/Depreciação,1.5577398161699365,0.0,0.0
Ubiratã,PR,2016,3 - Operação com máquinas:,5 - Aluguel de Animais,0.0,0.0,0.0,5700.0,0.0,,,1.5577398161699365,0.0,0.0
Ubiratã,PR,2016,3 - Operação com máquinas:,6 - Mão-de-obra,10.79,0.1,0.62,5700.0,0.37,,Mão de obra,1.5577398161699365,16.808012616473615,0.15577398161699366
Ubiratã,PR,2016,3 - Operação com máquinas:,7 - Administrador,80.0,0.84,4.63,5700.0,2.73,,Administração,1.5577398161699365,124.61918529359492,1.3085014455827466
Ubiratã,PR,2016,3 - Operação com máquinas:,8 - Sementes,473.2,4.98,27.38,5700.0,16.15,,Sementes,1.5577398161699365,737.1224810116139,7.7575442845262845
Ubiratã,PR,2016,3 - Operação com máquinas:,8.1 - Royalties,0.0,0.0,0.0,5700.0,0.0,,,1.5577398161699365,0.0,0.0
Ubiratã,PR,2016,3 - Operação com máquinas:,9 - Fertilizantes,375.0,3.95,21.7,5700.0,12.79,,Fertilizantes,1.5577398161699365,584.1524310637262,6.153072273871249
Ubiratã,PR,2016,3 - Operação com máquinas:,10 - Agrotóxicos,278.84,2.93,16.13,5700.0,9.51,,Defensivos/Agrotóxicos,1.5577398161699365,434.36017034082505,4.564177661377914
Ubiratã,PR,2016,3 - Operação com máquinas:,11 - Água,0.0,0.0,0.0,5700.0,0.0,,,1.5577398161699365,0.0,0.0
Ubiratã,PR,2016,3 - Operação com máquinas:,12 - Receita,0.0,0.0,0.0,5700.0,0.0,,,1.5577398161699365,0.0,0.0
Ubiratã,PR,2016,13 - Outros:,13.1 - Análise Foliar,0.0,0.0,0.0,5700.0,0.0,,,1.5577398161699365,0.0,0.0
Ubiratã,PR,2016,13 - Outros:,13.2 - Embalagens/Utensílios,0.0,0.0,0.0,5700.0,0.0,,,1.5577398161699365,0.0,0.0
Ubiratã,PR,2016,13 - Outros:,13.3 - Vernalização(Alho),0.0,0.0,0.0,5700.0,0.0,,,1.5577398161699365,0.0,0.0
Ubiratã,PR,2016,13 - Outros:,13.4 - Análise de Solo,1.07,0.01,0.06,5700.0,0.04,,,1.5577398161699365,1.6667816033018321,0.015577398161699365
Ubiratã,PR,2016,13 - Outros:,13.5 - Mudas,0.0,0.0,0.0,5700.0,0.0,,,1.5577398161699365,0.0,0.0
Ubiratã,PR,2016,13 - Outros:,13.6 - Taxas Ambientais,0.0,0.0,0.0,5700.0,0.0,,,1.5577398161699365,0.0,0.0
Ubiratã,PR,2016,13 - Outros:,13.7 - Demais Despesas,0.0,0.0,0.0,5700.0,0.0,,,1.5577398161699365,0.0,0.0
Ubiratã,PR,2016,13 - Outros:,13.8 - Implementos Manuais,0.0,0.0,0.0,5700.0,0.0,,Máquinas/Depreciação,1.5577398161699365,0.0,0.0
Ubiratã,PR,2016,13 - Outros:,14 - Serviços Diversos,0.0,0.0,0.0,5700.0,0.0,,,1.5577398161699365,0.0,0.0
Ubiratã,PR,2016,13 - Outros:,TOTAL DAS DESPESAS DE CUSTEIO DA LAVOURA (A),1282.98,13.48,74.23,5700.0,43.78,Total Despesas de Custeio (A),,1.5577398161699365,1998.5490293497053,20.998332721970744
Ubiratã,PR,2016,II - OUTRAS DESPESAS,15 - Transporte Externo,142.5,1.5,8.25,5700.0,4.86,,Transporte,1.5577398161699365,221.97792380421595,2.3366097242549047
Ubiratã,PR,2016,16 - Despesas:,16.1 - Despesas Administrativas,38.49,0.41,2.23,5700.0,1.31,,Administração,1.5577398161699365,59.95740552438086,0.638673324629674
Ubiratã,PR,2016,16 - Despesas:,16.2 - Despesas de armazenagem,120.85,1.27,6.99,5700.0,4.12,,,1.5577398161699365,188.2528567841368,1.9783295665358194
Ubiratã,PR,2016,16 - Despesas:,16.3 - Beneficiamento,0.0,0.0,0.0,5700.0,0.0,,,1.5577398161699365,0.0,0.0
Ubiratã,PR,2016,16 - Despesas:,17 - Seguro da Produção,0.0,0.0,0.0,5700.0,0.0,,Seguro,1.5577398161699365,0.0,0.0
Ubiratã,PR,2016,16 - Despesas:,18 - Seguro do crédito,0.0,0.0,0.0,5700.0,0.0,,Seguro,1.5577398161699365,0.0,0.0
Ubiratã,PR,2016,16 - Despesas:,19 - Assistência Técnica,25.66,0.27,1.48,5700.0,0.88,,,1.5577398161699365,39.97160368292057,0.42058975036588286
Ubiratã,PR,2016,16 - Despesas:,20 - Classificação,0.0,0.0,0.0,5700.0,0.0,,,1.5577398161699365,0.0,0.0
Ubiratã,PR,2016,16 - Despesas:,21 - Outros Impostos/Taxas,0.0,0.0,0.0,5700.0,0.0,,,1.5577398161699365,0.0,0.0
Ubiratã,PR,2016,16 - Despesas:,22 - CDO,0.0,0.0,0.0,5700.0,0.0,,,1.5577398161699365,0.0,0.0
Ubiratã,PR,2016,16 - Despesas:,23 - CESSR,76.42,0.8,4.42,5700.0,2.61,,,1.5577398161699365,119.04247675170654,1.2461918529359493
Ubiratã,PR,2016,16 - Despesas:,24 - FUNDECITRUS,0.0,0.0,0.0,5700.0,0.0,,,1.5577398161699365,0.0,0.0
Ubiratã,PR,2016,16 - Despesas:,TOTAL DAS OUTRAS DESPESAS (B),403.92,4.25,23.37,5700.0,13.78,Total Outras Despesas (B),,1.5577398161699365,629.2022665473608,6.62039421872223
Ubiratã,PR,2016,III - DESPESAS FINANCEIRAS,25 - Juros do Financiamento,41.32,0.44,2.39,5700.0,1.41,,Juros/Financiamento,1.5577398161699365,64.36580920414178,0.6854055191147721
Ubiratã,PR,2016,III - DESPESAS FINANCEIRAS,TOTAL DAS DESPESAS FINANCEIRAS (C),41.32,0.44,2.39,5700.0,1.41,Total Despesas Financeiras (C),,1.5577398161699365,64.36580920414178,0.6854055191147721
Ubiratã,PR,2016,III - DESPESAS FINANCEIRAS,CUSTO VARIÁVEL (A+B+C=D),1728.22,18.17,99.99,5700.0,58.97,Custo Variável (D),,1.5577398161699365,2692.117105101208,28.30413245980775
Ubiratã,PR,2016,IV - DEPRECIAÇÕES,26 - Depreciação de benfeitorias/instalações,41.04,0.43,2.37,5700.0,1.4,,Máquinas/Depreciação,1.5577398161699365,63.929642055614195,0.6698281209530726
Ubiratã,PR,2016,IV - DEPRECIAÇÕES,27 - Depreciação de implementos,36.16,0.38,2.09,5700.0,1.23,,Máquinas/Depreciação,1.5577398161699365,56.3278717527049,0.5919411301445758
Ubiratã,PR,2016,IV - DEPRECIAÇÕES,28 - Depreciação de Máquinas,32.96,0.35,1.91,5700.0,1.12,,Máquinas/Depreciação,1.5577398161699365,51.34310434096111,0.5452089356594777
Ubiratã,PR,2016,IV - DEPRECIAÇÕES,TOTAL DE DEPRECIAÇÕES (E),110.16,1.16,6.37,5700.0,3.75,Total Depreciações (E),Máquinas/Depreciação,1.5577398161699365,171.6006181492802,1.8069781867571262
Ubiratã,PR,2016,V - OUTROS CUSTOS FIXOS,29 - Manutenção Periódica Benfeitorias/Instalações,38.67,0.41,2.24,5700.0,1.32,,,1.5577398161699365,60.237798691291445,0.638673324629674
Ubiratã,PR,2016,V - OUTROS CUSTOS FIXOS,30 - Encargos Sociais,36.47,0.38,2.11,5700.0,1.24,,,1.5577398161699365,56.810771095717584,0.5919411301445758
Ubiratã,PR,2016,V - OUTROS CUSTOS FIXOS,31 - Seguro do capital fixo,4.35,0.05,0.25,5700.0,0.15,,Seguro,1.5577398161699365,6.776168200339224,0.07788699080849683
Ubiratã,PR,2016,V - OUTROS CUSTOS FIXOS,TOTAL DE OUTROS CUSTOS FIXOS (F),79.49,0.84,4.6,5700.0,2.71,Total Outros Custos Fixos (F),,1.5577398161699365,123.82473798734824,1.3085014455827466
Ubiratã,PR,2016,V - OUTROS CUSTOS FIXOS,CUSTO FIXO (E+F=G),189.65,2.0,10.97,5700.0,6.46,Custo Fixo (G),,1.5577398161699365,295.42535613662847,3.115479632339873
Ubiratã,PR,2016,V - OUTROS CUSTOS FIXOS,CUSTO OPERACIONAL (D+G=H),1917.87,20.17,110.96,5700.0,65.43,Custo Operacional (H),,1.5577398161699365,2987.542461237836,31.419612092147624
Ubiratã,PR,2016,VI - RENDA DE FATORES,32 - Remuneração esperada sobre o capital fixo,48.13,0.51,2.78,5700.0,1.64,,,1.5577398161699365,74.97401735225905,0.7944473062466676
Ubiratã,PR,2016,VI - RENDA DE FATORES,33 - Terra Própria,964.88,10.16,55.83,5700.0,32.92,,Terra,1.5577398161699365,1503.0319938260484,15.826636532286555
Ubiratã,PR,2016,VI - RENDA DE FATORES,34 - Arrendamento,0.0,0.0,0.0,5700.0,0.0,,Arrendamento,1.5577398161699365,0.0,0.0
Ubiratã,PR,2016,VI - RENDA DE FATORES,TOTAL DE RENDA DE FATORES (I),1013.01,10.67,58.61,5700.0,34.56,Total Renda de Fatores (I),,1.5577398161699365,1578.0060111783073,16.621083838533224
Ubiratã,PR,2016,VI - RENDA DE FATORES,CUSTO TOTAL (H+I=J),2930.88,30.84,169.57,5700.0,,Custo Total (J),,1.5577398161699365,4565.548472416143,48.04069593068084
Ubiratã,PR,2017,I - DESPESAS DE CUSTEIO DA LAVOURA,1 - Operação com animal,0.0,0.0,0.0,5700.0,0.0,,,1.5058438146760413,0.0,0.0
Ubiratã,PR,2017,I - DESPESAS DE CUSTEIO DA LAVOURA,2 - Operação com Avião,0.0,0.0,0.0,5700.0,0.0,,,1.5058438146760413,0.0,0.0
Ubiratã,PR,2017,3 - Operação com máquinas:,3.1 - Tratores e Colheitadeiras,68.77,0.71,3.96,5700.0,2.27,,,1.5058438146760413,103.55687913527136,1.0691491084199893
Ubiratã,PR,2017,3 - Operação com máquinas:,3.2 - Conjunto de Irrigação,0.0,0.0,0.0,5700.0,0.0,,,1.5058438146760413,0.0,0.0
Ubiratã,PR,2017,3 - Operação com máquinas:,4 - Aluguel de Máquinas,0.0,0.0,0.0,5700.0,0.0,,Máquinas/Depreciação,1.5058438146760413,0.0,0.0
Ubiratã,PR,2017,3 - Operação com máquinas:,5 - Aluguel de Animais,0.0,0.0,0.0,5700.0,0.0,,,1.5058438146760413,0.0,0.0
Ubiratã,PR,2017,3 - Operação com máquinas:,6 - Mão-de-obra,10.79,0.1,0.62,5700.0,0.36,,Mão de obra,1.5058438146760413,16.248054760354485,0.15058438146760414
Ubiratã,PR,2017,3 - Operação com máquinas:,7 - Administrador,80.0,0.84,4.61,5700.0,2.64,,Administração,1.5058438146760413,120.4675051740833,1.2649088043278747
Ubiratã,PR,2017,3 - Operação com máquinas:,8 - Sementes,522.2,5.5,30.1,5700.0,17.23,,Sementes,1.5058438146760413,786.3516400238288,8.282140980718227
Ubiratã,PR,2017,3 - Operação com máquinas:,8.1 - Royalties,0.0,0.0,0.0,5700.0,0.0,,,1.5058438146760413,0.0,0.0
Ubiratã,PR,2017,3 - Operação com máquinas:,9 - Fertilizantes,350.0,3.68,20.17,5700.0,11.55,,Fertilizantes,1.5058438146760413,527.0453351366144,5.541505238007832
Ubiratã,PR,2017,3 - Operação com máquinas:,10 - Agrotóxicos,280.17,2.93,16.15,5700.0,9.24,,Defensivos/Agrotóxicos,1.5058438146760413,421.8922615577865,4.412122377000801
Ubiratã,PR,2017,3 - Operação com máquinas:,11 - Água,0.0,0.0,0.0,5700.0,0.0,,,1.5058438146760413,0.0,0.0
Ubiratã,PR,2017,3 - Operação com máquinas:,12 - Receita,0.0,0.0,0.0,5700.0,0.0,,,1.5058438146760413,0.0,0.0
Ubiratã,PR,2017,13 - Outros:,13.1 - Análise Foliar,0.0,0.0,0.0,5700.0,0.0,,,1.5058438146760413,0.0,0.0
Ubiratã,PR,2017,13 - Outros:,13.2 - Embalagens/Utensílios,0.0,0.0,0.0,5700.0,0.0,,,1.5058438146760413,0.0,0.0
Ubiratã,PR,2017,13 - Outros:,13.3 - Vernalização(Alho),0.0,0.0,0.0,5700.0,0.0,,,1.5058438146760413,0.0,0.0
Ubiratã,PR,2017,13 - Outros:,13.4 - Análise de Solo,1.07,0.01,0.06,5700.0,0.04,,,1.5058438146760413,1.6112528817033642,0.015058438146760413
Ubiratã,PR,2017,13 - Outros:,13.5 - Mudas,0.0,0.0,0.0,5700.0,0.0,,,1.5058438146760413,0.0,0.0
Ubiratã,PR,2017,13 - Outros:,13.6 - Taxas Ambientais,0.0,0.0,0.0,5700.0,0.0,,,1.5058438146760413,0.0,0.0
Ubiratã,PR,2017,13 - Outros:,13.7 - Demais Despesas,0.0,0.0,0.0,5700.0,0.0,,,1.5058438146760413,0.0,0.0
Ubiratã,PR,2017,13 - Outros:,13.8 - Implementos Manuais,0.0,0.0,0.0,5700.0,0.0,,Máquinas/Depreciação,1.5058438146760413,0.0,0.0
Ubiratã,PR,2017,13 - Outros:,14 - Serviços Diversos,0.0,0.0,0.0,5700.0,0.0,,,1.5058438146760413,0.0,0.0
Ubiratã,PR,2017,13 - Outros:,TOTAL DAS DESPESAS DE CUSTEIO DA LAVOURA (A),1313.0,13.77,75.67,5700.0,43.33,Total Despesas de Custeio (A),,1.5058438146760413,1977.1729286696423,20.73546932808909
Ubiratã,PR,2017,II - OUTRAS DESPESAS,15 - Transporte Externo,142.5,1.5,8.21,5700.0,4.7,,Transporte,1.5058438146760413,214.58274359133588,2.2587657220140622
Ubiratã,PR,2017,16 - Despesas:,16.1 - Despesas Administrativas,39.39,0.41,2.27,5700.0,1.3,,Administração,1.5058438146760413,59.31518786008927,0.6173959640171769
Ubiratã,PR,2017,16 - Despesas:,16.2 - Despesas de armazenagem,118.03,1.24,6.8,5700.0,3.89,,,1.5058438146760413,177.73474544621317,1.8672463301982913
Ubiratã,PR,2017,16 - Despesas:,16.3 - Beneficiamento,0.0,0.0,0.0,5700.0,0.0,,,1.5058438146760413,0.0,0.0
Ubiratã,PR,2017,16 - Despesas:,17 - Seguro da Produção,0.0,0.0,0.0,5700.0,0.0,,Seguro,1.5058438146760413,0.0,0.0
Ubiratã,PR,2017,16 - Despesas:,18 - Seguro do crédito,0.0,0.0,0.0,5700.0,0.0,,Seguro,1.5058438146760413,0.0,0.0
Ubiratã,PR,2017,16 - Despesas:,19 - Assistência Técnica,26.26,0.28,1.51,5700.0,0.87,,,1.5058438146760413,39.54345857339285,0.4216362681092916
Ubiratã,PR,2017,16 - Despesas:,20 - Classificação,0.0,0.0,0.0,5700.0,0.0,,,1.5058438146760413,0.0,0.0
Ubiratã,PR,2017,16 - Despesas:,21 - Outros Impostos/Taxas,0.0,0.0,0.0,5700.0,0.0,,,1.5058438146760413,0.0,0.0
Ubiratã,PR,2017,16 - Despesas:,22 - CDO,0.0,0.0,0.0,5700.0,0.0,,,1.5058438146760413,0.0,0.0
Ubiratã,PR,2017,16 - Despesas:,23 - CESSR,53.63,0.56,3.09,5700.0,1.77,,,1.5058438146760413,80.7584037810761,0.8432725362185832
Ubiratã,PR,2017,16 - Despesas:,24 - FUNDECITRUS,0.0,0.0,0.0,5700.0,0.0,,,1.5058438146760413,0.0,0.0
Ubiratã,PR,2017,16 - Despesas:,TOTAL DAS OUTRAS DESPESAS (B),379.81,3.99,21.88,5700.0,12.53,Total Outras Despesas (B),,1.5058438146760413,571.9345392521072,6.008316820557405
Ubiratã,PR,2017,III - DESPESAS FINANCEIRAS,25 - Juros do Financiamento,42.16,0.45,2.43,5700.0,1.39,,Juros/Financiamento,1.5058438146760413,63.4863752267419,0.6776297166042187
Ubiratã,PR,2017,III - DESPESAS FINANCEIRAS,TOTAL DAS DESPESAS FINANCEIRAS (C),42.16,0.45,2.43,5700.0,1.39,Total Despesas Financeiras (C),,1.5058438146760413,63.4863752267419,0.6776297166042187
Ubiratã,PR,2017,III - DESPESAS FINANCEIRAS,CUSTO VARIÁVEL (A+B+C=D),1734.97,18.21,99.98,5700.0,57.25,Custo Variável (D),,1.5058438146760413,2612.5938431484915,27.421415865250715
Ubiratã,PR,2017,IV - DEPRECIAÇÕES,26 - Depreciação de benfeitorias/instalações,44.05,0.46,2.54,5700.0,1.45,,Máquinas/Depreciação,1.5058438146760413,66.33242003647962,0.692688154750979
Ubiratã,PR,2017,IV - DEPRECIAÇÕES,27 - Depreciação de implementos,42.78,0.45,2.47,5700.0,1.41,,Máquinas/Depreciação,1.5058438146760413,64.41999839184105,0.6776297166042187
Ubiratã,PR,2017,IV - DEPRECIAÇÕES,28 - Depreciação de Máquinas,33.19,0.35,1.91,5700.0,1.1,,Máquinas/Depreciação,1.5058438146760413,49.97895620909781,0.5270453351366144
Ubiratã,PR,2017,IV - DEPRECIAÇÕES,TOTAL DE DEPRECIAÇÕES (E),120.02,1.26,6.92,5700.0,3.96,Total Depreciações (E),Máquinas/Depreciação,1.5058438146760413,180.73137463741847,1.897363206491812
Ubiratã,PR,2017,V - OUTROS CUSTOS FIXOS,29 - Manutenção Periódica Benfeitorias/Instalações,38.67,0.41,2.23,5700.0,1.28,,,1.5058438146760413,58.23098031352252,0.6173959640171769
Ubiratã,PR,2017,V - OUTROS CUSTOS FIXOS,30 - Encargos Sociais,36.47,0.38,2.1,5700.0,1.2,,,1.5058438146760413,54.91812392123523,0.5722206495768957
Ubiratã,PR,2017,V - OUTROS CUSTOS FIXOS,31 - Seguro do capital fixo,4.82,0.05,0.28,5700.0,0.16,,Seguro,1.5058438146760413,7.25816718673852,0.07529219073380207
Ubiratã,PR,2017,V - OUTROS CUSTOS FIXOS,TOTAL DE OUTROS CUSTOS FIXOS (F),79.96,0.84,4.61,5700.0,2.64,Total Outros Custos Fixos (F),,1.5058438146760413,120.40727142149626,1.2649088043278747
Ubiratã,PR,2017,V - OUTROS CUSTOS FIXOS,CUSTO FIXO (E+F=G),199.98,2.1,11.53,5700.0,6.6,Custo Fixo (G),,1.5058438146760413,301.13864605891473,3.162272010819687
Ubiratã,PR,2017,V - OUTROS CUSTOS FIXOS,CUSTO OPERACIONAL (D+G=H),1934.95,20.31,111.51,5700.0,63.85,Custo Operacional (H),,1.5058438146760413,2913.732489207406,30.583687876070396
Ubiratã,PR,2017,VI - RENDA DE FATORES,32 - Remuneração esperada sobre o capital fixo,57.45,0.6,3.31,5700.0,1.9,,,1.5058438146760413,86.51072715313857,0.9035062888056248
Ubiratã,PR,2017,VI - RENDA DE FATORES,33 - Terra Própria,1038.11,10.93,59.83,5700.0,34.26,,Terra,1.5058438146760413,1563.2315224533452,16.458872894409133
Ubiratã,PR,2017,VI - RENDA DE FATORES,34 - Arrendamento,0.0,0.0,0.0,5700.0,0.0,,Arrendamento,1.5058438146760413,0.0,0.0
Ubiratã,PR,2017,VI - RENDA DE FATORES,TOTAL DE RENDA DE FATORES (I),1095.56,11.53,63.14,5700.0,36.16,Total Renda de Fatores (I),,1.5058438146760413,1649.7422496064837,17.362379183214756
Ubiratã,PR,2017,VI - RENDA DE FATORES,CUSTO TOTAL (H+I=J),3030.51,31.84,174.65,5700.0,,Custo Total (J),,1.5058438146760413,4563.47473881389,47.946067059285156
Ubiratã,PR,2018,I - DESPESAS DE CUSTEIO DA LAVOURA,1 - Operação com animal,0.0,0.0,0.0,5700.0,0.0,,,1.4526103448798835,0.0,0.0
Ubiratã,PR,2018,I - DESPESAS DE CUSTEIO DA LAVOURA,2 - Operação com Avião,0.0,0.0,0.0,5700.0,0.0,,,1.4526103448798835,0.0,0.0
Ubiratã,PR,2018,3 - Operação com máquinas:,3.1 - Tratores e Colheitadeiras,68.82,0.71,3.94,5700.0,2.15,,,1.4526103448798835,99.96864393463358,1.0313533448647172
Ubiratã,PR,2018,3 - Operação com máquinas:,3.2 - Conjunto de Irrigação,0.0,0.0,0.0,5700.0,0.0,,,1.4526103448798835,0.0,0.0
Ubiratã,PR,2018,3 - Operação com máquinas:,4 - Aluguel de Máquinas,0.0,0.0,0.0,5700.0,0.0,,Máquinas/Depreciação,1.4526103448798835,0.0,0.0
Ubiratã,PR,2018,3 - Operação com máquinas:,5 - Aluguel de Animais,0.0,0.0,0.0,5700.0,0.0,,,1.4526103448798835,0.0,0.0
Ubiratã,PR,2018,3 - Operação com máquinas:,6 - Mão-de-obra,10.79,0.1,0.62,5700.0,0.34,,Mão de obra,1.4526103448798835,15.673665621253942,0.14526103448798836
Ubiratã,PR,2018,3 - Operação com máquinas:,7 - Administrador,80.0,0.84,4.58,5700.0,2.5,,Administração,1.4526103448798835,116.20882759039068,1.220192689699102
Ubiratã,PR,2018,3 - Operação com máquinas:,8 - Sementes,518.8,5.46,29.72,5700.0,16.24,,Sementes,1.4526103448798835,753.6142469236835,7.9312524830441635
Ubiratã,PR,2018,3 - Operação com máquinas:,8.1 - Royalties,0.0,0.0,0.0,5700.0,0.0,,,1.4526103448798835,0.0,0.0
Ubiratã,PR,2018,3 - Operação com máquinas:,9 - Fertilizantes,337.5,3.55,19.34,5700.0,10.56,,Fertilizantes,1.4526103448798835,490.25599139696067,5.156766724323586
Ubiratã,PR,2018,3 - Operação com máquinas:,10 - Agrotóxicos,263.43,2.79,15.09,5700.0,8.24,,Defensivos/Agrotóxicos,1.4526103448798835,382.66114315170773,4.052782862214875
Ubiratã,PR,2018,3 - Operação com máquinas:,11 - Água,0.0,0.0,0.0,5700.0,0.0,,,1.4526103448798835,0.0,0.0
Ubiratã,PR,2018,3 - Operação com máquinas:,12 - Receita,0.0,0.0,0.0,5700.0,0.0,,,1.4526103448798835,0.0,0.0
Ubiratã,PR,2018,13 - Outros:,13.1 - Análise Foliar,0.0,0.0,0.0,5700.0,0.0,,,1.4526103448798835,0.0,0.0
Ubiratã,PR,2018,13 - Outros:,13.2 - Embalagens/Utensílios,0.0,0.0,0.0,5700.0,0.0,,,1.4526103448798835,0.0,0.0
Ubiratã,PR,2018,13 - Outros:,13.3 - Vernalização(Alho),0.0,0.0,0.0,5700.0,0.0,,,1.4526103448798835,0.0,0.0
Ubiratã,PR,2018,13 - Outros:,13.4 - Análise de Solo,1.23,0.01,0.07,5700.0,0.04,,,1.4526103448798835,1.7867107242022566,0.014526103448798835
Ubiratã,PR,2018,13 - Outros:,13.5 - Mudas,0.0,0.0,0.0,5700.0,0.0,,,1.4526103448798835,0.0,0.0
Ubiratã,PR,2018,13 - Outros:,13.6 - Taxas Ambientais,0.0,0.0,0.0,5700.0,0.0,,,1.4526103448798835,0.0,0.0
Ubiratã,PR,2018,13 - Outros:,13.7 - Demais Despesas,0.0,0.0,0.0,5700.0,0.0,,,1.4526103448798835,0.0,0.0
Ubiratã,PR,2018,13 - Outros:,13.8 - Implementos Manuais,0.0,0.0,0.0,5700.0,0.0,,Máquinas/Depreciação,1.4526103448798835,0.0,0.0
Ubiratã,PR,2018,13 - Outros:,14 - Serviços Diversos,0.0,0.0,0.0,5700.0,0.0,,,1.4526103448798835,0.0,0.0
Ubiratã,PR,2018,13 - Outros:,TOTAL DAS DESPESAS DE CUSTEIO DA LAVOURA (A),1280.57,13.46,73.36,5700.0,40.07,Total Despesas de Custeio (A),,1.4526103448798835,1860.1692293428323,19.55213524208323
Ubiratã,PR,2018,II - OUTRAS DESPESAS,15 - Transporte Externo,163.36,1.72,9.36,5700.0,5.11,,Transporte,1.4526103448798835,237.29842593957778,2.4984897931933996
Ubiratã,PR,2018,16 - Despesas:,16.1 - Despesas Administrativas,38.42,0.4,2.2,5700.0,1.2,,Administração,1.4526103448798835,55.80928945028513,0.5810441379519534
Ubiratã,PR,2018,16 - Despesas:,16.2 - Despesas de armazenagem,154.07,1.62,8.83,5700.0,4.82,,,1.4526103448798835,223.80367583564365,2.3532287587054115
Ubiratã,PR,2018,16 - Despesas:,16.3 - Beneficiamento,0.0,0.0,0.0,5700.0,0.0,,,1.4526103448798835,0.0,0.0
Ubiratã,PR,2018,16 - Despesas:,17 - Seguro da Produção,0.0,0.0,0.0,5700.0,0.0,,Seguro,1.4526103448798835,0.0,0.0
Ubiratã,PR,2018,16 - Despesas:,18 - Seguro do crédito,0.0,0.0,0.0,5700.0,0.0,,Seguro,1.4526103448798835,0.0,0.0
Ubiratã,PR,2018,16 - Despesas:,19 - Assistência Técnica,25.61,0.27,1.47,5700.0,0.8,,,1.4526103448798835,37.20135093237381,0.39220479311756856
Ubiratã,PR,2018,16 - Despesas:,20 - Classificação,0.0,0.0,0.0,5700.0,0.0,,,1.4526103448798835,0.0,0.0
Ubiratã,PR,2018,16 - Despesas:,21 - Outros Impostos/Taxas,0.0,0.0,0.0,5700.0,0.0,,,1.4526103448798835,0.0,0.0
Ubiratã,PR,2018,16 - Despesas:,22 - CDO,0.0,0.0,0.0,5700.0,0.0,,,1.4526103448798835,0.0,0.0
Ubiratã,PR,2018,16 - Despesas:,23 - CESSR,41.88,0.44,2.4,5700.0,1.31,,,1.4526103448798835,60.835321243569524,0.6391485517471488
Ubiratã,PR,2018,16 - Despesas:,24 - FUNDECITRUS,0.0,0.0,0.0,5700.0,0.0,,,1.4526103448798835,0.0,0.0
Ubiratã,PR,2018,16 - Despesas:,TOTAL DAS OUTRAS DESPESAS (B),423.34,4.45,24.26,5700.0,13.24,Total Outras Despesas (B),,1.4526103448798835,614.9480634014499,6.464116034715482
Ubiratã,PR,2018,III - DESPESAS FINANCEIRAS,25 - Juros do Financiamento,41.61,0.44,2.38,5700.0,1.3,,Juros/Financiamento,1.4526103448798835,60.44311645045195,0.6391485517471488
Ubiratã,PR,2018,III - DESPESAS FINANCEIRAS,TOTAL DAS DESPESAS FINANCEIRAS (C),41.61,0.44,2.38,5700.0,1.3,Total Despesas Financeiras (C),,1.4526103448798835,60.44311645045195,0.6391485517471488
Ubiratã,PR,2018,III - DESPESAS FINANCEIRAS,CUSTO VARIÁVEL (A+B+C=D),1745.52,18.35,100.0,5700.0,54.61,Custo Variável (D),,1.4526103448798835,2535.5604091947343,26.655399828545864
Ubiratã,PR,2018,IV - DEPRECIAÇÕES,26 - Depreciação de benfeitorias/instalações,45.72,0.48,2.62,5700.0,1.43,,Máquinas/Depreciação,1.4526103448798835,66.41334496790827,0.6972529655423441
Ubiratã,PR,2018,IV - DEPRECIAÇÕES,27 - Depreciação de implementos,42.71,0.45,2.45,5700.0,1.34,,Máquinas/Depreciação,1.4526103448798835,62.04098782981983,0.6536746551959476
Ubiratã,PR,2018,IV - DEPRECIAÇÕES,28 - Depreciação de Máquinas,34.98,0.37,2.0,5700.0,1.09,,Máquinas/Depreciação,1.4526103448798835,50.81230986389832,0.5374658276055568
Ubiratã,PR,2018,IV - DEPRECIAÇÕES,TOTAL DE DEPRECIAÇÕES (E),123.41,1.3,7.07,5700.0,3.86,Total Depreciações (E),Máquinas/Depreciação,1.4526103448798835,179.2666426616264,1.8883934483438487
Ubiratã,PR,2018,V - OUTROS CUSTOS FIXOS,29 - Manutenção Periódica Benfeitorias/Instalações,38.67,0.41,2.22,5700.0,1.21,,,1.4526103448798835,56.172442036505096,0.5955702414007522
Ubiratã,PR,2018,V - OUTROS CUSTOS FIXOS,30 - Encargos Sociais,36.47,0.38,2.09,5700.0,1.14,,,1.4526103448798835,52.97669927776935,0.5519919310543557
Ubiratã,PR,2018,V - OUTROS CUSTOS FIXOS,31 - Seguro do capital fixo,4.91,0.05,0.28,5700.0,0.15,,Seguro,1.4526103448798835,7.1323167933602285,0.07263051724399418
Ubiratã,PR,2018,V - OUTROS CUSTOS FIXOS,TOTAL DE OUTROS CUSTOS FIXOS (F),80.05,0.84,4.59,5700.0,2.5,Total Outros Custos Fixos (F),,1.4526103448798835,116.28145810763466,1.220192689699102
Ubiratã,PR,2018,V - OUTROS CUSTOS FIXOS,CUSTO FIXO (E+F=G),203.46,2.14,11.66,5700.0,6.36,Custo Fixo (G),,1.4526103448798835,295.5481007692611,3.1085861380429507
Ubiratã,PR,2018,V - OUTROS CUSTOS FIXOS,CUSTO OPERACIONAL (D+G=H),1948.98,20.49,111.66,5700.0,60.97,Custo Operacional (H),,1.4526103448798835,2831.1085099639954,29.76398596658881
Ubiratã,PR,2018,VI - RENDA DE FATORES,32 - Remuneração esperada sobre o capital fixo,52.91,0.56,3.03,5700.0,1.66,,,1.4526103448798835,76.85761334759464,0.8134617931327348
Ubiratã,PR,2018,VI - RENDA DE FATORES,33 - Terra Própria,1193.28,12.56,68.36,5700.0,37.35,,Terra,1.4526103448798835,1733.3708723382674,18.244785931691336
Ubiratã,PR,2018,VI - RENDA DE FATORES,34 - Arrendamento,0.0,0.0,0.0,5700.0,0.0,,Arrendamento,1.4526103448798835,0.0,0.0
Ubiratã,PR,2018,VI - RENDA DE FATORES,TOTAL DE RENDA DE FATORES (I),1246.19,13.12,71.39,5700.0,39.01,Total Renda de Fatores (I),,1.4526103448798835,1810.228485685862,19.05824772482407
Ubiratã,PR,2018,VI - RENDA DE FATORES,CUSTO TOTAL (H+I=J),3195.17,33.61,183.05,5700.0,,Custo Total (J),,1.4526103448798835,4641.336995649857,48.82223369141288
Ubiratã,PR,2019,I - DESPESAS DE CUSTEIO DA LAVOURA,1 - Operação com animal,0.0,0.0,0.0,,0.0,,,1.40033526552242,0.0,0.0
Ubiratã,PR,2019,I - DESPESAS DE CUSTEIO DA LAVOURA,2 - Operação com Avião,0.0,0.0,0.0,,0.0,,,1.40033526552242,0.0,0.0
Ubiratã,PR,2019,3 - Operação com máquinas:,3.1 - Tratores e Colheitadeiras,197.26,2.19,8.54,,5.8,,,1.40033526552242,276.23013447695257,3.0667342314940997
Ubiratã,PR,2019,3 - Operação com máquinas:,3.2 - Conjunto de Irrigação,0.0,0.0,0.0,,0.0,,,1.40033526552242,0.0,0.0
Ubiratã,PR,2019,3 - Operação com máquinas:,4 - Aluguel de Máquinas,132.0,1.47,5.72,,3.88,,Máquinas/Depreciação,1.40033526552242,184.84425504895944,2.058492840317957
Ubiratã,PR,2019,3 - Operação com máquinas:,5 - Aluguel de Animais,0.0,0.0,0.0,,0.0,,,1.40033526552242,0.0,0.0
Ubiratã,PR,2019,3 - Operação com máquinas:,6 - Mão-de-obra,4.2,0.05,0.18,,0.12,,Mão de obra,1.40033526552242,5.881408115194164,0.070016763276121
Ubiratã,PR,2019,3 - Operação com máquinas:,7 - Administrador,140.68,1.56,6.09,,4.13,,Administração,1.40033526552242,196.99916515369404,2.184523014214975
Ubiratã,PR,2019,3 - Operação com máquinas:,8 - Sementes,500.0,5.56,21.66,,14.69,,Sementes,1.40033526552242,700.1676327612099,7.785864076304654
Ubiratã,PR,2019,3 - Operação com máquinas:,9 - Fertilizantes,480.05,5.33,20.79,,14.11,,Fertilizantes,1.40033526552242,672.2309442140377,7.463786965234498
Ubiratã,PR,2019,3 - Operação com máquinas:,10 - Agrotóxicos,384.4,4.27,16.65,,11.3,,Defensivos/Agrotóxicos,1.40033526552242,538.2888760668181,5.979431583780732
Ubiratã,PR,2019,3 - Operação com máquinas:,11 - Água,0.0,0.0,0.0,,0.0,,,1.40033526552242,0.0,0.0
Ubiratã,PR,2019,3 - Operação com máquinas:,12 - Receita,0.0,0.0,0.0,,0.0,,,1.40033526552242,0.0,0.0
Ubiratã,PR,2019,13 - Outros:,13.1 - Análise Foliar,0.0,0.0,0.0,,0.0,,,1.40033526552242,0.0,0.0
Ubiratã,PR,2019,13 - Outros:,13.2 - Embalagens/Utensílios,0.0,0.0,0.0,,0.0,,,1.40033526552242,0.0,0.0
Ubiratã,PR,2019,13 - Outros:,13.3 - Vernalização(Alho),0.0,0.0,0.0,,0.0,,,1.40033526552242,0.0,0.0
Ubiratã,PR,2019,13 - Outros:,13.4 - Análise de Solo,0.0,0.0,0.0,,0.0,,,1.40033526552242,0.0,0.0
Ubiratã,PR,2019,13 - Outros:,13.5 - Mudas,0.0,0.0,0.0,,0.0,,,1.40033526552242,0.0,0.0
Ubiratã,PR,2019,13 - Outros:,13.6 - Taxas Ambientais,0.0,0.0,0.0,,0.0,,,1.40033526552242,0.0,0.0
Ubiratã,PR,2019,13 - Outros:,13.7 - Demais Despesas,0.0,0.0,0.0,,0.0,,,1.40033526552242,0.0,0.0
Ubiratã,PR,2019,13 - Outros:,13.8 - Implementos Manuais,0.0,0.0,0.0,,0.0,,Máquinas/Depreciação,1.40033526552242,0.0,0.0
Ubiratã,PR,2019,13 - Outros:,14 - Serviços Diversos,0.0,0.0,0.0,,0.0,,,1.40033526552242,0.0,0.0
Ubiratã,PR,2019,13 - Outros:,TOTAL DAS DESPESAS DE CUSTEIO DA LAVOURA (A),1838.59,20.43,79.63,,54.03,Total Despesas de Custeio (A),,1.40033526552242,2574.642415836866,28.60884947462304
Ubiratã,PR,2019,II - OUTRAS DESPESAS,15 - Transporte Externo,185.49,2.06,8.03,,5.45,,Transporte,1.40033526552242,259.7481884017537,2.884690646976185
Ubiratã,PR,2019,16 - Despesas:,16.1 - Despesas Administrativas,55.16,0.61,2.39,,1.62,,Administração,1.40033526552242,77.24249324621668,0.8542045119686762
Ubiratã,PR,2019,16 - Despesas:,16.2 - Despesas de armazenagem,0.0,0.0,0.0,,0.0,,,1.40033526552242,0.0,0.0
Ubiratã,PR,2019,16 - Despesas:,16.3 - Beneficiamento,0.0,0.0,0.0,,0.0,,,1.40033526552242,0.0,0.0
Ubiratã,PR,2019,16 - Despesas:,17 - Seguro da Produção,86.41,0.96,3.74,,2.54,,Seguro,1.40033526552242,121.0029702937923,1.344321854901523
Ubiratã,PR,2019,16 - Despesas:,18 - Seguro do crédito,0.0,0.0,0.0,,0.0,,Seguro,1.40033526552242,0.0,0.0
Ubiratã,PR,2019,16 - Despesas:,19 - Assistência Técnica,36.77,0.41,1.59,,1.08,,,1.40033526552242,51.49032771325938,0.5741374588641921
Ubiratã,PR,2019,16 - Despesas:,20 - Classificação,0.0,0.0,0.0,,0.0,,,1.40033526552242,0.0,0.0
Ubiratã,PR,2019,16 - Despesas:,21 - Outros Impostos/Taxas,0.0,0.0,0.0,,0.0,,,1.40033526552242,0.0,0.0
Ubiratã,PR,2019,16 - Despesas:,22 - CDO,0.0,0.0,0.0,,0.0,,,1.40033526552242,0.0,0.0
Ubiratã,PR,2019,16 - Despesas:,23 - CESSR,39.76,0.44,1.72,,1.17,,,1.40033526552242,55.67733015717141,0.6161475168298648
Ubiratã,PR,2019,16 - Despesas:,24 - FUNDECITRUS,0.0,0.0,0.0,,0.0,,,1.40033526552242,0.0,0.0
Ubiratã,PR,2019,16 - Despesas:,TOTAL DAS OUTRAS DESPESAS (B),403.59,4.48,17.47,,11.86,Total Outras Despesas (B),,1.40033526552242,565.1613098121934,6.273501989540442
Ubiratã,PR,2019,III - DESPESAS FINANCEIRAS,25 - Juros do Financiamento,66.7,0.74,2.89,,1.96,,Juros/Financiamento,1.40033526552242,93.40236221034542,1.0362480964865908
Ubiratã,PR,2019,III - DESPESAS FINANCEIRAS,TOTAL DAS DESPESAS FINANCEIRAS (C),66.7,0.74,2.89,,1.96,Total Despesas Financeiras (C),,1.40033526552242,93.40236221034542,1.0362480964865908
Ubiratã,PR,2019,III - DESPESAS FINANCEIRAS,CUSTO VARIÁVEL (A+B+C=D),2308.88,25.65,99.99,,67.85,Custo Variável (D),,1.40033526552242,3233.206087859405,35.91859956065007
Ubiratã,PR,2019,IV - DEPRECIAÇÕES,26 - Depreciação de benfeitorias/instalações,2.74,0.03,0.12,,0.08,,Máquinas/Depreciação,1.40033526552242,3.836918627531431,0.042010057965672594
Ubiratã,PR,2019,IV - DEPRECIAÇÕES,27 - Depreciação de implementos,113.0,1.26,4.89,,3.32,,Máquinas/Depreciação,1.40033526552242,158.23788500403344,1.764422434558249
Ubiratã,PR,2019,IV - DEPRECIAÇÕES,28 - Depreciação de Máquinas,50.37,0.56,2.18,,1.48,,Máquinas/Depreciação,1.40033526552242,70.53488732436429,0.7841877486925553
Ubiratã,PR,2019,IV - DEPRECIAÇÕES,TOTAL DE DEPRECIAÇÕES (E),166.11,1.85,7.19,,4.88,Total Depreciações (E),Máquinas/Depreciação,1.40033526552242,232.60969095592918,2.590620241216477
Ubiratã,PR,2019,V - OUTROS CUSTOS FIXOS,29 - Manutenção Periódica Benfeitorias/Instalações,44.7,0.5,1.94,,1.31,,,1.40033526552242,62.594986368852176,0.70016763276121
Ubiratã,PR,2019,V - OUTROS CUSTOS FIXOS,30 - Encargos Sociais,64.14,0.71,2.78,,1.88,,,1.40033526552242,89.81750393060801,0.9942380385209181
Ubiratã,PR,2019,V - OUTROS CUSTOS FIXOS,31 - Seguro do capital fixo,9.88,0.11,0.43,,0.29,,Seguro,1.40033526552242,13.83531242336151,0.1540368792074662
Ubiratã,PR,2019,V - OUTROS CUSTOS FIXOS,TOTAL DE OUTROS CUSTOS FIXOS (F),118.72,1.32,5.15,,3.48,Total Outros Custos Fixos (F),,1.40033526552242,166.2478027228217,1.8484425504895945
Ubiratã,PR,2019,V - OUTROS CUSTOS FIXOS,CUSTO FIXO (E+F=G),284.83,3.16,12.34,,8.36,Custo Fixo (G),,1.40033526552242,398.85749367875087,4.425059439050847
Ubiratã,PR,2019,V - OUTROS CUSTOS FIXOS,CUSTO OPERACIONAL (D+G=H),2593.71,28.82,112.33,,76.21,Custo Operacional (H),,1.40033526552242,3632.063581538156,40.357662352356144
Ubiratã,PR,2019,VI - RENDA DE FATORES,32 - Remuneração esperada sobre o capital fixo,81.29,0.9,3.52,,2.39,,,1.40033526552242,113.83325373431752,1.260301738970178
Ubiratã,PR,2019,VI - RENDA DE FATORES,33 - Terra Própria,728.06,8.09,31.53,,21.39,,Terra,1.40033526552242,1019.528093416253,11.328712298076377
Ubiratã,PR,2019,VI - RENDA DE FATORES,34 - Arrendamento,0.0,0.0,0.0,,0.0,,Arrendamento,1.40033526552242,0.0,0.0
Ubiratã,PR,2019,VI - RENDA DE FATORES,TOTAL DE RENDA DE FATORES (I),809.35,8.99,35.05,,23.78,Total Renda de Fatores (I),,1.40033526552242,1133.3613471505705,12.589014037046555
Ubiratã,PR,2019,VI - RENDA DE FATORES,CUSTO TOTAL (H+I=J),3403.06,37.81,147.38,,,Custo Total (J),,1.40033526552242,4765.424928688726,52.946676389402704
Ubiratã,PR,2020,I - DESPESAS DE CUSTEIO,1 - Operação com animal,0.0,0.0,0.0,,0.0,,,1.356761632067946,0.0,0.0
Ubiratã,PR,2020,I - DESPESAS DE CUSTEIO,2 - Operação com Avião,0.0,0.0,0.0,,0.0,,,1.356761632067946,0.0,0.0
Ubiratã,PR,2020,3 - Operação com máquinas:,3.1 - Tratores e Colheitadeiras,212.56,2.36,7.81,,5.52,,,1.356761632067946,288.3932525123626,3.2019574516803524
Ubiratã,PR,2020,3 - Operação com máquinas:,3.2 - Conjunto de Irrigação,0.0,0.0,0.0,,0.0,,,1.356761632067946,0.0,0.0
Ubiratã,PR,2020,3 - Operação com máquinas:,4 - Aluguel de Máquinas,108.56,1.21,3.99,,2.82,,Máquinas/Depreciação,1.356761632067946,147.29004277729624,1.6416815748022147
Ubiratã,PR,2020,3 - Operação com máquinas:,5 - Aluguel de Animais,0.0,0.0,0.0,,0.0,,,1.356761632067946,0.0,0.0
Ubiratã,PR,2020,3 - Operação com máquinas:,6 - Mão de obra,6.14,0.07,0.23,,0.16,,Mão de obra,1.356761632067946,8.330516420897188,0.09497331424475623
Ubiratã,PR,2020,3 - Operação com máquinas:,7 - Administrador,330.32,3.67,12.13,,8.58,,Administração,1.356761632067946,448.16550230468397,4.979315189689362
Ubiratã,PR,2020,3 - Operação com máquinas:,8 - Sementes e mudas,526.0,5.84,19.32,,13.66,,Sementes,1.356761632067946,713.6566184677397,7.923487931276805
Ubiratã,PR,2020,3 - Operação com máquinas:,9 - Fertilizantes,597.0,6.63,21.93,,15.51,,Fertilizantes,1.356761632067946,809.9866943445638,8.995329620610482
Ubiratã,PR,2020,3 - Operação com máquinas:,10 - Agrotóxicos,442.01,4.91,16.23,,11.48,,Defensivos/Agrotóxicos,1.356761632067946,599.7022089903528,6.6616996134536155
Ubiratã,PR,2020,3 - Operação com máquinas:,11 - Receita,0.0,0.0,0.0,,0.0,,,1.356761632067946,0.0,0.0
Ubiratã,PR,2020,12 - Outros:,12.1 - Embalagens/Utensílios,0.0,0.0,0.0,,0.0,,,1.356761632067946,0.0,0.0
Ubiratã,PR,2020,12 - Outros:,12.2 - Análise de Solo,0.0,0.0,0.0,,0.0,,,1.356761632067946,0.0,0.0
Ubiratã,PR,2020,12 - Outros:,12.3 - Demais Despesas,0.0,0.0,0.0,,0.0,,,1.356761632067946,0.0,0.0
Ubiratã,PR,2020,12 - Outros:,13 - Serviços Diversos,0.0,0.0,0.0,,0.0,,,1.356761632067946,0.0,0.0
Ubiratã,PR,2020,12 - Outros:,TOTAL DAS DESPESAS DE CUSTEIO (A),2222.59,24.7,81.64,,57.73,Total Despesas de Custeio (A),,1.356761632067946,3015.5248358178965,33.51201231207827
Ubiratã,PR,2020,II - OUTRAS DESPESAS,14 - Transporte Externo,184.44,2.05,6.77,,4.79,,Transporte,1.356761632067946,250.24111541861197,2.781361345739289
Ubiratã,PR,2020,II - OUTRAS DESPESAS,15 - Despesas Administrativas,66.68,0.74,2.45,,1.73,,Administração,1.356761632067946,90.46886562629065,1.00400360773028
Ubiratã,PR,2020,II - OUTRAS DESPESAS,16 - Despesas de armazenagem,0.0,0.0,0.0,,0.0,,,1.356761632067946,0.0,0.0
Ubiratã,PR,2020,II - OUTRAS DESPESAS,17 - Beneficiamento,0.0,0.0,0.0,,0.0,,,1.356761632067946,0.0,0.0
Ubiratã,PR,2020,II - OUTRAS DESPESAS,18 - Seguro da Produção,104.46,1.16,3.84,,2.71,,Seguro,1.356761632067946,141.72732008581764,1.5738434931988174
Ubiratã,PR,2020,II - OUTRAS DESPESAS,19 - Seguro do crédito,0.0,0.0,0.0,,0.0,,Seguro,1.356761632067946,0.0,0.0
Ubiratã,PR,2020,II - OUTRAS DESPESAS,20 - Assistência Técnica,44.45,0.49,1.63,,1.15,,,1.356761632067946,60.308054545420205,0.6648131997132936
Ubiratã,PR,2020,II - OUTRAS DESPESAS,21 - Classificação,0.0,0.0,0.0,,0.0,,,1.356761632067946,0.0,0.0
Ubiratã,PR,2020,II - OUTRAS DESPESAS,22 - Outros Impostos/Taxas,0.0,0.0,0.0,,0.0,,,1.356761632067946,0.0,0.0
Ubiratã,PR,2020,II - OUTRAS DESPESAS,23 - CESSR,57.86,0.64,2.13,,1.5,,,1.356761632067946,78.50222803145137,0.8683274445234855
Ubiratã,PR,2020,II - OUTRAS DESPESAS,TOTAL DAS OUTRAS DESPESAS (B),457.89,5.09,16.82,,11.88,Total Outras Despesas (B),,1.356761632067946,621.2475837075918,6.905916707225845
Ubiratã,PR,2020,III - DESPESAS FINANCEIRAS,24 - Juros do Financiamento,42.16,0.47,1.55,,1.1,,Juros/Financiamento,1.356761632067946,57.2010704079846,0.6376779670719346
Ubiratã,PR,2020,III - DESPESAS FINANCEIRAS,TOTAL DAS DESPESAS FINANCEIRAS (C),42.16,0.47,1.55,,1.1,Total Despesas Financeiras (C),,1.356761632067946,57.2010704079846,0.6376779670719346
Ubiratã,PR,2020,III - DESPESAS FINANCEIRAS,CUSTO VARIÁVEL (A+B+C=D),2722.64,30.25,100.01,,70.71,Custo Variável (D),,1.356761632067946,3693.9734899334726,41.04203937005537
Ubiratã,PR,2020,IV - DEPRECIAÇÕES,25 - Depreciação de benfeitorias/instalações,3.4,0.04,0.12,,0.09,,Máquinas/Depreciação,1.356761632067946,4.612989549031017,0.054270465282717846
Ubiratã,PR,2020,IV - DEPRECIAÇÕES,26 - Depreciação de implementos,71.7,0.8,2.63,,1.86,,Máquinas/Depreciação,1.356761632067946,97.27980901927174,1.085409305654357
Ubiratã,PR,2020,IV - DEPRECIAÇÕES,27 - Depreciação de Máquinas,58.6,0.65,2.15,,1.52,,Máquinas/Depreciação,1.356761632067946,79.50623163918165,0.881895060844165
Ubiratã,PR,2020,IV - DEPRECIAÇÕES,TOTAL DE DEPRECIAÇÕES (E),133.7,1.49,4.9,,3.47,Total Depreciações (E),Máquinas/Depreciação,1.356761632067946,181.39903020748437,2.0215748317812396
Ubiratã,PR,2020,V - OUTROS CUSTOS FIXOS,28 - Manutenção Periódica Benfeitorias/Instalações,55.5,0.62,2.04,,1.44,,,1.356761632067946,75.30027057977101,0.8411922118821266
Ubiratã,PR,2020,V - OUTROS CUSTOS FIXOS,29 - Encargos Sociais,150.59,1.67,5.53,,3.91,,,1.356761632067946,204.31473417311202,2.26579192555347
Ubiratã,PR,2020,V - OUTROS CUSTOS FIXOS,30 - Seguro do capital fixo,7.74,0.09,0.28,,0.2,,Seguro,1.356761632067946,10.501335032205903,0.12210854688611514
Ubiratã,PR,2020,V - OUTROS CUSTOS FIXOS,31 - Arrendamento,0.0,0.0,0.0,,0.0,,Arrendamento,1.356761632067946,0.0,0.0
Ubiratã,PR,2020,V - OUTROS CUSTOS FIXOS,TOTAL DE OUTROS CUSTOS FIXOS (F),213.83,2.38,7.85,,5.55,Total Outros Custos Fixos (F),,1.356761632067946,290.11633978508894,3.2290926843217114
Ubiratã,PR,2020,V - OUTROS CUSTOS FIXOS,CUSTO FIXO (E+F=G),347.53,3.86,12.75,,9.02,Custo Fixo (G),,1.356761632067946,471.51536999257326,5.2370998997822715
Ubiratã,PR,2020,V - OUTROS CUSTOS FIXOS,CUSTO OPERACIONAL (D+G=H),3070.17,34.11,112.76,,79.73,Custo Operacional (H),,1.356761632067946,4165.488859926046,46.27913926983764
Ubiratã,PR,2020,VI - RENDA DE FATORES,32 - Remuneração esperada sobre o capital fixo,63.69,0.71,2.34,,1.65,,,1.356761632067946,86.41214834640748,0.9633007587682417
Ubiratã,PR,2020,VI - RENDA DE FATORES,33 - Terra Própria,715.72,7.95,26.29,,18.59,,Terra,1.356761632067946,971.0614353036705,10.78625497494017
Ubiratã,PR,2020,VI - RENDA DE FATORES,TOTAL DE RENDA DE FATORES (I),779.41,8.66,28.63,,20.24,Total Renda de Fatores (I),,1.356761632067946,1057.473583650078,11.749555733708414
Ubiratã,PR,2020,VI - RENDA DE FATORES,CUSTO TOTAL (H+I=J),3849.58,42.77,141.39,,,Custo Total (J),,1.356761632067946,5222.962443576123,58.028695003546055
Ubiratã,PR,2021,I - DESPESAS DO CUSTEIO,1 - Operação com animal,0.0,0.0,0.0,5400.0,0.0,,,1.2527626200113375,0.0,0.0
Ubiratã,PR,2021,I - DESPESAS DO CUSTEIO,2 - Operação com Avião,0.0,0.0,0.0,5400.0,0.0,,,1.2527626200113375,0.0,0.0
Ubiratã,PR,2021,3 - Operação com máquinas:,3.1 - Tratores e Colheitadeiras,256.27,2.84744,7.47,5400.0,6.33,,,1.2527626200113375,321.0454766303055,3.567166394725083
Ubiratã,PR,2021,3 - Operação com máquinas:,3.2 - Conjunto de Irrigação,0.0,0.0,0.0,5400.0,0.0,,,1.2527626200113375,0.0,0.0
Ubiratã,PR,2021,3 - Operação com máquinas:,4 - Aluguel de Máquinas,243.07,2.70078,7.08,5400.0,6.0,,Máquinas/Depreciação,1.2527626200113375,304.5090100461558,3.38343622887422
Ubiratã,PR,2021,3 - Operação com máquinas:,5 - Aluguel de Animais,0.0,0.0,0.0,5400.0,0.0,,,1.2527626200113375,0.0,0.0
Ubiratã,PR,2021,3 - Operação com máquinas:,6 - Mão de obra,5.94,0.066,0.17,5400.0,0.15,,Mão de obra,1.2527626200113375,7.441409962867345,0.08268233292074828
Ubiratã,PR,2021,3 - Operação com máquinas:,7 - Administrador,330.44,3.67156,9.63,5400.0,8.16,,Administração,1.2527626200113375,413.96288015654636,4.599593125128826
Ubiratã,PR,2021,3 - Operação com máquinas:,8 - Sementes e mudas,625.0,6.94444,18.21,5400.0,15.44,,Sementes,1.2527626200113375,782.9766375070859,8.699734848911532
Ubiratã,PR,2021,3 - Operação com máquinas:,9 - Fertilizantes,906.75,10.075,26.42,5400.0,22.4,,Fertilizantes,1.2527626200113375,1135.9425056952803,12.621583396614225
Ubiratã,PR,2021,3 - Operação com máquinas:,10 - Agrotóxicos,467.42,5.19355,13.62,5400.0,11.55,,Defensivos/Agrotóxicos,1.2527626200113375,585.5663038456994,6.506285305159882
Ubiratã,PR,2021,3 - Operação com máquinas:,11 - Receita,0.0,0.0,0.0,5400.0,0.0,,,1.2527626200113375,0.0,0.0
Ubiratã,PR,2021,12 - Outros:,12.1 - Embalagens/Utensílios,0.0,0.0,0.0,5400.0,0.0,,,1.2527626200113375,0.0,0.0
Ubiratã,PR,2021,12 - Outros:,12.2 - Análise de Solo,0.0,0.0,0.0,5400.0,0.0,,,1.2527626200113375,0.0,0.0
Ubiratã,PR,2021,12 - Outros:,12.3 - Demais Despesas,0.0,0.0,0.0,5400.0,0.0,,,1.2527626200113375,0.0,0.0
Ubiratã,PR,2021,12 - Outros:,13 - Serviços Diversos,0.0,0.0,0.0,5400.0,0.0,,,1.2527626200113375,0.0,0.0
Ubiratã,PR,2021,12 - Outros:,TOTAL DAS DESPESAS DE CUSTEIO (A),2834.8900000000003,31.49877,82.6,5400.0,70.03,Total Despesas de Custeio (A),,1.2527626200113375,3551.444223843941,39.46048163233452
Ubiratã,PR,2021,II - OUTRAS DESPESAS,14 - Transporte Externo,191.67,2.12967,5.58,5400.0,4.73,,Transporte,1.2527626200113375,240.11701137757305,2.667970968959545
Ubiratã,PR,2021,II - OUTRAS DESPESAS,15 - Despesas Administrativas,85.05,0.945,2.48,5400.0,2.1,,Administração,1.2527626200113375,106.54746083196426,1.183860675910714
Ubiratã,PR,2021,II - OUTRAS DESPESAS,16 - Despesas de armazenagem,0.0,0.0,0.0,5400.0,0.0,,,1.2527626200113375,0.0,0.0
Ubiratã,PR,2021,II - OUTRAS DESPESAS,17 - Beneficiamento,0.0,0.0,0.0,5400.0,0.0,,,1.2527626200113375,0.0,0.0
Ubiratã,PR,2021,II - OUTRAS DESPESAS,18 - Seguro da Produção,133.24,1.48044,3.88,5400.0,3.29,,Seguro,1.2527626200113375,166.91809149031062,1.8546398931695844
Ubiratã,PR,2021,II - OUTRAS DESPESAS,19 - Seguro do crédito,0.0,0.0,0.0,5400.0,0.0,,Seguro,1.2527626200113375,0.0,0.0
Ubiratã,PR,2021,II - OUTRAS DESPESAS,20 - Assistência Técnica,56.7,0.63,1.65,5400.0,1.4,,,1.2527626200113375,71.03164055464285,0.7892404506071427
Ubiratã,PR,2021,II - OUTRAS DESPESAS,21 - Classificação,0.0,0.0,0.0,5400.0,0.0,,,1.2527626200113375,0.0,0.0
Ubiratã,PR,2021,II - OUTRAS DESPESAS,22 - Outros,0.0,0.0,0.0,5400.0,0.0,,,1.2527626200113375,0.0,0.0
Ubiratã,PR,2021,II - OUTRAS DESPESAS,23 - CESSR,105.98,1.17756,3.09,5400.0,2.62,,,1.2527626200113375,132.76778246880156,1.4752031508205505
Ubiratã,PR,2021,II - OUTRAS DESPESAS,TOTAL DAS OUTRAS DESPESAS (B),572.64,6.36267,16.68,5400.0,14.14,Total Outras Despesas (B),,1.2527626200113375,717.3819867232924,7.970915139467537
Ubiratã,PR,2021,III - DESPESAS FINANCEIRAS,24 - Juros do Financiamento,24.52,0.27,0.71,5400.0,0.61,,Juros/Financiamento,1.2527626200113375,30.717739442677995,0.33824590740306115
Ubiratã,PR,2021,III - DESPESAS FINANCEIRAS,TOTAL DAS DESPESAS FINANCEIRAS (C),24.52,0.27,0.71,5400.0,0.61,Total Despesas Financeiras (C),,1.2527626200113375,30.717739442677995,0.33824590740306115
Ubiratã,PR,2021,III - DESPESAS FINANCEIRAS,CUSTO VARIÁVEL (A+B+C=D),3432.05,38.13144,99.99,5400.0,84.78,Custo Variável (D),,1.2527626200113375,4299.543950009911,47.76964267920511
Ubiratã,PR,2021,IV - DEPRECIAÇÕES,25 - Depreciação de benfeitorias/instalações,3.9,0.04329,0.11,5400.0,0.1,,Máquinas/Depreciação,1.2527626200113375,4.885774218044216,0.0542320938202908
Ubiratã,PR,2021,IV - DEPRECIAÇÕES,26 - Depreciação de implementos,81.24,0.90267,2.37,5400.0,2.01,,Máquinas/Depreciação,1.2527626200113375,101.77443524972105,1.130831234205634
Ubiratã,PR,2021,IV - DEPRECIAÇÕES,27 - Depreciação de Máquinas,76.02,0.84461,2.22,5400.0,1.88,,Máquinas/Depreciação,1.2527626200113375,95.23501437326188,1.0580958364877757
Ubiratã,PR,2021,IV - DEPRECIAÇÕES,TOTAL DE DEPRECIAÇÕES (E),161.16,1.79057,4.7,5400.0,3.99,Total Depreciações (E),Máquinas/Depreciação,1.2527626200113375,201.89522384102716,2.243159164513701
Ubiratã,PR,2021,V - OUTROS CUSTOS FIXOS,28 - Manutenção Periódica Benfeitorias/Instalações,63.52,0.70576,1.85,5400.0,1.57,,,1.2527626200113375,79.57548162312017,0.8841497466992017
Ubiratã,PR,2021,V - OUTROS CUSTOS FIXOS,29 - Encargos Sociais,150.65,1.67386,4.39,5400.0,3.72,,,1.2527626200113375,188.72868870470802,2.096949239132177
Ubiratã,PR,2021,V - OUTROS CUSTOS FIXOS,30 - Seguro do capital fixo,9.1,0.10114,0.27,5400.0,0.22,,Seguro,1.2527626200113375,11.40013984210317,0.12670441138794666
Ubiratã,PR,2021,V - OUTROS CUSTOS FIXOS,31 - Arrendamento,0.0,0.0,0.0,5400.0,0.0,,Arrendamento,1.2527626200113375,0.0,0.0
Ubiratã,PR,2021,V - OUTROS CUSTOS FIXOS,TOTAL DE OUTROS CUSTOS FIXOS (F),223.27,2.48076,6.51,5400.0,5.51,Total Outros Custos Fixos (F),,1.2527626200113375,279.7043101699313,3.107803397219326
Ubiratã,PR,2021,V - OUTROS CUSTOS FIXOS,CUSTO FIXO (E+F=G),384.43,4.27133,11.21,5400.0,9.5,Custo Fixo (G),,1.2527626200113375,481.5995340109585,5.350962561733026
Ubiratã,PR,2021,V - OUTROS CUSTOS FIXOS,CUSTO OPERACIONAL (D+G=H),3816.48,42.40277,111.2,5400.0,94.28,Custo Operacional (H),,1.2527626200113375,4781.143484020869,53.12060524093814
Ubiratã,PR,2021,VI - RENDA DE FATORES,32 - Remuneração esperada sobre o capital fixo,20.51,0.22789,0.6,5400.0,0.51,,,1.2527626200113375,25.694161336432536,0.2854920734743837
Ubiratã,PR,2021,VI - RENDA DE FATORES,33 - Terra Própria,211.59,2.35098,6.17,5400.0,5.23,,Terra,1.2527626200113375,265.0720427681989,2.945219864394254
Ubiratã,PR,2021,VI - RENDA DE FATORES,TOTAL DE RENDA DE FATORES (F),232.1,2.57887,6.77,5400.0,5.74,Total Renda de Fatores (I),,1.2527626200113375,290.7662041046314,3.230711937868638
Ubiratã,PR,2021,VI - RENDA DE FATORES,CUSTO TOTAL (H+I=J),4048.58,44.98164,117.97,5400.0,100.02,Custo Total (J),,1.2527626200113375,5071.909688125501,56.35131717880678
Ubiratã,PR,2022,I - DESPESAS DO CUSTEIO,1 - Operação com animal,0.0,0.0,0.0,5400.0,0.0,,,1.146379346107216,0.0,0.0
Ubiratã,PR,2022,I - DESPESAS DO CUSTEIO,2 - Operação com Avião,0.0,0.0,0.0,5400.0,0.0,,,1.146379346107216,0.0,0.0
Ubiratã,PR,2022,3 - Operação com máquinas:,3.1 - Tratores e Colheitadeiras,401.33,4.45922,7.06,5400.0,5.44,,,1.146379346107216,460.076422973209,5.11195770774822
Ubiratã,PR,2022,3 - Operação com máquinas:,3.2 - Conjunto de Irrigação,0.0,0.0,0.0,5400.0,0.0,,,1.146379346107216,0.0,0.0
Ubiratã,PR,2022,3 - Operação com máquinas:,4 - Aluguel de Máquinas,265.0,2.94444,4.66,5400.0,3.59,,Máquinas/Depreciação,1.146379346107216,303.79052671841225,3.375445201851931
Ubiratã,PR,2022,3 - Operação com máquinas:,5 - Aluguel de Animais,0.0,0.0,0.0,5400.0,0.0,,,1.146379346107216,0.0,0.0
Ubiratã,PR,2022,3 - Operação com máquinas:,6 - Mão de obra,7.2,0.08,0.13,5400.0,0.1,,Mão de obra,1.146379346107216,8.253931291971956,0.09171034768857729
Ubiratã,PR,2022,3 - Operação com máquinas:,7 - Administrador,326.56,3.62844,5.75,5400.0,4.43,,Administração,1.146379346107216,374.36163926477246,4.159568674589266
Ubiratã,PR,2022,3 - Operação com máquinas:,8 - Sementes e mudas,833.25,9.25833,14.67,5400.0,11.29,,Sementes,1.146379346107216,955.2205901438377,10.613558291444823
Ubiratã,PR,2022,3 - Operação com máquinas:,9 - Fertilizantes,1984.25,22.04722,34.92,5400.0,26.89,,Fertilizantes,1.146379346107216,2274.7032175132435,25.274477647081934
Ubiratã,PR,2022,3 - Operação com máquinas:,10 - Agrotóxicos,795.21,8.83566,14.0,5400.0,10.78,,Defensivos/Agrotóxicos,1.146379346107216,911.6123198179193,10.129018133225685
Ubiratã,PR,2022,3 - Operação com máquinas:,11 - Receita,0.0,0.0,0.0,5400.0,0.0,,,1.146379346107216,0.0,0.0
Ubiratã,PR,2022,12 - Outros:,12.1 - Embalagens/Utensílios,0.0,0.0,0.0,5400.0,0.0,,,1.146379346107216,0.0,0.0
Ubiratã,PR,2022,12 - Outros:,12.2 - Análise de Solo,0.0,0.0,0.0,5400.0,0.0,,,1.146379346107216,0.0,0.0
Ubiratã,PR,2022,12 - Outros:,12.3 - Demais Despesas,0.0,0.0,0.0,5400.0,0.0,,,1.146379346107216,0.0,0.0
Ubiratã,PR,2022,12 - Outros:,13 - Serviços Diversos,0.0,0.0,0.0,5400.0,0.0,,,1.146379346107216,0.0,0.0
Ubiratã,PR,2022,12 - Outros:,TOTAL DAS DESPESAS DE CUSTEIO (A),4612.8,51.25331,81.19,5400.0,62.52,Total Despesas de Custeio (A),,1.146379346107216,5288.0186477233665,58.75573600363044
Ubiratã,PR,2022,II - OUTRAS DESPESAS,14 - Transporte Externo,278.24,3.09156,4.9,5400.0,3.77,,Transporte,1.146379346107216,318.9685892608718,3.5441005312512246
Ubiratã,PR,2022,II - OUTRAS DESPESAS,15 - Despesas Administrativas,138.38,1.53756,2.44,5400.0,1.88,,Administração,1.146379346107216,158.63597391431654,1.762627027400611
Ubiratã,PR,2022,II - OUTRAS DESPESAS,16 - Despesas de armazenagem,0.0,0.0,0.0,5400.0,0.0,,,1.146379346107216,0.0,0.0
Ubiratã,PR,2022,II - OUTRAS DESPESAS,17 - Beneficiamento,0.0,0.0,0.0,5400.0,0.0,,,1.146379346107216,0.0,0.0
Ubiratã,PR,2022,II - OUTRAS DESPESAS,18 - Seguro da Produção,216.8,2.40889,3.82,5400.0,2.94,,Seguro,1.146379346107216,248.53504223604446,2.7615017430442115
Ubiratã,PR,2022,II - OUTRAS DESPESAS,19 - Seguro do crédito,0.0,0.0,0.0,5400.0,0.0,,Seguro,1.146379346107216,0.0,0.0
Ubiratã,PR,2022,II - OUTRAS DESPESAS,20 - Assistência Técnica,92.26,1.02511,1.62,5400.0,1.25,,,1.146379346107216,105.76495847185176,1.1751649314879682
Ubiratã,PR,2022,II - OUTRAS DESPESAS,21 - Classificação,0.0,0.0,0.0,5400.0,0.0,,,1.146379346107216,0.0,0.0
Ubiratã,PR,2022,II - OUTRAS DESPESAS,22 - Outros,0.0,0.0,0.0,5400.0,0.0,,,1.146379346107216,0.0,0.0
Ubiratã,PR,2022,II - OUTRAS DESPESAS,23 - CESSR,123.59,1.37322,2.18,5400.0,1.68,,,1.146379346107216,141.68102338539083,1.5742310456613513
Ubiratã,PR,2022,II - OUTRAS DESPESAS,TOTAL DAS OUTRAS DESPESAS (B),849.2700000000001,9.43634,14.96,5400.0,11.52,Total Outras Despesas (B),,1.146379346107216,973.5855872684755,10.817625278845366
Ubiratã,PR,2022,III - DESPESAS FINANCEIRAS,24 - Juros do Financiamento,219.52,2.43911,3.86,5400.0,2.98,,Juros/Financiamento,1.146379346107216,251.65319405745606,2.7961453268835714
Ubiratã,PR,2022,III - DESPESAS FINANCEIRAS,TOTAL DAS DESPESAS FINANCEIRAS (C),219.52,2.43911,3.86,5400.0,2.98,Total Despesas Financeiras (C),,1.146379346107216,251.65319405745606,2.7961453268835714
Ubiratã,PR,2022,III - DESPESAS FINANCEIRAS,CUSTO VARIÁVEL (A+B+C=D),5681.590000000001,63.12876,100.01,5400.0,77.02,Custo Variável (D),,1.146379346107216,6513.2574290492985,72.36950660935938
Ubiratã,PR,2022,IV - DEPRECIAÇÕES,25 - Depreciação de benfeitorias/instalações,4.57,0.05077,0.08,5400.0,0.06,,Máquinas/Depreciação,1.146379346107216,5.238953611709977,0.05820167940186336
Ubiratã,PR,2022,IV - DEPRECIAÇÕES,26 - Depreciação de implementos,241.47,2.68296,4.25,5400.0,3.27,,Máquinas/Depreciação,1.146379346107216,276.8162207045095,3.075689930431816
Ubiratã,PR,2022,IV - DEPRECIAÇÕES,27 - Depreciação de Máquinas,137.24,1.52494,2.42,5400.0,1.86,,Máquinas/Depreciação,1.146379346107216,157.32910145975433,1.748159720052738
Ubiratã,PR,2022,IV - DEPRECIAÇÕES,TOTAL DE DEPRECIAÇÕES (E),383.28,4.25867,6.75,5400.0,5.19,Total Depreciações (E),Máquinas/Depreciação,1.146379346107216,439.3842757759737,4.882051329886418
Ubiratã,PR,2022,V - OUTROS CUSTOS FIXOS,28 - Manutenção Periódica Benfeitorias/Instalações,74.5,0.82776,1.31,5400.0,1.01,,,1.146379346107216,85.40526128498759,0.9489269675337092
Ubiratã,PR,2022,V - OUTROS CUSTOS FIXOS,29 - Encargos Sociais,148.88,1.65421,2.62,5400.0,2.02,,,1.146379346107216,170.67295704844233,1.8963521781240178
Ubiratã,PR,2022,V - OUTROS CUSTOS FIXOS,30 - Seguro do capital fixo,21.86,0.24284,0.38,5400.0,0.3,,Seguro,1.146379346107216,25.05985250590374,0.2783867604086763
Ubiratã,PR,2022,V - OUTROS CUSTOS FIXOS,31 - Arrendamento,0.0,0.0,0.0,5400.0,0.0,,Arrendamento,1.146379346107216,0.0,0.0
Ubiratã,PR,2022,V - OUTROS CUSTOS FIXOS,TOTAL DE OUTROS CUSTOS FIXOS (F),245.24,2.72481,4.31,5400.0,3.33,Total Outros Custos Fixos (F),,1.146379346107216,281.1380708393337,3.1236659060664036
Ubiratã,PR,2022,V - OUTROS CUSTOS FIXOS,CUSTO FIXO (E+F=G),628.52,6.98348,11.06,5400.0,8.52,Custo Fixo (G),,1.146379346107216,720.5223466153074,8.00571723595282
Ubiratã,PR,2022,V - OUTROS CUSTOS FIXOS,CUSTO OPERACIONAL (D+G=H),6310.110000000001,70.11224,111.07,5400.0,85.54,Custo Operacional (H),,1.146379346107216,7233.779775664606,80.37522384531219
Ubiratã,PR,2022,VI - RENDA DE FATORES,32 - Remuneração esperada sobre o capital fixo,126.47,1.40526,2.23,5400.0,1.71,,,1.146379346107216,144.9825959021796,1.6109610399106264
Ubiratã,PR,2022,VI - RENDA DE FATORES,33 - Terra Própria,941.5,10.46114,16.57,5400.0,12.76,,Terra,1.146379346107216,1079.316154359944,11.992434832736043
Ubiratã,PR,2022,VI - RENDA DE FATORES,TOTAL DE RENDA DE FATORES (F),1067.97,11.8664,18.8,5400.0,14.47,Total Renda de Fatores (I),,1.146379346107216,1224.2987502621236,13.603395872646669
Ubiratã,PR,2022,VI - RENDA DE FATORES,CUSTO TOTAL (H+I=J),7378.080000000001,81.97864,129.87,5400.0,100.01,Custo Total (J),,1.146379346107216,8458.078525926729,93.97861971795886
Ubiratã,PR,2023,I - DESPESAS DO CUSTEIO,1 - Operação com animal,0.0,0.0,0.0,5400.0,0.0,,,1.0960327537763812,0.0,0.0
Ubiratã,PR,2023,I - DESPESAS DO CUSTEIO,2 - Operação com Avião,0.0,0.0,0.0,5400.0,0.0,,,1.0960327537763812,0.0,0.0
Ubiratã,PR,2023,3 - Operação com máquinas:,3.1 - Tratores e Colheitadeiras,376.75,4.18611,7.22,5400.0,4.19,,,1.0960327537763812,412.93033998525163,4.588113670910848
Ubiratã,PR,2023,3 - Operação com máquinas:,3.2 - Conjunto de Irrigação,0.0,0.0,0.0,5400.0,0.0,,,1.0960327537763812,0.0,0.0
Ubiratã,PR,2023,3 - Operação com máquinas:,4 - Aluguel de Máquinas,265.0,2.94444,5.08,5400.0,2.94,,Máquinas/Depreciação,1.0960327537763812,290.448679750741,3.227202681529328
Ubiratã,PR,2023,3 - Operação com máquinas:,5 - Aluguel de Animais,0.0,0.0,0.0,5400.0,0.0,,,1.0960327537763812,0.0,0.0
Ubiratã,PR,2023,3 - Operação com máquinas:,6 - Mão de obra,7.2,0.08,0.14,5400.0,0.08,,Mão de obra,1.0960327537763812,7.8914358271899445,0.08768262030211049
Ubiratã,PR,2023,3 - Operação com máquinas:,7 - Administrador,339.48,3.772,6.51,5400.0,3.77,,Administração,1.0960327537763812,372.0811992520059,4.13423554724451
Ubiratã,PR,2023,3 - Operação com máquinas:,8 - Sementes e mudas,1301.06,14.45622,24.95,5400.0,14.46,,Sementes,1.0960327537763812,1426.0043746282984,15.844490615797197
Ubiratã,PR,2023,3 - Operação com máquinas:,9 - Fertilizantes,1116.75,12.40833,21.42,5400.0,12.41,,Fertilizantes,1.0960327537763812,1223.9945777797736,13.599936099666083
Ubiratã,PR,2023,3 - Operação com máquinas:,10 - Agrotóxicos,765.4,8.50443,14.68,5400.0,8.51,,Defensivos/Agrotóxicos,1.0960327537763812,838.9034697404421,9.321133832198468
Ubiratã,PR,2023,3 - Operação com máquinas:,11 - Receita,0.0,0.0,0.0,5400.0,0.0,,,1.0960327537763812,0.0,0.0
Ubiratã,PR,2023,12 - Outros:,12.1 - Embalagens/Utensílios,0.0,0.0,0.0,5400.0,0.0,,,1.0960327537763812,0.0,0.0
Ubiratã,PR,2023,12 - Outros:,12.2 - Análise de Solo,0.0,0.0,0.0,5400.0,0.0,,,1.0960327537763812,0.0,0.0
Ubiratã,PR,2023,12 - Outros:,12.3 - Demais Despesas,0.0,0.0,0.0,5400.0,0.0,,,1.0960327537763812,0.0,0.0
Ubiratã,PR,2023,12 - Outros:,13 - Serviços Diversos,0.0,0.0,0.0,5400.0,0.0,,,1.0960327537763812,0.0,0.0
Ubiratã,PR,2023,12 - Outros:,TOTAL DAS DESPESAS DE CUSTEIO (A),4171.639999999999,46.35153,80.0,5400.0,46.36,Total Despesas de Custeio (A),,1.0960327537763812,4572.254076963703,50.802795067648546
Ubiratã,PR,2023,II - OUTRAS DESPESAS,14 - Transporte Externo,278.24,3.09156,5.34,5400.0,3.09,,Transporte,1.0960327537763812,304.9601534107403,3.3884510202649087
Ubiratã,PR,2023,II - OUTRAS DESPESAS,15 - Despesas Administrativas,125.15,1.39056,2.4,5400.0,1.39,,Administração,1.0960327537763812,137.1684991351141,1.5240993060912846
Ubiratã,PR,2023,II - OUTRAS DESPESAS,16 - Despesas de armazenagem,0.0,0.0,0.0,5400.0,0.0,,,1.0960327537763812,0.0,0.0
Ubiratã,PR,2023,II - OUTRAS DESPESAS,17 - Beneficiamento,0.0,0.0,0.0,5400.0,0.0,,,1.0960327537763812,0.0,0.0
Ubiratã,PR,2023,II - OUTRAS DESPESAS,18 - Seguro da Produção,196.07,2.17856,3.76,5400.0,2.18,,Seguro,1.0960327537763812,214.89914203293506,2.387773116067073
Ubiratã,PR,2023,II - OUTRAS DESPESAS,19 - Seguro do crédito,0.0,0.0,0.0,5400.0,0.0,,Seguro,1.0960327537763812,0.0,0.0
Ubiratã,PR,2023,II - OUTRAS DESPESAS,20 - Assistência Técnica,83.43,0.927,1.6,5400.0,0.93,,,1.0960327537763812,91.44201264756349,1.0160223627507055
Ubiratã,PR,2023,II - OUTRAS DESPESAS,21 - Classificação,0.0,0.0,0.0,5400.0,0.0,,,1.0960327537763812,0.0,0.0
Ubiratã,PR,2023,II - OUTRAS DESPESAS,22 - Outros,0.0,0.0,0.0,5400.0,0.0,,,1.0960327537763812,0.0,0.0
Ubiratã,PR,2023,II - OUTRAS DESPESAS,23 - CESSR,98.32,1.09244,1.89,5400.0,1.09,,,1.0960327537763812,107.76194035129379,1.19735002153547
Ubiratã,PR,2023,II - OUTRAS DESPESAS,TOTAL DAS OUTRAS DESPESAS (B),781.21,8.68012,14.99,5400.0,8.68,Total Outras Despesas (B),,1.0960327537763812,856.2317475776468,9.513695826709442
Ubiratã,PR,2023,III - DESPESAS FINANCEIRAS,24 - Juros do Financiamento,261.69,2.90766,5.02,5400.0,2.91,,Juros/Financiamento,1.0960327537763812,286.8208113357412,3.1868905968454326
Ubiratã,PR,2023,III - DESPESAS FINANCEIRAS,TOTAL DAS DESPESAS FINANCEIRAS (C),261.69,2.90766,5.02,5400.0,2.91,Total Despesas Financeiras (C),,1.0960327537763812,286.8208113357412,3.1868905968454326
Ubiratã,PR,2023,III - DESPESAS FINANCEIRAS,CUSTO VARIÁVEL (A+B+C=D),5214.539999999999,57.93931,100.01,5400.0,57.95,Custo Variável (D),,1.0960327537763812,5715.30663587709,63.50338149120342
Ubiratã,PR,2023,IV - DEPRECIAÇÕES,25 - Depreciação de benfeitorias/instalações,6.17,0.06859,0.12,5400.0,0.07,,Máquinas/Depreciação,1.0960327537763812,6.762522090800272,0.07517688658152198
Ubiratã,PR,2023,IV - DEPRECIAÇÕES,26 - Depreciação de implementos,231.46,2.57183,4.44,5400.0,2.57,,Máquinas/Depreciação,1.0960327537763812,253.6877411890812,2.8188099171447103
Ubiratã,PR,2023,IV - DEPRECIAÇÕES,27 - Depreciação de Máquinas,151.77,1.68634,2.91,5400.0,1.69,,Máquinas/Depreciação,1.0960327537763812,166.3448910406414,1.8482838740032626
Ubiratã,PR,2023,IV - DEPRECIAÇÕES,TOTAL DE DEPRECIAÇÕES (E),389.4,4.32676,7.47,5400.0,4.33,Total Depreciações (E),Máquinas/Depreciação,1.0960327537763812,426.79515432052284,4.742270677729495
Ubiratã,PR,2023,V - OUTROS CUSTOS FIXOS,28 - Manutenção Periódica Benfeitorias/Instalações,100.66,1.11839,1.93,5400.0,1.12,,,1.0960327537763812,110.32665699513053,1.225792071495967
Ubiratã,PR,2023,V - OUTROS CUSTOS FIXOS,29 - Encargos Sociais,154.77,1.71965,2.97,5400.0,1.72,,,1.0960327537763812,169.63298930197053,1.884792725031554
Ubiratã,PR,2023,V - OUTROS CUSTOS FIXOS,30 - Seguro do capital fixo,22.55,0.25057,0.43,5400.0,0.25,,Seguro,1.0960327537763812,24.715538597657396,0.27463292711374787
Ubiratã,PR,2023,V - OUTROS CUSTOS FIXOS,31 - Arrendamento,0.0,0.0,0.0,5400.0,0.0,,Arrendamento,1.0960327537763812,0.0,0.0
Ubiratã,PR,2023,V - OUTROS CUSTOS FIXOS,TOTAL DE OUTROS CUSTOS FIXOS (F),277.98,3.08861,5.33,5400.0,3.09,Total Outros Custos Fixos (F),,1.0960327537763812,304.67518489475844,3.385217723641269
Ubiratã,PR,2023,V - OUTROS CUSTOS FIXOS,CUSTO FIXO (E+F=G),667.38,7.41537,12.8,5400.0,7.42,Custo Fixo (G),,1.0960327537763812,731.4703392152813,8.127488401370764
Ubiratã,PR,2023,V - OUTROS CUSTOS FIXOS,CUSTO OPERACIONAL (D+G=H),5881.919999999999,65.35468,112.81,5400.0,65.37,Custo Operacional (H),,1.0960327537763812,6446.776975092372,71.63086989257418
Ubiratã,PR,2023,VI - RENDA DE FATORES,32 - Remuneração esperada sobre o capital fixo,267.61,2.97344,5.13,5400.0,2.97,,,1.0960327537763812,293.3093252380974,3.258987631388843
Ubiratã,PR,2023,VI - RENDA DE FATORES,33 - Terra Própria,2849.78,31.66422,54.65,5400.0,31.67,,Terra,1.0960327537763812,3123.4522210568557,34.70502224278117
Ubiratã,PR,2023,VI - RENDA DE FATORES,TOTAL DE RENDA DE FATORES (F),3117.3900000000003,34.63766,59.78,5400.0,34.64,Total Renda de Fatores (I),,1.0960327537763812,3416.7615462949534,37.96400987417
Ubiratã,PR,2023,VI - RENDA DE FATORES,CUSTO TOTAL (H+I=J),8999.31,99.99234,172.59,5400.0,100.01,Custo Total (J),,1.0960327537763812,9863.538521387325,109.59487976674419
Ubiratã,PR,2024,I - DESPESAS DO CUSTEIO,1 - Operação com animal,0.0,0.0,0.0,6000.0,0.0,,,1.0501675476932033,0.0,0.0
Ubiratã,PR,2024,I - DESPESAS DO CUSTEIO,2 - Operação com Avião,0.0,0.0,0.0,6000.0,0.0,,,1.0501675476932033,0.0,0.0
Ubiratã,PR,2024,3 - Operação com máquinas:,3.1 - Tratores e Colheitadeiras,367.86,3.6786,7.62,6000.0,4.21,,,1.0501675476932033,386.31463409442176,3.8631463409442177
Ubiratã,PR,2024,3 - Operação com máquinas:,3.2 - Conjunto de Irrigação,0.0,0.0,0.0,6000.0,0.0,,,1.0501675476932033,0.0,0.0
Ubiratã,PR,2024,3 - Operação com máquinas:,4 - Aluguel de Máquinas,0.0,0.0,0.0,6000.0,0.0,,Máquinas/Depreciação,1.0501675476932033,0.0,0.0
Ubiratã,PR,2024,3 - Operação com máquinas:,5 - Aluguel de Animais,0.0,0.0,0.0,6000.0,0.0,,,1.0501675476932033,0.0,0.0
Ubiratã,PR,2024,3 - Operação com máquinas:,6 - Mão de obra,0.0,0.0,0.0,6000.0,0.0,,Mão de obra,1.0501675476932033,0.0,0.0
Ubiratã,PR,2024,3 - Operação com máquinas:,7 - Administrador,407.88,4.0788,8.45,6000.0,4.67,,Administração,1.0501675476932033,428.34233935310374,4.283423393531038
Ubiratã,PR,2024,3 - Operação com máquinas:,8 - Sementes e mudas,1194.05,11.9405,24.73,6000.0,13.66,,Sementes,1.0501675476932033,1253.9525603230693,12.539525603230695
Ubiratã,PR,2024,3 - Operação com máquinas:,9 - Fertilizantes,1033.9,10.339,21.41,6000.0,11.83,,Fertilizantes,1.0501675476932033,1085.768227560003,10.857682275600029
Ubiratã,PR,2024,3 - Operação com máquinas:,10 - Agrotóxicos,873.67,8.7367,18.1,6000.0,10.0,,Defensivos/Agrotóxicos,1.0501675476932033,917.4998813931209,9.17499881393121
Ubiratã,PR,2024,3 - Operação com máquinas:,11 - Receita,0.0,0.0,0.0,6000.0,0.0,,,1.0501675476932033,0.0,0.0
Ubiratã,PR,2024,12 - Outros:,12.1 - Embalagens/Utensílios,0.0,0.0,0.0,6000.0,0.0,,,1.0501675476932033,0.0,0.0
Ubiratã,PR,2024,12 - Outros:,12.2 - Análise de Solo,0.0,0.0,0.0,6000.0,0.0,,,1.0501675476932033,0.0,0.0
Ubiratã,PR,2024,12 - Outros:,12.3 - Demais Despesas,0.0,0.0,0.0,6000.0,0.0,,,1.0501675476932033,0.0,0.0
Ubiratã,PR,2024,12 - Outros:,13 - Serviços Diversos,0.0,0.0,0.0,6000.0,0.0,,,1.0501675476932033,0.0,0.0
Ubiratã,PR,2024,12 - Outros:,TOTAL DAS DESPESAS DE CUSTEIO (A),3877.36,38.7736,80.31,6000.0,44.37,Total Despesas de Custeio (A),,1.0501675476932033,4071.877642723719,40.71877642723719
Ubiratã,PR,2024,II - OUTRAS DESPESAS,14 - Transporte Externo,303.0,3.03,6.28,6000.0,3.47,,Transporte,1.0501675476932033,318.2007669510406,3.182007669510406
Ubiratã,PR,2024,II - OUTRAS DESPESAS,15 - Despesas Administrativas,116.32,1.1632,2.41,6000.0,1.33,,Administração,1.0501675476932033,122.1554891476734,1.221554891476734
Ubiratã,PR,2024,II - OUTRAS DESPESAS,16 - Despesas de armazenagem,0.0,0.0,0.0,6000.0,0.0,,,1.0501675476932033,0.0,0.0
Ubiratã,PR,2024,II - OUTRAS DESPESAS,17 - Beneficiamento,0.0,0.0,0.0,6000.0,0.0,,,1.0501675476932033,0.0,0.0
Ubiratã,PR,2024,II - OUTRAS DESPESAS,18 - Seguro da Produção,193.87,1.9387,4.02,6000.0,2.22,,Seguro,1.0501675476932033,203.59598247128133,2.0359598247128132
Ubiratã,PR,2024,II - OUTRAS DESPESAS,19 - Seguro do crédito,0.0,0.0,0.0,6000.0,0.0,,Seguro,1.0501675476932033,0.0,0.0
Ubiratã,PR,2024,II - OUTRAS DESPESAS,20 - Assistência Técnica,38.77,0.3877,0.8,6000.0,0.44,,,1.0501675476932033,40.7149958240655,0.4071499582406549
Ubiratã,PR,2024,II - OUTRAS DESPESAS,21 - Classificação,0.0,0.0,0.0,6000.0,0.0,,,1.0501675476932033,0.0,0.0
Ubiratã,PR,2024,II - OUTRAS DESPESAS,22 - Outros,0.0,0.0,0.0,6000.0,0.0,,,1.0501675476932033,0.0,0.0
Ubiratã,PR,2024,II - OUTRAS DESPESAS,23 - CESSR,70.05,0.7005,1.45,6000.0,0.8,,,1.0501675476932033,73.56423671590889,0.7356423671590889
Ubiratã,PR,2024,II - OUTRAS DESPESAS,TOTAL DAS OUTRAS DESPESAS (B),722.01,7.2201,14.96,6000.0,8.26,Total Outras Despesas (B),,1.0501675476932033,758.2314711099697,7.582314711099698
Ubiratã,PR,2024,III - DESPESAS FINANCEIRAS,24 - Juros do Financiamento,228.77,2.2877,4.74,6000.0,2.62,,Juros/Financiamento,1.0501675476932033,240.24682988577413,2.4024682988577415
Ubiratã,PR,2024,III - DESPESAS FINANCEIRAS,TOTAL DAS DESPESAS FINANCEIRAS (C),228.77,2.2877,4.74,6000.0,2.62,Total Despesas Financeiras (C),,1.0501675476932033,240.24682988577413,2.4024682988577415
Ubiratã,PR,2024,III - DESPESAS FINANCEIRAS,CUSTO VARIÁVEL (A+B+C=D),4828.14,48.2814,100.01,6000.0,55.25,Custo Variável (D),,1.0501675476932033,5070.355943719463,50.70355943719463
Ubiratã,PR,2024,IV - DEPRECIAÇÕES,25 - Depreciação de benfeitorias/instalações,14.26,0.14264,0.3,6000.0,0.16,,Máquinas/Depreciação,1.0501675476932033,14.97538923010508,0.1497958990029585
Ubiratã,PR,2024,IV - DEPRECIAÇÕES,26 - Depreciação de implementos,241.38,2.4138,5.0,6000.0,2.76,,Máquinas/Depreciação,1.0501675476932033,253.4894426621854,2.5348944266218543
Ubiratã,PR,2024,IV - DEPRECIAÇÕES,27 - Depreciação de Máquinas,194.48,1.94482,4.03,6000.0,2.23,,Máquinas/Depreciação,1.0501675476932033,204.23658467537416,2.0423868501046956
Ubiratã,PR,2024,IV - DEPRECIAÇÕES,TOTAL DE DEPRECIAÇÕES (E),450.12,4.50126,9.33,6000.0,5.15,Total Depreciações (E),Máquinas/Depreciação,1.0501675476932033,472.7014165676647,4.727077175729509
Ubiratã,PR,2024,V - OUTROS CUSTOS FIXOS,28 - Manutenção Periódica Benfeitorias/Instalações,169.4,1.69404,3.51,6000.0,1.94,,,1.0501675476932033,177.89838257922864,1.779025832494194
Ubiratã,PR,2024,V - OUTROS CUSTOS FIXOS,29 - Encargos Sociais,185.95,1.85952,3.85,6000.0,2.13,,,1.0501675476932033,195.27865549355116,1.9528075582864655
Ubiratã,PR,2024,V - OUTROS CUSTOS FIXOS,30 - Seguro do capital fixo,26.92,0.26918,0.56,6000.0,0.31,,Seguro,1.0501675476932033,28.270510383901033,0.2826841004880564
Ubiratã,PR,2024,V - OUTROS CUSTOS FIXOS,31 - Arrendamento,371.76,3.7176,7.7,6000.0,4.25,,Arrendamento,1.0501675476932033,390.41028753042525,3.9041028753042526
Ubiratã,PR,2024,V - OUTROS CUSTOS FIXOS,TOTAL DE OUTROS CUSTOS FIXOS (F),754.0299999999999,7.54034,15.62,6000.0,8.63,Total Outros Custos Fixos (F),,1.0501675476932033,791.8578359871059,7.918620366572968
Ubiratã,PR,2024,V - OUTROS CUSTOS FIXOS,CUSTO FIXO (E+F=G),1204.15,12.0416,24.95,6000.0,13.78,Custo Fixo (G),,1.0501675476932033,1264.5592525547709,12.645697542302477
Ubiratã,PR,2024,V - OUTROS CUSTOS FIXOS,CUSTO OPERACIONAL (D+G=H),6032.29,60.323,124.96,6000.0,69.03,Custo Operacional (H),,1.0501675476932033,6334.9151962742335,63.349256979497106
Ubiratã,PR,2024,VI - RENDA DE FATORES,32 - Remuneração esperada sobre o capital fixo,272.77,2.72765,5.65,6000.0,3.12,,,1.0501675476932033,286.4542019842751,2.8644895114653663
Ubiratã,PR,2024,VI - RENDA DE FATORES,33 - Terra Própria,2433.52,24.3352,50.4,6000.0,27.85,,Terra,1.0501675476932033,2555.603730662364,25.55603730662364
Ubiratã,PR,2024,VI - RENDA DE FATORES,TOTAL DE RENDA DE FATORES (F),2706.29,27.06285,56.05,6000.0,30.97,Total Renda de Fatores (I),,1.0501675476932033,2842.057932646639,28.42052681808901
Ubiratã,PR,2024,VI - RENDA DE FATORES,CUSTO TOTAL (H+I=J),8738.58,87.38585,181.01,6000.0,100.0,Custo Total (J),,1.0501675476932033,9176.973128920872,91.76978379758611
Ubiratã,PR,2025,I - DESPESAS DO CUSTEIO,1 - Operação com animal,0.0,0.0,0.0,6000.0,0.0,,,1.0,0.0,0.0
Ubiratã,PR,2025,I - DESPESAS DO CUSTEIO,2 - Operação com Avião,0.0,0.0,0.0,6000.0,0.0,,,1.0,0.0,0.0
Ubiratã,PR,2025,3 - Operação com máquinas:,3.1 - Tratores e Colheitadeiras,403.56,3.9675,8.32,6000.0,4.62,,,1.0,403.56,3.9675
Ubiratã,PR,2025,3 - Operação com máquinas:,3.2 - Conjunto de Irrigação,0.0,0.0,0.0,6000.0,0.0,,,1.0,0.0,0.0
Ubiratã,PR,2025,3 - Operação com máquinas:,4 - Aluguel de Máquinas,0.0,0.0,0.0,6000.0,0.0,,Máquinas/Depreciação,1.0,0.0,0.0
Ubiratã,PR,2025,3 - Operação com máquinas:,5 - Aluguel de Animais,0.0,0.0,0.0,6000.0,0.0,,,1.0,0.0,0.0
Ubiratã,PR,2025,3 - Operação com máquinas:,6 - Mão de obra,0.0,0.0,0.0,6000.0,0.0,,Mão de obra,1.0,0.0,0.0
Ubiratã,PR,2025,3 - Operação com máquinas:,7 - Administrador,427.12,4.2712,8.81,6000.0,4.89,,Administração,1.0,427.12,4.2712
Ubiratã,PR,2025,3 - Operação com máquinas:,8 - Sementes e mudas,983.87,9.8387,20.29,6000.0,11.26,,Sementes,1.0,983.87,9.8387
Ubiratã,PR,2025,3 - Operação com máquinas:,9 - Fertilizantes,1227.9,12.279,25.32,6000.0,14.05,,Fertilizantes,1.0,1227.9,12.279
Ubiratã,PR,2025,3 - Operação com máquinas:,10 - Agrotóxicos,809.51,8.0951,16.69,6000.0,9.27,,Defensivos/Agrotóxicos,1.0,809.51,8.0951
Ubiratã,PR,2025,3 - Operação com máquinas:,11 - Receita,0.0,0.0,0.0,6000.0,0.0,,,1.0,0.0,0.0
Ubiratã,PR,2025,12 - Outros:,12.1 - Embalagens/Utensílios,0.0,0.0,0.0,6000.0,0.0,,,1.0,0.0,0.0
Ubiratã,PR,2025,12 - Outros:,12.2 - Análise de Solo,0.0,0.0,0.0,6000.0,0.0,,,1.0,0.0,0.0
Ubiratã,PR,2025,12 - Outros:,12.3 - Demais Despesas,0.0,0.0,0.0,6000.0,0.0,,,1.0,0.0,0.0
Ubiratã,PR,2025,12 - Outros:,13 - Serviços Diversos,0.0,0.0,0.0,6000.0,0.0,,,1.0,0.0,0.0
Ubiratã,PR,2025,12 - Outros:,TOTAL DAS DESPESAS DE CUSTEIO (A),3851.96,38.4515,79.43,6000.0,44.09,Total Despesas de Custeio (A),,1.0,3851.96,38.4515
Ubiratã,PR,2025,II - OUTRAS DESPESAS,14 - Transporte Externo,303.0,3.03,6.25,6000.0,3.47,,Transporte,1.0,303.0,3.03
Ubiratã,PR,2025,II - OUTRAS DESPESAS,15 - Despesas Administrativas,115.35,1.1535,2.38,6000.0,1.32,,Administração,1.0,115.35,1.1535
Ubiratã,PR,2025,II - OUTRAS DESPESAS,16 - Despesas de armazenagem,0.0,0.0,0.0,6000.0,0.0,,,1.0,0.0,0.0
Ubiratã,PR,2025,II - OUTRAS DESPESAS,17 - Beneficiamento,0.0,0.0,0.0,6000.0,0.0,,,1.0,0.0,0.0
Ubiratã,PR,2025,II - OUTRAS DESPESAS,18 - Seguro da Produção,192.26,1.9226,3.96,6000.0,2.2,,Seguro,1.0,192.26,1.9226
Ubiratã,PR,2025,II - OUTRAS DESPESAS,19 - Seguro do crédito,0.0,0.0,0.0,6000.0,0.0,,Seguro,1.0,0.0,0.0
Ubiratã,PR,2025,II - OUTRAS DESPESAS,20 - Assistência Técnica,38.45,0.3845,0.79,6000.0,0.44,,,1.0,38.45,0.3845
Ubiratã,PR,2025,II - OUTRAS DESPESAS,21 - Classificação,0.0,0.0,0.0,6000.0,0.0,,,1.0,0.0,0.0
Ubiratã,PR,2025,II - OUTRAS DESPESAS,22 - Outros,0.0,0.0,0.0,6000.0,0.0,,,1.0,0.0,0.0
Ubiratã,PR,2025,II - OUTRAS DESPESAS,23 - CESSR,103.43,1.0343,2.13,6000.0,1.18,,,1.0,103.43,1.0343
Ubiratã,PR,2025,II - OUTRAS DESPESAS,TOTAL DAS OUTRAS DESPESAS (B),752.49,7.5249,15.51,6000.0,8.61,Total Outras Despesas (B),,1.0,752.49,7.5249
Ubiratã,PR,2025,III - DESPESAS FINANCEIRAS,24 - Juros do Financiamento,244.7,2.447,5.05,6000.0,2.8,,Juros/Financiamento,1.0,244.7,2.447
Ubiratã,PR,2025,III - DESPESAS FINANCEIRAS,TOTAL DAS DESPESAS FINANCEIRAS (C),244.7,2.447,5.05,6000.0,2.8,Total Despesas Financeiras (C),,1.0,244.7,2.447
Ubiratã,PR,2025,III - DESPESAS FINANCEIRAS,CUSTO VARIÁVEL (A+B+C=D),4849.15,48.4234,99.99,6000.0,55.5,Custo Variável (D),,1.0,4849.15,48.4234
Ubiratã,PR,2025,IV - DEPRECIAÇÕES,25 - Depreciação de benfeitorias/instalações,12.74,0.12743,0.26,6000.0,0.15,,Máquinas/Depreciação,1.0,12.74,0.12743
Ubiratã,PR,2025,IV - DEPRECIAÇÕES,26 - Depreciação de implementos,258.29,2.58291,5.33,6000.0,2.96,,Máquinas/Depreciação,1.0,258.29,2.58291
Ubiratã,PR,2025,IV - DEPRECIAÇÕES,27 - Depreciação de Máquinas,214.59,2.14592,4.43,6000.0,2.46,,Máquinas/Depreciação,1.0,214.59,2.14592
Ubiratã,PR,2025,IV - DEPRECIAÇÕES,TOTAL DE DEPRECIAÇÕES (E),485.62,4.85626,10.02,6000.0,5.57,Total Depreciações (E),Máquinas/Depreciação,1.0,485.62,4.85626
Ubiratã,PR,2025,V - OUTROS CUSTOS FIXOS,28 - Manutenção Periódica Benfeitorias/Instalações,174.09,1.74087,3.59,6000.0,1.99,,,1.0,174.09,1.74087
Ubiratã,PR,2025,V - OUTROS CUSTOS FIXOS,29 - Encargos Sociais,194.72,1.94724,4.02,6000.0,2.23,,,1.0,194.72,1.94724
Ubiratã,PR,2025,V - OUTROS CUSTOS FIXOS,30 - Seguro do capital fixo,29.21,0.29215,0.6,6000.0,0.33,,Seguro,1.0,29.21,0.29215
Ubiratã,PR,2025,V - OUTROS CUSTOS FIXOS,31 - Arrendamento,371.76,3.7176,7.67,6000.0,4.25,,Arrendamento,1.0,371.76,3.7176
Ubiratã,PR,2025,V - OUTROS CUSTOS FIXOS,TOTAL DE OUTROS CUSTOS FIXOS (F),769.78,7.69786,15.88,6000.0,8.8,Total Outros Custos Fixos (F),,1.0,769.78,7.69786
Ubiratã,PR,2025,V - OUTROS CUSTOS FIXOS,CUSTO FIXO (E+F=G),1255.4,12.55412,25.9,6000.0,14.37,Custo Fixo (G),,1.0,1255.4,12.55412
Ubiratã,PR,2025,V - OUTROS CUSTOS FIXOS,CUSTO OPERACIONAL (D+G=H),6104.549999999999,60.97752,125.89,6000.0,69.87,Custo Operacional (H),,1.0,6104.549999999999,60.97752
Ubiratã,PR,2025,VI - RENDA DE FATORES,32 - Remuneração esperada sobre o capital fixo,285.53,2.85528,5.89,6000.0,3.27,,,1.0,285.53,2.85528
Ubiratã,PR,2025,VI - RENDA DE FATORES,33 - Terra Própria,2347.07,23.47066,48.4,6000.0,26.86,,Terra,1.0,2347.07,23.47066
Ubiratã,PR,2025,VI - RENDA DE FATORES,TOTAL DE RENDA DE FATORES (F),2632.6000000000004,26.32594,54.29,6000.0,30.13,Total Renda de Fatores (I),,1.0,2632.6000000000004,26.32594
Ubiratã,PR,2025,VI - RENDA DE FATORES,CUSTO TOTAL (H+I=J),8737.15,87.30346,180.18,6000.0,100.0,Custo Total (J),,1.0,8737.15,87.30346
