,Year,PlantingDate,YieldFresh_ton_ha,Municipio,WP,HI0,CCx,CGC,CDC
0,2015,03/25,11.043.792.167.284.500,Cascavel,30.0,0.45,0.9,12,6
1,2016,03/25,6.035.510.186.245.170,Cascavel,30.0,0.45,0.9,12,6
2,2017,03/25,10.394.904.084.727.100,Cascavel,30.0,0.45,0.9,12,6
3,2018,03/25,10.085.511.645.216.200,Cascavel,30.0,0.45,0.9,12,6
4,2019,03/25,11.099.595.274.656.100,Cascavel,30.0,0.45,0.9,12,6
5,2020,03/25,1.021.590.921.322.710,Cascavel,30.0,0.45,0.9,12,6
6,2021,03/25,10.296.740.193.618.300,Cascavel,30.0,0.45,0.9,12,6
7,2022,03/25,9.608.961.772.003.840,Cascavel,30.0,0.45,0.9,12,6
8,2023,03/25,10.859.614.882.404.100,Cascavel,30.0,0.45,0.9,12,6
9,2024,03/25,1.114.165.933.877.990,Cascavel,30.0,0.45,0.9,12,6
10,2015,03/25,11.924.693.055.374.100,Foz do Iguaçu,30.0,0.45,0.9,12,6
11,2016,03/25,9.457.243.789.433.190,Foz do Iguaçu,30.0,0.45,0.9,12,6
12,2017,03/25,11.556.126.708.365.600,Foz do Iguaçu,30.0,0.45,0.9,12,6
13,2018,03/25,1.099.605.100.849.260,Foz do Iguaçu,30.0,0.45,0.9,12,6
14,2019,03/25,11.842.706.691.702.300,Foz do Iguaçu,30.0,0.45,0.9,12,6
15,2020,03/25,10.806.428.161.141.400,Foz do Iguaçu,30.0,0.45,0.9,12,6
16,2021,03/25,1.131.190.380.940.770,Foz do Iguaçu,30.0,0.45,0.9,12,6
17,2022,03/25,10.539.180.848.864.600,Foz do Iguaçu,30.0,0.45,0.9,12,6
18,2023,03/25,12.094.790.117.358.700,Foz do Iguaçu,30.0,0.45,0.9,12,6
19,2024,03/25,108.493.645.991.122,Foz do Iguaçu,30.0,0.45,0.9,12,6
20,2015,03/25,12.326.045.307.853.300,Guaíra,30.0,0.45,0.9,12,6
21,2016,03/25,100.935.775.033.756,Guaíra,30.0,0.45,0.9,12,6
22,2017,03/25,1.177.090.042.148.780,Guaíra,30.0,0.45,0.9,12,6
23,2018,03/25,11.726.274.383.503.500,Guaíra,30.0,0.45,0.9,12,6
24,2019,03/25,12.282.973.875.340.900,Guaíra,30.0,0.45,0.9,12,6
25,2020,03/25,11.978.358.543.012.300,Guaíra,30.0,0.45,0.9,12,6
26,2021,03/25,1.153.566.792.170.560,Guaíra,30.0,0.45,0.9,12,6
27,2022,03/25,11.127.674.379.012.500,Guaíra,30.0,0.45,0.9,12,6
28,2023,03/25,12.182.452.337.923.000,Guaíra,30.0,0.45,0.9,12,6
29,2024,03/25,12.275.563.953.753.600,Guaíra,30.0,0.45,0.9,12,6
30,2015,03/25,123.358.395.422.145,Marechal Cândido Rondon,30.0,0.45,0.9,12,6
31,2016,03/25,1.017.386.211.437.150,Marechal Cândido Rondon,30.0,0.45,0.9,12,6
32,2017,03/25,11.872.845.444.389.600,Marechal Cândido Rondon,30.0,0.45,0.9,12,6
33,2018,03/25,11.776.904.838.977.100,Marechal Cândido Rondon,30.0,0.45,0.9,12,6
34,2019,03/25,12.280.370.935.145.900,Marechal Cândido Rondon,30.0,0.45,0.9,12,6
35,2020,03/25,11.870.362.814.919.500,Marechal Cândido Rondon,30.0,0.45,0.9,12,6
36,2021,03/25,11.783.984.504.584.900,Marechal Cândido Rondon,30.0,0.45,0.9,12,6
37,2022,03/25,11.165.448.059.322.500,Marechal Cândido Rondon,30.0,0.45,0.9,12,6
38,2023,03/25,12.312.654.401.543.800,Marechal Cândido Rondon,30.0,0.45,0.9,12,6
39,2024,03/25,1.197.642.692.869.620,Marechal Cândido Rondon,30.0,0.45,0.9,12,6
40,2015,03/25,1.142.739.763.313.440,Matelândia,30.0,0.45,0.9,12,6
41,2016,03/25,6.856.680.392.996.810,Matelândia,30.0,0.45,0.9,12,6
42,2017,03/25,11.100.514.387.912.200,Matelândia,30.0,0.45,0.9,12,6
43,2018,03/25,10.445.850.641.801.700,Matelândia,30.0,0.45,0.9,12,6
44,2019,03/25,11.462.496.430.523.500,Matelândia,30.0,0.45,0.9,12,6
45,2020,03/25,10.455.093.124.924.700,Matelândia,30.0,0.45,0.9,12,6
46,2021,03/25,10.986.990.085.708.600,Matelândia,30.0,0.45,0.9,12,6
47,2022,03/25,10.075.722.127.390.900,Matelândia,30.0,0.45,0.9,12,6
48,2023,03/25,11.631.023.188.109.200,Matelândia,30.0,0.45,0.9,12,6
49,2024,03/25,10.858.348.644.403.400,Matelândia,30.0,0.45,0.9,12,6
50,2015,03/25,11.924.693.055.374.100,Medianeira,30.0,0.45,0.9,12,6
51,2016,03/25,9.456.865.663.232.830,Medianeira,30.0,0.45,0.9,12,6
52,2017,03/25,11.556.090.931.681.600,Medianeira,30.0,0.45,0.9,12,6
53,2018,03/25,10.995.781.313.552.600,Medianeira,30.0,0.45,0.9,12,6
54,2019,03/25,1.184.267.232.522.310,Medianeira,30.0,0.45,0.9,12,6
55,2020,03/25,10.806.174.061.505.300,Medianeira,30.0,0.45,0.9,12,6
56,2021,03/25,1.131.110.092.356.690,Medianeira,30.0,0.45,0.9,12,6
57,2022,03/25,10.539.180.848.864.600,Medianeira,30.0,0.45,0.9,12,6
58,2023,03/25,12.094.423.808.074.000,Medianeira,30.0,0.45,0.9,12,6
59,2024,03/25,10.849.260.583.202.200,Medianeira,30.0,0.45,0.9,12,6
60,2015,03/25,1.229.807.856.957.910,Santa Helena,30.0,0.45,0.9,12,6
61,2016,03/25,10.138.385.498.582.900,Santa Helena,30.0,0.45,0.9,12,6
62,2017,03/25,118.642.274.020.336,Santa Helena,30.0,0.45,0.9,12,6
63,2018,03/25,1.153.581.280.684.690,Santa Helena,30.0,0.45,0.9,12,6
64,2019,03/25,12.135.653.310.542.200,Santa Helena,30.0,0.45,0.9,12,6
65,2020,03/25,11.571.115.356.177.200,Santa Helena,30.0,0.45,0.9,12,6
66,2021,03/25,1.165.949.327.506.620,Santa Helena,30.0,0.45,0.9,12,6
67,2022,03/25,11.130.264.580.049.600,Santa Helena,30.0,0.45,0.9,12,6
68,2023,03/25,12.363.857.428.973.800,Santa Helena,30.0,0.45,0.9,12,6
69,2024,03/25,11.506.033.510.658.300,Santa Helena,30.0,0.45,0.9,12,6
70,2015,03/25,11.924.693.055.374.100,São Miguel do Iguaçu,30.0,0.45,0.9,12,6
71,2016,03/25,9.457.171.560.642.620,São Miguel do Iguaçu,30.0,0.45,0.9,12,6
72,2017,03/25,11.556.114.571.526.300,São Miguel do Iguaçu,30.0,0.45,0.9,12,6
73,2018,03/25,10.996.005.087.739.600,São Miguel do Iguaçu,30.0,0.45,0.9,12,6
74,2019,03/25,11.842.703.607.032.400,São Miguel do Iguaçu,30.0,0.45,0.9,12,6
75,2020,03/25,10.806.390.078.504.100,São Miguel do Iguaçu,30.0,0.45,0.9,12,6
76,2021,03/25,1.131.179.783.224.060,São Miguel do Iguaçu,30.0,0.45,0.9,12,6
77,2022,03/25,10.539.180.848.864.600,São Miguel do Iguaçu,30.0,0.45,0.9,12,6
78,2023,03/25,12.094.762.245.340.900,São Miguel do Iguaçu,30.0,0.45,0.9,12,6
79,2024,03/25,10.849.339.773.123.000,São Miguel do Iguaçu,30.0,0.45,0.9,12,6
80,2015,03/25,1.110.459.381.602.900,São Pedro do Iguaçu,30.0,0.45,0.9,12,6
81,2016,03/25,56.062.070.706.927.900,São Pedro do Iguaçu,30.0,0.45,0.9,12,6
82,2017,03/25,1.071.015.485.936.360,São Pedro do Iguaçu,30.0,0.45,0.9,12,6
83,2018,03/25,10.383.384.018.724.100,São Pedro do Iguaçu,30.0,0.45,0.9,12,6
84,2019,03/25,11.251.673.910.929.700,São Pedro do Iguaçu,30.0,0.45,0.9,12,6
85,2020,03/25,10.376.410.714.169.500,São Pedro do Iguaçu,30.0,0.45,0.9,12,6
86,2021,03/25,10.746.960.061.970.200,São Pedro do Iguaçu,30.0,0.45,0.9,12,6
87,2022,03/25,9.722.657.636.932.750,São Pedro do Iguaçu,30.0,0.45,0.9,12,6
88,2023,03/25,11.401.722.923.227.400,São Pedro do Iguaçu,30.0,0.45,0.9,12,6
89,2024,03/25,10.910.457.058.515.700,São Pedro do Iguaçu,30.0,0.45,0.9,12,6
90,2015,03/25,11.695.619.969.952.500,Toledo,30.0,0.45,0.9,12,6
91,2016,03/25,8.144.278.808.944.180,Toledo,30.0,0.45,0.9,12,6
92,2017,03/25,11.138.593.889.158.200,Toledo,30.0,0.45,0.9,12,6
93,2018,03/25,11.192.994.195.391.800,Toledo,30.0,0.45,0.9,12,6
94,2019,03/25,11.765.422.839.367.500,Toledo,30.0,0.45,0.9,12,6
95,2020,03/25,11.354.961.154.818.200,Toledo,30.0,0.45,0.9,12,6
96,2021,03/25,11.200.808.393.339.600,Toledo,30.0,0.45,0.9,12,6
97,2022,03/25,10.305.825.986.329.800,Toledo,30.0,0.45,0.9,12,6
98,2023,03/25,11.814.807.740.830.900,Toledo,30.0,0.45,0.9,12,6
99,2024,03/25,11.819.264.846.607.800,Toledo,30.0,0.45,0.9,12,6
100,2015,03/25,11.043.792.167.284.500,Cascavel,30.0,0.45,0.9,12,7
101,2016,03/25,6.035.510.186.245.170,Cascavel,30.0,0.45,0.9,12,7
102,2017,03/25,10.394.904.084.727.100,Cascavel,30.0,0.45,0.9,12,7
103,2018,03/25,10.085.511.645.216.200,Cascavel,30.0,0.45,0.9,12,7
104,2019,03/25,11.099.595.274.656.100,Cascavel,30.0,0.45,0.9,12,7
105,2020,03/25,1.021.590.921.322.710,Cascavel,30.0,0.45,0.9,12,7
106,2021,03/25,10.296.740.193.618.300,Cascavel,30.0,0.45,0.9,12,7
107,2022,03/25,9.608.961.772.003.840,Cascavel,30.0,0.45,0.9,12,7
108,2023,03/25,10.859.614.882.404.100,Cascavel,30.0,0.45,0.9,12,7
109,2024,03/25,1.114.165.933.877.990,Cascavel,30.0,0.45,0.9,12,7
110,2015,03/25,11.924.693.055.374.100,Foz do Iguaçu,30.0,0.45,0.9,12,7
111,2016,03/25,9.457.243.789.433.190,Foz do Iguaçu,30.0,0.45,0.9,12,7
112,2017,03/25,11.556.126.708.365.600,Foz do Iguaçu,30.0,0.45,0.9,12,7
113,2018,03/25,1.099.605.100.849.260,Foz do Iguaçu,30.0,0.45,0.9,12,7
114,2019,03/25,11.842.706.691.702.300,Foz do Iguaçu,30.0,0.45,0.9,12,7
115,2020,03/25,10.806.428.161.141.400,Foz do Iguaçu,30.0,0.45,0.9,12,7
116,2021,03/25,1.131.190.380.940.770,Foz do Iguaçu,30.0,0.45,0.9,12,7
117,2022,03/25,10.539.180.848.864.600,Foz do Iguaçu,30.0,0.45,0.9,12,7
118,2023,03/25,12.094.790.117.358.700,Foz do Iguaçu,30.0,0.45,0.9,12,7
119,2024,03/25,108.493.645.991.122,Foz do Iguaçu,30.0,0.45,0.9,12,7
120,2015,03/25,12.326.045.307.853.300,Guaíra,30.0,0.45,0.9,12,7
121,2016,03/25,100.935.775.033.756,Guaíra,30.0,0.45,0.9,12,7
122,2017,03/25,1.177.090.042.148.780,Guaíra,30.0,0.45,0.9,12,7
123,2018,03/25,11.726.274.383.503.500,Guaíra,30.0,0.45,0.9,12,7
124,2019,03/25,12.282.973.875.340.900,Guaíra,30.0,0.45,0.9,12,7
125,2020,03/25,11.978.358.543.012.300,Guaíra,30.0,0.45,0.9,12,7
126,2021,03/25,1.153.566.792.170.560,Guaíra,30.0,0.45,0.9,12,7
127,2022,03/25,11.127.674.379.012.500,Guaíra,30.0,0.45,0.9,12,7
128,2023,03/25,12.182.452.337.923.000,Guaíra,30.0,0.45,0.9,12,7
129,2024,03/25,12.275.563.953.753.600,Guaíra,30.0,0.45,0.9,12,7
130,2015,03/25,123.358.395.422.145,Marechal Cândido Rondon,30.0,0.45,0.9,12,7
131,2016,03/25,1.017.386.211.437.150,Marechal Cândido Rondon,30.0,0.45,0.9,12,7
132,2017,03/25,11.872.845.444.389.600,Marechal Cândido Rondon,30.0,0.45,0.9,12,7
133,2018,03/25,11.776.904.838.977.100,Marechal Cândido Rondon,30.0,0.45,0.9,12,7
134,2019,03/25,12.280.370.935.145.900,Marechal Cândido Rondon,30.0,0.45,0.9,12,7
135,2020,03/25,11.870.362.814.919.500,Marechal Cândido Rondon,30.0,0.45,0.9,12,7
136,2021,03/25,11.783.984.504.584.900,Marechal Cândido Rondon,30.0,0.45,0.9,12,7
137,2022,03/25,11.165.448.059.322.500,Marechal Cândido Rondon,30.0,0.45,0.9,12,7
138,2023,03/25,12.312.654.401.543.800,Marechal Cândido Rondon,30.0,0.45,0.9,12,7
139,2024,03/25,1.197.642.692.869.620,Marechal Cândido Rondon,30.0,0.45,0.9,12,7
140,2015,03/25,1.142.739.763.313.440,Matelândia,30.0,0.45,0.9,12,7
141,2016,03/25,6.856.680.392.996.810,Matelândia,30.0,0.45,0.9,12,7
142,2017,03/25,11.100.514.387.912.200,Matelândia,30.0,0.45,0.9,12,7
143,2018,03/25,10.445.850.641.801.700,Matelândia,30.0,0.45,0.9,12,7
144,2019,03/25,11.462.496.430.523.500,Matelândia,30.0,0.45,0.9,12,7
145,2020,03/25,10.455.093.124.924.700,Matelândia,30.0,0.45,0.9,12,7
146,2021,03/25,10.986.990.085.708.600,Matelândia,30.0,0.45,0.9,12,7
147,2022,03/25,10.075.722.127.390.900,Matelândia,30.0,0.45,0.9,12,7
148,2023,03/25,11.631.023.188.109.200,Matelândia,30.0,0.45,0.9,12,7
149,2024,03/25,10.858.348.644.403.400,Matelândia,30.0,0.45,0.9,12,7
150,2015,03/25,11.924.693.055.374.100,Medianeira,30.0,0.45,0.9,12,7
151,2016,03/25,9.456.865.663.232.830,Medianeira,30.0,0.45,0.9,12,7
152,2017,03/25,11.556.090.931.681.600,Medianeira,30.0,0.45,0.9,12,7
153,2018,03/25,10.995.781.313.552.600,Medianeira,30.0,0.45,0.9,12,7
154,2019,03/25,1.184.267.232.522.310,Medianeira,30.0,0.45,0.9,12,7
155,2020,03/25,10.806.174.061.505.300,Medianeira,30.0,0.45,0.9,12,7
156,2021,03/25,1.131.110.092.356.690,Medianeira,30.0,0.45,0.9,12,7
157,2022,03/25,10.539.180.848.864.600,Medianeira,30.0,0.45,0.9,12,7
158,2023,03/25,12.094.423.808.074.000,Medianeira,30.0,0.45,0.9,12,7
159,2024,03/25,10.849.260.583.202.200,Medianeira,30.0,0.45,0.9,12,7
160,2015,03/25,1.229.807.856.957.910,Santa Helena,30.0,0.45,0.9,12,7
161,2016,03/25,10.138.385.498.582.900,Santa Helena,30.0,0.45,0.9,12,7
162,2017,03/25,118.642.274.020.336,Santa Helena,30.0,0.45,0.9,12,7
163,2018,03/25,1.153.581.280.684.690,Santa Helena,30.0,0.45,0.9,12,7
164,2019,03/25,12.135.653.310.542.200,Santa Helena,30.0,0.45,0.9,12,7
165,2020,03/25,11.571.115.356.177.200,Santa Helena,30.0,0.45,0.9,12,7
166,2021,03/25,1.165.949.327.506.620,Santa Helena,30.0,0.45,0.9,12,7
167,2022,03/25,11.130.264.580.049.600,Santa Helena,30.0,0.45,0.9,12,7
168,2023,03/25,12.363.857.428.973.800,Santa Helena,30.0,0.45,0.9,12,7
169,2024,03/25,11.506.033.510.658.300,Santa Helena,30.0,0.45,0.9,12,7
170,2015,03/25,11.924.693.055.374.100,São Miguel do Iguaçu,30.0,0.45,0.9,12,7
171,2016,03/25,9.457.171.560.642.620,São Miguel do Iguaçu,30.0,0.45,0.9,12,7
172,2017,03/25,11.556.114.571.526.300,São Miguel do Iguaçu,30.0,0.45,0.9,12,7
173,2018,03/25,10.996.005.087.739.600,São Miguel do Iguaçu,30.0,0.45,0.9,12,7
174,2019,03/25,11.842.703.607.032.400,São Miguel do Iguaçu,30.0,0.45,0.9,12,7
175,2020,03/25,10.806.390.078.504.100,São Miguel do Iguaçu,30.0,0.45,0.9,12,7
176,2021,03/25,1.131.179.783.224.060,São Miguel do Iguaçu,30.0,0.45,0.9,12,7
177,2022,03/25,10.539.180.848.864.600,São Miguel do Iguaçu,30.0,0.45,0.9,12,7
178,2023,03/25,12.094.762.245.340.900,São Miguel do Iguaçu,30.0,0.45,0.9,12,7
179,2024,03/25,10.849.339.773.123.000,São Miguel do Iguaçu,30.0,0.45,0.9,12,7
180,2015,03/25,1.110.459.381.602.900,São Pedro do Iguaçu,30.0,0.45,0.9,12,7
181,2016,03/25,56.062.070.706.927.900,São Pedro do Iguaçu,30.0,0.45,0.9,12,7
182,2017,03/25,1.071.015.485.936.360,São Pedro do Iguaçu,30.0,0.45,0.9,12,7
183,2018,03/25,10.383.384.018.724.100,São Pedro do Iguaçu,30.0,0.45,0.9,12,7
184,2019,03/25,11.251.673.910.929.700,São Pedro do Iguaçu,30.0,0.45,0.9,12,7
185,2020,03/25,10.376.410.714.169.500,São Pedro do Iguaçu,30.0,0.45,0.9,12,7
186,2021,03/25,10.746.960.061.970.200,São Pedro do Iguaçu,30.0,0.45,0.9,12,7
187,2022,03/25,9.722.657.636.932.750,São Pedro do Iguaçu,30.0,0.45,0.9,12,7
188,2023,03/25,11.401.722.923.227.400,São Pedro do Iguaçu,30.0,0.45,0.9,12,7
189,2024,03/25,10.910.457.058.515.700,São Pedro do Iguaçu,30.0,0.45,0.9,12,7
190,2015,03/25,11.695.619.969.952.500,Toledo,30.0,0.45,0.9,12,7
191,2016,03/25,8.144.278.808.944.180,Toledo,30.0,0.45,0.9,12,7
192,2017,03/25,11.138.593.889.158.200,Toledo,30.0,0.45,0.9,12,7
193,2018,03/25,11.192.994.195.391.800,Toledo,30.0,0.45,0.9,12,7
194,2019,03/25,11.765.422.839.367.500,Toledo,30.0,0.45,0.9,12,7
195,2020,03/25,11.354.961.154.818.200,Toledo,30.0,0.45,0.9,12,7
196,2021,03/25,11.200.808.393.339.600,Toledo,30.0,0.45,0.9,12,7
197,2022,03/25,10.305.825.986.329.800,Toledo,30.0,0.45,0.9,12,7
198,2023,03/25,11.814.807.740.830.900,Toledo,30.0,0.45,0.9,12,7
199,2024,03/25,11.819.264.846.607.800,Toledo,30.0,0.45,0.9,12,7
200,2015,03/25,11.043.792.167.284.500,Cascavel,30.0,0.45,0.9,13,6
201,2016,03/25,6.035.510.186.245.170,Cascavel,30.0,0.45,0.9,13,6
202,2017,03/25,10.394.904.084.727.100,Cascavel,30.0,0.45,0.9,13,6
203,2018,03/25,10.085.511.645.216.200,Cascavel,30.0,0.45,0.9,13,6
204,2019,03/25,11.099.595.274.656.100,Cascavel,30.0,0.45,0.9,13,6
205,2020,03/25,1.021.590.921.322.710,Cascavel,30.0,0.45,0.9,13,6
206,2021,03/25,10.296.740.193.618.300,Cascavel,30.0,0.45,0.9,13,6
207,2022,03/25,9.608.961.772.003.840,Cascavel,30.0,0.45,0.9,13,6
208,2023,03/25,10.859.614.882.404.100,Cascavel,30.0,0.45,0.9,13,6
209,2024,03/25,1.114.165.933.877.990,Cascavel,30.0,0.45,0.9,13,6
210,2015,03/25,11.924.693.055.374.100,Foz do Iguaçu,30.0,0.45,0.9,13,6
211,2016,03/25,9.457.243.789.433.190,Foz do Iguaçu,30.0,0.45,0.9,13,6
212,2017,03/25,11.556.126.708.365.600,Foz do Iguaçu,30.0,0.45,0.9,13,6
213,2018,03/25,1.099.605.100.849.260,Foz do Iguaçu,30.0,0.45,0.9,13,6
214,2019,03/25,11.842.706.691.702.300,Foz do Iguaçu,30.0,0.45,0.9,13,6
215,2020,03/25,10.806.428.161.141.400,Foz do Iguaçu,30.0,0.45,0.9,13,6
216,2021,03/25,1.131.190.380.940.770,Foz do Iguaçu,30.0,0.45,0.9,13,6
217,2022,03/25,10.539.180.848.864.600,Foz do Iguaçu,30.0,0.45,0.9,13,6
218,2023,03/25,12.094.790.117.358.700,Foz do Iguaçu,30.0,0.45,0.9,13,6
219,2024,03/25,108.493.645.991.122,Foz do Iguaçu,30.0,0.45,0.9,13,6
220,2015,03/25,12.326.045.307.853.300,Guaíra,30.0,0.45,0.9,13,6
221,2016,03/25,100.935.775.033.756,Guaíra,30.0,0.45,0.9,13,6
222,2017,03/25,1.177.090.042.148.780,Guaíra,30.0,0.45,0.9,13,6
223,2018,03/25,11.726.274.383.503.500,Guaíra,30.0,0.45,0.9,13,6
224,2019,03/25,12.282.973.875.340.900,Guaíra,30.0,0.45,0.9,13,6
225,2020,03/25,11.978.358.543.012.300,Guaíra,30.0,0.45,0.9,13,6
226,2021,03/25,1.153.566.792.170.560,Guaíra,30.0,0.45,0.9,13,6
227,2022,03/25,11.127.674.379.012.500,Guaíra,30.0,0.45,0.9,13,6
228,2023,03/25,12.182.452.337.923.000,Guaíra,30.0,0.45,0.9,13,6
229,2024,03/25,12.275.563.953.753.600,Guaíra,30.0,0.45,0.9,13,6
230,2015,03/25,123.358.395.422.145,Marechal Cândido Rondon,30.0,0.45,0.9,13,6
231,2016,03/25,1.017.386.211.437.150,Marechal Cândido Rondon,30.0,0.45,0.9,13,6
232,2017,03/25,11.872.845.444.389.600,Marechal Cândido Rondon,30.0,0.45,0.9,13,6
233,2018,03/25,11.776.904.838.977.100,Marechal Cândido Rondon,30.0,0.45,0.9,13,6
234,2019,03/25,12.280.370.935.145.900,Marechal Cândido Rondon,30.0,0.45,0.9,13,6
235,2020,03/25,11.870.362.814.919.500,Marechal Cândido Rondon,30.0,0.45,0.9,13,6
236,2021,03/25,11.783.984.504.584.900,Marechal Cândido Rondon,30.0,0.45,0.9,13,6
237,2022,03/25,11.165.448.059.322.500,Marechal Cândido Rondon,30.0,0.45,0.9,13,6
238,2023,03/25,12.312.654.401.543.800,Marechal Cândido Rondon,30.0,0.45,0.9,13,6
239,2024,03/25,1.197.642.692.869.620,Marechal Cândido Rondon,30.0,0.45,0.9,13,6
240,2015,03/25,1.142.739.763.313.440,Matelândia,30.0,0.45,0.9,13,6
241,2016,03/25,6.856.680.392.996.810,Matelândia,30.0,0.45,0.9,13,6
242,2017,03/25,11.100.514.387.912.200,Matelândia,30.0,0.45,0.9,13,6
243,2018,03/25,10.445.850.641.801.700,Matelândia,30.0,0.45,0.9,13,6
244,2019,03/25,11.462.496.430.523.500,Matelândia,30.0,0.45,0.9,13,6
245,2020,03/25,10.455.093.124.924.700,Matelândia,30.0,0.45,0.9,13,6
246,2021,03/25,10.986.990.085.708.600,Matelândia,30.0,0.45,0.9,13,6
247,2022,03/25,10.075.722.127.390.900,Matelândia,30.0,0.45,0.9,13,6
248,2023,03/25,11.631.023.188.109.200,Matelândia,30.0,0.45,0.9,13,6
249,2024,03/25,10.858.348.644.403.400,Matelândia,30.0,0.45,0.9,13,6
250,2015,03/25,11.924.693.055.374.100,Medianeira,30.0,0.45,0.9,13,6
251,2016,03/25,9.456.865.663.232.830,Medianeira,30.0,0.45,0.9,13,6
252,2017,03/25,11.556.090.931.681.600,Medianeira,30.0,0.45,0.9,13,6
253,2018,03/25,10.995.781.313.552.600,Medianeira,30.0,0.45,0.9,13,6
254,2019,03/25,1.184.267.232.522.310,Medianeira,30.0,0.45,0.9,13,6
255,2020,03/25,10.806.174.061.505.300,Medianeira,30.0,0.45,0.9,13,6
256,2021,03/25,1.131.110.092.356.690,Medianeira,30.0,0.45,0.9,13,6
257,2022,03/25,10.539.180.848.864.600,Medianeira,30.0,0.45,0.9,13,6
258,2023,03/25,12.094.423.808.074.000,Medianeira,30.0,0.45,0.9,13,6
259,2024,03/25,10.849.260.583.202.200,Medianeira,30.0,0.45,0.9,13,6
260,2015,03/25,1.229.807.856.957.910,Santa Helena,30.0,0.45,0.9,13,6
261,2016,03/25,10.138.385.498.582.900,Santa Helena,30.0,0.45,0.9,13,6
262,2017,03/25,118.642.274.020.336,Santa Helena,30.0,0.45,0.9,13,6
263,2018,03/25,1.153.581.280.684.690,Santa Helena,30.0,0.45,0.9,13,6
264,2019,03/25,12.135.653.310.542.200,Santa Helena,30.0,0.45,0.9,13,6
265,2020,03/25,11.571.115.356.177.200,Santa Helena,30.0,0.45,0.9,13,6
266,2021,03/25,1.165.949.327.506.620,Santa Helena,30.0,0.45,0.9,13,6
267,2022,03/25,11.130.264.580.049.600,Santa Helena,30.0,0.45,0.9,13,6
268,2023,03/25,12.363.857.428.973.800,Santa Helena,30.0,0.45,0.9,13,6
269,2024,03/25,11.506.033.510.658.300,Santa Helena,30.0,0.45,0.9,13,6
270,2015,03/25,11.924.693.055.374.100,São Miguel do Iguaçu,30.0,0.45,0.9,13,6
271,2016,03/25,9.457.171.560.642.620,São Miguel do Iguaçu,30.0,0.45,0.9,13,6
272,2017,03/25,11.556.114.571.526.300,São Miguel do Iguaçu,30.0,0.45,0.9,13,6
273,2018,03/25,10.996.005.087.739.600,São Miguel do Iguaçu,30.0,0.45,0.9,13,6
274,2019,03/25,11.842.703.607.032.400,São Miguel do Iguaçu,30.0,0.45,0.9,13,6
275,2020,03/25,10.806.390.078.504.100,São Miguel do Iguaçu,30.0,0.45,0.9,13,6
276,2021,03/25,1.131.179.783.224.060,São Miguel do Iguaçu,30.0,0.45,0.9,13,6
277,2022,03/25,10.539.180.848.864.600,São Miguel do Iguaçu,30.0,0.45,0.9,13,6
278,2023,03/25,12.094.762.245.340.900,São Miguel do Iguaçu,30.0,0.45,0.9,13,6
279,2024,03/25,10.849.339.773.123.000,São Miguel do Iguaçu,30.0,0.45,0.9,13,6
280,2015,03/25,1.110.459.381.602.900,São Pedro do Iguaçu,30.0,0.45,0.9,13,6
281,2016,03/25,56.062.070.706.927.900,São Pedro do Iguaçu,30.0,0.45,0.9,13,6
282,2017,03/25,1.071.015.485.936.360,São Pedro do Iguaçu,30.0,0.45,0.9,13,6
283,2018,03/25,10.383.384.018.724.100,São Pedro do Iguaçu,30.0,0.45,0.9,13,6
284,2019,03/25,11.251.673.910.929.700,São Pedro do Iguaçu,30.0,0.45,0.9,13,6
285,2020,03/25,10.376.410.714.169.500,São Pedro do Iguaçu,30.0,0.45,0.9,13,6
286,2021,03/25,10.746.960.061.970.200,São Pedro do Iguaçu,30.0,0.45,0.9,13,6
287,2022,03/25,9.722.657.636.932.750,São Pedro do Iguaçu,30.0,0.45,0.9,13,6
288,2023,03/25,11.401.722.923.227.400,São Pedro do Iguaçu,30.0,0.45,0.9,13,6
289,2024,03/25,10.910.457.058.515.700,São Pedro do Iguaçu,30.0,0.45,0.9,13,6
290,2015,03/25,11.695.619.969.952.500,Toledo,30.0,0.45,0.9,13,6
291,2016,03/25,8.144.278.808.944.180,Toledo,30.0,0.45,0.9,13,6
292,2017,03/25,11.138.593.889.158.200,Toledo,30.0,0.45,0.9,13,6
293,2018,03/25,11.192.994.195.391.800,Toledo,30.0,0.45,0.9,13,6
294,2019,03/25,11.765.422.839.367.500,Toledo,30.0,0.45,0.9,13,6
295,2020,03/25,11.354.961.154.818.200,Toledo,30.0,0.45,0.9,13,6
296,2021,03/25,11.200.808.393.339.600,Toledo,30.0,0.45,0.9,13,6
297,2022,03/25,10.305.825.986.329.800,Toledo,30.0,0.45,0.9,13,6
298,2023,03/25,11.814.807.740.830.900,Toledo,30.0,0.45,0.9,13,6
299,2024,03/25,11.819.264.846.607.800,Toledo,30.0,0.45,0.9,13,6
300,2015,03/25,11.043.792.167.284.500,Cascavel,30.0,0.45,0.9,13,7
301,2016,03/25,6.035.510.186.245.170,Cascavel,30.0,0.45,0.9,13,7
302,2017,03/25,10.394.904.084.727.100,Cascavel,30.0,0.45,0.9,13,7
303,2018,03/25,10.085.511.645.216.200,Cascavel,30.0,0.45,0.9,13,7
304,2019,03/25,11.099.595.274.656.100,Cascavel,30.0,0.45,0.9,13,7
305,2020,03/25,1.021.590.921.322.710,Cascavel,30.0,0.45,0.9,13,7
306,2021,03/25,10.296.740.193.618.300,Cascavel,30.0,0.45,0.9,13,7
307,2022,03/25,9.608.961.772.003.840,Cascavel,30.0,0.45,0.9,13,7
308,2023,03/25,10.859.614.882.404.100,Cascavel,30.0,0.45,0.9,13,7
309,2024,03/25,1.114.165.933.877.990,Cascavel,30.0,0.45,0.9,13,7
310,2015,03/25,11.924.693.055.374.100,Foz do Iguaçu,30.0,0.45,0.9,13,7
311,2016,03/25,9.457.243.789.433.190,Foz do Iguaçu,30.0,0.45,0.9,13,7
312,2017,03/25,11.556.126.708.365.600,Foz do Iguaçu,30.0,0.45,0.9,13,7
313,2018,03/25,1.099.605.100.849.260,Foz do Iguaçu,30.0,0.45,0.9,13,7
314,2019,03/25,11.842.706.691.702.300,Foz do Iguaçu,30.0,0.45,0.9,13,7
315,2020,03/25,10.806.428.161.141.400,Foz do Iguaçu,30.0,0.45,0.9,13,7
316,2021,03/25,1.131.190.380.940.770,Foz do Iguaçu,30.0,0.45,0.9,13,7
317,2022,03/25,10.539.180.848.864.600,Foz do Iguaçu,30.0,0.45,0.9,13,7
318,2023,03/25,12.094.790.117.358.700,Foz do Iguaçu,30.0,0.45,0.9,13,7
319,2024,03/25,108.493.645.991.122,Foz do Iguaçu,30.0,0.45,0.9,13,7
320,2015,03/25,12.326.045.307.853.300,Guaíra,30.0,0.45,0.9,13,7
321,2016,03/25,100.935.775.033.756,Guaíra,30.0,0.45,0.9,13,7
322,2017,03/25,1.177.090.042.148.780,Guaíra,30.0,0.45,0.9,13,7
323,2018,03/25,11.726.274.383.503.500,Guaíra,30.0,0.45,0.9,13,7
324,2019,03/25,12.282.973.875.340.900,Guaíra,30.0,0.45,0.9,13,7
325,2020,03/25,11.978.358.543.012.300,Guaíra,30.0,0.45,0.9,13,7
326,2021,03/25,1.153.566.792.170.560,Guaíra,30.0,0.45,0.9,13,7
327,2022,03/25,11.127.674.379.012.500,Guaíra,30.0,0.45,0.9,13,7
328,2023,03/25,12.182.452.337.923.000,Guaíra,30.0,0.45,0.9,13,7
329,2024,03/25,12.275.563.953.753.600,Guaíra,30.0,0.45,0.9,13,7
330,2015,03/25,123.358.395.422.145,Marechal Cândido Rondon,30.0,0.45,0.9,13,7
331,2016,03/25,1.017.386.211.437.150,Marechal Cândido Rondon,30.0,0.45,0.9,13,7
332,2017,03/25,11.872.845.444.389.600,Marechal Cândido Rondon,30.0,0.45,0.9,13,7
333,2018,03/25,11.776.904.838.977.100,Marechal Cândido Rondon,30.0,0.45,0.9,13,7
334,2019,03/25,12.280.370.935.145.900,Marechal Cândido Rondon,30.0,0.45,0.9,13,7
335,2020,03/25,11.870.362.814.919.500,Marechal Cândido Rondon,30.0,0.45,0.9,13,7
336,2021,03/25,11.783.984.504.584.900,Marechal Cândido Rondon,30.0,0.45,0.9,13,7
337,2022,03/25,11.165.448.059.322.500,Marechal Cândido Rondon,30.0,0.45,0.9,13,7
338,2023,03/25,12.312.654.401.543.800,Marechal Cândido Rondon,30.0,0.45,0.9,13,7
339,2024,03/25,1.197.642.692.869.620,Marechal Cândido Rondon,30.0,0.45,0.9,13,7
340,2015,03/25,1.142.739.763.313.440,Matelândia,30.0,0.45,0.9,13,7
341,2016,03/25,6.856.680.392.996.810,Matelândia,30.0,0.45,0.9,13,7
342,2017,03/25,11.100.514.387.912.200,Matelândia,30.0,0.45,0.9,13,7
343,2018,03/25,10.445.850.641.801.700,Matelândia,30.0,0.45,0.9,13,7
344,2019,03/25,11.462.496.430.523.500,Matelândia,30.0,0.45,0.9,13,7
345,2020,03/25,10.455.093.124.924.700,Matelândia,30.0,0.45,0.9,13,7
346,2021,03/25,10.986.990.085.708.600,Matelândia,30.0,0.45,0.9,13,7
347,2022,03/25,10.075.722.127.390.900,Matelândia,30.0,0.45,0.9,13,7
348,2023,03/25,11.631.023.188.109.200,Matelândia,30.0,0.45,0.9,13,7
349,2024,03/25,10.858.348.644.403.400,Matelândia,30.0,0.45,0.9,13,7
350,2015,03/25,11.924.693.055.374.100,Medianeira,30.0,0.45,0.9,13,7
351,2016,03/25,9.456.865.663.232.830,Medianeira,30.0,0.45,0.9,13,7
352,2017,03/25,11.556.090.931.681.600,Medianeira,30.0,0.45,0.9,13,7
353,2018,03/25,10.995.781.313.552.600,Medianeira,30.0,0.45,0.9,13,7
354,2019,03/25,1.184.267.232.522.310,Medianeira,30.0,0.45,0.9,13,7
355,2020,03/25,10.806.174.061.505.300,Medianeira,30.0,0.45,0.9,13,7
356,2021,03/25,1.131.110.092.356.690,Medianeira,30.0,0.45,0.9,13,7
357,2022,03/25,10.539.180.848.864.600,Medianeira,30.0,0.45,0.9,13,7
358,2023,03/25,12.094.423.808.074.000,Medianeira,30.0,0.45,0.9,13,7
359,2024,03/25,10.849.260.583.202.200,Medianeira,30.0,0.45,0.9,13,7
360,2015,03/25,1.229.807.856.957.910,Santa Helena,30.0,0.45,0.9,13,7
361,2016,03/25,10.138.385.498.582.900,Santa Helena,30.0,0.45,0.9,13,7
362,2017,03/25,118.642.274.020.336,Santa Helena,30.0,0.45,0.9,13,7
363,2018,03/25,1.153.581.280.684.690,Santa Helena,30.0,0.45,0.9,13,7
364,2019,03/25,12.135.653.310.542.200,Santa Helena,30.0,0.45,0.9,13,7
365,2020,03/25,11.571.115.356.177.200,Santa Helena,30.0,0.45,0.9,13,7
366,2021,03/25,1.165.949.327.506.620,Santa Helena,30.0,0.45,0.9,13,7
367,2022,03/25,11.130.264.580.049.600,Santa Helena,30.0,0.45,0.9,13,7
368,2023,03/25,12.363.857.428.973.800,Santa Helena,30.0,0.45,0.9,13,7
369,2024,03/25,11.506.033.510.658.300,Santa Helena,30.0,0.45,0.9,13,7
370,2015,03/25,11.924.693.055.374.100,São Miguel do Iguaçu,30.0,0.45,0.9,13,7
371,2016,03/25,9.457.171.560.642.620,São Miguel do Iguaçu,30.0,0.45,0.9,13,7
372,2017,03/25,11.556.114.571.526.300,São Miguel do Iguaçu,30.0,0.45,0.9,13,7
373,2018,03/25,10.996.005.087.739.600,São Miguel do Iguaçu,30.0,0.45,0.9,13,7
374,2019,03/25,11.842.703.607.032.400,São Miguel do Iguaçu,30.0,0.45,0.9,13,7
375,2020,03/25,10.806.390.078.504.100,São Miguel do Iguaçu,30.0,0.45,0.9,13,7
376,2021,03/25,1.131.179.783.224.060,São Miguel do Iguaçu,30.0,0.45,0.9,13,7
377,2022,03/25,10.539.180.848.864.600,São Miguel do Iguaçu,30.0,0.45,0.9,13,7
378,2023,03/25,12.094.762.245.340.900,São Miguel do Iguaçu,30.0,0.45,0.9,13,7
379,2024,03/25,10.849.339.773.123.000,São Miguel do Iguaçu,30.0,0.45,0.9,13,7
380,2015,03/25,1.110.459.381.602.900,São Pedro do Iguaçu,30.0,0.45,0.9,13,7
381,2016,03/25,56.062.070.706.927.900,São Pedro do Iguaçu,30.0,0.45,0.9,13,7
382,2017,03/25,1.071.015.485.936.360,São Pedro do Iguaçu,30.0,0.45,0.9,13,7
383,2018,03/25,10.383.384.018.724.100,São Pedro do Iguaçu,30.0,0.45,0.9,13,7
384,2019,03/25,11.251.673.910.929.700,São Pedro do Iguaçu,30.0,0.45,0.9,13,7
385,2020,03/25,10.376.410.714.169.500,São Pedro do Iguaçu,30.0,0.45,0.9,13,7
386,2021,03/25,10.746.960.061.970.200,São Pedro do Iguaçu,30.0,0.45,0.9,13,7
387,2022,03/25,9.722.657.636.932.750,São Pedro do Iguaçu,30.0,0.45,0.9,13,7
388,2023,03/25,11.401.722.923.227.400,São Pedro do Iguaçu,30.0,0.45,0.9,13,7
389,2024,03/25,10.910.457.058.515.700,São Pedro do Iguaçu,30.0,0.45,0.9,13,7
390,2015,03/25,11.695.619.969.952.500,Toledo,30.0,0.45,0.9,13,7
391,2016,03/25,8.144.278.808.944.180,Toledo,30.0,0.45,0.9,13,7
392,2017,03/25,11.138.593.889.158.200,Toledo,30.0,0.45,0.9,13,7
393,2018,03/25,11.192.994.195.391.800,Toledo,30.0,0.45,0.9,13,7
394,2019,03/25,11.765.422.839.367.500,Toledo,30.0,0.45,0.9,13,7
395,2020,03/25,11.354.961.154.818.200,Toledo,30.0,0.45,0.9,13,7
396,2021,03/25,11.200.808.393.339.600,Toledo,30.0,0.45,0.9,13,7
397,2022,03/25,10.305.825.986.329.800,Toledo,30.0,0.45,0.9,13,7
398,2023,03/25,11.814.807.740.830.900,Toledo,30.0,0.45,0.9,13,7
399,2024,03/25,11.819.264.846.607.800,Toledo,30.0,0.45,0.9,13,7
400,2015,03/25,11.388.763.318.938.700,Cascavel,30.0,0.45,0.95,12,6
401,2016,03/25,6.225.710.228.113.990,Cascavel,30.0,0.45,0.95,12,6
402,2017,03/25,10.725.499.368.395.500,Cascavel,30.0,0.45,0.95,12,6
403,2018,03/25,1.039.376.009.643.440,Cascavel,30.0,0.45,0.95,12,6
404,2019,03/25,11.447.902.080.052.500,Cascavel,30.0,0.45,0.95,12,6
405,2020,03/25,10.531.766.533.833.000,Cascavel,30.0,0.45,0.95,12,6
406,2021,03/25,10.605.024.211.062.900,Cascavel,30.0,0.45,0.95,12,6
407,2022,03/25,9.903.434.224.111.660,Cascavel,30.0,0.45,0.95,12,6
408,2023,03/25,11.203.275.939.071.800,Cascavel,30.0,0.45,0.95,12,6
409,2024,03/25,11.492.769.642.702.800,Cascavel,30.0,0.45,0.95,12,6
410,2015,03/25,12.299.915.204.758.800,Foz do Iguaçu,30.0,0.45,0.95,12,6
411,2016,03/25,9.757.429.253.298.480,Foz do Iguaçu,30.0,0.45,0.95,12,6
412,2017,03/25,11.922.891.594.536.000,Foz do Iguaçu,30.0,0.45,0.95,12,6
413,2018,03/25,11.336.363.693.564.100,Foz do Iguaçu,30.0,0.45,0.95,12,6
414,2019,03/25,12.213.535.204.914.700,Foz do Iguaçu,30.0,0.45,0.95,12,6
415,2020,03/25,11.141.245.555.393.500,Foz do Iguaçu,30.0,0.45,0.95,12,6
416,2021,03/25,11.654.520.908.387.000,Foz do Iguaçu,30.0,0.45,0.95,12,6
417,2022,03/25,10.865.538.938.093.800,Foz do Iguaçu,30.0,0.45,0.95,12,6
418,2023,03/25,12.476.927.594.437.000,Foz do Iguaçu,30.0,0.45,0.95,12,6
419,2024,03/25,1.119.280.440.343.710,Foz do Iguaçu,30.0,0.45,0.95,12,6
420,2015,03/25,12.715.185.116.298.100,Guaíra,30.0,0.45,0.95,12,6
421,2016,03/25,1.041.447.546.920.660,Guaíra,30.0,0.45,0.95,12,6
422,2017,03/25,12.144.050.778.734.200,Guaíra,30.0,0.45,0.95,12,6
423,2018,03/25,12.093.397.375.074.700,Guaíra,30.0,0.45,0.95,12,6
424,2019,03/25,12.670.245.376.883.500,Guaíra,30.0,0.45,0.95,12,6
425,2020,03/25,12.353.440.232.518.500,Guaíra,30.0,0.45,0.95,12,6
426,2021,03/25,1.188.691.418.631.310,Guaíra,30.0,0.45,0.95,12,6
427,2022,03/25,11.475.005.176.844.000,Guaíra,30.0,0.45,0.95,12,6
428,2023,03/25,1.256.826.738.044.090,Guaíra,30.0,0.45,0.95,12,6
429,2024,03/25,12.664.297.698.560.800,Guaíra,30.0,0.45,0.95,12,6
430,2015,03/25,12.725.091.104.997.600,Marechal Cândido Rondon,30.0,0.45,0.95,12,6
431,2016,03/25,1.049.668.452.240.500,Marechal Cândido Rondon,30.0,0.45,0.95,12,6
432,2017,03/25,1.224.883.493.678.600,Marechal Cândido Rondon,30.0,0.45,0.95,12,6
433,2018,03/25,12.144.377.716.170.000,Marechal Cândido Rondon,30.0,0.45,0.95,12,6
434,2019,03/25,12.667.143.966.532.200,Marechal Cândido Rondon,30.0,0.45,0.95,12,6
435,2020,03/25,12.241.979.991.170.300,Marechal Cândido Rondon,30.0,0.45,0.95,12,6
436,2021,03/25,12.142.826.505.056.100,Marechal Cândido Rondon,30.0,0.45,0.95,12,6
437,2022,03/25,11.514.439.523.012.400,Marechal Cândido Rondon,30.0,0.45,0.95,12,6
438,2023,03/25,12.702.539.895.531.000,Marechal Cândido Rondon,30.0,0.45,0.95,12,6
439,2024,03/25,1.235.590.550.172.450,Marechal Cândido Rondon,30.0,0.45,0.95,12,6
440,2015,03/25,11.786.122.788.944.400,Matelândia,30.0,0.45,0.95,12,6
441,2016,03/25,7.074.031.489.711.900,Matelândia,30.0,0.45,0.95,12,6
442,2017,03/25,11.453.945.324.170.800,Matelândia,30.0,0.45,0.95,12,6
443,2018,03/25,10.766.858.597.169.400,Matelândia,30.0,0.45,0.95,12,6
444,2019,03/25,11.821.487.136.719.400,Matelândia,30.0,0.45,0.95,12,6
445,2020,03/25,10.778.861.600.715.600,Matelândia,30.0,0.45,0.95,12,6
446,2021,03/25,11.318.310.898.764.300,Matelândia,30.0,0.45,0.95,12,6
447,2022,03/25,10.386.004.042.781.200,Matelândia,30.0,0.45,0.95,12,6
448,2023,03/25,11.998.481.388.098.500,Matelândia,30.0,0.45,0.95,12,6
449,2024,03/25,1.120.154.400.676.030,Matelândia,30.0,0.45,0.95,12,6
450,2015,03/25,12.299.915.204.758.800,Medianeira,30.0,0.45,0.95,12,6
451,2016,03/25,9.757.042.025.564.380,Medianeira,30.0,0.45,0.95,12,6
452,2017,03/25,11.922.854.700.315.500,Medianeira,30.0,0.45,0.95,12,6
453,2018,03/25,11.336.071.494.781.600,Medianeira,30.0,0.45,0.95,12,6
454,2019,03/25,12.213.499.634.104.900,Medianeira,30.0,0.45,0.95,12,6
455,2020,03/25,1.114.098.697.335.690,Medianeira,30.0,0.45,0.95,12,6
456,2021,03/25,11.653.681.682.804.700,Medianeira,30.0,0.45,0.95,12,6
457,2022,03/25,10.865.538.938.093.800,Medianeira,30.0,0.45,0.95,12,6
458,2023,03/25,12.476.548.927.308.700,Medianeira,30.0,0.45,0.95,12,6
459,2024,03/25,11.192.696.946.004.500,Medianeira,30.0,0.45,0.95,12,6
460,2015,03/25,12.686.149.295.078.000,Santa Helena,30.0,0.45,0.95,12,6
461,2016,03/25,10.459.837.607.640.500,Santa Helena,30.0,0.45,0.95,12,6
462,2017,03/25,1.223.971.773.555.010,Santa Helena,30.0,0.45,0.95,12,6
463,2018,03/25,11.894.670.657.427.400,Santa Helena,30.0,0.45,0.95,12,6
464,2019,03/25,12.517.067.248.165.800,Santa Helena,30.0,0.45,0.95,12,6
465,2020,03/25,11.931.786.719.586.800,Santa Helena,30.0,0.45,0.95,12,6
466,2021,03/25,12.013.687.371.731.200,Santa Helena,30.0,0.45,0.95,12,6
467,2022,03/25,11.477.280.911.409.200,Santa Helena,30.0,0.45,0.95,12,6
468,2023,03/25,12.755.014.942.163.100,Santa Helena,30.0,0.45,0.95,12,6
469,2024,03/25,11.870.285.156.059.200,Santa Helena,30.0,0.45,0.95,12,6
470,2015,03/25,12.299.915.204.758.800,São Miguel do Iguaçu,30.0,0.45,0.95,12,6
471,2016,03/25,9.757.355.306.225.440,São Miguel do Iguaçu,30.0,0.45,0.95,12,6
472,2017,03/25,11.922.879.078.577.100,São Miguel do Iguaçu,30.0,0.45,0.95,12,6
473,2018,03/25,11.336.315.437.383.600,São Miguel do Iguaçu,30.0,0.45,0.95,12,6
474,2019,03/25,12.213.532.012.140.900,São Miguel do Iguaçu,30.0,0.45,0.95,12,6
475,2020,03/25,1.114.121.507.659.280,São Miguel do Iguaçu,30.0,0.45,0.95,12,6
476,2021,03/25,11.654.407.170.916.400,São Miguel do Iguaçu,30.0,0.45,0.95,12,6
477,2022,03/25,10.865.538.938.093.800,São Miguel do Iguaçu,30.0,0.45,0.95,12,6
478,2023,03/25,12.476.898.782.471.200,São Miguel do Iguaçu,30.0,0.45,0.95,12,6
479,2024,03/25,11.192.778.755.739.800,São Miguel do Iguaçu,30.0,0.45,0.95,12,6
480,2015,03/25,11.452.285.168.625.500,São Pedro do Iguaçu,30.0,0.45,0.95,12,6
481,2016,03/25,5.783.538.010.094.130,São Pedro do Iguaçu,30.0,0.45,0.95,12,6
482,2017,03/25,11.051.329.742.172.400,São Pedro do Iguaçu,30.0,0.45,0.95,12,6
483,2018,03/25,10.700.857.857.135.300,São Pedro do Iguaçu,30.0,0.45,0.95,12,6
484,2019,03/25,11.603.461.910.731.300,São Pedro do Iguaçu,30.0,0.45,0.95,12,6
485,2020,03/25,10.696.674.280.845.600,São Pedro do Iguaçu,30.0,0.45,0.95,12,6
486,2021,03/25,1.107.055.438.804.150,São Pedro do Iguaçu,30.0,0.45,0.95,12,6
487,2022,03/25,10.021.573.687.578.800,São Pedro do Iguaçu,30.0,0.45,0.95,12,6
488,2023,03/25,1.176.287.196.789.170,São Pedro do Iguaçu,30.0,0.45,0.95,12,6
489,2024,03/25,11.254.943.792.952.300,São Pedro do Iguaçu,30.0,0.45,0.95,12,6
490,2015,03/25,12.062.894.165.582.800,Toledo,30.0,0.45,0.95,12,6
491,2016,03/25,8.402.216.324.738.370,Toledo,30.0,0.45,0.95,12,6
492,2017,03/25,11.492.504.492.175.900,Toledo,30.0,0.45,0.95,12,6
493,2018,03/25,11.541.154.785.097.800,Toledo,30.0,0.45,0.95,12,6
494,2019,03/25,12.135.715.121.021.700,Toledo,30.0,0.45,0.95,12,6
495,2020,03/25,11.708.993.063.431.000,Toledo,30.0,0.45,0.95,12,6
496,2021,03/25,11.538.992.195.455.600,Toledo,30.0,0.45,0.95,12,6
497,2022,03/25,10.625.004.601.211.600,Toledo,30.0,0.45,0.95,12,6
498,2023,03/25,12.189.321.525.612.300,Toledo,30.0,0.45,0.95,12,6
499,2024,03/25,12.193.113.064.817.700,Toledo,30.0,0.45,0.95,12,6
500,2015,03/25,11.388.763.318.938.700,Cascavel,30.0,0.45,0.95,12,7
501,2016,03/25,6.225.710.228.113.990,Cascavel,30.0,0.45,0.95,12,7
502,2017,03/25,10.725.499.368.395.500,Cascavel,30.0,0.45,0.95,12,7
503,2018,03/25,1.039.376.009.643.440,Cascavel,30.0,0.45,0.95,12,7
504,2019,03/25,11.447.902.080.052.500,Cascavel,30.0,0.45,0.95,12,7
505,2020,03/25,10.531.766.533.833.000,Cascavel,30.0,0.45,0.95,12,7
506,2021,03/25,10.605.024.211.062.900,Cascavel,30.0,0.45,0.95,12,7
507,2022,03/25,9.903.434.224.111.660,Cascavel,30.0,0.45,0.95,12,7
508,2023,03/25,11.203.275.939.071.800,Cascavel,30.0,0.45,0.95,12,7
509,2024,03/25,11.492.769.642.702.800,Cascavel,30.0,0.45,0.95,12,7
510,2015,03/25,12.299.915.204.758.800,Foz do Iguaçu,30.0,0.45,0.95,12,7
511,2016,03/25,9.757.429.253.298.480,Foz do Iguaçu,30.0,0.45,0.95,12,7
512,2017,03/25,11.922.891.594.536.000,Foz do Iguaçu,30.0,0.45,0.95,12,7
513,2018,03/25,11.336.363.693.564.100,Foz do Iguaçu,30.0,0.45,0.95,12,7
514,2019,03/25,12.213.535.204.914.700,Foz do Iguaçu,30.0,0.45,0.95,12,7
515,2020,03/25,11.141.245.555.393.500,Foz do Iguaçu,30.0,0.45,0.95,12,7
516,2021,03/25,11.654.520.908.387.000,Foz do Iguaçu,30.0,0.45,0.95,12,7
517,2022,03/25,10.865.538.938.093.800,Foz do Iguaçu,30.0,0.45,0.95,12,7
518,2023,03/25,12.476.927.594.437.000,Foz do Iguaçu,30.0,0.45,0.95,12,7
519,2024,03/25,1.119.280.440.343.710,Foz do Iguaçu,30.0,0.45,0.95,12,7
520,2015,03/25,12.715.185.116.298.100,Guaíra,30.0,0.45,0.95,12,7
521,2016,03/25,1.041.447.546.920.660,Guaíra,30.0,0.45,0.95,12,7
522,2017,03/25,12.144.050.778.734.200,Guaíra,30.0,0.45,0.95,12,7
523,2018,03/25,12.093.397.375.074.700,Guaíra,30.0,0.45,0.95,12,7
524,2019,03/25,12.670.245.376.883.500,Guaíra,30.0,0.45,0.95,12,7
525,2020,03/25,12.353.440.232.518.500,Guaíra,30.0,0.45,0.95,12,7
526,2021,03/25,1.188.691.418.631.310,Guaíra,30.0,0.45,0.95,12,7
527,2022,03/25,11.475.005.176.844.000,Guaíra,30.0,0.45,0.95,12,7
528,2023,03/25,1.256.826.738.044.090,Guaíra,30.0,0.45,0.95,12,7
529,2024,03/25,12.664.297.698.560.800,Guaíra,30.0,0.45,0.95,12,7
530,2015,03/25,12.725.091.104.997.600,Marechal Cândido Rondon,30.0,0.45,0.95,12,7
531,2016,03/25,1.049.668.452.240.500,Marechal Cândido Rondon,30.0,0.45,0.95,12,7
532,2017,03/25,1.224.883.493.678.600,Marechal Cândido Rondon,30.0,0.45,0.95,12,7
533,2018,03/25,12.144.377.716.170.000,Marechal Cândido Rondon,30.0,0.45,0.95,12,7
534,2019,03/25,12.667.143.966.532.200,Marechal Cândido Rondon,30.0,0.45,0.95,12,7
535,2020,03/25,12.241.979.991.170.300,Marechal Cândido Rondon,30.0,0.45,0.95,12,7
536,2021,03/25,12.142.826.505.056.100,Marechal Cândido Rondon,30.0,0.45,0.95,12,7
537,2022,03/25,11.514.439.523.012.400,Marechal Cândido Rondon,30.0,0.45,0.95,12,7
538,2023,03/25,12.702.539.895.531.000,Marechal Cândido Rondon,30.0,0.45,0.95,12,7
539,2024,03/25,1.235.590.550.172.450,Marechal Cândido Rondon,30.0,0.45,0.95,12,7
540,2015,03/25,11.786.122.788.944.400,Matelândia,30.0,0.45,0.95,12,7
541,2016,03/25,7.074.031.489.711.900,Matelândia,30.0,0.45,0.95,12,7
542,2017,03/25,11.453.945.324.170.800,Matelândia,30.0,0.45,0.95,12,7
543,2018,03/25,10.766.858.597.169.400,Matelândia,30.0,0.45,0.95,12,7
544,2019,03/25,11.821.487.136.719.400,Matelândia,30.0,0.45,0.95,12,7
545,2020,03/25,10.778.861.600.715.600,Matelândia,30.0,0.45,0.95,12,7
546,2021,03/25,11.318.310.898.764.300,Matelândia,30.0,0.45,0.95,12,7
547,2022,03/25,10.386.004.042.781.200,Matelândia,30.0,0.45,0.95,12,7
548,2023,03/25,11.998.481.388.098.500,Matelândia,30.0,0.45,0.95,12,7
549,2024,03/25,1.120.154.400.676.030,Matelândia,30.0,0.45,0.95,12,7
550,2015,03/25,12.299.915.204.758.800,Medianeira,30.0,0.45,0.95,12,7
551,2016,03/25,9.757.042.025.564.380,Medianeira,30.0,0.45,0.95,12,7
552,2017,03/25,11.922.854.700.315.500,Medianeira,30.0,0.45,0.95,12,7
553,2018,03/25,11.336.071.494.781.600,Medianeira,30.0,0.45,0.95,12,7
554,2019,03/25,12.213.499.634.104.900,Medianeira,30.0,0.45,0.95,12,7
555,2020,03/25,1.114.098.697.335.690,Medianeira,30.0,0.45,0.95,12,7
556,2021,03/25,11.653.681.682.804.700,Medianeira,30.0,0.45,0.95,12,7
557,2022,03/25,10.865.538.938.093.800,Medianeira,30.0,0.45,0.95,12,7
558,2023,03/25,12.476.548.927.308.700,Medianeira,30.0,0.45,0.95,12,7
559,2024,03/25,11.192.696.946.004.500,Medianeira,30.0,0.45,0.95,12,7
560,2015,03/25,12.686.149.295.078.000,Santa Helena,30.0,0.45,0.95,12,7
561,2016,03/25,10.459.837.607.640.500,Santa Helena,30.0,0.45,0.95,12,7
562,2017,03/25,1.223.971.773.555.010,Santa Helena,30.0,0.45,0.95,12,7
563,2018,03/25,11.894.670.657.427.400,Santa Helena,30.0,0.45,0.95,12,7
564,2019,03/25,12.517.067.248.165.800,Santa Helena,30.0,0.45,0.95,12,7
565,2020,03/25,11.931.786.719.586.800,Santa Helena,30.0,0.45,0.95,12,7
566,2021,03/25,12.013.687.371.731.200,Santa Helena,30.0,0.45,0.95,12,7
567,2022,03/25,11.477.280.911.409.200,Santa Helena,30.0,0.45,0.95,12,7
568,2023,03/25,12.755.014.942.163.100,Santa Helena,30.0,0.45,0.95,12,7
569,2024,03/25,11.870.285.156.059.200,Santa Helena,30.0,0.45,0.95,12,7
570,2015,03/25,12.299.915.204.758.800,São Miguel do Iguaçu,30.0,0.45,0.95,12,7
571,2016,03/25,9.757.355.306.225.440,São Miguel do Iguaçu,30.0,0.45,0.95,12,7
572,2017,03/25,11.922.879.078.577.100,São Miguel do Iguaçu,30.0,0.45,0.95,12,7
573,2018,03/25,11.336.315.437.383.600,São Miguel do Iguaçu,30.0,0.45,0.95,12,7
574,2019,03/25,12.213.532.012.140.900,São Miguel do Iguaçu,30.0,0.45,0.95,12,7
575,2020,03/25,1.114.121.507.659.280,São Miguel do Iguaçu,30.0,0.45,0.95,12,7
576,2021,03/25,11.654.407.170.916.400,São Miguel do Iguaçu,30.0,0.45,0.95,12,7
577,2022,03/25,10.865.538.938.093.800,São Miguel do Iguaçu,30.0,0.45,0.95,12,7
578,2023,03/25,12.476.898.782.471.200,São Miguel do Iguaçu,30.0,0.45,0.95,12,7
579,2024,03/25,11.192.778.755.739.800,São Miguel do Iguaçu,30.0,0.45,0.95,12,7
580,2015,03/25,11.452.285.168.625.500,São Pedro do Iguaçu,30.0,0.45,0.95,12,7
581,2016,03/25,5.783.538.010.094.130,São Pedro do Iguaçu,30.0,0.45,0.95,12,7
582,2017,03/25,11.051.329.742.172.400,São Pedro do Iguaçu,30.0,0.45,0.95,12,7
583,2018,03/25,10.700.857.857.135.300,São Pedro do Iguaçu,30.0,0.45,0.95,12,7
584,2019,03/25,11.603.461.910.731.300,São Pedro do Iguaçu,30.0,0.45,0.95,12,7
585,2020,03/25,10.696.674.280.845.600,São Pedro do Iguaçu,30.0,0.45,0.95,12,7
586,2021,03/25,1.107.055.438.804.150,São Pedro do Iguaçu,30.0,0.45,0.95,12,7
587,2022,03/25,10.021.573.687.578.800,São Pedro do Iguaçu,30.0,0.45,0.95,12,7
588,2023,03/25,1.176.287.196.789.170,São Pedro do Iguaçu,30.0,0.45,0.95,12,7
589,2024,03/25,11.254.943.792.952.300,São Pedro do Iguaçu,30.0,0.45,0.95,12,7
590,2015,03/25,12.062.894.165.582.800,Toledo,30.0,0.45,0.95,12,7
591,2016,03/25,8.402.216.324.738.370,Toledo,30.0,0.45,0.95,12,7
592,2017,03/25,11.492.504.492.175.900,Toledo,30.0,0.45,0.95,12,7
593,2018,03/25,11.541.154.785.097.800,Toledo,30.0,0.45,0.95,12,7
594,2019,03/25,12.135.715.121.021.700,Toledo,30.0,0.45,0.95,12,7
595,2020,03/25,11.708.993.063.431.000,Toledo,30.0,0.45,0.95,12,7
596,2021,03/25,11.538.992.195.455.600,Toledo,30.0,0.45,0.95,12,7
597,2022,03/25,10.625.004.601.211.600,Toledo,30.0,0.45,0.95,12,7
598,2023,03/25,12.189.321.525.612.300,Toledo,30.0,0.45,0.95,12,7
599,2024,03/25,12.193.113.064.817.700,Toledo,30.0,0.45,0.95,12,7
600,2015,03/25,11.388.763.318.938.700,Cascavel,30.0,0.45,0.95,13,6
601,2016,03/25,6.225.710.228.113.990,Cascavel,30.0,0.45,0.95,13,6
602,2017,03/25,10.725.499.368.395.500,Cascavel,30.0,0.45,0.95,13,6
603,2018,03/25,1.039.376.009.643.440,Cascavel,30.0,0.45,0.95,13,6
604,2019,03/25,11.447.902.080.052.500,Cascavel,30.0,0.45,0.95,13,6
605,2020,03/25,10.531.766.533.833.000,Cascavel,30.0,0.45,0.95,13,6
606,2021,03/25,10.605.024.211.062.900,Cascavel,30.0,0.45,0.95,13,6
607,2022,03/25,9.903.434.224.111.660,Cascavel,30.0,0.45,0.95,13,6
608,2023,03/25,11.203.275.939.071.800,Cascavel,30.0,0.45,0.95,13,6
609,2024,03/25,11.492.769.642.702.800,Cascavel,30.0,0.45,0.95,13,6
610,2015,03/25,12.299.915.204.758.800,Foz do Iguaçu,30.0,0.45,0.95,13,6
611,2016,03/25,9.757.429.253.298.480,Foz do Iguaçu,30.0,0.45,0.95,13,6
612,2017,03/25,11.922.891.594.536.000,Foz do Iguaçu,30.0,0.45,0.95,13,6
613,2018,03/25,11.336.363.693.564.100,Foz do Iguaçu,30.0,0.45,0.95,13,6
614,2019,03/25,12.213.535.204.914.700,Foz do Iguaçu,30.0,0.45,0.95,13,6
615,2020,03/25,11.141.245.555.393.500,Foz do Iguaçu,30.0,0.45,0.95,13,6
616,2021,03/25,11.654.520.908.387.000,Foz do Iguaçu,30.0,0.45,0.95,13,6
617,2022,03/25,10.865.538.938.093.800,Foz do Iguaçu,30.0,0.45,0.95,13,6
618,2023,03/25,12.476.927.594.437.000,Foz do Iguaçu,30.0,0.45,0.95,13,6
619,2024,03/25,1.119.280.440.343.710,Foz do Iguaçu,30.0,0.45,0.95,13,6
620,2015,03/25,12.715.185.116.298.100,Guaíra,30.0,0.45,0.95,13,6
621,2016,03/25,1.041.447.546.920.660,Guaíra,30.0,0.45,0.95,13,6
622,2017,03/25,12.144.050.778.734.200,Guaíra,30.0,0.45,0.95,13,6
623,2018,03/25,12.093.397.375.074.700,Guaíra,30.0,0.45,0.95,13,6
624,2019,03/25,12.670.245.376.883.500,Guaíra,30.0,0.45,0.95,13,6
625,2020,03/25,12.353.440.232.518.500,Guaíra,30.0,0.45,0.95,13,6
626,2021,03/25,1.188.691.418.631.310,Guaíra,30.0,0.45,0.95,13,6
627,2022,03/25,11.475.005.176.844.000,Guaíra,30.0,0.45,0.95,13,6
628,2023,03/25,1.256.826.738.044.090,Guaíra,30.0,0.45,0.95,13,6
629,2024,03/25,12.664.297.698.560.800,Guaíra,30.0,0.45,0.95,13,6
630,2015,03/25,12.725.091.104.997.600,Marechal Cândido Rondon,30.0,0.45,0.95,13,6
631,2016,03/25,1.049.668.452.240.500,Marechal Cândido Rondon,30.0,0.45,0.95,13,6
632,2017,03/25,1.224.883.493.678.600,Marechal Cândido Rondon,30.0,0.45,0.95,13,6
633,2018,03/25,12.144.377.716.170.000,Marechal Cândido Rondon,30.0,0.45,0.95,13,6
634,2019,03/25,12.667.143.966.532.200,Marechal Cândido Rondon,30.0,0.45,0.95,13,6
635,2020,03/25,12.241.979.991.170.300,Marechal Cândido Rondon,30.0,0.45,0.95,13,6
636,2021,03/25,12.142.826.505.056.100,Marechal Cândido Rondon,30.0,0.45,0.95,13,6
637,2022,03/25,11.514.439.523.012.400,Marechal Cândido Rondon,30.0,0.45,0.95,13,6
638,2023,03/25,12.702.539.895.531.000,Marechal Cândido Rondon,30.0,0.45,0.95,13,6
639,2024,03/25,1.235.590.550.172.450,Marechal Cândido Rondon,30.0,0.45,0.95,13,6
640,2015,03/25,11.786.122.788.944.400,Matelândia,30.0,0.45,0.95,13,6
641,2016,03/25,7.074.031.489.711.900,Matelândia,30.0,0.45,0.95,13,6
642,2017,03/25,11.453.945.324.170.800,Matelândia,30.0,0.45,0.95,13,6
643,2018,03/25,10.766.858.597.169.400,Matelândia,30.0,0.45,0.95,13,6
644,2019,03/25,11.821.487.136.719.400,Matelândia,30.0,0.45,0.95,13,6
645,2020,03/25,10.778.861.600.715.600,Matelândia,30.0,0.45,0.95,13,6
646,2021,03/25,11.318.310.898.764.300,Matelândia,30.0,0.45,0.95,13,6
647,2022,03/25,10.386.004.042.781.200,Matelândia,30.0,0.45,0.95,13,6
648,2023,03/25,11.998.481.388.098.500,Matelândia,30.0,0.45,0.95,13,6
649,2024,03/25,1.120.154.400.676.030,Matelândia,30.0,0.45,0.95,13,6
650,2015,03/25,12.299.915.204.758.800,Medianeira,30.0,0.45,0.95,13,6
651,2016,03/25,9.757.042.025.564.380,Medianeira,30.0,0.45,0.95,13,6
652,2017,03/25,11.922.854.700.315.500,Medianeira,30.0,0.45,0.95,13,6
653,2018,03/25,11.336.071.494.781.600,Medianeira,30.0,0.45,0.95,13,6
654,2019,03/25,12.213.499.634.104.900,Medianeira,30.0,0.45,0.95,13,6
655,2020,03/25,1.114.098.697.335.690,Medianeira,30.0,0.45,0.95,13,6
656,2021,03/25,11.653.681.682.804.700,Medianeira,30.0,0.45,0.95,13,6
657,2022,03/25,10.865.538.938.093.800,Medianeira,30.0,0.45,0.95,13,6
658,2023,03/25,12.476.548.927.308.700,Medianeira,30.0,0.45,0.95,13,6
659,2024,03/25,11.192.696.946.004.500,Medianeira,30.0,0.45,0.95,13,6
660,2015,03/25,12.686.149.295.078.000,Santa Helena,30.0,0.45,0.95,13,6
661,2016,03/25,10.459.837.607.640.500,Santa Helena,30.0,0.45,0.95,13,6
662,2017,03/25,1.223.971.773.555.010,Santa Helena,30.0,0.45,0.95,13,6
663,2018,03/25,11.894.670.657.427.400,Santa Helena,30.0,0.45,0.95,13,6
664,2019,03/25,12.517.067.248.165.800,Santa Helena,30.0,0.45,0.95,13,6
665,2020,03/25,11.931.786.719.586.800,Santa Helena,30.0,0.45,0.95,13,6
666,2021,03/25,12.013.687.371.731.200,Santa Helena,30.0,0.45,0.95,13,6
667,2022,03/25,11.477.280.911.409.200,Santa Helena,30.0,0.45,0.95,13,6
668,2023,03/25,12.755.014.942.163.100,Santa Helena,30.0,0.45,0.95,13,6
669,2024,03/25,11.870.285.156.059.200,Santa Helena,30.0,0.45,0.95,13,6
670,2015,03/25,12.299.915.204.758.800,São Miguel do Iguaçu,30.0,0.45,0.95,13,6
671,2016,03/25,9.757.355.306.225.440,São Miguel do Iguaçu,30.0,0.45,0.95,13,6
672,2017,03/25,11.922.879.078.577.100,São Miguel do Iguaçu,30.0,0.45,0.95,13,6
673,2018,03/25,11.336.315.437.383.600,São Miguel do Iguaçu,30.0,0.45,0.95,13,6
674,2019,03/25,12.213.532.012.140.900,São Miguel do Iguaçu,30.0,0.45,0.95,13,6
675,2020,03/25,1.114.121.507.659.280,São Miguel do Iguaçu,30.0,0.45,0.95,13,6
676,2021,03/25,11.654.407.170.916.400,São Miguel do Iguaçu,30.0,0.45,0.95,13,6
677,2022,03/25,10.865.538.938.093.800,São Miguel do Iguaçu,30.0,0.45,0.95,13,6
678,2023,03/25,12.476.898.782.471.200,São Miguel do Iguaçu,30.0,0.45,0.95,13,6
679,2024,03/25,11.192.778.755.739.800,São Miguel do Iguaçu,30.0,0.45,0.95,13,6
680,2015,03/25,11.452.285.168.625.500,São Pedro do Iguaçu,30.0,0.45,0.95,13,6
681,2016,03/25,5.783.538.010.094.130,São Pedro do Iguaçu,30.0,0.45,0.95,13,6
682,2017,03/25,11.051.329.742.172.400,São Pedro do Iguaçu,30.0,0.45,0.95,13,6
683,2018,03/25,10.700.857.857.135.300,São Pedro do Iguaçu,30.0,0.45,0.95,13,6
684,2019,03/25,11.603.461.910.731.300,São Pedro do Iguaçu,30.0,0.45,0.95,13,6
685,2020,03/25,10.696.674.280.845.600,São Pedro do Iguaçu,30.0,0.45,0.95,13,6
686,2021,03/25,1.107.055.438.804.150,São Pedro do Iguaçu,30.0,0.45,0.95,13,6
687,2022,03/25,10.021.573.687.578.800,São Pedro do Iguaçu,30.0,0.45,0.95,13,6
688,2023,03/25,1.176.287.196.789.170,São Pedro do Iguaçu,30.0,0.45,0.95,13,6
689,2024,03/25,11.254.943.792.952.300,São Pedro do Iguaçu,30.0,0.45,0.95,13,6
690,2015,03/25,12.062.894.165.582.800,Toledo,30.0,0.45,0.95,13,6
691,2016,03/25,8.402.216.324.738.370,Toledo,30.0,0.45,0.95,13,6
692,2017,03/25,11.492.504.492.175.900,Toledo,30.0,0.45,0.95,13,6
693,2018,03/25,11.541.154.785.097.800,Toledo,30.0,0.45,0.95,13,6
694,2019,03/25,12.135.715.121.021.700,Toledo,30.0,0.45,0.95,13,6
695,2020,03/25,11.708.993.063.431.000,Toledo,30.0,0.45,0.95,13,6
696,2021,03/25,11.538.992.195.455.600,Toledo,30.0,0.45,0.95,13,6
697,2022,03/25,10.625.004.601.211.600,Toledo,30.0,0.45,0.95,13,6
698,2023,03/25,12.189.321.525.612.300,Toledo,30.0,0.45,0.95,13,6
699,2024,03/25,12.193.113.064.817.700,Toledo,30.0,0.45,0.95,13,6
700,2015,03/25,11.388.763.318.938.700,Cascavel,30.0,0.45,0.95,13,7
701,2016,03/25,6.225.710.228.113.990,Cascavel,30.0,0.45,0.95,13,7
702,2017,03/25,10.725.499.368.395.500,Cascavel,30.0,0.45,0.95,13,7
703,2018,03/25,1.039.376.009.643.440,Cascavel,30.0,0.45,0.95,13,7
704,2019,03/25,11.447.902.080.052.500,Cascavel,30.0,0.45,0.95,13,7
705,2020,03/25,10.531.766.533.833.000,Cascavel,30.0,0.45,0.95,13,7
706,2021,03/25,10.605.024.211.062.900,Cascavel,30.0,0.45,0.95,13,7
707,2022,03/25,9.903.434.224.111.660,Cascavel,30.0,0.45,0.95,13,7
708,2023,03/25,11.203.275.939.071.800,Cascavel,30.0,0.45,0.95,13,7
709,2024,03/25,11.492.769.642.702.800,Cascavel,30.0,0.45,0.95,13,7
710,2015,03/25,12.299.915.204.758.800,Foz do Iguaçu,30.0,0.45,0.95,13,7
711,2016,03/25,9.757.429.253.298.480,Foz do Iguaçu,30.0,0.45,0.95,13,7
712,2017,03/25,11.922.891.594.536.000,Foz do Iguaçu,30.0,0.45,0.95,13,7
713,2018,03/25,11.336.363.693.564.100,Foz do Iguaçu,30.0,0.45,0.95,13,7
714,2019,03/25,12.213.535.204.914.700,Foz do Iguaçu,30.0,0.45,0.95,13,7
715,2020,03/25,11.141.245.555.393.500,Foz do Iguaçu,30.0,0.45,0.95,13,7
716,2021,03/25,11.654.520.908.387.000,Foz do Iguaçu,30.0,0.45,0.95,13,7
717,2022,03/25,10.865.538.938.093.800,Foz do Iguaçu,30.0,0.45,0.95,13,7
718,2023,03/25,12.476.927.594.437.000,Foz do Iguaçu,30.0,0.45,0.95,13,7
719,2024,03/25,1.119.280.440.343.710,Foz do Iguaçu,30.0,0.45,0.95,13,7
720,2015,03/25,12.715.185.116.298.100,Guaíra,30.0,0.45,0.95,13,7
721,2016,03/25,1.041.447.546.920.660,Guaíra,30.0,0.45,0.95,13,7
722,2017,03/25,12.144.050.778.734.200,Guaíra,30.0,0.45,0.95,13,7
723,2018,03/25,12.093.397.375.074.700,Guaíra,30.0,0.45,0.95,13,7
724,2019,03/25,12.670.245.376.883.500,Guaíra,30.0,0.45,0.95,13,7
725,2020,03/25,12.353.440.232.518.500,Guaíra,30.0,0.45,0.95,13,7
726,2021,03/25,1.188.691.418.631.310,Guaíra,30.0,0.45,0.95,13,7
727,2022,03/25,11.475.005.176.844.000,Guaíra,30.0,0.45,0.95,13,7
728,2023,03/25,1.256.826.738.044.090,Guaíra,30.0,0.45,0.95,13,7
729,2024,03/25,12.664.297.698.560.800,Guaíra,30.0,0.45,0.95,13,7
730,2015,03/25,12.725.091.104.997.600,Marechal Cândido Rondon,30.0,0.45,0.95,13,7
731,2016,03/25,1.049.668.452.240.500,Marechal Cândido Rondon,30.0,0.45,0.95,13,7
732,2017,03/25,1.224.883.493.678.600,Marechal Cândido Rondon,30.0,0.45,0.95,13,7
733,2018,03/25,12.144.377.716.170.000,Marechal Cândido Rondon,30.0,0.45,0.95,13,7
734,2019,03/25,12.667.143.966.532.200,Marechal Cândido Rondon,30.0,0.45,0.95,13,7
735,2020,03/25,12.241.979.991.170.300,Marechal Cândido Rondon,30.0,0.45,0.95,13,7
736,2021,03/25,12.142.826.505.056.100,Marechal Cândido Rondon,30.0,0.45,0.95,13,7
737,2022,03/25,11.514.439.523.012.400,Marechal Cândido Rondon,30.0,0.45,0.95,13,7
738,2023,03/25,12.702.539.895.531.000,Marechal Cândido Rondon,30.0,0.45,0.95,13,7
739,2024,03/25,1.235.590.550.172.450,Marechal Cândido Rondon,30.0,0.45,0.95,13,7
740,2015,03/25,11.786.122.788.944.400,Matelândia,30.0,0.45,0.95,13,7
741,2016,03/25,7.074.031.489.711.900,Matelândia,30.0,0.45,0.95,13,7
742,2017,03/25,11.453.945.324.170.800,Matelândia,30.0,0.45,0.95,13,7
743,2018,03/25,10.766.858.597.169.400,Matelândia,30.0,0.45,0.95,13,7
744,2019,03/25,11.821.487.136.719.400,Matelândia,30.0,0.45,0.95,13,7
745,2020,03/25,10.778.861.600.715.600,Matelândia,30.0,0.45,0.95,13,7
746,2021,03/25,11.318.310.898.764.300,Matelândia,30.0,0.45,0.95,13,7
747,2022,03/25,10.386.004.042.781.200,Matelândia,30.0,0.45,0.95,13,7
748,2023,03/25,11.998.481.388.098.500,Matelândia,30.0,0.45,0.95,13,7
749,2024,03/25,1.120.154.400.676.030,Matelândia,30.0,0.45,0.95,13,7
750,2015,03/25,12.299.915.204.758.800,Medianeira,30.0,0.45,0.95,13,7
751,2016,03/25,9.757.042.025.564.380,Medianeira,30.0,0.45,0.95,13,7
752,2017,03/25,11.922.854.700.315.500,Medianeira,30.0,0.45,0.95,13,7
753,2018,03/25,11.336.071.494.781.600,Medianeira,30.0,0.45,0.95,13,7
754,2019,03/25,12.213.499.634.104.900,Medianeira,30.0,0.45,0.95,13,7
755,2020,03/25,1.114.098.697.335.690,Medianeira,30.0,0.45,0.95,13,7
756,2021,03/25,11.653.681.682.804.700,Medianeira,30.0,0.45,0.95,13,7
757,2022,03/25,10.865.538.938.093.800,Medianeira,30.0,0.45,0.95,13,7
758,2023,03/25,12.476.548.927.308.700,Medianeira,30.0,0.45,0.95,13,7
759,2024,03/25,11.192.696.946.004.500,Medianeira,30.0,0.45,0.95,13,7
760,2015,03/25,12.686.149.295.078.000,Santa Helena,30.0,0.45,0.95,13,7
761,2016,03/25,10.459.837.607.640.500,Santa Helena,30.0,0.45,0.95,13,7
762,2017,03/25,1.223.971.773.555.010,Santa Helena,30.0,0.45,0.95,13,7
763,2018,03/25,11.894.670.657.427.400,Santa Helena,30.0,0.45,0.95,13,7
764,2019,03/25,12.517.067.248.165.800,Santa Helena,30.0,0.45,0.95,13,7
765,2020,03/25,11.931.786.719.586.800,Santa Helena,30.0,0.45,0.95,13,7
766,2021,03/25,12.013.687.371.731.200,Santa Helena,30.0,0.45,0.95,13,7
767,2022,03/25,11.477.280.911.409.200,Santa Helena,30.0,0.45,0.95,13,7
768,2023,03/25,12.755.014.942.163.100,Santa Helena,30.0,0.45,0.95,13,7
769,2024,03/25,11.870.285.156.059.200,Santa Helena,30.0,0.45,0.95,13,7
770,2015,03/25,12.299.915.204.758.800,São Miguel do Iguaçu,30.0,0.45,0.95,13,7
771,2016,03/25,9.757.355.306.225.440,São Miguel do Iguaçu,30.0,0.45,0.95,13,7
772,2017,03/25,11.922.879.078.577.100,São Miguel do Iguaçu,30.0,0.45,0.95,13,7
773,2018,03/25,11.336.315.437.383.600,São Miguel do Iguaçu,30.0,0.45,0.95,13,7
774,2019,03/25,12.213.532.012.140.900,São Miguel do Iguaçu,30.0,0.45,0.95,13,7
775,2020,03/25,1.114.121.507.659.280,São Miguel do Iguaçu,30.0,0.45,0.95,13,7
776,2021,03/25,11.654.407.170.916.400,São Miguel do Iguaçu,30.0,0.45,0.95,13,7
777,2022,03/25,10.865.538.938.093.800,São Miguel do Iguaçu,30.0,0.45,0.95,13,7
778,2023,03/25,12.476.898.782.471.200,São Miguel do Iguaçu,30.0,0.45,0.95,13,7
779,2024,03/25,11.192.778.755.739.800,São Miguel do Iguaçu,30.0,0.45,0.95,13,7
780,2015,03/25,11.452.285.168.625.500,São Pedro do Iguaçu,30.0,0.45,0.95,13,7
781,2016,03/25,5.783.538.010.094.130,São Pedro do Iguaçu,30.0,0.45,0.95,13,7
782,2017,03/25,11.051.329.742.172.400,São Pedro do Iguaçu,30.0,0.45,0.95,13,7
783,2018,03/25,10.700.857.857.135.300,São Pedro do Iguaçu,30.0,0.45,0.95,13,7
784,2019,03/25,11.603.461.910.731.300,São Pedro do Iguaçu,30.0,0.45,0.95,13,7
785,2020,03/25,10.696.674.280.845.600,São Pedro do Iguaçu,30.0,0.45,0.95,13,7
786,2021,03/25,1.107.055.438.804.150,São Pedro do Iguaçu,30.0,0.45,0.95,13,7
787,2022,03/25,10.021.573.687.578.800,São Pedro do Iguaçu,30.0,0.45,0.95,13,7
788,2023,03/25,1.176.287.196.789.170,São Pedro do Iguaçu,30.0,0.45,0.95,13,7
789,2024,03/25,11.254.943.792.952.300,São Pedro do Iguaçu,30.0,0.45,0.95,13,7
790,2015,03/25,12.062.894.165.582.800,Toledo,30.0,0.45,0.95,13,7
791,2016,03/25,8.402.216.324.738.370,Toledo,30.0,0.45,0.95,13,7
792,2017,03/25,11.492.504.492.175.900,Toledo,30.0,0.45,0.95,13,7
793,2018,03/25,11.541.154.785.097.800,Toledo,30.0,0.45,0.95,13,7
794,2019,03/25,12.135.715.121.021.700,Toledo,30.0,0.45,0.95,13,7
795,2020,03/25,11.708.993.063.431.000,Toledo,30.0,0.45,0.95,13,7
796,2021,03/25,11.538.992.195.455.600,Toledo,30.0,0.45,0.95,13,7
797,2022,03/25,10.625.004.601.211.600,Toledo,30.0,0.45,0.95,13,7
798,2023,03/25,12.189.321.525.612.300,Toledo,30.0,0.45,0.95,13,7
799,2024,03/25,12.193.113.064.817.700,Toledo,30.0,0.45,0.95,13,7
800,2015,03/25,11.780.044.978.436.800,Cascavel,30.0,0.48,0.9,12,6
801,2016,03/25,6.437.877.531.994.850,Cascavel,30.0,0.48,0.9,12,6
802,2017,03/25,11.087.897.690.375.600,Cascavel,30.0,0.48,0.9,12,6
803,2018,03/25,10.757.879.088.230.600,Cascavel,30.0,0.48,0.9,12,6
804,2019,03/25,11.839.568.292.966.500,Cascavel,30.0,0.48,0.9,12,6
805,2020,03/25,10.896.969.827.442.300,Cascavel,30.0,0.48,0.9,12,6
806,2021,03/25,1.098.318.953.985.950,Cascavel,30.0,0.48,0.9,12,6
807,2022,03/25,10.249.559.223.470.700,Cascavel,30.0,0.48,0.9,12,6
808,2023,03/25,11.583.589.207.897.700,Cascavel,30.0,0.48,0.9,12,6
809,2024,03/25,11.884.436.628.031.900,Cascavel,30.0,0.48,0.9,12,6
810,2015,03/25,1.271.967.259.239.900,Foz do Iguaçu,30.0,0.48,0.9,12,6
811,2016,03/25,10.087.726.708.728.700,Foz do Iguaçu,30.0,0.48,0.9,12,6
812,2017,03/25,12.326.535.155.590.000,Foz do Iguaçu,30.0,0.48,0.9,12,6
813,2018,03/25,11.729.121.075.725.500,Foz do Iguaçu,30.0,0.48,0.9,12,6
814,2019,03/25,12.632.220.471.149.100,Foz do Iguaçu,30.0,0.48,0.9,12,6
815,2020,03/25,11.526.856.705.217.500,Foz do Iguaçu,30.0,0.48,0.9,12,6
816,2021,03/25,12.066.030.730.034.900,Foz do Iguaçu,30.0,0.48,0.9,12,6
817,2022,03/25,11.241.792.905.455.600,Foz do Iguaçu,30.0,0.48,0.9,12,6
818,2023,03/25,12.901.109.458.516.000,Foz do Iguaçu,30.0,0.48,0.9,12,6
819,2024,03/25,11.572.655.572.386.300,Foz do Iguaçu,30.0,0.48,0.9,12,6
820,2015,03/25,13.147.781.661.710.200,Guaíra,30.0,0.48,0.9,12,6
821,2016,03/25,10.766.482.670.267.300,Guaíra,30.0,0.48,0.9,12,6
822,2017,03/25,12.555.627.116.253.700,Guaíra,30.0,0.48,0.9,12,6
823,2018,03/25,12.508.026.009.070.400,Guaíra,30.0,0.48,0.9,12,6
824,2019,03/25,13.101.838.800.363.600,Guaíra,30.0,0.48,0.9,12,6
825,2020,03/25,12.776.915.779.213.200,Guaíra,30.0,0.48,0.9,12,6
826,2021,03/25,1.230.471.244.981.930,Guaíra,30.0,0.48,0.9,12,6
827,2022,03/25,11.869.519.337.613.300,Guaíra,30.0,0.48,0.9,12,6
828,2023,03/25,1.299.461.582.711.780,Guaíra,30.0,0.48,0.9,12,6
829,2024,03/25,13.093.934.884.003.900,Guaíra,30.0,0.48,0.9,12,6
830,2015,03/25,13.158.228.845.028.800,Marechal Cândido Rondon,30.0,0.48,0.9,12,6
831,2016,03/25,10.852.119.588.662.900,Marechal Cândido Rondon,30.0,0.48,0.9,12,6
832,2017,03/25,12.664.368.474.015.600,Marechal Cândido Rondon,30.0,0.48,0.9,12,6
833,2018,03/25,12.562.031.828.242.300,Marechal Cândido Rondon,30.0,0.48,0.9,12,6
834,2019,03/25,13.099.062.330.822.300,Marechal Cândido Rondon,30.0,0.48,0.9,12,6
835,2020,03/25,12.661.720.335.914.100,Marechal Cândido Rondon,30.0,0.48,0.9,12,6
836,2021,03/25,12.569.583.471.557.200,Marechal Cândido Rondon,30.0,0.48,0.9,12,6
837,2022,03/25,11.909.811.263.277.300,Marechal Cândido Rondon,30.0,0.48,0.9,12,6
838,2023,03/25,13.133.498.028.313.400,Marechal Cândido Rondon,30.0,0.48,0.9,12,6
839,2024,03/25,12.774.855.390.609.300,Marechal Cândido Rondon,30.0,0.48,0.9,12,6
840,2015,03/25,1.218.922.414.201.000,Matelândia,30.0,0.48,0.9,12,6
841,2016,03/25,7.313.792.419.196.600,Matelândia,30.0,0.48,0.9,12,6
842,2017,03/25,11.840.548.680.439.700,Matelândia,30.0,0.48,0.9,12,6
843,2018,03/25,1.114.224.068.458.850,Matelândia,30.0,0.48,0.9,12,6
844,2019,03/25,12.226.662.859.225.000,Matelândia,30.0,0.48,0.9,12,6
845,2020,03/25,11.152.099.333.253.100,Matelândia,30.0,0.48,0.9,12,6
846,2021,03/25,11.719.456.091.422.500,Matelândia,30.0,0.48,0.9,12,6
847,2022,03/25,10.747.436.935.883.700,Matelândia,30.0,0.48,0.9,12,6
848,2023,03/25,12.406.424.733.983.200,Matelândia,30.0,0.48,0.9,12,6
849,2024,03/25,11.582.238.554.030.300,Matelândia,30.0,0.48,0.9,12,6
850,2015,03/25,12.719.672.592.399.000,Medianeira,30.0,0.48,0.9,12,6
851,2016,03/25,10.087.323.374.115.000,Medianeira,30.0,0.48,0.9,12,6
852,2017,03/25,1.232.649.699.379.370,Medianeira,30.0,0.48,0.9,12,6
853,2018,03/25,11.728.833.401.122.800,Medianeira,30.0,0.48,0.9,12,6
854,2019,03/25,12.632.183.813.571.300,Medianeira,30.0,0.48,0.9,12,6
855,2020,03/25,11.526.585.665.605.600,Medianeira,30.0,0.48,0.9,12,6
856,2021,03/25,12.065.174.318.471.400,Medianeira,30.0,0.48,0.9,12,6
857,2022,03/25,11.241.792.905.455.600,Medianeira,30.0,0.48,0.9,12,6
858,2023,03/25,12.900.718.728.612.300,Medianeira,30.0,0.48,0.9,12,6
859,2024,03/25,11.572.544.622.082.300,Medianeira,30.0,0.48,0.9,12,6
860,2015,03/25,13.117.950.474.217.800,Santa Helena,30.0,0.48,0.9,12,6
861,2016,03/25,10.814.277.865.155.100,Santa Helena,30.0,0.48,0.9,12,6
862,2017,03/25,1.265.517.589.550.250,Santa Helena,30.0,0.48,0.9,12,6
863,2018,03/25,12.304.866.993.970.000,Santa Helena,30.0,0.48,0.9,12,6
864,2019,03/25,12.944.696.864.578.400,Santa Helena,30.0,0.48,0.9,12,6
865,2020,03/25,12.342.523.046.589.100,Santa Helena,30.0,0.48,0.9,12,6
866,2021,03/25,124.367.928.267.373,Santa Helena,30.0,0.48,0.9,12,6
867,2022,03/25,11.872.282.218.719.500,Santa Helena,30.0,0.48,0.9,12,6
868,2023,03/25,13.188.114.590.905.400,Santa Helena,30.0,0.48,0.9,12,6
869,2024,03/25,12.273.102.411.368.900,Santa Helena,30.0,0.48,0.9,12,6
870,2015,03/25,12.719.672.592.399.000,São Miguel do Iguaçu,30.0,0.48,0.9,12,6
871,2016,03/25,10.087.649.664.685.400,São Miguel do Iguaçu,30.0,0.48,0.9,12,6
872,2017,03/25,12.326.522.209.628.100,São Miguel do Iguaçu,30.0,0.48,0.9,12,6
873,2018,03/25,11.729.072.093.588.900,São Miguel do Iguaçu,30.0,0.48,0.9,12,6
874,2019,03/25,12.632.217.180.834.600,São Miguel do Iguaçu,30.0,0.48,0.9,12,6
875,2020,03/25,1.152.681.608.373.770,São Miguel do Iguaçu,30.0,0.48,0.9,12,6
876,2021,03/25,12.065.917.687.723.300,São Miguel do Iguaçu,30.0,0.48,0.9,12,6
877,2022,03/25,11.241.792.905.455.600,São Miguel do Iguaçu,30.0,0.48,0.9,12,6
878,2023,03/25,12.901.079.728.363.700,São Miguel do Iguaçu,30.0,0.48,0.9,12,6
879,2024,03/25,11.572.629.091.331.200,São Miguel do Iguaçu,30.0,0.48,0.9,12,6
880,2015,03/25,11.844.900.070.430.900,São Pedro do Iguaçu,30.0,0.48,0.9,12,6
881,2016,03/25,5.979.954.208.738.970,São Pedro do Iguaçu,30.0,0.48,0.9,12,6
882,2017,03/25,11.424.165.183.321.200,São Pedro do Iguaçu,30.0,0.48,0.9,12,6
883,2018,03/25,11.075.609.619.972.400,São Pedro do Iguaçu,30.0,0.48,0.9,12,6
884,2019,03/25,1.200.178.550.499.170,São Pedro do Iguaçu,30.0,0.48,0.9,12,6
885,2020,03/25,11.068.171.428.447.400,São Pedro do Iguaçu,30.0,0.48,0.9,12,6
886,2021,03/25,11.463.424.066.101.600,São Pedro do Iguaçu,30.0,0.48,0.9,12,6
887,2022,03/25,10.370.834.812.728.200,São Pedro do Iguaçu,30.0,0.48,0.9,12,6
888,2023,03/25,12.161.837.784.775.900,São Pedro do Iguaçu,30.0,0.48,0.9,12,6
889,2024,03/25,11.637.820.862.416.800,São Pedro do Iguaçu,30.0,0.48,0.9,12,6
890,2015,03/25,12.475.327.967.949.300,Toledo,30.0,0.48,0.9,12,6
891,2016,03/25,8.687.230.729.540.460,Toledo,30.0,0.48,0.9,12,6
892,2017,03/25,11.881.166.815.102.000,Toledo,30.0,0.48,0.9,12,6
893,2018,03/25,11.939.193.808.418,Toledo,30.0,0.48,0.9,12,6
894,2019,03/25,12.549.784.361.992.000,Toledo,30.0,0.48,0.9,12,6
895,2020,03/25,12.111.958.565.139.400,Toledo,30.0,0.48,0.9,12,6
896,2021,03/25,1.194.752.895.289.550,Toledo,30.0,0.48,0.9,12,6
897,2022,03/25,10.992.881.052.085.100,Toledo,30.0,0.48,0.9,12,6
898,2023,03/25,12.602.461.590.219.700,Toledo,30.0,0.48,0.9,12,6
899,2024,03/25,12.607.215.836.381.700,Toledo,30.0,0.48,0.9,12,6
900,2015,03/25,11.780.044.978.436.800,Cascavel,30.0,0.48,0.9,12,7
901,2016,03/25,6.437.877.531.994.850,Cascavel,30.0,0.48,0.9,12,7
902,2017,03/25,11.087.897.690.375.600,Cascavel,30.0,0.48,0.9,12,7
903,2018,03/25,10.757.879.088.230.600,Cascavel,30.0,0.48,0.9,12,7
904,2019,03/25,11.839.568.292.966.500,Cascavel,30.0,0.48,0.9,12,7
905,2020,03/25,10.896.969.827.442.300,Cascavel,30.0,0.48,0.9,12,7
906,2021,03/25,1.098.318.953.985.950,Cascavel,30.0,0.48,0.9,12,7
907,2022,03/25,10.249.559.223.470.700,Cascavel,30.0,0.48,0.9,12,7
908,2023,03/25,11.583.589.207.897.700,Cascavel,30.0,0.48,0.9,12,7
909,2024,03/25,11.884.436.628.031.900,Cascavel,30.0,0.48,0.9,12,7
910,2015,03/25,1.271.967.259.239.900,Foz do Iguaçu,30.0,0.48,0.9,12,7
911,2016,03/25,10.087.726.708.728.700,Foz do Iguaçu,30.0,0.48,0.9,12,7
912,2017,03/25,12.326.535.155.590.000,Foz do Iguaçu,30.0,0.48,0.9,12,7
913,2018,03/25,11.729.121.075.725.500,Foz do Iguaçu,30.0,0.48,0.9,12,7
914,2019,03/25,12.632.220.471.149.100,Foz do Iguaçu,30.0,0.48,0.9,12,7
915,2020,03/25,11.526.856.705.217.500,Foz do Iguaçu,30.0,0.48,0.9,12,7
916,2021,03/25,12.066.030.730.034.900,Foz do Iguaçu,30.0,0.48,0.9,12,7
917,2022,03/25,11.241.792.905.455.600,Foz do Iguaçu,30.0,0.48,0.9,12,7
918,2023,03/25,12.901.109.458.516.000,Foz do Iguaçu,30.0,0.48,0.9,12,7
919,2024,03/25,11.572.655.572.386.300,Foz do Iguaçu,30.0,0.48,0.9,12,7
920,2015,03/25,13.147.781.661.710.200,Guaíra,30.0,0.48,0.9,12,7
921,2016,03/25,10.766.482.670.267.300,Guaíra,30.0,0.48,0.9,12,7
922,2017,03/25,12.555.627.116.253.700,Guaíra,30.0,0.48,0.9,12,7
923,2018,03/25,12.508.026.009.070.400,Guaíra,30.0,0.48,0.9,12,7
924,2019,03/25,13.101.838.800.363.600,Guaíra,30.0,0.48,0.9,12,7
925,2020,03/25,12.776.915.779.213.200,Guaíra,30.0,0.48,0.9,12,7
926,2021,03/25,1.230.471.244.981.930,Guaíra,30.0,0.48,0.9,12,7
927,2022,03/25,11.869.519.337.613.300,Guaíra,30.0,0.48,0.9,12,7
928,2023,03/25,1.299.461.582.711.780,Guaíra,30.0,0.48,0.9,12,7
929,2024,03/25,13.093.934.884.003.900,Guaíra,30.0,0.48,0.9,12,7
930,2015,03/25,13.158.228.845.028.800,Marechal Cândido Rondon,30.0,0.48,0.9,12,7
931,2016,03/25,10.852.119.588.662.900,Marechal Cândido Rondon,30.0,0.48,0.9,12,7
932,2017,03/25,12.664.368.474.015.600,Marechal Cândido Rondon,30.0,0.48,0.9,12,7
933,2018,03/25,12.562.031.828.242.300,Marechal Cândido Rondon,30.0,0.48,0.9,12,7
934,2019,03/25,13.099.062.330.822.300,Marechal Cândido Rondon,30.0,0.48,0.9,12,7
935,2020,03/25,12.661.720.335.914.100,Marechal Cândido Rondon,30.0,0.48,0.9,12,7
936,2021,03/25,12.569.583.471.557.200,Marechal Cândido Rondon,30.0,0.48,0.9,12,7
937,2022,03/25,11.909.811.263.277.300,Marechal Cândido Rondon,30.0,0.48,0.9,12,7
938,2023,03/25,13.133.498.028.313.400,Marechal Cândido Rondon,30.0,0.48,0.9,12,7
939,2024,03/25,12.774.855.390.609.300,Marechal Cândido Rondon,30.0,0.48,0.9,12,7
940,2015,03/25,1.218.922.414.201.000,Matelândia,30.0,0.48,0.9,12,7
941,2016,03/25,7.313.792.419.196.600,Matelândia,30.0,0.48,0.9,12,7
942,2017,03/25,11.840.548.680.439.700,Matelândia,30.0,0.48,0.9,12,7
943,2018,03/25,1.114.224.068.458.850,Matelândia,30.0,0.48,0.9,12,7
944,2019,03/25,12.226.662.859.225.000,Matelândia,30.0,0.48,0.9,12,7
945,2020,03/25,11.152.099.333.253.100,Matelândia,30.0,0.48,0.9,12,7
946,2021,03/25,11.719.456.091.422.500,Matelândia,30.0,0.48,0.9,12,7
947,2022,03/25,10.747.436.935.883.700,Matelândia,30.0,0.48,0.9,12,7
948,2023,03/25,12.406.424.733.983.200,Matelândia,30.0,0.48,0.9,12,7
949,2024,03/25,11.582.238.554.030.300,Matelândia,30.0,0.48,0.9,12,7
950,2015,03/25,12.719.672.592.399.000,Medianeira,30.0,0.48,0.9,12,7
951,2016,03/25,10.087.323.374.115.000,Medianeira,30.0,0.48,0.9,12,7
952,2017,03/25,1.232.649.699.379.370,Medianeira,30.0,0.48,0.9,12,7
953,2018,03/25,11.728.833.401.122.800,Medianeira,30.0,0.48,0.9,12,7
954,2019,03/25,12.632.183.813.571.300,Medianeira,30.0,0.48,0.9,12,7
955,2020,03/25,11.526.585.665.605.600,Medianeira,30.0,0.48,0.9,12,7
956,2021,03/25,12.065.174.318.471.400,Medianeira,30.0,0.48,0.9,12,7
957,2022,03/25,11.241.792.905.455.600,Medianeira,30.0,0.48,0.9,12,7
958,2023,03/25,12.900.718.728.612.300,Medianeira,30.0,0.48,0.9,12,7
959,2024,03/25,11.572.544.622.082.300,Medianeira,30.0,0.48,0.9,12,7
960,2015,03/25,13.117.950.474.217.800,Santa Helena,30.0,0.48,0.9,12,7
961,2016,03/25,10.814.277.865.155.100,Santa Helena,30.0,0.48,0.9,12,7
962,2017,03/25,1.265.517.589.550.250,Santa Helena,30.0,0.48,0.9,12,7
963,2018,03/25,12.304.866.993.970.000,Santa Helena,30.0,0.48,0.9,12,7
964,2019,03/25,12.944.696.864.578.400,Santa Helena,30.0,0.48,0.9,12,7
965,2020,03/25,12.342.523.046.589.100,Santa Helena,30.0,0.48,0.9,12,7
966,2021,03/25,124.367.928.267.373,Santa Helena,30.0,0.48,0.9,12,7
967,2022,03/25,11.872.282.218.719.500,Santa Helena,30.0,0.48,0.9,12,7
968,2023,03/25,13.188.114.590.905.400,Santa Helena,30.0,0.48,0.9,12,7
969,2024,03/25,12.273.102.411.368.900,Santa Helena,30.0,0.48,0.9,12,7
970,2015,03/25,12.719.672.592.399.000,São Miguel do Iguaçu,30.0,0.48,0.9,12,7
971,2016,03/25,10.087.649.664.685.400,São Miguel do Iguaçu,30.0,0.48,0.9,12,7
972,2017,03/25,12.326.522.209.628.100,São Miguel do Iguaçu,30.0,0.48,0.9,12,7
973,2018,03/25,11.729.072.093.588.900,São Miguel do Iguaçu,30.0,0.48,0.9,12,7
974,2019,03/25,12.632.217.180.834.600,São Miguel do Iguaçu,30.0,0.48,0.9,12,7
975,2020,03/25,1.152.681.608.373.770,São Miguel do Iguaçu,30.0,0.48,0.9,12,7
976,2021,03/25,12.065.917.687.723.300,São Miguel do Iguaçu,30.0,0.48,0.9,12,7
977,2022,03/25,11.241.792.905.455.600,São Miguel do Iguaçu,30.0,0.48,0.9,12,7
978,2023,03/25,12.901.079.728.363.700,São Miguel do Iguaçu,30.0,0.48,0.9,12,7
979,2024,03/25,11.572.629.091.331.200,São Miguel do Iguaçu,30.0,0.48,0.9,12,7
980,2015,03/25,11.844.900.070.430.900,São Pedro do Iguaçu,30.0,0.48,0.9,12,7
981,2016,03/25,5.979.954.208.738.970,São Pedro do Iguaçu,30.0,0.48,0.9,12,7
982,2017,03/25,11.424.165.183.321.200,São Pedro do Iguaçu,30.0,0.48,0.9,12,7
983,2018,03/25,11.075.609.619.972.400,São Pedro do Iguaçu,30.0,0.48,0.9,12,7
984,2019,03/25,1.200.178.550.499.170,São Pedro do Iguaçu,30.0,0.48,0.9,12,7
985,2020,03/25,11.068.171.428.447.400,São Pedro do Iguaçu,30.0,0.48,0.9,12,7
986,2021,03/25,11.463.424.066.101.600,São Pedro do Iguaçu,30.0,0.48,0.9,12,7
987,2022,03/25,10.370.834.812.728.200,São Pedro do Iguaçu,30.0,0.48,0.9,12,7
988,2023,03/25,12.161.837.784.775.900,São Pedro do Iguaçu,30.0,0.48,0.9,12,7
989,2024,03/25,11.637.820.862.416.800,São Pedro do Iguaçu,30.0,0.48,0.9,12,7
990,2015,03/25,12.475.327.967.949.300,Toledo,30.0,0.48,0.9,12,7
991,2016,03/25,8.687.230.729.540.460,Toledo,30.0,0.48,0.9,12,7
992,2017,03/25,11.881.166.815.102.000,Toledo,30.0,0.48,0.9,12,7
993,2018,03/25,11.939.193.808.418,Toledo,30.0,0.48,0.9,12,7
994,2019,03/25,12.549.784.361.992.000,Toledo,30.0,0.48,0.9,12,7
995,2020,03/25,12.111.958.565.139.400,Toledo,30.0,0.48,0.9,12,7
996,2021,03/25,1.194.752.895.289.550,Toledo,30.0,0.48,0.9,12,7
997,2022,03/25,10.992.881.052.085.100,Toledo,30.0,0.48,0.9,12,7
998,2023,03/25,12.602.461.590.219.700,Toledo,30.0,0.48,0.9,12,7
999,2024,03/25,12.607.215.836.381.700,Toledo,30.0,0.48,0.9,12,7
1000,2015,03/25,11.780.044.978.436.800,Cascavel,30.0,0.48,0.9,13,6
1001,2016,03/25,6.437.877.531.994.850,Cascavel,30.0,0.48,0.9,13,6
1002,2017,03/25,11.087.897.690.375.600,Cascavel,30.0,0.48,0.9,13,6
1003,2018,03/25,10.757.879.088.230.600,Cascavel,30.0,0.48,0.9,13,6
1004,2019,03/25,11.839.568.292.966.500,Cascavel,30.0,0.48,0.9,13,6
1005,2020,03/25,10.896.969.827.442.300,Cascavel,30.0,0.48,0.9,13,6
1006,2021,03/25,1.098.318.953.985.950,Cascavel,30.0,0.48,0.9,13,6
1007,2022,03/25,10.249.559.223.470.700,Cascavel,30.0,0.48,0.9,13,6
1008,2023,03/25,11.583.589.207.897.700,Cascavel,30.0,0.48,0.9,13,6
1009,2024,03/25,11.884.436.628.031.900,Cascavel,30.0,0.48,0.9,13,6
1010,2015,03/25,1.271.967.259.239.900,Foz do Iguaçu,30.0,0.48,0.9,13,6
1011,2016,03/25,10.087.726.708.728.700,Foz do Iguaçu,30.0,0.48,0.9,13,6
1012,2017,03/25,12.326.535.155.590.000,Foz do Iguaçu,30.0,0.48,0.9,13,6
1013,2018,03/25,11.729.121.075.725.500,Foz do Iguaçu,30.0,0.48,0.9,13,6
1014,2019,03/25,12.632.220.471.149.100,Foz do Iguaçu,30.0,0.48,0.9,13,6
1015,2020,03/25,11.526.856.705.217.500,Foz do Iguaçu,30.0,0.48,0.9,13,6
1016,2021,03/25,12.066.030.730.034.900,Foz do Iguaçu,30.0,0.48,0.9,13,6
1017,2022,03/25,11.241.792.905.455.600,Foz do Iguaçu,30.0,0.48,0.9,13,6
1018,2023,03/25,12.901.109.458.516.000,Foz do Iguaçu,30.0,0.48,0.9,13,6
1019,2024,03/25,11.572.655.572.386.300,Foz do Iguaçu,30.0,0.48,0.9,13,6
1020,2015,03/25,13.147.781.661.710.200,Guaíra,30.0,0.48,0.9,13,6
1021,2016,03/25,10.766.482.670.267.300,Guaíra,30.0,0.48,0.9,13,6
1022,2017,03/25,12.555.627.116.253.700,Guaíra,30.0,0.48,0.9,13,6
1023,2018,03/25,12.508.026.009.070.400,Guaíra,30.0,0.48,0.9,13,6
1024,2019,03/25,13.101.838.800.363.600,Guaíra,30.0,0.48,0.9,13,6
1025,2020,03/25,12.776.915.779.213.200,Guaíra,30.0,0.48,0.9,13,6
1026,2021,03/25,1.230.471.244.981.930,Guaíra,30.0,0.48,0.9,13,6
1027,2022,03/25,11.869.519.337.613.300,Guaíra,30.0,0.48,0.9,13,6
1028,2023,03/25,1.299.461.582.711.780,Guaíra,30.0,0.48,0.9,13,6
1029,2024,03/25,13.093.934.884.003.900,Guaíra,30.0,0.48,0.9,13,6
1030,2015,03/25,13.158.228.845.028.800,Marechal Cândido Rondon,30.0,0.48,0.9,13,6
1031,2016,03/25,10.852.119.588.662.900,Marechal Cândido Rondon,30.0,0.48,0.9,13,6
1032,2017,03/25,12.664.368.474.015.600,Marechal Cândido Rondon,30.0,0.48,0.9,13,6
1033,2018,03/25,12.562.031.828.242.300,Marechal Cândido Rondon,30.0,0.48,0.9,13,6
1034,2019,03/25,13.099.062.330.822.300,Marechal Cândido Rondon,30.0,0.48,0.9,13,6
1035,2020,03/25,12.661.720.335.914.100,Marechal Cândido Rondon,30.0,0.48,0.9,13,6
1036,2021,03/25,12.569.583.471.557.200,Marechal Cândido Rondon,30.0,0.48,0.9,13,6
1037,2022,03/25,11.909.811.263.277.300,Marechal Cândido Rondon,30.0,0.48,0.9,13,6
1038,2023,03/25,13.133.498.028.313.400,Marechal Cândido Rondon,30.0,0.48,0.9,13,6
1039,2024,03/25,12.774.855.390.609.300,Marechal Cândido Rondon,30.0,0.48,0.9,13,6
1040,2015,03/25,1.218.922.414.201.000,Matelândia,30.0,0.48,0.9,13,6
1041,2016,03/25,7.313.792.419.196.600,Matelândia,30.0,0.48,0.9,13,6
1042,2017,03/25,11.840.548.680.439.700,Matelândia,30.0,0.48,0.9,13,6
1043,2018,03/25,1.114.224.068.458.850,Matelândia,30.0,0.48,0.9,13,6
1044,2019,03/25,12.226.662.859.225.000,Matelândia,30.0,0.48,0.9,13,6
1045,2020,03/25,11.152.099.333.253.100,Matelândia,30.0,0.48,0.9,13,6
1046,2021,03/25,11.719.456.091.422.500,Matelândia,30.0,0.48,0.9,13,6
1047,2022,03/25,10.747.436.935.883.700,Matelândia,30.0,0.48,0.9,13,6
1048,2023,03/25,12.406.424.733.983.200,Matelândia,30.0,0.48,0.9,13,6
1049,2024,03/25,11.582.238.554.030.300,Matelândia,30.0,0.48,0.9,13,6
1050,2015,03/25,12.719.672.592.399.000,Medianeira,30.0,0.48,0.9,13,6
1051,2016,03/25,10.087.323.374.115.000,Medianeira,30.0,0.48,0.9,13,6
1052,2017,03/25,1.232.649.699.379.370,Medianeira,30.0,0.48,0.9,13,6
1053,2018,03/25,11.728.833.401.122.800,Medianeira,30.0,0.48,0.9,13,6
1054,2019,03/25,12.632.183.813.571.300,Medianeira,30.0,0.48,0.9,13,6
1055,2020,03/25,11.526.585.665.605.600,Medianeira,30.0,0.48,0.9,13,6
1056,2021,03/25,12.065.174.318.471.400,Medianeira,30.0,0.48,0.9,13,6
1057,2022,03/25,11.241.792.905.455.600,Medianeira,30.0,0.48,0.9,13,6
1058,2023,03/25,12.900.718.728.612.300,Medianeira,30.0,0.48,0.9,13,6
1059,2024,03/25,11.572.544.622.082.300,Medianeira,30.0,0.48,0.9,13,6
1060,2015,03/25,13.117.950.474.217.800,Santa Helena,30.0,0.48,0.9,13,6
1061,2016,03/25,10.814.277.865.155.100,Santa Helena,30.0,0.48,0.9,13,6
1062,2017,03/25,1.265.517.589.550.250,Santa Helena,30.0,0.48,0.9,13,6
1063,2018,03/25,12.304.866.993.970.000,Santa Helena,30.0,0.48,0.9,13,6
1064,2019,03/25,12.944.696.864.578.400,Santa Helena,30.0,0.48,0.9,13,6
1065,2020,03/25,12.342.523.046.589.100,Santa Helena,30.0,0.48,0.9,13,6
1066,2021,03/25,124.367.928.267.373,Santa Helena,30.0,0.48,0.9,13,6
1067,2022,03/25,11.872.282.218.719.500,Santa Helena,30.0,0.48,0.9,13,6
1068,2023,03/25,13.188.114.590.905.400,Santa Helena,30.0,0.48,0.9,13,6
1069,2024,03/25,12.273.102.411.368.900,Santa Helena,30.0,0.48,0.9,13,6
1070,2015,03/25,12.719.672.592.399.000,São Miguel do Iguaçu,30.0,0.48,0.9,13,6
1071,2016,03/25,10.087.649.664.685.400,São Miguel do Iguaçu,30.0,0.48,0.9,13,6
1072,2017,03/25,12.326.522.209.628.100,São Miguel do Iguaçu,30.0,0.48,0.9,13,6
1073,2018,03/25,11.729.072.093.588.900,São Miguel do Iguaçu,30.0,0.48,0.9,13,6
1074,2019,03/25,12.632.217.180.834.600,São Miguel do Iguaçu,30.0,0.48,0.9,13,6
1075,2020,03/25,1.152.681.608.373.770,São Miguel do Iguaçu,30.0,0.48,0.9,13,6
1076,2021,03/25,12.065.917.687.723.300,São Miguel do Iguaçu,30.0,0.48,0.9,13,6
1077,2022,03/25,11.241.792.905.455.600,São Miguel do Iguaçu,30.0,0.48,0.9,13,6
1078,2023,03/25,12.901.079.728.363.700,São Miguel do Iguaçu,30.0,0.48,0.9,13,6
1079,2024,03/25,11.572.629.091.331.200,São Miguel do Iguaçu,30.0,0.48,0.9,13,6
1080,2015,03/25,11.844.900.070.430.900,São Pedro do Iguaçu,30.0,0.48,0.9,13,6
1081,2016,03/25,5.979.954.208.738.970,São Pedro do Iguaçu,30.0,0.48,0.9,13,6
1082,2017,03/25,11.424.165.183.321.200,São Pedro do Iguaçu,30.0,0.48,0.9,13,6
1083,2018,03/25,11.075.609.619.972.400,São Pedro do Iguaçu,30.0,0.48,0.9,13,6
1084,2019,03/25,1.200.178.550.499.170,São Pedro do Iguaçu,30.0,0.48,0.9,13,6
1085,2020,03/25,11.068.171.428.447.400,São Pedro do Iguaçu,30.0,0.48,0.9,13,6
1086,2021,03/25,11.463.424.066.101.600,São Pedro do Iguaçu,30.0,0.48,0.9,13,6
1087,2022,03/25,10.370.834.812.728.200,São Pedro do Iguaçu,30.0,0.48,0.9,13,6
1088,2023,03/25,12.161.837.784.775.900,São Pedro do Iguaçu,30.0,0.48,0.9,13,6
1089,2024,03/25,11.637.820.862.416.800,São Pedro do Iguaçu,30.0,0.48,0.9,13,6
1090,2015,03/25,12.475.327.967.949.300,Toledo,30.0,0.48,0.9,13,6
1091,2016,03/25,8.687.230.729.540.460,Toledo,30.0,0.48,0.9,13,6
1092,2017,03/25,11.881.166.815.102.000,Toledo,30.0,0.48,0.9,13,6
1093,2018,03/25,11.939.193.808.418,Toledo,30.0,0.48,0.9,13,6
1094,2019,03/25,12.549.784.361.992.000,Toledo,30.0,0.48,0.9,13,6
1095,2020,03/25,12.111.958.565.139.400,Toledo,30.0,0.48,0.9,13,6
1096,2021,03/25,1.194.752.895.289.550,Toledo,30.0,0.48,0.9,13,6
1097,2022,03/25,10.992.881.052.085.100,Toledo,30.0,0.48,0.9,13,6
1098,2023,03/25,12.602.461.590.219.700,Toledo,30.0,0.48,0.9,13,6
1099,2024,03/25,12.607.215.836.381.700,Toledo,30.0,0.48,0.9,13,6
1100,2015,03/25,11.780.044.978.436.800,Cascavel,30.0,0.48,0.9,13,7
1101,2016,03/25,6.437.877.531.994.850,Cascavel,30.0,0.48,0.9,13,7
1102,2017,03/25,11.087.897.690.375.600,Cascavel,30.0,0.48,0.9,13,7
1103,2018,03/25,10.757.879.088.230.600,Cascavel,30.0,0.48,0.9,13,7
1104,2019,03/25,11.839.568.292.966.500,Cascavel,30.0,0.48,0.9,13,7
1105,2020,03/25,10.896.969.827.442.300,Cascavel,30.0,0.48,0.9,13,7
1106,2021,03/25,1.098.318.953.985.950,Cascavel,30.0,0.48,0.9,13,7
1107,2022,03/25,10.249.559.223.470.700,Cascavel,30.0,0.48,0.9,13,7
1108,2023,03/25,11.583.589.207.897.700,Cascavel,30.0,0.48,0.9,13,7
1109,2024,03/25,11.884.436.628.031.900,Cascavel,30.0,0.48,0.9,13,7
1110,2015,03/25,1.271.967.259.239.900,Foz do Iguaçu,30.0,0.48,0.9,13,7
1111,2016,03/25,10.087.726.708.728.700,Foz do Iguaçu,30.0,0.48,0.9,13,7
1112,2017,03/25,12.326.535.155.590.000,Foz do Iguaçu,30.0,0.48,0.9,13,7
1113,2018,03/25,11.729.121.075.725.500,Foz do Iguaçu,30.0,0.48,0.9,13,7
1114,2019,03/25,12.632.220.471.149.100,Foz do Iguaçu,30.0,0.48,0.9,13,7
1115,2020,03/25,11.526.856.705.217.500,Foz do Iguaçu,30.0,0.48,0.9,13,7
1116,2021,03/25,12.066.030.730.034.900,Foz do Iguaçu,30.0,0.48,0.9,13,7
1117,2022,03/25,11.241.792.905.455.600,Foz do Iguaçu,30.0,0.48,0.9,13,7
1118,2023,03/25,12.901.109.458.516.000,Foz do Iguaçu,30.0,0.48,0.9,13,7
1119,2024,03/25,11.572.655.572.386.300,Foz do Iguaçu,30.0,0.48,0.9,13,7
1120,2015,03/25,13.147.781.661.710.200,Guaíra,30.0,0.48,0.9,13,7
1121,2016,03/25,10.766.482.670.267.300,Guaíra,30.0,0.48,0.9,13,7
1122,2017,03/25,12.555.627.116.253.700,Guaíra,30.0,0.48,0.9,13,7
1123,2018,03/25,12.508.026.009.070.400,Guaíra,30.0,0.48,0.9,13,7
1124,2019,03/25,13.101.838.800.363.600,Guaíra,30.0,0.48,0.9,13,7
1125,2020,03/25,12.776.915.779.213.200,Guaíra,30.0,0.48,0.9,13,7
1126,2021,03/25,1.230.471.244.981.930,Guaíra,30.0,0.48,0.9,13,7
1127,2022,03/25,11.869.519.337.613.300,Guaíra,30.0,0.48,0.9,13,7
1128,2023,03/25,1.299.461.582.711.780,Guaíra,30.0,0.48,0.9,13,7
1129,2024,03/25,13.093.934.884.003.900,Guaíra,30.0,0.48,0.9,13,7
1130,2015,03/25,13.158.228.845.028.800,Marechal Cândido Rondon,30.0,0.48,0.9,13,7
1131,2016,03/25,10.852.119.588.662.900,Marechal Cândido Rondon,30.0,0.48,0.9,13,7
1132,2017,03/25,12.664.368.474.015.600,Marechal Cândido Rondon,30.0,0.48,0.9,13,7
1133,2018,03/25,12.562.031.828.242.300,Marechal Cândido Rondon,30.0,0.48,0.9,13,7
1134,2019,03/25,13.099.062.330.822.300,Marechal Cândido Rondon,30.0,0.48,0.9,13,7
1135,2020,03/25,12.661.720.335.914.100,Marechal Cândido Rondon,30.0,0.48,0.9,13,7
1136,2021,03/25,12.569.583.471.557.200,Marechal Cândido Rondon,30.0,0.48,0.9,13,7
1137,2022,03/25,11.909.811.263.277.300,Marechal Cândido Rondon,30.0,0.48,0.9,13,7
1138,2023,03/25,13.133.498.028.313.400,Marechal Cândido Rondon,30.0,0.48,0.9,13,7
1139,2024,03/25,12.774.855.390.609.300,Marechal Cândido Rondon,30.0,0.48,0.9,13,7
1140,2015,03/25,1.218.922.414.201.000,Matelândia,30.0,0.48,0.9,13,7
1141,2016,03/25,7.313.792.419.196.600,Matelândia,30.0,0.48,0.9,13,7
1142,2017,03/25,11.840.548.680.439.700,Matelândia,30.0,0.48,0.9,13,7
1143,2018,03/25,1.114.224.068.458.850,Matelândia,30.0,0.48,0.9,13,7
1144,2019,03/25,12.226.662.859.225.000,Matelândia,30.0,0.48,0.9,13,7
1145,2020,03/25,11.152.099.333.253.100,Matelândia,30.0,0.48,0.9,13,7
1146,2021,03/25,11.719.456.091.422.500,Matelândia,30.0,0.48,0.9,13,7
1147,2022,03/25,10.747.436.935.883.700,Matelândia,30.0,0.48,0.9,13,7
1148,2023,03/25,12.406.424.733.983.200,Matelândia,30.0,0.48,0.9,13,7
1149,2024,03/25,11.582.238.554.030.300,Matelândia,30.0,0.48,0.9,13,7
1150,2015,03/25,12.719.672.592.399.000,Medianeira,30.0,0.48,0.9,13,7
1151,2016,03/25,10.087.323.374.115.000,Medianeira,30.0,0.48,0.9,13,7
1152,2017,03/25,1.232.649.699.379.370,Medianeira,30.0,0.48,0.9,13,7
1153,2018,03/25,11.728.833.401.122.800,Medianeira,30.0,0.48,0.9,13,7
1154,2019,03/25,12.632.183.813.571.300,Medianeira,30.0,0.48,0.9,13,7
1155,2020,03/25,11.526.585.665.605.600,Medianeira,30.0,0.48,0.9,13,7
1156,2021,03/25,12.065.174.318.471.400,Medianeira,30.0,0.48,0.9,13,7
1157,2022,03/25,11.241.792.905.455.600,Medianeira,30.0,0.48,0.9,13,7
1158,2023,03/25,12.900.718.728.612.300,Medianeira,30.0,0.48,0.9,13,7
1159,2024,03/25,11.572.544.622.082.300,Medianeira,30.0,0.48,0.9,13,7
1160,2015,03/25,13.117.950.474.217.800,Santa Helena,30.0,0.48,0.9,13,7
1161,2016,03/25,10.814.277.865.155.100,Santa Helena,30.0,0.48,0.9,13,7
1162,2017,03/25,1.265.517.589.550.250,Santa Helena,30.0,0.48,0.9,13,7
1163,2018,03/25,12.304.866.993.970.000,Santa Helena,30.0,0.48,0.9,13,7
1164,2019,03/25,12.944.696.864.578.400,Santa Helena,30.0,0.48,0.9,13,7
1165,2020,03/25,12.342.523.046.589.100,Santa Helena,30.0,0.48,0.9,13,7
1166,2021,03/25,124.367.928.267.373,Santa Helena,30.0,0.48,0.9,13,7
1167,2022,03/25,11.872.282.218.719.500,Santa Helena,30.0,0.48,0.9,13,7
1168,2023,03/25,13.188.114.590.905.400,Santa Helena,30.0,0.48,0.9,13,7
1169,2024,03/25,12.273.102.411.368.900,Santa Helena,30.0,0.48,0.9,13,7
1170,2015,03/25,12.719.672.592.399.000,São Miguel do Iguaçu,30.0,0.48,0.9,13,7
1171,2016,03/25,10.087.649.664.685.400,São Miguel do Iguaçu,30.0,0.48,0.9,13,7
1172,2017,03/25,12.326.522.209.628.100,São Miguel do Iguaçu,30.0,0.48,0.9,13,7
1173,2018,03/25,11.729.072.093.588.900,São Miguel do Iguaçu,30.0,0.48,0.9,13,7
1174,2019,03/25,12.632.217.180.834.600,São Miguel do Iguaçu,30.0,0.48,0.9,13,7
1175,2020,03/25,1.152.681.608.373.770,São Miguel do Iguaçu,30.0,0.48,0.9,13,7
1176,2021,03/25,12.065.917.687.723.300,São Miguel do Iguaçu,30.0,0.48,0.9,13,7
1177,2022,03/25,11.241.792.905.455.600,São Miguel do Iguaçu,30.0,0.48,0.9,13,7
1178,2023,03/25,12.901.079.728.363.700,São Miguel do Iguaçu,30.0,0.48,0.9,13,7
1179,2024,03/25,11.572.629.091.331.200,São Miguel do Iguaçu,30.0,0.48,0.9,13,7
1180,2015,03/25,11.844.900.070.430.900,São Pedro do Iguaçu,30.0,0.48,0.9,13,7
1181,2016,03/25,5.979.954.208.738.970,São Pedro do Iguaçu,30.0,0.48,0.9,13,7
1182,2017,03/25,11.424.165.183.321.200,São Pedro do Iguaçu,30.0,0.48,0.9,13,7
1183,2018,03/25,11.075.609.619.972.400,São Pedro do Iguaçu,30.0,0.48,0.9,13,7
1184,2019,03/25,1.200.178.550.499.170,São Pedro do Iguaçu,30.0,0.48,0.9,13,7
1185,2020,03/25,11.068.171.428.447.400,São Pedro do Iguaçu,30.0,0.48,0.9,13,7
1186,2021,03/25,11.463.424.066.101.600,São Pedro do Iguaçu,30.0,0.48,0.9,13,7
1187,2022,03/25,10.370.834.812.728.200,São Pedro do Iguaçu,30.0,0.48,0.9,13,7
1188,2023,03/25,12.161.837.784.775.900,São Pedro do Iguaçu,30.0,0.48,0.9,13,7
1189,2024,03/25,11.637.820.862.416.800,São Pedro do Iguaçu,30.0,0.48,0.9,13,7
1190,2015,03/25,12.475.327.967.949.300,Toledo,30.0,0.48,0.9,13,7
1191,2016,03/25,8.687.230.729.540.460,Toledo,30.0,0.48,0.9,13,7
1192,2017,03/25,11.881.166.815.102.000,Toledo,30.0,0.48,0.9,13,7
1193,2018,03/25,11.939.193.808.418,Toledo,30.0,0.48,0.9,13,7
1194,2019,03/25,12.549.784.361.992.000,Toledo,30.0,0.48,0.9,13,7
1195,2020,03/25,12.111.958.565.139.400,Toledo,30.0,0.48,0.9,13,7
1196,2021,03/25,1.194.752.895.289.550,Toledo,30.0,0.48,0.9,13,7
1197,2022,03/25,10.992.881.052.085.100,Toledo,30.0,0.48,0.9,13,7
1198,2023,03/25,12.602.461.590.219.700,Toledo,30.0,0.48,0.9,13,7
1199,2024,03/25,12.607.215.836.381.700,Toledo,30.0,0.48,0.9,13,7
1200,2015,03/25,12.148.014.206.868.000,Cascavel,30.0,0.48,0.95,12,6
1201,2016,03/25,6.640.757.576.654.920,Cascavel,30.0,0.48,0.95,12,6
1202,2017,03/25,11.440.532.659.621.900,Cascavel,30.0,0.48,0.95,12,6
1203,2018,03/25,11.086.677.436.196.700,Cascavel,30.0,0.48,0.95,12,6
1204,2019,03/25,12.211.095.552.056.000,Cascavel,30.0,0.48,0.95,12,6
1205,2020,03/25,112.338.843.027.553,Cascavel,30.0,0.48,0.95,12,6
1206,2021,03/25,11.312.025.825.133.800,Cascavel,30.0,0.48,0.95,12,6
1207,2022,03/25,10.563.663.172.385.700,Cascavel,30.0,0.48,0.95,12,6
1208,2023,03/25,11.950.161.001.676.500,Cascavel,30.0,0.48,0.95,12,6
1209,2024,03/25,12.258.954.285.549.700,Cascavel,30.0,0.48,0.95,12,6
1210,2015,03/25,13.119.909.551.742.700,Foz do Iguaçu,30.0,0.48,0.95,12,6
1211,2016,03/25,10.407.924.536.851.700,Foz do Iguaçu,30.0,0.48,0.95,12,6
1212,2017,03/25,12.717.751.034.171.700,Foz do Iguaçu,30.0,0.48,0.95,12,6
1213,2018,03/25,12.092.121.273.135.000,Foz do Iguaçu,30.0,0.48,0.95,12,6
1214,2019,03/25,1.302.777.088.524.240,Foz do Iguaçu,30.0,0.48,0.95,12,6
1215,2020,03/25,11.883.995.259.086.400,Foz do Iguaçu,30.0,0.48,0.95,12,6
1216,2021,03/25,1.243.148.896.894.610,Foz do Iguaçu,30.0,0.48,0.95,12,6
1217,2022,03/25,11.589.908.200.633.400,Foz do Iguaçu,30.0,0.48,0.95,12,6
1218,2023,03/25,13.308.722.767.399.500,Foz do Iguaçu,30.0,0.48,0.95,12,6
1219,2024,03/25,11.938.991.363.666.300,Foz do Iguaçu,30.0,0.48,0.95,12,6
1220,2015,03/25,13.562.864.124.051.300,Guaíra,30.0,0.48,0.95,12,6
1221,2016,03/25,11.108.773.833.820.400,Guaíra,30.0,0.48,0.95,12,6
1222,2017,03/25,1.295.365.416.398.320,Guaíra,30.0,0.48,0.95,12,6
1223,2018,03/25,12.899.623.866.746.300,Guaíra,30.0,0.48,0.95,12,6
1224,2019,03/25,13.514.928.402.009.000,Guaíra,30.0,0.48,0.95,12,6
1225,2020,03/25,13.177.002.914.686.400,Guaíra,30.0,0.48,0.95,12,6
1226,2021,03/25,12.679.375.132.067.300,Guaíra,30.0,0.48,0.95,12,6
1227,2022,03/25,12.240.005.521.966.900,Guaíra,30.0,0.48,0.95,12,6
1228,2023,03/25,13.406.151.872.470.300,Guaíra,30.0,0.48,0.95,12,6
1229,2024,03/25,13.508.584.211.798.200,Guaíra,30.0,0.48,0.95,12,6
1230,2015,03/25,1.357.343.051.199.740,Marechal Cândido Rondon,30.0,0.48,0.95,12,6
1231,2016,03/25,11.196.463.490.565.300,Marechal Cândido Rondon,30.0,0.48,0.95,12,6
1232,2017,03/25,13.065.423.932.571.700,Marechal Cândido Rondon,30.0,0.48,0.95,12,6
1233,2018,03/25,12.954.002.897.248.000,Marechal Cândido Rondon,30.0,0.48,0.95,12,6
1234,2019,03/25,13.511.620.230.967.700,Marechal Cândido Rondon,30.0,0.48,0.95,12,6
1235,2020,03/25,13.058.111.990.581.600,Marechal Cândido Rondon,30.0,0.48,0.95,12,6
1236,2021,03/25,12.952.348.272.059.800,Marechal Cândido Rondon,30.0,0.48,0.95,12,6
1237,2022,03/25,1.228.206.882.454.660,Marechal Cândido Rondon,30.0,0.48,0.95,12,6
1238,2023,03/25,13.549.375.888.566.400,Marechal Cândido Rondon,30.0,0.48,0.95,12,6
1239,2024,03/25,13.179.632.535.172.800,Marechal Cândido Rondon,30.0,0.48,0.95,12,6
1240,2015,03/25,12.571.864.308.207.300,Matelândia,30.0,0.48,0.95,12,6
1241,2016,03/25,7.545.633.589.026.020,Matelândia,30.0,0.48,0.95,12,6
1242,2017,03/25,12.217.541.679.115.500,Matelândia,30.0,0.48,0.95,12,6
1243,2018,03/25,11.484.649.170.314.100,Matelândia,30.0,0.48,0.95,12,6
1244,2019,03/25,12.609.586.279.167.300,Matelândia,30.0,0.48,0.95,12,6
1245,2020,03/25,1.149.745.237.409.670,Matelândia,30.0,0.48,0.95,12,6
1246,2021,03/25,12.072.864.958.681.900,Matelândia,30.0,0.48,0.95,12,6
1247,2022,03/25,1.107.840.431.230.000,Matelândia,30.0,0.48,0.95,12,6
1248,2023,03/25,1.279.838.014.730.510,Matelândia,30.0,0.48,0.95,12,6
1249,2024,03/25,11.948.313.607.210.900,Matelândia,30.0,0.48,0.95,12,6
1250,2015,03/25,13.119.909.551.742.700,Medianeira,30.0,0.48,0.95,12,6
1251,2016,03/25,10.407.511.493.935.300,Medianeira,30.0,0.48,0.95,12,6
1252,2017,03/25,12.717.711.680.336.500,Medianeira,30.0,0.48,0.95,12,6
1253,2018,03/25,12.091.809.594.433.700,Medianeira,30.0,0.48,0.95,12,6
1254,2019,03/25,13.027.732.943.045.200,Medianeira,30.0,0.48,0.95,12,6
1255,2020,03/25,11.883.719.438.247.400,Medianeira,30.0,0.48,0.95,12,6
1256,2021,03/25,12.430.593.794.991.700,Medianeira,30.0,0.48,0.95,12,6
1257,2022,03/25,11.589.908.200.633.400,Medianeira,30.0,0.48,0.95,12,6
1258,2023,03/25,13.308.318.855.795.900,Medianeira,30.0,0.48,0.95,12,6
1259,2024,03/25,11.938.876.742.404.800,Medianeira,30.0,0.48,0.95,12,6
1260,2015,03/25,135.318.925.814.166,Santa Helena,30.0,0.48,0.95,12,6
1261,2016,03/25,11.157.160.114.816.600,Santa Helena,30.0,0.48,0.95,12,6
1262,2017,03/25,13.055.698.917.920.100,Santa Helena,30.0,0.48,0.95,12,6
1263,2018,03/25,126.876.487.012.559,Santa Helena,30.0,0.48,0.95,12,6
1264,2019,03/25,13.351.538.398.043.600,Santa Helena,30.0,0.48,0.95,12,6
1265,2020,03/25,12.727.239.167.559.200,Santa Helena,30.0,0.48,0.95,12,6
1266,2021,03/25,12.814.599.863.179.900,Santa Helena,30.0,0.48,0.95,12,6
1267,2022,03/25,12.242.432.972.169.800,Santa Helena,30.0,0.48,0.95,12,6
1268,2023,03/25,13.605.349.271.640.600,Santa Helena,30.0,0.48,0.95,12,6
1269,2024,03/25,12.661.637.499.796.500,Santa Helena,30.0,0.48,0.95,12,6
1270,2015,03/25,13.119.909.551.742.700,São Miguel do Iguaçu,30.0,0.48,0.95,12,6
1271,2016,03/25,10.407.845.659.973.800,São Miguel do Iguaçu,30.0,0.48,0.95,12,6
1272,2017,03/25,1.271.773.768.381.560,São Miguel do Iguaçu,30.0,0.48,0.95,12,6
1273,2018,03/25,12.092.069.799.875.900,São Miguel do Iguaçu,30.0,0.48,0.95,12,6
1274,2019,03/25,13.027.767.479.616.900,São Miguel do Iguaçu,30.0,0.48,0.95,12,6
1275,2020,03/25,1.188.396.274.836.570,São Miguel do Iguaçu,30.0,0.48,0.95,12,6
1276,2021,03/25,12.431.367.648.977.500,São Miguel do Iguaçu,30.0,0.48,0.95,12,6
1277,2022,03/25,11.589.908.200.633.400,São Miguel do Iguaçu,30.0,0.48,0.95,12,6
1278,2023,03/25,13.308.692.034.636.000,São Miguel do Iguaçu,30.0,0.48,0.95,12,6
1279,2024,03/25,11.938.964.006.122.500,São Miguel do Iguaçu,30.0,0.48,0.95,12,6
1280,2015,03/25,122.157.708.465.339,São Pedro do Iguaçu,30.0,0.48,0.95,12,6
1281,2016,03/25,6.169.107.210.767.080,São Pedro do Iguaçu,30.0,0.48,0.95,12,6
1282,2017,03/25,11.788.085.058.317.300,São Pedro do Iguaçu,30.0,0.48,0.95,12,6
1283,2018,03/25,11.414.248.380.944.400,São Pedro do Iguaçu,30.0,0.48,0.95,12,6
1284,2019,03/25,12.377.026.038.113.400,São Pedro do Iguaçu,30.0,0.48,0.95,12,6
1285,2020,03/25,11.409.785.899.568.700,São Pedro do Iguaçu,30.0,0.48,0.95,12,6
1286,2021,03/25,11.808.591.347.244.300,São Pedro do Iguaçu,30.0,0.48,0.95,12,6
1287,2022,03/25,10.689.678.600.084.000,São Pedro do Iguaçu,30.0,0.48,0.95,12,6
1288,2023,03/25,12.547.063.432.417.800,São Pedro do Iguaçu,30.0,0.48,0.95,12,6
1289,2024,03/25,12.005.273.379.149.100,São Pedro do Iguaçu,30.0,0.48,0.95,12,6
1290,2015,03/25,12.867.087.109.954.900,Toledo,30.0,0.48,0.95,12,6
1291,2016,03/25,8.962.364.079.720.930,Toledo,30.0,0.48,0.95,12,6
1292,2017,03/25,12.258.671.458.321.000,Toledo,30.0,0.48,0.95,12,6
1293,2018,03/25,1.231.056.510.410.440,Toledo,30.0,0.48,0.95,12,6
1294,2019,03/25,12.944.762.795.756.400,Toledo,30.0,0.48,0.95,12,6
1295,2020,03/25,12.489.592.600.993.100,Toledo,30.0,0.48,0.95,12,6
1296,2021,03/25,12.308.258.341.819.300,Toledo,30.0,0.48,0.95,12,6
1297,2022,03/25,11.333.338.241.292.400,Toledo,30.0,0.48,0.95,12,6
1298,2023,03/25,13.001.942.960.653.100,Toledo,30.0,0.48,0.95,12,6
1299,2024,03/25,13.005.987.269.138.900,Toledo,30.0,0.48,0.95,12,6
1300,2015,03/25,12.148.014.206.868.000,Cascavel,30.0,0.48,0.95,12,7
1301,2016,03/25,6.640.757.576.654.920,Cascavel,30.0,0.48,0.95,12,7
1302,2017,03/25,11.440.532.659.621.900,Cascavel,30.0,0.48,0.95,12,7
1303,2018,03/25,11.086.677.436.196.700,Cascavel,30.0,0.48,0.95,12,7
1304,2019,03/25,12.211.095.552.056.000,Cascavel,30.0,0.48,0.95,12,7
1305,2020,03/25,112.338.843.027.553,Cascavel,30.0,0.48,0.95,12,7
1306,2021,03/25,11.312.025.825.133.800,Cascavel,30.0,0.48,0.95,12,7
1307,2022,03/25,10.563.663.172.385.700,Cascavel,30.0,0.48,0.95,12,7
1308,2023,03/25,11.950.161.001.676.500,Cascavel,30.0,0.48,0.95,12,7
1309,2024,03/25,12.258.954.285.549.700,Cascavel,30.0,0.48,0.95,12,7
1310,2015,03/25,13.119.909.551.742.700,Foz do Iguaçu,30.0,0.48,0.95,12,7
1311,2016,03/25,10.407.924.536.851.700,Foz do Iguaçu,30.0,0.48,0.95,12,7
1312,2017,03/25,12.717.751.034.171.700,Foz do Iguaçu,30.0,0.48,0.95,12,7
1313,2018,03/25,12.092.121.273.135.000,Foz do Iguaçu,30.0,0.48,0.95,12,7
1314,2019,03/25,1.302.777.088.524.240,Foz do Iguaçu,30.0,0.48,0.95,12,7
1315,2020,03/25,11.883.995.259.086.400,Foz do Iguaçu,30.0,0.48,0.95,12,7
1316,2021,03/25,1.243.148.896.894.610,Foz do Iguaçu,30.0,0.48,0.95,12,7
1317,2022,03/25,11.589.908.200.633.400,Foz do Iguaçu,30.0,0.48,0.95,12,7
1318,2023,03/25,13.308.722.767.399.500,Foz do Iguaçu,30.0,0.48,0.95,12,7
1319,2024,03/25,11.938.991.363.666.300,Foz do Iguaçu,30.0,0.48,0.95,12,7
1320,2015,03/25,13.562.864.124.051.300,Guaíra,30.0,0.48,0.95,12,7
1321,2016,03/25,11.108.773.833.820.400,Guaíra,30.0,0.48,0.95,12,7
1322,2017,03/25,1.295.365.416.398.320,Guaíra,30.0,0.48,0.95,12,7
1323,2018,03/25,12.899.623.866.746.300,Guaíra,30.0,0.48,0.95,12,7
1324,2019,03/25,13.514.928.402.009.000,Guaíra,30.0,0.48,0.95,12,7
1325,2020,03/25,13.177.002.914.686.400,Guaíra,30.0,0.48,0.95,12,7
1326,2021,03/25,12.679.375.132.067.300,Guaíra,30.0,0.48,0.95,12,7
1327,2022,03/25,12.240.005.521.966.900,Guaíra,30.0,0.48,0.95,12,7
1328,2023,03/25,13.406.151.872.470.300,Guaíra,30.0,0.48,0.95,12,7
1329,2024,03/25,13.508.584.211.798.200,Guaíra,30.0,0.48,0.95,12,7
1330,2015,03/25,1.357.343.051.199.740,Marechal Cândido Rondon,30.0,0.48,0.95,12,7
1331,2016,03/25,11.196.463.490.565.300,Marechal Cândido Rondon,30.0,0.48,0.95,12,7
1332,2017,03/25,13.065.423.932.571.700,Marechal Cândido Rondon,30.0,0.48,0.95,12,7
1333,2018,03/25,12.954.002.897.248.000,Marechal Cândido Rondon,30.0,0.48,0.95,12,7
1334,2019,03/25,13.511.620.230.967.700,Marechal Cândido Rondon,30.0,0.48,0.95,12,7
1335,2020,03/25,13.058.111.990.581.600,Marechal Cândido Rondon,30.0,0.48,0.95,12,7
1336,2021,03/25,12.952.348.272.059.800,Marechal Cândido Rondon,30.0,0.48,0.95,12,7
1337,2022,03/25,1.228.206.882.454.660,Marechal Cândido Rondon,30.0,0.48,0.95,12,7
1338,2023,03/25,13.549.375.888.566.400,Marechal Cândido Rondon,30.0,0.48,0.95,12,7
1339,2024,03/25,13.179.632.535.172.800,Marechal Cândido Rondon,30.0,0.48,0.95,12,7
1340,2015,03/25,12.571.864.308.207.300,Matelândia,30.0,0.48,0.95,12,7
1341,2016,03/25,7.545.633.589.026.020,Matelândia,30.0,0.48,0.95,12,7
1342,2017,03/25,12.217.541.679.115.500,Matelândia,30.0,0.48,0.95,12,7
1343,2018,03/25,11.484.649.170.314.100,Matelândia,30.0,0.48,0.95,12,7
1344,2019,03/25,12.609.586.279.167.300,Matelândia,30.0,0.48,0.95,12,7
1345,2020,03/25,1.149.745.237.409.670,Matelândia,30.0,0.48,0.95,12,7
1346,2021,03/25,12.072.864.958.681.900,Matelândia,30.0,0.48,0.95,12,7
1347,2022,03/25,1.107.840.431.230.000,Matelândia,30.0,0.48,0.95,12,7
1348,2023,03/25,1.279.838.014.730.510,Matelândia,30.0,0.48,0.95,12,7
1349,2024,03/25,11.948.313.607.210.900,Matelândia,30.0,0.48,0.95,12,7
1350,2015,03/25,13.119.909.551.742.700,Medianeira,30.0,0.48,0.95,12,7
1351,2016,03/25,10.407.511.493.935.300,Medianeira,30.0,0.48,0.95,12,7
1352,2017,03/25,12.717.711.680.336.500,Medianeira,30.0,0.48,0.95,12,7
1353,2018,03/25,12.091.809.594.433.700,Medianeira,30.0,0.48,0.95,12,7
1354,2019,03/25,13.027.732.943.045.200,Medianeira,30.0,0.48,0.95,12,7
1355,2020,03/25,11.883.719.438.247.400,Medianeira,30.0,0.48,0.95,12,7
1356,2021,03/25,12.430.593.794.991.700,Medianeira,30.0,0.48,0.95,12,7
1357,2022,03/25,11.589.908.200.633.400,Medianeira,30.0,0.48,0.95,12,7
1358,2023,03/25,13.308.318.855.795.900,Medianeira,30.0,0.48,0.95,12,7
1359,2024,03/25,11.938.876.742.404.800,Medianeira,30.0,0.48,0.95,12,7
1360,2015,03/25,135.318.925.814.166,Santa Helena,30.0,0.48,0.95,12,7
1361,2016,03/25,11.157.160.114.816.600,Santa Helena,30.0,0.48,0.95,12,7
1362,2017,03/25,13.055.698.917.920.100,Santa Helena,30.0,0.48,0.95,12,7
1363,2018,03/25,126.876.487.012.559,Santa Helena,30.0,0.48,0.95,12,7
1364,2019,03/25,13.351.538.398.043.600,Santa Helena,30.0,0.48,0.95,12,7
1365,2020,03/25,12.727.239.167.559.200,Santa Helena,30.0,0.48,0.95,12,7
1366,2021,03/25,12.814.599.863.179.900,Santa Helena,30.0,0.48,0.95,12,7
1367,2022,03/25,12.242.432.972.169.800,Santa Helena,30.0,0.48,0.95,12,7
1368,2023,03/25,13.605.349.271.640.600,Santa Helena,30.0,0.48,0.95,12,7
1369,2024,03/25,12.661.637.499.796.500,Santa Helena,30.0,0.48,0.95,12,7
1370,2015,03/25,13.119.909.551.742.700,São Miguel do Iguaçu,30.0,0.48,0.95,12,7
1371,2016,03/25,10.407.845.659.973.800,São Miguel do Iguaçu,30.0,0.48,0.95,12,7
1372,2017,03/25,1.271.773.768.381.560,São Miguel do Iguaçu,30.0,0.48,0.95,12,7
1373,2018,03/25,12.092.069.799.875.900,São Miguel do Iguaçu,30.0,0.48,0.95,12,7
1374,2019,03/25,13.027.767.479.616.900,São Miguel do Iguaçu,30.0,0.48,0.95,12,7
1375,2020,03/25,1.188.396.274.836.570,São Miguel do Iguaçu,30.0,0.48,0.95,12,7
1376,2021,03/25,12.431.367.648.977.500,São Miguel do Iguaçu,30.0,0.48,0.95,12,7
1377,2022,03/25,11.589.908.200.633.400,São Miguel do Iguaçu,30.0,0.48,0.95,12,7
1378,2023,03/25,13.308.692.034.636.000,São Miguel do Iguaçu,30.0,0.48,0.95,12,7
1379,2024,03/25,11.938.964.006.122.500,São Miguel do Iguaçu,30.0,0.48,0.95,12,7
1380,2015,03/25,122.157.708.465.339,São Pedro do Iguaçu,30.0,0.48,0.95,12,7
1381,2016,03/25,6.169.107.210.767.080,São Pedro do Iguaçu,30.0,0.48,0.95,12,7
1382,2017,03/25,11.788.085.058.317.300,São Pedro do Iguaçu,30.0,0.48,0.95,12,7
1383,2018,03/25,11.414.248.380.944.400,São Pedro do Iguaçu,30.0,0.48,0.95,12,7
1384,2019,03/25,12.377.026.038.113.400,São Pedro do Iguaçu,30.0,0.48,0.95,12,7
1385,2020,03/25,11.409.785.899.568.700,São Pedro do Iguaçu,30.0,0.48,0.95,12,7
1386,2021,03/25,11.808.591.347.244.300,São Pedro do Iguaçu,30.0,0.48,0.95,12,7
1387,2022,03/25,10.689.678.600.084.000,São Pedro do Iguaçu,30.0,0.48,0.95,12,7
1388,2023,03/25,12.547.063.432.417.800,São Pedro do Iguaçu,30.0,0.48,0.95,12,7
1389,2024,03/25,12.005.273.379.149.100,São Pedro do Iguaçu,30.0,0.48,0.95,12,7
1390,2015,03/25,12.867.087.109.954.900,Toledo,30.0,0.48,0.95,12,7
1391,2016,03/25,8.962.364.079.720.930,Toledo,30.0,0.48,0.95,12,7
1392,2017,03/25,12.258.671.458.321.000,Toledo,30.0,0.48,0.95,12,7
1393,2018,03/25,1.231.056.510.410.440,Toledo,30.0,0.48,0.95,12,7
1394,2019,03/25,12.944.762.795.756.400,Toledo,30.0,0.48,0.95,12,7
1395,2020,03/25,12.489.592.600.993.100,Toledo,30.0,0.48,0.95,12,7
1396,2021,03/25,12.308.258.341.819.300,Toledo,30.0,0.48,0.95,12,7
1397,2022,03/25,11.333.338.241.292.400,Toledo,30.0,0.48,0.95,12,7
1398,2023,03/25,13.001.942.960.653.100,Toledo,30.0,0.48,0.95,12,7
1399,2024,03/25,13.005.987.269.138.900,Toledo,30.0,0.48,0.95,12,7
1400,2015,03/25,12.148.014.206.868.000,Cascavel,30.0,0.48,0.95,13,6
1401,2016,03/25,6.640.757.576.654.920,Cascavel,30.0,0.48,0.95,13,6
1402,2017,03/25,11.440.532.659.621.900,Cascavel,30.0,0.48,0.95,13,6
1403,2018,03/25,11.086.677.436.196.700,Cascavel,30.0,0.48,0.95,13,6
1404,2019,03/25,12.211.095.552.056.000,Cascavel,30.0,0.48,0.95,13,6
1405,2020,03/25,112.338.843.027.553,Cascavel,30.0,0.48,0.95,13,6
1406,2021,03/25,11.312.025.825.133.800,Cascavel,30.0,0.48,0.95,13,6
1407,2022,03/25,10.563.663.172.385.700,Cascavel,30.0,0.48,0.95,13,6
1408,2023,03/25,11.950.161.001.676.500,Cascavel,30.0,0.48,0.95,13,6
1409,2024,03/25,12.258.954.285.549.700,Cascavel,30.0,0.48,0.95,13,6
1410,2015,03/25,13.119.909.551.742.700,Foz do Iguaçu,30.0,0.48,0.95,13,6
1411,2016,03/25,10.407.924.536.851.700,Foz do Iguaçu,30.0,0.48,0.95,13,6
1412,2017,03/25,12.717.751.034.171.700,Foz do Iguaçu,30.0,0.48,0.95,13,6
1413,2018,03/25,12.092.121.273.135.000,Foz do Iguaçu,30.0,0.48,0.95,13,6
1414,2019,03/25,1.302.777.088.524.240,Foz do Iguaçu,30.0,0.48,0.95,13,6
1415,2020,03/25,11.883.995.259.086.400,Foz do Iguaçu,30.0,0.48,0.95,13,6
1416,2021,03/25,1.243.148.896.894.610,Foz do Iguaçu,30.0,0.48,0.95,13,6
1417,2022,03/25,11.589.908.200.633.400,Foz do Iguaçu,30.0,0.48,0.95,13,6
1418,2023,03/25,13.308.722.767.399.500,Foz do Iguaçu,30.0,0.48,0.95,13,6
1419,2024,03/25,11.938.991.363.666.300,Foz do Iguaçu,30.0,0.48,0.95,13,6
1420,2015,03/25,13.562.864.124.051.300,Guaíra,30.0,0.48,0.95,13,6
1421,2016,03/25,11.108.773.833.820.400,Guaíra,30.0,0.48,0.95,13,6
1422,2017,03/25,1.295.365.416.398.320,Guaíra,30.0,0.48,0.95,13,6
1423,2018,03/25,12.899.623.866.746.300,Guaíra,30.0,0.48,0.95,13,6
1424,2019,03/25,13.514.928.402.009.000,Guaíra,30.0,0.48,0.95,13,6
1425,2020,03/25,13.177.002.914.686.400,Guaíra,30.0,0.48,0.95,13,6
1426,2021,03/25,12.679.375.132.067.300,Guaíra,30.0,0.48,0.95,13,6
1427,2022,03/25,12.240.005.521.966.900,Guaíra,30.0,0.48,0.95,13,6
1428,2023,03/25,13.406.151.872.470.300,Guaíra,30.0,0.48,0.95,13,6
1429,2024,03/25,13.508.584.211.798.200,Guaíra,30.0,0.48,0.95,13,6
1430,2015,03/25,1.357.343.051.199.740,Marechal Cândido Rondon,30.0,0.48,0.95,13,6
1431,2016,03/25,11.196.463.490.565.300,Marechal Cândido Rondon,30.0,0.48,0.95,13,6
1432,2017,03/25,13.065.423.932.571.700,Marechal Cândido Rondon,30.0,0.48,0.95,13,6
1433,2018,03/25,12.954.002.897.248.000,Marechal Cândido Rondon,30.0,0.48,0.95,13,6
1434,2019,03/25,13.511.620.230.967.700,Marechal Cândido Rondon,30.0,0.48,0.95,13,6
1435,2020,03/25,13.058.111.990.581.600,Marechal Cândido Rondon,30.0,0.48,0.95,13,6
1436,2021,03/25,12.952.348.272.059.800,Marechal Cândido Rondon,30.0,0.48,0.95,13,6
1437,2022,03/25,1.228.206.882.454.660,Marechal Cândido Rondon,30.0,0.48,0.95,13,6
1438,2023,03/25,13.549.375.888.566.400,Marechal Cândido Rondon,30.0,0.48,0.95,13,6
1439,2024,03/25,13.179.632.535.172.800,Marechal Cândido Rondon,30.0,0.48,0.95,13,6
1440,2015,03/25,12.571.864.308.207.300,Matelândia,30.0,0.48,0.95,13,6
1441,2016,03/25,7.545.633.589.026.020,Matelândia,30.0,0.48,0.95,13,6
1442,2017,03/25,12.217.541.679.115.500,Matelândia,30.0,0.48,0.95,13,6
1443,2018,03/25,11.484.649.170.314.100,Matelândia,30.0,0.48,0.95,13,6
1444,2019,03/25,12.609.586.279.167.300,Matelândia,30.0,0.48,0.95,13,6
1445,2020,03/25,1.149.745.237.409.670,Matelândia,30.0,0.48,0.95,13,6
1446,2021,03/25,12.072.864.958.681.900,Matelândia,30.0,0.48,0.95,13,6
1447,2022,03/25,1.107.840.431.230.000,Matelândia,30.0,0.48,0.95,13,6
1448,2023,03/25,1.279.838.014.730.510,Matelândia,30.0,0.48,0.95,13,6
1449,2024,03/25,11.948.313.607.210.900,Matelândia,30.0,0.48,0.95,13,6
1450,2015,03/25,13.119.909.551.742.700,Medianeira,30.0,0.48,0.95,13,6
1451,2016,03/25,10.407.511.493.935.300,Medianeira,30.0,0.48,0.95,13,6
1452,2017,03/25,12.717.711.680.336.500,Medianeira,30.0,0.48,0.95,13,6
1453,2018,03/25,12.091.809.594.433.700,Medianeira,30.0,0.48,0.95,13,6
1454,2019,03/25,13.027.732.943.045.200,Medianeira,30.0,0.48,0.95,13,6
1455,2020,03/25,11.883.719.438.247.400,Medianeira,30.0,0.48,0.95,13,6
1456,2021,03/25,12.430.593.794.991.700,Medianeira,30.0,0.48,0.95,13,6
1457,2022,03/25,11.589.908.200.633.400,Medianeira,30.0,0.48,0.95,13,6
1458,2023,03/25,13.308.318.855.795.900,Medianeira,30.0,0.48,0.95,13,6
1459,2024,03/25,11.938.876.742.404.800,Medianeira,30.0,0.48,0.95,13,6
1460,2015,03/25,135.318.925.814.166,Santa Helena,30.0,0.48,0.95,13,6
1461,2016,03/25,11.157.160.114.816.600,Santa Helena,30.0,0.48,0.95,13,6
1462,2017,03/25,13.055.698.917.920.100,Santa Helena,30.0,0.48,0.95,13,6
1463,2018,03/25,126.876.487.012.559,Santa Helena,30.0,0.48,0.95,13,6
1464,2019,03/25,13.351.538.398.043.600,Santa Helena,30.0,0.48,0.95,13,6
1465,2020,03/25,12.727.239.167.559.200,Santa Helena,30.0,0.48,0.95,13,6
1466,2021,03/25,12.814.599.863.179.900,Santa Helena,30.0,0.48,0.95,13,6
1467,2022,03/25,12.242.432.972.169.800,Santa Helena,30.0,0.48,0.95,13,6
1468,2023,03/25,13.605.349.271.640.600,Santa Helena,30.0,0.48,0.95,13,6
1469,2024,03/25,12.661.637.499.796.500,Santa Helena,30.0,0.48,0.95,13,6
1470,2015,03/25,13.119.909.551.742.700,São Miguel do Iguaçu,30.0,0.48,0.95,13,6
1471,2016,03/25,10.407.845.659.973.800,São Miguel do Iguaçu,30.0,0.48,0.95,13,6
1472,2017,03/25,1.271.773.768.381.560,São Miguel do Iguaçu,30.0,0.48,0.95,13,6
1473,2018,03/25,12.092.069.799.875.900,São Miguel do Iguaçu,30.0,0.48,0.95,13,6
1474,2019,03/25,13.027.767.479.616.900,São Miguel do Iguaçu,30.0,0.48,0.95,13,6
1475,2020,03/25,1.188.396.274.836.570,São Miguel do Iguaçu,30.0,0.48,0.95,13,6
1476,2021,03/25,12.431.367.648.977.500,São Miguel do Iguaçu,30.0,0.48,0.95,13,6
1477,2022,03/25,11.589.908.200.633.400,São Miguel do Iguaçu,30.0,0.48,0.95,13,6
1478,2023,03/25,13.308.692.034.636.000,São Miguel do Iguaçu,30.0,0.48,0.95,13,6
1479,2024,03/25,11.938.964.006.122.500,São Miguel do Iguaçu,30.0,0.48,0.95,13,6
1480,2015,03/25,122.157.708.465.339,São Pedro do Iguaçu,30.0,0.48,0.95,13,6
1481,2016,03/25,6.169.107.210.767.080,São Pedro do Iguaçu,30.0,0.48,0.95,13,6
1482,2017,03/25,11.788.085.058.317.300,São Pedro do Iguaçu,30.0,0.48,0.95,13,6
1483,2018,03/25,11.414.248.380.944.400,São Pedro do Iguaçu,30.0,0.48,0.95,13,6
1484,2019,03/25,12.377.026.038.113.400,São Pedro do Iguaçu,30.0,0.48,0.95,13,6
1485,2020,03/25,11.409.785.899.568.700,São Pedro do Iguaçu,30.0,0.48,0.95,13,6
1486,2021,03/25,11.808.591.347.244.300,São Pedro do Iguaçu,30.0,0.48,0.95,13,6
1487,2022,03/25,10.689.678.600.084.000,São Pedro do Iguaçu,30.0,0.48,0.95,13,6
1488,2023,03/25,12.547.063.432.417.800,São Pedro do Iguaçu,30.0,0.48,0.95,13,6
1489,2024,03/25,12.005.273.379.149.100,São Pedro do Iguaçu,30.0,0.48,0.95,13,6
1490,2015,03/25,12.867.087.109.954.900,Toledo,30.0,0.48,0.95,13,6
1491,2016,03/25,8.962.364.079.720.930,Toledo,30.0,0.48,0.95,13,6
1492,2017,03/25,12.258.671.458.321.000,Toledo,30.0,0.48,0.95,13,6
1493,2018,03/25,1.231.056.510.410.440,Toledo,30.0,0.48,0.95,13,6
1494,2019,03/25,12.944.762.795.756.400,Toledo,30.0,0.48,0.95,13,6
1495,2020,03/25,12.489.592.600.993.100,Toledo,30.0,0.48,0.95,13,6
1496,2021,03/25,12.308.258.341.819.300,Toledo,30.0,0.48,0.95,13,6
1497,2022,03/25,11.333.338.241.292.400,Toledo,30.0,0.48,0.95,13,6
1498,2023,03/25,13.001.942.960.653.100,Toledo,30.0,0.48,0.95,13,6
1499,2024,03/25,13.005.987.269.138.900,Toledo,30.0,0.48,0.95,13,6
1500,2015,03/25,12.148.014.206.868.000,Cascavel,30.0,0.48,0.95,13,7
1501,2016,03/25,6.640.757.576.654.920,Cascavel,30.0,0.48,0.95,13,7
1502,2017,03/25,11.440.532.659.621.900,Cascavel,30.0,0.48,0.95,13,7
1503,2018,03/25,11.086.677.436.196.700,Cascavel,30.0,0.48,0.95,13,7
1504,2019,03/25,12.211.095.552.056.000,Cascavel,30.0,0.48,0.95,13,7
1505,2020,03/25,112.338.843.027.553,Cascavel,30.0,0.48,0.95,13,7
1506,2021,03/25,11.312.025.825.133.800,Cascavel,30.0,0.48,0.95,13,7
1507,2022,03/25,10.563.663.172.385.700,Cascavel,30.0,0.48,0.95,13,7
1508,2023,03/25,11.950.161.001.676.500,Cascavel,30.0,0.48,0.95,13,7
1509,2024,03/25,12.258.954.285.549.700,Cascavel,30.0,0.48,0.95,13,7
1510,2015,03/25,13.119.909.551.742.700,Foz do Iguaçu,30.0,0.48,0.95,13,7
1511,2016,03/25,10.407.924.536.851.700,Foz do Iguaçu,30.0,0.48,0.95,13,7
1512,2017,03/25,12.717.751.034.171.700,Foz do Iguaçu,30.0,0.48,0.95,13,7
1513,2018,03/25,12.092.121.273.135.000,Foz do Iguaçu,30.0,0.48,0.95,13,7
1514,2019,03/25,1.302.777.088.524.240,Foz do Iguaçu,30.0,0.48,0.95,13,7
1515,2020,03/25,11.883.995.259.086.400,Foz do Iguaçu,30.0,0.48,0.95,13,7
1516,2021,03/25,1.243.148.896.894.610,Foz do Iguaçu,30.0,0.48,0.95,13,7
1517,2022,03/25,11.589.908.200.633.400,Foz do Iguaçu,30.0,0.48,0.95,13,7
1518,2023,03/25,13.308.722.767.399.500,Foz do Iguaçu,30.0,0.48,0.95,13,7
1519,2024,03/25,11.938.991.363.666.300,Foz do Iguaçu,30.0,0.48,0.95,13,7
1520,2015,03/25,13.562.864.124.051.300,Guaíra,30.0,0.48,0.95,13,7
1521,2016,03/25,11.108.773.833.820.400,Guaíra,30.0,0.48,0.95,13,7
1522,2017,03/25,1.295.365.416.398.320,Guaíra,30.0,0.48,0.95,13,7
1523,2018,03/25,12.899.623.866.746.300,Guaíra,30.0,0.48,0.95,13,7
1524,2019,03/25,13.514.928.402.009.000,Guaíra,30.0,0.48,0.95,13,7
1525,2020,03/25,13.177.002.914.686.400,Guaíra,30.0,0.48,0.95,13,7
1526,2021,03/25,12.679.375.132.067.300,Guaíra,30.0,0.48,0.95,13,7
1527,2022,03/25,12.240.005.521.966.900,Guaíra,30.0,0.48,0.95,13,7
1528,2023,03/25,13.406.151.872.470.300,Guaíra,30.0,0.48,0.95,13,7
1529,2024,03/25,13.508.584.211.798.200,Guaíra,30.0,0.48,0.95,13,7
1530,2015,03/25,1.357.343.051.199.740,Marechal Cândido Rondon,30.0,0.48,0.95,13,7
1531,2016,03/25,11.196.463.490.565.300,Marechal Cândido Rondon,30.0,0.48,0.95,13,7
1532,2017,03/25,13.065.423.932.571.700,Marechal Cândido Rondon,30.0,0.48,0.95,13,7
1533,2018,03/25,12.954.002.897.248.000,Marechal Cândido Rondon,30.0,0.48,0.95,13,7
1534,2019,03/25,13.511.620.230.967.700,Marechal Cândido Rondon,30.0,0.48,0.95,13,7
1535,2020,03/25,13.058.111.990.581.600,Marechal Cândido Rondon,30.0,0.48,0.95,13,7
1536,2021,03/25,12.952.348.272.059.800,Marechal Cândido Rondon,30.0,0.48,0.95,13,7
1537,2022,03/25,1.228.206.882.454.660,Marechal Cândido Rondon,30.0,0.48,0.95,13,7
1538,2023,03/25,13.549.375.888.566.400,Marechal Cândido Rondon,30.0,0.48,0.95,13,7
1539,2024,03/25,13.179.632.535.172.800,Marechal Cândido Rondon,30.0,0.48,0.95,13,7
1540,2015,03/25,12.571.864.308.207.300,Matelândia,30.0,0.48,0.95,13,7
1541,2016,03/25,7.545.633.589.026.020,Matelândia,30.0,0.48,0.95,13,7
1542,2017,03/25,12.217.541.679.115.500,Matelândia,30.0,0.48,0.95,13,7
1543,2018,03/25,11.484.649.170.314.100,Matelândia,30.0,0.48,0.95,13,7
1544,2019,03/25,12.609.586.279.167.300,Matelândia,30.0,0.48,0.95,13,7
1545,2020,03/25,1.149.745.237.409.670,Matelândia,30.0,0.48,0.95,13,7
1546,2021,03/25,12.072.864.958.681.900,Matelândia,30.0,0.48,0.95,13,7
1547,2022,03/25,1.107.840.431.230.000,Matelândia,30.0,0.48,0.95,13,7
1548,2023,03/25,1.279.838.014.730.510,Matelândia,30.0,0.48,0.95,13,7
1549,2024,03/25,11.948.313.607.210.900,Matelândia,30.0,0.48,0.95,13,7
1550,2015,03/25,13.119.909.551.742.700,Medianeira,30.0,0.48,0.95,13,7
1551,2016,03/25,10.407.511.493.935.300,Medianeira,30.0,0.48,0.95,13,7
1552,2017,03/25,12.717.711.680.336.500,Medianeira,30.0,0.48,0.95,13,7
1553,2018,03/25,12.091.809.594.433.700,Medianeira,30.0,0.48,0.95,13,7
1554,2019,03/25,13.027.732.943.045.200,Medianeira,30.0,0.48,0.95,13,7
1555,2020,03/25,11.883.719.438.247.400,Medianeira,30.0,0.48,0.95,13,7
1556,2021,03/25,12.430.593.794.991.700,Medianeira,30.0,0.48,0.95,13,7
1557,2022,03/25,11.589.908.200.633.400,Medianeira,30.0,0.48,0.95,13,7
1558,2023,03/25,13.308.318.855.795.900,Medianeira,30.0,0.48,0.95,13,7
1559,2024,03/25,11.938.876.742.404.800,Medianeira,30.0,0.48,0.95,13,7
1560,2015,03/25,135.318.925.814.166,Santa Helena,30.0,0.48,0.95,13,7
1561,2016,03/25,11.157.160.114.816.600,Santa Helena,30.0,0.48,0.95,13,7
1562,2017,03/25,13.055.698.917.920.100,Santa Helena,30.0,0.48,0.95,13,7
1563,2018,03/25,126.876.487.012.559,Santa Helena,30.0,0.48,0.95,13,7
1564,2019,03/25,13.351.538.398.043.600,Santa Helena,30.0,0.48,0.95,13,7
1565,2020,03/25,12.727.239.167.559.200,Santa Helena,30.0,0.48,0.95,13,7
1566,2021,03/25,12.814.599.863.179.900,Santa Helena,30.0,0.48,0.95,13,7
1567,2022,03/25,12.242.432.972.169.800,Santa Helena,30.0,0.48,0.95,13,7
1568,2023,03/25,13.605.349.271.640.600,Santa Helena,30.0,0.48,0.95,13,7
1569,2024,03/25,12.661.637.499.796.500,Santa Helena,30.0,0.48,0.95,13,7
1570,2015,03/25,13.119.909.551.742.700,São Miguel do Iguaçu,30.0,0.48,0.95,13,7
1571,2016,03/25,10.407.845.659.973.800,São Miguel do Iguaçu,30.0,0.48,0.95,13,7
1572,2017,03/25,1.271.773.768.381.560,São Miguel do Iguaçu,30.0,0.48,0.95,13,7
1573,2018,03/25,12.092.069.799.875.900,São Miguel do Iguaçu,30.0,0.48,0.95,13,7
1574,2019,03/25,13.027.767.479.616.900,São Miguel do Iguaçu,30.0,0.48,0.95,13,7
1575,2020,03/25,1.188.396.274.836.570,São Miguel do Iguaçu,30.0,0.48,0.95,13,7
1576,2021,03/25,12.431.367.648.977.500,São Miguel do Iguaçu,30.0,0.48,0.95,13,7
1577,2022,03/25,11.589.908.200.633.400,São Miguel do Iguaçu,30.0,0.48,0.95,13,7
1578,2023,03/25,13.308.692.034.636.000,São Miguel do Iguaçu,30.0,0.48,0.95,13,7
1579,2024,03/25,11.938.964.006.122.500,São Miguel do Iguaçu,30.0,0.48,0.95,13,7
1580,2015,03/25,122.157.708.465.339,São Pedro do Iguaçu,30.0,0.48,0.95,13,7
1581,2016,03/25,6.169.107.210.767.080,São Pedro do Iguaçu,30.0,0.48,0.95,13,7
1582,2017,03/25,11.788.085.058.317.300,São Pedro do Iguaçu,30.0,0.48,0.95,13,7
1583,2018,03/25,11.414.248.380.944.400,São Pedro do Iguaçu,30.0,0.48,0.95,13,7
1584,2019,03/25,12.377.026.038.113.400,São Pedro do Iguaçu,30.0,0.48,0.95,13,7
1585,2020,03/25,11.409.785.899.568.700,São Pedro do Iguaçu,30.0,0.48,0.95,13,7
1586,2021,03/25,11.808.591.347.244.300,São Pedro do Iguaçu,30.0,0.48,0.95,13,7
1587,2022,03/25,10.689.678.600.084.000,São Pedro do Iguaçu,30.0,0.48,0.95,13,7
1588,2023,03/25,12.547.063.432.417.800,São Pedro do Iguaçu,30.0,0.48,0.95,13,7
1589,2024,03/25,12.005.273.379.149.100,São Pedro do Iguaçu,30.0,0.48,0.95,13,7
1590,2015,03/25,12.867.087.109.954.900,Toledo,30.0,0.48,0.95,13,7
1591,2016,03/25,8.962.364.079.720.930,Toledo,30.0,0.48,0.95,13,7
1592,2017,03/25,12.258.671.458.321.000,Toledo,30.0,0.48,0.95,13,7
1593,2018,03/25,1.231.056.510.410.440,Toledo,30.0,0.48,0.95,13,7
1594,2019,03/25,12.944.762.795.756.400,Toledo,30.0,0.48,0.95,13,7
1595,2020,03/25,12.489.592.600.993.100,Toledo,30.0,0.48,0.95,13,7
1596,2021,03/25,12.308.258.341.819.300,Toledo,30.0,0.48,0.95,13,7
1597,2022,03/25,11.333.338.241.292.400,Toledo,30.0,0.48,0.95,13,7
1598,2023,03/25,13.001.942.960.653.100,Toledo,30.0,0.48,0.95,13,7
1599,2024,03/25,13.005.987.269.138.900,Toledo,30.0,0.48,0.95,13,7
1600,2015,03/25,12.270.880.185.871.600,Cascavel,30.0,0.5,0.9,12,6
1601,2016,03/25,67.061.224.291.613.100,Cascavel,30.0,0.5,0.9,12,6
1602,2017,03/25,11.549.893.427.474.600,Cascavel,30.0,0.5,0.9,12,6
1603,2018,03/25,11.206.124.050.240.200,Cascavel,30.0,0.5,0.9,12,6
1604,2019,03/25,1.233.288.363.850.680,Cascavel,30.0,0.5,0.9,12,6
1605,2020,03/25,11.351.010.236.919.000,Cascavel,30.0,0.5,0.9,12,6
1606,2021,03/25,11.440.822.437.353.700,Cascavel,30.0,0.5,0.9,12,6
1607,2022,03/25,10.676.624.191.115.300,Cascavel,30.0,0.5,0.9,12,6
1608,2023,03/25,12.066.238.758.226.700,Cascavel,30.0,0.5,0.9,12,6
1609,2024,03/25,1.237.962.148.753.330,Cascavel,30.0,0.5,0.9,12,6
1610,2015,03/25,13.249.658.950.415.600,Foz do Iguaçu,30.0,0.5,0.9,12,6
1611,2016,03/25,10.508.048.654.925.700,Foz do Iguaçu,30.0,0.5,0.9,12,6
1612,2017,03/25,12.840.140.787.072.900,Foz do Iguaçu,30.0,0.5,0.9,12,6
1613,2018,03/25,12.217.834.453.880.700,Foz do Iguaçu,30.0,0.5,0.9,12,6
1614,2019,03/25,131.585.629.907.804,Foz do Iguaçu,30.0,0.5,0.9,12,6
1615,2020,03/25,12.007.142.401.268.300,Foz do Iguaçu,30.0,0.5,0.9,12,6
1616,2021,03/25,1.256.878.201.045.300,Foz do Iguaçu,30.0,0.5,0.9,12,6
1617,2022,03/25,11.710.200.943.182.900,Foz do Iguaçu,30.0,0.5,0.9,12,6
1618,2023,03/25,13.438.655.685.954.100,Foz do Iguaçu,30.0,0.5,0.9,12,6
1619,2024,03/25,12.054.849.554.569.100,Foz do Iguaçu,30.0,0.5,0.9,12,6
1620,2015,03/25,13.695.605.897.614.800,Guaíra,30.0,0.5,0.9,12,6
1621,2016,03/25,11.215.086.114.861.700,Guaíra,30.0,0.5,0.9,12,6
1622,2017,03/25,1.307.877.824.609.760,Guaíra,30.0,0.5,0.9,12,6
1623,2018,03/25,13.029.193.759.448.300,Guaíra,30.0,0.5,0.9,12,6
1624,2019,03/25,1.364.774.875.037.880,Guaíra,30.0,0.5,0.9,12,6
1625,2020,03/25,13.309.287.270.013.700,Guaíra,30.0,0.5,0.9,12,6
1626,2021,03/25,12.817.408.801.895.100,Guaíra,30.0,0.5,0.9,12,6
1627,2022,03/25,12.364.082.643.347.200,Guaíra,30.0,0.5,0.9,12,6
1628,2023,03/25,13.536.058.153.247.800,Guaíra,30.0,0.5,0.9,12,6
1629,2024,03/25,13.639.515.504.170.700,Guaíra,30.0,0.5,0.9,12,6
1630,2015,03/25,13.706.488.380.238.300,Marechal Cândido Rondon,30.0,0.5,0.9,12,6
1631,2016,03/25,11.304.291.238.190.500,Marechal Cândido Rondon,30.0,0.5,0.9,12,6
1632,2017,03/25,13.192.050.493.766.300,Marechal Cândido Rondon,30.0,0.5,0.9,12,6
1633,2018,03/25,13.085.449.821.085.700,Marechal Cândido Rondon,30.0,0.5,0.9,12,6
1634,2019,03/25,13.644.856.594.606.600,Marechal Cândido Rondon,30.0,0.5,0.9,12,6
1635,2020,03/25,1.318.929.201.657.720,Marechal Cândido Rondon,30.0,0.5,0.9,12,6
1636,2021,03/25,13.093.316.116.205.400,Marechal Cândido Rondon,30.0,0.5,0.9,12,6
1637,2022,03/25,1.240.605.339.924.720,Marechal Cândido Rondon,30.0,0.5,0.9,12,6
1638,2023,03/25,1.368.072.711.282.650,Marechal Cândido Rondon,30.0,0.5,0.9,12,6
1639,2024,03/25,13.307.141.031.884.700,Marechal Cândido Rondon,30.0,0.5,0.9,12,6
1640,2015,03/25,126.971.084.812.605,Matelândia,30.0,0.5,0.9,12,6
1641,2016,03/25,7.618.533.769.996.460,Matelândia,30.0,0.5,0.9,12,6
1642,2017,03/25,12.333.904.875.458.000,Matelândia,30.0,0.5,0.9,12,6
1643,2018,03/25,11.606.500.713.113.100,Matelândia,30.0,0.5,0.9,12,6
1644,2019,03/25,12.736.107.145.026.100,Matelândia,30.0,0.5,0.9,12,6
1645,2020,03/25,11.616.770.138.805.300,Matelândia,30.0,0.5,0.9,12,6
1646,2021,03/25,12.207.766.761.898.500,Matelândia,30.0,0.5,0.9,12,6
1647,2022,03/25,11.195.246.808.212.100,Matelândia,30.0,0.5,0.9,12,6
1648,2023,03/25,12.923.359.097.899.200,Matelândia,30.0,0.5,0.9,12,6
1649,2024,03/25,1.206.483.182.711.490,Matelândia,30.0,0.5,0.9,12,6
1650,2015,03/25,13.249.658.950.415.600,Medianeira,30.0,0.5,0.9,12,6
1651,2016,03/25,10.507.628.514.703.100,Medianeira,30.0,0.5,0.9,12,6
1652,2017,03/25,12.840.101.035.201.800,Medianeira,30.0,0.5,0.9,12,6
1653,2018,03/25,12.217.534.792.836.300,Medianeira,30.0,0.5,0.9,12,6
1654,2019,03/25,13.158.524.805.803.500,Medianeira,30.0,0.5,0.9,12,6
1655,2020,03/25,12.006.860.068.339.200,Medianeira,30.0,0.5,0.9,12,6
1656,2021,03/25,12.567.889.915.074.400,Medianeira,30.0,0.5,0.9,12,6
1657,2022,03/25,11.710.200.943.182.900,Medianeira,30.0,0.5,0.9,12,6
1658,2023,03/25,13.438.248.675.637.800,Medianeira,30.0,0.5,0.9,12,6
1659,2024,03/25,12.054.733.981.335.800,Medianeira,30.0,0.5,0.9,12,6
1660,2015,03/25,13.664.531.743.976.800,Santa Helena,30.0,0.5,0.9,12,6
1661,2016,03/25,11.264.872.776.203.200,Santa Helena,30.0,0.5,0.9,12,6
1662,2017,03/25,13.182.474.891.148.400,Santa Helena,30.0,0.5,0.9,12,6
1663,2018,03/25,1.281.756.978.538.540,Santa Helena,30.0,0.5,0.9,12,6
1664,2019,03/25,13.484.059.233.935.800,Santa Helena,30.0,0.5,0.9,12,6
1665,2020,03/25,12.856.794.840.196.900,Santa Helena,30.0,0.5,0.9,12,6
1666,2021,03/25,12.954.992.527.851.300,Santa Helena,30.0,0.5,0.9,12,6
1667,2022,03/25,12.366.960.644.499.500,Santa Helena,30.0,0.5,0.9,12,6
1668,2023,03/25,1.373.761.936.552.640,Santa Helena,30.0,0.5,0.9,12,6
1669,2024,03/25,12.784.481.678.509.300,Santa Helena,30.0,0.5,0.9,12,6
1670,2015,03/25,13.249.658.950.415.600,São Miguel do Iguaçu,30.0,0.5,0.9,12,6
1671,2016,03/25,10.507.968.400.714.000,São Miguel do Iguaçu,30.0,0.5,0.9,12,6
1672,2017,03/25,12.840.127.301.695.900,São Miguel do Iguaçu,30.0,0.5,0.9,12,6
1673,2018,03/25,12.217.783.430.821.800,São Miguel do Iguaçu,30.0,0.5,0.9,12,6
1674,2019,03/25,13.158.559.563.369.300,São Miguel do Iguaçu,30.0,0.5,0.9,12,6
1675,2020,03/25,12.007.100.087.226.800,São Miguel do Iguaçu,30.0,0.5,0.9,12,6
1676,2021,03/25,12.568.664.258.045.100,São Miguel do Iguaçu,30.0,0.5,0.9,12,6
1677,2022,03/25,11.710.200.943.182.900,São Miguel do Iguaçu,30.0,0.5,0.9,12,6
1678,2023,03/25,13.438.624.717.045.500,São Miguel do Iguaçu,30.0,0.5,0.9,12,6
1679,2024,03/25,12.054.821.970.136.600,São Miguel do Iguaçu,30.0,0.5,0.9,12,6
1680,2015,03/25,12.338.437.573.365.500,São Pedro do Iguaçu,30.0,0.5,0.9,12,6
1681,2016,03/25,6.229.118.967.436.430,São Pedro do Iguaçu,30.0,0.5,0.9,12,6
1682,2017,03/25,11.900.172.065.959.500,São Pedro do Iguaçu,30.0,0.5,0.9,12,6
1683,2018,03/25,11.537.093.354.137.900,São Pedro do Iguaçu,30.0,0.5,0.9,12,6
1684,2019,03/25,12.501.859.901.033.100,São Pedro do Iguaçu,30.0,0.5,0.9,12,6
1685,2020,03/25,11.529.345.237.966.100,São Pedro do Iguaçu,30.0,0.5,0.9,12,6
1686,2021,03/25,11.941.066.735.522.500,São Pedro do Iguaçu,30.0,0.5,0.9,12,6
1687,2022,03/25,10.802.952.929.925.200,São Pedro do Iguaçu,30.0,0.5,0.9,12,6
1688,2023,03/25,12.668.581.025.808.200,São Pedro do Iguaçu,30.0,0.5,0.9,12,6
1689,2024,03/25,12.122.730.065.017.500,São Pedro do Iguaçu,30.0,0.5,0.9,12,6
1690,2015,03/25,12.995.133.299.947.200,Toledo,30.0,0.5,0.9,12,6
1691,2016,03/25,9.049.198.676.604.650,Toledo,30.0,0.5,0.9,12,6
1692,2017,03/25,12.376.215.432.398.000,Toledo,30.0,0.5,0.9,12,6
1693,2018,03/25,12.436.660.217.102.000,Toledo,30.0,0.5,0.9,12,6
1694,2019,03/25,13.072.692.043.741.700,Toledo,30.0,0.5,0.9,12,6
1695,2020,03/25,12.616.623.505.353.500,Toledo,30.0,0.5,0.9,12,6
1696,2021,03/25,12.445.342.659.266.200,Toledo,30.0,0.5,0.9,12,6
1697,2022,03/25,114.509.177.625.887,Toledo,30.0,0.5,0.9,12,6
1698,2023,03/25,13.127.564.156.478.800,Toledo,30.0,0.5,0.9,12,6
1699,2024,03/25,13.132.516.496.230.900,Toledo,30.0,0.5,0.9,12,6
1700,2015,03/25,12.270.880.185.871.600,Cascavel,30.0,0.5,0.9,12,7
1701,2016,03/25,67.061.224.291.613.100,Cascavel,30.0,0.5,0.9,12,7
1702,2017,03/25,11.549.893.427.474.600,Cascavel,30.0,0.5,0.9,12,7
1703,2018,03/25,11.206.124.050.240.200,Cascavel,30.0,0.5,0.9,12,7
1704,2019,03/25,1.233.288.363.850.680,Cascavel,30.0,0.5,0.9,12,7
1705,2020,03/25,11.351.010.236.919.000,Cascavel,30.0,0.5,0.9,12,7
1706,2021,03/25,11.440.822.437.353.700,Cascavel,30.0,0.5,0.9,12,7
1707,2022,03/25,10.676.624.191.115.300,Cascavel,30.0,0.5,0.9,12,7
1708,2023,03/25,12.066.238.758.226.700,Cascavel,30.0,0.5,0.9,12,7
1709,2024,03/25,1.237.962.148.753.330,Cascavel,30.0,0.5,0.9,12,7
1710,2015,03/25,13.249.658.950.415.600,Foz do Iguaçu,30.0,0.5,0.9,12,7
1711,2016,03/25,10.508.048.654.925.700,Foz do Iguaçu,30.0,0.5,0.9,12,7
1712,2017,03/25,12.840.140.787.072.900,Foz do Iguaçu,30.0,0.5,0.9,12,7
1713,2018,03/25,12.217.834.453.880.700,Foz do Iguaçu,30.0,0.5,0.9,12,7
1714,2019,03/25,131.585.629.907.804,Foz do Iguaçu,30.0,0.5,0.9,12,7
1715,2020,03/25,12.007.142.401.268.300,Foz do Iguaçu,30.0,0.5,0.9,12,7
1716,2021,03/25,1.256.878.201.045.300,Foz do Iguaçu,30.0,0.5,0.9,12,7
1717,2022,03/25,11.710.200.943.182.900,Foz do Iguaçu,30.0,0.5,0.9,12,7
1718,2023,03/25,13.438.655.685.954.100,Foz do Iguaçu,30.0,0.5,0.9,12,7
1719,2024,03/25,12.054.849.554.569.100,Foz do Iguaçu,30.0,0.5,0.9,12,7
1720,2015,03/25,13.695.605.897.614.800,Guaíra,30.0,0.5,0.9,12,7
1721,2016,03/25,11.215.086.114.861.700,Guaíra,30.0,0.5,0.9,12,7
1722,2017,03/25,1.307.877.824.609.760,Guaíra,30.0,0.5,0.9,12,7
1723,2018,03/25,13.029.193.759.448.300,Guaíra,30.0,0.5,0.9,12,7
1724,2019,03/25,1.364.774.875.037.880,Guaíra,30.0,0.5,0.9,12,7
1725,2020,03/25,13.309.287.270.013.700,Guaíra,30.0,0.5,0.9,12,7
1726,2021,03/25,12.817.408.801.895.100,Guaíra,30.0,0.5,0.9,12,7
1727,2022,03/25,12.364.082.643.347.200,Guaíra,30.0,0.5,0.9,12,7
1728,2023,03/25,13.536.058.153.247.800,Guaíra,30.0,0.5,0.9,12,7
1729,2024,03/25,13.639.515.504.170.700,Guaíra,30.0,0.5,0.9,12,7
1730,2015,03/25,13.706.488.380.238.300,Marechal Cândido Rondon,30.0,0.5,0.9,12,7
1731,2016,03/25,11.304.291.238.190.500,Marechal Cândido Rondon,30.0,0.5,0.9,12,7
1732,2017,03/25,13.192.050.493.766.300,Marechal Cândido Rondon,30.0,0.5,0.9,12,7
1733,2018,03/25,13.085.449.821.085.700,Marechal Cândido Rondon,30.0,0.5,0.9,12,7
1734,2019,03/25,13.644.856.594.606.600,Marechal Cândido Rondon,30.0,0.5,0.9,12,7
1735,2020,03/25,1.318.929.201.657.720,Marechal Cândido Rondon,30.0,0.5,0.9,12,7
1736,2021,03/25,13.093.316.116.205.400,Marechal Cândido Rondon,30.0,0.5,0.9,12,7
1737,2022,03/25,1.240.605.339.924.720,Marechal Cândido Rondon,30.0,0.5,0.9,12,7
1738,2023,03/25,1.368.072.711.282.650,Marechal Cândido Rondon,30.0,0.5,0.9,12,7
1739,2024,03/25,13.307.141.031.884.700,Marechal Cândido Rondon,30.0,0.5,0.9,12,7
1740,2015,03/25,126.971.084.812.605,Matelândia,30.0,0.5,0.9,12,7
1741,2016,03/25,7.618.533.769.996.460,Matelândia,30.0,0.5,0.9,12,7
1742,2017,03/25,12.333.904.875.458.000,Matelândia,30.0,0.5,0.9,12,7
1743,2018,03/25,11.606.500.713.113.100,Matelândia,30.0,0.5,0.9,12,7
1744,2019,03/25,12.736.107.145.026.100,Matelândia,30.0,0.5,0.9,12,7
1745,2020,03/25,11.616.770.138.805.300,Matelândia,30.0,0.5,0.9,12,7
1746,2021,03/25,12.207.766.761.898.500,Matelândia,30.0,0.5,0.9,12,7
1747,2022,03/25,11.195.246.808.212.100,Matelândia,30.0,0.5,0.9,12,7
1748,2023,03/25,12.923.359.097.899.200,Matelândia,30.0,0.5,0.9,12,7
1749,2024,03/25,1.206.483.182.711.490,Matelândia,30.0,0.5,0.9,12,7
1750,2015,03/25,13.249.658.950.415.600,Medianeira,30.0,0.5,0.9,12,7
1751,2016,03/25,10.507.628.514.703.100,Medianeira,30.0,0.5,0.9,12,7
1752,2017,03/25,12.840.101.035.201.800,Medianeira,30.0,0.5,0.9,12,7
1753,2018,03/25,12.217.534.792.836.300,Medianeira,30.0,0.5,0.9,12,7
1754,2019,03/25,13.158.524.805.803.500,Medianeira,30.0,0.5,0.9,12,7
1755,2020,03/25,12.006.860.068.339.200,Medianeira,30.0,0.5,0.9,12,7
1756,2021,03/25,12.567.889.915.074.400,Medianeira,30.0,0.5,0.9,12,7
1757,2022,03/25,11.710.200.943.182.900,Medianeira,30.0,0.5,0.9,12,7
1758,2023,03/25,13.438.248.675.637.800,Medianeira,30.0,0.5,0.9,12,7
1759,2024,03/25,12.054.733.981.335.800,Medianeira,30.0,0.5,0.9,12,7
1760,2015,03/25,13.664.531.743.976.800,Santa Helena,30.0,0.5,0.9,12,7
1761,2016,03/25,11.264.872.776.203.200,Santa Helena,30.0,0.5,0.9,12,7
1762,2017,03/25,13.182.474.891.148.400,Santa Helena,30.0,0.5,0.9,12,7
1763,2018,03/25,1.281.756.978.538.540,Santa Helena,30.0,0.5,0.9,12,7
1764,2019,03/25,13.484.059.233.935.800,Santa Helena,30.0,0.5,0.9,12,7
1765,2020,03/25,12.856.794.840.196.900,Santa Helena,30.0,0.5,0.9,12,7
1766,2021,03/25,12.954.992.527.851.300,Santa Helena,30.0,0.5,0.9,12,7
1767,2022,03/25,12.366.960.644.499.500,Santa Helena,30.0,0.5,0.9,12,7
1768,2023,03/25,1.373.761.936.552.640,Santa Helena,30.0,0.5,0.9,12,7
1769,2024,03/25,12.784.481.678.509.300,Santa Helena,30.0,0.5,0.9,12,7
1770,2015,03/25,13.249.658.950.415.600,São Miguel do Iguaçu,30.0,0.5,0.9,12,7
1771,2016,03/25,10.507.968.400.714.000,São Miguel do Iguaçu,30.0,0.5,0.9,12,7
1772,2017,03/25,12.840.127.301.695.900,São Miguel do Iguaçu,30.0,0.5,0.9,12,7
1773,2018,03/25,12.217.783.430.821.800,São Miguel do Iguaçu,30.0,0.5,0.9,12,7
1774,2019,03/25,13.158.559.563.369.300,São Miguel do Iguaçu,30.0,0.5,0.9,12,7
1775,2020,03/25,12.007.100.087.226.800,São Miguel do Iguaçu,30.0,0.5,0.9,12,7
1776,2021,03/25,12.568.664.258.045.100,São Miguel do Iguaçu,30.0,0.5,0.9,12,7
1777,2022,03/25,11.710.200.943.182.900,São Miguel do Iguaçu,30.0,0.5,0.9,12,7
1778,2023,03/25,13.438.624.717.045.500,São Miguel do Iguaçu,30.0,0.5,0.9,12,7
1779,2024,03/25,12.054.821.970.136.600,São Miguel do Iguaçu,30.0,0.5,0.9,12,7
1780,2015,03/25,12.338.437.573.365.500,São Pedro do Iguaçu,30.0,0.5,0.9,12,7
1781,2016,03/25,6.229.118.967.436.430,São Pedro do Iguaçu,30.0,0.5,0.9,12,7
1782,2017,03/25,11.900.172.065.959.500,São Pedro do Iguaçu,30.0,0.5,0.9,12,7
1783,2018,03/25,11.537.093.354.137.900,São Pedro do Iguaçu,30.0,0.5,0.9,12,7
1784,2019,03/25,12.501.859.901.033.100,São Pedro do Iguaçu,30.0,0.5,0.9,12,7
1785,2020,03/25,11.529.345.237.966.100,São Pedro do Iguaçu,30.0,0.5,0.9,12,7
1786,2021,03/25,11.941.066.735.522.500,São Pedro do Iguaçu,30.0,0.5,0.9,12,7
1787,2022,03/25,10.802.952.929.925.200,São Pedro do Iguaçu,30.0,0.5,0.9,12,7
1788,2023,03/25,12.668.581.025.808.200,São Pedro do Iguaçu,30.0,0.5,0.9,12,7
1789,2024,03/25,12.122.730.065.017.500,São Pedro do Iguaçu,30.0,0.5,0.9,12,7
1790,2015,03/25,12.995.133.299.947.200,Toledo,30.0,0.5,0.9,12,7
1791,2016,03/25,9.049.198.676.604.650,Toledo,30.0,0.5,0.9,12,7
1792,2017,03/25,12.376.215.432.398.000,Toledo,30.0,0.5,0.9,12,7
1793,2018,03/25,12.436.660.217.102.000,Toledo,30.0,0.5,0.9,12,7
1794,2019,03/25,13.072.692.043.741.700,Toledo,30.0,0.5,0.9,12,7
1795,2020,03/25,12.616.623.505.353.500,Toledo,30.0,0.5,0.9,12,7
1796,2021,03/25,12.445.342.659.266.200,Toledo,30.0,0.5,0.9,12,7
1797,2022,03/25,114.509.177.625.887,Toledo,30.0,0.5,0.9,12,7
1798,2023,03/25,13.127.564.156.478.800,Toledo,30.0,0.5,0.9,12,7
1799,2024,03/25,13.132.516.496.230.900,Toledo,30.0,0.5,0.9,12,7
1800,2015,03/25,12.270.880.185.871.600,Cascavel,30.0,0.5,0.9,13,6
1801,2016,03/25,67.061.224.291.613.100,Cascavel,30.0,0.5,0.9,13,6
1802,2017,03/25,11.549.893.427.474.600,Cascavel,30.0,0.5,0.9,13,6
1803,2018,03/25,11.206.124.050.240.200,Cascavel,30.0,0.5,0.9,13,6
1804,2019,03/25,1.233.288.363.850.680,Cascavel,30.0,0.5,0.9,13,6
1805,2020,03/25,11.351.010.236.919.000,Cascavel,30.0,0.5,0.9,13,6
1806,2021,03/25,11.440.822.437.353.700,Cascavel,30.0,0.5,0.9,13,6
1807,2022,03/25,10.676.624.191.115.300,Cascavel,30.0,0.5,0.9,13,6
1808,2023,03/25,12.066.238.758.226.700,Cascavel,30.0,0.5,0.9,13,6
1809,2024,03/25,1.237.962.148.753.330,Cascavel,30.0,0.5,0.9,13,6
1810,2015,03/25,13.249.658.950.415.600,Foz do Iguaçu,30.0,0.5,0.9,13,6
1811,2016,03/25,10.508.048.654.925.700,Foz do Iguaçu,30.0,0.5,0.9,13,6
1812,2017,03/25,12.840.140.787.072.900,Foz do Iguaçu,30.0,0.5,0.9,13,6
1813,2018,03/25,12.217.834.453.880.700,Foz do Iguaçu,30.0,0.5,0.9,13,6
1814,2019,03/25,131.585.629.907.804,Foz do Iguaçu,30.0,0.5,0.9,13,6
1815,2020,03/25,12.007.142.401.268.300,Foz do Iguaçu,30.0,0.5,0.9,13,6
1816,2021,03/25,1.256.878.201.045.300,Foz do Iguaçu,30.0,0.5,0.9,13,6
1817,2022,03/25,11.710.200.943.182.900,Foz do Iguaçu,30.0,0.5,0.9,13,6
1818,2023,03/25,13.438.655.685.954.100,Foz do Iguaçu,30.0,0.5,0.9,13,6
1819,2024,03/25,12.054.849.554.569.100,Foz do Iguaçu,30.0,0.5,0.9,13,6
1820,2015,03/25,13.695.605.897.614.800,Guaíra,30.0,0.5,0.9,13,6
1821,2016,03/25,11.215.086.114.861.700,Guaíra,30.0,0.5,0.9,13,6
1822,2017,03/25,1.307.877.824.609.760,Guaíra,30.0,0.5,0.9,13,6
1823,2018,03/25,13.029.193.759.448.300,Guaíra,30.0,0.5,0.9,13,6
1824,2019,03/25,1.364.774.875.037.880,Guaíra,30.0,0.5,0.9,13,6
1825,2020,03/25,13.309.287.270.013.700,Guaíra,30.0,0.5,0.9,13,6
1826,2021,03/25,12.817.408.801.895.100,Guaíra,30.0,0.5,0.9,13,6
1827,2022,03/25,12.364.082.643.347.200,Guaíra,30.0,0.5,0.9,13,6
1828,2023,03/25,13.536.058.153.247.800,Guaíra,30.0,0.5,0.9,13,6
1829,2024,03/25,13.639.515.504.170.700,Guaíra,30.0,0.5,0.9,13,6
1830,2015,03/25,13.706.488.380.238.300,Marechal Cândido Rondon,30.0,0.5,0.9,13,6
1831,2016,03/25,11.304.291.238.190.500,Marechal Cândido Rondon,30.0,0.5,0.9,13,6
1832,2017,03/25,13.192.050.493.766.300,Marechal Cândido Rondon,30.0,0.5,0.9,13,6
1833,2018,03/25,13.085.449.821.085.700,Marechal Cândido Rondon,30.0,0.5,0.9,13,6
1834,2019,03/25,13.644.856.594.606.600,Marechal Cândido Rondon,30.0,0.5,0.9,13,6
1835,2020,03/25,1.318.929.201.657.720,Marechal Cândido Rondon,30.0,0.5,0.9,13,6
1836,2021,03/25,13.093.316.116.205.400,Marechal Cândido Rondon,30.0,0.5,0.9,13,6
1837,2022,03/25,1.240.605.339.924.720,Marechal Cândido Rondon,30.0,0.5,0.9,13,6
1838,2023,03/25,1.368.072.711.282.650,Marechal Cândido Rondon,30.0,0.5,0.9,13,6
1839,2024,03/25,13.307.141.031.884.700,Marechal Cândido Rondon,30.0,0.5,0.9,13,6
1840,2015,03/25,126.971.084.812.605,Matelândia,30.0,0.5,0.9,13,6
1841,2016,03/25,7.618.533.769.996.460,Matelândia,30.0,0.5,0.9,13,6
1842,2017,03/25,12.333.904.875.458.000,Matelândia,30.0,0.5,0.9,13,6
1843,2018,03/25,11.606.500.713.113.100,Matelândia,30.0,0.5,0.9,13,6
1844,2019,03/25,12.736.107.145.026.100,Matelândia,30.0,0.5,0.9,13,6
1845,2020,03/25,11.616.770.138.805.300,Matelândia,30.0,0.5,0.9,13,6
1846,2021,03/25,12.207.766.761.898.500,Matelândia,30.0,0.5,0.9,13,6
1847,2022,03/25,11.195.246.808.212.100,Matelândia,30.0,0.5,0.9,13,6
1848,2023,03/25,12.923.359.097.899.200,Matelândia,30.0,0.5,0.9,13,6
1849,2024,03/25,1.206.483.182.711.490,Matelândia,30.0,0.5,0.9,13,6
1850,2015,03/25,13.249.658.950.415.600,Medianeira,30.0,0.5,0.9,13,6
1851,2016,03/25,10.507.628.514.703.100,Medianeira,30.0,0.5,0.9,13,6
1852,2017,03/25,12.840.101.035.201.800,Medianeira,30.0,0.5,0.9,13,6
1853,2018,03/25,12.217.534.792.836.300,Medianeira,30.0,0.5,0.9,13,6
1854,2019,03/25,13.158.524.805.803.500,Medianeira,30.0,0.5,0.9,13,6
1855,2020,03/25,12.006.860.068.339.200,Medianeira,30.0,0.5,0.9,13,6
1856,2021,03/25,12.567.889.915.074.400,Medianeira,30.0,0.5,0.9,13,6
1857,2022,03/25,11.710.200.943.182.900,Medianeira,30.0,0.5,0.9,13,6
1858,2023,03/25,13.438.248.675.637.800,Medianeira,30.0,0.5,0.9,13,6
1859,2024,03/25,12.054.733.981.335.800,Medianeira,30.0,0.5,0.9,13,6
1860,2015,03/25,13.664.531.743.976.800,Santa Helena,30.0,0.5,0.9,13,6
1861,2016,03/25,11.264.872.776.203.200,Santa Helena,30.0,0.5,0.9,13,6
1862,2017,03/25,13.182.474.891.148.400,Santa Helena,30.0,0.5,0.9,13,6
1863,2018,03/25,1.281.756.978.538.540,Santa Helena,30.0,0.5,0.9,13,6
1864,2019,03/25,13.484.059.233.935.800,Santa Helena,30.0,0.5,0.9,13,6
1865,2020,03/25,12.856.794.840.196.900,Santa Helena,30.0,0.5,0.9,13,6
1866,2021,03/25,12.954.992.527.851.300,Santa Helena,30.0,0.5,0.9,13,6
1867,2022,03/25,12.366.960.644.499.500,Santa Helena,30.0,0.5,0.9,13,6
1868,2023,03/25,1.373.761.936.552.640,Santa Helena,30.0,0.5,0.9,13,6
1869,2024,03/25,12.784.481.678.509.300,Santa Helena,30.0,0.5,0.9,13,6
1870,2015,03/25,13.249.658.950.415.600,São Miguel do Iguaçu,30.0,0.5,0.9,13,6
1871,2016,03/25,10.507.968.400.714.000,São Miguel do Iguaçu,30.0,0.5,0.9,13,6
1872,2017,03/25,12.840.127.301.695.900,São Miguel do Iguaçu,30.0,0.5,0.9,13,6
1873,2018,03/25,12.217.783.430.821.800,São Miguel do Iguaçu,30.0,0.5,0.9,13,6
1874,2019,03/25,13.158.559.563.369.300,São Miguel do Iguaçu,30.0,0.5,0.9,13,6
1875,2020,03/25,12.007.100.087.226.800,São Miguel do Iguaçu,30.0,0.5,0.9,13,6
1876,2021,03/25,12.568.664.258.045.100,São Miguel do Iguaçu,30.0,0.5,0.9,13,6
1877,2022,03/25,11.710.200.943.182.900,São Miguel do Iguaçu,30.0,0.5,0.9,13,6
1878,2023,03/25,13.438.624.717.045.500,São Miguel do Iguaçu,30.0,0.5,0.9,13,6
1879,2024,03/25,12.054.821.970.136.600,São Miguel do Iguaçu,30.0,0.5,0.9,13,6
1880,2015,03/25,12.338.437.573.365.500,São Pedro do Iguaçu,30.0,0.5,0.9,13,6
1881,2016,03/25,6.229.118.967.436.430,São Pedro do Iguaçu,30.0,0.5,0.9,13,6
1882,2017,03/25,11.900.172.065.959.500,São Pedro do Iguaçu,30.0,0.5,0.9,13,6
1883,2018,03/25,11.537.093.354.137.900,São Pedro do Iguaçu,30.0,0.5,0.9,13,6
1884,2019,03/25,12.501.859.901.033.100,São Pedro do Iguaçu,30.0,0.5,0.9,13,6
1885,2020,03/25,11.529.345.237.966.100,São Pedro do Iguaçu,30.0,0.5,0.9,13,6
1886,2021,03/25,11.941.066.735.522.500,São Pedro do Iguaçu,30.0,0.5,0.9,13,6
1887,2022,03/25,10.802.952.929.925.200,São Pedro do Iguaçu,30.0,0.5,0.9,13,6
1888,2023,03/25,12.668.581.025.808.200,São Pedro do Iguaçu,30.0,0.5,0.9,13,6
1889,2024,03/25,12.122.730.065.017.500,São Pedro do Iguaçu,30.0,0.5,0.9,13,6
1890,2015,03/25,12.995.133.299.947.200,Toledo,30.0,0.5,0.9,13,6
1891,2016,03/25,9.049.198.676.604.650,Toledo,30.0,0.5,0.9,13,6
1892,2017,03/25,12.376.215.432.398.000,Toledo,30.0,0.5,0.9,13,6
1893,2018,03/25,12.436.660.217.102.000,Toledo,30.0,0.5,0.9,13,6
1894,2019,03/25,13.072.692.043.741.700,Toledo,30.0,0.5,0.9,13,6
1895,2020,03/25,12.616.623.505.353.500,Toledo,30.0,0.5,0.9,13,6
1896,2021,03/25,12.445.342.659.266.200,Toledo,30.0,0.5,0.9,13,6
1897,2022,03/25,114.509.177.625.887,Toledo,30.0,0.5,0.9,13,6
1898,2023,03/25,13.127.564.156.478.800,Toledo,30.0,0.5,0.9,13,6
1899,2024,03/25,13.132.516.496.230.900,Toledo,30.0,0.5,0.9,13,6
1900,2015,03/25,12.270.880.185.871.600,Cascavel,30.0,0.5,0.9,13,7
1901,2016,03/25,67.061.224.291.613.100,Cascavel,30.0,0.5,0.9,13,7
1902,2017,03/25,11.549.893.427.474.600,Cascavel,30.0,0.5,0.9,13,7
1903,2018,03/25,11.206.124.050.240.200,Cascavel,30.0,0.5,0.9,13,7
1904,2019,03/25,1.233.288.363.850.680,Cascavel,30.0,0.5,0.9,13,7
1905,2020,03/25,11.351.010.236.919.000,Cascavel,30.0,0.5,0.9,13,7
1906,2021,03/25,11.440.822.437.353.700,Cascavel,30.0,0.5,0.9,13,7
1907,2022,03/25,10.676.624.191.115.300,Cascavel,30.0,0.5,0.9,13,7
1908,2023,03/25,12.066.238.758.226.700,Cascavel,30.0,0.5,0.9,13,7
1909,2024,03/25,1.237.962.148.753.330,Cascavel,30.0,0.5,0.9,13,7
1910,2015,03/25,13.249.658.950.415.600,Foz do Iguaçu,30.0,0.5,0.9,13,7
1911,2016,03/25,10.508.048.654.925.700,Foz do Iguaçu,30.0,0.5,0.9,13,7
1912,2017,03/25,12.840.140.787.072.900,Foz do Iguaçu,30.0,0.5,0.9,13,7
1913,2018,03/25,12.217.834.453.880.700,Foz do Iguaçu,30.0,0.5,0.9,13,7
1914,2019,03/25,131.585.629.907.804,Foz do Iguaçu,30.0,0.5,0.9,13,7
1915,2020,03/25,12.007.142.401.268.300,Foz do Iguaçu,30.0,0.5,0.9,13,7
1916,2021,03/25,1.256.878.201.045.300,Foz do Iguaçu,30.0,0.5,0.9,13,7
1917,2022,03/25,11.710.200.943.182.900,Foz do Iguaçu,30.0,0.5,0.9,13,7
1918,2023,03/25,13.438.655.685.954.100,Foz do Iguaçu,30.0,0.5,0.9,13,7
1919,2024,03/25,12.054.849.554.569.100,Foz do Iguaçu,30.0,0.5,0.9,13,7
1920,2015,03/25,13.695.605.897.614.800,Guaíra,30.0,0.5,0.9,13,7
1921,2016,03/25,11.215.086.114.861.700,Guaíra,30.0,0.5,0.9,13,7
1922,2017,03/25,1.307.877.824.609.760,Guaíra,30.0,0.5,0.9,13,7
1923,2018,03/25,13.029.193.759.448.300,Guaíra,30.0,0.5,0.9,13,7
1924,2019,03/25,1.364.774.875.037.880,Guaíra,30.0,0.5,0.9,13,7
1925,2020,03/25,13.309.287.270.013.700,Guaíra,30.0,0.5,0.9,13,7
1926,2021,03/25,12.817.408.801.895.100,Guaíra,30.0,0.5,0.9,13,7
1927,2022,03/25,12.364.082.643.347.200,Guaíra,30.0,0.5,0.9,13,7
1928,2023,03/25,13.536.058.153.247.800,Guaíra,30.0,0.5,0.9,13,7
1929,2024,03/25,13.639.515.504.170.700,Guaíra,30.0,0.5,0.9,13,7
1930,2015,03/25,13.706.488.380.238.300,Marechal Cândido Rondon,30.0,0.5,0.9,13,7
1931,2016,03/25,11.304.291.238.190.500,Marechal Cândido Rondon,30.0,0.5,0.9,13,7
1932,2017,03/25,13.192.050.493.766.300,Marechal Cândido Rondon,30.0,0.5,0.9,13,7
1933,2018,03/25,13.085.449.821.085.700,Marechal Cândido Rondon,30.0,0.5,0.9,13,7
1934,2019,03/25,13.644.856.594.606.600,Marechal Cândido Rondon,30.0,0.5,0.9,13,7
1935,2020,03/25,1.318.929.201.657.720,Marechal Cândido Rondon,30.0,0.5,0.9,13,7
1936,2021,03/25,13.093.316.116.205.400,Marechal Cândido Rondon,30.0,0.5,0.9,13,7
1937,2022,03/25,1.240.605.339.924.720,Marechal Cândido Rondon,30.0,0.5,0.9,13,7
1938,2023,03/25,1.368.072.711.282.650,Marechal Cândido Rondon,30.0,0.5,0.9,13,7
1939,2024,03/25,13.307.141.031.884.700,Marechal Cândido Rondon,30.0,0.5,0.9,13,7
1940,2015,03/25,126.971.084.812.605,Matelândia,30.0,0.5,0.9,13,7
1941,2016,03/25,7.618.533.769.996.460,Matelândia,30.0,0.5,0.9,13,7
1942,2017,03/25,12.333.904.875.458.000,Matelândia,30.0,0.5,0.9,13,7
1943,2018,03/25,11.606.500.713.113.100,Matelândia,30.0,0.5,0.9,13,7
1944,2019,03/25,12.736.107.145.026.100,Matelândia,30.0,0.5,0.9,13,7
1945,2020,03/25,11.616.770.138.805.300,Matelândia,30.0,0.5,0.9,13,7
1946,2021,03/25,12.207.766.761.898.500,Matelândia,30.0,0.5,0.9,13,7
1947,2022,03/25,11.195.246.808.212.100,Matelândia,30.0,0.5,0.9,13,7
1948,2023,03/25,12.923.359.097.899.200,Matelândia,30.0,0.5,0.9,13,7
1949,2024,03/25,1.206.483.182.711.490,Matelândia,30.0,0.5,0.9,13,7
1950,2015,03/25,13.249.658.950.415.600,Medianeira,30.0,0.5,0.9,13,7
1951,2016,03/25,10.507.628.514.703.100,Medianeira,30.0,0.5,0.9,13,7
1952,2017,03/25,12.840.101.035.201.800,Medianeira,30.0,0.5,0.9,13,7
1953,2018,03/25,12.217.534.792.836.300,Medianeira,30.0,0.5,0.9,13,7
1954,2019,03/25,13.158.524.805.803.500,Medianeira,30.0,0.5,0.9,13,7
1955,2020,03/25,12.006.860.068.339.200,Medianeira,30.0,0.5,0.9,13,7
1956,2021,03/25,12.567.889.915.074.400,Medianeira,30.0,0.5,0.9,13,7
1957,2022,03/25,11.710.200.943.182.900,Medianeira,30.0,0.5,0.9,13,7
1958,2023,03/25,13.438.248.675.637.800,Medianeira,30.0,0.5,0.9,13,7
1959,2024,03/25,12.054.733.981.335.800,Medianeira,30.0,0.5,0.9,13,7
1960,2015,03/25,13.664.531.743.976.800,Santa Helena,30.0,0.5,0.9,13,7
1961,2016,03/25,11.264.872.776.203.200,Santa Helena,30.0,0.5,0.9,13,7
1962,2017,03/25,13.182.474.891.148.400,Santa Helena,30.0,0.5,0.9,13,7
1963,2018,03/25,1.281.756.978.538.540,Santa Helena,30.0,0.5,0.9,13,7
1964,2019,03/25,13.484.059.233.935.800,Santa Helena,30.0,0.5,0.9,13,7
1965,2020,03/25,12.856.794.840.196.900,Santa Helena,30.0,0.5,0.9,13,7
1966,2021,03/25,12.954.992.527.851.300,Santa Helena,30.0,0.5,0.9,13,7
1967,2022,03/25,12.366.960.644.499.500,Santa Helena,30.0,0.5,0.9,13,7
1968,2023,03/25,1.373.761.936.552.640,Santa Helena,30.0,0.5,0.9,13,7
1969,2024,03/25,12.784.481.678.509.300,Santa Helena,30.0,0.5,0.9,13,7
1970,2015,03/25,13.249.658.950.415.600,São Miguel do Iguaçu,30.0,0.5,0.9,13,7
1971,2016,03/25,10.507.968.400.714.000,São Miguel do Iguaçu,30.0,0.5,0.9,13,7
1972,2017,03/25,12.840.127.301.695.900,São Miguel do Iguaçu,30.0,0.5,0.9,13,7
1973,2018,03/25,12.217.783.430.821.800,São Miguel do Iguaçu,30.0,0.5,0.9,13,7
1974,2019,03/25,13.158.559.563.369.300,São Miguel do Iguaçu,30.0,0.5,0.9,13,7
1975,2020,03/25,12.007.100.087.226.800,São Miguel do Iguaçu,30.0,0.5,0.9,13,7
1976,2021,03/25,12.568.664.258.045.100,São Miguel do Iguaçu,30.0,0.5,0.9,13,7
1977,2022,03/25,11.710.200.943.182.900,São Miguel do Iguaçu,30.0,0.5,0.9,13,7
1978,2023,03/25,13.438.624.717.045.500,São Miguel do Iguaçu,30.0,0.5,0.9,13,7
1979,2024,03/25,12.054.821.970.136.600,São Miguel do Iguaçu,30.0,0.5,0.9,13,7
1980,2015,03/25,12.338.437.573.365.500,São Pedro do Iguaçu,30.0,0.5,0.9,13,7
1981,2016,03/25,6.229.118.967.436.430,São Pedro do Iguaçu,30.0,0.5,0.9,13,7
1982,2017,03/25,11.900.172.065.959.500,São Pedro do Iguaçu,30.0,0.5,0.9,13,7
1983,2018,03/25,11.537.093.354.137.900,São Pedro do Iguaçu,30.0,0.5,0.9,13,7
1984,2019,03/25,12.501.859.901.033.100,São Pedro do Iguaçu,30.0,0.5,0.9,13,7
1985,2020,03/25,11.529.345.237.966.100,São Pedro do Iguaçu,30.0,0.5,0.9,13,7
1986,2021,03/25,11.941.066.735.522.500,São Pedro do Iguaçu,30.0,0.5,0.9,13,7
1987,2022,03/25,10.802.952.929.925.200,São Pedro do Iguaçu,30.0,0.5,0.9,13,7
1988,2023,03/25,12.668.581.025.808.200,São Pedro do Iguaçu,30.0,0.5,0.9,13,7
1989,2024,03/25,12.122.730.065.017.500,São Pedro do Iguaçu,30.0,0.5,0.9,13,7
1990,2015,03/25,12.995.133.299.947.200,Toledo,30.0,0.5,0.9,13,7
1991,2016,03/25,9.049.198.676.604.650,Toledo,30.0,0.5,0.9,13,7
1992,2017,03/25,12.376.215.432.398.000,Toledo,30.0,0.5,0.9,13,7
1993,2018,03/25,12.436.660.217.102.000,Toledo,30.0,0.5,0.9,13,7
1994,2019,03/25,13.072.692.043.741.700,Toledo,30.0,0.5,0.9,13,7
1995,2020,03/25,12.616.623.505.353.500,Toledo,30.0,0.5,0.9,13,7
1996,2021,03/25,12.445.342.659.266.200,Toledo,30.0,0.5,0.9,13,7
1997,2022,03/25,114.509.177.625.887,Toledo,30.0,0.5,0.9,13,7
1998,2023,03/25,13.127.564.156.478.800,Toledo,30.0,0.5,0.9,13,7
1999,2024,03/25,13.132.516.496.230.900,Toledo,30.0,0.5,0.9,13,7
2000,2015,03/25,12.654.181.465.487.500,Cascavel,30.0,0.5,0.95,12,6
2001,2016,03/25,6.917.455.809.015.540,Cascavel,30.0,0.5,0.95,12,6
2002,2017,03/25,11.917.221.520.439.500,Cascavel,30.0,0.5,0.95,12,6
2003,2018,03/25,11.548.622.329.371.500,Cascavel,30.0,0.5,0.95,12,6
2004,2019,03/25,12.719.891.200.058.300,Cascavel,30.0,0.5,0.95,12,6
2005,2020,03/25,11.701.962.815.370.100,Cascavel,30.0,0.5,0.95,12,6
2006,2021,03/25,11.783.360.234.514.400,Cascavel,30.0,0.5,0.95,12,6
2007,2022,03/25,11.003.815.804.568.500,Cascavel,30.0,0.5,0.95,12,6
2008,2023,03/25,1.244.808.437.674.640,Cascavel,30.0,0.5,0.95,12,6
2009,2024,03/25,12.769.744.047.447.600,Cascavel,30.0,0.5,0.95,12,6
2010,2015,03/25,13.666.572.449.732.000,Foz do Iguaçu,30.0,0.5,0.95,12,6
2011,2016,03/25,1.084.158.805.922.050,Foz do Iguaçu,30.0,0.5,0.95,12,6
2012,2017,03/25,13.247.657.327.262.200,Foz do Iguaçu,30.0,0.5,0.95,12,6
2013,2018,03/25,12.595.959.659.515.600,Foz do Iguaçu,30.0,0.5,0.95,12,6
2014,2019,03/25,13.570.594.672.127.500,Foz do Iguaçu,30.0,0.5,0.95,12,6
2015,2020,03/25,1.237.916.172.821.500,Foz do Iguaçu,30.0,0.5,0.95,12,6
2016,2021,03/25,12.949.467.675.985.500,Foz do Iguaçu,30.0,0.5,0.95,12,6
2017,2022,03/25,12.072.821.042.326.500,Foz do Iguaçu,30.0,0.5,0.95,12,6
2018,2023,03/25,13.863.252.882.707.800,Foz do Iguaçu,30.0,0.5,0.95,12,6
2019,2024,03/25,12.436.449.337.152.400,Foz do Iguaçu,30.0,0.5,0.95,12,6
2020,2015,03/25,14.127.983.462.553.400,Guaíra,30.0,0.5,0.95,12,6
2021,2016,03/25,11.571.639.410.229.500,Guaíra,30.0,0.5,0.95,12,6
2022,2017,03/25,134.933.897.541.492,Guaíra,30.0,0.5,0.95,12,6
2023,2018,03/25,13.437.108.194.527.400,Guaíra,30.0,0.5,0.95,12,6
2024,2019,03/25,14.078.050.418.759.400,Guaíra,30.0,0.5,0.95,12,6
2025,2020,03/25,13.726.044.702.798.300,Guaíra,30.0,0.5,0.95,12,6
2026,2021,03/25,13.207.682.429.236.800,Guaíra,30.0,0.5,0.95,12,6
2027,2022,03/25,12.750.005.752.048.900,Guaíra,30.0,0.5,0.95,12,6
2028,2023,03/25,13.964.741.533.823.200,Guaíra,30.0,0.5,0.95,12,6
2029,2024,03/25,14.071.441.887.289.800,Guaíra,30.0,0.5,0.95,12,6
2030,2015,03/25,14.138.990.116.664.000,Marechal Cândido Rondon,30.0,0.5,0.95,12,6
2031,2016,03/25,11.662.982.802.672.200,Marechal Cândido Rondon,30.0,0.5,0.95,12,6
2032,2017,03/25,13.609.816.596.428.900,Marechal Cândido Rondon,30.0,0.5,0.95,12,6
2033,2018,03/25,13.493.753.017.966.700,Marechal Cândido Rondon,30.0,0.5,0.95,12,6
2034,2019,03/25,14.074.604.407.258.000,Marechal Cândido Rondon,30.0,0.5,0.95,12,6
2035,2020,03/25,13.602.199.990.189.200,Marechal Cândido Rondon,30.0,0.5,0.95,12,6
2036,2021,03/25,13.492.029.450.062.300,Marechal Cândido Rondon,30.0,0.5,0.95,12,6
2037,2022,03/25,12.793.821.692.236.000,Marechal Cândido Rondon,30.0,0.5,0.95,12,6
2038,2023,03/25,14.113.933.217.256.700,Marechal Cândido Rondon,30.0,0.5,0.95,12,6
2039,2024,03/25,13.728.783.890.805.000,Marechal Cândido Rondon,30.0,0.5,0.95,12,6
2040,2015,03/25,1.309.569.198.771.600,Matelândia,30.0,0.5,0.95,12,6
2041,2016,03/25,786.003.498.856.878,Matelândia,30.0,0.5,0.95,12,6
2042,2017,03/25,12.726.605.915.745.300,Matelândia,30.0,0.5,0.95,12,6
2043,2018,03/25,11.963.176.219.077.200,Matelândia,30.0,0.5,0.95,12,6
2044,2019,03/25,1.313.498.570.746.600,Matelândia,30.0,0.5,0.95,12,6
2045,2020,03/25,11.976.512.889.684.000,Matelândia,30.0,0.5,0.95,12,6
2046,2021,03/25,12.575.900.998.627.000,Matelândia,30.0,0.5,0.95,12,6
2047,2022,03/25,1.154.000.449.197.920,Matelândia,30.0,0.5,0.95,12,6
2048,2023,03/25,13.331.645.986.776.200,Matelândia,30.0,0.5,0.95,12,6
2049,2024,03/25,12.446.160.007.511.400,Matelândia,30.0,0.5,0.95,12,6
2050,2015,03/25,13.666.572.449.732.000,Medianeira,30.0,0.5,0.95,12,6
2051,2016,03/25,10.841.157.806.182.600,Medianeira,30.0,0.5,0.95,12,6
2052,2017,03/25,132.476.163.336.839,Medianeira,30.0,0.5,0.95,12,6
2053,2018,03/25,12.595.634.994.201.800,Medianeira,30.0,0.5,0.95,12,6
2054,2019,03/25,13.570.555.149.005.500,Medianeira,30.0,0.5,0.95,12,6
2055,2020,03/25,12.378.874.414.841.000,Medianeira,30.0,0.5,0.95,12,6
2056,2021,03/25,12.948.535.203.116.400,Medianeira,30.0,0.5,0.95,12,6
2057,2022,03/25,12.072.821.042.326.500,Medianeira,30.0,0.5,0.95,12,6
2058,2023,03/25,13.862.832.141.454.100,Medianeira,30.0,0.5,0.95,12,6
2059,2024,03/25,12.436.329.940.005.000,Medianeira,30.0,0.5,0.95,12,6
2060,2015,03/25,14.095.721.438.975.600,Santa Helena,30.0,0.5,0.95,12,6
2061,2016,03/25,11.622.041.786.267.200,Santa Helena,30.0,0.5,0.95,12,6
2062,2017,03/25,13.599.686.372.833.500,Santa Helena,30.0,0.5,0.95,12,6
2063,2018,03/25,13.216.300.730.474.800,Santa Helena,30.0,0.5,0.95,12,6
2064,2019,03/25,13.907.852.497.962.000,Santa Helena,30.0,0.5,0.95,12,6
2065,2020,03/25,13.257.540.799.540.800,Santa Helena,30.0,0.5,0.95,12,6
2066,2021,03/25,13.348.541.524.145.700,Santa Helena,30.0,0.5,0.95,12,6
2067,2022,03/25,12.752.534.346.010.200,Santa Helena,30.0,0.5,0.95,12,6
2068,2023,03/25,14.172.238.824.625.700,Santa Helena,30.0,0.5,0.95,12,6
2069,2024,03/25,13.189.205.728.954.700,Santa Helena,30.0,0.5,0.95,12,6
2070,2015,03/25,13.666.572.449.732.000,São Miguel do Iguaçu,30.0,0.5,0.95,12,6
2071,2016,03/25,10.841.505.895.806.000,São Miguel do Iguaçu,30.0,0.5,0.95,12,6
2072,2017,03/25,13.247.643.420.641.300,São Miguel do Iguaçu,30.0,0.5,0.95,12,6
2073,2018,03/25,12.595.906.041.537.400,São Miguel do Iguaçu,30.0,0.5,0.95,12,6
2074,2019,03/25,13.570.591.124.601.000,São Miguel do Iguaçu,30.0,0.5,0.95,12,6
2075,2020,03/25,12.379.127.862.880.900,São Miguel do Iguaçu,30.0,0.5,0.95,12,6
2076,2021,03/25,1.294.934.130.101.820,São Miguel do Iguaçu,30.0,0.5,0.95,12,6
2077,2022,03/25,12.072.821.042.326.500,São Miguel do Iguaçu,30.0,0.5,0.95,12,6
2078,2023,03/25,13.863.220.869.412.500,São Miguel do Iguaçu,30.0,0.5,0.95,12,6
2079,2024,03/25,12.436.420.839.710.900,São Miguel do Iguaçu,30.0,0.5,0.95,12,6
2080,2015,03/25,12.724.761.298.472.800,São Pedro do Iguaçu,30.0,0.5,0.95,12,6
2081,2016,03/25,6.426.153.344.549.040,São Pedro do Iguaçu,30.0,0.5,0.95,12,6
2082,2017,03/25,12.279.255.269.080.500,São Pedro do Iguaçu,30.0,0.5,0.95,12,6
2083,2018,03/25,11.889.842.063.483.700,São Pedro do Iguaçu,30.0,0.5,0.95,12,6
2084,2019,03/25,12.892.735.456.368.200,São Pedro do Iguaçu,30.0,0.5,0.95,12,6
2085,2020,03/25,1.188.519.364.538.410,São Pedro do Iguaçu,30.0,0.5,0.95,12,6
2086,2021,03/25,12.300.615.986.712.800,São Pedro do Iguaçu,30.0,0.5,0.95,12,6
2087,2022,03/25,11.135.081.875.087.500,São Pedro do Iguaçu,30.0,0.5,0.95,12,6
2088,2023,03/25,1.306.985.774.210.190,São Pedro do Iguaçu,30.0,0.5,0.95,12,6
2089,2024,03/25,12.505.493.103.280.300,São Pedro do Iguaçu,30.0,0.5,0.95,12,6
2090,2015,03/25,1.340.321.573.953.640,Toledo,30.0,0.5,0.95,12,6
2091,2016,03/25,933.579.591.637.597,Toledo,30.0,0.5,0.95,12,6
2092,2017,03/25,12.769.449.435.751.000,Toledo,30.0,0.5,0.95,12,6
2093,2018,03/25,12.823.505.316.775.400,Toledo,30.0,0.5,0.95,12,6
2094,2019,03/25,13.484.127.912.246.300,Toledo,30.0,0.5,0.95,12,6
2095,2020,03/25,13.009.992.292.701.100,Toledo,30.0,0.5,0.95,12,6
2096,2021,03/25,12.821.102.439.395.100,Toledo,30.0,0.5,0.95,12,6
2097,2022,03/25,11.805.560.668.012.900,Toledo,30.0,0.5,0.95,12,6
2098,2023,03/25,13.543.690.584.013.700,Toledo,30.0,0.5,0.95,12,6
2099,2024,03/25,13.547.903.405.353.000,Toledo,30.0,0.5,0.95,12,6
2100,2015,03/25,12.654.181.465.487.500,Cascavel,30.0,0.5,0.95,12,7
2101,2016,03/25,6.917.455.809.015.540,Cascavel,30.0,0.5,0.95,12,7
2102,2017,03/25,11.917.221.520.439.500,Cascavel,30.0,0.5,0.95,12,7
2103,2018,03/25,11.548.622.329.371.500,Cascavel,30.0,0.5,0.95,12,7
2104,2019,03/25,12.719.891.200.058.300,Cascavel,30.0,0.5,0.95,12,7
2105,2020,03/25,11.701.962.815.370.100,Cascavel,30.0,0.5,0.95,12,7
2106,2021,03/25,11.783.360.234.514.400,Cascavel,30.0,0.5,0.95,12,7
2107,2022,03/25,11.003.815.804.568.500,Cascavel,30.0,0.5,0.95,12,7
2108,2023,03/25,1.244.808.437.674.640,Cascavel,30.0,0.5,0.95,12,7
2109,2024,03/25,12.769.744.047.447.600,Cascavel,30.0,0.5,0.95,12,7
2110,2015,03/25,13.666.572.449.732.000,Foz do Iguaçu,30.0,0.5,0.95,12,7
2111,2016,03/25,1.084.158.805.922.050,Foz do Iguaçu,30.0,0.5,0.95,12,7
2112,2017,03/25,13.247.657.327.262.200,Foz do Iguaçu,30.0,0.5,0.95,12,7
2113,2018,03/25,12.595.959.659.515.600,Foz do Iguaçu,30.0,0.5,0.95,12,7
2114,2019,03/25,13.570.594.672.127.500,Foz do Iguaçu,30.0,0.5,0.95,12,7
2115,2020,03/25,1.237.916.172.821.500,Foz do Iguaçu,30.0,0.5,0.95,12,7
2116,2021,03/25,12.949.467.675.985.500,Foz do Iguaçu,30.0,0.5,0.95,12,7
2117,2022,03/25,12.072.821.042.326.500,Foz do Iguaçu,30.0,0.5,0.95,12,7
2118,2023,03/25,13.863.252.882.707.800,Foz do Iguaçu,30.0,0.5,0.95,12,7
2119,2024,03/25,12.436.449.337.152.400,Foz do Iguaçu,30.0,0.5,0.95,12,7
2120,2015,03/25,14.127.983.462.553.400,Guaíra,30.0,0.5,0.95,12,7
2121,2016,03/25,11.571.639.410.229.500,Guaíra,30.0,0.5,0.95,12,7
2122,2017,03/25,134.933.897.541.492,Guaíra,30.0,0.5,0.95,12,7
2123,2018,03/25,13.437.108.194.527.400,Guaíra,30.0,0.5,0.95,12,7
2124,2019,03/25,14.078.050.418.759.400,Guaíra,30.0,0.5,0.95,12,7
2125,2020,03/25,13.726.044.702.798.300,Guaíra,30.0,0.5,0.95,12,7
2126,2021,03/25,13.207.682.429.236.800,Guaíra,30.0,0.5,0.95,12,7
2127,2022,03/25,12.750.005.752.048.900,Guaíra,30.0,0.5,0.95,12,7
2128,2023,03/25,13.964.741.533.823.200,Guaíra,30.0,0.5,0.95,12,7
2129,2024,03/25,14.071.441.887.289.800,Guaíra,30.0,0.5,0.95,12,7
2130,2015,03/25,14.138.990.116.664.000,Marechal Cândido Rondon,30.0,0.5,0.95,12,7
2131,2016,03/25,11.662.982.802.672.200,Marechal Cândido Rondon,30.0,0.5,0.95,12,7
2132,2017,03/25,13.609.816.596.428.900,Marechal Cândido Rondon,30.0,0.5,0.95,12,7
2133,2018,03/25,13.493.753.017.966.700,Marechal Cândido Rondon,30.0,0.5,0.95,12,7
2134,2019,03/25,14.074.604.407.258.000,Marechal Cândido Rondon,30.0,0.5,0.95,12,7
2135,2020,03/25,13.602.199.990.189.200,Marechal Cândido Rondon,30.0,0.5,0.95,12,7
2136,2021,03/25,13.492.029.450.062.300,Marechal Cândido Rondon,30.0,0.5,0.95,12,7
2137,2022,03/25,12.793.821.692.236.000,Marechal Cândido Rondon,30.0,0.5,0.95,12,7
2138,2023,03/25,14.113.933.217.256.700,Marechal Cândido Rondon,30.0,0.5,0.95,12,7
2139,2024,03/25,13.728.783.890.805.000,Marechal Cândido Rondon,30.0,0.5,0.95,12,7
2140,2015,03/25,1.309.569.198.771.600,Matelândia,30.0,0.5,0.95,12,7
2141,2016,03/25,786.003.498.856.878,Matelândia,30.0,0.5,0.95,12,7
2142,2017,03/25,12.726.605.915.745.300,Matelândia,30.0,0.5,0.95,12,7
2143,2018,03/25,11.963.176.219.077.200,Matelândia,30.0,0.5,0.95,12,7
2144,2019,03/25,1.313.498.570.746.600,Matelândia,30.0,0.5,0.95,12,7
2145,2020,03/25,11.976.512.889.684.000,Matelândia,30.0,0.5,0.95,12,7
2146,2021,03/25,12.575.900.998.627.000,Matelândia,30.0,0.5,0.95,12,7
2147,2022,03/25,1.154.000.449.197.920,Matelândia,30.0,0.5,0.95,12,7
2148,2023,03/25,13.331.645.986.776.200,Matelândia,30.0,0.5,0.95,12,7
2149,2024,03/25,12.446.160.007.511.400,Matelândia,30.0,0.5,0.95,12,7
2150,2015,03/25,13.666.572.449.732.000,Medianeira,30.0,0.5,0.95,12,7
2151,2016,03/25,10.841.157.806.182.600,Medianeira,30.0,0.5,0.95,12,7
2152,2017,03/25,132.476.163.336.839,Medianeira,30.0,0.5,0.95,12,7
2153,2018,03/25,12.595.634.994.201.800,Medianeira,30.0,0.5,0.95,12,7
2154,2019,03/25,13.570.555.149.005.500,Medianeira,30.0,0.5,0.95,12,7
2155,2020,03/25,12.378.874.414.841.000,Medianeira,30.0,0.5,0.95,12,7
2156,2021,03/25,12.948.535.203.116.400,Medianeira,30.0,0.5,0.95,12,7
2157,2022,03/25,12.072.821.042.326.500,Medianeira,30.0,0.5,0.95,12,7
2158,2023,03/25,13.862.832.141.454.100,Medianeira,30.0,0.5,0.95,12,7
2159,2024,03/25,12.436.329.940.005.000,Medianeira,30.0,0.5,0.95,12,7
2160,2015,03/25,14.095.721.438.975.600,Santa Helena,30.0,0.5,0.95,12,7
2161,2016,03/25,11.622.041.786.267.200,Santa Helena,30.0,0.5,0.95,12,7
2162,2017,03/25,13.599.686.372.833.500,Santa Helena,30.0,0.5,0.95,12,7
2163,2018,03/25,13.216.300.730.474.800,Santa Helena,30.0,0.5,0.95,12,7
2164,2019,03/25,13.907.852.497.962.000,Santa Helena,30.0,0.5,0.95,12,7
2165,2020,03/25,13.257.540.799.540.800,Santa Helena,30.0,0.5,0.95,12,7
2166,2021,03/25,13.348.541.524.145.700,Santa Helena,30.0,0.5,0.95,12,7
2167,2022,03/25,12.752.534.346.010.200,Santa Helena,30.0,0.5,0.95,12,7
2168,2023,03/25,14.172.238.824.625.700,Santa Helena,30.0,0.5,0.95,12,7
2169,2024,03/25,13.189.205.728.954.700,Santa Helena,30.0,0.5,0.95,12,7
2170,2015,03/25,13.666.572.449.732.000,São Miguel do Iguaçu,30.0,0.5,0.95,12,7
2171,2016,03/25,10.841.505.895.806.000,São Miguel do Iguaçu,30.0,0.5,0.95,12,7
2172,2017,03/25,13.247.643.420.641.300,São Miguel do Iguaçu,30.0,0.5,0.95,12,7
2173,2018,03/25,12.595.906.041.537.400,São Miguel do Iguaçu,30.0,0.5,0.95,12,7
2174,2019,03/25,13.570.591.124.601.000,São Miguel do Iguaçu,30.0,0.5,0.95,12,7
2175,2020,03/25,12.379.127.862.880.900,São Miguel do Iguaçu,30.0,0.5,0.95,12,7
2176,2021,03/25,1.294.934.130.101.820,São Miguel do Iguaçu,30.0,0.5,0.95,12,7
2177,2022,03/25,12.072.821.042.326.500,São Miguel do Iguaçu,30.0,0.5,0.95,12,7
2178,2023,03/25,13.863.220.869.412.500,São Miguel do Iguaçu,30.0,0.5,0.95,12,7
2179,2024,03/25,12.436.420.839.710.900,São Miguel do Iguaçu,30.0,0.5,0.95,12,7
2180,2015,03/25,12.724.761.298.472.800,São Pedro do Iguaçu,30.0,0.5,0.95,12,7
2181,2016,03/25,6.426.153.344.549.040,São Pedro do Iguaçu,30.0,0.5,0.95,12,7
2182,2017,03/25,12.279.255.269.080.500,São Pedro do Iguaçu,30.0,0.5,0.95,12,7
2183,2018,03/25,11.889.842.063.483.700,São Pedro do Iguaçu,30.0,0.5,0.95,12,7
2184,2019,03/25,12.892.735.456.368.200,São Pedro do Iguaçu,30.0,0.5,0.95,12,7
2185,2020,03/25,1.188.519.364.538.410,São Pedro do Iguaçu,30.0,0.5,0.95,12,7
2186,2021,03/25,12.300.615.986.712.800,São Pedro do Iguaçu,30.0,0.5,0.95,12,7
2187,2022,03/25,11.135.081.875.087.500,São Pedro do Iguaçu,30.0,0.5,0.95,12,7
2188,2023,03/25,1.306.985.774.210.190,São Pedro do Iguaçu,30.0,0.5,0.95,12,7
2189,2024,03/25,12.505.493.103.280.300,São Pedro do Iguaçu,30.0,0.5,0.95,12,7
2190,2015,03/25,1.340.321.573.953.640,Toledo,30.0,0.5,0.95,12,7
2191,2016,03/25,933.579.591.637.597,Toledo,30.0,0.5,0.95,12,7
2192,2017,03/25,12.769.449.435.751.000,Toledo,30.0,0.5,0.95,12,7
2193,2018,03/25,12.823.505.316.775.400,Toledo,30.0,0.5,0.95,12,7
2194,2019,03/25,13.484.127.912.246.300,Toledo,30.0,0.5,0.95,12,7
2195,2020,03/25,13.009.992.292.701.100,Toledo,30.0,0.5,0.95,12,7
2196,2021,03/25,12.821.102.439.395.100,Toledo,30.0,0.5,0.95,12,7
2197,2022,03/25,11.805.560.668.012.900,Toledo,30.0,0.5,0.95,12,7
2198,2023,03/25,13.543.690.584.013.700,Toledo,30.0,0.5,0.95,12,7
2199,2024,03/25,13.547.903.405.353.000,Toledo,30.0,0.5,0.95,12,7
2200,2015,03/25,12.654.181.465.487.500,Cascavel,30.0,0.5,0.95,13,6
2201,2016,03/25,6.917.455.809.015.540,Cascavel,30.0,0.5,0.95,13,6
2202,2017,03/25,11.917.221.520.439.500,Cascavel,30.0,0.5,0.95,13,6
2203,2018,03/25,11.548.622.329.371.500,Cascavel,30.0,0.5,0.95,13,6
2204,2019,03/25,12.719.891.200.058.300,Cascavel,30.0,0.5,0.95,13,6
2205,2020,03/25,11.701.962.815.370.100,Cascavel,30.0,0.5,0.95,13,6
2206,2021,03/25,11.783.360.234.514.400,Cascavel,30.0,0.5,0.95,13,6
2207,2022,03/25,11.003.815.804.568.500,Cascavel,30.0,0.5,0.95,13,6
2208,2023,03/25,1.244.808.437.674.640,Cascavel,30.0,0.5,0.95,13,6
2209,2024,03/25,12.769.744.047.447.600,Cascavel,30.0,0.5,0.95,13,6
2210,2015,03/25,13.666.572.449.732.000,Foz do Iguaçu,30.0,0.5,0.95,13,6
2211,2016,03/25,1.084.158.805.922.050,Foz do Iguaçu,30.0,0.5,0.95,13,6
2212,2017,03/25,13.247.657.327.262.200,Foz do Iguaçu,30.0,0.5,0.95,13,6
2213,2018,03/25,12.595.959.659.515.600,Foz do Iguaçu,30.0,0.5,0.95,13,6
2214,2019,03/25,13.570.594.672.127.500,Foz do Iguaçu,30.0,0.5,0.95,13,6
2215,2020,03/25,1.237.916.172.821.500,Foz do Iguaçu,30.0,0.5,0.95,13,6
2216,2021,03/25,12.949.467.675.985.500,Foz do Iguaçu,30.0,0.5,0.95,13,6
2217,2022,03/25,12.072.821.042.326.500,Foz do Iguaçu,30.0,0.5,0.95,13,6
2218,2023,03/25,13.863.252.882.707.800,Foz do Iguaçu,30.0,0.5,0.95,13,6
2219,2024,03/25,12.436.449.337.152.400,Foz do Iguaçu,30.0,0.5,0.95,13,6
2220,2015,03/25,14.127.983.462.553.400,Guaíra,30.0,0.5,0.95,13,6
2221,2016,03/25,11.571.639.410.229.500,Guaíra,30.0,0.5,0.95,13,6
2222,2017,03/25,134.933.897.541.492,Guaíra,30.0,0.5,0.95,13,6
2223,2018,03/25,13.437.108.194.527.400,Guaíra,30.0,0.5,0.95,13,6
2224,2019,03/25,14.078.050.418.759.400,Guaíra,30.0,0.5,0.95,13,6
2225,2020,03/25,13.726.044.702.798.300,Guaíra,30.0,0.5,0.95,13,6
2226,2021,03/25,13.207.682.429.236.800,Guaíra,30.0,0.5,0.95,13,6
2227,2022,03/25,12.750.005.752.048.900,Guaíra,30.0,0.5,0.95,13,6
2228,2023,03/25,13.964.741.533.823.200,Guaíra,30.0,0.5,0.95,13,6
2229,2024,03/25,14.071.441.887.289.800,Guaíra,30.0,0.5,0.95,13,6
2230,2015,03/25,14.138.990.116.664.000,Marechal Cândido Rondon,30.0,0.5,0.95,13,6
2231,2016,03/25,11.662.982.802.672.200,Marechal Cândido Rondon,30.0,0.5,0.95,13,6
2232,2017,03/25,13.609.816.596.428.900,Marechal Cândido Rondon,30.0,0.5,0.95,13,6
2233,2018,03/25,13.493.753.017.966.700,Marechal Cândido Rondon,30.0,0.5,0.95,13,6
2234,2019,03/25,14.074.604.407.258.000,Marechal Cândido Rondon,30.0,0.5,0.95,13,6
2235,2020,03/25,13.602.199.990.189.200,Marechal Cândido Rondon,30.0,0.5,0.95,13,6
2236,2021,03/25,13.492.029.450.062.300,Marechal Cândido Rondon,30.0,0.5,0.95,13,6
2237,2022,03/25,12.793.821.692.236.000,Marechal Cândido Rondon,30.0,0.5,0.95,13,6
2238,2023,03/25,14.113.933.217.256.700,Marechal Cândido Rondon,30.0,0.5,0.95,13,6
2239,2024,03/25,13.728.783.890.805.000,Marechal Cândido Rondon,30.0,0.5,0.95,13,6
2240,2015,03/25,1.309.569.198.771.600,Matelândia,30.0,0.5,0.95,13,6
2241,2016,03/25,786.003.498.856.878,Matelândia,30.0,0.5,0.95,13,6
2242,2017,03/25,12.726.605.915.745.300,Matelândia,30.0,0.5,0.95,13,6
2243,2018,03/25,11.963.176.219.077.200,Matelândia,30.0,0.5,0.95,13,6
2244,2019,03/25,1.313.498.570.746.600,Matelândia,30.0,0.5,0.95,13,6
2245,2020,03/25,11.976.512.889.684.000,Matelândia,30.0,0.5,0.95,13,6
2246,2021,03/25,12.575.900.998.627.000,Matelândia,30.0,0.5,0.95,13,6
2247,2022,03/25,1.154.000.449.197.920,Matelândia,30.0,0.5,0.95,13,6
2248,2023,03/25,13.331.645.986.776.200,Matelândia,30.0,0.5,0.95,13,6
2249,2024,03/25,12.446.160.007.511.400,Matelândia,30.0,0.5,0.95,13,6
2250,2015,03/25,13.666.572.449.732.000,Medianeira,30.0,0.5,0.95,13,6
2251,2016,03/25,10.841.157.806.182.600,Medianeira,30.0,0.5,0.95,13,6
2252,2017,03/25,132.476.163.336.839,Medianeira,30.0,0.5,0.95,13,6
2253,2018,03/25,12.595.634.994.201.800,Medianeira,30.0,0.5,0.95,13,6
2254,2019,03/25,13.570.555.149.005.500,Medianeira,30.0,0.5,0.95,13,6
2255,2020,03/25,12.378.874.414.841.000,Medianeira,30.0,0.5,0.95,13,6
2256,2021,03/25,12.948.535.203.116.400,Medianeira,30.0,0.5,0.95,13,6
2257,2022,03/25,12.072.821.042.326.500,Medianeira,30.0,0.5,0.95,13,6
2258,2023,03/25,13.862.832.141.454.100,Medianeira,30.0,0.5,0.95,13,6
2259,2024,03/25,12.436.329.940.005.000,Medianeira,30.0,0.5,0.95,13,6
2260,2015,03/25,14.095.721.438.975.600,Santa Helena,30.0,0.5,0.95,13,6
2261,2016,03/25,11.622.041.786.267.200,Santa Helena,30.0,0.5,0.95,13,6
2262,2017,03/25,13.599.686.372.833.500,Santa Helena,30.0,0.5,0.95,13,6
2263,2018,03/25,13.216.300.730.474.800,Santa Helena,30.0,0.5,0.95,13,6
2264,2019,03/25,13.907.852.497.962.000,Santa Helena,30.0,0.5,0.95,13,6
2265,2020,03/25,13.257.540.799.540.800,Santa Helena,30.0,0.5,0.95,13,6
2266,2021,03/25,13.348.541.524.145.700,Santa Helena,30.0,0.5,0.95,13,6
2267,2022,03/25,12.752.534.346.010.200,Santa Helena,30.0,0.5,0.95,13,6
2268,2023,03/25,14.172.238.824.625.700,Santa Helena,30.0,0.5,0.95,13,6
2269,2024,03/25,13.189.205.728.954.700,Santa Helena,30.0,0.5,0.95,13,6
2270,2015,03/25,13.666.572.449.732.000,São Miguel do Iguaçu,30.0,0.5,0.95,13,6
2271,2016,03/25,10.841.505.895.806.000,São Miguel do Iguaçu,30.0,0.5,0.95,13,6
2272,2017,03/25,13.247.643.420.641.300,São Miguel do Iguaçu,30.0,0.5,0.95,13,6
2273,2018,03/25,12.595.906.041.537.400,São Miguel do Iguaçu,30.0,0.5,0.95,13,6
2274,2019,03/25,13.570.591.124.601.000,São Miguel do Iguaçu,30.0,0.5,0.95,13,6
2275,2020,03/25,12.379.127.862.880.900,São Miguel do Iguaçu,30.0,0.5,0.95,13,6
2276,2021,03/25,1.294.934.130.101.820,São Miguel do Iguaçu,30.0,0.5,0.95,13,6
2277,2022,03/25,12.072.821.042.326.500,São Miguel do Iguaçu,30.0,0.5,0.95,13,6
2278,2023,03/25,13.863.220.869.412.500,São Miguel do Iguaçu,30.0,0.5,0.95,13,6
2279,2024,03/25,12.436.420.839.710.900,São Miguel do Iguaçu,30.0,0.5,0.95,13,6
2280,2015,03/25,12.724.761.298.472.800,São Pedro do Iguaçu,30.0,0.5,0.95,13,6
2281,2016,03/25,6.426.153.344.549.040,São Pedro do Iguaçu,30.0,0.5,0.95,13,6
2282,2017,03/25,12.279.255.269.080.500,São Pedro do Iguaçu,30.0,0.5,0.95,13,6
2283,2018,03/25,11.889.842.063.483.700,São Pedro do Iguaçu,30.0,0.5,0.95,13,6
2284,2019,03/25,12.892.735.456.368.200,São Pedro do Iguaçu,30.0,0.5,0.95,13,6
2285,2020,03/25,1.188.519.364.538.410,São Pedro do Iguaçu,30.0,0.5,0.95,13,6
2286,2021,03/25,12.300.615.986.712.800,São Pedro do Iguaçu,30.0,0.5,0.95,13,6
2287,2022,03/25,11.135.081.875.087.500,São Pedro do Iguaçu,30.0,0.5,0.95,13,6
2288,2023,03/25,1.306.985.774.210.190,São Pedro do Iguaçu,30.0,0.5,0.95,13,6
2289,2024,03/25,12.505.493.103.280.300,São Pedro do Iguaçu,30.0,0.5,0.95,13,6
2290,2015,03/25,1.340.321.573.953.640,Toledo,30.0,0.5,0.95,13,6
2291,2016,03/25,933.579.591.637.597,Toledo,30.0,0.5,0.95,13,6
2292,2017,03/25,12.769.449.435.751.000,Toledo,30.0,0.5,0.95,13,6
2293,2018,03/25,12.823.505.316.775.400,Toledo,30.0,0.5,0.95,13,6
2294,2019,03/25,13.484.127.912.246.300,Toledo,30.0,0.5,0.95,13,6
2295,2020,03/25,13.009.992.292.701.100,Toledo,30.0,0.5,0.95,13,6
2296,2021,03/25,12.821.102.439.395.100,Toledo,30.0,0.5,0.95,13,6
2297,2022,03/25,11.805.560.668.012.900,Toledo,30.0,0.5,0.95,13,6
2298,2023,03/25,13.543.690.584.013.700,Toledo,30.0,0.5,0.95,13,6
2299,2024,03/25,13.547.903.405.353.000,Toledo,30.0,0.5,0.95,13,6
2300,2015,03/25,12.654.181.465.487.500,Cascavel,30.0,0.5,0.95,13,7
2301,2016,03/25,6.917.455.809.015.540,Cascavel,30.0,0.5,0.95,13,7
2302,2017,03/25,11.917.221.520.439.500,Cascavel,30.0,0.5,0.95,13,7
2303,2018,03/25,11.548.622.329.371.500,Cascavel,30.0,0.5,0.95,13,7
2304,2019,03/25,12.719.891.200.058.300,Cascavel,30.0,0.5,0.95,13,7
2305,2020,03/25,11.701.962.815.370.100,Cascavel,30.0,0.5,0.95,13,7
2306,2021,03/25,11.783.360.234.514.400,Cascavel,30.0,0.5,0.95,13,7
2307,2022,03/25,11.003.815.804.568.500,Cascavel,30.0,0.5,0.95,13,7
2308,2023,03/25,1.244.808.437.674.640,Cascavel,30.0,0.5,0.95,13,7
2309,2024,03/25,12.769.744.047.447.600,Cascavel,30.0,0.5,0.95,13,7
2310,2015,03/25,13.666.572.449.732.000,Foz do Iguaçu,30.0,0.5,0.95,13,7
2311,2016,03/25,1.084.158.805.922.050,Foz do Iguaçu,30.0,0.5,0.95,13,7
2312,2017,03/25,13.247.657.327.262.200,Foz do Iguaçu,30.0,0.5,0.95,13,7
2313,2018,03/25,12.595.959.659.515.600,Foz do Iguaçu,30.0,0.5,0.95,13,7
2314,2019,03/25,13.570.594.672.127.500,Foz do Iguaçu,30.0,0.5,0.95,13,7
2315,2020,03/25,1.237.916.172.821.500,Foz do Iguaçu,30.0,0.5,0.95,13,7
2316,2021,03/25,12.949.467.675.985.500,Foz do Iguaçu,30.0,0.5,0.95,13,7
2317,2022,03/25,12.072.821.042.326.500,Foz do Iguaçu,30.0,0.5,0.95,13,7
2318,2023,03/25,13.863.252.882.707.800,Foz do Iguaçu,30.0,0.5,0.95,13,7
2319,2024,03/25,12.436.449.337.152.400,Foz do Iguaçu,30.0,0.5,0.95,13,7
2320,2015,03/25,14.127.983.462.553.400,Guaíra,30.0,0.5,0.95,13,7
2321,2016,03/25,11.571.639.410.229.500,Guaíra,30.0,0.5,0.95,13,7
2322,2017,03/25,134.933.897.541.492,Guaíra,30.0,0.5,0.95,13,7
2323,2018,03/25,13.437.108.194.527.400,Guaíra,30.0,0.5,0.95,13,7
2324,2019,03/25,14.078.050.418.759.400,Guaíra,30.0,0.5,0.95,13,7
2325,2020,03/25,13.726.044.702.798.300,Guaíra,30.0,0.5,0.95,13,7
2326,2021,03/25,13.207.682.429.236.800,Guaíra,30.0,0.5,0.95,13,7
2327,2022,03/25,12.750.005.752.048.900,Guaíra,30.0,0.5,0.95,13,7
2328,2023,03/25,13.964.741.533.823.200,Guaíra,30.0,0.5,0.95,13,7
2329,2024,03/25,14.071.441.887.289.800,Guaíra,30.0,0.5,0.95,13,7
2330,2015,03/25,14.138.990.116.664.000,Marechal Cândido Rondon,30.0,0.5,0.95,13,7
2331,2016,03/25,11.662.982.802.672.200,Marechal Cândido Rondon,30.0,0.5,0.95,13,7
2332,2017,03/25,13.609.816.596.428.900,Marechal Cândido Rondon,30.0,0.5,0.95,13,7
2333,2018,03/25,13.493.753.017.966.700,Marechal Cândido Rondon,30.0,0.5,0.95,13,7
2334,2019,03/25,14.074.604.407.258.000,Marechal Cândido Rondon,30.0,0.5,0.95,13,7
2335,2020,03/25,13.602.199.990.189.200,Marechal Cândido Rondon,30.0,0.5,0.95,13,7
2336,2021,03/25,13.492.029.450.062.300,Marechal Cândido Rondon,30.0,0.5,0.95,13,7
2337,2022,03/25,12.793.821.692.236.000,Marechal Cândido Rondon,30.0,0.5,0.95,13,7
2338,2023,03/25,14.113.933.217.256.700,Marechal Cândido Rondon,30.0,0.5,0.95,13,7
2339,2024,03/25,13.728.783.890.805.000,Marechal Cândido Rondon,30.0,0.5,0.95,13,7
2340,2015,03/25,1.309.569.198.771.600,Matelândia,30.0,0.5,0.95,13,7
2341,2016,03/25,786.003.498.856.878,Matelândia,30.0,0.5,0.95,13,7
2342,2017,03/25,12.726.605.915.745.300,Matelândia,30.0,0.5,0.95,13,7
2343,2018,03/25,11.963.176.219.077.200,Matelândia,30.0,0.5,0.95,13,7
2344,2019,03/25,1.313.498.570.746.600,Matelândia,30.0,0.5,0.95,13,7
2345,2020,03/25,11.976.512.889.684.000,Matelândia,30.0,0.5,0.95,13,7
2346,2021,03/25,12.575.900.998.627.000,Matelândia,30.0,0.5,0.95,13,7
2347,2022,03/25,1.154.000.449.197.920,Matelândia,30.0,0.5,0.95,13,7
2348,2023,03/25,13.331.645.986.776.200,Matelândia,30.0,0.5,0.95,13,7
2349,2024,03/25,12.446.160.007.511.400,Matelândia,30.0,0.5,0.95,13,7
2350,2015,03/25,13.666.572.449.732.000,Medianeira,30.0,0.5,0.95,13,7
2351,2016,03/25,10.841.157.806.182.600,Medianeira,30.0,0.5,0.95,13,7
2352,2017,03/25,132.476.163.336.839,Medianeira,30.0,0.5,0.95,13,7
2353,2018,03/25,12.595.634.994.201.800,Medianeira,30.0,0.5,0.95,13,7
2354,2019,03/25,13.570.555.149.005.500,Medianeira,30.0,0.5,0.95,13,7
2355,2020,03/25,12.378.874.414.841.000,Medianeira,30.0,0.5,0.95,13,7
2356,2021,03/25,12.948.535.203.116.400,Medianeira,30.0,0.5,0.95,13,7
2357,2022,03/25,12.072.821.042.326.500,Medianeira,30.0,0.5,0.95,13,7
2358,2023,03/25,13.862.832.141.454.100,Medianeira,30.0,0.5,0.95,13,7
2359,2024,03/25,12.436.329.940.005.000,Medianeira,30.0,0.5,0.95,13,7
2360,2015,03/25,14.095.721.438.975.600,Santa Helena,30.0,0.5,0.95,13,7
2361,2016,03/25,11.622.041.786.267.200,Santa Helena,30.0,0.5,0.95,13,7
2362,2017,03/25,13.599.686.372.833.500,Santa Helena,30.0,0.5,0.95,13,7
2363,2018,03/25,13.216.300.730.474.800,Santa Helena,30.0,0.5,0.95,13,7
2364,2019,03/25,13.907.852.497.962.000,Santa Helena,30.0,0.5,0.95,13,7
2365,2020,03/25,13.257.540.799.540.800,Santa Helena,30.0,0.5,0.95,13,7
2366,2021,03/25,13.348.541.524.145.700,Santa Helena,30.0,0.5,0.95,13,7
2367,2022,03/25,12.752.534.346.010.200,Santa Helena,30.0,0.5,0.95,13,7
2368,2023,03/25,14.172.238.824.625.700,Santa Helena,30.0,0.5,0.95,13,7
2369,2024,03/25,13.189.205.728.954.700,Santa Helena,30.0,0.5,0.95,13,7
2370,2015,03/25,13.666.572.449.732.000,São Miguel do Iguaçu,30.0,0.5,0.95,13,7
2371,2016,03/25,10.841.505.895.806.000,São Miguel do Iguaçu,30.0,0.5,0.95,13,7
2372,2017,03/25,13.247.643.420.641.300,São Miguel do Iguaçu,30.0,0.5,0.95,13,7
2373,2018,03/25,12.595.906.041.537.400,São Miguel do Iguaçu,30.0,0.5,0.95,13,7
2374,2019,03/25,13.570.591.124.601.000,São Miguel do Iguaçu,30.0,0.5,0.95,13,7
2375,2020,03/25,12.379.127.862.880.900,São Miguel do Iguaçu,30.0,0.5,0.95,13,7
2376,2021,03/25,1.294.934.130.101.820,São Miguel do Iguaçu,30.0,0.5,0.95,13,7
2377,2022,03/25,12.072.821.042.326.500,São Miguel do Iguaçu,30.0,0.5,0.95,13,7
2378,2023,03/25,13.863.220.869.412.500,São Miguel do Iguaçu,30.0,0.5,0.95,13,7
2379,2024,03/25,12.436.420.839.710.900,São Miguel do Iguaçu,30.0,0.5,0.95,13,7
2380,2015,03/25,12.724.761.298.472.800,São Pedro do Iguaçu,30.0,0.5,0.95,13,7
2381,2016,03/25,6.426.153.344.549.040,São Pedro do Iguaçu,30.0,0.5,0.95,13,7
2382,2017,03/25,12.279.255.269.080.500,São Pedro do Iguaçu,30.0,0.5,0.95,13,7
2383,2018,03/25,11.889.842.063.483.700,São Pedro do Iguaçu,30.0,0.5,0.95,13,7
2384,2019,03/25,12.892.735.456.368.200,São Pedro do Iguaçu,30.0,0.5,0.95,13,7
2385,2020,03/25,1.188.519.364.538.410,São Pedro do Iguaçu,30.0,0.5,0.95,13,7
2386,2021,03/25,12.300.615.986.712.800,São Pedro do Iguaçu,30.0,0.5,0.95,13,7
2387,2022,03/25,11.135.081.875.087.500,São Pedro do Iguaçu,30.0,0.5,0.95,13,7
2388,2023,03/25,1.306.985.774.210.190,São Pedro do Iguaçu,30.0,0.5,0.95,13,7
2389,2024,03/25,12.505.493.103.280.300,São Pedro do Iguaçu,30.0,0.5,0.95,13,7
2390,2015,03/25,1.340.321.573.953.640,Toledo,30.0,0.5,0.95,13,7
2391,2016,03/25,933.579.591.637.597,Toledo,30.0,0.5,0.95,13,7
2392,2017,03/25,12.769.449.435.751.000,Toledo,30.0,0.5,0.95,13,7
2393,2018,03/25,12.823.505.316.775.400,Toledo,30.0,0.5,0.95,13,7
2394,2019,03/25,13.484.127.912.246.300,Toledo,30.0,0.5,0.95,13,7
2395,2020,03/25,13.009.992.292.701.100,Toledo,30.0,0.5,0.95,13,7
2396,2021,03/25,12.821.102.439.395.100,Toledo,30.0,0.5,0.95,13,7
2397,2022,03/25,11.805.560.668.012.900,Toledo,30.0,0.5,0.95,13,7
2398,2023,03/25,13.543.690.584.013.700,Toledo,30.0,0.5,0.95,13,7
2399,2024,03/25,13.547.903.405.353.000,Toledo,30.0,0.5,0.95,13,7
2400,2015,03/25,11.686.776.511.470.800,Cascavel,32.0,0.45,0.9,12,6
2401,2016,03/25,6.382.784.490.586.230,Cascavel,32.0,0.45,0.9,12,6
2402,2017,03/25,1.098.603.092.048.800,Cascavel,32.0,0.45,0.9,12,6
2403,2018,03/25,1.065.238.434.943.140,Cascavel,32.0,0.45,0.9,12,6
2404,2019,03/25,11.716.259.753.963.000,Cascavel,32.0,0.45,0.9,12,6
2405,2020,03/25,10.776.957.994.048.700,Cascavel,32.0,0.45,0.9,12,6
2406,2021,03/25,10.855.981.859.883.100,Cascavel,32.0,0.45,0.9,12,6
2407,2022,03/25,10.125.116.409.031.500,Cascavel,32.0,0.45,0.9,12,6
2408,2023,03/25,11.436.580.094.102.000,Cascavel,32.0,0.45,0.9,12,6
2409,2024,03/25,11.727.185.031.143.000,Cascavel,32.0,0.45,0.9,12,6
2410,2015,03/25,12.618.964.626.922.300,Foz do Iguaçu,32.0,0.45,0.9,12,6
2411,2016,03/25,10.001.399.570.239.200,Foz do Iguaçu,32.0,0.45,0.9,12,6
2412,2017,03/25,12.213.288.771.535.100,Foz do Iguaçu,32.0,0.45,0.9,12,6
2413,2018,03/25,11.614.102.069.276.300,Foz do Iguaçu,32.0,0.45,0.9,12,6
2414,2019,03/25,12.500.656.497.520.800,Foz do Iguaçu,32.0,0.45,0.9,12,6
2415,2020,03/25,11.399.907.725.054.800,Foz do Iguaçu,32.0,0.45,0.9,12,6
2416,2021,03/25,11.926.281.546.055.000,Foz do Iguaçu,32.0,0.45,0.9,12,6
2417,2022,03/25,11.105.303.099.601.900,Foz do Iguaçu,32.0,0.45,0.9,12,6
2418,2023,03/25,1.273.737.949.240.290,Foz do Iguaçu,32.0,0.45,0.9,12,6
2419,2024,03/25,11.419.529.376.676.600,Foz do Iguaçu,32.0,0.45,0.9,12,6
2420,2015,03/25,13.043.684.144.100.000,Guaíra,32.0,0.45,0.9,12,6
2421,2016,03/25,10.674.346.982.281.500,Guaíra,32.0,0.45,0.9,12,6
2422,2017,03/25,12.440.276.017.789.200,Guaíra,32.0,0.45,0.9,12,6
2423,2018,03/25,1.238.536.884.533.960,Guaíra,32.0,0.45,0.9,12,6
2424,2019,03/25,12.965.383.774.238.100,Guaíra,32.0,0.45,0.9,12,6
2425,2020,03/25,12.636.199.496.424.500,Guaíra,32.0,0.45,0.9,12,6
2426,2021,03/25,12.162.198.845.930.600,Guaíra,32.0,0.45,0.9,12,6
2427,2022,03/25,1.172.540.812.656.420,Guaíra,32.0,0.45,0.9,12,6
2428,2023,03/25,12.829.699.157.286.600,Guaíra,32.0,0.45,0.9,12,6
2429,2024,03/25,12.920.679.538.839.900,Guaíra,32.0,0.45,0.9,12,6
2430,2015,03/25,13.054.048.611.879.400,Marechal Cândido Rondon,32.0,0.45,0.9,12,6
2431,2016,03/25,10.759.251.050.717.200,Marechal Cândido Rondon,32.0,0.45,0.9,12,6
2432,2017,03/25,125.480.183.465.939,Marechal Cândido Rondon,32.0,0.45,0.9,12,6
2433,2018,03/25,1.243.884.506.850.650,Marechal Cândido Rondon,32.0,0.45,0.9,12,6
2434,2019,03/25,12.962.636.221.494.600,Marechal Cândido Rondon,32.0,0.45,0.9,12,6
2435,2020,03/25,12.522.272.737.591.600,Marechal Cândido Rondon,32.0,0.45,0.9,12,6
2436,2021,03/25,12.424.002.122.361.400,Marechal Cândido Rondon,32.0,0.45,0.9,12,6
2437,2022,03/25,1.176.521.085.649.600,Marechal Cândido Rondon,32.0,0.45,0.9,12,6
2438,2023,03/25,12.966.818.783.087.500,Marechal Cândido Rondon,32.0,0.45,0.9,12,6
2439,2024,03/25,1.260.582.201.754.560,Marechal Cândido Rondon,32.0,0.45,0.9,12,6
2440,2015,03/25,12.092.716.000.376.300,Matelândia,32.0,0.45,0.9,12,6
2441,2016,03/25,7.251.203.613.087.380,Matelândia,32.0,0.45,0.9,12,6
2442,2017,03/25,11.731.767.152.917.100,Matelândia,32.0,0.45,0.9,12,6
2443,2018,03/25,11.032.976.789.631.300,Matelândia,32.0,0.45,0.9,12,6
2444,2019,03/25,12.099.322.748.779.000,Matelândia,32.0,0.45,0.9,12,6
2445,2020,03/25,11.029.277.676.557.300,Matelândia,32.0,0.45,0.9,12,6
2446,2021,03/25,11.583.720.946.857.700,Matelândia,32.0,0.45,0.9,12,6
2447,2022,03/25,1.061.694.924.649.630,Matelândia,32.0,0.45,0.9,12,6
2448,2023,03/25,12.248.972.887.860.100,Matelândia,32.0,0.45,0.9,12,6
2449,2024,03/25,11.428.985.558.943.100,Matelândia,32.0,0.45,0.9,12,6
2450,2015,03/25,12.618.964.626.922.300,Medianeira,32.0,0.45,0.9,12,6
2451,2016,03/25,10.000.999.687.218.100,Medianeira,32.0,0.45,0.9,12,6
2452,2017,03/25,12.213.250.960.338.900,Medianeira,32.0,0.45,0.9,12,6
2453,2018,03/25,11.613.817.215.690.400,Medianeira,32.0,0.45,0.9,12,6
2454,2019,03/25,12.500.620.221.729.900,Medianeira,32.0,0.45,0.9,12,6
2455,2020,03/25,11.399.639.670.489.300,Medianeira,32.0,0.45,0.9,12,6
2456,2021,03/25,11.925.435.053.479.800,Medianeira,32.0,0.45,0.9,12,6
2457,2022,03/25,11.105.303.099.601.900,Medianeira,32.0,0.45,0.9,12,6
2458,2023,03/25,12.736.993.721.312.500,Medianeira,32.0,0.45,0.9,12,6
2459,2024,03/25,11.419.419.894.436.600,Medianeira,32.0,0.45,0.9,12,6
2460,2015,03/25,1.301.408.914.493.540,Santa Helena,32.0,0.45,0.9,12,6
2461,2016,03/25,10.721.733.163.074.600,Santa Helena,32.0,0.45,0.9,12,6
2462,2017,03/25,12.538.910.222.168.100,Santa Helena,32.0,0.45,0.9,12,6
2463,2018,03/25,12.184.202.063.750.800,Santa Helena,32.0,0.45,0.9,12,6
2464,2019,03/25,12.809.878.464.218.100,Santa Helena,32.0,0.45,0.9,12,6
2465,2020,03/25,1.220.659.087.067.420,Santa Helena,32.0,0.45,0.9,12,6
2466,2021,03/25,12.292.749.463.368.600,Santa Helena,32.0,0.45,0.9,12,6
2467,2022,03/25,11.728.137.462.744.900,Santa Helena,32.0,0.45,0.9,12,6
2468,2023,03/25,1.302.074.219.847.600,Santa Helena,32.0,0.45,0.9,12,6
2469,2024,03/25,12.110.708.095.729.500,Santa Helena,32.0,0.45,0.9,12,6
2470,2015,03/25,12.618.964.626.922.300,São Miguel do Iguaçu,32.0,0.45,0.9,12,6
2471,2016,03/25,10.001.323.185.511.100,São Miguel do Iguaçu,32.0,0.45,0.9,12,6
2472,2017,03/25,12.213.275.944.510.300,São Miguel do Iguaçu,32.0,0.45,0.9,12,6
2473,2018,03/25,1.161.405.356.747.210,São Miguel do Iguaçu,32.0,0.45,0.9,12,6
2474,2019,03/25,12.500.653.241.474.600,São Miguel do Iguaçu,32.0,0.45,0.9,12,6
2475,2020,03/25,11.399.867.550.952.400,São Miguel do Iguaçu,32.0,0.45,0.9,12,6
2476,2021,03/25,11.926.169.813.003.400,São Miguel do Iguaçu,32.0,0.45,0.9,12,6
2477,2022,03/25,11.105.303.099.601.900,São Miguel do Iguaçu,32.0,0.45,0.9,12,6
2478,2023,03/25,12.737.350.139.560.500,São Miguel do Iguaçu,32.0,0.45,0.9,12,6
2479,2024,03/25,1.141.950.324.601.150,São Miguel do Iguaçu,32.0,0.45,0.9,12,6
2480,2015,03/25,11.751.118.113.489.500,São Pedro do Iguaçu,32.0,0.45,0.9,12,6
2481,2016,03/25,5.928.779.910.500.710,São Pedro do Iguaçu,32.0,0.45,0.9,12,6
2482,2017,03/25,11.319.209.055.623.700,São Pedro do Iguaçu,32.0,0.45,0.9,12,6
2483,2018,03/25,10.966.999.127.670.000,São Pedro do Iguaçu,32.0,0.45,0.9,12,6
2484,2019,03/25,11.876.787.481.463.100,São Pedro do Iguaçu,32.0,0.45,0.9,12,6
2485,2020,03/25,109.462.740.967.602,São Pedro do Iguaçu,32.0,0.45,0.9,12,6
2486,2021,03/25,1.133.065.429.328.260,São Pedro do Iguaçu,32.0,0.45,0.9,12,6
2487,2022,03/25,10.244.919.556.858.000,São Pedro do Iguaçu,32.0,0.45,0.9,12,6
2488,2023,03/25,12.007.490.029.276.400,São Pedro do Iguaçu,32.0,0.45,0.9,12,6
2489,2024,03/25,11.483.832.417.511.800,São Pedro do Iguaçu,32.0,0.45,0.9,12,6
2490,2015,03/25,12.376.554.600.224.600,Toledo,32.0,0.45,0.9,12,6
2491,2016,03/25,8.612.888.532.142.290,Toledo,32.0,0.45,0.9,12,6
2492,2017,03/25,11.772.012.120.519.900,Toledo,32.0,0.45,0.9,12,6
2493,2018,03/25,11.822.114.770.629.700,Toledo,32.0,0.45,0.9,12,6
2494,2019,03/25,12.419.078.956.508.100,Toledo,32.0,0.45,0.9,12,6
2495,2020,03/25,11.978.565.670.012.800,Toledo,32.0,0.45,0.9,12,6
2496,2021,03/25,11.809.152.260.584.700,Toledo,32.0,0.45,0.9,12,6
2497,2022,03/25,10.859.413.355.856.300,Toledo,32.0,0.45,0.9,12,6
2498,2023,03/25,12.442.521.810.176.400,Toledo,32.0,0.45,0.9,12,6
2499,2024,03/25,1.244.040.062.379.360,Toledo,32.0,0.45,0.9,12,6
2500,2015,03/25,11.686.776.511.470.800,Cascavel,32.0,0.45,0.9,12,7
2501,2016,03/25,6.382.784.490.586.230,Cascavel,32.0,0.45,0.9,12,7
2502,2017,03/25,1.098.603.092.048.800,Cascavel,32.0,0.45,0.9,12,7
2503,2018,03/25,1.065.238.434.943.140,Cascavel,32.0,0.45,0.9,12,7
2504,2019,03/25,11.716.259.753.963.000,Cascavel,32.0,0.45,0.9,12,7
2505,2020,03/25,10.776.957.994.048.700,Cascavel,32.0,0.45,0.9,12,7
2506,2021,03/25,10.855.981.859.883.100,Cascavel,32.0,0.45,0.9,12,7
2507,2022,03/25,10.125.116.409.031.500,Cascavel,32.0,0.45,0.9,12,7
2508,2023,03/25,11.436.580.094.102.000,Cascavel,32.0,0.45,0.9,12,7
2509,2024,03/25,11.727.185.031.143.000,Cascavel,32.0,0.45,0.9,12,7
2510,2015,03/25,12.618.964.626.922.300,Foz do Iguaçu,32.0,0.45,0.9,12,7
2511,2016,03/25,10.001.399.570.239.200,Foz do Iguaçu,32.0,0.45,0.9,12,7
2512,2017,03/25,12.213.288.771.535.100,Foz do Iguaçu,32.0,0.45,0.9,12,7
2513,2018,03/25,11.614.102.069.276.300,Foz do Iguaçu,32.0,0.45,0.9,12,7
2514,2019,03/25,12.500.656.497.520.800,Foz do Iguaçu,32.0,0.45,0.9,12,7
2515,2020,03/25,11.399.907.725.054.800,Foz do Iguaçu,32.0,0.45,0.9,12,7
2516,2021,03/25,11.926.281.546.055.000,Foz do Iguaçu,32.0,0.45,0.9,12,7
2517,2022,03/25,11.105.303.099.601.900,Foz do Iguaçu,32.0,0.45,0.9,12,7
2518,2023,03/25,1.273.737.949.240.290,Foz do Iguaçu,32.0,0.45,0.9,12,7
2519,2024,03/25,11.419.529.376.676.600,Foz do Iguaçu,32.0,0.45,0.9,12,7
2520,2015,03/25,13.043.684.144.100.000,Guaíra,32.0,0.45,0.9,12,7
2521,2016,03/25,10.674.346.982.281.500,Guaíra,32.0,0.45,0.9,12,7
2522,2017,03/25,12.440.276.017.789.200,Guaíra,32.0,0.45,0.9,12,7
2523,2018,03/25,1.238.536.884.533.960,Guaíra,32.0,0.45,0.9,12,7
2524,2019,03/25,12.965.383.774.238.100,Guaíra,32.0,0.45,0.9,12,7
2525,2020,03/25,12.636.199.496.424.500,Guaíra,32.0,0.45,0.9,12,7
2526,2021,03/25,12.162.198.845.930.600,Guaíra,32.0,0.45,0.9,12,7
2527,2022,03/25,1.172.540.812.656.420,Guaíra,32.0,0.45,0.9,12,7
2528,2023,03/25,12.829.699.157.286.600,Guaíra,32.0,0.45,0.9,12,7
2529,2024,03/25,12.920.679.538.839.900,Guaíra,32.0,0.45,0.9,12,7
2530,2015,03/25,13.054.048.611.879.400,Marechal Cândido Rondon,32.0,0.45,0.9,12,7
2531,2016,03/25,10.759.251.050.717.200,Marechal Cândido Rondon,32.0,0.45,0.9,12,7
2532,2017,03/25,125.480.183.465.939,Marechal Cândido Rondon,32.0,0.45,0.9,12,7
2533,2018,03/25,1.243.884.506.850.650,Marechal Cândido Rondon,32.0,0.45,0.9,12,7
2534,2019,03/25,12.962.636.221.494.600,Marechal Cândido Rondon,32.0,0.45,0.9,12,7
2535,2020,03/25,12.522.272.737.591.600,Marechal Cândido Rondon,32.0,0.45,0.9,12,7
2536,2021,03/25,12.424.002.122.361.400,Marechal Cândido Rondon,32.0,0.45,0.9,12,7
2537,2022,03/25,1.176.521.085.649.600,Marechal Cândido Rondon,32.0,0.45,0.9,12,7
2538,2023,03/25,12.966.818.783.087.500,Marechal Cândido Rondon,32.0,0.45,0.9,12,7
2539,2024,03/25,1.260.582.201.754.560,Marechal Cândido Rondon,32.0,0.45,0.9,12,7
2540,2015,03/25,12.092.716.000.376.300,Matelândia,32.0,0.45,0.9,12,7
2541,2016,03/25,7.251.203.613.087.380,Matelândia,32.0,0.45,0.9,12,7
2542,2017,03/25,11.731.767.152.917.100,Matelândia,32.0,0.45,0.9,12,7
2543,2018,03/25,11.032.976.789.631.300,Matelândia,32.0,0.45,0.9,12,7
2544,2019,03/25,12.099.322.748.779.000,Matelândia,32.0,0.45,0.9,12,7
2545,2020,03/25,11.029.277.676.557.300,Matelândia,32.0,0.45,0.9,12,7
2546,2021,03/25,11.583.720.946.857.700,Matelândia,32.0,0.45,0.9,12,7
2547,2022,03/25,1.061.694.924.649.630,Matelândia,32.0,0.45,0.9,12,7
2548,2023,03/25,12.248.972.887.860.100,Matelândia,32.0,0.45,0.9,12,7
2549,2024,03/25,11.428.985.558.943.100,Matelândia,32.0,0.45,0.9,12,7
2550,2015,03/25,12.618.964.626.922.300,Medianeira,32.0,0.45,0.9,12,7
2551,2016,03/25,10.000.999.687.218.100,Medianeira,32.0,0.45,0.9,12,7
2552,2017,03/25,12.213.250.960.338.900,Medianeira,32.0,0.45,0.9,12,7
2553,2018,03/25,11.613.817.215.690.400,Medianeira,32.0,0.45,0.9,12,7
2554,2019,03/25,12.500.620.221.729.900,Medianeira,32.0,0.45,0.9,12,7
2555,2020,03/25,11.399.639.670.489.300,Medianeira,32.0,0.45,0.9,12,7
2556,2021,03/25,11.925.435.053.479.800,Medianeira,32.0,0.45,0.9,12,7
2557,2022,03/25,11.105.303.099.601.900,Medianeira,32.0,0.45,0.9,12,7
2558,2023,03/25,12.736.993.721.312.500,Medianeira,32.0,0.45,0.9,12,7
2559,2024,03/25,11.419.419.894.436.600,Medianeira,32.0,0.45,0.9,12,7
2560,2015,03/25,1.301.408.914.493.540,Santa Helena,32.0,0.45,0.9,12,7
2561,2016,03/25,10.721.733.163.074.600,Santa Helena,32.0,0.45,0.9,12,7
2562,2017,03/25,12.538.910.222.168.100,Santa Helena,32.0,0.45,0.9,12,7
2563,2018,03/25,12.184.202.063.750.800,Santa Helena,32.0,0.45,0.9,12,7
2564,2019,03/25,12.809.878.464.218.100,Santa Helena,32.0,0.45,0.9,12,7
2565,2020,03/25,1.220.659.087.067.420,Santa Helena,32.0,0.45,0.9,12,7
2566,2021,03/25,12.292.749.463.368.600,Santa Helena,32.0,0.45,0.9,12,7
2567,2022,03/25,11.728.137.462.744.900,Santa Helena,32.0,0.45,0.9,12,7
2568,2023,03/25,1.302.074.219.847.600,Santa Helena,32.0,0.45,0.9,12,7
2569,2024,03/25,12.110.708.095.729.500,Santa Helena,32.0,0.45,0.9,12,7
2570,2015,03/25,12.618.964.626.922.300,São Miguel do Iguaçu,32.0,0.45,0.9,12,7
2571,2016,03/25,10.001.323.185.511.100,São Miguel do Iguaçu,32.0,0.45,0.9,12,7
2572,2017,03/25,12.213.275.944.510.300,São Miguel do Iguaçu,32.0,0.45,0.9,12,7
2573,2018,03/25,1.161.405.356.747.210,São Miguel do Iguaçu,32.0,0.45,0.9,12,7
2574,2019,03/25,12.500.653.241.474.600,São Miguel do Iguaçu,32.0,0.45,0.9,12,7
2575,2020,03/25,11.399.867.550.952.400,São Miguel do Iguaçu,32.0,0.45,0.9,12,7
2576,2021,03/25,11.926.169.813.003.400,São Miguel do Iguaçu,32.0,0.45,0.9,12,7
2577,2022,03/25,11.105.303.099.601.900,São Miguel do Iguaçu,32.0,0.45,0.9,12,7
2578,2023,03/25,12.737.350.139.560.500,São Miguel do Iguaçu,32.0,0.45,0.9,12,7
2579,2024,03/25,1.141.950.324.601.150,São Miguel do Iguaçu,32.0,0.45,0.9,12,7
2580,2015,03/25,11.751.118.113.489.500,São Pedro do Iguaçu,32.0,0.45,0.9,12,7
2581,2016,03/25,5.928.779.910.500.710,São Pedro do Iguaçu,32.0,0.45,0.9,12,7
2582,2017,03/25,11.319.209.055.623.700,São Pedro do Iguaçu,32.0,0.45,0.9,12,7
2583,2018,03/25,10.966.999.127.670.000,São Pedro do Iguaçu,32.0,0.45,0.9,12,7
2584,2019,03/25,11.876.787.481.463.100,São Pedro do Iguaçu,32.0,0.45,0.9,12,7
2585,2020,03/25,109.462.740.967.602,São Pedro do Iguaçu,32.0,0.45,0.9,12,7
2586,2021,03/25,1.133.065.429.328.260,São Pedro do Iguaçu,32.0,0.45,0.9,12,7
2587,2022,03/25,10.244.919.556.858.000,São Pedro do Iguaçu,32.0,0.45,0.9,12,7
2588,2023,03/25,12.007.490.029.276.400,São Pedro do Iguaçu,32.0,0.45,0.9,12,7
2589,2024,03/25,11.483.832.417.511.800,São Pedro do Iguaçu,32.0,0.45,0.9,12,7
2590,2015,03/25,12.376.554.600.224.600,Toledo,32.0,0.45,0.9,12,7
2591,2016,03/25,8.612.888.532.142.290,Toledo,32.0,0.45,0.9,12,7
2592,2017,03/25,11.772.012.120.519.900,Toledo,32.0,0.45,0.9,12,7
2593,2018,03/25,11.822.114.770.629.700,Toledo,32.0,0.45,0.9,12,7
2594,2019,03/25,12.419.078.956.508.100,Toledo,32.0,0.45,0.9,12,7
2595,2020,03/25,11.978.565.670.012.800,Toledo,32.0,0.45,0.9,12,7
2596,2021,03/25,11.809.152.260.584.700,Toledo,32.0,0.45,0.9,12,7
2597,2022,03/25,10.859.413.355.856.300,Toledo,32.0,0.45,0.9,12,7
2598,2023,03/25,12.442.521.810.176.400,Toledo,32.0,0.45,0.9,12,7
2599,2024,03/25,1.244.040.062.379.360,Toledo,32.0,0.45,0.9,12,7
2600,2015,03/25,11.686.776.511.470.800,Cascavel,32.0,0.45,0.9,13,6
2601,2016,03/25,6.382.784.490.586.230,Cascavel,32.0,0.45,0.9,13,6
2602,2017,03/25,1.098.603.092.048.800,Cascavel,32.0,0.45,0.9,13,6
2603,2018,03/25,1.065.238.434.943.140,Cascavel,32.0,0.45,0.9,13,6
2604,2019,03/25,11.716.259.753.963.000,Cascavel,32.0,0.45,0.9,13,6
2605,2020,03/25,10.776.957.994.048.700,Cascavel,32.0,0.45,0.9,13,6
2606,2021,03/25,10.855.981.859.883.100,Cascavel,32.0,0.45,0.9,13,6
2607,2022,03/25,10.125.116.409.031.500,Cascavel,32.0,0.45,0.9,13,6
2608,2023,03/25,11.436.580.094.102.000,Cascavel,32.0,0.45,0.9,13,6
2609,2024,03/25,11.727.185.031.143.000,Cascavel,32.0,0.45,0.9,13,6
2610,2015,03/25,12.618.964.626.922.300,Foz do Iguaçu,32.0,0.45,0.9,13,6
2611,2016,03/25,10.001.399.570.239.200,Foz do Iguaçu,32.0,0.45,0.9,13,6
2612,2017,03/25,12.213.288.771.535.100,Foz do Iguaçu,32.0,0.45,0.9,13,6
2613,2018,03/25,11.614.102.069.276.300,Foz do Iguaçu,32.0,0.45,0.9,13,6
2614,2019,03/25,12.500.656.497.520.800,Foz do Iguaçu,32.0,0.45,0.9,13,6
2615,2020,03/25,11.399.907.725.054.800,Foz do Iguaçu,32.0,0.45,0.9,13,6
2616,2021,03/25,11.926.281.546.055.000,Foz do Iguaçu,32.0,0.45,0.9,13,6
2617,2022,03/25,11.105.303.099.601.900,Foz do Iguaçu,32.0,0.45,0.9,13,6
2618,2023,03/25,1.273.737.949.240.290,Foz do Iguaçu,32.0,0.45,0.9,13,6
2619,2024,03/25,11.419.529.376.676.600,Foz do Iguaçu,32.0,0.45,0.9,13,6
2620,2015,03/25,13.043.684.144.100.000,Guaíra,32.0,0.45,0.9,13,6
2621,2016,03/25,10.674.346.982.281.500,Guaíra,32.0,0.45,0.9,13,6
2622,2017,03/25,12.440.276.017.789.200,Guaíra,32.0,0.45,0.9,13,6
2623,2018,03/25,1.238.536.884.533.960,Guaíra,32.0,0.45,0.9,13,6
2624,2019,03/25,12.965.383.774.238.100,Guaíra,32.0,0.45,0.9,13,6
2625,2020,03/25,12.636.199.496.424.500,Guaíra,32.0,0.45,0.9,13,6
2626,2021,03/25,12.162.198.845.930.600,Guaíra,32.0,0.45,0.9,13,6
2627,2022,03/25,1.172.540.812.656.420,Guaíra,32.0,0.45,0.9,13,6
2628,2023,03/25,12.829.699.157.286.600,Guaíra,32.0,0.45,0.9,13,6
2629,2024,03/25,12.920.679.538.839.900,Guaíra,32.0,0.45,0.9,13,6
2630,2015,03/25,13.054.048.611.879.400,Marechal Cândido Rondon,32.0,0.45,0.9,13,6
2631,2016,03/25,10.759.251.050.717.200,Marechal Cândido Rondon,32.0,0.45,0.9,13,6
2632,2017,03/25,125.480.183.465.939,Marechal Cândido Rondon,32.0,0.45,0.9,13,6
2633,2018,03/25,1.243.884.506.850.650,Marechal Cândido Rondon,32.0,0.45,0.9,13,6
2634,2019,03/25,12.962.636.221.494.600,Marechal Cândido Rondon,32.0,0.45,0.9,13,6
2635,2020,03/25,12.522.272.737.591.600,Marechal Cândido Rondon,32.0,0.45,0.9,13,6
2636,2021,03/25,12.424.002.122.361.400,Marechal Cândido Rondon,32.0,0.45,0.9,13,6
2637,2022,03/25,1.176.521.085.649.600,Marechal Cândido Rondon,32.0,0.45,0.9,13,6
2638,2023,03/25,12.966.818.783.087.500,Marechal Cândido Rondon,32.0,0.45,0.9,13,6
2639,2024,03/25,1.260.582.201.754.560,Marechal Cândido Rondon,32.0,0.45,0.9,13,6
2640,2015,03/25,12.092.716.000.376.300,Matelândia,32.0,0.45,0.9,13,6
2641,2016,03/25,7.251.203.613.087.380,Matelândia,32.0,0.45,0.9,13,6
2642,2017,03/25,11.731.767.152.917.100,Matelândia,32.0,0.45,0.9,13,6
2643,2018,03/25,11.032.976.789.631.300,Matelândia,32.0,0.45,0.9,13,6
2644,2019,03/25,12.099.322.748.779.000,Matelândia,32.0,0.45,0.9,13,6
2645,2020,03/25,11.029.277.676.557.300,Matelândia,32.0,0.45,0.9,13,6
2646,2021,03/25,11.583.720.946.857.700,Matelândia,32.0,0.45,0.9,13,6
2647,2022,03/25,1.061.694.924.649.630,Matelândia,32.0,0.45,0.9,13,6
2648,2023,03/25,12.248.972.887.860.100,Matelândia,32.0,0.45,0.9,13,6
2649,2024,03/25,11.428.985.558.943.100,Matelândia,32.0,0.45,0.9,13,6
2650,2015,03/25,12.618.964.626.922.300,Medianeira,32.0,0.45,0.9,13,6
2651,2016,03/25,10.000.999.687.218.100,Medianeira,32.0,0.45,0.9,13,6
2652,2017,03/25,12.213.250.960.338.900,Medianeira,32.0,0.45,0.9,13,6
2653,2018,03/25,11.613.817.215.690.400,Medianeira,32.0,0.45,0.9,13,6
2654,2019,03/25,12.500.620.221.729.900,Medianeira,32.0,0.45,0.9,13,6
2655,2020,03/25,11.399.639.670.489.300,Medianeira,32.0,0.45,0.9,13,6
2656,2021,03/25,11.925.435.053.479.800,Medianeira,32.0,0.45,0.9,13,6
2657,2022,03/25,11.105.303.099.601.900,Medianeira,32.0,0.45,0.9,13,6
2658,2023,03/25,12.736.993.721.312.500,Medianeira,32.0,0.45,0.9,13,6
2659,2024,03/25,11.419.419.894.436.600,Medianeira,32.0,0.45,0.9,13,6
2660,2015,03/25,1.301.408.914.493.540,Santa Helena,32.0,0.45,0.9,13,6
2661,2016,03/25,10.721.733.163.074.600,Santa Helena,32.0,0.45,0.9,13,6
2662,2017,03/25,12.538.910.222.168.100,Santa Helena,32.0,0.45,0.9,13,6
2663,2018,03/25,12.184.202.063.750.800,Santa Helena,32.0,0.45,0.9,13,6
2664,2019,03/25,12.809.878.464.218.100,Santa Helena,32.0,0.45,0.9,13,6
2665,2020,03/25,1.220.659.087.067.420,Santa Helena,32.0,0.45,0.9,13,6
2666,2021,03/25,12.292.749.463.368.600,Santa Helena,32.0,0.45,0.9,13,6
2667,2022,03/25,11.728.137.462.744.900,Santa Helena,32.0,0.45,0.9,13,6
2668,2023,03/25,1.302.074.219.847.600,Santa Helena,32.0,0.45,0.9,13,6
2669,2024,03/25,12.110.708.095.729.500,Santa Helena,32.0,0.45,0.9,13,6
2670,2015,03/25,12.618.964.626.922.300,São Miguel do Iguaçu,32.0,0.45,0.9,13,6
2671,2016,03/25,10.001.323.185.511.100,São Miguel do Iguaçu,32.0,0.45,0.9,13,6
2672,2017,03/25,12.213.275.944.510.300,São Miguel do Iguaçu,32.0,0.45,0.9,13,6
2673,2018,03/25,1.161.405.356.747.210,São Miguel do Iguaçu,32.0,0.45,0.9,13,6
2674,2019,03/25,12.500.653.241.474.600,São Miguel do Iguaçu,32.0,0.45,0.9,13,6
2675,2020,03/25,11.399.867.550.952.400,São Miguel do Iguaçu,32.0,0.45,0.9,13,6
2676,2021,03/25,11.926.169.813.003.400,São Miguel do Iguaçu,32.0,0.45,0.9,13,6
2677,2022,03/25,11.105.303.099.601.900,São Miguel do Iguaçu,32.0,0.45,0.9,13,6
2678,2023,03/25,12.737.350.139.560.500,São Miguel do Iguaçu,32.0,0.45,0.9,13,6
2679,2024,03/25,1.141.950.324.601.150,São Miguel do Iguaçu,32.0,0.45,0.9,13,6
2680,2015,03/25,11.751.118.113.489.500,São Pedro do Iguaçu,32.0,0.45,0.9,13,6
2681,2016,03/25,5.928.779.910.500.710,São Pedro do Iguaçu,32.0,0.45,0.9,13,6
2682,2017,03/25,11.319.209.055.623.700,São Pedro do Iguaçu,32.0,0.45,0.9,13,6
2683,2018,03/25,10.966.999.127.670.000,São Pedro do Iguaçu,32.0,0.45,0.9,13,6
2684,2019,03/25,11.876.787.481.463.100,São Pedro do Iguaçu,32.0,0.45,0.9,13,6
2685,2020,03/25,109.462.740.967.602,São Pedro do Iguaçu,32.0,0.45,0.9,13,6
2686,2021,03/25,1.133.065.429.328.260,São Pedro do Iguaçu,32.0,0.45,0.9,13,6
2687,2022,03/25,10.244.919.556.858.000,São Pedro do Iguaçu,32.0,0.45,0.9,13,6
2688,2023,03/25,12.007.490.029.276.400,São Pedro do Iguaçu,32.0,0.45,0.9,13,6
2689,2024,03/25,11.483.832.417.511.800,São Pedro do Iguaçu,32.0,0.45,0.9,13,6
2690,2015,03/25,12.376.554.600.224.600,Toledo,32.0,0.45,0.9,13,6
2691,2016,03/25,8.612.888.532.142.290,Toledo,32.0,0.45,0.9,13,6
2692,2017,03/25,11.772.012.120.519.900,Toledo,32.0,0.45,0.9,13,6
2693,2018,03/25,11.822.114.770.629.700,Toledo,32.0,0.45,0.9,13,6
2694,2019,03/25,12.419.078.956.508.100,Toledo,32.0,0.45,0.9,13,6
2695,2020,03/25,11.978.565.670.012.800,Toledo,32.0,0.45,0.9,13,6
2696,2021,03/25,11.809.152.260.584.700,Toledo,32.0,0.45,0.9,13,6
2697,2022,03/25,10.859.413.355.856.300,Toledo,32.0,0.45,0.9,13,6
2698,2023,03/25,12.442.521.810.176.400,Toledo,32.0,0.45,0.9,13,6
2699,2024,03/25,1.244.040.062.379.360,Toledo,32.0,0.45,0.9,13,6
2700,2015,03/25,11.686.776.511.470.800,Cascavel,32.0,0.45,0.9,13,7
2701,2016,03/25,6.382.784.490.586.230,Cascavel,32.0,0.45,0.9,13,7
2702,2017,03/25,1.098.603.092.048.800,Cascavel,32.0,0.45,0.9,13,7
2703,2018,03/25,1.065.238.434.943.140,Cascavel,32.0,0.45,0.9,13,7
2704,2019,03/25,11.716.259.753.963.000,Cascavel,32.0,0.45,0.9,13,7
2705,2020,03/25,10.776.957.994.048.700,Cascavel,32.0,0.45,0.9,13,7
2706,2021,03/25,10.855.981.859.883.100,Cascavel,32.0,0.45,0.9,13,7
2707,2022,03/25,10.125.116.409.031.500,Cascavel,32.0,0.45,0.9,13,7
2708,2023,03/25,11.436.580.094.102.000,Cascavel,32.0,0.45,0.9,13,7
2709,2024,03/25,11.727.185.031.143.000,Cascavel,32.0,0.45,0.9,13,7
2710,2015,03/25,12.618.964.626.922.300,Foz do Iguaçu,32.0,0.45,0.9,13,7
2711,2016,03/25,10.001.399.570.239.200,Foz do Iguaçu,32.0,0.45,0.9,13,7
2712,2017,03/25,12.213.288.771.535.100,Foz do Iguaçu,32.0,0.45,0.9,13,7
2713,2018,03/25,11.614.102.069.276.300,Foz do Iguaçu,32.0,0.45,0.9,13,7
2714,2019,03/25,12.500.656.497.520.800,Foz do Iguaçu,32.0,0.45,0.9,13,7
2715,2020,03/25,11.399.907.725.054.800,Foz do Iguaçu,32.0,0.45,0.9,13,7
2716,2021,03/25,11.926.281.546.055.000,Foz do Iguaçu,32.0,0.45,0.9,13,7
2717,2022,03/25,11.105.303.099.601.900,Foz do Iguaçu,32.0,0.45,0.9,13,7
2718,2023,03/25,1.273.737.949.240.290,Foz do Iguaçu,32.0,0.45,0.9,13,7
2719,2024,03/25,11.419.529.376.676.600,Foz do Iguaçu,32.0,0.45,0.9,13,7
2720,2015,03/25,13.043.684.144.100.000,Guaíra,32.0,0.45,0.9,13,7
2721,2016,03/25,10.674.346.982.281.500,Guaíra,32.0,0.45,0.9,13,7
2722,2017,03/25,12.440.276.017.789.200,Guaíra,32.0,0.45,0.9,13,7
2723,2018,03/25,1.238.536.884.533.960,Guaíra,32.0,0.45,0.9,13,7
2724,2019,03/25,12.965.383.774.238.100,Guaíra,32.0,0.45,0.9,13,7
2725,2020,03/25,12.636.199.496.424.500,Guaíra,32.0,0.45,0.9,13,7
2726,2021,03/25,12.162.198.845.930.600,Guaíra,32.0,0.45,0.9,13,7
2727,2022,03/25,1.172.540.812.656.420,Guaíra,32.0,0.45,0.9,13,7
2728,2023,03/25,12.829.699.157.286.600,Guaíra,32.0,0.45,0.9,13,7
2729,2024,03/25,12.920.679.538.839.900,Guaíra,32.0,0.45,0.9,13,7
2730,2015,03/25,13.054.048.611.879.400,Marechal Cândido Rondon,32.0,0.45,0.9,13,7
2731,2016,03/25,10.759.251.050.717.200,Marechal Cândido Rondon,32.0,0.45,0.9,13,7
2732,2017,03/25,125.480.183.465.939,Marechal Cândido Rondon,32.0,0.45,0.9,13,7
2733,2018,03/25,1.243.884.506.850.650,Marechal Cândido Rondon,32.0,0.45,0.9,13,7
2734,2019,03/25,12.962.636.221.494.600,Marechal Cândido Rondon,32.0,0.45,0.9,13,7
2735,2020,03/25,12.522.272.737.591.600,Marechal Cândido Rondon,32.0,0.45,0.9,13,7
2736,2021,03/25,12.424.002.122.361.400,Marechal Cândido Rondon,32.0,0.45,0.9,13,7
2737,2022,03/25,1.176.521.085.649.600,Marechal Cândido Rondon,32.0,0.45,0.9,13,7
2738,2023,03/25,12.966.818.783.087.500,Marechal Cândido Rondon,32.0,0.45,0.9,13,7
2739,2024,03/25,1.260.582.201.754.560,Marechal Cândido Rondon,32.0,0.45,0.9,13,7
2740,2015,03/25,12.092.716.000.376.300,Matelândia,32.0,0.45,0.9,13,7
2741,2016,03/25,7.251.203.613.087.380,Matelândia,32.0,0.45,0.9,13,7
2742,2017,03/25,11.731.767.152.917.100,Matelândia,32.0,0.45,0.9,13,7
2743,2018,03/25,11.032.976.789.631.300,Matelândia,32.0,0.45,0.9,13,7
2744,2019,03/25,12.099.322.748.779.000,Matelândia,32.0,0.45,0.9,13,7
2745,2020,03/25,11.029.277.676.557.300,Matelândia,32.0,0.45,0.9,13,7
2746,2021,03/25,11.583.720.946.857.700,Matelândia,32.0,0.45,0.9,13,7
2747,2022,03/25,1.061.694.924.649.630,Matelândia,32.0,0.45,0.9,13,7
2748,2023,03/25,12.248.972.887.860.100,Matelândia,32.0,0.45,0.9,13,7
2749,2024,03/25,11.428.985.558.943.100,Matelândia,32.0,0.45,0.9,13,7
2750,2015,03/25,12.618.964.626.922.300,Medianeira,32.0,0.45,0.9,13,7
2751,2016,03/25,10.000.999.687.218.100,Medianeira,32.0,0.45,0.9,13,7
2752,2017,03/25,12.213.250.960.338.900,Medianeira,32.0,0.45,0.9,13,7
2753,2018,03/25,11.613.817.215.690.400,Medianeira,32.0,0.45,0.9,13,7
2754,2019,03/25,12.500.620.221.729.900,Medianeira,32.0,0.45,0.9,13,7
2755,2020,03/25,11.399.639.670.489.300,Medianeira,32.0,0.45,0.9,13,7
2756,2021,03/25,11.925.435.053.479.800,Medianeira,32.0,0.45,0.9,13,7
2757,2022,03/25,11.105.303.099.601.900,Medianeira,32.0,0.45,0.9,13,7
2758,2023,03/25,12.736.993.721.312.500,Medianeira,32.0,0.45,0.9,13,7
2759,2024,03/25,11.419.419.894.436.600,Medianeira,32.0,0.45,0.9,13,7
2760,2015,03/25,1.301.408.914.493.540,Santa Helena,32.0,0.45,0.9,13,7
2761,2016,03/25,10.721.733.163.074.600,Santa Helena,32.0,0.45,0.9,13,7
2762,2017,03/25,12.538.910.222.168.100,Santa Helena,32.0,0.45,0.9,13,7
2763,2018,03/25,12.184.202.063.750.800,Santa Helena,32.0,0.45,0.9,13,7
2764,2019,03/25,12.809.878.464.218.100,Santa Helena,32.0,0.45,0.9,13,7
2765,2020,03/25,1.220.659.087.067.420,Santa Helena,32.0,0.45,0.9,13,7
2766,2021,03/25,12.292.749.463.368.600,Santa Helena,32.0,0.45,0.9,13,7
2767,2022,03/25,11.728.137.462.744.900,Santa Helena,32.0,0.45,0.9,13,7
2768,2023,03/25,1.302.074.219.847.600,Santa Helena,32.0,0.45,0.9,13,7
2769,2024,03/25,12.110.708.095.729.500,Santa Helena,32.0,0.45,0.9,13,7
2770,2015,03/25,12.618.964.626.922.300,São Miguel do Iguaçu,32.0,0.45,0.9,13,7
2771,2016,03/25,10.001.323.185.511.100,São Miguel do Iguaçu,32.0,0.45,0.9,13,7
2772,2017,03/25,12.213.275.944.510.300,São Miguel do Iguaçu,32.0,0.45,0.9,13,7
2773,2018,03/25,1.161.405.356.747.210,São Miguel do Iguaçu,32.0,0.45,0.9,13,7
2774,2019,03/25,12.500.653.241.474.600,São Miguel do Iguaçu,32.0,0.45,0.9,13,7
2775,2020,03/25,11.399.867.550.952.400,São Miguel do Iguaçu,32.0,0.45,0.9,13,7
2776,2021,03/25,11.926.169.813.003.400,São Miguel do Iguaçu,32.0,0.45,0.9,13,7
2777,2022,03/25,11.105.303.099.601.900,São Miguel do Iguaçu,32.0,0.45,0.9,13,7
2778,2023,03/25,12.737.350.139.560.500,São Miguel do Iguaçu,32.0,0.45,0.9,13,7
2779,2024,03/25,1.141.950.324.601.150,São Miguel do Iguaçu,32.0,0.45,0.9,13,7
2780,2015,03/25,11.751.118.113.489.500,São Pedro do Iguaçu,32.0,0.45,0.9,13,7
2781,2016,03/25,5.928.779.910.500.710,São Pedro do Iguaçu,32.0,0.45,0.9,13,7
2782,2017,03/25,11.319.209.055.623.700,São Pedro do Iguaçu,32.0,0.45,0.9,13,7
2783,2018,03/25,10.966.999.127.670.000,São Pedro do Iguaçu,32.0,0.45,0.9,13,7
2784,2019,03/25,11.876.787.481.463.100,São Pedro do Iguaçu,32.0,0.45,0.9,13,7
2785,2020,03/25,109.462.740.967.602,São Pedro do Iguaçu,32.0,0.45,0.9,13,7
2786,2021,03/25,1.133.065.429.328.260,São Pedro do Iguaçu,32.0,0.45,0.9,13,7
2787,2022,03/25,10.244.919.556.858.000,São Pedro do Iguaçu,32.0,0.45,0.9,13,7
2788,2023,03/25,12.007.490.029.276.400,São Pedro do Iguaçu,32.0,0.45,0.9,13,7
2789,2024,03/25,11.483.832.417.511.800,São Pedro do Iguaçu,32.0,0.45,0.9,13,7
2790,2015,03/25,12.376.554.600.224.600,Toledo,32.0,0.45,0.9,13,7
2791,2016,03/25,8.612.888.532.142.290,Toledo,32.0,0.45,0.9,13,7
2792,2017,03/25,11.772.012.120.519.900,Toledo,32.0,0.45,0.9,13,7
2793,2018,03/25,11.822.114.770.629.700,Toledo,32.0,0.45,0.9,13,7
2794,2019,03/25,12.419.078.956.508.100,Toledo,32.0,0.45,0.9,13,7
2795,2020,03/25,11.978.565.670.012.800,Toledo,32.0,0.45,0.9,13,7
2796,2021,03/25,11.809.152.260.584.700,Toledo,32.0,0.45,0.9,13,7
2797,2022,03/25,10.859.413.355.856.300,Toledo,32.0,0.45,0.9,13,7
2798,2023,03/25,12.442.521.810.176.400,Toledo,32.0,0.45,0.9,13,7
2799,2024,03/25,1.244.040.062.379.360,Toledo,32.0,0.45,0.9,13,7
2800,2015,03/25,12.051.832.344.758.800,Cascavel,32.0,0.45,0.95,12,6
2801,2016,03/25,6.583.928.360.762.410,Cascavel,32.0,0.45,0.95,12,6
2802,2017,03/25,1.133.542.616.059.270,Cascavel,32.0,0.45,0.95,12,6
2803,2018,03/25,10.977.958.409.826.200,Cascavel,32.0,0.45,0.95,12,6
2804,2019,03/25,12.083.917.574.371.500,Cascavel,32.0,0.45,0.95,12,6
2805,2020,03/25,11.110.161.921.886.600,Cascavel,32.0,0.45,0.95,12,6
2806,2021,03/25,11.181.009.551.962.300,Cascavel,32.0,0.45,0.95,12,6
2807,2022,03/25,10.435.406.732.543.000,Cascavel,32.0,0.45,0.95,12,6
2808,2023,03/25,1.179.849.966.881.660,Cascavel,32.0,0.45,0.95,12,6
2809,2024,03/25,1.209.674.717.402.000,Cascavel,32.0,0.45,0.95,12,6
2810,2015,03/25,13.016.032.711.470.600,Foz do Iguaçu,32.0,0.45,0.95,12,6
2811,2016,03/25,10.318.857.260.464.900,Foz do Iguaçu,32.0,0.45,0.95,12,6
2812,2017,03/25,12.600.910.470.318.900,Foz do Iguaçu,32.0,0.45,0.95,12,6
2813,2018,03/25,11.973.542.586.316.100,Foz do Iguaçu,32.0,0.45,0.95,12,6
2814,2019,03/25,1.289.208.727.291.960,Foz do Iguaçu,32.0,0.45,0.95,12,6
2815,2020,03/25,11.753.112.997.167.000,Foz do Iguaçu,32.0,0.45,0.95,12,6
2816,2021,03/25,12.287.507.035.041.300,Foz do Iguaçu,32.0,0.45,0.95,12,6
2817,2022,03/25,114.491.918.279.453,Foz do Iguaçu,32.0,0.45,0.95,12,6
2818,2023,03/25,13.139.819.718.036.100,Foz do Iguaçu,32.0,0.45,0.95,12,6
2819,2024,03/25,11.781.017.913.519.600,Foz do Iguaçu,32.0,0.45,0.95,12,6
2820,2015,03/25,1.345.548.019.242.500,Guaíra,32.0,0.45,0.95,12,6
2821,2016,03/25,11.013.708.941.115.600,Guaíra,32.0,0.45,0.95,12,6
2822,2017,03/25,12.834.646.310.125.400,Guaíra,32.0,0.45,0.95,12,6
2823,2018,03/25,12.773.126.586.076.900,Guaíra,32.0,0.45,0.95,12,6
2824,2019,03/25,13.374.171.067.387.400,Guaíra,32.0,0.45,0.95,12,6
2825,2020,03/25,13.031.880.343.598.700,Guaíra,32.0,0.45,0.95,12,6
2826,2021,03/25,12.532.522.172.073.500,Guaíra,32.0,0.45,0.95,12,6
2827,2022,03/25,12.091.396.132.753.600,Guaíra,32.0,0.45,0.95,12,6
2828,2023,03/25,1.323.601.233.533.630,Guaíra,32.0,0.45,0.95,12,6
2829,2024,03/25,13.329.842.340.769.700,Guaíra,32.0,0.45,0.95,12,6
2830,2015,03/25,13.465.962.921.029.700,Marechal Cândido Rondon,32.0,0.45,0.95,12,6
2831,2016,03/25,11.100.648.181.303.800,Marechal Cândido Rondon,32.0,0.45,0.95,12,6
2832,2017,03/25,12.945.389.227.130.700,Marechal Cândido Rondon,32.0,0.45,0.95,12,6
2833,2018,03/25,12.826.972.360.760.100,Marechal Cândido Rondon,32.0,0.45,0.95,12,6
2834,2019,03/25,13.370.897.350.789.600,Marechal Cândido Rondon,32.0,0.45,0.95,12,6
2835,2020,03/25,1.291.429.880.347.880,Marechal Cândido Rondon,32.0,0.45,0.95,12,6
2836,2021,03/25,12.802.333.727.745.900,Marechal Cândido Rondon,32.0,0.45,0.95,12,6
2837,2022,03/25,12.132.948.732.810.000,Marechal Cândido Rondon,32.0,0.45,0.95,12,6
2838,2023,03/25,13.377.418.673.396.500,Marechal Cândido Rondon,32.0,0.45,0.95,12,6
2839,2024,03/25,13.005.243.262.257.900,Marechal Cândido Rondon,32.0,0.45,0.95,12,6
2840,2015,03/25,12.472.326.614.329.500,Matelândia,32.0,0.45,0.95,12,6
2841,2016,03/25,7.481.060.769.535.660,Matelândia,32.0,0.45,0.95,12,6
2842,2017,03/25,12.105.296.640.283.700,Matelândia,32.0,0.45,0.95,12,6
2843,2018,03/25,11.372.027.523.009.200,Matelândia,32.0,0.45,0.95,12,6
2844,2019,03/25,12.478.258.039.568.800,Matelândia,32.0,0.45,0.95,12,6
2845,2020,03/25,11.370.827.233.289.600,Matelândia,32.0,0.45,0.95,12,6
2846,2021,03/25,11.933.036.620.430.200,Matelândia,32.0,0.45,0.95,12,6
2847,2022,03/25,10.943.898.253.838.300,Matelândia,32.0,0.45,0.95,12,6
2848,2023,03/25,12.635.953.934.694.600,Matelândia,32.0,0.45,0.95,12,6
2849,2024,03/25,11.790.216.807.701.600,Matelândia,32.0,0.45,0.95,12,6
2850,2015,03/25,13.016.032.711.470.600,Medianeira,32.0,0.45,0.95,12,6
2851,2016,03/25,10.318.447.752.221.300,Medianeira,32.0,0.45,0.95,12,6
2852,2017,03/25,12.600.871.478.035.400,Medianeira,32.0,0.45,0.95,12,6
2853,2018,03/25,11.973.233.964.022.500,Medianeira,32.0,0.45,0.95,12,6
2854,2019,03/25,12.892.049.725.888.700,Medianeira,32.0,0.45,0.95,12,6
2855,2020,03/25,1.175.284.021.403.160,Medianeira,32.0,0.45,0.95,12,6
2856,2021,03/25,12.286.622.229.022.500,Medianeira,32.0,0.45,0.95,12,6
2857,2022,03/25,114.491.918.279.453,Medianeira,32.0,0.45,0.95,12,6
2858,2023,03/25,1.313.942.093.253.680,Medianeira,32.0,0.45,0.95,12,6
2859,2024,03/25,11.780.904.808.895.100,Medianeira,32.0,0.45,0.95,12,6
2860,2015,03/25,13.424.753.866.876.200,Santa Helena,32.0,0.45,0.95,12,6
2861,2016,03/25,1.106.168.114.971.460,Santa Helena,32.0,0.45,0.95,12,6
2862,2017,03/25,12.935.753.558.165.600,Santa Helena,32.0,0.45,0.95,12,6
2863,2018,03/25,12.563.230.107.708.000,Santa Helena,32.0,0.45,0.95,12,6
2864,2019,03/25,13.212.482.762.519.300,Santa Helena,32.0,0.45,0.95,12,6
2865,2020,03/25,1.258.706.998.927.170,Santa Helena,32.0,0.45,0.95,12,6
2866,2021,03/25,12.666.180.725.687.500,Santa Helena,32.0,0.45,0.95,12,6
2867,2022,03/25,12.093.794.110.593.000,Santa Helena,32.0,0.45,0.95,12,6
2868,2023,03/25,13.432.681.689.649.700,Santa Helena,32.0,0.45,0.95,12,6
2869,2024,03/25,12.494.102.194.725.700,Santa Helena,32.0,0.45,0.95,12,6
2870,2015,03/25,13.016.032.711.470.600,São Miguel do Iguaçu,32.0,0.45,0.95,12,6
2871,2016,03/25,1.031.877.905.858.690,São Miguel do Iguaçu,32.0,0.45,0.95,12,6
2872,2017,03/25,12.600.897.242.615.200,São Miguel do Iguaçu,32.0,0.45,0.95,12,6
2873,2018,03/25,11.973.491.617.818.000,São Miguel do Iguaçu,32.0,0.45,0.95,12,6
2874,2019,03/25,12.892.083.902.763.600,São Miguel do Iguaçu,32.0,0.45,0.95,12,6
2875,2020,03/25,1.175.308.084.449.730,São Miguel do Iguaçu,32.0,0.45,0.95,12,6
2876,2021,03/25,12.287.387.120.204.700,São Miguel do Iguaçu,32.0,0.45,0.95,12,6
2877,2022,03/25,114.491.918.279.453,São Miguel do Iguaçu,32.0,0.45,0.95,12,6
2878,2023,03/25,13.139.789.375.306.800,São Miguel do Iguaçu,32.0,0.45,0.95,12,6
2879,2024,03/25,11.780.990.917.963.300,São Miguel do Iguaçu,32.0,0.45,0.95,12,6
2880,2015,03/25,12.119.052.521.455.300,São Pedro do Iguaçu,32.0,0.45,0.95,12,6
2881,2016,03/25,6.116.314.209.140.690,São Pedro do Iguaçu,32.0,0.45,0.95,12,6
2882,2017,03/25,11.679.785.524.755.200,São Pedro do Iguaçu,32.0,0.45,0.95,12,6
2883,2018,03/25,11.302.317.103.258.300,São Pedro do Iguaçu,32.0,0.45,0.95,12,6
2884,2019,03/25,12.248.119.902.331.900,São Pedro do Iguaçu,32.0,0.45,0.95,12,6
2885,2020,03/25,11.284.126.257.840.900,São Pedro do Iguaçu,32.0,0.45,0.95,12,6
2886,2021,03/25,11.671.823.835.073.000,São Pedro do Iguaçu,32.0,0.45,0.95,12,6
2887,2022,03/25,10.559.892.171.083.300,São Pedro do Iguaçu,32.0,0.45,0.95,12,6
2888,2023,03/25,12.387.826.718.923.100,São Pedro do Iguaçu,32.0,0.45,0.95,12,6
2889,2024,03/25,1.184.642.290.360.310,São Pedro do Iguaçu,32.0,0.45,0.95,12,6
2890,2015,03/25,12.765.211.990.525.400,Toledo,32.0,0.45,0.95,12,6
2891,2016,03/25,8.885.667.390.026.330,Toledo,32.0,0.45,0.95,12,6
2892,2017,03/25,1.214.604.855.184.730,Toledo,32.0,0.45,0.95,12,6
2893,2018,03/25,12.189.844.296.640.600,Toledo,32.0,0.45,0.95,12,6
2894,2019,03/25,1.280.994.370.872.610,Toledo,32.0,0.45,0.95,12,6
2895,2020,03/25,12.352.040.700.775.000,Toledo,32.0,0.45,0.95,12,6
2896,2021,03/25,12.165.703.669.287.100,Toledo,32.0,0.45,0.95,12,6
2897,2022,03/25,11.195.736.957.472.400,Toledo,32.0,0.45,0.95,12,6
2898,2023,03/25,12.836.933.301.042.300,Toledo,32.0,0.45,0.95,12,6
2899,2024,03/25,12.833.895.622.626.600,Toledo,32.0,0.45,0.95,12,6
2900,2015,03/25,12.051.832.344.758.800,Cascavel,32.0,0.45,0.95,12,7
2901,2016,03/25,6.583.928.360.762.410,Cascavel,32.0,0.45,0.95,12,7
2902,2017,03/25,1.133.542.616.059.270,Cascavel,32.0,0.45,0.95,12,7
2903,2018,03/25,10.977.958.409.826.200,Cascavel,32.0,0.45,0.95,12,7
2904,2019,03/25,12.083.917.574.371.500,Cascavel,32.0,0.45,0.95,12,7
2905,2020,03/25,11.110.161.921.886.600,Cascavel,32.0,0.45,0.95,12,7
2906,2021,03/25,11.181.009.551.962.300,Cascavel,32.0,0.45,0.95,12,7
2907,2022,03/25,10.435.406.732.543.000,Cascavel,32.0,0.45,0.95,12,7
2908,2023,03/25,1.179.849.966.881.660,Cascavel,32.0,0.45,0.95,12,7
2909,2024,03/25,1.209.674.717.402.000,Cascavel,32.0,0.45,0.95,12,7
2910,2015,03/25,13.016.032.711.470.600,Foz do Iguaçu,32.0,0.45,0.95,12,7
2911,2016,03/25,10.318.857.260.464.900,Foz do Iguaçu,32.0,0.45,0.95,12,7
2912,2017,03/25,12.600.910.470.318.900,Foz do Iguaçu,32.0,0.45,0.95,12,7
2913,2018,03/25,11.973.542.586.316.100,Foz do Iguaçu,32.0,0.45,0.95,12,7
2914,2019,03/25,1.289.208.727.291.960,Foz do Iguaçu,32.0,0.45,0.95,12,7
2915,2020,03/25,11.753.112.997.167.000,Foz do Iguaçu,32.0,0.45,0.95,12,7
2916,2021,03/25,12.287.507.035.041.300,Foz do Iguaçu,32.0,0.45,0.95,12,7
2917,2022,03/25,114.491.918.279.453,Foz do Iguaçu,32.0,0.45,0.95,12,7
2918,2023,03/25,13.139.819.718.036.100,Foz do Iguaçu,32.0,0.45,0.95,12,7
2919,2024,03/25,11.781.017.913.519.600,Foz do Iguaçu,32.0,0.45,0.95,12,7
2920,2015,03/25,1.345.548.019.242.500,Guaíra,32.0,0.45,0.95,12,7
2921,2016,03/25,11.013.708.941.115.600,Guaíra,32.0,0.45,0.95,12,7
2922,2017,03/25,12.834.646.310.125.400,Guaíra,32.0,0.45,0.95,12,7
2923,2018,03/25,12.773.126.586.076.900,Guaíra,32.0,0.45,0.95,12,7
2924,2019,03/25,13.374.171.067.387.400,Guaíra,32.0,0.45,0.95,12,7
2925,2020,03/25,13.031.880.343.598.700,Guaíra,32.0,0.45,0.95,12,7
2926,2021,03/25,12.532.522.172.073.500,Guaíra,32.0,0.45,0.95,12,7
2927,2022,03/25,12.091.396.132.753.600,Guaíra,32.0,0.45,0.95,12,7
2928,2023,03/25,1.323.601.233.533.630,Guaíra,32.0,0.45,0.95,12,7
2929,2024,03/25,13.329.842.340.769.700,Guaíra,32.0,0.45,0.95,12,7
2930,2015,03/25,13.465.962.921.029.700,Marechal Cândido Rondon,32.0,0.45,0.95,12,7
2931,2016,03/25,11.100.648.181.303.800,Marechal Cândido Rondon,32.0,0.45,0.95,12,7
2932,2017,03/25,12.945.389.227.130.700,Marechal Cândido Rondon,32.0,0.45,0.95,12,7
2933,2018,03/25,12.826.972.360.760.100,Marechal Cândido Rondon,32.0,0.45,0.95,12,7
2934,2019,03/25,13.370.897.350.789.600,Marechal Cândido Rondon,32.0,0.45,0.95,12,7
2935,2020,03/25,1.291.429.880.347.880,Marechal Cândido Rondon,32.0,0.45,0.95,12,7
2936,2021,03/25,12.802.333.727.745.900,Marechal Cândido Rondon,32.0,0.45,0.95,12,7
2937,2022,03/25,12.132.948.732.810.000,Marechal Cândido Rondon,32.0,0.45,0.95,12,7
2938,2023,03/25,13.377.418.673.396.500,Marechal Cândido Rondon,32.0,0.45,0.95,12,7
2939,2024,03/25,13.005.243.262.257.900,Marechal Cândido Rondon,32.0,0.45,0.95,12,7
2940,2015,03/25,12.472.326.614.329.500,Matelândia,32.0,0.45,0.95,12,7
2941,2016,03/25,7.481.060.769.535.660,Matelândia,32.0,0.45,0.95,12,7
2942,2017,03/25,12.105.296.640.283.700,Matelândia,32.0,0.45,0.95,12,7
2943,2018,03/25,11.372.027.523.009.200,Matelândia,32.0,0.45,0.95,12,7
2944,2019,03/25,12.478.258.039.568.800,Matelândia,32.0,0.45,0.95,12,7
2945,2020,03/25,11.370.827.233.289.600,Matelândia,32.0,0.45,0.95,12,7
2946,2021,03/25,11.933.036.620.430.200,Matelândia,32.0,0.45,0.95,12,7
2947,2022,03/25,10.943.898.253.838.300,Matelândia,32.0,0.45,0.95,12,7
2948,2023,03/25,12.635.953.934.694.600,Matelândia,32.0,0.45,0.95,12,7
2949,2024,03/25,11.790.216.807.701.600,Matelândia,32.0,0.45,0.95,12,7
2950,2015,03/25,13.016.032.711.470.600,Medianeira,32.0,0.45,0.95,12,7
2951,2016,03/25,10.318.447.752.221.300,Medianeira,32.0,0.45,0.95,12,7
2952,2017,03/25,12.600.871.478.035.400,Medianeira,32.0,0.45,0.95,12,7
2953,2018,03/25,11.973.233.964.022.500,Medianeira,32.0,0.45,0.95,12,7
2954,2019,03/25,12.892.049.725.888.700,Medianeira,32.0,0.45,0.95,12,7
2955,2020,03/25,1.175.284.021.403.160,Medianeira,32.0,0.45,0.95,12,7
2956,2021,03/25,12.286.622.229.022.500,Medianeira,32.0,0.45,0.95,12,7
2957,2022,03/25,114.491.918.279.453,Medianeira,32.0,0.45,0.95,12,7
2958,2023,03/25,1.313.942.093.253.680,Medianeira,32.0,0.45,0.95,12,7
2959,2024,03/25,11.780.904.808.895.100,Medianeira,32.0,0.45,0.95,12,7
2960,2015,03/25,13.424.753.866.876.200,Santa Helena,32.0,0.45,0.95,12,7
2961,2016,03/25,1.106.168.114.971.460,Santa Helena,32.0,0.45,0.95,12,7
2962,2017,03/25,12.935.753.558.165.600,Santa Helena,32.0,0.45,0.95,12,7
2963,2018,03/25,12.563.230.107.708.000,Santa Helena,32.0,0.45,0.95,12,7
2964,2019,03/25,13.212.482.762.519.300,Santa Helena,32.0,0.45,0.95,12,7
2965,2020,03/25,1.258.706.998.927.170,Santa Helena,32.0,0.45,0.95,12,7
2966,2021,03/25,12.666.180.725.687.500,Santa Helena,32.0,0.45,0.95,12,7
2967,2022,03/25,12.093.794.110.593.000,Santa Helena,32.0,0.45,0.95,12,7
2968,2023,03/25,13.432.681.689.649.700,Santa Helena,32.0,0.45,0.95,12,7
2969,2024,03/25,12.494.102.194.725.700,Santa Helena,32.0,0.45,0.95,12,7
2970,2015,03/25,13.016.032.711.470.600,São Miguel do Iguaçu,32.0,0.45,0.95,12,7
2971,2016,03/25,1.031.877.905.858.690,São Miguel do Iguaçu,32.0,0.45,0.95,12,7
2972,2017,03/25,12.600.897.242.615.200,São Miguel do Iguaçu,32.0,0.45,0.95,12,7
2973,2018,03/25,11.973.491.617.818.000,São Miguel do Iguaçu,32.0,0.45,0.95,12,7
2974,2019,03/25,12.892.083.902.763.600,São Miguel do Iguaçu,32.0,0.45,0.95,12,7
2975,2020,03/25,1.175.308.084.449.730,São Miguel do Iguaçu,32.0,0.45,0.95,12,7
2976,2021,03/25,12.287.387.120.204.700,São Miguel do Iguaçu,32.0,0.45,0.95,12,7
2977,2022,03/25,114.491.918.279.453,São Miguel do Iguaçu,32.0,0.45,0.95,12,7
2978,2023,03/25,13.139.789.375.306.800,São Miguel do Iguaçu,32.0,0.45,0.95,12,7
2979,2024,03/25,11.780.990.917.963.300,São Miguel do Iguaçu,32.0,0.45,0.95,12,7
2980,2015,03/25,12.119.052.521.455.300,São Pedro do Iguaçu,32.0,0.45,0.95,12,7
2981,2016,03/25,6.116.314.209.140.690,São Pedro do Iguaçu,32.0,0.45,0.95,12,7
2982,2017,03/25,11.679.785.524.755.200,São Pedro do Iguaçu,32.0,0.45,0.95,12,7
2983,2018,03/25,11.302.317.103.258.300,São Pedro do Iguaçu,32.0,0.45,0.95,12,7
2984,2019,03/25,12.248.119.902.331.900,São Pedro do Iguaçu,32.0,0.45,0.95,12,7
2985,2020,03/25,11.284.126.257.840.900,São Pedro do Iguaçu,32.0,0.45,0.95,12,7
2986,2021,03/25,11.671.823.835.073.000,São Pedro do Iguaçu,32.0,0.45,0.95,12,7
2987,2022,03/25,10.559.892.171.083.300,São Pedro do Iguaçu,32.0,0.45,0.95,12,7
2988,2023,03/25,12.387.826.718.923.100,São Pedro do Iguaçu,32.0,0.45,0.95,12,7
2989,2024,03/25,1.184.642.290.360.310,São Pedro do Iguaçu,32.0,0.45,0.95,12,7
2990,2015,03/25,12.765.211.990.525.400,Toledo,32.0,0.45,0.95,12,7
2991,2016,03/25,8.885.667.390.026.330,Toledo,32.0,0.45,0.95,12,7
2992,2017,03/25,1.214.604.855.184.730,Toledo,32.0,0.45,0.95,12,7
2993,2018,03/25,12.189.844.296.640.600,Toledo,32.0,0.45,0.95,12,7
2994,2019,03/25,1.280.994.370.872.610,Toledo,32.0,0.45,0.95,12,7
2995,2020,03/25,12.352.040.700.775.000,Toledo,32.0,0.45,0.95,12,7
2996,2021,03/25,12.165.703.669.287.100,Toledo,32.0,0.45,0.95,12,7
2997,2022,03/25,11.195.736.957.472.400,Toledo,32.0,0.45,0.95,12,7
2998,2023,03/25,12.836.933.301.042.300,Toledo,32.0,0.45,0.95,12,7
2999,2024,03/25,12.833.895.622.626.600,Toledo,32.0,0.45,0.95,12,7
3000,2015,03/25,12.051.832.344.758.800,Cascavel,32.0,0.45,0.95,13,6
3001,2016,03/25,6.583.928.360.762.410,Cascavel,32.0,0.45,0.95,13,6
3002,2017,03/25,1.133.542.616.059.270,Cascavel,32.0,0.45,0.95,13,6
3003,2018,03/25,10.977.958.409.826.200,Cascavel,32.0,0.45,0.95,13,6
3004,2019,03/25,12.083.917.574.371.500,Cascavel,32.0,0.45,0.95,13,6
3005,2020,03/25,11.110.161.921.886.600,Cascavel,32.0,0.45,0.95,13,6
3006,2021,03/25,11.181.009.551.962.300,Cascavel,32.0,0.45,0.95,13,6
3007,2022,03/25,10.435.406.732.543.000,Cascavel,32.0,0.45,0.95,13,6
3008,2023,03/25,1.179.849.966.881.660,Cascavel,32.0,0.45,0.95,13,6
3009,2024,03/25,1.209.674.717.402.000,Cascavel,32.0,0.45,0.95,13,6
3010,2015,03/25,13.016.032.711.470.600,Foz do Iguaçu,32.0,0.45,0.95,13,6
3011,2016,03/25,10.318.857.260.464.900,Foz do Iguaçu,32.0,0.45,0.95,13,6
3012,2017,03/25,12.600.910.470.318.900,Foz do Iguaçu,32.0,0.45,0.95,13,6
3013,2018,03/25,11.973.542.586.316.100,Foz do Iguaçu,32.0,0.45,0.95,13,6
3014,2019,03/25,1.289.208.727.291.960,Foz do Iguaçu,32.0,0.45,0.95,13,6
3015,2020,03/25,11.753.112.997.167.000,Foz do Iguaçu,32.0,0.45,0.95,13,6
3016,2021,03/25,12.287.507.035.041.300,Foz do Iguaçu,32.0,0.45,0.95,13,6
3017,2022,03/25,114.491.918.279.453,Foz do Iguaçu,32.0,0.45,0.95,13,6
3018,2023,03/25,13.139.819.718.036.100,Foz do Iguaçu,32.0,0.45,0.95,13,6
3019,2024,03/25,11.781.017.913.519.600,Foz do Iguaçu,32.0,0.45,0.95,13,6
3020,2015,03/25,1.345.548.019.242.500,Guaíra,32.0,0.45,0.95,13,6
3021,2016,03/25,11.013.708.941.115.600,Guaíra,32.0,0.45,0.95,13,6
3022,2017,03/25,12.834.646.310.125.400,Guaíra,32.0,0.45,0.95,13,6
3023,2018,03/25,12.773.126.586.076.900,Guaíra,32.0,0.45,0.95,13,6
3024,2019,03/25,13.374.171.067.387.400,Guaíra,32.0,0.45,0.95,13,6
3025,2020,03/25,13.031.880.343.598.700,Guaíra,32.0,0.45,0.95,13,6
3026,2021,03/25,12.532.522.172.073.500,Guaíra,32.0,0.45,0.95,13,6
3027,2022,03/25,12.091.396.132.753.600,Guaíra,32.0,0.45,0.95,13,6
3028,2023,03/25,1.323.601.233.533.630,Guaíra,32.0,0.45,0.95,13,6
3029,2024,03/25,13.329.842.340.769.700,Guaíra,32.0,0.45,0.95,13,6
3030,2015,03/25,13.465.962.921.029.700,Marechal Cândido Rondon,32.0,0.45,0.95,13,6
3031,2016,03/25,11.100.648.181.303.800,Marechal Cândido Rondon,32.0,0.45,0.95,13,6
3032,2017,03/25,12.945.389.227.130.700,Marechal Cândido Rondon,32.0,0.45,0.95,13,6
3033,2018,03/25,12.826.972.360.760.100,Marechal Cândido Rondon,32.0,0.45,0.95,13,6
3034,2019,03/25,13.370.897.350.789.600,Marechal Cândido Rondon,32.0,0.45,0.95,13,6
3035,2020,03/25,1.291.429.880.347.880,Marechal Cândido Rondon,32.0,0.45,0.95,13,6
3036,2021,03/25,12.802.333.727.745.900,Marechal Cândido Rondon,32.0,0.45,0.95,13,6
3037,2022,03/25,12.132.948.732.810.000,Marechal Cândido Rondon,32.0,0.45,0.95,13,6
3038,2023,03/25,13.377.418.673.396.500,Marechal Cândido Rondon,32.0,0.45,0.95,13,6
3039,2024,03/25,13.005.243.262.257.900,Marechal Cândido Rondon,32.0,0.45,0.95,13,6
3040,2015,03/25,12.472.326.614.329.500,Matelândia,32.0,0.45,0.95,13,6
3041,2016,03/25,7.481.060.769.535.660,Matelândia,32.0,0.45,0.95,13,6
3042,2017,03/25,12.105.296.640.283.700,Matelândia,32.0,0.45,0.95,13,6
3043,2018,03/25,11.372.027.523.009.200,Matelândia,32.0,0.45,0.95,13,6
3044,2019,03/25,12.478.258.039.568.800,Matelândia,32.0,0.45,0.95,13,6
3045,2020,03/25,11.370.827.233.289.600,Matelândia,32.0,0.45,0.95,13,6
3046,2021,03/25,11.933.036.620.430.200,Matelândia,32.0,0.45,0.95,13,6
3047,2022,03/25,10.943.898.253.838.300,Matelândia,32.0,0.45,0.95,13,6
3048,2023,03/25,12.635.953.934.694.600,Matelândia,32.0,0.45,0.95,13,6
3049,2024,03/25,11.790.216.807.701.600,Matelândia,32.0,0.45,0.95,13,6
3050,2015,03/25,13.016.032.711.470.600,Medianeira,32.0,0.45,0.95,13,6
3051,2016,03/25,10.318.447.752.221.300,Medianeira,32.0,0.45,0.95,13,6
3052,2017,03/25,12.600.871.478.035.400,Medianeira,32.0,0.45,0.95,13,6
3053,2018,03/25,11.973.233.964.022.500,Medianeira,32.0,0.45,0.95,13,6
3054,2019,03/25,12.892.049.725.888.700,Medianeira,32.0,0.45,0.95,13,6
3055,2020,03/25,1.175.284.021.403.160,Medianeira,32.0,0.45,0.95,13,6
3056,2021,03/25,12.286.622.229.022.500,Medianeira,32.0,0.45,0.95,13,6
3057,2022,03/25,114.491.918.279.453,Medianeira,32.0,0.45,0.95,13,6
3058,2023,03/25,1.313.942.093.253.680,Medianeira,32.0,0.45,0.95,13,6
3059,2024,03/25,11.780.904.808.895.100,Medianeira,32.0,0.45,0.95,13,6
3060,2015,03/25,13.424.753.866.876.200,Santa Helena,32.0,0.45,0.95,13,6
3061,2016,03/25,1.106.168.114.971.460,Santa Helena,32.0,0.45,0.95,13,6
3062,2017,03/25,12.935.753.558.165.600,Santa Helena,32.0,0.45,0.95,13,6
3063,2018,03/25,12.563.230.107.708.000,Santa Helena,32.0,0.45,0.95,13,6
3064,2019,03/25,13.212.482.762.519.300,Santa Helena,32.0,0.45,0.95,13,6
3065,2020,03/25,1.258.706.998.927.170,Santa Helena,32.0,0.45,0.95,13,6
3066,2021,03/25,12.666.180.725.687.500,Santa Helena,32.0,0.45,0.95,13,6
3067,2022,03/25,12.093.794.110.593.000,Santa Helena,32.0,0.45,0.95,13,6
3068,2023,03/25,13.432.681.689.649.700,Santa Helena,32.0,0.45,0.95,13,6
3069,2024,03/25,12.494.102.194.725.700,Santa Helena,32.0,0.45,0.95,13,6
3070,2015,03/25,13.016.032.711.470.600,São Miguel do Iguaçu,32.0,0.45,0.95,13,6
3071,2016,03/25,1.031.877.905.858.690,São Miguel do Iguaçu,32.0,0.45,0.95,13,6
3072,2017,03/25,12.600.897.242.615.200,São Miguel do Iguaçu,32.0,0.45,0.95,13,6
3073,2018,03/25,11.973.491.617.818.000,São Miguel do Iguaçu,32.0,0.45,0.95,13,6
3074,2019,03/25,12.892.083.902.763.600,São Miguel do Iguaçu,32.0,0.45,0.95,13,6
3075,2020,03/25,1.175.308.084.449.730,São Miguel do Iguaçu,32.0,0.45,0.95,13,6
3076,2021,03/25,12.287.387.120.204.700,São Miguel do Iguaçu,32.0,0.45,0.95,13,6
3077,2022,03/25,114.491.918.279.453,São Miguel do Iguaçu,32.0,0.45,0.95,13,6
3078,2023,03/25,13.139.789.375.306.800,São Miguel do Iguaçu,32.0,0.45,0.95,13,6
3079,2024,03/25,11.780.990.917.963.300,São Miguel do Iguaçu,32.0,0.45,0.95,13,6
3080,2015,03/25,12.119.052.521.455.300,São Pedro do Iguaçu,32.0,0.45,0.95,13,6
3081,2016,03/25,6.116.314.209.140.690,São Pedro do Iguaçu,32.0,0.45,0.95,13,6
3082,2017,03/25,11.679.785.524.755.200,São Pedro do Iguaçu,32.0,0.45,0.95,13,6
3083,2018,03/25,11.302.317.103.258.300,São Pedro do Iguaçu,32.0,0.45,0.95,13,6
3084,2019,03/25,12.248.119.902.331.900,São Pedro do Iguaçu,32.0,0.45,0.95,13,6
3085,2020,03/25,11.284.126.257.840.900,São Pedro do Iguaçu,32.0,0.45,0.95,13,6
3086,2021,03/25,11.671.823.835.073.000,São Pedro do Iguaçu,32.0,0.45,0.95,13,6
3087,2022,03/25,10.559.892.171.083.300,São Pedro do Iguaçu,32.0,0.45,0.95,13,6
3088,2023,03/25,12.387.826.718.923.100,São Pedro do Iguaçu,32.0,0.45,0.95,13,6
3089,2024,03/25,1.184.642.290.360.310,São Pedro do Iguaçu,32.0,0.45,0.95,13,6
3090,2015,03/25,12.765.211.990.525.400,Toledo,32.0,0.45,0.95,13,6
3091,2016,03/25,8.885.667.390.026.330,Toledo,32.0,0.45,0.95,13,6
3092,2017,03/25,1.214.604.855.184.730,Toledo,32.0,0.45,0.95,13,6
3093,2018,03/25,12.189.844.296.640.600,Toledo,32.0,0.45,0.95,13,6
3094,2019,03/25,1.280.994.370.872.610,Toledo,32.0,0.45,0.95,13,6
3095,2020,03/25,12.352.040.700.775.000,Toledo,32.0,0.45,0.95,13,6
3096,2021,03/25,12.165.703.669.287.100,Toledo,32.0,0.45,0.95,13,6
3097,2022,03/25,11.195.736.957.472.400,Toledo,32.0,0.45,0.95,13,6
3098,2023,03/25,12.836.933.301.042.300,Toledo,32.0,0.45,0.95,13,6
3099,2024,03/25,12.833.895.622.626.600,Toledo,32.0,0.45,0.95,13,6
3100,2015,03/25,12.051.832.344.758.800,Cascavel,32.0,0.45,0.95,13,7
3101,2016,03/25,6.583.928.360.762.410,Cascavel,32.0,0.45,0.95,13,7
3102,2017,03/25,1.133.542.616.059.270,Cascavel,32.0,0.45,0.95,13,7
3103,2018,03/25,10.977.958.409.826.200,Cascavel,32.0,0.45,0.95,13,7
3104,2019,03/25,12.083.917.574.371.500,Cascavel,32.0,0.45,0.95,13,7
3105,2020,03/25,11.110.161.921.886.600,Cascavel,32.0,0.45,0.95,13,7
3106,2021,03/25,11.181.009.551.962.300,Cascavel,32.0,0.45,0.95,13,7
3107,2022,03/25,10.435.406.732.543.000,Cascavel,32.0,0.45,0.95,13,7
3108,2023,03/25,1.179.849.966.881.660,Cascavel,32.0,0.45,0.95,13,7
3109,2024,03/25,1.209.674.717.402.000,Cascavel,32.0,0.45,0.95,13,7
3110,2015,03/25,13.016.032.711.470.600,Foz do Iguaçu,32.0,0.45,0.95,13,7
3111,2016,03/25,10.318.857.260.464.900,Foz do Iguaçu,32.0,0.45,0.95,13,7
3112,2017,03/25,12.600.910.470.318.900,Foz do Iguaçu,32.0,0.45,0.95,13,7
3113,2018,03/25,11.973.542.586.316.100,Foz do Iguaçu,32.0,0.45,0.95,13,7
3114,2019,03/25,1.289.208.727.291.960,Foz do Iguaçu,32.0,0.45,0.95,13,7
3115,2020,03/25,11.753.112.997.167.000,Foz do Iguaçu,32.0,0.45,0.95,13,7
3116,2021,03/25,12.287.507.035.041.300,Foz do Iguaçu,32.0,0.45,0.95,13,7
3117,2022,03/25,114.491.918.279.453,Foz do Iguaçu,32.0,0.45,0.95,13,7
3118,2023,03/25,13.139.819.718.036.100,Foz do Iguaçu,32.0,0.45,0.95,13,7
3119,2024,03/25,11.781.017.913.519.600,Foz do Iguaçu,32.0,0.45,0.95,13,7
3120,2015,03/25,1.345.548.019.242.500,Guaíra,32.0,0.45,0.95,13,7
3121,2016,03/25,11.013.708.941.115.600,Guaíra,32.0,0.45,0.95,13,7
3122,2017,03/25,12.834.646.310.125.400,Guaíra,32.0,0.45,0.95,13,7
3123,2018,03/25,12.773.126.586.076.900,Guaíra,32.0,0.45,0.95,13,7
3124,2019,03/25,13.374.171.067.387.400,Guaíra,32.0,0.45,0.95,13,7
3125,2020,03/25,13.031.880.343.598.700,Guaíra,32.0,0.45,0.95,13,7
3126,2021,03/25,12.532.522.172.073.500,Guaíra,32.0,0.45,0.95,13,7
3127,2022,03/25,12.091.396.132.753.600,Guaíra,32.0,0.45,0.95,13,7
3128,2023,03/25,1.323.601.233.533.630,Guaíra,32.0,0.45,0.95,13,7
3129,2024,03/25,13.329.842.340.769.700,Guaíra,32.0,0.45,0.95,13,7
3130,2015,03/25,13.465.962.921.029.700,Marechal Cândido Rondon,32.0,0.45,0.95,13,7
3131,2016,03/25,11.100.648.181.303.800,Marechal Cândido Rondon,32.0,0.45,0.95,13,7
3132,2017,03/25,12.945.389.227.130.700,Marechal Cândido Rondon,32.0,0.45,0.95,13,7
3133,2018,03/25,12.826.972.360.760.100,Marechal Cândido Rondon,32.0,0.45,0.95,13,7
3134,2019,03/25,13.370.897.350.789.600,Marechal Cândido Rondon,32.0,0.45,0.95,13,7
3135,2020,03/25,1.291.429.880.347.880,Marechal Cândido Rondon,32.0,0.45,0.95,13,7
3136,2021,03/25,12.802.333.727.745.900,Marechal Cândido Rondon,32.0,0.45,0.95,13,7
3137,2022,03/25,12.132.948.732.810.000,Marechal Cândido Rondon,32.0,0.45,0.95,13,7
3138,2023,03/25,13.377.418.673.396.500,Marechal Cândido Rondon,32.0,0.45,0.95,13,7
3139,2024,03/25,13.005.243.262.257.900,Marechal Cândido Rondon,32.0,0.45,0.95,13,7
3140,2015,03/25,12.472.326.614.329.500,Matelândia,32.0,0.45,0.95,13,7
3141,2016,03/25,7.481.060.769.535.660,Matelândia,32.0,0.45,0.95,13,7
3142,2017,03/25,12.105.296.640.283.700,Matelândia,32.0,0.45,0.95,13,7
3143,2018,03/25,11.372.027.523.009.200,Matelândia,32.0,0.45,0.95,13,7
3144,2019,03/25,12.478.258.039.568.800,Matelândia,32.0,0.45,0.95,13,7
3145,2020,03/25,11.370.827.233.289.600,Matelândia,32.0,0.45,0.95,13,7
3146,2021,03/25,11.933.036.620.430.200,Matelândia,32.0,0.45,0.95,13,7
3147,2022,03/25,10.943.898.253.838.300,Matelândia,32.0,0.45,0.95,13,7
3148,2023,03/25,12.635.953.934.694.600,Matelândia,32.0,0.45,0.95,13,7
3149,2024,03/25,11.790.216.807.701.600,Matelândia,32.0,0.45,0.95,13,7
3150,2015,03/25,13.016.032.711.470.600,Medianeira,32.0,0.45,0.95,13,7
3151,2016,03/25,10.318.447.752.221.300,Medianeira,32.0,0.45,0.95,13,7
3152,2017,03/25,12.600.871.478.035.400,Medianeira,32.0,0.45,0.95,13,7
3153,2018,03/25,11.973.233.964.022.500,Medianeira,32.0,0.45,0.95,13,7
3154,2019,03/25,12.892.049.725.888.700,Medianeira,32.0,0.45,0.95,13,7
3155,2020,03/25,1.175.284.021.403.160,Medianeira,32.0,0.45,0.95,13,7
3156,2021,03/25,12.286.622.229.022.500,Medianeira,32.0,0.45,0.95,13,7
3157,2022,03/25,114.491.918.279.453,Medianeira,32.0,0.45,0.95,13,7
3158,2023,03/25,1.313.942.093.253.680,Medianeira,32.0,0.45,0.95,13,7
3159,2024,03/25,11.780.904.808.895.100,Medianeira,32.0,0.45,0.95,13,7
3160,2015,03/25,13.424.753.866.876.200,Santa Helena,32.0,0.45,0.95,13,7
3161,2016,03/25,1.106.168.114.971.460,Santa Helena,32.0,0.45,0.95,13,7
3162,2017,03/25,12.935.753.558.165.600,Santa Helena,32.0,0.45,0.95,13,7
3163,2018,03/25,12.563.230.107.708.000,Santa Helena,32.0,0.45,0.95,13,7
3164,2019,03/25,13.212.482.762.519.300,Santa Helena,32.0,0.45,0.95,13,7
3165,2020,03/25,1.258.706.998.927.170,Santa Helena,32.0,0.45,0.95,13,7
3166,2021,03/25,12.666.180.725.687.500,Santa Helena,32.0,0.45,0.95,13,7
3167,2022,03/25,12.093.794.110.593.000,Santa Helena,32.0,0.45,0.95,13,7
3168,2023,03/25,13.432.681.689.649.700,Santa Helena,32.0,0.45,0.95,13,7
3169,2024,03/25,12.494.102.194.725.700,Santa Helena,32.0,0.45,0.95,13,7
3170,2015,03/25,13.016.032.711.470.600,São Miguel do Iguaçu,32.0,0.45,0.95,13,7
3171,2016,03/25,1.031.877.905.858.690,São Miguel do Iguaçu,32.0,0.45,0.95,13,7
3172,2017,03/25,12.600.897.242.615.200,São Miguel do Iguaçu,32.0,0.45,0.95,13,7
3173,2018,03/25,11.973.491.617.818.000,São Miguel do Iguaçu,32.0,0.45,0.95,13,7
3174,2019,03/25,12.892.083.902.763.600,São Miguel do Iguaçu,32.0,0.45,0.95,13,7
3175,2020,03/25,1.175.308.084.449.730,São Miguel do Iguaçu,32.0,0.45,0.95,13,7
3176,2021,03/25,12.287.387.120.204.700,São Miguel do Iguaçu,32.0,0.45,0.95,13,7
3177,2022,03/25,114.491.918.279.453,São Miguel do Iguaçu,32.0,0.45,0.95,13,7
3178,2023,03/25,13.139.789.375.306.800,São Miguel do Iguaçu,32.0,0.45,0.95,13,7
3179,2024,03/25,11.780.990.917.963.300,São Miguel do Iguaçu,32.0,0.45,0.95,13,7
3180,2015,03/25,12.119.052.521.455.300,São Pedro do Iguaçu,32.0,0.45,0.95,13,7
3181,2016,03/25,6.116.314.209.140.690,São Pedro do Iguaçu,32.0,0.45,0.95,13,7
3182,2017,03/25,11.679.785.524.755.200,São Pedro do Iguaçu,32.0,0.45,0.95,13,7
3183,2018,03/25,11.302.317.103.258.300,São Pedro do Iguaçu,32.0,0.45,0.95,13,7
3184,2019,03/25,12.248.119.902.331.900,São Pedro do Iguaçu,32.0,0.45,0.95,13,7
3185,2020,03/25,11.284.126.257.840.900,São Pedro do Iguaçu,32.0,0.45,0.95,13,7
3186,2021,03/25,11.671.823.835.073.000,São Pedro do Iguaçu,32.0,0.45,0.95,13,7
3187,2022,03/25,10.559.892.171.083.300,São Pedro do Iguaçu,32.0,0.45,0.95,13,7
3188,2023,03/25,12.387.826.718.923.100,São Pedro do Iguaçu,32.0,0.45,0.95,13,7
3189,2024,03/25,1.184.642.290.360.310,São Pedro do Iguaçu,32.0,0.45,0.95,13,7
3190,2015,03/25,12.765.211.990.525.400,Toledo,32.0,0.45,0.95,13,7
3191,2016,03/25,8.885.667.390.026.330,Toledo,32.0,0.45,0.95,13,7
3192,2017,03/25,1.214.604.855.184.730,Toledo,32.0,0.45,0.95,13,7
3193,2018,03/25,12.189.844.296.640.600,Toledo,32.0,0.45,0.95,13,7
3194,2019,03/25,1.280.994.370.872.610,Toledo,32.0,0.45,0.95,13,7
3195,2020,03/25,12.352.040.700.775.000,Toledo,32.0,0.45,0.95,13,7
3196,2021,03/25,12.165.703.669.287.100,Toledo,32.0,0.45,0.95,13,7
3197,2022,03/25,11.195.736.957.472.400,Toledo,32.0,0.45,0.95,13,7
3198,2023,03/25,12.836.933.301.042.300,Toledo,32.0,0.45,0.95,13,7
3199,2024,03/25,12.833.895.622.626.600,Toledo,32.0,0.45,0.95,13,7
3200,2015,03/25,12.465.894.945.568.800,Cascavel,32.0,0.48,0.9,12,6
3201,2016,03/25,6.808.303.456.625.310,Cascavel,32.0,0.48,0.9,12,6
3202,2017,03/25,11.718.432.981.853.900,Cascavel,32.0,0.48,0.9,12,6
3203,2018,03/25,11.362.543.306.060.100,Cascavel,32.0,0.48,0.9,12,6
3204,2019,03/25,12.497.343.737.560.600,Cascavel,32.0,0.48,0.9,12,6
3205,2020,03/25,11.495.421.860.318.700,Cascavel,32.0,0.48,0.9,12,6
3206,2021,03/25,11.579.713.983.875.300,Cascavel,32.0,0.48,0.9,12,6
3207,2022,03/25,10.800.124.169.633.600,Cascavel,32.0,0.48,0.9,12,6
3208,2023,03/25,12.199.018.767.042.100,Cascavel,32.0,0.48,0.9,12,6
3209,2024,03/25,12.508.997.366.552.600,Cascavel,32.0,0.48,0.9,12,6
3210,2015,03/25,13.460.228.935.383.700,Foz do Iguaçu,32.0,0.48,0.9,12,6
3211,2016,03/25,10.668.159.541.588.500,Foz do Iguaçu,32.0,0.48,0.9,12,6
3212,2017,03/25,130.275.080.229.708,Foz do Iguaçu,32.0,0.48,0.9,12,6
3213,2018,03/25,12.388.375.540.561.400,Foz do Iguaçu,32.0,0.48,0.9,12,6
3214,2019,03/25,13.334.033.597.355.500,Foz do Iguaçu,32.0,0.48,0.9,12,6
3215,2020,03/25,12.159.901.573.391.800,Foz do Iguaçu,32.0,0.48,0.9,12,6
3216,2021,03/25,12.721.366.982.458.700,Foz do Iguaçu,32.0,0.48,0.9,12,6
3217,2022,03/25,11.845.656.639.575.300,Foz do Iguaçu,32.0,0.48,0.9,12,6
3218,2023,03/25,1.358.653.812.522.970,Foz do Iguaçu,32.0,0.48,0.9,12,6
3219,2024,03/25,12.180.831.335.121.700,Foz do Iguaçu,32.0,0.48,0.9,12,6
3220,2015,03/25,1.391.326.308.704.000,Guaíra,32.0,0.48,0.9,12,6
3221,2016,03/25,11.385.970.114.433.600,Guaíra,32.0,0.48,0.9,12,6
3222,2017,03/25,1.326.962.775.230.850,Guaíra,32.0,0.48,0.9,12,6
3223,2018,03/25,13.211.060.101.695.600,Guaíra,32.0,0.48,0.9,12,6
3224,2019,03/25,13.829.742.692.520.600,Guaíra,32.0,0.48,0.9,12,6
3225,2020,03/25,1.347.861.279.618.610,Guaíra,32.0,0.48,0.9,12,6
3226,2021,03/25,12.973.012.102.325.900,Guaíra,32.0,0.48,0.9,12,6
3227,2022,03/25,12.507.102.001.668.500,Guaíra,32.0,0.48,0.9,12,6
3228,2023,03/25,13.685.012.434.439.000,Guaíra,32.0,0.48,0.9,12,6
3229,2024,03/25,137.820.581.747.626,Guaíra,32.0,0.48,0.9,12,6
3230,2015,03/25,13.924.318.519.338.000,Marechal Cândido Rondon,32.0,0.48,0.9,12,6
3231,2016,03/25,11.476.534.454.098.400,Marechal Cândido Rondon,32.0,0.48,0.9,12,6
3232,2017,03/25,13.384.552.903.033.400,Marechal Cândido Rondon,32.0,0.48,0.9,12,6
3233,2018,03/25,13.268.101.406.406.900,Marechal Cândido Rondon,32.0,0.48,0.9,12,6
3234,2019,03/25,13.826.811.969.594.200,Marechal Cândido Rondon,32.0,0.48,0.9,12,6
3235,2020,03/25,13.357.090.920.097.700,Marechal Cândido Rondon,32.0,0.48,0.9,12,6
3236,2021,03/25,13.252.268.930.518.800,Marechal Cândido Rondon,32.0,0.48,0.9,12,6
3237,2022,03/25,1.254.955.824.692.910,Marechal Cândido Rondon,32.0,0.48,0.9,12,6
3238,2023,03/25,13.831.273.368.626.700,Marechal Cândido Rondon,32.0,0.48,0.9,12,6
3239,2024,03/25,13.446.210.152.048.600,Marechal Cândido Rondon,32.0,0.48,0.9,12,6
3240,2015,03/25,12.898.897.067.068.100,Matelândia,32.0,0.48,0.9,12,6
3241,2016,03/25,7.734.617.187.293.210,Matelândia,32.0,0.48,0.9,12,6
3242,2017,03/25,12.513.884.963.111.600,Matelândia,32.0,0.48,0.9,12,6
3243,2018,03/25,11.768.508.575.606.700,Matelândia,32.0,0.48,0.9,12,6
3244,2019,03/25,12.905.944.265.364.300,Matelândia,32.0,0.48,0.9,12,6
3245,2020,03/25,11.764.562.854.994.400,Matelândia,32.0,0.48,0.9,12,6
3246,2021,03/25,12.355.969.009.981.600,Matelândia,32.0,0.48,0.9,12,6
3247,2022,03/25,1.132.474.586.292.940,Matelândia,32.0,0.48,0.9,12,6
3248,2023,03/25,13.065.571.080.384.100,Matelândia,32.0,0.48,0.9,12,6
3249,2024,03/25,12.190.917.929.539.300,Matelândia,32.0,0.48,0.9,12,6
3250,2015,03/25,134.602.289.353.838,Medianeira,32.0,0.48,0.9,12,6
3251,2016,03/25,10.667.732.999.699.300,Medianeira,32.0,0.48,0.9,12,6
3252,2017,03/25,13.027.467.691.028.200,Medianeira,32.0,0.48,0.9,12,6
3253,2018,03/25,12.388.071.696.736.400,Medianeira,32.0,0.48,0.9,12,6
3254,2019,03/25,13.333.994.903.178.500,Medianeira,32.0,0.48,0.9,12,6
3255,2020,03/25,12.159.615.648.522.000,Medianeira,32.0,0.48,0.9,12,6
3256,2021,03/25,12.720.464.057.045.100,Medianeira,32.0,0.48,0.9,12,6
3257,2022,03/25,11.845.656.639.575.300,Medianeira,32.0,0.48,0.9,12,6
3258,2023,03/25,13.586.126.636.066.700,Medianeira,32.0,0.48,0.9,12,6
3259,2024,03/25,1.218.071.455.406.570,Medianeira,32.0,0.48,0.9,12,6
3260,2015,03/25,13.881.695.087.931.100,Santa Helena,32.0,0.48,0.9,12,6
3261,2016,03/25,11.436.515.373.946.200,Santa Helena,32.0,0.48,0.9,12,6
3262,2017,03/25,13.374.837.570.312.600,Santa Helena,32.0,0.48,0.9,12,6
3263,2018,03/25,12.996.482.201.334.200,Santa Helena,32.0,0.48,0.9,12,6
3264,2019,03/25,13.663.870.361.832.600,Santa Helena,32.0,0.48,0.9,12,6
3265,2020,03/25,13.020.363.595.385.800,Santa Helena,32.0,0.48,0.9,12,6
3266,2021,03/25,13.112.266.094.259.900,Santa Helena,32.0,0.48,0.9,12,6
3267,2022,03/25,1.251.001.329.359.460,Santa Helena,32.0,0.48,0.9,12,6
3268,2023,03/25,13.888.791.678.374.400,Santa Helena,32.0,0.48,0.9,12,6
3269,2024,03/25,12.918.088.635.444.800,Santa Helena,32.0,0.48,0.9,12,6
3270,2015,03/25,134.602.289.353.838,São Miguel do Iguaçu,32.0,0.48,0.9,12,6
3271,2016,03/25,10.668.078.064.545.200,São Miguel do Iguaçu,32.0,0.48,0.9,12,6
3272,2017,03/25,13.027.494.340.811.000,São Miguel do Iguaçu,32.0,0.48,0.9,12,6
3273,2018,03/25,12.388.323.805.303.600,São Miguel do Iguaçu,32.0,0.48,0.9,12,6
3274,2019,03/25,13.334.030.124.239.600,São Miguel do Iguaçu,32.0,0.48,0.9,12,6
3275,2020,03/25,1.215.985.872.101.590,São Miguel do Iguaçu,32.0,0.48,0.9,12,6
3276,2021,03/25,12.721.247.800.536.900,São Miguel do Iguaçu,32.0,0.48,0.9,12,6
3277,2022,03/25,11.845.656.639.575.300,São Miguel do Iguaçu,32.0,0.48,0.9,12,6
3278,2023,03/25,13.586.506.815.531.200,São Miguel do Iguaçu,32.0,0.48,0.9,12,6
3279,2024,03/25,12.180.803.462.412.300,São Miguel do Iguaçu,32.0,0.48,0.9,12,6
3280,2015,03/25,1.253.452.598.772.220,São Pedro do Iguaçu,32.0,0.48,0.9,12,6
3281,2016,03/25,6.324.031.904.534.090,São Pedro do Iguaçu,32.0,0.48,0.9,12,6
3282,2017,03/25,12.073.822.992.665.300,São Pedro do Iguaçu,32.0,0.48,0.9,12,6
3283,2018,03/25,11.698.132.402.848.000,São Pedro do Iguaçu,32.0,0.48,0.9,12,6
3284,2019,03/25,12.668.573.313.560.600,São Pedro do Iguaçu,32.0,0.48,0.9,12,6
3285,2020,03/25,1.167.602.570.321.080,São Pedro do Iguaçu,32.0,0.48,0.9,12,6
3286,2021,03/25,120.860.312.461.682,São Pedro do Iguaçu,32.0,0.48,0.9,12,6
3287,2022,03/25,10.927.914.193.981.900,São Pedro do Iguaçu,32.0,0.48,0.9,12,6
3288,2023,03/25,12.807.989.364.561.500,São Pedro do Iguaçu,32.0,0.48,0.9,12,6
3289,2024,03/25,12.249.421.245.345.900,São Pedro do Iguaçu,32.0,0.48,0.9,12,6
3290,2015,03/25,13.201.658.240.239.500,Toledo,32.0,0.48,0.9,12,6
3291,2016,03/25,9.187.081.100.951.770,Toledo,32.0,0.48,0.9,12,6
3292,2017,03/25,12.556.812.928.554.600,Toledo,32.0,0.48,0.9,12,6
3293,2018,03/25,1.261.025.575.533.830,Toledo,32.0,0.48,0.9,12,6
3294,2019,03/25,13.247.017.553.608.700,Toledo,32.0,0.48,0.9,12,6
3295,2020,03/25,12.777.136.714.680.400,Toledo,32.0,0.48,0.9,12,6
3296,2021,03/25,12.596.429.077.957.000,Toledo,32.0,0.48,0.9,12,6
3297,2022,03/25,11.583.374.246.246.700,Toledo,32.0,0.48,0.9,12,6
3298,2023,03/25,13.272.023.264.188.200,Toledo,32.0,0.48,0.9,12,6
3299,2024,03/25,13.269.760.665.379.900,Toledo,32.0,0.48,0.9,12,6
3300,2015,03/25,12.465.894.945.568.800,Cascavel,32.0,0.48,0.9,12,7
3301,2016,03/25,6.808.303.456.625.310,Cascavel,32.0,0.48,0.9,12,7
3302,2017,03/25,11.718.432.981.853.900,Cascavel,32.0,0.48,0.9,12,7
3303,2018,03/25,11.362.543.306.060.100,Cascavel,32.0,0.48,0.9,12,7
3304,2019,03/25,12.497.343.737.560.600,Cascavel,32.0,0.48,0.9,12,7
3305,2020,03/25,11.495.421.860.318.700,Cascavel,32.0,0.48,0.9,12,7
3306,2021,03/25,11.579.713.983.875.300,Cascavel,32.0,0.48,0.9,12,7
3307,2022,03/25,10.800.124.169.633.600,Cascavel,32.0,0.48,0.9,12,7
3308,2023,03/25,12.199.018.767.042.100,Cascavel,32.0,0.48,0.9,12,7
3309,2024,03/25,12.508.997.366.552.600,Cascavel,32.0,0.48,0.9,12,7
3310,2015,03/25,13.460.228.935.383.700,Foz do Iguaçu,32.0,0.48,0.9,12,7
3311,2016,03/25,10.668.159.541.588.500,Foz do Iguaçu,32.0,0.48,0.9,12,7
3312,2017,03/25,130.275.080.229.708,Foz do Iguaçu,32.0,0.48,0.9,12,7
3313,2018,03/25,12.388.375.540.561.400,Foz do Iguaçu,32.0,0.48,0.9,12,7
3314,2019,03/25,13.334.033.597.355.500,Foz do Iguaçu,32.0,0.48,0.9,12,7
3315,2020,03/25,12.159.901.573.391.800,Foz do Iguaçu,32.0,0.48,0.9,12,7
3316,2021,03/25,12.721.366.982.458.700,Foz do Iguaçu,32.0,0.48,0.9,12,7
3317,2022,03/25,11.845.656.639.575.300,Foz do Iguaçu,32.0,0.48,0.9,12,7
3318,2023,03/25,1.358.653.812.522.970,Foz do Iguaçu,32.0,0.48,0.9,12,7
3319,2024,03/25,12.180.831.335.121.700,Foz do Iguaçu,32.0,0.48,0.9,12,7
3320,2015,03/25,1.391.326.308.704.000,Guaíra,32.0,0.48,0.9,12,7
3321,2016,03/25,11.385.970.114.433.600,Guaíra,32.0,0.48,0.9,12,7
3322,2017,03/25,1.326.962.775.230.850,Guaíra,32.0,0.48,0.9,12,7
3323,2018,03/25,13.211.060.101.695.600,Guaíra,32.0,0.48,0.9,12,7
3324,2019,03/25,13.829.742.692.520.600,Guaíra,32.0,0.48,0.9,12,7
3325,2020,03/25,1.347.861.279.618.610,Guaíra,32.0,0.48,0.9,12,7
3326,2021,03/25,12.973.012.102.325.900,Guaíra,32.0,0.48,0.9,12,7
3327,2022,03/25,12.507.102.001.668.500,Guaíra,32.0,0.48,0.9,12,7
3328,2023,03/25,13.685.012.434.439.000,Guaíra,32.0,0.48,0.9,12,7
3329,2024,03/25,137.820.581.747.626,Guaíra,32.0,0.48,0.9,12,7
3330,2015,03/25,13.924.318.519.338.000,Marechal Cândido Rondon,32.0,0.48,0.9,12,7
3331,2016,03/25,11.476.534.454.098.400,Marechal Cândido Rondon,32.0,0.48,0.9,12,7
3332,2017,03/25,13.384.552.903.033.400,Marechal Cândido Rondon,32.0,0.48,0.9,12,7
3333,2018,03/25,13.268.101.406.406.900,Marechal Cândido Rondon,32.0,0.48,0.9,12,7
3334,2019,03/25,13.826.811.969.594.200,Marechal Cândido Rondon,32.0,0.48,0.9,12,7
3335,2020,03/25,13.357.090.920.097.700,Marechal Cândido Rondon,32.0,0.48,0.9,12,7
3336,2021,03/25,13.252.268.930.518.800,Marechal Cândido Rondon,32.0,0.48,0.9,12,7
3337,2022,03/25,1.254.955.824.692.910,Marechal Cândido Rondon,32.0,0.48,0.9,12,7
3338,2023,03/25,13.831.273.368.626.700,Marechal Cândido Rondon,32.0,0.48,0.9,12,7
3339,2024,03/25,13.446.210.152.048.600,Marechal Cândido Rondon,32.0,0.48,0.9,12,7
3340,2015,03/25,12.898.897.067.068.100,Matelândia,32.0,0.48,0.9,12,7
3341,2016,03/25,7.734.617.187.293.210,Matelândia,32.0,0.48,0.9,12,7
3342,2017,03/25,12.513.884.963.111.600,Matelândia,32.0,0.48,0.9,12,7
3343,2018,03/25,11.768.508.575.606.700,Matelândia,32.0,0.48,0.9,12,7
3344,2019,03/25,12.905.944.265.364.300,Matelândia,32.0,0.48,0.9,12,7
3345,2020,03/25,11.764.562.854.994.400,Matelândia,32.0,0.48,0.9,12,7
3346,2021,03/25,12.355.969.009.981.600,Matelândia,32.0,0.48,0.9,12,7
3347,2022,03/25,1.132.474.586.292.940,Matelândia,32.0,0.48,0.9,12,7
3348,2023,03/25,13.065.571.080.384.100,Matelândia,32.0,0.48,0.9,12,7
3349,2024,03/25,12.190.917.929.539.300,Matelândia,32.0,0.48,0.9,12,7
3350,2015,03/25,134.602.289.353.838,Medianeira,32.0,0.48,0.9,12,7
3351,2016,03/25,10.667.732.999.699.300,Medianeira,32.0,0.48,0.9,12,7
3352,2017,03/25,13.027.467.691.028.200,Medianeira,32.0,0.48,0.9,12,7
3353,2018,03/25,12.388.071.696.736.400,Medianeira,32.0,0.48,0.9,12,7
3354,2019,03/25,13.333.994.903.178.500,Medianeira,32.0,0.48,0.9,12,7
3355,2020,03/25,12.159.615.648.522.000,Medianeira,32.0,0.48,0.9,12,7
3356,2021,03/25,12.720.464.057.045.100,Medianeira,32.0,0.48,0.9,12,7
3357,2022,03/25,11.845.656.639.575.300,Medianeira,32.0,0.48,0.9,12,7
3358,2023,03/25,13.586.126.636.066.700,Medianeira,32.0,0.48,0.9,12,7
3359,2024,03/25,1.218.071.455.406.570,Medianeira,32.0,0.48,0.9,12,7
3360,2015,03/25,13.881.695.087.931.100,Santa Helena,32.0,0.48,0.9,12,7
3361,2016,03/25,11.436.515.373.946.200,Santa Helena,32.0,0.48,0.9,12,7
3362,2017,03/25,13.374.837.570.312.600,Santa Helena,32.0,0.48,0.9,12,7
3363,2018,03/25,12.996.482.201.334.200,Santa Helena,32.0,0.48,0.9,12,7
3364,2019,03/25,13.663.870.361.832.600,Santa Helena,32.0,0.48,0.9,12,7
3365,2020,03/25,13.020.363.595.385.800,Santa Helena,32.0,0.48,0.9,12,7
3366,2021,03/25,13.112.266.094.259.900,Santa Helena,32.0,0.48,0.9,12,7
3367,2022,03/25,1.251.001.329.359.460,Santa Helena,32.0,0.48,0.9,12,7
3368,2023,03/25,13.888.791.678.374.400,Santa Helena,32.0,0.48,0.9,12,7
3369,2024,03/25,12.918.088.635.444.800,Santa Helena,32.0,0.48,0.9,12,7
3370,2015,03/25,134.602.289.353.838,São Miguel do Iguaçu,32.0,0.48,0.9,12,7
3371,2016,03/25,10.668.078.064.545.200,São Miguel do Iguaçu,32.0,0.48,0.9,12,7
3372,2017,03/25,13.027.494.340.811.000,São Miguel do Iguaçu,32.0,0.48,0.9,12,7
3373,2018,03/25,12.388.323.805.303.600,São Miguel do Iguaçu,32.0,0.48,0.9,12,7
3374,2019,03/25,13.334.030.124.239.600,São Miguel do Iguaçu,32.0,0.48,0.9,12,7
3375,2020,03/25,1.215.985.872.101.590,São Miguel do Iguaçu,32.0,0.48,0.9,12,7
3376,2021,03/25,12.721.247.800.536.900,São Miguel do Iguaçu,32.0,0.48,0.9,12,7
3377,2022,03/25,11.845.656.639.575.300,São Miguel do Iguaçu,32.0,0.48,0.9,12,7
3378,2023,03/25,13.586.506.815.531.200,São Miguel do Iguaçu,32.0,0.48,0.9,12,7
3379,2024,03/25,12.180.803.462.412.300,São Miguel do Iguaçu,32.0,0.48,0.9,12,7
3380,2015,03/25,1.253.452.598.772.220,São Pedro do Iguaçu,32.0,0.48,0.9,12,7
3381,2016,03/25,6.324.031.904.534.090,São Pedro do Iguaçu,32.0,0.48,0.9,12,7
3382,2017,03/25,12.073.822.992.665.300,São Pedro do Iguaçu,32.0,0.48,0.9,12,7
3383,2018,03/25,11.698.132.402.848.000,São Pedro do Iguaçu,32.0,0.48,0.9,12,7
3384,2019,03/25,12.668.573.313.560.600,São Pedro do Iguaçu,32.0,0.48,0.9,12,7
3385,2020,03/25,1.167.602.570.321.080,São Pedro do Iguaçu,32.0,0.48,0.9,12,7
3386,2021,03/25,120.860.312.461.682,São Pedro do Iguaçu,32.0,0.48,0.9,12,7
3387,2022,03/25,10.927.914.193.981.900,São Pedro do Iguaçu,32.0,0.48,0.9,12,7
3388,2023,03/25,12.807.989.364.561.500,São Pedro do Iguaçu,32.0,0.48,0.9,12,7
3389,2024,03/25,12.249.421.245.345.900,São Pedro do Iguaçu,32.0,0.48,0.9,12,7
3390,2015,03/25,13.201.658.240.239.500,Toledo,32.0,0.48,0.9,12,7
3391,2016,03/25,9.187.081.100.951.770,Toledo,32.0,0.48,0.9,12,7
3392,2017,03/25,12.556.812.928.554.600,Toledo,32.0,0.48,0.9,12,7
3393,2018,03/25,1.261.025.575.533.830,Toledo,32.0,0.48,0.9,12,7
3394,2019,03/25,13.247.017.553.608.700,Toledo,32.0,0.48,0.9,12,7
3395,2020,03/25,12.777.136.714.680.400,Toledo,32.0,0.48,0.9,12,7
3396,2021,03/25,12.596.429.077.957.000,Toledo,32.0,0.48,0.9,12,7
3397,2022,03/25,11.583.374.246.246.700,Toledo,32.0,0.48,0.9,12,7
3398,2023,03/25,13.272.023.264.188.200,Toledo,32.0,0.48,0.9,12,7
3399,2024,03/25,13.269.760.665.379.900,Toledo,32.0,0.48,0.9,12,7
3400,2015,03/25,12.465.894.945.568.800,Cascavel,32.0,0.48,0.9,13,6
3401,2016,03/25,6.808.303.456.625.310,Cascavel,32.0,0.48,0.9,13,6
3402,2017,03/25,11.718.432.981.853.900,Cascavel,32.0,0.48,0.9,13,6
3403,2018,03/25,11.362.543.306.060.100,Cascavel,32.0,0.48,0.9,13,6
3404,2019,03/25,12.497.343.737.560.600,Cascavel,32.0,0.48,0.9,13,6
3405,2020,03/25,11.495.421.860.318.700,Cascavel,32.0,0.48,0.9,13,6
3406,2021,03/25,11.579.713.983.875.300,Cascavel,32.0,0.48,0.9,13,6
3407,2022,03/25,10.800.124.169.633.600,Cascavel,32.0,0.48,0.9,13,6
3408,2023,03/25,12.199.018.767.042.100,Cascavel,32.0,0.48,0.9,13,6
3409,2024,03/25,12.508.997.366.552.600,Cascavel,32.0,0.48,0.9,13,6
3410,2015,03/25,13.460.228.935.383.700,Foz do Iguaçu,32.0,0.48,0.9,13,6
3411,2016,03/25,10.668.159.541.588.500,Foz do Iguaçu,32.0,0.48,0.9,13,6
3412,2017,03/25,130.275.080.229.708,Foz do Iguaçu,32.0,0.48,0.9,13,6
3413,2018,03/25,12.388.375.540.561.400,Foz do Iguaçu,32.0,0.48,0.9,13,6
3414,2019,03/25,13.334.033.597.355.500,Foz do Iguaçu,32.0,0.48,0.9,13,6
3415,2020,03/25,12.159.901.573.391.800,Foz do Iguaçu,32.0,0.48,0.9,13,6
3416,2021,03/25,12.721.366.982.458.700,Foz do Iguaçu,32.0,0.48,0.9,13,6
3417,2022,03/25,11.845.656.639.575.300,Foz do Iguaçu,32.0,0.48,0.9,13,6
3418,2023,03/25,1.358.653.812.522.970,Foz do Iguaçu,32.0,0.48,0.9,13,6
3419,2024,03/25,12.180.831.335.121.700,Foz do Iguaçu,32.0,0.48,0.9,13,6
3420,2015,03/25,1.391.326.308.704.000,Guaíra,32.0,0.48,0.9,13,6
3421,2016,03/25,11.385.970.114.433.600,Guaíra,32.0,0.48,0.9,13,6
3422,2017,03/25,1.326.962.775.230.850,Guaíra,32.0,0.48,0.9,13,6
3423,2018,03/25,13.211.060.101.695.600,Guaíra,32.0,0.48,0.9,13,6
3424,2019,03/25,13.829.742.692.520.600,Guaíra,32.0,0.48,0.9,13,6
3425,2020,03/25,1.347.861.279.618.610,Guaíra,32.0,0.48,0.9,13,6
3426,2021,03/25,12.973.012.102.325.900,Guaíra,32.0,0.48,0.9,13,6
3427,2022,03/25,12.507.102.001.668.500,Guaíra,32.0,0.48,0.9,13,6
3428,2023,03/25,13.685.012.434.439.000,Guaíra,32.0,0.48,0.9,13,6
3429,2024,03/25,137.820.581.747.626,Guaíra,32.0,0.48,0.9,13,6
3430,2015,03/25,13.924.318.519.338.000,Marechal Cândido Rondon,32.0,0.48,0.9,13,6
3431,2016,03/25,11.476.534.454.098.400,Marechal Cândido Rondon,32.0,0.48,0.9,13,6
3432,2017,03/25,13.384.552.903.033.400,Marechal Cândido Rondon,32.0,0.48,0.9,13,6
3433,2018,03/25,13.268.101.406.406.900,Marechal Cândido Rondon,32.0,0.48,0.9,13,6
3434,2019,03/25,13.826.811.969.594.200,Marechal Cândido Rondon,32.0,0.48,0.9,13,6
3435,2020,03/25,13.357.090.920.097.700,Marechal Cândido Rondon,32.0,0.48,0.9,13,6
3436,2021,03/25,13.252.268.930.518.800,Marechal Cândido Rondon,32.0,0.48,0.9,13,6
3437,2022,03/25,1.254.955.824.692.910,Marechal Cândido Rondon,32.0,0.48,0.9,13,6
3438,2023,03/25,13.831.273.368.626.700,Marechal Cândido Rondon,32.0,0.48,0.9,13,6
3439,2024,03/25,13.446.210.152.048.600,Marechal Cândido Rondon,32.0,0.48,0.9,13,6
3440,2015,03/25,12.898.897.067.068.100,Matelândia,32.0,0.48,0.9,13,6
3441,2016,03/25,7.734.617.187.293.210,Matelândia,32.0,0.48,0.9,13,6
3442,2017,03/25,12.513.884.963.111.600,Matelândia,32.0,0.48,0.9,13,6
3443,2018,03/25,11.768.508.575.606.700,Matelândia,32.0,0.48,0.9,13,6
3444,2019,03/25,12.905.944.265.364.300,Matelândia,32.0,0.48,0.9,13,6
3445,2020,03/25,11.764.562.854.994.400,Matelândia,32.0,0.48,0.9,13,6
3446,2021,03/25,12.355.969.009.981.600,Matelândia,32.0,0.48,0.9,13,6
3447,2022,03/25,1.132.474.586.292.940,Matelândia,32.0,0.48,0.9,13,6
3448,2023,03/25,13.065.571.080.384.100,Matelândia,32.0,0.48,0.9,13,6
3449,2024,03/25,12.190.917.929.539.300,Matelândia,32.0,0.48,0.9,13,6
3450,2015,03/25,134.602.289.353.838,Medianeira,32.0,0.48,0.9,13,6
3451,2016,03/25,10.667.732.999.699.300,Medianeira,32.0,0.48,0.9,13,6
3452,2017,03/25,13.027.467.691.028.200,Medianeira,32.0,0.48,0.9,13,6
3453,2018,03/25,12.388.071.696.736.400,Medianeira,32.0,0.48,0.9,13,6
3454,2019,03/25,13.333.994.903.178.500,Medianeira,32.0,0.48,0.9,13,6
3455,2020,03/25,12.159.615.648.522.000,Medianeira,32.0,0.48,0.9,13,6
3456,2021,03/25,12.720.464.057.045.100,Medianeira,32.0,0.48,0.9,13,6
3457,2022,03/25,11.845.656.639.575.300,Medianeira,32.0,0.48,0.9,13,6
3458,2023,03/25,13.586.126.636.066.700,Medianeira,32.0,0.48,0.9,13,6
3459,2024,03/25,1.218.071.455.406.570,Medianeira,32.0,0.48,0.9,13,6
3460,2015,03/25,13.881.695.087.931.100,Santa Helena,32.0,0.48,0.9,13,6
3461,2016,03/25,11.436.515.373.946.200,Santa Helena,32.0,0.48,0.9,13,6
3462,2017,03/25,13.374.837.570.312.600,Santa Helena,32.0,0.48,0.9,13,6
3463,2018,03/25,12.996.482.201.334.200,Santa Helena,32.0,0.48,0.9,13,6
3464,2019,03/25,13.663.870.361.832.600,Santa Helena,32.0,0.48,0.9,13,6
3465,2020,03/25,13.020.363.595.385.800,Santa Helena,32.0,0.48,0.9,13,6
3466,2021,03/25,13.112.266.094.259.900,Santa Helena,32.0,0.48,0.9,13,6
3467,2022,03/25,1.251.001.329.359.460,Santa Helena,32.0,0.48,0.9,13,6
3468,2023,03/25,13.888.791.678.374.400,Santa Helena,32.0,0.48,0.9,13,6
3469,2024,03/25,12.918.088.635.444.800,Santa Helena,32.0,0.48,0.9,13,6
3470,2015,03/25,134.602.289.353.838,São Miguel do Iguaçu,32.0,0.48,0.9,13,6
3471,2016,03/25,10.668.078.064.545.200,São Miguel do Iguaçu,32.0,0.48,0.9,13,6
3472,2017,03/25,13.027.494.340.811.000,São Miguel do Iguaçu,32.0,0.48,0.9,13,6
3473,2018,03/25,12.388.323.805.303.600,São Miguel do Iguaçu,32.0,0.48,0.9,13,6
3474,2019,03/25,13.334.030.124.239.600,São Miguel do Iguaçu,32.0,0.48,0.9,13,6
3475,2020,03/25,1.215.985.872.101.590,São Miguel do Iguaçu,32.0,0.48,0.9,13,6
3476,2021,03/25,12.721.247.800.536.900,São Miguel do Iguaçu,32.0,0.48,0.9,13,6
3477,2022,03/25,11.845.656.639.575.300,São Miguel do Iguaçu,32.0,0.48,0.9,13,6
3478,2023,03/25,13.586.506.815.531.200,São Miguel do Iguaçu,32.0,0.48,0.9,13,6
3479,2024,03/25,12.180.803.462.412.300,São Miguel do Iguaçu,32.0,0.48,0.9,13,6
3480,2015,03/25,1.253.452.598.772.220,São Pedro do Iguaçu,32.0,0.48,0.9,13,6
3481,2016,03/25,6.324.031.904.534.090,São Pedro do Iguaçu,32.0,0.48,0.9,13,6
3482,2017,03/25,12.073.822.992.665.300,São Pedro do Iguaçu,32.0,0.48,0.9,13,6
3483,2018,03/25,11.698.132.402.848.000,São Pedro do Iguaçu,32.0,0.48,0.9,13,6
3484,2019,03/25,12.668.573.313.560.600,São Pedro do Iguaçu,32.0,0.48,0.9,13,6
3485,2020,03/25,1.167.602.570.321.080,São Pedro do Iguaçu,32.0,0.48,0.9,13,6
3486,2021,03/25,120.860.312.461.682,São Pedro do Iguaçu,32.0,0.48,0.9,13,6
3487,2022,03/25,10.927.914.193.981.900,São Pedro do Iguaçu,32.0,0.48,0.9,13,6
3488,2023,03/25,12.807.989.364.561.500,São Pedro do Iguaçu,32.0,0.48,0.9,13,6
3489,2024,03/25,12.249.421.245.345.900,São Pedro do Iguaçu,32.0,0.48,0.9,13,6
3490,2015,03/25,13.201.658.240.239.500,Toledo,32.0,0.48,0.9,13,6
3491,2016,03/25,9.187.081.100.951.770,Toledo,32.0,0.48,0.9,13,6
3492,2017,03/25,12.556.812.928.554.600,Toledo,32.0,0.48,0.9,13,6
3493,2018,03/25,1.261.025.575.533.830,Toledo,32.0,0.48,0.9,13,6
3494,2019,03/25,13.247.017.553.608.700,Toledo,32.0,0.48,0.9,13,6
3495,2020,03/25,12.777.136.714.680.400,Toledo,32.0,0.48,0.9,13,6
3496,2021,03/25,12.596.429.077.957.000,Toledo,32.0,0.48,0.9,13,6
3497,2022,03/25,11.583.374.246.246.700,Toledo,32.0,0.48,0.9,13,6
3498,2023,03/25,13.272.023.264.188.200,Toledo,32.0,0.48,0.9,13,6
3499,2024,03/25,13.269.760.665.379.900,Toledo,32.0,0.48,0.9,13,6
3500,2015,03/25,12.465.894.945.568.800,Cascavel,32.0,0.48,0.9,13,7
3501,2016,03/25,6.808.303.456.625.310,Cascavel,32.0,0.48,0.9,13,7
3502,2017,03/25,11.718.432.981.853.900,Cascavel,32.0,0.48,0.9,13,7
3503,2018,03/25,11.362.543.306.060.100,Cascavel,32.0,0.48,0.9,13,7
3504,2019,03/25,12.497.343.737.560.600,Cascavel,32.0,0.48,0.9,13,7
3505,2020,03/25,11.495.421.860.318.700,Cascavel,32.0,0.48,0.9,13,7
3506,2021,03/25,11.579.713.983.875.300,Cascavel,32.0,0.48,0.9,13,7
3507,2022,03/25,10.800.124.169.633.600,Cascavel,32.0,0.48,0.9,13,7
3508,2023,03/25,12.199.018.767.042.100,Cascavel,32.0,0.48,0.9,13,7
3509,2024,03/25,12.508.997.366.552.600,Cascavel,32.0,0.48,0.9,13,7
3510,2015,03/25,13.460.228.935.383.700,Foz do Iguaçu,32.0,0.48,0.9,13,7
3511,2016,03/25,10.668.159.541.588.500,Foz do Iguaçu,32.0,0.48,0.9,13,7
3512,2017,03/25,130.275.080.229.708,Foz do Iguaçu,32.0,0.48,0.9,13,7
3513,2018,03/25,12.388.375.540.561.400,Foz do Iguaçu,32.0,0.48,0.9,13,7
3514,2019,03/25,13.334.033.597.355.500,Foz do Iguaçu,32.0,0.48,0.9,13,7
3515,2020,03/25,12.159.901.573.391.800,Foz do Iguaçu,32.0,0.48,0.9,13,7
3516,2021,03/25,12.721.366.982.458.700,Foz do Iguaçu,32.0,0.48,0.9,13,7
3517,2022,03/25,11.845.656.639.575.300,Foz do Iguaçu,32.0,0.48,0.9,13,7
3518,2023,03/25,1.358.653.812.522.970,Foz do Iguaçu,32.0,0.48,0.9,13,7
3519,2024,03/25,12.180.831.335.121.700,Foz do Iguaçu,32.0,0.48,0.9,13,7
3520,2015,03/25,1.391.326.308.704.000,Guaíra,32.0,0.48,0.9,13,7
3521,2016,03/25,11.385.970.114.433.600,Guaíra,32.0,0.48,0.9,13,7
3522,2017,03/25,1.326.962.775.230.850,Guaíra,32.0,0.48,0.9,13,7
3523,2018,03/25,13.211.060.101.695.600,Guaíra,32.0,0.48,0.9,13,7
3524,2019,03/25,13.829.742.692.520.600,Guaíra,32.0,0.48,0.9,13,7
3525,2020,03/25,1.347.861.279.618.610,Guaíra,32.0,0.48,0.9,13,7
3526,2021,03/25,12.973.012.102.325.900,Guaíra,32.0,0.48,0.9,13,7
3527,2022,03/25,12.507.102.001.668.500,Guaíra,32.0,0.48,0.9,13,7
3528,2023,03/25,13.685.012.434.439.000,Guaíra,32.0,0.48,0.9,13,7
3529,2024,03/25,137.820.581.747.626,Guaíra,32.0,0.48,0.9,13,7
3530,2015,03/25,13.924.318.519.338.000,Marechal Cândido Rondon,32.0,0.48,0.9,13,7
3531,2016,03/25,11.476.534.454.098.400,Marechal Cândido Rondon,32.0,0.48,0.9,13,7
3532,2017,03/25,13.384.552.903.033.400,Marechal Cândido Rondon,32.0,0.48,0.9,13,7
3533,2018,03/25,13.268.101.406.406.900,Marechal Cândido Rondon,32.0,0.48,0.9,13,7
3534,2019,03/25,13.826.811.969.594.200,Marechal Cândido Rondon,32.0,0.48,0.9,13,7
3535,2020,03/25,13.357.090.920.097.700,Marechal Cândido Rondon,32.0,0.48,0.9,13,7
3536,2021,03/25,13.252.268.930.518.800,Marechal Cândido Rondon,32.0,0.48,0.9,13,7
3537,2022,03/25,1.254.955.824.692.910,Marechal Cândido Rondon,32.0,0.48,0.9,13,7
3538,2023,03/25,13.831.273.368.626.700,Marechal Cândido Rondon,32.0,0.48,0.9,13,7
3539,2024,03/25,13.446.210.152.048.600,Marechal Cândido Rondon,32.0,0.48,0.9,13,7
3540,2015,03/25,12.898.897.067.068.100,Matelândia,32.0,0.48,0.9,13,7
3541,2016,03/25,7.734.617.187.293.210,Matelândia,32.0,0.48,0.9,13,7
3542,2017,03/25,12.513.884.963.111.600,Matelândia,32.0,0.48,0.9,13,7
3543,2018,03/25,11.768.508.575.606.700,Matelândia,32.0,0.48,0.9,13,7
3544,2019,03/25,12.905.944.265.364.300,Matelândia,32.0,0.48,0.9,13,7
3545,2020,03/25,11.764.562.854.994.400,Matelândia,32.0,0.48,0.9,13,7
3546,2021,03/25,12.355.969.009.981.600,Matelândia,32.0,0.48,0.9,13,7
3547,2022,03/25,1.132.474.586.292.940,Matelândia,32.0,0.48,0.9,13,7
3548,2023,03/25,13.065.571.080.384.100,Matelândia,32.0,0.48,0.9,13,7
3549,2024,03/25,12.190.917.929.539.300,Matelândia,32.0,0.48,0.9,13,7
3550,2015,03/25,134.602.289.353.838,Medianeira,32.0,0.48,0.9,13,7
3551,2016,03/25,10.667.732.999.699.300,Medianeira,32.0,0.48,0.9,13,7
3552,2017,03/25,13.027.467.691.028.200,Medianeira,32.0,0.48,0.9,13,7
3553,2018,03/25,12.388.071.696.736.400,Medianeira,32.0,0.48,0.9,13,7
3554,2019,03/25,13.333.994.903.178.500,Medianeira,32.0,0.48,0.9,13,7
3555,2020,03/25,12.159.615.648.522.000,Medianeira,32.0,0.48,0.9,13,7
3556,2021,03/25,12.720.464.057.045.100,Medianeira,32.0,0.48,0.9,13,7
3557,2022,03/25,11.845.656.639.575.300,Medianeira,32.0,0.48,0.9,13,7
3558,2023,03/25,13.586.126.636.066.700,Medianeira,32.0,0.48,0.9,13,7
3559,2024,03/25,1.218.071.455.406.570,Medianeira,32.0,0.48,0.9,13,7
3560,2015,03/25,13.881.695.087.931.100,Santa Helena,32.0,0.48,0.9,13,7
3561,2016,03/25,11.436.515.373.946.200,Santa Helena,32.0,0.48,0.9,13,7
3562,2017,03/25,13.374.837.570.312.600,Santa Helena,32.0,0.48,0.9,13,7
3563,2018,03/25,12.996.482.201.334.200,Santa Helena,32.0,0.48,0.9,13,7
3564,2019,03/25,13.663.870.361.832.600,Santa Helena,32.0,0.48,0.9,13,7
3565,2020,03/25,13.020.363.595.385.800,Santa Helena,32.0,0.48,0.9,13,7
3566,2021,03/25,13.112.266.094.259.900,Santa Helena,32.0,0.48,0.9,13,7
3567,2022,03/25,1.251.001.329.359.460,Santa Helena,32.0,0.48,0.9,13,7
3568,2023,03/25,13.888.791.678.374.400,Santa Helena,32.0,0.48,0.9,13,7
3569,2024,03/25,12.918.088.635.444.800,Santa Helena,32.0,0.48,0.9,13,7
3570,2015,03/25,134.602.289.353.838,São Miguel do Iguaçu,32.0,0.48,0.9,13,7
3571,2016,03/25,10.668.078.064.545.200,São Miguel do Iguaçu,32.0,0.48,0.9,13,7
3572,2017,03/25,13.027.494.340.811.000,São Miguel do Iguaçu,32.0,0.48,0.9,13,7
3573,2018,03/25,12.388.323.805.303.600,São Miguel do Iguaçu,32.0,0.48,0.9,13,7
3574,2019,03/25,13.334.030.124.239.600,São Miguel do Iguaçu,32.0,0.48,0.9,13,7
3575,2020,03/25,1.215.985.872.101.590,São Miguel do Iguaçu,32.0,0.48,0.9,13,7
3576,2021,03/25,12.721.247.800.536.900,São Miguel do Iguaçu,32.0,0.48,0.9,13,7
3577,2022,03/25,11.845.656.639.575.300,São Miguel do Iguaçu,32.0,0.48,0.9,13,7
3578,2023,03/25,13.586.506.815.531.200,São Miguel do Iguaçu,32.0,0.48,0.9,13,7
3579,2024,03/25,12.180.803.462.412.300,São Miguel do Iguaçu,32.0,0.48,0.9,13,7
3580,2015,03/25,1.253.452.598.772.220,São Pedro do Iguaçu,32.0,0.48,0.9,13,7
3581,2016,03/25,6.324.031.904.534.090,São Pedro do Iguaçu,32.0,0.48,0.9,13,7
3582,2017,03/25,12.073.822.992.665.300,São Pedro do Iguaçu,32.0,0.48,0.9,13,7
3583,2018,03/25,11.698.132.402.848.000,São Pedro do Iguaçu,32.0,0.48,0.9,13,7
3584,2019,03/25,12.668.573.313.560.600,São Pedro do Iguaçu,32.0,0.48,0.9,13,7
3585,2020,03/25,1.167.602.570.321.080,São Pedro do Iguaçu,32.0,0.48,0.9,13,7
3586,2021,03/25,120.860.312.461.682,São Pedro do Iguaçu,32.0,0.48,0.9,13,7
3587,2022,03/25,10.927.914.193.981.900,São Pedro do Iguaçu,32.0,0.48,0.9,13,7
3588,2023,03/25,12.807.989.364.561.500,São Pedro do Iguaçu,32.0,0.48,0.9,13,7
3589,2024,03/25,12.249.421.245.345.900,São Pedro do Iguaçu,32.0,0.48,0.9,13,7
3590,2015,03/25,13.201.658.240.239.500,Toledo,32.0,0.48,0.9,13,7
3591,2016,03/25,9.187.081.100.951.770,Toledo,32.0,0.48,0.9,13,7
3592,2017,03/25,12.556.812.928.554.600,Toledo,32.0,0.48,0.9,13,7
3593,2018,03/25,1.261.025.575.533.830,Toledo,32.0,0.48,0.9,13,7
3594,2019,03/25,13.247.017.553.608.700,Toledo,32.0,0.48,0.9,13,7
3595,2020,03/25,12.777.136.714.680.400,Toledo,32.0,0.48,0.9,13,7
3596,2021,03/25,12.596.429.077.957.000,Toledo,32.0,0.48,0.9,13,7
3597,2022,03/25,11.583.374.246.246.700,Toledo,32.0,0.48,0.9,13,7
3598,2023,03/25,13.272.023.264.188.200,Toledo,32.0,0.48,0.9,13,7
3599,2024,03/25,13.269.760.665.379.900,Toledo,32.0,0.48,0.9,13,7
3600,2015,03/25,12.855.287.834.409.400,Cascavel,32.0,0.48,0.95,12,6
3601,2016,03/25,7.022.856.918.146.570,Cascavel,32.0,0.48,0.95,12,6
3602,2017,03/25,1.209.112.123.796.550,Cascavel,32.0,0.48,0.95,12,6
3603,2018,03/25,1.170.982.230.381.470,Cascavel,32.0,0.48,0.95,12,6
3604,2019,03/25,12.889.512.079.329.600,Cascavel,32.0,0.48,0.95,12,6
3605,2020,03/25,1.185.083.938.334.580,Cascavel,32.0,0.48,0.95,12,6
3606,2021,03/25,11.926.410.188.759.800,Cascavel,32.0,0.48,0.95,12,6
3607,2022,03/25,11.131.100.514.712.500,Cascavel,32.0,0.48,0.95,12,6
3608,2023,03/25,12.585.066.313.404.400,Cascavel,32.0,0.48,0.95,12,6
3609,2024,03/25,12.903.196.985.621.300,Cascavel,32.0,0.48,0.95,12,6
3610,2015,03/25,13.883.768.225.568.600,Foz do Iguaçu,32.0,0.48,0.95,12,6
3611,2016,03/25,11.006.781.077.829.200,Foz do Iguaçu,32.0,0.48,0.95,12,6
3612,2017,03/25,1.344.097.116.834.020,Foz do Iguaçu,32.0,0.48,0.95,12,6
3613,2018,03/25,12.771.778.758.737.200,Foz do Iguaçu,32.0,0.48,0.95,12,6
3614,2019,03/25,13.751.559.757.781.000,Foz do Iguaçu,32.0,0.48,0.95,12,6
3615,2020,03/25,1.253.665.386.364.480,Foz do Iguaçu,32.0,0.48,0.95,12,6
3616,2021,03/25,13.106.674.170.710.700,Foz do Iguaçu,32.0,0.48,0.95,12,6
3617,2022,03/25,12.212.471.283.141.600,Foz do Iguaçu,32.0,0.48,0.95,12,6
3618,2023,03/25,14.015.807.699.238.500,Foz do Iguaçu,32.0,0.48,0.95,12,6
3619,2024,03/25,12.566.419.107.754.300,Foz do Iguaçu,32.0,0.48,0.95,12,6
3620,2015,03/25,14.352.512.205.253.300,Guaíra,32.0,0.48,0.95,12,6
3621,2016,03/25,11.747.956.203.856.600,Guaíra,32.0,0.48,0.95,12,6
3622,2017,03/25,1.369.028.939.746.710,Guaíra,32.0,0.48,0.95,12,6
3623,2018,03/25,13.624.668.358.482.100,Guaíra,32.0,0.48,0.95,12,6
3624,2019,03/25,14.265.782.471.879.900,Guaíra,32.0,0.48,0.95,12,6
3625,2020,03/25,13.900.672.366.505.300,Guaíra,32.0,0.48,0.95,12,6
3626,2021,03/25,13.368.023.650.211.800,Guaíra,32.0,0.48,0.95,12,6
3627,2022,03/25,12.897.489.208.270.500,Guaíra,32.0,0.48,0.95,12,6
3628,2023,03/25,14.118.413.157.692.100,Guaíra,32.0,0.48,0.95,12,6
3629,2024,03/25,14.218.498.496.821.000,Guaíra,32.0,0.48,0.95,12,6
3630,2015,03/25,14.363.693.782.431.700,Marechal Cândido Rondon,32.0,0.48,0.95,12,6
3631,2016,03/25,11.840.691.393.390.700,Marechal Cândido Rondon,32.0,0.48,0.95,12,6
3632,2017,03/25,13.808.415.175.606.100,Marechal Cândido Rondon,32.0,0.48,0.95,12,6
3633,2018,03/25,13.682.103.851.477.500,Marechal Cândido Rondon,32.0,0.48,0.95,12,6
3634,2019,03/25,14.262.290.507.509.000,Marechal Cândido Rondon,32.0,0.48,0.95,12,6
3635,2020,03/25,13.775.252.057.044.100,Marechal Cândido Rondon,32.0,0.48,0.95,12,6
3636,2021,03/25,13.655.822.642.929.000,Marechal Cândido Rondon,32.0,0.48,0.95,12,6
3637,2022,03/25,12.941.811.981.664.000,Marechal Cândido Rondon,32.0,0.48,0.95,12,6
3638,2023,03/25,14.269.246.584.956.300,Marechal Cândido Rondon,32.0,0.48,0.95,12,6
3639,2024,03/25,13.872.259.479.741.800,Marechal Cândido Rondon,32.0,0.48,0.95,12,6
3640,2015,03/25,13.303.815.055.284.800,Matelândia,32.0,0.48,0.95,12,6
3641,2016,03/25,797.979.815.417.138,Matelândia,32.0,0.48,0.95,12,6
3642,2017,03/25,12.912.316.416.302.600,Matelândia,32.0,0.48,0.95,12,6
3643,2018,03/25,1.213.016.269.120.980,Matelândia,32.0,0.48,0.95,12,6
3644,2019,03/25,13.310.141.908.873.300,Matelândia,32.0,0.48,0.95,12,6
3645,2020,03/25,12.128.882.382.175.600,Matelândia,32.0,0.48,0.95,12,6
3646,2021,03/25,12.728.572.395.125.500,Matelândia,32.0,0.48,0.95,12,6
3647,2022,03/25,1.167.349.147.076.090,Matelândia,32.0,0.48,0.95,12,6
3648,2023,03/25,1.347.835.086.367.420,Matelândia,32.0,0.48,0.95,12,6
3649,2024,03/25,12.576.231.261.548.400,Matelândia,32.0,0.48,0.95,12,6
3650,2015,03/25,13.883.768.225.568.600,Medianeira,32.0,0.48,0.95,12,6
3651,2016,03/25,11.006.344.269.036.000,Medianeira,32.0,0.48,0.95,12,6
3652,2017,03/25,13.440.929.576.571.000,Medianeira,32.0,0.48,0.95,12,6
3653,2018,03/25,12.771.449.561.624.000,Medianeira,32.0,0.48,0.95,12,6
3654,2019,03/25,13.751.519.707.614.600,Medianeira,32.0,0.48,0.95,12,6
3655,2020,03/25,12.536.362.894.967.000,Medianeira,32.0,0.48,0.95,12,6
3656,2021,03/25,1.310.573.037.762.400,Medianeira,32.0,0.48,0.95,12,6
3657,2022,03/25,12.212.471.283.141.600,Medianeira,32.0,0.48,0.95,12,6
3658,2023,03/25,14.015.382.328.039.300,Medianeira,32.0,0.48,0.95,12,6
3659,2024,03/25,12.566.298.462.821.500,Medianeira,32.0,0.48,0.95,12,6
3660,2015,03/25,14.319.737.458.001.200,Santa Helena,32.0,0.48,0.95,12,6
3661,2016,03/25,11.799.126.559.695.500,Santa Helena,32.0,0.48,0.95,12,6
3662,2017,03/25,13.798.137.128.709.900,Santa Helena,32.0,0.48,0.95,12,6
3663,2018,03/25,13.400.778.781.555.200,Santa Helena,32.0,0.48,0.95,12,6
3664,2019,03/25,14.093.314.946.687.200,Santa Helena,32.0,0.48,0.95,12,6
3665,2020,03/25,13.426.207.988.556.400,Santa Helena,32.0,0.48,0.95,12,6
3666,2021,03/25,13.510.592.774.066.700,Santa Helena,32.0,0.48,0.95,12,6
3667,2022,03/25,12.900.047.051.299.200,Santa Helena,32.0,0.48,0.95,12,6
3668,2023,03/25,14.328.193.802.293.000,Santa Helena,32.0,0.48,0.95,12,6
3669,2024,03/25,13.327.042.341.040.800,Santa Helena,32.0,0.48,0.95,12,6
3670,2015,03/25,13.883.768.225.568.600,São Miguel do Iguaçu,32.0,0.48,0.95,12,6
3671,2016,03/25,11.006.697.662.492.700,São Miguel do Iguaçu,32.0,0.48,0.95,12,6
3672,2017,03/25,13.440.957.058.789.600,São Miguel do Iguaçu,32.0,0.48,0.95,12,6
3673,2018,03/25,12.771.724.392.339.300,São Miguel do Iguaçu,32.0,0.48,0.95,12,6
3674,2019,03/25,13.751.556.162.947.900,São Miguel do Iguaçu,32.0,0.48,0.95,12,6
3675,2020,03/25,12.536.619.567.463.800,São Miguel do Iguaçu,32.0,0.48,0.95,12,6
3676,2021,03/25,13.106.546.261.551.700,São Miguel do Iguaçu,32.0,0.48,0.95,12,6
3677,2022,03/25,12.212.471.283.141.600,São Miguel do Iguaçu,32.0,0.48,0.95,12,6
3678,2023,03/25,14.015.775.333.660.500,São Miguel do Iguaçu,32.0,0.48,0.95,12,6
3679,2024,03/25,12.566.390.312.494.200,São Miguel do Iguaçu,32.0,0.48,0.95,12,6
3680,2015,03/25,12.926.989.356.219.000,São Pedro do Iguaçu,32.0,0.48,0.95,12,6
3681,2016,03/25,6.524.068.489.750.070,São Pedro do Iguaçu,32.0,0.48,0.95,12,6
3682,2017,03/25,12.458.437.893.072.300,São Pedro do Iguaçu,32.0,0.48,0.95,12,6
3683,2018,03/25,12.055.804.910.142.200,São Pedro do Iguaçu,32.0,0.48,0.95,12,6
3684,2019,03/25,13.064.661.229.154.100,São Pedro do Iguaçu,32.0,0.48,0.95,12,6
3685,2020,03/25,1.203.640.134.169.700,São Pedro do Iguaçu,32.0,0.48,0.95,12,6
3686,2021,03/25,12.449.945.424.077.800,São Pedro do Iguaçu,32.0,0.48,0.95,12,6
3687,2022,03/25,11.263.884.982.488.900,São Pedro do Iguaçu,32.0,0.48,0.95,12,6
3688,2023,03/25,1.321.368.183.351.800,São Pedro do Iguaçu,32.0,0.48,0.95,12,6
3689,2024,03/25,12.636.184.430.510.000,São Pedro do Iguaçu,32.0,0.48,0.95,12,6
3690,2015,03/25,13.616.226.123.227.100,Toledo,32.0,0.48,0.95,12,6
3691,2016,03/25,9.478.045.216.028.080,Toledo,32.0,0.48,0.95,12,6
3692,2017,03/25,12.955.785.121.970.500,Toledo,32.0,0.48,0.95,12,6
3693,2018,03/25,13.002.500.583.083.300,Toledo,32.0,0.48,0.95,12,6
3694,2019,03/25,13.663.939.955.974.500,Toledo,32.0,0.48,0.95,12,6
3695,2020,03/25,13.175.510.080.826.700,Toledo,32.0,0.48,0.95,12,6
3696,2021,03/25,12.976.750.580.573.000,Toledo,32.0,0.48,0.95,12,6
3697,2022,03/25,11.942.119.421.303.900,Toledo,32.0,0.48,0.95,12,6
3698,2023,03/25,13.692.728.854.445.100,Toledo,32.0,0.48,0.95,12,6
3699,2024,03/25,13.689.488.664.135.100,Toledo,32.0,0.48,0.95,12,6
3700,2015,03/25,12.855.287.834.409.400,Cascavel,32.0,0.48,0.95,12,7
3701,2016,03/25,7.022.856.918.146.570,Cascavel,32.0,0.48,0.95,12,7
3702,2017,03/25,1.209.112.123.796.550,Cascavel,32.0,0.48,0.95,12,7
3703,2018,03/25,1.170.982.230.381.470,Cascavel,32.0,0.48,0.95,12,7
3704,2019,03/25,12.889.512.079.329.600,Cascavel,32.0,0.48,0.95,12,7
3705,2020,03/25,1.185.083.938.334.580,Cascavel,32.0,0.48,0.95,12,7
3706,2021,03/25,11.926.410.188.759.800,Cascavel,32.0,0.48,0.95,12,7
3707,2022,03/25,11.131.100.514.712.500,Cascavel,32.0,0.48,0.95,12,7
3708,2023,03/25,12.585.066.313.404.400,Cascavel,32.0,0.48,0.95,12,7
3709,2024,03/25,12.903.196.985.621.300,Cascavel,32.0,0.48,0.95,12,7
3710,2015,03/25,13.883.768.225.568.600,Foz do Iguaçu,32.0,0.48,0.95,12,7
3711,2016,03/25,11.006.781.077.829.200,Foz do Iguaçu,32.0,0.48,0.95,12,7
3712,2017,03/25,1.344.097.116.834.020,Foz do Iguaçu,32.0,0.48,0.95,12,7
3713,2018,03/25,12.771.778.758.737.200,Foz do Iguaçu,32.0,0.48,0.95,12,7
3714,2019,03/25,13.751.559.757.781.000,Foz do Iguaçu,32.0,0.48,0.95,12,7
3715,2020,03/25,1.253.665.386.364.480,Foz do Iguaçu,32.0,0.48,0.95,12,7
3716,2021,03/25,13.106.674.170.710.700,Foz do Iguaçu,32.0,0.48,0.95,12,7
3717,2022,03/25,12.212.471.283.141.600,Foz do Iguaçu,32.0,0.48,0.95,12,7
3718,2023,03/25,14.015.807.699.238.500,Foz do Iguaçu,32.0,0.48,0.95,12,7
3719,2024,03/25,12.566.419.107.754.300,Foz do Iguaçu,32.0,0.48,0.95,12,7
3720,2015,03/25,14.352.512.205.253.300,Guaíra,32.0,0.48,0.95,12,7
3721,2016,03/25,11.747.956.203.856.600,Guaíra,32.0,0.48,0.95,12,7
3722,2017,03/25,1.369.028.939.746.710,Guaíra,32.0,0.48,0.95,12,7
3723,2018,03/25,13.624.668.358.482.100,Guaíra,32.0,0.48,0.95,12,7
3724,2019,03/25,14.265.782.471.879.900,Guaíra,32.0,0.48,0.95,12,7
3725,2020,03/25,13.900.672.366.505.300,Guaíra,32.0,0.48,0.95,12,7
3726,2021,03/25,13.368.023.650.211.800,Guaíra,32.0,0.48,0.95,12,7
3727,2022,03/25,12.897.489.208.270.500,Guaíra,32.0,0.48,0.95,12,7
3728,2023,03/25,14.118.413.157.692.100,Guaíra,32.0,0.48,0.95,12,7
3729,2024,03/25,14.218.498.496.821.000,Guaíra,32.0,0.48,0.95,12,7
3730,2015,03/25,14.363.693.782.431.700,Marechal Cândido Rondon,32.0,0.48,0.95,12,7
3731,2016,03/25,11.840.691.393.390.700,Marechal Cândido Rondon,32.0,0.48,0.95,12,7
3732,2017,03/25,13.808.415.175.606.100,Marechal Cândido Rondon,32.0,0.48,0.95,12,7
3733,2018,03/25,13.682.103.851.477.500,Marechal Cândido Rondon,32.0,0.48,0.95,12,7
3734,2019,03/25,14.262.290.507.509.000,Marechal Cândido Rondon,32.0,0.48,0.95,12,7
3735,2020,03/25,13.775.252.057.044.100,Marechal Cândido Rondon,32.0,0.48,0.95,12,7
3736,2021,03/25,13.655.822.642.929.000,Marechal Cândido Rondon,32.0,0.48,0.95,12,7
3737,2022,03/25,12.941.811.981.664.000,Marechal Cândido Rondon,32.0,0.48,0.95,12,7
3738,2023,03/25,14.269.246.584.956.300,Marechal Cândido Rondon,32.0,0.48,0.95,12,7
3739,2024,03/25,13.872.259.479.741.800,Marechal Cândido Rondon,32.0,0.48,0.95,12,7
3740,2015,03/25,13.303.815.055.284.800,Matelândia,32.0,0.48,0.95,12,7
3741,2016,03/25,797.979.815.417.138,Matelândia,32.0,0.48,0.95,12,7
3742,2017,03/25,12.912.316.416.302.600,Matelândia,32.0,0.48,0.95,12,7
3743,2018,03/25,1.213.016.269.120.980,Matelândia,32.0,0.48,0.95,12,7
3744,2019,03/25,13.310.141.908.873.300,Matelândia,32.0,0.48,0.95,12,7
3745,2020,03/25,12.128.882.382.175.600,Matelândia,32.0,0.48,0.95,12,7
3746,2021,03/25,12.728.572.395.125.500,Matelândia,32.0,0.48,0.95,12,7
3747,2022,03/25,1.167.349.147.076.090,Matelândia,32.0,0.48,0.95,12,7
3748,2023,03/25,1.347.835.086.367.420,Matelândia,32.0,0.48,0.95,12,7
3749,2024,03/25,12.576.231.261.548.400,Matelândia,32.0,0.48,0.95,12,7
3750,2015,03/25,13.883.768.225.568.600,Medianeira,32.0,0.48,0.95,12,7
3751,2016,03/25,11.006.344.269.036.000,Medianeira,32.0,0.48,0.95,12,7
3752,2017,03/25,13.440.929.576.571.000,Medianeira,32.0,0.48,0.95,12,7
3753,2018,03/25,12.771.449.561.624.000,Medianeira,32.0,0.48,0.95,12,7
3754,2019,03/25,13.751.519.707.614.600,Medianeira,32.0,0.48,0.95,12,7
3755,2020,03/25,12.536.362.894.967.000,Medianeira,32.0,0.48,0.95,12,7
3756,2021,03/25,1.310.573.037.762.400,Medianeira,32.0,0.48,0.95,12,7
3757,2022,03/25,12.212.471.283.141.600,Medianeira,32.0,0.48,0.95,12,7
3758,2023,03/25,14.015.382.328.039.300,Medianeira,32.0,0.48,0.95,12,7
3759,2024,03/25,12.566.298.462.821.500,Medianeira,32.0,0.48,0.95,12,7
3760,2015,03/25,14.319.737.458.001.200,Santa Helena,32.0,0.48,0.95,12,7
3761,2016,03/25,11.799.126.559.695.500,Santa Helena,32.0,0.48,0.95,12,7
3762,2017,03/25,13.798.137.128.709.900,Santa Helena,32.0,0.48,0.95,12,7
3763,2018,03/25,13.400.778.781.555.200,Santa Helena,32.0,0.48,0.95,12,7
3764,2019,03/25,14.093.314.946.687.200,Santa Helena,32.0,0.48,0.95,12,7
3765,2020,03/25,13.426.207.988.556.400,Santa Helena,32.0,0.48,0.95,12,7
3766,2021,03/25,13.510.592.774.066.700,Santa Helena,32.0,0.48,0.95,12,7
3767,2022,03/25,12.900.047.051.299.200,Santa Helena,32.0,0.48,0.95,12,7
3768,2023,03/25,14.328.193.802.293.000,Santa Helena,32.0,0.48,0.95,12,7
3769,2024,03/25,13.327.042.341.040.800,Santa Helena,32.0,0.48,0.95,12,7
3770,2015,03/25,13.883.768.225.568.600,São Miguel do Iguaçu,32.0,0.48,0.95,12,7
3771,2016,03/25,11.006.697.662.492.700,São Miguel do Iguaçu,32.0,0.48,0.95,12,7
3772,2017,03/25,13.440.957.058.789.600,São Miguel do Iguaçu,32.0,0.48,0.95,12,7
3773,2018,03/25,12.771.724.392.339.300,São Miguel do Iguaçu,32.0,0.48,0.95,12,7
3774,2019,03/25,13.751.556.162.947.900,São Miguel do Iguaçu,32.0,0.48,0.95,12,7
3775,2020,03/25,12.536.619.567.463.800,São Miguel do Iguaçu,32.0,0.48,0.95,12,7
3776,2021,03/25,13.106.546.261.551.700,São Miguel do Iguaçu,32.0,0.48,0.95,12,7
3777,2022,03/25,12.212.471.283.141.600,São Miguel do Iguaçu,32.0,0.48,0.95,12,7
3778,2023,03/25,14.015.775.333.660.500,São Miguel do Iguaçu,32.0,0.48,0.95,12,7
3779,2024,03/25,12.566.390.312.494.200,São Miguel do Iguaçu,32.0,0.48,0.95,12,7
3780,2015,03/25,12.926.989.356.219.000,São Pedro do Iguaçu,32.0,0.48,0.95,12,7
3781,2016,03/25,6.524.068.489.750.070,São Pedro do Iguaçu,32.0,0.48,0.95,12,7
3782,2017,03/25,12.458.437.893.072.300,São Pedro do Iguaçu,32.0,0.48,0.95,12,7
3783,2018,03/25,12.055.804.910.142.200,São Pedro do Iguaçu,32.0,0.48,0.95,12,7
3784,2019,03/25,13.064.661.229.154.100,São Pedro do Iguaçu,32.0,0.48,0.95,12,7
3785,2020,03/25,1.203.640.134.169.700,São Pedro do Iguaçu,32.0,0.48,0.95,12,7
3786,2021,03/25,12.449.945.424.077.800,São Pedro do Iguaçu,32.0,0.48,0.95,12,7
3787,2022,03/25,11.263.884.982.488.900,São Pedro do Iguaçu,32.0,0.48,0.95,12,7
3788,2023,03/25,1.321.368.183.351.800,São Pedro do Iguaçu,32.0,0.48,0.95,12,7
3789,2024,03/25,12.636.184.430.510.000,São Pedro do Iguaçu,32.0,0.48,0.95,12,7
3790,2015,03/25,13.616.226.123.227.100,Toledo,32.0,0.48,0.95,12,7
3791,2016,03/25,9.478.045.216.028.080,Toledo,32.0,0.48,0.95,12,7
3792,2017,03/25,12.955.785.121.970.500,Toledo,32.0,0.48,0.95,12,7
3793,2018,03/25,13.002.500.583.083.300,Toledo,32.0,0.48,0.95,12,7
3794,2019,03/25,13.663.939.955.974.500,Toledo,32.0,0.48,0.95,12,7
3795,2020,03/25,13.175.510.080.826.700,Toledo,32.0,0.48,0.95,12,7
3796,2021,03/25,12.976.750.580.573.000,Toledo,32.0,0.48,0.95,12,7
3797,2022,03/25,11.942.119.421.303.900,Toledo,32.0,0.48,0.95,12,7
3798,2023,03/25,13.692.728.854.445.100,Toledo,32.0,0.48,0.95,12,7
3799,2024,03/25,13.689.488.664.135.100,Toledo,32.0,0.48,0.95,12,7
3800,2015,03/25,12.855.287.834.409.400,Cascavel,32.0,0.48,0.95,13,6
3801,2016,03/25,7.022.856.918.146.570,Cascavel,32.0,0.48,0.95,13,6
3802,2017,03/25,1.209.112.123.796.550,Cascavel,32.0,0.48,0.95,13,6
3803,2018,03/25,1.170.982.230.381.470,Cascavel,32.0,0.48,0.95,13,6
3804,2019,03/25,12.889.512.079.329.600,Cascavel,32.0,0.48,0.95,13,6
3805,2020,03/25,1.185.083.938.334.580,Cascavel,32.0,0.48,0.95,13,6
3806,2021,03/25,11.926.410.188.759.800,Cascavel,32.0,0.48,0.95,13,6
3807,2022,03/25,11.131.100.514.712.500,Cascavel,32.0,0.48,0.95,13,6
3808,2023,03/25,12.585.066.313.404.400,Cascavel,32.0,0.48,0.95,13,6
3809,2024,03/25,12.903.196.985.621.300,Cascavel,32.0,0.48,0.95,13,6
3810,2015,03/25,13.883.768.225.568.600,Foz do Iguaçu,32.0,0.48,0.95,13,6
3811,2016,03/25,11.006.781.077.829.200,Foz do Iguaçu,32.0,0.48,0.95,13,6
3812,2017,03/25,1.344.097.116.834.020,Foz do Iguaçu,32.0,0.48,0.95,13,6
3813,2018,03/25,12.771.778.758.737.200,Foz do Iguaçu,32.0,0.48,0.95,13,6
3814,2019,03/25,13.751.559.757.781.000,Foz do Iguaçu,32.0,0.48,0.95,13,6
3815,2020,03/25,1.253.665.386.364.480,Foz do Iguaçu,32.0,0.48,0.95,13,6
3816,2021,03/25,13.106.674.170.710.700,Foz do Iguaçu,32.0,0.48,0.95,13,6
3817,2022,03/25,12.212.471.283.141.600,Foz do Iguaçu,32.0,0.48,0.95,13,6
3818,2023,03/25,14.015.807.699.238.500,Foz do Iguaçu,32.0,0.48,0.95,13,6
3819,2024,03/25,12.566.419.107.754.300,Foz do Iguaçu,32.0,0.48,0.95,13,6
3820,2015,03/25,14.352.512.205.253.300,Guaíra,32.0,0.48,0.95,13,6
3821,2016,03/25,11.747.956.203.856.600,Guaíra,32.0,0.48,0.95,13,6
3822,2017,03/25,1.369.028.939.746.710,Guaíra,32.0,0.48,0.95,13,6
3823,2018,03/25,13.624.668.358.482.100,Guaíra,32.0,0.48,0.95,13,6
3824,2019,03/25,14.265.782.471.879.900,Guaíra,32.0,0.48,0.95,13,6
3825,2020,03/25,13.900.672.366.505.300,Guaíra,32.0,0.48,0.95,13,6
3826,2021,03/25,13.368.023.650.211.800,Guaíra,32.0,0.48,0.95,13,6
3827,2022,03/25,12.897.489.208.270.500,Guaíra,32.0,0.48,0.95,13,6
3828,2023,03/25,14.118.413.157.692.100,Guaíra,32.0,0.48,0.95,13,6
3829,2024,03/25,14.218.498.496.821.000,Guaíra,32.0,0.48,0.95,13,6
3830,2015,03/25,14.363.693.782.431.700,Marechal Cândido Rondon,32.0,0.48,0.95,13,6
3831,2016,03/25,11.840.691.393.390.700,Marechal Cândido Rondon,32.0,0.48,0.95,13,6
3832,2017,03/25,13.808.415.175.606.100,Marechal Cândido Rondon,32.0,0.48,0.95,13,6
3833,2018,03/25,13.682.103.851.477.500,Marechal Cândido Rondon,32.0,0.48,0.95,13,6
3834,2019,03/25,14.262.290.507.509.000,Marechal Cândido Rondon,32.0,0.48,0.95,13,6
3835,2020,03/25,13.775.252.057.044.100,Marechal Cândido Rondon,32.0,0.48,0.95,13,6
3836,2021,03/25,13.655.822.642.929.000,Marechal Cândido Rondon,32.0,0.48,0.95,13,6
3837,2022,03/25,12.941.811.981.664.000,Marechal Cândido Rondon,32.0,0.48,0.95,13,6
3838,2023,03/25,14.269.246.584.956.300,Marechal Cândido Rondon,32.0,0.48,0.95,13,6
3839,2024,03/25,13.872.259.479.741.800,Marechal Cândido Rondon,32.0,0.48,0.95,13,6
3840,2015,03/25,13.303.815.055.284.800,Matelândia,32.0,0.48,0.95,13,6
3841,2016,03/25,797.979.815.417.138,Matelândia,32.0,0.48,0.95,13,6
3842,2017,03/25,12.912.316.416.302.600,Matelândia,32.0,0.48,0.95,13,6
3843,2018,03/25,1.213.016.269.120.980,Matelândia,32.0,0.48,0.95,13,6
3844,2019,03/25,13.310.141.908.873.300,Matelândia,32.0,0.48,0.95,13,6
3845,2020,03/25,12.128.882.382.175.600,Matelândia,32.0,0.48,0.95,13,6
3846,2021,03/25,12.728.572.395.125.500,Matelândia,32.0,0.48,0.95,13,6
3847,2022,03/25,1.167.349.147.076.090,Matelândia,32.0,0.48,0.95,13,6
3848,2023,03/25,1.347.835.086.367.420,Matelândia,32.0,0.48,0.95,13,6
3849,2024,03/25,12.576.231.261.548.400,Matelândia,32.0,0.48,0.95,13,6
3850,2015,03/25,13.883.768.225.568.600,Medianeira,32.0,0.48,0.95,13,6
3851,2016,03/25,11.006.344.269.036.000,Medianeira,32.0,0.48,0.95,13,6
3852,2017,03/25,13.440.929.576.571.000,Medianeira,32.0,0.48,0.95,13,6
3853,2018,03/25,12.771.449.561.624.000,Medianeira,32.0,0.48,0.95,13,6
3854,2019,03/25,13.751.519.707.614.600,Medianeira,32.0,0.48,0.95,13,6
3855,2020,03/25,12.536.362.894.967.000,Medianeira,32.0,0.48,0.95,13,6
3856,2021,03/25,1.310.573.037.762.400,Medianeira,32.0,0.48,0.95,13,6
3857,2022,03/25,12.212.471.283.141.600,Medianeira,32.0,0.48,0.95,13,6
3858,2023,03/25,14.015.382.328.039.300,Medianeira,32.0,0.48,0.95,13,6
3859,2024,03/25,12.566.298.462.821.500,Medianeira,32.0,0.48,0.95,13,6
3860,2015,03/25,14.319.737.458.001.200,Santa Helena,32.0,0.48,0.95,13,6
3861,2016,03/25,11.799.126.559.695.500,Santa Helena,32.0,0.48,0.95,13,6
3862,2017,03/25,13.798.137.128.709.900,Santa Helena,32.0,0.48,0.95,13,6
3863,2018,03/25,13.400.778.781.555.200,Santa Helena,32.0,0.48,0.95,13,6
3864,2019,03/25,14.093.314.946.687.200,Santa Helena,32.0,0.48,0.95,13,6
3865,2020,03/25,13.426.207.988.556.400,Santa Helena,32.0,0.48,0.95,13,6
3866,2021,03/25,13.510.592.774.066.700,Santa Helena,32.0,0.48,0.95,13,6
3867,2022,03/25,12.900.047.051.299.200,Santa Helena,32.0,0.48,0.95,13,6
3868,2023,03/25,14.328.193.802.293.000,Santa Helena,32.0,0.48,0.95,13,6
3869,2024,03/25,13.327.042.341.040.800,Santa Helena,32.0,0.48,0.95,13,6
3870,2015,03/25,13.883.768.225.568.600,São Miguel do Iguaçu,32.0,0.48,0.95,13,6
3871,2016,03/25,11.006.697.662.492.700,São Miguel do Iguaçu,32.0,0.48,0.95,13,6
3872,2017,03/25,13.440.957.058.789.600,São Miguel do Iguaçu,32.0,0.48,0.95,13,6
3873,2018,03/25,12.771.724.392.339.300,São Miguel do Iguaçu,32.0,0.48,0.95,13,6
3874,2019,03/25,13.751.556.162.947.900,São Miguel do Iguaçu,32.0,0.48,0.95,13,6
3875,2020,03/25,12.536.619.567.463.800,São Miguel do Iguaçu,32.0,0.48,0.95,13,6
3876,2021,03/25,13.106.546.261.551.700,São Miguel do Iguaçu,32.0,0.48,0.95,13,6
3877,2022,03/25,12.212.471.283.141.600,São Miguel do Iguaçu,32.0,0.48,0.95,13,6
3878,2023,03/25,14.015.775.333.660.500,São Miguel do Iguaçu,32.0,0.48,0.95,13,6
3879,2024,03/25,12.566.390.312.494.200,São Miguel do Iguaçu,32.0,0.48,0.95,13,6
3880,2015,03/25,12.926.989.356.219.000,São Pedro do Iguaçu,32.0,0.48,0.95,13,6
3881,2016,03/25,6.524.068.489.750.070,São Pedro do Iguaçu,32.0,0.48,0.95,13,6
3882,2017,03/25,12.458.437.893.072.300,São Pedro do Iguaçu,32.0,0.48,0.95,13,6
3883,2018,03/25,12.055.804.910.142.200,São Pedro do Iguaçu,32.0,0.48,0.95,13,6
3884,2019,03/25,13.064.661.229.154.100,São Pedro do Iguaçu,32.0,0.48,0.95,13,6
3885,2020,03/25,1.203.640.134.169.700,São Pedro do Iguaçu,32.0,0.48,0.95,13,6
3886,2021,03/25,12.449.945.424.077.800,São Pedro do Iguaçu,32.0,0.48,0.95,13,6
3887,2022,03/25,11.263.884.982.488.900,São Pedro do Iguaçu,32.0,0.48,0.95,13,6
3888,2023,03/25,1.321.368.183.351.800,São Pedro do Iguaçu,32.0,0.48,0.95,13,6
3889,2024,03/25,12.636.184.430.510.000,São Pedro do Iguaçu,32.0,0.48,0.95,13,6
3890,2015,03/25,13.616.226.123.227.100,Toledo,32.0,0.48,0.95,13,6
3891,2016,03/25,9.478.045.216.028.080,Toledo,32.0,0.48,0.95,13,6
3892,2017,03/25,12.955.785.121.970.500,Toledo,32.0,0.48,0.95,13,6
3893,2018,03/25,13.002.500.583.083.300,Toledo,32.0,0.48,0.95,13,6
3894,2019,03/25,13.663.939.955.974.500,Toledo,32.0,0.48,0.95,13,6
3895,2020,03/25,13.175.510.080.826.700,Toledo,32.0,0.48,0.95,13,6
3896,2021,03/25,12.976.750.580.573.000,Toledo,32.0,0.48,0.95,13,6
3897,2022,03/25,11.942.119.421.303.900,Toledo,32.0,0.48,0.95,13,6
3898,2023,03/25,13.692.728.854.445.100,Toledo,32.0,0.48,0.95,13,6
3899,2024,03/25,13.689.488.664.135.100,Toledo,32.0,0.48,0.95,13,6
3900,2015,03/25,12.855.287.834.409.400,Cascavel,32.0,0.48,0.95,13,7
3901,2016,03/25,7.022.856.918.146.570,Cascavel,32.0,0.48,0.95,13,7
3902,2017,03/25,1.209.112.123.796.550,Cascavel,32.0,0.48,0.95,13,7
3903,2018,03/25,1.170.982.230.381.470,Cascavel,32.0,0.48,0.95,13,7
3904,2019,03/25,12.889.512.079.329.600,Cascavel,32.0,0.48,0.95,13,7
3905,2020,03/25,1.185.083.938.334.580,Cascavel,32.0,0.48,0.95,13,7
3906,2021,03/25,11.926.410.188.759.800,Cascavel,32.0,0.48,0.95,13,7
3907,2022,03/25,11.131.100.514.712.500,Cascavel,32.0,0.48,0.95,13,7
3908,2023,03/25,12.585.066.313.404.400,Cascavel,32.0,0.48,0.95,13,7
3909,2024,03/25,12.903.196.985.621.300,Cascavel,32.0,0.48,0.95,13,7
3910,2015,03/25,13.883.768.225.568.600,Foz do Iguaçu,32.0,0.48,0.95,13,7
3911,2016,03/25,11.006.781.077.829.200,Foz do Iguaçu,32.0,0.48,0.95,13,7
3912,2017,03/25,1.344.097.116.834.020,Foz do Iguaçu,32.0,0.48,0.95,13,7
3913,2018,03/25,12.771.778.758.737.200,Foz do Iguaçu,32.0,0.48,0.95,13,7
3914,2019,03/25,13.751.559.757.781.000,Foz do Iguaçu,32.0,0.48,0.95,13,7
3915,2020,03/25,1.253.665.386.364.480,Foz do Iguaçu,32.0,0.48,0.95,13,7
3916,2021,03/25,13.106.674.170.710.700,Foz do Iguaçu,32.0,0.48,0.95,13,7
3917,2022,03/25,12.212.471.283.141.600,Foz do Iguaçu,32.0,0.48,0.95,13,7
3918,2023,03/25,14.015.807.699.238.500,Foz do Iguaçu,32.0,0.48,0.95,13,7
3919,2024,03/25,12.566.419.107.754.300,Foz do Iguaçu,32.0,0.48,0.95,13,7
3920,2015,03/25,14.352.512.205.253.300,Guaíra,32.0,0.48,0.95,13,7
3921,2016,03/25,11.747.956.203.856.600,Guaíra,32.0,0.48,0.95,13,7
3922,2017,03/25,1.369.028.939.746.710,Guaíra,32.0,0.48,0.95,13,7
3923,2018,03/25,13.624.668.358.482.100,Guaíra,32.0,0.48,0.95,13,7
3924,2019,03/25,14.265.782.471.879.900,Guaíra,32.0,0.48,0.95,13,7
3925,2020,03/25,13.900.672.366.505.300,Guaíra,32.0,0.48,0.95,13,7
3926,2021,03/25,13.368.023.650.211.800,Guaíra,32.0,0.48,0.95,13,7
3927,2022,03/25,12.897.489.208.270.500,Guaíra,32.0,0.48,0.95,13,7
3928,2023,03/25,14.118.413.157.692.100,Guaíra,32.0,0.48,0.95,13,7
3929,2024,03/25,14.218.498.496.821.000,Guaíra,32.0,0.48,0.95,13,7
3930,2015,03/25,14.363.693.782.431.700,Marechal Cândido Rondon,32.0,0.48,0.95,13,7
3931,2016,03/25,11.840.691.393.390.700,Marechal Cândido Rondon,32.0,0.48,0.95,13,7
3932,2017,03/25,13.808.415.175.606.100,Marechal Cândido Rondon,32.0,0.48,0.95,13,7
3933,2018,03/25,13.682.103.851.477.500,Marechal Cândido Rondon,32.0,0.48,0.95,13,7
3934,2019,03/25,14.262.290.507.509.000,Marechal Cândido Rondon,32.0,0.48,0.95,13,7
3935,2020,03/25,13.775.252.057.044.100,Marechal Cândido Rondon,32.0,0.48,0.95,13,7
3936,2021,03/25,13.655.822.642.929.000,Marechal Cândido Rondon,32.0,0.48,0.95,13,7
3937,2022,03/25,12.941.811.981.664.000,Marechal Cândido Rondon,32.0,0.48,0.95,13,7
3938,2023,03/25,14.269.246.584.956.300,Marechal Cândido Rondon,32.0,0.48,0.95,13,7
3939,2024,03/25,13.872.259.479.741.800,Marechal Cândido Rondon,32.0,0.48,0.95,13,7
3940,2015,03/25,13.303.815.055.284.800,Matelândia,32.0,0.48,0.95,13,7
3941,2016,03/25,797.979.815.417.138,Matelândia,32.0,0.48,0.95,13,7
3942,2017,03/25,12.912.316.416.302.600,Matelândia,32.0,0.48,0.95,13,7
3943,2018,03/25,1.213.016.269.120.980,Matelândia,32.0,0.48,0.95,13,7
3944,2019,03/25,13.310.141.908.873.300,Matelândia,32.0,0.48,0.95,13,7
3945,2020,03/25,12.128.882.382.175.600,Matelândia,32.0,0.48,0.95,13,7
3946,2021,03/25,12.728.572.395.125.500,Matelândia,32.0,0.48,0.95,13,7
3947,2022,03/25,1.167.349.147.076.090,Matelândia,32.0,0.48,0.95,13,7
3948,2023,03/25,1.347.835.086.367.420,Matelândia,32.0,0.48,0.95,13,7
3949,2024,03/25,12.576.231.261.548.400,Matelândia,32.0,0.48,0.95,13,7
3950,2015,03/25,13.883.768.225.568.600,Medianeira,32.0,0.48,0.95,13,7
3951,2016,03/25,11.006.344.269.036.000,Medianeira,32.0,0.48,0.95,13,7
3952,2017,03/25,13.440.929.576.571.000,Medianeira,32.0,0.48,0.95,13,7
3953,2018,03/25,12.771.449.561.624.000,Medianeira,32.0,0.48,0.95,13,7
3954,2019,03/25,13.751.519.707.614.600,Medianeira,32.0,0.48,0.95,13,7
3955,2020,03/25,12.536.362.894.967.000,Medianeira,32.0,0.48,0.95,13,7
3956,2021,03/25,1.310.573.037.762.400,Medianeira,32.0,0.48,0.95,13,7
3957,2022,03/25,12.212.471.283.141.600,Medianeira,32.0,0.48,0.95,13,7
3958,2023,03/25,14.015.382.328.039.300,Medianeira,32.0,0.48,0.95,13,7
3959,2024,03/25,12.566.298.462.821.500,Medianeira,32.0,0.48,0.95,13,7
3960,2015,03/25,14.319.737.458.001.200,Santa Helena,32.0,0.48,0.95,13,7
3961,2016,03/25,11.799.126.559.695.500,Santa Helena,32.0,0.48,0.95,13,7
3962,2017,03/25,13.798.137.128.709.900,Santa Helena,32.0,0.48,0.95,13,7
3963,2018,03/25,13.400.778.781.555.200,Santa Helena,32.0,0.48,0.95,13,7
3964,2019,03/25,14.093.314.946.687.200,Santa Helena,32.0,0.48,0.95,13,7
3965,2020,03/25,13.426.207.988.556.400,Santa Helena,32.0,0.48,0.95,13,7
3966,2021,03/25,13.510.592.774.066.700,Santa Helena,32.0,0.48,0.95,13,7
3967,2022,03/25,12.900.047.051.299.200,Santa Helena,32.0,0.48,0.95,13,7
3968,2023,03/25,14.328.193.802.293.000,Santa Helena,32.0,0.48,0.95,13,7
3969,2024,03/25,13.327.042.341.040.800,Santa Helena,32.0,0.48,0.95,13,7
3970,2015,03/25,13.883.768.225.568.600,São Miguel do Iguaçu,32.0,0.48,0.95,13,7
3971,2016,03/25,11.006.697.662.492.700,São Miguel do Iguaçu,32.0,0.48,0.95,13,7
3972,2017,03/25,13.440.957.058.789.600,São Miguel do Iguaçu,32.0,0.48,0.95,13,7
3973,2018,03/25,12.771.724.392.339.300,São Miguel do Iguaçu,32.0,0.48,0.95,13,7
3974,2019,03/25,13.751.556.162.947.900,São Miguel do Iguaçu,32.0,0.48,0.95,13,7
3975,2020,03/25,12.536.619.567.463.800,São Miguel do Iguaçu,32.0,0.48,0.95,13,7
3976,2021,03/25,13.106.546.261.551.700,São Miguel do Iguaçu,32.0,0.48,0.95,13,7
3977,2022,03/25,12.212.471.283.141.600,São Miguel do Iguaçu,32.0,0.48,0.95,13,7
3978,2023,03/25,14.015.775.333.660.500,São Miguel do Iguaçu,32.0,0.48,0.95,13,7
3979,2024,03/25,12.566.390.312.494.200,São Miguel do Iguaçu,32.0,0.48,0.95,13,7
3980,2015,03/25,12.926.989.356.219.000,São Pedro do Iguaçu,32.0,0.48,0.95,13,7
3981,2016,03/25,6.524.068.489.750.070,São Pedro do Iguaçu,32.0,0.48,0.95,13,7
3982,2017,03/25,12.458.437.893.072.300,São Pedro do Iguaçu,32.0,0.48,0.95,13,7
3983,2018,03/25,12.055.804.910.142.200,São Pedro do Iguaçu,32.0,0.48,0.95,13,7
3984,2019,03/25,13.064.661.229.154.100,São Pedro do Iguaçu,32.0,0.48,0.95,13,7
3985,2020,03/25,1.203.640.134.169.700,São Pedro do Iguaçu,32.0,0.48,0.95,13,7
3986,2021,03/25,12.449.945.424.077.800,São Pedro do Iguaçu,32.0,0.48,0.95,13,7
3987,2022,03/25,11.263.884.982.488.900,São Pedro do Iguaçu,32.0,0.48,0.95,13,7
3988,2023,03/25,1.321.368.183.351.800,São Pedro do Iguaçu,32.0,0.48,0.95,13,7
3989,2024,03/25,12.636.184.430.510.000,São Pedro do Iguaçu,32.0,0.48,0.95,13,7
3990,2015,03/25,13.616.226.123.227.100,Toledo,32.0,0.48,0.95,13,7
3991,2016,03/25,9.478.045.216.028.080,Toledo,32.0,0.48,0.95,13,7
3992,2017,03/25,12.955.785.121.970.500,Toledo,32.0,0.48,0.95,13,7
3993,2018,03/25,13.002.500.583.083.300,Toledo,32.0,0.48,0.95,13,7
3994,2019,03/25,13.663.939.955.974.500,Toledo,32.0,0.48,0.95,13,7
3995,2020,03/25,13.175.510.080.826.700,Toledo,32.0,0.48,0.95,13,7
3996,2021,03/25,12.976.750.580.573.000,Toledo,32.0,0.48,0.95,13,7
3997,2022,03/25,11.942.119.421.303.900,Toledo,32.0,0.48,0.95,13,7
3998,2023,03/25,13.692.728.854.445.100,Toledo,32.0,0.48,0.95,13,7
3999,2024,03/25,13.689.488.664.135.100,Toledo,32.0,0.48,0.95,13,7
4000,2015,03/25,12.985.307.234.967.500,Cascavel,32.0,0.5,0.9,12,6
4001,2016,03/25,7.091.982.767.318.030,Cascavel,32.0,0.5,0.9,12,6
4002,2017,03/25,12.206.701.022.764.400,Cascavel,32.0,0.5,0.9,12,6
4003,2018,03/25,11.835.982.610.479.300,Cascavel,32.0,0.5,0.9,12,6
4004,2019,03/25,13.018.066.393.292.300,Cascavel,32.0,0.5,0.9,12,6
4005,2020,03/25,11.974.397.771.165.300,Cascavel,32.0,0.5,0.9,12,6
4006,2021,03/25,12.062.202.066.536.800,Cascavel,32.0,0.5,0.9,12,6
4007,2022,03/25,11.250.129.343.368.300,Cascavel,32.0,0.5,0.9,12,6
4008,2023,03/25,12.707.311.215.668.900,Cascavel,32.0,0.5,0.9,12,6
4009,2024,03/25,13.030.205.590.158.900,Cascavel,32.0,0.5,0.9,12,6
4010,2015,03/25,14.021.071.807.691.400,Foz do Iguaçu,32.0,0.5,0.9,12,6
4011,2016,03/25,11.112.666.189.154.700,Foz do Iguaçu,32.0,0.5,0.9,12,6
4012,2017,03/25,13.570.320.857.261.200,Foz do Iguaçu,32.0,0.5,0.9,12,6
4013,2018,03/25,12.904.557.854.751.400,Foz do Iguaçu,32.0,0.5,0.9,12,6
4014,2019,03/25,13.889.618.330.578.600,Foz do Iguaçu,32.0,0.5,0.9,12,6
4015,2020,03/25,12.666.564.138.949.800,Foz do Iguaçu,32.0,0.5,0.9,12,6
4016,2021,03/25,13.251.423.940.061.100,Foz do Iguaçu,32.0,0.5,0.9,12,6
4017,2022,03/25,12.339.225.666.224.300,Foz do Iguaçu,32.0,0.5,0.9,12,6
4018,2023,03/25,14.152.643.880.447.600,Foz do Iguaçu,32.0,0.5,0.9,12,6
4019,2024,03/25,12.688.365.974.085.100,Foz do Iguaçu,32.0,0.5,0.9,12,6
4020,2015,03/25,14.492.982.382.333.400,Guaíra,32.0,0.5,0.9,12,6
4021,2016,03/25,11.860.385.535.868.400,Guaíra,32.0,0.5,0.9,12,6
4022,2017,03/25,13.822.528.908.654.700,Guaíra,32.0,0.5,0.9,12,6
4023,2018,03/25,13.761.520.939.266.200,Guaíra,32.0,0.5,0.9,12,6
4024,2019,03/25,14.405.981.971.375.600,Guaíra,32.0,0.5,0.9,12,6
4025,2020,03/25,14.040.221.662.693.900,Guaíra,32.0,0.5,0.9,12,6
4026,2021,03/25,13.513.554.273.256.200,Guaíra,32.0,0.5,0.9,12,6
4027,2022,03/25,1.302.823.125.173.800,Guaíra,32.0,0.5,0.9,12,6
4028,2023,03/25,14.255.221.285.874.000,Guaíra,32.0,0.5,0.9,12,6
4029,2024,03/25,14.356.310.598.711.000,Guaíra,32.0,0.5,0.9,12,6
4030,2015,03/25,1.450.449.845.764.370,Marechal Cândido Rondon,32.0,0.5,0.9,12,6
4031,2016,03/25,11.954.723.389.685.800,Marechal Cândido Rondon,32.0,0.5,0.9,12,6
4032,2017,03/25,13.942.242.607.326.500,Marechal Cândido Rondon,32.0,0.5,0.9,12,6
4033,2018,03/25,13.820.938.965.007.200,Marechal Cândido Rondon,32.0,0.5,0.9,12,6
4034,2019,03/25,14.402.929.134.994.000,Marechal Cândido Rondon,32.0,0.5,0.9,12,6
4035,2020,03/25,13.913.636.375.101.800,Marechal Cândido Rondon,32.0,0.5,0.9,12,6
4036,2021,03/25,13.804.446.802.623.700,Marechal Cândido Rondon,32.0,0.5,0.9,12,6
4037,2022,03/25,13.072.456.507.217.800,Marechal Cândido Rondon,32.0,0.5,0.9,12,6
4038,2023,03/25,14.407.576.425.652.800,Marechal Cândido Rondon,32.0,0.5,0.9,12,6
4039,2024,03/25,14.006.468.908.384.000,Marechal Cândido Rondon,32.0,0.5,0.9,12,6
4040,2015,03/25,13.436.351.111.529.200,Matelândia,32.0,0.5,0.9,12,6
4041,2016,03/25,8.056.892.903.430.430,Matelândia,32.0,0.5,0.9,12,6
4042,2017,03/25,13.035.296.836.574.500,Matelândia,32.0,0.5,0.9,12,6
4043,2018,03/25,12.258.863.099.590.300,Matelândia,32.0,0.5,0.9,12,6
4044,2019,03/25,13.443.691.943.087.800,Matelândia,32.0,0.5,0.9,12,6
4045,2020,03/25,1.225.475.297.395.250,Matelândia,32.0,0.5,0.9,12,6
4046,2021,03/25,12.870.801.052.064.200,Matelândia,32.0,0.5,0.9,12,6
4047,2022,03/25,11.796.610.273.884.800,Matelândia,32.0,0.5,0.9,12,6
4048,2023,03/25,13.609.969.875.400.100,Matelândia,32.0,0.5,0.9,12,6
4049,2024,03/25,12.698.872.843.270.100,Matelândia,32.0,0.5,0.9,12,6
4050,2015,03/25,1.402.107.180.769.140,Medianeira,32.0,0.5,0.9,12,6
4051,2016,03/25,11.112.221.874.686.800,Medianeira,32.0,0.5,0.9,12,6
4052,2017,03/25,1.357.027.884.482.100,Medianeira,32.0,0.5,0.9,12,6
4053,2018,03/25,12.904.241.350.767.100,Medianeira,32.0,0.5,0.9,12,6
4054,2019,03/25,13.889.578.024.144.300,Medianeira,32.0,0.5,0.9,12,6
4055,2020,03/25,1.266.626.630.054.370,Medianeira,32.0,0.5,0.9,12,6
4056,2021,03/25,13.250.483.392.755.300,Medianeira,32.0,0.5,0.9,12,6
4057,2022,03/25,12.339.225.666.224.300,Medianeira,32.0,0.5,0.9,12,6
4058,2023,03/25,14.152.215.245.902.800,Medianeira,32.0,0.5,0.9,12,6
4059,2024,03/25,12.688.244.327.151.700,Medianeira,32.0,0.5,0.9,12,6
4060,2015,03/25,14.460.099.049.928.200,Santa Helena,32.0,0.5,0.9,12,6
4061,2016,03/25,11.913.036.847.860.600,Santa Helena,32.0,0.5,0.9,12,6
4062,2017,03/25,13.932.122.469.075.600,Santa Helena,32.0,0.5,0.9,12,6
4063,2018,03/25,13.538.002.293.056.400,Santa Helena,32.0,0.5,0.9,12,6
4064,2019,03/25,14.233.198.293.575.600,Santa Helena,32.0,0.5,0.9,12,6
4065,2020,03/25,13.562.878.745.193.500,Santa Helena,32.0,0.5,0.9,12,6
4066,2021,03/25,13.658.610.514.854.000,Santa Helena,32.0,0.5,0.9,12,6
4067,2022,03/25,13.031.263.847.494.300,Santa Helena,32.0,0.5,0.9,12,6
4068,2023,03/25,14.467.491.331.640.000,Santa Helena,32.0,0.5,0.9,12,6
4069,2024,03/25,13.456.342.328.588.300,Santa Helena,32.0,0.5,0.9,12,6
4070,2015,03/25,1.402.107.180.769.140,São Miguel do Iguaçu,32.0,0.5,0.9,12,6
4071,2016,03/25,11.112.581.317.234.600,São Miguel do Iguaçu,32.0,0.5,0.9,12,6
4072,2017,03/25,1.357.030.660.501.150,São Miguel do Iguaçu,32.0,0.5,0.9,12,6
4073,2018,03/25,12.904.503.963.857.900,São Miguel do Iguaçu,32.0,0.5,0.9,12,6
4074,2019,03/25,13.889.614.712.749.600,São Miguel do Iguaçu,32.0,0.5,0.9,12,6
4075,2020,03/25,12.666.519.501.058.300,São Miguel do Iguaçu,32.0,0.5,0.9,12,6
4076,2021,03/25,13.251.299.792.226.000,São Miguel do Iguaçu,32.0,0.5,0.9,12,6
4077,2022,03/25,1.233.922.566.622.430,São Miguel do Iguaçu,32.0,0.5,0.9,12,6
4078,2023,03/25,14.152.611.266.178.300,São Miguel do Iguaçu,32.0,0.5,0.9,12,6
4079,2024,03/25,12.688.336.940.012.800,São Miguel do Iguaçu,32.0,0.5,0.9,12,6
4080,2015,03/25,13.056.797.903.877.300,São Pedro do Iguaçu,32.0,0.5,0.9,12,6
4081,2016,03/25,6.587.533.233.889.670,São Pedro do Iguaçu,32.0,0.5,0.9,12,6
4082,2017,03/25,1.257.689.895.069.300,São Pedro do Iguaçu,32.0,0.5,0.9,12,6
4083,2018,03/25,12.185.554.586.300.100,São Pedro do Iguaçu,32.0,0.5,0.9,12,6
4084,2019,03/25,13.196.430.534.959.000,São Pedro do Iguaçu,32.0,0.5,0.9,12,6
4085,2020,03/25,12.162.526.774.178,São Pedro do Iguaçu,32.0,0.5,0.9,12,6
4086,2021,03/25,1.258.961.588.142.520,São Pedro do Iguaçu,32.0,0.5,0.9,12,6
4087,2022,03/25,11.383.243.952.064.400,São Pedro do Iguaçu,32.0,0.5,0.9,12,6
4088,2023,03/25,13.341.655.588.084.900,São Pedro do Iguaçu,32.0,0.5,0.9,12,6
4089,2024,03/25,12.759.813.797.235.300,São Pedro do Iguaçu,32.0,0.5,0.9,12,6
4090,2015,03/25,13.751.727.333.582.900,Toledo,32.0,0.5,0.9,12,6
4091,2016,03/25,9.569.876.146.824.760,Toledo,32.0,0.5,0.9,12,6
4092,2017,03/25,1.308.001.346.724.440,Toledo,32.0,0.5,0.9,12,6
4093,2018,03/25,13.135.683.078.477.400,Toledo,32.0,0.5,0.9,12,6
4094,2019,03/25,13.798.976.618.342.400,Toledo,32.0,0.5,0.9,12,6
4095,2020,03/25,13.309.517.411.125.400,Toledo,32.0,0.5,0.9,12,6
4096,2021,03/25,1.312.128.028.953.860,Toledo,32.0,0.5,0.9,12,6
4097,2022,03/25,12.066.014.839.840.300,Toledo,32.0,0.5,0.9,12,6
4098,2023,03/25,13.825.024.233.529.400,Toledo,32.0,0.5,0.9,12,6
4099,2024,03/25,13.822.667.359.770.700,Toledo,32.0,0.5,0.9,12,6
4100,2015,03/25,12.985.307.234.967.500,Cascavel,32.0,0.5,0.9,12,7
4101,2016,03/25,7.091.982.767.318.030,Cascavel,32.0,0.5,0.9,12,7
4102,2017,03/25,12.206.701.022.764.400,Cascavel,32.0,0.5,0.9,12,7
4103,2018,03/25,11.835.982.610.479.300,Cascavel,32.0,0.5,0.9,12,7
4104,2019,03/25,13.018.066.393.292.300,Cascavel,32.0,0.5,0.9,12,7
4105,2020,03/25,11.974.397.771.165.300,Cascavel,32.0,0.5,0.9,12,7
4106,2021,03/25,12.062.202.066.536.800,Cascavel,32.0,0.5,0.9,12,7
4107,2022,03/25,11.250.129.343.368.300,Cascavel,32.0,0.5,0.9,12,7
4108,2023,03/25,12.707.311.215.668.900,Cascavel,32.0,0.5,0.9,12,7
4109,2024,03/25,13.030.205.590.158.900,Cascavel,32.0,0.5,0.9,12,7
4110,2015,03/25,14.021.071.807.691.400,Foz do Iguaçu,32.0,0.5,0.9,12,7
4111,2016,03/25,11.112.666.189.154.700,Foz do Iguaçu,32.0,0.5,0.9,12,7
4112,2017,03/25,13.570.320.857.261.200,Foz do Iguaçu,32.0,0.5,0.9,12,7
4113,2018,03/25,12.904.557.854.751.400,Foz do Iguaçu,32.0,0.5,0.9,12,7
4114,2019,03/25,13.889.618.330.578.600,Foz do Iguaçu,32.0,0.5,0.9,12,7
4115,2020,03/25,12.666.564.138.949.800,Foz do Iguaçu,32.0,0.5,0.9,12,7
4116,2021,03/25,13.251.423.940.061.100,Foz do Iguaçu,32.0,0.5,0.9,12,7
4117,2022,03/25,12.339.225.666.224.300,Foz do Iguaçu,32.0,0.5,0.9,12,7
4118,2023,03/25,14.152.643.880.447.600,Foz do Iguaçu,32.0,0.5,0.9,12,7
4119,2024,03/25,12.688.365.974.085.100,Foz do Iguaçu,32.0,0.5,0.9,12,7
4120,2015,03/25,14.492.982.382.333.400,Guaíra,32.0,0.5,0.9,12,7
4121,2016,03/25,11.860.385.535.868.400,Guaíra,32.0,0.5,0.9,12,7
4122,2017,03/25,13.822.528.908.654.700,Guaíra,32.0,0.5,0.9,12,7
4123,2018,03/25,13.761.520.939.266.200,Guaíra,32.0,0.5,0.9,12,7
4124,2019,03/25,14.405.981.971.375.600,Guaíra,32.0,0.5,0.9,12,7
4125,2020,03/25,14.040.221.662.693.900,Guaíra,32.0,0.5,0.9,12,7
4126,2021,03/25,13.513.554.273.256.200,Guaíra,32.0,0.5,0.9,12,7
4127,2022,03/25,1.302.823.125.173.800,Guaíra,32.0,0.5,0.9,12,7
4128,2023,03/25,14.255.221.285.874.000,Guaíra,32.0,0.5,0.9,12,7
4129,2024,03/25,14.356.310.598.711.000,Guaíra,32.0,0.5,0.9,12,7
4130,2015,03/25,1.450.449.845.764.370,Marechal Cândido Rondon,32.0,0.5,0.9,12,7
4131,2016,03/25,11.954.723.389.685.800,Marechal Cândido Rondon,32.0,0.5,0.9,12,7
4132,2017,03/25,13.942.242.607.326.500,Marechal Cândido Rondon,32.0,0.5,0.9,12,7
4133,2018,03/25,13.820.938.965.007.200,Marechal Cândido Rondon,32.0,0.5,0.9,12,7
4134,2019,03/25,14.402.929.134.994.000,Marechal Cândido Rondon,32.0,0.5,0.9,12,7
4135,2020,03/25,13.913.636.375.101.800,Marechal Cândido Rondon,32.0,0.5,0.9,12,7
4136,2021,03/25,13.804.446.802.623.700,Marechal Cândido Rondon,32.0,0.5,0.9,12,7
4137,2022,03/25,13.072.456.507.217.800,Marechal Cândido Rondon,32.0,0.5,0.9,12,7
4138,2023,03/25,14.407.576.425.652.800,Marechal Cândido Rondon,32.0,0.5,0.9,12,7
4139,2024,03/25,14.006.468.908.384.000,Marechal Cândido Rondon,32.0,0.5,0.9,12,7
4140,2015,03/25,13.436.351.111.529.200,Matelândia,32.0,0.5,0.9,12,7
4141,2016,03/25,8.056.892.903.430.430,Matelândia,32.0,0.5,0.9,12,7
4142,2017,03/25,13.035.296.836.574.500,Matelândia,32.0,0.5,0.9,12,7
4143,2018,03/25,12.258.863.099.590.300,Matelândia,32.0,0.5,0.9,12,7
4144,2019,03/25,13.443.691.943.087.800,Matelândia,32.0,0.5,0.9,12,7
4145,2020,03/25,1.225.475.297.395.250,Matelândia,32.0,0.5,0.9,12,7
4146,2021,03/25,12.870.801.052.064.200,Matelândia,32.0,0.5,0.9,12,7
4147,2022,03/25,11.796.610.273.884.800,Matelândia,32.0,0.5,0.9,12,7
4148,2023,03/25,13.609.969.875.400.100,Matelândia,32.0,0.5,0.9,12,7
4149,2024,03/25,12.698.872.843.270.100,Matelândia,32.0,0.5,0.9,12,7
4150,2015,03/25,1.402.107.180.769.140,Medianeira,32.0,0.5,0.9,12,7
4151,2016,03/25,11.112.221.874.686.800,Medianeira,32.0,0.5,0.9,12,7
4152,2017,03/25,1.357.027.884.482.100,Medianeira,32.0,0.5,0.9,12,7
4153,2018,03/25,12.904.241.350.767.100,Medianeira,32.0,0.5,0.9,12,7
4154,2019,03/25,13.889.578.024.144.300,Medianeira,32.0,0.5,0.9,12,7
4155,2020,03/25,1.266.626.630.054.370,Medianeira,32.0,0.5,0.9,12,7
4156,2021,03/25,13.250.483.392.755.300,Medianeira,32.0,0.5,0.9,12,7
4157,2022,03/25,12.339.225.666.224.300,Medianeira,32.0,0.5,0.9,12,7
4158,2023,03/25,14.152.215.245.902.800,Medianeira,32.0,0.5,0.9,12,7
4159,2024,03/25,12.688.244.327.151.700,Medianeira,32.0,0.5,0.9,12,7
4160,2015,03/25,14.460.099.049.928.200,Santa Helena,32.0,0.5,0.9,12,7
4161,2016,03/25,11.913.036.847.860.600,Santa Helena,32.0,0.5,0.9,12,7
4162,2017,03/25,13.932.122.469.075.600,Santa Helena,32.0,0.5,0.9,12,7
4163,2018,03/25,13.538.002.293.056.400,Santa Helena,32.0,0.5,0.9,12,7
4164,2019,03/25,14.233.198.293.575.600,Santa Helena,32.0,0.5,0.9,12,7
4165,2020,03/25,13.562.878.745.193.500,Santa Helena,32.0,0.5,0.9,12,7
4166,2021,03/25,13.658.610.514.854.000,Santa Helena,32.0,0.5,0.9,12,7
4167,2022,03/25,13.031.263.847.494.300,Santa Helena,32.0,0.5,0.9,12,7
4168,2023,03/25,14.467.491.331.640.000,Santa Helena,32.0,0.5,0.9,12,7
4169,2024,03/25,13.456.342.328.588.300,Santa Helena,32.0,0.5,0.9,12,7
4170,2015,03/25,1.402.107.180.769.140,São Miguel do Iguaçu,32.0,0.5,0.9,12,7
4171,2016,03/25,11.112.581.317.234.600,São Miguel do Iguaçu,32.0,0.5,0.9,12,7
4172,2017,03/25,1.357.030.660.501.150,São Miguel do Iguaçu,32.0,0.5,0.9,12,7
4173,2018,03/25,12.904.503.963.857.900,São Miguel do Iguaçu,32.0,0.5,0.9,12,7
4174,2019,03/25,13.889.614.712.749.600,São Miguel do Iguaçu,32.0,0.5,0.9,12,7
4175,2020,03/25,12.666.519.501.058.300,São Miguel do Iguaçu,32.0,0.5,0.9,12,7
4176,2021,03/25,13.251.299.792.226.000,São Miguel do Iguaçu,32.0,0.5,0.9,12,7
4177,2022,03/25,1.233.922.566.622.430,São Miguel do Iguaçu,32.0,0.5,0.9,12,7
4178,2023,03/25,14.152.611.266.178.300,São Miguel do Iguaçu,32.0,0.5,0.9,12,7
4179,2024,03/25,12.688.336.940.012.800,São Miguel do Iguaçu,32.0,0.5,0.9,12,7
4180,2015,03/25,13.056.797.903.877.300,São Pedro do Iguaçu,32.0,0.5,0.9,12,7
4181,2016,03/25,6.587.533.233.889.670,São Pedro do Iguaçu,32.0,0.5,0.9,12,7
4182,2017,03/25,1.257.689.895.069.300,São Pedro do Iguaçu,32.0,0.5,0.9,12,7
4183,2018,03/25,12.185.554.586.300.100,São Pedro do Iguaçu,32.0,0.5,0.9,12,7
4184,2019,03/25,13.196.430.534.959.000,São Pedro do Iguaçu,32.0,0.5,0.9,12,7
4185,2020,03/25,12.162.526.774.178,São Pedro do Iguaçu,32.0,0.5,0.9,12,7
4186,2021,03/25,1.258.961.588.142.520,São Pedro do Iguaçu,32.0,0.5,0.9,12,7
4187,2022,03/25,11.383.243.952.064.400,São Pedro do Iguaçu,32.0,0.5,0.9,12,7
4188,2023,03/25,13.341.655.588.084.900,São Pedro do Iguaçu,32.0,0.5,0.9,12,7
4189,2024,03/25,12.759.813.797.235.300,São Pedro do Iguaçu,32.0,0.5,0.9,12,7
4190,2015,03/25,13.751.727.333.582.900,Toledo,32.0,0.5,0.9,12,7
4191,2016,03/25,9.569.876.146.824.760,Toledo,32.0,0.5,0.9,12,7
4192,2017,03/25,1.308.001.346.724.440,Toledo,32.0,0.5,0.9,12,7
4193,2018,03/25,13.135.683.078.477.400,Toledo,32.0,0.5,0.9,12,7
4194,2019,03/25,13.798.976.618.342.400,Toledo,32.0,0.5,0.9,12,7
4195,2020,03/25,13.309.517.411.125.400,Toledo,32.0,0.5,0.9,12,7
4196,2021,03/25,1.312.128.028.953.860,Toledo,32.0,0.5,0.9,12,7
4197,2022,03/25,12.066.014.839.840.300,Toledo,32.0,0.5,0.9,12,7
4198,2023,03/25,13.825.024.233.529.400,Toledo,32.0,0.5,0.9,12,7
4199,2024,03/25,13.822.667.359.770.700,Toledo,32.0,0.5,0.9,12,7
4200,2015,03/25,12.985.307.234.967.500,Cascavel,32.0,0.5,0.9,13,6
4201,2016,03/25,7.091.982.767.318.030,Cascavel,32.0,0.5,0.9,13,6
4202,2017,03/25,12.206.701.022.764.400,Cascavel,32.0,0.5,0.9,13,6
4203,2018,03/25,11.835.982.610.479.300,Cascavel,32.0,0.5,0.9,13,6
4204,2019,03/25,13.018.066.393.292.300,Cascavel,32.0,0.5,0.9,13,6
4205,2020,03/25,11.974.397.771.165.300,Cascavel,32.0,0.5,0.9,13,6
4206,2021,03/25,12.062.202.066.536.800,Cascavel,32.0,0.5,0.9,13,6
4207,2022,03/25,11.250.129.343.368.300,Cascavel,32.0,0.5,0.9,13,6
4208,2023,03/25,12.707.311.215.668.900,Cascavel,32.0,0.5,0.9,13,6
4209,2024,03/25,13.030.205.590.158.900,Cascavel,32.0,0.5,0.9,13,6
4210,2015,03/25,14.021.071.807.691.400,Foz do Iguaçu,32.0,0.5,0.9,13,6
4211,2016,03/25,11.112.666.189.154.700,Foz do Iguaçu,32.0,0.5,0.9,13,6
4212,2017,03/25,13.570.320.857.261.200,Foz do Iguaçu,32.0,0.5,0.9,13,6
4213,2018,03/25,12.904.557.854.751.400,Foz do Iguaçu,32.0,0.5,0.9,13,6
4214,2019,03/25,13.889.618.330.578.600,Foz do Iguaçu,32.0,0.5,0.9,13,6
4215,2020,03/25,12.666.564.138.949.800,Foz do Iguaçu,32.0,0.5,0.9,13,6
4216,2021,03/25,13.251.423.940.061.100,Foz do Iguaçu,32.0,0.5,0.9,13,6
4217,2022,03/25,12.339.225.666.224.300,Foz do Iguaçu,32.0,0.5,0.9,13,6
4218,2023,03/25,14.152.643.880.447.600,Foz do Iguaçu,32.0,0.5,0.9,13,6
4219,2024,03/25,12.688.365.974.085.100,Foz do Iguaçu,32.0,0.5,0.9,13,6
4220,2015,03/25,14.492.982.382.333.400,Guaíra,32.0,0.5,0.9,13,6
4221,2016,03/25,11.860.385.535.868.400,Guaíra,32.0,0.5,0.9,13,6
4222,2017,03/25,13.822.528.908.654.700,Guaíra,32.0,0.5,0.9,13,6
4223,2018,03/25,13.761.520.939.266.200,Guaíra,32.0,0.5,0.9,13,6
4224,2019,03/25,14.405.981.971.375.600,Guaíra,32.0,0.5,0.9,13,6
4225,2020,03/25,14.040.221.662.693.900,Guaíra,32.0,0.5,0.9,13,6
4226,2021,03/25,13.513.554.273.256.200,Guaíra,32.0,0.5,0.9,13,6
4227,2022,03/25,1.302.823.125.173.800,Guaíra,32.0,0.5,0.9,13,6
4228,2023,03/25,14.255.221.285.874.000,Guaíra,32.0,0.5,0.9,13,6
4229,2024,03/25,14.356.310.598.711.000,Guaíra,32.0,0.5,0.9,13,6
4230,2015,03/25,1.450.449.845.764.370,Marechal Cândido Rondon,32.0,0.5,0.9,13,6
4231,2016,03/25,11.954.723.389.685.800,Marechal Cândido Rondon,32.0,0.5,0.9,13,6
4232,2017,03/25,13.942.242.607.326.500,Marechal Cândido Rondon,32.0,0.5,0.9,13,6
4233,2018,03/25,13.820.938.965.007.200,Marechal Cândido Rondon,32.0,0.5,0.9,13,6
4234,2019,03/25,14.402.929.134.994.000,Marechal Cândido Rondon,32.0,0.5,0.9,13,6
4235,2020,03/25,13.913.636.375.101.800,Marechal Cândido Rondon,32.0,0.5,0.9,13,6
4236,2021,03/25,13.804.446.802.623.700,Marechal Cândido Rondon,32.0,0.5,0.9,13,6
4237,2022,03/25,13.072.456.507.217.800,Marechal Cândido Rondon,32.0,0.5,0.9,13,6
4238,2023,03/25,14.407.576.425.652.800,Marechal Cândido Rondon,32.0,0.5,0.9,13,6
4239,2024,03/25,14.006.468.908.384.000,Marechal Cândido Rondon,32.0,0.5,0.9,13,6
4240,2015,03/25,13.436.351.111.529.200,Matelândia,32.0,0.5,0.9,13,6
4241,2016,03/25,8.056.892.903.430.430,Matelândia,32.0,0.5,0.9,13,6
4242,2017,03/25,13.035.296.836.574.500,Matelândia,32.0,0.5,0.9,13,6
4243,2018,03/25,12.258.863.099.590.300,Matelândia,32.0,0.5,0.9,13,6
4244,2019,03/25,13.443.691.943.087.800,Matelândia,32.0,0.5,0.9,13,6
4245,2020,03/25,1.225.475.297.395.250,Matelândia,32.0,0.5,0.9,13,6
4246,2021,03/25,12.870.801.052.064.200,Matelândia,32.0,0.5,0.9,13,6
4247,2022,03/25,11.796.610.273.884.800,Matelândia,32.0,0.5,0.9,13,6
4248,2023,03/25,13.609.969.875.400.100,Matelândia,32.0,0.5,0.9,13,6
4249,2024,03/25,12.698.872.843.270.100,Matelândia,32.0,0.5,0.9,13,6
4250,2015,03/25,1.402.107.180.769.140,Medianeira,32.0,0.5,0.9,13,6
4251,2016,03/25,11.112.221.874.686.800,Medianeira,32.0,0.5,0.9,13,6
4252,2017,03/25,1.357.027.884.482.100,Medianeira,32.0,0.5,0.9,13,6
4253,2018,03/25,12.904.241.350.767.100,Medianeira,32.0,0.5,0.9,13,6
4254,2019,03/25,13.889.578.024.144.300,Medianeira,32.0,0.5,0.9,13,6
4255,2020,03/25,1.266.626.630.054.370,Medianeira,32.0,0.5,0.9,13,6
4256,2021,03/25,13.250.483.392.755.300,Medianeira,32.0,0.5,0.9,13,6
4257,2022,03/25,12.339.225.666.224.300,Medianeira,32.0,0.5,0.9,13,6
4258,2023,03/25,14.152.215.245.902.800,Medianeira,32.0,0.5,0.9,13,6
4259,2024,03/25,12.688.244.327.151.700,Medianeira,32.0,0.5,0.9,13,6
4260,2015,03/25,14.460.099.049.928.200,Santa Helena,32.0,0.5,0.9,13,6
4261,2016,03/25,11.913.036.847.860.600,Santa Helena,32.0,0.5,0.9,13,6
4262,2017,03/25,13.932.122.469.075.600,Santa Helena,32.0,0.5,0.9,13,6
4263,2018,03/25,13.538.002.293.056.400,Santa Helena,32.0,0.5,0.9,13,6
4264,2019,03/25,14.233.198.293.575.600,Santa Helena,32.0,0.5,0.9,13,6
4265,2020,03/25,13.562.878.745.193.500,Santa Helena,32.0,0.5,0.9,13,6
4266,2021,03/25,13.658.610.514.854.000,Santa Helena,32.0,0.5,0.9,13,6
4267,2022,03/25,13.031.263.847.494.300,Santa Helena,32.0,0.5,0.9,13,6
4268,2023,03/25,14.467.491.331.640.000,Santa Helena,32.0,0.5,0.9,13,6
4269,2024,03/25,13.456.342.328.588.300,Santa Helena,32.0,0.5,0.9,13,6
4270,2015,03/25,1.402.107.180.769.140,São Miguel do Iguaçu,32.0,0.5,0.9,13,6
4271,2016,03/25,11.112.581.317.234.600,São Miguel do Iguaçu,32.0,0.5,0.9,13,6
4272,2017,03/25,1.357.030.660.501.150,São Miguel do Iguaçu,32.0,0.5,0.9,13,6
4273,2018,03/25,12.904.503.963.857.900,São Miguel do Iguaçu,32.0,0.5,0.9,13,6
4274,2019,03/25,13.889.614.712.749.600,São Miguel do Iguaçu,32.0,0.5,0.9,13,6
4275,2020,03/25,12.666.519.501.058.300,São Miguel do Iguaçu,32.0,0.5,0.9,13,6
4276,2021,03/25,13.251.299.792.226.000,São Miguel do Iguaçu,32.0,0.5,0.9,13,6
4277,2022,03/25,1.233.922.566.622.430,São Miguel do Iguaçu,32.0,0.5,0.9,13,6
4278,2023,03/25,14.152.611.266.178.300,São Miguel do Iguaçu,32.0,0.5,0.9,13,6
4279,2024,03/25,12.688.336.940.012.800,São Miguel do Iguaçu,32.0,0.5,0.9,13,6
4280,2015,03/25,13.056.797.903.877.300,São Pedro do Iguaçu,32.0,0.5,0.9,13,6
4281,2016,03/25,6.587.533.233.889.670,São Pedro do Iguaçu,32.0,0.5,0.9,13,6
4282,2017,03/25,1.257.689.895.069.300,São Pedro do Iguaçu,32.0,0.5,0.9,13,6
4283,2018,03/25,12.185.554.586.300.100,São Pedro do Iguaçu,32.0,0.5,0.9,13,6
4284,2019,03/25,13.196.430.534.959.000,São Pedro do Iguaçu,32.0,0.5,0.9,13,6
4285,2020,03/25,12.162.526.774.178,São Pedro do Iguaçu,32.0,0.5,0.9,13,6
4286,2021,03/25,1.258.961.588.142.520,São Pedro do Iguaçu,32.0,0.5,0.9,13,6
4287,2022,03/25,11.383.243.952.064.400,São Pedro do Iguaçu,32.0,0.5,0.9,13,6
4288,2023,03/25,13.341.655.588.084.900,São Pedro do Iguaçu,32.0,0.5,0.9,13,6
4289,2024,03/25,12.759.813.797.235.300,São Pedro do Iguaçu,32.0,0.5,0.9,13,6
4290,2015,03/25,13.751.727.333.582.900,Toledo,32.0,0.5,0.9,13,6
4291,2016,03/25,9.569.876.146.824.760,Toledo,32.0,0.5,0.9,13,6
4292,2017,03/25,1.308.001.346.724.440,Toledo,32.0,0.5,0.9,13,6
4293,2018,03/25,13.135.683.078.477.400,Toledo,32.0,0.5,0.9,13,6
4294,2019,03/25,13.798.976.618.342.400,Toledo,32.0,0.5,0.9,13,6
4295,2020,03/25,13.309.517.411.125.400,Toledo,32.0,0.5,0.9,13,6
4296,2021,03/25,1.312.128.028.953.860,Toledo,32.0,0.5,0.9,13,6
4297,2022,03/25,12.066.014.839.840.300,Toledo,32.0,0.5,0.9,13,6
4298,2023,03/25,13.825.024.233.529.400,Toledo,32.0,0.5,0.9,13,6
4299,2024,03/25,13.822.667.359.770.700,Toledo,32.0,0.5,0.9,13,6
4300,2015,03/25,12.985.307.234.967.500,Cascavel,32.0,0.5,0.9,13,7
4301,2016,03/25,7.091.982.767.318.030,Cascavel,32.0,0.5,0.9,13,7
4302,2017,03/25,12.206.701.022.764.400,Cascavel,32.0,0.5,0.9,13,7
4303,2018,03/25,11.835.982.610.479.300,Cascavel,32.0,0.5,0.9,13,7
4304,2019,03/25,13.018.066.393.292.300,Cascavel,32.0,0.5,0.9,13,7
4305,2020,03/25,11.974.397.771.165.300,Cascavel,32.0,0.5,0.9,13,7
4306,2021,03/25,12.062.202.066.536.800,Cascavel,32.0,0.5,0.9,13,7
4307,2022,03/25,11.250.129.343.368.300,Cascavel,32.0,0.5,0.9,13,7
4308,2023,03/25,12.707.311.215.668.900,Cascavel,32.0,0.5,0.9,13,7
4309,2024,03/25,13.030.205.590.158.900,Cascavel,32.0,0.5,0.9,13,7
4310,2015,03/25,14.021.071.807.691.400,Foz do Iguaçu,32.0,0.5,0.9,13,7
4311,2016,03/25,11.112.666.189.154.700,Foz do Iguaçu,32.0,0.5,0.9,13,7
4312,2017,03/25,13.570.320.857.261.200,Foz do Iguaçu,32.0,0.5,0.9,13,7
4313,2018,03/25,12.904.557.854.751.400,Foz do Iguaçu,32.0,0.5,0.9,13,7
4314,2019,03/25,13.889.618.330.578.600,Foz do Iguaçu,32.0,0.5,0.9,13,7
4315,2020,03/25,12.666.564.138.949.800,Foz do Iguaçu,32.0,0.5,0.9,13,7
4316,2021,03/25,13.251.423.940.061.100,Foz do Iguaçu,32.0,0.5,0.9,13,7
4317,2022,03/25,12.339.225.666.224.300,Foz do Iguaçu,32.0,0.5,0.9,13,7
4318,2023,03/25,14.152.643.880.447.600,Foz do Iguaçu,32.0,0.5,0.9,13,7
4319,2024,03/25,12.688.365.974.085.100,Foz do Iguaçu,32.0,0.5,0.9,13,7
4320,2015,03/25,14.492.982.382.333.400,Guaíra,32.0,0.5,0.9,13,7
4321,2016,03/25,11.860.385.535.868.400,Guaíra,32.0,0.5,0.9,13,7
4322,2017,03/25,13.822.528.908.654.700,Guaíra,32.0,0.5,0.9,13,7
4323,2018,03/25,13.761.520.939.266.200,Guaíra,32.0,0.5,0.9,13,7
4324,2019,03/25,14.405.981.971.375.600,Guaíra,32.0,0.5,0.9,13,7
4325,2020,03/25,14.040.221.662.693.900,Guaíra,32.0,0.5,0.9,13,7
4326,2021,03/25,13.513.554.273.256.200,Guaíra,32.0,0.5,0.9,13,7
4327,2022,03/25,1.302.823.125.173.800,Guaíra,32.0,0.5,0.9,13,7
4328,2023,03/25,14.255.221.285.874.000,Guaíra,32.0,0.5,0.9,13,7
4329,2024,03/25,14.356.310.598.711.000,Guaíra,32.0,0.5,0.9,13,7
4330,2015,03/25,1.450.449.845.764.370,Marechal Cândido Rondon,32.0,0.5,0.9,13,7
4331,2016,03/25,11.954.723.389.685.800,Marechal Cândido Rondon,32.0,0.5,0.9,13,7
4332,2017,03/25,13.942.242.607.326.500,Marechal Cândido Rondon,32.0,0.5,0.9,13,7
4333,2018,03/25,13.820.938.965.007.200,Marechal Cândido Rondon,32.0,0.5,0.9,13,7
4334,2019,03/25,14.402.929.134.994.000,Marechal Cândido Rondon,32.0,0.5,0.9,13,7
4335,2020,03/25,13.913.636.375.101.800,Marechal Cândido Rondon,32.0,0.5,0.9,13,7
4336,2021,03/25,13.804.446.802.623.700,Marechal Cândido Rondon,32.0,0.5,0.9,13,7
4337,2022,03/25,13.072.456.507.217.800,Marechal Cândido Rondon,32.0,0.5,0.9,13,7
4338,2023,03/25,14.407.576.425.652.800,Marechal Cândido Rondon,32.0,0.5,0.9,13,7
4339,2024,03/25,14.006.468.908.384.000,Marechal Cândido Rondon,32.0,0.5,0.9,13,7
4340,2015,03/25,13.436.351.111.529.200,Matelândia,32.0,0.5,0.9,13,7
4341,2016,03/25,8.056.892.903.430.430,Matelândia,32.0,0.5,0.9,13,7
4342,2017,03/25,13.035.296.836.574.500,Matelândia,32.0,0.5,0.9,13,7
4343,2018,03/25,12.258.863.099.590.300,Matelândia,32.0,0.5,0.9,13,7
4344,2019,03/25,13.443.691.943.087.800,Matelândia,32.0,0.5,0.9,13,7
4345,2020,03/25,1.225.475.297.395.250,Matelândia,32.0,0.5,0.9,13,7
4346,2021,03/25,12.870.801.052.064.200,Matelândia,32.0,0.5,0.9,13,7
4347,2022,03/25,11.796.610.273.884.800,Matelândia,32.0,0.5,0.9,13,7
4348,2023,03/25,13.609.969.875.400.100,Matelândia,32.0,0.5,0.9,13,7
4349,2024,03/25,12.698.872.843.270.100,Matelândia,32.0,0.5,0.9,13,7
4350,2015,03/25,1.402.107.180.769.140,Medianeira,32.0,0.5,0.9,13,7
4351,2016,03/25,11.112.221.874.686.800,Medianeira,32.0,0.5,0.9,13,7
4352,2017,03/25,1.357.027.884.482.100,Medianeira,32.0,0.5,0.9,13,7
4353,2018,03/25,12.904.241.350.767.100,Medianeira,32.0,0.5,0.9,13,7
4354,2019,03/25,13.889.578.024.144.300,Medianeira,32.0,0.5,0.9,13,7
4355,2020,03/25,1.266.626.630.054.370,Medianeira,32.0,0.5,0.9,13,7
4356,2021,03/25,13.250.483.392.755.300,Medianeira,32.0,0.5,0.9,13,7
4357,2022,03/25,12.339.225.666.224.300,Medianeira,32.0,0.5,0.9,13,7
4358,2023,03/25,14.152.215.245.902.800,Medianeira,32.0,0.5,0.9,13,7
4359,2024,03/25,12.688.244.327.151.700,Medianeira,32.0,0.5,0.9,13,7
4360,2015,03/25,14.460.099.049.928.200,Santa Helena,32.0,0.5,0.9,13,7
4361,2016,03/25,11.913.036.847.860.600,Santa Helena,32.0,0.5,0.9,13,7
4362,2017,03/25,13.932.122.469.075.600,Santa Helena,32.0,0.5,0.9,13,7
4363,2018,03/25,13.538.002.293.056.400,Santa Helena,32.0,0.5,0.9,13,7
4364,2019,03/25,14.233.198.293.575.600,Santa Helena,32.0,0.5,0.9,13,7
4365,2020,03/25,13.562.878.745.193.500,Santa Helena,32.0,0.5,0.9,13,7
4366,2021,03/25,13.658.610.514.854.000,Santa Helena,32.0,0.5,0.9,13,7
4367,2022,03/25,13.031.263.847.494.300,Santa Helena,32.0,0.5,0.9,13,7
4368,2023,03/25,14.467.491.331.640.000,Santa Helena,32.0,0.5,0.9,13,7
4369,2024,03/25,13.456.342.328.588.300,Santa Helena,32.0,0.5,0.9,13,7
4370,2015,03/25,1.402.107.180.769.140,São Miguel do Iguaçu,32.0,0.5,0.9,13,7
4371,2016,03/25,11.112.581.317.234.600,São Miguel do Iguaçu,32.0,0.5,0.9,13,7
4372,2017,03/25,1.357.030.660.501.150,São Miguel do Iguaçu,32.0,0.5,0.9,13,7
4373,2018,03/25,12.904.503.963.857.900,São Miguel do Iguaçu,32.0,0.5,0.9,13,7
4374,2019,03/25,13.889.614.712.749.600,São Miguel do Iguaçu,32.0,0.5,0.9,13,7
4375,2020,03/25,12.666.519.501.058.300,São Miguel do Iguaçu,32.0,0.5,0.9,13,7
4376,2021,03/25,13.251.299.792.226.000,São Miguel do Iguaçu,32.0,0.5,0.9,13,7
4377,2022,03/25,1.233.922.566.622.430,São Miguel do Iguaçu,32.0,0.5,0.9,13,7
4378,2023,03/25,14.152.611.266.178.300,São Miguel do Iguaçu,32.0,0.5,0.9,13,7
4379,2024,03/25,12.688.336.940.012.800,São Miguel do Iguaçu,32.0,0.5,0.9,13,7
4380,2015,03/25,13.056.797.903.877.300,São Pedro do Iguaçu,32.0,0.5,0.9,13,7
4381,2016,03/25,6.587.533.233.889.670,São Pedro do Iguaçu,32.0,0.5,0.9,13,7
4382,2017,03/25,1.257.689.895.069.300,São Pedro do Iguaçu,32.0,0.5,0.9,13,7
4383,2018,03/25,12.185.554.586.300.100,São Pedro do Iguaçu,32.0,0.5,0.9,13,7
4384,2019,03/25,13.196.430.534.959.000,São Pedro do Iguaçu,32.0,0.5,0.9,13,7
4385,2020,03/25,12.162.526.774.178,São Pedro do Iguaçu,32.0,0.5,0.9,13,7
4386,2021,03/25,1.258.961.588.142.520,São Pedro do Iguaçu,32.0,0.5,0.9,13,7
4387,2022,03/25,11.383.243.952.064.400,São Pedro do Iguaçu,32.0,0.5,0.9,13,7
4388,2023,03/25,13.341.655.588.084.900,São Pedro do Iguaçu,32.0,0.5,0.9,13,7
4389,2024,03/25,12.759.813.797.235.300,São Pedro do Iguaçu,32.0,0.5,0.9,13,7
4390,2015,03/25,13.751.727.333.582.900,Toledo,32.0,0.5,0.9,13,7
4391,2016,03/25,9.569.876.146.824.760,Toledo,32.0,0.5,0.9,13,7
4392,2017,03/25,1.308.001.346.724.440,Toledo,32.0,0.5,0.9,13,7
4393,2018,03/25,13.135.683.078.477.400,Toledo,32.0,0.5,0.9,13,7
4394,2019,03/25,13.798.976.618.342.400,Toledo,32.0,0.5,0.9,13,7
4395,2020,03/25,13.309.517.411.125.400,Toledo,32.0,0.5,0.9,13,7
4396,2021,03/25,1.312.128.028.953.860,Toledo,32.0,0.5,0.9,13,7
4397,2022,03/25,12.066.014.839.840.300,Toledo,32.0,0.5,0.9,13,7
4398,2023,03/25,13.825.024.233.529.400,Toledo,32.0,0.5,0.9,13,7
4399,2024,03/25,13.822.667.359.770.700,Toledo,32.0,0.5,0.9,13,7
4400,2015,03/25,13.390.924.827.509.800,Cascavel,32.0,0.5,0.95,12,6
4401,2016,03/25,7.315.475.956.402.680,Cascavel,32.0,0.5,0.95,12,6
4402,2017,03/25,12.594.917.956.214.100,Cascavel,32.0,0.5,0.95,12,6
4403,2018,03/25,12.197.731.566.473.600,Cascavel,32.0,0.5,0.95,12,6
4404,2019,03/25,134.265.750.826.351,Cascavel,32.0,0.5,0.95,12,6
4405,2020,03/25,12.344.624.357.651.800,Cascavel,32.0,0.5,0.95,12,6
4406,2021,03/25,12.423.343.946.624.800,Cascavel,32.0,0.5,0.95,12,6
4407,2022,03/25,11.594.896.369.492.200,Cascavel,32.0,0.5,0.95,12,6
4408,2023,03/25,13.109.444.076.462.900,Cascavel,32.0,0.5,0.95,12,6
4409,2024,03/25,134.408.301.933.556,Cascavel,32.0,0.5,0.95,12,6
4410,2015,03/25,14.462.258.568.300.600,Foz do Iguaçu,32.0,0.5,0.95,12,6
4411,2016,03/25,11.465.396.956.072.100,Foz do Iguaçu,32.0,0.5,0.95,12,6
4412,2017,03/25,1.400.101.163.368.770,Foz do Iguaçu,32.0,0.5,0.95,12,6
4413,2018,03/25,1.330.393.620.701.790,Foz do Iguaçu,32.0,0.5,0.95,12,6
4414,2019,03/25,14.324.541.414.355.200,Foz do Iguaçu,32.0,0.5,0.95,12,6
4415,2020,03/25,13.059.014.441.296.700,Foz do Iguaçu,32.0,0.5,0.95,12,6
4416,2021,03/25,13.652.785.594.490.400,Foz do Iguaçu,32.0,0.5,0.95,12,6
4417,2022,03/25,12.721.324.253.272.500,Foz do Iguaçu,32.0,0.5,0.95,12,6
4418,2023,03/25,14.599.799.686.706.700,Foz do Iguaçu,32.0,0.5,0.95,12,6
4419,2024,03/25,1.309.001.990.391.070,Foz do Iguaçu,32.0,0.5,0.95,12,6
4420,2015,03/25,14.950.533.547.138.900,Guaíra,32.0,0.5,0.95,12,6
4421,2016,03/25,12.237.454.379.017.300,Guaíra,32.0,0.5,0.95,12,6
4422,2017,03/25,14.260.718.122.361.600,Guaíra,32.0,0.5,0.95,12,6
4423,2018,03/25,14.192.362.873.418.800,Guaíra,32.0,0.5,0.95,12,6
4424,2019,03/25,14.860.190.074.874.900,Guaíra,32.0,0.5,0.95,12,6
4425,2020,03/25,14.479.867.048.443.000,Guaíra,32.0,0.5,0.95,12,6
4426,2021,03/25,13.925.024.635.637.300,Guaíra,32.0,0.5,0.95,12,6
4427,2022,03/25,13.434.884.591.948.400,Guaíra,32.0,0.5,0.95,12,6
4428,2023,03/25,14.706.680.372.595.900,Guaíra,32.0,0.5,0.95,12,6
4429,2024,03/25,14.810.935.934.188.600,Guaíra,32.0,0.5,0.95,12,6
4430,2015,03/25,14.962.181.023.366.300,Marechal Cândido Rondon,32.0,0.5,0.95,12,6
4431,2016,03/25,1.233.405.353.478.200,Marechal Cândido Rondon,32.0,0.5,0.95,12,6
4432,2017,03/25,14.383.765.807.923.100,Marechal Cândido Rondon,32.0,0.5,0.95,12,6
4433,2018,03/25,14.252.191.511.955.700,Marechal Cândido Rondon,32.0,0.5,0.95,12,6
4434,2019,03/25,14.856.552.611.988.500,Marechal Cândido Rondon,32.0,0.5,0.95,12,6
4435,2020,03/25,1.434.922.089.275.420,Marechal Cândido Rondon,32.0,0.5,0.95,12,6
4436,2021,03/25,14.224.815.253.051.100,Marechal Cândido Rondon,32.0,0.5,0.95,12,6
4437,2022,03/25,1.348.105.414.756.670,Marechal Cândido Rondon,32.0,0.5,0.95,12,6
4438,2023,03/25,14.863.798.525.996.100,Marechal Cândido Rondon,32.0,0.5,0.95,12,6
4439,2024,03/25,14.450.270.291.397.700,Marechal Cândido Rondon,32.0,0.5,0.95,12,6
4440,2015,03/25,13.858.140.682.588.300,Matelândia,32.0,0.5,0.95,12,6
4441,2016,03/25,831.228.974.392.852,Matelândia,32.0,0.5,0.95,12,6
4442,2017,03/25,13.450.329.600.315.200,Matelândia,32.0,0.5,0.95,12,6
4443,2018,03/25,12.635.586.136.676.900,Matelândia,32.0,0.5,0.95,12,6
4444,2019,03/25,13.864.731.155.076.400,Matelândia,32.0,0.5,0.95,12,6
4445,2020,03/25,12.634.252.481.432.900,Matelândia,32.0,0.5,0.95,12,6
4446,2021,03/25,13.258.929.578.255.700,Matelândia,32.0,0.5,0.95,12,6
4447,2022,03/25,1.215.988.694.870.920,Matelândia,32.0,0.5,0.95,12,6
4448,2023,03/25,14.039.948.816.327.300,Matelândia,32.0,0.5,0.95,12,6
4449,2024,03/25,13.100.240.897.446.200,Matelândia,32.0,0.5,0.95,12,6
4450,2015,03/25,14.462.258.568.300.600,Medianeira,32.0,0.5,0.95,12,6
4451,2016,03/25,11.464.941.946.912.500,Medianeira,32.0,0.5,0.95,12,6
4452,2017,03/25,14.000.968.308.928.200,Medianeira,32.0,0.5,0.95,12,6
4453,2018,03/25,13.303.593.293.358.300,Medianeira,32.0,0.5,0.95,12,6
4454,2019,03/25,14.324.499.695.431.900,Medianeira,32.0,0.5,0.95,12,6
4455,2020,03/25,13.058.711.348.924.000,Medianeira,32.0,0.5,0.95,12,6
4456,2021,03/25,13.651.802.476.691.700,Medianeira,32.0,0.5,0.95,12,6
4457,2022,03/25,12.721.324.253.272.500,Medianeira,32.0,0.5,0.95,12,6
4458,2023,03/25,14.599.356.591.707.600,Medianeira,32.0,0.5,0.95,12,6
4459,2024,03/25,13.089.894.232.105.700,Medianeira,32.0,0.5,0.95,12,6
4460,2015,03/25,14.916.393.185.418.000,Santa Helena,32.0,0.5,0.95,12,6
4461,2016,03/25,12.290.756.833.016.200,Santa Helena,32.0,0.5,0.95,12,6
4462,2017,03/25,14.373.059.509.072.900,Santa Helena,32.0,0.5,0.95,12,6
4463,2018,03/25,1.395.914.456.412.000,Santa Helena,32.0,0.5,0.95,12,6
4464,2019,03/25,14.680.536.402.799.200,Santa Helena,32.0,0.5,0.95,12,6
4465,2020,03/25,13.985.633.321.413.000,Santa Helena,32.0,0.5,0.95,12,6
4466,2021,03/25,14.073.534.139.652.800,Santa Helena,32.0,0.5,0.95,12,6
4467,2022,03/25,1.343.754.901.177.000,Santa Helena,32.0,0.5,0.95,12,6
4468,2023,03/25,14.925.201.877.388.500,Santa Helena,32.0,0.5,0.95,12,6
4469,2024,03/25,13.882.335.771.917.500,Santa Helena,32.0,0.5,0.95,12,6
4470,2015,03/25,1.446.225.856.830.060,São Miguel do Iguaçu,32.0,0.5,0.95,12,6
4471,2016,03/25,11.465.310.065.096.600,São Miguel do Iguaçu,32.0,0.5,0.95,12,6
4472,2017,03/25,14.000.996.936.239.100,São Miguel do Iguaçu,32.0,0.5,0.95,12,6
4473,2018,03/25,13.303.879.575.353.400,São Miguel do Iguaçu,32.0,0.5,0.95,12,6
4474,2019,03/25,143.245.376.697.374,São Miguel do Iguaçu,32.0,0.5,0.95,12,6
4475,2020,03/25,1.305.897.871.610.810,São Miguel do Iguaçu,32.0,0.5,0.95,12,6
4476,2021,03/25,13.652.652.355.783.000,São Miguel do Iguaçu,32.0,0.5,0.95,12,6
4477,2022,03/25,12.721.324.253.272.500,São Miguel do Iguaçu,32.0,0.5,0.95,12,6
4478,2023,03/25,1.459.976.597.256.310,São Miguel do Iguaçu,32.0,0.5,0.95,12,6
4479,2024,03/25,1.308.998.990.884.810,São Miguel do Iguaçu,32.0,0.5,0.95,12,6
4480,2015,03/25,1.346.561.391.272.810,São Pedro do Iguaçu,32.0,0.5,0.95,12,6
4481,2016,03/25,6.795.904.676.822.990,São Pedro do Iguaçu,32.0,0.5,0.95,12,6
4482,2017,03/25,12.977.539.471.950.300,São Pedro do Iguaçu,32.0,0.5,0.95,12,6
4483,2018,03/25,12.558.130.114.731.500,São Pedro do Iguaçu,32.0,0.5,0.95,12,6
4484,2019,03/25,13.609.022.113.702.100,São Pedro do Iguaçu,32.0,0.5,0.95,12,6
4485,2020,03/25,1.253.791.806.426.770,São Pedro do Iguaçu,32.0,0.5,0.95,12,6
4486,2021,03/25,12.968.693.150.081.100,São Pedro do Iguaçu,32.0,0.5,0.95,12,6
4487,2022,03/25,11.733.213.523.425.900,São Pedro do Iguaçu,32.0,0.5,0.95,12,6
4488,2023,03/25,13.764.251.909.914.600,São Pedro do Iguaçu,32.0,0.5,0.95,12,6
4489,2024,03/25,1.316.269.211.511.460,São Pedro do Iguaçu,32.0,0.5,0.95,12,6
4490,2015,03/25,14.183.568.878.361.500,Toledo,32.0,0.5,0.95,12,6
4491,2016,03/25,9.872.963.766.695.920,Toledo,32.0,0.5,0.95,12,6
4492,2017,03/25,13.495.609.502.052.600,Toledo,32.0,0.5,0.95,12,6
4493,2018,03/25,1.354.427.144.071.180,Toledo,32.0,0.5,0.95,12,6
4494,2019,03/25,1.423.327.078.747.340,Toledo,32.0,0.5,0.95,12,6
4495,2020,03/25,13.724.489.667.527.800,Toledo,32.0,0.5,0.95,12,6
4496,2021,03/25,13.517.448.521.430.200,Toledo,32.0,0.5,0.95,12,6
4497,2022,03/25,1.243.970.773.052.490,Toledo,32.0,0.5,0.95,12,6
4498,2023,03/25,14.263.259.223.380.300,Toledo,32.0,0.5,0.95,12,6
4499,2024,03/25,14.259.884.025.140.700,Toledo,32.0,0.5,0.95,12,6
4500,2015,03/25,13.390.924.827.509.800,Cascavel,32.0,0.5,0.95,12,7
4501,2016,03/25,7.315.475.956.402.680,Cascavel,32.0,0.5,0.95,12,7
4502,2017,03/25,12.594.917.956.214.100,Cascavel,32.0,0.5,0.95,12,7
4503,2018,03/25,12.197.731.566.473.600,Cascavel,32.0,0.5,0.95,12,7
4504,2019,03/25,134.265.750.826.351,Cascavel,32.0,0.5,0.95,12,7
4505,2020,03/25,12.344.624.357.651.800,Cascavel,32.0,0.5,0.95,12,7
4506,2021,03/25,12.423.343.946.624.800,Cascavel,32.0,0.5,0.95,12,7
4507,2022,03/25,11.594.896.369.492.200,Cascavel,32.0,0.5,0.95,12,7
4508,2023,03/25,13.109.444.076.462.900,Cascavel,32.0,0.5,0.95,12,7
4509,2024,03/25,134.408.301.933.556,Cascavel,32.0,0.5,0.95,12,7
4510,2015,03/25,14.462.258.568.300.600,Foz do Iguaçu,32.0,0.5,0.95,12,7
4511,2016,03/25,11.465.396.956.072.100,Foz do Iguaçu,32.0,0.5,0.95,12,7
4512,2017,03/25,1.400.101.163.368.770,Foz do Iguaçu,32.0,0.5,0.95,12,7
4513,2018,03/25,1.330.393.620.701.790,Foz do Iguaçu,32.0,0.5,0.95,12,7
4514,2019,03/25,14.324.541.414.355.200,Foz do Iguaçu,32.0,0.5,0.95,12,7
4515,2020,03/25,13.059.014.441.296.700,Foz do Iguaçu,32.0,0.5,0.95,12,7
4516,2021,03/25,13.652.785.594.490.400,Foz do Iguaçu,32.0,0.5,0.95,12,7
4517,2022,03/25,12.721.324.253.272.500,Foz do Iguaçu,32.0,0.5,0.95,12,7
4518,2023,03/25,14.599.799.686.706.700,Foz do Iguaçu,32.0,0.5,0.95,12,7
4519,2024,03/25,1.309.001.990.391.070,Foz do Iguaçu,32.0,0.5,0.95,12,7
4520,2015,03/25,14.950.533.547.138.900,Guaíra,32.0,0.5,0.95,12,7
4521,2016,03/25,12.237.454.379.017.300,Guaíra,32.0,0.5,0.95,12,7
4522,2017,03/25,14.260.718.122.361.600,Guaíra,32.0,0.5,0.95,12,7
4523,2018,03/25,14.192.362.873.418.800,Guaíra,32.0,0.5,0.95,12,7
4524,2019,03/25,14.860.190.074.874.900,Guaíra,32.0,0.5,0.95,12,7
4525,2020,03/25,14.479.867.048.443.000,Guaíra,32.0,0.5,0.95,12,7
4526,2021,03/25,13.925.024.635.637.300,Guaíra,32.0,0.5,0.95,12,7
4527,2022,03/25,13.434.884.591.948.400,Guaíra,32.0,0.5,0.95,12,7
4528,2023,03/25,14.706.680.372.595.900,Guaíra,32.0,0.5,0.95,12,7
4529,2024,03/25,14.810.935.934.188.600,Guaíra,32.0,0.5,0.95,12,7
4530,2015,03/25,14.962.181.023.366.300,Marechal Cândido Rondon,32.0,0.5,0.95,12,7
4531,2016,03/25,1.233.405.353.478.200,Marechal Cândido Rondon,32.0,0.5,0.95,12,7
4532,2017,03/25,14.383.765.807.923.100,Marechal Cândido Rondon,32.0,0.5,0.95,12,7
4533,2018,03/25,14.252.191.511.955.700,Marechal Cândido Rondon,32.0,0.5,0.95,12,7
4534,2019,03/25,14.856.552.611.988.500,Marechal Cândido Rondon,32.0,0.5,0.95,12,7
4535,2020,03/25,1.434.922.089.275.420,Marechal Cândido Rondon,32.0,0.5,0.95,12,7
4536,2021,03/25,14.224.815.253.051.100,Marechal Cândido Rondon,32.0,0.5,0.95,12,7
4537,2022,03/25,1.348.105.414.756.670,Marechal Cândido Rondon,32.0,0.5,0.95,12,7
4538,2023,03/25,14.863.798.525.996.100,Marechal Cândido Rondon,32.0,0.5,0.95,12,7
4539,2024,03/25,14.450.270.291.397.700,Marechal Cândido Rondon,32.0,0.5,0.95,12,7
4540,2015,03/25,13.858.140.682.588.300,Matelândia,32.0,0.5,0.95,12,7
4541,2016,03/25,831.228.974.392.852,Matelândia,32.0,0.5,0.95,12,7
4542,2017,03/25,13.450.329.600.315.200,Matelândia,32.0,0.5,0.95,12,7
4543,2018,03/25,12.635.586.136.676.900,Matelândia,32.0,0.5,0.95,12,7
4544,2019,03/25,13.864.731.155.076.400,Matelândia,32.0,0.5,0.95,12,7
4545,2020,03/25,12.634.252.481.432.900,Matelândia,32.0,0.5,0.95,12,7
4546,2021,03/25,13.258.929.578.255.700,Matelândia,32.0,0.5,0.95,12,7
4547,2022,03/25,1.215.988.694.870.920,Matelândia,32.0,0.5,0.95,12,7
4548,2023,03/25,14.039.948.816.327.300,Matelândia,32.0,0.5,0.95,12,7
4549,2024,03/25,13.100.240.897.446.200,Matelândia,32.0,0.5,0.95,12,7
4550,2015,03/25,14.462.258.568.300.600,Medianeira,32.0,0.5,0.95,12,7
4551,2016,03/25,11.464.941.946.912.500,Medianeira,32.0,0.5,0.95,12,7
4552,2017,03/25,14.000.968.308.928.200,Medianeira,32.0,0.5,0.95,12,7
4553,2018,03/25,13.303.593.293.358.300,Medianeira,32.0,0.5,0.95,12,7
4554,2019,03/25,14.324.499.695.431.900,Medianeira,32.0,0.5,0.95,12,7
4555,2020,03/25,13.058.711.348.924.000,Medianeira,32.0,0.5,0.95,12,7
4556,2021,03/25,13.651.802.476.691.700,Medianeira,32.0,0.5,0.95,12,7
4557,2022,03/25,12.721.324.253.272.500,Medianeira,32.0,0.5,0.95,12,7
4558,2023,03/25,14.599.356.591.707.600,Medianeira,32.0,0.5,0.95,12,7
4559,2024,03/25,13.089.894.232.105.700,Medianeira,32.0,0.5,0.95,12,7
4560,2015,03/25,14.916.393.185.418.000,Santa Helena,32.0,0.5,0.95,12,7
4561,2016,03/25,12.290.756.833.016.200,Santa Helena,32.0,0.5,0.95,12,7
4562,2017,03/25,14.373.059.509.072.900,Santa Helena,32.0,0.5,0.95,12,7
4563,2018,03/25,1.395.914.456.412.000,Santa Helena,32.0,0.5,0.95,12,7
4564,2019,03/25,14.680.536.402.799.200,Santa Helena,32.0,0.5,0.95,12,7
4565,2020,03/25,13.985.633.321.413.000,Santa Helena,32.0,0.5,0.95,12,7
4566,2021,03/25,14.073.534.139.652.800,Santa Helena,32.0,0.5,0.95,12,7
4567,2022,03/25,1.343.754.901.177.000,Santa Helena,32.0,0.5,0.95,12,7
4568,2023,03/25,14.925.201.877.388.500,Santa Helena,32.0,0.5,0.95,12,7
4569,2024,03/25,13.882.335.771.917.500,Santa Helena,32.0,0.5,0.95,12,7
4570,2015,03/25,1.446.225.856.830.060,São Miguel do Iguaçu,32.0,0.5,0.95,12,7
4571,2016,03/25,11.465.310.065.096.600,São Miguel do Iguaçu,32.0,0.5,0.95,12,7
4572,2017,03/25,14.000.996.936.239.100,São Miguel do Iguaçu,32.0,0.5,0.95,12,7
4573,2018,03/25,13.303.879.575.353.400,São Miguel do Iguaçu,32.0,0.5,0.95,12,7
4574,2019,03/25,143.245.376.697.374,São Miguel do Iguaçu,32.0,0.5,0.95,12,7
4575,2020,03/25,1.305.897.871.610.810,São Miguel do Iguaçu,32.0,0.5,0.95,12,7
4576,2021,03/25,13.652.652.355.783.000,São Miguel do Iguaçu,32.0,0.5,0.95,12,7
4577,2022,03/25,12.721.324.253.272.500,São Miguel do Iguaçu,32.0,0.5,0.95,12,7
4578,2023,03/25,1.459.976.597.256.310,São Miguel do Iguaçu,32.0,0.5,0.95,12,7
4579,2024,03/25,1.308.998.990.884.810,São Miguel do Iguaçu,32.0,0.5,0.95,12,7
4580,2015,03/25,1.346.561.391.272.810,São Pedro do Iguaçu,32.0,0.5,0.95,12,7
4581,2016,03/25,6.795.904.676.822.990,São Pedro do Iguaçu,32.0,0.5,0.95,12,7
4582,2017,03/25,12.977.539.471.950.300,São Pedro do Iguaçu,32.0,0.5,0.95,12,7
4583,2018,03/25,12.558.130.114.731.500,São Pedro do Iguaçu,32.0,0.5,0.95,12,7
4584,2019,03/25,13.609.022.113.702.100,São Pedro do Iguaçu,32.0,0.5,0.95,12,7
4585,2020,03/25,1.253.791.806.426.770,São Pedro do Iguaçu,32.0,0.5,0.95,12,7
4586,2021,03/25,12.968.693.150.081.100,São Pedro do Iguaçu,32.0,0.5,0.95,12,7
4587,2022,03/25,11.733.213.523.425.900,São Pedro do Iguaçu,32.0,0.5,0.95,12,7
4588,2023,03/25,13.764.251.909.914.600,São Pedro do Iguaçu,32.0,0.5,0.95,12,7
4589,2024,03/25,1.316.269.211.511.460,São Pedro do Iguaçu,32.0,0.5,0.95,12,7
4590,2015,03/25,14.183.568.878.361.500,Toledo,32.0,0.5,0.95,12,7
4591,2016,03/25,9.872.963.766.695.920,Toledo,32.0,0.5,0.95,12,7
4592,2017,03/25,13.495.609.502.052.600,Toledo,32.0,0.5,0.95,12,7
4593,2018,03/25,1.354.427.144.071.180,Toledo,32.0,0.5,0.95,12,7
4594,2019,03/25,1.423.327.078.747.340,Toledo,32.0,0.5,0.95,12,7
4595,2020,03/25,13.724.489.667.527.800,Toledo,32.0,0.5,0.95,12,7
4596,2021,03/25,13.517.448.521.430.200,Toledo,32.0,0.5,0.95,12,7
4597,2022,03/25,1.243.970.773.052.490,Toledo,32.0,0.5,0.95,12,7
4598,2023,03/25,14.263.259.223.380.300,Toledo,32.0,0.5,0.95,12,7
4599,2024,03/25,14.259.884.025.140.700,Toledo,32.0,0.5,0.95,12,7
4600,2015,03/25,13.390.924.827.509.800,Cascavel,32.0,0.5,0.95,13,6
4601,2016,03/25,7.315.475.956.402.680,Cascavel,32.0,0.5,0.95,13,6
4602,2017,03/25,12.594.917.956.214.100,Cascavel,32.0,0.5,0.95,13,6
4603,2018,03/25,12.197.731.566.473.600,Cascavel,32.0,0.5,0.95,13,6
4604,2019,03/25,134.265.750.826.351,Cascavel,32.0,0.5,0.95,13,6
4605,2020,03/25,12.344.624.357.651.800,Cascavel,32.0,0.5,0.95,13,6
4606,2021,03/25,12.423.343.946.624.800,Cascavel,32.0,0.5,0.95,13,6
4607,2022,03/25,11.594.896.369.492.200,Cascavel,32.0,0.5,0.95,13,6
4608,2023,03/25,13.109.444.076.462.900,Cascavel,32.0,0.5,0.95,13,6
4609,2024,03/25,134.408.301.933.556,Cascavel,32.0,0.5,0.95,13,6
4610,2015,03/25,14.462.258.568.300.600,Foz do Iguaçu,32.0,0.5,0.95,13,6
4611,2016,03/25,11.465.396.956.072.100,Foz do Iguaçu,32.0,0.5,0.95,13,6
4612,2017,03/25,1.400.101.163.368.770,Foz do Iguaçu,32.0,0.5,0.95,13,6
4613,2018,03/25,1.330.393.620.701.790,Foz do Iguaçu,32.0,0.5,0.95,13,6
4614,2019,03/25,14.324.541.414.355.200,Foz do Iguaçu,32.0,0.5,0.95,13,6
4615,2020,03/25,13.059.014.441.296.700,Foz do Iguaçu,32.0,0.5,0.95,13,6
4616,2021,03/25,13.652.785.594.490.400,Foz do Iguaçu,32.0,0.5,0.95,13,6
4617,2022,03/25,12.721.324.253.272.500,Foz do Iguaçu,32.0,0.5,0.95,13,6
4618,2023,03/25,14.599.799.686.706.700,Foz do Iguaçu,32.0,0.5,0.95,13,6
4619,2024,03/25,1.309.001.990.391.070,Foz do Iguaçu,32.0,0.5,0.95,13,6
4620,2015,03/25,14.950.533.547.138.900,Guaíra,32.0,0.5,0.95,13,6
4621,2016,03/25,12.237.454.379.017.300,Guaíra,32.0,0.5,0.95,13,6
4622,2017,03/25,14.260.718.122.361.600,Guaíra,32.0,0.5,0.95,13,6
4623,2018,03/25,14.192.362.873.418.800,Guaíra,32.0,0.5,0.95,13,6
4624,2019,03/25,14.860.190.074.874.900,Guaíra,32.0,0.5,0.95,13,6
4625,2020,03/25,14.479.867.048.443.000,Guaíra,32.0,0.5,0.95,13,6
4626,2021,03/25,13.925.024.635.637.300,Guaíra,32.0,0.5,0.95,13,6
4627,2022,03/25,13.434.884.591.948.400,Guaíra,32.0,0.5,0.95,13,6
4628,2023,03/25,14.706.680.372.595.900,Guaíra,32.0,0.5,0.95,13,6
4629,2024,03/25,14.810.935.934.188.600,Guaíra,32.0,0.5,0.95,13,6
4630,2015,03/25,14.962.181.023.366.300,Marechal Cândido Rondon,32.0,0.5,0.95,13,6
4631,2016,03/25,1.233.405.353.478.200,Marechal Cândido Rondon,32.0,0.5,0.95,13,6
4632,2017,03/25,14.383.765.807.923.100,Marechal Cândido Rondon,32.0,0.5,0.95,13,6
4633,2018,03/25,14.252.191.511.955.700,Marechal Cândido Rondon,32.0,0.5,0.95,13,6
4634,2019,03/25,14.856.552.611.988.500,Marechal Cândido Rondon,32.0,0.5,0.95,13,6
4635,2020,03/25,1.434.922.089.275.420,Marechal Cândido Rondon,32.0,0.5,0.95,13,6
4636,2021,03/25,14.224.815.253.051.100,Marechal Cândido Rondon,32.0,0.5,0.95,13,6
4637,2022,03/25,1.348.105.414.756.670,Marechal Cândido Rondon,32.0,0.5,0.95,13,6
4638,2023,03/25,14.863.798.525.996.100,Marechal Cândido Rondon,32.0,0.5,0.95,13,6
4639,2024,03/25,14.450.270.291.397.700,Marechal Cândido Rondon,32.0,0.5,0.95,13,6
4640,2015,03/25,13.858.140.682.588.300,Matelândia,32.0,0.5,0.95,13,6
4641,2016,03/25,831.228.974.392.852,Matelândia,32.0,0.5,0.95,13,6
4642,2017,03/25,13.450.329.600.315.200,Matelândia,32.0,0.5,0.95,13,6
4643,2018,03/25,12.635.586.136.676.900,Matelândia,32.0,0.5,0.95,13,6
4644,2019,03/25,13.864.731.155.076.400,Matelândia,32.0,0.5,0.95,13,6
4645,2020,03/25,12.634.252.481.432.900,Matelândia,32.0,0.5,0.95,13,6
4646,2021,03/25,13.258.929.578.255.700,Matelândia,32.0,0.5,0.95,13,6
4647,2022,03/25,1.215.988.694.870.920,Matelândia,32.0,0.5,0.95,13,6
4648,2023,03/25,14.039.948.816.327.300,Matelândia,32.0,0.5,0.95,13,6
4649,2024,03/25,13.100.240.897.446.200,Matelândia,32.0,0.5,0.95,13,6
4650,2015,03/25,14.462.258.568.300.600,Medianeira,32.0,0.5,0.95,13,6
4651,2016,03/25,11.464.941.946.912.500,Medianeira,32.0,0.5,0.95,13,6
4652,2017,03/25,14.000.968.308.928.200,Medianeira,32.0,0.5,0.95,13,6
4653,2018,03/25,13.303.593.293.358.300,Medianeira,32.0,0.5,0.95,13,6
4654,2019,03/25,14.324.499.695.431.900,Medianeira,32.0,0.5,0.95,13,6
4655,2020,03/25,13.058.711.348.924.000,Medianeira,32.0,0.5,0.95,13,6
4656,2021,03/25,13.651.802.476.691.700,Medianeira,32.0,0.5,0.95,13,6
4657,2022,03/25,12.721.324.253.272.500,Medianeira,32.0,0.5,0.95,13,6
4658,2023,03/25,14.599.356.591.707.600,Medianeira,32.0,0.5,0.95,13,6
4659,2024,03/25,13.089.894.232.105.700,Medianeira,32.0,0.5,0.95,13,6
4660,2015,03/25,14.916.393.185.418.000,Santa Helena,32.0,0.5,0.95,13,6
4661,2016,03/25,12.290.756.833.016.200,Santa Helena,32.0,0.5,0.95,13,6
4662,2017,03/25,14.373.059.509.072.900,Santa Helena,32.0,0.5,0.95,13,6
4663,2018,03/25,1.395.914.456.412.000,Santa Helena,32.0,0.5,0.95,13,6
4664,2019,03/25,14.680.536.402.799.200,Santa Helena,32.0,0.5,0.95,13,6
4665,2020,03/25,13.985.633.321.413.000,Santa Helena,32.0,0.5,0.95,13,6
4666,2021,03/25,14.073.534.139.652.800,Santa Helena,32.0,0.5,0.95,13,6
4667,2022,03/25,1.343.754.901.177.000,Santa Helena,32.0,0.5,0.95,13,6
4668,2023,03/25,14.925.201.877.388.500,Santa Helena,32.0,0.5,0.95,13,6
4669,2024,03/25,13.882.335.771.917.500,Santa Helena,32.0,0.5,0.95,13,6
4670,2015,03/25,1.446.225.856.830.060,São Miguel do Iguaçu,32.0,0.5,0.95,13,6
4671,2016,03/25,11.465.310.065.096.600,São Miguel do Iguaçu,32.0,0.5,0.95,13,6
4672,2017,03/25,14.000.996.936.239.100,São Miguel do Iguaçu,32.0,0.5,0.95,13,6
4673,2018,03/25,13.303.879.575.353.400,São Miguel do Iguaçu,32.0,0.5,0.95,13,6
4674,2019,03/25,143.245.376.697.374,São Miguel do Iguaçu,32.0,0.5,0.95,13,6
4675,2020,03/25,1.305.897.871.610.810,São Miguel do Iguaçu,32.0,0.5,0.95,13,6
4676,2021,03/25,13.652.652.355.783.000,São Miguel do Iguaçu,32.0,0.5,0.95,13,6
4677,2022,03/25,12.721.324.253.272.500,São Miguel do Iguaçu,32.0,0.5,0.95,13,6
4678,2023,03/25,1.459.976.597.256.310,São Miguel do Iguaçu,32.0,0.5,0.95,13,6
4679,2024,03/25,1.308.998.990.884.810,São Miguel do Iguaçu,32.0,0.5,0.95,13,6
4680,2015,03/25,1.346.561.391.272.810,São Pedro do Iguaçu,32.0,0.5,0.95,13,6
4681,2016,03/25,6.795.904.676.822.990,São Pedro do Iguaçu,32.0,0.5,0.95,13,6
4682,2017,03/25,12.977.539.471.950.300,São Pedro do Iguaçu,32.0,0.5,0.95,13,6
4683,2018,03/25,12.558.130.114.731.500,São Pedro do Iguaçu,32.0,0.5,0.95,13,6
4684,2019,03/25,13.609.022.113.702.100,São Pedro do Iguaçu,32.0,0.5,0.95,13,6
4685,2020,03/25,1.253.791.806.426.770,São Pedro do Iguaçu,32.0,0.5,0.95,13,6
4686,2021,03/25,12.968.693.150.081.100,São Pedro do Iguaçu,32.0,0.5,0.95,13,6
4687,2022,03/25,11.733.213.523.425.900,São Pedro do Iguaçu,32.0,0.5,0.95,13,6
4688,2023,03/25,13.764.251.909.914.600,São Pedro do Iguaçu,32.0,0.5,0.95,13,6
4689,2024,03/25,1.316.269.211.511.460,São Pedro do Iguaçu,32.0,0.5,0.95,13,6
4690,2015,03/25,14.183.568.878.361.500,Toledo,32.0,0.5,0.95,13,6
4691,2016,03/25,9.872.963.766.695.920,Toledo,32.0,0.5,0.95,13,6
4692,2017,03/25,13.495.609.502.052.600,Toledo,32.0,0.5,0.95,13,6
4693,2018,03/25,1.354.427.144.071.180,Toledo,32.0,0.5,0.95,13,6
4694,2019,03/25,1.423.327.078.747.340,Toledo,32.0,0.5,0.95,13,6
4695,2020,03/25,13.724.489.667.527.800,Toledo,32.0,0.5,0.95,13,6
4696,2021,03/25,13.517.448.521.430.200,Toledo,32.0,0.5,0.95,13,6
4697,2022,03/25,1.243.970.773.052.490,Toledo,32.0,0.5,0.95,13,6
4698,2023,03/25,14.263.259.223.380.300,Toledo,32.0,0.5,0.95,13,6
4699,2024,03/25,14.259.884.025.140.700,Toledo,32.0,0.5,0.95,13,6
4700,2015,03/25,13.390.924.827.509.800,Cascavel,32.0,0.5,0.95,13,7
4701,2016,03/25,7.315.475.956.402.680,Cascavel,32.0,0.5,0.95,13,7
4702,2017,03/25,12.594.917.956.214.100,Cascavel,32.0,0.5,0.95,13,7
4703,2018,03/25,12.197.731.566.473.600,Cascavel,32.0,0.5,0.95,13,7
4704,2019,03/25,134.265.750.826.351,Cascavel,32.0,0.5,0.95,13,7
4705,2020,03/25,12.344.624.357.651.800,Cascavel,32.0,0.5,0.95,13,7
4706,2021,03/25,12.423.343.946.624.800,Cascavel,32.0,0.5,0.95,13,7
4707,2022,03/25,11.594.896.369.492.200,Cascavel,32.0,0.5,0.95,13,7
4708,2023,03/25,13.109.444.076.462.900,Cascavel,32.0,0.5,0.95,13,7
4709,2024,03/25,134.408.301.933.556,Cascavel,32.0,0.5,0.95,13,7
4710,2015,03/25,14.462.258.568.300.600,Foz do Iguaçu,32.0,0.5,0.95,13,7
4711,2016,03/25,11.465.396.956.072.100,Foz do Iguaçu,32.0,0.5,0.95,13,7
4712,2017,03/25,1.400.101.163.368.770,Foz do Iguaçu,32.0,0.5,0.95,13,7
4713,2018,03/25,1.330.393.620.701.790,Foz do Iguaçu,32.0,0.5,0.95,13,7
4714,2019,03/25,14.324.541.414.355.200,Foz do Iguaçu,32.0,0.5,0.95,13,7
4715,2020,03/25,13.059.014.441.296.700,Foz do Iguaçu,32.0,0.5,0.95,13,7
4716,2021,03/25,13.652.785.594.490.400,Foz do Iguaçu,32.0,0.5,0.95,13,7
4717,2022,03/25,12.721.324.253.272.500,Foz do Iguaçu,32.0,0.5,0.95,13,7
4718,2023,03/25,14.599.799.686.706.700,Foz do Iguaçu,32.0,0.5,0.95,13,7
4719,2024,03/25,1.309.001.990.391.070,Foz do Iguaçu,32.0,0.5,0.95,13,7
4720,2015,03/25,14.950.533.547.138.900,Guaíra,32.0,0.5,0.95,13,7
4721,2016,03/25,12.237.454.379.017.300,Guaíra,32.0,0.5,0.95,13,7
4722,2017,03/25,14.260.718.122.361.600,Guaíra,32.0,0.5,0.95,13,7
4723,2018,03/25,14.192.362.873.418.800,Guaíra,32.0,0.5,0.95,13,7
4724,2019,03/25,14.860.190.074.874.900,Guaíra,32.0,0.5,0.95,13,7
4725,2020,03/25,14.479.867.048.443.000,Guaíra,32.0,0.5,0.95,13,7
4726,2021,03/25,13.925.024.635.637.300,Guaíra,32.0,0.5,0.95,13,7
4727,2022,03/25,13.434.884.591.948.400,Guaíra,32.0,0.5,0.95,13,7
4728,2023,03/25,14.706.680.372.595.900,Guaíra,32.0,0.5,0.95,13,7
4729,2024,03/25,14.810.935.934.188.600,Guaíra,32.0,0.5,0.95,13,7
4730,2015,03/25,14.962.181.023.366.300,Marechal Cândido Rondon,32.0,0.5,0.95,13,7
4731,2016,03/25,1.233.405.353.478.200,Marechal Cândido Rondon,32.0,0.5,0.95,13,7
4732,2017,03/25,14.383.765.807.923.100,Marechal Cândido Rondon,32.0,0.5,0.95,13,7
4733,2018,03/25,14.252.191.511.955.700,Marechal Cândido Rondon,32.0,0.5,0.95,13,7
4734,2019,03/25,14.856.552.611.988.500,Marechal Cândido Rondon,32.0,0.5,0.95,13,7
4735,2020,03/25,1.434.922.089.275.420,Marechal Cândido Rondon,32.0,0.5,0.95,13,7
4736,2021,03/25,14.224.815.253.051.100,Marechal Cândido Rondon,32.0,0.5,0.95,13,7
4737,2022,03/25,1.348.105.414.756.670,Marechal Cândido Rondon,32.0,0.5,0.95,13,7
4738,2023,03/25,14.863.798.525.996.100,Marechal Cândido Rondon,32.0,0.5,0.95,13,7
4739,2024,03/25,14.450.270.291.397.700,Marechal Cândido Rondon,32.0,0.5,0.95,13,7
4740,2015,03/25,13.858.140.682.588.300,Matelândia,32.0,0.5,0.95,13,7
4741,2016,03/25,831.228.974.392.852,Matelândia,32.0,0.5,0.95,13,7
4742,2017,03/25,13.450.329.600.315.200,Matelândia,32.0,0.5,0.95,13,7
4743,2018,03/25,12.635.586.136.676.900,Matelândia,32.0,0.5,0.95,13,7
4744,2019,03/25,13.864.731.155.076.400,Matelândia,32.0,0.5,0.95,13,7
4745,2020,03/25,12.634.252.481.432.900,Matelândia,32.0,0.5,0.95,13,7
4746,2021,03/25,13.258.929.578.255.700,Matelândia,32.0,0.5,0.95,13,7
4747,2022,03/25,1.215.988.694.870.920,Matelândia,32.0,0.5,0.95,13,7
4748,2023,03/25,14.039.948.816.327.300,Matelândia,32.0,0.5,0.95,13,7
4749,2024,03/25,13.100.240.897.446.200,Matelândia,32.0,0.5,0.95,13,7
4750,2015,03/25,14.462.258.568.300.600,Medianeira,32.0,0.5,0.95,13,7
4751,2016,03/25,11.464.941.946.912.500,Medianeira,32.0,0.5,0.95,13,7
4752,2017,03/25,14.000.968.308.928.200,Medianeira,32.0,0.5,0.95,13,7
4753,2018,03/25,13.303.593.293.358.300,Medianeira,32.0,0.5,0.95,13,7
4754,2019,03/25,14.324.499.695.431.900,Medianeira,32.0,0.5,0.95,13,7
4755,2020,03/25,13.058.711.348.924.000,Medianeira,32.0,0.5,0.95,13,7
4756,2021,03/25,13.651.802.476.691.700,Medianeira,32.0,0.5,0.95,13,7
4757,2022,03/25,12.721.324.253.272.500,Medianeira,32.0,0.5,0.95,13,7
4758,2023,03/25,14.599.356.591.707.600,Medianeira,32.0,0.5,0.95,13,7
4759,2024,03/25,13.089.894.232.105.700,Medianeira,32.0,0.5,0.95,13,7
4760,2015,03/25,14.916.393.185.418.000,Santa Helena,32.0,0.5,0.95,13,7
4761,2016,03/25,12.290.756.833.016.200,Santa Helena,32.0,0.5,0.95,13,7
4762,2017,03/25,14.373.059.509.072.900,Santa Helena,32.0,0.5,0.95,13,7
4763,2018,03/25,1.395.914.456.412.000,Santa Helena,32.0,0.5,0.95,13,7
4764,2019,03/25,14.680.536.402.799.200,Santa Helena,32.0,0.5,0.95,13,7
4765,2020,03/25,13.985.633.321.413.000,Santa Helena,32.0,0.5,0.95,13,7
4766,2021,03/25,14.073.534.139.652.800,Santa Helena,32.0,0.5,0.95,13,7
4767,2022,03/25,1.343.754.901.177.000,Santa Helena,32.0,0.5,0.95,13,7
4768,2023,03/25,14.925.201.877.388.500,Santa Helena,32.0,0.5,0.95,13,7
4769,2024,03/25,13.882.335.771.917.500,Santa Helena,32.0,0.5,0.95,13,7
4770,2015,03/25,1.446.225.856.830.060,São Miguel do Iguaçu,32.0,0.5,0.95,13,7
4771,2016,03/25,11.465.310.065.096.600,São Miguel do Iguaçu,32.0,0.5,0.95,13,7
4772,2017,03/25,14.000.996.936.239.100,São Miguel do Iguaçu,32.0,0.5,0.95,13,7
4773,2018,03/25,13.303.879.575.353.400,São Miguel do Iguaçu,32.0,0.5,0.95,13,7
4774,2019,03/25,143.245.376.697.374,São Miguel do Iguaçu,32.0,0.5,0.95,13,7
4775,2020,03/25,1.305.897.871.610.810,São Miguel do Iguaçu,32.0,0.5,0.95,13,7
4776,2021,03/25,13.652.652.355.783.000,São Miguel do Iguaçu,32.0,0.5,0.95,13,7
4777,2022,03/25,12.721.324.253.272.500,São Miguel do Iguaçu,32.0,0.5,0.95,13,7
4778,2023,03/25,1.459.976.597.256.310,São Miguel do Iguaçu,32.0,0.5,0.95,13,7
4779,2024,03/25,1.308.998.990.884.810,São Miguel do Iguaçu,32.0,0.5,0.95,13,7
4780,2015,03/25,1.346.561.391.272.810,São Pedro do Iguaçu,32.0,0.5,0.95,13,7
4781,2016,03/25,6.795.904.676.822.990,São Pedro do Iguaçu,32.0,0.5,0.95,13,7
4782,2017,03/25,12.977.539.471.950.300,São Pedro do Iguaçu,32.0,0.5,0.95,13,7
4783,2018,03/25,12.558.130.114.731.500,São Pedro do Iguaçu,32.0,0.5,0.95,13,7
4784,2019,03/25,13.609.022.113.702.100,São Pedro do Iguaçu,32.0,0.5,0.95,13,7
4785,2020,03/25,1.253.791.806.426.770,São Pedro do Iguaçu,32.0,0.5,0.95,13,7
4786,2021,03/25,12.968.693.150.081.100,São Pedro do Iguaçu,32.0,0.5,0.95,13,7
4787,2022,03/25,11.733.213.523.425.900,São Pedro do Iguaçu,32.0,0.5,0.95,13,7
4788,2023,03/25,13.764.251.909.914.600,São Pedro do Iguaçu,32.0,0.5,0.95,13,7
4789,2024,03/25,1.316.269.211.511.460,São Pedro do Iguaçu,32.0,0.5,0.95,13,7
4790,2015,03/25,14.183.568.878.361.500,Toledo,32.0,0.5,0.95,13,7
4791,2016,03/25,9.872.963.766.695.920,Toledo,32.0,0.5,0.95,13,7
4792,2017,03/25,13.495.609.502.052.600,Toledo,32.0,0.5,0.95,13,7
4793,2018,03/25,1.354.427.144.071.180,Toledo,32.0,0.5,0.95,13,7
4794,2019,03/25,1.423.327.078.747.340,Toledo,32.0,0.5,0.95,13,7
4795,2020,03/25,13.724.489.667.527.800,Toledo,32.0,0.5,0.95,13,7
4796,2021,03/25,13.517.448.521.430.200,Toledo,32.0,0.5,0.95,13,7
4797,2022,03/25,1.243.970.773.052.490,Toledo,32.0,0.5,0.95,13,7
4798,2023,03/25,14.263.259.223.380.300,Toledo,32.0,0.5,0.95,13,7
4799,2024,03/25,14.259.884.025.140.700,Toledo,32.0,0.5,0.95,13,7
4800,2015,03/25,12.318.102.297.286.300,Cascavel,34.0,0.45,0.9,12,6
4801,2016,03/25,6.723.172.164.751.200,Cascavel,34.0,0.45,0.9,12,6
4802,2017,03/25,11.564.424.410.012.900,Cascavel,34.0,0.45,0.9,12,6
4803,2018,03/25,1.120.607.021.129.660,Cascavel,34.0,0.45,0.9,12,6
4804,2019,03/25,12.317.510.665.894.500,Cascavel,34.0,0.45,0.9,12,6
4805,2020,03/25,11.323.005.295.696.200,Cascavel,34.0,0.45,0.9,12,6
4806,2021,03/25,113.993.225.661.509,Cascavel,34.0,0.45,0.9,12,6
4807,2022,03/25,10.625.715.694.254.200,Cascavel,34.0,0.45,0.9,12,6
4808,2023,03/25,11.995.169.166.575.500,Cascavel,34.0,0.45,0.9,12,6
4809,2024,03/25,12.293.054.273.895.000,Cascavel,34.0,0.45,0.9,12,6
4810,2015,03/25,13.300.647.702.785.900,Foz do Iguaçu,34.0,0.45,0.9,12,6
4811,2016,03/25,10.534.764.458.734.100,Foz do Iguaçu,34.0,0.45,0.9,12,6
4812,2017,03/25,12.856.295.036.697.600,Foz do Iguaçu,34.0,0.45,0.9,12,6
4813,2018,03/25,12.217.775.754.253.800,Foz do Iguaçu,34.0,0.45,0.9,12,6
4814,2019,03/25,13.142.160.806.635.600,Foz do Iguaçu,34.0,0.45,0.9,12,6
4815,2020,03/25,11.977.518.666.447.900,Foz do Iguaçu,34.0,0.45,0.9,12,6
4816,2021,03/25,12.523.190.634.704.800,Foz do Iguaçu,34.0,0.45,0.9,12,6
4817,2022,03/25,11.654.364.124.607.400,Foz do Iguaçu,34.0,0.45,0.9,12,6
4818,2023,03/25,13.359.502.621.682.900,Foz do Iguaçu,34.0,0.45,0.9,12,6
4819,2024,03/25,11.970.553.379.777.400,Foz do Iguaçu,34.0,0.45,0.9,12,6
4820,2015,03/25,13.748.310.790.645.500,Guaíra,34.0,0.45,0.9,12,6
4821,2016,03/25,1.124.359.950.018.930,Guaíra,34.0,0.45,0.9,12,6
4822,2017,03/25,13.095.232.726.782.600,Guaíra,34.0,0.45,0.9,12,6
4823,2018,03/25,13.029.131.161.709.300,Guaíra,34.0,0.45,0.9,12,6
4824,2019,03/25,1.363.073.679.486.950,Guaíra,34.0,0.45,0.9,12,6
4825,2020,03/25,13.276.450.914.488.000,Guaíra,34.0,0.45,0.9,12,6
4826,2021,03/25,12.770.915.569.669.500,Guaíra,34.0,0.45,0.9,12,6
4827,2022,03/25,12.305.127.972.734.800,Guaíra,34.0,0.45,0.9,12,6
4828,2023,03/25,13.456.331.392.921.300,Guaíra,34.0,0.45,0.9,12,6
4829,2024,03/25,13.544.138.205.780.600,Guaíra,34.0,0.45,0.9,12,6
4830,2015,03/25,1.375.923.515.240.060,Marechal Cândido Rondon,34.0,0.45,0.9,12,6
4831,2016,03/25,11.333.031.419.819.800,Marechal Cândido Rondon,34.0,0.45,0.9,12,6
4832,2017,03/25,1.320.864.748.287.030,Marechal Cândido Rondon,34.0,0.45,0.9,12,6
4833,2018,03/25,13.085.386.953.068.900,Marechal Cândido Rondon,34.0,0.45,0.9,12,6
4834,2019,03/25,13.627.848.244.177.300,Marechal Cândido Rondon,34.0,0.45,0.9,12,6
4835,2020,03/25,1.315.675.171.047.350,Marechal Cândido Rondon,34.0,0.45,0.9,12,6
4836,2021,03/25,1.304.582.207.148.830,Marechal Cândido Rondon,34.0,0.45,0.9,12,6
4837,2022,03/25,12.346.898.602.821.900,Marechal Cândido Rondon,34.0,0.45,0.9,12,6
4838,2023,03/25,13.600.148.258.977.900,Marechal Cândido Rondon,34.0,0.45,0.9,12,6
4839,2024,03/25,13.214.087.934.761.900,Marechal Cândido Rondon,34.0,0.45,0.9,12,6
4840,2015,03/25,12.745.970.849.914.000,Matelândia,34.0,0.45,0.9,12,6
4841,2016,03/25,7.637.903.232.414.310,Matelândia,34.0,0.45,0.9,12,6
4842,2017,03/25,12.349.422.226.981.600,Matelândia,34.0,0.45,0.9,12,6
4843,2018,03/25,11.606.444.950.591.200,Matelândia,34.0,0.45,0.9,12,6
4844,2019,03/25,12.720.231.553.228.900,Matelândia,34.0,0.45,0.9,12,6
4845,2020,03/25,11.588.109.521.102.800,Matelândia,34.0,0.45,0.9,12,6
4846,2021,03/25,1.216.348.491.493.630,Matelândia,34.0,0.45,0.9,12,6
4847,2022,03/25,11.141.865.404.428.200,Matelândia,34.0,0.45,0.9,12,6
4848,2023,03/25,12.847.241.106.845.500,Matelândia,34.0,0.45,0.9,12,6
4849,2024,03/25,1.198.046.584.909.690,Matelândia,34.0,0.45,0.9,12,6
4850,2015,03/25,13.300.647.702.785.900,Medianeira,34.0,0.45,0.9,12,6
4851,2016,03/25,10.534.343.250.341.300,Medianeira,34.0,0.45,0.9,12,6
4852,2017,03/25,12.856.255.234.814.400,Medianeira,34.0,0.45,0.9,12,6
4853,2018,03/25,12.217.476.094.649.100,Medianeira,34.0,0.45,0.9,12,6
4854,2019,03/25,13.142.122.669.256.500,Medianeira,34.0,0.45,0.9,12,6
4855,2020,03/25,1.197.723.703.008.390,Medianeira,34.0,0.45,0.9,12,6
4856,2021,03/25,12.522.301.775.268.600,Medianeira,34.0,0.45,0.9,12,6
4857,2022,03/25,11.654.364.124.607.400,Medianeira,34.0,0.45,0.9,12,6
4858,2023,03/25,13.359.098.008.638.600,Medianeira,34.0,0.45,0.9,12,6
4859,2024,03/25,11.970.438.614.715.200,Medianeira,34.0,0.45,0.9,12,6
4860,2015,03/25,13.717.117.054.131.300,Santa Helena,34.0,0.45,0.9,12,6
4861,2016,03/25,11.293.512.739.806.200,Santa Helena,34.0,0.45,0.9,12,6
4862,2017,03/25,131.990.598.331.358,Santa Helena,34.0,0.45,0.9,12,6
4863,2018,03/25,12.817.508.204.377.200,Santa Helena,34.0,0.45,0.9,12,6
4864,2019,03/25,13.467.251.317.848.900,Santa Helena,34.0,0.45,0.9,12,6
4865,2020,03/25,12.825.074.863.181.700,Santa Helena,34.0,0.45,0.9,12,6
4866,2021,03/25,12.908.000.231.250.000,Santa Helena,34.0,0.45,0.9,12,6
4867,2022,03/25,12.307.992.250.943.400,Santa Helena,34.0,0.45,0.9,12,6
4868,2023,03/25,13.656.705.418.924.600,Santa Helena,34.0,0.45,0.9,12,6
4869,2024,03/25,12.695.083.391.345.700,Santa Helena,34.0,0.45,0.9,12,6
4870,2015,03/25,13.300.647.702.785.900,São Miguel do Iguaçu,34.0,0.45,0.9,12,6
4871,2016,03/25,1.053.468.400.048.290,São Miguel do Iguaçu,34.0,0.45,0.9,12,6
4872,2017,03/25,12.856.281.534.354.600,São Miguel do Iguaçu,34.0,0.45,0.9,12,6
4873,2018,03/25,12.217.724.731.440.000,São Miguel do Iguaçu,34.0,0.45,0.9,12,6
4874,2019,03/25,13.142.157.383.496.900,São Miguel do Iguaçu,34.0,0.45,0.9,12,6
4875,2020,03/25,11.977.476.456.802.600,São Miguel do Iguaçu,34.0,0.45,0.9,12,6
4876,2021,03/25,12.523.073.309.426.200,São Miguel do Iguaçu,34.0,0.45,0.9,12,6
4877,2022,03/25,11.654.364.124.607.400,São Miguel do Iguaçu,34.0,0.45,0.9,12,6
4878,2023,03/25,13.359.471.835.179.700,São Miguel do Iguaçu,34.0,0.45,0.9,12,6
4879,2024,03/25,1.197.052.598.823.510,São Miguel do Iguaçu,34.0,0.45,0.9,12,6
4880,2015,03/25,12.385.919.666.332.500,São Pedro do Iguaçu,34.0,0.45,0.9,12,6
4881,2016,03/25,6.244.955.963.028.840,São Pedro do Iguaçu,34.0,0.45,0.9,12,6
4882,2017,03/25,11.915.143.735.921.600,São Pedro do Iguaçu,34.0,0.45,0.9,12,6
4883,2018,03/25,1.153.703.792.507.820,São Pedro do Iguaçu,34.0,0.45,0.9,12,6
4884,2019,03/25,12.486.276.299.055.300,São Pedro do Iguaçu,34.0,0.45,0.9,12,6
4885,2020,03/25,11.500.900.312.889.900,São Pedro do Iguaçu,34.0,0.45,0.9,12,6
4886,2021,03/25,1.189.775.230.299.270,São Pedro do Iguaçu,34.0,0.45,0.9,12,6
4887,2022,03/25,10.751.442.069.799.500,São Pedro do Iguaçu,34.0,0.45,0.9,12,6
4888,2023,03/25,12.593.963.665.888.100,São Pedro do Iguaçu,34.0,0.45,0.9,12,6
4889,2024,03/25,12.037.959.220.894.800,São Pedro do Iguaçu,34.0,0.45,0.9,12,6
4890,2015,03/25,13.045.142.559.531.100,Toledo,34.0,0.45,0.9,12,6
4891,2016,03/25,9.072.205.480.665.610,Toledo,34.0,0.45,0.9,12,6
4892,2017,03/25,12.391.786.015.059.000,Toledo,34.0,0.45,0.9,12,6
4893,2018,03/25,12.436.600.466.144.000,Toledo,34.0,0.45,0.9,12,6
4894,2019,03/25,13.056.396.897.963.300,Toledo,34.0,0.45,0.9,12,6
4895,2020,03/25,1.258.549.607.331.670,Toledo,34.0,0.45,0.9,12,6
4896,2021,03/25,12.400.199.041.291.000,Toledo,34.0,0.45,0.9,12,6
4897,2022,03/25,11.396.317.263.354.200,Toledo,34.0,0.45,0.9,12,6
4898,2023,03/25,13.050.243.407.016.600,Toledo,34.0,0.45,0.9,12,6
4899,2024,03/25,13.040.684.499.405.900,Toledo,34.0,0.45,0.9,12,6
4900,2015,03/25,12.318.102.297.286.300,Cascavel,34.0,0.45,0.9,12,7
4901,2016,03/25,6.723.172.164.751.200,Cascavel,34.0,0.45,0.9,12,7
4902,2017,03/25,11.564.424.410.012.900,Cascavel,34.0,0.45,0.9,12,7
4903,2018,03/25,1.120.607.021.129.660,Cascavel,34.0,0.45,0.9,12,7
4904,2019,03/25,12.317.510.665.894.500,Cascavel,34.0,0.45,0.9,12,7
4905,2020,03/25,11.323.005.295.696.200,Cascavel,34.0,0.45,0.9,12,7
4906,2021,03/25,113.993.225.661.509,Cascavel,34.0,0.45,0.9,12,7
4907,2022,03/25,10.625.715.694.254.200,Cascavel,34.0,0.45,0.9,12,7
4908,2023,03/25,11.995.169.166.575.500,Cascavel,34.0,0.45,0.9,12,7
4909,2024,03/25,12.293.054.273.895.000,Cascavel,34.0,0.45,0.9,12,7
4910,2015,03/25,13.300.647.702.785.900,Foz do Iguaçu,34.0,0.45,0.9,12,7
4911,2016,03/25,10.534.764.458.734.100,Foz do Iguaçu,34.0,0.45,0.9,12,7
4912,2017,03/25,12.856.295.036.697.600,Foz do Iguaçu,34.0,0.45,0.9,12,7
4913,2018,03/25,12.217.775.754.253.800,Foz do Iguaçu,34.0,0.45,0.9,12,7
4914,2019,03/25,13.142.160.806.635.600,Foz do Iguaçu,34.0,0.45,0.9,12,7
4915,2020,03/25,11.977.518.666.447.900,Foz do Iguaçu,34.0,0.45,0.9,12,7
4916,2021,03/25,12.523.190.634.704.800,Foz do Iguaçu,34.0,0.45,0.9,12,7
4917,2022,03/25,11.654.364.124.607.400,Foz do Iguaçu,34.0,0.45,0.9,12,7
4918,2023,03/25,13.359.502.621.682.900,Foz do Iguaçu,34.0,0.45,0.9,12,7
4919,2024,03/25,11.970.553.379.777.400,Foz do Iguaçu,34.0,0.45,0.9,12,7
4920,2015,03/25,13.748.310.790.645.500,Guaíra,34.0,0.45,0.9,12,7
4921,2016,03/25,1.124.359.950.018.930,Guaíra,34.0,0.45,0.9,12,7
4922,2017,03/25,13.095.232.726.782.600,Guaíra,34.0,0.45,0.9,12,7
4923,2018,03/25,13.029.131.161.709.300,Guaíra,34.0,0.45,0.9,12,7
4924,2019,03/25,1.363.073.679.486.950,Guaíra,34.0,0.45,0.9,12,7
4925,2020,03/25,13.276.450.914.488.000,Guaíra,34.0,0.45,0.9,12,7
4926,2021,03/25,12.770.915.569.669.500,Guaíra,34.0,0.45,0.9,12,7
4927,2022,03/25,12.305.127.972.734.800,Guaíra,34.0,0.45,0.9,12,7
4928,2023,03/25,13.456.331.392.921.300,Guaíra,34.0,0.45,0.9,12,7
4929,2024,03/25,13.544.138.205.780.600,Guaíra,34.0,0.45,0.9,12,7
4930,2015,03/25,1.375.923.515.240.060,Marechal Cândido Rondon,34.0,0.45,0.9,12,7
4931,2016,03/25,11.333.031.419.819.800,Marechal Cândido Rondon,34.0,0.45,0.9,12,7
4932,2017,03/25,1.320.864.748.287.030,Marechal Cândido Rondon,34.0,0.45,0.9,12,7
4933,2018,03/25,13.085.386.953.068.900,Marechal Cândido Rondon,34.0,0.45,0.9,12,7
4934,2019,03/25,13.627.848.244.177.300,Marechal Cândido Rondon,34.0,0.45,0.9,12,7
4935,2020,03/25,1.315.675.171.047.350,Marechal Cândido Rondon,34.0,0.45,0.9,12,7
4936,2021,03/25,1.304.582.207.148.830,Marechal Cândido Rondon,34.0,0.45,0.9,12,7
4937,2022,03/25,12.346.898.602.821.900,Marechal Cândido Rondon,34.0,0.45,0.9,12,7
4938,2023,03/25,13.600.148.258.977.900,Marechal Cândido Rondon,34.0,0.45,0.9,12,7
4939,2024,03/25,13.214.087.934.761.900,Marechal Cândido Rondon,34.0,0.45,0.9,12,7
4940,2015,03/25,12.745.970.849.914.000,Matelândia,34.0,0.45,0.9,12,7
4941,2016,03/25,7.637.903.232.414.310,Matelândia,34.0,0.45,0.9,12,7
4942,2017,03/25,12.349.422.226.981.600,Matelândia,34.0,0.45,0.9,12,7
4943,2018,03/25,11.606.444.950.591.200,Matelândia,34.0,0.45,0.9,12,7
4944,2019,03/25,12.720.231.553.228.900,Matelândia,34.0,0.45,0.9,12,7
4945,2020,03/25,11.588.109.521.102.800,Matelândia,34.0,0.45,0.9,12,7
4946,2021,03/25,1.216.348.491.493.630,Matelândia,34.0,0.45,0.9,12,7
4947,2022,03/25,11.141.865.404.428.200,Matelândia,34.0,0.45,0.9,12,7
4948,2023,03/25,12.847.241.106.845.500,Matelândia,34.0,0.45,0.9,12,7
4949,2024,03/25,1.198.046.584.909.690,Matelândia,34.0,0.45,0.9,12,7
4950,2015,03/25,13.300.647.702.785.900,Medianeira,34.0,0.45,0.9,12,7
4951,2016,03/25,10.534.343.250.341.300,Medianeira,34.0,0.45,0.9,12,7
4952,2017,03/25,12.856.255.234.814.400,Medianeira,34.0,0.45,0.9,12,7
4953,2018,03/25,12.217.476.094.649.100,Medianeira,34.0,0.45,0.9,12,7
4954,2019,03/25,13.142.122.669.256.500,Medianeira,34.0,0.45,0.9,12,7
4955,2020,03/25,1.197.723.703.008.390,Medianeira,34.0,0.45,0.9,12,7
4956,2021,03/25,12.522.301.775.268.600,Medianeira,34.0,0.45,0.9,12,7
4957,2022,03/25,11.654.364.124.607.400,Medianeira,34.0,0.45,0.9,12,7
4958,2023,03/25,13.359.098.008.638.600,Medianeira,34.0,0.45,0.9,12,7
4959,2024,03/25,11.970.438.614.715.200,Medianeira,34.0,0.45,0.9,12,7
4960,2015,03/25,13.717.117.054.131.300,Santa Helena,34.0,0.45,0.9,12,7
4961,2016,03/25,11.293.512.739.806.200,Santa Helena,34.0,0.45,0.9,12,7
4962,2017,03/25,131.990.598.331.358,Santa Helena,34.0,0.45,0.9,12,7
4963,2018,03/25,12.817.508.204.377.200,Santa Helena,34.0,0.45,0.9,12,7
4964,2019,03/25,13.467.251.317.848.900,Santa Helena,34.0,0.45,0.9,12,7
4965,2020,03/25,12.825.074.863.181.700,Santa Helena,34.0,0.45,0.9,12,7
4966,2021,03/25,12.908.000.231.250.000,Santa Helena,34.0,0.45,0.9,12,7
4967,2022,03/25,12.307.992.250.943.400,Santa Helena,34.0,0.45,0.9,12,7
4968,2023,03/25,13.656.705.418.924.600,Santa Helena,34.0,0.45,0.9,12,7
4969,2024,03/25,12.695.083.391.345.700,Santa Helena,34.0,0.45,0.9,12,7
4970,2015,03/25,13.300.647.702.785.900,São Miguel do Iguaçu,34.0,0.45,0.9,12,7
4971,2016,03/25,1.053.468.400.048.290,São Miguel do Iguaçu,34.0,0.45,0.9,12,7
4972,2017,03/25,12.856.281.534.354.600,São Miguel do Iguaçu,34.0,0.45,0.9,12,7
4973,2018,03/25,12.217.724.731.440.000,São Miguel do Iguaçu,34.0,0.45,0.9,12,7
4974,2019,03/25,13.142.157.383.496.900,São Miguel do Iguaçu,34.0,0.45,0.9,12,7
4975,2020,03/25,11.977.476.456.802.600,São Miguel do Iguaçu,34.0,0.45,0.9,12,7
4976,2021,03/25,12.523.073.309.426.200,São Miguel do Iguaçu,34.0,0.45,0.9,12,7
4977,2022,03/25,11.654.364.124.607.400,São Miguel do Iguaçu,34.0,0.45,0.9,12,7
4978,2023,03/25,13.359.471.835.179.700,São Miguel do Iguaçu,34.0,0.45,0.9,12,7
4979,2024,03/25,1.197.052.598.823.510,São Miguel do Iguaçu,34.0,0.45,0.9,12,7
4980,2015,03/25,12.385.919.666.332.500,São Pedro do Iguaçu,34.0,0.45,0.9,12,7
4981,2016,03/25,6.244.955.963.028.840,São Pedro do Iguaçu,34.0,0.45,0.9,12,7
4982,2017,03/25,11.915.143.735.921.600,São Pedro do Iguaçu,34.0,0.45,0.9,12,7
4983,2018,03/25,1.153.703.792.507.820,São Pedro do Iguaçu,34.0,0.45,0.9,12,7
4984,2019,03/25,12.486.276.299.055.300,São Pedro do Iguaçu,34.0,0.45,0.9,12,7
4985,2020,03/25,11.500.900.312.889.900,São Pedro do Iguaçu,34.0,0.45,0.9,12,7
4986,2021,03/25,1.189.775.230.299.270,São Pedro do Iguaçu,34.0,0.45,0.9,12,7
4987,2022,03/25,10.751.442.069.799.500,São Pedro do Iguaçu,34.0,0.45,0.9,12,7
4988,2023,03/25,12.593.963.665.888.100,São Pedro do Iguaçu,34.0,0.45,0.9,12,7
4989,2024,03/25,12.037.959.220.894.800,São Pedro do Iguaçu,34.0,0.45,0.9,12,7
4990,2015,03/25,13.045.142.559.531.100,Toledo,34.0,0.45,0.9,12,7
4991,2016,03/25,9.072.205.480.665.610,Toledo,34.0,0.45,0.9,12,7
4992,2017,03/25,12.391.786.015.059.000,Toledo,34.0,0.45,0.9,12,7
4993,2018,03/25,12.436.600.466.144.000,Toledo,34.0,0.45,0.9,12,7
4994,2019,03/25,13.056.396.897.963.300,Toledo,34.0,0.45,0.9,12,7
4995,2020,03/25,1.258.549.607.331.670,Toledo,34.0,0.45,0.9,12,7
4996,2021,03/25,12.400.199.041.291.000,Toledo,34.0,0.45,0.9,12,7
4997,2022,03/25,11.396.317.263.354.200,Toledo,34.0,0.45,0.9,12,7
4998,2023,03/25,13.050.243.407.016.600,Toledo,34.0,0.45,0.9,12,7
4999,2024,03/25,13.040.684.499.405.900,Toledo,34.0,0.45,0.9,12,7
5000,2015,03/25,12.318.102.297.286.300,Cascavel,34.0,0.45,0.9,13,6
5001,2016,03/25,6.723.172.164.751.200,Cascavel,34.0,0.45,0.9,13,6
5002,2017,03/25,11.564.424.410.012.900,Cascavel,34.0,0.45,0.9,13,6
5003,2018,03/25,1.120.607.021.129.660,Cascavel,34.0,0.45,0.9,13,6
5004,2019,03/25,12.317.510.665.894.500,Cascavel,34.0,0.45,0.9,13,6
5005,2020,03/25,11.323.005.295.696.200,Cascavel,34.0,0.45,0.9,13,6
5006,2021,03/25,113.993.225.661.509,Cascavel,34.0,0.45,0.9,13,6
5007,2022,03/25,10.625.715.694.254.200,Cascavel,34.0,0.45,0.9,13,6
5008,2023,03/25,11.995.169.166.575.500,Cascavel,34.0,0.45,0.9,13,6
5009,2024,03/25,12.293.054.273.895.000,Cascavel,34.0,0.45,0.9,13,6
5010,2015,03/25,13.300.647.702.785.900,Foz do Iguaçu,34.0,0.45,0.9,13,6
5011,2016,03/25,10.534.764.458.734.100,Foz do Iguaçu,34.0,0.45,0.9,13,6
5012,2017,03/25,12.856.295.036.697.600,Foz do Iguaçu,34.0,0.45,0.9,13,6
5013,2018,03/25,12.217.775.754.253.800,Foz do Iguaçu,34.0,0.45,0.9,13,6
5014,2019,03/25,13.142.160.806.635.600,Foz do Iguaçu,34.0,0.45,0.9,13,6
5015,2020,03/25,11.977.518.666.447.900,Foz do Iguaçu,34.0,0.45,0.9,13,6
5016,2021,03/25,12.523.190.634.704.800,Foz do Iguaçu,34.0,0.45,0.9,13,6
5017,2022,03/25,11.654.364.124.607.400,Foz do Iguaçu,34.0,0.45,0.9,13,6
5018,2023,03/25,13.359.502.621.682.900,Foz do Iguaçu,34.0,0.45,0.9,13,6
5019,2024,03/25,11.970.553.379.777.400,Foz do Iguaçu,34.0,0.45,0.9,13,6
5020,2015,03/25,13.748.310.790.645.500,Guaíra,34.0,0.45,0.9,13,6
5021,2016,03/25,1.124.359.950.018.930,Guaíra,34.0,0.45,0.9,13,6
5022,2017,03/25,13.095.232.726.782.600,Guaíra,34.0,0.45,0.9,13,6
5023,2018,03/25,13.029.131.161.709.300,Guaíra,34.0,0.45,0.9,13,6
5024,2019,03/25,1.363.073.679.486.950,Guaíra,34.0,0.45,0.9,13,6
5025,2020,03/25,13.276.450.914.488.000,Guaíra,34.0,0.45,0.9,13,6
5026,2021,03/25,12.770.915.569.669.500,Guaíra,34.0,0.45,0.9,13,6
5027,2022,03/25,12.305.127.972.734.800,Guaíra,34.0,0.45,0.9,13,6
5028,2023,03/25,13.456.331.392.921.300,Guaíra,34.0,0.45,0.9,13,6
5029,2024,03/25,13.544.138.205.780.600,Guaíra,34.0,0.45,0.9,13,6
5030,2015,03/25,1.375.923.515.240.060,Marechal Cândido Rondon,34.0,0.45,0.9,13,6
5031,2016,03/25,11.333.031.419.819.800,Marechal Cândido Rondon,34.0,0.45,0.9,13,6
5032,2017,03/25,1.320.864.748.287.030,Marechal Cândido Rondon,34.0,0.45,0.9,13,6
5033,2018,03/25,13.085.386.953.068.900,Marechal Cândido Rondon,34.0,0.45,0.9,13,6
5034,2019,03/25,13.627.848.244.177.300,Marechal Cândido Rondon,34.0,0.45,0.9,13,6
5035,2020,03/25,1.315.675.171.047.350,Marechal Cândido Rondon,34.0,0.45,0.9,13,6
5036,2021,03/25,1.304.582.207.148.830,Marechal Cândido Rondon,34.0,0.45,0.9,13,6
5037,2022,03/25,12.346.898.602.821.900,Marechal Cândido Rondon,34.0,0.45,0.9,13,6
5038,2023,03/25,13.600.148.258.977.900,Marechal Cândido Rondon,34.0,0.45,0.9,13,6
5039,2024,03/25,13.214.087.934.761.900,Marechal Cândido Rondon,34.0,0.45,0.9,13,6
5040,2015,03/25,12.745.970.849.914.000,Matelândia,34.0,0.45,0.9,13,6
5041,2016,03/25,7.637.903.232.414.310,Matelândia,34.0,0.45,0.9,13,6
5042,2017,03/25,12.349.422.226.981.600,Matelândia,34.0,0.45,0.9,13,6
5043,2018,03/25,11.606.444.950.591.200,Matelândia,34.0,0.45,0.9,13,6
5044,2019,03/25,12.720.231.553.228.900,Matelândia,34.0,0.45,0.9,13,6
5045,2020,03/25,11.588.109.521.102.800,Matelândia,34.0,0.45,0.9,13,6
5046,2021,03/25,1.216.348.491.493.630,Matelândia,34.0,0.45,0.9,13,6
5047,2022,03/25,11.141.865.404.428.200,Matelândia,34.0,0.45,0.9,13,6
5048,2023,03/25,12.847.241.106.845.500,Matelândia,34.0,0.45,0.9,13,6
5049,2024,03/25,1.198.046.584.909.690,Matelândia,34.0,0.45,0.9,13,6
5050,2015,03/25,13.300.647.702.785.900,Medianeira,34.0,0.45,0.9,13,6
5051,2016,03/25,10.534.343.250.341.300,Medianeira,34.0,0.45,0.9,13,6
5052,2017,03/25,12.856.255.234.814.400,Medianeira,34.0,0.45,0.9,13,6
5053,2018,03/25,12.217.476.094.649.100,Medianeira,34.0,0.45,0.9,13,6
5054,2019,03/25,13.142.122.669.256.500,Medianeira,34.0,0.45,0.9,13,6
5055,2020,03/25,1.197.723.703.008.390,Medianeira,34.0,0.45,0.9,13,6
5056,2021,03/25,12.522.301.775.268.600,Medianeira,34.0,0.45,0.9,13,6
5057,2022,03/25,11.654.364.124.607.400,Medianeira,34.0,0.45,0.9,13,6
5058,2023,03/25,13.359.098.008.638.600,Medianeira,34.0,0.45,0.9,13,6
5059,2024,03/25,11.970.438.614.715.200,Medianeira,34.0,0.45,0.9,13,6
5060,2015,03/25,13.717.117.054.131.300,Santa Helena,34.0,0.45,0.9,13,6
5061,2016,03/25,11.293.512.739.806.200,Santa Helena,34.0,0.45,0.9,13,6
5062,2017,03/25,131.990.598.331.358,Santa Helena,34.0,0.45,0.9,13,6
5063,2018,03/25,12.817.508.204.377.200,Santa Helena,34.0,0.45,0.9,13,6
5064,2019,03/25,13.467.251.317.848.900,Santa Helena,34.0,0.45,0.9,13,6
5065,2020,03/25,12.825.074.863.181.700,Santa Helena,34.0,0.45,0.9,13,6
5066,2021,03/25,12.908.000.231.250.000,Santa Helena,34.0,0.45,0.9,13,6
5067,2022,03/25,12.307.992.250.943.400,Santa Helena,34.0,0.45,0.9,13,6
5068,2023,03/25,13.656.705.418.924.600,Santa Helena,34.0,0.45,0.9,13,6
5069,2024,03/25,12.695.083.391.345.700,Santa Helena,34.0,0.45,0.9,13,6
5070,2015,03/25,13.300.647.702.785.900,São Miguel do Iguaçu,34.0,0.45,0.9,13,6
5071,2016,03/25,1.053.468.400.048.290,São Miguel do Iguaçu,34.0,0.45,0.9,13,6
5072,2017,03/25,12.856.281.534.354.600,São Miguel do Iguaçu,34.0,0.45,0.9,13,6
5073,2018,03/25,12.217.724.731.440.000,São Miguel do Iguaçu,34.0,0.45,0.9,13,6
5074,2019,03/25,13.142.157.383.496.900,São Miguel do Iguaçu,34.0,0.45,0.9,13,6
5075,2020,03/25,11.977.476.456.802.600,São Miguel do Iguaçu,34.0,0.45,0.9,13,6
5076,2021,03/25,12.523.073.309.426.200,São Miguel do Iguaçu,34.0,0.45,0.9,13,6
5077,2022,03/25,11.654.364.124.607.400,São Miguel do Iguaçu,34.0,0.45,0.9,13,6
5078,2023,03/25,13.359.471.835.179.700,São Miguel do Iguaçu,34.0,0.45,0.9,13,6
5079,2024,03/25,1.197.052.598.823.510,São Miguel do Iguaçu,34.0,0.45,0.9,13,6
5080,2015,03/25,12.385.919.666.332.500,São Pedro do Iguaçu,34.0,0.45,0.9,13,6
5081,2016,03/25,6.244.955.963.028.840,São Pedro do Iguaçu,34.0,0.45,0.9,13,6
5082,2017,03/25,11.915.143.735.921.600,São Pedro do Iguaçu,34.0,0.45,0.9,13,6
5083,2018,03/25,1.153.703.792.507.820,São Pedro do Iguaçu,34.0,0.45,0.9,13,6
5084,2019,03/25,12.486.276.299.055.300,São Pedro do Iguaçu,34.0,0.45,0.9,13,6
5085,2020,03/25,11.500.900.312.889.900,São Pedro do Iguaçu,34.0,0.45,0.9,13,6
5086,2021,03/25,1.189.775.230.299.270,São Pedro do Iguaçu,34.0,0.45,0.9,13,6
5087,2022,03/25,10.751.442.069.799.500,São Pedro do Iguaçu,34.0,0.45,0.9,13,6
5088,2023,03/25,12.593.963.665.888.100,São Pedro do Iguaçu,34.0,0.45,0.9,13,6
5089,2024,03/25,12.037.959.220.894.800,São Pedro do Iguaçu,34.0,0.45,0.9,13,6
5090,2015,03/25,13.045.142.559.531.100,Toledo,34.0,0.45,0.9,13,6
5091,2016,03/25,9.072.205.480.665.610,Toledo,34.0,0.45,0.9,13,6
5092,2017,03/25,12.391.786.015.059.000,Toledo,34.0,0.45,0.9,13,6
5093,2018,03/25,12.436.600.466.144.000,Toledo,34.0,0.45,0.9,13,6
5094,2019,03/25,13.056.396.897.963.300,Toledo,34.0,0.45,0.9,13,6
5095,2020,03/25,1.258.549.607.331.670,Toledo,34.0,0.45,0.9,13,6
5096,2021,03/25,12.400.199.041.291.000,Toledo,34.0,0.45,0.9,13,6
5097,2022,03/25,11.396.317.263.354.200,Toledo,34.0,0.45,0.9,13,6
5098,2023,03/25,13.050.243.407.016.600,Toledo,34.0,0.45,0.9,13,6
5099,2024,03/25,13.040.684.499.405.900,Toledo,34.0,0.45,0.9,13,6
5100,2015,03/25,12.318.102.297.286.300,Cascavel,34.0,0.45,0.9,13,7
5101,2016,03/25,6.723.172.164.751.200,Cascavel,34.0,0.45,0.9,13,7
5102,2017,03/25,11.564.424.410.012.900,Cascavel,34.0,0.45,0.9,13,7
5103,2018,03/25,1.120.607.021.129.660,Cascavel,34.0,0.45,0.9,13,7
5104,2019,03/25,12.317.510.665.894.500,Cascavel,34.0,0.45,0.9,13,7
5105,2020,03/25,11.323.005.295.696.200,Cascavel,34.0,0.45,0.9,13,7
5106,2021,03/25,113.993.225.661.509,Cascavel,34.0,0.45,0.9,13,7
5107,2022,03/25,10.625.715.694.254.200,Cascavel,34.0,0.45,0.9,13,7
5108,2023,03/25,11.995.169.166.575.500,Cascavel,34.0,0.45,0.9,13,7
5109,2024,03/25,12.293.054.273.895.000,Cascavel,34.0,0.45,0.9,13,7
5110,2015,03/25,13.300.647.702.785.900,Foz do Iguaçu,34.0,0.45,0.9,13,7
5111,2016,03/25,10.534.764.458.734.100,Foz do Iguaçu,34.0,0.45,0.9,13,7
5112,2017,03/25,12.856.295.036.697.600,Foz do Iguaçu,34.0,0.45,0.9,13,7
5113,2018,03/25,12.217.775.754.253.800,Foz do Iguaçu,34.0,0.45,0.9,13,7
5114,2019,03/25,13.142.160.806.635.600,Foz do Iguaçu,34.0,0.45,0.9,13,7
5115,2020,03/25,11.977.518.666.447.900,Foz do Iguaçu,34.0,0.45,0.9,13,7
5116,2021,03/25,12.523.190.634.704.800,Foz do Iguaçu,34.0,0.45,0.9,13,7
5117,2022,03/25,11.654.364.124.607.400,Foz do Iguaçu,34.0,0.45,0.9,13,7
5118,2023,03/25,13.359.502.621.682.900,Foz do Iguaçu,34.0,0.45,0.9,13,7
5119,2024,03/25,11.970.553.379.777.400,Foz do Iguaçu,34.0,0.45,0.9,13,7
5120,2015,03/25,13.748.310.790.645.500,Guaíra,34.0,0.45,0.9,13,7
5121,2016,03/25,1.124.359.950.018.930,Guaíra,34.0,0.45,0.9,13,7
5122,2017,03/25,13.095.232.726.782.600,Guaíra,34.0,0.45,0.9,13,7
5123,2018,03/25,13.029.131.161.709.300,Guaíra,34.0,0.45,0.9,13,7
5124,2019,03/25,1.363.073.679.486.950,Guaíra,34.0,0.45,0.9,13,7
5125,2020,03/25,13.276.450.914.488.000,Guaíra,34.0,0.45,0.9,13,7
5126,2021,03/25,12.770.915.569.669.500,Guaíra,34.0,0.45,0.9,13,7
5127,2022,03/25,12.305.127.972.734.800,Guaíra,34.0,0.45,0.9,13,7
5128,2023,03/25,13.456.331.392.921.300,Guaíra,34.0,0.45,0.9,13,7
5129,2024,03/25,13.544.138.205.780.600,Guaíra,34.0,0.45,0.9,13,7
5130,2015,03/25,1.375.923.515.240.060,Marechal Cândido Rondon,34.0,0.45,0.9,13,7
5131,2016,03/25,11.333.031.419.819.800,Marechal Cândido Rondon,34.0,0.45,0.9,13,7
5132,2017,03/25,1.320.864.748.287.030,Marechal Cândido Rondon,34.0,0.45,0.9,13,7
5133,2018,03/25,13.085.386.953.068.900,Marechal Cândido Rondon,34.0,0.45,0.9,13,7
5134,2019,03/25,13.627.848.244.177.300,Marechal Cândido Rondon,34.0,0.45,0.9,13,7
5135,2020,03/25,1.315.675.171.047.350,Marechal Cândido Rondon,34.0,0.45,0.9,13,7
5136,2021,03/25,1.304.582.207.148.830,Marechal Cândido Rondon,34.0,0.45,0.9,13,7
5137,2022,03/25,12.346.898.602.821.900,Marechal Cândido Rondon,34.0,0.45,0.9,13,7
5138,2023,03/25,13.600.148.258.977.900,Marechal Cândido Rondon,34.0,0.45,0.9,13,7
5139,2024,03/25,13.214.087.934.761.900,Marechal Cândido Rondon,34.0,0.45,0.9,13,7
5140,2015,03/25,12.745.970.849.914.000,Matelândia,34.0,0.45,0.9,13,7
5141,2016,03/25,7.637.903.232.414.310,Matelândia,34.0,0.45,0.9,13,7
5142,2017,03/25,12.349.422.226.981.600,Matelândia,34.0,0.45,0.9,13,7
5143,2018,03/25,11.606.444.950.591.200,Matelândia,34.0,0.45,0.9,13,7
5144,2019,03/25,12.720.231.553.228.900,Matelândia,34.0,0.45,0.9,13,7
5145,2020,03/25,11.588.109.521.102.800,Matelândia,34.0,0.45,0.9,13,7
5146,2021,03/25,1.216.348.491.493.630,Matelândia,34.0,0.45,0.9,13,7
5147,2022,03/25,11.141.865.404.428.200,Matelândia,34.0,0.45,0.9,13,7
5148,2023,03/25,12.847.241.106.845.500,Matelândia,34.0,0.45,0.9,13,7
5149,2024,03/25,1.198.046.584.909.690,Matelândia,34.0,0.45,0.9,13,7
5150,2015,03/25,13.300.647.702.785.900,Medianeira,34.0,0.45,0.9,13,7
5151,2016,03/25,10.534.343.250.341.300,Medianeira,34.0,0.45,0.9,13,7
5152,2017,03/25,12.856.255.234.814.400,Medianeira,34.0,0.45,0.9,13,7
5153,2018,03/25,12.217.476.094.649.100,Medianeira,34.0,0.45,0.9,13,7
5154,2019,03/25,13.142.122.669.256.500,Medianeira,34.0,0.45,0.9,13,7
5155,2020,03/25,1.197.723.703.008.390,Medianeira,34.0,0.45,0.9,13,7
5156,2021,03/25,12.522.301.775.268.600,Medianeira,34.0,0.45,0.9,13,7
5157,2022,03/25,11.654.364.124.607.400,Medianeira,34.0,0.45,0.9,13,7
5158,2023,03/25,13.359.098.008.638.600,Medianeira,34.0,0.45,0.9,13,7
5159,2024,03/25,11.970.438.614.715.200,Medianeira,34.0,0.45,0.9,13,7
5160,2015,03/25,13.717.117.054.131.300,Santa Helena,34.0,0.45,0.9,13,7
5161,2016,03/25,11.293.512.739.806.200,Santa Helena,34.0,0.45,0.9,13,7
5162,2017,03/25,131.990.598.331.358,Santa Helena,34.0,0.45,0.9,13,7
5163,2018,03/25,12.817.508.204.377.200,Santa Helena,34.0,0.45,0.9,13,7
5164,2019,03/25,13.467.251.317.848.900,Santa Helena,34.0,0.45,0.9,13,7
5165,2020,03/25,12.825.074.863.181.700,Santa Helena,34.0,0.45,0.9,13,7
5166,2021,03/25,12.908.000.231.250.000,Santa Helena,34.0,0.45,0.9,13,7
5167,2022,03/25,12.307.992.250.943.400,Santa Helena,34.0,0.45,0.9,13,7
5168,2023,03/25,13.656.705.418.924.600,Santa Helena,34.0,0.45,0.9,13,7
5169,2024,03/25,12.695.083.391.345.700,Santa Helena,34.0,0.45,0.9,13,7
5170,2015,03/25,13.300.647.702.785.900,São Miguel do Iguaçu,34.0,0.45,0.9,13,7
5171,2016,03/25,1.053.468.400.048.290,São Miguel do Iguaçu,34.0,0.45,0.9,13,7
5172,2017,03/25,12.856.281.534.354.600,São Miguel do Iguaçu,34.0,0.45,0.9,13,7
5173,2018,03/25,12.217.724.731.440.000,São Miguel do Iguaçu,34.0,0.45,0.9,13,7
5174,2019,03/25,13.142.157.383.496.900,São Miguel do Iguaçu,34.0,0.45,0.9,13,7
5175,2020,03/25,11.977.476.456.802.600,São Miguel do Iguaçu,34.0,0.45,0.9,13,7
5176,2021,03/25,12.523.073.309.426.200,São Miguel do Iguaçu,34.0,0.45,0.9,13,7
5177,2022,03/25,11.654.364.124.607.400,São Miguel do Iguaçu,34.0,0.45,0.9,13,7
5178,2023,03/25,13.359.471.835.179.700,São Miguel do Iguaçu,34.0,0.45,0.9,13,7
5179,2024,03/25,1.197.052.598.823.510,São Miguel do Iguaçu,34.0,0.45,0.9,13,7
5180,2015,03/25,12.385.919.666.332.500,São Pedro do Iguaçu,34.0,0.45,0.9,13,7
5181,2016,03/25,6.244.955.963.028.840,São Pedro do Iguaçu,34.0,0.45,0.9,13,7
5182,2017,03/25,11.915.143.735.921.600,São Pedro do Iguaçu,34.0,0.45,0.9,13,7
5183,2018,03/25,1.153.703.792.507.820,São Pedro do Iguaçu,34.0,0.45,0.9,13,7
5184,2019,03/25,12.486.276.299.055.300,São Pedro do Iguaçu,34.0,0.45,0.9,13,7
5185,2020,03/25,11.500.900.312.889.900,São Pedro do Iguaçu,34.0,0.45,0.9,13,7
5186,2021,03/25,1.189.775.230.299.270,São Pedro do Iguaçu,34.0,0.45,0.9,13,7
5187,2022,03/25,10.751.442.069.799.500,São Pedro do Iguaçu,34.0,0.45,0.9,13,7
5188,2023,03/25,12.593.963.665.888.100,São Pedro do Iguaçu,34.0,0.45,0.9,13,7
5189,2024,03/25,12.037.959.220.894.800,São Pedro do Iguaçu,34.0,0.45,0.9,13,7
5190,2015,03/25,13.045.142.559.531.100,Toledo,34.0,0.45,0.9,13,7
5191,2016,03/25,9.072.205.480.665.610,Toledo,34.0,0.45,0.9,13,7
5192,2017,03/25,12.391.786.015.059.000,Toledo,34.0,0.45,0.9,13,7
5193,2018,03/25,12.436.600.466.144.000,Toledo,34.0,0.45,0.9,13,7
5194,2019,03/25,13.056.396.897.963.300,Toledo,34.0,0.45,0.9,13,7
5195,2020,03/25,1.258.549.607.331.670,Toledo,34.0,0.45,0.9,13,7
5196,2021,03/25,12.400.199.041.291.000,Toledo,34.0,0.45,0.9,13,7
5197,2022,03/25,11.396.317.263.354.200,Toledo,34.0,0.45,0.9,13,7
5198,2023,03/25,13.050.243.407.016.600,Toledo,34.0,0.45,0.9,13,7
5199,2024,03/25,13.040.684.499.405.900,Toledo,34.0,0.45,0.9,13,7
5200,2015,03/25,12.702.878.637.815.200,Cascavel,34.0,0.45,0.95,12,6
5201,2016,03/25,6.935.042.841.424.260,Cascavel,34.0,0.45,0.95,12,6
5202,2017,03/25,11.932.214.640.411.200,Cascavel,34.0,0.45,0.95,12,6
5203,2018,03/25,11.548.566.844.921.800,Cascavel,34.0,0.45,0.95,12,6
5204,2019,03/25,12.704.035.821.480.100,Cascavel,34.0,0.45,0.95,12,6
5205,2020,03/25,11.673.092.012.331.700,Cascavel,34.0,0.45,0.95,12,6
5206,2021,03/25,1.174.061.785.871.530,Cascavel,34.0,0.45,0.95,12,6
5207,2022,03/25,10.951.347.185.994.000,Cascavel,34.0,0.45,0.95,12,6
5208,2023,03/25,12.374.765.731.953.900,Cascavel,34.0,0.45,0.95,12,6
5209,2024,03/25,12.680.448.816.395.900,Cascavel,34.0,0.45,0.95,12,6
5210,2015,03/25,13.719.165.613.148.300,Foz do Iguaçu,34.0,0.45,0.95,12,6
5211,2016,03/25,10.869.151.858.082.900,Foz do Iguaçu,34.0,0.45,0.95,12,6
5212,2017,03/25,13.264.324.275.620.200,Foz do Iguaçu,34.0,0.45,0.95,12,6
5213,2018,03/25,12.595.899.143.215.900,Foz do Iguaçu,34.0,0.45,0.95,12,6
5214,2019,03/25,13.553.678.889.384.200,Foz do Iguaçu,34.0,0.45,0.95,12,6
5215,2020,03/25,12.348.620.156.200.600,Foz do Iguaçu,34.0,0.45,0.95,12,6
5216,2021,03/25,12.902.495.419.957.500,Foz do Iguaçu,34.0,0.45,0.95,12,6
5217,2022,03/25,12.015.255.171.210.700,Foz do Iguaçu,34.0,0.45,0.95,12,6
5218,2023,03/25,137.815.989.604.647,Foz do Iguaçu,34.0,0.45,0.95,12,6
5219,2024,03/25,12.349.484.742.333.800,Foz do Iguaçu,34.0,0.45,0.95,12,6
5220,2015,03/25,14.182.352.277.098.700,Guaíra,34.0,0.45,0.95,12,6
5221,2016,03/25,11.601.059.301.436.400,Guaíra,34.0,0.45,0.95,12,6
5222,2017,03/25,1.351.036.585.978.430,Guaíra,34.0,0.45,0.95,12,6
5223,2018,03/25,13.437.043.636.995.500,Guaíra,34.0,0.45,0.95,12,6
5224,2019,03/25,14.060.502.091.063.700,Guaíra,34.0,0.45,0.95,12,6
5225,2020,03/25,13.692.180.133.292.900,Guaíra,34.0,0.45,0.95,12,6
5226,2021,03/25,131.597.735.378.348,Guaíra,34.0,0.45,0.95,12,6
5227,2022,03/25,12.689.210.915.011.600,Guaíra,34.0,0.45,0.95,12,6
5228,2023,03/25,1.388.248.984.809.000,Guaíra,34.0,0.45,0.95,12,6
5229,2024,03/25,13.973.044.249.100.100,Guaíra,34.0,0.45,0.95,12,6
5230,2015,03/25,14.193.401.288.190.900,Marechal Cândido Rondon,34.0,0.45,0.95,12,6
5231,2016,03/25,11.692.634.926.544.900,Marechal Cândido Rondon,34.0,0.45,0.95,12,6
5232,2017,03/25,13.626.939.179.295.400,Marechal Cândido Rondon,34.0,0.45,0.95,12,6
5233,2018,03/25,13.493.688.188.289.200,Marechal Cândido Rondon,34.0,0.45,0.95,12,6
5234,2019,03/25,14.057.060.375.024.900,Marechal Cândido Rondon,34.0,0.45,0.95,12,6
5235,2020,03/25,13.568.640.967.399.500,Marechal Cândido Rondon,34.0,0.45,0.95,12,6
5236,2021,03/25,13.443.089.132.396.600,Marechal Cândido Rondon,34.0,0.45,0.95,12,6
5237,2022,03/25,12.732.817.931.140.500,Marechal Cândido Rondon,34.0,0.45,0.95,12,6
5238,2023,03/25,14.030.802.799.365.800,Marechal Cândido Rondon,34.0,0.45,0.95,12,6
5239,2024,03/25,13.632.782.363.677.000,Marechal Cândido Rondon,34.0,0.45,0.95,12,6
5240,2015,03/25,1.314.608.822.797.980,Matelândia,34.0,0.45,0.95,12,6
5241,2016,03/25,7.880.018.446.923.140,Matelândia,34.0,0.45,0.95,12,6
5242,2017,03/25,1.274.261.732.654.270,Matelândia,34.0,0.45,0.95,12,6
5243,2018,03/25,11.963.118.742.935.800,Matelândia,34.0,0.45,0.95,12,6
5244,2019,03/25,13.118.612.912.468.300,Matelândia,34.0,0.45,0.95,12,6
5245,2020,03/25,11.946.964.723.262.700,Matelândia,34.0,0.45,0.95,12,6
5246,2021,03/25,12.530.283.799.814.600,Matelândia,34.0,0.45,0.95,12,6
5247,2022,03/25,11.484.979.207.587.700,Matelândia,34.0,0.45,0.95,12,6
5248,2023,03/25,13.253.123.204.714.300,Matelândia,34.0,0.45,0.95,12,6
5249,2024,03/25,12.359.127.508.704.300,Matelândia,34.0,0.45,0.95,12,6
5250,2015,03/25,13.719.165.613.148.300,Medianeira,34.0,0.45,0.95,12,6
5251,2016,03/25,10.868.720.511.164,Medianeira,34.0,0.45,0.95,12,6
5252,2017,03/25,1.326.428.323.046.760,Medianeira,34.0,0.45,0.95,12,6
5253,2018,03/25,1.259.557.447.946.190,Medianeira,34.0,0.45,0.95,12,6
5254,2019,03/25,13.553.639.415.527.900,Medianeira,34.0,0.45,0.95,12,6
5255,2020,03/25,12.348.333.551.679.300,Medianeira,34.0,0.45,0.95,12,6
5256,2021,03/25,12.901.566.329.494.100,Medianeira,34.0,0.45,0.95,12,6
5257,2022,03/25,12.015.255.171.210.700,Medianeira,34.0,0.45,0.95,12,6
5258,2023,03/25,13.781.180.697.357.600,Medianeira,34.0,0.45,0.95,12,6
5259,2024,03/25,1.234.936.618.009.700,Medianeira,34.0,0.45,0.95,12,6
5260,2015,03/25,14.149.966.099.356.800,Santa Helena,34.0,0.45,0.95,12,6
5261,2016,03/25,11.651.589.821.150.900,Santa Helena,34.0,0.45,0.95,12,6
5262,2017,03/25,13.616.796.210.811.700,Santa Helena,34.0,0.45,0.95,12,6
5263,2018,03/25,13.216.237.233.795.100,Santa Helena,34.0,0.45,0.95,12,6
5264,2019,03/25,13.890.516.322.432.200,Santa Helena,34.0,0.45,0.95,12,6
5265,2020,03/25,13.224.832.111.670.600,Santa Helena,34.0,0.45,0.95,12,6
5266,2021,03/25,13.300.121.687.457.400,Santa Helena,34.0,0.45,0.95,12,6
5267,2022,03/25,1.269.172.745.207.970,Santa Helena,34.0,0.45,0.95,12,6
5268,2023,03/25,14.088.764.989.387.400,Santa Helena,34.0,0.45,0.95,12,6
5269,2024,03/25,1.309.697.732.025.840,Santa Helena,34.0,0.45,0.95,12,6
5270,2015,03/25,13.719.165.613.148.300,São Miguel do Iguaçu,34.0,0.45,0.95,12,6
5271,2016,03/25,10.869.069.485.775.100,São Miguel do Iguaçu,34.0,0.45,0.95,12,6
5272,2017,03/25,13.264.310.351.503.200,São Miguel do Iguaçu,34.0,0.45,0.95,12,6
5273,2018,03/25,12.595.845.525.495.200,São Miguel do Iguaçu,34.0,0.45,0.95,12,6
5274,2019,03/25,13.553.675.346.279.700,São Miguel do Iguaçu,34.0,0.45,0.95,12,6
5275,2020,03/25,12.348.586.374.418.300,São Miguel do Iguaçu,34.0,0.45,0.95,12,6
5276,2021,03/25,1.290.236.950.339.650,São Miguel do Iguaçu,34.0,0.45,0.95,12,6
5277,2022,03/25,12.015.255.171.210.700,São Miguel do Iguaçu,34.0,0.45,0.95,12,6
5278,2023,03/25,13.781.567.135.726.100,São Miguel do Iguaçu,34.0,0.45,0.95,12,6
5279,2024,03/25,1.234.945.644.416.690,São Miguel do Iguaçu,34.0,0.45,0.95,12,6
5280,2015,03/25,1.277.373.008.365.030,São Pedro do Iguaçu,34.0,0.45,0.95,12,6
5281,2016,03/25,6.442.491.282.983.960,São Pedro do Iguaçu,34.0,0.45,0.95,12,6
5282,2017,03/25,12.294.703.865.642.800,São Pedro do Iguaçu,34.0,0.45,0.95,12,6
5283,2018,03/25,1.188.978.493.967.060,São Pedro do Iguaçu,34.0,0.45,0.95,12,6
5284,2019,03/25,1.287.666.462.695.980,São Pedro do Iguaçu,34.0,0.45,0.95,12,6
5285,2020,03/25,11.855.870.779.620.200,São Pedro do Iguaçu,34.0,0.45,0.95,12,6
5286,2021,03/25,12.255.997.343.083.000,São Pedro do Iguaçu,34.0,0.45,0.95,12,6
5287,2022,03/25,11.081.987.350.962.800,São Pedro do Iguaçu,34.0,0.45,0.95,12,6
5288,2023,03/25,1.299.287.688.076.780,São Pedro do Iguaçu,34.0,0.45,0.95,12,6
5289,2024,03/25,12.418.045.704.810.700,São Pedro do Iguaçu,34.0,0.45,0.95,12,6
5290,2015,03/25,1.345.479.542.553.930,Toledo,34.0,0.45,0.95,12,6
5291,2016,03/25,9.359.531.369.102.460,Toledo,34.0,0.45,0.95,12,6
5292,2017,03/25,12.785.514.748.209.500,Toledo,34.0,0.45,0.95,12,6
5293,2018,03/25,12.823.443.707.250.400,Toledo,34.0,0.45,0.95,12,6
5294,2019,03/25,13.467.319.910.551.700,Toledo,34.0,0.45,0.95,12,6
5295,2020,03/25,1.297.789.435.059.180,Toledo,34.0,0.45,0.95,12,6
5296,2021,03/25,12.774.595.809.052.200,Toledo,34.0,0.45,0.95,12,6
5297,2022,03/25,11.749.269.153.255.700,Toledo,34.0,0.45,0.95,12,6
5298,2023,03/25,13.463.918.869.020.900,Toledo,34.0,0.45,0.95,12,6
5299,2024,03/25,1.345.316.672.462.150,Toledo,34.0,0.45,0.95,12,6
5300,2015,03/25,12.702.878.637.815.200,Cascavel,34.0,0.45,0.95,12,7
5301,2016,03/25,6.935.042.841.424.260,Cascavel,34.0,0.45,0.95,12,7
5302,2017,03/25,11.932.214.640.411.200,Cascavel,34.0,0.45,0.95,12,7
5303,2018,03/25,11.548.566.844.921.800,Cascavel,34.0,0.45,0.95,12,7
5304,2019,03/25,12.704.035.821.480.100,Cascavel,34.0,0.45,0.95,12,7
5305,2020,03/25,11.673.092.012.331.700,Cascavel,34.0,0.45,0.95,12,7
5306,2021,03/25,1.174.061.785.871.530,Cascavel,34.0,0.45,0.95,12,7
5307,2022,03/25,10.951.347.185.994.000,Cascavel,34.0,0.45,0.95,12,7
5308,2023,03/25,12.374.765.731.953.900,Cascavel,34.0,0.45,0.95,12,7
5309,2024,03/25,12.680.448.816.395.900,Cascavel,34.0,0.45,0.95,12,7
5310,2015,03/25,13.719.165.613.148.300,Foz do Iguaçu,34.0,0.45,0.95,12,7
5311,2016,03/25,10.869.151.858.082.900,Foz do Iguaçu,34.0,0.45,0.95,12,7
5312,2017,03/25,13.264.324.275.620.200,Foz do Iguaçu,34.0,0.45,0.95,12,7
5313,2018,03/25,12.595.899.143.215.900,Foz do Iguaçu,34.0,0.45,0.95,12,7
5314,2019,03/25,13.553.678.889.384.200,Foz do Iguaçu,34.0,0.45,0.95,12,7
5315,2020,03/25,12.348.620.156.200.600,Foz do Iguaçu,34.0,0.45,0.95,12,7
5316,2021,03/25,12.902.495.419.957.500,Foz do Iguaçu,34.0,0.45,0.95,12,7
5317,2022,03/25,12.015.255.171.210.700,Foz do Iguaçu,34.0,0.45,0.95,12,7
5318,2023,03/25,137.815.989.604.647,Foz do Iguaçu,34.0,0.45,0.95,12,7
5319,2024,03/25,12.349.484.742.333.800,Foz do Iguaçu,34.0,0.45,0.95,12,7
5320,2015,03/25,14.182.352.277.098.700,Guaíra,34.0,0.45,0.95,12,7
5321,2016,03/25,11.601.059.301.436.400,Guaíra,34.0,0.45,0.95,12,7
5322,2017,03/25,1.351.036.585.978.430,Guaíra,34.0,0.45,0.95,12,7
5323,2018,03/25,13.437.043.636.995.500,Guaíra,34.0,0.45,0.95,12,7
5324,2019,03/25,14.060.502.091.063.700,Guaíra,34.0,0.45,0.95,12,7
5325,2020,03/25,13.692.180.133.292.900,Guaíra,34.0,0.45,0.95,12,7
5326,2021,03/25,131.597.735.378.348,Guaíra,34.0,0.45,0.95,12,7
5327,2022,03/25,12.689.210.915.011.600,Guaíra,34.0,0.45,0.95,12,7
5328,2023,03/25,1.388.248.984.809.000,Guaíra,34.0,0.45,0.95,12,7
5329,2024,03/25,13.973.044.249.100.100,Guaíra,34.0,0.45,0.95,12,7
5330,2015,03/25,14.193.401.288.190.900,Marechal Cândido Rondon,34.0,0.45,0.95,12,7
5331,2016,03/25,11.692.634.926.544.900,Marechal Cândido Rondon,34.0,0.45,0.95,12,7
5332,2017,03/25,13.626.939.179.295.400,Marechal Cândido Rondon,34.0,0.45,0.95,12,7
5333,2018,03/25,13.493.688.188.289.200,Marechal Cândido Rondon,34.0,0.45,0.95,12,7
5334,2019,03/25,14.057.060.375.024.900,Marechal Cândido Rondon,34.0,0.45,0.95,12,7
5335,2020,03/25,13.568.640.967.399.500,Marechal Cândido Rondon,34.0,0.45,0.95,12,7
5336,2021,03/25,13.443.089.132.396.600,Marechal Cândido Rondon,34.0,0.45,0.95,12,7
5337,2022,03/25,12.732.817.931.140.500,Marechal Cândido Rondon,34.0,0.45,0.95,12,7
5338,2023,03/25,14.030.802.799.365.800,Marechal Cândido Rondon,34.0,0.45,0.95,12,7
5339,2024,03/25,13.632.782.363.677.000,Marechal Cândido Rondon,34.0,0.45,0.95,12,7
5340,2015,03/25,1.314.608.822.797.980,Matelândia,34.0,0.45,0.95,12,7
5341,2016,03/25,7.880.018.446.923.140,Matelândia,34.0,0.45,0.95,12,7
5342,2017,03/25,1.274.261.732.654.270,Matelândia,34.0,0.45,0.95,12,7
5343,2018,03/25,11.963.118.742.935.800,Matelândia,34.0,0.45,0.95,12,7
5344,2019,03/25,13.118.612.912.468.300,Matelândia,34.0,0.45,0.95,12,7
5345,2020,03/25,11.946.964.723.262.700,Matelândia,34.0,0.45,0.95,12,7
5346,2021,03/25,12.530.283.799.814.600,Matelândia,34.0,0.45,0.95,12,7
5347,2022,03/25,11.484.979.207.587.700,Matelândia,34.0,0.45,0.95,12,7
5348,2023,03/25,13.253.123.204.714.300,Matelândia,34.0,0.45,0.95,12,7
5349,2024,03/25,12.359.127.508.704.300,Matelândia,34.0,0.45,0.95,12,7
5350,2015,03/25,13.719.165.613.148.300,Medianeira,34.0,0.45,0.95,12,7
5351,2016,03/25,10.868.720.511.164,Medianeira,34.0,0.45,0.95,12,7
5352,2017,03/25,1.326.428.323.046.760,Medianeira,34.0,0.45,0.95,12,7
5353,2018,03/25,1.259.557.447.946.190,Medianeira,34.0,0.45,0.95,12,7
5354,2019,03/25,13.553.639.415.527.900,Medianeira,34.0,0.45,0.95,12,7
5355,2020,03/25,12.348.333.551.679.300,Medianeira,34.0,0.45,0.95,12,7
5356,2021,03/25,12.901.566.329.494.100,Medianeira,34.0,0.45,0.95,12,7
5357,2022,03/25,12.015.255.171.210.700,Medianeira,34.0,0.45,0.95,12,7
5358,2023,03/25,13.781.180.697.357.600,Medianeira,34.0,0.45,0.95,12,7
5359,2024,03/25,1.234.936.618.009.700,Medianeira,34.0,0.45,0.95,12,7
5360,2015,03/25,14.149.966.099.356.800,Santa Helena,34.0,0.45,0.95,12,7
5361,2016,03/25,11.651.589.821.150.900,Santa Helena,34.0,0.45,0.95,12,7
5362,2017,03/25,13.616.796.210.811.700,Santa Helena,34.0,0.45,0.95,12,7
5363,2018,03/25,13.216.237.233.795.100,Santa Helena,34.0,0.45,0.95,12,7
5364,2019,03/25,13.890.516.322.432.200,Santa Helena,34.0,0.45,0.95,12,7
5365,2020,03/25,13.224.832.111.670.600,Santa Helena,34.0,0.45,0.95,12,7
5366,2021,03/25,13.300.121.687.457.400,Santa Helena,34.0,0.45,0.95,12,7
5367,2022,03/25,1.269.172.745.207.970,Santa Helena,34.0,0.45,0.95,12,7
5368,2023,03/25,14.088.764.989.387.400,Santa Helena,34.0,0.45,0.95,12,7
5369,2024,03/25,1.309.697.732.025.840,Santa Helena,34.0,0.45,0.95,12,7
5370,2015,03/25,13.719.165.613.148.300,São Miguel do Iguaçu,34.0,0.45,0.95,12,7
5371,2016,03/25,10.869.069.485.775.100,São Miguel do Iguaçu,34.0,0.45,0.95,12,7
5372,2017,03/25,13.264.310.351.503.200,São Miguel do Iguaçu,34.0,0.45,0.95,12,7
5373,2018,03/25,12.595.845.525.495.200,São Miguel do Iguaçu,34.0,0.45,0.95,12,7
5374,2019,03/25,13.553.675.346.279.700,São Miguel do Iguaçu,34.0,0.45,0.95,12,7
5375,2020,03/25,12.348.586.374.418.300,São Miguel do Iguaçu,34.0,0.45,0.95,12,7
5376,2021,03/25,1.290.236.950.339.650,São Miguel do Iguaçu,34.0,0.45,0.95,12,7
5377,2022,03/25,12.015.255.171.210.700,São Miguel do Iguaçu,34.0,0.45,0.95,12,7
5378,2023,03/25,13.781.567.135.726.100,São Miguel do Iguaçu,34.0,0.45,0.95,12,7
5379,2024,03/25,1.234.945.644.416.690,São Miguel do Iguaçu,34.0,0.45,0.95,12,7
5380,2015,03/25,1.277.373.008.365.030,São Pedro do Iguaçu,34.0,0.45,0.95,12,7
5381,2016,03/25,6.442.491.282.983.960,São Pedro do Iguaçu,34.0,0.45,0.95,12,7
5382,2017,03/25,12.294.703.865.642.800,São Pedro do Iguaçu,34.0,0.45,0.95,12,7
5383,2018,03/25,1.188.978.493.967.060,São Pedro do Iguaçu,34.0,0.45,0.95,12,7
5384,2019,03/25,1.287.666.462.695.980,São Pedro do Iguaçu,34.0,0.45,0.95,12,7
5385,2020,03/25,11.855.870.779.620.200,São Pedro do Iguaçu,34.0,0.45,0.95,12,7
5386,2021,03/25,12.255.997.343.083.000,São Pedro do Iguaçu,34.0,0.45,0.95,12,7
5387,2022,03/25,11.081.987.350.962.800,São Pedro do Iguaçu,34.0,0.45,0.95,12,7
5388,2023,03/25,1.299.287.688.076.780,São Pedro do Iguaçu,34.0,0.45,0.95,12,7
5389,2024,03/25,12.418.045.704.810.700,São Pedro do Iguaçu,34.0,0.45,0.95,12,7
5390,2015,03/25,1.345.479.542.553.930,Toledo,34.0,0.45,0.95,12,7
5391,2016,03/25,9.359.531.369.102.460,Toledo,34.0,0.45,0.95,12,7
5392,2017,03/25,12.785.514.748.209.500,Toledo,34.0,0.45,0.95,12,7
5393,2018,03/25,12.823.443.707.250.400,Toledo,34.0,0.45,0.95,12,7
5394,2019,03/25,13.467.319.910.551.700,Toledo,34.0,0.45,0.95,12,7
5395,2020,03/25,1.297.789.435.059.180,Toledo,34.0,0.45,0.95,12,7
5396,2021,03/25,12.774.595.809.052.200,Toledo,34.0,0.45,0.95,12,7
5397,2022,03/25,11.749.269.153.255.700,Toledo,34.0,0.45,0.95,12,7
5398,2023,03/25,13.463.918.869.020.900,Toledo,34.0,0.45,0.95,12,7
5399,2024,03/25,1.345.316.672.462.150,Toledo,34.0,0.45,0.95,12,7
5400,2015,03/25,12.702.878.637.815.200,Cascavel,34.0,0.45,0.95,13,6
5401,2016,03/25,6.935.042.841.424.260,Cascavel,34.0,0.45,0.95,13,6
5402,2017,03/25,11.932.214.640.411.200,Cascavel,34.0,0.45,0.95,13,6
5403,2018,03/25,11.548.566.844.921.800,Cascavel,34.0,0.45,0.95,13,6
5404,2019,03/25,12.704.035.821.480.100,Cascavel,34.0,0.45,0.95,13,6
5405,2020,03/25,11.673.092.012.331.700,Cascavel,34.0,0.45,0.95,13,6
5406,2021,03/25,1.174.061.785.871.530,Cascavel,34.0,0.45,0.95,13,6
5407,2022,03/25,10.951.347.185.994.000,Cascavel,34.0,0.45,0.95,13,6
5408,2023,03/25,12.374.765.731.953.900,Cascavel,34.0,0.45,0.95,13,6
5409,2024,03/25,12.680.448.816.395.900,Cascavel,34.0,0.45,0.95,13,6
5410,2015,03/25,13.719.165.613.148.300,Foz do Iguaçu,34.0,0.45,0.95,13,6
5411,2016,03/25,10.869.151.858.082.900,Foz do Iguaçu,34.0,0.45,0.95,13,6
5412,2017,03/25,13.264.324.275.620.200,Foz do Iguaçu,34.0,0.45,0.95,13,6
5413,2018,03/25,12.595.899.143.215.900,Foz do Iguaçu,34.0,0.45,0.95,13,6
5414,2019,03/25,13.553.678.889.384.200,Foz do Iguaçu,34.0,0.45,0.95,13,6
5415,2020,03/25,12.348.620.156.200.600,Foz do Iguaçu,34.0,0.45,0.95,13,6
5416,2021,03/25,12.902.495.419.957.500,Foz do Iguaçu,34.0,0.45,0.95,13,6
5417,2022,03/25,12.015.255.171.210.700,Foz do Iguaçu,34.0,0.45,0.95,13,6
5418,2023,03/25,137.815.989.604.647,Foz do Iguaçu,34.0,0.45,0.95,13,6
5419,2024,03/25,12.349.484.742.333.800,Foz do Iguaçu,34.0,0.45,0.95,13,6
5420,2015,03/25,14.182.352.277.098.700,Guaíra,34.0,0.45,0.95,13,6
5421,2016,03/25,11.601.059.301.436.400,Guaíra,34.0,0.45,0.95,13,6
5422,2017,03/25,1.351.036.585.978.430,Guaíra,34.0,0.45,0.95,13,6
5423,2018,03/25,13.437.043.636.995.500,Guaíra,34.0,0.45,0.95,13,6
5424,2019,03/25,14.060.502.091.063.700,Guaíra,34.0,0.45,0.95,13,6
5425,2020,03/25,13.692.180.133.292.900,Guaíra,34.0,0.45,0.95,13,6
5426,2021,03/25,131.597.735.378.348,Guaíra,34.0,0.45,0.95,13,6
5427,2022,03/25,12.689.210.915.011.600,Guaíra,34.0,0.45,0.95,13,6
5428,2023,03/25,1.388.248.984.809.000,Guaíra,34.0,0.45,0.95,13,6
5429,2024,03/25,13.973.044.249.100.100,Guaíra,34.0,0.45,0.95,13,6
5430,2015,03/25,14.193.401.288.190.900,Marechal Cândido Rondon,34.0,0.45,0.95,13,6
5431,2016,03/25,11.692.634.926.544.900,Marechal Cândido Rondon,34.0,0.45,0.95,13,6
5432,2017,03/25,13.626.939.179.295.400,Marechal Cândido Rondon,34.0,0.45,0.95,13,6
5433,2018,03/25,13.493.688.188.289.200,Marechal Cândido Rondon,34.0,0.45,0.95,13,6
5434,2019,03/25,14.057.060.375.024.900,Marechal Cândido Rondon,34.0,0.45,0.95,13,6
5435,2020,03/25,13.568.640.967.399.500,Marechal Cândido Rondon,34.0,0.45,0.95,13,6
5436,2021,03/25,13.443.089.132.396.600,Marechal Cândido Rondon,34.0,0.45,0.95,13,6
5437,2022,03/25,12.732.817.931.140.500,Marechal Cândido Rondon,34.0,0.45,0.95,13,6
5438,2023,03/25,14.030.802.799.365.800,Marechal Cândido Rondon,34.0,0.45,0.95,13,6
5439,2024,03/25,13.632.782.363.677.000,Marechal Cândido Rondon,34.0,0.45,0.95,13,6
5440,2015,03/25,1.314.608.822.797.980,Matelândia,34.0,0.45,0.95,13,6
5441,2016,03/25,7.880.018.446.923.140,Matelândia,34.0,0.45,0.95,13,6
5442,2017,03/25,1.274.261.732.654.270,Matelândia,34.0,0.45,0.95,13,6
5443,2018,03/25,11.963.118.742.935.800,Matelândia,34.0,0.45,0.95,13,6
5444,2019,03/25,13.118.612.912.468.300,Matelândia,34.0,0.45,0.95,13,6
5445,2020,03/25,11.946.964.723.262.700,Matelândia,34.0,0.45,0.95,13,6
5446,2021,03/25,12.530.283.799.814.600,Matelândia,34.0,0.45,0.95,13,6
5447,2022,03/25,11.484.979.207.587.700,Matelândia,34.0,0.45,0.95,13,6
5448,2023,03/25,13.253.123.204.714.300,Matelândia,34.0,0.45,0.95,13,6
5449,2024,03/25,12.359.127.508.704.300,Matelândia,34.0,0.45,0.95,13,6
5450,2015,03/25,13.719.165.613.148.300,Medianeira,34.0,0.45,0.95,13,6
5451,2016,03/25,10.868.720.511.164,Medianeira,34.0,0.45,0.95,13,6
5452,2017,03/25,1.326.428.323.046.760,Medianeira,34.0,0.45,0.95,13,6
5453,2018,03/25,1.259.557.447.946.190,Medianeira,34.0,0.45,0.95,13,6
5454,2019,03/25,13.553.639.415.527.900,Medianeira,34.0,0.45,0.95,13,6
5455,2020,03/25,12.348.333.551.679.300,Medianeira,34.0,0.45,0.95,13,6
5456,2021,03/25,12.901.566.329.494.100,Medianeira,34.0,0.45,0.95,13,6
5457,2022,03/25,12.015.255.171.210.700,Medianeira,34.0,0.45,0.95,13,6
5458,2023,03/25,13.781.180.697.357.600,Medianeira,34.0,0.45,0.95,13,6
5459,2024,03/25,1.234.936.618.009.700,Medianeira,34.0,0.45,0.95,13,6
5460,2015,03/25,14.149.966.099.356.800,Santa Helena,34.0,0.45,0.95,13,6
5461,2016,03/25,11.651.589.821.150.900,Santa Helena,34.0,0.45,0.95,13,6
5462,2017,03/25,13.616.796.210.811.700,Santa Helena,34.0,0.45,0.95,13,6
5463,2018,03/25,13.216.237.233.795.100,Santa Helena,34.0,0.45,0.95,13,6
5464,2019,03/25,13.890.516.322.432.200,Santa Helena,34.0,0.45,0.95,13,6
5465,2020,03/25,13.224.832.111.670.600,Santa Helena,34.0,0.45,0.95,13,6
5466,2021,03/25,13.300.121.687.457.400,Santa Helena,34.0,0.45,0.95,13,6
5467,2022,03/25,1.269.172.745.207.970,Santa Helena,34.0,0.45,0.95,13,6
5468,2023,03/25,14.088.764.989.387.400,Santa Helena,34.0,0.45,0.95,13,6
5469,2024,03/25,1.309.697.732.025.840,Santa Helena,34.0,0.45,0.95,13,6
5470,2015,03/25,13.719.165.613.148.300,São Miguel do Iguaçu,34.0,0.45,0.95,13,6
5471,2016,03/25,10.869.069.485.775.100,São Miguel do Iguaçu,34.0,0.45,0.95,13,6
5472,2017,03/25,13.264.310.351.503.200,São Miguel do Iguaçu,34.0,0.45,0.95,13,6
5473,2018,03/25,12.595.845.525.495.200,São Miguel do Iguaçu,34.0,0.45,0.95,13,6
5474,2019,03/25,13.553.675.346.279.700,São Miguel do Iguaçu,34.0,0.45,0.95,13,6
5475,2020,03/25,12.348.586.374.418.300,São Miguel do Iguaçu,34.0,0.45,0.95,13,6
5476,2021,03/25,1.290.236.950.339.650,São Miguel do Iguaçu,34.0,0.45,0.95,13,6
5477,2022,03/25,12.015.255.171.210.700,São Miguel do Iguaçu,34.0,0.45,0.95,13,6
5478,2023,03/25,13.781.567.135.726.100,São Miguel do Iguaçu,34.0,0.45,0.95,13,6
5479,2024,03/25,1.234.945.644.416.690,São Miguel do Iguaçu,34.0,0.45,0.95,13,6
5480,2015,03/25,1.277.373.008.365.030,São Pedro do Iguaçu,34.0,0.45,0.95,13,6
5481,2016,03/25,6.442.491.282.983.960,São Pedro do Iguaçu,34.0,0.45,0.95,13,6
5482,2017,03/25,12.294.703.865.642.800,São Pedro do Iguaçu,34.0,0.45,0.95,13,6
5483,2018,03/25,1.188.978.493.967.060,São Pedro do Iguaçu,34.0,0.45,0.95,13,6
5484,2019,03/25,1.287.666.462.695.980,São Pedro do Iguaçu,34.0,0.45,0.95,13,6
5485,2020,03/25,11.855.870.779.620.200,São Pedro do Iguaçu,34.0,0.45,0.95,13,6
5486,2021,03/25,12.255.997.343.083.000,São Pedro do Iguaçu,34.0,0.45,0.95,13,6
5487,2022,03/25,11.081.987.350.962.800,São Pedro do Iguaçu,34.0,0.45,0.95,13,6
5488,2023,03/25,1.299.287.688.076.780,São Pedro do Iguaçu,34.0,0.45,0.95,13,6
5489,2024,03/25,12.418.045.704.810.700,São Pedro do Iguaçu,34.0,0.45,0.95,13,6
5490,2015,03/25,1.345.479.542.553.930,Toledo,34.0,0.45,0.95,13,6
5491,2016,03/25,9.359.531.369.102.460,Toledo,34.0,0.45,0.95,13,6
5492,2017,03/25,12.785.514.748.209.500,Toledo,34.0,0.45,0.95,13,6
5493,2018,03/25,12.823.443.707.250.400,Toledo,34.0,0.45,0.95,13,6
5494,2019,03/25,13.467.319.910.551.700,Toledo,34.0,0.45,0.95,13,6
5495,2020,03/25,1.297.789.435.059.180,Toledo,34.0,0.45,0.95,13,6
5496,2021,03/25,12.774.595.809.052.200,Toledo,34.0,0.45,0.95,13,6
5497,2022,03/25,11.749.269.153.255.700,Toledo,34.0,0.45,0.95,13,6
5498,2023,03/25,13.463.918.869.020.900,Toledo,34.0,0.45,0.95,13,6
5499,2024,03/25,1.345.316.672.462.150,Toledo,34.0,0.45,0.95,13,6
5500,2015,03/25,12.702.878.637.815.200,Cascavel,34.0,0.45,0.95,13,7
5501,2016,03/25,6.935.042.841.424.260,Cascavel,34.0,0.45,0.95,13,7
5502,2017,03/25,11.932.214.640.411.200,Cascavel,34.0,0.45,0.95,13,7
5503,2018,03/25,11.548.566.844.921.800,Cascavel,34.0,0.45,0.95,13,7
5504,2019,03/25,12.704.035.821.480.100,Cascavel,34.0,0.45,0.95,13,7
5505,2020,03/25,11.673.092.012.331.700,Cascavel,34.0,0.45,0.95,13,7
5506,2021,03/25,1.174.061.785.871.530,Cascavel,34.0,0.45,0.95,13,7
5507,2022,03/25,10.951.347.185.994.000,Cascavel,34.0,0.45,0.95,13,7
5508,2023,03/25,12.374.765.731.953.900,Cascavel,34.0,0.45,0.95,13,7
5509,2024,03/25,12.680.448.816.395.900,Cascavel,34.0,0.45,0.95,13,7
5510,2015,03/25,13.719.165.613.148.300,Foz do Iguaçu,34.0,0.45,0.95,13,7
5511,2016,03/25,10.869.151.858.082.900,Foz do Iguaçu,34.0,0.45,0.95,13,7
5512,2017,03/25,13.264.324.275.620.200,Foz do Iguaçu,34.0,0.45,0.95,13,7
5513,2018,03/25,12.595.899.143.215.900,Foz do Iguaçu,34.0,0.45,0.95,13,7
5514,2019,03/25,13.553.678.889.384.200,Foz do Iguaçu,34.0,0.45,0.95,13,7
5515,2020,03/25,12.348.620.156.200.600,Foz do Iguaçu,34.0,0.45,0.95,13,7
5516,2021,03/25,12.902.495.419.957.500,Foz do Iguaçu,34.0,0.45,0.95,13,7
5517,2022,03/25,12.015.255.171.210.700,Foz do Iguaçu,34.0,0.45,0.95,13,7
5518,2023,03/25,137.815.989.604.647,Foz do Iguaçu,34.0,0.45,0.95,13,7
5519,2024,03/25,12.349.484.742.333.800,Foz do Iguaçu,34.0,0.45,0.95,13,7
5520,2015,03/25,14.182.352.277.098.700,Guaíra,34.0,0.45,0.95,13,7
5521,2016,03/25,11.601.059.301.436.400,Guaíra,34.0,0.45,0.95,13,7
5522,2017,03/25,1.351.036.585.978.430,Guaíra,34.0,0.45,0.95,13,7
5523,2018,03/25,13.437.043.636.995.500,Guaíra,34.0,0.45,0.95,13,7
5524,2019,03/25,14.060.502.091.063.700,Guaíra,34.0,0.45,0.95,13,7
5525,2020,03/25,13.692.180.133.292.900,Guaíra,34.0,0.45,0.95,13,7
5526,2021,03/25,131.597.735.378.348,Guaíra,34.0,0.45,0.95,13,7
5527,2022,03/25,12.689.210.915.011.600,Guaíra,34.0,0.45,0.95,13,7
5528,2023,03/25,1.388.248.984.809.000,Guaíra,34.0,0.45,0.95,13,7
5529,2024,03/25,13.973.044.249.100.100,Guaíra,34.0,0.45,0.95,13,7
5530,2015,03/25,14.193.401.288.190.900,Marechal Cândido Rondon,34.0,0.45,0.95,13,7
5531,2016,03/25,11.692.634.926.544.900,Marechal Cândido Rondon,34.0,0.45,0.95,13,7
5532,2017,03/25,13.626.939.179.295.400,Marechal Cândido Rondon,34.0,0.45,0.95,13,7
5533,2018,03/25,13.493.688.188.289.200,Marechal Cândido Rondon,34.0,0.45,0.95,13,7
5534,2019,03/25,14.057.060.375.024.900,Marechal Cândido Rondon,34.0,0.45,0.95,13,7
5535,2020,03/25,13.568.640.967.399.500,Marechal Cândido Rondon,34.0,0.45,0.95,13,7
5536,2021,03/25,13.443.089.132.396.600,Marechal Cândido Rondon,34.0,0.45,0.95,13,7
5537,2022,03/25,12.732.817.931.140.500,Marechal Cândido Rondon,34.0,0.45,0.95,13,7
5538,2023,03/25,14.030.802.799.365.800,Marechal Cândido Rondon,34.0,0.45,0.95,13,7
5539,2024,03/25,13.632.782.363.677.000,Marechal Cândido Rondon,34.0,0.45,0.95,13,7
5540,2015,03/25,1.314.608.822.797.980,Matelândia,34.0,0.45,0.95,13,7
5541,2016,03/25,7.880.018.446.923.140,Matelândia,34.0,0.45,0.95,13,7
5542,2017,03/25,1.274.261.732.654.270,Matelândia,34.0,0.45,0.95,13,7
5543,2018,03/25,11.963.118.742.935.800,Matelândia,34.0,0.45,0.95,13,7
5544,2019,03/25,13.118.612.912.468.300,Matelândia,34.0,0.45,0.95,13,7
5545,2020,03/25,11.946.964.723.262.700,Matelândia,34.0,0.45,0.95,13,7
5546,2021,03/25,12.530.283.799.814.600,Matelândia,34.0,0.45,0.95,13,7
5547,2022,03/25,11.484.979.207.587.700,Matelândia,34.0,0.45,0.95,13,7
5548,2023,03/25,13.253.123.204.714.300,Matelândia,34.0,0.45,0.95,13,7
5549,2024,03/25,12.359.127.508.704.300,Matelândia,34.0,0.45,0.95,13,7
5550,2015,03/25,13.719.165.613.148.300,Medianeira,34.0,0.45,0.95,13,7
5551,2016,03/25,10.868.720.511.164,Medianeira,34.0,0.45,0.95,13,7
5552,2017,03/25,1.326.428.323.046.760,Medianeira,34.0,0.45,0.95,13,7
5553,2018,03/25,1.259.557.447.946.190,Medianeira,34.0,0.45,0.95,13,7
5554,2019,03/25,13.553.639.415.527.900,Medianeira,34.0,0.45,0.95,13,7
5555,2020,03/25,12.348.333.551.679.300,Medianeira,34.0,0.45,0.95,13,7
5556,2021,03/25,12.901.566.329.494.100,Medianeira,34.0,0.45,0.95,13,7
5557,2022,03/25,12.015.255.171.210.700,Medianeira,34.0,0.45,0.95,13,7
5558,2023,03/25,13.781.180.697.357.600,Medianeira,34.0,0.45,0.95,13,7
5559,2024,03/25,1.234.936.618.009.700,Medianeira,34.0,0.45,0.95,13,7
5560,2015,03/25,14.149.966.099.356.800,Santa Helena,34.0,0.45,0.95,13,7
5561,2016,03/25,11.651.589.821.150.900,Santa Helena,34.0,0.45,0.95,13,7
5562,2017,03/25,13.616.796.210.811.700,Santa Helena,34.0,0.45,0.95,13,7
5563,2018,03/25,13.216.237.233.795.100,Santa Helena,34.0,0.45,0.95,13,7
5564,2019,03/25,13.890.516.322.432.200,Santa Helena,34.0,0.45,0.95,13,7
5565,2020,03/25,13.224.832.111.670.600,Santa Helena,34.0,0.45,0.95,13,7
5566,2021,03/25,13.300.121.687.457.400,Santa Helena,34.0,0.45,0.95,13,7
5567,2022,03/25,1.269.172.745.207.970,Santa Helena,34.0,0.45,0.95,13,7
5568,2023,03/25,14.088.764.989.387.400,Santa Helena,34.0,0.45,0.95,13,7
5569,2024,03/25,1.309.697.732.025.840,Santa Helena,34.0,0.45,0.95,13,7
5570,2015,03/25,13.719.165.613.148.300,São Miguel do Iguaçu,34.0,0.45,0.95,13,7
5571,2016,03/25,10.869.069.485.775.100,São Miguel do Iguaçu,34.0,0.45,0.95,13,7
5572,2017,03/25,13.264.310.351.503.200,São Miguel do Iguaçu,34.0,0.45,0.95,13,7
5573,2018,03/25,12.595.845.525.495.200,São Miguel do Iguaçu,34.0,0.45,0.95,13,7
5574,2019,03/25,13.553.675.346.279.700,São Miguel do Iguaçu,34.0,0.45,0.95,13,7
5575,2020,03/25,12.348.586.374.418.300,São Miguel do Iguaçu,34.0,0.45,0.95,13,7
5576,2021,03/25,1.290.236.950.339.650,São Miguel do Iguaçu,34.0,0.45,0.95,13,7
5577,2022,03/25,12.015.255.171.210.700,São Miguel do Iguaçu,34.0,0.45,0.95,13,7
5578,2023,03/25,13.781.567.135.726.100,São Miguel do Iguaçu,34.0,0.45,0.95,13,7
5579,2024,03/25,1.234.945.644.416.690,São Miguel do Iguaçu,34.0,0.45,0.95,13,7
5580,2015,03/25,1.277.373.008.365.030,São Pedro do Iguaçu,34.0,0.45,0.95,13,7
5581,2016,03/25,6.442.491.282.983.960,São Pedro do Iguaçu,34.0,0.45,0.95,13,7
5582,2017,03/25,12.294.703.865.642.800,São Pedro do Iguaçu,34.0,0.45,0.95,13,7
5583,2018,03/25,1.188.978.493.967.060,São Pedro do Iguaçu,34.0,0.45,0.95,13,7
5584,2019,03/25,1.287.666.462.695.980,São Pedro do Iguaçu,34.0,0.45,0.95,13,7
5585,2020,03/25,11.855.870.779.620.200,São Pedro do Iguaçu,34.0,0.45,0.95,13,7
5586,2021,03/25,12.255.997.343.083.000,São Pedro do Iguaçu,34.0,0.45,0.95,13,7
5587,2022,03/25,11.081.987.350.962.800,São Pedro do Iguaçu,34.0,0.45,0.95,13,7
5588,2023,03/25,1.299.287.688.076.780,São Pedro do Iguaçu,34.0,0.45,0.95,13,7
5589,2024,03/25,12.418.045.704.810.700,São Pedro do Iguaçu,34.0,0.45,0.95,13,7
5590,2015,03/25,1.345.479.542.553.930,Toledo,34.0,0.45,0.95,13,7
5591,2016,03/25,9.359.531.369.102.460,Toledo,34.0,0.45,0.95,13,7
5592,2017,03/25,12.785.514.748.209.500,Toledo,34.0,0.45,0.95,13,7
5593,2018,03/25,12.823.443.707.250.400,Toledo,34.0,0.45,0.95,13,7
5594,2019,03/25,13.467.319.910.551.700,Toledo,34.0,0.45,0.95,13,7
5595,2020,03/25,1.297.789.435.059.180,Toledo,34.0,0.45,0.95,13,7
5596,2021,03/25,12.774.595.809.052.200,Toledo,34.0,0.45,0.95,13,7
5597,2022,03/25,11.749.269.153.255.700,Toledo,34.0,0.45,0.95,13,7
5598,2023,03/25,13.463.918.869.020.900,Toledo,34.0,0.45,0.95,13,7
5599,2024,03/25,1.345.316.672.462.150,Toledo,34.0,0.45,0.95,13,7
5600,2015,03/25,13.139.309.117.105.400,Cascavel,34.0,0.48,0.9,12,6
5601,2016,03/25,7.171.383.642.401.280,Cascavel,34.0,0.48,0.9,12,6
5602,2017,03/25,12.335.386.037.347.100,Cascavel,34.0,0.48,0.9,12,6
5603,2018,03/25,11.953.141.558.716.400,Cascavel,34.0,0.48,0.9,12,6
5604,2019,03/25,13.138.678.043.620.800,Cascavel,34.0,0.48,0.9,12,6
5605,2020,03/25,12.077.872.315.409.300,Cascavel,34.0,0.48,0.9,12,6
5606,2021,03/25,12.159.277.403.894.200,Cascavel,34.0,0.48,0.9,12,6
5607,2022,03/25,1.133.409.674.053.780,Cascavel,34.0,0.48,0.9,12,6
5608,2023,03/25,12.794.847.111.013.900,Cascavel,34.0,0.48,0.9,12,6
5609,2024,03/25,13.112.591.225.488.000,Cascavel,34.0,0.48,0.9,12,6
5610,2015,03/25,14.187.357.549.638.300,Foz do Iguaçu,34.0,0.48,0.9,12,6
5611,2016,03/25,11.237.082.089.316.300,Foz do Iguaçu,34.0,0.48,0.9,12,6
5612,2017,03/25,1.371.338.137.247.750,Foz do Iguaçu,34.0,0.48,0.9,12,6
5613,2018,03/25,13.032.294.137.870.800,Foz do Iguaçu,34.0,0.48,0.9,12,6
5614,2019,03/25,14.018.304.860.411.400,Foz do Iguaçu,34.0,0.48,0.9,12,6
5615,2020,03/25,1.277.601.991.087.770,Foz do Iguaçu,34.0,0.48,0.9,12,6
5616,2021,03/25,13.358.070.010.351.800,Foz do Iguaçu,34.0,0.48,0.9,12,6
5617,2022,03/25,12.431.321.732.914.500,Foz do Iguaçu,34.0,0.48,0.9,12,6
5618,2023,03/25,14.250.136.129.795.100,Foz do Iguaçu,34.0,0.48,0.9,12,6
5619,2024,03/25,12.768.590.271.762.500,Foz do Iguaçu,34.0,0.48,0.9,12,6
5620,2015,03/25,14.664.864.843.355.200,Guaíra,34.0,0.48,0.9,12,6
5621,2016,03/25,11.993.172.800.201.900,Guaíra,34.0,0.48,0.9,12,6
5622,2017,03/25,1.396.824.824.190.140,Guaíra,34.0,0.48,0.9,12,6
5623,2018,03/25,13.897.739.905.823.300,Guaíra,34.0,0.48,0.9,12,6
5624,2019,03/25,14.539.452.581.194.200,Guaíra,34.0,0.48,0.9,12,6
5625,2020,03/25,1.416.154.764.212.060,Guaíra,34.0,0.48,0.9,12,6
5626,2021,03/25,13.622.309.940.980.800,Guaíra,34.0,0.48,0.9,12,6
5627,2022,03/25,13.125.469.837.583.800,Guaíra,34.0,0.48,0.9,12,6
5628,2023,03/25,14.353.420.152.449.400,Guaíra,34.0,0.48,0.9,12,6
5629,2024,03/25,14.447.080.752.832.700,Guaíra,34.0,0.48,0.9,12,6
5630,2015,03/25,14.676.517.495.894.000,Marechal Cândido Rondon,34.0,0.48,0.9,12,6
5631,2016,03/25,12.088.566.847.807.800,Marechal Cândido Rondon,34.0,0.48,0.9,12,6
5632,2017,03/25,14.089.223.981.728.400,Marechal Cândido Rondon,34.0,0.48,0.9,12,6
5633,2018,03/25,13.957.746.083.273.500,Marechal Cândido Rondon,34.0,0.48,0.9,12,6
5634,2019,03/25,14.536.371.460.455.800,Marechal Cândido Rondon,34.0,0.48,0.9,12,6
5635,2020,03/25,14.033.868.491.171.700,Marechal Cândido Rondon,34.0,0.48,0.9,12,6
5636,2021,03/25,13.915.543.542.920.900,Marechal Cândido Rondon,34.0,0.48,0.9,12,6
5637,2022,03/25,1.317.002.517.634.340,Marechal Cândido Rondon,34.0,0.48,0.9,12,6
5638,2023,03/25,14.506.824.809.576.500,Marechal Cândido Rondon,34.0,0.48,0.9,12,6
5639,2024,03/25,14.095.027.130.412.700,Marechal Cândido Rondon,34.0,0.48,0.9,12,6
5640,2015,03/25,13.595.702.239.908.300,Matelândia,34.0,0.48,0.9,12,6
5641,2016,03/25,8.147.096.781.241.930,Matelândia,34.0,0.48,0.9,12,6
5642,2017,03/25,13.172.717.042.113.700,Matelândia,34.0,0.48,0.9,12,6
5643,2018,03/25,12.380.207.947.297.300,Matelândia,34.0,0.48,0.9,12,6
5644,2019,03/25,1.356.824.699.011.080,Matelândia,34.0,0.48,0.9,12,6
5645,2020,03/25,1.236.065.015.584.300,Matelândia,34.0,0.48,0.9,12,6
5646,2021,03/25,12.974.383.909.265.400,Matelândia,34.0,0.48,0.9,12,6
5647,2022,03/25,11.884.656.431.390.100,Matelândia,34.0,0.48,0.9,12,6
5648,2023,03/25,13.703.723.847.301.900,Matelândia,34.0,0.48,0.9,12,6
5649,2024,03/25,12.779.163.572.370.100,Matelândia,34.0,0.48,0.9,12,6
5650,2015,03/25,14.187.357.549.638.300,Medianeira,34.0,0.48,0.9,12,6
5651,2016,03/25,11.236.632.800.364.100,Medianeira,34.0,0.48,0.9,12,6
5652,2017,03/25,13.713.338.917.135.400,Medianeira,34.0,0.48,0.9,12,6
5653,2018,03/25,130.319.745.009.591,Medianeira,34.0,0.48,0.9,12,6
5654,2019,03/25,1.401.826.418.054.020,Medianeira,34.0,0.48,0.9,12,6
5655,2020,03/25,1.277.571.949.875.610,Medianeira,34.0,0.48,0.9,12,6
5656,2021,03/25,1.335.712.189.361.990,Medianeira,34.0,0.48,0.9,12,6
5657,2022,03/25,12.431.321.732.914.500,Medianeira,34.0,0.48,0.9,12,6
5658,2023,03/25,14.249.704.542.547.800,Medianeira,34.0,0.48,0.9,12,6
5659,2024,03/25,1.276.846.785.569.620,Medianeira,34.0,0.48,0.9,12,6
5660,2015,03/25,14.631.591.524.406.800,Santa Helena,34.0,0.48,0.9,12,6
5661,2016,03/25,1.204.641.358.912.660,Santa Helena,34.0,0.48,0.9,12,6
5662,2017,03/25,14.078.997.155.344.800,Santa Helena,34.0,0.48,0.9,12,6
5663,2018,03/25,13.672.008.751.335.700,Santa Helena,34.0,0.48,0.9,12,6
5664,2019,03/25,14.365.068.072.372.200,Santa Helena,34.0,0.48,0.9,12,6
5665,2020,03/25,13.680.079.854.060.500,Santa Helena,34.0,0.48,0.9,12,6
5666,2021,03/25,13.768.533.580.000.000,Santa Helena,34.0,0.48,0.9,12,6
5667,2022,03/25,1.312.852.506.767.300,Santa Helena,34.0,0.48,0.9,12,6
5668,2023,03/25,14.567.152.446.852.900,Santa Helena,34.0,0.48,0.9,12,6
5669,2024,03/25,1.354.142.228.410.210,Santa Helena,34.0,0.48,0.9,12,6
5670,2015,03/25,14.187.357.549.638.300,São Miguel do Iguaçu,34.0,0.48,0.9,12,6
5671,2016,03/25,11.236.996.267.181.800,São Miguel do Iguaçu,34.0,0.48,0.9,12,6
5672,2017,03/25,1.371.336.696.997.820,São Miguel do Iguaçu,34.0,0.48,0.9,12,6
5673,2018,03/25,13.032.239.713.536.000,São Miguel do Iguaçu,34.0,0.48,0.9,12,6
5674,2019,03/25,1.401.830.120.906.340,São Miguel do Iguaçu,34.0,0.48,0.9,12,6
5675,2020,03/25,12.775.974.887.256.100,São Miguel do Iguaçu,34.0,0.48,0.9,12,6
5676,2021,03/25,1.335.794.486.338.790,São Miguel do Iguaçu,34.0,0.48,0.9,12,6
5677,2022,03/25,12.431.321.732.914.500,São Miguel do Iguaçu,34.0,0.48,0.9,12,6
5678,2023,03/25,14.250.103.290.858.300,São Miguel do Iguaçu,34.0,0.48,0.9,12,6
5679,2024,03/25,12.768.561.054.117.500,São Miguel do Iguaçu,34.0,0.48,0.9,12,6
5680,2015,03/25,13.211.647.644.088.000,São Pedro do Iguaçu,34.0,0.48,0.9,12,6
5681,2016,03/25,66.612.863.605.641.000,São Pedro do Iguaçu,34.0,0.48,0.9,12,6
5682,2017,03/25,12.709.486.651.649.700,São Pedro do Iguaçu,34.0,0.48,0.9,12,6
5683,2018,03/25,12.306.173.786.750.100,São Pedro do Iguaçu,34.0,0.48,0.9,12,6
5684,2019,03/25,1.331.869.471.899.230,São Pedro do Iguaçu,34.0,0.48,0.9,12,6
5685,2020,03/25,12.267.627.000.415.900,São Pedro do Iguaçu,34.0,0.48,0.9,12,6
5686,2021,03/25,12.690.935.789.858.900,São Pedro do Iguaçu,34.0,0.48,0.9,12,6
5687,2022,03/25,1.146.820.487.445.280,São Pedro do Iguaçu,34.0,0.48,0.9,12,6
5688,2023,03/25,13.433.561.243.613.900,São Pedro do Iguaçu,34.0,0.48,0.9,12,6
5689,2024,03/25,12.840.489.835.621.100,São Pedro do Iguaçu,34.0,0.48,0.9,12,6
5690,2015,03/25,13.914.818.730.166.500,Toledo,34.0,0.48,0.9,12,6
5691,2016,03/25,9.677.019.179.376.650,Toledo,34.0,0.48,0.9,12,6
5692,2017,03/25,13.217.905.082.729.600,Toledo,34.0,0.48,0.9,12,6
5693,2018,03/25,13.265.707.163.886.900,Toledo,34.0,0.48,0.9,12,6
5694,2019,03/25,1.392.682.335.782.750,Toledo,34.0,0.48,0.9,12,6
5695,2020,03/25,13.424.529.144.871.200,Toledo,34.0,0.48,0.9,12,6
5696,2021,03/25,13.226.878.977.377.000,Toledo,34.0,0.48,0.9,12,6
5697,2022,03/25,1.215.607.174.757.780,Toledo,34.0,0.48,0.9,12,6
5698,2023,03/25,13.920.259.634.151.000,Toledo,34.0,0.48,0.9,12,6
5699,2024,03/25,13.910.063.466.033.000,Toledo,34.0,0.48,0.9,12,6
5700,2015,03/25,13.139.309.117.105.400,Cascavel,34.0,0.48,0.9,12,7
5701,2016,03/25,7.171.383.642.401.280,Cascavel,34.0,0.48,0.9,12,7
5702,2017,03/25,12.335.386.037.347.100,Cascavel,34.0,0.48,0.9,12,7
5703,2018,03/25,11.953.141.558.716.400,Cascavel,34.0,0.48,0.9,12,7
5704,2019,03/25,13.138.678.043.620.800,Cascavel,34.0,0.48,0.9,12,7
5705,2020,03/25,12.077.872.315.409.300,Cascavel,34.0,0.48,0.9,12,7
5706,2021,03/25,12.159.277.403.894.200,Cascavel,34.0,0.48,0.9,12,7
5707,2022,03/25,1.133.409.674.053.780,Cascavel,34.0,0.48,0.9,12,7
5708,2023,03/25,12.794.847.111.013.900,Cascavel,34.0,0.48,0.9,12,7
5709,2024,03/25,13.112.591.225.488.000,Cascavel,34.0,0.48,0.9,12,7
5710,2015,03/25,14.187.357.549.638.300,Foz do Iguaçu,34.0,0.48,0.9,12,7
5711,2016,03/25,11.237.082.089.316.300,Foz do Iguaçu,34.0,0.48,0.9,12,7
5712,2017,03/25,1.371.338.137.247.750,Foz do Iguaçu,34.0,0.48,0.9,12,7
5713,2018,03/25,13.032.294.137.870.800,Foz do Iguaçu,34.0,0.48,0.9,12,7
5714,2019,03/25,14.018.304.860.411.400,Foz do Iguaçu,34.0,0.48,0.9,12,7
5715,2020,03/25,1.277.601.991.087.770,Foz do Iguaçu,34.0,0.48,0.9,12,7
5716,2021,03/25,13.358.070.010.351.800,Foz do Iguaçu,34.0,0.48,0.9,12,7
5717,2022,03/25,12.431.321.732.914.500,Foz do Iguaçu,34.0,0.48,0.9,12,7
5718,2023,03/25,14.250.136.129.795.100,Foz do Iguaçu,34.0,0.48,0.9,12,7
5719,2024,03/25,12.768.590.271.762.500,Foz do Iguaçu,34.0,0.48,0.9,12,7
5720,2015,03/25,14.664.864.843.355.200,Guaíra,34.0,0.48,0.9,12,7
5721,2016,03/25,11.993.172.800.201.900,Guaíra,34.0,0.48,0.9,12,7
5722,2017,03/25,1.396.824.824.190.140,Guaíra,34.0,0.48,0.9,12,7
5723,2018,03/25,13.897.739.905.823.300,Guaíra,34.0,0.48,0.9,12,7
5724,2019,03/25,14.539.452.581.194.200,Guaíra,34.0,0.48,0.9,12,7
5725,2020,03/25,1.416.154.764.212.060,Guaíra,34.0,0.48,0.9,12,7
5726,2021,03/25,13.622.309.940.980.800,Guaíra,34.0,0.48,0.9,12,7
5727,2022,03/25,13.125.469.837.583.800,Guaíra,34.0,0.48,0.9,12,7
5728,2023,03/25,14.353.420.152.449.400,Guaíra,34.0,0.48,0.9,12,7
5729,2024,03/25,14.447.080.752.832.700,Guaíra,34.0,0.48,0.9,12,7
5730,2015,03/25,14.676.517.495.894.000,Marechal Cândido Rondon,34.0,0.48,0.9,12,7
5731,2016,03/25,12.088.566.847.807.800,Marechal Cândido Rondon,34.0,0.48,0.9,12,7
5732,2017,03/25,14.089.223.981.728.400,Marechal Cândido Rondon,34.0,0.48,0.9,12,7
5733,2018,03/25,13.957.746.083.273.500,Marechal Cândido Rondon,34.0,0.48,0.9,12,7
5734,2019,03/25,14.536.371.460.455.800,Marechal Cândido Rondon,34.0,0.48,0.9,12,7
5735,2020,03/25,14.033.868.491.171.700,Marechal Cândido Rondon,34.0,0.48,0.9,12,7
5736,2021,03/25,13.915.543.542.920.900,Marechal Cândido Rondon,34.0,0.48,0.9,12,7
5737,2022,03/25,1.317.002.517.634.340,Marechal Cândido Rondon,34.0,0.48,0.9,12,7
5738,2023,03/25,14.506.824.809.576.500,Marechal Cândido Rondon,34.0,0.48,0.9,12,7
5739,2024,03/25,14.095.027.130.412.700,Marechal Cândido Rondon,34.0,0.48,0.9,12,7
5740,2015,03/25,13.595.702.239.908.300,Matelândia,34.0,0.48,0.9,12,7
5741,2016,03/25,8.147.096.781.241.930,Matelândia,34.0,0.48,0.9,12,7
5742,2017,03/25,13.172.717.042.113.700,Matelândia,34.0,0.48,0.9,12,7
5743,2018,03/25,12.380.207.947.297.300,Matelândia,34.0,0.48,0.9,12,7
5744,2019,03/25,1.356.824.699.011.080,Matelândia,34.0,0.48,0.9,12,7
5745,2020,03/25,1.236.065.015.584.300,Matelândia,34.0,0.48,0.9,12,7
5746,2021,03/25,12.974.383.909.265.400,Matelândia,34.0,0.48,0.9,12,7
5747,2022,03/25,11.884.656.431.390.100,Matelândia,34.0,0.48,0.9,12,7
5748,2023,03/25,13.703.723.847.301.900,Matelândia,34.0,0.48,0.9,12,7
5749,2024,03/25,12.779.163.572.370.100,Matelândia,34.0,0.48,0.9,12,7
5750,2015,03/25,14.187.357.549.638.300,Medianeira,34.0,0.48,0.9,12,7
5751,2016,03/25,11.236.632.800.364.100,Medianeira,34.0,0.48,0.9,12,7
5752,2017,03/25,13.713.338.917.135.400,Medianeira,34.0,0.48,0.9,12,7
5753,2018,03/25,130.319.745.009.591,Medianeira,34.0,0.48,0.9,12,7
5754,2019,03/25,1.401.826.418.054.020,Medianeira,34.0,0.48,0.9,12,7
5755,2020,03/25,1.277.571.949.875.610,Medianeira,34.0,0.48,0.9,12,7
5756,2021,03/25,1.335.712.189.361.990,Medianeira,34.0,0.48,0.9,12,7
5757,2022,03/25,12.431.321.732.914.500,Medianeira,34.0,0.48,0.9,12,7
5758,2023,03/25,14.249.704.542.547.800,Medianeira,34.0,0.48,0.9,12,7
5759,2024,03/25,1.276.846.785.569.620,Medianeira,34.0,0.48,0.9,12,7
5760,2015,03/25,14.631.591.524.406.800,Santa Helena,34.0,0.48,0.9,12,7
5761,2016,03/25,1.204.641.358.912.660,Santa Helena,34.0,0.48,0.9,12,7
5762,2017,03/25,14.078.997.155.344.800,Santa Helena,34.0,0.48,0.9,12,7
5763,2018,03/25,13.672.008.751.335.700,Santa Helena,34.0,0.48,0.9,12,7
5764,2019,03/25,14.365.068.072.372.200,Santa Helena,34.0,0.48,0.9,12,7
5765,2020,03/25,13.680.079.854.060.500,Santa Helena,34.0,0.48,0.9,12,7
5766,2021,03/25,13.768.533.580.000.000,Santa Helena,34.0,0.48,0.9,12,7
5767,2022,03/25,1.312.852.506.767.300,Santa Helena,34.0,0.48,0.9,12,7
5768,2023,03/25,14.567.152.446.852.900,Santa Helena,34.0,0.48,0.9,12,7
5769,2024,03/25,1.354.142.228.410.210,Santa Helena,34.0,0.48,0.9,12,7
5770,2015,03/25,14.187.357.549.638.300,São Miguel do Iguaçu,34.0,0.48,0.9,12,7
5771,2016,03/25,11.236.996.267.181.800,São Miguel do Iguaçu,34.0,0.48,0.9,12,7
5772,2017,03/25,1.371.336.696.997.820,São Miguel do Iguaçu,34.0,0.48,0.9,12,7
5773,2018,03/25,13.032.239.713.536.000,São Miguel do Iguaçu,34.0,0.48,0.9,12,7
5774,2019,03/25,1.401.830.120.906.340,São Miguel do Iguaçu,34.0,0.48,0.9,12,7
5775,2020,03/25,12.775.974.887.256.100,São Miguel do Iguaçu,34.0,0.48,0.9,12,7
5776,2021,03/25,1.335.794.486.338.790,São Miguel do Iguaçu,34.0,0.48,0.9,12,7
5777,2022,03/25,12.431.321.732.914.500,São Miguel do Iguaçu,34.0,0.48,0.9,12,7
5778,2023,03/25,14.250.103.290.858.300,São Miguel do Iguaçu,34.0,0.48,0.9,12,7
5779,2024,03/25,12.768.561.054.117.500,São Miguel do Iguaçu,34.0,0.48,0.9,12,7
5780,2015,03/25,13.211.647.644.088.000,São Pedro do Iguaçu,34.0,0.48,0.9,12,7
5781,2016,03/25,66.612.863.605.641.000,São Pedro do Iguaçu,34.0,0.48,0.9,12,7
5782,2017,03/25,12.709.486.651.649.700,São Pedro do Iguaçu,34.0,0.48,0.9,12,7
5783,2018,03/25,12.306.173.786.750.100,São Pedro do Iguaçu,34.0,0.48,0.9,12,7
5784,2019,03/25,1.331.869.471.899.230,São Pedro do Iguaçu,34.0,0.48,0.9,12,7
5785,2020,03/25,12.267.627.000.415.900,São Pedro do Iguaçu,34.0,0.48,0.9,12,7
5786,2021,03/25,12.690.935.789.858.900,São Pedro do Iguaçu,34.0,0.48,0.9,12,7
5787,2022,03/25,1.146.820.487.445.280,São Pedro do Iguaçu,34.0,0.48,0.9,12,7
5788,2023,03/25,13.433.561.243.613.900,São Pedro do Iguaçu,34.0,0.48,0.9,12,7
5789,2024,03/25,12.840.489.835.621.100,São Pedro do Iguaçu,34.0,0.48,0.9,12,7
5790,2015,03/25,13.914.818.730.166.500,Toledo,34.0,0.48,0.9,12,7
5791,2016,03/25,9.677.019.179.376.650,Toledo,34.0,0.48,0.9,12,7
5792,2017,03/25,13.217.905.082.729.600,Toledo,34.0,0.48,0.9,12,7
5793,2018,03/25,13.265.707.163.886.900,Toledo,34.0,0.48,0.9,12,7
5794,2019,03/25,1.392.682.335.782.750,Toledo,34.0,0.48,0.9,12,7
5795,2020,03/25,13.424.529.144.871.200,Toledo,34.0,0.48,0.9,12,7
5796,2021,03/25,13.226.878.977.377.000,Toledo,34.0,0.48,0.9,12,7
5797,2022,03/25,1.215.607.174.757.780,Toledo,34.0,0.48,0.9,12,7
5798,2023,03/25,13.920.259.634.151.000,Toledo,34.0,0.48,0.9,12,7
5799,2024,03/25,13.910.063.466.033.000,Toledo,34.0,0.48,0.9,12,7
5800,2015,03/25,13.139.309.117.105.400,Cascavel,34.0,0.48,0.9,13,6
5801,2016,03/25,7.171.383.642.401.280,Cascavel,34.0,0.48,0.9,13,6
5802,2017,03/25,12.335.386.037.347.100,Cascavel,34.0,0.48,0.9,13,6
5803,2018,03/25,11.953.141.558.716.400,Cascavel,34.0,0.48,0.9,13,6
5804,2019,03/25,13.138.678.043.620.800,Cascavel,34.0,0.48,0.9,13,6
5805,2020,03/25,12.077.872.315.409.300,Cascavel,34.0,0.48,0.9,13,6
5806,2021,03/25,12.159.277.403.894.200,Cascavel,34.0,0.48,0.9,13,6
5807,2022,03/25,1.133.409.674.053.780,Cascavel,34.0,0.48,0.9,13,6
5808,2023,03/25,12.794.847.111.013.900,Cascavel,34.0,0.48,0.9,13,6
5809,2024,03/25,13.112.591.225.488.000,Cascavel,34.0,0.48,0.9,13,6
5810,2015,03/25,14.187.357.549.638.300,Foz do Iguaçu,34.0,0.48,0.9,13,6
5811,2016,03/25,11.237.082.089.316.300,Foz do Iguaçu,34.0,0.48,0.9,13,6
5812,2017,03/25,1.371.338.137.247.750,Foz do Iguaçu,34.0,0.48,0.9,13,6
5813,2018,03/25,13.032.294.137.870.800,Foz do Iguaçu,34.0,0.48,0.9,13,6
5814,2019,03/25,14.018.304.860.411.400,Foz do Iguaçu,34.0,0.48,0.9,13,6
5815,2020,03/25,1.277.601.991.087.770,Foz do Iguaçu,34.0,0.48,0.9,13,6
5816,2021,03/25,13.358.070.010.351.800,Foz do Iguaçu,34.0,0.48,0.9,13,6
5817,2022,03/25,12.431.321.732.914.500,Foz do Iguaçu,34.0,0.48,0.9,13,6
5818,2023,03/25,14.250.136.129.795.100,Foz do Iguaçu,34.0,0.48,0.9,13,6
5819,2024,03/25,12.768.590.271.762.500,Foz do Iguaçu,34.0,0.48,0.9,13,6
5820,2015,03/25,14.664.864.843.355.200,Guaíra,34.0,0.48,0.9,13,6
5821,2016,03/25,11.993.172.800.201.900,Guaíra,34.0,0.48,0.9,13,6
5822,2017,03/25,1.396.824.824.190.140,Guaíra,34.0,0.48,0.9,13,6
5823,2018,03/25,13.897.739.905.823.300,Guaíra,34.0,0.48,0.9,13,6
5824,2019,03/25,14.539.452.581.194.200,Guaíra,34.0,0.48,0.9,13,6
5825,2020,03/25,1.416.154.764.212.060,Guaíra,34.0,0.48,0.9,13,6
5826,2021,03/25,13.622.309.940.980.800,Guaíra,34.0,0.48,0.9,13,6
5827,2022,03/25,13.125.469.837.583.800,Guaíra,34.0,0.48,0.9,13,6
5828,2023,03/25,14.353.420.152.449.400,Guaíra,34.0,0.48,0.9,13,6
5829,2024,03/25,14.447.080.752.832.700,Guaíra,34.0,0.48,0.9,13,6
5830,2015,03/25,14.676.517.495.894.000,Marechal Cândido Rondon,34.0,0.48,0.9,13,6
5831,2016,03/25,12.088.566.847.807.800,Marechal Cândido Rondon,34.0,0.48,0.9,13,6
5832,2017,03/25,14.089.223.981.728.400,Marechal Cândido Rondon,34.0,0.48,0.9,13,6
5833,2018,03/25,13.957.746.083.273.500,Marechal Cândido Rondon,34.0,0.48,0.9,13,6
5834,2019,03/25,14.536.371.460.455.800,Marechal Cândido Rondon,34.0,0.48,0.9,13,6
5835,2020,03/25,14.033.868.491.171.700,Marechal Cândido Rondon,34.0,0.48,0.9,13,6
5836,2021,03/25,13.915.543.542.920.900,Marechal Cândido Rondon,34.0,0.48,0.9,13,6
5837,2022,03/25,1.317.002.517.634.340,Marechal Cândido Rondon,34.0,0.48,0.9,13,6
5838,2023,03/25,14.506.824.809.576.500,Marechal Cândido Rondon,34.0,0.48,0.9,13,6
5839,2024,03/25,14.095.027.130.412.700,Marechal Cândido Rondon,34.0,0.48,0.9,13,6
5840,2015,03/25,13.595.702.239.908.300,Matelândia,34.0,0.48,0.9,13,6
5841,2016,03/25,8.147.096.781.241.930,Matelândia,34.0,0.48,0.9,13,6
5842,2017,03/25,13.172.717.042.113.700,Matelândia,34.0,0.48,0.9,13,6
5843,2018,03/25,12.380.207.947.297.300,Matelândia,34.0,0.48,0.9,13,6
5844,2019,03/25,1.356.824.699.011.080,Matelândia,34.0,0.48,0.9,13,6
5845,2020,03/25,1.236.065.015.584.300,Matelândia,34.0,0.48,0.9,13,6
5846,2021,03/25,12.974.383.909.265.400,Matelândia,34.0,0.48,0.9,13,6
5847,2022,03/25,11.884.656.431.390.100,Matelândia,34.0,0.48,0.9,13,6
5848,2023,03/25,13.703.723.847.301.900,Matelândia,34.0,0.48,0.9,13,6
5849,2024,03/25,12.779.163.572.370.100,Matelândia,34.0,0.48,0.9,13,6
5850,2015,03/25,14.187.357.549.638.300,Medianeira,34.0,0.48,0.9,13,6
5851,2016,03/25,11.236.632.800.364.100,Medianeira,34.0,0.48,0.9,13,6
5852,2017,03/25,13.713.338.917.135.400,Medianeira,34.0,0.48,0.9,13,6
5853,2018,03/25,130.319.745.009.591,Medianeira,34.0,0.48,0.9,13,6
5854,2019,03/25,1.401.826.418.054.020,Medianeira,34.0,0.48,0.9,13,6
5855,2020,03/25,1.277.571.949.875.610,Medianeira,34.0,0.48,0.9,13,6
5856,2021,03/25,1.335.712.189.361.990,Medianeira,34.0,0.48,0.9,13,6
5857,2022,03/25,12.431.321.732.914.500,Medianeira,34.0,0.48,0.9,13,6
5858,2023,03/25,14.249.704.542.547.800,Medianeira,34.0,0.48,0.9,13,6
5859,2024,03/25,1.276.846.785.569.620,Medianeira,34.0,0.48,0.9,13,6
5860,2015,03/25,14.631.591.524.406.800,Santa Helena,34.0,0.48,0.9,13,6
5861,2016,03/25,1.204.641.358.912.660,Santa Helena,34.0,0.48,0.9,13,6
5862,2017,03/25,14.078.997.155.344.800,Santa Helena,34.0,0.48,0.9,13,6
5863,2018,03/25,13.672.008.751.335.700,Santa Helena,34.0,0.48,0.9,13,6
5864,2019,03/25,14.365.068.072.372.200,Santa Helena,34.0,0.48,0.9,13,6
5865,2020,03/25,13.680.079.854.060.500,Santa Helena,34.0,0.48,0.9,13,6
5866,2021,03/25,13.768.533.580.000.000,Santa Helena,34.0,0.48,0.9,13,6
5867,2022,03/25,1.312.852.506.767.300,Santa Helena,34.0,0.48,0.9,13,6
5868,2023,03/25,14.567.152.446.852.900,Santa Helena,34.0,0.48,0.9,13,6
5869,2024,03/25,1.354.142.228.410.210,Santa Helena,34.0,0.48,0.9,13,6
5870,2015,03/25,14.187.357.549.638.300,São Miguel do Iguaçu,34.0,0.48,0.9,13,6
5871,2016,03/25,11.236.996.267.181.800,São Miguel do Iguaçu,34.0,0.48,0.9,13,6
5872,2017,03/25,1.371.336.696.997.820,São Miguel do Iguaçu,34.0,0.48,0.9,13,6
5873,2018,03/25,13.032.239.713.536.000,São Miguel do Iguaçu,34.0,0.48,0.9,13,6
5874,2019,03/25,1.401.830.120.906.340,São Miguel do Iguaçu,34.0,0.48,0.9,13,6
5875,2020,03/25,12.775.974.887.256.100,São Miguel do Iguaçu,34.0,0.48,0.9,13,6
5876,2021,03/25,1.335.794.486.338.790,São Miguel do Iguaçu,34.0,0.48,0.9,13,6
5877,2022,03/25,12.431.321.732.914.500,São Miguel do Iguaçu,34.0,0.48,0.9,13,6
5878,2023,03/25,14.250.103.290.858.300,São Miguel do Iguaçu,34.0,0.48,0.9,13,6
5879,2024,03/25,12.768.561.054.117.500,São Miguel do Iguaçu,34.0,0.48,0.9,13,6
5880,2015,03/25,13.211.647.644.088.000,São Pedro do Iguaçu,34.0,0.48,0.9,13,6
5881,2016,03/25,66.612.863.605.641.000,São Pedro do Iguaçu,34.0,0.48,0.9,13,6
5882,2017,03/25,12.709.486.651.649.700,São Pedro do Iguaçu,34.0,0.48,0.9,13,6
5883,2018,03/25,12.306.173.786.750.100,São Pedro do Iguaçu,34.0,0.48,0.9,13,6
5884,2019,03/25,1.331.869.471.899.230,São Pedro do Iguaçu,34.0,0.48,0.9,13,6
5885,2020,03/25,12.267.627.000.415.900,São Pedro do Iguaçu,34.0,0.48,0.9,13,6
5886,2021,03/25,12.690.935.789.858.900,São Pedro do Iguaçu,34.0,0.48,0.9,13,6
5887,2022,03/25,1.146.820.487.445.280,São Pedro do Iguaçu,34.0,0.48,0.9,13,6
5888,2023,03/25,13.433.561.243.613.900,São Pedro do Iguaçu,34.0,0.48,0.9,13,6
5889,2024,03/25,12.840.489.835.621.100,São Pedro do Iguaçu,34.0,0.48,0.9,13,6
5890,2015,03/25,13.914.818.730.166.500,Toledo,34.0,0.48,0.9,13,6
5891,2016,03/25,9.677.019.179.376.650,Toledo,34.0,0.48,0.9,13,6
5892,2017,03/25,13.217.905.082.729.600,Toledo,34.0,0.48,0.9,13,6
5893,2018,03/25,13.265.707.163.886.900,Toledo,34.0,0.48,0.9,13,6
5894,2019,03/25,1.392.682.335.782.750,Toledo,34.0,0.48,0.9,13,6
5895,2020,03/25,13.424.529.144.871.200,Toledo,34.0,0.48,0.9,13,6
5896,2021,03/25,13.226.878.977.377.000,Toledo,34.0,0.48,0.9,13,6
5897,2022,03/25,1.215.607.174.757.780,Toledo,34.0,0.48,0.9,13,6
5898,2023,03/25,13.920.259.634.151.000,Toledo,34.0,0.48,0.9,13,6
5899,2024,03/25,13.910.063.466.033.000,Toledo,34.0,0.48,0.9,13,6
5900,2015,03/25,13.139.309.117.105.400,Cascavel,34.0,0.48,0.9,13,7
5901,2016,03/25,7.171.383.642.401.280,Cascavel,34.0,0.48,0.9,13,7
5902,2017,03/25,12.335.386.037.347.100,Cascavel,34.0,0.48,0.9,13,7
5903,2018,03/25,11.953.141.558.716.400,Cascavel,34.0,0.48,0.9,13,7
5904,2019,03/25,13.138.678.043.620.800,Cascavel,34.0,0.48,0.9,13,7
5905,2020,03/25,12.077.872.315.409.300,Cascavel,34.0,0.48,0.9,13,7
5906,2021,03/25,12.159.277.403.894.200,Cascavel,34.0,0.48,0.9,13,7
5907,2022,03/25,1.133.409.674.053.780,Cascavel,34.0,0.48,0.9,13,7
5908,2023,03/25,12.794.847.111.013.900,Cascavel,34.0,0.48,0.9,13,7
5909,2024,03/25,13.112.591.225.488.000,Cascavel,34.0,0.48,0.9,13,7
5910,2015,03/25,14.187.357.549.638.300,Foz do Iguaçu,34.0,0.48,0.9,13,7
5911,2016,03/25,11.237.082.089.316.300,Foz do Iguaçu,34.0,0.48,0.9,13,7
5912,2017,03/25,1.371.338.137.247.750,Foz do Iguaçu,34.0,0.48,0.9,13,7
5913,2018,03/25,13.032.294.137.870.800,Foz do Iguaçu,34.0,0.48,0.9,13,7
5914,2019,03/25,14.018.304.860.411.400,Foz do Iguaçu,34.0,0.48,0.9,13,7
5915,2020,03/25,1.277.601.991.087.770,Foz do Iguaçu,34.0,0.48,0.9,13,7
5916,2021,03/25,13.358.070.010.351.800,Foz do Iguaçu,34.0,0.48,0.9,13,7
5917,2022,03/25,12.431.321.732.914.500,Foz do Iguaçu,34.0,0.48,0.9,13,7
5918,2023,03/25,14.250.136.129.795.100,Foz do Iguaçu,34.0,0.48,0.9,13,7
5919,2024,03/25,12.768.590.271.762.500,Foz do Iguaçu,34.0,0.48,0.9,13,7
5920,2015,03/25,14.664.864.843.355.200,Guaíra,34.0,0.48,0.9,13,7
5921,2016,03/25,11.993.172.800.201.900,Guaíra,34.0,0.48,0.9,13,7
5922,2017,03/25,1.396.824.824.190.140,Guaíra,34.0,0.48,0.9,13,7
5923,2018,03/25,13.897.739.905.823.300,Guaíra,34.0,0.48,0.9,13,7
5924,2019,03/25,14.539.452.581.194.200,Guaíra,34.0,0.48,0.9,13,7
5925,2020,03/25,1.416.154.764.212.060,Guaíra,34.0,0.48,0.9,13,7
5926,2021,03/25,13.622.309.940.980.800,Guaíra,34.0,0.48,0.9,13,7
5927,2022,03/25,13.125.469.837.583.800,Guaíra,34.0,0.48,0.9,13,7
5928,2023,03/25,14.353.420.152.449.400,Guaíra,34.0,0.48,0.9,13,7
5929,2024,03/25,14.447.080.752.832.700,Guaíra,34.0,0.48,0.9,13,7
5930,2015,03/25,14.676.517.495.894.000,Marechal Cândido Rondon,34.0,0.48,0.9,13,7
5931,2016,03/25,12.088.566.847.807.800,Marechal Cândido Rondon,34.0,0.48,0.9,13,7
5932,2017,03/25,14.089.223.981.728.400,Marechal Cândido Rondon,34.0,0.48,0.9,13,7
5933,2018,03/25,13.957.746.083.273.500,Marechal Cândido Rondon,34.0,0.48,0.9,13,7
5934,2019,03/25,14.536.371.460.455.800,Marechal Cândido Rondon,34.0,0.48,0.9,13,7
5935,2020,03/25,14.033.868.491.171.700,Marechal Cândido Rondon,34.0,0.48,0.9,13,7
5936,2021,03/25,13.915.543.542.920.900,Marechal Cândido Rondon,34.0,0.48,0.9,13,7
5937,2022,03/25,1.317.002.517.634.340,Marechal Cândido Rondon,34.0,0.48,0.9,13,7
5938,2023,03/25,14.506.824.809.576.500,Marechal Cândido Rondon,34.0,0.48,0.9,13,7
5939,2024,03/25,14.095.027.130.412.700,Marechal Cândido Rondon,34.0,0.48,0.9,13,7
5940,2015,03/25,13.595.702.239.908.300,Matelândia,34.0,0.48,0.9,13,7
5941,2016,03/25,8.147.096.781.241.930,Matelândia,34.0,0.48,0.9,13,7
5942,2017,03/25,13.172.717.042.113.700,Matelândia,34.0,0.48,0.9,13,7
5943,2018,03/25,12.380.207.947.297.300,Matelândia,34.0,0.48,0.9,13,7
5944,2019,03/25,1.356.824.699.011.080,Matelândia,34.0,0.48,0.9,13,7
5945,2020,03/25,1.236.065.015.584.300,Matelândia,34.0,0.48,0.9,13,7
5946,2021,03/25,12.974.383.909.265.400,Matelândia,34.0,0.48,0.9,13,7
5947,2022,03/25,11.884.656.431.390.100,Matelândia,34.0,0.48,0.9,13,7
5948,2023,03/25,13.703.723.847.301.900,Matelândia,34.0,0.48,0.9,13,7
5949,2024,03/25,12.779.163.572.370.100,Matelândia,34.0,0.48,0.9,13,7
5950,2015,03/25,14.187.357.549.638.300,Medianeira,34.0,0.48,0.9,13,7
5951,2016,03/25,11.236.632.800.364.100,Medianeira,34.0,0.48,0.9,13,7
5952,2017,03/25,13.713.338.917.135.400,Medianeira,34.0,0.48,0.9,13,7
5953,2018,03/25,130.319.745.009.591,Medianeira,34.0,0.48,0.9,13,7
5954,2019,03/25,1.401.826.418.054.020,Medianeira,34.0,0.48,0.9,13,7
5955,2020,03/25,1.277.571.949.875.610,Medianeira,34.0,0.48,0.9,13,7
5956,2021,03/25,1.335.712.189.361.990,Medianeira,34.0,0.48,0.9,13,7
5957,2022,03/25,12.431.321.732.914.500,Medianeira,34.0,0.48,0.9,13,7
5958,2023,03/25,14.249.704.542.547.800,Medianeira,34.0,0.48,0.9,13,7
5959,2024,03/25,1.276.846.785.569.620,Medianeira,34.0,0.48,0.9,13,7
5960,2015,03/25,14.631.591.524.406.800,Santa Helena,34.0,0.48,0.9,13,7
5961,2016,03/25,1.204.641.358.912.660,Santa Helena,34.0,0.48,0.9,13,7
5962,2017,03/25,14.078.997.155.344.800,Santa Helena,34.0,0.48,0.9,13,7
5963,2018,03/25,13.672.008.751.335.700,Santa Helena,34.0,0.48,0.9,13,7
5964,2019,03/25,14.365.068.072.372.200,Santa Helena,34.0,0.48,0.9,13,7
5965,2020,03/25,13.680.079.854.060.500,Santa Helena,34.0,0.48,0.9,13,7
5966,2021,03/25,13.768.533.580.000.000,Santa Helena,34.0,0.48,0.9,13,7
5967,2022,03/25,1.312.852.506.767.300,Santa Helena,34.0,0.48,0.9,13,7
5968,2023,03/25,14.567.152.446.852.900,Santa Helena,34.0,0.48,0.9,13,7
5969,2024,03/25,1.354.142.228.410.210,Santa Helena,34.0,0.48,0.9,13,7
5970,2015,03/25,14.187.357.549.638.300,São Miguel do Iguaçu,34.0,0.48,0.9,13,7
5971,2016,03/25,11.236.996.267.181.800,São Miguel do Iguaçu,34.0,0.48,0.9,13,7
5972,2017,03/25,1.371.336.696.997.820,São Miguel do Iguaçu,34.0,0.48,0.9,13,7
5973,2018,03/25,13.032.239.713.536.000,São Miguel do Iguaçu,34.0,0.48,0.9,13,7
5974,2019,03/25,1.401.830.120.906.340,São Miguel do Iguaçu,34.0,0.48,0.9,13,7
5975,2020,03/25,12.775.974.887.256.100,São Miguel do Iguaçu,34.0,0.48,0.9,13,7
5976,2021,03/25,1.335.794.486.338.790,São Miguel do Iguaçu,34.0,0.48,0.9,13,7
5977,2022,03/25,12.431.321.732.914.500,São Miguel do Iguaçu,34.0,0.48,0.9,13,7
5978,2023,03/25,14.250.103.290.858.300,São Miguel do Iguaçu,34.0,0.48,0.9,13,7
5979,2024,03/25,12.768.561.054.117.500,São Miguel do Iguaçu,34.0,0.48,0.9,13,7
5980,2015,03/25,13.211.647.644.088.000,São Pedro do Iguaçu,34.0,0.48,0.9,13,7
5981,2016,03/25,66.612.863.605.641.000,São Pedro do Iguaçu,34.0,0.48,0.9,13,7
5982,2017,03/25,12.709.486.651.649.700,São Pedro do Iguaçu,34.0,0.48,0.9,13,7
5983,2018,03/25,12.306.173.786.750.100,São Pedro do Iguaçu,34.0,0.48,0.9,13,7
5984,2019,03/25,1.331.869.471.899.230,São Pedro do Iguaçu,34.0,0.48,0.9,13,7
5985,2020,03/25,12.267.627.000.415.900,São Pedro do Iguaçu,34.0,0.48,0.9,13,7
5986,2021,03/25,12.690.935.789.858.900,São Pedro do Iguaçu,34.0,0.48,0.9,13,7
5987,2022,03/25,1.146.820.487.445.280,São Pedro do Iguaçu,34.0,0.48,0.9,13,7
5988,2023,03/25,13.433.561.243.613.900,São Pedro do Iguaçu,34.0,0.48,0.9,13,7
5989,2024,03/25,12.840.489.835.621.100,São Pedro do Iguaçu,34.0,0.48,0.9,13,7
5990,2015,03/25,13.914.818.730.166.500,Toledo,34.0,0.48,0.9,13,7
5991,2016,03/25,9.677.019.179.376.650,Toledo,34.0,0.48,0.9,13,7
5992,2017,03/25,13.217.905.082.729.600,Toledo,34.0,0.48,0.9,13,7
5993,2018,03/25,13.265.707.163.886.900,Toledo,34.0,0.48,0.9,13,7
5994,2019,03/25,1.392.682.335.782.750,Toledo,34.0,0.48,0.9,13,7
5995,2020,03/25,13.424.529.144.871.200,Toledo,34.0,0.48,0.9,13,7
5996,2021,03/25,13.226.878.977.377.000,Toledo,34.0,0.48,0.9,13,7
5997,2022,03/25,1.215.607.174.757.780,Toledo,34.0,0.48,0.9,13,7
5998,2023,03/25,13.920.259.634.151.000,Toledo,34.0,0.48,0.9,13,7
5999,2024,03/25,13.910.063.466.033.000,Toledo,34.0,0.48,0.9,13,7
6000,2015,03/25,13.549.737.213.669.500,Cascavel,34.0,0.48,0.95,12,6
6001,2016,03/25,7.397.379.030.852.550,Cascavel,34.0,0.48,0.95,12,6
6002,2017,03/25,12.727.695.616.438.600,Cascavel,34.0,0.48,0.95,12,6
6003,2018,03/25,12.318.471.301.249.900,Cascavel,34.0,0.48,0.95,12,6
6004,2019,03/25,13.550.971.542.912.100,Cascavel,34.0,0.48,0.95,12,6
6005,2020,03/25,1.245.129.814.648.710,Cascavel,34.0,0.48,0.95,12,6
6006,2021,03/25,12.523.325.715.962.900,Cascavel,34.0,0.48,0.95,12,6
6007,2022,03/25,11.681.436.998.393.600,Cascavel,34.0,0.48,0.95,12,6
6008,2023,03/25,1.319.975.011.408.420,Cascavel,34.0,0.48,0.95,12,6
6009,2024,03/25,13.525.812.070.822.300,Cascavel,34.0,0.48,0.95,12,6
6010,2015,03/25,1.463.377.665.402.490,Foz do Iguaçu,34.0,0.48,0.95,12,6
6011,2016,03/25,11.593.761.981.955.100,Foz do Iguaçu,34.0,0.48,0.95,12,6
6012,2017,03/25,14.148.612.560.661.600,Foz do Iguaçu,34.0,0.48,0.95,12,6
6013,2018,03/25,13.435.625.752.763.600,Foz do Iguaçu,34.0,0.48,0.95,12,6
6014,2019,03/25,14.457.257.482.009.800,Foz do Iguaçu,34.0,0.48,0.95,12,6
6015,2020,03/25,13.171.861.499.947.300,Foz do Iguaçu,34.0,0.48,0.95,12,6
6016,2021,03/25,13.762.661.781.288.000,Foz do Iguaçu,34.0,0.48,0.95,12,6
6017,2022,03/25,1.281.627.218.262.470,Foz do Iguaçu,34.0,0.48,0.95,12,6
6018,2023,03/25,14.700.372.224.495.600,Foz do Iguaçu,34.0,0.48,0.95,12,6
6019,2024,03/25,13.172.783.725.156.000,Foz do Iguaçu,34.0,0.48,0.95,12,6
6020,2015,03/25,15.127.842.428.905.200,Guaíra,34.0,0.48,0.95,12,6
6021,2016,03/25,12.374.463.254.865.500,Guaíra,34.0,0.48,0.95,12,6
6022,2017,03/25,1.441.105.691.710.330,Guaíra,34.0,0.48,0.95,12,6
6023,2018,03/25,14.332.846.546.128.600,Guaíra,34.0,0.48,0.95,12,6
6024,2019,03/25,14.997.868.897.134.600,Guaíra,34.0,0.48,0.95,12,6
6025,2020,03/25,14.604.992.142.179.100,Guaíra,34.0,0.48,0.95,12,6
6026,2021,03/25,14.037.091.773.690.400,Guaíra,34.0,0.48,0.95,12,6
6027,2022,03/25,13.535.158.309.345.700,Guaíra,34.0,0.48,0.95,12,6
6028,2023,03/25,14.807.989.171.296.000,Guaíra,34.0,0.48,0.95,12,6
6029,2024,03/25,14.904.580.532.373.400,Guaíra,34.0,0.48,0.95,12,6
6030,2015,03/25,15.139.628.040.736.900,Marechal Cândido Rondon,34.0,0.48,0.95,12,6
6031,2016,03/25,12.472.143.921.647.900,Marechal Cândido Rondon,34.0,0.48,0.95,12,6
6032,2017,03/25,14.535.401.791.248.500,Marechal Cândido Rondon,34.0,0.48,0.95,12,6
6033,2018,03/25,14.393.267.400.841.800,Marechal Cândido Rondon,34.0,0.48,0.95,12,6
6034,2019,03/25,14.994.197.733.359.900,Marechal Cândido Rondon,34.0,0.48,0.95,12,6
6035,2020,03/25,14.473.217.031.892.800,Marechal Cândido Rondon,34.0,0.48,0.95,12,6
6036,2021,03/25,14.339.295.074.556.300,Marechal Cândido Rondon,34.0,0.48,0.95,12,6
6037,2022,03/25,13.581.672.459.883.300,Marechal Cândido Rondon,34.0,0.48,0.95,12,6
6038,2023,03/25,14.966.189.652.656.800,Marechal Cândido Rondon,34.0,0.48,0.95,12,6
6039,2024,03/25,14.541.634.521.255.500,Marechal Cândido Rondon,34.0,0.48,0.95,12,6
6040,2015,03/25,14.022.494.109.845.100,Matelândia,34.0,0.48,0.95,12,6
6041,2016,03/25,8.405.353.010.051.350,Matelândia,34.0,0.48,0.95,12,6
6042,2017,03/25,13.592.125.148.312.200,Matelândia,34.0,0.48,0.95,12,6
6043,2018,03/25,12.760.659.992.464.900,Matelândia,34.0,0.48,0.95,12,6
6044,2019,03/25,13.993.187.106.632.900,Matelândia,34.0,0.48,0.95,12,6
6045,2020,03/25,12.743.429.038.146.900,Matelândia,34.0,0.48,0.95,12,6
6046,2021,03/25,13.365.636.053.135.500,Matelândia,34.0,0.48,0.95,12,6
6047,2022,03/25,12.250.644.488.093.500,Matelândia,34.0,0.48,0.95,12,6
6048,2023,03/25,14.136.664.751.695.200,Matelândia,34.0,0.48,0.95,12,6
6049,2024,03/25,13.183.069.342.617.900,Matelândia,34.0,0.48,0.95,12,6
6050,2015,03/25,1.463.377.665.402.490,Medianeira,34.0,0.48,0.95,12,6
6051,2016,03/25,11.593.301.878.574.900,Medianeira,34.0,0.48,0.95,12,6
6052,2017,03/25,14.148.568.779.165.400,Medianeira,34.0,0.48,0.95,12,6
6053,2018,03/25,13.435.279.444.759.400,Medianeira,34.0,0.48,0.95,12,6
6054,2019,03/25,14.457.215.376.563.100,Medianeira,34.0,0.48,0.95,12,6
6055,2020,03/25,1.317.155.578.845.790,Medianeira,34.0,0.48,0.95,12,6
6056,2021,03/25,13.761.670.751.460.400,Medianeira,34.0,0.48,0.95,12,6
6057,2022,03/25,1.281.627.218.262.470,Medianeira,34.0,0.48,0.95,12,6
6058,2023,03/25,14.699.926.077.181.400,Medianeira,34.0,0.48,0.95,12,6
6059,2024,03/25,13.172.657.258.770.200,Medianeira,34.0,0.48,0.95,12,6
6060,2015,03/25,1.509.329.717.264.720,Santa Helena,34.0,0.48,0.95,12,6
6061,2016,03/25,12.428.362.475.894.200,Santa Helena,34.0,0.48,0.95,12,6
6062,2017,03/25,14.524.582.624.865.800,Santa Helena,34.0,0.48,0.95,12,6
6063,2018,03/25,14.097.319.716.048.100,Santa Helena,34.0,0.48,0.95,12,6
6064,2019,03/25,14.816.550.743.927.700,Santa Helena,34.0,0.48,0.95,12,6
6065,2020,03/25,14.106.487.585.782.000,Santa Helena,34.0,0.48,0.95,12,6
6066,2021,03/25,14.186.796.466.621.200,Santa Helena,34.0,0.48,0.95,12,6
6067,2022,03/25,13.537.842.615.551.700,Santa Helena,34.0,0.48,0.95,12,6
6068,2023,03/25,15.028.015.988.679.900,Santa Helena,34.0,0.48,0.95,12,6
6069,2024,03/25,13.970.109.141.608.900,Santa Helena,34.0,0.48,0.95,12,6
6070,2015,03/25,1.463.377.665.402.490,São Miguel do Iguaçu,34.0,0.48,0.95,12,6
6071,2016,03/25,11.593.674.118.160.100,São Miguel do Iguaçu,34.0,0.48,0.95,12,6
6072,2017,03/25,1.414.859.770.827.010,São Miguel do Iguaçu,34.0,0.48,0.95,12,6
6073,2018,03/25,13.435.568.560.528.300,São Miguel do Iguaçu,34.0,0.48,0.95,12,6
6074,2019,03/25,1.445.725.370.269.840,São Miguel do Iguaçu,34.0,0.48,0.95,12,6
6075,2020,03/25,13.171.825.466.046.200,São Miguel do Iguaçu,34.0,0.48,0.95,12,6
6076,2021,03/25,1.376.252.747.028.960,São Miguel do Iguaçu,34.0,0.48,0.95,12,6
6077,2022,03/25,1.281.627.218.262.470,São Miguel do Iguaçu,34.0,0.48,0.95,12,6
6078,2023,03/25,14.700.338.278.107.900,São Miguel do Iguaçu,34.0,0.48,0.95,12,6
6079,2024,03/25,13.172.753.540.444.700,São Miguel do Iguaçu,34.0,0.48,0.95,12,6
6080,2015,03/25,13.625.312.089.227.000,São Pedro do Iguaçu,34.0,0.48,0.95,12,6
6081,2016,03/25,68.719.907.018.495.600,São Pedro do Iguaçu,34.0,0.48,0.95,12,6
6082,2017,03/25,13.114.350.790.019.000,São Pedro do Iguaçu,34.0,0.48,0.95,12,6
6083,2018,03/25,12.682.437.268.981.900,São Pedro do Iguaçu,34.0,0.48,0.95,12,6
6084,2019,03/25,1.373.510.893.542.380,São Pedro do Iguaçu,34.0,0.48,0.95,12,6
6085,2020,03/25,12.646.262.164.928.200,São Pedro do Iguaçu,34.0,0.48,0.95,12,6
6086,2021,03/25,13.073.063.832.621.900,São Pedro do Iguaçu,34.0,0.48,0.95,12,6
6087,2022,03/25,11.820.786.507.693.600,São Pedro do Iguaçu,34.0,0.48,0.95,12,6
6088,2023,03/25,13.859.068.672.819.000,São Pedro do Iguaçu,34.0,0.48,0.95,12,6
6089,2024,03/25,13.245.915.418.464.700,São Pedro do Iguaçu,34.0,0.48,0.95,12,6
6090,2015,03/25,14.351.781.787.241.900,Toledo,34.0,0.48,0.95,12,6
6091,2016,03/25,9.983.500.127.042.620,Toledo,34.0,0.48,0.95,12,6
6092,2017,03/25,13.637.882.398.090.100,Toledo,34.0,0.48,0.95,12,6
6093,2018,03/25,13.678.339.954.400.400,Toledo,34.0,0.48,0.95,12,6
6094,2019,03/25,1.436.514.123.792.180,Toledo,34.0,0.48,0.95,12,6
6095,2020,03/25,13.843.087.307.297.900,Toledo,34.0,0.48,0.95,12,6
6096,2021,03/25,13.626.235.529.655.700,Toledo,34.0,0.48,0.95,12,6
6097,2022,03/25,12.532.553.763.472.800,Toledo,34.0,0.48,0.95,12,6
6098,2023,03/25,14.361.513.460.288.900,Toledo,34.0,0.48,0.95,12,6
6099,2024,03/25,14.350.044.506.262.900,Toledo,34.0,0.48,0.95,12,6
6100,2015,03/25,13.549.737.213.669.500,Cascavel,34.0,0.48,0.95,12,7
6101,2016,03/25,7.397.379.030.852.550,Cascavel,34.0,0.48,0.95,12,7
6102,2017,03/25,12.727.695.616.438.600,Cascavel,34.0,0.48,0.95,12,7
6103,2018,03/25,12.318.471.301.249.900,Cascavel,34.0,0.48,0.95,12,7
6104,2019,03/25,13.550.971.542.912.100,Cascavel,34.0,0.48,0.95,12,7
6105,2020,03/25,1.245.129.814.648.710,Cascavel,34.0,0.48,0.95,12,7
6106,2021,03/25,12.523.325.715.962.900,Cascavel,34.0,0.48,0.95,12,7
6107,2022,03/25,11.681.436.998.393.600,Cascavel,34.0,0.48,0.95,12,7
6108,2023,03/25,1.319.975.011.408.420,Cascavel,34.0,0.48,0.95,12,7
6109,2024,03/25,13.525.812.070.822.300,Cascavel,34.0,0.48,0.95,12,7
6110,2015,03/25,1.463.377.665.402.490,Foz do Iguaçu,34.0,0.48,0.95,12,7
6111,2016,03/25,11.593.761.981.955.100,Foz do Iguaçu,34.0,0.48,0.95,12,7
6112,2017,03/25,14.148.612.560.661.600,Foz do Iguaçu,34.0,0.48,0.95,12,7
6113,2018,03/25,13.435.625.752.763.600,Foz do Iguaçu,34.0,0.48,0.95,12,7
6114,2019,03/25,14.457.257.482.009.800,Foz do Iguaçu,34.0,0.48,0.95,12,7
6115,2020,03/25,13.171.861.499.947.300,Foz do Iguaçu,34.0,0.48,0.95,12,7
6116,2021,03/25,13.762.661.781.288.000,Foz do Iguaçu,34.0,0.48,0.95,12,7
6117,2022,03/25,1.281.627.218.262.470,Foz do Iguaçu,34.0,0.48,0.95,12,7
6118,2023,03/25,14.700.372.224.495.600,Foz do Iguaçu,34.0,0.48,0.95,12,7
6119,2024,03/25,13.172.783.725.156.000,Foz do Iguaçu,34.0,0.48,0.95,12,7
6120,2015,03/25,15.127.842.428.905.200,Guaíra,34.0,0.48,0.95,12,7
6121,2016,03/25,12.374.463.254.865.500,Guaíra,34.0,0.48,0.95,12,7
6122,2017,03/25,1.441.105.691.710.330,Guaíra,34.0,0.48,0.95,12,7
6123,2018,03/25,14.332.846.546.128.600,Guaíra,34.0,0.48,0.95,12,7
6124,2019,03/25,14.997.868.897.134.600,Guaíra,34.0,0.48,0.95,12,7
6125,2020,03/25,14.604.992.142.179.100,Guaíra,34.0,0.48,0.95,12,7
6126,2021,03/25,14.037.091.773.690.400,Guaíra,34.0,0.48,0.95,12,7
6127,2022,03/25,13.535.158.309.345.700,Guaíra,34.0,0.48,0.95,12,7
6128,2023,03/25,14.807.989.171.296.000,Guaíra,34.0,0.48,0.95,12,7
6129,2024,03/25,14.904.580.532.373.400,Guaíra,34.0,0.48,0.95,12,7
6130,2015,03/25,15.139.628.040.736.900,Marechal Cândido Rondon,34.0,0.48,0.95,12,7
6131,2016,03/25,12.472.143.921.647.900,Marechal Cândido Rondon,34.0,0.48,0.95,12,7
6132,2017,03/25,14.535.401.791.248.500,Marechal Cândido Rondon,34.0,0.48,0.95,12,7
6133,2018,03/25,14.393.267.400.841.800,Marechal Cândido Rondon,34.0,0.48,0.95,12,7
6134,2019,03/25,14.994.197.733.359.900,Marechal Cândido Rondon,34.0,0.48,0.95,12,7
6135,2020,03/25,14.473.217.031.892.800,Marechal Cândido Rondon,34.0,0.48,0.95,12,7
6136,2021,03/25,14.339.295.074.556.300,Marechal Cândido Rondon,34.0,0.48,0.95,12,7
6137,2022,03/25,13.581.672.459.883.300,Marechal Cândido Rondon,34.0,0.48,0.95,12,7
6138,2023,03/25,14.966.189.652.656.800,Marechal Cândido Rondon,34.0,0.48,0.95,12,7
6139,2024,03/25,14.541.634.521.255.500,Marechal Cândido Rondon,34.0,0.48,0.95,12,7
6140,2015,03/25,14.022.494.109.845.100,Matelândia,34.0,0.48,0.95,12,7
6141,2016,03/25,8.405.353.010.051.350,Matelândia,34.0,0.48,0.95,12,7
6142,2017,03/25,13.592.125.148.312.200,Matelândia,34.0,0.48,0.95,12,7
6143,2018,03/25,12.760.659.992.464.900,Matelândia,34.0,0.48,0.95,12,7
6144,2019,03/25,13.993.187.106.632.900,Matelândia,34.0,0.48,0.95,12,7
6145,2020,03/25,12.743.429.038.146.900,Matelândia,34.0,0.48,0.95,12,7
6146,2021,03/25,13.365.636.053.135.500,Matelândia,34.0,0.48,0.95,12,7
6147,2022,03/25,12.250.644.488.093.500,Matelândia,34.0,0.48,0.95,12,7
6148,2023,03/25,14.136.664.751.695.200,Matelândia,34.0,0.48,0.95,12,7
6149,2024,03/25,13.183.069.342.617.900,Matelândia,34.0,0.48,0.95,12,7
6150,2015,03/25,1.463.377.665.402.490,Medianeira,34.0,0.48,0.95,12,7
6151,2016,03/25,11.593.301.878.574.900,Medianeira,34.0,0.48,0.95,12,7
6152,2017,03/25,14.148.568.779.165.400,Medianeira,34.0,0.48,0.95,12,7
6153,2018,03/25,13.435.279.444.759.400,Medianeira,34.0,0.48,0.95,12,7
6154,2019,03/25,14.457.215.376.563.100,Medianeira,34.0,0.48,0.95,12,7
6155,2020,03/25,1.317.155.578.845.790,Medianeira,34.0,0.48,0.95,12,7
6156,2021,03/25,13.761.670.751.460.400,Medianeira,34.0,0.48,0.95,12,7
6157,2022,03/25,1.281.627.218.262.470,Medianeira,34.0,0.48,0.95,12,7
6158,2023,03/25,14.699.926.077.181.400,Medianeira,34.0,0.48,0.95,12,7
6159,2024,03/25,13.172.657.258.770.200,Medianeira,34.0,0.48,0.95,12,7
6160,2015,03/25,1.509.329.717.264.720,Santa Helena,34.0,0.48,0.95,12,7
6161,2016,03/25,12.428.362.475.894.200,Santa Helena,34.0,0.48,0.95,12,7
6162,2017,03/25,14.524.582.624.865.800,Santa Helena,34.0,0.48,0.95,12,7
6163,2018,03/25,14.097.319.716.048.100,Santa Helena,34.0,0.48,0.95,12,7
6164,2019,03/25,14.816.550.743.927.700,Santa Helena,34.0,0.48,0.95,12,7
6165,2020,03/25,14.106.487.585.782.000,Santa Helena,34.0,0.48,0.95,12,7
6166,2021,03/25,14.186.796.466.621.200,Santa Helena,34.0,0.48,0.95,12,7
6167,2022,03/25,13.537.842.615.551.700,Santa Helena,34.0,0.48,0.95,12,7
6168,2023,03/25,15.028.015.988.679.900,Santa Helena,34.0,0.48,0.95,12,7
6169,2024,03/25,13.970.109.141.608.900,Santa Helena,34.0,0.48,0.95,12,7
6170,2015,03/25,1.463.377.665.402.490,São Miguel do Iguaçu,34.0,0.48,0.95,12,7
6171,2016,03/25,11.593.674.118.160.100,São Miguel do Iguaçu,34.0,0.48,0.95,12,7
6172,2017,03/25,1.414.859.770.827.010,São Miguel do Iguaçu,34.0,0.48,0.95,12,7
6173,2018,03/25,13.435.568.560.528.300,São Miguel do Iguaçu,34.0,0.48,0.95,12,7
6174,2019,03/25,1.445.725.370.269.840,São Miguel do Iguaçu,34.0,0.48,0.95,12,7
6175,2020,03/25,13.171.825.466.046.200,São Miguel do Iguaçu,34.0,0.48,0.95,12,7
6176,2021,03/25,1.376.252.747.028.960,São Miguel do Iguaçu,34.0,0.48,0.95,12,7
6177,2022,03/25,1.281.627.218.262.470,São Miguel do Iguaçu,34.0,0.48,0.95,12,7
6178,2023,03/25,14.700.338.278.107.900,São Miguel do Iguaçu,34.0,0.48,0.95,12,7
6179,2024,03/25,13.172.753.540.444.700,São Miguel do Iguaçu,34.0,0.48,0.95,12,7
6180,2015,03/25,13.625.312.089.227.000,São Pedro do Iguaçu,34.0,0.48,0.95,12,7
6181,2016,03/25,68.719.907.018.495.600,São Pedro do Iguaçu,34.0,0.48,0.95,12,7
6182,2017,03/25,13.114.350.790.019.000,São Pedro do Iguaçu,34.0,0.48,0.95,12,7
6183,2018,03/25,12.682.437.268.981.900,São Pedro do Iguaçu,34.0,0.48,0.95,12,7
6184,2019,03/25,1.373.510.893.542.380,São Pedro do Iguaçu,34.0,0.48,0.95,12,7
6185,2020,03/25,12.646.262.164.928.200,São Pedro do Iguaçu,34.0,0.48,0.95,12,7
6186,2021,03/25,13.073.063.832.621.900,São Pedro do Iguaçu,34.0,0.48,0.95,12,7
6187,2022,03/25,11.820.786.507.693.600,São Pedro do Iguaçu,34.0,0.48,0.95,12,7
6188,2023,03/25,13.859.068.672.819.000,São Pedro do Iguaçu,34.0,0.48,0.95,12,7
6189,2024,03/25,13.245.915.418.464.700,São Pedro do Iguaçu,34.0,0.48,0.95,12,7
6190,2015,03/25,14.351.781.787.241.900,Toledo,34.0,0.48,0.95,12,7
6191,2016,03/25,9.983.500.127.042.620,Toledo,34.0,0.48,0.95,12,7
6192,2017,03/25,13.637.882.398.090.100,Toledo,34.0,0.48,0.95,12,7
6193,2018,03/25,13.678.339.954.400.400,Toledo,34.0,0.48,0.95,12,7
6194,2019,03/25,1.436.514.123.792.180,Toledo,34.0,0.48,0.95,12,7
6195,2020,03/25,13.843.087.307.297.900,Toledo,34.0,0.48,0.95,12,7
6196,2021,03/25,13.626.235.529.655.700,Toledo,34.0,0.48,0.95,12,7
6197,2022,03/25,12.532.553.763.472.800,Toledo,34.0,0.48,0.95,12,7
6198,2023,03/25,14.361.513.460.288.900,Toledo,34.0,0.48,0.95,12,7
6199,2024,03/25,14.350.044.506.262.900,Toledo,34.0,0.48,0.95,12,7
6200,2015,03/25,13.549.737.213.669.500,Cascavel,34.0,0.48,0.95,13,6
6201,2016,03/25,7.397.379.030.852.550,Cascavel,34.0,0.48,0.95,13,6
6202,2017,03/25,12.727.695.616.438.600,Cascavel,34.0,0.48,0.95,13,6
6203,2018,03/25,12.318.471.301.249.900,Cascavel,34.0,0.48,0.95,13,6
6204,2019,03/25,13.550.971.542.912.100,Cascavel,34.0,0.48,0.95,13,6
6205,2020,03/25,1.245.129.814.648.710,Cascavel,34.0,0.48,0.95,13,6
6206,2021,03/25,12.523.325.715.962.900,Cascavel,34.0,0.48,0.95,13,6
6207,2022,03/25,11.681.436.998.393.600,Cascavel,34.0,0.48,0.95,13,6
6208,2023,03/25,1.319.975.011.408.420,Cascavel,34.0,0.48,0.95,13,6
6209,2024,03/25,13.525.812.070.822.300,Cascavel,34.0,0.48,0.95,13,6
6210,2015,03/25,1.463.377.665.402.490,Foz do Iguaçu,34.0,0.48,0.95,13,6
6211,2016,03/25,11.593.761.981.955.100,Foz do Iguaçu,34.0,0.48,0.95,13,6
6212,2017,03/25,14.148.612.560.661.600,Foz do Iguaçu,34.0,0.48,0.95,13,6
6213,2018,03/25,13.435.625.752.763.600,Foz do Iguaçu,34.0,0.48,0.95,13,6
6214,2019,03/25,14.457.257.482.009.800,Foz do Iguaçu,34.0,0.48,0.95,13,6
6215,2020,03/25,13.171.861.499.947.300,Foz do Iguaçu,34.0,0.48,0.95,13,6
6216,2021,03/25,13.762.661.781.288.000,Foz do Iguaçu,34.0,0.48,0.95,13,6
6217,2022,03/25,1.281.627.218.262.470,Foz do Iguaçu,34.0,0.48,0.95,13,6
6218,2023,03/25,14.700.372.224.495.600,Foz do Iguaçu,34.0,0.48,0.95,13,6
6219,2024,03/25,13.172.783.725.156.000,Foz do Iguaçu,34.0,0.48,0.95,13,6
6220,2015,03/25,15.127.842.428.905.200,Guaíra,34.0,0.48,0.95,13,6
6221,2016,03/25,12.374.463.254.865.500,Guaíra,34.0,0.48,0.95,13,6
6222,2017,03/25,1.441.105.691.710.330,Guaíra,34.0,0.48,0.95,13,6
6223,2018,03/25,14.332.846.546.128.600,Guaíra,34.0,0.48,0.95,13,6
6224,2019,03/25,14.997.868.897.134.600,Guaíra,34.0,0.48,0.95,13,6
6225,2020,03/25,14.604.992.142.179.100,Guaíra,34.0,0.48,0.95,13,6
6226,2021,03/25,14.037.091.773.690.400,Guaíra,34.0,0.48,0.95,13,6
6227,2022,03/25,13.535.158.309.345.700,Guaíra,34.0,0.48,0.95,13,6
6228,2023,03/25,14.807.989.171.296.000,Guaíra,34.0,0.48,0.95,13,6
6229,2024,03/25,14.904.580.532.373.400,Guaíra,34.0,0.48,0.95,13,6
6230,2015,03/25,15.139.628.040.736.900,Marechal Cândido Rondon,34.0,0.48,0.95,13,6
6231,2016,03/25,12.472.143.921.647.900,Marechal Cândido Rondon,34.0,0.48,0.95,13,6
6232,2017,03/25,14.535.401.791.248.500,Marechal Cândido Rondon,34.0,0.48,0.95,13,6
6233,2018,03/25,14.393.267.400.841.800,Marechal Cândido Rondon,34.0,0.48,0.95,13,6
6234,2019,03/25,14.994.197.733.359.900,Marechal Cândido Rondon,34.0,0.48,0.95,13,6
6235,2020,03/25,14.473.217.031.892.800,Marechal Cândido Rondon,34.0,0.48,0.95,13,6
6236,2021,03/25,14.339.295.074.556.300,Marechal Cândido Rondon,34.0,0.48,0.95,13,6
6237,2022,03/25,13.581.672.459.883.300,Marechal Cândido Rondon,34.0,0.48,0.95,13,6
6238,2023,03/25,14.966.189.652.656.800,Marechal Cândido Rondon,34.0,0.48,0.95,13,6
6239,2024,03/25,14.541.634.521.255.500,Marechal Cândido Rondon,34.0,0.48,0.95,13,6
6240,2015,03/25,14.022.494.109.845.100,Matelândia,34.0,0.48,0.95,13,6
6241,2016,03/25,8.405.353.010.051.350,Matelândia,34.0,0.48,0.95,13,6
6242,2017,03/25,13.592.125.148.312.200,Matelândia,34.0,0.48,0.95,13,6
6243,2018,03/25,12.760.659.992.464.900,Matelândia,34.0,0.48,0.95,13,6
6244,2019,03/25,13.993.187.106.632.900,Matelândia,34.0,0.48,0.95,13,6
6245,2020,03/25,12.743.429.038.146.900,Matelândia,34.0,0.48,0.95,13,6
6246,2021,03/25,13.365.636.053.135.500,Matelândia,34.0,0.48,0.95,13,6
6247,2022,03/25,12.250.644.488.093.500,Matelândia,34.0,0.48,0.95,13,6
6248,2023,03/25,14.136.664.751.695.200,Matelândia,34.0,0.48,0.95,13,6
6249,2024,03/25,13.183.069.342.617.900,Matelândia,34.0,0.48,0.95,13,6
6250,2015,03/25,1.463.377.665.402.490,Medianeira,34.0,0.48,0.95,13,6
6251,2016,03/25,11.593.301.878.574.900,Medianeira,34.0,0.48,0.95,13,6
6252,2017,03/25,14.148.568.779.165.400,Medianeira,34.0,0.48,0.95,13,6
6253,2018,03/25,13.435.279.444.759.400,Medianeira,34.0,0.48,0.95,13,6
6254,2019,03/25,14.457.215.376.563.100,Medianeira,34.0,0.48,0.95,13,6
6255,2020,03/25,1.317.155.578.845.790,Medianeira,34.0,0.48,0.95,13,6
6256,2021,03/25,13.761.670.751.460.400,Medianeira,34.0,0.48,0.95,13,6
6257,2022,03/25,1.281.627.218.262.470,Medianeira,34.0,0.48,0.95,13,6
6258,2023,03/25,14.699.926.077.181.400,Medianeira,34.0,0.48,0.95,13,6
6259,2024,03/25,13.172.657.258.770.200,Medianeira,34.0,0.48,0.95,13,6
6260,2015,03/25,1.509.329.717.264.720,Santa Helena,34.0,0.48,0.95,13,6
6261,2016,03/25,12.428.362.475.894.200,Santa Helena,34.0,0.48,0.95,13,6
6262,2017,03/25,14.524.582.624.865.800,Santa Helena,34.0,0.48,0.95,13,6
6263,2018,03/25,14.097.319.716.048.100,Santa Helena,34.0,0.48,0.95,13,6
6264,2019,03/25,14.816.550.743.927.700,Santa Helena,34.0,0.48,0.95,13,6
6265,2020,03/25,14.106.487.585.782.000,Santa Helena,34.0,0.48,0.95,13,6
6266,2021,03/25,14.186.796.466.621.200,Santa Helena,34.0,0.48,0.95,13,6
6267,2022,03/25,13.537.842.615.551.700,Santa Helena,34.0,0.48,0.95,13,6
6268,2023,03/25,15.028.015.988.679.900,Santa Helena,34.0,0.48,0.95,13,6
6269,2024,03/25,13.970.109.141.608.900,Santa Helena,34.0,0.48,0.95,13,6
6270,2015,03/25,1.463.377.665.402.490,São Miguel do Iguaçu,34.0,0.48,0.95,13,6
6271,2016,03/25,11.593.674.118.160.100,São Miguel do Iguaçu,34.0,0.48,0.95,13,6
6272,2017,03/25,1.414.859.770.827.010,São Miguel do Iguaçu,34.0,0.48,0.95,13,6
6273,2018,03/25,13.435.568.560.528.300,São Miguel do Iguaçu,34.0,0.48,0.95,13,6
6274,2019,03/25,1.445.725.370.269.840,São Miguel do Iguaçu,34.0,0.48,0.95,13,6
6275,2020,03/25,13.171.825.466.046.200,São Miguel do Iguaçu,34.0,0.48,0.95,13,6
6276,2021,03/25,1.376.252.747.028.960,São Miguel do Iguaçu,34.0,0.48,0.95,13,6
6277,2022,03/25,1.281.627.218.262.470,São Miguel do Iguaçu,34.0,0.48,0.95,13,6
6278,2023,03/25,14.700.338.278.107.900,São Miguel do Iguaçu,34.0,0.48,0.95,13,6
6279,2024,03/25,13.172.753.540.444.700,São Miguel do Iguaçu,34.0,0.48,0.95,13,6
6280,2015,03/25,13.625.312.089.227.000,São Pedro do Iguaçu,34.0,0.48,0.95,13,6
6281,2016,03/25,68.719.907.018.495.600,São Pedro do Iguaçu,34.0,0.48,0.95,13,6
6282,2017,03/25,13.114.350.790.019.000,São Pedro do Iguaçu,34.0,0.48,0.95,13,6
6283,2018,03/25,12.682.437.268.981.900,São Pedro do Iguaçu,34.0,0.48,0.95,13,6
6284,2019,03/25,1.373.510.893.542.380,São Pedro do Iguaçu,34.0,0.48,0.95,13,6
6285,2020,03/25,12.646.262.164.928.200,São Pedro do Iguaçu,34.0,0.48,0.95,13,6
6286,2021,03/25,13.073.063.832.621.900,São Pedro do Iguaçu,34.0,0.48,0.95,13,6
6287,2022,03/25,11.820.786.507.693.600,São Pedro do Iguaçu,34.0,0.48,0.95,13,6
6288,2023,03/25,13.859.068.672.819.000,São Pedro do Iguaçu,34.0,0.48,0.95,13,6
6289,2024,03/25,13.245.915.418.464.700,São Pedro do Iguaçu,34.0,0.48,0.95,13,6
6290,2015,03/25,14.351.781.787.241.900,Toledo,34.0,0.48,0.95,13,6
6291,2016,03/25,9.983.500.127.042.620,Toledo,34.0,0.48,0.95,13,6
6292,2017,03/25,13.637.882.398.090.100,Toledo,34.0,0.48,0.95,13,6
6293,2018,03/25,13.678.339.954.400.400,Toledo,34.0,0.48,0.95,13,6
6294,2019,03/25,1.436.514.123.792.180,Toledo,34.0,0.48,0.95,13,6
6295,2020,03/25,13.843.087.307.297.900,Toledo,34.0,0.48,0.95,13,6
6296,2021,03/25,13.626.235.529.655.700,Toledo,34.0,0.48,0.95,13,6
6297,2022,03/25,12.532.553.763.472.800,Toledo,34.0,0.48,0.95,13,6
6298,2023,03/25,14.361.513.460.288.900,Toledo,34.0,0.48,0.95,13,6
6299,2024,03/25,14.350.044.506.262.900,Toledo,34.0,0.48,0.95,13,6
6300,2015,03/25,13.549.737.213.669.500,Cascavel,34.0,0.48,0.95,13,7
6301,2016,03/25,7.397.379.030.852.550,Cascavel,34.0,0.48,0.95,13,7
6302,2017,03/25,12.727.695.616.438.600,Cascavel,34.0,0.48,0.95,13,7
6303,2018,03/25,12.318.471.301.249.900,Cascavel,34.0,0.48,0.95,13,7
6304,2019,03/25,13.550.971.542.912.100,Cascavel,34.0,0.48,0.95,13,7
6305,2020,03/25,1.245.129.814.648.710,Cascavel,34.0,0.48,0.95,13,7
6306,2021,03/25,12.523.325.715.962.900,Cascavel,34.0,0.48,0.95,13,7
6307,2022,03/25,11.681.436.998.393.600,Cascavel,34.0,0.48,0.95,13,7
6308,2023,03/25,1.319.975.011.408.420,Cascavel,34.0,0.48,0.95,13,7
6309,2024,03/25,13.525.812.070.822.300,Cascavel,34.0,0.48,0.95,13,7
6310,2015,03/25,1.463.377.665.402.490,Foz do Iguaçu,34.0,0.48,0.95,13,7
6311,2016,03/25,11.593.761.981.955.100,Foz do Iguaçu,34.0,0.48,0.95,13,7
6312,2017,03/25,14.148.612.560.661.600,Foz do Iguaçu,34.0,0.48,0.95,13,7
6313,2018,03/25,13.435.625.752.763.600,Foz do Iguaçu,34.0,0.48,0.95,13,7
6314,2019,03/25,14.457.257.482.009.800,Foz do Iguaçu,34.0,0.48,0.95,13,7
6315,2020,03/25,13.171.861.499.947.300,Foz do Iguaçu,34.0,0.48,0.95,13,7
6316,2021,03/25,13.762.661.781.288.000,Foz do Iguaçu,34.0,0.48,0.95,13,7
6317,2022,03/25,1.281.627.218.262.470,Foz do Iguaçu,34.0,0.48,0.95,13,7
6318,2023,03/25,14.700.372.224.495.600,Foz do Iguaçu,34.0,0.48,0.95,13,7
6319,2024,03/25,13.172.783.725.156.000,Foz do Iguaçu,34.0,0.48,0.95,13,7
6320,2015,03/25,15.127.842.428.905.200,Guaíra,34.0,0.48,0.95,13,7
6321,2016,03/25,12.374.463.254.865.500,Guaíra,34.0,0.48,0.95,13,7
6322,2017,03/25,1.441.105.691.710.330,Guaíra,34.0,0.48,0.95,13,7
6323,2018,03/25,14.332.846.546.128.600,Guaíra,34.0,0.48,0.95,13,7
6324,2019,03/25,14.997.868.897.134.600,Guaíra,34.0,0.48,0.95,13,7
6325,2020,03/25,14.604.992.142.179.100,Guaíra,34.0,0.48,0.95,13,7
6326,2021,03/25,14.037.091.773.690.400,Guaíra,34.0,0.48,0.95,13,7
6327,2022,03/25,13.535.158.309.345.700,Guaíra,34.0,0.48,0.95,13,7
6328,2023,03/25,14.807.989.171.296.000,Guaíra,34.0,0.48,0.95,13,7
6329,2024,03/25,14.904.580.532.373.400,Guaíra,34.0,0.48,0.95,13,7
6330,2015,03/25,15.139.628.040.736.900,Marechal Cândido Rondon,34.0,0.48,0.95,13,7
6331,2016,03/25,12.472.143.921.647.900,Marechal Cândido Rondon,34.0,0.48,0.95,13,7
6332,2017,03/25,14.535.401.791.248.500,Marechal Cândido Rondon,34.0,0.48,0.95,13,7
6333,2018,03/25,14.393.267.400.841.800,Marechal Cândido Rondon,34.0,0.48,0.95,13,7
6334,2019,03/25,14.994.197.733.359.900,Marechal Cândido Rondon,34.0,0.48,0.95,13,7
6335,2020,03/25,14.473.217.031.892.800,Marechal Cândido Rondon,34.0,0.48,0.95,13,7
6336,2021,03/25,14.339.295.074.556.300,Marechal Cândido Rondon,34.0,0.48,0.95,13,7
6337,2022,03/25,13.581.672.459.883.300,Marechal Cândido Rondon,34.0,0.48,0.95,13,7
6338,2023,03/25,14.966.189.652.656.800,Marechal Cândido Rondon,34.0,0.48,0.95,13,7
6339,2024,03/25,14.541.634.521.255.500,Marechal Cândido Rondon,34.0,0.48,0.95,13,7
6340,2015,03/25,14.022.494.109.845.100,Matelândia,34.0,0.48,0.95,13,7
6341,2016,03/25,8.405.353.010.051.350,Matelândia,34.0,0.48,0.95,13,7
6342,2017,03/25,13.592.125.148.312.200,Matelândia,34.0,0.48,0.95,13,7
6343,2018,03/25,12.760.659.992.464.900,Matelândia,34.0,0.48,0.95,13,7
6344,2019,03/25,13.993.187.106.632.900,Matelândia,34.0,0.48,0.95,13,7
6345,2020,03/25,12.743.429.038.146.900,Matelândia,34.0,0.48,0.95,13,7
6346,2021,03/25,13.365.636.053.135.500,Matelândia,34.0,0.48,0.95,13,7
6347,2022,03/25,12.250.644.488.093.500,Matelândia,34.0,0.48,0.95,13,7
6348,2023,03/25,14.136.664.751.695.200,Matelândia,34.0,0.48,0.95,13,7
6349,2024,03/25,13.183.069.342.617.900,Matelândia,34.0,0.48,0.95,13,7
6350,2015,03/25,1.463.377.665.402.490,Medianeira,34.0,0.48,0.95,13,7
6351,2016,03/25,11.593.301.878.574.900,Medianeira,34.0,0.48,0.95,13,7
6352,2017,03/25,14.148.568.779.165.400,Medianeira,34.0,0.48,0.95,13,7
6353,2018,03/25,13.435.279.444.759.400,Medianeira,34.0,0.48,0.95,13,7
6354,2019,03/25,14.457.215.376.563.100,Medianeira,34.0,0.48,0.95,13,7
6355,2020,03/25,1.317.155.578.845.790,Medianeira,34.0,0.48,0.95,13,7
6356,2021,03/25,13.761.670.751.460.400,Medianeira,34.0,0.48,0.95,13,7
6357,2022,03/25,1.281.627.218.262.470,Medianeira,34.0,0.48,0.95,13,7
6358,2023,03/25,14.699.926.077.181.400,Medianeira,34.0,0.48,0.95,13,7
6359,2024,03/25,13.172.657.258.770.200,Medianeira,34.0,0.48,0.95,13,7
6360,2015,03/25,1.509.329.717.264.720,Santa Helena,34.0,0.48,0.95,13,7
6361,2016,03/25,12.428.362.475.894.200,Santa Helena,34.0,0.48,0.95,13,7
6362,2017,03/25,14.524.582.624.865.800,Santa Helena,34.0,0.48,0.95,13,7
6363,2018,03/25,14.097.319.716.048.100,Santa Helena,34.0,0.48,0.95,13,7
6364,2019,03/25,14.816.550.743.927.700,Santa Helena,34.0,0.48,0.95,13,7
6365,2020,03/25,14.106.487.585.782.000,Santa Helena,34.0,0.48,0.95,13,7
6366,2021,03/25,14.186.796.466.621.200,Santa Helena,34.0,0.48,0.95,13,7
6367,2022,03/25,13.537.842.615.551.700,Santa Helena,34.0,0.48,0.95,13,7
6368,2023,03/25,15.028.015.988.679.900,Santa Helena,34.0,0.48,0.95,13,7
6369,2024,03/25,13.970.109.141.608.900,Santa Helena,34.0,0.48,0.95,13,7
6370,2015,03/25,1.463.377.665.402.490,São Miguel do Iguaçu,34.0,0.48,0.95,13,7
6371,2016,03/25,11.593.674.118.160.100,São Miguel do Iguaçu,34.0,0.48,0.95,13,7
6372,2017,03/25,1.414.859.770.827.010,São Miguel do Iguaçu,34.0,0.48,0.95,13,7
6373,2018,03/25,13.435.568.560.528.300,São Miguel do Iguaçu,34.0,0.48,0.95,13,7
6374,2019,03/25,1.445.725.370.269.840,São Miguel do Iguaçu,34.0,0.48,0.95,13,7
6375,2020,03/25,13.171.825.466.046.200,São Miguel do Iguaçu,34.0,0.48,0.95,13,7
6376,2021,03/25,1.376.252.747.028.960,São Miguel do Iguaçu,34.0,0.48,0.95,13,7
6377,2022,03/25,1.281.627.218.262.470,São Miguel do Iguaçu,34.0,0.48,0.95,13,7
6378,2023,03/25,14.700.338.278.107.900,São Miguel do Iguaçu,34.0,0.48,0.95,13,7
6379,2024,03/25,13.172.753.540.444.700,São Miguel do Iguaçu,34.0,0.48,0.95,13,7
6380,2015,03/25,13.625.312.089.227.000,São Pedro do Iguaçu,34.0,0.48,0.95,13,7
6381,2016,03/25,68.719.907.018.495.600,São Pedro do Iguaçu,34.0,0.48,0.95,13,7
6382,2017,03/25,13.114.350.790.019.000,São Pedro do Iguaçu,34.0,0.48,0.95,13,7
6383,2018,03/25,12.682.437.268.981.900,São Pedro do Iguaçu,34.0,0.48,0.95,13,7
6384,2019,03/25,1.373.510.893.542.380,São Pedro do Iguaçu,34.0,0.48,0.95,13,7
6385,2020,03/25,12.646.262.164.928.200,São Pedro do Iguaçu,34.0,0.48,0.95,13,7
6386,2021,03/25,13.073.063.832.621.900,São Pedro do Iguaçu,34.0,0.48,0.95,13,7
6387,2022,03/25,11.820.786.507.693.600,São Pedro do Iguaçu,34.0,0.48,0.95,13,7
6388,2023,03/25,13.859.068.672.819.000,São Pedro do Iguaçu,34.0,0.48,0.95,13,7
6389,2024,03/25,13.245.915.418.464.700,São Pedro do Iguaçu,34.0,0.48,0.95,13,7
6390,2015,03/25,14.351.781.787.241.900,Toledo,34.0,0.48,0.95,13,7
6391,2016,03/25,9.983.500.127.042.620,Toledo,34.0,0.48,0.95,13,7
6392,2017,03/25,13.637.882.398.090.100,Toledo,34.0,0.48,0.95,13,7
6393,2018,03/25,13.678.339.954.400.400,Toledo,34.0,0.48,0.95,13,7
6394,2019,03/25,1.436.514.123.792.180,Toledo,34.0,0.48,0.95,13,7
6395,2020,03/25,13.843.087.307.297.900,Toledo,34.0,0.48,0.95,13,7
6396,2021,03/25,13.626.235.529.655.700,Toledo,34.0,0.48,0.95,13,7
6397,2022,03/25,12.532.553.763.472.800,Toledo,34.0,0.48,0.95,13,7
6398,2023,03/25,14.361.513.460.288.900,Toledo,34.0,0.48,0.95,13,7
6399,2024,03/25,14.350.044.506.262.900,Toledo,34.0,0.48,0.95,13,7
6400,2015,03/25,13.686.780.330.318.100,Cascavel,34.0,0.5,0.9,12,6
6401,2016,03/25,7.470.191.294.168.000,Cascavel,34.0,0.5,0.9,12,6
6402,2017,03/25,12.849.360.455.569.900,Cascavel,34.0,0.5,0.9,12,6
6403,2018,03/25,12.451.189.123.662.900,Cascavel,34.0,0.5,0.9,12,6
6404,2019,03/25,13.686.122.962.105.000,Cascavel,34.0,0.5,0.9,12,6
6405,2020,03/25,12.581.116.995.218.000,Cascavel,34.0,0.5,0.9,12,6
6406,2021,03/25,12.665.913.962.389.800,Cascavel,34.0,0.5,0.9,12,6
6407,2022,03/25,11.806.350.771.393.600,Cascavel,34.0,0.5,0.9,12,6
6408,2023,03/25,13.327.965.740.639.500,Cascavel,34.0,0.5,0.9,12,6
6409,2024,03/25,13.658.949.193.216.600,Cascavel,34.0,0.5,0.9,12,6
6410,2015,03/25,14.778.497.447.539.900,Foz do Iguaçu,34.0,0.5,0.9,12,6
6411,2016,03/25,11.705.293.843.037.900,Foz do Iguaçu,34.0,0.5,0.9,12,6
6412,2017,03/25,1.428.477.226.299.740,Foz do Iguaçu,34.0,0.5,0.9,12,6
6413,2018,03/25,13.575.306.393.615.400,Foz do Iguaçu,34.0,0.5,0.9,12,6
6414,2019,03/25,14.602.400.896.261.800,Foz do Iguaçu,34.0,0.5,0.9,12,6
6415,2020,03/25,1.330.835.407.383.100,Foz do Iguaçu,34.0,0.5,0.9,12,6
6416,2021,03/25,13.914.656.260.783.100,Foz do Iguaçu,34.0,0.5,0.9,12,6
6417,2022,03/25,12.949.293.471.786.000,Foz do Iguaçu,34.0,0.5,0.9,12,6
6418,2023,03/25,14.843.891.801.869.900,Foz do Iguaçu,34.0,0.5,0.9,12,6
6419,2024,03/25,13.300.614.866.419.300,Foz do Iguaçu,34.0,0.5,0.9,12,6
6420,2015,03/25,15.275.900.878.495.000,Guaíra,34.0,0.5,0.9,12,6
6421,2016,03/25,1.249.288.833.354.360,Guaíra,34.0,0.5,0.9,12,6
6422,2017,03/25,14.550.258.585.314.000,Guaíra,34.0,0.5,0.9,12,6
6423,2018,03/25,1.447.681.240.189.930,Guaíra,34.0,0.5,0.9,12,6
6424,2019,03/25,15.145.263.105.410.600,Guaíra,34.0,0.5,0.9,12,6
6425,2020,03/25,14.751.612.127.208.900,Guaíra,34.0,0.5,0.9,12,6
6426,2021,03/25,14.189.906.188.521.600,Guaíra,34.0,0.5,0.9,12,6
6427,2022,03/25,13.672.364.414.149.800,Guaíra,34.0,0.5,0.9,12,6
6428,2023,03/25,14.951.479.325.468.100,Guaíra,34.0,0.5,0.9,12,6
6429,2024,03/25,15.049.042.450.867.400,Guaíra,34.0,0.5,0.9,12,6
6430,2015,03/25,15.288.039.058.222.900,Marechal Cândido Rondon,34.0,0.5,0.9,12,6
6431,2016,03/25,12.592.257.133.133.100,Marechal Cândido Rondon,34.0,0.5,0.9,12,6
6432,2017,03/25,146.762.749.809.671,Marechal Cândido Rondon,34.0,0.5,0.9,12,6
6433,2018,03/25,14.539.318.836.743.200,Marechal Cândido Rondon,34.0,0.5,0.9,12,6
6434,2019,03/25,15.142.053.604.641.500,Marechal Cândido Rondon,34.0,0.5,0.9,12,6
6435,2020,03/25,14.618.613.011.637.200,Marechal Cândido Rondon,34.0,0.5,0.9,12,6
6436,2021,03/25,1.449.535.785.720.930,Marechal Cândido Rondon,34.0,0.5,0.9,12,6
6437,2022,03/25,13.718.776.225.357.700,Marechal Cândido Rondon,34.0,0.5,0.9,12,6
6438,2023,03/25,1.511.127.584.330.880,Marechal Cândido Rondon,34.0,0.5,0.9,12,6
6439,2024,03/25,14.682.319.927.513.300,Marechal Cândido Rondon,34.0,0.5,0.9,12,6
6440,2015,03/25,14.162.189.833.237.800,Matelândia,34.0,0.5,0.9,12,6
6441,2016,03/25,8.486.559.147.127.010,Matelândia,34.0,0.5,0.9,12,6
6442,2017,03/25,1.372.158.025.220.180,Matelândia,34.0,0.5,0.9,12,6
6443,2018,03/25,12.896.049.945.101.300,Matelândia,34.0,0.5,0.9,12,6
6444,2019,03/25,1.413.359.061.469.870,Matelândia,34.0,0.5,0.9,12,6
6445,2020,03/25,12.875.677.245.669.800,Matelândia,34.0,0.5,0.9,12,6
6446,2021,03/25,13.514.983.238.818.100,Matelândia,34.0,0.5,0.9,12,6
6447,2022,03/25,12.379.850.449.364.700,Matelândia,34.0,0.5,0.9,12,6
6448,2023,03/25,1.427.471.234.093.940,Matelândia,34.0,0.5,0.9,12,6
6449,2024,03/25,13.311.628.721.218.800,Matelândia,34.0,0.5,0.9,12,6
6450,2015,03/25,14.778.497.447.539.900,Medianeira,34.0,0.5,0.9,12,6
6451,2016,03/25,1.170.482.583.371.260,Medianeira,34.0,0.5,0.9,12,6
6452,2017,03/25,14.284.728.038.682.700,Medianeira,34.0,0.5,0.9,12,6
6453,2018,03/25,13.574.973.438.499.000,Medianeira,34.0,0.5,0.9,12,6
6454,2019,03/25,14.602.358.521.396.100,Medianeira,34.0,0.5,0.9,12,6
6455,2020,03/25,13.308.041.144.537.600,Medianeira,34.0,0.5,0.9,12,6
6456,2021,03/25,13.913.668.639.187.400,Medianeira,34.0,0.5,0.9,12,6
6457,2022,03/25,12.949.293.471.786.000,Medianeira,34.0,0.5,0.9,12,6
6458,2023,03/25,14.843.442.231.820.700,Medianeira,34.0,0.5,0.9,12,6
6459,2024,03/25,13.300.487.349.683.600,Medianeira,34.0,0.5,0.9,12,6
6460,2015,03/25,15.241.241.171.257.000,Santa Helena,34.0,0.5,0.9,12,6
6461,2016,03/25,12.548.347.488.673.500,Santa Helena,34.0,0.5,0.9,12,6
6462,2017,03/25,14.665.622.036.817.500,Santa Helena,34.0,0.5,0.9,12,6
6463,2018,03/25,14.241.675.782.641.400,Santa Helena,34.0,0.5,0.9,12,6
6464,2019,03/25,1.496.361.257.538.770,Santa Helena,34.0,0.5,0.9,12,6
6465,2020,03/25,14.250.083.181.313.100,Santa Helena,34.0,0.5,0.9,12,6
6466,2021,03/25,14.342.222.479.166.700,Santa Helena,34.0,0.5,0.9,12,6
6467,2022,03/25,1.367.554.694.549.270,Santa Helena,34.0,0.5,0.9,12,6
6468,2023,03/25,15.174.117.132.138.500,Santa Helena,34.0,0.5,0.9,12,6
6469,2024,03/25,14.105.648.212.606.400,Santa Helena,34.0,0.5,0.9,12,6
6470,2015,03/25,14.778.497.447.539.900,São Miguel do Iguaçu,34.0,0.5,0.9,12,6
6471,2016,03/25,117.052.044.449.811,São Miguel do Iguaçu,34.0,0.5,0.9,12,6
6472,2017,03/25,14.284.757.260.394.000,São Miguel do Iguaçu,34.0,0.5,0.9,12,6
6473,2018,03/25,13.575.249.701.600.000,São Miguel do Iguaçu,34.0,0.5,0.9,12,6
6474,2019,03/25,14.602.397.092.774.300,São Miguel do Iguaçu,34.0,0.5,0.9,12,6
6475,2020,03/25,13.308.307.174.225.100,São Miguel do Iguaçu,34.0,0.5,0.9,12,6
6476,2021,03/25,13.914.525.899.362.400,São Miguel do Iguaçu,34.0,0.5,0.9,12,6
6477,2022,03/25,12.949.293.471.786.000,São Miguel do Iguaçu,34.0,0.5,0.9,12,6
6478,2023,03/25,14.843.857.594.644.100,São Miguel do Iguaçu,34.0,0.5,0.9,12,6
6479,2024,03/25,13.300.584.431.372.400,São Miguel do Iguaçu,34.0,0.5,0.9,12,6
6480,2015,03/25,13.762.132.962.591.600,São Pedro do Iguaçu,34.0,0.5,0.9,12,6
6481,2016,03/25,6.938.839.958.920.940,São Pedro do Iguaçu,34.0,0.5,0.9,12,6
6482,2017,03/25,13.239.048.595.468.500,São Pedro do Iguaçu,34.0,0.5,0.9,12,6
6483,2018,03/25,12.818.931.027.864.700,São Pedro do Iguaçu,34.0,0.5,0.9,12,6
6484,2019,03/25,13.873.640.332.283.600,São Pedro do Iguaçu,34.0,0.5,0.9,12,6
6485,2020,03/25,1.277.877.812.543.330,São Pedro do Iguaçu,34.0,0.5,0.9,12,6
6486,2021,03/25,13.219.724.781.103.000,São Pedro do Iguaçu,34.0,0.5,0.9,12,6
6487,2022,03/25,11.946.046.744.221.600,São Pedro do Iguaçu,34.0,0.5,0.9,12,6
6488,2023,03/25,139.932.929.620.979,São Pedro do Iguaçu,34.0,0.5,0.9,12,6
6489,2024,03/25,1.337.551.024.543.860,São Pedro do Iguaçu,34.0,0.5,0.9,12,6
6490,2015,03/25,1.449.460.284.392.340,Toledo,34.0,0.5,0.9,12,6
6491,2016,03/25,10.080.228.311.850.600,Toledo,34.0,0.5,0.9,12,6
6492,2017,03/25,1.376.865.112.784.330,Toledo,34.0,0.5,0.9,12,6
6493,2018,03/25,13.818.444.962.382.200,Toledo,34.0,0.5,0.9,12,6
6494,2019,03/25,1.450.710.766.440.370,Toledo,34.0,0.5,0.9,12,6
6495,2020,03/25,13.983.884.525.907.500,Toledo,34.0,0.5,0.9,12,6
6496,2021,03/25,13.777.998.934.767.700,Toledo,34.0,0.5,0.9,12,6
6497,2022,03/25,1.266.257.473.706.020,Toledo,34.0,0.5,0.9,12,6
6498,2023,03/25,14.500.270.452.240.600,Toledo,34.0,0.5,0.9,12,6
6499,2024,03/25,14.489.649.443.784.400,Toledo,34.0,0.5,0.9,12,6
6500,2015,03/25,13.686.780.330.318.100,Cascavel,34.0,0.5,0.9,12,7
6501,2016,03/25,7.470.191.294.168.000,Cascavel,34.0,0.5,0.9,12,7
6502,2017,03/25,12.849.360.455.569.900,Cascavel,34.0,0.5,0.9,12,7
6503,2018,03/25,12.451.189.123.662.900,Cascavel,34.0,0.5,0.9,12,7
6504,2019,03/25,13.686.122.962.105.000,Cascavel,34.0,0.5,0.9,12,7
6505,2020,03/25,12.581.116.995.218.000,Cascavel,34.0,0.5,0.9,12,7
6506,2021,03/25,12.665.913.962.389.800,Cascavel,34.0,0.5,0.9,12,7
6507,2022,03/25,11.806.350.771.393.600,Cascavel,34.0,0.5,0.9,12,7
6508,2023,03/25,13.327.965.740.639.500,Cascavel,34.0,0.5,0.9,12,7
6509,2024,03/25,13.658.949.193.216.600,Cascavel,34.0,0.5,0.9,12,7
6510,2015,03/25,14.778.497.447.539.900,Foz do Iguaçu,34.0,0.5,0.9,12,7
6511,2016,03/25,11.705.293.843.037.900,Foz do Iguaçu,34.0,0.5,0.9,12,7
6512,2017,03/25,1.428.477.226.299.740,Foz do Iguaçu,34.0,0.5,0.9,12,7
6513,2018,03/25,13.575.306.393.615.400,Foz do Iguaçu,34.0,0.5,0.9,12,7
6514,2019,03/25,14.602.400.896.261.800,Foz do Iguaçu,34.0,0.5,0.9,12,7
6515,2020,03/25,1.330.835.407.383.100,Foz do Iguaçu,34.0,0.5,0.9,12,7
6516,2021,03/25,13.914.656.260.783.100,Foz do Iguaçu,34.0,0.5,0.9,12,7
6517,2022,03/25,12.949.293.471.786.000,Foz do Iguaçu,34.0,0.5,0.9,12,7
6518,2023,03/25,14.843.891.801.869.900,Foz do Iguaçu,34.0,0.5,0.9,12,7
6519,2024,03/25,13.300.614.866.419.300,Foz do Iguaçu,34.0,0.5,0.9,12,7
6520,2015,03/25,15.275.900.878.495.000,Guaíra,34.0,0.5,0.9,12,7
6521,2016,03/25,1.249.288.833.354.360,Guaíra,34.0,0.5,0.9,12,7
6522,2017,03/25,14.550.258.585.314.000,Guaíra,34.0,0.5,0.9,12,7
6523,2018,03/25,1.447.681.240.189.930,Guaíra,34.0,0.5,0.9,12,7
6524,2019,03/25,15.145.263.105.410.600,Guaíra,34.0,0.5,0.9,12,7
6525,2020,03/25,14.751.612.127.208.900,Guaíra,34.0,0.5,0.9,12,7
6526,2021,03/25,14.189.906.188.521.600,Guaíra,34.0,0.5,0.9,12,7
6527,2022,03/25,13.672.364.414.149.800,Guaíra,34.0,0.5,0.9,12,7
6528,2023,03/25,14.951.479.325.468.100,Guaíra,34.0,0.5,0.9,12,7
6529,2024,03/25,15.049.042.450.867.400,Guaíra,34.0,0.5,0.9,12,7
6530,2015,03/25,15.288.039.058.222.900,Marechal Cândido Rondon,34.0,0.5,0.9,12,7
6531,2016,03/25,12.592.257.133.133.100,Marechal Cândido Rondon,34.0,0.5,0.9,12,7
6532,2017,03/25,146.762.749.809.671,Marechal Cândido Rondon,34.0,0.5,0.9,12,7
6533,2018,03/25,14.539.318.836.743.200,Marechal Cândido Rondon,34.0,0.5,0.9,12,7
6534,2019,03/25,15.142.053.604.641.500,Marechal Cândido Rondon,34.0,0.5,0.9,12,7
6535,2020,03/25,14.618.613.011.637.200,Marechal Cândido Rondon,34.0,0.5,0.9,12,7
6536,2021,03/25,1.449.535.785.720.930,Marechal Cândido Rondon,34.0,0.5,0.9,12,7
6537,2022,03/25,13.718.776.225.357.700,Marechal Cândido Rondon,34.0,0.5,0.9,12,7
6538,2023,03/25,1.511.127.584.330.880,Marechal Cândido Rondon,34.0,0.5,0.9,12,7
6539,2024,03/25,14.682.319.927.513.300,Marechal Cândido Rondon,34.0,0.5,0.9,12,7
6540,2015,03/25,14.162.189.833.237.800,Matelândia,34.0,0.5,0.9,12,7
6541,2016,03/25,8.486.559.147.127.010,Matelândia,34.0,0.5,0.9,12,7
6542,2017,03/25,1.372.158.025.220.180,Matelândia,34.0,0.5,0.9,12,7
6543,2018,03/25,12.896.049.945.101.300,Matelândia,34.0,0.5,0.9,12,7
6544,2019,03/25,1.413.359.061.469.870,Matelândia,34.0,0.5,0.9,12,7
6545,2020,03/25,12.875.677.245.669.800,Matelândia,34.0,0.5,0.9,12,7
6546,2021,03/25,13.514.983.238.818.100,Matelândia,34.0,0.5,0.9,12,7
6547,2022,03/25,12.379.850.449.364.700,Matelândia,34.0,0.5,0.9,12,7
6548,2023,03/25,1.427.471.234.093.940,Matelândia,34.0,0.5,0.9,12,7
6549,2024,03/25,13.311.628.721.218.800,Matelândia,34.0,0.5,0.9,12,7
6550,2015,03/25,14.778.497.447.539.900,Medianeira,34.0,0.5,0.9,12,7
6551,2016,03/25,1.170.482.583.371.260,Medianeira,34.0,0.5,0.9,12,7
6552,2017,03/25,14.284.728.038.682.700,Medianeira,34.0,0.5,0.9,12,7
6553,2018,03/25,13.574.973.438.499.000,Medianeira,34.0,0.5,0.9,12,7
6554,2019,03/25,14.602.358.521.396.100,Medianeira,34.0,0.5,0.9,12,7
6555,2020,03/25,13.308.041.144.537.600,Medianeira,34.0,0.5,0.9,12,7
6556,2021,03/25,13.913.668.639.187.400,Medianeira,34.0,0.5,0.9,12,7
6557,2022,03/25,12.949.293.471.786.000,Medianeira,34.0,0.5,0.9,12,7
6558,2023,03/25,14.843.442.231.820.700,Medianeira,34.0,0.5,0.9,12,7
6559,2024,03/25,13.300.487.349.683.600,Medianeira,34.0,0.5,0.9,12,7
6560,2015,03/25,15.241.241.171.257.000,Santa Helena,34.0,0.5,0.9,12,7
6561,2016,03/25,12.548.347.488.673.500,Santa Helena,34.0,0.5,0.9,12,7
6562,2017,03/25,14.665.622.036.817.500,Santa Helena,34.0,0.5,0.9,12,7
6563,2018,03/25,14.241.675.782.641.400,Santa Helena,34.0,0.5,0.9,12,7
6564,2019,03/25,1.496.361.257.538.770,Santa Helena,34.0,0.5,0.9,12,7
6565,2020,03/25,14.250.083.181.313.100,Santa Helena,34.0,0.5,0.9,12,7
6566,2021,03/25,14.342.222.479.166.700,Santa Helena,34.0,0.5,0.9,12,7
6567,2022,03/25,1.367.554.694.549.270,Santa Helena,34.0,0.5,0.9,12,7
6568,2023,03/25,15.174.117.132.138.500,Santa Helena,34.0,0.5,0.9,12,7
6569,2024,03/25,14.105.648.212.606.400,Santa Helena,34.0,0.5,0.9,12,7
6570,2015,03/25,14.778.497.447.539.900,São Miguel do Iguaçu,34.0,0.5,0.9,12,7
6571,2016,03/25,117.052.044.449.811,São Miguel do Iguaçu,34.0,0.5,0.9,12,7
6572,2017,03/25,14.284.757.260.394.000,São Miguel do Iguaçu,34.0,0.5,0.9,12,7
6573,2018,03/25,13.575.249.701.600.000,São Miguel do Iguaçu,34.0,0.5,0.9,12,7
6574,2019,03/25,14.602.397.092.774.300,São Miguel do Iguaçu,34.0,0.5,0.9,12,7
6575,2020,03/25,13.308.307.174.225.100,São Miguel do Iguaçu,34.0,0.5,0.9,12,7
6576,2021,03/25,13.914.525.899.362.400,São Miguel do Iguaçu,34.0,0.5,0.9,12,7
6577,2022,03/25,12.949.293.471.786.000,São Miguel do Iguaçu,34.0,0.5,0.9,12,7
6578,2023,03/25,14.843.857.594.644.100,São Miguel do Iguaçu,34.0,0.5,0.9,12,7
6579,2024,03/25,13.300.584.431.372.400,São Miguel do Iguaçu,34.0,0.5,0.9,12,7
6580,2015,03/25,13.762.132.962.591.600,São Pedro do Iguaçu,34.0,0.5,0.9,12,7
6581,2016,03/25,6.938.839.958.920.940,São Pedro do Iguaçu,34.0,0.5,0.9,12,7
6582,2017,03/25,13.239.048.595.468.500,São Pedro do Iguaçu,34.0,0.5,0.9,12,7
6583,2018,03/25,12.818.931.027.864.700,São Pedro do Iguaçu,34.0,0.5,0.9,12,7
6584,2019,03/25,13.873.640.332.283.600,São Pedro do Iguaçu,34.0,0.5,0.9,12,7
6585,2020,03/25,1.277.877.812.543.330,São Pedro do Iguaçu,34.0,0.5,0.9,12,7
6586,2021,03/25,13.219.724.781.103.000,São Pedro do Iguaçu,34.0,0.5,0.9,12,7
6587,2022,03/25,11.946.046.744.221.600,São Pedro do Iguaçu,34.0,0.5,0.9,12,7
6588,2023,03/25,139.932.929.620.979,São Pedro do Iguaçu,34.0,0.5,0.9,12,7
6589,2024,03/25,1.337.551.024.543.860,São Pedro do Iguaçu,34.0,0.5,0.9,12,7
6590,2015,03/25,1.449.460.284.392.340,Toledo,34.0,0.5,0.9,12,7
6591,2016,03/25,10.080.228.311.850.600,Toledo,34.0,0.5,0.9,12,7
6592,2017,03/25,1.376.865.112.784.330,Toledo,34.0,0.5,0.9,12,7
6593,2018,03/25,13.818.444.962.382.200,Toledo,34.0,0.5,0.9,12,7
6594,2019,03/25,1.450.710.766.440.370,Toledo,34.0,0.5,0.9,12,7
6595,2020,03/25,13.983.884.525.907.500,Toledo,34.0,0.5,0.9,12,7
6596,2021,03/25,13.777.998.934.767.700,Toledo,34.0,0.5,0.9,12,7
6597,2022,03/25,1.266.257.473.706.020,Toledo,34.0,0.5,0.9,12,7
6598,2023,03/25,14.500.270.452.240.600,Toledo,34.0,0.5,0.9,12,7
6599,2024,03/25,14.489.649.443.784.400,Toledo,34.0,0.5,0.9,12,7
6600,2015,03/25,13.686.780.330.318.100,Cascavel,34.0,0.5,0.9,13,6
6601,2016,03/25,7.470.191.294.168.000,Cascavel,34.0,0.5,0.9,13,6
6602,2017,03/25,12.849.360.455.569.900,Cascavel,34.0,0.5,0.9,13,6
6603,2018,03/25,12.451.189.123.662.900,Cascavel,34.0,0.5,0.9,13,6
6604,2019,03/25,13.686.122.962.105.000,Cascavel,34.0,0.5,0.9,13,6
6605,2020,03/25,12.581.116.995.218.000,Cascavel,34.0,0.5,0.9,13,6
6606,2021,03/25,12.665.913.962.389.800,Cascavel,34.0,0.5,0.9,13,6
6607,2022,03/25,11.806.350.771.393.600,Cascavel,34.0,0.5,0.9,13,6
6608,2023,03/25,13.327.965.740.639.500,Cascavel,34.0,0.5,0.9,13,6
6609,2024,03/25,13.658.949.193.216.600,Cascavel,34.0,0.5,0.9,13,6
6610,2015,03/25,14.778.497.447.539.900,Foz do Iguaçu,34.0,0.5,0.9,13,6
6611,2016,03/25,11.705.293.843.037.900,Foz do Iguaçu,34.0,0.5,0.9,13,6
6612,2017,03/25,1.428.477.226.299.740,Foz do Iguaçu,34.0,0.5,0.9,13,6
6613,2018,03/25,13.575.306.393.615.400,Foz do Iguaçu,34.0,0.5,0.9,13,6
6614,2019,03/25,14.602.400.896.261.800,Foz do Iguaçu,34.0,0.5,0.9,13,6
6615,2020,03/25,1.330.835.407.383.100,Foz do Iguaçu,34.0,0.5,0.9,13,6
6616,2021,03/25,13.914.656.260.783.100,Foz do Iguaçu,34.0,0.5,0.9,13,6
6617,2022,03/25,12.949.293.471.786.000,Foz do Iguaçu,34.0,0.5,0.9,13,6
6618,2023,03/25,14.843.891.801.869.900,Foz do Iguaçu,34.0,0.5,0.9,13,6
6619,2024,03/25,13.300.614.866.419.300,Foz do Iguaçu,34.0,0.5,0.9,13,6
6620,2015,03/25,15.275.900.878.495.000,Guaíra,34.0,0.5,0.9,13,6
6621,2016,03/25,1.249.288.833.354.360,Guaíra,34.0,0.5,0.9,13,6
6622,2017,03/25,14.550.258.585.314.000,Guaíra,34.0,0.5,0.9,13,6
6623,2018,03/25,1.447.681.240.189.930,Guaíra,34.0,0.5,0.9,13,6
6624,2019,03/25,15.145.263.105.410.600,Guaíra,34.0,0.5,0.9,13,6
6625,2020,03/25,14.751.612.127.208.900,Guaíra,34.0,0.5,0.9,13,6
6626,2021,03/25,14.189.906.188.521.600,Guaíra,34.0,0.5,0.9,13,6
6627,2022,03/25,13.672.364.414.149.800,Guaíra,34.0,0.5,0.9,13,6
6628,2023,03/25,14.951.479.325.468.100,Guaíra,34.0,0.5,0.9,13,6
6629,2024,03/25,15.049.042.450.867.400,Guaíra,34.0,0.5,0.9,13,6
6630,2015,03/25,15.288.039.058.222.900,Marechal Cândido Rondon,34.0,0.5,0.9,13,6
6631,2016,03/25,12.592.257.133.133.100,Marechal Cândido Rondon,34.0,0.5,0.9,13,6
6632,2017,03/25,146.762.749.809.671,Marechal Cândido Rondon,34.0,0.5,0.9,13,6
6633,2018,03/25,14.539.318.836.743.200,Marechal Cândido Rondon,34.0,0.5,0.9,13,6
6634,2019,03/25,15.142.053.604.641.500,Marechal Cândido Rondon,34.0,0.5,0.9,13,6
6635,2020,03/25,14.618.613.011.637.200,Marechal Cândido Rondon,34.0,0.5,0.9,13,6
6636,2021,03/25,1.449.535.785.720.930,Marechal Cândido Rondon,34.0,0.5,0.9,13,6
6637,2022,03/25,13.718.776.225.357.700,Marechal Cândido Rondon,34.0,0.5,0.9,13,6
6638,2023,03/25,1.511.127.584.330.880,Marechal Cândido Rondon,34.0,0.5,0.9,13,6
6639,2024,03/25,14.682.319.927.513.300,Marechal Cândido Rondon,34.0,0.5,0.9,13,6
6640,2015,03/25,14.162.189.833.237.800,Matelândia,34.0,0.5,0.9,13,6
6641,2016,03/25,8.486.559.147.127.010,Matelândia,34.0,0.5,0.9,13,6
6642,2017,03/25,1.372.158.025.220.180,Matelândia,34.0,0.5,0.9,13,6
6643,2018,03/25,12.896.049.945.101.300,Matelândia,34.0,0.5,0.9,13,6
6644,2019,03/25,1.413.359.061.469.870,Matelândia,34.0,0.5,0.9,13,6
6645,2020,03/25,12.875.677.245.669.800,Matelândia,34.0,0.5,0.9,13,6
6646,2021,03/25,13.514.983.238.818.100,Matelândia,34.0,0.5,0.9,13,6
6647,2022,03/25,12.379.850.449.364.700,Matelândia,34.0,0.5,0.9,13,6
6648,2023,03/25,1.427.471.234.093.940,Matelândia,34.0,0.5,0.9,13,6
6649,2024,03/25,13.311.628.721.218.800,Matelândia,34.0,0.5,0.9,13,6
6650,2015,03/25,14.778.497.447.539.900,Medianeira,34.0,0.5,0.9,13,6
6651,2016,03/25,1.170.482.583.371.260,Medianeira,34.0,0.5,0.9,13,6
6652,2017,03/25,14.284.728.038.682.700,Medianeira,34.0,0.5,0.9,13,6
6653,2018,03/25,13.574.973.438.499.000,Medianeira,34.0,0.5,0.9,13,6
6654,2019,03/25,14.602.358.521.396.100,Medianeira,34.0,0.5,0.9,13,6
6655,2020,03/25,13.308.041.144.537.600,Medianeira,34.0,0.5,0.9,13,6
6656,2021,03/25,13.913.668.639.187.400,Medianeira,34.0,0.5,0.9,13,6
6657,2022,03/25,12.949.293.471.786.000,Medianeira,34.0,0.5,0.9,13,6
6658,2023,03/25,14.843.442.231.820.700,Medianeira,34.0,0.5,0.9,13,6
6659,2024,03/25,13.300.487.349.683.600,Medianeira,34.0,0.5,0.9,13,6
6660,2015,03/25,15.241.241.171.257.000,Santa Helena,34.0,0.5,0.9,13,6
6661,2016,03/25,12.548.347.488.673.500,Santa Helena,34.0,0.5,0.9,13,6
6662,2017,03/25,14.665.622.036.817.500,Santa Helena,34.0,0.5,0.9,13,6
6663,2018,03/25,14.241.675.782.641.400,Santa Helena,34.0,0.5,0.9,13,6
6664,2019,03/25,1.496.361.257.538.770,Santa Helena,34.0,0.5,0.9,13,6
6665,2020,03/25,14.250.083.181.313.100,Santa Helena,34.0,0.5,0.9,13,6
6666,2021,03/25,14.342.222.479.166.700,Santa Helena,34.0,0.5,0.9,13,6
6667,2022,03/25,1.367.554.694.549.270,Santa Helena,34.0,0.5,0.9,13,6
6668,2023,03/25,15.174.117.132.138.500,Santa Helena,34.0,0.5,0.9,13,6
6669,2024,03/25,14.105.648.212.606.400,Santa Helena,34.0,0.5,0.9,13,6
6670,2015,03/25,14.778.497.447.539.900,São Miguel do Iguaçu,34.0,0.5,0.9,13,6
6671,2016,03/25,117.052.044.449.811,São Miguel do Iguaçu,34.0,0.5,0.9,13,6
6672,2017,03/25,14.284.757.260.394.000,São Miguel do Iguaçu,34.0,0.5,0.9,13,6
6673,2018,03/25,13.575.249.701.600.000,São Miguel do Iguaçu,34.0,0.5,0.9,13,6
6674,2019,03/25,14.602.397.092.774.300,São Miguel do Iguaçu,34.0,0.5,0.9,13,6
6675,2020,03/25,13.308.307.174.225.100,São Miguel do Iguaçu,34.0,0.5,0.9,13,6
6676,2021,03/25,13.914.525.899.362.400,São Miguel do Iguaçu,34.0,0.5,0.9,13,6
6677,2022,03/25,12.949.293.471.786.000,São Miguel do Iguaçu,34.0,0.5,0.9,13,6
6678,2023,03/25,14.843.857.594.644.100,São Miguel do Iguaçu,34.0,0.5,0.9,13,6
6679,2024,03/25,13.300.584.431.372.400,São Miguel do Iguaçu,34.0,0.5,0.9,13,6
6680,2015,03/25,13.762.132.962.591.600,São Pedro do Iguaçu,34.0,0.5,0.9,13,6
6681,2016,03/25,6.938.839.958.920.940,São Pedro do Iguaçu,34.0,0.5,0.9,13,6
6682,2017,03/25,13.239.048.595.468.500,São Pedro do Iguaçu,34.0,0.5,0.9,13,6
6683,2018,03/25,12.818.931.027.864.700,São Pedro do Iguaçu,34.0,0.5,0.9,13,6
6684,2019,03/25,13.873.640.332.283.600,São Pedro do Iguaçu,34.0,0.5,0.9,13,6
6685,2020,03/25,1.277.877.812.543.330,São Pedro do Iguaçu,34.0,0.5,0.9,13,6
6686,2021,03/25,13.219.724.781.103.000,São Pedro do Iguaçu,34.0,0.5,0.9,13,6
6687,2022,03/25,11.946.046.744.221.600,São Pedro do Iguaçu,34.0,0.5,0.9,13,6
6688,2023,03/25,139.932.929.620.979,São Pedro do Iguaçu,34.0,0.5,0.9,13,6
6689,2024,03/25,1.337.551.024.543.860,São Pedro do Iguaçu,34.0,0.5,0.9,13,6
6690,2015,03/25,1.449.460.284.392.340,Toledo,34.0,0.5,0.9,13,6
6691,2016,03/25,10.080.228.311.850.600,Toledo,34.0,0.5,0.9,13,6
6692,2017,03/25,1.376.865.112.784.330,Toledo,34.0,0.5,0.9,13,6
6693,2018,03/25,13.818.444.962.382.200,Toledo,34.0,0.5,0.9,13,6
6694,2019,03/25,1.450.710.766.440.370,Toledo,34.0,0.5,0.9,13,6
6695,2020,03/25,13.983.884.525.907.500,Toledo,34.0,0.5,0.9,13,6
6696,2021,03/25,13.777.998.934.767.700,Toledo,34.0,0.5,0.9,13,6
6697,2022,03/25,1.266.257.473.706.020,Toledo,34.0,0.5,0.9,13,6
6698,2023,03/25,14.500.270.452.240.600,Toledo,34.0,0.5,0.9,13,6
6699,2024,03/25,14.489.649.443.784.400,Toledo,34.0,0.5,0.9,13,6
6700,2015,03/25,13.686.780.330.318.100,Cascavel,34.0,0.5,0.9,13,7
6701,2016,03/25,7.470.191.294.168.000,Cascavel,34.0,0.5,0.9,13,7
6702,2017,03/25,12.849.360.455.569.900,Cascavel,34.0,0.5,0.9,13,7
6703,2018,03/25,12.451.189.123.662.900,Cascavel,34.0,0.5,0.9,13,7
6704,2019,03/25,13.686.122.962.105.000,Cascavel,34.0,0.5,0.9,13,7
6705,2020,03/25,12.581.116.995.218.000,Cascavel,34.0,0.5,0.9,13,7
6706,2021,03/25,12.665.913.962.389.800,Cascavel,34.0,0.5,0.9,13,7
6707,2022,03/25,11.806.350.771.393.600,Cascavel,34.0,0.5,0.9,13,7
6708,2023,03/25,13.327.965.740.639.500,Cascavel,34.0,0.5,0.9,13,7
6709,2024,03/25,13.658.949.193.216.600,Cascavel,34.0,0.5,0.9,13,7
6710,2015,03/25,14.778.497.447.539.900,Foz do Iguaçu,34.0,0.5,0.9,13,7
6711,2016,03/25,11.705.293.843.037.900,Foz do Iguaçu,34.0,0.5,0.9,13,7
6712,2017,03/25,1.428.477.226.299.740,Foz do Iguaçu,34.0,0.5,0.9,13,7
6713,2018,03/25,13.575.306.393.615.400,Foz do Iguaçu,34.0,0.5,0.9,13,7
6714,2019,03/25,14.602.400.896.261.800,Foz do Iguaçu,34.0,0.5,0.9,13,7
6715,2020,03/25,1.330.835.407.383.100,Foz do Iguaçu,34.0,0.5,0.9,13,7
6716,2021,03/25,13.914.656.260.783.100,Foz do Iguaçu,34.0,0.5,0.9,13,7
6717,2022,03/25,12.949.293.471.786.000,Foz do Iguaçu,34.0,0.5,0.9,13,7
6718,2023,03/25,14.843.891.801.869.900,Foz do Iguaçu,34.0,0.5,0.9,13,7
6719,2024,03/25,13.300.614.866.419.300,Foz do Iguaçu,34.0,0.5,0.9,13,7
6720,2015,03/25,15.275.900.878.495.000,Guaíra,34.0,0.5,0.9,13,7
6721,2016,03/25,1.249.288.833.354.360,Guaíra,34.0,0.5,0.9,13,7
6722,2017,03/25,14.550.258.585.314.000,Guaíra,34.0,0.5,0.9,13,7
6723,2018,03/25,1.447.681.240.189.930,Guaíra,34.0,0.5,0.9,13,7
6724,2019,03/25,15.145.263.105.410.600,Guaíra,34.0,0.5,0.9,13,7
6725,2020,03/25,14.751.612.127.208.900,Guaíra,34.0,0.5,0.9,13,7
6726,2021,03/25,14.189.906.188.521.600,Guaíra,34.0,0.5,0.9,13,7
6727,2022,03/25,13.672.364.414.149.800,Guaíra,34.0,0.5,0.9,13,7
6728,2023,03/25,14.951.479.325.468.100,Guaíra,34.0,0.5,0.9,13,7
6729,2024,03/25,15.049.042.450.867.400,Guaíra,34.0,0.5,0.9,13,7
6730,2015,03/25,15.288.039.058.222.900,Marechal Cândido Rondon,34.0,0.5,0.9,13,7
6731,2016,03/25,12.592.257.133.133.100,Marechal Cândido Rondon,34.0,0.5,0.9,13,7
6732,2017,03/25,146.762.749.809.671,Marechal Cândido Rondon,34.0,0.5,0.9,13,7
6733,2018,03/25,14.539.318.836.743.200,Marechal Cândido Rondon,34.0,0.5,0.9,13,7
6734,2019,03/25,15.142.053.604.641.500,Marechal Cândido Rondon,34.0,0.5,0.9,13,7
6735,2020,03/25,14.618.613.011.637.200,Marechal Cândido Rondon,34.0,0.5,0.9,13,7
6736,2021,03/25,1.449.535.785.720.930,Marechal Cândido Rondon,34.0,0.5,0.9,13,7
6737,2022,03/25,13.718.776.225.357.700,Marechal Cândido Rondon,34.0,0.5,0.9,13,7
6738,2023,03/25,1.511.127.584.330.880,Marechal Cândido Rondon,34.0,0.5,0.9,13,7
6739,2024,03/25,14.682.319.927.513.300,Marechal Cândido Rondon,34.0,0.5,0.9,13,7
6740,2015,03/25,14.162.189.833.237.800,Matelândia,34.0,0.5,0.9,13,7
6741,2016,03/25,8.486.559.147.127.010,Matelândia,34.0,0.5,0.9,13,7
6742,2017,03/25,1.372.158.025.220.180,Matelândia,34.0,0.5,0.9,13,7
6743,2018,03/25,12.896.049.945.101.300,Matelândia,34.0,0.5,0.9,13,7
6744,2019,03/25,1.413.359.061.469.870,Matelândia,34.0,0.5,0.9,13,7
6745,2020,03/25,12.875.677.245.669.800,Matelândia,34.0,0.5,0.9,13,7
6746,2021,03/25,13.514.983.238.818.100,Matelândia,34.0,0.5,0.9,13,7
6747,2022,03/25,12.379.850.449.364.700,Matelândia,34.0,0.5,0.9,13,7
6748,2023,03/25,1.427.471.234.093.940,Matelândia,34.0,0.5,0.9,13,7
6749,2024,03/25,13.311.628.721.218.800,Matelândia,34.0,0.5,0.9,13,7
6750,2015,03/25,14.778.497.447.539.900,Medianeira,34.0,0.5,0.9,13,7
6751,2016,03/25,1.170.482.583.371.260,Medianeira,34.0,0.5,0.9,13,7
6752,2017,03/25,14.284.728.038.682.700,Medianeira,34.0,0.5,0.9,13,7
6753,2018,03/25,13.574.973.438.499.000,Medianeira,34.0,0.5,0.9,13,7
6754,2019,03/25,14.602.358.521.396.100,Medianeira,34.0,0.5,0.9,13,7
6755,2020,03/25,13.308.041.144.537.600,Medianeira,34.0,0.5,0.9,13,7
6756,2021,03/25,13.913.668.639.187.400,Medianeira,34.0,0.5,0.9,13,7
6757,2022,03/25,12.949.293.471.786.000,Medianeira,34.0,0.5,0.9,13,7
6758,2023,03/25,14.843.442.231.820.700,Medianeira,34.0,0.5,0.9,13,7
6759,2024,03/25,13.300.487.349.683.600,Medianeira,34.0,0.5,0.9,13,7
6760,2015,03/25,15.241.241.171.257.000,Santa Helena,34.0,0.5,0.9,13,7
6761,2016,03/25,12.548.347.488.673.500,Santa Helena,34.0,0.5,0.9,13,7
6762,2017,03/25,14.665.622.036.817.500,Santa Helena,34.0,0.5,0.9,13,7
6763,2018,03/25,14.241.675.782.641.400,Santa Helena,34.0,0.5,0.9,13,7
6764,2019,03/25,1.496.361.257.538.770,Santa Helena,34.0,0.5,0.9,13,7
6765,2020,03/25,14.250.083.181.313.100,Santa Helena,34.0,0.5,0.9,13,7
6766,2021,03/25,14.342.222.479.166.700,Santa Helena,34.0,0.5,0.9,13,7
6767,2022,03/25,1.367.554.694.549.270,Santa Helena,34.0,0.5,0.9,13,7
6768,2023,03/25,15.174.117.132.138.500,Santa Helena,34.0,0.5,0.9,13,7
6769,2024,03/25,14.105.648.212.606.400,Santa Helena,34.0,0.5,0.9,13,7
6770,2015,03/25,14.778.497.447.539.900,São Miguel do Iguaçu,34.0,0.5,0.9,13,7
6771,2016,03/25,117.052.044.449.811,São Miguel do Iguaçu,34.0,0.5,0.9,13,7
6772,2017,03/25,14.284.757.260.394.000,São Miguel do Iguaçu,34.0,0.5,0.9,13,7
6773,2018,03/25,13.575.249.701.600.000,São Miguel do Iguaçu,34.0,0.5,0.9,13,7
6774,2019,03/25,14.602.397.092.774.300,São Miguel do Iguaçu,34.0,0.5,0.9,13,7
6775,2020,03/25,13.308.307.174.225.100,São Miguel do Iguaçu,34.0,0.5,0.9,13,7
6776,2021,03/25,13.914.525.899.362.400,São Miguel do Iguaçu,34.0,0.5,0.9,13,7
6777,2022,03/25,12.949.293.471.786.000,São Miguel do Iguaçu,34.0,0.5,0.9,13,7
6778,2023,03/25,14.843.857.594.644.100,São Miguel do Iguaçu,34.0,0.5,0.9,13,7
6779,2024,03/25,13.300.584.431.372.400,São Miguel do Iguaçu,34.0,0.5,0.9,13,7
6780,2015,03/25,13.762.132.962.591.600,São Pedro do Iguaçu,34.0,0.5,0.9,13,7
6781,2016,03/25,6.938.839.958.920.940,São Pedro do Iguaçu,34.0,0.5,0.9,13,7
6782,2017,03/25,13.239.048.595.468.500,São Pedro do Iguaçu,34.0,0.5,0.9,13,7
6783,2018,03/25,12.818.931.027.864.700,São Pedro do Iguaçu,34.0,0.5,0.9,13,7
6784,2019,03/25,13.873.640.332.283.600,São Pedro do Iguaçu,34.0,0.5,0.9,13,7
6785,2020,03/25,1.277.877.812.543.330,São Pedro do Iguaçu,34.0,0.5,0.9,13,7
6786,2021,03/25,13.219.724.781.103.000,São Pedro do Iguaçu,34.0,0.5,0.9,13,7
6787,2022,03/25,11.946.046.744.221.600,São Pedro do Iguaçu,34.0,0.5,0.9,13,7
6788,2023,03/25,139.932.929.620.979,São Pedro do Iguaçu,34.0,0.5,0.9,13,7
6789,2024,03/25,1.337.551.024.543.860,São Pedro do Iguaçu,34.0,0.5,0.9,13,7
6790,2015,03/25,1.449.460.284.392.340,Toledo,34.0,0.5,0.9,13,7
6791,2016,03/25,10.080.228.311.850.600,Toledo,34.0,0.5,0.9,13,7
6792,2017,03/25,1.376.865.112.784.330,Toledo,34.0,0.5,0.9,13,7
6793,2018,03/25,13.818.444.962.382.200,Toledo,34.0,0.5,0.9,13,7
6794,2019,03/25,1.450.710.766.440.370,Toledo,34.0,0.5,0.9,13,7
6795,2020,03/25,13.983.884.525.907.500,Toledo,34.0,0.5,0.9,13,7
6796,2021,03/25,13.777.998.934.767.700,Toledo,34.0,0.5,0.9,13,7
6797,2022,03/25,1.266.257.473.706.020,Toledo,34.0,0.5,0.9,13,7
6798,2023,03/25,14.500.270.452.240.600,Toledo,34.0,0.5,0.9,13,7
6799,2024,03/25,14.489.649.443.784.400,Toledo,34.0,0.5,0.9,13,7
6800,2015,03/25,14.114.309.597.572.400,Cascavel,34.0,0.5,0.95,12,6
6801,2016,03/25,7.705.603.157.138.070,Cascavel,34.0,0.5,0.95,12,6
6802,2017,03/25,13.258.016.267.123.600,Cascavel,34.0,0.5,0.95,12,6
6803,2018,03/25,1.283.174.093.880.200,Cascavel,34.0,0.5,0.95,12,6
6804,2019,03/25,14.115.595.357.200.100,Cascavel,34.0,0.5,0.95,12,6
6805,2020,03/25,12.970.102.235.924.100,Cascavel,34.0,0.5,0.95,12,6
6806,2021,03/25,1.304.513.095.412.810,Cascavel,34.0,0.5,0.95,12,6
6807,2022,03/25,12.168.163.539.993.300,Cascavel,34.0,0.5,0.95,12,6
6808,2023,03/25,13.749.739.702.171.000,Cascavel,34.0,0.5,0.95,12,6
6809,2024,03/25,1.408.938.757.377.320,Cascavel,34.0,0.5,0.95,12,6
6810,2015,03/25,15.243.517.347.942.600,Foz do Iguaçu,34.0,0.5,0.95,12,6
6811,2016,03/25,12.076.835.397.869.900,Foz do Iguaçu,34.0,0.5,0.95,12,6
6812,2017,03/25,14.738.138.084.022.500,Foz do Iguaçu,34.0,0.5,0.95,12,6
6813,2018,03/25,1.399.544.349.246.210,Foz do Iguaçu,34.0,0.5,0.95,12,6
6814,2019,03/25,15.059.643.210.426.900,Foz do Iguaçu,34.0,0.5,0.95,12,6
6815,2020,03/25,13.720.689.062.445.100,Foz do Iguaçu,34.0,0.5,0.95,12,6
6816,2021,03/25,14.336.106.022.175.000,Foz do Iguaçu,34.0,0.5,0.95,12,6
6817,2022,03/25,13.350.283.523.567.400,Foz do Iguaçu,34.0,0.5,0.95,12,6
6818,2023,03/25,15.312.887.733.849.600,Foz do Iguaçu,34.0,0.5,0.95,12,6
6819,2024,03/25,13.721.649.713.704.200,Foz do Iguaçu,34.0,0.5,0.95,12,6
6820,2015,03/25,15.758.169.196.776.300,Guaíra,34.0,0.5,0.95,12,6
6821,2016,03/25,12.890.065.890.484.900,Guaíra,34.0,0.5,0.95,12,6
6822,2017,03/25,15.011.517.621.982.600,Guaíra,34.0,0.5,0.95,12,6
6823,2018,03/25,14.930.048.485.550.600,Guaíra,34.0,0.5,0.95,12,6
6824,2019,03/25,15.622.780.101.181.900,Guaíra,34.0,0.5,0.95,12,6
6825,2020,03/25,1.521.353.348.143.660,Guaíra,34.0,0.5,0.95,12,6
6826,2021,03/25,14.621.970.597.594.200,Guaíra,34.0,0.5,0.95,12,6
6827,2022,03/25,14.099.123.238.901.700,Guaíra,34.0,0.5,0.95,12,6
6828,2023,03/25,15.424.988.720.100.000,Guaíra,34.0,0.5,0.95,12,6
6829,2024,03/25,1.552.560.472.122.230,Guaíra,34.0,0.5,0.95,12,6
6830,2015,03/25,1.577.044.587.576.760,Marechal Cândido Rondon,34.0,0.5,0.95,12,6
6831,2016,03/25,12.991.816.585.049.900,Marechal Cândido Rondon,34.0,0.5,0.95,12,6
6832,2017,03/25,15.141.043.532.550.500,Marechal Cândido Rondon,34.0,0.5,0.95,12,6
6833,2018,03/25,14.992.986.875.876.900,Marechal Cândido Rondon,34.0,0.5,0.95,12,6
6834,2019,03/25,15.618.955.972.249.800,Marechal Cândido Rondon,34.0,0.5,0.95,12,6
6835,2020,03/25,15.076.267.741.555.000,Marechal Cândido Rondon,34.0,0.5,0.95,12,6
6836,2021,03/25,14.936.765.702.662.800,Marechal Cândido Rondon,34.0,0.5,0.95,12,6
6837,2022,03/25,14.147.575.479.045.100,Marechal Cândido Rondon,34.0,0.5,0.95,12,6
6838,2023,03/25,15.589.780.888.184.200,Marechal Cândido Rondon,34.0,0.5,0.95,12,6
6839,2024,03/25,15.147.535.959.641.100,Marechal Cândido Rondon,34.0,0.5,0.95,12,6
6840,2015,03/25,14.606.764.697.755.300,Matelândia,34.0,0.5,0.95,12,6
6841,2016,03/25,8.755.576.052.136.830,Matelândia,34.0,0.5,0.95,12,6
6842,2017,03/25,141.584.636.961.586,Matelândia,34.0,0.5,0.95,12,6
6843,2018,03/25,13.292.354.158.817.600,Matelândia,34.0,0.5,0.95,12,6
6844,2019,03/25,14.576.236.569.409.200,Matelândia,34.0,0.5,0.95,12,6
6845,2020,03/25,1.327.440.524.806.970,Matelândia,34.0,0.5,0.95,12,6
6846,2021,03/25,1.392.253.755.534.950,Matelândia,34.0,0.5,0.95,12,6
6847,2022,03/25,12.761.088.008.430.700,Matelândia,34.0,0.5,0.95,12,6
6848,2023,03/25,1.472.569.244.968.250,Matelândia,34.0,0.5,0.95,12,6
6849,2024,03/25,13.732.363.898.560.300,Matelândia,34.0,0.5,0.95,12,6
6850,2015,03/25,15.243.517.347.942.600,Medianeira,34.0,0.5,0.95,12,6
6851,2016,03/25,12.076.356.123.515.500,Medianeira,34.0,0.5,0.95,12,6
6852,2017,03/25,14.738.092.478.297.300,Medianeira,34.0,0.5,0.95,12,6
6853,2018,03/25,13.995.082.754.957.700,Medianeira,34.0,0.5,0.95,12,6
6854,2019,03/25,15.059.599.350.586.500,Medianeira,34.0,0.5,0.95,12,6
6855,2020,03/25,13.720.370.612.977.000,Medianeira,34.0,0.5,0.95,12,6
6856,2021,03/25,14.335.073.699.437.900,Medianeira,34.0,0.5,0.95,12,6
6857,2022,03/25,13.350.283.523.567.400,Medianeira,34.0,0.5,0.95,12,6
6858,2023,03/25,1.531.242.299.706.400,Medianeira,34.0,0.5,0.95,12,6
6859,2024,03/25,13.721.517.977.885.600,Medianeira,34.0,0.5,0.95,12,6
6860,2015,03/25,15.722.184.554.840.900,Santa Helena,34.0,0.5,0.95,12,6
6861,2016,03/25,12.946.210.912.389.800,Santa Helena,34.0,0.5,0.95,12,6
6862,2017,03/25,15.129.773.567.568.600,Santa Helena,34.0,0.5,0.95,12,6
6863,2018,03/25,14.684.708.037.550.100,Santa Helena,34.0,0.5,0.95,12,6
6864,2019,03/25,15.433.907.024.924.600,Santa Helena,34.0,0.5,0.95,12,6
6865,2020,03/25,146.942.579.018.563,Santa Helena,34.0,0.5,0.95,12,6
6866,2021,03/25,14.777.912.986.063.700,Santa Helena,34.0,0.5,0.95,12,6
6867,2022,03/25,14.101.919.391.199.700,Santa Helena,34.0,0.5,0.95,12,6
6868,2023,03/25,15.654.183.321.541.500,Santa Helena,34.0,0.5,0.95,12,6
6869,2024,03/25,14.552.197.022.509.300,Santa Helena,34.0,0.5,0.95,12,6
6870,2015,03/25,15.243.517.347.942.600,São Miguel do Iguaçu,34.0,0.5,0.95,12,6
6871,2016,03/25,12.076.743.873.083.400,São Miguel do Iguaçu,34.0,0.5,0.95,12,6
6872,2017,03/25,14.738.122.612.781.400,São Miguel do Iguaçu,34.0,0.5,0.95,12,6
6873,2018,03/25,13.995.383.917.216.900,São Miguel do Iguaçu,34.0,0.5,0.95,12,6
6874,2019,03/25,15.059.639.273.644.100,São Miguel do Iguaçu,34.0,0.5,0.95,12,6
6875,2020,03/25,13.720.651.527.131.400,São Miguel do Iguaçu,34.0,0.5,0.95,12,6
6876,2021,03/25,1.433.596.611.488.500,São Miguel do Iguaçu,34.0,0.5,0.95,12,6
6877,2022,03/25,13.350.283.523.567.400,São Miguel do Iguaçu,34.0,0.5,0.95,12,6
6878,2023,03/25,1.531.285.237.302.910,São Miguel do Iguaçu,34.0,0.5,0.95,12,6
6879,2024,03/25,13.721.618.271.296.600,São Miguel do Iguaçu,34.0,0.5,0.95,12,6
6880,2015,03/25,14.193.033.426.278.100,São Pedro do Iguaçu,34.0,0.5,0.95,12,6
6881,2016,03/25,7.158.323.647.759.960,São Pedro do Iguaçu,34.0,0.5,0.95,12,6
6882,2017,03/25,13.660.782.072.936.400,São Pedro do Iguaçu,34.0,0.5,0.95,12,6
6883,2018,03/25,13.210.872.155.189.500,São Pedro do Iguaçu,34.0,0.5,0.95,12,6
6884,2019,03/25,1.430.740.514.106.640,São Pedro do Iguaçu,34.0,0.5,0.95,12,6
6885,2020,03/25,13.173.189.755.133.500,São Pedro do Iguaçu,34.0,0.5,0.95,12,6
6886,2021,03/25,1.361.777.482.564.780,São Pedro do Iguaçu,34.0,0.5,0.95,12,6
6887,2022,03/25,12.313.319.278.847.500,São Pedro do Iguaçu,34.0,0.5,0.95,12,6
6888,2023,03/25,14.436.529.867.519.800,São Pedro do Iguaçu,34.0,0.5,0.95,12,6
6889,2024,03/25,1.379.782.856.090.070,São Pedro do Iguaçu,34.0,0.5,0.95,12,6
6890,2015,03/25,14.949.772.695.043.700,Toledo,34.0,0.5,0.95,12,6
6891,2016,03/25,10.399.479.299.002.700,Toledo,34.0,0.5,0.95,12,6
6892,2017,03/25,14.206.127.498.010.600,Toledo,34.0,0.5,0.95,12,6
6893,2018,03/25,1.424.827.078.583.380,Toledo,34.0,0.5,0.95,12,6
6894,2019,03/25,1.496.368.878.950.190,Toledo,34.0,0.5,0.95,12,6
6895,2020,03/25,1.441.988.261.176.860,Toledo,34.0,0.5,0.95,12,6
6896,2021,03/25,14.193.995.343.391.300,Toledo,34.0,0.5,0.95,12,6
6897,2022,03/25,13.054.743.503.617.500,Toledo,34.0,0.5,0.95,12,6
6898,2023,03/25,14.959.909.854.467.600,Toledo,34.0,0.5,0.95,12,6
6899,2024,03/25,14.947.963.027.357.200,Toledo,34.0,0.5,0.95,12,6
6900,2015,03/25,14.114.309.597.572.400,Cascavel,34.0,0.5,0.95,12,7
6901,2016,03/25,7.705.603.157.138.070,Cascavel,34.0,0.5,0.95,12,7
6902,2017,03/25,13.258.016.267.123.600,Cascavel,34.0,0.5,0.95,12,7
6903,2018,03/25,1.283.174.093.880.200,Cascavel,34.0,0.5,0.95,12,7
6904,2019,03/25,14.115.595.357.200.100,Cascavel,34.0,0.5,0.95,12,7
6905,2020,03/25,12.970.102.235.924.100,Cascavel,34.0,0.5,0.95,12,7
6906,2021,03/25,1.304.513.095.412.810,Cascavel,34.0,0.5,0.95,12,7
6907,2022,03/25,12.168.163.539.993.300,Cascavel,34.0,0.5,0.95,12,7
6908,2023,03/25,13.749.739.702.171.000,Cascavel,34.0,0.5,0.95,12,7
6909,2024,03/25,1.408.938.757.377.320,Cascavel,34.0,0.5,0.95,12,7
6910,2015,03/25,15.243.517.347.942.600,Foz do Iguaçu,34.0,0.5,0.95,12,7
6911,2016,03/25,12.076.835.397.869.900,Foz do Iguaçu,34.0,0.5,0.95,12,7
6912,2017,03/25,14.738.138.084.022.500,Foz do Iguaçu,34.0,0.5,0.95,12,7
6913,2018,03/25,1.399.544.349.246.210,Foz do Iguaçu,34.0,0.5,0.95,12,7
6914,2019,03/25,15.059.643.210.426.900,Foz do Iguaçu,34.0,0.5,0.95,12,7
6915,2020,03/25,13.720.689.062.445.100,Foz do Iguaçu,34.0,0.5,0.95,12,7
6916,2021,03/25,14.336.106.022.175.000,Foz do Iguaçu,34.0,0.5,0.95,12,7
6917,2022,03/25,13.350.283.523.567.400,Foz do Iguaçu,34.0,0.5,0.95,12,7
6918,2023,03/25,15.312.887.733.849.600,Foz do Iguaçu,34.0,0.5,0.95,12,7
6919,2024,03/25,13.721.649.713.704.200,Foz do Iguaçu,34.0,0.5,0.95,12,7
6920,2015,03/25,15.758.169.196.776.300,Guaíra,34.0,0.5,0.95,12,7
6921,2016,03/25,12.890.065.890.484.900,Guaíra,34.0,0.5,0.95,12,7
6922,2017,03/25,15.011.517.621.982.600,Guaíra,34.0,0.5,0.95,12,7
6923,2018,03/25,14.930.048.485.550.600,Guaíra,34.0,0.5,0.95,12,7
6924,2019,03/25,15.622.780.101.181.900,Guaíra,34.0,0.5,0.95,12,7
6925,2020,03/25,1.521.353.348.143.660,Guaíra,34.0,0.5,0.95,12,7
6926,2021,03/25,14.621.970.597.594.200,Guaíra,34.0,0.5,0.95,12,7
6927,2022,03/25,14.099.123.238.901.700,Guaíra,34.0,0.5,0.95,12,7
6928,2023,03/25,15.424.988.720.100.000,Guaíra,34.0,0.5,0.95,12,7
6929,2024,03/25,1.552.560.472.122.230,Guaíra,34.0,0.5,0.95,12,7
6930,2015,03/25,1.577.044.587.576.760,Marechal Cândido Rondon,34.0,0.5,0.95,12,7
6931,2016,03/25,12.991.816.585.049.900,Marechal Cândido Rondon,34.0,0.5,0.95,12,7
6932,2017,03/25,15.141.043.532.550.500,Marechal Cândido Rondon,34.0,0.5,0.95,12,7
6933,2018,03/25,14.992.986.875.876.900,Marechal Cândido Rondon,34.0,0.5,0.95,12,7
6934,2019,03/25,15.618.955.972.249.800,Marechal Cândido Rondon,34.0,0.5,0.95,12,7
6935,2020,03/25,15.076.267.741.555.000,Marechal Cândido Rondon,34.0,0.5,0.95,12,7
6936,2021,03/25,14.936.765.702.662.800,Marechal Cândido Rondon,34.0,0.5,0.95,12,7
6937,2022,03/25,14.147.575.479.045.100,Marechal Cândido Rondon,34.0,0.5,0.95,12,7
6938,2023,03/25,15.589.780.888.184.200,Marechal Cândido Rondon,34.0,0.5,0.95,12,7
6939,2024,03/25,15.147.535.959.641.100,Marechal Cândido Rondon,34.0,0.5,0.95,12,7
6940,2015,03/25,14.606.764.697.755.300,Matelândia,34.0,0.5,0.95,12,7
6941,2016,03/25,8.755.576.052.136.830,Matelândia,34.0,0.5,0.95,12,7
6942,2017,03/25,141.584.636.961.586,Matelândia,34.0,0.5,0.95,12,7
6943,2018,03/25,13.292.354.158.817.600,Matelândia,34.0,0.5,0.95,12,7
6944,2019,03/25,14.576.236.569.409.200,Matelândia,34.0,0.5,0.95,12,7
6945,2020,03/25,1.327.440.524.806.970,Matelândia,34.0,0.5,0.95,12,7
6946,2021,03/25,1.392.253.755.534.950,Matelândia,34.0,0.5,0.95,12,7
6947,2022,03/25,12.761.088.008.430.700,Matelândia,34.0,0.5,0.95,12,7
6948,2023,03/25,1.472.569.244.968.250,Matelândia,34.0,0.5,0.95,12,7
6949,2024,03/25,13.732.363.898.560.300,Matelândia,34.0,0.5,0.95,12,7
6950,2015,03/25,15.243.517.347.942.600,Medianeira,34.0,0.5,0.95,12,7
6951,2016,03/25,12.076.356.123.515.500,Medianeira,34.0,0.5,0.95,12,7
6952,2017,03/25,14.738.092.478.297.300,Medianeira,34.0,0.5,0.95,12,7
6953,2018,03/25,13.995.082.754.957.700,Medianeira,34.0,0.5,0.95,12,7
6954,2019,03/25,15.059.599.350.586.500,Medianeira,34.0,0.5,0.95,12,7
6955,2020,03/25,13.720.370.612.977.000,Medianeira,34.0,0.5,0.95,12,7
6956,2021,03/25,14.335.073.699.437.900,Medianeira,34.0,0.5,0.95,12,7
6957,2022,03/25,13.350.283.523.567.400,Medianeira,34.0,0.5,0.95,12,7
6958,2023,03/25,1.531.242.299.706.400,Medianeira,34.0,0.5,0.95,12,7
6959,2024,03/25,13.721.517.977.885.600,Medianeira,34.0,0.5,0.95,12,7
6960,2015,03/25,15.722.184.554.840.900,Santa Helena,34.0,0.5,0.95,12,7
6961,2016,03/25,12.946.210.912.389.800,Santa Helena,34.0,0.5,0.95,12,7
6962,2017,03/25,15.129.773.567.568.600,Santa Helena,34.0,0.5,0.95,12,7
6963,2018,03/25,14.684.708.037.550.100,Santa Helena,34.0,0.5,0.95,12,7
6964,2019,03/25,15.433.907.024.924.600,Santa Helena,34.0,0.5,0.95,12,7
6965,2020,03/25,146.942.579.018.563,Santa Helena,34.0,0.5,0.95,12,7
6966,2021,03/25,14.777.912.986.063.700,Santa Helena,34.0,0.5,0.95,12,7
6967,2022,03/25,14.101.919.391.199.700,Santa Helena,34.0,0.5,0.95,12,7
6968,2023,03/25,15.654.183.321.541.500,Santa Helena,34.0,0.5,0.95,12,7
6969,2024,03/25,14.552.197.022.509.300,Santa Helena,34.0,0.5,0.95,12,7
6970,2015,03/25,15.243.517.347.942.600,São Miguel do Iguaçu,34.0,0.5,0.95,12,7
6971,2016,03/25,12.076.743.873.083.400,São Miguel do Iguaçu,34.0,0.5,0.95,12,7
6972,2017,03/25,14.738.122.612.781.400,São Miguel do Iguaçu,34.0,0.5,0.95,12,7
6973,2018,03/25,13.995.383.917.216.900,São Miguel do Iguaçu,34.0,0.5,0.95,12,7
6974,2019,03/25,15.059.639.273.644.100,São Miguel do Iguaçu,34.0,0.5,0.95,12,7
6975,2020,03/25,13.720.651.527.131.400,São Miguel do Iguaçu,34.0,0.5,0.95,12,7
6976,2021,03/25,1.433.596.611.488.500,São Miguel do Iguaçu,34.0,0.5,0.95,12,7
6977,2022,03/25,13.350.283.523.567.400,São Miguel do Iguaçu,34.0,0.5,0.95,12,7
6978,2023,03/25,1.531.285.237.302.910,São Miguel do Iguaçu,34.0,0.5,0.95,12,7
6979,2024,03/25,13.721.618.271.296.600,São Miguel do Iguaçu,34.0,0.5,0.95,12,7
6980,2015,03/25,14.193.033.426.278.100,São Pedro do Iguaçu,34.0,0.5,0.95,12,7
6981,2016,03/25,7.158.323.647.759.960,São Pedro do Iguaçu,34.0,0.5,0.95,12,7
6982,2017,03/25,13.660.782.072.936.400,São Pedro do Iguaçu,34.0,0.5,0.95,12,7
6983,2018,03/25,13.210.872.155.189.500,São Pedro do Iguaçu,34.0,0.5,0.95,12,7
6984,2019,03/25,1.430.740.514.106.640,São Pedro do Iguaçu,34.0,0.5,0.95,12,7
6985,2020,03/25,13.173.189.755.133.500,São Pedro do Iguaçu,34.0,0.5,0.95,12,7
6986,2021,03/25,1.361.777.482.564.780,São Pedro do Iguaçu,34.0,0.5,0.95,12,7
6987,2022,03/25,12.313.319.278.847.500,São Pedro do Iguaçu,34.0,0.5,0.95,12,7
6988,2023,03/25,14.436.529.867.519.800,São Pedro do Iguaçu,34.0,0.5,0.95,12,7
6989,2024,03/25,1.379.782.856.090.070,São Pedro do Iguaçu,34.0,0.5,0.95,12,7
6990,2015,03/25,14.949.772.695.043.700,Toledo,34.0,0.5,0.95,12,7
6991,2016,03/25,10.399.479.299.002.700,Toledo,34.0,0.5,0.95,12,7
6992,2017,03/25,14.206.127.498.010.600,Toledo,34.0,0.5,0.95,12,7
6993,2018,03/25,1.424.827.078.583.380,Toledo,34.0,0.5,0.95,12,7
6994,2019,03/25,1.496.368.878.950.190,Toledo,34.0,0.5,0.95,12,7
6995,2020,03/25,1.441.988.261.176.860,Toledo,34.0,0.5,0.95,12,7
6996,2021,03/25,14.193.995.343.391.300,Toledo,34.0,0.5,0.95,12,7
6997,2022,03/25,13.054.743.503.617.500,Toledo,34.0,0.5,0.95,12,7
6998,2023,03/25,14.959.909.854.467.600,Toledo,34.0,0.5,0.95,12,7
6999,2024,03/25,14.947.963.027.357.200,Toledo,34.0,0.5,0.95,12,7
7000,2015,03/25,14.114.309.597.572.400,Cascavel,34.0,0.5,0.95,13,6
7001,2016,03/25,7.705.603.157.138.070,Cascavel,34.0,0.5,0.95,13,6
7002,2017,03/25,13.258.016.267.123.600,Cascavel,34.0,0.5,0.95,13,6
7003,2018,03/25,1.283.174.093.880.200,Cascavel,34.0,0.5,0.95,13,6
7004,2019,03/25,14.115.595.357.200.100,Cascavel,34.0,0.5,0.95,13,6
7005,2020,03/25,12.970.102.235.924.100,Cascavel,34.0,0.5,0.95,13,6
7006,2021,03/25,1.304.513.095.412.810,Cascavel,34.0,0.5,0.95,13,6
7007,2022,03/25,12.168.163.539.993.300,Cascavel,34.0,0.5,0.95,13,6
7008,2023,03/25,13.749.739.702.171.000,Cascavel,34.0,0.5,0.95,13,6
7009,2024,03/25,1.408.938.757.377.320,Cascavel,34.0,0.5,0.95,13,6
7010,2015,03/25,15.243.517.347.942.600,Foz do Iguaçu,34.0,0.5,0.95,13,6
7011,2016,03/25,12.076.835.397.869.900,Foz do Iguaçu,34.0,0.5,0.95,13,6
7012,2017,03/25,14.738.138.084.022.500,Foz do Iguaçu,34.0,0.5,0.95,13,6
7013,2018,03/25,1.399.544.349.246.210,Foz do Iguaçu,34.0,0.5,0.95,13,6
7014,2019,03/25,15.059.643.210.426.900,Foz do Iguaçu,34.0,0.5,0.95,13,6
7015,2020,03/25,13.720.689.062.445.100,Foz do Iguaçu,34.0,0.5,0.95,13,6
7016,2021,03/25,14.336.106.022.175.000,Foz do Iguaçu,34.0,0.5,0.95,13,6
7017,2022,03/25,13.350.283.523.567.400,Foz do Iguaçu,34.0,0.5,0.95,13,6
7018,2023,03/25,15.312.887.733.849.600,Foz do Iguaçu,34.0,0.5,0.95,13,6
7019,2024,03/25,13.721.649.713.704.200,Foz do Iguaçu,34.0,0.5,0.95,13,6
7020,2015,03/25,15.758.169.196.776.300,Guaíra,34.0,0.5,0.95,13,6
7021,2016,03/25,12.890.065.890.484.900,Guaíra,34.0,0.5,0.95,13,6
7022,2017,03/25,15.011.517.621.982.600,Guaíra,34.0,0.5,0.95,13,6
7023,2018,03/25,14.930.048.485.550.600,Guaíra,34.0,0.5,0.95,13,6
7024,2019,03/25,15.622.780.101.181.900,Guaíra,34.0,0.5,0.95,13,6
7025,2020,03/25,1.521.353.348.143.660,Guaíra,34.0,0.5,0.95,13,6
7026,2021,03/25,14.621.970.597.594.200,Guaíra,34.0,0.5,0.95,13,6
7027,2022,03/25,14.099.123.238.901.700,Guaíra,34.0,0.5,0.95,13,6
7028,2023,03/25,15.424.988.720.100.000,Guaíra,34.0,0.5,0.95,13,6
7029,2024,03/25,1.552.560.472.122.230,Guaíra,34.0,0.5,0.95,13,6
7030,2015,03/25,1.577.044.587.576.760,Marechal Cândido Rondon,34.0,0.5,0.95,13,6
7031,2016,03/25,12.991.816.585.049.900,Marechal Cândido Rondon,34.0,0.5,0.95,13,6
7032,2017,03/25,15.141.043.532.550.500,Marechal Cândido Rondon,34.0,0.5,0.95,13,6
7033,2018,03/25,14.992.986.875.876.900,Marechal Cândido Rondon,34.0,0.5,0.95,13,6
7034,2019,03/25,15.618.955.972.249.800,Marechal Cândido Rondon,34.0,0.5,0.95,13,6
7035,2020,03/25,15.076.267.741.555.000,Marechal Cândido Rondon,34.0,0.5,0.95,13,6
7036,2021,03/25,14.936.765.702.662.800,Marechal Cândido Rondon,34.0,0.5,0.95,13,6
7037,2022,03/25,14.147.575.479.045.100,Marechal Cândido Rondon,34.0,0.5,0.95,13,6
7038,2023,03/25,15.589.780.888.184.200,Marechal Cândido Rondon,34.0,0.5,0.95,13,6
7039,2024,03/25,15.147.535.959.641.100,Marechal Cândido Rondon,34.0,0.5,0.95,13,6
7040,2015,03/25,14.606.764.697.755.300,Matelândia,34.0,0.5,0.95,13,6
7041,2016,03/25,8.755.576.052.136.830,Matelândia,34.0,0.5,0.95,13,6
7042,2017,03/25,141.584.636.961.586,Matelândia,34.0,0.5,0.95,13,6
7043,2018,03/25,13.292.354.158.817.600,Matelândia,34.0,0.5,0.95,13,6
7044,2019,03/25,14.576.236.569.409.200,Matelândia,34.0,0.5,0.95,13,6
7045,2020,03/25,1.327.440.524.806.970,Matelândia,34.0,0.5,0.95,13,6
7046,2021,03/25,1.392.253.755.534.950,Matelândia,34.0,0.5,0.95,13,6
7047,2022,03/25,12.761.088.008.430.700,Matelândia,34.0,0.5,0.95,13,6
7048,2023,03/25,1.472.569.244.968.250,Matelândia,34.0,0.5,0.95,13,6
7049,2024,03/25,13.732.363.898.560.300,Matelândia,34.0,0.5,0.95,13,6
7050,2015,03/25,15.243.517.347.942.600,Medianeira,34.0,0.5,0.95,13,6
7051,2016,03/25,12.076.356.123.515.500,Medianeira,34.0,0.5,0.95,13,6
7052,2017,03/25,14.738.092.478.297.300,Medianeira,34.0,0.5,0.95,13,6
7053,2018,03/25,13.995.082.754.957.700,Medianeira,34.0,0.5,0.95,13,6
7054,2019,03/25,15.059.599.350.586.500,Medianeira,34.0,0.5,0.95,13,6
7055,2020,03/25,13.720.370.612.977.000,Medianeira,34.0,0.5,0.95,13,6
7056,2021,03/25,14.335.073.699.437.900,Medianeira,34.0,0.5,0.95,13,6
7057,2022,03/25,13.350.283.523.567.400,Medianeira,34.0,0.5,0.95,13,6
7058,2023,03/25,1.531.242.299.706.400,Medianeira,34.0,0.5,0.95,13,6
7059,2024,03/25,13.721.517.977.885.600,Medianeira,34.0,0.5,0.95,13,6
7060,2015,03/25,15.722.184.554.840.900,Santa Helena,34.0,0.5,0.95,13,6
7061,2016,03/25,12.946.210.912.389.800,Santa Helena,34.0,0.5,0.95,13,6
7062,2017,03/25,15.129.773.567.568.600,Santa Helena,34.0,0.5,0.95,13,6
7063,2018,03/25,14.684.708.037.550.100,Santa Helena,34.0,0.5,0.95,13,6
7064,2019,03/25,15.433.907.024.924.600,Santa Helena,34.0,0.5,0.95,13,6
7065,2020,03/25,146.942.579.018.563,Santa Helena,34.0,0.5,0.95,13,6
7066,2021,03/25,14.777.912.986.063.700,Santa Helena,34.0,0.5,0.95,13,6
7067,2022,03/25,14.101.919.391.199.700,Santa Helena,34.0,0.5,0.95,13,6
7068,2023,03/25,15.654.183.321.541.500,Santa Helena,34.0,0.5,0.95,13,6
7069,2024,03/25,14.552.197.022.509.300,Santa Helena,34.0,0.5,0.95,13,6
7070,2015,03/25,15.243.517.347.942.600,São Miguel do Iguaçu,34.0,0.5,0.95,13,6
7071,2016,03/25,12.076.743.873.083.400,São Miguel do Iguaçu,34.0,0.5,0.95,13,6
7072,2017,03/25,14.738.122.612.781.400,São Miguel do Iguaçu,34.0,0.5,0.95,13,6
7073,2018,03/25,13.995.383.917.216.900,São Miguel do Iguaçu,34.0,0.5,0.95,13,6
7074,2019,03/25,15.059.639.273.644.100,São Miguel do Iguaçu,34.0,0.5,0.95,13,6
7075,2020,03/25,13.720.651.527.131.400,São Miguel do Iguaçu,34.0,0.5,0.95,13,6
7076,2021,03/25,1.433.596.611.488.500,São Miguel do Iguaçu,34.0,0.5,0.95,13,6
7077,2022,03/25,13.350.283.523.567.400,São Miguel do Iguaçu,34.0,0.5,0.95,13,6
7078,2023,03/25,1.531.285.237.302.910,São Miguel do Iguaçu,34.0,0.5,0.95,13,6
7079,2024,03/25,13.721.618.271.296.600,São Miguel do Iguaçu,34.0,0.5,0.95,13,6
7080,2015,03/25,14.193.033.426.278.100,São Pedro do Iguaçu,34.0,0.5,0.95,13,6
7081,2016,03/25,7.158.323.647.759.960,São Pedro do Iguaçu,34.0,0.5,0.95,13,6
7082,2017,03/25,13.660.782.072.936.400,São Pedro do Iguaçu,34.0,0.5,0.95,13,6
7083,2018,03/25,13.210.872.155.189.500,São Pedro do Iguaçu,34.0,0.5,0.95,13,6
7084,2019,03/25,1.430.740.514.106.640,São Pedro do Iguaçu,34.0,0.5,0.95,13,6
7085,2020,03/25,13.173.189.755.133.500,São Pedro do Iguaçu,34.0,0.5,0.95,13,6
7086,2021,03/25,1.361.777.482.564.780,São Pedro do Iguaçu,34.0,0.5,0.95,13,6
7087,2022,03/25,12.313.319.278.847.500,São Pedro do Iguaçu,34.0,0.5,0.95,13,6
7088,2023,03/25,14.436.529.867.519.800,São Pedro do Iguaçu,34.0,0.5,0.95,13,6
7089,2024,03/25,1.379.782.856.090.070,São Pedro do Iguaçu,34.0,0.5,0.95,13,6
7090,2015,03/25,14.949.772.695.043.700,Toledo,34.0,0.5,0.95,13,6
7091,2016,03/25,10.399.479.299.002.700,Toledo,34.0,0.5,0.95,13,6
7092,2017,03/25,14.206.127.498.010.600,Toledo,34.0,0.5,0.95,13,6
7093,2018,03/25,1.424.827.078.583.380,Toledo,34.0,0.5,0.95,13,6
7094,2019,03/25,1.496.368.878.950.190,Toledo,34.0,0.5,0.95,13,6
7095,2020,03/25,1.441.988.261.176.860,Toledo,34.0,0.5,0.95,13,6
7096,2021,03/25,14.193.995.343.391.300,Toledo,34.0,0.5,0.95,13,6
7097,2022,03/25,13.054.743.503.617.500,Toledo,34.0,0.5,0.95,13,6
7098,2023,03/25,14.959.909.854.467.600,Toledo,34.0,0.5,0.95,13,6
7099,2024,03/25,14.947.963.027.357.200,Toledo,34.0,0.5,0.95,13,6
7100,2015,03/25,14.114.309.597.572.400,Cascavel,34.0,0.5,0.95,13,7
7101,2016,03/25,7.705.603.157.138.070,Cascavel,34.0,0.5,0.95,13,7
7102,2017,03/25,13.258.016.267.123.600,Cascavel,34.0,0.5,0.95,13,7
7103,2018,03/25,1.283.174.093.880.200,Cascavel,34.0,0.5,0.95,13,7
7104,2019,03/25,14.115.595.357.200.100,Cascavel,34.0,0.5,0.95,13,7
7105,2020,03/25,12.970.102.235.924.100,Cascavel,34.0,0.5,0.95,13,7
7106,2021,03/25,1.304.513.095.412.810,Cascavel,34.0,0.5,0.95,13,7
7107,2022,03/25,12.168.163.539.993.300,Cascavel,34.0,0.5,0.95,13,7
7108,2023,03/25,13.749.739.702.171.000,Cascavel,34.0,0.5,0.95,13,7
7109,2024,03/25,1.408.938.757.377.320,Cascavel,34.0,0.5,0.95,13,7
7110,2015,03/25,15.243.517.347.942.600,Foz do Iguaçu,34.0,0.5,0.95,13,7
7111,2016,03/25,12.076.835.397.869.900,Foz do Iguaçu,34.0,0.5,0.95,13,7
7112,2017,03/25,14.738.138.084.022.500,Foz do Iguaçu,34.0,0.5,0.95,13,7
7113,2018,03/25,1.399.544.349.246.210,Foz do Iguaçu,34.0,0.5,0.95,13,7
7114,2019,03/25,15.059.643.210.426.900,Foz do Iguaçu,34.0,0.5,0.95,13,7
7115,2020,03/25,13.720.689.062.445.100,Foz do Iguaçu,34.0,0.5,0.95,13,7
7116,2021,03/25,14.336.106.022.175.000,Foz do Iguaçu,34.0,0.5,0.95,13,7
7117,2022,03/25,13.350.283.523.567.400,Foz do Iguaçu,34.0,0.5,0.95,13,7
7118,2023,03/25,15.312.887.733.849.600,Foz do Iguaçu,34.0,0.5,0.95,13,7
7119,2024,03/25,13.721.649.713.704.200,Foz do Iguaçu,34.0,0.5,0.95,13,7
7120,2015,03/25,15.758.169.196.776.300,Guaíra,34.0,0.5,0.95,13,7
7121,2016,03/25,12.890.065.890.484.900,Guaíra,34.0,0.5,0.95,13,7
7122,2017,03/25,15.011.517.621.982.600,Guaíra,34.0,0.5,0.95,13,7
7123,2018,03/25,14.930.048.485.550.600,Guaíra,34.0,0.5,0.95,13,7
7124,2019,03/25,15.622.780.101.181.900,Guaíra,34.0,0.5,0.95,13,7
7125,2020,03/25,1.521.353.348.143.660,Guaíra,34.0,0.5,0.95,13,7
7126,2021,03/25,14.621.970.597.594.200,Guaíra,34.0,0.5,0.95,13,7
7127,2022,03/25,14.099.123.238.901.700,Guaíra,34.0,0.5,0.95,13,7
7128,2023,03/25,15.424.988.720.100.000,Guaíra,34.0,0.5,0.95,13,7
7129,2024,03/25,1.552.560.472.122.230,Guaíra,34.0,0.5,0.95,13,7
7130,2015,03/25,1.577.044.587.576.760,Marechal Cândido Rondon,34.0,0.5,0.95,13,7
7131,2016,03/25,12.991.816.585.049.900,Marechal Cândido Rondon,34.0,0.5,0.95,13,7
7132,2017,03/25,15.141.043.532.550.500,Marechal Cândido Rondon,34.0,0.5,0.95,13,7
7133,2018,03/25,14.992.986.875.876.900,Marechal Cândido Rondon,34.0,0.5,0.95,13,7
7134,2019,03/25,15.618.955.972.249.800,Marechal Cândido Rondon,34.0,0.5,0.95,13,7
7135,2020,03/25,15.076.267.741.555.000,Marechal Cândido Rondon,34.0,0.5,0.95,13,7
7136,2021,03/25,14.936.765.702.662.800,Marechal Cândido Rondon,34.0,0.5,0.95,13,7
7137,2022,03/25,14.147.575.479.045.100,Marechal Cândido Rondon,34.0,0.5,0.95,13,7
7138,2023,03/25,15.589.780.888.184.200,Marechal Cândido Rondon,34.0,0.5,0.95,13,7
7139,2024,03/25,15.147.535.959.641.100,Marechal Cândido Rondon,34.0,0.5,0.95,13,7
7140,2015,03/25,14.606.764.697.755.300,Matelândia,34.0,0.5,0.95,13,7
7141,2016,03/25,8.755.576.052.136.830,Matelândia,34.0,0.5,0.95,13,7
7142,2017,03/25,141.584.636.961.586,Matelândia,34.0,0.5,0.95,13,7
7143,2018,03/25,13.292.354.158.817.600,Matelândia,34.0,0.5,0.95,13,7
7144,2019,03/25,14.576.236.569.409.200,Matelândia,34.0,0.5,0.95,13,7
7145,2020,03/25,1.327.440.524.806.970,Matelândia,34.0,0.5,0.95,13,7
7146,2021,03/25,1.392.253.755.534.950,Matelândia,34.0,0.5,0.95,13,7
7147,2022,03/25,12.761.088.008.430.700,Matelândia,34.0,0.5,0.95,13,7
7148,2023,03/25,1.472.569.244.968.250,Matelândia,34.0,0.5,0.95,13,7
7149,2024,03/25,13.732.363.898.560.300,Matelândia,34.0,0.5,0.95,13,7
7150,2015,03/25,15.243.517.347.942.600,Medianeira,34.0,0.5,0.95,13,7
7151,2016,03/25,12.076.356.123.515.500,Medianeira,34.0,0.5,0.95,13,7
7152,2017,03/25,14.738.092.478.297.300,Medianeira,34.0,0.5,0.95,13,7
7153,2018,03/25,13.995.082.754.957.700,Medianeira,34.0,0.5,0.95,13,7
7154,2019,03/25,15.059.599.350.586.500,Medianeira,34.0,0.5,0.95,13,7
7155,2020,03/25,13.720.370.612.977.000,Medianeira,34.0,0.5,0.95,13,7
7156,2021,03/25,14.335.073.699.437.900,Medianeira,34.0,0.5,0.95,13,7
7157,2022,03/25,13.350.283.523.567.400,Medianeira,34.0,0.5,0.95,13,7
7158,2023,03/25,1.531.242.299.706.400,Medianeira,34.0,0.5,0.95,13,7
7159,2024,03/25,13.721.517.977.885.600,Medianeira,34.0,0.5,0.95,13,7
7160,2015,03/25,15.722.184.554.840.900,Santa Helena,34.0,0.5,0.95,13,7
7161,2016,03/25,12.946.210.912.389.800,Santa Helena,34.0,0.5,0.95,13,7
7162,2017,03/25,15.129.773.567.568.600,Santa Helena,34.0,0.5,0.95,13,7
7163,2018,03/25,14.684.708.037.550.100,Santa Helena,34.0,0.5,0.95,13,7
7164,2019,03/25,15.433.907.024.924.600,Santa Helena,34.0,0.5,0.95,13,7
7165,2020,03/25,146.942.579.018.563,Santa Helena,34.0,0.5,0.95,13,7
7166,2021,03/25,14.777.912.986.063.700,Santa Helena,34.0,0.5,0.95,13,7
7167,2022,03/25,14.101.919.391.199.700,Santa Helena,34.0,0.5,0.95,13,7
7168,2023,03/25,15.654.183.321.541.500,Santa Helena,34.0,0.5,0.95,13,7
7169,2024,03/25,14.552.197.022.509.300,Santa Helena,34.0,0.5,0.95,13,7
7170,2015,03/25,15.243.517.347.942.600,São Miguel do Iguaçu,34.0,0.5,0.95,13,7
7171,2016,03/25,12.076.743.873.083.400,São Miguel do Iguaçu,34.0,0.5,0.95,13,7
7172,2017,03/25,14.738.122.612.781.400,São Miguel do Iguaçu,34.0,0.5,0.95,13,7
7173,2018,03/25,13.995.383.917.216.900,São Miguel do Iguaçu,34.0,0.5,0.95,13,7
7174,2019,03/25,15.059.639.273.644.100,São Miguel do Iguaçu,34.0,0.5,0.95,13,7
7175,2020,03/25,13.720.651.527.131.400,São Miguel do Iguaçu,34.0,0.5,0.95,13,7
7176,2021,03/25,1.433.596.611.488.500,São Miguel do Iguaçu,34.0,0.5,0.95,13,7
7177,2022,03/25,13.350.283.523.567.400,São Miguel do Iguaçu,34.0,0.5,0.95,13,7
7178,2023,03/25,1.531.285.237.302.910,São Miguel do Iguaçu,34.0,0.5,0.95,13,7
7179,2024,03/25,13.721.618.271.296.600,São Miguel do Iguaçu,34.0,0.5,0.95,13,7
7180,2015,03/25,14.193.033.426.278.100,São Pedro do Iguaçu,34.0,0.5,0.95,13,7
7181,2016,03/25,7.158.323.647.759.960,São Pedro do Iguaçu,34.0,0.5,0.95,13,7
7182,2017,03/25,13.660.782.072.936.400,São Pedro do Iguaçu,34.0,0.5,0.95,13,7
7183,2018,03/25,13.210.872.155.189.500,São Pedro do Iguaçu,34.0,0.5,0.95,13,7
7184,2019,03/25,1.430.740.514.106.640,São Pedro do Iguaçu,34.0,0.5,0.95,13,7
7185,2020,03/25,13.173.189.755.133.500,São Pedro do Iguaçu,34.0,0.5,0.95,13,7
7186,2021,03/25,1.361.777.482.564.780,São Pedro do Iguaçu,34.0,0.5,0.95,13,7
7187,2022,03/25,12.313.319.278.847.500,São Pedro do Iguaçu,34.0,0.5,0.95,13,7
7188,2023,03/25,14.436.529.867.519.800,São Pedro do Iguaçu,34.0,0.5,0.95,13,7
7189,2024,03/25,1.379.782.856.090.070,São Pedro do Iguaçu,34.0,0.5,0.95,13,7
7190,2015,03/25,14.949.772.695.043.700,Toledo,34.0,0.5,0.95,13,7
7191,2016,03/25,10.399.479.299.002.700,Toledo,34.0,0.5,0.95,13,7
7192,2017,03/25,14.206.127.498.010.600,Toledo,34.0,0.5,0.95,13,7
7193,2018,03/25,1.424.827.078.583.380,Toledo,34.0,0.5,0.95,13,7
7194,2019,03/25,1.496.368.878.950.190,Toledo,34.0,0.5,0.95,13,7
7195,2020,03/25,1.441.988.261.176.860,Toledo,34.0,0.5,0.95,13,7
7196,2021,03/25,14.193.995.343.391.300,Toledo,34.0,0.5,0.95,13,7
7197,2022,03/25,13.054.743.503.617.500,Toledo,34.0,0.5,0.95,13,7
7198,2023,03/25,14.959.909.854.467.600,Toledo,34.0,0.5,0.95,13,7
7199,2024,03/25,14.947.963.027.357.200,Toledo,34.0,0.5,0.95,13,7
7200,2015,03/25,129.377.695.247.311,Cascavel,36.0,0.45,0.9,12,6
7201,2016,03/25,7.056.673.208.740.100,Cascavel,36.0,0.45,0.9,12,6
7202,2017,03/25,12.130.084.553.301.900,Cascavel,36.0,0.45,0.9,12,6
7203,2018,03/25,11.746.569.230.812.000,Cascavel,36.0,0.45,0.9,12,6
7204,2019,03/25,1.290.334.801.045.060,Cascavel,36.0,0.45,0.9,12,6
7205,2020,03/25,11.854.051.118.169.400,Cascavel,36.0,0.45,0.9,12,6
7206,2021,03/25,11.926.762.312.421.600,Cascavel,36.0,0.45,0.9,12,6
7207,2022,03/25,11.110.759.627.672.100,Cascavel,36.0,0.45,0.9,12,6
7208,2023,03/25,12.535.382.099.824.500,Cascavel,36.0,0.45,0.9,12,6
7209,2024,03/25,12.839.267.067.035.800,Cascavel,36.0,0.45,0.9,12,6
7210,2015,03/25,13.969.742.282.964.900,Foz do Iguaçu,36.0,0.45,0.9,12,6
7211,2016,03/25,110.573.384.549.178,Foz do Iguaçu,36.0,0.45,0.9,12,6
7212,2017,03/25,13.485.145.503.853.300,Foz do Iguaçu,36.0,0.45,0.9,12,6
7213,2018,03/25,12.807.072.063.425.200,Foz do Iguaçu,36.0,0.45,0.9,12,6
7214,2019,03/25,13.767.219.619.047.000,Foz do Iguaçu,36.0,0.45,0.9,12,6
7215,2020,03/25,1.253.926.098.532.060,Foz do Iguaçu,36.0,0.45,0.9,12,6
7216,2021,03/25,13.102.631.075.357.200,Foz do Iguaçu,36.0,0.45,0.9,12,6
7217,2022,03/25,12.186.363.923.881.100,Foz do Iguaçu,36.0,0.45,0.9,12,6
7218,2023,03/25,1.396.115.950.519.870,Foz do Iguaçu,36.0,0.45,0.9,12,6
7219,2024,03/25,12.502.436.608.414.400,Foz do Iguaçu,36.0,0.45,0.9,12,6
7220,2015,03/25,14.439.925.247.489.600,Guaíra,36.0,0.45,0.9,12,6
7221,2016,03/25,11.801.335.057.098.800,Guaíra,36.0,0.45,0.9,12,6
7222,2017,03/25,13.735.770.548.467.900,Guaíra,36.0,0.45,0.9,12,6
7223,2018,03/25,1.365.756.133.261.270,Guaíra,36.0,0.45,0.9,12,6
7224,2019,03/25,14.279.032.937.235.300,Guaíra,36.0,0.45,0.9,12,6
7225,2020,03/25,1.389.911.279.720.300,Guaíra,36.0,0.45,0.9,12,6
7226,2021,03/25,13.361.818.092.922.300,Guaíra,36.0,0.45,0.9,12,6
7227,2022,03/25,12.866.833.917.524.300,Guaíra,36.0,0.45,0.9,12,6
7228,2023,03/25,14.062.349.044.827.100,Guaíra,36.0,0.45,0.9,12,6
7229,2024,03/25,14.145.939.954.575.900,Guaíra,36.0,0.45,0.9,12,6
7230,2015,03/25,14.451.399.163.778.100,Marechal Cândido Rondon,36.0,0.45,0.9,12,6
7231,2016,03/25,11.895.203.221.679.200,Marechal Cândido Rondon,36.0,0.45,0.9,12,6
7232,2017,03/25,13.854.732.853.219.100,Marechal Cândido Rondon,36.0,0.45,0.9,12,6
7233,2018,03/25,13.716.530.492.664.300,Marechal Cândido Rondon,36.0,0.45,0.9,12,6
7234,2019,03/25,14.276.007.003.194.100,Marechal Cândido Rondon,36.0,0.45,0.9,12,6
7235,2020,03/25,1.377.379.973.356.500,Marechal Cândido Rondon,36.0,0.45,0.9,12,6
7236,2021,03/25,13.649.444.351.965.800,Marechal Cândido Rondon,36.0,0.45,0.9,12,6
7237,2022,03/25,12.910.511.298.300.200,Marechal Cândido Rondon,36.0,0.45,0.9,12,6
7238,2023,03/25,14.212.642.829.215.100,Marechal Cândido Rondon,36.0,0.45,0.9,12,6
7239,2024,03/25,13.801.224.680.345.400,Marechal Cândido Rondon,36.0,0.45,0.9,12,6
7240,2015,03/25,13.387.162.181.747.500,Matelândia,36.0,0.45,0.9,12,6
7241,2016,03/25,8.016.779.250.977.580,Matelândia,36.0,0.45,0.9,12,6
7242,2017,03/25,1.295.347.961.010.580,Matelândia,36.0,0.45,0.9,12,6
7243,2018,03/25,12.166.255.124.681.400,Matelândia,36.0,0.45,0.9,12,6
7244,2019,03/25,13.325.222.843.872.900,Matelândia,36.0,0.45,0.9,12,6
7245,2020,03/25,12.131.588.658.561.400,Matelândia,36.0,0.45,0.9,12,6
7246,2021,03/25,12.726.281.989.944.200,Matelândia,36.0,0.45,0.9,12,6
7247,2022,03/25,11.650.470.601.186.700,Matelândia,36.0,0.45,0.9,12,6
7248,2023,03/25,13.425.827.845.065.500,Matelândia,36.0,0.45,0.9,12,6
7249,2024,03/25,12.512.789.514.864.800,Matelândia,36.0,0.45,0.9,12,6
7250,2015,03/25,13.969.742.282.964.900,Medianeira,36.0,0.45,0.9,12,6
7251,2016,03/25,11.056.896.352.602.400,Medianeira,36.0,0.45,0.9,12,6
7252,2017,03/25,1.348.510.375.510.810,Medianeira,36.0,0.45,0.9,12,6
7253,2018,03/25,128.067.579.504.288,Medianeira,36.0,0.45,0.9,12,6
7254,2019,03/25,13.767.179.667.802.800,Medianeira,36.0,0.45,0.9,12,6
7255,2020,03/25,12.538.966.140.288.800,Medianeira,36.0,0.45,0.9,12,6
7256,2021,03/25,13.101.701.088.933.600,Medianeira,36.0,0.45,0.9,12,6
7257,2022,03/25,12.186.363.923.881.100,Medianeira,36.0,0.45,0.9,12,6
7258,2023,03/25,13.960.736.670.052.200,Medianeira,36.0,0.45,0.9,12,6
7259,2024,03/25,12.502.316.744.038.200,Medianeira,36.0,0.45,0.9,12,6
7260,2015,03/25,1.440.716.229.716.700,Santa Helena,36.0,0.45,0.9,12,6
7261,2016,03/25,11.853.724.228.777.700,Santa Helena,36.0,0.45,0.9,12,6
7262,2017,03/25,13.844.676.234.936.600,Santa Helena,36.0,0.45,0.9,12,6
7263,2018,03/25,13.435.731.228.726.300,Santa Helena,36.0,0.45,0.9,12,6
7264,2019,03/25,14.107.771.871.434.700,Santa Helena,36.0,0.45,0.9,12,6
7265,2020,03/25,134.265.673.337,Santa Helena,36.0,0.45,0.9,12,6
7266,2021,03/25,13.505.245.578.710.300,Santa Helena,36.0,0.45,0.9,12,6
7267,2022,03/25,12.869.828.944.645.100,Santa Helena,36.0,0.45,0.9,12,6
7268,2023,03/25,14.271.747.090.319.500,Santa Helena,36.0,0.45,0.9,12,6
7269,2024,03/25,13.259.159.397.507.000,Santa Helena,36.0,0.45,0.9,12,6
7270,2015,03/25,13.969.742.282.964.900,São Miguel do Iguaçu,36.0,0.45,0.9,12,6
7271,2016,03/25,11.057.254.005.557.900,São Miguel do Iguaçu,36.0,0.45,0.9,12,6
7272,2017,03/25,13.485.131.341.059.100,São Miguel do Iguaçu,36.0,0.45,0.9,12,6
7273,2018,03/25,12.807.018.579.643.400,São Miguel do Iguaçu,36.0,0.45,0.9,12,6
7274,2019,03/25,13.767.216.033.099.200,São Miguel do Iguaçu,36.0,0.45,0.9,12,6
7275,2020,03/25,1.253.921.679.605.460,São Miguel do Iguaçu,36.0,0.45,0.9,12,6
7276,2021,03/25,13.102.508.321.508.900,São Miguel do Iguaçu,36.0,0.45,0.9,12,6
7277,2022,03/25,12.186.363.923.881.100,São Miguel do Iguaçu,36.0,0.45,0.9,12,6
7278,2023,03/25,13.961.127.332.198.400,São Miguel do Iguaçu,36.0,0.45,0.9,12,6
7279,2024,03/25,12.502.407.999.793.800,São Miguel do Iguaçu,36.0,0.45,0.9,12,6
7280,2015,03/25,13.008.998.474.557.700,São Pedro do Iguaçu,36.0,0.45,0.9,12,6
7281,2016,03/25,6.554.735.228.277.190,São Pedro do Iguaçu,36.0,0.45,0.9,12,6
7282,2017,03/25,12.497.958.900.257.300,São Pedro do Iguaçu,36.0,0.45,0.9,12,6
7283,2018,03/25,1.209.350.041.094.860,São Pedro do Iguaçu,36.0,0.45,0.9,12,6
7284,2019,03/25,13.080.140.363.706.400,São Pedro do Iguaçu,36.0,0.45,0.9,12,6
7285,2020,03/25,1.204.028.936.255.880,São Pedro do Iguaçu,36.0,0.45,0.9,12,6
7286,2021,03/25,12.448.254.091.100.400,São Pedro do Iguaçu,36.0,0.45,0.9,12,6
7287,2022,03/25,1.124.222.517.575.720,São Pedro do Iguaçu,36.0,0.45,0.9,12,6
7288,2023,03/25,13.161.143.833.062.300,São Pedro do Iguaçu,36.0,0.45,0.9,12,6
7289,2024,03/25,12.572.837.468.664.600,São Pedro do Iguaçu,36.0,0.45,0.9,12,6
7290,2015,03/25,13.701.383.847.872.000,Toledo,36.0,0.45,0.9,12,6
7291,2016,03/25,9.522.229.654.514.160,Toledo,36.0,0.45,0.9,12,6
7292,2017,03/25,12.997.915.572.775.200,Toledo,36.0,0.45,0.9,12,6
7293,2018,03/25,13.036.451.281.934.700,Toledo,36.0,0.45,0.9,12,6
7294,2019,03/25,13.677.376.663.733.000,Toledo,36.0,0.45,0.9,12,6
7295,2020,03/25,13.175.752.364.729.800,Toledo,36.0,0.45,0.9,12,6
7296,2021,03/25,1.297.394.873.545.840,Toledo,36.0,0.45,0.9,12,6
7297,2022,03/25,1.191.653.770.882.350,Toledo,36.0,0.45,0.9,12,6
7298,2023,03/25,13.637.972.531.351.300,Toledo,36.0,0.45,0.9,12,6
7299,2024,03/25,13.620.116.473.444.700,Toledo,36.0,0.45,0.9,12,6
7300,2015,03/25,129.377.695.247.311,Cascavel,36.0,0.45,0.9,12,7
7301,2016,03/25,7.056.673.208.740.100,Cascavel,36.0,0.45,0.9,12,7
7302,2017,03/25,12.130.084.553.301.900,Cascavel,36.0,0.45,0.9,12,7
7303,2018,03/25,11.746.569.230.812.000,Cascavel,36.0,0.45,0.9,12,7
7304,2019,03/25,1.290.334.801.045.060,Cascavel,36.0,0.45,0.9,12,7
7305,2020,03/25,11.854.051.118.169.400,Cascavel,36.0,0.45,0.9,12,7
7306,2021,03/25,11.926.762.312.421.600,Cascavel,36.0,0.45,0.9,12,7
7307,2022,03/25,11.110.759.627.672.100,Cascavel,36.0,0.45,0.9,12,7
7308,2023,03/25,12.535.382.099.824.500,Cascavel,36.0,0.45,0.9,12,7
7309,2024,03/25,12.839.267.067.035.800,Cascavel,36.0,0.45,0.9,12,7
7310,2015,03/25,13.969.742.282.964.900,Foz do Iguaçu,36.0,0.45,0.9,12,7
7311,2016,03/25,110.573.384.549.178,Foz do Iguaçu,36.0,0.45,0.9,12,7
7312,2017,03/25,13.485.145.503.853.300,Foz do Iguaçu,36.0,0.45,0.9,12,7
7313,2018,03/25,12.807.072.063.425.200,Foz do Iguaçu,36.0,0.45,0.9,12,7
7314,2019,03/25,13.767.219.619.047.000,Foz do Iguaçu,36.0,0.45,0.9,12,7
7315,2020,03/25,1.253.926.098.532.060,Foz do Iguaçu,36.0,0.45,0.9,12,7
7316,2021,03/25,13.102.631.075.357.200,Foz do Iguaçu,36.0,0.45,0.9,12,7
7317,2022,03/25,12.186.363.923.881.100,Foz do Iguaçu,36.0,0.45,0.9,12,7
7318,2023,03/25,1.396.115.950.519.870,Foz do Iguaçu,36.0,0.45,0.9,12,7
7319,2024,03/25,12.502.436.608.414.400,Foz do Iguaçu,36.0,0.45,0.9,12,7
7320,2015,03/25,14.439.925.247.489.600,Guaíra,36.0,0.45,0.9,12,7
7321,2016,03/25,11.801.335.057.098.800,Guaíra,36.0,0.45,0.9,12,7
7322,2017,03/25,13.735.770.548.467.900,Guaíra,36.0,0.45,0.9,12,7
7323,2018,03/25,1.365.756.133.261.270,Guaíra,36.0,0.45,0.9,12,7
7324,2019,03/25,14.279.032.937.235.300,Guaíra,36.0,0.45,0.9,12,7
7325,2020,03/25,1.389.911.279.720.300,Guaíra,36.0,0.45,0.9,12,7
7326,2021,03/25,13.361.818.092.922.300,Guaíra,36.0,0.45,0.9,12,7
7327,2022,03/25,12.866.833.917.524.300,Guaíra,36.0,0.45,0.9,12,7
7328,2023,03/25,14.062.349.044.827.100,Guaíra,36.0,0.45,0.9,12,7
7329,2024,03/25,14.145.939.954.575.900,Guaíra,36.0,0.45,0.9,12,7
7330,2015,03/25,14.451.399.163.778.100,Marechal Cândido Rondon,36.0,0.45,0.9,12,7
7331,2016,03/25,11.895.203.221.679.200,Marechal Cândido Rondon,36.0,0.45,0.9,12,7
7332,2017,03/25,13.854.732.853.219.100,Marechal Cândido Rondon,36.0,0.45,0.9,12,7
7333,2018,03/25,13.716.530.492.664.300,Marechal Cândido Rondon,36.0,0.45,0.9,12,7
7334,2019,03/25,14.276.007.003.194.100,Marechal Cândido Rondon,36.0,0.45,0.9,12,7
7335,2020,03/25,1.377.379.973.356.500,Marechal Cândido Rondon,36.0,0.45,0.9,12,7
7336,2021,03/25,13.649.444.351.965.800,Marechal Cândido Rondon,36.0,0.45,0.9,12,7
7337,2022,03/25,12.910.511.298.300.200,Marechal Cândido Rondon,36.0,0.45,0.9,12,7
7338,2023,03/25,14.212.642.829.215.100,Marechal Cândido Rondon,36.0,0.45,0.9,12,7
7339,2024,03/25,13.801.224.680.345.400,Marechal Cândido Rondon,36.0,0.45,0.9,12,7
7340,2015,03/25,13.387.162.181.747.500,Matelândia,36.0,0.45,0.9,12,7
7341,2016,03/25,8.016.779.250.977.580,Matelândia,36.0,0.45,0.9,12,7
7342,2017,03/25,1.295.347.961.010.580,Matelândia,36.0,0.45,0.9,12,7
7343,2018,03/25,12.166.255.124.681.400,Matelândia,36.0,0.45,0.9,12,7
7344,2019,03/25,13.325.222.843.872.900,Matelândia,36.0,0.45,0.9,12,7
7345,2020,03/25,12.131.588.658.561.400,Matelândia,36.0,0.45,0.9,12,7
7346,2021,03/25,12.726.281.989.944.200,Matelândia,36.0,0.45,0.9,12,7
7347,2022,03/25,11.650.470.601.186.700,Matelândia,36.0,0.45,0.9,12,7
7348,2023,03/25,13.425.827.845.065.500,Matelândia,36.0,0.45,0.9,12,7
7349,2024,03/25,12.512.789.514.864.800,Matelândia,36.0,0.45,0.9,12,7
7350,2015,03/25,13.969.742.282.964.900,Medianeira,36.0,0.45,0.9,12,7
7351,2016,03/25,11.056.896.352.602.400,Medianeira,36.0,0.45,0.9,12,7
7352,2017,03/25,1.348.510.375.510.810,Medianeira,36.0,0.45,0.9,12,7
7353,2018,03/25,128.067.579.504.288,Medianeira,36.0,0.45,0.9,12,7
7354,2019,03/25,13.767.179.667.802.800,Medianeira,36.0,0.45,0.9,12,7
7355,2020,03/25,12.538.966.140.288.800,Medianeira,36.0,0.45,0.9,12,7
7356,2021,03/25,13.101.701.088.933.600,Medianeira,36.0,0.45,0.9,12,7
7357,2022,03/25,12.186.363.923.881.100,Medianeira,36.0,0.45,0.9,12,7
7358,2023,03/25,13.960.736.670.052.200,Medianeira,36.0,0.45,0.9,12,7
7359,2024,03/25,12.502.316.744.038.200,Medianeira,36.0,0.45,0.9,12,7
7360,2015,03/25,1.440.716.229.716.700,Santa Helena,36.0,0.45,0.9,12,7
7361,2016,03/25,11.853.724.228.777.700,Santa Helena,36.0,0.45,0.9,12,7
7362,2017,03/25,13.844.676.234.936.600,Santa Helena,36.0,0.45,0.9,12,7
7363,2018,03/25,13.435.731.228.726.300,Santa Helena,36.0,0.45,0.9,12,7
7364,2019,03/25,14.107.771.871.434.700,Santa Helena,36.0,0.45,0.9,12,7
7365,2020,03/25,134.265.673.337,Santa Helena,36.0,0.45,0.9,12,7
7366,2021,03/25,13.505.245.578.710.300,Santa Helena,36.0,0.45,0.9,12,7
7367,2022,03/25,12.869.828.944.645.100,Santa Helena,36.0,0.45,0.9,12,7
7368,2023,03/25,14.271.747.090.319.500,Santa Helena,36.0,0.45,0.9,12,7
7369,2024,03/25,13.259.159.397.507.000,Santa Helena,36.0,0.45,0.9,12,7
7370,2015,03/25,13.969.742.282.964.900,São Miguel do Iguaçu,36.0,0.45,0.9,12,7
7371,2016,03/25,11.057.254.005.557.900,São Miguel do Iguaçu,36.0,0.45,0.9,12,7
7372,2017,03/25,13.485.131.341.059.100,São Miguel do Iguaçu,36.0,0.45,0.9,12,7
7373,2018,03/25,12.807.018.579.643.400,São Miguel do Iguaçu,36.0,0.45,0.9,12,7
7374,2019,03/25,13.767.216.033.099.200,São Miguel do Iguaçu,36.0,0.45,0.9,12,7
7375,2020,03/25,1.253.921.679.605.460,São Miguel do Iguaçu,36.0,0.45,0.9,12,7
7376,2021,03/25,13.102.508.321.508.900,São Miguel do Iguaçu,36.0,0.45,0.9,12,7
7377,2022,03/25,12.186.363.923.881.100,São Miguel do Iguaçu,36.0,0.45,0.9,12,7
7378,2023,03/25,13.961.127.332.198.400,São Miguel do Iguaçu,36.0,0.45,0.9,12,7
7379,2024,03/25,12.502.407.999.793.800,São Miguel do Iguaçu,36.0,0.45,0.9,12,7
7380,2015,03/25,13.008.998.474.557.700,São Pedro do Iguaçu,36.0,0.45,0.9,12,7
7381,2016,03/25,6.554.735.228.277.190,São Pedro do Iguaçu,36.0,0.45,0.9,12,7
7382,2017,03/25,12.497.958.900.257.300,São Pedro do Iguaçu,36.0,0.45,0.9,12,7
7383,2018,03/25,1.209.350.041.094.860,São Pedro do Iguaçu,36.0,0.45,0.9,12,7
7384,2019,03/25,13.080.140.363.706.400,São Pedro do Iguaçu,36.0,0.45,0.9,12,7
7385,2020,03/25,1.204.028.936.255.880,São Pedro do Iguaçu,36.0,0.45,0.9,12,7
7386,2021,03/25,12.448.254.091.100.400,São Pedro do Iguaçu,36.0,0.45,0.9,12,7
7387,2022,03/25,1.124.222.517.575.720,São Pedro do Iguaçu,36.0,0.45,0.9,12,7
7388,2023,03/25,13.161.143.833.062.300,São Pedro do Iguaçu,36.0,0.45,0.9,12,7
7389,2024,03/25,12.572.837.468.664.600,São Pedro do Iguaçu,36.0,0.45,0.9,12,7
7390,2015,03/25,13.701.383.847.872.000,Toledo,36.0,0.45,0.9,12,7
7391,2016,03/25,9.522.229.654.514.160,Toledo,36.0,0.45,0.9,12,7
7392,2017,03/25,12.997.915.572.775.200,Toledo,36.0,0.45,0.9,12,7
7393,2018,03/25,13.036.451.281.934.700,Toledo,36.0,0.45,0.9,12,7
7394,2019,03/25,13.677.376.663.733.000,Toledo,36.0,0.45,0.9,12,7
7395,2020,03/25,13.175.752.364.729.800,Toledo,36.0,0.45,0.9,12,7
7396,2021,03/25,1.297.394.873.545.840,Toledo,36.0,0.45,0.9,12,7
7397,2022,03/25,1.191.653.770.882.350,Toledo,36.0,0.45,0.9,12,7
7398,2023,03/25,13.637.972.531.351.300,Toledo,36.0,0.45,0.9,12,7
7399,2024,03/25,13.620.116.473.444.700,Toledo,36.0,0.45,0.9,12,7
7400,2015,03/25,129.377.695.247.311,Cascavel,36.0,0.45,0.9,13,6
7401,2016,03/25,7.056.673.208.740.100,Cascavel,36.0,0.45,0.9,13,6
7402,2017,03/25,12.130.084.553.301.900,Cascavel,36.0,0.45,0.9,13,6
7403,2018,03/25,11.746.569.230.812.000,Cascavel,36.0,0.45,0.9,13,6
7404,2019,03/25,1.290.334.801.045.060,Cascavel,36.0,0.45,0.9,13,6
7405,2020,03/25,11.854.051.118.169.400,Cascavel,36.0,0.45,0.9,13,6
7406,2021,03/25,11.926.762.312.421.600,Cascavel,36.0,0.45,0.9,13,6
7407,2022,03/25,11.110.759.627.672.100,Cascavel,36.0,0.45,0.9,13,6
7408,2023,03/25,12.535.382.099.824.500,Cascavel,36.0,0.45,0.9,13,6
7409,2024,03/25,12.839.267.067.035.800,Cascavel,36.0,0.45,0.9,13,6
7410,2015,03/25,13.969.742.282.964.900,Foz do Iguaçu,36.0,0.45,0.9,13,6
7411,2016,03/25,110.573.384.549.178,Foz do Iguaçu,36.0,0.45,0.9,13,6
7412,2017,03/25,13.485.145.503.853.300,Foz do Iguaçu,36.0,0.45,0.9,13,6
7413,2018,03/25,12.807.072.063.425.200,Foz do Iguaçu,36.0,0.45,0.9,13,6
7414,2019,03/25,13.767.219.619.047.000,Foz do Iguaçu,36.0,0.45,0.9,13,6
7415,2020,03/25,1.253.926.098.532.060,Foz do Iguaçu,36.0,0.45,0.9,13,6
7416,2021,03/25,13.102.631.075.357.200,Foz do Iguaçu,36.0,0.45,0.9,13,6
7417,2022,03/25,12.186.363.923.881.100,Foz do Iguaçu,36.0,0.45,0.9,13,6
7418,2023,03/25,1.396.115.950.519.870,Foz do Iguaçu,36.0,0.45,0.9,13,6
7419,2024,03/25,12.502.436.608.414.400,Foz do Iguaçu,36.0,0.45,0.9,13,6
7420,2015,03/25,14.439.925.247.489.600,Guaíra,36.0,0.45,0.9,13,6
7421,2016,03/25,11.801.335.057.098.800,Guaíra,36.0,0.45,0.9,13,6
7422,2017,03/25,13.735.770.548.467.900,Guaíra,36.0,0.45,0.9,13,6
7423,2018,03/25,1.365.756.133.261.270,Guaíra,36.0,0.45,0.9,13,6
7424,2019,03/25,14.279.032.937.235.300,Guaíra,36.0,0.45,0.9,13,6
7425,2020,03/25,1.389.911.279.720.300,Guaíra,36.0,0.45,0.9,13,6
7426,2021,03/25,13.361.818.092.922.300,Guaíra,36.0,0.45,0.9,13,6
7427,2022,03/25,12.866.833.917.524.300,Guaíra,36.0,0.45,0.9,13,6
7428,2023,03/25,14.062.349.044.827.100,Guaíra,36.0,0.45,0.9,13,6
7429,2024,03/25,14.145.939.954.575.900,Guaíra,36.0,0.45,0.9,13,6
7430,2015,03/25,14.451.399.163.778.100,Marechal Cândido Rondon,36.0,0.45,0.9,13,6
7431,2016,03/25,11.895.203.221.679.200,Marechal Cândido Rondon,36.0,0.45,0.9,13,6
7432,2017,03/25,13.854.732.853.219.100,Marechal Cândido Rondon,36.0,0.45,0.9,13,6
7433,2018,03/25,13.716.530.492.664.300,Marechal Cândido Rondon,36.0,0.45,0.9,13,6
7434,2019,03/25,14.276.007.003.194.100,Marechal Cândido Rondon,36.0,0.45,0.9,13,6
7435,2020,03/25,1.377.379.973.356.500,Marechal Cândido Rondon,36.0,0.45,0.9,13,6
7436,2021,03/25,13.649.444.351.965.800,Marechal Cândido Rondon,36.0,0.45,0.9,13,6
7437,2022,03/25,12.910.511.298.300.200,Marechal Cândido Rondon,36.0,0.45,0.9,13,6
7438,2023,03/25,14.212.642.829.215.100,Marechal Cândido Rondon,36.0,0.45,0.9,13,6
7439,2024,03/25,13.801.224.680.345.400,Marechal Cândido Rondon,36.0,0.45,0.9,13,6
7440,2015,03/25,13.387.162.181.747.500,Matelândia,36.0,0.45,0.9,13,6
7441,2016,03/25,8.016.779.250.977.580,Matelândia,36.0,0.45,0.9,13,6
7442,2017,03/25,1.295.347.961.010.580,Matelândia,36.0,0.45,0.9,13,6
7443,2018,03/25,12.166.255.124.681.400,Matelândia,36.0,0.45,0.9,13,6
7444,2019,03/25,13.325.222.843.872.900,Matelândia,36.0,0.45,0.9,13,6
7445,2020,03/25,12.131.588.658.561.400,Matelândia,36.0,0.45,0.9,13,6
7446,2021,03/25,12.726.281.989.944.200,Matelândia,36.0,0.45,0.9,13,6
7447,2022,03/25,11.650.470.601.186.700,Matelândia,36.0,0.45,0.9,13,6
7448,2023,03/25,13.425.827.845.065.500,Matelândia,36.0,0.45,0.9,13,6
7449,2024,03/25,12.512.789.514.864.800,Matelândia,36.0,0.45,0.9,13,6
7450,2015,03/25,13.969.742.282.964.900,Medianeira,36.0,0.45,0.9,13,6
7451,2016,03/25,11.056.896.352.602.400,Medianeira,36.0,0.45,0.9,13,6
7452,2017,03/25,1.348.510.375.510.810,Medianeira,36.0,0.45,0.9,13,6
7453,2018,03/25,128.067.579.504.288,Medianeira,36.0,0.45,0.9,13,6
7454,2019,03/25,13.767.179.667.802.800,Medianeira,36.0,0.45,0.9,13,6
7455,2020,03/25,12.538.966.140.288.800,Medianeira,36.0,0.45,0.9,13,6
7456,2021,03/25,13.101.701.088.933.600,Medianeira,36.0,0.45,0.9,13,6
7457,2022,03/25,12.186.363.923.881.100,Medianeira,36.0,0.45,0.9,13,6
7458,2023,03/25,13.960.736.670.052.200,Medianeira,36.0,0.45,0.9,13,6
7459,2024,03/25,12.502.316.744.038.200,Medianeira,36.0,0.45,0.9,13,6
7460,2015,03/25,1.440.716.229.716.700,Santa Helena,36.0,0.45,0.9,13,6
7461,2016,03/25,11.853.724.228.777.700,Santa Helena,36.0,0.45,0.9,13,6
7462,2017,03/25,13.844.676.234.936.600,Santa Helena,36.0,0.45,0.9,13,6
7463,2018,03/25,13.435.731.228.726.300,Santa Helena,36.0,0.45,0.9,13,6
7464,2019,03/25,14.107.771.871.434.700,Santa Helena,36.0,0.45,0.9,13,6
7465,2020,03/25,134.265.673.337,Santa Helena,36.0,0.45,0.9,13,6
7466,2021,03/25,13.505.245.578.710.300,Santa Helena,36.0,0.45,0.9,13,6
7467,2022,03/25,12.869.828.944.645.100,Santa Helena,36.0,0.45,0.9,13,6
7468,2023,03/25,14.271.747.090.319.500,Santa Helena,36.0,0.45,0.9,13,6
7469,2024,03/25,13.259.159.397.507.000,Santa Helena,36.0,0.45,0.9,13,6
7470,2015,03/25,13.969.742.282.964.900,São Miguel do Iguaçu,36.0,0.45,0.9,13,6
7471,2016,03/25,11.057.254.005.557.900,São Miguel do Iguaçu,36.0,0.45,0.9,13,6
7472,2017,03/25,13.485.131.341.059.100,São Miguel do Iguaçu,36.0,0.45,0.9,13,6
7473,2018,03/25,12.807.018.579.643.400,São Miguel do Iguaçu,36.0,0.45,0.9,13,6
7474,2019,03/25,13.767.216.033.099.200,São Miguel do Iguaçu,36.0,0.45,0.9,13,6
7475,2020,03/25,1.253.921.679.605.460,São Miguel do Iguaçu,36.0,0.45,0.9,13,6
7476,2021,03/25,13.102.508.321.508.900,São Miguel do Iguaçu,36.0,0.45,0.9,13,6
7477,2022,03/25,12.186.363.923.881.100,São Miguel do Iguaçu,36.0,0.45,0.9,13,6
7478,2023,03/25,13.961.127.332.198.400,São Miguel do Iguaçu,36.0,0.45,0.9,13,6
7479,2024,03/25,12.502.407.999.793.800,São Miguel do Iguaçu,36.0,0.45,0.9,13,6
7480,2015,03/25,13.008.998.474.557.700,São Pedro do Iguaçu,36.0,0.45,0.9,13,6
7481,2016,03/25,6.554.735.228.277.190,São Pedro do Iguaçu,36.0,0.45,0.9,13,6
7482,2017,03/25,12.497.958.900.257.300,São Pedro do Iguaçu,36.0,0.45,0.9,13,6
7483,2018,03/25,1.209.350.041.094.860,São Pedro do Iguaçu,36.0,0.45,0.9,13,6
7484,2019,03/25,13.080.140.363.706.400,São Pedro do Iguaçu,36.0,0.45,0.9,13,6
7485,2020,03/25,1.204.028.936.255.880,São Pedro do Iguaçu,36.0,0.45,0.9,13,6
7486,2021,03/25,12.448.254.091.100.400,São Pedro do Iguaçu,36.0,0.45,0.9,13,6
7487,2022,03/25,1.124.222.517.575.720,São Pedro do Iguaçu,36.0,0.45,0.9,13,6
7488,2023,03/25,13.161.143.833.062.300,São Pedro do Iguaçu,36.0,0.45,0.9,13,6
7489,2024,03/25,12.572.837.468.664.600,São Pedro do Iguaçu,36.0,0.45,0.9,13,6
7490,2015,03/25,13.701.383.847.872.000,Toledo,36.0,0.45,0.9,13,6
7491,2016,03/25,9.522.229.654.514.160,Toledo,36.0,0.45,0.9,13,6
7492,2017,03/25,12.997.915.572.775.200,Toledo,36.0,0.45,0.9,13,6
7493,2018,03/25,13.036.451.281.934.700,Toledo,36.0,0.45,0.9,13,6
7494,2019,03/25,13.677.376.663.733.000,Toledo,36.0,0.45,0.9,13,6
7495,2020,03/25,13.175.752.364.729.800,Toledo,36.0,0.45,0.9,13,6
7496,2021,03/25,1.297.394.873.545.840,Toledo,36.0,0.45,0.9,13,6
7497,2022,03/25,1.191.653.770.882.350,Toledo,36.0,0.45,0.9,13,6
7498,2023,03/25,13.637.972.531.351.300,Toledo,36.0,0.45,0.9,13,6
7499,2024,03/25,13.620.116.473.444.700,Toledo,36.0,0.45,0.9,13,6
7500,2015,03/25,129.377.695.247.311,Cascavel,36.0,0.45,0.9,13,7
7501,2016,03/25,7.056.673.208.740.100,Cascavel,36.0,0.45,0.9,13,7
7502,2017,03/25,12.130.084.553.301.900,Cascavel,36.0,0.45,0.9,13,7
7503,2018,03/25,11.746.569.230.812.000,Cascavel,36.0,0.45,0.9,13,7
7504,2019,03/25,1.290.334.801.045.060,Cascavel,36.0,0.45,0.9,13,7
7505,2020,03/25,11.854.051.118.169.400,Cascavel,36.0,0.45,0.9,13,7
7506,2021,03/25,11.926.762.312.421.600,Cascavel,36.0,0.45,0.9,13,7
7507,2022,03/25,11.110.759.627.672.100,Cascavel,36.0,0.45,0.9,13,7
7508,2023,03/25,12.535.382.099.824.500,Cascavel,36.0,0.45,0.9,13,7
7509,2024,03/25,12.839.267.067.035.800,Cascavel,36.0,0.45,0.9,13,7
7510,2015,03/25,13.969.742.282.964.900,Foz do Iguaçu,36.0,0.45,0.9,13,7
7511,2016,03/25,110.573.384.549.178,Foz do Iguaçu,36.0,0.45,0.9,13,7
7512,2017,03/25,13.485.145.503.853.300,Foz do Iguaçu,36.0,0.45,0.9,13,7
7513,2018,03/25,12.807.072.063.425.200,Foz do Iguaçu,36.0,0.45,0.9,13,7
7514,2019,03/25,13.767.219.619.047.000,Foz do Iguaçu,36.0,0.45,0.9,13,7
7515,2020,03/25,1.253.926.098.532.060,Foz do Iguaçu,36.0,0.45,0.9,13,7
7516,2021,03/25,13.102.631.075.357.200,Foz do Iguaçu,36.0,0.45,0.9,13,7
7517,2022,03/25,12.186.363.923.881.100,Foz do Iguaçu,36.0,0.45,0.9,13,7
7518,2023,03/25,1.396.115.950.519.870,Foz do Iguaçu,36.0,0.45,0.9,13,7
7519,2024,03/25,12.502.436.608.414.400,Foz do Iguaçu,36.0,0.45,0.9,13,7
7520,2015,03/25,14.439.925.247.489.600,Guaíra,36.0,0.45,0.9,13,7
7521,2016,03/25,11.801.335.057.098.800,Guaíra,36.0,0.45,0.9,13,7
7522,2017,03/25,13.735.770.548.467.900,Guaíra,36.0,0.45,0.9,13,7
7523,2018,03/25,1.365.756.133.261.270,Guaíra,36.0,0.45,0.9,13,7
7524,2019,03/25,14.279.032.937.235.300,Guaíra,36.0,0.45,0.9,13,7
7525,2020,03/25,1.389.911.279.720.300,Guaíra,36.0,0.45,0.9,13,7
7526,2021,03/25,13.361.818.092.922.300,Guaíra,36.0,0.45,0.9,13,7
7527,2022,03/25,12.866.833.917.524.300,Guaíra,36.0,0.45,0.9,13,7
7528,2023,03/25,14.062.349.044.827.100,Guaíra,36.0,0.45,0.9,13,7
7529,2024,03/25,14.145.939.954.575.900,Guaíra,36.0,0.45,0.9,13,7
7530,2015,03/25,14.451.399.163.778.100,Marechal Cândido Rondon,36.0,0.45,0.9,13,7
7531,2016,03/25,11.895.203.221.679.200,Marechal Cândido Rondon,36.0,0.45,0.9,13,7
7532,2017,03/25,13.854.732.853.219.100,Marechal Cândido Rondon,36.0,0.45,0.9,13,7
7533,2018,03/25,13.716.530.492.664.300,Marechal Cândido Rondon,36.0,0.45,0.9,13,7
7534,2019,03/25,14.276.007.003.194.100,Marechal Cândido Rondon,36.0,0.45,0.9,13,7
7535,2020,03/25,1.377.379.973.356.500,Marechal Cândido Rondon,36.0,0.45,0.9,13,7
7536,2021,03/25,13.649.444.351.965.800,Marechal Cândido Rondon,36.0,0.45,0.9,13,7
7537,2022,03/25,12.910.511.298.300.200,Marechal Cândido Rondon,36.0,0.45,0.9,13,7
7538,2023,03/25,14.212.642.829.215.100,Marechal Cândido Rondon,36.0,0.45,0.9,13,7
7539,2024,03/25,13.801.224.680.345.400,Marechal Cândido Rondon,36.0,0.45,0.9,13,7
7540,2015,03/25,13.387.162.181.747.500,Matelândia,36.0,0.45,0.9,13,7
7541,2016,03/25,8.016.779.250.977.580,Matelândia,36.0,0.45,0.9,13,7
7542,2017,03/25,1.295.347.961.010.580,Matelândia,36.0,0.45,0.9,13,7
7543,2018,03/25,12.166.255.124.681.400,Matelândia,36.0,0.45,0.9,13,7
7544,2019,03/25,13.325.222.843.872.900,Matelândia,36.0,0.45,0.9,13,7
7545,2020,03/25,12.131.588.658.561.400,Matelândia,36.0,0.45,0.9,13,7
7546,2021,03/25,12.726.281.989.944.200,Matelândia,36.0,0.45,0.9,13,7
7547,2022,03/25,11.650.470.601.186.700,Matelândia,36.0,0.45,0.9,13,7
7548,2023,03/25,13.425.827.845.065.500,Matelândia,36.0,0.45,0.9,13,7
7549,2024,03/25,12.512.789.514.864.800,Matelândia,36.0,0.45,0.9,13,7
7550,2015,03/25,13.969.742.282.964.900,Medianeira,36.0,0.45,0.9,13,7
7551,2016,03/25,11.056.896.352.602.400,Medianeira,36.0,0.45,0.9,13,7
7552,2017,03/25,1.348.510.375.510.810,Medianeira,36.0,0.45,0.9,13,7
7553,2018,03/25,128.067.579.504.288,Medianeira,36.0,0.45,0.9,13,7
7554,2019,03/25,13.767.179.667.802.800,Medianeira,36.0,0.45,0.9,13,7
7555,2020,03/25,12.538.966.140.288.800,Medianeira,36.0,0.45,0.9,13,7
7556,2021,03/25,13.101.701.088.933.600,Medianeira,36.0,0.45,0.9,13,7
7557,2022,03/25,12.186.363.923.881.100,Medianeira,36.0,0.45,0.9,13,7
7558,2023,03/25,13.960.736.670.052.200,Medianeira,36.0,0.45,0.9,13,7
7559,2024,03/25,12.502.316.744.038.200,Medianeira,36.0,0.45,0.9,13,7
7560,2015,03/25,1.440.716.229.716.700,Santa Helena,36.0,0.45,0.9,13,7
7561,2016,03/25,11.853.724.228.777.700,Santa Helena,36.0,0.45,0.9,13,7
7562,2017,03/25,13.844.676.234.936.600,Santa Helena,36.0,0.45,0.9,13,7
7563,2018,03/25,13.435.731.228.726.300,Santa Helena,36.0,0.45,0.9,13,7
7564,2019,03/25,14.107.771.871.434.700,Santa Helena,36.0,0.45,0.9,13,7
7565,2020,03/25,134.265.673.337,Santa Helena,36.0,0.45,0.9,13,7
7566,2021,03/25,13.505.245.578.710.300,Santa Helena,36.0,0.45,0.9,13,7
7567,2022,03/25,12.869.828.944.645.100,Santa Helena,36.0,0.45,0.9,13,7
7568,2023,03/25,14.271.747.090.319.500,Santa Helena,36.0,0.45,0.9,13,7
7569,2024,03/25,13.259.159.397.507.000,Santa Helena,36.0,0.45,0.9,13,7
7570,2015,03/25,13.969.742.282.964.900,São Miguel do Iguaçu,36.0,0.45,0.9,13,7
7571,2016,03/25,11.057.254.005.557.900,São Miguel do Iguaçu,36.0,0.45,0.9,13,7
7572,2017,03/25,13.485.131.341.059.100,São Miguel do Iguaçu,36.0,0.45,0.9,13,7
7573,2018,03/25,12.807.018.579.643.400,São Miguel do Iguaçu,36.0,0.45,0.9,13,7
7574,2019,03/25,13.767.216.033.099.200,São Miguel do Iguaçu,36.0,0.45,0.9,13,7
7575,2020,03/25,1.253.921.679.605.460,São Miguel do Iguaçu,36.0,0.45,0.9,13,7
7576,2021,03/25,13.102.508.321.508.900,São Miguel do Iguaçu,36.0,0.45,0.9,13,7
7577,2022,03/25,12.186.363.923.881.100,São Miguel do Iguaçu,36.0,0.45,0.9,13,7
7578,2023,03/25,13.961.127.332.198.400,São Miguel do Iguaçu,36.0,0.45,0.9,13,7
7579,2024,03/25,12.502.407.999.793.800,São Miguel do Iguaçu,36.0,0.45,0.9,13,7
7580,2015,03/25,13.008.998.474.557.700,São Pedro do Iguaçu,36.0,0.45,0.9,13,7
7581,2016,03/25,6.554.735.228.277.190,São Pedro do Iguaçu,36.0,0.45,0.9,13,7
7582,2017,03/25,12.497.958.900.257.300,São Pedro do Iguaçu,36.0,0.45,0.9,13,7
7583,2018,03/25,1.209.350.041.094.860,São Pedro do Iguaçu,36.0,0.45,0.9,13,7
7584,2019,03/25,13.080.140.363.706.400,São Pedro do Iguaçu,36.0,0.45,0.9,13,7
7585,2020,03/25,1.204.028.936.255.880,São Pedro do Iguaçu,36.0,0.45,0.9,13,7
7586,2021,03/25,12.448.254.091.100.400,São Pedro do Iguaçu,36.0,0.45,0.9,13,7
7587,2022,03/25,1.124.222.517.575.720,São Pedro do Iguaçu,36.0,0.45,0.9,13,7
7588,2023,03/25,13.161.143.833.062.300,São Pedro do Iguaçu,36.0,0.45,0.9,13,7
7589,2024,03/25,12.572.837.468.664.600,São Pedro do Iguaçu,36.0,0.45,0.9,13,7
7590,2015,03/25,13.701.383.847.872.000,Toledo,36.0,0.45,0.9,13,7
7591,2016,03/25,9.522.229.654.514.160,Toledo,36.0,0.45,0.9,13,7
7592,2017,03/25,12.997.915.572.775.200,Toledo,36.0,0.45,0.9,13,7
7593,2018,03/25,13.036.451.281.934.700,Toledo,36.0,0.45,0.9,13,7
7594,2019,03/25,13.677.376.663.733.000,Toledo,36.0,0.45,0.9,13,7
7595,2020,03/25,13.175.752.364.729.800,Toledo,36.0,0.45,0.9,13,7
7596,2021,03/25,1.297.394.873.545.840,Toledo,36.0,0.45,0.9,13,7
7597,2022,03/25,1.191.653.770.882.350,Toledo,36.0,0.45,0.9,13,7
7598,2023,03/25,13.637.972.531.351.300,Toledo,36.0,0.45,0.9,13,7
7599,2024,03/25,13.620.116.473.444.700,Toledo,36.0,0.45,0.9,13,7
7600,2015,03/25,13.341.902.198.108.000,Cascavel,36.0,0.45,0.95,12,6
7601,2016,03/25,727.905.367.009.956,Cascavel,36.0,0.45,0.95,12,6
7602,2017,03/25,12.515.864.807.851.000,Cascavel,36.0,0.45,0.95,12,6
7603,2018,03/25,12.105.585.401.721.100,Cascavel,36.0,0.45,0.95,12,6
7604,2019,03/25,13.308.256.821.378.100,Cascavel,36.0,0.45,0.95,12,6
7605,2020,03/25,12.220.556.805.168.100,Cascavel,36.0,0.45,0.95,12,6
7606,2021,03/25,12.283.849.131.321.800,Cascavel,36.0,0.45,0.95,12,6
7607,2022,03/25,11.451.255.584.464.600,Cascavel,36.0,0.45,0.95,12,6
7608,2023,03/25,1.293.207.412.848.380,Cascavel,36.0,0.45,0.95,12,6
7609,2024,03/25,13.243.874.569.830.600,Cascavel,36.0,0.45,0.95,12,6
7610,2015,03/25,14.409.313.909.792.000,Foz do Iguaçu,36.0,0.45,0.95,12,6
7611,2016,03/25,11.408.313.046.152.600,Foz do Iguaçu,36.0,0.45,0.95,12,6
7612,2017,03/25,1.391.313.301.043.990,Foz do Iguaçu,36.0,0.45,0.95,12,6
7613,2018,03/25,13.203.433.364.263.300,Foz do Iguaçu,36.0,0.45,0.95,12,6
7614,2019,03/25,1.419.831.005.430.850,Foz do Iguaçu,36.0,0.45,0.95,12,6
7615,2020,03/25,12.927.767.032.494.300,Foz do Iguaçu,36.0,0.45,0.95,12,6
7616,2021,03/25,13.499.486.063.135.700,Foz do Iguaçu,36.0,0.45,0.95,12,6
7617,2022,03/25,12.563.728.967.890.000,Foz do Iguaçu,36.0,0.45,0.95,12,6
7618,2023,03/25,14.402.265.321.722.800,Foz do Iguaçu,36.0,0.45,0.95,12,6
7619,2024,03/25,12.898.204.889.879.600,Foz do Iguaçu,36.0,0.45,0.95,12,6
7620,2015,03/25,14.895.801.370.319.000,Guaíra,36.0,0.45,0.95,12,6
7621,2016,03/25,12.176.526.550.169.200,Guaíra,36.0,0.45,0.95,12,6
7622,2017,03/25,14.171.209.427.711.100,Guaíra,36.0,0.45,0.95,12,6
7623,2018,03/25,14.085.148.527.830.500,Guaíra,36.0,0.45,0.95,12,6
7624,2019,03/25,14.729.238.447.912.300,Guaíra,36.0,0.45,0.95,12,6
7625,2020,03/25,1.433.433.960.160.120,Guaíra,36.0,0.45,0.95,12,6
7626,2021,03/25,137.686.682.835.968,Guaíra,36.0,0.45,0.95,12,6
7627,2022,03/25,13.268.449.523.617.900,Guaíra,36.0,0.45,0.95,12,6
7628,2023,03/25,14.507.699.918.701.900,Guaíra,36.0,0.45,0.95,12,6
7629,2024,03/25,1.459.390.342.355.190,Guaíra,36.0,0.45,0.95,12,6
7630,2015,03/25,14.907.406.206.481.100,Marechal Cândido Rondon,36.0,0.45,0.95,12,6
7631,2016,03/25,1.227.264.475.812.830,Marechal Cândido Rondon,36.0,0.45,0.95,12,6
7632,2017,03/25,1.429.348.479.328.000,Marechal Cândido Rondon,36.0,0.45,0.95,12,6
7633,2018,03/25,14.144.525.198.757.300,Marechal Cândido Rondon,36.0,0.45,0.95,12,6
7634,2019,03/25,1.472.563.303.923.780,Marechal Cândido Rondon,36.0,0.45,0.95,12,6
7635,2020,03/25,14.205.006.482.932.300,Marechal Cândido Rondon,36.0,0.45,0.95,12,6
7636,2021,03/25,14.065.092.719.007.900,Marechal Cândido Rondon,36.0,0.45,0.95,12,6
7637,2022,03/25,13.314.047.118.004.000,Marechal Cândido Rondon,36.0,0.45,0.95,12,6
7638,2023,03/25,14.662.692.273.438.800,Marechal Cândido Rondon,36.0,0.45,0.95,12,6
7639,2024,03/25,14.238.522.805.981.700,Marechal Cândido Rondon,36.0,0.45,0.95,12,6
7640,2015,03/25,13.807.407.629.895.400,Matelândia,36.0,0.45,0.95,12,6
7641,2016,03/25,8.270.904.521.874.320,Matelândia,36.0,0.45,0.95,12,6
7642,2017,03/25,13.365.907.382.947.700,Matelândia,36.0,0.45,0.95,12,6
7643,2018,03/25,12.540.132.256.949.300,Matelândia,36.0,0.45,0.95,12,6
7644,2019,03/25,13.742.551.755.418.000,Matelândia,36.0,0.45,0.95,12,6
7645,2020,03/25,12.507.274.070.634.900,Matelândia,36.0,0.45,0.95,12,6
7646,2021,03/25,13.110.052.436.917.500,Matelândia,36.0,0.45,0.95,12,6
7647,2022,03/25,12.009.246.904.029.300,Matelândia,36.0,0.45,0.95,12,6
7648,2023,03/25,138.499.891.981.577,Matelândia,36.0,0.45,0.95,12,6
7649,2024,03/25,12.908.276.109.768.300,Matelândia,36.0,0.45,0.95,12,6
7650,2015,03/25,14.409.313.909.792.000,Medianeira,36.0,0.45,0.95,12,6
7651,2016,03/25,11.407.860.302.392.400,Medianeira,36.0,0.45,0.95,12,6
7652,2017,03/25,13.913.089.957.612.200,Medianeira,36.0,0.45,0.95,12,6
7653,2018,03/25,1.320.309.304.109.990,Medianeira,36.0,0.45,0.95,12,6
7654,2019,03/25,14.198.268.703.022.500,Medianeira,36.0,0.45,0.95,12,6
7655,2020,03/25,12.927.466.986.300.000,Medianeira,36.0,0.45,0.95,12,6
7656,2021,03/25,1.349.851.398.421.960,Medianeira,36.0,0.45,0.95,12,6
7657,2022,03/25,12.563.728.967.890.000,Medianeira,36.0,0.45,0.95,12,6
7658,2023,03/25,14.401.828.221.770.900,Medianeira,36.0,0.45,0.95,12,6
7659,2024,03/25,1.289.808.105.961.030,Medianeira,36.0,0.45,0.95,12,6
7660,2015,03/25,1.486.178.599.251.980,Santa Helena,36.0,0.45,0.95,12,6
7661,2016,03/25,12.229.563.621.949.400,Santa Helena,36.0,0.45,0.95,12,6
7662,2017,03/25,1.428.284.569.348.850,Santa Helena,36.0,0.45,0.95,12,6
7663,2018,03/25,13.853.692.035.688.800,Santa Helena,36.0,0.45,0.95,12,6
7664,2019,03/25,14.551.167.927.904.500,Santa Helena,36.0,0.45,0.95,12,6
7665,2020,03/25,13.845.073.086.783.600,Santa Helena,36.0,0.45,0.95,12,6
7666,2021,03/25,13.915.510.257.040.700,Santa Helena,36.0,0.45,0.95,12,6
7667,2022,03/25,13.271.080.935.869.300,Santa Helena,36.0,0.45,0.95,12,6
7668,2023,03/25,14.723.264.841.376.200,Santa Helena,36.0,0.45,0.95,12,6
7669,2024,03/25,1.367.891.053.265.720,Santa Helena,36.0,0.45,0.95,12,6
7670,2015,03/25,14.409.313.909.792.000,São Miguel do Iguaçu,36.0,0.45,0.95,12,6
7671,2016,03/25,11.408.226.587.789.900,São Miguel do Iguaçu,36.0,0.45,0.95,12,6
7672,2017,03/25,13.913.118.405.241.200,São Miguel do Iguaçu,36.0,0.45,0.95,12,6
7673,2018,03/25,13.203.377.160.415.200,São Miguel do Iguaçu,36.0,0.45,0.95,12,6
7674,2019,03/25,14.198.306.342.689.100,São Miguel do Iguaçu,36.0,0.45,0.95,12,6
7675,2020,03/25,12.927.731.666.355.700,São Miguel do Iguaçu,36.0,0.45,0.95,12,6
7676,2021,03/25,13.499.354.320.491.600,São Miguel do Iguaçu,36.0,0.45,0.95,12,6
7677,2022,03/25,12.563.728.967.890.000,São Miguel do Iguaçu,36.0,0.45,0.95,12,6
7678,2023,03/25,14.402.232.063.729.400,São Miguel do Iguaçu,36.0,0.45,0.95,12,6
7679,2024,03/25,12.898.175.334.350.600,São Miguel do Iguaçu,36.0,0.45,0.95,12,6
7680,2015,03/25,13.416.317.855.210.400,São Pedro do Iguaçu,36.0,0.45,0.95,12,6
7681,2016,03/25,6.762.069.231.623.930,São Pedro do Iguaçu,36.0,0.45,0.95,12,6
7682,2017,03/25,1.289.608.476.483.500,São Pedro do Iguaçu,36.0,0.45,0.95,12,6
7683,2018,03/25,12.463.261.366.372.000,São Pedro do Iguaçu,36.0,0.45,0.95,12,6
7684,2019,03/25,1.348.909.608.461.500,São Pedro do Iguaçu,36.0,0.45,0.95,12,6
7685,2020,03/25,12.411.907.846.183.500,São Pedro do Iguaçu,36.0,0.45,0.95,12,6
7686,2021,03/25,1.282.307.491.207.170,São Pedro do Iguaçu,36.0,0.45,0.95,12,6
7687,2022,03/25,11.587.859.227.217.100,São Pedro do Iguaçu,36.0,0.45,0.95,12,6
7688,2023,03/25,13.578.022.453.425.600,São Pedro do Iguaçu,36.0,0.45,0.95,12,6
7689,2024,03/25,12.969.812.196.575.000,São Pedro do Iguaçu,36.0,0.45,0.95,12,6
7690,2015,03/25,14.131.644.470.624.500,Toledo,36.0,0.45,0.95,12,6
7691,2016,03/25,9.823.808.261.966.770,Toledo,36.0,0.45,0.95,12,6
7692,2017,03/25,13.410.903.081.262.500,Toledo,36.0,0.45,0.95,12,6
7693,2018,03/25,13.441.953.016.927.200,Toledo,36.0,0.45,0.95,12,6
7694,2019,03/25,1.410.784.372.649.850,Toledo,36.0,0.45,0.95,12,6
7695,2020,03/25,1.358.655.401.288.130,Toledo,36.0,0.45,0.95,12,6
7696,2021,03/25,13.365.668.614.750.700,Toledo,36.0,0.45,0.95,12,6
7697,2022,03/25,12.285.601.188.561.500,Toledo,36.0,0.45,0.95,12,6
7698,2023,03/25,14.070.278.229.548.100,Toledo,36.0,0.45,0.95,12,6
7699,2024,03/25,14.050.926.370.802.300,Toledo,36.0,0.45,0.95,12,6
7700,2015,03/25,13.341.902.198.108.000,Cascavel,36.0,0.45,0.95,12,7
7701,2016,03/25,727.905.367.009.956,Cascavel,36.0,0.45,0.95,12,7
7702,2017,03/25,12.515.864.807.851.000,Cascavel,36.0,0.45,0.95,12,7
7703,2018,03/25,12.105.585.401.721.100,Cascavel,36.0,0.45,0.95,12,7
7704,2019,03/25,13.308.256.821.378.100,Cascavel,36.0,0.45,0.95,12,7
7705,2020,03/25,12.220.556.805.168.100,Cascavel,36.0,0.45,0.95,12,7
7706,2021,03/25,12.283.849.131.321.800,Cascavel,36.0,0.45,0.95,12,7
7707,2022,03/25,11.451.255.584.464.600,Cascavel,36.0,0.45,0.95,12,7
7708,2023,03/25,1.293.207.412.848.380,Cascavel,36.0,0.45,0.95,12,7
7709,2024,03/25,13.243.874.569.830.600,Cascavel,36.0,0.45,0.95,12,7
7710,2015,03/25,14.409.313.909.792.000,Foz do Iguaçu,36.0,0.45,0.95,12,7
7711,2016,03/25,11.408.313.046.152.600,Foz do Iguaçu,36.0,0.45,0.95,12,7
7712,2017,03/25,1.391.313.301.043.990,Foz do Iguaçu,36.0,0.45,0.95,12,7
7713,2018,03/25,13.203.433.364.263.300,Foz do Iguaçu,36.0,0.45,0.95,12,7
7714,2019,03/25,1.419.831.005.430.850,Foz do Iguaçu,36.0,0.45,0.95,12,7
7715,2020,03/25,12.927.767.032.494.300,Foz do Iguaçu,36.0,0.45,0.95,12,7
7716,2021,03/25,13.499.486.063.135.700,Foz do Iguaçu,36.0,0.45,0.95,12,7
7717,2022,03/25,12.563.728.967.890.000,Foz do Iguaçu,36.0,0.45,0.95,12,7
7718,2023,03/25,14.402.265.321.722.800,Foz do Iguaçu,36.0,0.45,0.95,12,7
7719,2024,03/25,12.898.204.889.879.600,Foz do Iguaçu,36.0,0.45,0.95,12,7
7720,2015,03/25,14.895.801.370.319.000,Guaíra,36.0,0.45,0.95,12,7
7721,2016,03/25,12.176.526.550.169.200,Guaíra,36.0,0.45,0.95,12,7
7722,2017,03/25,14.171.209.427.711.100,Guaíra,36.0,0.45,0.95,12,7
7723,2018,03/25,14.085.148.527.830.500,Guaíra,36.0,0.45,0.95,12,7
7724,2019,03/25,14.729.238.447.912.300,Guaíra,36.0,0.45,0.95,12,7
7725,2020,03/25,1.433.433.960.160.120,Guaíra,36.0,0.45,0.95,12,7
7726,2021,03/25,137.686.682.835.968,Guaíra,36.0,0.45,0.95,12,7
7727,2022,03/25,13.268.449.523.617.900,Guaíra,36.0,0.45,0.95,12,7
7728,2023,03/25,14.507.699.918.701.900,Guaíra,36.0,0.45,0.95,12,7
7729,2024,03/25,1.459.390.342.355.190,Guaíra,36.0,0.45,0.95,12,7
7730,2015,03/25,14.907.406.206.481.100,Marechal Cândido Rondon,36.0,0.45,0.95,12,7
7731,2016,03/25,1.227.264.475.812.830,Marechal Cândido Rondon,36.0,0.45,0.95,12,7
7732,2017,03/25,1.429.348.479.328.000,Marechal Cândido Rondon,36.0,0.45,0.95,12,7
7733,2018,03/25,14.144.525.198.757.300,Marechal Cândido Rondon,36.0,0.45,0.95,12,7
7734,2019,03/25,1.472.563.303.923.780,Marechal Cândido Rondon,36.0,0.45,0.95,12,7
7735,2020,03/25,14.205.006.482.932.300,Marechal Cândido Rondon,36.0,0.45,0.95,12,7
7736,2021,03/25,14.065.092.719.007.900,Marechal Cândido Rondon,36.0,0.45,0.95,12,7
7737,2022,03/25,13.314.047.118.004.000,Marechal Cândido Rondon,36.0,0.45,0.95,12,7
7738,2023,03/25,14.662.692.273.438.800,Marechal Cândido Rondon,36.0,0.45,0.95,12,7
7739,2024,03/25,14.238.522.805.981.700,Marechal Cândido Rondon,36.0,0.45,0.95,12,7
7740,2015,03/25,13.807.407.629.895.400,Matelândia,36.0,0.45,0.95,12,7
7741,2016,03/25,8.270.904.521.874.320,Matelândia,36.0,0.45,0.95,12,7
7742,2017,03/25,13.365.907.382.947.700,Matelândia,36.0,0.45,0.95,12,7
7743,2018,03/25,12.540.132.256.949.300,Matelândia,36.0,0.45,0.95,12,7
7744,2019,03/25,13.742.551.755.418.000,Matelândia,36.0,0.45,0.95,12,7
7745,2020,03/25,12.507.274.070.634.900,Matelândia,36.0,0.45,0.95,12,7
7746,2021,03/25,13.110.052.436.917.500,Matelândia,36.0,0.45,0.95,12,7
7747,2022,03/25,12.009.246.904.029.300,Matelândia,36.0,0.45,0.95,12,7
7748,2023,03/25,138.499.891.981.577,Matelândia,36.0,0.45,0.95,12,7
7749,2024,03/25,12.908.276.109.768.300,Matelândia,36.0,0.45,0.95,12,7
7750,2015,03/25,14.409.313.909.792.000,Medianeira,36.0,0.45,0.95,12,7
7751,2016,03/25,11.407.860.302.392.400,Medianeira,36.0,0.45,0.95,12,7
7752,2017,03/25,13.913.089.957.612.200,Medianeira,36.0,0.45,0.95,12,7
7753,2018,03/25,1.320.309.304.109.990,Medianeira,36.0,0.45,0.95,12,7
7754,2019,03/25,14.198.268.703.022.500,Medianeira,36.0,0.45,0.95,12,7
7755,2020,03/25,12.927.466.986.300.000,Medianeira,36.0,0.45,0.95,12,7
7756,2021,03/25,1.349.851.398.421.960,Medianeira,36.0,0.45,0.95,12,7
7757,2022,03/25,12.563.728.967.890.000,Medianeira,36.0,0.45,0.95,12,7
7758,2023,03/25,14.401.828.221.770.900,Medianeira,36.0,0.45,0.95,12,7
7759,2024,03/25,1.289.808.105.961.030,Medianeira,36.0,0.45,0.95,12,7
7760,2015,03/25,1.486.178.599.251.980,Santa Helena,36.0,0.45,0.95,12,7
7761,2016,03/25,12.229.563.621.949.400,Santa Helena,36.0,0.45,0.95,12,7
7762,2017,03/25,1.428.284.569.348.850,Santa Helena,36.0,0.45,0.95,12,7
7763,2018,03/25,13.853.692.035.688.800,Santa Helena,36.0,0.45,0.95,12,7
7764,2019,03/25,14.551.167.927.904.500,Santa Helena,36.0,0.45,0.95,12,7
7765,2020,03/25,13.845.073.086.783.600,Santa Helena,36.0,0.45,0.95,12,7
7766,2021,03/25,13.915.510.257.040.700,Santa Helena,36.0,0.45,0.95,12,7
7767,2022,03/25,13.271.080.935.869.300,Santa Helena,36.0,0.45,0.95,12,7
7768,2023,03/25,14.723.264.841.376.200,Santa Helena,36.0,0.45,0.95,12,7
7769,2024,03/25,1.367.891.053.265.720,Santa Helena,36.0,0.45,0.95,12,7
7770,2015,03/25,14.409.313.909.792.000,São Miguel do Iguaçu,36.0,0.45,0.95,12,7
7771,2016,03/25,11.408.226.587.789.900,São Miguel do Iguaçu,36.0,0.45,0.95,12,7
7772,2017,03/25,13.913.118.405.241.200,São Miguel do Iguaçu,36.0,0.45,0.95,12,7
7773,2018,03/25,13.203.377.160.415.200,São Miguel do Iguaçu,36.0,0.45,0.95,12,7
7774,2019,03/25,14.198.306.342.689.100,São Miguel do Iguaçu,36.0,0.45,0.95,12,7
7775,2020,03/25,12.927.731.666.355.700,São Miguel do Iguaçu,36.0,0.45,0.95,12,7
7776,2021,03/25,13.499.354.320.491.600,São Miguel do Iguaçu,36.0,0.45,0.95,12,7
7777,2022,03/25,12.563.728.967.890.000,São Miguel do Iguaçu,36.0,0.45,0.95,12,7
7778,2023,03/25,14.402.232.063.729.400,São Miguel do Iguaçu,36.0,0.45,0.95,12,7
7779,2024,03/25,12.898.175.334.350.600,São Miguel do Iguaçu,36.0,0.45,0.95,12,7
7780,2015,03/25,13.416.317.855.210.400,São Pedro do Iguaçu,36.0,0.45,0.95,12,7
7781,2016,03/25,6.762.069.231.623.930,São Pedro do Iguaçu,36.0,0.45,0.95,12,7
7782,2017,03/25,1.289.608.476.483.500,São Pedro do Iguaçu,36.0,0.45,0.95,12,7
7783,2018,03/25,12.463.261.366.372.000,São Pedro do Iguaçu,36.0,0.45,0.95,12,7
7784,2019,03/25,1.348.909.608.461.500,São Pedro do Iguaçu,36.0,0.45,0.95,12,7
7785,2020,03/25,12.411.907.846.183.500,São Pedro do Iguaçu,36.0,0.45,0.95,12,7
7786,2021,03/25,1.282.307.491.207.170,São Pedro do Iguaçu,36.0,0.45,0.95,12,7
7787,2022,03/25,11.587.859.227.217.100,São Pedro do Iguaçu,36.0,0.45,0.95,12,7
7788,2023,03/25,13.578.022.453.425.600,São Pedro do Iguaçu,36.0,0.45,0.95,12,7
7789,2024,03/25,12.969.812.196.575.000,São Pedro do Iguaçu,36.0,0.45,0.95,12,7
7790,2015,03/25,14.131.644.470.624.500,Toledo,36.0,0.45,0.95,12,7
7791,2016,03/25,9.823.808.261.966.770,Toledo,36.0,0.45,0.95,12,7
7792,2017,03/25,13.410.903.081.262.500,Toledo,36.0,0.45,0.95,12,7
7793,2018,03/25,13.441.953.016.927.200,Toledo,36.0,0.45,0.95,12,7
7794,2019,03/25,1.410.784.372.649.850,Toledo,36.0,0.45,0.95,12,7
7795,2020,03/25,1.358.655.401.288.130,Toledo,36.0,0.45,0.95,12,7
7796,2021,03/25,13.365.668.614.750.700,Toledo,36.0,0.45,0.95,12,7
7797,2022,03/25,12.285.601.188.561.500,Toledo,36.0,0.45,0.95,12,7
7798,2023,03/25,14.070.278.229.548.100,Toledo,36.0,0.45,0.95,12,7
7799,2024,03/25,14.050.926.370.802.300,Toledo,36.0,0.45,0.95,12,7
7800,2015,03/25,13.341.902.198.108.000,Cascavel,36.0,0.45,0.95,13,6
7801,2016,03/25,727.905.367.009.956,Cascavel,36.0,0.45,0.95,13,6
7802,2017,03/25,12.515.864.807.851.000,Cascavel,36.0,0.45,0.95,13,6
7803,2018,03/25,12.105.585.401.721.100,Cascavel,36.0,0.45,0.95,13,6
7804,2019,03/25,13.308.256.821.378.100,Cascavel,36.0,0.45,0.95,13,6
7805,2020,03/25,12.220.556.805.168.100,Cascavel,36.0,0.45,0.95,13,6
7806,2021,03/25,12.283.849.131.321.800,Cascavel,36.0,0.45,0.95,13,6
7807,2022,03/25,11.451.255.584.464.600,Cascavel,36.0,0.45,0.95,13,6
7808,2023,03/25,1.293.207.412.848.380,Cascavel,36.0,0.45,0.95,13,6
7809,2024,03/25,13.243.874.569.830.600,Cascavel,36.0,0.45,0.95,13,6
7810,2015,03/25,14.409.313.909.792.000,Foz do Iguaçu,36.0,0.45,0.95,13,6
7811,2016,03/25,11.408.313.046.152.600,Foz do Iguaçu,36.0,0.45,0.95,13,6
7812,2017,03/25,1.391.313.301.043.990,Foz do Iguaçu,36.0,0.45,0.95,13,6
7813,2018,03/25,13.203.433.364.263.300,Foz do Iguaçu,36.0,0.45,0.95,13,6
7814,2019,03/25,1.419.831.005.430.850,Foz do Iguaçu,36.0,0.45,0.95,13,6
7815,2020,03/25,12.927.767.032.494.300,Foz do Iguaçu,36.0,0.45,0.95,13,6
7816,2021,03/25,13.499.486.063.135.700,Foz do Iguaçu,36.0,0.45,0.95,13,6
7817,2022,03/25,12.563.728.967.890.000,Foz do Iguaçu,36.0,0.45,0.95,13,6
7818,2023,03/25,14.402.265.321.722.800,Foz do Iguaçu,36.0,0.45,0.95,13,6
7819,2024,03/25,12.898.204.889.879.600,Foz do Iguaçu,36.0,0.45,0.95,13,6
7820,2015,03/25,14.895.801.370.319.000,Guaíra,36.0,0.45,0.95,13,6
7821,2016,03/25,12.176.526.550.169.200,Guaíra,36.0,0.45,0.95,13,6
7822,2017,03/25,14.171.209.427.711.100,Guaíra,36.0,0.45,0.95,13,6
7823,2018,03/25,14.085.148.527.830.500,Guaíra,36.0,0.45,0.95,13,6
7824,2019,03/25,14.729.238.447.912.300,Guaíra,36.0,0.45,0.95,13,6
7825,2020,03/25,1.433.433.960.160.120,Guaíra,36.0,0.45,0.95,13,6
7826,2021,03/25,137.686.682.835.968,Guaíra,36.0,0.45,0.95,13,6
7827,2022,03/25,13.268.449.523.617.900,Guaíra,36.0,0.45,0.95,13,6
7828,2023,03/25,14.507.699.918.701.900,Guaíra,36.0,0.45,0.95,13,6
7829,2024,03/25,1.459.390.342.355.190,Guaíra,36.0,0.45,0.95,13,6
7830,2015,03/25,14.907.406.206.481.100,Marechal Cândido Rondon,36.0,0.45,0.95,13,6
7831,2016,03/25,1.227.264.475.812.830,Marechal Cândido Rondon,36.0,0.45,0.95,13,6
7832,2017,03/25,1.429.348.479.328.000,Marechal Cândido Rondon,36.0,0.45,0.95,13,6
7833,2018,03/25,14.144.525.198.757.300,Marechal Cândido Rondon,36.0,0.45,0.95,13,6
7834,2019,03/25,1.472.563.303.923.780,Marechal Cândido Rondon,36.0,0.45,0.95,13,6
7835,2020,03/25,14.205.006.482.932.300,Marechal Cândido Rondon,36.0,0.45,0.95,13,6
7836,2021,03/25,14.065.092.719.007.900,Marechal Cândido Rondon,36.0,0.45,0.95,13,6
7837,2022,03/25,13.314.047.118.004.000,Marechal Cândido Rondon,36.0,0.45,0.95,13,6
7838,2023,03/25,14.662.692.273.438.800,Marechal Cândido Rondon,36.0,0.45,0.95,13,6
7839,2024,03/25,14.238.522.805.981.700,Marechal Cândido Rondon,36.0,0.45,0.95,13,6
7840,2015,03/25,13.807.407.629.895.400,Matelândia,36.0,0.45,0.95,13,6
7841,2016,03/25,8.270.904.521.874.320,Matelândia,36.0,0.45,0.95,13,6
7842,2017,03/25,13.365.907.382.947.700,Matelândia,36.0,0.45,0.95,13,6
7843,2018,03/25,12.540.132.256.949.300,Matelândia,36.0,0.45,0.95,13,6
7844,2019,03/25,13.742.551.755.418.000,Matelândia,36.0,0.45,0.95,13,6
7845,2020,03/25,12.507.274.070.634.900,Matelândia,36.0,0.45,0.95,13,6
7846,2021,03/25,13.110.052.436.917.500,Matelândia,36.0,0.45,0.95,13,6
7847,2022,03/25,12.009.246.904.029.300,Matelândia,36.0,0.45,0.95,13,6
7848,2023,03/25,138.499.891.981.577,Matelândia,36.0,0.45,0.95,13,6
7849,2024,03/25,12.908.276.109.768.300,Matelândia,36.0,0.45,0.95,13,6
7850,2015,03/25,14.409.313.909.792.000,Medianeira,36.0,0.45,0.95,13,6
7851,2016,03/25,11.407.860.302.392.400,Medianeira,36.0,0.45,0.95,13,6
7852,2017,03/25,13.913.089.957.612.200,Medianeira,36.0,0.45,0.95,13,6
7853,2018,03/25,1.320.309.304.109.990,Medianeira,36.0,0.45,0.95,13,6
7854,2019,03/25,14.198.268.703.022.500,Medianeira,36.0,0.45,0.95,13,6
7855,2020,03/25,12.927.466.986.300.000,Medianeira,36.0,0.45,0.95,13,6
7856,2021,03/25,1.349.851.398.421.960,Medianeira,36.0,0.45,0.95,13,6
7857,2022,03/25,12.563.728.967.890.000,Medianeira,36.0,0.45,0.95,13,6
7858,2023,03/25,14.401.828.221.770.900,Medianeira,36.0,0.45,0.95,13,6
7859,2024,03/25,1.289.808.105.961.030,Medianeira,36.0,0.45,0.95,13,6
7860,2015,03/25,1.486.178.599.251.980,Santa Helena,36.0,0.45,0.95,13,6
7861,2016,03/25,12.229.563.621.949.400,Santa Helena,36.0,0.45,0.95,13,6
7862,2017,03/25,1.428.284.569.348.850,Santa Helena,36.0,0.45,0.95,13,6
7863,2018,03/25,13.853.692.035.688.800,Santa Helena,36.0,0.45,0.95,13,6
7864,2019,03/25,14.551.167.927.904.500,Santa Helena,36.0,0.45,0.95,13,6
7865,2020,03/25,13.845.073.086.783.600,Santa Helena,36.0,0.45,0.95,13,6
7866,2021,03/25,13.915.510.257.040.700,Santa Helena,36.0,0.45,0.95,13,6
7867,2022,03/25,13.271.080.935.869.300,Santa Helena,36.0,0.45,0.95,13,6
7868,2023,03/25,14.723.264.841.376.200,Santa Helena,36.0,0.45,0.95,13,6
7869,2024,03/25,1.367.891.053.265.720,Santa Helena,36.0,0.45,0.95,13,6
7870,2015,03/25,14.409.313.909.792.000,São Miguel do Iguaçu,36.0,0.45,0.95,13,6
7871,2016,03/25,11.408.226.587.789.900,São Miguel do Iguaçu,36.0,0.45,0.95,13,6
7872,2017,03/25,13.913.118.405.241.200,São Miguel do Iguaçu,36.0,0.45,0.95,13,6
7873,2018,03/25,13.203.377.160.415.200,São Miguel do Iguaçu,36.0,0.45,0.95,13,6
7874,2019,03/25,14.198.306.342.689.100,São Miguel do Iguaçu,36.0,0.45,0.95,13,6
7875,2020,03/25,12.927.731.666.355.700,São Miguel do Iguaçu,36.0,0.45,0.95,13,6
7876,2021,03/25,13.499.354.320.491.600,São Miguel do Iguaçu,36.0,0.45,0.95,13,6
7877,2022,03/25,12.563.728.967.890.000,São Miguel do Iguaçu,36.0,0.45,0.95,13,6
7878,2023,03/25,14.402.232.063.729.400,São Miguel do Iguaçu,36.0,0.45,0.95,13,6
7879,2024,03/25,12.898.175.334.350.600,São Miguel do Iguaçu,36.0,0.45,0.95,13,6
7880,2015,03/25,13.416.317.855.210.400,São Pedro do Iguaçu,36.0,0.45,0.95,13,6
7881,2016,03/25,6.762.069.231.623.930,São Pedro do Iguaçu,36.0,0.45,0.95,13,6
7882,2017,03/25,1.289.608.476.483.500,São Pedro do Iguaçu,36.0,0.45,0.95,13,6
7883,2018,03/25,12.463.261.366.372.000,São Pedro do Iguaçu,36.0,0.45,0.95,13,6
7884,2019,03/25,1.348.909.608.461.500,São Pedro do Iguaçu,36.0,0.45,0.95,13,6
7885,2020,03/25,12.411.907.846.183.500,São Pedro do Iguaçu,36.0,0.45,0.95,13,6
7886,2021,03/25,1.282.307.491.207.170,São Pedro do Iguaçu,36.0,0.45,0.95,13,6
7887,2022,03/25,11.587.859.227.217.100,São Pedro do Iguaçu,36.0,0.45,0.95,13,6
7888,2023,03/25,13.578.022.453.425.600,São Pedro do Iguaçu,36.0,0.45,0.95,13,6
7889,2024,03/25,12.969.812.196.575.000,São Pedro do Iguaçu,36.0,0.45,0.95,13,6
7890,2015,03/25,14.131.644.470.624.500,Toledo,36.0,0.45,0.95,13,6
7891,2016,03/25,9.823.808.261.966.770,Toledo,36.0,0.45,0.95,13,6
7892,2017,03/25,13.410.903.081.262.500,Toledo,36.0,0.45,0.95,13,6
7893,2018,03/25,13.441.953.016.927.200,Toledo,36.0,0.45,0.95,13,6
7894,2019,03/25,1.410.784.372.649.850,Toledo,36.0,0.45,0.95,13,6
7895,2020,03/25,1.358.655.401.288.130,Toledo,36.0,0.45,0.95,13,6
7896,2021,03/25,13.365.668.614.750.700,Toledo,36.0,0.45,0.95,13,6
7897,2022,03/25,12.285.601.188.561.500,Toledo,36.0,0.45,0.95,13,6
7898,2023,03/25,14.070.278.229.548.100,Toledo,36.0,0.45,0.95,13,6
7899,2024,03/25,14.050.926.370.802.300,Toledo,36.0,0.45,0.95,13,6
7900,2015,03/25,13.341.902.198.108.000,Cascavel,36.0,0.45,0.95,13,7
7901,2016,03/25,727.905.367.009.956,Cascavel,36.0,0.45,0.95,13,7
7902,2017,03/25,12.515.864.807.851.000,Cascavel,36.0,0.45,0.95,13,7
7903,2018,03/25,12.105.585.401.721.100,Cascavel,36.0,0.45,0.95,13,7
7904,2019,03/25,13.308.256.821.378.100,Cascavel,36.0,0.45,0.95,13,7
7905,2020,03/25,12.220.556.805.168.100,Cascavel,36.0,0.45,0.95,13,7
7906,2021,03/25,12.283.849.131.321.800,Cascavel,36.0,0.45,0.95,13,7
7907,2022,03/25,11.451.255.584.464.600,Cascavel,36.0,0.45,0.95,13,7
7908,2023,03/25,1.293.207.412.848.380,Cascavel,36.0,0.45,0.95,13,7
7909,2024,03/25,13.243.874.569.830.600,Cascavel,36.0,0.45,0.95,13,7
7910,2015,03/25,14.409.313.909.792.000,Foz do Iguaçu,36.0,0.45,0.95,13,7
7911,2016,03/25,11.408.313.046.152.600,Foz do Iguaçu,36.0,0.45,0.95,13,7
7912,2017,03/25,1.391.313.301.043.990,Foz do Iguaçu,36.0,0.45,0.95,13,7
7913,2018,03/25,13.203.433.364.263.300,Foz do Iguaçu,36.0,0.45,0.95,13,7
7914,2019,03/25,1.419.831.005.430.850,Foz do Iguaçu,36.0,0.45,0.95,13,7
7915,2020,03/25,12.927.767.032.494.300,Foz do Iguaçu,36.0,0.45,0.95,13,7
7916,2021,03/25,13.499.486.063.135.700,Foz do Iguaçu,36.0,0.45,0.95,13,7
7917,2022,03/25,12.563.728.967.890.000,Foz do Iguaçu,36.0,0.45,0.95,13,7
7918,2023,03/25,14.402.265.321.722.800,Foz do Iguaçu,36.0,0.45,0.95,13,7
7919,2024,03/25,12.898.204.889.879.600,Foz do Iguaçu,36.0,0.45,0.95,13,7
7920,2015,03/25,14.895.801.370.319.000,Guaíra,36.0,0.45,0.95,13,7
7921,2016,03/25,12.176.526.550.169.200,Guaíra,36.0,0.45,0.95,13,7
7922,2017,03/25,14.171.209.427.711.100,Guaíra,36.0,0.45,0.95,13,7
7923,2018,03/25,14.085.148.527.830.500,Guaíra,36.0,0.45,0.95,13,7
7924,2019,03/25,14.729.238.447.912.300,Guaíra,36.0,0.45,0.95,13,7
7925,2020,03/25,1.433.433.960.160.120,Guaíra,36.0,0.45,0.95,13,7
7926,2021,03/25,137.686.682.835.968,Guaíra,36.0,0.45,0.95,13,7
7927,2022,03/25,13.268.449.523.617.900,Guaíra,36.0,0.45,0.95,13,7
7928,2023,03/25,14.507.699.918.701.900,Guaíra,36.0,0.45,0.95,13,7
7929,2024,03/25,1.459.390.342.355.190,Guaíra,36.0,0.45,0.95,13,7
7930,2015,03/25,14.907.406.206.481.100,Marechal Cândido Rondon,36.0,0.45,0.95,13,7
7931,2016,03/25,1.227.264.475.812.830,Marechal Cândido Rondon,36.0,0.45,0.95,13,7
7932,2017,03/25,1.429.348.479.328.000,Marechal Cândido Rondon,36.0,0.45,0.95,13,7
7933,2018,03/25,14.144.525.198.757.300,Marechal Cândido Rondon,36.0,0.45,0.95,13,7
7934,2019,03/25,1.472.563.303.923.780,Marechal Cândido Rondon,36.0,0.45,0.95,13,7
7935,2020,03/25,14.205.006.482.932.300,Marechal Cândido Rondon,36.0,0.45,0.95,13,7
7936,2021,03/25,14.065.092.719.007.900,Marechal Cândido Rondon,36.0,0.45,0.95,13,7
7937,2022,03/25,13.314.047.118.004.000,Marechal Cândido Rondon,36.0,0.45,0.95,13,7
7938,2023,03/25,14.662.692.273.438.800,Marechal Cândido Rondon,36.0,0.45,0.95,13,7
7939,2024,03/25,14.238.522.805.981.700,Marechal Cândido Rondon,36.0,0.45,0.95,13,7
7940,2015,03/25,13.807.407.629.895.400,Matelândia,36.0,0.45,0.95,13,7
7941,2016,03/25,8.270.904.521.874.320,Matelândia,36.0,0.45,0.95,13,7
7942,2017,03/25,13.365.907.382.947.700,Matelândia,36.0,0.45,0.95,13,7
7943,2018,03/25,12.540.132.256.949.300,Matelândia,36.0,0.45,0.95,13,7
7944,2019,03/25,13.742.551.755.418.000,Matelândia,36.0,0.45,0.95,13,7
7945,2020,03/25,12.507.274.070.634.900,Matelândia,36.0,0.45,0.95,13,7
7946,2021,03/25,13.110.052.436.917.500,Matelândia,36.0,0.45,0.95,13,7
7947,2022,03/25,12.009.246.904.029.300,Matelândia,36.0,0.45,0.95,13,7
7948,2023,03/25,138.499.891.981.577,Matelândia,36.0,0.45,0.95,13,7
7949,2024,03/25,12.908.276.109.768.300,Matelândia,36.0,0.45,0.95,13,7
7950,2015,03/25,14.409.313.909.792.000,Medianeira,36.0,0.45,0.95,13,7
7951,2016,03/25,11.407.860.302.392.400,Medianeira,36.0,0.45,0.95,13,7
7952,2017,03/25,13.913.089.957.612.200,Medianeira,36.0,0.45,0.95,13,7
7953,2018,03/25,1.320.309.304.109.990,Medianeira,36.0,0.45,0.95,13,7
7954,2019,03/25,14.198.268.703.022.500,Medianeira,36.0,0.45,0.95,13,7
7955,2020,03/25,12.927.466.986.300.000,Medianeira,36.0,0.45,0.95,13,7
7956,2021,03/25,1.349.851.398.421.960,Medianeira,36.0,0.45,0.95,13,7
7957,2022,03/25,12.563.728.967.890.000,Medianeira,36.0,0.45,0.95,13,7
7958,2023,03/25,14.401.828.221.770.900,Medianeira,36.0,0.45,0.95,13,7
7959,2024,03/25,1.289.808.105.961.030,Medianeira,36.0,0.45,0.95,13,7
7960,2015,03/25,1.486.178.599.251.980,Santa Helena,36.0,0.45,0.95,13,7
7961,2016,03/25,12.229.563.621.949.400,Santa Helena,36.0,0.45,0.95,13,7
7962,2017,03/25,1.428.284.569.348.850,Santa Helena,36.0,0.45,0.95,13,7
7963,2018,03/25,13.853.692.035.688.800,Santa Helena,36.0,0.45,0.95,13,7
7964,2019,03/25,14.551.167.927.904.500,Santa Helena,36.0,0.45,0.95,13,7
7965,2020,03/25,13.845.073.086.783.600,Santa Helena,36.0,0.45,0.95,13,7
7966,2021,03/25,13.915.510.257.040.700,Santa Helena,36.0,0.45,0.95,13,7
7967,2022,03/25,13.271.080.935.869.300,Santa Helena,36.0,0.45,0.95,13,7
7968,2023,03/25,14.723.264.841.376.200,Santa Helena,36.0,0.45,0.95,13,7
7969,2024,03/25,1.367.891.053.265.720,Santa Helena,36.0,0.45,0.95,13,7
7970,2015,03/25,14.409.313.909.792.000,São Miguel do Iguaçu,36.0,0.45,0.95,13,7
7971,2016,03/25,11.408.226.587.789.900,São Miguel do Iguaçu,36.0,0.45,0.95,13,7
7972,2017,03/25,13.913.118.405.241.200,São Miguel do Iguaçu,36.0,0.45,0.95,13,7
7973,2018,03/25,13.203.377.160.415.200,São Miguel do Iguaçu,36.0,0.45,0.95,13,7
7974,2019,03/25,14.198.306.342.689.100,São Miguel do Iguaçu,36.0,0.45,0.95,13,7
7975,2020,03/25,12.927.731.666.355.700,São Miguel do Iguaçu,36.0,0.45,0.95,13,7
7976,2021,03/25,13.499.354.320.491.600,São Miguel do Iguaçu,36.0,0.45,0.95,13,7
7977,2022,03/25,12.563.728.967.890.000,São Miguel do Iguaçu,36.0,0.45,0.95,13,7
7978,2023,03/25,14.402.232.063.729.400,São Miguel do Iguaçu,36.0,0.45,0.95,13,7
7979,2024,03/25,12.898.175.334.350.600,São Miguel do Iguaçu,36.0,0.45,0.95,13,7
7980,2015,03/25,13.416.317.855.210.400,São Pedro do Iguaçu,36.0,0.45,0.95,13,7
7981,2016,03/25,6.762.069.231.623.930,São Pedro do Iguaçu,36.0,0.45,0.95,13,7
7982,2017,03/25,1.289.608.476.483.500,São Pedro do Iguaçu,36.0,0.45,0.95,13,7
7983,2018,03/25,12.463.261.366.372.000,São Pedro do Iguaçu,36.0,0.45,0.95,13,7
7984,2019,03/25,1.348.909.608.461.500,São Pedro do Iguaçu,36.0,0.45,0.95,13,7
7985,2020,03/25,12.411.907.846.183.500,São Pedro do Iguaçu,36.0,0.45,0.95,13,7
7986,2021,03/25,1.282.307.491.207.170,São Pedro do Iguaçu,36.0,0.45,0.95,13,7
7987,2022,03/25,11.587.859.227.217.100,São Pedro do Iguaçu,36.0,0.45,0.95,13,7
7988,2023,03/25,13.578.022.453.425.600,São Pedro do Iguaçu,36.0,0.45,0.95,13,7
7989,2024,03/25,12.969.812.196.575.000,São Pedro do Iguaçu,36.0,0.45,0.95,13,7
7990,2015,03/25,14.131.644.470.624.500,Toledo,36.0,0.45,0.95,13,7
7991,2016,03/25,9.823.808.261.966.770,Toledo,36.0,0.45,0.95,13,7
7992,2017,03/25,13.410.903.081.262.500,Toledo,36.0,0.45,0.95,13,7
7993,2018,03/25,13.441.953.016.927.200,Toledo,36.0,0.45,0.95,13,7
7994,2019,03/25,1.410.784.372.649.850,Toledo,36.0,0.45,0.95,13,7
7995,2020,03/25,1.358.655.401.288.130,Toledo,36.0,0.45,0.95,13,7
7996,2021,03/25,13.365.668.614.750.700,Toledo,36.0,0.45,0.95,13,7
7997,2022,03/25,12.285.601.188.561.500,Toledo,36.0,0.45,0.95,13,7
7998,2023,03/25,14.070.278.229.548.100,Toledo,36.0,0.45,0.95,13,7
7999,2024,03/25,14.050.926.370.802.300,Toledo,36.0,0.45,0.95,13,7
8000,2015,03/25,13.800.287.493.046.500,Cascavel,36.0,0.48,0.9,12,6
8001,2016,03/25,7.527.118.089.322.770,Cascavel,36.0,0.48,0.9,12,6
8002,2017,03/25,12.938.756.856.855.300,Cascavel,36.0,0.48,0.9,12,6
8003,2018,03/25,12.529.673.846.199.400,Cascavel,36.0,0.48,0.9,12,6
8004,2019,03/25,13.763.571.211.147.300,Cascavel,36.0,0.48,0.9,12,6
8005,2020,03/25,12.644.321.192.714.000,Cascavel,36.0,0.48,0.9,12,6
8006,2021,03/25,12.721.879.799.916.300,Cascavel,36.0,0.48,0.9,12,6
8007,2022,03/25,11.851.476.936.183.600,Cascavel,36.0,0.48,0.9,12,6
8008,2023,03/25,1.337.107.423.981.280,Cascavel,36.0,0.48,0.9,12,6
8009,2024,03/25,13.695.218.204.838.200,Cascavel,36.0,0.48,0.9,12,6
8010,2015,03/25,14.901.058.435.162.600,Foz do Iguaçu,36.0,0.48,0.9,12,6
8011,2016,03/25,11.794.494.351.912.300,Foz do Iguaçu,36.0,0.48,0.9,12,6
8012,2017,03/25,1.438.415.520.411.020,Foz do Iguaçu,36.0,0.48,0.9,12,6
8013,2018,03/25,13.660.876.867.653.600,Foz do Iguaçu,36.0,0.48,0.9,12,6
8014,2019,03/25,1.468.503.426.031.680,Foz do Iguaçu,36.0,0.48,0.9,12,6
8015,2020,03/25,1.337.521.171.767.530,Foz do Iguaçu,36.0,0.48,0.9,12,6
8016,2021,03/25,13.976.139.813.714.300,Foz do Iguaçu,36.0,0.48,0.9,12,6
8017,2022,03/25,1.299.878.818.547.320,Foz do Iguaçu,36.0,0.48,0.9,12,6
8018,2023,03/25,14.891.903.472.212.000,Foz do Iguaçu,36.0,0.48,0.9,12,6
8019,2024,03/25,13.335.932.382.308.700,Foz do Iguaçu,36.0,0.48,0.9,12,6
8020,2015,03/25,15.402.586.930.655.600,Guaíra,36.0,0.48,0.9,12,6
8021,2016,03/25,12.588.090.727.572.000,Guaíra,36.0,0.48,0.9,12,6
8022,2017,03/25,14.651.488.585.032.400,Guaíra,36.0,0.48,0.9,12,6
8023,2018,03/25,14.568.065.421.453.600,Guaíra,36.0,0.48,0.9,12,6
8024,2019,03/25,15.230.968.466.384.400,Guaíra,36.0,0.48,0.9,12,6
8025,2020,03/25,14.825.720.317.016.500,Guaíra,36.0,0.48,0.9,12,6
8026,2021,03/25,14.252.605.965.783.800,Guaíra,36.0,0.48,0.9,12,6
8027,2022,03/25,13.724.622.845.359.300,Guaíra,36.0,0.48,0.9,12,6
8028,2023,03/25,14.999.838.981.148.900,Guaíra,36.0,0.48,0.9,12,6
8029,2024,03/25,15.089.002.618.214.300,Guaíra,36.0,0.48,0.9,12,6
8030,2015,03/25,15.414.825.774.696.700,Marechal Cândido Rondon,36.0,0.48,0.9,12,6
8031,2016,03/25,12.688.216.769.791.100,Marechal Cândido Rondon,36.0,0.48,0.9,12,6
8032,2017,03/25,1.477.838.171.010.040,Marechal Cândido Rondon,36.0,0.48,0.9,12,6
8033,2018,03/25,14.630.965.858.841.900,Marechal Cândido Rondon,36.0,0.48,0.9,12,6
8034,2019,03/25,15.227.740.803.407.000,Marechal Cândido Rondon,36.0,0.48,0.9,12,6
8035,2020,03/25,14.692.053.049.136.000,Marechal Cândido Rondon,36.0,0.48,0.9,12,6
8036,2021,03/25,14.559.407.308.763.600,Marechal Cândido Rondon,36.0,0.48,0.9,12,6
8037,2022,03/25,13.771.212.051.520.200,Marechal Cândido Rondon,36.0,0.48,0.9,12,6
8038,2023,03/25,15.160.152.351.162.800,Marechal Cândido Rondon,36.0,0.48,0.9,12,6
8039,2024,03/25,14.721.306.325.701.700,Marechal Cândido Rondon,36.0,0.48,0.9,12,6
8040,2015,03/25,1.427.963.966.053.070,Matelândia,36.0,0.48,0.9,12,6
8041,2016,03/25,8.551.231.201.042.750,Matelândia,36.0,0.48,0.9,12,6
8042,2017,03/25,13.817.044.917.446.200,Matelândia,36.0,0.48,0.9,12,6
8043,2018,03/25,12.977.338.799.660.200,Matelândia,36.0,0.48,0.9,12,6
8044,2019,03/25,14.213.571.033.464.500,Matelândia,36.0,0.48,0.9,12,6
8045,2020,03/25,12.940.361.235.798.800,Matelândia,36.0,0.48,0.9,12,6
8046,2021,03/25,13.574.700.789.273.800,Matelândia,36.0,0.48,0.9,12,6
8047,2022,03/25,12.427.168.641.265.800,Matelândia,36.0,0.48,0.9,12,6
8048,2023,03/25,14.320.883.034.736.600,Matelândia,36.0,0.48,0.9,12,6
8049,2024,03/25,13.346.975.482.522.500,Matelândia,36.0,0.48,0.9,12,6
8050,2015,03/25,14.901.058.435.162.600,Medianeira,36.0,0.48,0.9,12,6
8051,2016,03/25,11.794.022.776.109.200,Medianeira,36.0,0.48,0.9,12,6
8052,2017,03/25,14.384.110.672.115.300,Medianeira,36.0,0.48,0.9,12,6
8053,2018,03/25,13.660.541.813.790.700,Medianeira,36.0,0.48,0.9,12,6
8054,2019,03/25,14.684.991.645.656.400,Medianeira,36.0,0.48,0.9,12,6
8055,2020,03/25,13.374.897.216.308.100,Medianeira,36.0,0.48,0.9,12,6
8056,2021,03/25,13.975.147.828.195.800,Medianeira,36.0,0.48,0.9,12,6
8057,2022,03/25,1.299.878.818.547.320,Medianeira,36.0,0.48,0.9,12,6
8058,2023,03/25,14.891.452.448.055.600,Medianeira,36.0,0.48,0.9,12,6
8059,2024,03/25,13.335.804.526.974.000,Medianeira,36.0,0.48,0.9,12,6
8060,2015,03/25,15.367.639.783.644.800,Santa Helena,36.0,0.48,0.9,12,6
8061,2016,03/25,12.643.972.510.696.200,Santa Helena,36.0,0.48,0.9,12,6
8062,2017,03/25,14.767.654.650.599.100,Santa Helena,36.0,0.48,0.9,12,6
8063,2018,03/25,14.331.446.643.974.700,Santa Helena,36.0,0.48,0.9,12,6
8064,2019,03/25,15.048.289.996.197.000,Santa Helena,36.0,0.48,0.9,12,6
8065,2020,03/25,14.321.671.822.613.300,Santa Helena,36.0,0.48,0.9,12,6
8066,2021,03/25,14.405.595.283.957.600,Santa Helena,36.0,0.48,0.9,12,6
8067,2022,03/25,13.727.817.540.954.800,Santa Helena,36.0,0.48,0.9,12,6
8068,2023,03/25,15.223.196.896.340.800,Santa Helena,36.0,0.48,0.9,12,6
8069,2024,03/25,14.143.103.357.340.800,Santa Helena,36.0,0.48,0.9,12,6
8070,2015,03/25,14.901.058.435.162.600,São Miguel do Iguaçu,36.0,0.48,0.9,12,6
8071,2016,03/25,11.794.404.272.595.100,São Miguel do Iguaçu,36.0,0.48,0.9,12,6
8072,2017,03/25,1.438.414.009.712.980,São Miguel do Iguaçu,36.0,0.48,0.9,12,6
8073,2018,03/25,13.660.819.818.286.200,São Miguel do Iguaçu,36.0,0.48,0.9,12,6
8074,2019,03/25,14.685.030.435.305.800,São Miguel do Iguaçu,36.0,0.48,0.9,12,6
8075,2020,03/25,13.375.164.582.458.200,São Miguel do Iguaçu,36.0,0.48,0.9,12,6
8076,2021,03/25,13.976.008.876.276.200,São Miguel do Iguaçu,36.0,0.48,0.9,12,6
8077,2022,03/25,1.299.878.818.547.320,São Miguel do Iguaçu,36.0,0.48,0.9,12,6
8078,2023,03/25,14.891.869.154.345.000,São Miguel do Iguaçu,36.0,0.48,0.9,12,6
8079,2024,03/25,13.335.901.866.446.700,São Miguel do Iguaçu,36.0,0.48,0.9,12,6
8080,2015,03/25,13.876.265.039.528.200,São Pedro do Iguaçu,36.0,0.48,0.9,12,6
8081,2016,03/25,6.991.717.576.829.010,São Pedro do Iguaçu,36.0,0.48,0.9,12,6
8082,2017,03/25,13.331.156.160.274.500,São Pedro do Iguaçu,36.0,0.48,0.9,12,6
8083,2018,03/25,12.899.733.771.678.500,São Pedro do Iguaçu,36.0,0.48,0.9,12,6
8084,2019,03/25,13.952.149.721.286.800,São Pedro do Iguaçu,36.0,0.48,0.9,12,6
8085,2020,03/25,12.842.975.320.062.700,São Pedro do Iguaçu,36.0,0.48,0.9,12,6
8086,2021,03/25,13.278.137.697.173.700,São Pedro do Iguaçu,36.0,0.48,0.9,12,6
8087,2022,03/25,11.991.706.854.141.000,São Pedro do Iguaçu,36.0,0.48,0.9,12,6
8088,2023,03/25,1.403.855.342.193.310,São Pedro do Iguaçu,36.0,0.48,0.9,12,6
8089,2024,03/25,13.411.026.633.242.200,São Pedro do Iguaçu,36.0,0.48,0.9,12,6
8090,2015,03/25,14.614.809.437.730.100,Toledo,36.0,0.48,0.9,12,6
8091,2016,03/25,1.015.704.496.481.510,Toledo,36.0,0.48,0.9,12,6
8092,2017,03/25,1.386.444.327.762.690,Toledo,36.0,0.48,0.9,12,6
8093,2018,03/25,13.905.548.034.063.700,Toledo,36.0,0.48,0.9,12,6
8094,2019,03/25,14.589.201.774.648.500,Toledo,36.0,0.48,0.9,12,6
8095,2020,03/25,14.054.135.855.711.800,Toledo,36.0,0.48,0.9,12,6
8096,2021,03/25,1.383.887.865.115.560,Toledo,36.0,0.48,0.9,12,6
8097,2022,03/25,12.710.973.556.078.400,Toledo,36.0,0.48,0.9,12,6
8098,2023,03/25,14.547.170.700.108.000,Toledo,36.0,0.48,0.9,12,6
8099,2024,03/25,14.528.124.238.341.000,Toledo,36.0,0.48,0.9,12,6
8100,2015,03/25,13.800.287.493.046.500,Cascavel,36.0,0.48,0.9,12,7
8101,2016,03/25,7.527.118.089.322.770,Cascavel,36.0,0.48,0.9,12,7
8102,2017,03/25,12.938.756.856.855.300,Cascavel,36.0,0.48,0.9,12,7
8103,2018,03/25,12.529.673.846.199.400,Cascavel,36.0,0.48,0.9,12,7
8104,2019,03/25,13.763.571.211.147.300,Cascavel,36.0,0.48,0.9,12,7
8105,2020,03/25,12.644.321.192.714.000,Cascavel,36.0,0.48,0.9,12,7
8106,2021,03/25,12.721.879.799.916.300,Cascavel,36.0,0.48,0.9,12,7
8107,2022,03/25,11.851.476.936.183.600,Cascavel,36.0,0.48,0.9,12,7
8108,2023,03/25,1.337.107.423.981.280,Cascavel,36.0,0.48,0.9,12,7
8109,2024,03/25,13.695.218.204.838.200,Cascavel,36.0,0.48,0.9,12,7
8110,2015,03/25,14.901.058.435.162.600,Foz do Iguaçu,36.0,0.48,0.9,12,7
8111,2016,03/25,11.794.494.351.912.300,Foz do Iguaçu,36.0,0.48,0.9,12,7
8112,2017,03/25,1.438.415.520.411.020,Foz do Iguaçu,36.0,0.48,0.9,12,7
8113,2018,03/25,13.660.876.867.653.600,Foz do Iguaçu,36.0,0.48,0.9,12,7
8114,2019,03/25,1.468.503.426.031.680,Foz do Iguaçu,36.0,0.48,0.9,12,7
8115,2020,03/25,1.337.521.171.767.530,Foz do Iguaçu,36.0,0.48,0.9,12,7
8116,2021,03/25,13.976.139.813.714.300,Foz do Iguaçu,36.0,0.48,0.9,12,7
8117,2022,03/25,1.299.878.818.547.320,Foz do Iguaçu,36.0,0.48,0.9,12,7
8118,2023,03/25,14.891.903.472.212.000,Foz do Iguaçu,36.0,0.48,0.9,12,7
8119,2024,03/25,13.335.932.382.308.700,Foz do Iguaçu,36.0,0.48,0.9,12,7
8120,2015,03/25,15.402.586.930.655.600,Guaíra,36.0,0.48,0.9,12,7
8121,2016,03/25,12.588.090.727.572.000,Guaíra,36.0,0.48,0.9,12,7
8122,2017,03/25,14.651.488.585.032.400,Guaíra,36.0,0.48,0.9,12,7
8123,2018,03/25,14.568.065.421.453.600,Guaíra,36.0,0.48,0.9,12,7
8124,2019,03/25,15.230.968.466.384.400,Guaíra,36.0,0.48,0.9,12,7
8125,2020,03/25,14.825.720.317.016.500,Guaíra,36.0,0.48,0.9,12,7
8126,2021,03/25,14.252.605.965.783.800,Guaíra,36.0,0.48,0.9,12,7
8127,2022,03/25,13.724.622.845.359.300,Guaíra,36.0,0.48,0.9,12,7
8128,2023,03/25,14.999.838.981.148.900,Guaíra,36.0,0.48,0.9,12,7
8129,2024,03/25,15.089.002.618.214.300,Guaíra,36.0,0.48,0.9,12,7
8130,2015,03/25,15.414.825.774.696.700,Marechal Cândido Rondon,36.0,0.48,0.9,12,7
8131,2016,03/25,12.688.216.769.791.100,Marechal Cândido Rondon,36.0,0.48,0.9,12,7
8132,2017,03/25,1.477.838.171.010.040,Marechal Cândido Rondon,36.0,0.48,0.9,12,7
8133,2018,03/25,14.630.965.858.841.900,Marechal Cândido Rondon,36.0,0.48,0.9,12,7
8134,2019,03/25,15.227.740.803.407.000,Marechal Cândido Rondon,36.0,0.48,0.9,12,7
8135,2020,03/25,14.692.053.049.136.000,Marechal Cândido Rondon,36.0,0.48,0.9,12,7
8136,2021,03/25,14.559.407.308.763.600,Marechal Cândido Rondon,36.0,0.48,0.9,12,7
8137,2022,03/25,13.771.212.051.520.200,Marechal Cândido Rondon,36.0,0.48,0.9,12,7
8138,2023,03/25,15.160.152.351.162.800,Marechal Cândido Rondon,36.0,0.48,0.9,12,7
8139,2024,03/25,14.721.306.325.701.700,Marechal Cândido Rondon,36.0,0.48,0.9,12,7
8140,2015,03/25,1.427.963.966.053.070,Matelândia,36.0,0.48,0.9,12,7
8141,2016,03/25,8.551.231.201.042.750,Matelândia,36.0,0.48,0.9,12,7
8142,2017,03/25,13.817.044.917.446.200,Matelândia,36.0,0.48,0.9,12,7
8143,2018,03/25,12.977.338.799.660.200,Matelândia,36.0,0.48,0.9,12,7
8144,2019,03/25,14.213.571.033.464.500,Matelândia,36.0,0.48,0.9,12,7
8145,2020,03/25,12.940.361.235.798.800,Matelândia,36.0,0.48,0.9,12,7
8146,2021,03/25,13.574.700.789.273.800,Matelândia,36.0,0.48,0.9,12,7
8147,2022,03/25,12.427.168.641.265.800,Matelândia,36.0,0.48,0.9,12,7
8148,2023,03/25,14.320.883.034.736.600,Matelândia,36.0,0.48,0.9,12,7
8149,2024,03/25,13.346.975.482.522.500,Matelândia,36.0,0.48,0.9,12,7
8150,2015,03/25,14.901.058.435.162.600,Medianeira,36.0,0.48,0.9,12,7
8151,2016,03/25,11.794.022.776.109.200,Medianeira,36.0,0.48,0.9,12,7
8152,2017,03/25,14.384.110.672.115.300,Medianeira,36.0,0.48,0.9,12,7
8153,2018,03/25,13.660.541.813.790.700,Medianeira,36.0,0.48,0.9,12,7
8154,2019,03/25,14.684.991.645.656.400,Medianeira,36.0,0.48,0.9,12,7
8155,2020,03/25,13.374.897.216.308.100,Medianeira,36.0,0.48,0.9,12,7
8156,2021,03/25,13.975.147.828.195.800,Medianeira,36.0,0.48,0.9,12,7
8157,2022,03/25,1.299.878.818.547.320,Medianeira,36.0,0.48,0.9,12,7
8158,2023,03/25,14.891.452.448.055.600,Medianeira,36.0,0.48,0.9,12,7
8159,2024,03/25,13.335.804.526.974.000,Medianeira,36.0,0.48,0.9,12,7
8160,2015,03/25,15.367.639.783.644.800,Santa Helena,36.0,0.48,0.9,12,7
8161,2016,03/25,12.643.972.510.696.200,Santa Helena,36.0,0.48,0.9,12,7
8162,2017,03/25,14.767.654.650.599.100,Santa Helena,36.0,0.48,0.9,12,7
8163,2018,03/25,14.331.446.643.974.700,Santa Helena,36.0,0.48,0.9,12,7
8164,2019,03/25,15.048.289.996.197.000,Santa Helena,36.0,0.48,0.9,12,7
8165,2020,03/25,14.321.671.822.613.300,Santa Helena,36.0,0.48,0.9,12,7
8166,2021,03/25,14.405.595.283.957.600,Santa Helena,36.0,0.48,0.9,12,7
8167,2022,03/25,13.727.817.540.954.800,Santa Helena,36.0,0.48,0.9,12,7
8168,2023,03/25,15.223.196.896.340.800,Santa Helena,36.0,0.48,0.9,12,7
8169,2024,03/25,14.143.103.357.340.800,Santa Helena,36.0,0.48,0.9,12,7
8170,2015,03/25,14.901.058.435.162.600,São Miguel do Iguaçu,36.0,0.48,0.9,12,7
8171,2016,03/25,11.794.404.272.595.100,São Miguel do Iguaçu,36.0,0.48,0.9,12,7
8172,2017,03/25,1.438.414.009.712.980,São Miguel do Iguaçu,36.0,0.48,0.9,12,7
8173,2018,03/25,13.660.819.818.286.200,São Miguel do Iguaçu,36.0,0.48,0.9,12,7
8174,2019,03/25,14.685.030.435.305.800,São Miguel do Iguaçu,36.0,0.48,0.9,12,7
8175,2020,03/25,13.375.164.582.458.200,São Miguel do Iguaçu,36.0,0.48,0.9,12,7
8176,2021,03/25,13.976.008.876.276.200,São Miguel do Iguaçu,36.0,0.48,0.9,12,7
8177,2022,03/25,1.299.878.818.547.320,São Miguel do Iguaçu,36.0,0.48,0.9,12,7
8178,2023,03/25,14.891.869.154.345.000,São Miguel do Iguaçu,36.0,0.48,0.9,12,7
8179,2024,03/25,13.335.901.866.446.700,São Miguel do Iguaçu,36.0,0.48,0.9,12,7
8180,2015,03/25,13.876.265.039.528.200,São Pedro do Iguaçu,36.0,0.48,0.9,12,7
8181,2016,03/25,6.991.717.576.829.010,São Pedro do Iguaçu,36.0,0.48,0.9,12,7
8182,2017,03/25,13.331.156.160.274.500,São Pedro do Iguaçu,36.0,0.48,0.9,12,7
8183,2018,03/25,12.899.733.771.678.500,São Pedro do Iguaçu,36.0,0.48,0.9,12,7
8184,2019,03/25,13.952.149.721.286.800,São Pedro do Iguaçu,36.0,0.48,0.9,12,7
8185,2020,03/25,12.842.975.320.062.700,São Pedro do Iguaçu,36.0,0.48,0.9,12,7
8186,2021,03/25,13.278.137.697.173.700,São Pedro do Iguaçu,36.0,0.48,0.9,12,7
8187,2022,03/25,11.991.706.854.141.000,São Pedro do Iguaçu,36.0,0.48,0.9,12,7
8188,2023,03/25,1.403.855.342.193.310,São Pedro do Iguaçu,36.0,0.48,0.9,12,7
8189,2024,03/25,13.411.026.633.242.200,São Pedro do Iguaçu,36.0,0.48,0.9,12,7
8190,2015,03/25,14.614.809.437.730.100,Toledo,36.0,0.48,0.9,12,7
8191,2016,03/25,1.015.704.496.481.510,Toledo,36.0,0.48,0.9,12,7
8192,2017,03/25,1.386.444.327.762.690,Toledo,36.0,0.48,0.9,12,7
8193,2018,03/25,13.905.548.034.063.700,Toledo,36.0,0.48,0.9,12,7
8194,2019,03/25,14.589.201.774.648.500,Toledo,36.0,0.48,0.9,12,7
8195,2020,03/25,14.054.135.855.711.800,Toledo,36.0,0.48,0.9,12,7
8196,2021,03/25,1.383.887.865.115.560,Toledo,36.0,0.48,0.9,12,7
8197,2022,03/25,12.710.973.556.078.400,Toledo,36.0,0.48,0.9,12,7
8198,2023,03/25,14.547.170.700.108.000,Toledo,36.0,0.48,0.9,12,7
8199,2024,03/25,14.528.124.238.341.000,Toledo,36.0,0.48,0.9,12,7
8200,2015,03/25,13.800.287.493.046.500,Cascavel,36.0,0.48,0.9,13,6
8201,2016,03/25,7.527.118.089.322.770,Cascavel,36.0,0.48,0.9,13,6
8202,2017,03/25,12.938.756.856.855.300,Cascavel,36.0,0.48,0.9,13,6
8203,2018,03/25,12.529.673.846.199.400,Cascavel,36.0,0.48,0.9,13,6
8204,2019,03/25,13.763.571.211.147.300,Cascavel,36.0,0.48,0.9,13,6
8205,2020,03/25,12.644.321.192.714.000,Cascavel,36.0,0.48,0.9,13,6
8206,2021,03/25,12.721.879.799.916.300,Cascavel,36.0,0.48,0.9,13,6
8207,2022,03/25,11.851.476.936.183.600,Cascavel,36.0,0.48,0.9,13,6
8208,2023,03/25,1.337.107.423.981.280,Cascavel,36.0,0.48,0.9,13,6
8209,2024,03/25,13.695.218.204.838.200,Cascavel,36.0,0.48,0.9,13,6
8210,2015,03/25,14.901.058.435.162.600,Foz do Iguaçu,36.0,0.48,0.9,13,6
8211,2016,03/25,11.794.494.351.912.300,Foz do Iguaçu,36.0,0.48,0.9,13,6
8212,2017,03/25,1.438.415.520.411.020,Foz do Iguaçu,36.0,0.48,0.9,13,6
8213,2018,03/25,13.660.876.867.653.600,Foz do Iguaçu,36.0,0.48,0.9,13,6
8214,2019,03/25,1.468.503.426.031.680,Foz do Iguaçu,36.0,0.48,0.9,13,6
8215,2020,03/25,1.337.521.171.767.530,Foz do Iguaçu,36.0,0.48,0.9,13,6
8216,2021,03/25,13.976.139.813.714.300,Foz do Iguaçu,36.0,0.48,0.9,13,6
8217,2022,03/25,1.299.878.818.547.320,Foz do Iguaçu,36.0,0.48,0.9,13,6
8218,2023,03/25,14.891.903.472.212.000,Foz do Iguaçu,36.0,0.48,0.9,13,6
8219,2024,03/25,13.335.932.382.308.700,Foz do Iguaçu,36.0,0.48,0.9,13,6
8220,2015,03/25,15.402.586.930.655.600,Guaíra,36.0,0.48,0.9,13,6
8221,2016,03/25,12.588.090.727.572.000,Guaíra,36.0,0.48,0.9,13,6
8222,2017,03/25,14.651.488.585.032.400,Guaíra,36.0,0.48,0.9,13,6
8223,2018,03/25,14.568.065.421.453.600,Guaíra,36.0,0.48,0.9,13,6
8224,2019,03/25,15.230.968.466.384.400,Guaíra,36.0,0.48,0.9,13,6
8225,2020,03/25,14.825.720.317.016.500,Guaíra,36.0,0.48,0.9,13,6
8226,2021,03/25,14.252.605.965.783.800,Guaíra,36.0,0.48,0.9,13,6
8227,2022,03/25,13.724.622.845.359.300,Guaíra,36.0,0.48,0.9,13,6
8228,2023,03/25,14.999.838.981.148.900,Guaíra,36.0,0.48,0.9,13,6
8229,2024,03/25,15.089.002.618.214.300,Guaíra,36.0,0.48,0.9,13,6
8230,2015,03/25,15.414.825.774.696.700,Marechal Cândido Rondon,36.0,0.48,0.9,13,6
8231,2016,03/25,12.688.216.769.791.100,Marechal Cândido Rondon,36.0,0.48,0.9,13,6
8232,2017,03/25,1.477.838.171.010.040,Marechal Cândido Rondon,36.0,0.48,0.9,13,6
8233,2018,03/25,14.630.965.858.841.900,Marechal Cândido Rondon,36.0,0.48,0.9,13,6
8234,2019,03/25,15.227.740.803.407.000,Marechal Cândido Rondon,36.0,0.48,0.9,13,6
8235,2020,03/25,14.692.053.049.136.000,Marechal Cândido Rondon,36.0,0.48,0.9,13,6
8236,2021,03/25,14.559.407.308.763.600,Marechal Cândido Rondon,36.0,0.48,0.9,13,6
8237,2022,03/25,13.771.212.051.520.200,Marechal Cândido Rondon,36.0,0.48,0.9,13,6
8238,2023,03/25,15.160.152.351.162.800,Marechal Cândido Rondon,36.0,0.48,0.9,13,6
8239,2024,03/25,14.721.306.325.701.700,Marechal Cândido Rondon,36.0,0.48,0.9,13,6
8240,2015,03/25,1.427.963.966.053.070,Matelândia,36.0,0.48,0.9,13,6
8241,2016,03/25,8.551.231.201.042.750,Matelândia,36.0,0.48,0.9,13,6
8242,2017,03/25,13.817.044.917.446.200,Matelândia,36.0,0.48,0.9,13,6
8243,2018,03/25,12.977.338.799.660.200,Matelândia,36.0,0.48,0.9,13,6
8244,2019,03/25,14.213.571.033.464.500,Matelândia,36.0,0.48,0.9,13,6
8245,2020,03/25,12.940.361.235.798.800,Matelândia,36.0,0.48,0.9,13,6
8246,2021,03/25,13.574.700.789.273.800,Matelândia,36.0,0.48,0.9,13,6
8247,2022,03/25,12.427.168.641.265.800,Matelândia,36.0,0.48,0.9,13,6
8248,2023,03/25,14.320.883.034.736.600,Matelândia,36.0,0.48,0.9,13,6
8249,2024,03/25,13.346.975.482.522.500,Matelândia,36.0,0.48,0.9,13,6
8250,2015,03/25,14.901.058.435.162.600,Medianeira,36.0,0.48,0.9,13,6
8251,2016,03/25,11.794.022.776.109.200,Medianeira,36.0,0.48,0.9,13,6
8252,2017,03/25,14.384.110.672.115.300,Medianeira,36.0,0.48,0.9,13,6
8253,2018,03/25,13.660.541.813.790.700,Medianeira,36.0,0.48,0.9,13,6
8254,2019,03/25,14.684.991.645.656.400,Medianeira,36.0,0.48,0.9,13,6
8255,2020,03/25,13.374.897.216.308.100,Medianeira,36.0,0.48,0.9,13,6
8256,2021,03/25,13.975.147.828.195.800,Medianeira,36.0,0.48,0.9,13,6
8257,2022,03/25,1.299.878.818.547.320,Medianeira,36.0,0.48,0.9,13,6
8258,2023,03/25,14.891.452.448.055.600,Medianeira,36.0,0.48,0.9,13,6
8259,2024,03/25,13.335.804.526.974.000,Medianeira,36.0,0.48,0.9,13,6
8260,2015,03/25,15.367.639.783.644.800,Santa Helena,36.0,0.48,0.9,13,6
8261,2016,03/25,12.643.972.510.696.200,Santa Helena,36.0,0.48,0.9,13,6
8262,2017,03/25,14.767.654.650.599.100,Santa Helena,36.0,0.48,0.9,13,6
8263,2018,03/25,14.331.446.643.974.700,Santa Helena,36.0,0.48,0.9,13,6
8264,2019,03/25,15.048.289.996.197.000,Santa Helena,36.0,0.48,0.9,13,6
8265,2020,03/25,14.321.671.822.613.300,Santa Helena,36.0,0.48,0.9,13,6
8266,2021,03/25,14.405.595.283.957.600,Santa Helena,36.0,0.48,0.9,13,6
8267,2022,03/25,13.727.817.540.954.800,Santa Helena,36.0,0.48,0.9,13,6
8268,2023,03/25,15.223.196.896.340.800,Santa Helena,36.0,0.48,0.9,13,6
8269,2024,03/25,14.143.103.357.340.800,Santa Helena,36.0,0.48,0.9,13,6
8270,2015,03/25,14.901.058.435.162.600,São Miguel do Iguaçu,36.0,0.48,0.9,13,6
8271,2016,03/25,11.794.404.272.595.100,São Miguel do Iguaçu,36.0,0.48,0.9,13,6
8272,2017,03/25,1.438.414.009.712.980,São Miguel do Iguaçu,36.0,0.48,0.9,13,6
8273,2018,03/25,13.660.819.818.286.200,São Miguel do Iguaçu,36.0,0.48,0.9,13,6
8274,2019,03/25,14.685.030.435.305.800,São Miguel do Iguaçu,36.0,0.48,0.9,13,6
8275,2020,03/25,13.375.164.582.458.200,São Miguel do Iguaçu,36.0,0.48,0.9,13,6
8276,2021,03/25,13.976.008.876.276.200,São Miguel do Iguaçu,36.0,0.48,0.9,13,6
8277,2022,03/25,1.299.878.818.547.320,São Miguel do Iguaçu,36.0,0.48,0.9,13,6
8278,2023,03/25,14.891.869.154.345.000,São Miguel do Iguaçu,36.0,0.48,0.9,13,6
8279,2024,03/25,13.335.901.866.446.700,São Miguel do Iguaçu,36.0,0.48,0.9,13,6
8280,2015,03/25,13.876.265.039.528.200,São Pedro do Iguaçu,36.0,0.48,0.9,13,6
8281,2016,03/25,6.991.717.576.829.010,São Pedro do Iguaçu,36.0,0.48,0.9,13,6
8282,2017,03/25,13.331.156.160.274.500,São Pedro do Iguaçu,36.0,0.48,0.9,13,6
8283,2018,03/25,12.899.733.771.678.500,São Pedro do Iguaçu,36.0,0.48,0.9,13,6
8284,2019,03/25,13.952.149.721.286.800,São Pedro do Iguaçu,36.0,0.48,0.9,13,6
8285,2020,03/25,12.842.975.320.062.700,São Pedro do Iguaçu,36.0,0.48,0.9,13,6
8286,2021,03/25,13.278.137.697.173.700,São Pedro do Iguaçu,36.0,0.48,0.9,13,6
8287,2022,03/25,11.991.706.854.141.000,São Pedro do Iguaçu,36.0,0.48,0.9,13,6
8288,2023,03/25,1.403.855.342.193.310,São Pedro do Iguaçu,36.0,0.48,0.9,13,6
8289,2024,03/25,13.411.026.633.242.200,São Pedro do Iguaçu,36.0,0.48,0.9,13,6
8290,2015,03/25,14.614.809.437.730.100,Toledo,36.0,0.48,0.9,13,6
8291,2016,03/25,1.015.704.496.481.510,Toledo,36.0,0.48,0.9,13,6
8292,2017,03/25,1.386.444.327.762.690,Toledo,36.0,0.48,0.9,13,6
8293,2018,03/25,13.905.548.034.063.700,Toledo,36.0,0.48,0.9,13,6
8294,2019,03/25,14.589.201.774.648.500,Toledo,36.0,0.48,0.9,13,6
8295,2020,03/25,14.054.135.855.711.800,Toledo,36.0,0.48,0.9,13,6
8296,2021,03/25,1.383.887.865.115.560,Toledo,36.0,0.48,0.9,13,6
8297,2022,03/25,12.710.973.556.078.400,Toledo,36.0,0.48,0.9,13,6
8298,2023,03/25,14.547.170.700.108.000,Toledo,36.0,0.48,0.9,13,6
8299,2024,03/25,14.528.124.238.341.000,Toledo,36.0,0.48,0.9,13,6
8300,2015,03/25,13.800.287.493.046.500,Cascavel,36.0,0.48,0.9,13,7
8301,2016,03/25,7.527.118.089.322.770,Cascavel,36.0,0.48,0.9,13,7
8302,2017,03/25,12.938.756.856.855.300,Cascavel,36.0,0.48,0.9,13,7
8303,2018,03/25,12.529.673.846.199.400,Cascavel,36.0,0.48,0.9,13,7
8304,2019,03/25,13.763.571.211.147.300,Cascavel,36.0,0.48,0.9,13,7
8305,2020,03/25,12.644.321.192.714.000,Cascavel,36.0,0.48,0.9,13,7
8306,2021,03/25,12.721.879.799.916.300,Cascavel,36.0,0.48,0.9,13,7
8307,2022,03/25,11.851.476.936.183.600,Cascavel,36.0,0.48,0.9,13,7
8308,2023,03/25,1.337.107.423.981.280,Cascavel,36.0,0.48,0.9,13,7
8309,2024,03/25,13.695.218.204.838.200,Cascavel,36.0,0.48,0.9,13,7
8310,2015,03/25,14.901.058.435.162.600,Foz do Iguaçu,36.0,0.48,0.9,13,7
8311,2016,03/25,11.794.494.351.912.300,Foz do Iguaçu,36.0,0.48,0.9,13,7
8312,2017,03/25,1.438.415.520.411.020,Foz do Iguaçu,36.0,0.48,0.9,13,7
8313,2018,03/25,13.660.876.867.653.600,Foz do Iguaçu,36.0,0.48,0.9,13,7
8314,2019,03/25,1.468.503.426.031.680,Foz do Iguaçu,36.0,0.48,0.9,13,7
8315,2020,03/25,1.337.521.171.767.530,Foz do Iguaçu,36.0,0.48,0.9,13,7
8316,2021,03/25,13.976.139.813.714.300,Foz do Iguaçu,36.0,0.48,0.9,13,7
8317,2022,03/25,1.299.878.818.547.320,Foz do Iguaçu,36.0,0.48,0.9,13,7
8318,2023,03/25,14.891.903.472.212.000,Foz do Iguaçu,36.0,0.48,0.9,13,7
8319,2024,03/25,13.335.932.382.308.700,Foz do Iguaçu,36.0,0.48,0.9,13,7
8320,2015,03/25,15.402.586.930.655.600,Guaíra,36.0,0.48,0.9,13,7
8321,2016,03/25,12.588.090.727.572.000,Guaíra,36.0,0.48,0.9,13,7
8322,2017,03/25,14.651.488.585.032.400,Guaíra,36.0,0.48,0.9,13,7
8323,2018,03/25,14.568.065.421.453.600,Guaíra,36.0,0.48,0.9,13,7
8324,2019,03/25,15.230.968.466.384.400,Guaíra,36.0,0.48,0.9,13,7
8325,2020,03/25,14.825.720.317.016.500,Guaíra,36.0,0.48,0.9,13,7
8326,2021,03/25,14.252.605.965.783.800,Guaíra,36.0,0.48,0.9,13,7
8327,2022,03/25,13.724.622.845.359.300,Guaíra,36.0,0.48,0.9,13,7
8328,2023,03/25,14.999.838.981.148.900,Guaíra,36.0,0.48,0.9,13,7
8329,2024,03/25,15.089.002.618.214.300,Guaíra,36.0,0.48,0.9,13,7
8330,2015,03/25,15.414.825.774.696.700,Marechal Cândido Rondon,36.0,0.48,0.9,13,7
8331,2016,03/25,12.688.216.769.791.100,Marechal Cândido Rondon,36.0,0.48,0.9,13,7
8332,2017,03/25,1.477.838.171.010.040,Marechal Cândido Rondon,36.0,0.48,0.9,13,7
8333,2018,03/25,14.630.965.858.841.900,Marechal Cândido Rondon,36.0,0.48,0.9,13,7
8334,2019,03/25,15.227.740.803.407.000,Marechal Cândido Rondon,36.0,0.48,0.9,13,7
8335,2020,03/25,14.692.053.049.136.000,Marechal Cândido Rondon,36.0,0.48,0.9,13,7
8336,2021,03/25,14.559.407.308.763.600,Marechal Cândido Rondon,36.0,0.48,0.9,13,7
8337,2022,03/25,13.771.212.051.520.200,Marechal Cândido Rondon,36.0,0.48,0.9,13,7
8338,2023,03/25,15.160.152.351.162.800,Marechal Cândido Rondon,36.0,0.48,0.9,13,7
8339,2024,03/25,14.721.306.325.701.700,Marechal Cândido Rondon,36.0,0.48,0.9,13,7
8340,2015,03/25,1.427.963.966.053.070,Matelândia,36.0,0.48,0.9,13,7
8341,2016,03/25,8.551.231.201.042.750,Matelândia,36.0,0.48,0.9,13,7
8342,2017,03/25,13.817.044.917.446.200,Matelândia,36.0,0.48,0.9,13,7
8343,2018,03/25,12.977.338.799.660.200,Matelândia,36.0,0.48,0.9,13,7
8344,2019,03/25,14.213.571.033.464.500,Matelândia,36.0,0.48,0.9,13,7
8345,2020,03/25,12.940.361.235.798.800,Matelândia,36.0,0.48,0.9,13,7
8346,2021,03/25,13.574.700.789.273.800,Matelândia,36.0,0.48,0.9,13,7
8347,2022,03/25,12.427.168.641.265.800,Matelândia,36.0,0.48,0.9,13,7
8348,2023,03/25,14.320.883.034.736.600,Matelândia,36.0,0.48,0.9,13,7
8349,2024,03/25,13.346.975.482.522.500,Matelândia,36.0,0.48,0.9,13,7
8350,2015,03/25,14.901.058.435.162.600,Medianeira,36.0,0.48,0.9,13,7
8351,2016,03/25,11.794.022.776.109.200,Medianeira,36.0,0.48,0.9,13,7
8352,2017,03/25,14.384.110.672.115.300,Medianeira,36.0,0.48,0.9,13,7
8353,2018,03/25,13.660.541.813.790.700,Medianeira,36.0,0.48,0.9,13,7
8354,2019,03/25,14.684.991.645.656.400,Medianeira,36.0,0.48,0.9,13,7
8355,2020,03/25,13.374.897.216.308.100,Medianeira,36.0,0.48,0.9,13,7
8356,2021,03/25,13.975.147.828.195.800,Medianeira,36.0,0.48,0.9,13,7
8357,2022,03/25,1.299.878.818.547.320,Medianeira,36.0,0.48,0.9,13,7
8358,2023,03/25,14.891.452.448.055.600,Medianeira,36.0,0.48,0.9,13,7
8359,2024,03/25,13.335.804.526.974.000,Medianeira,36.0,0.48,0.9,13,7
8360,2015,03/25,15.367.639.783.644.800,Santa Helena,36.0,0.48,0.9,13,7
8361,2016,03/25,12.643.972.510.696.200,Santa Helena,36.0,0.48,0.9,13,7
8362,2017,03/25,14.767.654.650.599.100,Santa Helena,36.0,0.48,0.9,13,7
8363,2018,03/25,14.331.446.643.974.700,Santa Helena,36.0,0.48,0.9,13,7
8364,2019,03/25,15.048.289.996.197.000,Santa Helena,36.0,0.48,0.9,13,7
8365,2020,03/25,14.321.671.822.613.300,Santa Helena,36.0,0.48,0.9,13,7
8366,2021,03/25,14.405.595.283.957.600,Santa Helena,36.0,0.48,0.9,13,7
8367,2022,03/25,13.727.817.540.954.800,Santa Helena,36.0,0.48,0.9,13,7
8368,2023,03/25,15.223.196.896.340.800,Santa Helena,36.0,0.48,0.9,13,7
8369,2024,03/25,14.143.103.357.340.800,Santa Helena,36.0,0.48,0.9,13,7
8370,2015,03/25,14.901.058.435.162.600,São Miguel do Iguaçu,36.0,0.48,0.9,13,7
8371,2016,03/25,11.794.404.272.595.100,São Miguel do Iguaçu,36.0,0.48,0.9,13,7
8372,2017,03/25,1.438.414.009.712.980,São Miguel do Iguaçu,36.0,0.48,0.9,13,7
8373,2018,03/25,13.660.819.818.286.200,São Miguel do Iguaçu,36.0,0.48,0.9,13,7
8374,2019,03/25,14.685.030.435.305.800,São Miguel do Iguaçu,36.0,0.48,0.9,13,7
8375,2020,03/25,13.375.164.582.458.200,São Miguel do Iguaçu,36.0,0.48,0.9,13,7
8376,2021,03/25,13.976.008.876.276.200,São Miguel do Iguaçu,36.0,0.48,0.9,13,7
8377,2022,03/25,1.299.878.818.547.320,São Miguel do Iguaçu,36.0,0.48,0.9,13,7
8378,2023,03/25,14.891.869.154.345.000,São Miguel do Iguaçu,36.0,0.48,0.9,13,7
8379,2024,03/25,13.335.901.866.446.700,São Miguel do Iguaçu,36.0,0.48,0.9,13,7
8380,2015,03/25,13.876.265.039.528.200,São Pedro do Iguaçu,36.0,0.48,0.9,13,7
8381,2016,03/25,6.991.717.576.829.010,São Pedro do Iguaçu,36.0,0.48,0.9,13,7
8382,2017,03/25,13.331.156.160.274.500,São Pedro do Iguaçu,36.0,0.48,0.9,13,7
8383,2018,03/25,12.899.733.771.678.500,São Pedro do Iguaçu,36.0,0.48,0.9,13,7
8384,2019,03/25,13.952.149.721.286.800,São Pedro do Iguaçu,36.0,0.48,0.9,13,7
8385,2020,03/25,12.842.975.320.062.700,São Pedro do Iguaçu,36.0,0.48,0.9,13,7
8386,2021,03/25,13.278.137.697.173.700,São Pedro do Iguaçu,36.0,0.48,0.9,13,7
8387,2022,03/25,11.991.706.854.141.000,São Pedro do Iguaçu,36.0,0.48,0.9,13,7
8388,2023,03/25,1.403.855.342.193.310,São Pedro do Iguaçu,36.0,0.48,0.9,13,7
8389,2024,03/25,13.411.026.633.242.200,São Pedro do Iguaçu,36.0,0.48,0.9,13,7
8390,2015,03/25,14.614.809.437.730.100,Toledo,36.0,0.48,0.9,13,7
8391,2016,03/25,1.015.704.496.481.510,Toledo,36.0,0.48,0.9,13,7
8392,2017,03/25,1.386.444.327.762.690,Toledo,36.0,0.48,0.9,13,7
8393,2018,03/25,13.905.548.034.063.700,Toledo,36.0,0.48,0.9,13,7
8394,2019,03/25,14.589.201.774.648.500,Toledo,36.0,0.48,0.9,13,7
8395,2020,03/25,14.054.135.855.711.800,Toledo,36.0,0.48,0.9,13,7
8396,2021,03/25,1.383.887.865.115.560,Toledo,36.0,0.48,0.9,13,7
8397,2022,03/25,12.710.973.556.078.400,Toledo,36.0,0.48,0.9,13,7
8398,2023,03/25,14.547.170.700.108.000,Toledo,36.0,0.48,0.9,13,7
8399,2024,03/25,14.528.124.238.341.000,Toledo,36.0,0.48,0.9,13,7
8400,2015,03/25,14.231.362.344.648.500,Cascavel,36.0,0.48,0.95,12,6
8401,2016,03/25,7.764.323.914.772.860,Cascavel,36.0,0.48,0.95,12,6
8402,2017,03/25,13.350.255.795.041.100,Cascavel,36.0,0.48,0.95,12,6
8403,2018,03/25,12.912.624.428.502.500,Cascavel,36.0,0.48,0.95,12,6
8404,2019,03/25,1.419.547.394.280.330,Cascavel,36.0,0.48,0.95,12,6
8405,2020,03/25,13.035.260.592.179.300,Cascavel,36.0,0.48,0.95,12,6
8406,2021,03/25,13.102.772.406.743.200,Cascavel,36.0,0.48,0.95,12,6
8407,2022,03/25,12.214.672.623.428.900,Cascavel,36.0,0.48,0.95,12,6
8408,2023,03/25,13.794.212.403.716.000,Cascavel,36.0,0.48,0.95,12,6
8409,2024,03/25,1.412.679.954.115.270,Cascavel,36.0,0.48,0.95,12,6
8410,2015,03/25,15.369.934.837.111.500,Foz do Iguaçu,36.0,0.48,0.95,12,6
8411,2016,03/25,1.216.886.724.922.950,Foz do Iguaçu,36.0,0.48,0.95,12,6
8412,2017,03/25,14.840.675.211.135.900,Foz do Iguaçu,36.0,0.48,0.95,12,6
8413,2018,03/25,14.083.662.255.214.100,Foz do Iguaçu,36.0,0.48,0.95,12,6
8414,2019,03/25,15.144.864.057.929.000,Foz do Iguaçu,36.0,0.48,0.95,12,6
8415,2020,03/25,13.789.618.167.993.900,Foz do Iguaçu,36.0,0.48,0.95,12,6
8416,2021,03/25,14.399.451.800.678.000,Foz do Iguaçu,36.0,0.48,0.95,12,6
8417,2022,03/25,13.401.310.899.082.700,Foz do Iguaçu,36.0,0.48,0.95,12,6
8418,2023,03/25,15.362.416.343.171.000,Foz do Iguaçu,36.0,0.48,0.95,12,6
8419,2024,03/25,13.758.085.215.871.600,Foz do Iguaçu,36.0,0.48,0.95,12,6
8420,2015,03/25,15.888.854.795.007.000,Guaíra,36.0,0.48,0.95,12,6
8421,2016,03/25,12.988.294.986.847.200,Guaíra,36.0,0.48,0.95,12,6
8422,2017,03/25,15.115.956.722.891.800,Guaíra,36.0,0.48,0.95,12,6
8423,2018,03/25,15.024.158.429.685.800,Guaíra,36.0,0.48,0.95,12,6
8424,2019,03/25,1.571.118.767.777.310,Guaíra,36.0,0.48,0.95,12,6
8425,2020,03/25,15.289.962.241.708.000,Guaíra,36.0,0.48,0.95,12,6
8426,2021,03/25,14.686.579.502.503.200,Guaíra,36.0,0.48,0.95,12,6
8427,2022,03/25,14.153.012.825.192.400,Guaíra,36.0,0.48,0.95,12,6
8428,2023,03/25,15.474.879.913.282.000,Guaíra,36.0,0.48,0.95,12,6
8429,2024,03/25,1.556.683.031.845.530,Guaíra,36.0,0.48,0.95,12,6
8430,2015,03/25,15.901.233.286.913.100,Marechal Cândido Rondon,36.0,0.48,0.95,12,6
8431,2016,03/25,1.309.082.107.533.690,Marechal Cândido Rondon,36.0,0.48,0.95,12,6
8432,2017,03/25,15.246.383.779.498.600,Marechal Cândido Rondon,36.0,0.48,0.95,12,6
8433,2018,03/25,15.087.493.545.341.200,Marechal Cândido Rondon,36.0,0.48,0.95,12,6
8434,2019,03/25,15.707.341.908.520.400,Marechal Cândido Rondon,36.0,0.48,0.95,12,6
8435,2020,03/25,1.515.200.691.512.780,Marechal Cândido Rondon,36.0,0.48,0.95,12,6
8436,2021,03/25,15.002.765.566.941.800,Marechal Cândido Rondon,36.0,0.48,0.95,12,6
8437,2022,03/25,1.420.165.025.920.430,Marechal Cândido Rondon,36.0,0.48,0.95,12,6
8438,2023,03/25,15.640.205.091.668.000,Marechal Cândido Rondon,36.0,0.48,0.95,12,6
8439,2024,03/25,15.187.757.659.713.900,Marechal Cândido Rondon,36.0,0.48,0.95,12,6
8440,2015,03/25,14.727.901.471.888.400,Matelândia,36.0,0.48,0.95,12,6
8441,2016,03/25,8.822.298.156.665.940,Matelândia,36.0,0.48,0.95,12,6
8442,2017,03/25,14.256.967.875.144.200,Matelândia,36.0,0.48,0.95,12,6
8443,2018,03/25,13.376.141.074.079.300,Matelândia,36.0,0.48,0.95,12,6
8444,2019,03/25,14.658.721.872.445.900,Matelândia,36.0,0.48,0.95,12,6
8445,2020,03/25,13.341.092.342.010.600,Matelândia,36.0,0.48,0.95,12,6
8446,2021,03/25,13.984.055.932.712.000,Matelândia,36.0,0.48,0.95,12,6
8447,2022,03/25,1.280.986.336.429.800,Matelândia,36.0,0.48,0.95,12,6
8448,2023,03/25,14.773.321.811.368.200,Matelândia,36.0,0.48,0.95,12,6
8449,2024,03/25,13.768.827.850.419.500,Matelândia,36.0,0.48,0.95,12,6
8450,2015,03/25,15.369.934.837.111.500,Medianeira,36.0,0.48,0.95,12,6
8451,2016,03/25,12.168.384.322.551.900,Medianeira,36.0,0.48,0.95,12,6
8452,2017,03/25,14.840.629.288.119.700,Medianeira,36.0,0.48,0.95,12,6
8453,2018,03/25,14.083.299.243.839.900,Medianeira,36.0,0.48,0.95,12,6
8454,2019,03/25,15.144.819.949.890.700,Medianeira,36.0,0.48,0.95,12,6
8455,2020,03/25,13.789.298.118.720.000,Medianeira,36.0,0.48,0.95,12,6
8456,2021,03/25,1.439.841.491.650.090,Medianeira,36.0,0.48,0.95,12,6
8457,2022,03/25,13.401.310.899.082.700,Medianeira,36.0,0.48,0.95,12,6
8458,2023,03/25,15.361.950.103.222.300,Medianeira,36.0,0.48,0.95,12,6
8459,2024,03/25,13.757.953.130.251.000,Medianeira,36.0,0.48,0.95,12,6
8460,2015,03/25,15.852.571.725.354.500,Santa Helena,36.0,0.48,0.95,12,6
8461,2016,03/25,13.044.867.863.412.700,Santa Helena,36.0,0.48,0.95,12,6
8462,2017,03/25,15.235.035.406.387.700,Santa Helena,36.0,0.48,0.95,12,6
8463,2018,03/25,14.777.271.504.734.700,Santa Helena,36.0,0.48,0.95,12,6
8464,2019,03/25,15.521.245.789.764.900,Santa Helena,36.0,0.48,0.95,12,6
8465,2020,03/25,14.768.077.959.235.900,Santa Helena,36.0,0.48,0.95,12,6
8466,2021,03/25,14.843.210.940.843.400,Santa Helena,36.0,0.48,0.95,12,6
8467,2022,03/25,14.155.819.664.927.300,Santa Helena,36.0,0.48,0.95,12,6
8468,2023,03/25,15.704.815.830.801.300,Santa Helena,36.0,0.48,0.95,12,6
8469,2024,03/25,14.590.837.901.501.000,Santa Helena,36.0,0.48,0.95,12,6
8470,2015,03/25,15.369.934.837.111.500,São Miguel do Iguaçu,36.0,0.48,0.95,12,6
8471,2016,03/25,12.168.775.026.975.900,São Miguel do Iguaçu,36.0,0.48,0.95,12,6
8472,2017,03/25,14.840.659.632.257.300,São Miguel do Iguaçu,36.0,0.48,0.95,12,6
8473,2018,03/25,1.408.360.230.444.290,São Miguel do Iguaçu,36.0,0.48,0.95,12,6
8474,2019,03/25,15.144.860.098.868.400,São Miguel do Iguaçu,36.0,0.48,0.95,12,6
8475,2020,03/25,13.789.580.444.112.700,São Miguel do Iguaçu,36.0,0.48,0.95,12,6
8476,2021,03/25,14.399.311.275.191.100,São Miguel do Iguaçu,36.0,0.48,0.95,12,6
8477,2022,03/25,13.401.310.899.082.700,São Miguel do Iguaçu,36.0,0.48,0.95,12,6
8478,2023,03/25,15.362.380.867.978.000,São Miguel do Iguaçu,36.0,0.48,0.95,12,6
8479,2024,03/25,13.758.053.689.974.000,São Miguel do Iguaçu,36.0,0.48,0.95,12,6
8480,2015,03/25,14.310.739.045.557.800,São Pedro do Iguaçu,36.0,0.48,0.95,12,6
8481,2016,03/25,7.212.873.847.065.520,São Pedro do Iguaçu,36.0,0.48,0.95,12,6
8482,2017,03/25,1.375.582.374.915.740,São Pedro do Iguaçu,36.0,0.48,0.95,12,6
8483,2018,03/25,1.329.414.545.746.350,São Pedro do Iguaçu,36.0,0.48,0.95,12,6
8484,2019,03/25,14.388.369.156.922.600,São Pedro do Iguaçu,36.0,0.48,0.95,12,6
8485,2020,03/25,13.239.368.369.262.400,São Pedro do Iguaçu,36.0,0.48,0.95,12,6
8486,2021,03/25,13.677.946.572.876.400,São Pedro do Iguaçu,36.0,0.48,0.95,12,6
8487,2022,03/25,12.360.383.175.698.300,São Pedro do Iguaçu,36.0,0.48,0.95,12,6
8488,2023,03/25,14.483.223.950.320.600,São Pedro do Iguaçu,36.0,0.48,0.95,12,6
8489,2024,03/25,13.834.466.343.013.300,São Pedro do Iguaçu,36.0,0.48,0.95,12,6
8490,2015,03/25,15.073.754.101.999.500,Toledo,36.0,0.48,0.95,12,6
8491,2016,03/25,10.478.728.812.764.500,Toledo,36.0,0.48,0.95,12,6
8492,2017,03/25,14.304.963.286.680.000,Toledo,36.0,0.48,0.95,12,6
8493,2018,03/25,14.338.083.218.055.700,Toledo,36.0,0.48,0.95,12,6
8494,2019,03/25,15.048.366.641.598.400,Toledo,36.0,0.48,0.95,12,6
8495,2020,03/25,14.492.324.280.406.700,Toledo,36.0,0.48,0.95,12,6
8496,2021,03/25,14.256.713.189.067.400,Toledo,36.0,0.48,0.95,12,6
8497,2022,03/25,13.104.641.267.798.900,Toledo,36.0,0.48,0.95,12,6
8498,2023,03/25,15.008.296.778.184.600,Toledo,36.0,0.48,0.95,12,6
8499,2024,03/25,14.987.654.795.522.400,Toledo,36.0,0.48,0.95,12,6
8500,2015,03/25,14.231.362.344.648.500,Cascavel,36.0,0.48,0.95,12,7
8501,2016,03/25,7.764.323.914.772.860,Cascavel,36.0,0.48,0.95,12,7
8502,2017,03/25,13.350.255.795.041.100,Cascavel,36.0,0.48,0.95,12,7
8503,2018,03/25,12.912.624.428.502.500,Cascavel,36.0,0.48,0.95,12,7
8504,2019,03/25,1.419.547.394.280.330,Cascavel,36.0,0.48,0.95,12,7
8505,2020,03/25,13.035.260.592.179.300,Cascavel,36.0,0.48,0.95,12,7
8506,2021,03/25,13.102.772.406.743.200,Cascavel,36.0,0.48,0.95,12,7
8507,2022,03/25,12.214.672.623.428.900,Cascavel,36.0,0.48,0.95,12,7
8508,2023,03/25,13.794.212.403.716.000,Cascavel,36.0,0.48,0.95,12,7
8509,2024,03/25,1.412.679.954.115.270,Cascavel,36.0,0.48,0.95,12,7
8510,2015,03/25,15.369.934.837.111.500,Foz do Iguaçu,36.0,0.48,0.95,12,7
8511,2016,03/25,1.216.886.724.922.950,Foz do Iguaçu,36.0,0.48,0.95,12,7
8512,2017,03/25,14.840.675.211.135.900,Foz do Iguaçu,36.0,0.48,0.95,12,7
8513,2018,03/25,14.083.662.255.214.100,Foz do Iguaçu,36.0,0.48,0.95,12,7
8514,2019,03/25,15.144.864.057.929.000,Foz do Iguaçu,36.0,0.48,0.95,12,7
8515,2020,03/25,13.789.618.167.993.900,Foz do Iguaçu,36.0,0.48,0.95,12,7
8516,2021,03/25,14.399.451.800.678.000,Foz do Iguaçu,36.0,0.48,0.95,12,7
8517,2022,03/25,13.401.310.899.082.700,Foz do Iguaçu,36.0,0.48,0.95,12,7
8518,2023,03/25,15.362.416.343.171.000,Foz do Iguaçu,36.0,0.48,0.95,12,7
8519,2024,03/25,13.758.085.215.871.600,Foz do Iguaçu,36.0,0.48,0.95,12,7
8520,2015,03/25,15.888.854.795.007.000,Guaíra,36.0,0.48,0.95,12,7
8521,2016,03/25,12.988.294.986.847.200,Guaíra,36.0,0.48,0.95,12,7
8522,2017,03/25,15.115.956.722.891.800,Guaíra,36.0,0.48,0.95,12,7
8523,2018,03/25,15.024.158.429.685.800,Guaíra,36.0,0.48,0.95,12,7
8524,2019,03/25,1.571.118.767.777.310,Guaíra,36.0,0.48,0.95,12,7
8525,2020,03/25,15.289.962.241.708.000,Guaíra,36.0,0.48,0.95,12,7
8526,2021,03/25,14.686.579.502.503.200,Guaíra,36.0,0.48,0.95,12,7
8527,2022,03/25,14.153.012.825.192.400,Guaíra,36.0,0.48,0.95,12,7
8528,2023,03/25,15.474.879.913.282.000,Guaíra,36.0,0.48,0.95,12,7
8529,2024,03/25,1.556.683.031.845.530,Guaíra,36.0,0.48,0.95,12,7
8530,2015,03/25,15.901.233.286.913.100,Marechal Cândido Rondon,36.0,0.48,0.95,12,7
8531,2016,03/25,1.309.082.107.533.690,Marechal Cândido Rondon,36.0,0.48,0.95,12,7
8532,2017,03/25,15.246.383.779.498.600,Marechal Cândido Rondon,36.0,0.48,0.95,12,7
8533,2018,03/25,15.087.493.545.341.200,Marechal Cândido Rondon,36.0,0.48,0.95,12,7
8534,2019,03/25,15.707.341.908.520.400,Marechal Cândido Rondon,36.0,0.48,0.95,12,7
8535,2020,03/25,1.515.200.691.512.780,Marechal Cândido Rondon,36.0,0.48,0.95,12,7
8536,2021,03/25,15.002.765.566.941.800,Marechal Cândido Rondon,36.0,0.48,0.95,12,7
8537,2022,03/25,1.420.165.025.920.430,Marechal Cândido Rondon,36.0,0.48,0.95,12,7
8538,2023,03/25,15.640.205.091.668.000,Marechal Cândido Rondon,36.0,0.48,0.95,12,7
8539,2024,03/25,15.187.757.659.713.900,Marechal Cândido Rondon,36.0,0.48,0.95,12,7
8540,2015,03/25,14.727.901.471.888.400,Matelândia,36.0,0.48,0.95,12,7
8541,2016,03/25,8.822.298.156.665.940,Matelândia,36.0,0.48,0.95,12,7
8542,2017,03/25,14.256.967.875.144.200,Matelândia,36.0,0.48,0.95,12,7
8543,2018,03/25,13.376.141.074.079.300,Matelândia,36.0,0.48,0.95,12,7
8544,2019,03/25,14.658.721.872.445.900,Matelândia,36.0,0.48,0.95,12,7
8545,2020,03/25,13.341.092.342.010.600,Matelândia,36.0,0.48,0.95,12,7
8546,2021,03/25,13.984.055.932.712.000,Matelândia,36.0,0.48,0.95,12,7
8547,2022,03/25,1.280.986.336.429.800,Matelândia,36.0,0.48,0.95,12,7
8548,2023,03/25,14.773.321.811.368.200,Matelândia,36.0,0.48,0.95,12,7
8549,2024,03/25,13.768.827.850.419.500,Matelândia,36.0,0.48,0.95,12,7
8550,2015,03/25,15.369.934.837.111.500,Medianeira,36.0,0.48,0.95,12,7
8551,2016,03/25,12.168.384.322.551.900,Medianeira,36.0,0.48,0.95,12,7
8552,2017,03/25,14.840.629.288.119.700,Medianeira,36.0,0.48,0.95,12,7
8553,2018,03/25,14.083.299.243.839.900,Medianeira,36.0,0.48,0.95,12,7
8554,2019,03/25,15.144.819.949.890.700,Medianeira,36.0,0.48,0.95,12,7
8555,2020,03/25,13.789.298.118.720.000,Medianeira,36.0,0.48,0.95,12,7
8556,2021,03/25,1.439.841.491.650.090,Medianeira,36.0,0.48,0.95,12,7
8557,2022,03/25,13.401.310.899.082.700,Medianeira,36.0,0.48,0.95,12,7
8558,2023,03/25,15.361.950.103.222.300,Medianeira,36.0,0.48,0.95,12,7
8559,2024,03/25,13.757.953.130.251.000,Medianeira,36.0,0.48,0.95,12,7
8560,2015,03/25,15.852.571.725.354.500,Santa Helena,36.0,0.48,0.95,12,7
8561,2016,03/25,13.044.867.863.412.700,Santa Helena,36.0,0.48,0.95,12,7
8562,2017,03/25,15.235.035.406.387.700,Santa Helena,36.0,0.48,0.95,12,7
8563,2018,03/25,14.777.271.504.734.700,Santa Helena,36.0,0.48,0.95,12,7
8564,2019,03/25,15.521.245.789.764.900,Santa Helena,36.0,0.48,0.95,12,7
8565,2020,03/25,14.768.077.959.235.900,Santa Helena,36.0,0.48,0.95,12,7
8566,2021,03/25,14.843.210.940.843.400,Santa Helena,36.0,0.48,0.95,12,7
8567,2022,03/25,14.155.819.664.927.300,Santa Helena,36.0,0.48,0.95,12,7
8568,2023,03/25,15.704.815.830.801.300,Santa Helena,36.0,0.48,0.95,12,7
8569,2024,03/25,14.590.837.901.501.000,Santa Helena,36.0,0.48,0.95,12,7
8570,2015,03/25,15.369.934.837.111.500,São Miguel do Iguaçu,36.0,0.48,0.95,12,7
8571,2016,03/25,12.168.775.026.975.900,São Miguel do Iguaçu,36.0,0.48,0.95,12,7
8572,2017,03/25,14.840.659.632.257.300,São Miguel do Iguaçu,36.0,0.48,0.95,12,7
8573,2018,03/25,1.408.360.230.444.290,São Miguel do Iguaçu,36.0,0.48,0.95,12,7
8574,2019,03/25,15.144.860.098.868.400,São Miguel do Iguaçu,36.0,0.48,0.95,12,7
8575,2020,03/25,13.789.580.444.112.700,São Miguel do Iguaçu,36.0,0.48,0.95,12,7
8576,2021,03/25,14.399.311.275.191.100,São Miguel do Iguaçu,36.0,0.48,0.95,12,7
8577,2022,03/25,13.401.310.899.082.700,São Miguel do Iguaçu,36.0,0.48,0.95,12,7
8578,2023,03/25,15.362.380.867.978.000,São Miguel do Iguaçu,36.0,0.48,0.95,12,7
8579,2024,03/25,13.758.053.689.974.000,São Miguel do Iguaçu,36.0,0.48,0.95,12,7
8580,2015,03/25,14.310.739.045.557.800,São Pedro do Iguaçu,36.0,0.48,0.95,12,7
8581,2016,03/25,7.212.873.847.065.520,São Pedro do Iguaçu,36.0,0.48,0.95,12,7
8582,2017,03/25,1.375.582.374.915.740,São Pedro do Iguaçu,36.0,0.48,0.95,12,7
8583,2018,03/25,1.329.414.545.746.350,São Pedro do Iguaçu,36.0,0.48,0.95,12,7
8584,2019,03/25,14.388.369.156.922.600,São Pedro do Iguaçu,36.0,0.48,0.95,12,7
8585,2020,03/25,13.239.368.369.262.400,São Pedro do Iguaçu,36.0,0.48,0.95,12,7
8586,2021,03/25,13.677.946.572.876.400,São Pedro do Iguaçu,36.0,0.48,0.95,12,7
8587,2022,03/25,12.360.383.175.698.300,São Pedro do Iguaçu,36.0,0.48,0.95,12,7
8588,2023,03/25,14.483.223.950.320.600,São Pedro do Iguaçu,36.0,0.48,0.95,12,7
8589,2024,03/25,13.834.466.343.013.300,São Pedro do Iguaçu,36.0,0.48,0.95,12,7
8590,2015,03/25,15.073.754.101.999.500,Toledo,36.0,0.48,0.95,12,7
8591,2016,03/25,10.478.728.812.764.500,Toledo,36.0,0.48,0.95,12,7
8592,2017,03/25,14.304.963.286.680.000,Toledo,36.0,0.48,0.95,12,7
8593,2018,03/25,14.338.083.218.055.700,Toledo,36.0,0.48,0.95,12,7
8594,2019,03/25,15.048.366.641.598.400,Toledo,36.0,0.48,0.95,12,7
8595,2020,03/25,14.492.324.280.406.700,Toledo,36.0,0.48,0.95,12,7
8596,2021,03/25,14.256.713.189.067.400,Toledo,36.0,0.48,0.95,12,7
8597,2022,03/25,13.104.641.267.798.900,Toledo,36.0,0.48,0.95,12,7
8598,2023,03/25,15.008.296.778.184.600,Toledo,36.0,0.48,0.95,12,7
8599,2024,03/25,14.987.654.795.522.400,Toledo,36.0,0.48,0.95,12,7
8600,2015,03/25,14.231.362.344.648.500,Cascavel,36.0,0.48,0.95,13,6
8601,2016,03/25,7.764.323.914.772.860,Cascavel,36.0,0.48,0.95,13,6
8602,2017,03/25,13.350.255.795.041.100,Cascavel,36.0,0.48,0.95,13,6
8603,2018,03/25,12.912.624.428.502.500,Cascavel,36.0,0.48,0.95,13,6
8604,2019,03/25,1.419.547.394.280.330,Cascavel,36.0,0.48,0.95,13,6
8605,2020,03/25,13.035.260.592.179.300,Cascavel,36.0,0.48,0.95,13,6
8606,2021,03/25,13.102.772.406.743.200,Cascavel,36.0,0.48,0.95,13,6
8607,2022,03/25,12.214.672.623.428.900,Cascavel,36.0,0.48,0.95,13,6
8608,2023,03/25,13.794.212.403.716.000,Cascavel,36.0,0.48,0.95,13,6
8609,2024,03/25,1.412.679.954.115.270,Cascavel,36.0,0.48,0.95,13,6
8610,2015,03/25,15.369.934.837.111.500,Foz do Iguaçu,36.0,0.48,0.95,13,6
8611,2016,03/25,1.216.886.724.922.950,Foz do Iguaçu,36.0,0.48,0.95,13,6
8612,2017,03/25,14.840.675.211.135.900,Foz do Iguaçu,36.0,0.48,0.95,13,6
8613,2018,03/25,14.083.662.255.214.100,Foz do Iguaçu,36.0,0.48,0.95,13,6
8614,2019,03/25,15.144.864.057.929.000,Foz do Iguaçu,36.0,0.48,0.95,13,6
8615,2020,03/25,13.789.618.167.993.900,Foz do Iguaçu,36.0,0.48,0.95,13,6
8616,2021,03/25,14.399.451.800.678.000,Foz do Iguaçu,36.0,0.48,0.95,13,6
8617,2022,03/25,13.401.310.899.082.700,Foz do Iguaçu,36.0,0.48,0.95,13,6
8618,2023,03/25,15.362.416.343.171.000,Foz do Iguaçu,36.0,0.48,0.95,13,6
8619,2024,03/25,13.758.085.215.871.600,Foz do Iguaçu,36.0,0.48,0.95,13,6
8620,2015,03/25,15.888.854.795.007.000,Guaíra,36.0,0.48,0.95,13,6
8621,2016,03/25,12.988.294.986.847.200,Guaíra,36.0,0.48,0.95,13,6
8622,2017,03/25,15.115.956.722.891.800,Guaíra,36.0,0.48,0.95,13,6
8623,2018,03/25,15.024.158.429.685.800,Guaíra,36.0,0.48,0.95,13,6
8624,2019,03/25,1.571.118.767.777.310,Guaíra,36.0,0.48,0.95,13,6
8625,2020,03/25,15.289.962.241.708.000,Guaíra,36.0,0.48,0.95,13,6
8626,2021,03/25,14.686.579.502.503.200,Guaíra,36.0,0.48,0.95,13,6
8627,2022,03/25,14.153.012.825.192.400,Guaíra,36.0,0.48,0.95,13,6
8628,2023,03/25,15.474.879.913.282.000,Guaíra,36.0,0.48,0.95,13,6
8629,2024,03/25,1.556.683.031.845.530,Guaíra,36.0,0.48,0.95,13,6
8630,2015,03/25,15.901.233.286.913.100,Marechal Cândido Rondon,36.0,0.48,0.95,13,6
8631,2016,03/25,1.309.082.107.533.690,Marechal Cândido Rondon,36.0,0.48,0.95,13,6
8632,2017,03/25,15.246.383.779.498.600,Marechal Cândido Rondon,36.0,0.48,0.95,13,6
8633,2018,03/25,15.087.493.545.341.200,Marechal Cândido Rondon,36.0,0.48,0.95,13,6
8634,2019,03/25,15.707.341.908.520.400,Marechal Cândido Rondon,36.0,0.48,0.95,13,6
8635,2020,03/25,1.515.200.691.512.780,Marechal Cândido Rondon,36.0,0.48,0.95,13,6
8636,2021,03/25,15.002.765.566.941.800,Marechal Cândido Rondon,36.0,0.48,0.95,13,6
8637,2022,03/25,1.420.165.025.920.430,Marechal Cândido Rondon,36.0,0.48,0.95,13,6
8638,2023,03/25,15.640.205.091.668.000,Marechal Cândido Rondon,36.0,0.48,0.95,13,6
8639,2024,03/25,15.187.757.659.713.900,Marechal Cândido Rondon,36.0,0.48,0.95,13,6
8640,2015,03/25,14.727.901.471.888.400,Matelândia,36.0,0.48,0.95,13,6
8641,2016,03/25,8.822.298.156.665.940,Matelândia,36.0,0.48,0.95,13,6
8642,2017,03/25,14.256.967.875.144.200,Matelândia,36.0,0.48,0.95,13,6
8643,2018,03/25,13.376.141.074.079.300,Matelândia,36.0,0.48,0.95,13,6
8644,2019,03/25,14.658.721.872.445.900,Matelândia,36.0,0.48,0.95,13,6
8645,2020,03/25,13.341.092.342.010.600,Matelândia,36.0,0.48,0.95,13,6
8646,2021,03/25,13.984.055.932.712.000,Matelândia,36.0,0.48,0.95,13,6
8647,2022,03/25,1.280.986.336.429.800,Matelândia,36.0,0.48,0.95,13,6
8648,2023,03/25,14.773.321.811.368.200,Matelândia,36.0,0.48,0.95,13,6
8649,2024,03/25,13.768.827.850.419.500,Matelândia,36.0,0.48,0.95,13,6
8650,2015,03/25,15.369.934.837.111.500,Medianeira,36.0,0.48,0.95,13,6
8651,2016,03/25,12.168.384.322.551.900,Medianeira,36.0,0.48,0.95,13,6
8652,2017,03/25,14.840.629.288.119.700,Medianeira,36.0,0.48,0.95,13,6
8653,2018,03/25,14.083.299.243.839.900,Medianeira,36.0,0.48,0.95,13,6
8654,2019,03/25,15.144.819.949.890.700,Medianeira,36.0,0.48,0.95,13,6
8655,2020,03/25,13.789.298.118.720.000,Medianeira,36.0,0.48,0.95,13,6
8656,2021,03/25,1.439.841.491.650.090,Medianeira,36.0,0.48,0.95,13,6
8657,2022,03/25,13.401.310.899.082.700,Medianeira,36.0,0.48,0.95,13,6
8658,2023,03/25,15.361.950.103.222.300,Medianeira,36.0,0.48,0.95,13,6
8659,2024,03/25,13.757.953.130.251.000,Medianeira,36.0,0.48,0.95,13,6
8660,2015,03/25,15.852.571.725.354.500,Santa Helena,36.0,0.48,0.95,13,6
8661,2016,03/25,13.044.867.863.412.700,Santa Helena,36.0,0.48,0.95,13,6
8662,2017,03/25,15.235.035.406.387.700,Santa Helena,36.0,0.48,0.95,13,6
8663,2018,03/25,14.777.271.504.734.700,Santa Helena,36.0,0.48,0.95,13,6
8664,2019,03/25,15.521.245.789.764.900,Santa Helena,36.0,0.48,0.95,13,6
8665,2020,03/25,14.768.077.959.235.900,Santa Helena,36.0,0.48,0.95,13,6
8666,2021,03/25,14.843.210.940.843.400,Santa Helena,36.0,0.48,0.95,13,6
8667,2022,03/25,14.155.819.664.927.300,Santa Helena,36.0,0.48,0.95,13,6
8668,2023,03/25,15.704.815.830.801.300,Santa Helena,36.0,0.48,0.95,13,6
8669,2024,03/25,14.590.837.901.501.000,Santa Helena,36.0,0.48,0.95,13,6
8670,2015,03/25,15.369.934.837.111.500,São Miguel do Iguaçu,36.0,0.48,0.95,13,6
8671,2016,03/25,12.168.775.026.975.900,São Miguel do Iguaçu,36.0,0.48,0.95,13,6
8672,2017,03/25,14.840.659.632.257.300,São Miguel do Iguaçu,36.0,0.48,0.95,13,6
8673,2018,03/25,1.408.360.230.444.290,São Miguel do Iguaçu,36.0,0.48,0.95,13,6
8674,2019,03/25,15.144.860.098.868.400,São Miguel do Iguaçu,36.0,0.48,0.95,13,6
8675,2020,03/25,13.789.580.444.112.700,São Miguel do Iguaçu,36.0,0.48,0.95,13,6
8676,2021,03/25,14.399.311.275.191.100,São Miguel do Iguaçu,36.0,0.48,0.95,13,6
8677,2022,03/25,13.401.310.899.082.700,São Miguel do Iguaçu,36.0,0.48,0.95,13,6
8678,2023,03/25,15.362.380.867.978.000,São Miguel do Iguaçu,36.0,0.48,0.95,13,6
8679,2024,03/25,13.758.053.689.974.000,São Miguel do Iguaçu,36.0,0.48,0.95,13,6
8680,2015,03/25,14.310.739.045.557.800,São Pedro do Iguaçu,36.0,0.48,0.95,13,6
8681,2016,03/25,7.212.873.847.065.520,São Pedro do Iguaçu,36.0,0.48,0.95,13,6
8682,2017,03/25,1.375.582.374.915.740,São Pedro do Iguaçu,36.0,0.48,0.95,13,6
8683,2018,03/25,1.329.414.545.746.350,São Pedro do Iguaçu,36.0,0.48,0.95,13,6
8684,2019,03/25,14.388.369.156.922.600,São Pedro do Iguaçu,36.0,0.48,0.95,13,6
8685,2020,03/25,13.239.368.369.262.400,São Pedro do Iguaçu,36.0,0.48,0.95,13,6
8686,2021,03/25,13.677.946.572.876.400,São Pedro do Iguaçu,36.0,0.48,0.95,13,6
8687,2022,03/25,12.360.383.175.698.300,São Pedro do Iguaçu,36.0,0.48,0.95,13,6
8688,2023,03/25,14.483.223.950.320.600,São Pedro do Iguaçu,36.0,0.48,0.95,13,6
8689,2024,03/25,13.834.466.343.013.300,São Pedro do Iguaçu,36.0,0.48,0.95,13,6
8690,2015,03/25,15.073.754.101.999.500,Toledo,36.0,0.48,0.95,13,6
8691,2016,03/25,10.478.728.812.764.500,Toledo,36.0,0.48,0.95,13,6
8692,2017,03/25,14.304.963.286.680.000,Toledo,36.0,0.48,0.95,13,6
8693,2018,03/25,14.338.083.218.055.700,Toledo,36.0,0.48,0.95,13,6
8694,2019,03/25,15.048.366.641.598.400,Toledo,36.0,0.48,0.95,13,6
8695,2020,03/25,14.492.324.280.406.700,Toledo,36.0,0.48,0.95,13,6
8696,2021,03/25,14.256.713.189.067.400,Toledo,36.0,0.48,0.95,13,6
8697,2022,03/25,13.104.641.267.798.900,Toledo,36.0,0.48,0.95,13,6
8698,2023,03/25,15.008.296.778.184.600,Toledo,36.0,0.48,0.95,13,6
8699,2024,03/25,14.987.654.795.522.400,Toledo,36.0,0.48,0.95,13,6
8700,2015,03/25,14.231.362.344.648.500,Cascavel,36.0,0.48,0.95,13,7
8701,2016,03/25,7.764.323.914.772.860,Cascavel,36.0,0.48,0.95,13,7
8702,2017,03/25,13.350.255.795.041.100,Cascavel,36.0,0.48,0.95,13,7
8703,2018,03/25,12.912.624.428.502.500,Cascavel,36.0,0.48,0.95,13,7
8704,2019,03/25,1.419.547.394.280.330,Cascavel,36.0,0.48,0.95,13,7
8705,2020,03/25,13.035.260.592.179.300,Cascavel,36.0,0.48,0.95,13,7
8706,2021,03/25,13.102.772.406.743.200,Cascavel,36.0,0.48,0.95,13,7
8707,2022,03/25,12.214.672.623.428.900,Cascavel,36.0,0.48,0.95,13,7
8708,2023,03/25,13.794.212.403.716.000,Cascavel,36.0,0.48,0.95,13,7
8709,2024,03/25,1.412.679.954.115.270,Cascavel,36.0,0.48,0.95,13,7
8710,2015,03/25,15.369.934.837.111.500,Foz do Iguaçu,36.0,0.48,0.95,13,7
8711,2016,03/25,1.216.886.724.922.950,Foz do Iguaçu,36.0,0.48,0.95,13,7
8712,2017,03/25,14.840.675.211.135.900,Foz do Iguaçu,36.0,0.48,0.95,13,7
8713,2018,03/25,14.083.662.255.214.100,Foz do Iguaçu,36.0,0.48,0.95,13,7
8714,2019,03/25,15.144.864.057.929.000,Foz do Iguaçu,36.0,0.48,0.95,13,7
8715,2020,03/25,13.789.618.167.993.900,Foz do Iguaçu,36.0,0.48,0.95,13,7
8716,2021,03/25,14.399.451.800.678.000,Foz do Iguaçu,36.0,0.48,0.95,13,7
8717,2022,03/25,13.401.310.899.082.700,Foz do Iguaçu,36.0,0.48,0.95,13,7
8718,2023,03/25,15.362.416.343.171.000,Foz do Iguaçu,36.0,0.48,0.95,13,7
8719,2024,03/25,13.758.085.215.871.600,Foz do Iguaçu,36.0,0.48,0.95,13,7
8720,2015,03/25,15.888.854.795.007.000,Guaíra,36.0,0.48,0.95,13,7
8721,2016,03/25,12.988.294.986.847.200,Guaíra,36.0,0.48,0.95,13,7
8722,2017,03/25,15.115.956.722.891.800,Guaíra,36.0,0.48,0.95,13,7
8723,2018,03/25,15.024.158.429.685.800,Guaíra,36.0,0.48,0.95,13,7
8724,2019,03/25,1.571.118.767.777.310,Guaíra,36.0,0.48,0.95,13,7
8725,2020,03/25,15.289.962.241.708.000,Guaíra,36.0,0.48,0.95,13,7
8726,2021,03/25,14.686.579.502.503.200,Guaíra,36.0,0.48,0.95,13,7
8727,2022,03/25,14.153.012.825.192.400,Guaíra,36.0,0.48,0.95,13,7
8728,2023,03/25,15.474.879.913.282.000,Guaíra,36.0,0.48,0.95,13,7
8729,2024,03/25,1.556.683.031.845.530,Guaíra,36.0,0.48,0.95,13,7
8730,2015,03/25,15.901.233.286.913.100,Marechal Cândido Rondon,36.0,0.48,0.95,13,7
8731,2016,03/25,1.309.082.107.533.690,Marechal Cândido Rondon,36.0,0.48,0.95,13,7
8732,2017,03/25,15.246.383.779.498.600,Marechal Cândido Rondon,36.0,0.48,0.95,13,7
8733,2018,03/25,15.087.493.545.341.200,Marechal Cândido Rondon,36.0,0.48,0.95,13,7
8734,2019,03/25,15.707.341.908.520.400,Marechal Cândido Rondon,36.0,0.48,0.95,13,7
8735,2020,03/25,1.515.200.691.512.780,Marechal Cândido Rondon,36.0,0.48,0.95,13,7
8736,2021,03/25,15.002.765.566.941.800,Marechal Cândido Rondon,36.0,0.48,0.95,13,7
8737,2022,03/25,1.420.165.025.920.430,Marechal Cândido Rondon,36.0,0.48,0.95,13,7
8738,2023,03/25,15.640.205.091.668.000,Marechal Cândido Rondon,36.0,0.48,0.95,13,7
8739,2024,03/25,15.187.757.659.713.900,Marechal Cândido Rondon,36.0,0.48,0.95,13,7
8740,2015,03/25,14.727.901.471.888.400,Matelândia,36.0,0.48,0.95,13,7
8741,2016,03/25,8.822.298.156.665.940,Matelândia,36.0,0.48,0.95,13,7
8742,2017,03/25,14.256.967.875.144.200,Matelândia,36.0,0.48,0.95,13,7
8743,2018,03/25,13.376.141.074.079.300,Matelândia,36.0,0.48,0.95,13,7
8744,2019,03/25,14.658.721.872.445.900,Matelândia,36.0,0.48,0.95,13,7
8745,2020,03/25,13.341.092.342.010.600,Matelândia,36.0,0.48,0.95,13,7
8746,2021,03/25,13.984.055.932.712.000,Matelândia,36.0,0.48,0.95,13,7
8747,2022,03/25,1.280.986.336.429.800,Matelândia,36.0,0.48,0.95,13,7
8748,2023,03/25,14.773.321.811.368.200,Matelândia,36.0,0.48,0.95,13,7
8749,2024,03/25,13.768.827.850.419.500,Matelândia,36.0,0.48,0.95,13,7
8750,2015,03/25,15.369.934.837.111.500,Medianeira,36.0,0.48,0.95,13,7
8751,2016,03/25,12.168.384.322.551.900,Medianeira,36.0,0.48,0.95,13,7
8752,2017,03/25,14.840.629.288.119.700,Medianeira,36.0,0.48,0.95,13,7
8753,2018,03/25,14.083.299.243.839.900,Medianeira,36.0,0.48,0.95,13,7
8754,2019,03/25,15.144.819.949.890.700,Medianeira,36.0,0.48,0.95,13,7
8755,2020,03/25,13.789.298.118.720.000,Medianeira,36.0,0.48,0.95,13,7
8756,2021,03/25,1.439.841.491.650.090,Medianeira,36.0,0.48,0.95,13,7
8757,2022,03/25,13.401.310.899.082.700,Medianeira,36.0,0.48,0.95,13,7
8758,2023,03/25,15.361.950.103.222.300,Medianeira,36.0,0.48,0.95,13,7
8759,2024,03/25,13.757.953.130.251.000,Medianeira,36.0,0.48,0.95,13,7
8760,2015,03/25,15.852.571.725.354.500,Santa Helena,36.0,0.48,0.95,13,7
8761,2016,03/25,13.044.867.863.412.700,Santa Helena,36.0,0.48,0.95,13,7
8762,2017,03/25,15.235.035.406.387.700,Santa Helena,36.0,0.48,0.95,13,7
8763,2018,03/25,14.777.271.504.734.700,Santa Helena,36.0,0.48,0.95,13,7
8764,2019,03/25,15.521.245.789.764.900,Santa Helena,36.0,0.48,0.95,13,7
8765,2020,03/25,14.768.077.959.235.900,Santa Helena,36.0,0.48,0.95,13,7
8766,2021,03/25,14.843.210.940.843.400,Santa Helena,36.0,0.48,0.95,13,7
8767,2022,03/25,14.155.819.664.927.300,Santa Helena,36.0,0.48,0.95,13,7
8768,2023,03/25,15.704.815.830.801.300,Santa Helena,36.0,0.48,0.95,13,7
8769,2024,03/25,14.590.837.901.501.000,Santa Helena,36.0,0.48,0.95,13,7
8770,2015,03/25,15.369.934.837.111.500,São Miguel do Iguaçu,36.0,0.48,0.95,13,7
8771,2016,03/25,12.168.775.026.975.900,São Miguel do Iguaçu,36.0,0.48,0.95,13,7
8772,2017,03/25,14.840.659.632.257.300,São Miguel do Iguaçu,36.0,0.48,0.95,13,7
8773,2018,03/25,1.408.360.230.444.290,São Miguel do Iguaçu,36.0,0.48,0.95,13,7
8774,2019,03/25,15.144.860.098.868.400,São Miguel do Iguaçu,36.0,0.48,0.95,13,7
8775,2020,03/25,13.789.580.444.112.700,São Miguel do Iguaçu,36.0,0.48,0.95,13,7
8776,2021,03/25,14.399.311.275.191.100,São Miguel do Iguaçu,36.0,0.48,0.95,13,7
8777,2022,03/25,13.401.310.899.082.700,São Miguel do Iguaçu,36.0,0.48,0.95,13,7
8778,2023,03/25,15.362.380.867.978.000,São Miguel do Iguaçu,36.0,0.48,0.95,13,7
8779,2024,03/25,13.758.053.689.974.000,São Miguel do Iguaçu,36.0,0.48,0.95,13,7
8780,2015,03/25,14.310.739.045.557.800,São Pedro do Iguaçu,36.0,0.48,0.95,13,7
8781,2016,03/25,7.212.873.847.065.520,São Pedro do Iguaçu,36.0,0.48,0.95,13,7
8782,2017,03/25,1.375.582.374.915.740,São Pedro do Iguaçu,36.0,0.48,0.95,13,7
8783,2018,03/25,1.329.414.545.746.350,São Pedro do Iguaçu,36.0,0.48,0.95,13,7
8784,2019,03/25,14.388.369.156.922.600,São Pedro do Iguaçu,36.0,0.48,0.95,13,7
8785,2020,03/25,13.239.368.369.262.400,São Pedro do Iguaçu,36.0,0.48,0.95,13,7
8786,2021,03/25,13.677.946.572.876.400,São Pedro do Iguaçu,36.0,0.48,0.95,13,7
8787,2022,03/25,12.360.383.175.698.300,São Pedro do Iguaçu,36.0,0.48,0.95,13,7
8788,2023,03/25,14.483.223.950.320.600,São Pedro do Iguaçu,36.0,0.48,0.95,13,7
8789,2024,03/25,13.834.466.343.013.300,São Pedro do Iguaçu,36.0,0.48,0.95,13,7
8790,2015,03/25,15.073.754.101.999.500,Toledo,36.0,0.48,0.95,13,7
8791,2016,03/25,10.478.728.812.764.500,Toledo,36.0,0.48,0.95,13,7
8792,2017,03/25,14.304.963.286.680.000,Toledo,36.0,0.48,0.95,13,7
8793,2018,03/25,14.338.083.218.055.700,Toledo,36.0,0.48,0.95,13,7
8794,2019,03/25,15.048.366.641.598.400,Toledo,36.0,0.48,0.95,13,7
8795,2020,03/25,14.492.324.280.406.700,Toledo,36.0,0.48,0.95,13,7
8796,2021,03/25,14.256.713.189.067.400,Toledo,36.0,0.48,0.95,13,7
8797,2022,03/25,13.104.641.267.798.900,Toledo,36.0,0.48,0.95,13,7
8798,2023,03/25,15.008.296.778.184.600,Toledo,36.0,0.48,0.95,13,7
8799,2024,03/25,14.987.654.795.522.400,Toledo,36.0,0.48,0.95,13,7
8800,2015,03/25,14.375.299.471.923.400,Cascavel,36.0,0.5,0.9,12,6
8801,2016,03/25,7.840.748.009.711.220,Cascavel,36.0,0.5,0.9,12,6
8802,2017,03/25,13.477.871.725.891.000,Cascavel,36.0,0.5,0.9,12,6
8803,2018,03/25,13.051.743.589.791.100,Cascavel,36.0,0.5,0.9,12,6
8804,2019,03/25,14.337.053.344.945.100,Cascavel,36.0,0.5,0.9,12,6
8805,2020,03/25,13.171.167.909.077.100,Cascavel,36.0,0.5,0.9,12,6
8806,2021,03/25,1.325.195.812.491.280,Cascavel,36.0,0.5,0.9,12,6
8807,2022,03/25,12.345.288.475.191.200,Cascavel,36.0,0.5,0.9,12,6
8808,2023,03/25,13.928.202.333.138.400,Cascavel,36.0,0.5,0.9,12,6
8809,2024,03/25,14.265.852.296.706.500,Cascavel,36.0,0.5,0.9,12,6
8810,2015,03/25,15.521.935.869.961.000,Foz do Iguaçu,36.0,0.5,0.9,12,6
8811,2016,03/25,12.285.931.616.575.300,Foz do Iguaçu,36.0,0.5,0.9,12,6
8812,2017,03/25,1.498.349.500.428.150,Foz do Iguaçu,36.0,0.5,0.9,12,6
8813,2018,03/25,14.230.080.070.472.500,Foz do Iguaçu,36.0,0.5,0.9,12,6
8814,2019,03/25,15.296.910.687.830.000,Foz do Iguaçu,36.0,0.5,0.9,12,6
8815,2020,03/25,13.932.512.205.911.800,Foz do Iguaçu,36.0,0.5,0.9,12,6
8816,2021,03/25,1.455.847.897.261.910,Foz do Iguaçu,36.0,0.5,0.9,12,6
8817,2022,03/25,13.540.404.359.867.900,Foz do Iguaçu,36.0,0.5,0.9,12,6
8818,2023,03/25,1.551.239.945.022.080,Foz do Iguaçu,36.0,0.5,0.9,12,6
8819,2024,03/25,13.891.596.231.571.600,Foz do Iguaçu,36.0,0.5,0.9,12,6
8820,2015,03/25,16.044.361.386.099.600,Guaíra,36.0,0.5,0.9,12,6
8821,2016,03/25,131.125.945.078.876,Guaíra,36.0,0.5,0.9,12,6
8822,2017,03/25,1.526.196.727.607.540,Guaíra,36.0,0.5,0.9,12,6
8823,2018,03/25,15.175.068.147.347.500,Guaíra,36.0,0.5,0.9,12,6
8824,2019,03/25,1.586.559.215.248.370,Guaíra,36.0,0.5,0.9,12,6
8825,2020,03/25,15.443.458.663.558.900,Guaíra,36.0,0.5,0.9,12,6
8826,2021,03/25,14.846.464.547.691.400,Guaíra,36.0,0.5,0.9,12,6
8827,2022,03/25,1.429.648.213.058.260,Guaíra,36.0,0.5,0.9,12,6
8828,2023,03/25,15.624.832.272.030.100,Guaíra,36.0,0.5,0.9,12,6
8829,2024,03/25,15.717.711.060.639.900,Guaíra,36.0,0.5,0.9,12,6
8830,2015,03/25,16.057.110.181.975.700,Marechal Cândido Rondon,36.0,0.5,0.9,12,6
8831,2016,03/25,13.216.892.468.532.400,Marechal Cândido Rondon,36.0,0.5,0.9,12,6
8832,2017,03/25,15.394.147.614.687.900,Marechal Cândido Rondon,36.0,0.5,0.9,12,6
8833,2018,03/25,15.240.589.436.293.700,Marechal Cândido Rondon,36.0,0.5,0.9,12,6
8834,2019,03/25,15.862.230.003.549.000,Marechal Cândido Rondon,36.0,0.5,0.9,12,6
8835,2020,03/25,15.304.221.926.183.400,Marechal Cândido Rondon,36.0,0.5,0.9,12,6
8836,2021,03/25,15.166.049.279.962.100,Marechal Cândido Rondon,36.0,0.5,0.9,12,6
8837,2022,03/25,14.345.012.553.666.900,Marechal Cândido Rondon,36.0,0.5,0.9,12,6
8838,2023,03/25,1.579.182.536.579.460,Marechal Cândido Rondon,36.0,0.5,0.9,12,6
8839,2024,03/25,15.334.694.089.272.600,Marechal Cândido Rondon,36.0,0.5,0.9,12,6
8840,2015,03/25,14.874.624.646.386.100,Matelândia,36.0,0.5,0.9,12,6
8841,2016,03/25,8.907.532.501.086.200,Matelândia,36.0,0.5,0.9,12,6
8842,2017,03/25,14.392.755.122.339.800,Matelândia,36.0,0.5,0.9,12,6
8843,2018,03/25,13.518.061.249.646.000,Matelândia,36.0,0.5,0.9,12,6
8844,2019,03/25,14.805.803.159.858.800,Matelândia,36.0,0.5,0.9,12,6
8845,2020,03/25,13.479.542.953.957.100,Matelândia,36.0,0.5,0.9,12,6
8846,2021,03/25,14.140.313.322.160.200,Matelândia,36.0,0.5,0.9,12,6
8847,2022,03/25,12.944.967.334.651.900,Matelândia,36.0,0.5,0.9,12,6
8848,2023,03/25,14.917.586.494.517.300,Matelândia,36.0,0.5,0.9,12,6
8849,2024,03/25,13.903.099.460.961,Matelândia,36.0,0.5,0.9,12,6
8850,2015,03/25,15.521.935.869.961.000,Medianeira,36.0,0.5,0.9,12,6
8851,2016,03/25,12.285.440.391.780.500,Medianeira,36.0,0.5,0.9,12,6
8852,2017,03/25,1.498.344.861.678.680,Medianeira,36.0,0.5,0.9,12,6
8853,2018,03/25,14.229.731.056.032,Medianeira,36.0,0.5,0.9,12,6
8854,2019,03/25,15.296.866.297.558.700,Medianeira,36.0,0.5,0.9,12,6
8855,2020,03/25,13.932.184.600.320.900,Medianeira,36.0,0.5,0.9,12,6
8856,2021,03/25,14.557.445.654.370.600,Medianeira,36.0,0.5,0.9,12,6
8857,2022,03/25,13.540.404.359.867.900,Medianeira,36.0,0.5,0.9,12,6
8858,2023,03/25,15.511.929.633.391.300,Medianeira,36.0,0.5,0.9,12,6
8859,2024,03/25,1.389.146.304.893.130,Medianeira,36.0,0.5,0.9,12,6
8860,2015,03/25,16.007.958.107.963.300,Santa Helena,36.0,0.5,0.9,12,6
8861,2016,03/25,13.170.804.698.641.900,Santa Helena,36.0,0.5,0.9,12,6
8862,2017,03/25,15.382.973.594.374.100,Santa Helena,36.0,0.5,0.9,12,6
8863,2018,03/25,14.928.590.254.140.300,Santa Helena,36.0,0.5,0.9,12,6
8864,2019,03/25,15.675.302.079.371.900,Santa Helena,36.0,0.5,0.9,12,6
8865,2020,03/25,14.918.408.148.555.500,Santa Helena,36.0,0.5,0.9,12,6
8866,2021,03/25,15.005.828.420.789.200,Santa Helena,36.0,0.5,0.9,12,6
8867,2022,03/25,1.429.980.993.849.460,Santa Helena,36.0,0.5,0.9,12,6
8868,2023,03/25,15.857.496.767.021.700,Santa Helena,36.0,0.5,0.9,12,6
8869,2024,03/25,14.732.399.330.563.400,Santa Helena,36.0,0.5,0.9,12,6
8870,2015,03/25,15.521.935.869.961.000,São Miguel do Iguaçu,36.0,0.5,0.9,12,6
8871,2016,03/25,12.285.837.783.953.300,São Miguel do Iguaçu,36.0,0.5,0.9,12,6
8872,2017,03/25,14.983.479.267.843.500,São Miguel do Iguaçu,36.0,0.5,0.9,12,6
8873,2018,03/25,14.230.020.644.048.200,São Miguel do Iguaçu,36.0,0.5,0.9,12,6
8874,2019,03/25,15.296.906.703.443.500,São Miguel do Iguaçu,36.0,0.5,0.9,12,6
8875,2020,03/25,13.932.463.106.727.300,São Miguel do Iguaçu,36.0,0.5,0.9,12,6
8876,2021,03/25,14.558.342.579.454.400,São Miguel do Iguaçu,36.0,0.5,0.9,12,6
8877,2022,03/25,13.540.404.359.867.900,São Miguel do Iguaçu,36.0,0.5,0.9,12,6
8878,2023,03/25,15.512.363.702.442.700,São Miguel do Iguaçu,36.0,0.5,0.9,12,6
8879,2024,03/25,13.891.564.444.215.300,São Miguel do Iguaçu,36.0,0.5,0.9,12,6
8880,2015,03/25,14.454.442.749.508.600,São Pedro do Iguaçu,36.0,0.5,0.9,12,6
8881,2016,03/25,7.283.039.142.530.220,São Pedro do Iguaçu,36.0,0.5,0.9,12,6
8882,2017,03/25,13.886.621.000.285.900,São Pedro do Iguaçu,36.0,0.5,0.9,12,6
8883,2018,03/25,13.437.222.678.831.800,São Pedro do Iguaçu,36.0,0.5,0.9,12,6
8884,2019,03/25,14.533.489.293.007.100,São Pedro do Iguaçu,36.0,0.5,0.9,12,6
8885,2020,03/25,1.337.809.929.173.200,São Pedro do Iguaçu,36.0,0.5,0.9,12,6
8886,2021,03/25,13.831.393.434.556.000,São Pedro do Iguaçu,36.0,0.5,0.9,12,6
8887,2022,03/25,12.491.361.306.396.900,São Pedro do Iguaçu,36.0,0.5,0.9,12,6
8888,2023,03/25,1.462.349.314.784.700,São Pedro do Iguaçu,36.0,0.5,0.9,12,6
8889,2024,03/25,1.396.981.940.962.730,São Pedro do Iguaçu,36.0,0.5,0.9,12,6
8890,2015,03/25,15.223.759.830.968.900,Toledo,36.0,0.5,0.9,12,6
8891,2016,03/25,10.580.255.171.682.400,Toledo,36.0,0.5,0.9,12,6
8892,2017,03/25,14.442.128.414.194.700,Toledo,36.0,0.5,0.9,12,6
8893,2018,03/25,1.448.494.586.881.640,Toledo,36.0,0.5,0.9,12,6
8894,2019,03/25,15.197.085.181.925.500,Toledo,36.0,0.5,0.9,12,6
8895,2020,03/25,14.639.724.849.699.800,Toledo,36.0,0.5,0.9,12,6
8896,2021,03/25,1.441.549.859.495.380,Toledo,36.0,0.5,0.9,12,6
8897,2022,03/25,13.240.597.454.248.300,Toledo,36.0,0.5,0.9,12,6
8898,2023,03/25,15.153.302.812.612.500,Toledo,36.0,0.5,0.9,12,6
8899,2024,03/25,15.133.462.748.271.900,Toledo,36.0,0.5,0.9,12,6
8900,2015,03/25,14.375.299.471.923.400,Cascavel,36.0,0.5,0.9,12,7
8901,2016,03/25,7.840.748.009.711.220,Cascavel,36.0,0.5,0.9,12,7
8902,2017,03/25,13.477.871.725.891.000,Cascavel,36.0,0.5,0.9,12,7
8903,2018,03/25,13.051.743.589.791.100,Cascavel,36.0,0.5,0.9,12,7
8904,2019,03/25,14.337.053.344.945.100,Cascavel,36.0,0.5,0.9,12,7
8905,2020,03/25,13.171.167.909.077.100,Cascavel,36.0,0.5,0.9,12,7
8906,2021,03/25,1.325.195.812.491.280,Cascavel,36.0,0.5,0.9,12,7
8907,2022,03/25,12.345.288.475.191.200,Cascavel,36.0,0.5,0.9,12,7
8908,2023,03/25,13.928.202.333.138.400,Cascavel,36.0,0.5,0.9,12,7
8909,2024,03/25,14.265.852.296.706.500,Cascavel,36.0,0.5,0.9,12,7
8910,2015,03/25,15.521.935.869.961.000,Foz do Iguaçu,36.0,0.5,0.9,12,7
8911,2016,03/25,12.285.931.616.575.300,Foz do Iguaçu,36.0,0.5,0.9,12,7
8912,2017,03/25,1.498.349.500.428.150,Foz do Iguaçu,36.0,0.5,0.9,12,7
8913,2018,03/25,14.230.080.070.472.500,Foz do Iguaçu,36.0,0.5,0.9,12,7
8914,2019,03/25,15.296.910.687.830.000,Foz do Iguaçu,36.0,0.5,0.9,12,7
8915,2020,03/25,13.932.512.205.911.800,Foz do Iguaçu,36.0,0.5,0.9,12,7
8916,2021,03/25,1.455.847.897.261.910,Foz do Iguaçu,36.0,0.5,0.9,12,7
8917,2022,03/25,13.540.404.359.867.900,Foz do Iguaçu,36.0,0.5,0.9,12,7
8918,2023,03/25,1.551.239.945.022.080,Foz do Iguaçu,36.0,0.5,0.9,12,7
8919,2024,03/25,13.891.596.231.571.600,Foz do Iguaçu,36.0,0.5,0.9,12,7
8920,2015,03/25,16.044.361.386.099.600,Guaíra,36.0,0.5,0.9,12,7
8921,2016,03/25,131.125.945.078.876,Guaíra,36.0,0.5,0.9,12,7
8922,2017,03/25,1.526.196.727.607.540,Guaíra,36.0,0.5,0.9,12,7
8923,2018,03/25,15.175.068.147.347.500,Guaíra,36.0,0.5,0.9,12,7
8924,2019,03/25,1.586.559.215.248.370,Guaíra,36.0,0.5,0.9,12,7
8925,2020,03/25,15.443.458.663.558.900,Guaíra,36.0,0.5,0.9,12,7
8926,2021,03/25,14.846.464.547.691.400,Guaíra,36.0,0.5,0.9,12,7
8927,2022,03/25,1.429.648.213.058.260,Guaíra,36.0,0.5,0.9,12,7
8928,2023,03/25,15.624.832.272.030.100,Guaíra,36.0,0.5,0.9,12,7
8929,2024,03/25,15.717.711.060.639.900,Guaíra,36.0,0.5,0.9,12,7
8930,2015,03/25,16.057.110.181.975.700,Marechal Cândido Rondon,36.0,0.5,0.9,12,7
8931,2016,03/25,13.216.892.468.532.400,Marechal Cândido Rondon,36.0,0.5,0.9,12,7
8932,2017,03/25,15.394.147.614.687.900,Marechal Cândido Rondon,36.0,0.5,0.9,12,7
8933,2018,03/25,15.240.589.436.293.700,Marechal Cândido Rondon,36.0,0.5,0.9,12,7
8934,2019,03/25,15.862.230.003.549.000,Marechal Cândido Rondon,36.0,0.5,0.9,12,7
8935,2020,03/25,15.304.221.926.183.400,Marechal Cândido Rondon,36.0,0.5,0.9,12,7
8936,2021,03/25,15.166.049.279.962.100,Marechal Cândido Rondon,36.0,0.5,0.9,12,7
8937,2022,03/25,14.345.012.553.666.900,Marechal Cândido Rondon,36.0,0.5,0.9,12,7
8938,2023,03/25,1.579.182.536.579.460,Marechal Cândido Rondon,36.0,0.5,0.9,12,7
8939,2024,03/25,15.334.694.089.272.600,Marechal Cândido Rondon,36.0,0.5,0.9,12,7
8940,2015,03/25,14.874.624.646.386.100,Matelândia,36.0,0.5,0.9,12,7
8941,2016,03/25,8.907.532.501.086.200,Matelândia,36.0,0.5,0.9,12,7
8942,2017,03/25,14.392.755.122.339.800,Matelândia,36.0,0.5,0.9,12,7
8943,2018,03/25,13.518.061.249.646.000,Matelândia,36.0,0.5,0.9,12,7
8944,2019,03/25,14.805.803.159.858.800,Matelândia,36.0,0.5,0.9,12,7
8945,2020,03/25,13.479.542.953.957.100,Matelândia,36.0,0.5,0.9,12,7
8946,2021,03/25,14.140.313.322.160.200,Matelândia,36.0,0.5,0.9,12,7
8947,2022,03/25,12.944.967.334.651.900,Matelândia,36.0,0.5,0.9,12,7
8948,2023,03/25,14.917.586.494.517.300,Matelândia,36.0,0.5,0.9,12,7
8949,2024,03/25,13.903.099.460.961,Matelândia,36.0,0.5,0.9,12,7
8950,2015,03/25,15.521.935.869.961.000,Medianeira,36.0,0.5,0.9,12,7
8951,2016,03/25,12.285.440.391.780.500,Medianeira,36.0,0.5,0.9,12,7
8952,2017,03/25,1.498.344.861.678.680,Medianeira,36.0,0.5,0.9,12,7
8953,2018,03/25,14.229.731.056.032,Medianeira,36.0,0.5,0.9,12,7
8954,2019,03/25,15.296.866.297.558.700,Medianeira,36.0,0.5,0.9,12,7
8955,2020,03/25,13.932.184.600.320.900,Medianeira,36.0,0.5,0.9,12,7
8956,2021,03/25,14.557.445.654.370.600,Medianeira,36.0,0.5,0.9,12,7
8957,2022,03/25,13.540.404.359.867.900,Medianeira,36.0,0.5,0.9,12,7
8958,2023,03/25,15.511.929.633.391.300,Medianeira,36.0,0.5,0.9,12,7
8959,2024,03/25,1.389.146.304.893.130,Medianeira,36.0,0.5,0.9,12,7
8960,2015,03/25,16.007.958.107.963.300,Santa Helena,36.0,0.5,0.9,12,7
8961,2016,03/25,13.170.804.698.641.900,Santa Helena,36.0,0.5,0.9,12,7
8962,2017,03/25,15.382.973.594.374.100,Santa Helena,36.0,0.5,0.9,12,7
8963,2018,03/25,14.928.590.254.140.300,Santa Helena,36.0,0.5,0.9,12,7
8964,2019,03/25,15.675.302.079.371.900,Santa Helena,36.0,0.5,0.9,12,7
8965,2020,03/25,14.918.408.148.555.500,Santa Helena,36.0,0.5,0.9,12,7
8966,2021,03/25,15.005.828.420.789.200,Santa Helena,36.0,0.5,0.9,12,7
8967,2022,03/25,1.429.980.993.849.460,Santa Helena,36.0,0.5,0.9,12,7
8968,2023,03/25,15.857.496.767.021.700,Santa Helena,36.0,0.5,0.9,12,7
8969,2024,03/25,14.732.399.330.563.400,Santa Helena,36.0,0.5,0.9,12,7
8970,2015,03/25,15.521.935.869.961.000,São Miguel do Iguaçu,36.0,0.5,0.9,12,7
8971,2016,03/25,12.285.837.783.953.300,São Miguel do Iguaçu,36.0,0.5,0.9,12,7
8972,2017,03/25,14.983.479.267.843.500,São Miguel do Iguaçu,36.0,0.5,0.9,12,7
8973,2018,03/25,14.230.020.644.048.200,São Miguel do Iguaçu,36.0,0.5,0.9,12,7
8974,2019,03/25,15.296.906.703.443.500,São Miguel do Iguaçu,36.0,0.5,0.9,12,7
8975,2020,03/25,13.932.463.106.727.300,São Miguel do Iguaçu,36.0,0.5,0.9,12,7
8976,2021,03/25,14.558.342.579.454.400,São Miguel do Iguaçu,36.0,0.5,0.9,12,7
8977,2022,03/25,13.540.404.359.867.900,São Miguel do Iguaçu,36.0,0.5,0.9,12,7
8978,2023,03/25,15.512.363.702.442.700,São Miguel do Iguaçu,36.0,0.5,0.9,12,7
8979,2024,03/25,13.891.564.444.215.300,São Miguel do Iguaçu,36.0,0.5,0.9,12,7
8980,2015,03/25,14.454.442.749.508.600,São Pedro do Iguaçu,36.0,0.5,0.9,12,7
8981,2016,03/25,7.283.039.142.530.220,São Pedro do Iguaçu,36.0,0.5,0.9,12,7
8982,2017,03/25,13.886.621.000.285.900,São Pedro do Iguaçu,36.0,0.5,0.9,12,7
8983,2018,03/25,13.437.222.678.831.800,São Pedro do Iguaçu,36.0,0.5,0.9,12,7
8984,2019,03/25,14.533.489.293.007.100,São Pedro do Iguaçu,36.0,0.5,0.9,12,7
8985,2020,03/25,1.337.809.929.173.200,São Pedro do Iguaçu,36.0,0.5,0.9,12,7
8986,2021,03/25,13.831.393.434.556.000,São Pedro do Iguaçu,36.0,0.5,0.9,12,7
8987,2022,03/25,12.491.361.306.396.900,São Pedro do Iguaçu,36.0,0.5,0.9,12,7
8988,2023,03/25,1.462.349.314.784.700,São Pedro do Iguaçu,36.0,0.5,0.9,12,7
8989,2024,03/25,1.396.981.940.962.730,São Pedro do Iguaçu,36.0,0.5,0.9,12,7
8990,2015,03/25,15.223.759.830.968.900,Toledo,36.0,0.5,0.9,12,7
8991,2016,03/25,10.580.255.171.682.400,Toledo,36.0,0.5,0.9,12,7
8992,2017,03/25,14.442.128.414.194.700,Toledo,36.0,0.5,0.9,12,7
8993,2018,03/25,1.448.494.586.881.640,Toledo,36.0,0.5,0.9,12,7
8994,2019,03/25,15.197.085.181.925.500,Toledo,36.0,0.5,0.9,12,7
8995,2020,03/25,14.639.724.849.699.800,Toledo,36.0,0.5,0.9,12,7
8996,2021,03/25,1.441.549.859.495.380,Toledo,36.0,0.5,0.9,12,7
8997,2022,03/25,13.240.597.454.248.300,Toledo,36.0,0.5,0.9,12,7
8998,2023,03/25,15.153.302.812.612.500,Toledo,36.0,0.5,0.9,12,7
8999,2024,03/25,15.133.462.748.271.900,Toledo,36.0,0.5,0.9,12,7
9000,2015,03/25,14.375.299.471.923.400,Cascavel,36.0,0.5,0.9,13,6
9001,2016,03/25,7.840.748.009.711.220,Cascavel,36.0,0.5,0.9,13,6
9002,2017,03/25,13.477.871.725.891.000,Cascavel,36.0,0.5,0.9,13,6
9003,2018,03/25,13.051.743.589.791.100,Cascavel,36.0,0.5,0.9,13,6
9004,2019,03/25,14.337.053.344.945.100,Cascavel,36.0,0.5,0.9,13,6
9005,2020,03/25,13.171.167.909.077.100,Cascavel,36.0,0.5,0.9,13,6
9006,2021,03/25,1.325.195.812.491.280,Cascavel,36.0,0.5,0.9,13,6
9007,2022,03/25,12.345.288.475.191.200,Cascavel,36.0,0.5,0.9,13,6
9008,2023,03/25,13.928.202.333.138.400,Cascavel,36.0,0.5,0.9,13,6
9009,2024,03/25,14.265.852.296.706.500,Cascavel,36.0,0.5,0.9,13,6
9010,2015,03/25,15.521.935.869.961.000,Foz do Iguaçu,36.0,0.5,0.9,13,6
9011,2016,03/25,12.285.931.616.575.300,Foz do Iguaçu,36.0,0.5,0.9,13,6
9012,2017,03/25,1.498.349.500.428.150,Foz do Iguaçu,36.0,0.5,0.9,13,6
9013,2018,03/25,14.230.080.070.472.500,Foz do Iguaçu,36.0,0.5,0.9,13,6
9014,2019,03/25,15.296.910.687.830.000,Foz do Iguaçu,36.0,0.5,0.9,13,6
9015,2020,03/25,13.932.512.205.911.800,Foz do Iguaçu,36.0,0.5,0.9,13,6
9016,2021,03/25,1.455.847.897.261.910,Foz do Iguaçu,36.0,0.5,0.9,13,6
9017,2022,03/25,13.540.404.359.867.900,Foz do Iguaçu,36.0,0.5,0.9,13,6
9018,2023,03/25,1.551.239.945.022.080,Foz do Iguaçu,36.0,0.5,0.9,13,6
9019,2024,03/25,13.891.596.231.571.600,Foz do Iguaçu,36.0,0.5,0.9,13,6
9020,2015,03/25,16.044.361.386.099.600,Guaíra,36.0,0.5,0.9,13,6
9021,2016,03/25,131.125.945.078.876,Guaíra,36.0,0.5,0.9,13,6
9022,2017,03/25,1.526.196.727.607.540,Guaíra,36.0,0.5,0.9,13,6
9023,2018,03/25,15.175.068.147.347.500,Guaíra,36.0,0.5,0.9,13,6
9024,2019,03/25,1.586.559.215.248.370,Guaíra,36.0,0.5,0.9,13,6
9025,2020,03/25,15.443.458.663.558.900,Guaíra,36.0,0.5,0.9,13,6
9026,2021,03/25,14.846.464.547.691.400,Guaíra,36.0,0.5,0.9,13,6
9027,2022,03/25,1.429.648.213.058.260,Guaíra,36.0,0.5,0.9,13,6
9028,2023,03/25,15.624.832.272.030.100,Guaíra,36.0,0.5,0.9,13,6
9029,2024,03/25,15.717.711.060.639.900,Guaíra,36.0,0.5,0.9,13,6
9030,2015,03/25,16.057.110.181.975.700,Marechal Cândido Rondon,36.0,0.5,0.9,13,6
9031,2016,03/25,13.216.892.468.532.400,Marechal Cândido Rondon,36.0,0.5,0.9,13,6
9032,2017,03/25,15.394.147.614.687.900,Marechal Cândido Rondon,36.0,0.5,0.9,13,6
9033,2018,03/25,15.240.589.436.293.700,Marechal Cândido Rondon,36.0,0.5,0.9,13,6
9034,2019,03/25,15.862.230.003.549.000,Marechal Cândido Rondon,36.0,0.5,0.9,13,6
9035,2020,03/25,15.304.221.926.183.400,Marechal Cândido Rondon,36.0,0.5,0.9,13,6
9036,2021,03/25,15.166.049.279.962.100,Marechal Cândido Rondon,36.0,0.5,0.9,13,6
9037,2022,03/25,14.345.012.553.666.900,Marechal Cândido Rondon,36.0,0.5,0.9,13,6
9038,2023,03/25,1.579.182.536.579.460,Marechal Cândido Rondon,36.0,0.5,0.9,13,6
9039,2024,03/25,15.334.694.089.272.600,Marechal Cândido Rondon,36.0,0.5,0.9,13,6
9040,2015,03/25,14.874.624.646.386.100,Matelândia,36.0,0.5,0.9,13,6
9041,2016,03/25,8.907.532.501.086.200,Matelândia,36.0,0.5,0.9,13,6
9042,2017,03/25,14.392.755.122.339.800,Matelândia,36.0,0.5,0.9,13,6
9043,2018,03/25,13.518.061.249.646.000,Matelândia,36.0,0.5,0.9,13,6
9044,2019,03/25,14.805.803.159.858.800,Matelândia,36.0,0.5,0.9,13,6
9045,2020,03/25,13.479.542.953.957.100,Matelândia,36.0,0.5,0.9,13,6
9046,2021,03/25,14.140.313.322.160.200,Matelândia,36.0,0.5,0.9,13,6
9047,2022,03/25,12.944.967.334.651.900,Matelândia,36.0,0.5,0.9,13,6
9048,2023,03/25,14.917.586.494.517.300,Matelândia,36.0,0.5,0.9,13,6
9049,2024,03/25,13.903.099.460.961,Matelândia,36.0,0.5,0.9,13,6
9050,2015,03/25,15.521.935.869.961.000,Medianeira,36.0,0.5,0.9,13,6
9051,2016,03/25,12.285.440.391.780.500,Medianeira,36.0,0.5,0.9,13,6
9052,2017,03/25,1.498.344.861.678.680,Medianeira,36.0,0.5,0.9,13,6
9053,2018,03/25,14.229.731.056.032,Medianeira,36.0,0.5,0.9,13,6
9054,2019,03/25,15.296.866.297.558.700,Medianeira,36.0,0.5,0.9,13,6
9055,2020,03/25,13.932.184.600.320.900,Medianeira,36.0,0.5,0.9,13,6
9056,2021,03/25,14.557.445.654.370.600,Medianeira,36.0,0.5,0.9,13,6
9057,2022,03/25,13.540.404.359.867.900,Medianeira,36.0,0.5,0.9,13,6
9058,2023,03/25,15.511.929.633.391.300,Medianeira,36.0,0.5,0.9,13,6
9059,2024,03/25,1.389.146.304.893.130,Medianeira,36.0,0.5,0.9,13,6
9060,2015,03/25,16.007.958.107.963.300,Santa Helena,36.0,0.5,0.9,13,6
9061,2016,03/25,13.170.804.698.641.900,Santa Helena,36.0,0.5,0.9,13,6
9062,2017,03/25,15.382.973.594.374.100,Santa Helena,36.0,0.5,0.9,13,6
9063,2018,03/25,14.928.590.254.140.300,Santa Helena,36.0,0.5,0.9,13,6
9064,2019,03/25,15.675.302.079.371.900,Santa Helena,36.0,0.5,0.9,13,6
9065,2020,03/25,14.918.408.148.555.500,Santa Helena,36.0,0.5,0.9,13,6
9066,2021,03/25,15.005.828.420.789.200,Santa Helena,36.0,0.5,0.9,13,6
9067,2022,03/25,1.429.980.993.849.460,Santa Helena,36.0,0.5,0.9,13,6
9068,2023,03/25,15.857.496.767.021.700,Santa Helena,36.0,0.5,0.9,13,6
9069,2024,03/25,14.732.399.330.563.400,Santa Helena,36.0,0.5,0.9,13,6
9070,2015,03/25,15.521.935.869.961.000,São Miguel do Iguaçu,36.0,0.5,0.9,13,6
9071,2016,03/25,12.285.837.783.953.300,São Miguel do Iguaçu,36.0,0.5,0.9,13,6
9072,2017,03/25,14.983.479.267.843.500,São Miguel do Iguaçu,36.0,0.5,0.9,13,6
9073,2018,03/25,14.230.020.644.048.200,São Miguel do Iguaçu,36.0,0.5,0.9,13,6
9074,2019,03/25,15.296.906.703.443.500,São Miguel do Iguaçu,36.0,0.5,0.9,13,6
9075,2020,03/25,13.932.463.106.727.300,São Miguel do Iguaçu,36.0,0.5,0.9,13,6
9076,2021,03/25,14.558.342.579.454.400,São Miguel do Iguaçu,36.0,0.5,0.9,13,6
9077,2022,03/25,13.540.404.359.867.900,São Miguel do Iguaçu,36.0,0.5,0.9,13,6
9078,2023,03/25,15.512.363.702.442.700,São Miguel do Iguaçu,36.0,0.5,0.9,13,6
9079,2024,03/25,13.891.564.444.215.300,São Miguel do Iguaçu,36.0,0.5,0.9,13,6
9080,2015,03/25,14.454.442.749.508.600,São Pedro do Iguaçu,36.0,0.5,0.9,13,6
9081,2016,03/25,7.283.039.142.530.220,São Pedro do Iguaçu,36.0,0.5,0.9,13,6
9082,2017,03/25,13.886.621.000.285.900,São Pedro do Iguaçu,36.0,0.5,0.9,13,6
9083,2018,03/25,13.437.222.678.831.800,São Pedro do Iguaçu,36.0,0.5,0.9,13,6
9084,2019,03/25,14.533.489.293.007.100,São Pedro do Iguaçu,36.0,0.5,0.9,13,6
9085,2020,03/25,1.337.809.929.173.200,São Pedro do Iguaçu,36.0,0.5,0.9,13,6
9086,2021,03/25,13.831.393.434.556.000,São Pedro do Iguaçu,36.0,0.5,0.9,13,6
9087,2022,03/25,12.491.361.306.396.900,São Pedro do Iguaçu,36.0,0.5,0.9,13,6
9088,2023,03/25,1.462.349.314.784.700,São Pedro do Iguaçu,36.0,0.5,0.9,13,6
9089,2024,03/25,1.396.981.940.962.730,São Pedro do Iguaçu,36.0,0.5,0.9,13,6
9090,2015,03/25,15.223.759.830.968.900,Toledo,36.0,0.5,0.9,13,6
9091,2016,03/25,10.580.255.171.682.400,Toledo,36.0,0.5,0.9,13,6
9092,2017,03/25,14.442.128.414.194.700,Toledo,36.0,0.5,0.9,13,6
9093,2018,03/25,1.448.494.586.881.640,Toledo,36.0,0.5,0.9,13,6
9094,2019,03/25,15.197.085.181.925.500,Toledo,36.0,0.5,0.9,13,6
9095,2020,03/25,14.639.724.849.699.800,Toledo,36.0,0.5,0.9,13,6
9096,2021,03/25,1.441.549.859.495.380,Toledo,36.0,0.5,0.9,13,6
9097,2022,03/25,13.240.597.454.248.300,Toledo,36.0,0.5,0.9,13,6
9098,2023,03/25,15.153.302.812.612.500,Toledo,36.0,0.5,0.9,13,6
9099,2024,03/25,15.133.462.748.271.900,Toledo,36.0,0.5,0.9,13,6
9100,2015,03/25,14.375.299.471.923.400,Cascavel,36.0,0.5,0.9,13,7
9101,2016,03/25,7.840.748.009.711.220,Cascavel,36.0,0.5,0.9,13,7
9102,2017,03/25,13.477.871.725.891.000,Cascavel,36.0,0.5,0.9,13,7
9103,2018,03/25,13.051.743.589.791.100,Cascavel,36.0,0.5,0.9,13,7
9104,2019,03/25,14.337.053.344.945.100,Cascavel,36.0,0.5,0.9,13,7
9105,2020,03/25,13.171.167.909.077.100,Cascavel,36.0,0.5,0.9,13,7
9106,2021,03/25,1.325.195.812.491.280,Cascavel,36.0,0.5,0.9,13,7
9107,2022,03/25,12.345.288.475.191.200,Cascavel,36.0,0.5,0.9,13,7
9108,2023,03/25,13.928.202.333.138.400,Cascavel,36.0,0.5,0.9,13,7
9109,2024,03/25,14.265.852.296.706.500,Cascavel,36.0,0.5,0.9,13,7
9110,2015,03/25,15.521.935.869.961.000,Foz do Iguaçu,36.0,0.5,0.9,13,7
9111,2016,03/25,12.285.931.616.575.300,Foz do Iguaçu,36.0,0.5,0.9,13,7
9112,2017,03/25,1.498.349.500.428.150,Foz do Iguaçu,36.0,0.5,0.9,13,7
9113,2018,03/25,14.230.080.070.472.500,Foz do Iguaçu,36.0,0.5,0.9,13,7
9114,2019,03/25,15.296.910.687.830.000,Foz do Iguaçu,36.0,0.5,0.9,13,7
9115,2020,03/25,13.932.512.205.911.800,Foz do Iguaçu,36.0,0.5,0.9,13,7
9116,2021,03/25,1.455.847.897.261.910,Foz do Iguaçu,36.0,0.5,0.9,13,7
9117,2022,03/25,13.540.404.359.867.900,Foz do Iguaçu,36.0,0.5,0.9,13,7
9118,2023,03/25,1.551.239.945.022.080,Foz do Iguaçu,36.0,0.5,0.9,13,7
9119,2024,03/25,13.891.596.231.571.600,Foz do Iguaçu,36.0,0.5,0.9,13,7
9120,2015,03/25,16.044.361.386.099.600,Guaíra,36.0,0.5,0.9,13,7
9121,2016,03/25,131.125.945.078.876,Guaíra,36.0,0.5,0.9,13,7
9122,2017,03/25,1.526.196.727.607.540,Guaíra,36.0,0.5,0.9,13,7
9123,2018,03/25,15.175.068.147.347.500,Guaíra,36.0,0.5,0.9,13,7
9124,2019,03/25,1.586.559.215.248.370,Guaíra,36.0,0.5,0.9,13,7
9125,2020,03/25,15.443.458.663.558.900,Guaíra,36.0,0.5,0.9,13,7
9126,2021,03/25,14.846.464.547.691.400,Guaíra,36.0,0.5,0.9,13,7
9127,2022,03/25,1.429.648.213.058.260,Guaíra,36.0,0.5,0.9,13,7
9128,2023,03/25,15.624.832.272.030.100,Guaíra,36.0,0.5,0.9,13,7
9129,2024,03/25,15.717.711.060.639.900,Guaíra,36.0,0.5,0.9,13,7
9130,2015,03/25,16.057.110.181.975.700,Marechal Cândido Rondon,36.0,0.5,0.9,13,7
9131,2016,03/25,13.216.892.468.532.400,Marechal Cândido Rondon,36.0,0.5,0.9,13,7
9132,2017,03/25,15.394.147.614.687.900,Marechal Cândido Rondon,36.0,0.5,0.9,13,7
9133,2018,03/25,15.240.589.436.293.700,Marechal Cândido Rondon,36.0,0.5,0.9,13,7
9134,2019,03/25,15.862.230.003.549.000,Marechal Cândido Rondon,36.0,0.5,0.9,13,7
9135,2020,03/25,15.304.221.926.183.400,Marechal Cândido Rondon,36.0,0.5,0.9,13,7
9136,2021,03/25,15.166.049.279.962.100,Marechal Cândido Rondon,36.0,0.5,0.9,13,7
9137,2022,03/25,14.345.012.553.666.900,Marechal Cândido Rondon,36.0,0.5,0.9,13,7
9138,2023,03/25,1.579.182.536.579.460,Marechal Cândido Rondon,36.0,0.5,0.9,13,7
9139,2024,03/25,15.334.694.089.272.600,Marechal Cândido Rondon,36.0,0.5,0.9,13,7
9140,2015,03/25,14.874.624.646.386.100,Matelândia,36.0,0.5,0.9,13,7
9141,2016,03/25,8.907.532.501.086.200,Matelândia,36.0,0.5,0.9,13,7
9142,2017,03/25,14.392.755.122.339.800,Matelândia,36.0,0.5,0.9,13,7
9143,2018,03/25,13.518.061.249.646.000,Matelândia,36.0,0.5,0.9,13,7
9144,2019,03/25,14.805.803.159.858.800,Matelândia,36.0,0.5,0.9,13,7
9145,2020,03/25,13.479.542.953.957.100,Matelândia,36.0,0.5,0.9,13,7
9146,2021,03/25,14.140.313.322.160.200,Matelândia,36.0,0.5,0.9,13,7
9147,2022,03/25,12.944.967.334.651.900,Matelândia,36.0,0.5,0.9,13,7
9148,2023,03/25,14.917.586.494.517.300,Matelândia,36.0,0.5,0.9,13,7
9149,2024,03/25,13.903.099.460.961,Matelândia,36.0,0.5,0.9,13,7
9150,2015,03/25,15.521.935.869.961.000,Medianeira,36.0,0.5,0.9,13,7
9151,2016,03/25,12.285.440.391.780.500,Medianeira,36.0,0.5,0.9,13,7
9152,2017,03/25,1.498.344.861.678.680,Medianeira,36.0,0.5,0.9,13,7
9153,2018,03/25,14.229.731.056.032,Medianeira,36.0,0.5,0.9,13,7
9154,2019,03/25,15.296.866.297.558.700,Medianeira,36.0,0.5,0.9,13,7
9155,2020,03/25,13.932.184.600.320.900,Medianeira,36.0,0.5,0.9,13,7
9156,2021,03/25,14.557.445.654.370.600,Medianeira,36.0,0.5,0.9,13,7
9157,2022,03/25,13.540.404.359.867.900,Medianeira,36.0,0.5,0.9,13,7
9158,2023,03/25,15.511.929.633.391.300,Medianeira,36.0,0.5,0.9,13,7
9159,2024,03/25,1.389.146.304.893.130,Medianeira,36.0,0.5,0.9,13,7
9160,2015,03/25,16.007.958.107.963.300,Santa Helena,36.0,0.5,0.9,13,7
9161,2016,03/25,13.170.804.698.641.900,Santa Helena,36.0,0.5,0.9,13,7
9162,2017,03/25,15.382.973.594.374.100,Santa Helena,36.0,0.5,0.9,13,7
9163,2018,03/25,14.928.590.254.140.300,Santa Helena,36.0,0.5,0.9,13,7
9164,2019,03/25,15.675.302.079.371.900,Santa Helena,36.0,0.5,0.9,13,7
9165,2020,03/25,14.918.408.148.555.500,Santa Helena,36.0,0.5,0.9,13,7
9166,2021,03/25,15.005.828.420.789.200,Santa Helena,36.0,0.5,0.9,13,7
9167,2022,03/25,1.429.980.993.849.460,Santa Helena,36.0,0.5,0.9,13,7
9168,2023,03/25,15.857.496.767.021.700,Santa Helena,36.0,0.5,0.9,13,7
9169,2024,03/25,14.732.399.330.563.400,Santa Helena,36.0,0.5,0.9,13,7
9170,2015,03/25,15.521.935.869.961.000,São Miguel do Iguaçu,36.0,0.5,0.9,13,7
9171,2016,03/25,12.285.837.783.953.300,São Miguel do Iguaçu,36.0,0.5,0.9,13,7
9172,2017,03/25,14.983.479.267.843.500,São Miguel do Iguaçu,36.0,0.5,0.9,13,7
9173,2018,03/25,14.230.020.644.048.200,São Miguel do Iguaçu,36.0,0.5,0.9,13,7
9174,2019,03/25,15.296.906.703.443.500,São Miguel do Iguaçu,36.0,0.5,0.9,13,7
9175,2020,03/25,13.932.463.106.727.300,São Miguel do Iguaçu,36.0,0.5,0.9,13,7
9176,2021,03/25,14.558.342.579.454.400,São Miguel do Iguaçu,36.0,0.5,0.9,13,7
9177,2022,03/25,13.540.404.359.867.900,São Miguel do Iguaçu,36.0,0.5,0.9,13,7
9178,2023,03/25,15.512.363.702.442.700,São Miguel do Iguaçu,36.0,0.5,0.9,13,7
9179,2024,03/25,13.891.564.444.215.300,São Miguel do Iguaçu,36.0,0.5,0.9,13,7
9180,2015,03/25,14.454.442.749.508.600,São Pedro do Iguaçu,36.0,0.5,0.9,13,7
9181,2016,03/25,7.283.039.142.530.220,São Pedro do Iguaçu,36.0,0.5,0.9,13,7
9182,2017,03/25,13.886.621.000.285.900,São Pedro do Iguaçu,36.0,0.5,0.9,13,7
9183,2018,03/25,13.437.222.678.831.800,São Pedro do Iguaçu,36.0,0.5,0.9,13,7
9184,2019,03/25,14.533.489.293.007.100,São Pedro do Iguaçu,36.0,0.5,0.9,13,7
9185,2020,03/25,1.337.809.929.173.200,São Pedro do Iguaçu,36.0,0.5,0.9,13,7
9186,2021,03/25,13.831.393.434.556.000,São Pedro do Iguaçu,36.0,0.5,0.9,13,7
9187,2022,03/25,12.491.361.306.396.900,São Pedro do Iguaçu,36.0,0.5,0.9,13,7
9188,2023,03/25,1.462.349.314.784.700,São Pedro do Iguaçu,36.0,0.5,0.9,13,7
9189,2024,03/25,1.396.981.940.962.730,São Pedro do Iguaçu,36.0,0.5,0.9,13,7
9190,2015,03/25,15.223.759.830.968.900,Toledo,36.0,0.5,0.9,13,7
9191,2016,03/25,10.580.255.171.682.400,Toledo,36.0,0.5,0.9,13,7
9192,2017,03/25,14.442.128.414.194.700,Toledo,36.0,0.5,0.9,13,7
9193,2018,03/25,1.448.494.586.881.640,Toledo,36.0,0.5,0.9,13,7
9194,2019,03/25,15.197.085.181.925.500,Toledo,36.0,0.5,0.9,13,7
9195,2020,03/25,14.639.724.849.699.800,Toledo,36.0,0.5,0.9,13,7
9196,2021,03/25,1.441.549.859.495.380,Toledo,36.0,0.5,0.9,13,7
9197,2022,03/25,13.240.597.454.248.300,Toledo,36.0,0.5,0.9,13,7
9198,2023,03/25,15.153.302.812.612.500,Toledo,36.0,0.5,0.9,13,7
9199,2024,03/25,15.133.462.748.271.900,Toledo,36.0,0.5,0.9,13,7
9200,2015,03/25,14.824.335.775.675.500,Cascavel,36.0,0.5,0.95,12,6
9201,2016,03/25,8.087.837.411.221.730,Cascavel,36.0,0.5,0.95,12,6
9202,2017,03/25,13.906.516.453.167.800,Cascavel,36.0,0.5,0.95,12,6
9203,2018,03/25,13.450.650.446.356.800,Cascavel,36.0,0.5,0.95,12,6
9204,2019,03/25,1.478.695.202.375.340,Cascavel,36.0,0.5,0.95,12,6
9205,2020,03/25,1.357.839.645.018.680,Cascavel,36.0,0.5,0.95,12,6
9206,2021,03/25,13.648.721.257.024.200,Cascavel,36.0,0.5,0.95,12,6
9207,2022,03/25,12.723.617.316.071.800,Cascavel,36.0,0.5,0.95,12,6
9208,2023,03/25,14.368.971.253.870.900,Cascavel,36.0,0.5,0.95,12,6
9209,2024,03/25,1.471.541.618.870.070,Cascavel,36.0,0.5,0.95,12,6
9210,2015,03/25,1.601.034.878.865.780,Foz do Iguaçu,36.0,0.5,0.95,12,6
9211,2016,03/25,12.675.903.384.614.100,Foz do Iguaçu,36.0,0.5,0.95,12,6
9212,2017,03/25,1.545.903.667.826.660,Foz do Iguaçu,36.0,0.5,0.95,12,6
9213,2018,03/25,1.467.048.151.584.810,Foz do Iguaçu,36.0,0.5,0.95,12,6
9214,2019,03/25,15.775.900.060.342.700,Foz do Iguaçu,36.0,0.5,0.95,12,6
9215,2020,03/25,14.364.185.591.660.300,Foz do Iguaçu,36.0,0.5,0.95,12,6
9216,2021,03/25,14.999.428.959.039.600,Foz do Iguaçu,36.0,0.5,0.95,12,6
9217,2022,03/25,13.959.698.853.211.200,Foz do Iguaçu,36.0,0.5,0.95,12,6
9218,2023,03/25,16.002.517.024.136.500,Foz do Iguaçu,36.0,0.5,0.95,12,6
9219,2024,03/25,14.331.338.766.532.900,Foz do Iguaçu,36.0,0.5,0.95,12,6
9220,2015,03/25,16.550.890.411.465.600,Guaíra,36.0,0.5,0.95,12,6
9221,2016,03/25,13.529.473.944.632.500,Guaíra,36.0,0.5,0.95,12,6
9222,2017,03/25,15.745.788.253.012.300,Guaíra,36.0,0.5,0.95,12,6
9223,2018,03/25,15.650.165.030.922.700,Guaíra,36.0,0.5,0.95,12,6
9224,2019,03/25,16.365.820.497.680.300,Guaíra,36.0,0.5,0.95,12,6
9225,2020,03/25,15.927.044.001.779.100,Guaíra,36.0,0.5,0.95,12,6
9226,2021,03/25,15.298.520.315.107.500,Guaíra,36.0,0.5,0.95,12,6
9227,2022,03/25,14.742.721.692.908.800,Guaíra,36.0,0.5,0.95,12,6
9228,2023,03/25,16.119.666.576.335.400,Guaíra,36.0,0.5,0.95,12,6
9229,2024,03/25,1.621.544.824.839.100,Guaíra,36.0,0.5,0.95,12,6
9230,2015,03/25,1.656.378.467.386.790,Marechal Cândido Rondon,36.0,0.5,0.95,12,6
9231,2016,03/25,1.363.627.195.347.590,Marechal Cândido Rondon,36.0,0.5,0.95,12,6
9232,2017,03/25,15.881.649.770.311.100,Marechal Cândido Rondon,36.0,0.5,0.95,12,6
9233,2018,03/25,1.571.613.910.973.040,Marechal Cândido Rondon,36.0,0.5,0.95,12,6
9234,2019,03/25,1.636.181.448.804.200,Marechal Cândido Rondon,36.0,0.5,0.95,12,6
9235,2020,03/25,15.783.340.536.591.500,Marechal Cândido Rondon,36.0,0.5,0.95,12,6
9236,2021,03/25,15.627.880.798.897.700,Marechal Cândido Rondon,36.0,0.5,0.95,12,6
9237,2022,03/25,14.793.385.686.671.100,Marechal Cândido Rondon,36.0,0.5,0.95,12,6
9238,2023,03/25,1.629.188.030.382.080,Marechal Cândido Rondon,36.0,0.5,0.95,12,6
9239,2024,03/25,15.820.580.895.535.300,Marechal Cândido Rondon,36.0,0.5,0.95,12,6
9240,2015,03/25,15.341.564.033.217.100,Matelândia,36.0,0.5,0.95,12,6
9241,2016,03/25,9.189.893.913.193.690,Matelândia,36.0,0.5,0.95,12,6
9242,2017,03/25,14.851.008.203.275.200,Matelândia,36.0,0.5,0.95,12,6
9243,2018,03/25,13.933.480.285.499.200,Matelândia,36.0,0.5,0.95,12,6
9244,2019,03/25,15.269.501.950.464.500,Matelândia,36.0,0.5,0.95,12,6
9245,2020,03/25,1.389.697.118.959.440,Matelândia,36.0,0.5,0.95,12,6
9246,2021,03/25,14.566.724.929.908.400,Matelândia,36.0,0.5,0.95,12,6
9247,2022,03/25,13.343.607.671.143.700,Matelândia,36.0,0.5,0.95,12,6
9248,2023,03/25,15.388.876.886.841.800,Matelândia,36.0,0.5,0.95,12,6
9249,2024,03/25,14.342.529.010.853.600,Matelândia,36.0,0.5,0.95,12,6
9250,2015,03/25,1.601.034.878.865.780,Medianeira,36.0,0.5,0.95,12,6
9251,2016,03/25,12.675.400.335.991.500,Medianeira,36.0,0.5,0.95,12,6
9252,2017,03/25,1.545.898.884.179.130,Medianeira,36.0,0.5,0.95,12,6
9253,2018,03/25,14.670.103.378.999.900,Medianeira,36.0,0.5,0.95,12,6
9254,2019,03/25,15.775.854.114.469.500,Medianeira,36.0,0.5,0.95,12,6
9255,2020,03/25,14.363.852.207.000.100,Medianeira,36.0,0.5,0.95,12,6
9256,2021,03/25,14.998.348.871.355.100,Medianeira,36.0,0.5,0.95,12,6
9257,2022,03/25,13.959.698.853.211.200,Medianeira,36.0,0.5,0.95,12,6
9258,2023,03/25,16.002.031.357.523.200,Medianeira,36.0,0.5,0.95,12,6
9259,2024,03/25,14.331.201.177.344.800,Medianeira,36.0,0.5,0.95,12,6
9260,2015,03/25,1.651.309.554.724.420,Santa Helena,36.0,0.5,0.95,12,6
9261,2016,03/25,13.588.404.024.388.200,Santa Helena,36.0,0.5,0.95,12,6
9262,2017,03/25,15.869.828.548.320.600,Santa Helena,36.0,0.5,0.95,12,6
9263,2018,03/25,15.392.991.150.765.300,Santa Helena,36.0,0.5,0.95,12,6
9264,2019,03/25,16.167.964.364.338.400,Santa Helena,36.0,0.5,0.95,12,6
9265,2020,03/25,15.383.414.540.870.700,Santa Helena,36.0,0.5,0.95,12,6
9266,2021,03/25,15.461.678.063.378.500,Santa Helena,36.0,0.5,0.95,12,6
9267,2022,03/25,14.745.645.484.299.300,Santa Helena,36.0,0.5,0.95,12,6
9268,2023,03/25,1.635.918.315.708.470,Santa Helena,36.0,0.5,0.95,12,6
9269,2024,03/25,15.198.789.480.730.200,Santa Helena,36.0,0.5,0.95,12,6
9270,2015,03/25,1.601.034.878.865.780,São Miguel do Iguaçu,36.0,0.5,0.95,12,6
9271,2016,03/25,1.267.580.731.976.650,São Miguel do Iguaçu,36.0,0.5,0.95,12,6
9272,2017,03/25,15.459.020.450.268.000,São Miguel do Iguaçu,36.0,0.5,0.95,12,6
9273,2018,03/25,14.670.419.067.128.000,São Miguel do Iguaçu,36.0,0.5,0.95,12,6
9274,2019,03/25,15.775.895.936.321.300,São Miguel do Iguaçu,36.0,0.5,0.95,12,6
9275,2020,03/25,14.364.146.295.950.700,São Miguel do Iguaçu,36.0,0.5,0.95,12,6
9276,2021,03/25,14.999.282.578.324.000,São Miguel do Iguaçu,36.0,0.5,0.95,12,6
9277,2022,03/25,13.959.698.853.211.200,São Miguel do Iguaçu,36.0,0.5,0.95,12,6
9278,2023,03/25,16.002.480.070.810.400,São Miguel do Iguaçu,36.0,0.5,0.95,12,6
9279,2024,03/25,14.331.305.927.056.200,São Miguel do Iguaçu,36.0,0.5,0.95,12,6
9280,2015,03/25,14.907.019.839.122.700,São Pedro do Iguaçu,36.0,0.5,0.95,12,6
9281,2016,03/25,7.513.410.257.359.920,São Pedro do Iguaçu,36.0,0.5,0.95,12,6
9282,2017,03/25,1.432.898.307.203.890,São Pedro do Iguaçu,36.0,0.5,0.95,12,6
9283,2018,03/25,13.848.068.184.857.800,São Pedro do Iguaçu,36.0,0.5,0.95,12,6
9284,2019,03/25,14.987.884.538.461.100,São Pedro do Iguaçu,36.0,0.5,0.95,12,6
9285,2020,03/25,13.791.008.717.981.700,São Pedro do Iguaçu,36.0,0.5,0.95,12,6
9286,2021,03/25,14.247.861.013.413.000,São Pedro do Iguaçu,36.0,0.5,0.95,12,6
9287,2022,03/25,1.287.539.914.135.240,São Pedro do Iguaçu,36.0,0.5,0.95,12,6
9288,2023,03/25,15.086.691.614.917.300,São Pedro do Iguaçu,36.0,0.5,0.95,12,6
9289,2024,03/25,14.410.902.440.638.900,São Pedro do Iguaçu,36.0,0.5,0.95,12,6
9290,2015,03/25,15.701.827.189.582.800,Toledo,36.0,0.5,0.95,12,6
9291,2016,03/25,10.915.342.513.296.400,Toledo,36.0,0.5,0.95,12,6
9292,2017,03/25,14.901.003.423.625.000,Toledo,36.0,0.5,0.95,12,6
9293,2018,03/25,1.493.550.335.214.130,Toledo,36.0,0.5,0.95,12,6
9294,2019,03/25,15.675.381.918.331.700,Toledo,36.0,0.5,0.95,12,6
9295,2020,03/25,15.096.171.125.423.600,Toledo,36.0,0.5,0.95,12,6
9296,2021,03/25,14.850.742.905.278.600,Toledo,36.0,0.5,0.95,12,6
9297,2022,03/25,13.650.667.987.290.600,Toledo,36.0,0.5,0.95,12,6
9298,2023,03/25,15.633.642.477.275.700,Toledo,36.0,0.5,0.95,12,6
9299,2024,03/25,15.612.140.412.002.500,Toledo,36.0,0.5,0.95,12,6
9300,2015,03/25,14.824.335.775.675.500,Cascavel,36.0,0.5,0.95,12,7
9301,2016,03/25,8.087.837.411.221.730,Cascavel,36.0,0.5,0.95,12,7
9302,2017,03/25,13.906.516.453.167.800,Cascavel,36.0,0.5,0.95,12,7
9303,2018,03/25,13.450.650.446.356.800,Cascavel,36.0,0.5,0.95,12,7
9304,2019,03/25,1.478.695.202.375.340,Cascavel,36.0,0.5,0.95,12,7
9305,2020,03/25,1.357.839.645.018.680,Cascavel,36.0,0.5,0.95,12,7
9306,2021,03/25,13.648.721.257.024.200,Cascavel,36.0,0.5,0.95,12,7
9307,2022,03/25,12.723.617.316.071.800,Cascavel,36.0,0.5,0.95,12,7
9308,2023,03/25,14.368.971.253.870.900,Cascavel,36.0,0.5,0.95,12,7
9309,2024,03/25,1.471.541.618.870.070,Cascavel,36.0,0.5,0.95,12,7
9310,2015,03/25,1.601.034.878.865.780,Foz do Iguaçu,36.0,0.5,0.95,12,7
9311,2016,03/25,12.675.903.384.614.100,Foz do Iguaçu,36.0,0.5,0.95,12,7
9312,2017,03/25,1.545.903.667.826.660,Foz do Iguaçu,36.0,0.5,0.95,12,7
9313,2018,03/25,1.467.048.151.584.810,Foz do Iguaçu,36.0,0.5,0.95,12,7
9314,2019,03/25,15.775.900.060.342.700,Foz do Iguaçu,36.0,0.5,0.95,12,7
9315,2020,03/25,14.364.185.591.660.300,Foz do Iguaçu,36.0,0.5,0.95,12,7
9316,2021,03/25,14.999.428.959.039.600,Foz do Iguaçu,36.0,0.5,0.95,12,7
9317,2022,03/25,13.959.698.853.211.200,Foz do Iguaçu,36.0,0.5,0.95,12,7
9318,2023,03/25,16.002.517.024.136.500,Foz do Iguaçu,36.0,0.5,0.95,12,7
9319,2024,03/25,14.331.338.766.532.900,Foz do Iguaçu,36.0,0.5,0.95,12,7
9320,2015,03/25,16.550.890.411.465.600,Guaíra,36.0,0.5,0.95,12,7
9321,2016,03/25,13.529.473.944.632.500,Guaíra,36.0,0.5,0.95,12,7
9322,2017,03/25,15.745.788.253.012.300,Guaíra,36.0,0.5,0.95,12,7
9323,2018,03/25,15.650.165.030.922.700,Guaíra,36.0,0.5,0.95,12,7
9324,2019,03/25,16.365.820.497.680.300,Guaíra,36.0,0.5,0.95,12,7
9325,2020,03/25,15.927.044.001.779.100,Guaíra,36.0,0.5,0.95,12,7
9326,2021,03/25,15.298.520.315.107.500,Guaíra,36.0,0.5,0.95,12,7
9327,2022,03/25,14.742.721.692.908.800,Guaíra,36.0,0.5,0.95,12,7
9328,2023,03/25,16.119.666.576.335.400,Guaíra,36.0,0.5,0.95,12,7
9329,2024,03/25,1.621.544.824.839.100,Guaíra,36.0,0.5,0.95,12,7
9330,2015,03/25,1.656.378.467.386.790,Marechal Cândido Rondon,36.0,0.5,0.95,12,7
9331,2016,03/25,1.363.627.195.347.590,Marechal Cândido Rondon,36.0,0.5,0.95,12,7
9332,2017,03/25,15.881.649.770.311.100,Marechal Cândido Rondon,36.0,0.5,0.95,12,7
9333,2018,03/25,1.571.613.910.973.040,Marechal Cândido Rondon,36.0,0.5,0.95,12,7
9334,2019,03/25,1.636.181.448.804.200,Marechal Cândido Rondon,36.0,0.5,0.95,12,7
9335,2020,03/25,15.783.340.536.591.500,Marechal Cândido Rondon,36.0,0.5,0.95,12,7
9336,2021,03/25,15.627.880.798.897.700,Marechal Cândido Rondon,36.0,0.5,0.95,12,7
9337,2022,03/25,14.793.385.686.671.100,Marechal Cândido Rondon,36.0,0.5,0.95,12,7
9338,2023,03/25,1.629.188.030.382.080,Marechal Cândido Rondon,36.0,0.5,0.95,12,7
9339,2024,03/25,15.820.580.895.535.300,Marechal Cândido Rondon,36.0,0.5,0.95,12,7
9340,2015,03/25,15.341.564.033.217.100,Matelândia,36.0,0.5,0.95,12,7
9341,2016,03/25,9.189.893.913.193.690,Matelândia,36.0,0.5,0.95,12,7
9342,2017,03/25,14.851.008.203.275.200,Matelândia,36.0,0.5,0.95,12,7
9343,2018,03/25,13.933.480.285.499.200,Matelândia,36.0,0.5,0.95,12,7
9344,2019,03/25,15.269.501.950.464.500,Matelândia,36.0,0.5,0.95,12,7
9345,2020,03/25,1.389.697.118.959.440,Matelândia,36.0,0.5,0.95,12,7
9346,2021,03/25,14.566.724.929.908.400,Matelândia,36.0,0.5,0.95,12,7
9347,2022,03/25,13.343.607.671.143.700,Matelândia,36.0,0.5,0.95,12,7
9348,2023,03/25,15.388.876.886.841.800,Matelândia,36.0,0.5,0.95,12,7
9349,2024,03/25,14.342.529.010.853.600,Matelândia,36.0,0.5,0.95,12,7
9350,2015,03/25,1.601.034.878.865.780,Medianeira,36.0,0.5,0.95,12,7
9351,2016,03/25,12.675.400.335.991.500,Medianeira,36.0,0.5,0.95,12,7
9352,2017,03/25,1.545.898.884.179.130,Medianeira,36.0,0.5,0.95,12,7
9353,2018,03/25,14.670.103.378.999.900,Medianeira,36.0,0.5,0.95,12,7
9354,2019,03/25,15.775.854.114.469.500,Medianeira,36.0,0.5,0.95,12,7
9355,2020,03/25,14.363.852.207.000.100,Medianeira,36.0,0.5,0.95,12,7
9356,2021,03/25,14.998.348.871.355.100,Medianeira,36.0,0.5,0.95,12,7
9357,2022,03/25,13.959.698.853.211.200,Medianeira,36.0,0.5,0.95,12,7
9358,2023,03/25,16.002.031.357.523.200,Medianeira,36.0,0.5,0.95,12,7
9359,2024,03/25,14.331.201.177.344.800,Medianeira,36.0,0.5,0.95,12,7
9360,2015,03/25,1.651.309.554.724.420,Santa Helena,36.0,0.5,0.95,12,7
9361,2016,03/25,13.588.404.024.388.200,Santa Helena,36.0,0.5,0.95,12,7
9362,2017,03/25,15.869.828.548.320.600,Santa Helena,36.0,0.5,0.95,12,7
9363,2018,03/25,15.392.991.150.765.300,Santa Helena,36.0,0.5,0.95,12,7
9364,2019,03/25,16.167.964.364.338.400,Santa Helena,36.0,0.5,0.95,12,7
9365,2020,03/25,15.383.414.540.870.700,Santa Helena,36.0,0.5,0.95,12,7
9366,2021,03/25,15.461.678.063.378.500,Santa Helena,36.0,0.5,0.95,12,7
9367,2022,03/25,14.745.645.484.299.300,Santa Helena,36.0,0.5,0.95,12,7
9368,2023,03/25,1.635.918.315.708.470,Santa Helena,36.0,0.5,0.95,12,7
9369,2024,03/25,15.198.789.480.730.200,Santa Helena,36.0,0.5,0.95,12,7
9370,2015,03/25,1.601.034.878.865.780,São Miguel do Iguaçu,36.0,0.5,0.95,12,7
9371,2016,03/25,1.267.580.731.976.650,São Miguel do Iguaçu,36.0,0.5,0.95,12,7
9372,2017,03/25,15.459.020.450.268.000,São Miguel do Iguaçu,36.0,0.5,0.95,12,7
9373,2018,03/25,14.670.419.067.128.000,São Miguel do Iguaçu,36.0,0.5,0.95,12,7
9374,2019,03/25,15.775.895.936.321.300,São Miguel do Iguaçu,36.0,0.5,0.95,12,7
9375,2020,03/25,14.364.146.295.950.700,São Miguel do Iguaçu,36.0,0.5,0.95,12,7
9376,2021,03/25,14.999.282.578.324.000,São Miguel do Iguaçu,36.0,0.5,0.95,12,7
9377,2022,03/25,13.959.698.853.211.200,São Miguel do Iguaçu,36.0,0.5,0.95,12,7
9378,2023,03/25,16.002.480.070.810.400,São Miguel do Iguaçu,36.0,0.5,0.95,12,7
9379,2024,03/25,14.331.305.927.056.200,São Miguel do Iguaçu,36.0,0.5,0.95,12,7
9380,2015,03/25,14.907.019.839.122.700,São Pedro do Iguaçu,36.0,0.5,0.95,12,7
9381,2016,03/25,7.513.410.257.359.920,São Pedro do Iguaçu,36.0,0.5,0.95,12,7
9382,2017,03/25,1.432.898.307.203.890,São Pedro do Iguaçu,36.0,0.5,0.95,12,7
9383,2018,03/25,13.848.068.184.857.800,São Pedro do Iguaçu,36.0,0.5,0.95,12,7
9384,2019,03/25,14.987.884.538.461.100,São Pedro do Iguaçu,36.0,0.5,0.95,12,7
9385,2020,03/25,13.791.008.717.981.700,São Pedro do Iguaçu,36.0,0.5,0.95,12,7
9386,2021,03/25,14.247.861.013.413.000,São Pedro do Iguaçu,36.0,0.5,0.95,12,7
9387,2022,03/25,1.287.539.914.135.240,São Pedro do Iguaçu,36.0,0.5,0.95,12,7
9388,2023,03/25,15.086.691.614.917.300,São Pedro do Iguaçu,36.0,0.5,0.95,12,7
9389,2024,03/25,14.410.902.440.638.900,São Pedro do Iguaçu,36.0,0.5,0.95,12,7
9390,2015,03/25,15.701.827.189.582.800,Toledo,36.0,0.5,0.95,12,7
9391,2016,03/25,10.915.342.513.296.400,Toledo,36.0,0.5,0.95,12,7
9392,2017,03/25,14.901.003.423.625.000,Toledo,36.0,0.5,0.95,12,7
9393,2018,03/25,1.493.550.335.214.130,Toledo,36.0,0.5,0.95,12,7
9394,2019,03/25,15.675.381.918.331.700,Toledo,36.0,0.5,0.95,12,7
9395,2020,03/25,15.096.171.125.423.600,Toledo,36.0,0.5,0.95,12,7
9396,2021,03/25,14.850.742.905.278.600,Toledo,36.0,0.5,0.95,12,7
9397,2022,03/25,13.650.667.987.290.600,Toledo,36.0,0.5,0.95,12,7
9398,2023,03/25,15.633.642.477.275.700,Toledo,36.0,0.5,0.95,12,7
9399,2024,03/25,15.612.140.412.002.500,Toledo,36.0,0.5,0.95,12,7
9400,2015,03/25,14.824.335.775.675.500,Cascavel,36.0,0.5,0.95,13,6
9401,2016,03/25,8.087.837.411.221.730,Cascavel,36.0,0.5,0.95,13,6
9402,2017,03/25,13.906.516.453.167.800,Cascavel,36.0,0.5,0.95,13,6
9403,2018,03/25,13.450.650.446.356.800,Cascavel,36.0,0.5,0.95,13,6
9404,2019,03/25,1.478.695.202.375.340,Cascavel,36.0,0.5,0.95,13,6
9405,2020,03/25,1.357.839.645.018.680,Cascavel,36.0,0.5,0.95,13,6
9406,2021,03/25,13.648.721.257.024.200,Cascavel,36.0,0.5,0.95,13,6
9407,2022,03/25,12.723.617.316.071.800,Cascavel,36.0,0.5,0.95,13,6
9408,2023,03/25,14.368.971.253.870.900,Cascavel,36.0,0.5,0.95,13,6
9409,2024,03/25,1.471.541.618.870.070,Cascavel,36.0,0.5,0.95,13,6
9410,2015,03/25,1.601.034.878.865.780,Foz do Iguaçu,36.0,0.5,0.95,13,6
9411,2016,03/25,12.675.903.384.614.100,Foz do Iguaçu,36.0,0.5,0.95,13,6
9412,2017,03/25,1.545.903.667.826.660,Foz do Iguaçu,36.0,0.5,0.95,13,6
9413,2018,03/25,1.467.048.151.584.810,Foz do Iguaçu,36.0,0.5,0.95,13,6
9414,2019,03/25,15.775.900.060.342.700,Foz do Iguaçu,36.0,0.5,0.95,13,6
9415,2020,03/25,14.364.185.591.660.300,Foz do Iguaçu,36.0,0.5,0.95,13,6
9416,2021,03/25,14.999.428.959.039.600,Foz do Iguaçu,36.0,0.5,0.95,13,6
9417,2022,03/25,13.959.698.853.211.200,Foz do Iguaçu,36.0,0.5,0.95,13,6
9418,2023,03/25,16.002.517.024.136.500,Foz do Iguaçu,36.0,0.5,0.95,13,6
9419,2024,03/25,14.331.338.766.532.900,Foz do Iguaçu,36.0,0.5,0.95,13,6
9420,2015,03/25,16.550.890.411.465.600,Guaíra,36.0,0.5,0.95,13,6
9421,2016,03/25,13.529.473.944.632.500,Guaíra,36.0,0.5,0.95,13,6
9422,2017,03/25,15.745.788.253.012.300,Guaíra,36.0,0.5,0.95,13,6
9423,2018,03/25,15.650.165.030.922.700,Guaíra,36.0,0.5,0.95,13,6
9424,2019,03/25,16.365.820.497.680.300,Guaíra,36.0,0.5,0.95,13,6
9425,2020,03/25,15.927.044.001.779.100,Guaíra,36.0,0.5,0.95,13,6
9426,2021,03/25,15.298.520.315.107.500,Guaíra,36.0,0.5,0.95,13,6
9427,2022,03/25,14.742.721.692.908.800,Guaíra,36.0,0.5,0.95,13,6
9428,2023,03/25,16.119.666.576.335.400,Guaíra,36.0,0.5,0.95,13,6
9429,2024,03/25,1.621.544.824.839.100,Guaíra,36.0,0.5,0.95,13,6
9430,2015,03/25,1.656.378.467.386.790,Marechal Cândido Rondon,36.0,0.5,0.95,13,6
9431,2016,03/25,1.363.627.195.347.590,Marechal Cândido Rondon,36.0,0.5,0.95,13,6
9432,2017,03/25,15.881.649.770.311.100,Marechal Cândido Rondon,36.0,0.5,0.95,13,6
9433,2018,03/25,1.571.613.910.973.040,Marechal Cândido Rondon,36.0,0.5,0.95,13,6
9434,2019,03/25,1.636.181.448.804.200,Marechal Cândido Rondon,36.0,0.5,0.95,13,6
9435,2020,03/25,15.783.340.536.591.500,Marechal Cândido Rondon,36.0,0.5,0.95,13,6
9436,2021,03/25,15.627.880.798.897.700,Marechal Cândido Rondon,36.0,0.5,0.95,13,6
9437,2022,03/25,14.793.385.686.671.100,Marechal Cândido Rondon,36.0,0.5,0.95,13,6
9438,2023,03/25,1.629.188.030.382.080,Marechal Cândido Rondon,36.0,0.5,0.95,13,6
9439,2024,03/25,15.820.580.895.535.300,Marechal Cândido Rondon,36.0,0.5,0.95,13,6
9440,2015,03/25,15.341.564.033.217.100,Matelândia,36.0,0.5,0.95,13,6
9441,2016,03/25,9.189.893.913.193.690,Matelândia,36.0,0.5,0.95,13,6
9442,2017,03/25,14.851.008.203.275.200,Matelândia,36.0,0.5,0.95,13,6
9443,2018,03/25,13.933.480.285.499.200,Matelândia,36.0,0.5,0.95,13,6
9444,2019,03/25,15.269.501.950.464.500,Matelândia,36.0,0.5,0.95,13,6
9445,2020,03/25,1.389.697.118.959.440,Matelândia,36.0,0.5,0.95,13,6
9446,2021,03/25,14.566.724.929.908.400,Matelândia,36.0,0.5,0.95,13,6
9447,2022,03/25,13.343.607.671.143.700,Matelândia,36.0,0.5,0.95,13,6
9448,2023,03/25,15.388.876.886.841.800,Matelândia,36.0,0.5,0.95,13,6
9449,2024,03/25,14.342.529.010.853.600,Matelândia,36.0,0.5,0.95,13,6
9450,2015,03/25,1.601.034.878.865.780,Medianeira,36.0,0.5,0.95,13,6
9451,2016,03/25,12.675.400.335.991.500,Medianeira,36.0,0.5,0.95,13,6
9452,2017,03/25,1.545.898.884.179.130,Medianeira,36.0,0.5,0.95,13,6
9453,2018,03/25,14.670.103.378.999.900,Medianeira,36.0,0.5,0.95,13,6
9454,2019,03/25,15.775.854.114.469.500,Medianeira,36.0,0.5,0.95,13,6
9455,2020,03/25,14.363.852.207.000.100,Medianeira,36.0,0.5,0.95,13,6
9456,2021,03/25,14.998.348.871.355.100,Medianeira,36.0,0.5,0.95,13,6
9457,2022,03/25,13.959.698.853.211.200,Medianeira,36.0,0.5,0.95,13,6
9458,2023,03/25,16.002.031.357.523.200,Medianeira,36.0,0.5,0.95,13,6
9459,2024,03/25,14.331.201.177.344.800,Medianeira,36.0,0.5,0.95,13,6
9460,2015,03/25,1.651.309.554.724.420,Santa Helena,36.0,0.5,0.95,13,6
9461,2016,03/25,13.588.404.024.388.200,Santa Helena,36.0,0.5,0.95,13,6
9462,2017,03/25,15.869.828.548.320.600,Santa Helena,36.0,0.5,0.95,13,6
9463,2018,03/25,15.392.991.150.765.300,Santa Helena,36.0,0.5,0.95,13,6
9464,2019,03/25,16.167.964.364.338.400,Santa Helena,36.0,0.5,0.95,13,6
9465,2020,03/25,15.383.414.540.870.700,Santa Helena,36.0,0.5,0.95,13,6
9466,2021,03/25,15.461.678.063.378.500,Santa Helena,36.0,0.5,0.95,13,6
9467,2022,03/25,14.745.645.484.299.300,Santa Helena,36.0,0.5,0.95,13,6
9468,2023,03/25,1.635.918.315.708.470,Santa Helena,36.0,0.5,0.95,13,6
9469,2024,03/25,15.198.789.480.730.200,Santa Helena,36.0,0.5,0.95,13,6
9470,2015,03/25,1.601.034.878.865.780,São Miguel do Iguaçu,36.0,0.5,0.95,13,6
9471,2016,03/25,1.267.580.731.976.650,São Miguel do Iguaçu,36.0,0.5,0.95,13,6
9472,2017,03/25,15.459.020.450.268.000,São Miguel do Iguaçu,36.0,0.5,0.95,13,6
9473,2018,03/25,14.670.419.067.128.000,São Miguel do Iguaçu,36.0,0.5,0.95,13,6
9474,2019,03/25,15.775.895.936.321.300,São Miguel do Iguaçu,36.0,0.5,0.95,13,6
9475,2020,03/25,14.364.146.295.950.700,São Miguel do Iguaçu,36.0,0.5,0.95,13,6
9476,2021,03/25,14.999.282.578.324.000,São Miguel do Iguaçu,36.0,0.5,0.95,13,6
9477,2022,03/25,13.959.698.853.211.200,São Miguel do Iguaçu,36.0,0.5,0.95,13,6
9478,2023,03/25,16.002.480.070.810.400,São Miguel do Iguaçu,36.0,0.5,0.95,13,6
9479,2024,03/25,14.331.305.927.056.200,São Miguel do Iguaçu,36.0,0.5,0.95,13,6
9480,2015,03/25,14.907.019.839.122.700,São Pedro do Iguaçu,36.0,0.5,0.95,13,6
9481,2016,03/25,7.513.410.257.359.920,São Pedro do Iguaçu,36.0,0.5,0.95,13,6
9482,2017,03/25,1.432.898.307.203.890,São Pedro do Iguaçu,36.0,0.5,0.95,13,6
9483,2018,03/25,13.848.068.184.857.800,São Pedro do Iguaçu,36.0,0.5,0.95,13,6
9484,2019,03/25,14.987.884.538.461.100,São Pedro do Iguaçu,36.0,0.5,0.95,13,6
9485,2020,03/25,13.791.008.717.981.700,São Pedro do Iguaçu,36.0,0.5,0.95,13,6
9486,2021,03/25,14.247.861.013.413.000,São Pedro do Iguaçu,36.0,0.5,0.95,13,6
9487,2022,03/25,1.287.539.914.135.240,São Pedro do Iguaçu,36.0,0.5,0.95,13,6
9488,2023,03/25,15.086.691.614.917.300,São Pedro do Iguaçu,36.0,0.5,0.95,13,6
9489,2024,03/25,14.410.902.440.638.900,São Pedro do Iguaçu,36.0,0.5,0.95,13,6
9490,2015,03/25,15.701.827.189.582.800,Toledo,36.0,0.5,0.95,13,6
9491,2016,03/25,10.915.342.513.296.400,Toledo,36.0,0.5,0.95,13,6
9492,2017,03/25,14.901.003.423.625.000,Toledo,36.0,0.5,0.95,13,6
9493,2018,03/25,1.493.550.335.214.130,Toledo,36.0,0.5,0.95,13,6
9494,2019,03/25,15.675.381.918.331.700,Toledo,36.0,0.5,0.95,13,6
9495,2020,03/25,15.096.171.125.423.600,Toledo,36.0,0.5,0.95,13,6
9496,2021,03/25,14.850.742.905.278.600,Toledo,36.0,0.5,0.95,13,6
9497,2022,03/25,13.650.667.987.290.600,Toledo,36.0,0.5,0.95,13,6
9498,2023,03/25,15.633.642.477.275.700,Toledo,36.0,0.5,0.95,13,6
9499,2024,03/25,15.612.140.412.002.500,Toledo,36.0,0.5,0.95,13,6
9500,2015,03/25,14.824.335.775.675.500,Cascavel,36.0,0.5,0.95,13,7
9501,2016,03/25,8.087.837.411.221.730,Cascavel,36.0,0.5,0.95,13,7
9502,2017,03/25,13.906.516.453.167.800,Cascavel,36.0,0.5,0.95,13,7
9503,2018,03/25,13.450.650.446.356.800,Cascavel,36.0,0.5,0.95,13,7
9504,2019,03/25,1.478.695.202.375.340,Cascavel,36.0,0.5,0.95,13,7
9505,2020,03/25,1.357.839.645.018.680,Cascavel,36.0,0.5,0.95,13,7
9506,2021,03/25,13.648.721.257.024.200,Cascavel,36.0,0.5,0.95,13,7
9507,2022,03/25,12.723.617.316.071.800,Cascavel,36.0,0.5,0.95,13,7
9508,2023,03/25,14.368.971.253.870.900,Cascavel,36.0,0.5,0.95,13,7
9509,2024,03/25,1.471.541.618.870.070,Cascavel,36.0,0.5,0.95,13,7
9510,2015,03/25,1.601.034.878.865.780,Foz do Iguaçu,36.0,0.5,0.95,13,7
9511,2016,03/25,12.675.903.384.614.100,Foz do Iguaçu,36.0,0.5,0.95,13,7
9512,2017,03/25,1.545.903.667.826.660,Foz do Iguaçu,36.0,0.5,0.95,13,7
9513,2018,03/25,1.467.048.151.584.810,Foz do Iguaçu,36.0,0.5,0.95,13,7
9514,2019,03/25,15.775.900.060.342.700,Foz do Iguaçu,36.0,0.5,0.95,13,7
9515,2020,03/25,14.364.185.591.660.300,Foz do Iguaçu,36.0,0.5,0.95,13,7
9516,2021,03/25,14.999.428.959.039.600,Foz do Iguaçu,36.0,0.5,0.95,13,7
9517,2022,03/25,13.959.698.853.211.200,Foz do Iguaçu,36.0,0.5,0.95,13,7
9518,2023,03/25,16.002.517.024.136.500,Foz do Iguaçu,36.0,0.5,0.95,13,7
9519,2024,03/25,14.331.338.766.532.900,Foz do Iguaçu,36.0,0.5,0.95,13,7
9520,2015,03/25,16.550.890.411.465.600,Guaíra,36.0,0.5,0.95,13,7
9521,2016,03/25,13.529.473.944.632.500,Guaíra,36.0,0.5,0.95,13,7
9522,2017,03/25,15.745.788.253.012.300,Guaíra,36.0,0.5,0.95,13,7
9523,2018,03/25,15.650.165.030.922.700,Guaíra,36.0,0.5,0.95,13,7
9524,2019,03/25,16.365.820.497.680.300,Guaíra,36.0,0.5,0.95,13,7
9525,2020,03/25,15.927.044.001.779.100,Guaíra,36.0,0.5,0.95,13,7
9526,2021,03/25,15.298.520.315.107.500,Guaíra,36.0,0.5,0.95,13,7
9527,2022,03/25,14.742.721.692.908.800,Guaíra,36.0,0.5,0.95,13,7
9528,2023,03/25,16.119.666.576.335.400,Guaíra,36.0,0.5,0.95,13,7
9529,2024,03/25,1.621.544.824.839.100,Guaíra,36.0,0.5,0.95,13,7
9530,2015,03/25,1.656.378.467.386.790,Marechal Cândido Rondon,36.0,0.5,0.95,13,7
9531,2016,03/25,1.363.627.195.347.590,Marechal Cândido Rondon,36.0,0.5,0.95,13,7
9532,2017,03/25,15.881.649.770.311.100,Marechal Cândido Rondon,36.0,0.5,0.95,13,7
9533,2018,03/25,1.571.613.910.973.040,Marechal Cândido Rondon,36.0,0.5,0.95,13,7
9534,2019,03/25,1.636.181.448.804.200,Marechal Cândido Rondon,36.0,0.5,0.95,13,7
9535,2020,03/25,15.783.340.536.591.500,Marechal Cândido Rondon,36.0,0.5,0.95,13,7
9536,2021,03/25,15.627.880.798.897.700,Marechal Cândido Rondon,36.0,0.5,0.95,13,7
9537,2022,03/25,14.793.385.686.671.100,Marechal Cândido Rondon,36.0,0.5,0.95,13,7
9538,2023,03/25,1.629.188.030.382.080,Marechal Cândido Rondon,36.0,0.5,0.95,13,7
9539,2024,03/25,15.820.580.895.535.300,Marechal Cândido Rondon,36.0,0.5,0.95,13,7
9540,2015,03/25,15.341.564.033.217.100,Matelândia,36.0,0.5,0.95,13,7
9541,2016,03/25,9.189.893.913.193.690,Matelândia,36.0,0.5,0.95,13,7
9542,2017,03/25,14.851.008.203.275.200,Matelândia,36.0,0.5,0.95,13,7
9543,2018,03/25,13.933.480.285.499.200,Matelândia,36.0,0.5,0.95,13,7
9544,2019,03/25,15.269.501.950.464.500,Matelândia,36.0,0.5,0.95,13,7
9545,2020,03/25,1.389.697.118.959.440,Matelândia,36.0,0.5,0.95,13,7
9546,2021,03/25,14.566.724.929.908.400,Matelândia,36.0,0.5,0.95,13,7
9547,2022,03/25,13.343.607.671.143.700,Matelândia,36.0,0.5,0.95,13,7
9548,2023,03/25,15.388.876.886.841.800,Matelândia,36.0,0.5,0.95,13,7
9549,2024,03/25,14.342.529.010.853.600,Matelândia,36.0,0.5,0.95,13,7
9550,2015,03/25,1.601.034.878.865.780,Medianeira,36.0,0.5,0.95,13,7
9551,2016,03/25,12.675.400.335.991.500,Medianeira,36.0,0.5,0.95,13,7
9552,2017,03/25,1.545.898.884.179.130,Medianeira,36.0,0.5,0.95,13,7
9553,2018,03/25,14.670.103.378.999.900,Medianeira,36.0,0.5,0.95,13,7
9554,2019,03/25,15.775.854.114.469.500,Medianeira,36.0,0.5,0.95,13,7
9555,2020,03/25,14.363.852.207.000.100,Medianeira,36.0,0.5,0.95,13,7
9556,2021,03/25,14.998.348.871.355.100,Medianeira,36.0,0.5,0.95,13,7
9557,2022,03/25,13.959.698.853.211.200,Medianeira,36.0,0.5,0.95,13,7
9558,2023,03/25,16.002.031.357.523.200,Medianeira,36.0,0.5,0.95,13,7
9559,2024,03/25,14.331.201.177.344.800,Medianeira,36.0,0.5,0.95,13,7
9560,2015,03/25,1.651.309.554.724.420,Santa Helena,36.0,0.5,0.95,13,7
9561,2016,03/25,13.588.404.024.388.200,Santa Helena,36.0,0.5,0.95,13,7
9562,2017,03/25,15.869.828.548.320.600,Santa Helena,36.0,0.5,0.95,13,7
9563,2018,03/25,15.392.991.150.765.300,Santa Helena,36.0,0.5,0.95,13,7
9564,2019,03/25,16.167.964.364.338.400,Santa Helena,36.0,0.5,0.95,13,7
9565,2020,03/25,15.383.414.540.870.700,Santa Helena,36.0,0.5,0.95,13,7
9566,2021,03/25,15.461.678.063.378.500,Santa Helena,36.0,0.5,0.95,13,7
9567,2022,03/25,14.745.645.484.299.300,Santa Helena,36.0,0.5,0.95,13,7
9568,2023,03/25,1.635.918.315.708.470,Santa Helena,36.0,0.5,0.95,13,7
9569,2024,03/25,15.198.789.480.730.200,Santa Helena,36.0,0.5,0.95,13,7
9570,2015,03/25,1.601.034.878.865.780,São Miguel do Iguaçu,36.0,0.5,0.95,13,7
9571,2016,03/25,1.267.580.731.976.650,São Miguel do Iguaçu,36.0,0.5,0.95,13,7
9572,2017,03/25,15.459.020.450.268.000,São Miguel do Iguaçu,36.0,0.5,0.95,13,7
9573,2018,03/25,14.670.419.067.128.000,São Miguel do Iguaçu,36.0,0.5,0.95,13,7
9574,2019,03/25,15.775.895.936.321.300,São Miguel do Iguaçu,36.0,0.5,0.95,13,7
9575,2020,03/25,14.364.146.295.950.700,São Miguel do Iguaçu,36.0,0.5,0.95,13,7
9576,2021,03/25,14.999.282.578.324.000,São Miguel do Iguaçu,36.0,0.5,0.95,13,7
9577,2022,03/25,13.959.698.853.211.200,São Miguel do Iguaçu,36.0,0.5,0.95,13,7
9578,2023,03/25,16.002.480.070.810.400,São Miguel do Iguaçu,36.0,0.5,0.95,13,7
9579,2024,03/25,14.331.305.927.056.200,São Miguel do Iguaçu,36.0,0.5,0.95,13,7
9580,2015,03/25,14.907.019.839.122.700,São Pedro do Iguaçu,36.0,0.5,0.95,13,7
9581,2016,03/25,7.513.410.257.359.920,São Pedro do Iguaçu,36.0,0.5,0.95,13,7
9582,2017,03/25,1.432.898.307.203.890,São Pedro do Iguaçu,36.0,0.5,0.95,13,7
9583,2018,03/25,13.848.068.184.857.800,São Pedro do Iguaçu,36.0,0.5,0.95,13,7
9584,2019,03/25,14.987.884.538.461.100,São Pedro do Iguaçu,36.0,0.5,0.95,13,7
9585,2020,03/25,13.791.008.717.981.700,São Pedro do Iguaçu,36.0,0.5,0.95,13,7
9586,2021,03/25,14.247.861.013.413.000,São Pedro do Iguaçu,36.0,0.5,0.95,13,7
9587,2022,03/25,1.287.539.914.135.240,São Pedro do Iguaçu,36.0,0.5,0.95,13,7
9588,2023,03/25,15.086.691.614.917.300,São Pedro do Iguaçu,36.0,0.5,0.95,13,7
9589,2024,03/25,14.410.902.440.638.900,São Pedro do Iguaçu,36.0,0.5,0.95,13,7
9590,2015,03/25,15.701.827.189.582.800,Toledo,36.0,0.5,0.95,13,7
9591,2016,03/25,10.915.342.513.296.400,Toledo,36.0,0.5,0.95,13,7
9592,2017,03/25,14.901.003.423.625.000,Toledo,36.0,0.5,0.95,13,7
9593,2018,03/25,1.493.550.335.214.130,Toledo,36.0,0.5,0.95,13,7
9594,2019,03/25,15.675.381.918.331.700,Toledo,36.0,0.5,0.95,13,7
9595,2020,03/25,15.096.171.125.423.600,Toledo,36.0,0.5,0.95,13,7
9596,2021,03/25,14.850.742.905.278.600,Toledo,36.0,0.5,0.95,13,7
9597,2022,03/25,13.650.667.987.290.600,Toledo,36.0,0.5,0.95,13,7
9598,2023,03/25,15.633.642.477.275.700,Toledo,36.0,0.5,0.95,13,7
9599,2024,03/25,15.612.140.412.002.500,Toledo,36.0,0.5,0.95,13,7
