,Year,PlantingDate,YieldFresh_ton_ha,Municipio,WP,HI0,CCx,CGC,CDC
0,2015,03/15,11.468250559407513,Cascavel,30.0,0.45,0.9,0.012,0.006
1,2016,03/15,8.388777746675778,Cascavel,30.0,0.45,0.9,0.012,0.006
2,2017,03/15,10.824815977097877,Cascavel,30.0,0.45,0.9,0.012,0.006
3,2018,03/15,10.489938004753297,Cascavel,30.0,0.45,0.9,0.012,0.006
4,2019,03/15,11.50697323661982,Cascavel,30.0,0.45,0.9,0.012,0.006
5,2020,03/15,7.218556737395263,Cascavel,30.0,0.45,0.9,0.012,0.006
6,2021,03/15,10.925131448651765,Cascavel,30.0,0.45,0.9,0.012,0.006
7,2022,03/15,9.83495314381866,Cascavel,30.0,0.45,0.9,0.012,0.006
8,2023,03/15,11.01829216410718,Cascavel,30.0,0.45,0.9,0.012,0.006
9,2024,03/15,11.424806758024415,Cascavel,30.0,0.45,0.9,0.012,0.006
10,2015,03/15,12.185017132864449,Foz do Iguaçu,30.0,0.45,0.9,0.012,0.006
11,2016,03/15,9.863584408602991,Foz do Iguaçu,30.0,0.45,0.9,0.012,0.006
12,2017,03/15,11.84609733526933,Foz do Iguaçu,30.0,0.45,0.9,0.012,0.006
13,2018,03/15,11.270684318021551,Foz do Iguaçu,30.0,0.45,0.9,0.012,0.006
14,2019,03/15,12.167378146019377,Foz do Iguaçu,30.0,0.45,0.9,0.012,0.006
15,2020,03/15,11.0739564266045,Foz do Iguaçu,30.0,0.45,0.9,0.012,0.006
16,2021,03/15,11.821242432378835,Foz do Iguaçu,30.0,0.45,0.9,0.012,0.006
17,2022,03/15,10.749334305158621,Foz do Iguaçu,30.0,0.45,0.9,0.012,0.006
18,2023,03/15,12.249027124545922,Foz do Iguaçu,30.0,0.45,0.9,0.012,0.006
19,2024,03/15,11.238193419158188,Foz do Iguaçu,30.0,0.45,0.9,0.012,0.006
20,2015,03/15,12.480501340037268,Guaíra,30.0,0.45,0.9,0.012,0.006
21,2016,03/15,10.38712823101136,Guaíra,30.0,0.45,0.9,0.012,0.006
22,2017,03/15,12.072387628525753,Guaíra,30.0,0.45,0.9,0.012,0.006
23,2018,03/15,11.913790393654914,Guaíra,30.0,0.45,0.9,0.012,0.006
24,2019,03/15,12.504647893937815,Guaíra,30.0,0.45,0.9,0.012,0.006
25,2020,03/15,12.115794934022032,Guaíra,30.0,0.45,0.9,0.012,0.006
26,2021,03/15,12.053214517451622,Guaíra,30.0,0.45,0.9,0.012,0.006
27,2022,03/15,11.263908724023782,Guaíra,30.0,0.45,0.9,0.012,0.006
28,2023,03/15,12.297728374178236,Guaíra,30.0,0.45,0.9,0.012,0.006
29,2024,03/15,12.471371260189386,Guaíra,30.0,0.45,0.9,0.012,0.006
30,2015,03/15,12.496979361434152,Marechal Cândido Rondon,30.0,0.45,0.9,0.012,0.006
31,2016,03/15,10.486191451376113,Marechal Cândido Rondon,30.0,0.45,0.9,0.012,0.006
32,2017,03/15,12.167695986556653,Marechal Cândido Rondon,30.0,0.45,0.9,0.012,0.006
33,2018,03/15,11.986195613239751,Marechal Cândido Rondon,30.0,0.45,0.9,0.012,0.006
34,2019,03/15,12.527382164491979,Marechal Cândido Rondon,30.0,0.45,0.9,0.012,0.006
35,2020,03/15,12.000441533175012,Marechal Cândido Rondon,30.0,0.45,0.9,0.012,0.006
36,2021,03/15,12.262970754834143,Marechal Cândido Rondon,30.0,0.45,0.9,0.012,0.006
37,2022,03/15,11.295803959612359,Marechal Cândido Rondon,30.0,0.45,0.9,0.012,0.006
38,2023,03/15,12.421386650210538,Marechal Cândido Rondon,30.0,0.45,0.9,0.012,0.006
39,2024,03/15,12.21075664056722,Marechal Cândido Rondon,30.0,0.45,0.9,0.012,0.006
40,2015,03/15,11.772540817399676,Matelândia,30.0,0.45,0.9,0.012,0.006
41,2016,03/15,9.09592034571207,Matelândia,30.0,0.45,0.9,0.012,0.006
42,2017,03/15,11.424130037131897,Matelândia,30.0,0.45,0.9,0.012,0.006
43,2018,03/15,10.783928999783543,Matelândia,30.0,0.45,0.9,0.012,0.006
44,2019,03/15,11.836889058385223,Matelândia,30.0,0.45,0.9,0.012,0.006
45,2020,03/15,10.708947451369564,Matelândia,30.0,0.45,0.9,0.012,0.006
46,2021,03/15,11.532075973349315,Matelândia,30.0,0.45,0.9,0.012,0.006
47,2022,03/15,10.286516450840612,Matelândia,30.0,0.45,0.9,0.012,0.006
48,2023,03/15,11.788455836127213,Matelândia,30.0,0.45,0.9,0.012,0.006
49,2024,03/15,11.239122168601972,Matelândia,30.0,0.45,0.9,0.012,0.006
50,2015,03/15,12.184837928142663,Medianeira,30.0,0.45,0.9,0.012,0.006
51,2016,03/15,9.86336477580094,Medianeira,30.0,0.45,0.9,0.012,0.006
52,2017,03/15,11.845743828100929,Medianeira,30.0,0.45,0.9,0.012,0.006
53,2018,03/15,11.270558560216637,Medianeira,30.0,0.45,0.9,0.012,0.006
54,2019,03/15,12.166937610615058,Medianeira,30.0,0.45,0.9,0.012,0.006
55,2020,03/15,11.073483211169897,Medianeira,30.0,0.45,0.9,0.012,0.006
56,2021,03/15,11.820826622416746,Medianeira,30.0,0.45,0.9,0.012,0.006
57,2022,03/15,10.749334305158621,Medianeira,30.0,0.45,0.9,0.012,0.006
58,2023,03/15,12.24848614715969,Medianeira,30.0,0.45,0.9,0.012,0.006
59,2024,03/15,11.237916196696661,Medianeira,30.0,0.45,0.9,0.012,0.006
60,2015,03/15,12.45717026632836,Santa Helena,30.0,0.45,0.9,0.012,0.006
61,2016,03/15,10.488677499206545,Santa Helena,30.0,0.45,0.9,0.012,0.006
62,2017,03/15,12.166831389071483,Santa Helena,30.0,0.45,0.9,0.012,0.006
63,2018,03/15,11.78776673657074,Santa Helena,30.0,0.45,0.9,0.012,0.006
64,2019,03/15,12.419752377799291,Santa Helena,30.0,0.45,0.9,0.012,0.006
65,2020,03/15,11.735207227726638,Santa Helena,30.0,0.45,0.9,0.012,0.006
66,2021,03/15,12.147134531189486,Santa Helena,30.0,0.45,0.9,0.012,0.006
67,2022,03/15,11.291185807501328,Santa Helena,30.0,0.45,0.9,0.012,0.006
68,2023,03/15,12.472317706582452,Santa Helena,30.0,0.45,0.9,0.012,0.006
69,2024,03/15,11.79443262542535,Santa Helena,30.0,0.45,0.9,0.012,0.006
70,2015,03/15,12.184980085406558,São Miguel do Iguaçu,30.0,0.45,0.9,0.012,0.006
71,2016,03/15,9.863535795590037,São Miguel do Iguaçu,30.0,0.45,0.9,0.012,0.006
72,2017,03/15,11.846040395254835,São Miguel do Iguaçu,30.0,0.45,0.9,0.012,0.006
73,2018,03/15,11.27066251366816,São Miguel do Iguaçu,30.0,0.45,0.9,0.012,0.006
74,2019,03/15,12.167306824228344,São Miguel do Iguaçu,30.0,0.45,0.9,0.012,0.006
75,2020,03/15,11.07386346075052,São Miguel do Iguaçu,30.0,0.45,0.9,0.012,0.006
76,2021,03/15,11.82116308572754,São Miguel do Iguaçu,30.0,0.45,0.9,0.012,0.006
77,2022,03/15,10.749334305158621,São Miguel do Iguaçu,30.0,0.45,0.9,0.012,0.006
78,2023,03/15,12.248938558809089,São Miguel do Iguaçu,30.0,0.45,0.9,0.012,0.006
79,2024,03/15,11.238134033701755,São Miguel do Iguaçu,30.0,0.45,0.9,0.012,0.006
80,2015,03/15,11.499981104751871,São Pedro do Iguaçu,30.0,0.45,0.9,0.012,0.006
81,2016,03/15,8.750118415469286,São Pedro do Iguaçu,30.0,0.45,0.9,0.012,0.006
82,2017,03/15,11.085468051349013,São Pedro do Iguaçu,30.0,0.45,0.9,0.012,0.006
83,2018,03/15,10.745821623973667,São Pedro do Iguaçu,30.0,0.45,0.9,0.012,0.006
84,2019,03/15,11.65901328900281,São Pedro do Iguaçu,30.0,0.45,0.9,0.012,0.006
85,2020,03/15,8.68566676164448,São Pedro do Iguaçu,30.0,0.45,0.9,0.012,0.006
86,2021,03/15,11.323759014062045,São Pedro do Iguaçu,30.0,0.45,0.9,0.012,0.006
87,2022,03/15,9.94160419493432,São Pedro do Iguaçu,30.0,0.45,0.9,0.012,0.006
88,2023,03/15,11.53631374481657,São Pedro do Iguaçu,30.0,0.45,0.9,0.012,0.006
89,2024,03/15,9.406158887659513,São Pedro do Iguaçu,30.0,0.45,0.9,0.012,0.006
90,2015,03/15,11.98978134537541,Toledo,30.0,0.45,0.9,0.012,0.006
91,2016,03/15,9.440845673806619,Toledo,30.0,0.45,0.9,0.012,0.006
92,2017,03/15,11.48803143146709,Toledo,30.0,0.45,0.9,0.012,0.006
93,2018,03/15,11.433251367093748,Toledo,30.0,0.45,0.9,0.012,0.006
94,2019,03/15,12.063269009319725,Toledo,30.0,0.45,0.9,0.012,0.006
95,2020,03/15,11.549951081487821,Toledo,30.0,0.45,0.9,0.012,0.006
96,2021,03/15,11.766930952810311,Toledo,30.0,0.45,0.9,0.012,0.006
97,2022,03/15,10.487005490781645,Toledo,30.0,0.45,0.9,0.012,0.006
98,2023,03/15,11.930690723386286,Toledo,30.0,0.45,0.9,0.012,0.006
99,2024,03/15,12.061104927966255,Toledo,30.0,0.45,0.9,0.012,0.006
100,2015,03/15,11.468250559407513,Cascavel,30.0,0.45,0.9,0.012,0.007
101,2016,03/15,8.388777746675778,Cascavel,30.0,0.45,0.9,0.012,0.007
102,2017,03/15,10.824815977097877,Cascavel,30.0,0.45,0.9,0.012,0.007
103,2018,03/15,10.489938004753297,Cascavel,30.0,0.45,0.9,0.012,0.007
104,2019,03/15,11.50697323661982,Cascavel,30.0,0.45,0.9,0.012,0.007
105,2020,03/15,7.218556737395263,Cascavel,30.0,0.45,0.9,0.012,0.007
106,2021,03/15,10.925131448651765,Cascavel,30.0,0.45,0.9,0.012,0.007
107,2022,03/15,9.83495314381866,Cascavel,30.0,0.45,0.9,0.012,0.007
108,2023,03/15,11.01829216410718,Cascavel,30.0,0.45,0.9,0.012,0.007
109,2024,03/15,11.424806758024415,Cascavel,30.0,0.45,0.9,0.012,0.007
110,2015,03/15,12.185017132864449,Foz do Iguaçu,30.0,0.45,0.9,0.012,0.007
111,2016,03/15,9.863584408602991,Foz do Iguaçu,30.0,0.45,0.9,0.012,0.007
112,2017,03/15,11.84609733526933,Foz do Iguaçu,30.0,0.45,0.9,0.012,0.007
113,2018,03/15,11.270684318021551,Foz do Iguaçu,30.0,0.45,0.9,0.012,0.007
114,2019,03/15,12.167378146019377,Foz do Iguaçu,30.0,0.45,0.9,0.012,0.007
115,2020,03/15,11.0739564266045,Foz do Iguaçu,30.0,0.45,0.9,0.012,0.007
116,2021,03/15,11.821242432378835,Foz do Iguaçu,30.0,0.45,0.9,0.012,0.007
117,2022,03/15,10.749334305158621,Foz do Iguaçu,30.0,0.45,0.9,0.012,0.007
118,2023,03/15,12.249027124545922,Foz do Iguaçu,30.0,0.45,0.9,0.012,0.007
119,2024,03/15,11.238193419158188,Foz do Iguaçu,30.0,0.45,0.9,0.012,0.007
120,2015,03/15,12.480501340037268,Guaíra,30.0,0.45,0.9,0.012,0.007
121,2016,03/15,10.38712823101136,Guaíra,30.0,0.45,0.9,0.012,0.007
122,2017,03/15,12.072387628525753,Guaíra,30.0,0.45,0.9,0.012,0.007
123,2018,03/15,11.913790393654914,Guaíra,30.0,0.45,0.9,0.012,0.007
124,2019,03/15,12.504647893937815,Guaíra,30.0,0.45,0.9,0.012,0.007
125,2020,03/15,12.115794934022032,Guaíra,30.0,0.45,0.9,0.012,0.007
126,2021,03/15,12.053214517451622,Guaíra,30.0,0.45,0.9,0.012,0.007
127,2022,03/15,11.263908724023782,Guaíra,30.0,0.45,0.9,0.012,0.007
128,2023,03/15,12.297728374178236,Guaíra,30.0,0.45,0.9,0.012,0.007
129,2024,03/15,12.471371260189386,Guaíra,30.0,0.45,0.9,0.012,0.007
130,2015,03/15,12.496979361434152,Marechal Cândido Rondon,30.0,0.45,0.9,0.012,0.007
131,2016,03/15,10.486191451376113,Marechal Cândido Rondon,30.0,0.45,0.9,0.012,0.007
132,2017,03/15,12.167695986556653,Marechal Cândido Rondon,30.0,0.45,0.9,0.012,0.007
133,2018,03/15,11.986195613239751,Marechal Cândido Rondon,30.0,0.45,0.9,0.012,0.007
134,2019,03/15,12.527382164491979,Marechal Cândido Rondon,30.0,0.45,0.9,0.012,0.007
135,2020,03/15,12.000441533175012,Marechal Cândido Rondon,30.0,0.45,0.9,0.012,0.007
136,2021,03/15,12.262970754834143,Marechal Cândido Rondon,30.0,0.45,0.9,0.012,0.007
137,2022,03/15,11.295803959612359,Marechal Cândido Rondon,30.0,0.45,0.9,0.012,0.007
138,2023,03/15,12.421386650210538,Marechal Cândido Rondon,30.0,0.45,0.9,0.012,0.007
139,2024,03/15,12.21075664056722,Marechal Cândido Rondon,30.0,0.45,0.9,0.012,0.007
140,2015,03/15,11.772540817399676,Matelândia,30.0,0.45,0.9,0.012,0.007
141,2016,03/15,9.09592034571207,Matelândia,30.0,0.45,0.9,0.012,0.007
142,2017,03/15,11.424130037131897,Matelândia,30.0,0.45,0.9,0.012,0.007
143,2018,03/15,10.783928999783543,Matelândia,30.0,0.45,0.9,0.012,0.007
144,2019,03/15,11.836889058385223,Matelândia,30.0,0.45,0.9,0.012,0.007
145,2020,03/15,10.708947451369564,Matelândia,30.0,0.45,0.9,0.012,0.007
146,2021,03/15,11.532075973349315,Matelândia,30.0,0.45,0.9,0.012,0.007
147,2022,03/15,10.286516450840612,Matelândia,30.0,0.45,0.9,0.012,0.007
148,2023,03/15,11.788455836127213,Matelândia,30.0,0.45,0.9,0.012,0.007
149,2024,03/15,11.239122168601972,Matelândia,30.0,0.45,0.9,0.012,0.007
150,2015,03/15,12.184837928142663,Medianeira,30.0,0.45,0.9,0.012,0.007
151,2016,03/15,9.86336477580094,Medianeira,30.0,0.45,0.9,0.012,0.007
152,2017,03/15,11.845743828100929,Medianeira,30.0,0.45,0.9,0.012,0.007
153,2018,03/15,11.270558560216637,Medianeira,30.0,0.45,0.9,0.012,0.007
154,2019,03/15,12.166937610615058,Medianeira,30.0,0.45,0.9,0.012,0.007
155,2020,03/15,11.073483211169897,Medianeira,30.0,0.45,0.9,0.012,0.007
156,2021,03/15,11.820826622416746,Medianeira,30.0,0.45,0.9,0.012,0.007
157,2022,03/15,10.749334305158621,Medianeira,30.0,0.45,0.9,0.012,0.007
158,2023,03/15,12.24848614715969,Medianeira,30.0,0.45,0.9,0.012,0.007
159,2024,03/15,11.237916196696661,Medianeira,30.0,0.45,0.9,0.012,0.007
160,2015,03/15,12.45717026632836,Santa Helena,30.0,0.45,0.9,0.012,0.007
161,2016,03/15,10.488677499206545,Santa Helena,30.0,0.45,0.9,0.012,0.007
162,2017,03/15,12.166831389071483,Santa Helena,30.0,0.45,0.9,0.012,0.007
163,2018,03/15,11.78776673657074,Santa Helena,30.0,0.45,0.9,0.012,0.007
164,2019,03/15,12.419752377799291,Santa Helena,30.0,0.45,0.9,0.012,0.007
165,2020,03/15,11.735207227726638,Santa Helena,30.0,0.45,0.9,0.012,0.007
166,2021,03/15,12.147134531189486,Santa Helena,30.0,0.45,0.9,0.012,0.007
167,2022,03/15,11.291185807501328,Santa Helena,30.0,0.45,0.9,0.012,0.007
168,2023,03/15,12.472317706582452,Santa Helena,30.0,0.45,0.9,0.012,0.007
169,2024,03/15,11.79443262542535,Santa Helena,30.0,0.45,0.9,0.012,0.007
170,2015,03/15,12.184980085406558,São Miguel do Iguaçu,30.0,0.45,0.9,0.012,0.007
171,2016,03/15,9.863535795590037,São Miguel do Iguaçu,30.0,0.45,0.9,0.012,0.007
172,2017,03/15,11.846040395254835,São Miguel do Iguaçu,30.0,0.45,0.9,0.012,0.007
173,2018,03/15,11.27066251366816,São Miguel do Iguaçu,30.0,0.45,0.9,0.012,0.007
174,2019,03/15,12.167306824228344,São Miguel do Iguaçu,30.0,0.45,0.9,0.012,0.007
175,2020,03/15,11.07386346075052,São Miguel do Iguaçu,30.0,0.45,0.9,0.012,0.007
176,2021,03/15,11.82116308572754,São Miguel do Iguaçu,30.0,0.45,0.9,0.012,0.007
177,2022,03/15,10.749334305158621,São Miguel do Iguaçu,30.0,0.45,0.9,0.012,0.007
178,2023,03/15,12.248938558809089,São Miguel do Iguaçu,30.0,0.45,0.9,0.012,0.007
179,2024,03/15,11.238134033701755,São Miguel do Iguaçu,30.0,0.45,0.9,0.012,0.007
180,2015,03/15,11.499981104751871,São Pedro do Iguaçu,30.0,0.45,0.9,0.012,0.007
181,2016,03/15,8.750118415469286,São Pedro do Iguaçu,30.0,0.45,0.9,0.012,0.007
182,2017,03/15,11.085468051349013,São Pedro do Iguaçu,30.0,0.45,0.9,0.012,0.007
183,2018,03/15,10.745821623973667,São Pedro do Iguaçu,30.0,0.45,0.9,0.012,0.007
184,2019,03/15,11.65901328900281,São Pedro do Iguaçu,30.0,0.45,0.9,0.012,0.007
185,2020,03/15,8.68566676164448,São Pedro do Iguaçu,30.0,0.45,0.9,0.012,0.007
186,2021,03/15,11.323759014062045,São Pedro do Iguaçu,30.0,0.45,0.9,0.012,0.007
187,2022,03/15,9.94160419493432,São Pedro do Iguaçu,30.0,0.45,0.9,0.012,0.007
188,2023,03/15,11.53631374481657,São Pedro do Iguaçu,30.0,0.45,0.9,0.012,0.007
189,2024,03/15,9.406158887659513,São Pedro do Iguaçu,30.0,0.45,0.9,0.012,0.007
190,2015,03/15,11.98978134537541,Toledo,30.0,0.45,0.9,0.012,0.007
191,2016,03/15,9.440845673806619,Toledo,30.0,0.45,0.9,0.012,0.007
192,2017,03/15,11.48803143146709,Toledo,30.0,0.45,0.9,0.012,0.007
193,2018,03/15,11.433251367093748,Toledo,30.0,0.45,0.9,0.012,0.007
194,2019,03/15,12.063269009319725,Toledo,30.0,0.45,0.9,0.012,0.007
195,2020,03/15,11.549951081487821,Toledo,30.0,0.45,0.9,0.012,0.007
196,2021,03/15,11.766930952810311,Toledo,30.0,0.45,0.9,0.012,0.007
197,2022,03/15,10.487005490781645,Toledo,30.0,0.45,0.9,0.012,0.007
198,2023,03/15,11.930690723386286,Toledo,30.0,0.45,0.9,0.012,0.007
199,2024,03/15,12.061104927966255,Toledo,30.0,0.45,0.9,0.012,0.007
200,2015,03/15,11.468250559407513,Cascavel,30.0,0.45,0.9,0.013,0.006
201,2016,03/15,8.388777746675778,Cascavel,30.0,0.45,0.9,0.013,0.006
202,2017,03/15,10.824815977097877,Cascavel,30.0,0.45,0.9,0.013,0.006
203,2018,03/15,10.489938004753297,Cascavel,30.0,0.45,0.9,0.013,0.006
204,2019,03/15,11.50697323661982,Cascavel,30.0,0.45,0.9,0.013,0.006
205,2020,03/15,7.218556737395263,Cascavel,30.0,0.45,0.9,0.013,0.006
206,2021,03/15,10.925131448651765,Cascavel,30.0,0.45,0.9,0.013,0.006
207,2022,03/15,9.83495314381866,Cascavel,30.0,0.45,0.9,0.013,0.006
208,2023,03/15,11.01829216410718,Cascavel,30.0,0.45,0.9,0.013,0.006
209,2024,03/15,11.424806758024415,Cascavel,30.0,0.45,0.9,0.013,0.006
210,2015,03/15,12.185017132864449,Foz do Iguaçu,30.0,0.45,0.9,0.013,0.006
211,2016,03/15,9.863584408602991,Foz do Iguaçu,30.0,0.45,0.9,0.013,0.006
212,2017,03/15,11.84609733526933,Foz do Iguaçu,30.0,0.45,0.9,0.013,0.006
213,2018,03/15,11.270684318021551,Foz do Iguaçu,30.0,0.45,0.9,0.013,0.006
214,2019,03/15,12.167378146019377,Foz do Iguaçu,30.0,0.45,0.9,0.013,0.006
215,2020,03/15,11.0739564266045,Foz do Iguaçu,30.0,0.45,0.9,0.013,0.006
216,2021,03/15,11.821242432378835,Foz do Iguaçu,30.0,0.45,0.9,0.013,0.006
217,2022,03/15,10.749334305158621,Foz do Iguaçu,30.0,0.45,0.9,0.013,0.006
218,2023,03/15,12.249027124545922,Foz do Iguaçu,30.0,0.45,0.9,0.013,0.006
219,2024,03/15,11.238193419158188,Foz do Iguaçu,30.0,0.45,0.9,0.013,0.006
220,2015,03/15,12.480501340037268,Guaíra,30.0,0.45,0.9,0.013,0.006
221,2016,03/15,10.38712823101136,Guaíra,30.0,0.45,0.9,0.013,0.006
222,2017,03/15,12.072387628525753,Guaíra,30.0,0.45,0.9,0.013,0.006
223,2018,03/15,11.913790393654914,Guaíra,30.0,0.45,0.9,0.013,0.006
224,2019,03/15,12.504647893937815,Guaíra,30.0,0.45,0.9,0.013,0.006
225,2020,03/15,12.115794934022032,Guaíra,30.0,0.45,0.9,0.013,0.006
226,2021,03/15,12.053214517451622,Guaíra,30.0,0.45,0.9,0.013,0.006
227,2022,03/15,11.263908724023782,Guaíra,30.0,0.45,0.9,0.013,0.006
228,2023,03/15,12.297728374178236,Guaíra,30.0,0.45,0.9,0.013,0.006
229,2024,03/15,12.471371260189386,Guaíra,30.0,0.45,0.9,0.013,0.006
230,2015,03/15,12.496979361434152,Marechal Cândido Rondon,30.0,0.45,0.9,0.013,0.006
231,2016,03/15,10.486191451376113,Marechal Cândido Rondon,30.0,0.45,0.9,0.013,0.006
232,2017,03/15,12.167695986556653,Marechal Cândido Rondon,30.0,0.45,0.9,0.013,0.006
233,2018,03/15,11.986195613239751,Marechal Cândido Rondon,30.0,0.45,0.9,0.013,0.006
234,2019,03/15,12.527382164491979,Marechal Cândido Rondon,30.0,0.45,0.9,0.013,0.006
235,2020,03/15,12.000441533175012,Marechal Cândido Rondon,30.0,0.45,0.9,0.013,0.006
236,2021,03/15,12.262970754834143,Marechal Cândido Rondon,30.0,0.45,0.9,0.013,0.006
237,2022,03/15,11.295803959612359,Marechal Cândido Rondon,30.0,0.45,0.9,0.013,0.006
238,2023,03/15,12.421386650210538,Marechal Cândido Rondon,30.0,0.45,0.9,0.013,0.006
239,2024,03/15,12.21075664056722,Marechal Cândido Rondon,30.0,0.45,0.9,0.013,0.006
240,2015,03/15,11.772540817399676,Matelândia,30.0,0.45,0.9,0.013,0.006
241,2016,03/15,9.09592034571207,Matelândia,30.0,0.45,0.9,0.013,0.006
242,2017,03/15,11.424130037131897,Matelândia,30.0,0.45,0.9,0.013,0.006
243,2018,03/15,10.783928999783543,Matelândia,30.0,0.45,0.9,0.013,0.006
244,2019,03/15,11.836889058385223,Matelândia,30.0,0.45,0.9,0.013,0.006
245,2020,03/15,10.708947451369564,Matelândia,30.0,0.45,0.9,0.013,0.006
246,2021,03/15,11.532075973349315,Matelândia,30.0,0.45,0.9,0.013,0.006
247,2022,03/15,10.286516450840612,Matelândia,30.0,0.45,0.9,0.013,0.006
248,2023,03/15,11.788455836127213,Matelândia,30.0,0.45,0.9,0.013,0.006
249,2024,03/15,11.239122168601972,Matelândia,30.0,0.45,0.9,0.013,0.006
250,2015,03/15,12.184837928142663,Medianeira,30.0,0.45,0.9,0.013,0.006
251,2016,03/15,9.86336477580094,Medianeira,30.0,0.45,0.9,0.013,0.006
252,2017,03/15,11.845743828100929,Medianeira,30.0,0.45,0.9,0.013,0.006
253,2018,03/15,11.270558560216637,Medianeira,30.0,0.45,0.9,0.013,0.006
254,2019,03/15,12.166937610615058,Medianeira,30.0,0.45,0.9,0.013,0.006
255,2020,03/15,11.073483211169897,Medianeira,30.0,0.45,0.9,0.013,0.006
256,2021,03/15,11.820826622416746,Medianeira,30.0,0.45,0.9,0.013,0.006
257,2022,03/15,10.749334305158621,Medianeira,30.0,0.45,0.9,0.013,0.006
258,2023,03/15,12.24848614715969,Medianeira,30.0,0.45,0.9,0.013,0.006
259,2024,03/15,11.237916196696661,Medianeira,30.0,0.45,0.9,0.013,0.006
260,2015,03/15,12.45717026632836,Santa Helena,30.0,0.45,0.9,0.013,0.006
261,2016,03/15,10.488677499206545,Santa Helena,30.0,0.45,0.9,0.013,0.006
262,2017,03/15,12.166831389071483,Santa Helena,30.0,0.45,0.9,0.013,0.006
263,2018,03/15,11.78776673657074,Santa Helena,30.0,0.45,0.9,0.013,0.006
264,2019,03/15,12.419752377799291,Santa Helena,30.0,0.45,0.9,0.013,0.006
265,2020,03/15,11.735207227726638,Santa Helena,30.0,0.45,0.9,0.013,0.006
266,2021,03/15,12.147134531189486,Santa Helena,30.0,0.45,0.9,0.013,0.006
267,2022,03/15,11.291185807501328,Santa Helena,30.0,0.45,0.9,0.013,0.006
268,2023,03/15,12.472317706582452,Santa Helena,30.0,0.45,0.9,0.013,0.006
269,2024,03/15,11.79443262542535,Santa Helena,30.0,0.45,0.9,0.013,0.006
270,2015,03/15,12.184980085406558,São Miguel do Iguaçu,30.0,0.45,0.9,0.013,0.006
271,2016,03/15,9.863535795590037,São Miguel do Iguaçu,30.0,0.45,0.9,0.013,0.006
272,2017,03/15,11.846040395254835,São Miguel do Iguaçu,30.0,0.45,0.9,0.013,0.006
273,2018,03/15,11.27066251366816,São Miguel do Iguaçu,30.0,0.45,0.9,0.013,0.006
274,2019,03/15,12.167306824228344,São Miguel do Iguaçu,30.0,0.45,0.9,0.013,0.006
275,2020,03/15,11.07386346075052,São Miguel do Iguaçu,30.0,0.45,0.9,0.013,0.006
276,2021,03/15,11.82116308572754,São Miguel do Iguaçu,30.0,0.45,0.9,0.013,0.006
277,2022,03/15,10.749334305158621,São Miguel do Iguaçu,30.0,0.45,0.9,0.013,0.006
278,2023,03/15,12.248938558809089,São Miguel do Iguaçu,30.0,0.45,0.9,0.013,0.006
279,2024,03/15,11.238134033701755,São Miguel do Iguaçu,30.0,0.45,0.9,0.013,0.006
280,2015,03/15,11.499981104751871,São Pedro do Iguaçu,30.0,0.45,0.9,0.013,0.006
281,2016,03/15,8.750118415469286,São Pedro do Iguaçu,30.0,0.45,0.9,0.013,0.006
282,2017,03/15,11.085468051349013,São Pedro do Iguaçu,30.0,0.45,0.9,0.013,0.006
283,2018,03/15,10.745821623973667,São Pedro do Iguaçu,30.0,0.45,0.9,0.013,0.006
284,2019,03/15,11.65901328900281,São Pedro do Iguaçu,30.0,0.45,0.9,0.013,0.006
285,2020,03/15,8.68566676164448,São Pedro do Iguaçu,30.0,0.45,0.9,0.013,0.006
286,2021,03/15,11.323759014062045,São Pedro do Iguaçu,30.0,0.45,0.9,0.013,0.006
287,2022,03/15,9.94160419493432,São Pedro do Iguaçu,30.0,0.45,0.9,0.013,0.006
288,2023,03/15,11.53631374481657,São Pedro do Iguaçu,30.0,0.45,0.9,0.013,0.006
289,2024,03/15,9.406158887659513,São Pedro do Iguaçu,30.0,0.45,0.9,0.013,0.006
290,2015,03/15,11.98978134537541,Toledo,30.0,0.45,0.9,0.013,0.006
291,2016,03/15,9.440845673806619,Toledo,30.0,0.45,0.9,0.013,0.006
292,2017,03/15,11.48803143146709,Toledo,30.0,0.45,0.9,0.013,0.006
293,2018,03/15,11.433251367093748,Toledo,30.0,0.45,0.9,0.013,0.006
294,2019,03/15,12.063269009319725,Toledo,30.0,0.45,0.9,0.013,0.006
295,2020,03/15,11.549951081487821,Toledo,30.0,0.45,0.9,0.013,0.006
296,2021,03/15,11.766930952810311,Toledo,30.0,0.45,0.9,0.013,0.006
297,2022,03/15,10.487005490781645,Toledo,30.0,0.45,0.9,0.013,0.006
298,2023,03/15,11.930690723386286,Toledo,30.0,0.45,0.9,0.013,0.006
299,2024,03/15,12.061104927966255,Toledo,30.0,0.45,0.9,0.013,0.006
300,2015,03/15,11.468250559407513,Cascavel,30.0,0.45,0.9,0.013,0.007
301,2016,03/15,8.388777746675778,Cascavel,30.0,0.45,0.9,0.013,0.007
302,2017,03/15,10.824815977097877,Cascavel,30.0,0.45,0.9,0.013,0.007
303,2018,03/15,10.489938004753297,Cascavel,30.0,0.45,0.9,0.013,0.007
304,2019,03/15,11.50697323661982,Cascavel,30.0,0.45,0.9,0.013,0.007
305,2020,03/15,7.218556737395263,Cascavel,30.0,0.45,0.9,0.013,0.007
306,2021,03/15,10.925131448651765,Cascavel,30.0,0.45,0.9,0.013,0.007
307,2022,03/15,9.83495314381866,Cascavel,30.0,0.45,0.9,0.013,0.007
308,2023,03/15,11.01829216410718,Cascavel,30.0,0.45,0.9,0.013,0.007
309,2024,03/15,11.424806758024415,Cascavel,30.0,0.45,0.9,0.013,0.007
310,2015,03/15,12.185017132864449,Foz do Iguaçu,30.0,0.45,0.9,0.013,0.007
311,2016,03/15,9.863584408602991,Foz do Iguaçu,30.0,0.45,0.9,0.013,0.007
312,2017,03/15,11.84609733526933,Foz do Iguaçu,30.0,0.45,0.9,0.013,0.007
313,2018,03/15,11.270684318021551,Foz do Iguaçu,30.0,0.45,0.9,0.013,0.007
314,2019,03/15,12.167378146019377,Foz do Iguaçu,30.0,0.45,0.9,0.013,0.007
315,2020,03/15,11.0739564266045,Foz do Iguaçu,30.0,0.45,0.9,0.013,0.007
316,2021,03/15,11.821242432378835,Foz do Iguaçu,30.0,0.45,0.9,0.013,0.007
317,2022,03/15,10.749334305158621,Foz do Iguaçu,30.0,0.45,0.9,0.013,0.007
318,2023,03/15,12.249027124545922,Foz do Iguaçu,30.0,0.45,0.9,0.013,0.007
319,2024,03/15,11.238193419158188,Foz do Iguaçu,30.0,0.45,0.9,0.013,0.007
320,2015,03/15,12.480501340037268,Guaíra,30.0,0.45,0.9,0.013,0.007
321,2016,03/15,10.38712823101136,Guaíra,30.0,0.45,0.9,0.013,0.007
322,2017,03/15,12.072387628525753,Guaíra,30.0,0.45,0.9,0.013,0.007
323,2018,03/15,11.913790393654914,Guaíra,30.0,0.45,0.9,0.013,0.007
324,2019,03/15,12.504647893937815,Guaíra,30.0,0.45,0.9,0.013,0.007
325,2020,03/15,12.115794934022032,Guaíra,30.0,0.45,0.9,0.013,0.007
326,2021,03/15,12.053214517451622,Guaíra,30.0,0.45,0.9,0.013,0.007
327,2022,03/15,11.263908724023782,Guaíra,30.0,0.45,0.9,0.013,0.007
328,2023,03/15,12.297728374178236,Guaíra,30.0,0.45,0.9,0.013,0.007
329,2024,03/15,12.471371260189386,Guaíra,30.0,0.45,0.9,0.013,0.007
330,2015,03/15,12.496979361434152,Marechal Cândido Rondon,30.0,0.45,0.9,0.013,0.007
331,2016,03/15,10.486191451376113,Marechal Cândido Rondon,30.0,0.45,0.9,0.013,0.007
332,2017,03/15,12.167695986556653,Marechal Cândido Rondon,30.0,0.45,0.9,0.013,0.007
333,2018,03/15,11.986195613239751,Marechal Cândido Rondon,30.0,0.45,0.9,0.013,0.007
334,2019,03/15,12.527382164491979,Marechal Cândido Rondon,30.0,0.45,0.9,0.013,0.007
335,2020,03/15,12.000441533175012,Marechal Cândido Rondon,30.0,0.45,0.9,0.013,0.007
336,2021,03/15,12.262970754834143,Marechal Cândido Rondon,30.0,0.45,0.9,0.013,0.007
337,2022,03/15,11.295803959612359,Marechal Cândido Rondon,30.0,0.45,0.9,0.013,0.007
338,2023,03/15,12.421386650210538,Marechal Cândido Rondon,30.0,0.45,0.9,0.013,0.007
339,2024,03/15,12.21075664056722,Marechal Cândido Rondon,30.0,0.45,0.9,0.013,0.007
340,2015,03/15,11.772540817399676,Matelândia,30.0,0.45,0.9,0.013,0.007
341,2016,03/15,9.09592034571207,Matelândia,30.0,0.45,0.9,0.013,0.007
342,2017,03/15,11.424130037131897,Matelândia,30.0,0.45,0.9,0.013,0.007
343,2018,03/15,10.783928999783543,Matelândia,30.0,0.45,0.9,0.013,0.007
344,2019,03/15,11.836889058385223,Matelândia,30.0,0.45,0.9,0.013,0.007
345,2020,03/15,10.708947451369564,Matelândia,30.0,0.45,0.9,0.013,0.007
346,2021,03/15,11.532075973349315,Matelândia,30.0,0.45,0.9,0.013,0.007
347,2022,03/15,10.286516450840612,Matelândia,30.0,0.45,0.9,0.013,0.007
348,2023,03/15,11.788455836127213,Matelândia,30.0,0.45,0.9,0.013,0.007
349,2024,03/15,11.239122168601972,Matelândia,30.0,0.45,0.9,0.013,0.007
350,2015,03/15,12.184837928142663,Medianeira,30.0,0.45,0.9,0.013,0.007
351,2016,03/15,9.86336477580094,Medianeira,30.0,0.45,0.9,0.013,0.007
352,2017,03/15,11.845743828100929,Medianeira,30.0,0.45,0.9,0.013,0.007
353,2018,03/15,11.270558560216637,Medianeira,30.0,0.45,0.9,0.013,0.007
354,2019,03/15,12.166937610615058,Medianeira,30.0,0.45,0.9,0.013,0.007
355,2020,03/15,11.073483211169897,Medianeira,30.0,0.45,0.9,0.013,0.007
356,2021,03/15,11.820826622416746,Medianeira,30.0,0.45,0.9,0.013,0.007
357,2022,03/15,10.749334305158621,Medianeira,30.0,0.45,0.9,0.013,0.007
358,2023,03/15,12.24848614715969,Medianeira,30.0,0.45,0.9,0.013,0.007
359,2024,03/15,11.237916196696661,Medianeira,30.0,0.45,0.9,0.013,0.007
360,2015,03/15,12.45717026632836,Santa Helena,30.0,0.45,0.9,0.013,0.007
361,2016,03/15,10.488677499206545,Santa Helena,30.0,0.45,0.9,0.013,0.007
362,2017,03/15,12.166831389071483,Santa Helena,30.0,0.45,0.9,0.013,0.007
363,2018,03/15,11.78776673657074,Santa Helena,30.0,0.45,0.9,0.013,0.007
364,2019,03/15,12.419752377799291,Santa Helena,30.0,0.45,0.9,0.013,0.007
365,2020,03/15,11.735207227726638,Santa Helena,30.0,0.45,0.9,0.013,0.007
366,2021,03/15,12.147134531189486,Santa Helena,30.0,0.45,0.9,0.013,0.007
367,2022,03/15,11.291185807501328,Santa Helena,30.0,0.45,0.9,0.013,0.007
368,2023,03/15,12.472317706582452,Santa Helena,30.0,0.45,0.9,0.013,0.007
369,2024,03/15,11.79443262542535,Santa Helena,30.0,0.45,0.9,0.013,0.007
370,2015,03/15,12.184980085406558,São Miguel do Iguaçu,30.0,0.45,0.9,0.013,0.007
371,2016,03/15,9.863535795590037,São Miguel do Iguaçu,30.0,0.45,0.9,0.013,0.007
372,2017,03/15,11.846040395254835,São Miguel do Iguaçu,30.0,0.45,0.9,0.013,0.007
373,2018,03/15,11.27066251366816,São Miguel do Iguaçu,30.0,0.45,0.9,0.013,0.007
374,2019,03/15,12.167306824228344,São Miguel do Iguaçu,30.0,0.45,0.9,0.013,0.007
375,2020,03/15,11.07386346075052,São Miguel do Iguaçu,30.0,0.45,0.9,0.013,0.007
376,2021,03/15,11.82116308572754,São Miguel do Iguaçu,30.0,0.45,0.9,0.013,0.007
377,2022,03/15,10.749334305158621,São Miguel do Iguaçu,30.0,0.45,0.9,0.013,0.007
378,2023,03/15,12.248938558809089,São Miguel do Iguaçu,30.0,0.45,0.9,0.013,0.007
379,2024,03/15,11.238134033701755,São Miguel do Iguaçu,30.0,0.45,0.9,0.013,0.007
380,2015,03/15,11.499981104751871,São Pedro do Iguaçu,30.0,0.45,0.9,0.013,0.007
381,2016,03/15,8.750118415469286,São Pedro do Iguaçu,30.0,0.45,0.9,0.013,0.007
382,2017,03/15,11.085468051349013,São Pedro do Iguaçu,30.0,0.45,0.9,0.013,0.007
383,2018,03/15,10.745821623973667,São Pedro do Iguaçu,30.0,0.45,0.9,0.013,0.007
384,2019,03/15,11.65901328900281,São Pedro do Iguaçu,30.0,0.45,0.9,0.013,0.007
385,2020,03/15,8.68566676164448,São Pedro do Iguaçu,30.0,0.45,0.9,0.013,0.007
386,2021,03/15,11.323759014062045,São Pedro do Iguaçu,30.0,0.45,0.9,0.013,0.007
387,2022,03/15,9.94160419493432,São Pedro do Iguaçu,30.0,0.45,0.9,0.013,0.007
388,2023,03/15,11.53631374481657,São Pedro do Iguaçu,30.0,0.45,0.9,0.013,0.007
389,2024,03/15,9.406158887659513,São Pedro do Iguaçu,30.0,0.45,0.9,0.013,0.007
390,2015,03/15,11.98978134537541,Toledo,30.0,0.45,0.9,0.013,0.007
391,2016,03/15,9.440845673806619,Toledo,30.0,0.45,0.9,0.013,0.007
392,2017,03/15,11.48803143146709,Toledo,30.0,0.45,0.9,0.013,0.007
393,2018,03/15,11.433251367093748,Toledo,30.0,0.45,0.9,0.013,0.007
394,2019,03/15,12.063269009319725,Toledo,30.0,0.45,0.9,0.013,0.007
395,2020,03/15,11.549951081487821,Toledo,30.0,0.45,0.9,0.013,0.007
396,2021,03/15,11.766930952810311,Toledo,30.0,0.45,0.9,0.013,0.007
397,2022,03/15,10.487005490781645,Toledo,30.0,0.45,0.9,0.013,0.007
398,2023,03/15,11.930690723386286,Toledo,30.0,0.45,0.9,0.013,0.007
399,2024,03/15,12.061104927966255,Toledo,30.0,0.45,0.9,0.013,0.007
400,2015,03/15,11.82396797063786,Cascavel,30.0,0.45,0.95,0.012,0.006
401,2016,03/15,8.63584797627245,Cascavel,30.0,0.45,0.95,0.012,0.006
402,2017,03/15,11.152595983014482,Cascavel,30.0,0.45,0.95,0.012,0.006
403,2018,03/15,10.811491427215936,Cascavel,30.0,0.45,0.95,0.012,0.006
404,2019,03/15,11.862176106655323,Cascavel,30.0,0.45,0.95,0.012,0.006
405,2020,03/15,7.446898262731358,Cascavel,30.0,0.45,0.95,0.012,0.006
406,2021,03/15,11.25801319997877,Cascavel,30.0,0.45,0.95,0.012,0.006
407,2022,03/15,10.139870948608232,Cascavel,30.0,0.45,0.95,0.012,0.006
408,2023,03/15,11.360853498898562,Cascavel,30.0,0.45,0.95,0.012,0.006
409,2024,03/15,11.77926136276454,Cascavel,30.0,0.45,0.95,0.012,0.006
410,2015,03/15,12.565548477614088,Foz do Iguaçu,30.0,0.45,0.95,0.012,0.006
411,2016,03/15,10.159874327019459,Foz do Iguaçu,30.0,0.45,0.95,0.012,0.006
412,2017,03/15,12.208878759397141,Foz do Iguaçu,30.0,0.45,0.95,0.012,0.006
413,2018,03/15,11.62114414592223,Foz do Iguaçu,30.0,0.45,0.95,0.012,0.006
414,2019,03/15,12.548533272618563,Foz do Iguaçu,30.0,0.45,0.95,0.012,0.006
415,2020,03/15,11.422952459372024,Foz do Iguaçu,30.0,0.45,0.95,0.012,0.006
416,2021,03/15,12.184935612995115,Foz do Iguaçu,30.0,0.45,0.95,0.012,0.006
417,2022,03/15,11.082623389219298,Foz do Iguaçu,30.0,0.45,0.95,0.012,0.006
418,2023,03/15,12.630599597109777,Foz do Iguaçu,30.0,0.45,0.95,0.012,0.006
419,2024,03/15,11.586074738796254,Foz do Iguaçu,30.0,0.45,0.95,0.012,0.006
420,2015,03/15,12.87266443899437,Guaíra,30.0,0.45,0.95,0.012,0.006
421,2016,03/15,10.704687701289993,Guaíra,30.0,0.45,0.95,0.012,0.006
422,2017,03/15,12.44305531028843,Guaíra,30.0,0.45,0.95,0.012,0.006
423,2018,03/15,12.28526236178261,Guaíra,30.0,0.45,0.95,0.012,0.006
424,2019,03/15,12.896639298800194,Guaíra,30.0,0.45,0.95,0.012,0.006
425,2020,03/15,12.49886388389259,Guaíra,30.0,0.45,0.95,0.012,0.006
426,2021,03/15,12.426924433046183,Guaíra,30.0,0.45,0.95,0.012,0.006
427,2022,03/15,11.615411239495712,Guaíra,30.0,0.45,0.95,0.012,0.006
428,2023,03/15,12.683241481407467,Guaíra,30.0,0.45,0.95,0.012,0.006
429,2024,03/15,12.861091540785988,Guaíra,30.0,0.45,0.95,0.012,0.006
430,2015,03/15,12.889361178847112,Marechal Cândido Rondon,30.0,0.45,0.95,0.012,0.006
431,2016,03/15,10.806569898303199,Marechal Cândido Rondon,30.0,0.45,0.95,0.012,0.006
432,2017,03/15,12.541733216554325,Marechal Cândido Rondon,30.0,0.45,0.95,0.012,0.006
433,2018,03/15,12.360086477505977,Marechal Cândido Rondon,30.0,0.45,0.95,0.012,0.006
434,2019,03/15,12.919918485082144,Marechal Cândido Rondon,30.0,0.45,0.95,0.012,0.006
435,2020,03/15,12.379129474623525,Marechal Cândido Rondon,30.0,0.45,0.95,0.012,0.006
436,2021,03/15,12.643566807320424,Marechal Cândido Rondon,30.0,0.45,0.95,0.012,0.006
437,2022,03/15,11.648540104158005,Marechal Cândido Rondon,30.0,0.45,0.95,0.012,0.006
438,2023,03/15,12.811120855289216,Marechal Cândido Rondon,30.0,0.45,0.95,0.012,0.006
439,2024,03/15,12.59098257273243,Marechal Cândido Rondon,30.0,0.45,0.95,0.012,0.006
440,2015,03/15,12.138724346334229,Matelândia,30.0,0.45,0.95,0.012,0.006
441,2016,03/15,9.36637679310567,Matelândia,30.0,0.45,0.95,0.012,0.006
442,2017,03/15,11.772816240119536,Matelândia,30.0,0.45,0.95,0.012,0.006
443,2018,03/15,11.117259949440008,Matelândia,30.0,0.45,0.95,0.012,0.006
444,2019,03/15,12.205453192138357,Matelândia,30.0,0.45,0.95,0.012,0.006
445,2020,03/15,11.046766476809452,Matelândia,30.0,0.45,0.95,0.012,0.006
446,2021,03/15,11.886219806210274,Matelândia,30.0,0.45,0.95,0.012,0.006
447,2022,03/15,10.605356194192185,Matelândia,30.0,0.45,0.95,0.012,0.006
448,2023,03/15,12.156142199448976,Matelândia,30.0,0.45,0.95,0.012,0.006
449,2024,03/15,11.587239600349367,Matelândia,30.0,0.45,0.95,0.012,0.006
450,2015,03/15,12.565363525775554,Medianeira,30.0,0.45,0.95,0.012,0.006
451,2016,03/15,10.159640872674768,Medianeira,30.0,0.45,0.95,0.012,0.006
452,2017,03/15,12.208513215494293,Medianeira,30.0,0.45,0.95,0.012,0.006
453,2018,03/15,11.621002394277676,Medianeira,30.0,0.45,0.95,0.012,0.006
454,2019,03/15,12.54807796166872,Medianeira,30.0,0.45,0.95,0.012,0.006
455,2020,03/15,11.422450811328158,Medianeira,30.0,0.45,0.95,0.012,0.006
456,2021,03/15,12.183293575325248,Medianeira,30.0,0.45,0.95,0.012,0.006
457,2022,03/15,11.082623389219298,Medianeira,30.0,0.45,0.95,0.012,0.006
458,2023,03/15,12.630040518471588,Medianeira,30.0,0.45,0.95,0.012,0.006
459,2024,03/15,11.58578801430531,Medianeira,30.0,0.45,0.95,0.012,0.006
460,2015,03/15,12.848181227857008,Santa Helena,30.0,0.45,0.95,0.012,0.006
461,2016,03/15,10.807454282233897,Santa Helena,30.0,0.45,0.95,0.012,0.006
462,2017,03/15,12.540404654359438,Santa Helena,30.0,0.45,0.95,0.012,0.006
463,2018,03/15,12.153466685115008,Santa Helena,30.0,0.45,0.95,0.012,0.006
464,2019,03/15,12.808831972275282,Santa Helena,30.0,0.45,0.95,0.012,0.006
465,2020,03/15,12.104731679941567,Santa Helena,30.0,0.45,0.95,0.012,0.006
466,2021,03/15,12.524271761269624,Santa Helena,30.0,0.45,0.95,0.012,0.006
467,2022,03/15,11.642875810165132,Santa Helena,30.0,0.45,0.95,0.012,0.006
468,2023,03/15,12.863165580851737,Santa Helena,30.0,0.45,0.95,0.012,0.006
469,2024,03/15,12.160416107022343,Santa Helena,30.0,0.45,0.95,0.012,0.006
470,2015,03/15,12.565510240672113,São Miguel do Iguaçu,30.0,0.45,0.95,0.012,0.006
471,2016,03/15,10.159823773722213,São Miguel do Iguaçu,30.0,0.45,0.95,0.012,0.006
472,2017,03/15,12.208819885012074,São Miguel do Iguaçu,30.0,0.45,0.95,0.012,0.006
473,2018,03/15,11.6211202182043,São Miguel do Iguaçu,30.0,0.45,0.95,0.012,0.006
474,2019,03/15,12.548459560088375,São Miguel do Iguaçu,30.0,0.45,0.95,0.012,0.006
475,2020,03/15,11.42285525458074,São Miguel do Iguaçu,30.0,0.45,0.95,0.012,0.006
476,2021,03/15,12.184578900705906,São Miguel do Iguaçu,30.0,0.45,0.95,0.012,0.006
477,2022,03/15,11.082623389219298,São Miguel do Iguaçu,30.0,0.45,0.95,0.012,0.006
478,2023,03/15,12.630508078434445,São Miguel do Iguaçu,30.0,0.45,0.95,0.012,0.006
479,2024,03/15,11.586013322425433,São Miguel do Iguaçu,30.0,0.45,0.95,0.012,0.006
480,2015,03/15,11.856541772019566,São Pedro do Iguaçu,30.0,0.45,0.95,0.012,0.006
481,2016,03/15,9.008658394261145,São Pedro do Iguaçu,30.0,0.45,0.95,0.012,0.006
482,2017,03/15,11.422677400611802,São Pedro do Iguaçu,30.0,0.45,0.95,0.012,0.006
483,2018,03/15,11.076513861911753,São Pedro do Iguaçu,30.0,0.45,0.95,0.012,0.006
484,2019,03/15,12.020487381415014,São Pedro do Iguaçu,30.0,0.45,0.95,0.012,0.006
485,2020,03/15,8.96019907525198,São Pedro do Iguaçu,30.0,0.45,0.95,0.012,0.006
486,2021,03/15,11.67108254853807,São Pedro do Iguaçu,30.0,0.45,0.95,0.012,0.006
487,2022,03/15,10.24966318578926,São Pedro do Iguaçu,30.0,0.45,0.95,0.012,0.006
488,2023,03/15,11.896200663003592,São Pedro do Iguaçu,30.0,0.45,0.95,0.012,0.006
489,2024,03/15,9.697163767558173,São Pedro do Iguaçu,30.0,0.45,0.95,0.012,0.006
490,2015,03/15,12.363877521941234,Toledo,30.0,0.45,0.95,0.012,0.006
491,2016,03/15,9.723880273783017,Toledo,30.0,0.45,0.95,0.012,0.006
492,2017,03/15,11.838857853473183,Toledo,30.0,0.45,0.95,0.012,0.006
493,2018,03/15,11.788687435575392,Toledo,30.0,0.45,0.95,0.012,0.006
494,2019,03/15,12.43925084328099,Toledo,30.0,0.45,0.95,0.012,0.006
495,2020,03/15,11.915559735630639,Toledo,30.0,0.45,0.95,0.012,0.006
496,2021,03/15,12.129782350872212,Toledo,30.0,0.45,0.95,0.012,0.006
497,2022,03/15,10.813138287114791,Toledo,30.0,0.45,0.95,0.012,0.006
498,2023,03/15,12.304155634299036,Toledo,30.0,0.45,0.95,0.012,0.006
499,2024,03/15,12.436161874696463,Toledo,30.0,0.45,0.95,0.012,0.006
500,2015,03/15,11.82396797063786,Cascavel,30.0,0.45,0.95,0.012,0.007
501,2016,03/15,8.63584797627245,Cascavel,30.0,0.45,0.95,0.012,0.007
502,2017,03/15,11.152595983014482,Cascavel,30.0,0.45,0.95,0.012,0.007
503,2018,03/15,10.811491427215936,Cascavel,30.0,0.45,0.95,0.012,0.007
504,2019,03/15,11.862176106655323,Cascavel,30.0,0.45,0.95,0.012,0.007
505,2020,03/15,7.446898262731358,Cascavel,30.0,0.45,0.95,0.012,0.007
506,2021,03/15,11.25801319997877,Cascavel,30.0,0.45,0.95,0.012,0.007
507,2022,03/15,10.139870948608232,Cascavel,30.0,0.45,0.95,0.012,0.007
508,2023,03/15,11.360853498898562,Cascavel,30.0,0.45,0.95,0.012,0.007
509,2024,03/15,11.77926136276454,Cascavel,30.0,0.45,0.95,0.012,0.007
510,2015,03/15,12.565548477614088,Foz do Iguaçu,30.0,0.45,0.95,0.012,0.007
511,2016,03/15,10.159874327019459,Foz do Iguaçu,30.0,0.45,0.95,0.012,0.007
512,2017,03/15,12.208878759397141,Foz do Iguaçu,30.0,0.45,0.95,0.012,0.007
513,2018,03/15,11.62114414592223,Foz do Iguaçu,30.0,0.45,0.95,0.012,0.007
514,2019,03/15,12.548533272618563,Foz do Iguaçu,30.0,0.45,0.95,0.012,0.007
515,2020,03/15,11.422952459372024,Foz do Iguaçu,30.0,0.45,0.95,0.012,0.007
516,2021,03/15,12.184935612995115,Foz do Iguaçu,30.0,0.45,0.95,0.012,0.007
517,2022,03/15,11.082623389219298,Foz do Iguaçu,30.0,0.45,0.95,0.012,0.007
518,2023,03/15,12.630599597109777,Foz do Iguaçu,30.0,0.45,0.95,0.012,0.007
519,2024,03/15,11.586074738796254,Foz do Iguaçu,30.0,0.45,0.95,0.012,0.007
520,2015,03/15,12.87266443899437,Guaíra,30.0,0.45,0.95,0.012,0.007
521,2016,03/15,10.704687701289993,Guaíra,30.0,0.45,0.95,0.012,0.007
522,2017,03/15,12.44305531028843,Guaíra,30.0,0.45,0.95,0.012,0.007
523,2018,03/15,12.28526236178261,Guaíra,30.0,0.45,0.95,0.012,0.007
524,2019,03/15,12.896639298800194,Guaíra,30.0,0.45,0.95,0.012,0.007
525,2020,03/15,12.49886388389259,Guaíra,30.0,0.45,0.95,0.012,0.007
526,2021,03/15,12.426924433046183,Guaíra,30.0,0.45,0.95,0.012,0.007
527,2022,03/15,11.615411239495712,Guaíra,30.0,0.45,0.95,0.012,0.007
528,2023,03/15,12.683241481407467,Guaíra,30.0,0.45,0.95,0.012,0.007
529,2024,03/15,12.861091540785988,Guaíra,30.0,0.45,0.95,0.012,0.007
530,2015,03/15,12.889361178847112,Marechal Cândido Rondon,30.0,0.45,0.95,0.012,0.007
531,2016,03/15,10.806569898303199,Marechal Cândido Rondon,30.0,0.45,0.95,0.012,0.007
532,2017,03/15,12.541733216554325,Marechal Cândido Rondon,30.0,0.45,0.95,0.012,0.007
533,2018,03/15,12.360086477505977,Marechal Cândido Rondon,30.0,0.45,0.95,0.012,0.007
534,2019,03/15,12.919918485082144,Marechal Cândido Rondon,30.0,0.45,0.95,0.012,0.007
535,2020,03/15,12.379129474623525,Marechal Cândido Rondon,30.0,0.45,0.95,0.012,0.007
536,2021,03/15,12.643566807320424,Marechal Cândido Rondon,30.0,0.45,0.95,0.012,0.007
537,2022,03/15,11.648540104158005,Marechal Cândido Rondon,30.0,0.45,0.95,0.012,0.007
538,2023,03/15,12.811120855289216,Marechal Cândido Rondon,30.0,0.45,0.95,0.012,0.007
539,2024,03/15,12.59098257273243,Marechal Cândido Rondon,30.0,0.45,0.95,0.012,0.007
540,2015,03/15,12.138724346334229,Matelândia,30.0,0.45,0.95,0.012,0.007
541,2016,03/15,9.36637679310567,Matelândia,30.0,0.45,0.95,0.012,0.007
542,2017,03/15,11.772816240119536,Matelândia,30.0,0.45,0.95,0.012,0.007
543,2018,03/15,11.117259949440008,Matelândia,30.0,0.45,0.95,0.012,0.007
544,2019,03/15,12.205453192138357,Matelândia,30.0,0.45,0.95,0.012,0.007
545,2020,03/15,11.046766476809452,Matelândia,30.0,0.45,0.95,0.012,0.007
546,2021,03/15,11.886219806210274,Matelândia,30.0,0.45,0.95,0.012,0.007
547,2022,03/15,10.605356194192185,Matelândia,30.0,0.45,0.95,0.012,0.007
548,2023,03/15,12.156142199448976,Matelândia,30.0,0.45,0.95,0.012,0.007
549,2024,03/15,11.587239600349367,Matelândia,30.0,0.45,0.95,0.012,0.007
550,2015,03/15,12.565363525775554,Medianeira,30.0,0.45,0.95,0.012,0.007
551,2016,03/15,10.159640872674768,Medianeira,30.0,0.45,0.95,0.012,0.007
552,2017,03/15,12.208513215494293,Medianeira,30.0,0.45,0.95,0.012,0.007
553,2018,03/15,11.621002394277676,Medianeira,30.0,0.45,0.95,0.012,0.007
554,2019,03/15,12.54807796166872,Medianeira,30.0,0.45,0.95,0.012,0.007
555,2020,03/15,11.422450811328158,Medianeira,30.0,0.45,0.95,0.012,0.007
556,2021,03/15,12.183293575325248,Medianeira,30.0,0.45,0.95,0.012,0.007
557,2022,03/15,11.082623389219298,Medianeira,30.0,0.45,0.95,0.012,0.007
558,2023,03/15,12.630040518471588,Medianeira,30.0,0.45,0.95,0.012,0.007
559,2024,03/15,11.58578801430531,Medianeira,30.0,0.45,0.95,0.012,0.007
560,2015,03/15,12.848181227857008,Santa Helena,30.0,0.45,0.95,0.012,0.007
561,2016,03/15,10.807454282233897,Santa Helena,30.0,0.45,0.95,0.012,0.007
562,2017,03/15,12.540404654359438,Santa Helena,30.0,0.45,0.95,0.012,0.007
563,2018,03/15,12.153466685115008,Santa Helena,30.0,0.45,0.95,0.012,0.007
564,2019,03/15,12.808831972275282,Santa Helena,30.0,0.45,0.95,0.012,0.007
565,2020,03/15,12.104731679941567,Santa Helena,30.0,0.45,0.95,0.012,0.007
566,2021,03/15,12.524271761269624,Santa Helena,30.0,0.45,0.95,0.012,0.007
567,2022,03/15,11.642875810165132,Santa Helena,30.0,0.45,0.95,0.012,0.007
568,2023,03/15,12.863165580851737,Santa Helena,30.0,0.45,0.95,0.012,0.007
569,2024,03/15,12.160416107022343,Santa Helena,30.0,0.45,0.95,0.012,0.007
570,2015,03/15,12.565510240672113,São Miguel do Iguaçu,30.0,0.45,0.95,0.012,0.007
571,2016,03/15,10.159823773722213,São Miguel do Iguaçu,30.0,0.45,0.95,0.012,0.007
572,2017,03/15,12.208819885012074,São Miguel do Iguaçu,30.0,0.45,0.95,0.012,0.007
573,2018,03/15,11.6211202182043,São Miguel do Iguaçu,30.0,0.45,0.95,0.012,0.007
574,2019,03/15,12.548459560088375,São Miguel do Iguaçu,30.0,0.45,0.95,0.012,0.007
575,2020,03/15,11.42285525458074,São Miguel do Iguaçu,30.0,0.45,0.95,0.012,0.007
576,2021,03/15,12.184578900705906,São Miguel do Iguaçu,30.0,0.45,0.95,0.012,0.007
577,2022,03/15,11.082623389219298,São Miguel do Iguaçu,30.0,0.45,0.95,0.012,0.007
578,2023,03/15,12.630508078434445,São Miguel do Iguaçu,30.0,0.45,0.95,0.012,0.007
579,2024,03/15,11.586013322425433,São Miguel do Iguaçu,30.0,0.45,0.95,0.012,0.007
580,2015,03/15,11.856541772019566,São Pedro do Iguaçu,30.0,0.45,0.95,0.012,0.007
581,2016,03/15,9.008658394261145,São Pedro do Iguaçu,30.0,0.45,0.95,0.012,0.007
582,2017,03/15,11.422677400611802,São Pedro do Iguaçu,30.0,0.45,0.95,0.012,0.007
583,2018,03/15,11.076513861911753,São Pedro do Iguaçu,30.0,0.45,0.95,0.012,0.007
584,2019,03/15,12.020487381415014,São Pedro do Iguaçu,30.0,0.45,0.95,0.012,0.007
585,2020,03/15,8.96019907525198,São Pedro do Iguaçu,30.0,0.45,0.95,0.012,0.007
586,2021,03/15,11.67108254853807,São Pedro do Iguaçu,30.0,0.45,0.95,0.012,0.007
587,2022,03/15,10.24966318578926,São Pedro do Iguaçu,30.0,0.45,0.95,0.012,0.007
588,2023,03/15,11.896200663003592,São Pedro do Iguaçu,30.0,0.45,0.95,0.012,0.007
589,2024,03/15,9.697163767558173,São Pedro do Iguaçu,30.0,0.45,0.95,0.012,0.007
590,2015,03/15,12.363877521941234,Toledo,30.0,0.45,0.95,0.012,0.007
591,2016,03/15,9.723880273783017,Toledo,30.0,0.45,0.95,0.012,0.007
592,2017,03/15,11.838857853473183,Toledo,30.0,0.45,0.95,0.012,0.007
593,2018,03/15,11.788687435575392,Toledo,30.0,0.45,0.95,0.012,0.007
594,2019,03/15,12.43925084328099,Toledo,30.0,0.45,0.95,0.012,0.007
595,2020,03/15,11.915559735630639,Toledo,30.0,0.45,0.95,0.012,0.007
596,2021,03/15,12.129782350872212,Toledo,30.0,0.45,0.95,0.012,0.007
597,2022,03/15,10.813138287114791,Toledo,30.0,0.45,0.95,0.012,0.007
598,2023,03/15,12.304155634299036,Toledo,30.0,0.45,0.95,0.012,0.007
599,2024,03/15,12.436161874696463,Toledo,30.0,0.45,0.95,0.012,0.007
600,2015,03/15,11.82396797063786,Cascavel,30.0,0.45,0.95,0.013,0.006
601,2016,03/15,8.63584797627245,Cascavel,30.0,0.45,0.95,0.013,0.006
602,2017,03/15,11.152595983014482,Cascavel,30.0,0.45,0.95,0.013,0.006
603,2018,03/15,10.811491427215936,Cascavel,30.0,0.45,0.95,0.013,0.006
604,2019,03/15,11.862176106655323,Cascavel,30.0,0.45,0.95,0.013,0.006
605,2020,03/15,7.446898262731358,Cascavel,30.0,0.45,0.95,0.013,0.006
606,2021,03/15,11.25801319997877,Cascavel,30.0,0.45,0.95,0.013,0.006
607,2022,03/15,10.139870948608232,Cascavel,30.0,0.45,0.95,0.013,0.006
608,2023,03/15,11.360853498898562,Cascavel,30.0,0.45,0.95,0.013,0.006
609,2024,03/15,11.77926136276454,Cascavel,30.0,0.45,0.95,0.013,0.006
610,2015,03/15,12.565548477614088,Foz do Iguaçu,30.0,0.45,0.95,0.013,0.006
611,2016,03/15,10.159874327019459,Foz do Iguaçu,30.0,0.45,0.95,0.013,0.006
612,2017,03/15,12.208878759397141,Foz do Iguaçu,30.0,0.45,0.95,0.013,0.006
613,2018,03/15,11.62114414592223,Foz do Iguaçu,30.0,0.45,0.95,0.013,0.006
614,2019,03/15,12.548533272618563,Foz do Iguaçu,30.0,0.45,0.95,0.013,0.006
615,2020,03/15,11.422952459372024,Foz do Iguaçu,30.0,0.45,0.95,0.013,0.006
616,2021,03/15,12.184935612995115,Foz do Iguaçu,30.0,0.45,0.95,0.013,0.006
617,2022,03/15,11.082623389219298,Foz do Iguaçu,30.0,0.45,0.95,0.013,0.006
618,2023,03/15,12.630599597109777,Foz do Iguaçu,30.0,0.45,0.95,0.013,0.006
619,2024,03/15,11.586074738796254,Foz do Iguaçu,30.0,0.45,0.95,0.013,0.006
620,2015,03/15,12.87266443899437,Guaíra,30.0,0.45,0.95,0.013,0.006
621,2016,03/15,10.704687701289993,Guaíra,30.0,0.45,0.95,0.013,0.006
622,2017,03/15,12.44305531028843,Guaíra,30.0,0.45,0.95,0.013,0.006
623,2018,03/15,12.28526236178261,Guaíra,30.0,0.45,0.95,0.013,0.006
624,2019,03/15,12.896639298800194,Guaíra,30.0,0.45,0.95,0.013,0.006
625,2020,03/15,12.49886388389259,Guaíra,30.0,0.45,0.95,0.013,0.006
626,2021,03/15,12.426924433046183,Guaíra,30.0,0.45,0.95,0.013,0.006
627,2022,03/15,11.615411239495712,Guaíra,30.0,0.45,0.95,0.013,0.006
628,2023,03/15,12.683241481407467,Guaíra,30.0,0.45,0.95,0.013,0.006
629,2024,03/15,12.861091540785988,Guaíra,30.0,0.45,0.95,0.013,0.006
630,2015,03/15,12.889361178847112,Marechal Cândido Rondon,30.0,0.45,0.95,0.013,0.006
631,2016,03/15,10.806569898303199,Marechal Cândido Rondon,30.0,0.45,0.95,0.013,0.006
632,2017,03/15,12.541733216554325,Marechal Cândido Rondon,30.0,0.45,0.95,0.013,0.006
633,2018,03/15,12.360086477505977,Marechal Cândido Rondon,30.0,0.45,0.95,0.013,0.006
634,2019,03/15,12.919918485082144,Marechal Cândido Rondon,30.0,0.45,0.95,0.013,0.006
635,2020,03/15,12.379129474623525,Marechal Cândido Rondon,30.0,0.45,0.95,0.013,0.006
636,2021,03/15,12.643566807320424,Marechal Cândido Rondon,30.0,0.45,0.95,0.013,0.006
637,2022,03/15,11.648540104158005,Marechal Cândido Rondon,30.0,0.45,0.95,0.013,0.006
638,2023,03/15,12.811120855289216,Marechal Cândido Rondon,30.0,0.45,0.95,0.013,0.006
639,2024,03/15,12.59098257273243,Marechal Cândido Rondon,30.0,0.45,0.95,0.013,0.006
640,2015,03/15,12.138724346334229,Matelândia,30.0,0.45,0.95,0.013,0.006
641,2016,03/15,9.36637679310567,Matelândia,30.0,0.45,0.95,0.013,0.006
642,2017,03/15,11.772816240119536,Matelândia,30.0,0.45,0.95,0.013,0.006
643,2018,03/15,11.117259949440008,Matelândia,30.0,0.45,0.95,0.013,0.006
644,2019,03/15,12.205453192138357,Matelândia,30.0,0.45,0.95,0.013,0.006
645,2020,03/15,11.046766476809452,Matelândia,30.0,0.45,0.95,0.013,0.006
646,2021,03/15,11.886219806210274,Matelândia,30.0,0.45,0.95,0.013,0.006
647,2022,03/15,10.605356194192185,Matelândia,30.0,0.45,0.95,0.013,0.006
648,2023,03/15,12.156142199448976,Matelândia,30.0,0.45,0.95,0.013,0.006
649,2024,03/15,11.587239600349367,Matelândia,30.0,0.45,0.95,0.013,0.006
650,2015,03/15,12.565363525775554,Medianeira,30.0,0.45,0.95,0.013,0.006
651,2016,03/15,10.159640872674768,Medianeira,30.0,0.45,0.95,0.013,0.006
652,2017,03/15,12.208513215494293,Medianeira,30.0,0.45,0.95,0.013,0.006
653,2018,03/15,11.621002394277676,Medianeira,30.0,0.45,0.95,0.013,0.006
654,2019,03/15,12.54807796166872,Medianeira,30.0,0.45,0.95,0.013,0.006
655,2020,03/15,11.422450811328158,Medianeira,30.0,0.45,0.95,0.013,0.006
656,2021,03/15,12.183293575325248,Medianeira,30.0,0.45,0.95,0.013,0.006
657,2022,03/15,11.082623389219298,Medianeira,30.0,0.45,0.95,0.013,0.006
658,2023,03/15,12.630040518471588,Medianeira,30.0,0.45,0.95,0.013,0.006
659,2024,03/15,11.58578801430531,Medianeira,30.0,0.45,0.95,0.013,0.006
660,2015,03/15,12.848181227857008,Santa Helena,30.0,0.45,0.95,0.013,0.006
661,2016,03/15,10.807454282233897,Santa Helena,30.0,0.45,0.95,0.013,0.006
662,2017,03/15,12.540404654359438,Santa Helena,30.0,0.45,0.95,0.013,0.006
663,2018,03/15,12.153466685115008,Santa Helena,30.0,0.45,0.95,0.013,0.006
664,2019,03/15,12.808831972275282,Santa Helena,30.0,0.45,0.95,0.013,0.006
665,2020,03/15,12.104731679941567,Santa Helena,30.0,0.45,0.95,0.013,0.006
666,2021,03/15,12.524271761269624,Santa Helena,30.0,0.45,0.95,0.013,0.006
667,2022,03/15,11.642875810165132,Santa Helena,30.0,0.45,0.95,0.013,0.006
668,2023,03/15,12.863165580851737,Santa Helena,30.0,0.45,0.95,0.013,0.006
669,2024,03/15,12.160416107022343,Santa Helena,30.0,0.45,0.95,0.013,0.006
670,2015,03/15,12.565510240672113,São Miguel do Iguaçu,30.0,0.45,0.95,0.013,0.006
671,2016,03/15,10.159823773722213,São Miguel do Iguaçu,30.0,0.45,0.95,0.013,0.006
672,2017,03/15,12.208819885012074,São Miguel do Iguaçu,30.0,0.45,0.95,0.013,0.006
673,2018,03/15,11.6211202182043,São Miguel do Iguaçu,30.0,0.45,0.95,0.013,0.006
674,2019,03/15,12.548459560088375,São Miguel do Iguaçu,30.0,0.45,0.95,0.013,0.006
675,2020,03/15,11.42285525458074,São Miguel do Iguaçu,30.0,0.45,0.95,0.013,0.006
676,2021,03/15,12.184578900705906,São Miguel do Iguaçu,30.0,0.45,0.95,0.013,0.006
677,2022,03/15,11.082623389219298,São Miguel do Iguaçu,30.0,0.45,0.95,0.013,0.006
678,2023,03/15,12.630508078434445,São Miguel do Iguaçu,30.0,0.45,0.95,0.013,0.006
679,2024,03/15,11.586013322425433,São Miguel do Iguaçu,30.0,0.45,0.95,0.013,0.006
680,2015,03/15,11.856541772019566,São Pedro do Iguaçu,30.0,0.45,0.95,0.013,0.006
681,2016,03/15,9.008658394261145,São Pedro do Iguaçu,30.0,0.45,0.95,0.013,0.006
682,2017,03/15,11.422677400611802,São Pedro do Iguaçu,30.0,0.45,0.95,0.013,0.006
683,2018,03/15,11.076513861911753,São Pedro do Iguaçu,30.0,0.45,0.95,0.013,0.006
684,2019,03/15,12.020487381415014,São Pedro do Iguaçu,30.0,0.45,0.95,0.013,0.006
685,2020,03/15,8.96019907525198,São Pedro do Iguaçu,30.0,0.45,0.95,0.013,0.006
686,2021,03/15,11.67108254853807,São Pedro do Iguaçu,30.0,0.45,0.95,0.013,0.006
687,2022,03/15,10.24966318578926,São Pedro do Iguaçu,30.0,0.45,0.95,0.013,0.006
688,2023,03/15,11.896200663003592,São Pedro do Iguaçu,30.0,0.45,0.95,0.013,0.006
689,2024,03/15,9.697163767558173,São Pedro do Iguaçu,30.0,0.45,0.95,0.013,0.006
690,2015,03/15,12.363877521941234,Toledo,30.0,0.45,0.95,0.013,0.006
691,2016,03/15,9.723880273783017,Toledo,30.0,0.45,0.95,0.013,0.006
692,2017,03/15,11.838857853473183,Toledo,30.0,0.45,0.95,0.013,0.006
693,2018,03/15,11.788687435575392,Toledo,30.0,0.45,0.95,0.013,0.006
694,2019,03/15,12.43925084328099,Toledo,30.0,0.45,0.95,0.013,0.006
695,2020,03/15,11.915559735630639,Toledo,30.0,0.45,0.95,0.013,0.006
696,2021,03/15,12.129782350872212,Toledo,30.0,0.45,0.95,0.013,0.006
697,2022,03/15,10.813138287114791,Toledo,30.0,0.45,0.95,0.013,0.006
698,2023,03/15,12.304155634299036,Toledo,30.0,0.45,0.95,0.013,0.006
699,2024,03/15,12.436161874696463,Toledo,30.0,0.45,0.95,0.013,0.006
700,2015,03/15,11.82396797063786,Cascavel,30.0,0.45,0.95,0.013,0.007
701,2016,03/15,8.63584797627245,Cascavel,30.0,0.45,0.95,0.013,0.007
702,2017,03/15,11.152595983014482,Cascavel,30.0,0.45,0.95,0.013,0.007
703,2018,03/15,10.811491427215936,Cascavel,30.0,0.45,0.95,0.013,0.007
704,2019,03/15,11.862176106655323,Cascavel,30.0,0.45,0.95,0.013,0.007
705,2020,03/15,7.446898262731358,Cascavel,30.0,0.45,0.95,0.013,0.007
706,2021,03/15,11.25801319997877,Cascavel,30.0,0.45,0.95,0.013,0.007
707,2022,03/15,10.139870948608232,Cascavel,30.0,0.45,0.95,0.013,0.007
708,2023,03/15,11.360853498898562,Cascavel,30.0,0.45,0.95,0.013,0.007
709,2024,03/15,11.77926136276454,Cascavel,30.0,0.45,0.95,0.013,0.007
710,2015,03/15,12.565548477614088,Foz do Iguaçu,30.0,0.45,0.95,0.013,0.007
711,2016,03/15,10.159874327019459,Foz do Iguaçu,30.0,0.45,0.95,0.013,0.007
712,2017,03/15,12.208878759397141,Foz do Iguaçu,30.0,0.45,0.95,0.013,0.007
713,2018,03/15,11.62114414592223,Foz do Iguaçu,30.0,0.45,0.95,0.013,0.007
714,2019,03/15,12.548533272618563,Foz do Iguaçu,30.0,0.45,0.95,0.013,0.007
715,2020,03/15,11.422952459372024,Foz do Iguaçu,30.0,0.45,0.95,0.013,0.007
716,2021,03/15,12.184935612995115,Foz do Iguaçu,30.0,0.45,0.95,0.013,0.007
717,2022,03/15,11.082623389219298,Foz do Iguaçu,30.0,0.45,0.95,0.013,0.007
718,2023,03/15,12.630599597109777,Foz do Iguaçu,30.0,0.45,0.95,0.013,0.007
719,2024,03/15,11.586074738796254,Foz do Iguaçu,30.0,0.45,0.95,0.013,0.007
720,2015,03/15,12.87266443899437,Guaíra,30.0,0.45,0.95,0.013,0.007
721,2016,03/15,10.704687701289993,Guaíra,30.0,0.45,0.95,0.013,0.007
722,2017,03/15,12.44305531028843,Guaíra,30.0,0.45,0.95,0.013,0.007
723,2018,03/15,12.28526236178261,Guaíra,30.0,0.45,0.95,0.013,0.007
724,2019,03/15,12.896639298800194,Guaíra,30.0,0.45,0.95,0.013,0.007
725,2020,03/15,12.49886388389259,Guaíra,30.0,0.45,0.95,0.013,0.007
726,2021,03/15,12.426924433046183,Guaíra,30.0,0.45,0.95,0.013,0.007
727,2022,03/15,11.615411239495712,Guaíra,30.0,0.45,0.95,0.013,0.007
728,2023,03/15,12.683241481407467,Guaíra,30.0,0.45,0.95,0.013,0.007
729,2024,03/15,12.861091540785988,Guaíra,30.0,0.45,0.95,0.013,0.007
730,2015,03/15,12.889361178847112,Marechal Cândido Rondon,30.0,0.45,0.95,0.013,0.007
731,2016,03/15,10.806569898303199,Marechal Cândido Rondon,30.0,0.45,0.95,0.013,0.007
732,2017,03/15,12.541733216554325,Marechal Cândido Rondon,30.0,0.45,0.95,0.013,0.007
733,2018,03/15,12.360086477505977,Marechal Cândido Rondon,30.0,0.45,0.95,0.013,0.007
734,2019,03/15,12.919918485082144,Marechal Cândido Rondon,30.0,0.45,0.95,0.013,0.007
735,2020,03/15,12.379129474623525,Marechal Cândido Rondon,30.0,0.45,0.95,0.013,0.007
736,2021,03/15,12.643566807320424,Marechal Cândido Rondon,30.0,0.45,0.95,0.013,0.007
737,2022,03/15,11.648540104158005,Marechal Cândido Rondon,30.0,0.45,0.95,0.013,0.007
738,2023,03/15,12.811120855289216,Marechal Cândido Rondon,30.0,0.45,0.95,0.013,0.007
739,2024,03/15,12.59098257273243,Marechal Cândido Rondon,30.0,0.45,0.95,0.013,0.007
740,2015,03/15,12.138724346334229,Matelândia,30.0,0.45,0.95,0.013,0.007
741,2016,03/15,9.36637679310567,Matelândia,30.0,0.45,0.95,0.013,0.007
742,2017,03/15,11.772816240119536,Matelândia,30.0,0.45,0.95,0.013,0.007
743,2018,03/15,11.117259949440008,Matelândia,30.0,0.45,0.95,0.013,0.007
744,2019,03/15,12.205453192138357,Matelândia,30.0,0.45,0.95,0.013,0.007
745,2020,03/15,11.046766476809452,Matelândia,30.0,0.45,0.95,0.013,0.007
746,2021,03/15,11.886219806210274,Matelândia,30.0,0.45,0.95,0.013,0.007
747,2022,03/15,10.605356194192185,Matelândia,30.0,0.45,0.95,0.013,0.007
748,2023,03/15,12.156142199448976,Matelândia,30.0,0.45,0.95,0.013,0.007
749,2024,03/15,11.587239600349367,Matelândia,30.0,0.45,0.95,0.013,0.007
750,2015,03/15,12.565363525775554,Medianeira,30.0,0.45,0.95,0.013,0.007
751,2016,03/15,10.159640872674768,Medianeira,30.0,0.45,0.95,0.013,0.007
752,2017,03/15,12.208513215494293,Medianeira,30.0,0.45,0.95,0.013,0.007
753,2018,03/15,11.621002394277676,Medianeira,30.0,0.45,0.95,0.013,0.007
754,2019,03/15,12.54807796166872,Medianeira,30.0,0.45,0.95,0.013,0.007
755,2020,03/15,11.422450811328158,Medianeira,30.0,0.45,0.95,0.013,0.007
756,2021,03/15,12.183293575325248,Medianeira,30.0,0.45,0.95,0.013,0.007
757,2022,03/15,11.082623389219298,Medianeira,30.0,0.45,0.95,0.013,0.007
758,2023,03/15,12.630040518471588,Medianeira,30.0,0.45,0.95,0.013,0.007
759,2024,03/15,11.58578801430531,Medianeira,30.0,0.45,0.95,0.013,0.007
760,2015,03/15,12.848181227857008,Santa Helena,30.0,0.45,0.95,0.013,0.007
761,2016,03/15,10.807454282233897,Santa Helena,30.0,0.45,0.95,0.013,0.007
762,2017,03/15,12.540404654359438,Santa Helena,30.0,0.45,0.95,0.013,0.007
763,2018,03/15,12.153466685115008,Santa Helena,30.0,0.45,0.95,0.013,0.007
764,2019,03/15,12.808831972275282,Santa Helena,30.0,0.45,0.95,0.013,0.007
765,2020,03/15,12.104731679941567,Santa Helena,30.0,0.45,0.95,0.013,0.007
766,2021,03/15,12.524271761269624,Santa Helena,30.0,0.45,0.95,0.013,0.007
767,2022,03/15,11.642875810165132,Santa Helena,30.0,0.45,0.95,0.013,0.007
768,2023,03/15,12.863165580851737,Santa Helena,30.0,0.45,0.95,0.013,0.007
769,2024,03/15,12.160416107022343,Santa Helena,30.0,0.45,0.95,0.013,0.007
770,2015,03/15,12.565510240672113,São Miguel do Iguaçu,30.0,0.45,0.95,0.013,0.007
771,2016,03/15,10.159823773722213,São Miguel do Iguaçu,30.0,0.45,0.95,0.013,0.007
772,2017,03/15,12.208819885012074,São Miguel do Iguaçu,30.0,0.45,0.95,0.013,0.007
773,2018,03/15,11.6211202182043,São Miguel do Iguaçu,30.0,0.45,0.95,0.013,0.007
774,2019,03/15,12.548459560088375,São Miguel do Iguaçu,30.0,0.45,0.95,0.013,0.007
775,2020,03/15,11.42285525458074,São Miguel do Iguaçu,30.0,0.45,0.95,0.013,0.007
776,2021,03/15,12.184578900705906,São Miguel do Iguaçu,30.0,0.45,0.95,0.013,0.007
777,2022,03/15,11.082623389219298,São Miguel do Iguaçu,30.0,0.45,0.95,0.013,0.007
778,2023,03/15,12.630508078434445,São Miguel do Iguaçu,30.0,0.45,0.95,0.013,0.007
779,2024,03/15,11.586013322425433,São Miguel do Iguaçu,30.0,0.45,0.95,0.013,0.007
780,2015,03/15,11.856541772019566,São Pedro do Iguaçu,30.0,0.45,0.95,0.013,0.007
781,2016,03/15,9.008658394261145,São Pedro do Iguaçu,30.0,0.45,0.95,0.013,0.007
782,2017,03/15,11.422677400611802,São Pedro do Iguaçu,30.0,0.45,0.95,0.013,0.007
783,2018,03/15,11.076513861911753,São Pedro do Iguaçu,30.0,0.45,0.95,0.013,0.007
784,2019,03/15,12.020487381415014,São Pedro do Iguaçu,30.0,0.45,0.95,0.013,0.007
785,2020,03/15,8.96019907525198,São Pedro do Iguaçu,30.0,0.45,0.95,0.013,0.007
786,2021,03/15,11.67108254853807,São Pedro do Iguaçu,30.0,0.45,0.95,0.013,0.007
787,2022,03/15,10.24966318578926,São Pedro do Iguaçu,30.0,0.45,0.95,0.013,0.007
788,2023,03/15,11.896200663003592,São Pedro do Iguaçu,30.0,0.45,0.95,0.013,0.007
789,2024,03/15,9.697163767558173,São Pedro do Iguaçu,30.0,0.45,0.95,0.013,0.007
790,2015,03/15,12.363877521941234,Toledo,30.0,0.45,0.95,0.013,0.007
791,2016,03/15,9.723880273783017,Toledo,30.0,0.45,0.95,0.013,0.007
792,2017,03/15,11.838857853473183,Toledo,30.0,0.45,0.95,0.013,0.007
793,2018,03/15,11.788687435575392,Toledo,30.0,0.45,0.95,0.013,0.007
794,2019,03/15,12.43925084328099,Toledo,30.0,0.45,0.95,0.013,0.007
795,2020,03/15,11.915559735630639,Toledo,30.0,0.45,0.95,0.013,0.007
796,2021,03/15,12.129782350872212,Toledo,30.0,0.45,0.95,0.013,0.007
797,2022,03/15,10.813138287114791,Toledo,30.0,0.45,0.95,0.013,0.007
798,2023,03/15,12.304155634299036,Toledo,30.0,0.45,0.95,0.013,0.007
799,2024,03/15,12.436161874696463,Toledo,30.0,0.45,0.95,0.013,0.007
800,2015,03/15,12.232800596701347,Cascavel,30.0,0.48,0.9,0.012,0.006
801,2016,03/15,8.948029596454163,Cascavel,30.0,0.48,0.9,0.012,0.006
802,2017,03/15,11.54647037557107,Cascavel,30.0,0.48,0.9,0.012,0.006
803,2018,03/15,11.189267205070182,Cascavel,30.0,0.48,0.9,0.012,0.006
804,2019,03/15,12.274104785727808,Cascavel,30.0,0.48,0.9,0.012,0.006
805,2020,03/15,7.699793853221612,Cascavel,30.0,0.48,0.9,0.012,0.006
806,2021,03/15,11.653473545228549,Cascavel,30.0,0.48,0.9,0.012,0.006
807,2022,03/15,10.490616686739907,Cascavel,30.0,0.48,0.9,0.012,0.006
808,2023,03/15,11.752844975047658,Cascavel,30.0,0.48,0.9,0.012,0.006
809,2024,03/15,12.18646054189271,Cascavel,30.0,0.48,0.9,0.012,0.006
810,2015,03/15,12.997351608388746,Foz do Iguaçu,30.0,0.48,0.9,0.012,0.006
811,2016,03/15,10.521156702509858,Foz do Iguaçu,30.0,0.48,0.9,0.012,0.006
812,2017,03/15,12.63583715762062,Foz do Iguaçu,30.0,0.48,0.9,0.012,0.006
813,2018,03/15,12.02206327255632,Foz do Iguaçu,30.0,0.48,0.9,0.012,0.006
814,2019,03/15,12.978536689087335,Foz do Iguaçu,30.0,0.48,0.9,0.012,0.006
815,2020,03/15,11.812220188378133,Foz do Iguaçu,30.0,0.48,0.9,0.012,0.006
816,2021,03/15,12.60932526120409,Foz do Iguaçu,30.0,0.48,0.9,0.012,0.006
817,2022,03/15,11.465956592169196,Foz do Iguaçu,30.0,0.48,0.9,0.012,0.006
818,2023,03/15,13.065628932848984,Foz do Iguaçu,30.0,0.48,0.9,0.012,0.006
819,2024,03/15,11.987406313768734,Foz do Iguaçu,30.0,0.48,0.9,0.012,0.006
820,2015,03/15,13.31253476270642,Guaíra,30.0,0.48,0.9,0.012,0.006
821,2016,03/15,11.079603446412117,Guaíra,30.0,0.48,0.9,0.012,0.006
822,2017,03/15,12.87721347042747,Guaíra,30.0,0.48,0.9,0.012,0.006
823,2018,03/15,12.708043086565242,Guaíra,30.0,0.48,0.9,0.012,0.006
824,2019,03/15,13.338291086867004,Guaíra,30.0,0.48,0.9,0.012,0.006
825,2020,03/15,12.923514596290167,Guaíra,30.0,0.48,0.9,0.012,0.006
826,2021,03/15,12.856762151948399,Guaíra,30.0,0.48,0.9,0.012,0.006
827,2022,03/15,12.014835972292033,Guaíra,30.0,0.48,0.9,0.012,0.006
828,2023,03/15,13.117576932456785,Guaíra,30.0,0.48,0.9,0.012,0.006
829,2024,03/15,13.30279601086868,Guaíra,30.0,0.48,0.9,0.012,0.006
830,2015,03/15,13.330111318863095,Marechal Cândido Rondon,30.0,0.48,0.9,0.012,0.006
831,2016,03/15,11.185270881467856,Marechal Cândido Rondon,30.0,0.48,0.9,0.012,0.006
832,2017,03/15,12.978875718993763,Marechal Cândido Rondon,30.0,0.48,0.9,0.012,0.006
833,2018,03/15,12.785275320789067,Marechal Cândido Rondon,30.0,0.48,0.9,0.012,0.006
834,2019,03/15,13.36254097545811,Marechal Cândido Rondon,30.0,0.48,0.9,0.012,0.006
835,2020,03/15,12.800470968720013,Marechal Cândido Rondon,30.0,0.48,0.9,0.012,0.006
836,2021,03/15,13.080502138489752,Marechal Cândido Rondon,30.0,0.48,0.9,0.012,0.006
837,2022,03/15,12.048857556919849,Marechal Cândido Rondon,30.0,0.48,0.9,0.012,0.006
838,2023,03/15,13.249479093557905,Marechal Cândido Rondon,30.0,0.48,0.9,0.012,0.006
839,2024,03/15,13.024807083271703,Marechal Cândido Rondon,30.0,0.48,0.9,0.012,0.006
840,2015,03/15,12.55737687189299,Matelândia,30.0,0.48,0.9,0.012,0.006
841,2016,03/15,9.702315035426208,Matelândia,30.0,0.48,0.9,0.012,0.006
842,2017,03/15,12.185738706274025,Matelândia,30.0,0.48,0.9,0.012,0.006
843,2018,03/15,11.502857599769113,Matelândia,30.0,0.48,0.9,0.012,0.006
844,2019,03/15,12.626014995610904,Matelândia,30.0,0.48,0.9,0.012,0.006
845,2020,03/15,11.42287728146087,Matelândia,30.0,0.48,0.9,0.012,0.006
846,2021,03/15,12.300881038239268,Matelândia,30.0,0.48,0.9,0.012,0.006
847,2022,03/15,10.972284214229987,Matelândia,30.0,0.48,0.9,0.012,0.006
848,2023,03/15,12.574352891869028,Matelândia,30.0,0.48,0.9,0.012,0.006
849,2024,03/15,11.988396979842106,Matelândia,30.0,0.48,0.9,0.012,0.006
850,2015,03/15,12.997160456685506,Medianeira,30.0,0.48,0.9,0.012,0.006
851,2016,03/15,10.520922427521002,Medianeira,30.0,0.48,0.9,0.012,0.006
852,2017,03/15,12.635460083307658,Medianeira,30.0,0.48,0.9,0.012,0.006
853,2018,03/15,12.021929130897748,Medianeira,30.0,0.48,0.9,0.012,0.006
854,2019,03/15,12.978066784656061,Medianeira,30.0,0.48,0.9,0.012,0.006
855,2020,03/15,11.811715425247892,Medianeira,30.0,0.48,0.9,0.012,0.006
856,2021,03/15,12.608881730577862,Medianeira,30.0,0.48,0.9,0.012,0.006
857,2022,03/15,11.465956592169196,Medianeira,30.0,0.48,0.9,0.012,0.006
858,2023,03/15,13.06505189030367,Medianeira,30.0,0.48,0.9,0.012,0.006
859,2024,03/15,11.98711060980977,Medianeira,30.0,0.48,0.9,0.012,0.006
860,2015,03/15,13.287648284083584,Santa Helena,30.0,0.48,0.9,0.012,0.006
861,2016,03/15,11.187922665820315,Santa Helena,30.0,0.48,0.9,0.012,0.006
862,2017,03/15,12.977953481676249,Santa Helena,30.0,0.48,0.9,0.012,0.006
863,2018,03/15,12.573617852342121,Santa Helena,30.0,0.48,0.9,0.012,0.006
864,2019,03/15,13.247735869652578,Santa Helena,30.0,0.48,0.9,0.012,0.006
865,2020,03/15,12.517554376241748,Santa Helena,30.0,0.48,0.9,0.012,0.006
866,2021,03/15,12.956943499935452,Santa Helena,30.0,0.48,0.9,0.012,0.006
867,2022,03/15,12.043931528001417,Santa Helena,30.0,0.48,0.9,0.012,0.006
868,2023,03/15,13.30380555368795,Santa Helena,30.0,0.48,0.9,0.012,0.006
869,2024,03/15,12.580728133787039,Santa Helena,30.0,0.48,0.9,0.012,0.006
870,2015,03/15,12.997312091100328,São Miguel do Iguaçu,30.0,0.48,0.9,0.012,0.006
871,2016,03/15,10.521104848629372,São Miguel do Iguaçu,30.0,0.48,0.9,0.012,0.006
872,2017,03/15,12.635776421605158,São Miguel do Iguaçu,30.0,0.48,0.9,0.012,0.006
873,2018,03/15,12.02204001457937,São Miguel do Iguaçu,30.0,0.48,0.9,0.012,0.006
874,2019,03/15,12.978460612510233,São Miguel do Iguaçu,30.0,0.48,0.9,0.012,0.006
875,2020,03/15,11.812121024800554,São Miguel do Iguaçu,30.0,0.48,0.9,0.012,0.006
876,2021,03/15,12.609240624776039,São Miguel do Iguaçu,30.0,0.48,0.9,0.012,0.006
877,2022,03/15,11.465956592169196,São Miguel do Iguaçu,30.0,0.48,0.9,0.012,0.006
878,2023,03/15,13.065534462729694,São Miguel do Iguaçu,30.0,0.48,0.9,0.012,0.006
879,2024,03/15,11.987342969281872,São Miguel do Iguaçu,30.0,0.48,0.9,0.012,0.006
880,2015,03/15,12.26664651173533,São Pedro do Iguaçu,30.0,0.48,0.9,0.012,0.006
881,2016,03/15,9.333459643167238,São Pedro do Iguaçu,30.0,0.48,0.9,0.012,0.006
882,2017,03/15,11.82449925477228,São Pedro do Iguaçu,30.0,0.48,0.9,0.012,0.006
883,2018,03/15,11.46220973223858,São Pedro do Iguaçu,30.0,0.48,0.9,0.012,0.006
884,2019,03/15,12.436280841602999,São Pedro do Iguaçu,30.0,0.48,0.9,0.012,0.006
885,2020,03/15,9.264711212420778,São Pedro do Iguaçu,30.0,0.48,0.9,0.012,0.006
886,2021,03/15,12.078676281666182,São Pedro do Iguaçu,30.0,0.48,0.9,0.012,0.006
887,2022,03/15,10.604377807929941,São Pedro do Iguaçu,30.0,0.48,0.9,0.012,0.006
888,2023,03/15,12.30540132780434,São Pedro do Iguaçu,30.0,0.48,0.9,0.012,0.006
889,2024,03/15,10.033236146836813,São Pedro do Iguaçu,30.0,0.48,0.9,0.012,0.006
890,2015,03/15,12.789100101733771,Toledo,30.0,0.48,0.9,0.012,0.006
891,2016,03/15,10.070235385393728,Toledo,30.0,0.48,0.9,0.012,0.006
892,2017,03/15,12.253900193564895,Toledo,30.0,0.48,0.9,0.012,0.006
893,2018,03/15,12.195468124899996,Toledo,30.0,0.48,0.9,0.012,0.006
894,2019,03/15,12.867486943274375,Toledo,30.0,0.48,0.9,0.012,0.006
895,2020,03/15,12.319947820253674,Toledo,30.0,0.48,0.9,0.012,0.006
896,2021,03/15,12.551393016330998,Toledo,30.0,0.48,0.9,0.012,0.006
897,2022,03/15,11.186139190167086,Toledo,30.0,0.48,0.9,0.012,0.006
898,2023,03/15,12.726070104945373,Toledo,30.0,0.48,0.9,0.012,0.006
899,2024,03/15,12.865178589830673,Toledo,30.0,0.48,0.9,0.012,0.006
900,2015,03/15,12.232800596701347,Cascavel,30.0,0.48,0.9,0.012,0.007
901,2016,03/15,8.948029596454163,Cascavel,30.0,0.48,0.9,0.012,0.007
902,2017,03/15,11.54647037557107,Cascavel,30.0,0.48,0.9,0.012,0.007
903,2018,03/15,11.189267205070182,Cascavel,30.0,0.48,0.9,0.012,0.007
904,2019,03/15,12.274104785727808,Cascavel,30.0,0.48,0.9,0.012,0.007
905,2020,03/15,7.699793853221612,Cascavel,30.0,0.48,0.9,0.012,0.007
906,2021,03/15,11.653473545228549,Cascavel,30.0,0.48,0.9,0.012,0.007
907,2022,03/15,10.490616686739907,Cascavel,30.0,0.48,0.9,0.012,0.007
908,2023,03/15,11.752844975047658,Cascavel,30.0,0.48,0.9,0.012,0.007
909,2024,03/15,12.18646054189271,Cascavel,30.0,0.48,0.9,0.012,0.007
910,2015,03/15,12.997351608388746,Foz do Iguaçu,30.0,0.48,0.9,0.012,0.007
911,2016,03/15,10.521156702509858,Foz do Iguaçu,30.0,0.48,0.9,0.012,0.007
912,2017,03/15,12.63583715762062,Foz do Iguaçu,30.0,0.48,0.9,0.012,0.007
913,2018,03/15,12.02206327255632,Foz do Iguaçu,30.0,0.48,0.9,0.012,0.007
914,2019,03/15,12.978536689087335,Foz do Iguaçu,30.0,0.48,0.9,0.012,0.007
915,2020,03/15,11.812220188378133,Foz do Iguaçu,30.0,0.48,0.9,0.012,0.007
916,2021,03/15,12.60932526120409,Foz do Iguaçu,30.0,0.48,0.9,0.012,0.007
917,2022,03/15,11.465956592169196,Foz do Iguaçu,30.0,0.48,0.9,0.012,0.007
918,2023,03/15,13.065628932848984,Foz do Iguaçu,30.0,0.48,0.9,0.012,0.007
919,2024,03/15,11.987406313768734,Foz do Iguaçu,30.0,0.48,0.9,0.012,0.007
920,2015,03/15,13.31253476270642,Guaíra,30.0,0.48,0.9,0.012,0.007
921,2016,03/15,11.079603446412117,Guaíra,30.0,0.48,0.9,0.012,0.007
922,2017,03/15,12.87721347042747,Guaíra,30.0,0.48,0.9,0.012,0.007
923,2018,03/15,12.708043086565242,Guaíra,30.0,0.48,0.9,0.012,0.007
924,2019,03/15,13.338291086867004,Guaíra,30.0,0.48,0.9,0.012,0.007
925,2020,03/15,12.923514596290167,Guaíra,30.0,0.48,0.9,0.012,0.007
926,2021,03/15,12.856762151948399,Guaíra,30.0,0.48,0.9,0.012,0.007
927,2022,03/15,12.014835972292033,Guaíra,30.0,0.48,0.9,0.012,0.007
928,2023,03/15,13.117576932456785,Guaíra,30.0,0.48,0.9,0.012,0.007
929,2024,03/15,13.30279601086868,Guaíra,30.0,0.48,0.9,0.012,0.007
930,2015,03/15,13.330111318863095,Marechal Cândido Rondon,30.0,0.48,0.9,0.012,0.007
931,2016,03/15,11.185270881467856,Marechal Cândido Rondon,30.0,0.48,0.9,0.012,0.007
932,2017,03/15,12.978875718993763,Marechal Cândido Rondon,30.0,0.48,0.9,0.012,0.007
933,2018,03/15,12.785275320789067,Marechal Cândido Rondon,30.0,0.48,0.9,0.012,0.007
934,2019,03/15,13.36254097545811,Marechal Cândido Rondon,30.0,0.48,0.9,0.012,0.007
935,2020,03/15,12.800470968720013,Marechal Cândido Rondon,30.0,0.48,0.9,0.012,0.007
936,2021,03/15,13.080502138489752,Marechal Cândido Rondon,30.0,0.48,0.9,0.012,0.007
937,2022,03/15,12.048857556919849,Marechal Cândido Rondon,30.0,0.48,0.9,0.012,0.007
938,2023,03/15,13.249479093557905,Marechal Cândido Rondon,30.0,0.48,0.9,0.012,0.007
939,2024,03/15,13.024807083271703,Marechal Cândido Rondon,30.0,0.48,0.9,0.012,0.007
940,2015,03/15,12.55737687189299,Matelândia,30.0,0.48,0.9,0.012,0.007
941,2016,03/15,9.702315035426208,Matelândia,30.0,0.48,0.9,0.012,0.007
942,2017,03/15,12.185738706274025,Matelândia,30.0,0.48,0.9,0.012,0.007
943,2018,03/15,11.502857599769113,Matelândia,30.0,0.48,0.9,0.012,0.007
944,2019,03/15,12.626014995610904,Matelândia,30.0,0.48,0.9,0.012,0.007
945,2020,03/15,11.42287728146087,Matelândia,30.0,0.48,0.9,0.012,0.007
946,2021,03/15,12.300881038239268,Matelândia,30.0,0.48,0.9,0.012,0.007
947,2022,03/15,10.972284214229987,Matelândia,30.0,0.48,0.9,0.012,0.007
948,2023,03/15,12.574352891869028,Matelândia,30.0,0.48,0.9,0.012,0.007
949,2024,03/15,11.988396979842106,Matelândia,30.0,0.48,0.9,0.012,0.007
950,2015,03/15,12.997160456685506,Medianeira,30.0,0.48,0.9,0.012,0.007
951,2016,03/15,10.520922427521002,Medianeira,30.0,0.48,0.9,0.012,0.007
952,2017,03/15,12.635460083307658,Medianeira,30.0,0.48,0.9,0.012,0.007
953,2018,03/15,12.021929130897748,Medianeira,30.0,0.48,0.9,0.012,0.007
954,2019,03/15,12.978066784656061,Medianeira,30.0,0.48,0.9,0.012,0.007
955,2020,03/15,11.811715425247892,Medianeira,30.0,0.48,0.9,0.012,0.007
956,2021,03/15,12.608881730577862,Medianeira,30.0,0.48,0.9,0.012,0.007
957,2022,03/15,11.465956592169196,Medianeira,30.0,0.48,0.9,0.012,0.007
958,2023,03/15,13.06505189030367,Medianeira,30.0,0.48,0.9,0.012,0.007
959,2024,03/15,11.98711060980977,Medianeira,30.0,0.48,0.9,0.012,0.007
960,2015,03/15,13.287648284083584,Santa Helena,30.0,0.48,0.9,0.012,0.007
961,2016,03/15,11.187922665820315,Santa Helena,30.0,0.48,0.9,0.012,0.007
962,2017,03/15,12.977953481676249,Santa Helena,30.0,0.48,0.9,0.012,0.007
963,2018,03/15,12.573617852342121,Santa Helena,30.0,0.48,0.9,0.012,0.007
964,2019,03/15,13.247735869652578,Santa Helena,30.0,0.48,0.9,0.012,0.007
965,2020,03/15,12.517554376241748,Santa Helena,30.0,0.48,0.9,0.012,0.007
966,2021,03/15,12.956943499935452,Santa Helena,30.0,0.48,0.9,0.012,0.007
967,2022,03/15,12.043931528001417,Santa Helena,30.0,0.48,0.9,0.012,0.007
968,2023,03/15,13.30380555368795,Santa Helena,30.0,0.48,0.9,0.012,0.007
969,2024,03/15,12.580728133787039,Santa Helena,30.0,0.48,0.9,0.012,0.007
970,2015,03/15,12.997312091100328,São Miguel do Iguaçu,30.0,0.48,0.9,0.012,0.007
971,2016,03/15,10.521104848629372,São Miguel do Iguaçu,30.0,0.48,0.9,0.012,0.007
972,2017,03/15,12.635776421605158,São Miguel do Iguaçu,30.0,0.48,0.9,0.012,0.007
973,2018,03/15,12.02204001457937,São Miguel do Iguaçu,30.0,0.48,0.9,0.012,0.007
974,2019,03/15,12.978460612510233,São Miguel do Iguaçu,30.0,0.48,0.9,0.012,0.007
975,2020,03/15,11.812121024800554,São Miguel do Iguaçu,30.0,0.48,0.9,0.012,0.007
976,2021,03/15,12.609240624776039,São Miguel do Iguaçu,30.0,0.48,0.9,0.012,0.007
977,2022,03/15,11.465956592169196,São Miguel do Iguaçu,30.0,0.48,0.9,0.012,0.007
978,2023,03/15,13.065534462729694,São Miguel do Iguaçu,30.0,0.48,0.9,0.012,0.007
979,2024,03/15,11.987342969281872,São Miguel do Iguaçu,30.0,0.48,0.9,0.012,0.007
980,2015,03/15,12.26664651173533,São Pedro do Iguaçu,30.0,0.48,0.9,0.012,0.007
981,2016,03/15,9.333459643167238,São Pedro do Iguaçu,30.0,0.48,0.9,0.012,0.007
982,2017,03/15,11.82449925477228,São Pedro do Iguaçu,30.0,0.48,0.9,0.012,0.007
983,2018,03/15,11.46220973223858,São Pedro do Iguaçu,30.0,0.48,0.9,0.012,0.007
984,2019,03/15,12.436280841602999,São Pedro do Iguaçu,30.0,0.48,0.9,0.012,0.007
985,2020,03/15,9.264711212420778,São Pedro do Iguaçu,30.0,0.48,0.9,0.012,0.007
986,2021,03/15,12.078676281666182,São Pedro do Iguaçu,30.0,0.48,0.9,0.012,0.007
987,2022,03/15,10.604377807929941,São Pedro do Iguaçu,30.0,0.48,0.9,0.012,0.007
988,2023,03/15,12.30540132780434,São Pedro do Iguaçu,30.0,0.48,0.9,0.012,0.007
989,2024,03/15,10.033236146836813,São Pedro do Iguaçu,30.0,0.48,0.9,0.012,0.007
990,2015,03/15,12.789100101733771,Toledo,30.0,0.48,0.9,0.012,0.007
991,2016,03/15,10.070235385393728,Toledo,30.0,0.48,0.9,0.012,0.007
992,2017,03/15,12.253900193564895,Toledo,30.0,0.48,0.9,0.012,0.007
993,2018,03/15,12.195468124899996,Toledo,30.0,0.48,0.9,0.012,0.007
994,2019,03/15,12.867486943274375,Toledo,30.0,0.48,0.9,0.012,0.007
995,2020,03/15,12.319947820253674,Toledo,30.0,0.48,0.9,0.012,0.007
996,2021,03/15,12.551393016330998,Toledo,30.0,0.48,0.9,0.012,0.007
997,2022,03/15,11.186139190167086,Toledo,30.0,0.48,0.9,0.012,0.007
998,2023,03/15,12.726070104945373,Toledo,30.0,0.48,0.9,0.012,0.007
999,2024,03/15,12.865178589830673,Toledo,30.0,0.48,0.9,0.012,0.007
1000,2015,03/15,12.232800596701347,Cascavel,30.0,0.48,0.9,0.013,0.006
1001,2016,03/15,8.948029596454163,Cascavel,30.0,0.48,0.9,0.013,0.006
1002,2017,03/15,11.54647037557107,Cascavel,30.0,0.48,0.9,0.013,0.006
1003,2018,03/15,11.189267205070182,Cascavel,30.0,0.48,0.9,0.013,0.006
1004,2019,03/15,12.274104785727808,Cascavel,30.0,0.48,0.9,0.013,0.006
1005,2020,03/15,7.699793853221612,Cascavel,30.0,0.48,0.9,0.013,0.006
1006,2021,03/15,11.653473545228549,Cascavel,30.0,0.48,0.9,0.013,0.006
1007,2022,03/15,10.490616686739907,Cascavel,30.0,0.48,0.9,0.013,0.006
1008,2023,03/15,11.752844975047658,Cascavel,30.0,0.48,0.9,0.013,0.006
1009,2024,03/15,12.18646054189271,Cascavel,30.0,0.48,0.9,0.013,0.006
1010,2015,03/15,12.997351608388746,Foz do Iguaçu,30.0,0.48,0.9,0.013,0.006
1011,2016,03/15,10.521156702509858,Foz do Iguaçu,30.0,0.48,0.9,0.013,0.006
1012,2017,03/15,12.63583715762062,Foz do Iguaçu,30.0,0.48,0.9,0.013,0.006
1013,2018,03/15,12.02206327255632,Foz do Iguaçu,30.0,0.48,0.9,0.013,0.006
1014,2019,03/15,12.978536689087335,Foz do Iguaçu,30.0,0.48,0.9,0.013,0.006
1015,2020,03/15,11.812220188378133,Foz do Iguaçu,30.0,0.48,0.9,0.013,0.006
1016,2021,03/15,12.60932526120409,Foz do Iguaçu,30.0,0.48,0.9,0.013,0.006
1017,2022,03/15,11.465956592169196,Foz do Iguaçu,30.0,0.48,0.9,0.013,0.006
1018,2023,03/15,13.065628932848984,Foz do Iguaçu,30.0,0.48,0.9,0.013,0.006
1019,2024,03/15,11.987406313768734,Foz do Iguaçu,30.0,0.48,0.9,0.013,0.006
1020,2015,03/15,13.31253476270642,Guaíra,30.0,0.48,0.9,0.013,0.006
1021,2016,03/15,11.079603446412117,Guaíra,30.0,0.48,0.9,0.013,0.006
1022,2017,03/15,12.87721347042747,Guaíra,30.0,0.48,0.9,0.013,0.006
1023,2018,03/15,12.708043086565242,Guaíra,30.0,0.48,0.9,0.013,0.006
1024,2019,03/15,13.338291086867004,Guaíra,30.0,0.48,0.9,0.013,0.006
1025,2020,03/15,12.923514596290167,Guaíra,30.0,0.48,0.9,0.013,0.006
1026,2021,03/15,12.856762151948399,Guaíra,30.0,0.48,0.9,0.013,0.006
1027,2022,03/15,12.014835972292033,Guaíra,30.0,0.48,0.9,0.013,0.006
1028,2023,03/15,13.117576932456785,Guaíra,30.0,0.48,0.9,0.013,0.006
1029,2024,03/15,13.30279601086868,Guaíra,30.0,0.48,0.9,0.013,0.006
1030,2015,03/15,13.330111318863095,Marechal Cândido Rondon,30.0,0.48,0.9,0.013,0.006
1031,2016,03/15,11.185270881467856,Marechal Cândido Rondon,30.0,0.48,0.9,0.013,0.006
1032,2017,03/15,12.978875718993763,Marechal Cândido Rondon,30.0,0.48,0.9,0.013,0.006
1033,2018,03/15,12.785275320789067,Marechal Cândido Rondon,30.0,0.48,0.9,0.013,0.006
1034,2019,03/15,13.36254097545811,Marechal Cândido Rondon,30.0,0.48,0.9,0.013,0.006
1035,2020,03/15,12.800470968720013,Marechal Cândido Rondon,30.0,0.48,0.9,0.013,0.006
1036,2021,03/15,13.080502138489752,Marechal Cândido Rondon,30.0,0.48,0.9,0.013,0.006
1037,2022,03/15,12.048857556919849,Marechal Cândido Rondon,30.0,0.48,0.9,0.013,0.006
1038,2023,03/15,13.249479093557905,Marechal Cândido Rondon,30.0,0.48,0.9,0.013,0.006
1039,2024,03/15,13.024807083271703,Marechal Cândido Rondon,30.0,0.48,0.9,0.013,0.006
1040,2015,03/15,12.55737687189299,Matelândia,30.0,0.48,0.9,0.013,0.006
1041,2016,03/15,9.702315035426208,Matelândia,30.0,0.48,0.9,0.013,0.006
1042,2017,03/15,12.185738706274025,Matelândia,30.0,0.48,0.9,0.013,0.006
1043,2018,03/15,11.502857599769113,Matelândia,30.0,0.48,0.9,0.013,0.006
1044,2019,03/15,12.626014995610904,Matelândia,30.0,0.48,0.9,0.013,0.006
1045,2020,03/15,11.42287728146087,Matelândia,30.0,0.48,0.9,0.013,0.006
1046,2021,03/15,12.300881038239268,Matelândia,30.0,0.48,0.9,0.013,0.006
1047,2022,03/15,10.972284214229987,Matelândia,30.0,0.48,0.9,0.013,0.006
1048,2023,03/15,12.574352891869028,Matelândia,30.0,0.48,0.9,0.013,0.006
1049,2024,03/15,11.988396979842106,Matelândia,30.0,0.48,0.9,0.013,0.006
1050,2015,03/15,12.997160456685506,Medianeira,30.0,0.48,0.9,0.013,0.006
1051,2016,03/15,10.520922427521002,Medianeira,30.0,0.48,0.9,0.013,0.006
1052,2017,03/15,12.635460083307658,Medianeira,30.0,0.48,0.9,0.013,0.006
1053,2018,03/15,12.021929130897748,Medianeira,30.0,0.48,0.9,0.013,0.006
1054,2019,03/15,12.978066784656061,Medianeira,30.0,0.48,0.9,0.013,0.006
1055,2020,03/15,11.811715425247892,Medianeira,30.0,0.48,0.9,0.013,0.006
1056,2021,03/15,12.608881730577862,Medianeira,30.0,0.48,0.9,0.013,0.006
1057,2022,03/15,11.465956592169196,Medianeira,30.0,0.48,0.9,0.013,0.006
1058,2023,03/15,13.06505189030367,Medianeira,30.0,0.48,0.9,0.013,0.006
1059,2024,03/15,11.98711060980977,Medianeira,30.0,0.48,0.9,0.013,0.006
1060,2015,03/15,13.287648284083584,Santa Helena,30.0,0.48,0.9,0.013,0.006
1061,2016,03/15,11.187922665820315,Santa Helena,30.0,0.48,0.9,0.013,0.006
1062,2017,03/15,12.977953481676249,Santa Helena,30.0,0.48,0.9,0.013,0.006
1063,2018,03/15,12.573617852342121,Santa Helena,30.0,0.48,0.9,0.013,0.006
1064,2019,03/15,13.247735869652578,Santa Helena,30.0,0.48,0.9,0.013,0.006
1065,2020,03/15,12.517554376241748,Santa Helena,30.0,0.48,0.9,0.013,0.006
1066,2021,03/15,12.956943499935452,Santa Helena,30.0,0.48,0.9,0.013,0.006
1067,2022,03/15,12.043931528001417,Santa Helena,30.0,0.48,0.9,0.013,0.006
1068,2023,03/15,13.30380555368795,Santa Helena,30.0,0.48,0.9,0.013,0.006
1069,2024,03/15,12.580728133787039,Santa Helena,30.0,0.48,0.9,0.013,0.006
1070,2015,03/15,12.997312091100328,São Miguel do Iguaçu,30.0,0.48,0.9,0.013,0.006
1071,2016,03/15,10.521104848629372,São Miguel do Iguaçu,30.0,0.48,0.9,0.013,0.006
1072,2017,03/15,12.635776421605158,São Miguel do Iguaçu,30.0,0.48,0.9,0.013,0.006
1073,2018,03/15,12.02204001457937,São Miguel do Iguaçu,30.0,0.48,0.9,0.013,0.006
1074,2019,03/15,12.978460612510233,São Miguel do Iguaçu,30.0,0.48,0.9,0.013,0.006
1075,2020,03/15,11.812121024800554,São Miguel do Iguaçu,30.0,0.48,0.9,0.013,0.006
1076,2021,03/15,12.609240624776039,São Miguel do Iguaçu,30.0,0.48,0.9,0.013,0.006
1077,2022,03/15,11.465956592169196,São Miguel do Iguaçu,30.0,0.48,0.9,0.013,0.006
1078,2023,03/15,13.065534462729694,São Miguel do Iguaçu,30.0,0.48,0.9,0.013,0.006
1079,2024,03/15,11.987342969281872,São Miguel do Iguaçu,30.0,0.48,0.9,0.013,0.006
1080,2015,03/15,12.26664651173533,São Pedro do Iguaçu,30.0,0.48,0.9,0.013,0.006
1081,2016,03/15,9.333459643167238,São Pedro do Iguaçu,30.0,0.48,0.9,0.013,0.006
1082,2017,03/15,11.82449925477228,São Pedro do Iguaçu,30.0,0.48,0.9,0.013,0.006
1083,2018,03/15,11.46220973223858,São Pedro do Iguaçu,30.0,0.48,0.9,0.013,0.006
1084,2019,03/15,12.436280841602999,São Pedro do Iguaçu,30.0,0.48,0.9,0.013,0.006
1085,2020,03/15,9.264711212420778,São Pedro do Iguaçu,30.0,0.48,0.9,0.013,0.006
1086,2021,03/15,12.078676281666182,São Pedro do Iguaçu,30.0,0.48,0.9,0.013,0.006
1087,2022,03/15,10.604377807929941,São Pedro do Iguaçu,30.0,0.48,0.9,0.013,0.006
1088,2023,03/15,12.30540132780434,São Pedro do Iguaçu,30.0,0.48,0.9,0.013,0.006
1089,2024,03/15,10.033236146836813,São Pedro do Iguaçu,30.0,0.48,0.9,0.013,0.006
1090,2015,03/15,12.789100101733771,Toledo,30.0,0.48,0.9,0.013,0.006
1091,2016,03/15,10.070235385393728,Toledo,30.0,0.48,0.9,0.013,0.006
1092,2017,03/15,12.253900193564895,Toledo,30.0,0.48,0.9,0.013,0.006
1093,2018,03/15,12.195468124899996,Toledo,30.0,0.48,0.9,0.013,0.006
1094,2019,03/15,12.867486943274375,Toledo,30.0,0.48,0.9,0.013,0.006
1095,2020,03/15,12.319947820253674,Toledo,30.0,0.48,0.9,0.013,0.006
1096,2021,03/15,12.551393016330998,Toledo,30.0,0.48,0.9,0.013,0.006
1097,2022,03/15,11.186139190167086,Toledo,30.0,0.48,0.9,0.013,0.006
1098,2023,03/15,12.726070104945373,Toledo,30.0,0.48,0.9,0.013,0.006
1099,2024,03/15,12.865178589830673,Toledo,30.0,0.48,0.9,0.013,0.006
1100,2015,03/15,12.232800596701347,Cascavel,30.0,0.48,0.9,0.013,0.007
1101,2016,03/15,8.948029596454163,Cascavel,30.0,0.48,0.9,0.013,0.007
1102,2017,03/15,11.54647037557107,Cascavel,30.0,0.48,0.9,0.013,0.007
1103,2018,03/15,11.189267205070182,Cascavel,30.0,0.48,0.9,0.013,0.007
1104,2019,03/15,12.274104785727808,Cascavel,30.0,0.48,0.9,0.013,0.007
1105,2020,03/15,7.699793853221612,Cascavel,30.0,0.48,0.9,0.013,0.007
1106,2021,03/15,11.653473545228549,Cascavel,30.0,0.48,0.9,0.013,0.007
1107,2022,03/15,10.490616686739907,Cascavel,30.0,0.48,0.9,0.013,0.007
1108,2023,03/15,11.752844975047658,Cascavel,30.0,0.48,0.9,0.013,0.007
1109,2024,03/15,12.18646054189271,Cascavel,30.0,0.48,0.9,0.013,0.007
1110,2015,03/15,12.997351608388746,Foz do Iguaçu,30.0,0.48,0.9,0.013,0.007
1111,2016,03/15,10.521156702509858,Foz do Iguaçu,30.0,0.48,0.9,0.013,0.007
1112,2017,03/15,12.63583715762062,Foz do Iguaçu,30.0,0.48,0.9,0.013,0.007
1113,2018,03/15,12.02206327255632,Foz do Iguaçu,30.0,0.48,0.9,0.013,0.007
1114,2019,03/15,12.978536689087335,Foz do Iguaçu,30.0,0.48,0.9,0.013,0.007
1115,2020,03/15,11.812220188378133,Foz do Iguaçu,30.0,0.48,0.9,0.013,0.007
1116,2021,03/15,12.60932526120409,Foz do Iguaçu,30.0,0.48,0.9,0.013,0.007
1117,2022,03/15,11.465956592169196,Foz do Iguaçu,30.0,0.48,0.9,0.013,0.007
1118,2023,03/15,13.065628932848984,Foz do Iguaçu,30.0,0.48,0.9,0.013,0.007
1119,2024,03/15,11.987406313768734,Foz do Iguaçu,30.0,0.48,0.9,0.013,0.007
1120,2015,03/15,13.31253476270642,Guaíra,30.0,0.48,0.9,0.013,0.007
1121,2016,03/15,11.079603446412117,Guaíra,30.0,0.48,0.9,0.013,0.007
1122,2017,03/15,12.87721347042747,Guaíra,30.0,0.48,0.9,0.013,0.007
1123,2018,03/15,12.708043086565242,Guaíra,30.0,0.48,0.9,0.013,0.007
1124,2019,03/15,13.338291086867004,Guaíra,30.0,0.48,0.9,0.013,0.007
1125,2020,03/15,12.923514596290167,Guaíra,30.0,0.48,0.9,0.013,0.007
1126,2021,03/15,12.856762151948399,Guaíra,30.0,0.48,0.9,0.013,0.007
1127,2022,03/15,12.014835972292033,Guaíra,30.0,0.48,0.9,0.013,0.007
1128,2023,03/15,13.117576932456785,Guaíra,30.0,0.48,0.9,0.013,0.007
1129,2024,03/15,13.30279601086868,Guaíra,30.0,0.48,0.9,0.013,0.007
1130,2015,03/15,13.330111318863095,Marechal Cândido Rondon,30.0,0.48,0.9,0.013,0.007
1131,2016,03/15,11.185270881467856,Marechal Cândido Rondon,30.0,0.48,0.9,0.013,0.007
1132,2017,03/15,12.978875718993763,Marechal Cândido Rondon,30.0,0.48,0.9,0.013,0.007
1133,2018,03/15,12.785275320789067,Marechal Cândido Rondon,30.0,0.48,0.9,0.013,0.007
1134,2019,03/15,13.36254097545811,Marechal Cândido Rondon,30.0,0.48,0.9,0.013,0.007
1135,2020,03/15,12.800470968720013,Marechal Cândido Rondon,30.0,0.48,0.9,0.013,0.007
1136,2021,03/15,13.080502138489752,Marechal Cândido Rondon,30.0,0.48,0.9,0.013,0.007
1137,2022,03/15,12.048857556919849,Marechal Cândido Rondon,30.0,0.48,0.9,0.013,0.007
1138,2023,03/15,13.249479093557905,Marechal Cândido Rondon,30.0,0.48,0.9,0.013,0.007
1139,2024,03/15,13.024807083271703,Marechal Cândido Rondon,30.0,0.48,0.9,0.013,0.007
1140,2015,03/15,12.55737687189299,Matelândia,30.0,0.48,0.9,0.013,0.007
1141,2016,03/15,9.702315035426208,Matelândia,30.0,0.48,0.9,0.013,0.007
1142,2017,03/15,12.185738706274025,Matelândia,30.0,0.48,0.9,0.013,0.007
1143,2018,03/15,11.502857599769113,Matelândia,30.0,0.48,0.9,0.013,0.007
1144,2019,03/15,12.626014995610904,Matelândia,30.0,0.48,0.9,0.013,0.007
1145,2020,03/15,11.42287728146087,Matelândia,30.0,0.48,0.9,0.013,0.007
1146,2021,03/15,12.300881038239268,Matelândia,30.0,0.48,0.9,0.013,0.007
1147,2022,03/15,10.972284214229987,Matelândia,30.0,0.48,0.9,0.013,0.007
1148,2023,03/15,12.574352891869028,Matelândia,30.0,0.48,0.9,0.013,0.007
1149,2024,03/15,11.988396979842106,Matelândia,30.0,0.48,0.9,0.013,0.007
1150,2015,03/15,12.997160456685506,Medianeira,30.0,0.48,0.9,0.013,0.007
1151,2016,03/15,10.520922427521002,Medianeira,30.0,0.48,0.9,0.013,0.007
1152,2017,03/15,12.635460083307658,Medianeira,30.0,0.48,0.9,0.013,0.007
1153,2018,03/15,12.021929130897748,Medianeira,30.0,0.48,0.9,0.013,0.007
1154,2019,03/15,12.978066784656061,Medianeira,30.0,0.48,0.9,0.013,0.007
1155,2020,03/15,11.811715425247892,Medianeira,30.0,0.48,0.9,0.013,0.007
1156,2021,03/15,12.608881730577862,Medianeira,30.0,0.48,0.9,0.013,0.007
1157,2022,03/15,11.465956592169196,Medianeira,30.0,0.48,0.9,0.013,0.007
1158,2023,03/15,13.06505189030367,Medianeira,30.0,0.48,0.9,0.013,0.007
1159,2024,03/15,11.98711060980977,Medianeira,30.0,0.48,0.9,0.013,0.007
1160,2015,03/15,13.287648284083584,Santa Helena,30.0,0.48,0.9,0.013,0.007
1161,2016,03/15,11.187922665820315,Santa Helena,30.0,0.48,0.9,0.013,0.007
1162,2017,03/15,12.977953481676249,Santa Helena,30.0,0.48,0.9,0.013,0.007
1163,2018,03/15,12.573617852342121,Santa Helena,30.0,0.48,0.9,0.013,0.007
1164,2019,03/15,13.247735869652578,Santa Helena,30.0,0.48,0.9,0.013,0.007
1165,2020,03/15,12.517554376241748,Santa Helena,30.0,0.48,0.9,0.013,0.007
1166,2021,03/15,12.956943499935452,Santa Helena,30.0,0.48,0.9,0.013,0.007
1167,2022,03/15,12.043931528001417,Santa Helena,30.0,0.48,0.9,0.013,0.007
1168,2023,03/15,13.30380555368795,Santa Helena,30.0,0.48,0.9,0.013,0.007
1169,2024,03/15,12.580728133787039,Santa Helena,30.0,0.48,0.9,0.013,0.007
1170,2015,03/15,12.997312091100328,São Miguel do Iguaçu,30.0,0.48,0.9,0.013,0.007
1171,2016,03/15,10.521104848629372,São Miguel do Iguaçu,30.0,0.48,0.9,0.013,0.007
1172,2017,03/15,12.635776421605158,São Miguel do Iguaçu,30.0,0.48,0.9,0.013,0.007
1173,2018,03/15,12.02204001457937,São Miguel do Iguaçu,30.0,0.48,0.9,0.013,0.007
1174,2019,03/15,12.978460612510233,São Miguel do Iguaçu,30.0,0.48,0.9,0.013,0.007
1175,2020,03/15,11.812121024800554,São Miguel do Iguaçu,30.0,0.48,0.9,0.013,0.007
1176,2021,03/15,12.609240624776039,São Miguel do Iguaçu,30.0,0.48,0.9,0.013,0.007
1177,2022,03/15,11.465956592169196,São Miguel do Iguaçu,30.0,0.48,0.9,0.013,0.007
1178,2023,03/15,13.065534462729694,São Miguel do Iguaçu,30.0,0.48,0.9,0.013,0.007
1179,2024,03/15,11.987342969281872,São Miguel do Iguaçu,30.0,0.48,0.9,0.013,0.007
1180,2015,03/15,12.26664651173533,São Pedro do Iguaçu,30.0,0.48,0.9,0.013,0.007
1181,2016,03/15,9.333459643167238,São Pedro do Iguaçu,30.0,0.48,0.9,0.013,0.007
1182,2017,03/15,11.82449925477228,São Pedro do Iguaçu,30.0,0.48,0.9,0.013,0.007
1183,2018,03/15,11.46220973223858,São Pedro do Iguaçu,30.0,0.48,0.9,0.013,0.007
1184,2019,03/15,12.436280841602999,São Pedro do Iguaçu,30.0,0.48,0.9,0.013,0.007
1185,2020,03/15,9.264711212420778,São Pedro do Iguaçu,30.0,0.48,0.9,0.013,0.007
1186,2021,03/15,12.078676281666182,São Pedro do Iguaçu,30.0,0.48,0.9,0.013,0.007
1187,2022,03/15,10.604377807929941,São Pedro do Iguaçu,30.0,0.48,0.9,0.013,0.007
1188,2023,03/15,12.30540132780434,São Pedro do Iguaçu,30.0,0.48,0.9,0.013,0.007
1189,2024,03/15,10.033236146836813,São Pedro do Iguaçu,30.0,0.48,0.9,0.013,0.007
1190,2015,03/15,12.789100101733771,Toledo,30.0,0.48,0.9,0.013,0.007
1191,2016,03/15,10.070235385393728,Toledo,30.0,0.48,0.9,0.013,0.007
1192,2017,03/15,12.253900193564895,Toledo,30.0,0.48,0.9,0.013,0.007
1193,2018,03/15,12.195468124899996,Toledo,30.0,0.48,0.9,0.013,0.007
1194,2019,03/15,12.867486943274375,Toledo,30.0,0.48,0.9,0.013,0.007
1195,2020,03/15,12.319947820253674,Toledo,30.0,0.48,0.9,0.013,0.007
1196,2021,03/15,12.551393016330998,Toledo,30.0,0.48,0.9,0.013,0.007
1197,2022,03/15,11.186139190167086,Toledo,30.0,0.48,0.9,0.013,0.007
1198,2023,03/15,12.726070104945373,Toledo,30.0,0.48,0.9,0.013,0.007
1199,2024,03/15,12.865178589830673,Toledo,30.0,0.48,0.9,0.013,0.007
1200,2015,03/15,12.612232502013718,Cascavel,30.0,0.48,0.95,0.012,0.006
1201,2016,03/15,9.211571174690613,Cascavel,30.0,0.48,0.95,0.012,0.006
1202,2017,03/15,11.896102381882114,Cascavel,30.0,0.48,0.95,0.012,0.006
1203,2018,03/15,11.532257522363667,Cascavel,30.0,0.48,0.95,0.012,0.006
1204,2019,03/15,12.652987847099011,Cascavel,30.0,0.48,0.95,0.012,0.006
1205,2020,03/15,7.9433581469134475,Cascavel,30.0,0.48,0.95,0.012,0.006
1206,2021,03/15,12.008547413310689,Cascavel,30.0,0.48,0.95,0.012,0.006
1207,2022,03/15,10.815862345182113,Cascavel,30.0,0.48,0.95,0.012,0.006
1208,2023,03/15,12.118243732158467,Cascavel,30.0,0.48,0.95,0.012,0.006
1209,2024,03/15,12.56454545361551,Cascavel,30.0,0.48,0.95,0.012,0.006
1210,2015,03/15,13.403251709455027,Foz do Iguaçu,30.0,0.48,0.95,0.012,0.006
1211,2016,03/15,10.837199282154089,Foz do Iguaçu,30.0,0.48,0.95,0.012,0.006
1212,2017,03/15,13.022804010023618,Foz do Iguaçu,30.0,0.48,0.95,0.012,0.006
1213,2018,03/15,12.395887088983711,Foz do Iguaçu,30.0,0.48,0.95,0.012,0.006
1214,2019,03/15,13.385102157459801,Foz do Iguaçu,30.0,0.48,0.95,0.012,0.006
1215,2020,03/15,12.18448262333016,Foz do Iguaçu,30.0,0.48,0.95,0.012,0.006
1216,2021,03/15,12.997264653861457,Foz do Iguaçu,30.0,0.48,0.95,0.012,0.006
1217,2022,03/15,11.821464948500585,Foz do Iguaçu,30.0,0.48,0.95,0.012,0.006
1218,2023,03/15,13.472639570250427,Foz do Iguaçu,30.0,0.48,0.95,0.012,0.006
1219,2024,03/15,12.358479721382672,Foz do Iguaçu,30.0,0.48,0.95,0.012,0.006
1220,2015,03/15,13.73084206826066,Guaíra,30.0,0.48,0.95,0.012,0.006
1221,2016,03/15,11.41833354804266,Guaíra,30.0,0.48,0.95,0.012,0.006
1222,2017,03/15,13.272592330974327,Guaíra,30.0,0.48,0.95,0.012,0.006
1223,2018,03/15,13.104279852568117,Guaíra,30.0,0.48,0.95,0.012,0.006
1224,2019,03/15,13.75641525205354,Guaíra,30.0,0.48,0.95,0.012,0.006
1225,2020,03/15,13.332121476152095,Guaíra,30.0,0.48,0.95,0.012,0.006
1226,2021,03/15,13.25538606191593,Guaíra,30.0,0.48,0.95,0.012,0.006
1227,2022,03/15,12.389771988795426,Guaíra,30.0,0.48,0.95,0.012,0.006
1228,2023,03/15,13.528790913501298,Guaíra,30.0,0.48,0.95,0.012,0.006
1229,2024,03/15,13.718497643505055,Guaíra,30.0,0.48,0.95,0.012,0.006
1230,2015,03/15,13.748651924103585,Marechal Cândido Rondon,30.0,0.48,0.95,0.012,0.006
1231,2016,03/15,11.52700789152341,Marechal Cândido Rondon,30.0,0.48,0.95,0.012,0.006
1232,2017,03/15,13.377848764324611,Marechal Cândido Rondon,30.0,0.48,0.95,0.012,0.006
1233,2018,03/15,13.18409224267304,Marechal Cândido Rondon,30.0,0.48,0.95,0.012,0.006
1234,2019,03/15,13.781246384087622,Marechal Cândido Rondon,30.0,0.48,0.95,0.012,0.006
1235,2020,03/15,13.20440477293176,Marechal Cândido Rondon,30.0,0.48,0.95,0.012,0.006
1236,2021,03/15,13.486471261141785,Marechal Cândido Rondon,30.0,0.48,0.95,0.012,0.006
1237,2022,03/15,12.425109444435206,Marechal Cândido Rondon,30.0,0.48,0.95,0.012,0.006
1238,2023,03/15,13.665195578975165,Marechal Cândido Rondon,30.0,0.48,0.95,0.012,0.006
1239,2024,03/15,13.430381410914594,Marechal Cândido Rondon,30.0,0.48,0.95,0.012,0.006
1240,2015,03/15,12.947972636089844,Matelândia,30.0,0.48,0.95,0.012,0.006
1241,2016,03/15,9.99080191264605,Matelândia,30.0,0.48,0.95,0.012,0.006
1242,2017,03/15,12.557670656127504,Matelândia,30.0,0.48,0.95,0.012,0.006
1243,2018,03/15,11.858410612736009,Matelândia,30.0,0.48,0.95,0.012,0.006
1244,2019,03/15,13.019150071614249,Matelândia,30.0,0.48,0.95,0.012,0.006
1245,2020,03/15,11.783217575263414,Matelândia,30.0,0.48,0.95,0.012,0.006
1246,2021,03/15,12.678634459957623,Matelândia,30.0,0.48,0.95,0.012,0.006
1247,2022,03/15,11.312379940471665,Matelândia,30.0,0.48,0.95,0.012,0.006
1248,2023,03/15,12.966551679412241,Matelândia,30.0,0.48,0.95,0.012,0.006
1249,2024,03/15,12.359722240372658,Matelândia,30.0,0.48,0.95,0.012,0.006
1250,2015,03/15,13.403054427493926,Medianeira,30.0,0.48,0.95,0.012,0.006
1251,2016,03/15,10.836950264186418,Medianeira,30.0,0.48,0.95,0.012,0.006
1252,2017,03/15,13.022414096527246,Medianeira,30.0,0.48,0.95,0.012,0.006
1253,2018,03/15,12.39573588722952,Medianeira,30.0,0.48,0.95,0.012,0.006
1254,2019,03/15,13.384616492446636,Medianeira,30.0,0.48,0.95,0.012,0.006
1255,2020,03/15,12.18394753208337,Medianeira,30.0,0.48,0.95,0.012,0.006
1256,2021,03/15,12.995513147013597,Medianeira,30.0,0.48,0.95,0.012,0.006
1257,2022,03/15,11.821464948500585,Medianeira,30.0,0.48,0.95,0.012,0.006
1258,2023,03/15,13.472043219703028,Medianeira,30.0,0.48,0.95,0.012,0.006
1259,2024,03/15,12.358173881925666,Medianeira,30.0,0.48,0.95,0.012,0.006
1260,2015,03/15,13.704726643047476,Santa Helena,30.0,0.48,0.95,0.012,0.006
1261,2016,03/15,11.527951234382824,Santa Helena,30.0,0.48,0.95,0.012,0.006
1262,2017,03/15,13.376431631316736,Santa Helena,30.0,0.48,0.95,0.012,0.006
1263,2018,03/15,12.963697797456007,Santa Helena,30.0,0.48,0.95,0.012,0.006
1264,2019,03/15,13.662754103760301,Santa Helena,30.0,0.48,0.95,0.012,0.006
1265,2020,03/15,12.911713791937672,Santa Helena,30.0,0.48,0.95,0.012,0.006
1266,2021,03/15,13.359223212020929,Santa Helena,30.0,0.48,0.95,0.012,0.006
1267,2022,03/15,12.419067530842806,Santa Helena,30.0,0.48,0.95,0.012,0.006
1268,2023,03/15,13.720709952908518,Santa Helena,30.0,0.48,0.95,0.012,0.006
1269,2024,03/15,12.971110514157164,Santa Helena,30.0,0.48,0.95,0.012,0.006
1270,2015,03/15,13.403210923383588,São Miguel do Iguaçu,30.0,0.48,0.95,0.012,0.006
1271,2016,03/15,10.837145358637025,São Miguel do Iguaçu,30.0,0.48,0.95,0.012,0.006
1272,2017,03/15,13.022741210679547,São Miguel do Iguaçu,30.0,0.48,0.95,0.012,0.006
1273,2018,03/15,12.395861566084587,São Miguel do Iguaçu,30.0,0.48,0.95,0.012,0.006
1274,2019,03/15,13.385023530760932,São Miguel do Iguaçu,30.0,0.48,0.95,0.012,0.006
1275,2020,03/15,12.184378938219458,São Miguel do Iguaçu,30.0,0.48,0.95,0.012,0.006
1276,2021,03/15,12.996884160752966,São Miguel do Iguaçu,30.0,0.48,0.95,0.012,0.006
1277,2022,03/15,11.821464948500585,São Miguel do Iguaçu,30.0,0.48,0.95,0.012,0.006
1278,2023,03/15,13.472541950330077,São Miguel do Iguaçu,30.0,0.48,0.95,0.012,0.006
1279,2024,03/15,12.358414210587128,São Miguel do Iguaçu,30.0,0.48,0.95,0.012,0.006
1280,2015,03/15,12.646977890154204,São Pedro do Iguaçu,30.0,0.48,0.95,0.012,0.006
1281,2016,03/15,9.60923562054522,São Pedro do Iguaçu,30.0,0.48,0.95,0.012,0.006
1282,2017,03/15,12.184189227319253,São Pedro do Iguaçu,30.0,0.48,0.95,0.012,0.006
1283,2018,03/15,11.814948119372538,São Pedro do Iguaçu,30.0,0.48,0.95,0.012,0.006
1284,2019,03/15,12.821853206842682,São Pedro do Iguaçu,30.0,0.48,0.95,0.012,0.006
1285,2020,03/15,9.557545680268781,São Pedro do Iguaçu,30.0,0.48,0.95,0.012,0.006
1286,2021,03/15,12.449154718440607,São Pedro do Iguaçu,30.0,0.48,0.95,0.012,0.006
1287,2022,03/15,10.932974064841877,São Pedro do Iguaçu,30.0,0.48,0.95,0.012,0.006
1288,2023,03/15,12.689280707203832,São Pedro do Iguaçu,30.0,0.48,0.95,0.012,0.006
1289,2024,03/15,10.34364135206205,São Pedro do Iguaçu,30.0,0.48,0.95,0.012,0.006
1290,2015,03/15,13.188136023403985,Toledo,30.0,0.48,0.95,0.012,0.006
1291,2016,03/15,10.372138958701886,Toledo,30.0,0.48,0.95,0.012,0.006
1292,2017,03/15,12.628115043704728,Toledo,30.0,0.48,0.95,0.012,0.006
1293,2018,03/15,12.574599931280417,Toledo,30.0,0.48,0.95,0.012,0.006
1294,2019,03/15,13.268534232833055,Toledo,30.0,0.48,0.95,0.012,0.006
1295,2020,03/15,12.709930384672681,Toledo,30.0,0.48,0.95,0.012,0.006
1296,2021,03/15,12.938434507597027,Toledo,30.0,0.48,0.95,0.012,0.006
1297,2022,03/15,11.534014172922443,Toledo,30.0,0.48,0.95,0.012,0.006
1298,2023,03/15,13.12443267658564,Toledo,30.0,0.48,0.95,0.012,0.006
1299,2024,03/15,13.26523933300956,Toledo,30.0,0.48,0.95,0.012,0.006
1300,2015,03/15,12.612232502013718,Cascavel,30.0,0.48,0.95,0.012,0.007
1301,2016,03/15,9.211571174690613,Cascavel,30.0,0.48,0.95,0.012,0.007
1302,2017,03/15,11.896102381882114,Cascavel,30.0,0.48,0.95,0.012,0.007
1303,2018,03/15,11.532257522363667,Cascavel,30.0,0.48,0.95,0.012,0.007
1304,2019,03/15,12.652987847099011,Cascavel,30.0,0.48,0.95,0.012,0.007
1305,2020,03/15,7.9433581469134475,Cascavel,30.0,0.48,0.95,0.012,0.007
1306,2021,03/15,12.008547413310689,Cascavel,30.0,0.48,0.95,0.012,0.007
1307,2022,03/15,10.815862345182113,Cascavel,30.0,0.48,0.95,0.012,0.007
1308,2023,03/15,12.118243732158467,Cascavel,30.0,0.48,0.95,0.012,0.007
1309,2024,03/15,12.56454545361551,Cascavel,30.0,0.48,0.95,0.012,0.007
1310,2015,03/15,13.403251709455027,Foz do Iguaçu,30.0,0.48,0.95,0.012,0.007
1311,2016,03/15,10.837199282154089,Foz do Iguaçu,30.0,0.48,0.95,0.012,0.007
1312,2017,03/15,13.022804010023618,Foz do Iguaçu,30.0,0.48,0.95,0.012,0.007
1313,2018,03/15,12.395887088983711,Foz do Iguaçu,30.0,0.48,0.95,0.012,0.007
1314,2019,03/15,13.385102157459801,Foz do Iguaçu,30.0,0.48,0.95,0.012,0.007
1315,2020,03/15,12.18448262333016,Foz do Iguaçu,30.0,0.48,0.95,0.012,0.007
1316,2021,03/15,12.997264653861457,Foz do Iguaçu,30.0,0.48,0.95,0.012,0.007
1317,2022,03/15,11.821464948500585,Foz do Iguaçu,30.0,0.48,0.95,0.012,0.007
1318,2023,03/15,13.472639570250427,Foz do Iguaçu,30.0,0.48,0.95,0.012,0.007
1319,2024,03/15,12.358479721382672,Foz do Iguaçu,30.0,0.48,0.95,0.012,0.007
1320,2015,03/15,13.73084206826066,Guaíra,30.0,0.48,0.95,0.012,0.007
1321,2016,03/15,11.41833354804266,Guaíra,30.0,0.48,0.95,0.012,0.007
1322,2017,03/15,13.272592330974327,Guaíra,30.0,0.48,0.95,0.012,0.007
1323,2018,03/15,13.104279852568117,Guaíra,30.0,0.48,0.95,0.012,0.007
1324,2019,03/15,13.75641525205354,Guaíra,30.0,0.48,0.95,0.012,0.007
1325,2020,03/15,13.332121476152095,Guaíra,30.0,0.48,0.95,0.012,0.007
1326,2021,03/15,13.25538606191593,Guaíra,30.0,0.48,0.95,0.012,0.007
1327,2022,03/15,12.389771988795426,Guaíra,30.0,0.48,0.95,0.012,0.007
1328,2023,03/15,13.528790913501298,Guaíra,30.0,0.48,0.95,0.012,0.007
1329,2024,03/15,13.718497643505055,Guaíra,30.0,0.48,0.95,0.012,0.007
1330,2015,03/15,13.748651924103585,Marechal Cândido Rondon,30.0,0.48,0.95,0.012,0.007
1331,2016,03/15,11.52700789152341,Marechal Cândido Rondon,30.0,0.48,0.95,0.012,0.007
1332,2017,03/15,13.377848764324611,Marechal Cândido Rondon,30.0,0.48,0.95,0.012,0.007
1333,2018,03/15,13.18409224267304,Marechal Cândido Rondon,30.0,0.48,0.95,0.012,0.007
1334,2019,03/15,13.781246384087622,Marechal Cândido Rondon,30.0,0.48,0.95,0.012,0.007
1335,2020,03/15,13.20440477293176,Marechal Cândido Rondon,30.0,0.48,0.95,0.012,0.007
1336,2021,03/15,13.486471261141785,Marechal Cândido Rondon,30.0,0.48,0.95,0.012,0.007
1337,2022,03/15,12.425109444435206,Marechal Cândido Rondon,30.0,0.48,0.95,0.012,0.007
1338,2023,03/15,13.665195578975165,Marechal Cândido Rondon,30.0,0.48,0.95,0.012,0.007
1339,2024,03/15,13.430381410914594,Marechal Cândido Rondon,30.0,0.48,0.95,0.012,0.007
1340,2015,03/15,12.947972636089844,Matelândia,30.0,0.48,0.95,0.012,0.007
1341,2016,03/15,9.99080191264605,Matelândia,30.0,0.48,0.95,0.012,0.007
1342,2017,03/15,12.557670656127504,Matelândia,30.0,0.48,0.95,0.012,0.007
1343,2018,03/15,11.858410612736009,Matelândia,30.0,0.48,0.95,0.012,0.007
1344,2019,03/15,13.019150071614249,Matelândia,30.0,0.48,0.95,0.012,0.007
1345,2020,03/15,11.783217575263414,Matelândia,30.0,0.48,0.95,0.012,0.007
1346,2021,03/15,12.678634459957623,Matelândia,30.0,0.48,0.95,0.012,0.007
1347,2022,03/15,11.312379940471665,Matelândia,30.0,0.48,0.95,0.012,0.007
1348,2023,03/15,12.966551679412241,Matelândia,30.0,0.48,0.95,0.012,0.007
1349,2024,03/15,12.359722240372658,Matelândia,30.0,0.48,0.95,0.012,0.007
1350,2015,03/15,13.403054427493926,Medianeira,30.0,0.48,0.95,0.012,0.007
1351,2016,03/15,10.836950264186418,Medianeira,30.0,0.48,0.95,0.012,0.007
1352,2017,03/15,13.022414096527246,Medianeira,30.0,0.48,0.95,0.012,0.007
1353,2018,03/15,12.39573588722952,Medianeira,30.0,0.48,0.95,0.012,0.007
1354,2019,03/15,13.384616492446636,Medianeira,30.0,0.48,0.95,0.012,0.007
1355,2020,03/15,12.18394753208337,Medianeira,30.0,0.48,0.95,0.012,0.007
1356,2021,03/15,12.995513147013597,Medianeira,30.0,0.48,0.95,0.012,0.007
1357,2022,03/15,11.821464948500585,Medianeira,30.0,0.48,0.95,0.012,0.007
1358,2023,03/15,13.472043219703028,Medianeira,30.0,0.48,0.95,0.012,0.007
1359,2024,03/15,12.358173881925666,Medianeira,30.0,0.48,0.95,0.012,0.007
1360,2015,03/15,13.704726643047476,Santa Helena,30.0,0.48,0.95,0.012,0.007
1361,2016,03/15,11.527951234382824,Santa Helena,30.0,0.48,0.95,0.012,0.007
1362,2017,03/15,13.376431631316736,Santa Helena,30.0,0.48,0.95,0.012,0.007
1363,2018,03/15,12.963697797456007,Santa Helena,30.0,0.48,0.95,0.012,0.007
1364,2019,03/15,13.662754103760301,Santa Helena,30.0,0.48,0.95,0.012,0.007
1365,2020,03/15,12.911713791937672,Santa Helena,30.0,0.48,0.95,0.012,0.007
1366,2021,03/15,13.359223212020929,Santa Helena,30.0,0.48,0.95,0.012,0.007
1367,2022,03/15,12.419067530842806,Santa Helena,30.0,0.48,0.95,0.012,0.007
1368,2023,03/15,13.720709952908518,Santa Helena,30.0,0.48,0.95,0.012,0.007
1369,2024,03/15,12.971110514157164,Santa Helena,30.0,0.48,0.95,0.012,0.007
1370,2015,03/15,13.403210923383588,São Miguel do Iguaçu,30.0,0.48,0.95,0.012,0.007
1371,2016,03/15,10.837145358637025,São Miguel do Iguaçu,30.0,0.48,0.95,0.012,0.007
1372,2017,03/15,13.022741210679547,São Miguel do Iguaçu,30.0,0.48,0.95,0.012,0.007
1373,2018,03/15,12.395861566084587,São Miguel do Iguaçu,30.0,0.48,0.95,0.012,0.007
1374,2019,03/15,13.385023530760932,São Miguel do Iguaçu,30.0,0.48,0.95,0.012,0.007
1375,2020,03/15,12.184378938219458,São Miguel do Iguaçu,30.0,0.48,0.95,0.012,0.007
1376,2021,03/15,12.996884160752966,São Miguel do Iguaçu,30.0,0.48,0.95,0.012,0.007
1377,2022,03/15,11.821464948500585,São Miguel do Iguaçu,30.0,0.48,0.95,0.012,0.007
1378,2023,03/15,13.472541950330077,São Miguel do Iguaçu,30.0,0.48,0.95,0.012,0.007
1379,2024,03/15,12.358414210587128,São Miguel do Iguaçu,30.0,0.48,0.95,0.012,0.007
1380,2015,03/15,12.646977890154204,São Pedro do Iguaçu,30.0,0.48,0.95,0.012,0.007
1381,2016,03/15,9.60923562054522,São Pedro do Iguaçu,30.0,0.48,0.95,0.012,0.007
1382,2017,03/15,12.184189227319253,São Pedro do Iguaçu,30.0,0.48,0.95,0.012,0.007
1383,2018,03/15,11.814948119372538,São Pedro do Iguaçu,30.0,0.48,0.95,0.012,0.007
1384,2019,03/15,12.821853206842682,São Pedro do Iguaçu,30.0,0.48,0.95,0.012,0.007
1385,2020,03/15,9.557545680268781,São Pedro do Iguaçu,30.0,0.48,0.95,0.012,0.007
1386,2021,03/15,12.449154718440607,São Pedro do Iguaçu,30.0,0.48,0.95,0.012,0.007
1387,2022,03/15,10.932974064841877,São Pedro do Iguaçu,30.0,0.48,0.95,0.012,0.007
1388,2023,03/15,12.689280707203832,São Pedro do Iguaçu,30.0,0.48,0.95,0.012,0.007
1389,2024,03/15,10.34364135206205,São Pedro do Iguaçu,30.0,0.48,0.95,0.012,0.007
1390,2015,03/15,13.188136023403985,Toledo,30.0,0.48,0.95,0.012,0.007
1391,2016,03/15,10.372138958701886,Toledo,30.0,0.48,0.95,0.012,0.007
1392,2017,03/15,12.628115043704728,Toledo,30.0,0.48,0.95,0.012,0.007
1393,2018,03/15,12.574599931280417,Toledo,30.0,0.48,0.95,0.012,0.007
1394,2019,03/15,13.268534232833055,Toledo,30.0,0.48,0.95,0.012,0.007
1395,2020,03/15,12.709930384672681,Toledo,30.0,0.48,0.95,0.012,0.007
1396,2021,03/15,12.938434507597027,Toledo,30.0,0.48,0.95,0.012,0.007
1397,2022,03/15,11.534014172922443,Toledo,30.0,0.48,0.95,0.012,0.007
1398,2023,03/15,13.12443267658564,Toledo,30.0,0.48,0.95,0.012,0.007
1399,2024,03/15,13.26523933300956,Toledo,30.0,0.48,0.95,0.012,0.007
1400,2015,03/15,12.612232502013718,Cascavel,30.0,0.48,0.95,0.013,0.006
1401,2016,03/15,9.211571174690613,Cascavel,30.0,0.48,0.95,0.013,0.006
1402,2017,03/15,11.896102381882114,Cascavel,30.0,0.48,0.95,0.013,0.006
1403,2018,03/15,11.532257522363667,Cascavel,30.0,0.48,0.95,0.013,0.006
1404,2019,03/15,12.652987847099011,Cascavel,30.0,0.48,0.95,0.013,0.006
1405,2020,03/15,7.9433581469134475,Cascavel,30.0,0.48,0.95,0.013,0.006
1406,2021,03/15,12.008547413310689,Cascavel,30.0,0.48,0.95,0.013,0.006
1407,2022,03/15,10.815862345182113,Cascavel,30.0,0.48,0.95,0.013,0.006
1408,2023,03/15,12.118243732158467,Cascavel,30.0,0.48,0.95,0.013,0.006
1409,2024,03/15,12.56454545361551,Cascavel,30.0,0.48,0.95,0.013,0.006
1410,2015,03/15,13.403251709455027,Foz do Iguaçu,30.0,0.48,0.95,0.013,0.006
1411,2016,03/15,10.837199282154089,Foz do Iguaçu,30.0,0.48,0.95,0.013,0.006
1412,2017,03/15,13.022804010023618,Foz do Iguaçu,30.0,0.48,0.95,0.013,0.006
1413,2018,03/15,12.395887088983711,Foz do Iguaçu,30.0,0.48,0.95,0.013,0.006
1414,2019,03/15,13.385102157459801,Foz do Iguaçu,30.0,0.48,0.95,0.013,0.006
1415,2020,03/15,12.18448262333016,Foz do Iguaçu,30.0,0.48,0.95,0.013,0.006
1416,2021,03/15,12.997264653861457,Foz do Iguaçu,30.0,0.48,0.95,0.013,0.006
1417,2022,03/15,11.821464948500585,Foz do Iguaçu,30.0,0.48,0.95,0.013,0.006
1418,2023,03/15,13.472639570250427,Foz do Iguaçu,30.0,0.48,0.95,0.013,0.006
1419,2024,03/15,12.358479721382672,Foz do Iguaçu,30.0,0.48,0.95,0.013,0.006
1420,2015,03/15,13.73084206826066,Guaíra,30.0,0.48,0.95,0.013,0.006
1421,2016,03/15,11.41833354804266,Guaíra,30.0,0.48,0.95,0.013,0.006
1422,2017,03/15,13.272592330974327,Guaíra,30.0,0.48,0.95,0.013,0.006
1423,2018,03/15,13.104279852568117,Guaíra,30.0,0.48,0.95,0.013,0.006
1424,2019,03/15,13.75641525205354,Guaíra,30.0,0.48,0.95,0.013,0.006
1425,2020,03/15,13.332121476152095,Guaíra,30.0,0.48,0.95,0.013,0.006
1426,2021,03/15,13.25538606191593,Guaíra,30.0,0.48,0.95,0.013,0.006
1427,2022,03/15,12.389771988795426,Guaíra,30.0,0.48,0.95,0.013,0.006
1428,2023,03/15,13.528790913501298,Guaíra,30.0,0.48,0.95,0.013,0.006
1429,2024,03/15,13.718497643505055,Guaíra,30.0,0.48,0.95,0.013,0.006
1430,2015,03/15,13.748651924103585,Marechal Cândido Rondon,30.0,0.48,0.95,0.013,0.006
1431,2016,03/15,11.52700789152341,Marechal Cândido Rondon,30.0,0.48,0.95,0.013,0.006
1432,2017,03/15,13.377848764324611,Marechal Cândido Rondon,30.0,0.48,0.95,0.013,0.006
1433,2018,03/15,13.18409224267304,Marechal Cândido Rondon,30.0,0.48,0.95,0.013,0.006
1434,2019,03/15,13.781246384087622,Marechal Cândido Rondon,30.0,0.48,0.95,0.013,0.006
1435,2020,03/15,13.20440477293176,Marechal Cândido Rondon,30.0,0.48,0.95,0.013,0.006
1436,2021,03/15,13.486471261141785,Marechal Cândido Rondon,30.0,0.48,0.95,0.013,0.006
1437,2022,03/15,12.425109444435206,Marechal Cândido Rondon,30.0,0.48,0.95,0.013,0.006
1438,2023,03/15,13.665195578975165,Marechal Cândido Rondon,30.0,0.48,0.95,0.013,0.006
1439,2024,03/15,13.430381410914594,Marechal Cândido Rondon,30.0,0.48,0.95,0.013,0.006
1440,2015,03/15,12.947972636089844,Matelândia,30.0,0.48,0.95,0.013,0.006
1441,2016,03/15,9.99080191264605,Matelândia,30.0,0.48,0.95,0.013,0.006
1442,2017,03/15,12.557670656127504,Matelândia,30.0,0.48,0.95,0.013,0.006
1443,2018,03/15,11.858410612736009,Matelândia,30.0,0.48,0.95,0.013,0.006
1444,2019,03/15,13.019150071614249,Matelândia,30.0,0.48,0.95,0.013,0.006
1445,2020,03/15,11.783217575263414,Matelândia,30.0,0.48,0.95,0.013,0.006
1446,2021,03/15,12.678634459957623,Matelândia,30.0,0.48,0.95,0.013,0.006
1447,2022,03/15,11.312379940471665,Matelândia,30.0,0.48,0.95,0.013,0.006
1448,2023,03/15,12.966551679412241,Matelândia,30.0,0.48,0.95,0.013,0.006
1449,2024,03/15,12.359722240372658,Matelândia,30.0,0.48,0.95,0.013,0.006
1450,2015,03/15,13.403054427493926,Medianeira,30.0,0.48,0.95,0.013,0.006
1451,2016,03/15,10.836950264186418,Medianeira,30.0,0.48,0.95,0.013,0.006
1452,2017,03/15,13.022414096527246,Medianeira,30.0,0.48,0.95,0.013,0.006
1453,2018,03/15,12.39573588722952,Medianeira,30.0,0.48,0.95,0.013,0.006
1454,2019,03/15,13.384616492446636,Medianeira,30.0,0.48,0.95,0.013,0.006
1455,2020,03/15,12.18394753208337,Medianeira,30.0,0.48,0.95,0.013,0.006
1456,2021,03/15,12.995513147013597,Medianeira,30.0,0.48,0.95,0.013,0.006
1457,2022,03/15,11.821464948500585,Medianeira,30.0,0.48,0.95,0.013,0.006
1458,2023,03/15,13.472043219703028,Medianeira,30.0,0.48,0.95,0.013,0.006
1459,2024,03/15,12.358173881925666,Medianeira,30.0,0.48,0.95,0.013,0.006
1460,2015,03/15,13.704726643047476,Santa Helena,30.0,0.48,0.95,0.013,0.006
1461,2016,03/15,11.527951234382824,Santa Helena,30.0,0.48,0.95,0.013,0.006
1462,2017,03/15,13.376431631316736,Santa Helena,30.0,0.48,0.95,0.013,0.006
1463,2018,03/15,12.963697797456007,Santa Helena,30.0,0.48,0.95,0.013,0.006
1464,2019,03/15,13.662754103760301,Santa Helena,30.0,0.48,0.95,0.013,0.006
1465,2020,03/15,12.911713791937672,Santa Helena,30.0,0.48,0.95,0.013,0.006
1466,2021,03/15,13.359223212020929,Santa Helena,30.0,0.48,0.95,0.013,0.006
1467,2022,03/15,12.419067530842806,Santa Helena,30.0,0.48,0.95,0.013,0.006
1468,2023,03/15,13.720709952908518,Santa Helena,30.0,0.48,0.95,0.013,0.006
1469,2024,03/15,12.971110514157164,Santa Helena,30.0,0.48,0.95,0.013,0.006
1470,2015,03/15,13.403210923383588,São Miguel do Iguaçu,30.0,0.48,0.95,0.013,0.006
1471,2016,03/15,10.837145358637025,São Miguel do Iguaçu,30.0,0.48,0.95,0.013,0.006
1472,2017,03/15,13.022741210679547,São Miguel do Iguaçu,30.0,0.48,0.95,0.013,0.006
1473,2018,03/15,12.395861566084587,São Miguel do Iguaçu,30.0,0.48,0.95,0.013,0.006
1474,2019,03/15,13.385023530760932,São Miguel do Iguaçu,30.0,0.48,0.95,0.013,0.006
1475,2020,03/15,12.184378938219458,São Miguel do Iguaçu,30.0,0.48,0.95,0.013,0.006
1476,2021,03/15,12.996884160752966,São Miguel do Iguaçu,30.0,0.48,0.95,0.013,0.006
1477,2022,03/15,11.821464948500585,São Miguel do Iguaçu,30.0,0.48,0.95,0.013,0.006
1478,2023,03/15,13.472541950330077,São Miguel do Iguaçu,30.0,0.48,0.95,0.013,0.006
1479,2024,03/15,12.358414210587128,São Miguel do Iguaçu,30.0,0.48,0.95,0.013,0.006
1480,2015,03/15,12.646977890154204,São Pedro do Iguaçu,30.0,0.48,0.95,0.013,0.006
1481,2016,03/15,9.60923562054522,São Pedro do Iguaçu,30.0,0.48,0.95,0.013,0.006
1482,2017,03/15,12.184189227319253,São Pedro do Iguaçu,30.0,0.48,0.95,0.013,0.006
1483,2018,03/15,11.814948119372538,São Pedro do Iguaçu,30.0,0.48,0.95,0.013,0.006
1484,2019,03/15,12.821853206842682,São Pedro do Iguaçu,30.0,0.48,0.95,0.013,0.006
1485,2020,03/15,9.557545680268781,São Pedro do Iguaçu,30.0,0.48,0.95,0.013,0.006
1486,2021,03/15,12.449154718440607,São Pedro do Iguaçu,30.0,0.48,0.95,0.013,0.006
1487,2022,03/15,10.932974064841877,São Pedro do Iguaçu,30.0,0.48,0.95,0.013,0.006
1488,2023,03/15,12.689280707203832,São Pedro do Iguaçu,30.0,0.48,0.95,0.013,0.006
1489,2024,03/15,10.34364135206205,São Pedro do Iguaçu,30.0,0.48,0.95,0.013,0.006
1490,2015,03/15,13.188136023403985,Toledo,30.0,0.48,0.95,0.013,0.006
1491,2016,03/15,10.372138958701886,Toledo,30.0,0.48,0.95,0.013,0.006
1492,2017,03/15,12.628115043704728,Toledo,30.0,0.48,0.95,0.013,0.006
1493,2018,03/15,12.574599931280417,Toledo,30.0,0.48,0.95,0.013,0.006
1494,2019,03/15,13.268534232833055,Toledo,30.0,0.48,0.95,0.013,0.006
1495,2020,03/15,12.709930384672681,Toledo,30.0,0.48,0.95,0.013,0.006
1496,2021,03/15,12.938434507597027,Toledo,30.0,0.48,0.95,0.013,0.006
1497,2022,03/15,11.534014172922443,Toledo,30.0,0.48,0.95,0.013,0.006
1498,2023,03/15,13.12443267658564,Toledo,30.0,0.48,0.95,0.013,0.006
1499,2024,03/15,13.26523933300956,Toledo,30.0,0.48,0.95,0.013,0.006
1500,2015,03/15,12.612232502013718,Cascavel,30.0,0.48,0.95,0.013,0.007
1501,2016,03/15,9.211571174690613,Cascavel,30.0,0.48,0.95,0.013,0.007
1502,2017,03/15,11.896102381882114,Cascavel,30.0,0.48,0.95,0.013,0.007
1503,2018,03/15,11.532257522363667,Cascavel,30.0,0.48,0.95,0.013,0.007
1504,2019,03/15,12.652987847099011,Cascavel,30.0,0.48,0.95,0.013,0.007
1505,2020,03/15,7.9433581469134475,Cascavel,30.0,0.48,0.95,0.013,0.007
1506,2021,03/15,12.008547413310689,Cascavel,30.0,0.48,0.95,0.013,0.007
1507,2022,03/15,10.815862345182113,Cascavel,30.0,0.48,0.95,0.013,0.007
1508,2023,03/15,12.118243732158467,Cascavel,30.0,0.48,0.95,0.013,0.007
1509,2024,03/15,12.56454545361551,Cascavel,30.0,0.48,0.95,0.013,0.007
1510,2015,03/15,13.403251709455027,Foz do Iguaçu,30.0,0.48,0.95,0.013,0.007
1511,2016,03/15,10.837199282154089,Foz do Iguaçu,30.0,0.48,0.95,0.013,0.007
1512,2017,03/15,13.022804010023618,Foz do Iguaçu,30.0,0.48,0.95,0.013,0.007
1513,2018,03/15,12.395887088983711,Foz do Iguaçu,30.0,0.48,0.95,0.013,0.007
1514,2019,03/15,13.385102157459801,Foz do Iguaçu,30.0,0.48,0.95,0.013,0.007
1515,2020,03/15,12.18448262333016,Foz do Iguaçu,30.0,0.48,0.95,0.013,0.007
1516,2021,03/15,12.997264653861457,Foz do Iguaçu,30.0,0.48,0.95,0.013,0.007
1517,2022,03/15,11.821464948500585,Foz do Iguaçu,30.0,0.48,0.95,0.013,0.007
1518,2023,03/15,13.472639570250427,Foz do Iguaçu,30.0,0.48,0.95,0.013,0.007
1519,2024,03/15,12.358479721382672,Foz do Iguaçu,30.0,0.48,0.95,0.013,0.007
1520,2015,03/15,13.73084206826066,Guaíra,30.0,0.48,0.95,0.013,0.007
1521,2016,03/15,11.41833354804266,Guaíra,30.0,0.48,0.95,0.013,0.007
1522,2017,03/15,13.272592330974327,Guaíra,30.0,0.48,0.95,0.013,0.007
1523,2018,03/15,13.104279852568117,Guaíra,30.0,0.48,0.95,0.013,0.007
1524,2019,03/15,13.75641525205354,Guaíra,30.0,0.48,0.95,0.013,0.007
1525,2020,03/15,13.332121476152095,Guaíra,30.0,0.48,0.95,0.013,0.007
1526,2021,03/15,13.25538606191593,Guaíra,30.0,0.48,0.95,0.013,0.007
1527,2022,03/15,12.389771988795426,Guaíra,30.0,0.48,0.95,0.013,0.007
1528,2023,03/15,13.528790913501298,Guaíra,30.0,0.48,0.95,0.013,0.007
1529,2024,03/15,13.718497643505055,Guaíra,30.0,0.48,0.95,0.013,0.007
1530,2015,03/15,13.748651924103585,Marechal Cândido Rondon,30.0,0.48,0.95,0.013,0.007
1531,2016,03/15,11.52700789152341,Marechal Cândido Rondon,30.0,0.48,0.95,0.013,0.007
1532,2017,03/15,13.377848764324611,Marechal Cândido Rondon,30.0,0.48,0.95,0.013,0.007
1533,2018,03/15,13.18409224267304,Marechal Cândido Rondon,30.0,0.48,0.95,0.013,0.007
1534,2019,03/15,13.781246384087622,Marechal Cândido Rondon,30.0,0.48,0.95,0.013,0.007
1535,2020,03/15,13.20440477293176,Marechal Cândido Rondon,30.0,0.48,0.95,0.013,0.007
1536,2021,03/15,13.486471261141785,Marechal Cândido Rondon,30.0,0.48,0.95,0.013,0.007
1537,2022,03/15,12.425109444435206,Marechal Cândido Rondon,30.0,0.48,0.95,0.013,0.007
1538,2023,03/15,13.665195578975165,Marechal Cândido Rondon,30.0,0.48,0.95,0.013,0.007
1539,2024,03/15,13.430381410914594,Marechal Cândido Rondon,30.0,0.48,0.95,0.013,0.007
1540,2015,03/15,12.947972636089844,Matelândia,30.0,0.48,0.95,0.013,0.007
1541,2016,03/15,9.99080191264605,Matelândia,30.0,0.48,0.95,0.013,0.007
1542,2017,03/15,12.557670656127504,Matelândia,30.0,0.48,0.95,0.013,0.007
1543,2018,03/15,11.858410612736009,Matelândia,30.0,0.48,0.95,0.013,0.007
1544,2019,03/15,13.019150071614249,Matelândia,30.0,0.48,0.95,0.013,0.007
1545,2020,03/15,11.783217575263414,Matelândia,30.0,0.48,0.95,0.013,0.007
1546,2021,03/15,12.678634459957623,Matelândia,30.0,0.48,0.95,0.013,0.007
1547,2022,03/15,11.312379940471665,Matelândia,30.0,0.48,0.95,0.013,0.007
1548,2023,03/15,12.966551679412241,Matelândia,30.0,0.48,0.95,0.013,0.007
1549,2024,03/15,12.359722240372658,Matelândia,30.0,0.48,0.95,0.013,0.007
1550,2015,03/15,13.403054427493926,Medianeira,30.0,0.48,0.95,0.013,0.007
1551,2016,03/15,10.836950264186418,Medianeira,30.0,0.48,0.95,0.013,0.007
1552,2017,03/15,13.022414096527246,Medianeira,30.0,0.48,0.95,0.013,0.007
1553,2018,03/15,12.39573588722952,Medianeira,30.0,0.48,0.95,0.013,0.007
1554,2019,03/15,13.384616492446636,Medianeira,30.0,0.48,0.95,0.013,0.007
1555,2020,03/15,12.18394753208337,Medianeira,30.0,0.48,0.95,0.013,0.007
1556,2021,03/15,12.995513147013597,Medianeira,30.0,0.48,0.95,0.013,0.007
1557,2022,03/15,11.821464948500585,Medianeira,30.0,0.48,0.95,0.013,0.007
1558,2023,03/15,13.472043219703028,Medianeira,30.0,0.48,0.95,0.013,0.007
1559,2024,03/15,12.358173881925666,Medianeira,30.0,0.48,0.95,0.013,0.007
1560,2015,03/15,13.704726643047476,Santa Helena,30.0,0.48,0.95,0.013,0.007
1561,2016,03/15,11.527951234382824,Santa Helena,30.0,0.48,0.95,0.013,0.007
1562,2017,03/15,13.376431631316736,Santa Helena,30.0,0.48,0.95,0.013,0.007
1563,2018,03/15,12.963697797456007,Santa Helena,30.0,0.48,0.95,0.013,0.007
1564,2019,03/15,13.662754103760301,Santa Helena,30.0,0.48,0.95,0.013,0.007
1565,2020,03/15,12.911713791937672,Santa Helena,30.0,0.48,0.95,0.013,0.007
1566,2021,03/15,13.359223212020929,Santa Helena,30.0,0.48,0.95,0.013,0.007
1567,2022,03/15,12.419067530842806,Santa Helena,30.0,0.48,0.95,0.013,0.007
1568,2023,03/15,13.720709952908518,Santa Helena,30.0,0.48,0.95,0.013,0.007
1569,2024,03/15,12.971110514157164,Santa Helena,30.0,0.48,0.95,0.013,0.007
1570,2015,03/15,13.403210923383588,São Miguel do Iguaçu,30.0,0.48,0.95,0.013,0.007
1571,2016,03/15,10.837145358637025,São Miguel do Iguaçu,30.0,0.48,0.95,0.013,0.007
1572,2017,03/15,13.022741210679547,São Miguel do Iguaçu,30.0,0.48,0.95,0.013,0.007
1573,2018,03/15,12.395861566084587,São Miguel do Iguaçu,30.0,0.48,0.95,0.013,0.007
1574,2019,03/15,13.385023530760932,São Miguel do Iguaçu,30.0,0.48,0.95,0.013,0.007
1575,2020,03/15,12.184378938219458,São Miguel do Iguaçu,30.0,0.48,0.95,0.013,0.007
1576,2021,03/15,12.996884160752966,São Miguel do Iguaçu,30.0,0.48,0.95,0.013,0.007
1577,2022,03/15,11.821464948500585,São Miguel do Iguaçu,30.0,0.48,0.95,0.013,0.007
1578,2023,03/15,13.472541950330077,São Miguel do Iguaçu,30.0,0.48,0.95,0.013,0.007
1579,2024,03/15,12.358414210587128,São Miguel do Iguaçu,30.0,0.48,0.95,0.013,0.007
1580,2015,03/15,12.646977890154204,São Pedro do Iguaçu,30.0,0.48,0.95,0.013,0.007
1581,2016,03/15,9.60923562054522,São Pedro do Iguaçu,30.0,0.48,0.95,0.013,0.007
1582,2017,03/15,12.184189227319253,São Pedro do Iguaçu,30.0,0.48,0.95,0.013,0.007
1583,2018,03/15,11.814948119372538,São Pedro do Iguaçu,30.0,0.48,0.95,0.013,0.007
1584,2019,03/15,12.821853206842682,São Pedro do Iguaçu,30.0,0.48,0.95,0.013,0.007
1585,2020,03/15,9.557545680268781,São Pedro do Iguaçu,30.0,0.48,0.95,0.013,0.007
1586,2021,03/15,12.449154718440607,São Pedro do Iguaçu,30.0,0.48,0.95,0.013,0.007
1587,2022,03/15,10.932974064841877,São Pedro do Iguaçu,30.0,0.48,0.95,0.013,0.007
1588,2023,03/15,12.689280707203832,São Pedro do Iguaçu,30.0,0.48,0.95,0.013,0.007
1589,2024,03/15,10.34364135206205,São Pedro do Iguaçu,30.0,0.48,0.95,0.013,0.007
1590,2015,03/15,13.188136023403985,Toledo,30.0,0.48,0.95,0.013,0.007
1591,2016,03/15,10.372138958701886,Toledo,30.0,0.48,0.95,0.013,0.007
1592,2017,03/15,12.628115043704728,Toledo,30.0,0.48,0.95,0.013,0.007
1593,2018,03/15,12.574599931280417,Toledo,30.0,0.48,0.95,0.013,0.007
1594,2019,03/15,13.268534232833055,Toledo,30.0,0.48,0.95,0.013,0.007
1595,2020,03/15,12.709930384672681,Toledo,30.0,0.48,0.95,0.013,0.007
1596,2021,03/15,12.938434507597027,Toledo,30.0,0.48,0.95,0.013,0.007
1597,2022,03/15,11.534014172922443,Toledo,30.0,0.48,0.95,0.013,0.007
1598,2023,03/15,13.12443267658564,Toledo,30.0,0.48,0.95,0.013,0.007
1599,2024,03/15,13.26523933300956,Toledo,30.0,0.48,0.95,0.013,0.007
1600,2015,03/15,12.742500621563904,Cascavel,30.0,0.5,0.9,0.012,0.006
1601,2016,03/15,9.320864162973086,Cascavel,30.0,0.5,0.9,0.012,0.006
1602,2017,03/15,12.027573307886533,Cascavel,30.0,0.5,0.9,0.012,0.006
1603,2018,03/15,11.655486671948108,Cascavel,30.0,0.5,0.9,0.012,0.006
1604,2019,03/15,12.785525818466466,Cascavel,30.0,0.5,0.9,0.012,0.006
1605,2020,03/15,8.020618597105845,Cascavel,30.0,0.5,0.9,0.012,0.006
1606,2021,03/15,12.139034942946406,Cascavel,30.0,0.5,0.9,0.012,0.006
1607,2022,03/15,10.92772571535407,Cascavel,30.0,0.5,0.9,0.012,0.006
1608,2023,03/15,12.242546849007978,Cascavel,30.0,0.5,0.9,0.012,0.006
1609,2024,03/15,12.69422973113824,Cascavel,30.0,0.5,0.9,0.012,0.006
1610,2015,03/15,13.538907925404944,Foz do Iguaçu,30.0,0.5,0.9,0.012,0.006
1611,2016,03/15,10.959538231781103,Foz do Iguaçu,30.0,0.5,0.9,0.012,0.006
1612,2017,03/15,13.162330372521478,Foz do Iguaçu,30.0,0.5,0.9,0.012,0.006
1613,2018,03/15,12.522982575579501,Foz do Iguaçu,30.0,0.5,0.9,0.012,0.006
1614,2019,03/15,13.519309051132641,Foz do Iguaçu,30.0,0.5,0.9,0.012,0.006
1615,2020,03/15,12.304396029560555,Foz do Iguaçu,30.0,0.5,0.9,0.012,0.006
1616,2021,03/15,13.13471381375426,Foz do Iguaçu,30.0,0.5,0.9,0.012,0.006
1617,2022,03/15,11.94370478350958,Foz do Iguaçu,30.0,0.5,0.9,0.012,0.006
1618,2023,03/15,13.61003013838436,Foz do Iguaçu,30.0,0.5,0.9,0.012,0.006
1619,2024,03/15,12.48688157684243,Foz do Iguaçu,30.0,0.5,0.9,0.012,0.006
1620,2015,03/15,13.867223711152521,Guaíra,30.0,0.5,0.9,0.012,0.006
1621,2016,03/15,11.541253590012621,Guaíra,30.0,0.5,0.9,0.012,0.006
1622,2017,03/15,13.413764031695283,Guaíra,30.0,0.5,0.9,0.012,0.006
1623,2018,03/15,13.237544881838792,Guaíra,30.0,0.5,0.9,0.012,0.006
1624,2019,03/15,13.894053215486462,Guaíra,30.0,0.5,0.9,0.012,0.006
1625,2020,03/15,13.46199437113559,Guaíra,30.0,0.5,0.9,0.012,0.006
1626,2021,03/15,13.392460574946245,Guaíra,30.0,0.5,0.9,0.012,0.006
1627,2022,03/15,12.515454137804202,Guaíra,30.0,0.5,0.9,0.012,0.006
1628,2023,03/15,13.66414263797582,Guaíra,30.0,0.5,0.9,0.012,0.006
1629,2024,03/15,13.857079177988206,Guaíra,30.0,0.5,0.9,0.012,0.006
1630,2015,03/15,13.885532623815726,Marechal Cândido Rondon,30.0,0.5,0.9,0.012,0.006
1631,2016,03/15,11.65132383486235,Marechal Cândido Rondon,30.0,0.5,0.9,0.012,0.006
1632,2017,03/15,13.519662207285172,Marechal Cândido Rondon,30.0,0.5,0.9,0.012,0.006
1633,2018,03/15,13.317995125821945,Marechal Cândido Rondon,30.0,0.5,0.9,0.012,0.006
1634,2019,03/15,13.9193135161022,Marechal Cândido Rondon,30.0,0.5,0.9,0.012,0.006
1635,2020,03/15,13.333823925750012,Marechal Cândido Rondon,30.0,0.5,0.9,0.012,0.006
1636,2021,03/15,13.625523060926826,Marechal Cândido Rondon,30.0,0.5,0.9,0.012,0.006
1637,2022,03/15,12.550893288458177,Marechal Cândido Rondon,30.0,0.5,0.9,0.012,0.006
1638,2023,03/15,13.801540722456153,Marechal Cândido Rondon,30.0,0.5,0.9,0.012,0.006
1639,2024,03/15,13.567507378408024,Marechal Cândido Rondon,30.0,0.5,0.9,0.012,0.006
1640,2015,03/15,13.080600908221863,Matelândia,30.0,0.5,0.9,0.012,0.006
1641,2016,03/15,10.1065781619023,Matelândia,30.0,0.5,0.9,0.012,0.006
1642,2017,03/15,12.693477819035442,Matelândia,30.0,0.5,0.9,0.012,0.006
1643,2018,03/15,11.982143333092825,Matelândia,30.0,0.5,0.9,0.012,0.006
1644,2019,03/15,13.152098953761358,Matelândia,30.0,0.5,0.9,0.012,0.006
1645,2020,03/15,11.89883050152174,Matelândia,30.0,0.5,0.9,0.012,0.006
1646,2021,03/15,12.813417748165906,Matelândia,30.0,0.5,0.9,0.012,0.006
1647,2022,03/15,11.429462723156234,Matelândia,30.0,0.5,0.9,0.012,0.006
1648,2023,03/15,13.098284262363569,Matelândia,30.0,0.5,0.9,0.012,0.006
1649,2024,03/15,12.487913520668858,Matelândia,30.0,0.5,0.9,0.012,0.006
1650,2015,03/15,13.538708809047403,Medianeira,30.0,0.5,0.9,0.012,0.006
1651,2016,03/15,10.959294195334378,Medianeira,30.0,0.5,0.9,0.012,0.006
1652,2017,03/15,13.161937586778809,Medianeira,30.0,0.5,0.9,0.012,0.006
1653,2018,03/15,12.522842844685155,Medianeira,30.0,0.5,0.9,0.012,0.006
1654,2019,03/15,13.518819567350066,Medianeira,30.0,0.5,0.9,0.012,0.006
1655,2020,03/15,12.303870234633221,Medianeira,30.0,0.5,0.9,0.012,0.006
1656,2021,03/15,13.134251802685274,Medianeira,30.0,0.5,0.9,0.012,0.006
1657,2022,03/15,11.94370478350958,Medianeira,30.0,0.5,0.9,0.012,0.006
1658,2023,03/15,13.609429052399658,Medianeira,30.0,0.5,0.9,0.012,0.006
1659,2024,03/15,12.48657355188518,Medianeira,30.0,0.5,0.9,0.012,0.006
1660,2015,03/15,13.841300295920401,Santa Helena,30.0,0.5,0.9,0.012,0.006
1661,2016,03/15,11.654086110229494,Santa Helena,30.0,0.5,0.9,0.012,0.006
1662,2017,03/15,13.518701543412758,Santa Helena,30.0,0.5,0.9,0.012,0.006
1663,2018,03/15,13.09751859618971,Santa Helena,30.0,0.5,0.9,0.012,0.006
1664,2019,03/15,13.799724864221437,Santa Helena,30.0,0.5,0.9,0.012,0.006
1665,2020,03/15,13.039119141918487,Santa Helena,30.0,0.5,0.9,0.012,0.006
1666,2021,03/15,13.496816145766095,Santa Helena,30.0,0.5,0.9,0.012,0.006
1667,2022,03/15,12.545762008334808,Santa Helena,30.0,0.5,0.9,0.012,0.006
1668,2023,03/15,13.858130785091614,Santa Helena,30.0,0.5,0.9,0.012,0.006
1669,2024,03/15,13.104925139361498,Santa Helena,30.0,0.5,0.9,0.012,0.006
1670,2015,03/15,13.538866761562844,São Miguel do Iguaçu,30.0,0.5,0.9,0.012,0.006
1671,2016,03/15,10.959484217322265,São Miguel do Iguaçu,30.0,0.5,0.9,0.012,0.006
1672,2017,03/15,13.162267105838705,São Miguel do Iguaçu,30.0,0.5,0.9,0.012,0.006
1673,2018,03/15,12.522958348520177,São Miguel do Iguaçu,30.0,0.5,0.9,0.012,0.006
1674,2019,03/15,13.51922980469816,São Miguel do Iguaçu,30.0,0.5,0.9,0.012,0.006
1675,2020,03/15,12.304292734167245,São Miguel do Iguaçu,30.0,0.5,0.9,0.012,0.006
1676,2021,03/15,13.134625650808374,São Miguel do Iguaçu,30.0,0.5,0.9,0.012,0.006
1677,2022,03/15,11.94370478350958,São Miguel do Iguaçu,30.0,0.5,0.9,0.012,0.006
1678,2023,03/15,13.609931732010098,São Miguel do Iguaçu,30.0,0.5,0.9,0.012,0.006
1679,2024,03/15,12.48681559300195,São Miguel do Iguaçu,30.0,0.5,0.9,0.012,0.006
1680,2015,03/15,12.777756783057635,São Pedro do Iguaçu,30.0,0.5,0.9,0.012,0.006
1681,2016,03/15,9.722353794965873,São Pedro do Iguaçu,30.0,0.5,0.9,0.012,0.006
1682,2017,03/15,12.317186723721125,São Pedro do Iguaçu,30.0,0.5,0.9,0.012,0.006
1683,2018,03/15,11.939801804415188,São Pedro do Iguaçu,30.0,0.5,0.9,0.012,0.006
1684,2019,03/15,12.954459210003122,São Pedro do Iguaçu,30.0,0.5,0.9,0.012,0.006
1685,2020,03/15,9.650740846271644,São Pedro do Iguaçu,30.0,0.5,0.9,0.012,0.006
1686,2021,03/15,12.581954460068939,São Pedro do Iguaçu,30.0,0.5,0.9,0.012,0.006
1687,2022,03/15,11.046226883260356,São Pedro do Iguaçu,30.0,0.5,0.9,0.012,0.006
1688,2023,03/15,12.81812638312952,São Pedro do Iguaçu,30.0,0.5,0.9,0.012,0.006
1689,2024,03/15,10.451287652955015,São Pedro do Iguaçu,30.0,0.5,0.9,0.012,0.006
1690,2015,03/15,13.321979272639345,Toledo,30.0,0.5,0.9,0.012,0.006
1691,2016,03/15,10.4898285264518,Toledo,30.0,0.5,0.9,0.012,0.006
1692,2017,03/15,12.764479368296765,Toledo,30.0,0.5,0.9,0.012,0.006
1693,2018,03/15,12.703612630104162,Toledo,30.0,0.5,0.9,0.012,0.006
1694,2019,03/15,13.403632232577474,Toledo,30.0,0.5,0.9,0.012,0.006
1695,2020,03/15,12.833278979430911,Toledo,30.0,0.5,0.9,0.012,0.006
1696,2021,03/15,13.07436772534479,Toledo,30.0,0.5,0.9,0.012,0.006
1697,2022,03/15,11.652228323090716,Toledo,30.0,0.5,0.9,0.012,0.006
1698,2023,03/15,13.256323025984763,Toledo,30.0,0.5,0.9,0.012,0.006
1699,2024,03/15,13.401227697740286,Toledo,30.0,0.5,0.9,0.012,0.006
1700,2015,03/15,12.742500621563904,Cascavel,30.0,0.5,0.9,0.012,0.007
1701,2016,03/15,9.320864162973086,Cascavel,30.0,0.5,0.9,0.012,0.007
1702,2017,03/15,12.027573307886533,Cascavel,30.0,0.5,0.9,0.012,0.007
1703,2018,03/15,11.655486671948108,Cascavel,30.0,0.5,0.9,0.012,0.007
1704,2019,03/15,12.785525818466466,Cascavel,30.0,0.5,0.9,0.012,0.007
1705,2020,03/15,8.020618597105845,Cascavel,30.0,0.5,0.9,0.012,0.007
1706,2021,03/15,12.139034942946406,Cascavel,30.0,0.5,0.9,0.012,0.007
1707,2022,03/15,10.92772571535407,Cascavel,30.0,0.5,0.9,0.012,0.007
1708,2023,03/15,12.242546849007978,Cascavel,30.0,0.5,0.9,0.012,0.007
1709,2024,03/15,12.69422973113824,Cascavel,30.0,0.5,0.9,0.012,0.007
1710,2015,03/15,13.538907925404944,Foz do Iguaçu,30.0,0.5,0.9,0.012,0.007
1711,2016,03/15,10.959538231781103,Foz do Iguaçu,30.0,0.5,0.9,0.012,0.007
1712,2017,03/15,13.162330372521478,Foz do Iguaçu,30.0,0.5,0.9,0.012,0.007
1713,2018,03/15,12.522982575579501,Foz do Iguaçu,30.0,0.5,0.9,0.012,0.007
1714,2019,03/15,13.519309051132641,Foz do Iguaçu,30.0,0.5,0.9,0.012,0.007
1715,2020,03/15,12.304396029560555,Foz do Iguaçu,30.0,0.5,0.9,0.012,0.007
1716,2021,03/15,13.13471381375426,Foz do Iguaçu,30.0,0.5,0.9,0.012,0.007
1717,2022,03/15,11.94370478350958,Foz do Iguaçu,30.0,0.5,0.9,0.012,0.007
1718,2023,03/15,13.61003013838436,Foz do Iguaçu,30.0,0.5,0.9,0.012,0.007
1719,2024,03/15,12.48688157684243,Foz do Iguaçu,30.0,0.5,0.9,0.012,0.007
1720,2015,03/15,13.867223711152521,Guaíra,30.0,0.5,0.9,0.012,0.007
1721,2016,03/15,11.541253590012621,Guaíra,30.0,0.5,0.9,0.012,0.007
1722,2017,03/15,13.413764031695283,Guaíra,30.0,0.5,0.9,0.012,0.007
1723,2018,03/15,13.237544881838792,Guaíra,30.0,0.5,0.9,0.012,0.007
1724,2019,03/15,13.894053215486462,Guaíra,30.0,0.5,0.9,0.012,0.007
1725,2020,03/15,13.46199437113559,Guaíra,30.0,0.5,0.9,0.012,0.007
1726,2021,03/15,13.392460574946245,Guaíra,30.0,0.5,0.9,0.012,0.007
1727,2022,03/15,12.515454137804202,Guaíra,30.0,0.5,0.9,0.012,0.007
1728,2023,03/15,13.66414263797582,Guaíra,30.0,0.5,0.9,0.012,0.007
1729,2024,03/15,13.857079177988206,Guaíra,30.0,0.5,0.9,0.012,0.007
1730,2015,03/15,13.885532623815726,Marechal Cândido Rondon,30.0,0.5,0.9,0.012,0.007
1731,2016,03/15,11.65132383486235,Marechal Cândido Rondon,30.0,0.5,0.9,0.012,0.007
1732,2017,03/15,13.519662207285172,Marechal Cândido Rondon,30.0,0.5,0.9,0.012,0.007
1733,2018,03/15,13.317995125821945,Marechal Cândido Rondon,30.0,0.5,0.9,0.012,0.007
1734,2019,03/15,13.9193135161022,Marechal Cândido Rondon,30.0,0.5,0.9,0.012,0.007
1735,2020,03/15,13.333823925750012,Marechal Cândido Rondon,30.0,0.5,0.9,0.012,0.007
1736,2021,03/15,13.625523060926826,Marechal Cândido Rondon,30.0,0.5,0.9,0.012,0.007
1737,2022,03/15,12.550893288458177,Marechal Cândido Rondon,30.0,0.5,0.9,0.012,0.007
1738,2023,03/15,13.801540722456153,Marechal Cândido Rondon,30.0,0.5,0.9,0.012,0.007
1739,2024,03/15,13.567507378408024,Marechal Cândido Rondon,30.0,0.5,0.9,0.012,0.007
1740,2015,03/15,13.080600908221863,Matelândia,30.0,0.5,0.9,0.012,0.007
1741,2016,03/15,10.1065781619023,Matelândia,30.0,0.5,0.9,0.012,0.007
1742,2017,03/15,12.693477819035442,Matelândia,30.0,0.5,0.9,0.012,0.007
1743,2018,03/15,11.982143333092825,Matelândia,30.0,0.5,0.9,0.012,0.007
1744,2019,03/15,13.152098953761358,Matelândia,30.0,0.5,0.9,0.012,0.007
1745,2020,03/15,11.89883050152174,Matelândia,30.0,0.5,0.9,0.012,0.007
1746,2021,03/15,12.813417748165906,Matelândia,30.0,0.5,0.9,0.012,0.007
1747,2022,03/15,11.429462723156234,Matelândia,30.0,0.5,0.9,0.012,0.007
1748,2023,03/15,13.098284262363569,Matelândia,30.0,0.5,0.9,0.012,0.007
1749,2024,03/15,12.487913520668858,Matelândia,30.0,0.5,0.9,0.012,0.007
1750,2015,03/15,13.538708809047403,Medianeira,30.0,0.5,0.9,0.012,0.007
1751,2016,03/15,10.959294195334378,Medianeira,30.0,0.5,0.9,0.012,0.007
1752,2017,03/15,13.161937586778809,Medianeira,30.0,0.5,0.9,0.012,0.007
1753,2018,03/15,12.522842844685155,Medianeira,30.0,0.5,0.9,0.012,0.007
1754,2019,03/15,13.518819567350066,Medianeira,30.0,0.5,0.9,0.012,0.007
1755,2020,03/15,12.303870234633221,Medianeira,30.0,0.5,0.9,0.012,0.007
1756,2021,03/15,13.134251802685274,Medianeira,30.0,0.5,0.9,0.012,0.007
1757,2022,03/15,11.94370478350958,Medianeira,30.0,0.5,0.9,0.012,0.007
1758,2023,03/15,13.609429052399658,Medianeira,30.0,0.5,0.9,0.012,0.007
1759,2024,03/15,12.48657355188518,Medianeira,30.0,0.5,0.9,0.012,0.007
1760,2015,03/15,13.841300295920401,Santa Helena,30.0,0.5,0.9,0.012,0.007
1761,2016,03/15,11.654086110229494,Santa Helena,30.0,0.5,0.9,0.012,0.007
1762,2017,03/15,13.518701543412758,Santa Helena,30.0,0.5,0.9,0.012,0.007
1763,2018,03/15,13.09751859618971,Santa Helena,30.0,0.5,0.9,0.012,0.007
1764,2019,03/15,13.799724864221437,Santa Helena,30.0,0.5,0.9,0.012,0.007
1765,2020,03/15,13.039119141918487,Santa Helena,30.0,0.5,0.9,0.012,0.007
1766,2021,03/15,13.496816145766095,Santa Helena,30.0,0.5,0.9,0.012,0.007
1767,2022,03/15,12.545762008334808,Santa Helena,30.0,0.5,0.9,0.012,0.007
1768,2023,03/15,13.858130785091614,Santa Helena,30.0,0.5,0.9,0.012,0.007
1769,2024,03/15,13.104925139361498,Santa Helena,30.0,0.5,0.9,0.012,0.007
1770,2015,03/15,13.538866761562844,São Miguel do Iguaçu,30.0,0.5,0.9,0.012,0.007
1771,2016,03/15,10.959484217322265,São Miguel do Iguaçu,30.0,0.5,0.9,0.012,0.007
1772,2017,03/15,13.162267105838705,São Miguel do Iguaçu,30.0,0.5,0.9,0.012,0.007
1773,2018,03/15,12.522958348520177,São Miguel do Iguaçu,30.0,0.5,0.9,0.012,0.007
1774,2019,03/15,13.51922980469816,São Miguel do Iguaçu,30.0,0.5,0.9,0.012,0.007
1775,2020,03/15,12.304292734167245,São Miguel do Iguaçu,30.0,0.5,0.9,0.012,0.007
1776,2021,03/15,13.134625650808374,São Miguel do Iguaçu,30.0,0.5,0.9,0.012,0.007
1777,2022,03/15,11.94370478350958,São Miguel do Iguaçu,30.0,0.5,0.9,0.012,0.007
1778,2023,03/15,13.609931732010098,São Miguel do Iguaçu,30.0,0.5,0.9,0.012,0.007
1779,2024,03/15,12.48681559300195,São Miguel do Iguaçu,30.0,0.5,0.9,0.012,0.007
1780,2015,03/15,12.777756783057635,São Pedro do Iguaçu,30.0,0.5,0.9,0.012,0.007
1781,2016,03/15,9.722353794965873,São Pedro do Iguaçu,30.0,0.5,0.9,0.012,0.007
1782,2017,03/15,12.317186723721125,São Pedro do Iguaçu,30.0,0.5,0.9,0.012,0.007
1783,2018,03/15,11.939801804415188,São Pedro do Iguaçu,30.0,0.5,0.9,0.012,0.007
1784,2019,03/15,12.954459210003122,São Pedro do Iguaçu,30.0,0.5,0.9,0.012,0.007
1785,2020,03/15,9.650740846271644,São Pedro do Iguaçu,30.0,0.5,0.9,0.012,0.007
1786,2021,03/15,12.581954460068939,São Pedro do Iguaçu,30.0,0.5,0.9,0.012,0.007
1787,2022,03/15,11.046226883260356,São Pedro do Iguaçu,30.0,0.5,0.9,0.012,0.007
1788,2023,03/15,12.81812638312952,São Pedro do Iguaçu,30.0,0.5,0.9,0.012,0.007
1789,2024,03/15,10.451287652955015,São Pedro do Iguaçu,30.0,0.5,0.9,0.012,0.007
1790,2015,03/15,13.321979272639345,Toledo,30.0,0.5,0.9,0.012,0.007
1791,2016,03/15,10.4898285264518,Toledo,30.0,0.5,0.9,0.012,0.007
1792,2017,03/15,12.764479368296765,Toledo,30.0,0.5,0.9,0.012,0.007
1793,2018,03/15,12.703612630104162,Toledo,30.0,0.5,0.9,0.012,0.007
1794,2019,03/15,13.403632232577474,Toledo,30.0,0.5,0.9,0.012,0.007
1795,2020,03/15,12.833278979430911,Toledo,30.0,0.5,0.9,0.012,0.007
1796,2021,03/15,13.07436772534479,Toledo,30.0,0.5,0.9,0.012,0.007
1797,2022,03/15,11.652228323090716,Toledo,30.0,0.5,0.9,0.012,0.007
1798,2023,03/15,13.256323025984763,Toledo,30.0,0.5,0.9,0.012,0.007
1799,2024,03/15,13.401227697740286,Toledo,30.0,0.5,0.9,0.012,0.007
1800,2015,03/15,12.742500621563904,Cascavel,30.0,0.5,0.9,0.013,0.006
1801,2016,03/15,9.320864162973086,Cascavel,30.0,0.5,0.9,0.013,0.006
1802,2017,03/15,12.027573307886533,Cascavel,30.0,0.5,0.9,0.013,0.006
1803,2018,03/15,11.655486671948108,Cascavel,30.0,0.5,0.9,0.013,0.006
1804,2019,03/15,12.785525818466466,Cascavel,30.0,0.5,0.9,0.013,0.006
1805,2020,03/15,8.020618597105845,Cascavel,30.0,0.5,0.9,0.013,0.006
1806,2021,03/15,12.139034942946406,Cascavel,30.0,0.5,0.9,0.013,0.006
1807,2022,03/15,10.92772571535407,Cascavel,30.0,0.5,0.9,0.013,0.006
1808,2023,03/15,12.242546849007978,Cascavel,30.0,0.5,0.9,0.013,0.006
1809,2024,03/15,12.69422973113824,Cascavel,30.0,0.5,0.9,0.013,0.006
1810,2015,03/15,13.538907925404944,Foz do Iguaçu,30.0,0.5,0.9,0.013,0.006
1811,2016,03/15,10.959538231781103,Foz do Iguaçu,30.0,0.5,0.9,0.013,0.006
1812,2017,03/15,13.162330372521478,Foz do Iguaçu,30.0,0.5,0.9,0.013,0.006
1813,2018,03/15,12.522982575579501,Foz do Iguaçu,30.0,0.5,0.9,0.013,0.006
1814,2019,03/15,13.519309051132641,Foz do Iguaçu,30.0,0.5,0.9,0.013,0.006
1815,2020,03/15,12.304396029560555,Foz do Iguaçu,30.0,0.5,0.9,0.013,0.006
1816,2021,03/15,13.13471381375426,Foz do Iguaçu,30.0,0.5,0.9,0.013,0.006
1817,2022,03/15,11.94370478350958,Foz do Iguaçu,30.0,0.5,0.9,0.013,0.006
1818,2023,03/15,13.61003013838436,Foz do Iguaçu,30.0,0.5,0.9,0.013,0.006
1819,2024,03/15,12.48688157684243,Foz do Iguaçu,30.0,0.5,0.9,0.013,0.006
1820,2015,03/15,13.867223711152521,Guaíra,30.0,0.5,0.9,0.013,0.006
1821,2016,03/15,11.541253590012621,Guaíra,30.0,0.5,0.9,0.013,0.006
1822,2017,03/15,13.413764031695283,Guaíra,30.0,0.5,0.9,0.013,0.006
1823,2018,03/15,13.237544881838792,Guaíra,30.0,0.5,0.9,0.013,0.006
1824,2019,03/15,13.894053215486462,Guaíra,30.0,0.5,0.9,0.013,0.006
1825,2020,03/15,13.46199437113559,Guaíra,30.0,0.5,0.9,0.013,0.006
1826,2021,03/15,13.392460574946245,Guaíra,30.0,0.5,0.9,0.013,0.006
1827,2022,03/15,12.515454137804202,Guaíra,30.0,0.5,0.9,0.013,0.006
1828,2023,03/15,13.66414263797582,Guaíra,30.0,0.5,0.9,0.013,0.006
1829,2024,03/15,13.857079177988206,Guaíra,30.0,0.5,0.9,0.013,0.006
1830,2015,03/15,13.885532623815726,Marechal Cândido Rondon,30.0,0.5,0.9,0.013,0.006
1831,2016,03/15,11.65132383486235,Marechal Cândido Rondon,30.0,0.5,0.9,0.013,0.006
1832,2017,03/15,13.519662207285172,Marechal Cândido Rondon,30.0,0.5,0.9,0.013,0.006
1833,2018,03/15,13.317995125821945,Marechal Cândido Rondon,30.0,0.5,0.9,0.013,0.006
1834,2019,03/15,13.9193135161022,Marechal Cândido Rondon,30.0,0.5,0.9,0.013,0.006
1835,2020,03/15,13.333823925750012,Marechal Cândido Rondon,30.0,0.5,0.9,0.013,0.006
1836,2021,03/15,13.625523060926826,Marechal Cândido Rondon,30.0,0.5,0.9,0.013,0.006
1837,2022,03/15,12.550893288458177,Marechal Cândido Rondon,30.0,0.5,0.9,0.013,0.006
1838,2023,03/15,13.801540722456153,Marechal Cândido Rondon,30.0,0.5,0.9,0.013,0.006
1839,2024,03/15,13.567507378408024,Marechal Cândido Rondon,30.0,0.5,0.9,0.013,0.006
1840,2015,03/15,13.080600908221863,Matelândia,30.0,0.5,0.9,0.013,0.006
1841,2016,03/15,10.1065781619023,Matelândia,30.0,0.5,0.9,0.013,0.006
1842,2017,03/15,12.693477819035442,Matelândia,30.0,0.5,0.9,0.013,0.006
1843,2018,03/15,11.982143333092825,Matelândia,30.0,0.5,0.9,0.013,0.006
1844,2019,03/15,13.152098953761358,Matelândia,30.0,0.5,0.9,0.013,0.006
1845,2020,03/15,11.89883050152174,Matelândia,30.0,0.5,0.9,0.013,0.006
1846,2021,03/15,12.813417748165906,Matelândia,30.0,0.5,0.9,0.013,0.006
1847,2022,03/15,11.429462723156234,Matelândia,30.0,0.5,0.9,0.013,0.006
1848,2023,03/15,13.098284262363569,Matelândia,30.0,0.5,0.9,0.013,0.006
1849,2024,03/15,12.487913520668858,Matelândia,30.0,0.5,0.9,0.013,0.006
1850,2015,03/15,13.538708809047403,Medianeira,30.0,0.5,0.9,0.013,0.006
1851,2016,03/15,10.959294195334378,Medianeira,30.0,0.5,0.9,0.013,0.006
1852,2017,03/15,13.161937586778809,Medianeira,30.0,0.5,0.9,0.013,0.006
1853,2018,03/15,12.522842844685155,Medianeira,30.0,0.5,0.9,0.013,0.006
1854,2019,03/15,13.518819567350066,Medianeira,30.0,0.5,0.9,0.013,0.006
1855,2020,03/15,12.303870234633221,Medianeira,30.0,0.5,0.9,0.013,0.006
1856,2021,03/15,13.134251802685274,Medianeira,30.0,0.5,0.9,0.013,0.006
1857,2022,03/15,11.94370478350958,Medianeira,30.0,0.5,0.9,0.013,0.006
1858,2023,03/15,13.609429052399658,Medianeira,30.0,0.5,0.9,0.013,0.006
1859,2024,03/15,12.48657355188518,Medianeira,30.0,0.5,0.9,0.013,0.006
1860,2015,03/15,13.841300295920401,Santa Helena,30.0,0.5,0.9,0.013,0.006
1861,2016,03/15,11.654086110229494,Santa Helena,30.0,0.5,0.9,0.013,0.006
1862,2017,03/15,13.518701543412758,Santa Helena,30.0,0.5,0.9,0.013,0.006
1863,2018,03/15,13.09751859618971,Santa Helena,30.0,0.5,0.9,0.013,0.006
1864,2019,03/15,13.799724864221437,Santa Helena,30.0,0.5,0.9,0.013,0.006
1865,2020,03/15,13.039119141918487,Santa Helena,30.0,0.5,0.9,0.013,0.006
1866,2021,03/15,13.496816145766095,Santa Helena,30.0,0.5,0.9,0.013,0.006
1867,2022,03/15,12.545762008334808,Santa Helena,30.0,0.5,0.9,0.013,0.006
1868,2023,03/15,13.858130785091614,Santa Helena,30.0,0.5,0.9,0.013,0.006
1869,2024,03/15,13.104925139361498,Santa Helena,30.0,0.5,0.9,0.013,0.006
1870,2015,03/15,13.538866761562844,São Miguel do Iguaçu,30.0,0.5,0.9,0.013,0.006
1871,2016,03/15,10.959484217322265,São Miguel do Iguaçu,30.0,0.5,0.9,0.013,0.006
1872,2017,03/15,13.162267105838705,São Miguel do Iguaçu,30.0,0.5,0.9,0.013,0.006
1873,2018,03/15,12.522958348520177,São Miguel do Iguaçu,30.0,0.5,0.9,0.013,0.006
1874,2019,03/15,13.51922980469816,São Miguel do Iguaçu,30.0,0.5,0.9,0.013,0.006
1875,2020,03/15,12.304292734167245,São Miguel do Iguaçu,30.0,0.5,0.9,0.013,0.006
1876,2021,03/15,13.134625650808374,São Miguel do Iguaçu,30.0,0.5,0.9,0.013,0.006
1877,2022,03/15,11.94370478350958,São Miguel do Iguaçu,30.0,0.5,0.9,0.013,0.006
1878,2023,03/15,13.609931732010098,São Miguel do Iguaçu,30.0,0.5,0.9,0.013,0.006
1879,2024,03/15,12.48681559300195,São Miguel do Iguaçu,30.0,0.5,0.9,0.013,0.006
1880,2015,03/15,12.777756783057635,São Pedro do Iguaçu,30.0,0.5,0.9,0.013,0.006
1881,2016,03/15,9.722353794965873,São Pedro do Iguaçu,30.0,0.5,0.9,0.013,0.006
1882,2017,03/15,12.317186723721125,São Pedro do Iguaçu,30.0,0.5,0.9,0.013,0.006
1883,2018,03/15,11.939801804415188,São Pedro do Iguaçu,30.0,0.5,0.9,0.013,0.006
1884,2019,03/15,12.954459210003122,São Pedro do Iguaçu,30.0,0.5,0.9,0.013,0.006
1885,2020,03/15,9.650740846271644,São Pedro do Iguaçu,30.0,0.5,0.9,0.013,0.006
1886,2021,03/15,12.581954460068939,São Pedro do Iguaçu,30.0,0.5,0.9,0.013,0.006
1887,2022,03/15,11.046226883260356,São Pedro do Iguaçu,30.0,0.5,0.9,0.013,0.006
1888,2023,03/15,12.81812638312952,São Pedro do Iguaçu,30.0,0.5,0.9,0.013,0.006
1889,2024,03/15,10.451287652955015,São Pedro do Iguaçu,30.0,0.5,0.9,0.013,0.006
1890,2015,03/15,13.321979272639345,Toledo,30.0,0.5,0.9,0.013,0.006
1891,2016,03/15,10.4898285264518,Toledo,30.0,0.5,0.9,0.013,0.006
1892,2017,03/15,12.764479368296765,Toledo,30.0,0.5,0.9,0.013,0.006
1893,2018,03/15,12.703612630104162,Toledo,30.0,0.5,0.9,0.013,0.006
1894,2019,03/15,13.403632232577474,Toledo,30.0,0.5,0.9,0.013,0.006
1895,2020,03/15,12.833278979430911,Toledo,30.0,0.5,0.9,0.013,0.006
1896,2021,03/15,13.07436772534479,Toledo,30.0,0.5,0.9,0.013,0.006
1897,2022,03/15,11.652228323090716,Toledo,30.0,0.5,0.9,0.013,0.006
1898,2023,03/15,13.256323025984763,Toledo,30.0,0.5,0.9,0.013,0.006
1899,2024,03/15,13.401227697740286,Toledo,30.0,0.5,0.9,0.013,0.006
1900,2015,03/15,12.742500621563904,Cascavel,30.0,0.5,0.9,0.013,0.007
1901,2016,03/15,9.320864162973086,Cascavel,30.0,0.5,0.9,0.013,0.007
1902,2017,03/15,12.027573307886533,Cascavel,30.0,0.5,0.9,0.013,0.007
1903,2018,03/15,11.655486671948108,Cascavel,30.0,0.5,0.9,0.013,0.007
1904,2019,03/15,12.785525818466466,Cascavel,30.0,0.5,0.9,0.013,0.007
1905,2020,03/15,8.020618597105845,Cascavel,30.0,0.5,0.9,0.013,0.007
1906,2021,03/15,12.139034942946406,Cascavel,30.0,0.5,0.9,0.013,0.007
1907,2022,03/15,10.92772571535407,Cascavel,30.0,0.5,0.9,0.013,0.007
1908,2023,03/15,12.242546849007978,Cascavel,30.0,0.5,0.9,0.013,0.007
1909,2024,03/15,12.69422973113824,Cascavel,30.0,0.5,0.9,0.013,0.007
1910,2015,03/15,13.538907925404944,Foz do Iguaçu,30.0,0.5,0.9,0.013,0.007
1911,2016,03/15,10.959538231781103,Foz do Iguaçu,30.0,0.5,0.9,0.013,0.007
1912,2017,03/15,13.162330372521478,Foz do Iguaçu,30.0,0.5,0.9,0.013,0.007
1913,2018,03/15,12.522982575579501,Foz do Iguaçu,30.0,0.5,0.9,0.013,0.007
1914,2019,03/15,13.519309051132641,Foz do Iguaçu,30.0,0.5,0.9,0.013,0.007
1915,2020,03/15,12.304396029560555,Foz do Iguaçu,30.0,0.5,0.9,0.013,0.007
1916,2021,03/15,13.13471381375426,Foz do Iguaçu,30.0,0.5,0.9,0.013,0.007
1917,2022,03/15,11.94370478350958,Foz do Iguaçu,30.0,0.5,0.9,0.013,0.007
1918,2023,03/15,13.61003013838436,Foz do Iguaçu,30.0,0.5,0.9,0.013,0.007
1919,2024,03/15,12.48688157684243,Foz do Iguaçu,30.0,0.5,0.9,0.013,0.007
1920,2015,03/15,13.867223711152521,Guaíra,30.0,0.5,0.9,0.013,0.007
1921,2016,03/15,11.541253590012621,Guaíra,30.0,0.5,0.9,0.013,0.007
1922,2017,03/15,13.413764031695283,Guaíra,30.0,0.5,0.9,0.013,0.007
1923,2018,03/15,13.237544881838792,Guaíra,30.0,0.5,0.9,0.013,0.007
1924,2019,03/15,13.894053215486462,Guaíra,30.0,0.5,0.9,0.013,0.007
1925,2020,03/15,13.46199437113559,Guaíra,30.0,0.5,0.9,0.013,0.007
1926,2021,03/15,13.392460574946245,Guaíra,30.0,0.5,0.9,0.013,0.007
1927,2022,03/15,12.515454137804202,Guaíra,30.0,0.5,0.9,0.013,0.007
1928,2023,03/15,13.66414263797582,Guaíra,30.0,0.5,0.9,0.013,0.007
1929,2024,03/15,13.857079177988206,Guaíra,30.0,0.5,0.9,0.013,0.007
1930,2015,03/15,13.885532623815726,Marechal Cândido Rondon,30.0,0.5,0.9,0.013,0.007
1931,2016,03/15,11.65132383486235,Marechal Cândido Rondon,30.0,0.5,0.9,0.013,0.007
1932,2017,03/15,13.519662207285172,Marechal Cândido Rondon,30.0,0.5,0.9,0.013,0.007
1933,2018,03/15,13.317995125821945,Marechal Cândido Rondon,30.0,0.5,0.9,0.013,0.007
1934,2019,03/15,13.9193135161022,Marechal Cândido Rondon,30.0,0.5,0.9,0.013,0.007
1935,2020,03/15,13.333823925750012,Marechal Cândido Rondon,30.0,0.5,0.9,0.013,0.007
1936,2021,03/15,13.625523060926826,Marechal Cândido Rondon,30.0,0.5,0.9,0.013,0.007
1937,2022,03/15,12.550893288458177,Marechal Cândido Rondon,30.0,0.5,0.9,0.013,0.007
1938,2023,03/15,13.801540722456153,Marechal Cândido Rondon,30.0,0.5,0.9,0.013,0.007
1939,2024,03/15,13.567507378408024,Marechal Cândido Rondon,30.0,0.5,0.9,0.013,0.007
1940,2015,03/15,13.080600908221863,Matelândia,30.0,0.5,0.9,0.013,0.007
1941,2016,03/15,10.1065781619023,Matelândia,30.0,0.5,0.9,0.013,0.007
1942,2017,03/15,12.693477819035442,Matelândia,30.0,0.5,0.9,0.013,0.007
1943,2018,03/15,11.982143333092825,Matelândia,30.0,0.5,0.9,0.013,0.007
1944,2019,03/15,13.152098953761358,Matelândia,30.0,0.5,0.9,0.013,0.007
1945,2020,03/15,11.89883050152174,Matelândia,30.0,0.5,0.9,0.013,0.007
1946,2021,03/15,12.813417748165906,Matelândia,30.0,0.5,0.9,0.013,0.007
1947,2022,03/15,11.429462723156234,Matelândia,30.0,0.5,0.9,0.013,0.007
1948,2023,03/15,13.098284262363569,Matelândia,30.0,0.5,0.9,0.013,0.007
1949,2024,03/15,12.487913520668858,Matelândia,30.0,0.5,0.9,0.013,0.007
1950,2015,03/15,13.538708809047403,Medianeira,30.0,0.5,0.9,0.013,0.007
1951,2016,03/15,10.959294195334378,Medianeira,30.0,0.5,0.9,0.013,0.007
1952,2017,03/15,13.161937586778809,Medianeira,30.0,0.5,0.9,0.013,0.007
1953,2018,03/15,12.522842844685155,Medianeira,30.0,0.5,0.9,0.013,0.007
1954,2019,03/15,13.518819567350066,Medianeira,30.0,0.5,0.9,0.013,0.007
1955,2020,03/15,12.303870234633221,Medianeira,30.0,0.5,0.9,0.013,0.007
1956,2021,03/15,13.134251802685274,Medianeira,30.0,0.5,0.9,0.013,0.007
1957,2022,03/15,11.94370478350958,Medianeira,30.0,0.5,0.9,0.013,0.007
1958,2023,03/15,13.609429052399658,Medianeira,30.0,0.5,0.9,0.013,0.007
1959,2024,03/15,12.48657355188518,Medianeira,30.0,0.5,0.9,0.013,0.007
1960,2015,03/15,13.841300295920401,Santa Helena,30.0,0.5,0.9,0.013,0.007
1961,2016,03/15,11.654086110229494,Santa Helena,30.0,0.5,0.9,0.013,0.007
1962,2017,03/15,13.518701543412758,Santa Helena,30.0,0.5,0.9,0.013,0.007
1963,2018,03/15,13.09751859618971,Santa Helena,30.0,0.5,0.9,0.013,0.007
1964,2019,03/15,13.799724864221437,Santa Helena,30.0,0.5,0.9,0.013,0.007
1965,2020,03/15,13.039119141918487,Santa Helena,30.0,0.5,0.9,0.013,0.007
1966,2021,03/15,13.496816145766095,Santa Helena,30.0,0.5,0.9,0.013,0.007
1967,2022,03/15,12.545762008334808,Santa Helena,30.0,0.5,0.9,0.013,0.007
1968,2023,03/15,13.858130785091614,Santa Helena,30.0,0.5,0.9,0.013,0.007
1969,2024,03/15,13.104925139361498,Santa Helena,30.0,0.5,0.9,0.013,0.007
1970,2015,03/15,13.538866761562844,São Miguel do Iguaçu,30.0,0.5,0.9,0.013,0.007
1971,2016,03/15,10.959484217322265,São Miguel do Iguaçu,30.0,0.5,0.9,0.013,0.007
1972,2017,03/15,13.162267105838705,São Miguel do Iguaçu,30.0,0.5,0.9,0.013,0.007
1973,2018,03/15,12.522958348520177,São Miguel do Iguaçu,30.0,0.5,0.9,0.013,0.007
1974,2019,03/15,13.51922980469816,São Miguel do Iguaçu,30.0,0.5,0.9,0.013,0.007
1975,2020,03/15,12.304292734167245,São Miguel do Iguaçu,30.0,0.5,0.9,0.013,0.007
1976,2021,03/15,13.134625650808374,São Miguel do Iguaçu,30.0,0.5,0.9,0.013,0.007
1977,2022,03/15,11.94370478350958,São Miguel do Iguaçu,30.0,0.5,0.9,0.013,0.007
1978,2023,03/15,13.609931732010098,São Miguel do Iguaçu,30.0,0.5,0.9,0.013,0.007
1979,2024,03/15,12.48681559300195,São Miguel do Iguaçu,30.0,0.5,0.9,0.013,0.007
1980,2015,03/15,12.777756783057635,São Pedro do Iguaçu,30.0,0.5,0.9,0.013,0.007
1981,2016,03/15,9.722353794965873,São Pedro do Iguaçu,30.0,0.5,0.9,0.013,0.007
1982,2017,03/15,12.317186723721125,São Pedro do Iguaçu,30.0,0.5,0.9,0.013,0.007
1983,2018,03/15,11.939801804415188,São Pedro do Iguaçu,30.0,0.5,0.9,0.013,0.007
1984,2019,03/15,12.954459210003122,São Pedro do Iguaçu,30.0,0.5,0.9,0.013,0.007
1985,2020,03/15,9.650740846271644,São Pedro do Iguaçu,30.0,0.5,0.9,0.013,0.007
1986,2021,03/15,12.581954460068939,São Pedro do Iguaçu,30.0,0.5,0.9,0.013,0.007
1987,2022,03/15,11.046226883260356,São Pedro do Iguaçu,30.0,0.5,0.9,0.013,0.007
1988,2023,03/15,12.81812638312952,São Pedro do Iguaçu,30.0,0.5,0.9,0.013,0.007
1989,2024,03/15,10.451287652955015,São Pedro do Iguaçu,30.0,0.5,0.9,0.013,0.007
1990,2015,03/15,13.321979272639345,Toledo,30.0,0.5,0.9,0.013,0.007
1991,2016,03/15,10.4898285264518,Toledo,30.0,0.5,0.9,0.013,0.007
1992,2017,03/15,12.764479368296765,Toledo,30.0,0.5,0.9,0.013,0.007
1993,2018,03/15,12.703612630104162,Toledo,30.0,0.5,0.9,0.013,0.007
1994,2019,03/15,13.403632232577474,Toledo,30.0,0.5,0.9,0.013,0.007
1995,2020,03/15,12.833278979430911,Toledo,30.0,0.5,0.9,0.013,0.007
1996,2021,03/15,13.07436772534479,Toledo,30.0,0.5,0.9,0.013,0.007
1997,2022,03/15,11.652228323090716,Toledo,30.0,0.5,0.9,0.013,0.007
1998,2023,03/15,13.256323025984763,Toledo,30.0,0.5,0.9,0.013,0.007
1999,2024,03/15,13.401227697740286,Toledo,30.0,0.5,0.9,0.013,0.007
2000,2015,03/15,13.13774218959762,Cascavel,30.0,0.5,0.95,0.012,0.006
2001,2016,03/15,9.595386640302722,Cascavel,30.0,0.5,0.95,0.012,0.006
2002,2017,03/15,12.391773314460535,Cascavel,30.0,0.5,0.95,0.012,0.006
2003,2018,03/15,12.012768252462152,Cascavel,30.0,0.5,0.95,0.012,0.006
2004,2019,03/15,13.18019567406147,Cascavel,30.0,0.5,0.95,0.012,0.006
2005,2020,03/15,8.274331403034841,Cascavel,30.0,0.5,0.95,0.012,0.006
2006,2021,03/15,12.508903555531967,Cascavel,30.0,0.5,0.95,0.012,0.006
2007,2022,03/15,11.26652327623137,Cascavel,30.0,0.5,0.95,0.012,0.006
2008,2023,03/15,12.623170554331738,Cascavel,30.0,0.5,0.95,0.012,0.006
2009,2024,03/15,13.088068180849488,Cascavel,30.0,0.5,0.95,0.012,0.006
2010,2015,03/15,13.96172053068232,Foz do Iguaçu,30.0,0.5,0.95,0.012,0.006
2011,2016,03/15,11.288749252243843,Foz do Iguaçu,30.0,0.5,0.95,0.012,0.006
2012,2017,03/15,13.565420843774604,Foz do Iguaçu,30.0,0.5,0.95,0.012,0.006
2013,2018,03/15,12.912382384358033,Foz do Iguaçu,30.0,0.5,0.95,0.012,0.006
2014,2019,03/15,13.94281474735396,Foz do Iguaçu,30.0,0.5,0.95,0.012,0.006
2015,2020,03/15,12.692169399302248,Foz do Iguaçu,30.0,0.5,0.95,0.012,0.006
2016,2021,03/15,13.53881734777235,Foz do Iguaçu,30.0,0.5,0.95,0.012,0.006
2017,2022,03/15,12.314025988021442,Foz do Iguaçu,30.0,0.5,0.95,0.012,0.006
2018,2023,03/15,14.033999552344197,Foz do Iguaçu,30.0,0.5,0.95,0.012,0.006
2019,2024,03/15,12.873416376440282,Foz do Iguaçu,30.0,0.5,0.95,0.012,0.006
2020,2015,03/15,14.302960487771522,Guaíra,30.0,0.5,0.95,0.012,0.006
2021,2016,03/15,11.894097445877772,Guaíra,30.0,0.5,0.95,0.012,0.006
2022,2017,03/15,13.825617011431591,Guaíra,30.0,0.5,0.95,0.012,0.006
2023,2018,03/15,13.650291513091789,Guaíra,30.0,0.5,0.95,0.012,0.006
2024,2019,03/15,14.329599220889104,Guaíra,30.0,0.5,0.95,0.012,0.006
2025,2020,03/15,13.887626537658432,Guaíra,30.0,0.5,0.95,0.012,0.006
2026,2021,03/15,13.80769381449576,Guaíra,30.0,0.5,0.95,0.012,0.006
2027,2022,03/15,12.90601248832857,Guaíra,30.0,0.5,0.95,0.012,0.006
2028,2023,03/15,14.092490534897188,Guaíra,30.0,0.5,0.95,0.012,0.006
2029,2024,03/15,14.290101711984434,Guaíra,30.0,0.5,0.95,0.012,0.006
2030,2015,03/15,14.321512420941236,Marechal Cândido Rondon,30.0,0.5,0.95,0.012,0.006
2031,2016,03/15,12.007299887003553,Marechal Cândido Rondon,30.0,0.5,0.95,0.012,0.006
2032,2017,03/15,13.935259129504805,Marechal Cândido Rondon,30.0,0.5,0.95,0.012,0.006
2033,2018,03/15,13.733429419451083,Marechal Cândido Rondon,30.0,0.5,0.95,0.012,0.006
2034,2019,03/15,14.355464983424607,Marechal Cândido Rondon,30.0,0.5,0.95,0.012,0.006
2035,2020,03/15,13.75458830513725,Marechal Cândido Rondon,30.0,0.5,0.95,0.012,0.006
2036,2021,03/15,14.04840756368936,Marechal Cândido Rondon,30.0,0.5,0.95,0.012,0.006
2037,2022,03/15,12.94282233795334,Marechal Cândido Rondon,30.0,0.5,0.95,0.012,0.006
2038,2023,03/15,14.23457872809913,Marechal Cândido Rondon,30.0,0.5,0.95,0.012,0.006
2039,2024,03/15,13.989980636369369,Marechal Cândido Rondon,30.0,0.5,0.95,0.012,0.006
2040,2015,03/15,13.487471495926922,Matelândia,30.0,0.5,0.95,0.012,0.006
2041,2016,03/15,10.40708532567297,Matelândia,30.0,0.5,0.95,0.012,0.006
2042,2017,03/15,13.08090693346615,Matelândia,30.0,0.5,0.95,0.012,0.006
2043,2018,03/15,12.352511054933341,Matelândia,30.0,0.5,0.95,0.012,0.006
2044,2019,03/15,13.561614657931509,Matelândia,30.0,0.5,0.95,0.012,0.006
2045,2020,03/15,12.274184974232725,Matelândia,30.0,0.5,0.95,0.012,0.006
2046,2021,03/15,13.206910895789191,Matelândia,30.0,0.5,0.95,0.012,0.006
2047,2022,03/15,11.783729104657985,Matelândia,30.0,0.5,0.95,0.012,0.006
2048,2023,03/15,13.506824666054419,Matelândia,30.0,0.5,0.95,0.012,0.006
2049,2024,03/15,12.874710667054853,Matelândia,30.0,0.5,0.95,0.012,0.006
2050,2015,03/15,13.961515028639507,Medianeira,30.0,0.5,0.95,0.012,0.006
2051,2016,03/15,11.28848985852752,Medianeira,30.0,0.5,0.95,0.012,0.006
2052,2017,03/15,13.565014683882548,Medianeira,30.0,0.5,0.95,0.012,0.006
2053,2018,03/15,12.91222488253075,Medianeira,30.0,0.5,0.95,0.012,0.006
2054,2019,03/15,13.942308846298578,Medianeira,30.0,0.5,0.95,0.012,0.006
2055,2020,03/15,12.691612012586841,Medianeira,30.0,0.5,0.95,0.012,0.006
2056,2021,03/15,13.536992861472497,Medianeira,30.0,0.5,0.95,0.012,0.006
2057,2022,03/15,12.314025988021442,Medianeira,30.0,0.5,0.95,0.012,0.006
2058,2023,03/15,14.033378353857323,Medianeira,30.0,0.5,0.95,0.012,0.006
2059,2024,03/15,12.873097793672565,Medianeira,30.0,0.5,0.95,0.012,0.006
2060,2015,03/15,14.27575691984112,Santa Helena,30.0,0.5,0.95,0.012,0.006
2061,2016,03/15,12.00828253581544,Santa Helena,30.0,0.5,0.95,0.012,0.006
2062,2017,03/15,13.933782949288267,Santa Helena,30.0,0.5,0.95,0.012,0.006
2063,2018,03/15,13.503851872350007,Santa Helena,30.0,0.5,0.95,0.012,0.006
2064,2019,03/15,14.232035524750316,Santa Helena,30.0,0.5,0.95,0.012,0.006
2065,2020,03/15,13.449701866601742,Santa Helena,30.0,0.5,0.95,0.012,0.006
2066,2021,03/15,13.915857512521802,Santa Helena,30.0,0.5,0.95,0.012,0.006
2067,2022,03/15,12.936528677961256,Santa Helena,30.0,0.5,0.95,0.012,0.006
2068,2023,03/15,14.292406200946374,Santa Helena,30.0,0.5,0.95,0.012,0.006
2069,2024,03/15,13.511573452247049,Santa Helena,30.0,0.5,0.95,0.012,0.006
2070,2015,03/15,13.961678045191238,São Miguel do Iguaçu,30.0,0.5,0.95,0.012,0.006
2071,2016,03/15,11.28869308191357,São Miguel do Iguaçu,30.0,0.5,0.95,0.012,0.006
2072,2017,03/15,13.565355427791195,São Miguel do Iguaçu,30.0,0.5,0.95,0.012,0.006
2073,2018,03/15,12.912355798004779,São Miguel do Iguaçu,30.0,0.5,0.95,0.012,0.006
2074,2019,03/15,13.942732844542638,São Miguel do Iguaçu,30.0,0.5,0.95,0.012,0.006
2075,2020,03/15,12.6920613939786,São Miguel do Iguaçu,30.0,0.5,0.95,0.012,0.006
2076,2021,03/15,13.53842100078434,São Miguel do Iguaçu,30.0,0.5,0.95,0.012,0.006
2077,2022,03/15,12.314025988021442,São Miguel do Iguaçu,30.0,0.5,0.95,0.012,0.006
2078,2023,03/15,14.033897864927162,São Miguel do Iguaçu,30.0,0.5,0.95,0.012,0.006
2079,2024,03/15,12.873348136028259,São Miguel do Iguaçu,30.0,0.5,0.95,0.012,0.006
2080,2015,03/15,13.173935302243962,São Pedro do Iguaçu,30.0,0.5,0.95,0.012,0.006
2081,2016,03/15,10.00962043806794,São Pedro do Iguaçu,30.0,0.5,0.95,0.012,0.006
2082,2017,03/15,12.691863778457556,São Pedro do Iguaçu,30.0,0.5,0.95,0.012,0.006
2083,2018,03/15,12.307237624346392,São Pedro do Iguaçu,30.0,0.5,0.95,0.012,0.006
2084,2019,03/15,13.356097090461128,São Pedro do Iguaçu,30.0,0.5,0.95,0.012,0.006
2085,2020,03/15,9.955776750279979,São Pedro do Iguaçu,30.0,0.5,0.95,0.012,0.006
2086,2021,03/15,12.967869498375633,São Pedro do Iguaçu,30.0,0.5,0.95,0.012,0.006
2087,2022,03/15,11.388514650876955,São Pedro do Iguaçu,30.0,0.5,0.95,0.012,0.006
2088,2023,03/15,13.218000736670657,São Pedro do Iguaçu,30.0,0.5,0.95,0.012,0.006
2089,2024,03/15,10.774626408397967,São Pedro do Iguaçu,30.0,0.5,0.95,0.012,0.006
2090,2015,03/15,13.737641691045816,Toledo,30.0,0.5,0.95,0.012,0.006
2091,2016,03/15,10.804311415314466,Toledo,30.0,0.5,0.95,0.012,0.006
2092,2017,03/15,13.154286503859092,Toledo,30.0,0.5,0.95,0.012,0.006
2093,2018,03/15,13.098541595083768,Toledo,30.0,0.5,0.95,0.012,0.006
2094,2019,03/15,13.821389825867765,Toledo,30.0,0.5,0.95,0.012,0.006
2095,2020,03/15,13.239510817367377,Toledo,30.0,0.5,0.95,0.012,0.006
2096,2021,03/15,13.477535945413567,Toledo,30.0,0.5,0.95,0.012,0.006
2097,2022,03/15,12.014598096794211,Toledo,30.0,0.5,0.95,0.012,0.006
2098,2023,03/15,13.671284038110041,Toledo,30.0,0.5,0.95,0.012,0.006
2099,2024,03/15,13.817957638551626,Toledo,30.0,0.5,0.95,0.012,0.006
2100,2015,03/15,13.13774218959762,Cascavel,30.0,0.5,0.95,0.012,0.007
2101,2016,03/15,9.595386640302722,Cascavel,30.0,0.5,0.95,0.012,0.007
2102,2017,03/15,12.391773314460535,Cascavel,30.0,0.5,0.95,0.012,0.007
2103,2018,03/15,12.012768252462152,Cascavel,30.0,0.5,0.95,0.012,0.007
2104,2019,03/15,13.18019567406147,Cascavel,30.0,0.5,0.95,0.012,0.007
2105,2020,03/15,8.274331403034841,Cascavel,30.0,0.5,0.95,0.012,0.007
2106,2021,03/15,12.508903555531967,Cascavel,30.0,0.5,0.95,0.012,0.007
2107,2022,03/15,11.26652327623137,Cascavel,30.0,0.5,0.95,0.012,0.007
2108,2023,03/15,12.623170554331738,Cascavel,30.0,0.5,0.95,0.012,0.007
2109,2024,03/15,13.088068180849488,Cascavel,30.0,0.5,0.95,0.012,0.007
2110,2015,03/15,13.96172053068232,Foz do Iguaçu,30.0,0.5,0.95,0.012,0.007
2111,2016,03/15,11.288749252243843,Foz do Iguaçu,30.0,0.5,0.95,0.012,0.007
2112,2017,03/15,13.565420843774604,Foz do Iguaçu,30.0,0.5,0.95,0.012,0.007
2113,2018,03/15,12.912382384358033,Foz do Iguaçu,30.0,0.5,0.95,0.012,0.007
2114,2019,03/15,13.94281474735396,Foz do Iguaçu,30.0,0.5,0.95,0.012,0.007
2115,2020,03/15,12.692169399302248,Foz do Iguaçu,30.0,0.5,0.95,0.012,0.007
2116,2021,03/15,13.53881734777235,Foz do Iguaçu,30.0,0.5,0.95,0.012,0.007
2117,2022,03/15,12.314025988021442,Foz do Iguaçu,30.0,0.5,0.95,0.012,0.007
2118,2023,03/15,14.033999552344197,Foz do Iguaçu,30.0,0.5,0.95,0.012,0.007
2119,2024,03/15,12.873416376440282,Foz do Iguaçu,30.0,0.5,0.95,0.012,0.007
2120,2015,03/15,14.302960487771522,Guaíra,30.0,0.5,0.95,0.012,0.007
2121,2016,03/15,11.894097445877772,Guaíra,30.0,0.5,0.95,0.012,0.007
2122,2017,03/15,13.825617011431591,Guaíra,30.0,0.5,0.95,0.012,0.007
2123,2018,03/15,13.650291513091789,Guaíra,30.0,0.5,0.95,0.012,0.007
2124,2019,03/15,14.329599220889104,Guaíra,30.0,0.5,0.95,0.012,0.007
2125,2020,03/15,13.887626537658432,Guaíra,30.0,0.5,0.95,0.012,0.007
2126,2021,03/15,13.80769381449576,Guaíra,30.0,0.5,0.95,0.012,0.007
2127,2022,03/15,12.90601248832857,Guaíra,30.0,0.5,0.95,0.012,0.007
2128,2023,03/15,14.092490534897188,Guaíra,30.0,0.5,0.95,0.012,0.007
2129,2024,03/15,14.290101711984434,Guaíra,30.0,0.5,0.95,0.012,0.007
2130,2015,03/15,14.321512420941236,Marechal Cândido Rondon,30.0,0.5,0.95,0.012,0.007
2131,2016,03/15,12.007299887003553,Marechal Cândido Rondon,30.0,0.5,0.95,0.012,0.007
2132,2017,03/15,13.935259129504805,Marechal Cândido Rondon,30.0,0.5,0.95,0.012,0.007
2133,2018,03/15,13.733429419451083,Marechal Cândido Rondon,30.0,0.5,0.95,0.012,0.007
2134,2019,03/15,14.355464983424607,Marechal Cândido Rondon,30.0,0.5,0.95,0.012,0.007
2135,2020,03/15,13.75458830513725,Marechal Cândido Rondon,30.0,0.5,0.95,0.012,0.007
2136,2021,03/15,14.04840756368936,Marechal Cândido Rondon,30.0,0.5,0.95,0.012,0.007
2137,2022,03/15,12.94282233795334,Marechal Cândido Rondon,30.0,0.5,0.95,0.012,0.007
2138,2023,03/15,14.23457872809913,Marechal Cândido Rondon,30.0,0.5,0.95,0.012,0.007
2139,2024,03/15,13.989980636369369,Marechal Cândido Rondon,30.0,0.5,0.95,0.012,0.007
2140,2015,03/15,13.487471495926922,Matelândia,30.0,0.5,0.95,0.012,0.007
2141,2016,03/15,10.40708532567297,Matelândia,30.0,0.5,0.95,0.012,0.007
2142,2017,03/15,13.08090693346615,Matelândia,30.0,0.5,0.95,0.012,0.007
2143,2018,03/15,12.352511054933341,Matelândia,30.0,0.5,0.95,0.012,0.007
2144,2019,03/15,13.561614657931509,Matelândia,30.0,0.5,0.95,0.012,0.007
2145,2020,03/15,12.274184974232725,Matelândia,30.0,0.5,0.95,0.012,0.007
2146,2021,03/15,13.206910895789191,Matelândia,30.0,0.5,0.95,0.012,0.007
2147,2022,03/15,11.783729104657985,Matelândia,30.0,0.5,0.95,0.012,0.007
2148,2023,03/15,13.506824666054419,Matelândia,30.0,0.5,0.95,0.012,0.007
2149,2024,03/15,12.874710667054853,Matelândia,30.0,0.5,0.95,0.012,0.007
2150,2015,03/15,13.961515028639507,Medianeira,30.0,0.5,0.95,0.012,0.007
2151,2016,03/15,11.28848985852752,Medianeira,30.0,0.5,0.95,0.012,0.007
2152,2017,03/15,13.565014683882548,Medianeira,30.0,0.5,0.95,0.012,0.007
2153,2018,03/15,12.91222488253075,Medianeira,30.0,0.5,0.95,0.012,0.007
2154,2019,03/15,13.942308846298578,Medianeira,30.0,0.5,0.95,0.012,0.007
2155,2020,03/15,12.691612012586841,Medianeira,30.0,0.5,0.95,0.012,0.007
2156,2021,03/15,13.536992861472497,Medianeira,30.0,0.5,0.95,0.012,0.007
2157,2022,03/15,12.314025988021442,Medianeira,30.0,0.5,0.95,0.012,0.007
2158,2023,03/15,14.033378353857323,Medianeira,30.0,0.5,0.95,0.012,0.007
2159,2024,03/15,12.873097793672565,Medianeira,30.0,0.5,0.95,0.012,0.007
2160,2015,03/15,14.27575691984112,Santa Helena,30.0,0.5,0.95,0.012,0.007
2161,2016,03/15,12.00828253581544,Santa Helena,30.0,0.5,0.95,0.012,0.007
2162,2017,03/15,13.933782949288267,Santa Helena,30.0,0.5,0.95,0.012,0.007
2163,2018,03/15,13.503851872350007,Santa Helena,30.0,0.5,0.95,0.012,0.007
2164,2019,03/15,14.232035524750316,Santa Helena,30.0,0.5,0.95,0.012,0.007
2165,2020,03/15,13.449701866601742,Santa Helena,30.0,0.5,0.95,0.012,0.007
2166,2021,03/15,13.915857512521802,Santa Helena,30.0,0.5,0.95,0.012,0.007
2167,2022,03/15,12.936528677961256,Santa Helena,30.0,0.5,0.95,0.012,0.007
2168,2023,03/15,14.292406200946374,Santa Helena,30.0,0.5,0.95,0.012,0.007
2169,2024,03/15,13.511573452247049,Santa Helena,30.0,0.5,0.95,0.012,0.007
2170,2015,03/15,13.961678045191238,São Miguel do Iguaçu,30.0,0.5,0.95,0.012,0.007
2171,2016,03/15,11.28869308191357,São Miguel do Iguaçu,30.0,0.5,0.95,0.012,0.007
2172,2017,03/15,13.565355427791195,São Miguel do Iguaçu,30.0,0.5,0.95,0.012,0.007
2173,2018,03/15,12.912355798004779,São Miguel do Iguaçu,30.0,0.5,0.95,0.012,0.007
2174,2019,03/15,13.942732844542638,São Miguel do Iguaçu,30.0,0.5,0.95,0.012,0.007
2175,2020,03/15,12.6920613939786,São Miguel do Iguaçu,30.0,0.5,0.95,0.012,0.007
2176,2021,03/15,13.53842100078434,São Miguel do Iguaçu,30.0,0.5,0.95,0.012,0.007
2177,2022,03/15,12.314025988021442,São Miguel do Iguaçu,30.0,0.5,0.95,0.012,0.007
2178,2023,03/15,14.033897864927162,São Miguel do Iguaçu,30.0,0.5,0.95,0.012,0.007
2179,2024,03/15,12.873348136028259,São Miguel do Iguaçu,30.0,0.5,0.95,0.012,0.007
2180,2015,03/15,13.173935302243962,São Pedro do Iguaçu,30.0,0.5,0.95,0.012,0.007
2181,2016,03/15,10.00962043806794,São Pedro do Iguaçu,30.0,0.5,0.95,0.012,0.007
2182,2017,03/15,12.691863778457556,São Pedro do Iguaçu,30.0,0.5,0.95,0.012,0.007
2183,2018,03/15,12.307237624346392,São Pedro do Iguaçu,30.0,0.5,0.95,0.012,0.007
2184,2019,03/15,13.356097090461128,São Pedro do Iguaçu,30.0,0.5,0.95,0.012,0.007
2185,2020,03/15,9.955776750279979,São Pedro do Iguaçu,30.0,0.5,0.95,0.012,0.007
2186,2021,03/15,12.967869498375633,São Pedro do Iguaçu,30.0,0.5,0.95,0.012,0.007
2187,2022,03/15,11.388514650876955,São Pedro do Iguaçu,30.0,0.5,0.95,0.012,0.007
2188,2023,03/15,13.218000736670657,São Pedro do Iguaçu,30.0,0.5,0.95,0.012,0.007
2189,2024,03/15,10.774626408397967,São Pedro do Iguaçu,30.0,0.5,0.95,0.012,0.007
2190,2015,03/15,13.737641691045816,Toledo,30.0,0.5,0.95,0.012,0.007
2191,2016,03/15,10.804311415314466,Toledo,30.0,0.5,0.95,0.012,0.007
2192,2017,03/15,13.154286503859092,Toledo,30.0,0.5,0.95,0.012,0.007
2193,2018,03/15,13.098541595083768,Toledo,30.0,0.5,0.95,0.012,0.007
2194,2019,03/15,13.821389825867765,Toledo,30.0,0.5,0.95,0.012,0.007
2195,2020,03/15,13.239510817367377,Toledo,30.0,0.5,0.95,0.012,0.007
2196,2021,03/15,13.477535945413567,Toledo,30.0,0.5,0.95,0.012,0.007
2197,2022,03/15,12.014598096794211,Toledo,30.0,0.5,0.95,0.012,0.007
2198,2023,03/15,13.671284038110041,Toledo,30.0,0.5,0.95,0.012,0.007
2199,2024,03/15,13.817957638551626,Toledo,30.0,0.5,0.95,0.012,0.007
2200,2015,03/15,13.13774218959762,Cascavel,30.0,0.5,0.95,0.013,0.006
2201,2016,03/15,9.595386640302722,Cascavel,30.0,0.5,0.95,0.013,0.006
2202,2017,03/15,12.391773314460535,Cascavel,30.0,0.5,0.95,0.013,0.006
2203,2018,03/15,12.012768252462152,Cascavel,30.0,0.5,0.95,0.013,0.006
2204,2019,03/15,13.18019567406147,Cascavel,30.0,0.5,0.95,0.013,0.006
2205,2020,03/15,8.274331403034841,Cascavel,30.0,0.5,0.95,0.013,0.006
2206,2021,03/15,12.508903555531967,Cascavel,30.0,0.5,0.95,0.013,0.006
2207,2022,03/15,11.26652327623137,Cascavel,30.0,0.5,0.95,0.013,0.006
2208,2023,03/15,12.623170554331738,Cascavel,30.0,0.5,0.95,0.013,0.006
2209,2024,03/15,13.088068180849488,Cascavel,30.0,0.5,0.95,0.013,0.006
2210,2015,03/15,13.96172053068232,Foz do Iguaçu,30.0,0.5,0.95,0.013,0.006
2211,2016,03/15,11.288749252243843,Foz do Iguaçu,30.0,0.5,0.95,0.013,0.006
2212,2017,03/15,13.565420843774604,Foz do Iguaçu,30.0,0.5,0.95,0.013,0.006
2213,2018,03/15,12.912382384358033,Foz do Iguaçu,30.0,0.5,0.95,0.013,0.006
2214,2019,03/15,13.94281474735396,Foz do Iguaçu,30.0,0.5,0.95,0.013,0.006
2215,2020,03/15,12.692169399302248,Foz do Iguaçu,30.0,0.5,0.95,0.013,0.006
2216,2021,03/15,13.53881734777235,Foz do Iguaçu,30.0,0.5,0.95,0.013,0.006
2217,2022,03/15,12.314025988021442,Foz do Iguaçu,30.0,0.5,0.95,0.013,0.006
2218,2023,03/15,14.033999552344197,Foz do Iguaçu,30.0,0.5,0.95,0.013,0.006
2219,2024,03/15,12.873416376440282,Foz do Iguaçu,30.0,0.5,0.95,0.013,0.006
2220,2015,03/15,14.302960487771522,Guaíra,30.0,0.5,0.95,0.013,0.006
2221,2016,03/15,11.894097445877772,Guaíra,30.0,0.5,0.95,0.013,0.006
2222,2017,03/15,13.825617011431591,Guaíra,30.0,0.5,0.95,0.013,0.006
2223,2018,03/15,13.650291513091789,Guaíra,30.0,0.5,0.95,0.013,0.006
2224,2019,03/15,14.329599220889104,Guaíra,30.0,0.5,0.95,0.013,0.006
2225,2020,03/15,13.887626537658432,Guaíra,30.0,0.5,0.95,0.013,0.006
2226,2021,03/15,13.80769381449576,Guaíra,30.0,0.5,0.95,0.013,0.006
2227,2022,03/15,12.90601248832857,Guaíra,30.0,0.5,0.95,0.013,0.006
2228,2023,03/15,14.092490534897188,Guaíra,30.0,0.5,0.95,0.013,0.006
2229,2024,03/15,14.290101711984434,Guaíra,30.0,0.5,0.95,0.013,0.006
2230,2015,03/15,14.321512420941236,Marechal Cândido Rondon,30.0,0.5,0.95,0.013,0.006
2231,2016,03/15,12.007299887003553,Marechal Cândido Rondon,30.0,0.5,0.95,0.013,0.006
2232,2017,03/15,13.935259129504805,Marechal Cândido Rondon,30.0,0.5,0.95,0.013,0.006
2233,2018,03/15,13.733429419451083,Marechal Cândido Rondon,30.0,0.5,0.95,0.013,0.006
2234,2019,03/15,14.355464983424607,Marechal Cândido Rondon,30.0,0.5,0.95,0.013,0.006
2235,2020,03/15,13.75458830513725,Marechal Cândido Rondon,30.0,0.5,0.95,0.013,0.006
2236,2021,03/15,14.04840756368936,Marechal Cândido Rondon,30.0,0.5,0.95,0.013,0.006
2237,2022,03/15,12.94282233795334,Marechal Cândido Rondon,30.0,0.5,0.95,0.013,0.006
2238,2023,03/15,14.23457872809913,Marechal Cândido Rondon,30.0,0.5,0.95,0.013,0.006
2239,2024,03/15,13.989980636369369,Marechal Cândido Rondon,30.0,0.5,0.95,0.013,0.006
2240,2015,03/15,13.487471495926922,Matelândia,30.0,0.5,0.95,0.013,0.006
2241,2016,03/15,10.40708532567297,Matelândia,30.0,0.5,0.95,0.013,0.006
2242,2017,03/15,13.08090693346615,Matelândia,30.0,0.5,0.95,0.013,0.006
2243,2018,03/15,12.352511054933341,Matelândia,30.0,0.5,0.95,0.013,0.006
2244,2019,03/15,13.561614657931509,Matelândia,30.0,0.5,0.95,0.013,0.006
2245,2020,03/15,12.274184974232725,Matelândia,30.0,0.5,0.95,0.013,0.006
2246,2021,03/15,13.206910895789191,Matelândia,30.0,0.5,0.95,0.013,0.006
2247,2022,03/15,11.783729104657985,Matelândia,30.0,0.5,0.95,0.013,0.006
2248,2023,03/15,13.506824666054419,Matelândia,30.0,0.5,0.95,0.013,0.006
2249,2024,03/15,12.874710667054853,Matelândia,30.0,0.5,0.95,0.013,0.006
2250,2015,03/15,13.961515028639507,Medianeira,30.0,0.5,0.95,0.013,0.006
2251,2016,03/15,11.28848985852752,Medianeira,30.0,0.5,0.95,0.013,0.006
2252,2017,03/15,13.565014683882548,Medianeira,30.0,0.5,0.95,0.013,0.006
2253,2018,03/15,12.91222488253075,Medianeira,30.0,0.5,0.95,0.013,0.006
2254,2019,03/15,13.942308846298578,Medianeira,30.0,0.5,0.95,0.013,0.006
2255,2020,03/15,12.691612012586841,Medianeira,30.0,0.5,0.95,0.013,0.006
2256,2021,03/15,13.536992861472497,Medianeira,30.0,0.5,0.95,0.013,0.006
2257,2022,03/15,12.314025988021442,Medianeira,30.0,0.5,0.95,0.013,0.006
2258,2023,03/15,14.033378353857323,Medianeira,30.0,0.5,0.95,0.013,0.006
2259,2024,03/15,12.873097793672565,Medianeira,30.0,0.5,0.95,0.013,0.006
2260,2015,03/15,14.27575691984112,Santa Helena,30.0,0.5,0.95,0.013,0.006
2261,2016,03/15,12.00828253581544,Santa Helena,30.0,0.5,0.95,0.013,0.006
2262,2017,03/15,13.933782949288267,Santa Helena,30.0,0.5,0.95,0.013,0.006
2263,2018,03/15,13.503851872350007,Santa Helena,30.0,0.5,0.95,0.013,0.006
2264,2019,03/15,14.232035524750316,Santa Helena,30.0,0.5,0.95,0.013,0.006
2265,2020,03/15,13.449701866601742,Santa Helena,30.0,0.5,0.95,0.013,0.006
2266,2021,03/15,13.915857512521802,Santa Helena,30.0,0.5,0.95,0.013,0.006
2267,2022,03/15,12.936528677961256,Santa Helena,30.0,0.5,0.95,0.013,0.006
2268,2023,03/15,14.292406200946374,Santa Helena,30.0,0.5,0.95,0.013,0.006
2269,2024,03/15,13.511573452247049,Santa Helena,30.0,0.5,0.95,0.013,0.006
2270,2015,03/15,13.961678045191238,São Miguel do Iguaçu,30.0,0.5,0.95,0.013,0.006
2271,2016,03/15,11.28869308191357,São Miguel do Iguaçu,30.0,0.5,0.95,0.013,0.006
2272,2017,03/15,13.565355427791195,São Miguel do Iguaçu,30.0,0.5,0.95,0.013,0.006
2273,2018,03/15,12.912355798004779,São Miguel do Iguaçu,30.0,0.5,0.95,0.013,0.006
2274,2019,03/15,13.942732844542638,São Miguel do Iguaçu,30.0,0.5,0.95,0.013,0.006
2275,2020,03/15,12.6920613939786,São Miguel do Iguaçu,30.0,0.5,0.95,0.013,0.006
2276,2021,03/15,13.53842100078434,São Miguel do Iguaçu,30.0,0.5,0.95,0.013,0.006
2277,2022,03/15,12.314025988021442,São Miguel do Iguaçu,30.0,0.5,0.95,0.013,0.006
2278,2023,03/15,14.033897864927162,São Miguel do Iguaçu,30.0,0.5,0.95,0.013,0.006
2279,2024,03/15,12.873348136028259,São Miguel do Iguaçu,30.0,0.5,0.95,0.013,0.006
2280,2015,03/15,13.173935302243962,São Pedro do Iguaçu,30.0,0.5,0.95,0.013,0.006
2281,2016,03/15,10.00962043806794,São Pedro do Iguaçu,30.0,0.5,0.95,0.013,0.006
2282,2017,03/15,12.691863778457556,São Pedro do Iguaçu,30.0,0.5,0.95,0.013,0.006
2283,2018,03/15,12.307237624346392,São Pedro do Iguaçu,30.0,0.5,0.95,0.013,0.006
2284,2019,03/15,13.356097090461128,São Pedro do Iguaçu,30.0,0.5,0.95,0.013,0.006
2285,2020,03/15,9.955776750279979,São Pedro do Iguaçu,30.0,0.5,0.95,0.013,0.006
2286,2021,03/15,12.967869498375633,São Pedro do Iguaçu,30.0,0.5,0.95,0.013,0.006
2287,2022,03/15,11.388514650876955,São Pedro do Iguaçu,30.0,0.5,0.95,0.013,0.006
2288,2023,03/15,13.218000736670657,São Pedro do Iguaçu,30.0,0.5,0.95,0.013,0.006
2289,2024,03/15,10.774626408397967,São Pedro do Iguaçu,30.0,0.5,0.95,0.013,0.006
2290,2015,03/15,13.737641691045816,Toledo,30.0,0.5,0.95,0.013,0.006
2291,2016,03/15,10.804311415314466,Toledo,30.0,0.5,0.95,0.013,0.006
2292,2017,03/15,13.154286503859092,Toledo,30.0,0.5,0.95,0.013,0.006
2293,2018,03/15,13.098541595083768,Toledo,30.0,0.5,0.95,0.013,0.006
2294,2019,03/15,13.821389825867765,Toledo,30.0,0.5,0.95,0.013,0.006
2295,2020,03/15,13.239510817367377,Toledo,30.0,0.5,0.95,0.013,0.006
2296,2021,03/15,13.477535945413567,Toledo,30.0,0.5,0.95,0.013,0.006
2297,2022,03/15,12.014598096794211,Toledo,30.0,0.5,0.95,0.013,0.006
2298,2023,03/15,13.671284038110041,Toledo,30.0,0.5,0.95,0.013,0.006
2299,2024,03/15,13.817957638551626,Toledo,30.0,0.5,0.95,0.013,0.006
2300,2015,03/15,13.13774218959762,Cascavel,30.0,0.5,0.95,0.013,0.007
2301,2016,03/15,9.595386640302722,Cascavel,30.0,0.5,0.95,0.013,0.007
2302,2017,03/15,12.391773314460535,Cascavel,30.0,0.5,0.95,0.013,0.007
2303,2018,03/15,12.012768252462152,Cascavel,30.0,0.5,0.95,0.013,0.007
2304,2019,03/15,13.18019567406147,Cascavel,30.0,0.5,0.95,0.013,0.007
2305,2020,03/15,8.274331403034841,Cascavel,30.0,0.5,0.95,0.013,0.007
2306,2021,03/15,12.508903555531967,Cascavel,30.0,0.5,0.95,0.013,0.007
2307,2022,03/15,11.26652327623137,Cascavel,30.0,0.5,0.95,0.013,0.007
2308,2023,03/15,12.623170554331738,Cascavel,30.0,0.5,0.95,0.013,0.007
2309,2024,03/15,13.088068180849488,Cascavel,30.0,0.5,0.95,0.013,0.007
2310,2015,03/15,13.96172053068232,Foz do Iguaçu,30.0,0.5,0.95,0.013,0.007
2311,2016,03/15,11.288749252243843,Foz do Iguaçu,30.0,0.5,0.95,0.013,0.007
2312,2017,03/15,13.565420843774604,Foz do Iguaçu,30.0,0.5,0.95,0.013,0.007
2313,2018,03/15,12.912382384358033,Foz do Iguaçu,30.0,0.5,0.95,0.013,0.007
2314,2019,03/15,13.94281474735396,Foz do Iguaçu,30.0,0.5,0.95,0.013,0.007
2315,2020,03/15,12.692169399302248,Foz do Iguaçu,30.0,0.5,0.95,0.013,0.007
2316,2021,03/15,13.53881734777235,Foz do Iguaçu,30.0,0.5,0.95,0.013,0.007
2317,2022,03/15,12.314025988021442,Foz do Iguaçu,30.0,0.5,0.95,0.013,0.007
2318,2023,03/15,14.033999552344197,Foz do Iguaçu,30.0,0.5,0.95,0.013,0.007
2319,2024,03/15,12.873416376440282,Foz do Iguaçu,30.0,0.5,0.95,0.013,0.007
2320,2015,03/15,14.302960487771522,Guaíra,30.0,0.5,0.95,0.013,0.007
2321,2016,03/15,11.894097445877772,Guaíra,30.0,0.5,0.95,0.013,0.007
2322,2017,03/15,13.825617011431591,Guaíra,30.0,0.5,0.95,0.013,0.007
2323,2018,03/15,13.650291513091789,Guaíra,30.0,0.5,0.95,0.013,0.007
2324,2019,03/15,14.329599220889104,Guaíra,30.0,0.5,0.95,0.013,0.007
2325,2020,03/15,13.887626537658432,Guaíra,30.0,0.5,0.95,0.013,0.007
2326,2021,03/15,13.80769381449576,Guaíra,30.0,0.5,0.95,0.013,0.007
2327,2022,03/15,12.90601248832857,Guaíra,30.0,0.5,0.95,0.013,0.007
2328,2023,03/15,14.092490534897188,Guaíra,30.0,0.5,0.95,0.013,0.007
2329,2024,03/15,14.290101711984434,Guaíra,30.0,0.5,0.95,0.013,0.007
2330,2015,03/15,14.321512420941236,Marechal Cândido Rondon,30.0,0.5,0.95,0.013,0.007
2331,2016,03/15,12.007299887003553,Marechal Cândido Rondon,30.0,0.5,0.95,0.013,0.007
2332,2017,03/15,13.935259129504805,Marechal Cândido Rondon,30.0,0.5,0.95,0.013,0.007
2333,2018,03/15,13.733429419451083,Marechal Cândido Rondon,30.0,0.5,0.95,0.013,0.007
2334,2019,03/15,14.355464983424607,Marechal Cândido Rondon,30.0,0.5,0.95,0.013,0.007
2335,2020,03/15,13.75458830513725,Marechal Cândido Rondon,30.0,0.5,0.95,0.013,0.007
2336,2021,03/15,14.04840756368936,Marechal Cândido Rondon,30.0,0.5,0.95,0.013,0.007
2337,2022,03/15,12.94282233795334,Marechal Cândido Rondon,30.0,0.5,0.95,0.013,0.007
2338,2023,03/15,14.23457872809913,Marechal Cândido Rondon,30.0,0.5,0.95,0.013,0.007
2339,2024,03/15,13.989980636369369,Marechal Cândido Rondon,30.0,0.5,0.95,0.013,0.007
2340,2015,03/15,13.487471495926922,Matelândia,30.0,0.5,0.95,0.013,0.007
2341,2016,03/15,10.40708532567297,Matelândia,30.0,0.5,0.95,0.013,0.007
2342,2017,03/15,13.08090693346615,Matelândia,30.0,0.5,0.95,0.013,0.007
2343,2018,03/15,12.352511054933341,Matelândia,30.0,0.5,0.95,0.013,0.007
2344,2019,03/15,13.561614657931509,Matelândia,30.0,0.5,0.95,0.013,0.007
2345,2020,03/15,12.274184974232725,Matelândia,30.0,0.5,0.95,0.013,0.007
2346,2021,03/15,13.206910895789191,Matelândia,30.0,0.5,0.95,0.013,0.007
2347,2022,03/15,11.783729104657985,Matelândia,30.0,0.5,0.95,0.013,0.007
2348,2023,03/15,13.506824666054419,Matelândia,30.0,0.5,0.95,0.013,0.007
2349,2024,03/15,12.874710667054853,Matelândia,30.0,0.5,0.95,0.013,0.007
2350,2015,03/15,13.961515028639507,Medianeira,30.0,0.5,0.95,0.013,0.007
2351,2016,03/15,11.28848985852752,Medianeira,30.0,0.5,0.95,0.013,0.007
2352,2017,03/15,13.565014683882548,Medianeira,30.0,0.5,0.95,0.013,0.007
2353,2018,03/15,12.91222488253075,Medianeira,30.0,0.5,0.95,0.013,0.007
2354,2019,03/15,13.942308846298578,Medianeira,30.0,0.5,0.95,0.013,0.007
2355,2020,03/15,12.691612012586841,Medianeira,30.0,0.5,0.95,0.013,0.007
2356,2021,03/15,13.536992861472497,Medianeira,30.0,0.5,0.95,0.013,0.007
2357,2022,03/15,12.314025988021442,Medianeira,30.0,0.5,0.95,0.013,0.007
2358,2023,03/15,14.033378353857323,Medianeira,30.0,0.5,0.95,0.013,0.007
2359,2024,03/15,12.873097793672565,Medianeira,30.0,0.5,0.95,0.013,0.007
2360,2015,03/15,14.27575691984112,Santa Helena,30.0,0.5,0.95,0.013,0.007
2361,2016,03/15,12.00828253581544,Santa Helena,30.0,0.5,0.95,0.013,0.007
2362,2017,03/15,13.933782949288267,Santa Helena,30.0,0.5,0.95,0.013,0.007
2363,2018,03/15,13.503851872350007,Santa Helena,30.0,0.5,0.95,0.013,0.007
2364,2019,03/15,14.232035524750316,Santa Helena,30.0,0.5,0.95,0.013,0.007
2365,2020,03/15,13.449701866601742,Santa Helena,30.0,0.5,0.95,0.013,0.007
2366,2021,03/15,13.915857512521802,Santa Helena,30.0,0.5,0.95,0.013,0.007
2367,2022,03/15,12.936528677961256,Santa Helena,30.0,0.5,0.95,0.013,0.007
2368,2023,03/15,14.292406200946374,Santa Helena,30.0,0.5,0.95,0.013,0.007
2369,2024,03/15,13.511573452247049,Santa Helena,30.0,0.5,0.95,0.013,0.007
2370,2015,03/15,13.961678045191238,São Miguel do Iguaçu,30.0,0.5,0.95,0.013,0.007
2371,2016,03/15,11.28869308191357,São Miguel do Iguaçu,30.0,0.5,0.95,0.013,0.007
2372,2017,03/15,13.565355427791195,São Miguel do Iguaçu,30.0,0.5,0.95,0.013,0.007
2373,2018,03/15,12.912355798004779,São Miguel do Iguaçu,30.0,0.5,0.95,0.013,0.007
2374,2019,03/15,13.942732844542638,São Miguel do Iguaçu,30.0,0.5,0.95,0.013,0.007
2375,2020,03/15,12.6920613939786,São Miguel do Iguaçu,30.0,0.5,0.95,0.013,0.007
2376,2021,03/15,13.53842100078434,São Miguel do Iguaçu,30.0,0.5,0.95,0.013,0.007
2377,2022,03/15,12.314025988021442,São Miguel do Iguaçu,30.0,0.5,0.95,0.013,0.007
2378,2023,03/15,14.033897864927162,São Miguel do Iguaçu,30.0,0.5,0.95,0.013,0.007
2379,2024,03/15,12.873348136028259,São Miguel do Iguaçu,30.0,0.5,0.95,0.013,0.007
2380,2015,03/15,13.173935302243962,São Pedro do Iguaçu,30.0,0.5,0.95,0.013,0.007
2381,2016,03/15,10.00962043806794,São Pedro do Iguaçu,30.0,0.5,0.95,0.013,0.007
2382,2017,03/15,12.691863778457556,São Pedro do Iguaçu,30.0,0.5,0.95,0.013,0.007
2383,2018,03/15,12.307237624346392,São Pedro do Iguaçu,30.0,0.5,0.95,0.013,0.007
2384,2019,03/15,13.356097090461128,São Pedro do Iguaçu,30.0,0.5,0.95,0.013,0.007
2385,2020,03/15,9.955776750279979,São Pedro do Iguaçu,30.0,0.5,0.95,0.013,0.007
2386,2021,03/15,12.967869498375633,São Pedro do Iguaçu,30.0,0.5,0.95,0.013,0.007
2387,2022,03/15,11.388514650876955,São Pedro do Iguaçu,30.0,0.5,0.95,0.013,0.007
2388,2023,03/15,13.218000736670657,São Pedro do Iguaçu,30.0,0.5,0.95,0.013,0.007
2389,2024,03/15,10.774626408397967,São Pedro do Iguaçu,30.0,0.5,0.95,0.013,0.007
2390,2015,03/15,13.737641691045816,Toledo,30.0,0.5,0.95,0.013,0.007
2391,2016,03/15,10.804311415314466,Toledo,30.0,0.5,0.95,0.013,0.007
2392,2017,03/15,13.154286503859092,Toledo,30.0,0.5,0.95,0.013,0.007
2393,2018,03/15,13.098541595083768,Toledo,30.0,0.5,0.95,0.013,0.007
2394,2019,03/15,13.821389825867765,Toledo,30.0,0.5,0.95,0.013,0.007
2395,2020,03/15,13.239510817367377,Toledo,30.0,0.5,0.95,0.013,0.007
2396,2021,03/15,13.477535945413567,Toledo,30.0,0.5,0.95,0.013,0.007
2397,2022,03/15,12.014598096794211,Toledo,30.0,0.5,0.95,0.013,0.007
2398,2023,03/15,13.671284038110041,Toledo,30.0,0.5,0.95,0.013,0.007
2399,2024,03/15,13.817957638551626,Toledo,30.0,0.5,0.95,0.013,0.007
2400,2015,03/15,12.13594743863244,Cascavel,32.0,0.45,0.9,0.012,0.006
2401,2016,03/15,8.871455576113906,Cascavel,32.0,0.45,0.9,0.012,0.006
2402,2017,03/15,11.440390605211762,Cascavel,32.0,0.45,0.9,0.012,0.006
2403,2018,03/15,11.07954215504193,Cascavel,32.0,0.45,0.9,0.012,0.006
2404,2019,03/15,12.146270569880356,Cascavel,32.0,0.45,0.9,0.012,0.006
2405,2020,03/15,7.614993547108047,Cascavel,32.0,0.45,0.9,0.012,0.006
2406,2021,03/15,11.518502612789007,Cascavel,32.0,0.45,0.9,0.012,0.006
2407,2022,03/15,10.363247125060425,Cascavel,32.0,0.45,0.9,0.012,0.006
2408,2023,03/15,11.603687810256147,Cascavel,32.0,0.45,0.9,0.012,0.006
2409,2024,03/15,12.025212647641133,Cascavel,32.0,0.45,0.9,0.012,0.006
2410,2015,03/15,12.894445120225772,Foz do Iguaçu,32.0,0.45,0.9,0.012,0.006
2411,2016,03/15,10.431120425957944,Foz do Iguaçu,32.0,0.45,0.9,0.012,0.006
2412,2017,03/15,12.519749153202065,Foz do Iguaçu,32.0,0.45,0.9,0.012,0.006
2413,2018,03/15,11.904171593874603,Foz do Iguaçu,32.0,0.45,0.9,0.012,0.006
2414,2019,03/15,12.843365848569007,Foz do Iguaçu,32.0,0.45,0.9,0.012,0.006
2415,2020,03/15,11.682128408396746,Foz do Iguaçu,32.0,0.45,0.9,0.012,0.006
2416,2021,03/15,12.463283621230147,Foz do Iguaçu,32.0,0.45,0.9,0.012,0.006
2417,2022,03/15,11.326745151222498,Foz do Iguaçu,32.0,0.45,0.9,0.012,0.006
2418,2023,03/15,12.899811024761268,Foz do Iguaçu,32.0,0.45,0.9,0.012,0.006
2419,2024,03/15,11.828792250317866,Foz do Iguaçu,32.0,0.45,0.9,0.012,0.006
2420,2015,03/15,13.207132812966643,Guaíra,32.0,0.45,0.9,0.012,0.006
2421,2016,03/15,10.984788183395581,Guaíra,32.0,0.45,0.9,0.012,0.006
2422,2017,03/15,12.758907892759272,Guaíra,32.0,0.45,0.9,0.012,0.006
2423,2018,03/15,12.583424500032356,Guaíra,32.0,0.45,0.9,0.012,0.006
2424,2019,03/15,13.199373421456698,Guaíra,32.0,0.45,0.9,0.012,0.006
2425,2020,03/15,12.781183773579885,Guaíra,32.0,0.45,0.9,0.012,0.006
2426,2021,03/15,12.707854689373656,Guaíra,32.0,0.45,0.9,0.012,0.006
2427,2022,03/15,11.868960430640042,Guaíra,32.0,0.45,0.9,0.012,0.006
2428,2023,03/15,12.95109974430926,Guaíra,32.0,0.45,0.9,0.012,0.006
2429,2024,03/15,13.12677707271704,Guaíra,32.0,0.45,0.9,0.012,0.006
2430,2015,03/15,13.224570206798356,Marechal Cândido Rondon,32.0,0.45,0.9,0.012,0.006
2431,2016,03/15,11.08955135453109,Marechal Cândido Rondon,32.0,0.45,0.9,0.012,0.006
2432,2017,03/15,12.859636149583382,Marechal Cândido Rondon,32.0,0.45,0.9,0.012,0.006
2433,2018,03/15,12.659899373598991,Marechal Cândido Rondon,32.0,0.45,0.9,0.012,0.006
2434,2019,03/15,13.223370748614894,Marechal Cândido Rondon,32.0,0.45,0.9,0.012,0.006
2435,2020,03/15,12.659495265053458,Marechal Cândido Rondon,32.0,0.45,0.9,0.012,0.006
2436,2021,03/15,12.929003311675817,Marechal Cândido Rondon,32.0,0.45,0.9,0.012,0.006
2437,2022,03/15,11.902568949530048,Marechal Cândido Rondon,32.0,0.45,0.9,0.012,0.006
2438,2023,03/15,13.081327914779058,Marechal Cândido Rondon,32.0,0.45,0.9,0.012,0.006
2439,2024,03/15,12.852466418154803,Marechal Cândido Rondon,32.0,0.45,0.9,0.012,0.006
2440,2015,03/15,12.457953882243967,Matelândia,32.0,0.45,0.9,0.012,0.006
2441,2016,03/15,9.61928611147576,Matelândia,32.0,0.45,0.9,0.012,0.006
2442,2017,03/15,12.073785847818248,Matelândia,32.0,0.45,0.9,0.012,0.006
2443,2018,03/15,11.390057395567128,Matelândia,32.0,0.45,0.9,0.012,0.006
2444,2019,03/15,12.494515651714249,Matelândia,32.0,0.45,0.9,0.012,0.006
2445,2020,03/15,11.29707346013385,Matelândia,32.0,0.45,0.9,0.012,0.006
2446,2021,03/15,12.158411809891568,Matelândia,32.0,0.45,0.9,0.012,0.006
2447,2022,03/15,10.839066590069182,Matelândia,32.0,0.45,0.9,0.012,0.006
2448,2023,03/15,12.4147698436436,Matelândia,32.0,0.45,0.9,0.012,0.006
2449,2024,03/15,11.82976980817021,Matelândia,32.0,0.45,0.9,0.012,0.006
2450,2015,03/15,12.89425548196551,Medianeira,32.0,0.45,0.9,0.012,0.006
2451,2016,03/15,10.43088815581022,Medianeira,32.0,0.45,0.9,0.012,0.006
2452,2017,03/15,12.519375543147467,Medianeira,32.0,0.45,0.9,0.012,0.006
2453,2018,03/15,11.904038767646249,Medianeira,32.0,0.45,0.9,0.012,0.006
2454,2019,03/15,12.84290083816997,Medianeira,32.0,0.45,0.9,0.012,0.006
2455,2020,03/15,11.681629204385201,Medianeira,32.0,0.45,0.9,0.012,0.006
2456,2021,03/15,12.462845227590925,Medianeira,32.0,0.45,0.9,0.012,0.006
2457,2022,03/15,11.326745151222495,Medianeira,32.0,0.45,0.9,0.012,0.006
2458,2023,03/15,12.899241305551728,Medianeira,32.0,0.45,0.9,0.012,0.006
2459,2024,03/15,11.828500459032359,Medianeira,32.0,0.45,0.9,0.012,0.006
2460,2015,03/15,13.182443372955593,Santa Helena,32.0,0.45,0.9,0.012,0.006
2461,2016,03/15,11.09218044586641,Santa Helena,32.0,0.45,0.9,0.012,0.006
2462,2017,03/15,12.858722385047551,Santa Helena,32.0,0.45,0.9,0.012,0.006
2463,2018,03/15,12.450317476848433,Santa Helena,32.0,0.45,0.9,0.012,0.006
2464,2019,03/15,13.10976133250993,Santa Helena,32.0,0.45,0.9,0.012,0.006
2465,2020,03/15,12.379694523999808,Santa Helena,32.0,0.45,0.9,0.012,0.006
2466,2021,03/15,12.806875733533843,Santa Helena,32.0,0.45,0.9,0.012,0.006
2467,2022,03/15,11.897702728930133,Santa Helena,32.0,0.45,0.9,0.012,0.006
2468,2023,03/15,13.134964909440662,Santa Helena,32.0,0.45,0.9,0.012,0.006
2469,2024,03/15,12.414263399194823,Santa Helena,32.0,0.45,0.9,0.012,0.006
2470,2015,03/15,12.894405915815355,São Miguel do Iguaçu,32.0,0.45,0.9,0.012,0.006
2471,2016,03/15,10.431069015824331,São Miguel do Iguaçu,32.0,0.45,0.9,0.012,0.006
2472,2017,03/15,12.519688975180722,São Miguel do Iguaçu,32.0,0.45,0.9,0.012,0.006
2473,2018,03/15,11.90414856397181,São Miguel do Iguaçu,32.0,0.45,0.9,0.012,0.006
2474,2019,03/15,12.843290564325828,São Miguel do Iguaçu,32.0,0.45,0.9,0.012,0.006
2475,2020,03/15,11.68203033693954,São Miguel do Iguaçu,32.0,0.45,0.9,0.012,0.006
2476,2021,03/15,12.463199965064128,São Miguel do Iguaçu,32.0,0.45,0.9,0.012,0.006
2477,2022,03/15,11.326745151222495,São Miguel do Iguaçu,32.0,0.45,0.9,0.012,0.006
2478,2023,03/15,12.899717753576804,São Miguel do Iguaçu,32.0,0.45,0.9,0.012,0.006
2479,2024,03/15,11.828729743987832,São Miguel do Iguaçu,32.0,0.45,0.9,0.012,0.006
2480,2015,03/15,12.169525378746622,São Pedro do Iguaçu,32.0,0.45,0.9,0.012,0.006
2481,2016,03/15,9.253587251054894,São Pedro do Iguaçu,32.0,0.45,0.9,0.012,0.006
2482,2017,03/15,11.715865176585595,São Pedro do Iguaçu,32.0,0.45,0.9,0.012,0.006
2483,2018,03/15,11.349808132271946,São Pedro do Iguaçu,32.0,0.45,0.9,0.012,0.006
2484,2019,03/15,12.306757569869685,São Pedro do Iguaçu,32.0,0.45,0.9,0.012,0.006
2485,2020,03/15,9.162675968121563,São Pedro do Iguaçu,32.0,0.45,0.9,0.012,0.006
2486,2021,03/15,11.93878063647126,São Pedro do Iguaçu,32.0,0.45,0.9,0.012,0.006
2487,2022,03/15,10.475627040114082,São Pedro do Iguaçu,32.0,0.45,0.9,0.012,0.006
2488,2023,03/15,12.149231585280402,São Pedro do Iguaçu,32.0,0.45,0.9,0.012,0.006
2489,2024,03/15,9.900479125579931,São Pedro do Iguaçu,32.0,0.45,0.9,0.012,0.006
2490,2015,03/15,12.687842444182627,Toledo,32.0,0.45,0.9,0.012,0.006
2491,2016,03/15,9.984057931360956,Toledo,32.0,0.45,0.9,0.012,0.006
2492,2017,03/15,12.141321121670385,Toledo,32.0,0.45,0.9,0.012,0.006
2493,2018,03/15,12.075875990259018,Toledo,32.0,0.45,0.9,0.012,0.006
2494,2019,03/15,12.733472680561428,Toledo,32.0,0.45,0.9,0.012,0.006
2495,2020,03/15,12.18426427256706,Toledo,32.0,0.45,0.9,0.012,0.006
2496,2021,03/15,12.406022349614814,Toledo,32.0,0.45,0.9,0.012,0.006
2497,2022,03/15,11.050325091903622,Toledo,32.0,0.45,0.9,0.012,0.006
2498,2023,03/15,12.564561590213696,Toledo,32.0,0.45,0.9,0.012,0.006
2499,2024,03/15,12.694950085036414,Toledo,32.0,0.45,0.9,0.012,0.006
2500,2015,03/15,12.13594743863244,Cascavel,32.0,0.45,0.9,0.012,0.007
2501,2016,03/15,8.871455576113906,Cascavel,32.0,0.45,0.9,0.012,0.007
2502,2017,03/15,11.440390605211762,Cascavel,32.0,0.45,0.9,0.012,0.007
2503,2018,03/15,11.07954215504193,Cascavel,32.0,0.45,0.9,0.012,0.007
2504,2019,03/15,12.146270569880356,Cascavel,32.0,0.45,0.9,0.012,0.007
2505,2020,03/15,7.614993547108047,Cascavel,32.0,0.45,0.9,0.012,0.007
2506,2021,03/15,11.518502612789007,Cascavel,32.0,0.45,0.9,0.012,0.007
2507,2022,03/15,10.363247125060425,Cascavel,32.0,0.45,0.9,0.012,0.007
2508,2023,03/15,11.603687810256147,Cascavel,32.0,0.45,0.9,0.012,0.007
2509,2024,03/15,12.025212647641133,Cascavel,32.0,0.45,0.9,0.012,0.007
2510,2015,03/15,12.894445120225772,Foz do Iguaçu,32.0,0.45,0.9,0.012,0.007
2511,2016,03/15,10.431120425957944,Foz do Iguaçu,32.0,0.45,0.9,0.012,0.007
2512,2017,03/15,12.519749153202065,Foz do Iguaçu,32.0,0.45,0.9,0.012,0.007
2513,2018,03/15,11.904171593874603,Foz do Iguaçu,32.0,0.45,0.9,0.012,0.007
2514,2019,03/15,12.843365848569007,Foz do Iguaçu,32.0,0.45,0.9,0.012,0.007
2515,2020,03/15,11.682128408396746,Foz do Iguaçu,32.0,0.45,0.9,0.012,0.007
2516,2021,03/15,12.463283621230147,Foz do Iguaçu,32.0,0.45,0.9,0.012,0.007
2517,2022,03/15,11.326745151222498,Foz do Iguaçu,32.0,0.45,0.9,0.012,0.007
2518,2023,03/15,12.899811024761268,Foz do Iguaçu,32.0,0.45,0.9,0.012,0.007
2519,2024,03/15,11.828792250317866,Foz do Iguaçu,32.0,0.45,0.9,0.012,0.007
2520,2015,03/15,13.207132812966643,Guaíra,32.0,0.45,0.9,0.012,0.007
2521,2016,03/15,10.984788183395581,Guaíra,32.0,0.45,0.9,0.012,0.007
2522,2017,03/15,12.758907892759272,Guaíra,32.0,0.45,0.9,0.012,0.007
2523,2018,03/15,12.583424500032356,Guaíra,32.0,0.45,0.9,0.012,0.007
2524,2019,03/15,13.199373421456698,Guaíra,32.0,0.45,0.9,0.012,0.007
2525,2020,03/15,12.781183773579885,Guaíra,32.0,0.45,0.9,0.012,0.007
2526,2021,03/15,12.707854689373656,Guaíra,32.0,0.45,0.9,0.012,0.007
2527,2022,03/15,11.868960430640042,Guaíra,32.0,0.45,0.9,0.012,0.007
2528,2023,03/15,12.95109974430926,Guaíra,32.0,0.45,0.9,0.012,0.007
2529,2024,03/15,13.12677707271704,Guaíra,32.0,0.45,0.9,0.012,0.007
2530,2015,03/15,13.224570206798356,Marechal Cândido Rondon,32.0,0.45,0.9,0.012,0.007
2531,2016,03/15,11.08955135453109,Marechal Cândido Rondon,32.0,0.45,0.9,0.012,0.007
2532,2017,03/15,12.859636149583382,Marechal Cândido Rondon,32.0,0.45,0.9,0.012,0.007
2533,2018,03/15,12.659899373598991,Marechal Cândido Rondon,32.0,0.45,0.9,0.012,0.007
2534,2019,03/15,13.223370748614894,Marechal Cândido Rondon,32.0,0.45,0.9,0.012,0.007
2535,2020,03/15,12.659495265053458,Marechal Cândido Rondon,32.0,0.45,0.9,0.012,0.007
2536,2021,03/15,12.929003311675817,Marechal Cândido Rondon,32.0,0.45,0.9,0.012,0.007
2537,2022,03/15,11.902568949530048,Marechal Cândido Rondon,32.0,0.45,0.9,0.012,0.007
2538,2023,03/15,13.081327914779058,Marechal Cândido Rondon,32.0,0.45,0.9,0.012,0.007
2539,2024,03/15,12.852466418154803,Marechal Cândido Rondon,32.0,0.45,0.9,0.012,0.007
2540,2015,03/15,12.457953882243967,Matelândia,32.0,0.45,0.9,0.012,0.007
2541,2016,03/15,9.61928611147576,Matelândia,32.0,0.45,0.9,0.012,0.007
2542,2017,03/15,12.073785847818248,Matelândia,32.0,0.45,0.9,0.012,0.007
2543,2018,03/15,11.390057395567128,Matelândia,32.0,0.45,0.9,0.012,0.007
2544,2019,03/15,12.494515651714249,Matelândia,32.0,0.45,0.9,0.012,0.007
2545,2020,03/15,11.29707346013385,Matelândia,32.0,0.45,0.9,0.012,0.007
2546,2021,03/15,12.158411809891568,Matelândia,32.0,0.45,0.9,0.012,0.007
2547,2022,03/15,10.839066590069182,Matelândia,32.0,0.45,0.9,0.012,0.007
2548,2023,03/15,12.4147698436436,Matelândia,32.0,0.45,0.9,0.012,0.007
2549,2024,03/15,11.82976980817021,Matelândia,32.0,0.45,0.9,0.012,0.007
2550,2015,03/15,12.89425548196551,Medianeira,32.0,0.45,0.9,0.012,0.007
2551,2016,03/15,10.43088815581022,Medianeira,32.0,0.45,0.9,0.012,0.007
2552,2017,03/15,12.519375543147467,Medianeira,32.0,0.45,0.9,0.012,0.007
2553,2018,03/15,11.904038767646249,Medianeira,32.0,0.45,0.9,0.012,0.007
2554,2019,03/15,12.84290083816997,Medianeira,32.0,0.45,0.9,0.012,0.007
2555,2020,03/15,11.681629204385201,Medianeira,32.0,0.45,0.9,0.012,0.007
2556,2021,03/15,12.462845227590925,Medianeira,32.0,0.45,0.9,0.012,0.007
2557,2022,03/15,11.326745151222495,Medianeira,32.0,0.45,0.9,0.012,0.007
2558,2023,03/15,12.899241305551728,Medianeira,32.0,0.45,0.9,0.012,0.007
2559,2024,03/15,11.828500459032359,Medianeira,32.0,0.45,0.9,0.012,0.007
2560,2015,03/15,13.182443372955593,Santa Helena,32.0,0.45,0.9,0.012,0.007
2561,2016,03/15,11.09218044586641,Santa Helena,32.0,0.45,0.9,0.012,0.007
2562,2017,03/15,12.858722385047551,Santa Helena,32.0,0.45,0.9,0.012,0.007
2563,2018,03/15,12.450317476848433,Santa Helena,32.0,0.45,0.9,0.012,0.007
2564,2019,03/15,13.10976133250993,Santa Helena,32.0,0.45,0.9,0.012,0.007
2565,2020,03/15,12.379694523999808,Santa Helena,32.0,0.45,0.9,0.012,0.007
2566,2021,03/15,12.806875733533843,Santa Helena,32.0,0.45,0.9,0.012,0.007
2567,2022,03/15,11.897702728930133,Santa Helena,32.0,0.45,0.9,0.012,0.007
2568,2023,03/15,13.134964909440662,Santa Helena,32.0,0.45,0.9,0.012,0.007
2569,2024,03/15,12.414263399194823,Santa Helena,32.0,0.45,0.9,0.012,0.007
2570,2015,03/15,12.894405915815355,São Miguel do Iguaçu,32.0,0.45,0.9,0.012,0.007
2571,2016,03/15,10.431069015824331,São Miguel do Iguaçu,32.0,0.45,0.9,0.012,0.007
2572,2017,03/15,12.519688975180722,São Miguel do Iguaçu,32.0,0.45,0.9,0.012,0.007
2573,2018,03/15,11.90414856397181,São Miguel do Iguaçu,32.0,0.45,0.9,0.012,0.007
2574,2019,03/15,12.843290564325828,São Miguel do Iguaçu,32.0,0.45,0.9,0.012,0.007
2575,2020,03/15,11.68203033693954,São Miguel do Iguaçu,32.0,0.45,0.9,0.012,0.007
2576,2021,03/15,12.463199965064128,São Miguel do Iguaçu,32.0,0.45,0.9,0.012,0.007
2577,2022,03/15,11.326745151222495,São Miguel do Iguaçu,32.0,0.45,0.9,0.012,0.007
2578,2023,03/15,12.899717753576804,São Miguel do Iguaçu,32.0,0.45,0.9,0.012,0.007
2579,2024,03/15,11.828729743987832,São Miguel do Iguaçu,32.0,0.45,0.9,0.012,0.007
2580,2015,03/15,12.169525378746622,São Pedro do Iguaçu,32.0,0.45,0.9,0.012,0.007
2581,2016,03/15,9.253587251054894,São Pedro do Iguaçu,32.0,0.45,0.9,0.012,0.007
2582,2017,03/15,11.715865176585595,São Pedro do Iguaçu,32.0,0.45,0.9,0.012,0.007
2583,2018,03/15,11.349808132271946,São Pedro do Iguaçu,32.0,0.45,0.9,0.012,0.007
2584,2019,03/15,12.306757569869685,São Pedro do Iguaçu,32.0,0.45,0.9,0.012,0.007
2585,2020,03/15,9.162675968121563,São Pedro do Iguaçu,32.0,0.45,0.9,0.012,0.007
2586,2021,03/15,11.93878063647126,São Pedro do Iguaçu,32.0,0.45,0.9,0.012,0.007
2587,2022,03/15,10.475627040114082,São Pedro do Iguaçu,32.0,0.45,0.9,0.012,0.007
2588,2023,03/15,12.149231585280402,São Pedro do Iguaçu,32.0,0.45,0.9,0.012,0.007
2589,2024,03/15,9.900479125579931,São Pedro do Iguaçu,32.0,0.45,0.9,0.012,0.007
2590,2015,03/15,12.687842444182627,Toledo,32.0,0.45,0.9,0.012,0.007
2591,2016,03/15,9.984057931360956,Toledo,32.0,0.45,0.9,0.012,0.007
2592,2017,03/15,12.141321121670385,Toledo,32.0,0.45,0.9,0.012,0.007
2593,2018,03/15,12.075875990259018,Toledo,32.0,0.45,0.9,0.012,0.007
2594,2019,03/15,12.733472680561428,Toledo,32.0,0.45,0.9,0.012,0.007
2595,2020,03/15,12.18426427256706,Toledo,32.0,0.45,0.9,0.012,0.007
2596,2021,03/15,12.406022349614814,Toledo,32.0,0.45,0.9,0.012,0.007
2597,2022,03/15,11.050325091903622,Toledo,32.0,0.45,0.9,0.012,0.007
2598,2023,03/15,12.564561590213696,Toledo,32.0,0.45,0.9,0.012,0.007
2599,2024,03/15,12.694950085036414,Toledo,32.0,0.45,0.9,0.012,0.007
2600,2015,03/15,12.13594743863244,Cascavel,32.0,0.45,0.9,0.013,0.006
2601,2016,03/15,8.871455576113906,Cascavel,32.0,0.45,0.9,0.013,0.006
2602,2017,03/15,11.440390605211762,Cascavel,32.0,0.45,0.9,0.013,0.006
2603,2018,03/15,11.07954215504193,Cascavel,32.0,0.45,0.9,0.013,0.006
2604,2019,03/15,12.146270569880356,Cascavel,32.0,0.45,0.9,0.013,0.006
2605,2020,03/15,7.614993547108047,Cascavel,32.0,0.45,0.9,0.013,0.006
2606,2021,03/15,11.518502612789007,Cascavel,32.0,0.45,0.9,0.013,0.006
2607,2022,03/15,10.363247125060425,Cascavel,32.0,0.45,0.9,0.013,0.006
2608,2023,03/15,11.603687810256147,Cascavel,32.0,0.45,0.9,0.013,0.006
2609,2024,03/15,12.025212647641133,Cascavel,32.0,0.45,0.9,0.013,0.006
2610,2015,03/15,12.894445120225772,Foz do Iguaçu,32.0,0.45,0.9,0.013,0.006
2611,2016,03/15,10.431120425957944,Foz do Iguaçu,32.0,0.45,0.9,0.013,0.006
2612,2017,03/15,12.519749153202065,Foz do Iguaçu,32.0,0.45,0.9,0.013,0.006
2613,2018,03/15,11.904171593874603,Foz do Iguaçu,32.0,0.45,0.9,0.013,0.006
2614,2019,03/15,12.843365848569007,Foz do Iguaçu,32.0,0.45,0.9,0.013,0.006
2615,2020,03/15,11.682128408396746,Foz do Iguaçu,32.0,0.45,0.9,0.013,0.006
2616,2021,03/15,12.463283621230147,Foz do Iguaçu,32.0,0.45,0.9,0.013,0.006
2617,2022,03/15,11.326745151222498,Foz do Iguaçu,32.0,0.45,0.9,0.013,0.006
2618,2023,03/15,12.899811024761268,Foz do Iguaçu,32.0,0.45,0.9,0.013,0.006
2619,2024,03/15,11.828792250317866,Foz do Iguaçu,32.0,0.45,0.9,0.013,0.006
2620,2015,03/15,13.207132812966643,Guaíra,32.0,0.45,0.9,0.013,0.006
2621,2016,03/15,10.984788183395581,Guaíra,32.0,0.45,0.9,0.013,0.006
2622,2017,03/15,12.758907892759272,Guaíra,32.0,0.45,0.9,0.013,0.006
2623,2018,03/15,12.583424500032356,Guaíra,32.0,0.45,0.9,0.013,0.006
2624,2019,03/15,13.199373421456698,Guaíra,32.0,0.45,0.9,0.013,0.006
2625,2020,03/15,12.781183773579885,Guaíra,32.0,0.45,0.9,0.013,0.006
2626,2021,03/15,12.707854689373656,Guaíra,32.0,0.45,0.9,0.013,0.006
2627,2022,03/15,11.868960430640042,Guaíra,32.0,0.45,0.9,0.013,0.006
2628,2023,03/15,12.95109974430926,Guaíra,32.0,0.45,0.9,0.013,0.006
2629,2024,03/15,13.12677707271704,Guaíra,32.0,0.45,0.9,0.013,0.006
2630,2015,03/15,13.224570206798356,Marechal Cândido Rondon,32.0,0.45,0.9,0.013,0.006
2631,2016,03/15,11.08955135453109,Marechal Cândido Rondon,32.0,0.45,0.9,0.013,0.006
2632,2017,03/15,12.859636149583382,Marechal Cândido Rondon,32.0,0.45,0.9,0.013,0.006
2633,2018,03/15,12.659899373598991,Marechal Cândido Rondon,32.0,0.45,0.9,0.013,0.006
2634,2019,03/15,13.223370748614894,Marechal Cândido Rondon,32.0,0.45,0.9,0.013,0.006
2635,2020,03/15,12.659495265053458,Marechal Cândido Rondon,32.0,0.45,0.9,0.013,0.006
2636,2021,03/15,12.929003311675817,Marechal Cândido Rondon,32.0,0.45,0.9,0.013,0.006
2637,2022,03/15,11.902568949530048,Marechal Cândido Rondon,32.0,0.45,0.9,0.013,0.006
2638,2023,03/15,13.081327914779058,Marechal Cândido Rondon,32.0,0.45,0.9,0.013,0.006
2639,2024,03/15,12.852466418154803,Marechal Cândido Rondon,32.0,0.45,0.9,0.013,0.006
2640,2015,03/15,12.457953882243967,Matelândia,32.0,0.45,0.9,0.013,0.006
2641,2016,03/15,9.61928611147576,Matelândia,32.0,0.45,0.9,0.013,0.006
2642,2017,03/15,12.073785847818248,Matelândia,32.0,0.45,0.9,0.013,0.006
2643,2018,03/15,11.390057395567128,Matelândia,32.0,0.45,0.9,0.013,0.006
2644,2019,03/15,12.494515651714249,Matelândia,32.0,0.45,0.9,0.013,0.006
2645,2020,03/15,11.29707346013385,Matelândia,32.0,0.45,0.9,0.013,0.006
2646,2021,03/15,12.158411809891568,Matelândia,32.0,0.45,0.9,0.013,0.006
2647,2022,03/15,10.839066590069182,Matelândia,32.0,0.45,0.9,0.013,0.006
2648,2023,03/15,12.4147698436436,Matelândia,32.0,0.45,0.9,0.013,0.006
2649,2024,03/15,11.82976980817021,Matelândia,32.0,0.45,0.9,0.013,0.006
2650,2015,03/15,12.89425548196551,Medianeira,32.0,0.45,0.9,0.013,0.006
2651,2016,03/15,10.43088815581022,Medianeira,32.0,0.45,0.9,0.013,0.006
2652,2017,03/15,12.519375543147467,Medianeira,32.0,0.45,0.9,0.013,0.006
2653,2018,03/15,11.904038767646249,Medianeira,32.0,0.45,0.9,0.013,0.006
2654,2019,03/15,12.84290083816997,Medianeira,32.0,0.45,0.9,0.013,0.006
2655,2020,03/15,11.681629204385201,Medianeira,32.0,0.45,0.9,0.013,0.006
2656,2021,03/15,12.462845227590925,Medianeira,32.0,0.45,0.9,0.013,0.006
2657,2022,03/15,11.326745151222495,Medianeira,32.0,0.45,0.9,0.013,0.006
2658,2023,03/15,12.899241305551728,Medianeira,32.0,0.45,0.9,0.013,0.006
2659,2024,03/15,11.828500459032359,Medianeira,32.0,0.45,0.9,0.013,0.006
2660,2015,03/15,13.182443372955593,Santa Helena,32.0,0.45,0.9,0.013,0.006
2661,2016,03/15,11.09218044586641,Santa Helena,32.0,0.45,0.9,0.013,0.006
2662,2017,03/15,12.858722385047551,Santa Helena,32.0,0.45,0.9,0.013,0.006
2663,2018,03/15,12.450317476848433,Santa Helena,32.0,0.45,0.9,0.013,0.006
2664,2019,03/15,13.10976133250993,Santa Helena,32.0,0.45,0.9,0.013,0.006
2665,2020,03/15,12.379694523999808,Santa Helena,32.0,0.45,0.9,0.013,0.006
2666,2021,03/15,12.806875733533843,Santa Helena,32.0,0.45,0.9,0.013,0.006
2667,2022,03/15,11.897702728930133,Santa Helena,32.0,0.45,0.9,0.013,0.006
2668,2023,03/15,13.134964909440662,Santa Helena,32.0,0.45,0.9,0.013,0.006
2669,2024,03/15,12.414263399194823,Santa Helena,32.0,0.45,0.9,0.013,0.006
2670,2015,03/15,12.894405915815355,São Miguel do Iguaçu,32.0,0.45,0.9,0.013,0.006
2671,2016,03/15,10.431069015824331,São Miguel do Iguaçu,32.0,0.45,0.9,0.013,0.006
2672,2017,03/15,12.519688975180722,São Miguel do Iguaçu,32.0,0.45,0.9,0.013,0.006
2673,2018,03/15,11.90414856397181,São Miguel do Iguaçu,32.0,0.45,0.9,0.013,0.006
2674,2019,03/15,12.843290564325828,São Miguel do Iguaçu,32.0,0.45,0.9,0.013,0.006
2675,2020,03/15,11.68203033693954,São Miguel do Iguaçu,32.0,0.45,0.9,0.013,0.006
2676,2021,03/15,12.463199965064128,São Miguel do Iguaçu,32.0,0.45,0.9,0.013,0.006
2677,2022,03/15,11.326745151222495,São Miguel do Iguaçu,32.0,0.45,0.9,0.013,0.006
2678,2023,03/15,12.899717753576804,São Miguel do Iguaçu,32.0,0.45,0.9,0.013,0.006
2679,2024,03/15,11.828729743987832,São Miguel do Iguaçu,32.0,0.45,0.9,0.013,0.006
2680,2015,03/15,12.169525378746622,São Pedro do Iguaçu,32.0,0.45,0.9,0.013,0.006
2681,2016,03/15,9.253587251054894,São Pedro do Iguaçu,32.0,0.45,0.9,0.013,0.006
2682,2017,03/15,11.715865176585595,São Pedro do Iguaçu,32.0,0.45,0.9,0.013,0.006
2683,2018,03/15,11.349808132271946,São Pedro do Iguaçu,32.0,0.45,0.9,0.013,0.006
2684,2019,03/15,12.306757569869685,São Pedro do Iguaçu,32.0,0.45,0.9,0.013,0.006
2685,2020,03/15,9.162675968121563,São Pedro do Iguaçu,32.0,0.45,0.9,0.013,0.006
2686,2021,03/15,11.93878063647126,São Pedro do Iguaçu,32.0,0.45,0.9,0.013,0.006
2687,2022,03/15,10.475627040114082,São Pedro do Iguaçu,32.0,0.45,0.9,0.013,0.006
2688,2023,03/15,12.149231585280402,São Pedro do Iguaçu,32.0,0.45,0.9,0.013,0.006
2689,2024,03/15,9.900479125579931,São Pedro do Iguaçu,32.0,0.45,0.9,0.013,0.006
2690,2015,03/15,12.687842444182627,Toledo,32.0,0.45,0.9,0.013,0.006
2691,2016,03/15,9.984057931360956,Toledo,32.0,0.45,0.9,0.013,0.006
2692,2017,03/15,12.141321121670385,Toledo,32.0,0.45,0.9,0.013,0.006
2693,2018,03/15,12.075875990259018,Toledo,32.0,0.45,0.9,0.013,0.006
2694,2019,03/15,12.733472680561428,Toledo,32.0,0.45,0.9,0.013,0.006
2695,2020,03/15,12.18426427256706,Toledo,32.0,0.45,0.9,0.013,0.006
2696,2021,03/15,12.406022349614814,Toledo,32.0,0.45,0.9,0.013,0.006
2697,2022,03/15,11.050325091903622,Toledo,32.0,0.45,0.9,0.013,0.006
2698,2023,03/15,12.564561590213696,Toledo,32.0,0.45,0.9,0.013,0.006
2699,2024,03/15,12.694950085036414,Toledo,32.0,0.45,0.9,0.013,0.006
2700,2015,03/15,12.13594743863244,Cascavel,32.0,0.45,0.9,0.013,0.007
2701,2016,03/15,8.871455576113906,Cascavel,32.0,0.45,0.9,0.013,0.007
2702,2017,03/15,11.440390605211762,Cascavel,32.0,0.45,0.9,0.013,0.007
2703,2018,03/15,11.07954215504193,Cascavel,32.0,0.45,0.9,0.013,0.007
2704,2019,03/15,12.146270569880356,Cascavel,32.0,0.45,0.9,0.013,0.007
2705,2020,03/15,7.614993547108047,Cascavel,32.0,0.45,0.9,0.013,0.007
2706,2021,03/15,11.518502612789007,Cascavel,32.0,0.45,0.9,0.013,0.007
2707,2022,03/15,10.363247125060425,Cascavel,32.0,0.45,0.9,0.013,0.007
2708,2023,03/15,11.603687810256147,Cascavel,32.0,0.45,0.9,0.013,0.007
2709,2024,03/15,12.025212647641133,Cascavel,32.0,0.45,0.9,0.013,0.007
2710,2015,03/15,12.894445120225772,Foz do Iguaçu,32.0,0.45,0.9,0.013,0.007
2711,2016,03/15,10.431120425957944,Foz do Iguaçu,32.0,0.45,0.9,0.013,0.007
2712,2017,03/15,12.519749153202065,Foz do Iguaçu,32.0,0.45,0.9,0.013,0.007
2713,2018,03/15,11.904171593874603,Foz do Iguaçu,32.0,0.45,0.9,0.013,0.007
2714,2019,03/15,12.843365848569007,Foz do Iguaçu,32.0,0.45,0.9,0.013,0.007
2715,2020,03/15,11.682128408396746,Foz do Iguaçu,32.0,0.45,0.9,0.013,0.007
2716,2021,03/15,12.463283621230147,Foz do Iguaçu,32.0,0.45,0.9,0.013,0.007
2717,2022,03/15,11.326745151222498,Foz do Iguaçu,32.0,0.45,0.9,0.013,0.007
2718,2023,03/15,12.899811024761268,Foz do Iguaçu,32.0,0.45,0.9,0.013,0.007
2719,2024,03/15,11.828792250317866,Foz do Iguaçu,32.0,0.45,0.9,0.013,0.007
2720,2015,03/15,13.207132812966643,Guaíra,32.0,0.45,0.9,0.013,0.007
2721,2016,03/15,10.984788183395581,Guaíra,32.0,0.45,0.9,0.013,0.007
2722,2017,03/15,12.758907892759272,Guaíra,32.0,0.45,0.9,0.013,0.007
2723,2018,03/15,12.583424500032356,Guaíra,32.0,0.45,0.9,0.013,0.007
2724,2019,03/15,13.199373421456698,Guaíra,32.0,0.45,0.9,0.013,0.007
2725,2020,03/15,12.781183773579885,Guaíra,32.0,0.45,0.9,0.013,0.007
2726,2021,03/15,12.707854689373656,Guaíra,32.0,0.45,0.9,0.013,0.007
2727,2022,03/15,11.868960430640042,Guaíra,32.0,0.45,0.9,0.013,0.007
2728,2023,03/15,12.95109974430926,Guaíra,32.0,0.45,0.9,0.013,0.007
2729,2024,03/15,13.12677707271704,Guaíra,32.0,0.45,0.9,0.013,0.007
2730,2015,03/15,13.224570206798356,Marechal Cândido Rondon,32.0,0.45,0.9,0.013,0.007
2731,2016,03/15,11.08955135453109,Marechal Cândido Rondon,32.0,0.45,0.9,0.013,0.007
2732,2017,03/15,12.859636149583382,Marechal Cândido Rondon,32.0,0.45,0.9,0.013,0.007
2733,2018,03/15,12.659899373598991,Marechal Cândido Rondon,32.0,0.45,0.9,0.013,0.007
2734,2019,03/15,13.223370748614894,Marechal Cândido Rondon,32.0,0.45,0.9,0.013,0.007
2735,2020,03/15,12.659495265053458,Marechal Cândido Rondon,32.0,0.45,0.9,0.013,0.007
2736,2021,03/15,12.929003311675817,Marechal Cândido Rondon,32.0,0.45,0.9,0.013,0.007
2737,2022,03/15,11.902568949530048,Marechal Cândido Rondon,32.0,0.45,0.9,0.013,0.007
2738,2023,03/15,13.081327914779058,Marechal Cândido Rondon,32.0,0.45,0.9,0.013,0.007
2739,2024,03/15,12.852466418154803,Marechal Cândido Rondon,32.0,0.45,0.9,0.013,0.007
2740,2015,03/15,12.457953882243967,Matelândia,32.0,0.45,0.9,0.013,0.007
2741,2016,03/15,9.61928611147576,Matelândia,32.0,0.45,0.9,0.013,0.007
2742,2017,03/15,12.073785847818248,Matelândia,32.0,0.45,0.9,0.013,0.007
2743,2018,03/15,11.390057395567128,Matelândia,32.0,0.45,0.9,0.013,0.007
2744,2019,03/15,12.494515651714249,Matelândia,32.0,0.45,0.9,0.013,0.007
2745,2020,03/15,11.29707346013385,Matelândia,32.0,0.45,0.9,0.013,0.007
2746,2021,03/15,12.158411809891568,Matelândia,32.0,0.45,0.9,0.013,0.007
2747,2022,03/15,10.839066590069182,Matelândia,32.0,0.45,0.9,0.013,0.007
2748,2023,03/15,12.4147698436436,Matelândia,32.0,0.45,0.9,0.013,0.007
2749,2024,03/15,11.82976980817021,Matelândia,32.0,0.45,0.9,0.013,0.007
2750,2015,03/15,12.89425548196551,Medianeira,32.0,0.45,0.9,0.013,0.007
2751,2016,03/15,10.43088815581022,Medianeira,32.0,0.45,0.9,0.013,0.007
2752,2017,03/15,12.519375543147467,Medianeira,32.0,0.45,0.9,0.013,0.007
2753,2018,03/15,11.904038767646249,Medianeira,32.0,0.45,0.9,0.013,0.007
2754,2019,03/15,12.84290083816997,Medianeira,32.0,0.45,0.9,0.013,0.007
2755,2020,03/15,11.681629204385201,Medianeira,32.0,0.45,0.9,0.013,0.007
2756,2021,03/15,12.462845227590925,Medianeira,32.0,0.45,0.9,0.013,0.007
2757,2022,03/15,11.326745151222495,Medianeira,32.0,0.45,0.9,0.013,0.007
2758,2023,03/15,12.899241305551728,Medianeira,32.0,0.45,0.9,0.013,0.007
2759,2024,03/15,11.828500459032359,Medianeira,32.0,0.45,0.9,0.013,0.007
2760,2015,03/15,13.182443372955593,Santa Helena,32.0,0.45,0.9,0.013,0.007
2761,2016,03/15,11.09218044586641,Santa Helena,32.0,0.45,0.9,0.013,0.007
2762,2017,03/15,12.858722385047551,Santa Helena,32.0,0.45,0.9,0.013,0.007
2763,2018,03/15,12.450317476848433,Santa Helena,32.0,0.45,0.9,0.013,0.007
2764,2019,03/15,13.10976133250993,Santa Helena,32.0,0.45,0.9,0.013,0.007
2765,2020,03/15,12.379694523999808,Santa Helena,32.0,0.45,0.9,0.013,0.007
2766,2021,03/15,12.806875733533843,Santa Helena,32.0,0.45,0.9,0.013,0.007
2767,2022,03/15,11.897702728930133,Santa Helena,32.0,0.45,0.9,0.013,0.007
2768,2023,03/15,13.134964909440662,Santa Helena,32.0,0.45,0.9,0.013,0.007
2769,2024,03/15,12.414263399194823,Santa Helena,32.0,0.45,0.9,0.013,0.007
2770,2015,03/15,12.894405915815355,São Miguel do Iguaçu,32.0,0.45,0.9,0.013,0.007
2771,2016,03/15,10.431069015824331,São Miguel do Iguaçu,32.0,0.45,0.9,0.013,0.007
2772,2017,03/15,12.519688975180722,São Miguel do Iguaçu,32.0,0.45,0.9,0.013,0.007
2773,2018,03/15,11.90414856397181,São Miguel do Iguaçu,32.0,0.45,0.9,0.013,0.007
2774,2019,03/15,12.843290564325828,São Miguel do Iguaçu,32.0,0.45,0.9,0.013,0.007
2775,2020,03/15,11.68203033693954,São Miguel do Iguaçu,32.0,0.45,0.9,0.013,0.007
2776,2021,03/15,12.463199965064128,São Miguel do Iguaçu,32.0,0.45,0.9,0.013,0.007
2777,2022,03/15,11.326745151222495,São Miguel do Iguaçu,32.0,0.45,0.9,0.013,0.007
2778,2023,03/15,12.899717753576804,São Miguel do Iguaçu,32.0,0.45,0.9,0.013,0.007
2779,2024,03/15,11.828729743987832,São Miguel do Iguaçu,32.0,0.45,0.9,0.013,0.007
2780,2015,03/15,12.169525378746622,São Pedro do Iguaçu,32.0,0.45,0.9,0.013,0.007
2781,2016,03/15,9.253587251054894,São Pedro do Iguaçu,32.0,0.45,0.9,0.013,0.007
2782,2017,03/15,11.715865176585595,São Pedro do Iguaçu,32.0,0.45,0.9,0.013,0.007
2783,2018,03/15,11.349808132271946,São Pedro do Iguaçu,32.0,0.45,0.9,0.013,0.007
2784,2019,03/15,12.306757569869685,São Pedro do Iguaçu,32.0,0.45,0.9,0.013,0.007
2785,2020,03/15,9.162675968121563,São Pedro do Iguaçu,32.0,0.45,0.9,0.013,0.007
2786,2021,03/15,11.93878063647126,São Pedro do Iguaçu,32.0,0.45,0.9,0.013,0.007
2787,2022,03/15,10.475627040114082,São Pedro do Iguaçu,32.0,0.45,0.9,0.013,0.007
2788,2023,03/15,12.149231585280402,São Pedro do Iguaçu,32.0,0.45,0.9,0.013,0.007
2789,2024,03/15,9.900479125579931,São Pedro do Iguaçu,32.0,0.45,0.9,0.013,0.007
2790,2015,03/15,12.687842444182627,Toledo,32.0,0.45,0.9,0.013,0.007
2791,2016,03/15,9.984057931360956,Toledo,32.0,0.45,0.9,0.013,0.007
2792,2017,03/15,12.141321121670385,Toledo,32.0,0.45,0.9,0.013,0.007
2793,2018,03/15,12.075875990259018,Toledo,32.0,0.45,0.9,0.013,0.007
2794,2019,03/15,12.733472680561428,Toledo,32.0,0.45,0.9,0.013,0.007
2795,2020,03/15,12.18426427256706,Toledo,32.0,0.45,0.9,0.013,0.007
2796,2021,03/15,12.406022349614814,Toledo,32.0,0.45,0.9,0.013,0.007
2797,2022,03/15,11.050325091903622,Toledo,32.0,0.45,0.9,0.013,0.007
2798,2023,03/15,12.564561590213696,Toledo,32.0,0.45,0.9,0.013,0.007
2799,2024,03/15,12.694950085036414,Toledo,32.0,0.45,0.9,0.013,0.007
2800,2015,03/15,12.512375193095533,Cascavel,32.0,0.45,0.95,0.012,0.006
2801,2016,03/15,9.132741860270816,Cascavel,32.0,0.45,0.95,0.012,0.006
2802,2017,03/15,11.7868104712121,Cascavel,32.0,0.45,0.95,0.012,0.006
2803,2018,03/15,11.419169014386425,Cascavel,32.0,0.45,0.95,0.012,0.006
2804,2019,03/15,12.521207582240745,Cascavel,32.0,0.45,0.95,0.012,0.006
2805,2020,03/15,7.855875388898296,Cascavel,32.0,0.45,0.95,0.012,0.006
2806,2021,03/15,11.869464003087256,Cascavel,32.0,0.45,0.95,0.012,0.006
2807,2022,03/15,10.684543883434031,Cascavel,32.0,0.45,0.95,0.012,0.006
2808,2023,03/15,11.964449235491593,Cascavel,32.0,0.45,0.95,0.012,0.006
2809,2024,03/15,12.398294843796593,Cascavel,32.0,0.45,0.95,0.012,0.006
2810,2015,03/15,13.297131508590851,Foz do Iguaçu,32.0,0.45,0.95,0.012,0.006
2811,2016,03/15,10.744458426827464,Foz do Iguaçu,32.0,0.45,0.95,0.012,0.006
2812,2017,03/15,12.903160862474365,Foz do Iguaçu,32.0,0.45,0.95,0.012,0.006
2813,2018,03/15,12.274329590529566,Foz do Iguaçu,32.0,0.45,0.95,0.012,0.006
2814,2019,03/15,13.245696956982238,Foz do Iguaçu,32.0,0.45,0.95,0.012,0.006
2815,2020,03/15,12.050290997425586,Foz do Iguaçu,32.0,0.45,0.95,0.012,0.006
2816,2021,03/15,12.846729886464702,Foz do Iguaçu,32.0,0.45,0.95,0.012,0.006
2817,2022,03/15,11.677937179460741,Foz do Iguaçu,32.0,0.45,0.95,0.012,0.006
2818,2023,03/15,13.301656227508918,Foz do Iguaçu,32.0,0.45,0.95,0.012,0.006
2819,2024,03/15,12.19495571665846,Foz do Iguaçu,32.0,0.45,0.95,0.012,0.006
2820,2015,03/15,13.622128171819393,Guaíra,32.0,0.45,0.95,0.012,0.006
2821,2016,03/15,11.320619554594744,Guaíra,32.0,0.45,0.95,0.012,0.006
2822,2017,03/15,13.150654327346727,Guaíra,32.0,0.45,0.95,0.012,0.006
2823,2018,03/15,12.97577565867812,Guaíra,32.0,0.45,0.95,0.012,0.006
2824,2019,03/15,13.613142843408056,Guaíra,32.0,0.45,0.95,0.012,0.006
2825,2020,03/15,13.185290534457744,Guaíra,32.0,0.45,0.95,0.012,0.006
2826,2021,03/15,13.101861723470465,Guaíra,32.0,0.45,0.95,0.012,0.006
2827,2022,03/15,12.239344242301144,Guaíra,32.0,0.45,0.95,0.012,0.006
2828,2023,03/15,13.357094945418751,Guaíra,32.0,0.45,0.95,0.012,0.006
2829,2024,03/15,13.536978255680667,Guaíra,32.0,0.45,0.95,0.012,0.006
2830,2015,03/15,13.639797018187874,Marechal Cândido Rondon,32.0,0.45,0.95,0.012,0.006
2831,2016,03/15,11.428363902113984,Marechal Cândido Rondon,32.0,0.45,0.95,0.012,0.006
2832,2017,03/15,13.254943748448634,Marechal Cândido Rondon,32.0,0.45,0.95,0.012,0.006
2833,2018,03/15,13.054805386403398,Marechal Cândido Rondon,32.0,0.45,0.95,0.012,0.006
2834,2019,03/15,13.637715360386498,Marechal Cândido Rondon,32.0,0.45,0.95,0.012,0.006
2835,2020,03/15,13.058980416366222,Marechal Cândido Rondon,32.0,0.45,0.95,0.012,0.006
2836,2021,03/15,13.330270485950528,Marechal Cândido Rondon,32.0,0.45,0.95,0.012,0.006
2837,2022,03/15,12.274252655838808,Marechal Cândido Rondon,32.0,0.45,0.95,0.012,0.006
2838,2023,03/15,13.491768478285184,Marechal Cândido Rondon,32.0,0.45,0.95,0.012,0.006
2839,2024,03/15,13.252674297839322,Marechal Cândido Rondon,32.0,0.45,0.95,0.012,0.006
2840,2015,03/15,12.84545710577593,Matelândia,32.0,0.45,0.95,0.012,0.006
2841,2016,03/15,9.905304221715573,Matelândia,32.0,0.45,0.95,0.012,0.006
2842,2017,03/15,12.442300783246846,Matelândia,32.0,0.45,0.95,0.012,0.006
2843,2018,03/15,11.742123757315456,Matelândia,32.0,0.45,0.95,0.012,0.006
2844,2019,03/15,12.88355624465423,Matelândia,32.0,0.45,0.95,0.012,0.006
2845,2020,03/15,11.653445210388085,Matelândia,32.0,0.45,0.95,0.012,0.006
2846,2021,03/15,12.531790078453762,Matelândia,32.0,0.45,0.95,0.012,0.006
2847,2022,03/15,11.175033117344404,Matelândia,32.0,0.45,0.95,0.012,0.006
2848,2023,03/15,12.801991175999676,Matelândia,32.0,0.45,0.95,0.012,0.006
2849,2024,03/15,12.196181794978912,Matelândia,32.0,0.45,0.95,0.012,0.006
2850,2015,03/15,13.29693578860902,Medianeira,32.0,0.45,0.95,0.012,0.006
2851,2016,03/15,10.744211539866031,Medianeira,32.0,0.45,0.95,0.012,0.006
2852,2017,03/15,12.90277453119254,Medianeira,32.0,0.45,0.95,0.012,0.006
2853,2018,03/15,12.274179871501605,Medianeira,32.0,0.45,0.95,0.012,0.006
2854,2019,03/15,13.245216350147016,Medianeira,32.0,0.45,0.95,0.012,0.006
2855,2020,03/15,12.049761799310788,Medianeira,32.0,0.45,0.95,0.012,0.006
2856,2021,03/15,12.844998665629548,Medianeira,32.0,0.45,0.95,0.012,0.006
2857,2022,03/15,11.677937179460741,Medianeira,32.0,0.45,0.95,0.012,0.006
2858,2023,03/15,13.301067445338115,Medianeira,32.0,0.45,0.95,0.012,0.006
2859,2024,03/15,12.194653923985033,Medianeira,32.0,0.45,0.95,0.012,0.006
2860,2015,03/15,13.596219515398534,Santa Helena,32.0,0.45,0.95,0.012,0.006
2861,2016,03/15,11.429299172184347,Santa Helena,32.0,0.45,0.95,0.012,0.006
2862,2017,03/15,13.253539634929762,Santa Helena,32.0,0.45,0.95,0.012,0.006
2863,2018,03/15,12.836572190094298,Santa Helena,32.0,0.45,0.95,0.012,0.006
2864,2019,03/15,13.520457171506493,Santa Helena,32.0,0.45,0.95,0.012,0.006
2865,2020,03/15,12.7695129352811,Santa Helena,32.0,0.45,0.95,0.012,0.006
2866,2021,03/15,13.204496228122405,Santa Helena,32.0,0.45,0.95,0.012,0.006
2867,2022,03/15,12.268284098838206,Santa Helena,32.0,0.45,0.95,0.012,0.006
2868,2023,03/15,13.546578310753157,Santa Helena,32.0,0.45,0.95,0.012,0.006
2869,2024,03/15,12.799480347274647,Santa Helena,32.0,0.45,0.95,0.012,0.006
2870,2015,03/15,13.297091045442999,São Miguel do Iguaçu,32.0,0.45,0.95,0.012,0.006
2871,2016,03/15,10.744404964768473,São Miguel do Iguaçu,32.0,0.45,0.95,0.012,0.006
2872,2017,03/15,12.90309864008063,São Miguel do Iguaçu,32.0,0.45,0.95,0.012,0.006
2873,2018,03/15,12.274304317915053,São Miguel do Iguaçu,32.0,0.45,0.95,0.012,0.006
2874,2019,03/15,13.245619149176685,São Miguel do Iguaçu,32.0,0.45,0.95,0.012,0.006
2875,2020,03/15,12.050188454232355,São Miguel do Iguaçu,32.0,0.45,0.95,0.012,0.006
2876,2021,03/15,12.846353800240514,São Miguel do Iguaçu,32.0,0.45,0.95,0.012,0.006
2877,2022,03/15,11.677937179460741,São Miguel do Iguaçu,32.0,0.45,0.95,0.012,0.006
2878,2023,03/15,13.301559846498003,São Miguel do Iguaçu,32.0,0.45,0.95,0.012,0.006
2879,2024,03/15,12.194891072683747,São Miguel do Iguaçu,32.0,0.45,0.95,0.012,0.006
2880,2015,03/15,12.546845484740894,São Pedro do Iguaçu,32.0,0.45,0.95,0.012,0.006
2881,2016,03/15,9.52700323676394,São Pedro do Iguaçu,32.0,0.45,0.95,0.012,0.006
2882,2017,03/15,12.072250604241592,São Pedro do Iguaçu,32.0,0.45,0.95,0.012,0.006
2883,2018,03/15,11.699087469186983,São Pedro do Iguaçu,32.0,0.45,0.95,0.012,0.006
2884,2019,03/15,12.688314217317862,São Pedro do Iguaçu,32.0,0.45,0.95,0.012,0.006
2885,2020,03/15,9.45228535579372,São Pedro do Iguaçu,32.0,0.45,0.95,0.012,0.006
2886,2021,03/15,12.304968179215999,São Pedro do Iguaçu,32.0,0.45,0.95,0.012,0.006
2887,2022,03/15,10.800233716388176,São Pedro do Iguaçu,32.0,0.45,0.95,0.012,0.006
2888,2023,03/15,12.52823909238219,São Pedro do Iguaçu,32.0,0.45,0.95,0.012,0.006
2889,2024,03/15,10.206777134500275,São Pedro do Iguaçu,32.0,0.45,0.95,0.012,0.006
2890,2015,03/15,13.08371900026919,Toledo,32.0,0.45,0.95,0.012,0.006
2891,2016,03/15,10.283377922427446,Toledo,32.0,0.45,0.95,0.012,0.006
2892,2017,03/15,12.512097983916371,Toledo,32.0,0.45,0.95,0.012,0.006
2893,2018,03/15,12.45128992524894,Toledo,32.0,0.45,0.95,0.012,0.006
2894,2019,03/15,13.130343081729986,Toledo,32.0,0.45,0.95,0.012,0.006
2895,2020,03/15,12.569951833577914,Toledo,32.0,0.45,0.95,0.012,0.006
2896,2021,03/15,12.788581112982914,Toledo,32.0,0.45,0.95,0.012,0.006
2897,2022,03/15,11.39397642552605,Toledo,32.0,0.45,0.95,0.012,0.006
2898,2023,03/15,12.957868481134003,Toledo,32.0,0.45,0.95,0.012,0.006
2899,2024,03/15,13.08971733449013,Toledo,32.0,0.45,0.95,0.012,0.006
2900,2015,03/15,12.512375193095533,Cascavel,32.0,0.45,0.95,0.012,0.007
2901,2016,03/15,9.132741860270816,Cascavel,32.0,0.45,0.95,0.012,0.007
2902,2017,03/15,11.7868104712121,Cascavel,32.0,0.45,0.95,0.012,0.007
2903,2018,03/15,11.419169014386425,Cascavel,32.0,0.45,0.95,0.012,0.007
2904,2019,03/15,12.521207582240745,Cascavel,32.0,0.45,0.95,0.012,0.007
2905,2020,03/15,7.855875388898296,Cascavel,32.0,0.45,0.95,0.012,0.007
2906,2021,03/15,11.869464003087256,Cascavel,32.0,0.45,0.95,0.012,0.007
2907,2022,03/15,10.684543883434031,Cascavel,32.0,0.45,0.95,0.012,0.007
2908,2023,03/15,11.964449235491593,Cascavel,32.0,0.45,0.95,0.012,0.007
2909,2024,03/15,12.398294843796593,Cascavel,32.0,0.45,0.95,0.012,0.007
2910,2015,03/15,13.297131508590851,Foz do Iguaçu,32.0,0.45,0.95,0.012,0.007
2911,2016,03/15,10.744458426827464,Foz do Iguaçu,32.0,0.45,0.95,0.012,0.007
2912,2017,03/15,12.903160862474365,Foz do Iguaçu,32.0,0.45,0.95,0.012,0.007
2913,2018,03/15,12.274329590529566,Foz do Iguaçu,32.0,0.45,0.95,0.012,0.007
2914,2019,03/15,13.245696956982238,Foz do Iguaçu,32.0,0.45,0.95,0.012,0.007
2915,2020,03/15,12.050290997425586,Foz do Iguaçu,32.0,0.45,0.95,0.012,0.007
2916,2021,03/15,12.846729886464702,Foz do Iguaçu,32.0,0.45,0.95,0.012,0.007
2917,2022,03/15,11.677937179460741,Foz do Iguaçu,32.0,0.45,0.95,0.012,0.007
2918,2023,03/15,13.301656227508918,Foz do Iguaçu,32.0,0.45,0.95,0.012,0.007
2919,2024,03/15,12.19495571665846,Foz do Iguaçu,32.0,0.45,0.95,0.012,0.007
2920,2015,03/15,13.622128171819393,Guaíra,32.0,0.45,0.95,0.012,0.007
2921,2016,03/15,11.320619554594744,Guaíra,32.0,0.45,0.95,0.012,0.007
2922,2017,03/15,13.150654327346727,Guaíra,32.0,0.45,0.95,0.012,0.007
2923,2018,03/15,12.97577565867812,Guaíra,32.0,0.45,0.95,0.012,0.007
2924,2019,03/15,13.613142843408056,Guaíra,32.0,0.45,0.95,0.012,0.007
2925,2020,03/15,13.185290534457744,Guaíra,32.0,0.45,0.95,0.012,0.007
2926,2021,03/15,13.101861723470465,Guaíra,32.0,0.45,0.95,0.012,0.007
2927,2022,03/15,12.239344242301144,Guaíra,32.0,0.45,0.95,0.012,0.007
2928,2023,03/15,13.357094945418751,Guaíra,32.0,0.45,0.95,0.012,0.007
2929,2024,03/15,13.536978255680667,Guaíra,32.0,0.45,0.95,0.012,0.007
2930,2015,03/15,13.639797018187874,Marechal Cândido Rondon,32.0,0.45,0.95,0.012,0.007
2931,2016,03/15,11.428363902113984,Marechal Cândido Rondon,32.0,0.45,0.95,0.012,0.007
2932,2017,03/15,13.254943748448634,Marechal Cândido Rondon,32.0,0.45,0.95,0.012,0.007
2933,2018,03/15,13.054805386403398,Marechal Cândido Rondon,32.0,0.45,0.95,0.012,0.007
2934,2019,03/15,13.637715360386498,Marechal Cândido Rondon,32.0,0.45,0.95,0.012,0.007
2935,2020,03/15,13.058980416366222,Marechal Cândido Rondon,32.0,0.45,0.95,0.012,0.007
2936,2021,03/15,13.330270485950528,Marechal Cândido Rondon,32.0,0.45,0.95,0.012,0.007
2937,2022,03/15,12.274252655838808,Marechal Cândido Rondon,32.0,0.45,0.95,0.012,0.007
2938,2023,03/15,13.491768478285184,Marechal Cândido Rondon,32.0,0.45,0.95,0.012,0.007
2939,2024,03/15,13.252674297839322,Marechal Cândido Rondon,32.0,0.45,0.95,0.012,0.007
2940,2015,03/15,12.84545710577593,Matelândia,32.0,0.45,0.95,0.012,0.007
2941,2016,03/15,9.905304221715573,Matelândia,32.0,0.45,0.95,0.012,0.007
2942,2017,03/15,12.442300783246846,Matelândia,32.0,0.45,0.95,0.012,0.007
2943,2018,03/15,11.742123757315456,Matelândia,32.0,0.45,0.95,0.012,0.007
2944,2019,03/15,12.88355624465423,Matelândia,32.0,0.45,0.95,0.012,0.007
2945,2020,03/15,11.653445210388085,Matelândia,32.0,0.45,0.95,0.012,0.007
2946,2021,03/15,12.531790078453762,Matelândia,32.0,0.45,0.95,0.012,0.007
2947,2022,03/15,11.175033117344404,Matelândia,32.0,0.45,0.95,0.012,0.007
2948,2023,03/15,12.801991175999676,Matelândia,32.0,0.45,0.95,0.012,0.007
2949,2024,03/15,12.196181794978912,Matelândia,32.0,0.45,0.95,0.012,0.007
2950,2015,03/15,13.29693578860902,Medianeira,32.0,0.45,0.95,0.012,0.007
2951,2016,03/15,10.744211539866031,Medianeira,32.0,0.45,0.95,0.012,0.007
2952,2017,03/15,12.90277453119254,Medianeira,32.0,0.45,0.95,0.012,0.007
2953,2018,03/15,12.274179871501605,Medianeira,32.0,0.45,0.95,0.012,0.007
2954,2019,03/15,13.245216350147016,Medianeira,32.0,0.45,0.95,0.012,0.007
2955,2020,03/15,12.049761799310788,Medianeira,32.0,0.45,0.95,0.012,0.007
2956,2021,03/15,12.844998665629548,Medianeira,32.0,0.45,0.95,0.012,0.007
2957,2022,03/15,11.677937179460741,Medianeira,32.0,0.45,0.95,0.012,0.007
2958,2023,03/15,13.301067445338115,Medianeira,32.0,0.45,0.95,0.012,0.007
2959,2024,03/15,12.194653923985033,Medianeira,32.0,0.45,0.95,0.012,0.007
2960,2015,03/15,13.596219515398534,Santa Helena,32.0,0.45,0.95,0.012,0.007
2961,2016,03/15,11.429299172184347,Santa Helena,32.0,0.45,0.95,0.012,0.007
2962,2017,03/15,13.253539634929762,Santa Helena,32.0,0.45,0.95,0.012,0.007
2963,2018,03/15,12.836572190094298,Santa Helena,32.0,0.45,0.95,0.012,0.007
2964,2019,03/15,13.520457171506493,Santa Helena,32.0,0.45,0.95,0.012,0.007
2965,2020,03/15,12.7695129352811,Santa Helena,32.0,0.45,0.95,0.012,0.007
2966,2021,03/15,13.204496228122405,Santa Helena,32.0,0.45,0.95,0.012,0.007
2967,2022,03/15,12.268284098838206,Santa Helena,32.0,0.45,0.95,0.012,0.007
2968,2023,03/15,13.546578310753157,Santa Helena,32.0,0.45,0.95,0.012,0.007
2969,2024,03/15,12.799480347274647,Santa Helena,32.0,0.45,0.95,0.012,0.007
2970,2015,03/15,13.297091045442999,São Miguel do Iguaçu,32.0,0.45,0.95,0.012,0.007
2971,2016,03/15,10.744404964768473,São Miguel do Iguaçu,32.0,0.45,0.95,0.012,0.007
2972,2017,03/15,12.90309864008063,São Miguel do Iguaçu,32.0,0.45,0.95,0.012,0.007
2973,2018,03/15,12.274304317915053,São Miguel do Iguaçu,32.0,0.45,0.95,0.012,0.007
2974,2019,03/15,13.245619149176685,São Miguel do Iguaçu,32.0,0.45,0.95,0.012,0.007
2975,2020,03/15,12.050188454232355,São Miguel do Iguaçu,32.0,0.45,0.95,0.012,0.007
2976,2021,03/15,12.846353800240514,São Miguel do Iguaçu,32.0,0.45,0.95,0.012,0.007
2977,2022,03/15,11.677937179460741,São Miguel do Iguaçu,32.0,0.45,0.95,0.012,0.007
2978,2023,03/15,13.301559846498003,São Miguel do Iguaçu,32.0,0.45,0.95,0.012,0.007
2979,2024,03/15,12.194891072683747,São Miguel do Iguaçu,32.0,0.45,0.95,0.012,0.007
2980,2015,03/15,12.546845484740894,São Pedro do Iguaçu,32.0,0.45,0.95,0.012,0.007
2981,2016,03/15,9.52700323676394,São Pedro do Iguaçu,32.0,0.45,0.95,0.012,0.007
2982,2017,03/15,12.072250604241592,São Pedro do Iguaçu,32.0,0.45,0.95,0.012,0.007
2983,2018,03/15,11.699087469186983,São Pedro do Iguaçu,32.0,0.45,0.95,0.012,0.007
2984,2019,03/15,12.688314217317862,São Pedro do Iguaçu,32.0,0.45,0.95,0.012,0.007
2985,2020,03/15,9.45228535579372,São Pedro do Iguaçu,32.0,0.45,0.95,0.012,0.007
2986,2021,03/15,12.304968179215999,São Pedro do Iguaçu,32.0,0.45,0.95,0.012,0.007
2987,2022,03/15,10.800233716388176,São Pedro do Iguaçu,32.0,0.45,0.95,0.012,0.007
2988,2023,03/15,12.52823909238219,São Pedro do Iguaçu,32.0,0.45,0.95,0.012,0.007
2989,2024,03/15,10.206777134500275,São Pedro do Iguaçu,32.0,0.45,0.95,0.012,0.007
2990,2015,03/15,13.08371900026919,Toledo,32.0,0.45,0.95,0.012,0.007
2991,2016,03/15,10.283377922427446,Toledo,32.0,0.45,0.95,0.012,0.007
2992,2017,03/15,12.512097983916371,Toledo,32.0,0.45,0.95,0.012,0.007
2993,2018,03/15,12.45128992524894,Toledo,32.0,0.45,0.95,0.012,0.007
2994,2019,03/15,13.130343081729986,Toledo,32.0,0.45,0.95,0.012,0.007
2995,2020,03/15,12.569951833577914,Toledo,32.0,0.45,0.95,0.012,0.007
2996,2021,03/15,12.788581112982914,Toledo,32.0,0.45,0.95,0.012,0.007
2997,2022,03/15,11.39397642552605,Toledo,32.0,0.45,0.95,0.012,0.007
2998,2023,03/15,12.957868481134003,Toledo,32.0,0.45,0.95,0.012,0.007
2999,2024,03/15,13.08971733449013,Toledo,32.0,0.45,0.95,0.012,0.007
3000,2015,03/15,12.512375193095533,Cascavel,32.0,0.45,0.95,0.013,0.006
3001,2016,03/15,9.132741860270816,Cascavel,32.0,0.45,0.95,0.013,0.006
3002,2017,03/15,11.7868104712121,Cascavel,32.0,0.45,0.95,0.013,0.006
3003,2018,03/15,11.419169014386425,Cascavel,32.0,0.45,0.95,0.013,0.006
3004,2019,03/15,12.521207582240745,Cascavel,32.0,0.45,0.95,0.013,0.006
3005,2020,03/15,7.855875388898296,Cascavel,32.0,0.45,0.95,0.013,0.006
3006,2021,03/15,11.869464003087256,Cascavel,32.0,0.45,0.95,0.013,0.006
3007,2022,03/15,10.684543883434031,Cascavel,32.0,0.45,0.95,0.013,0.006
3008,2023,03/15,11.964449235491593,Cascavel,32.0,0.45,0.95,0.013,0.006
3009,2024,03/15,12.398294843796593,Cascavel,32.0,0.45,0.95,0.013,0.006
3010,2015,03/15,13.297131508590851,Foz do Iguaçu,32.0,0.45,0.95,0.013,0.006
3011,2016,03/15,10.744458426827464,Foz do Iguaçu,32.0,0.45,0.95,0.013,0.006
3012,2017,03/15,12.903160862474365,Foz do Iguaçu,32.0,0.45,0.95,0.013,0.006
3013,2018,03/15,12.274329590529566,Foz do Iguaçu,32.0,0.45,0.95,0.013,0.006
3014,2019,03/15,13.245696956982238,Foz do Iguaçu,32.0,0.45,0.95,0.013,0.006
3015,2020,03/15,12.050290997425586,Foz do Iguaçu,32.0,0.45,0.95,0.013,0.006
3016,2021,03/15,12.846729886464702,Foz do Iguaçu,32.0,0.45,0.95,0.013,0.006
3017,2022,03/15,11.677937179460741,Foz do Iguaçu,32.0,0.45,0.95,0.013,0.006
3018,2023,03/15,13.301656227508918,Foz do Iguaçu,32.0,0.45,0.95,0.013,0.006
3019,2024,03/15,12.19495571665846,Foz do Iguaçu,32.0,0.45,0.95,0.013,0.006
3020,2015,03/15,13.622128171819393,Guaíra,32.0,0.45,0.95,0.013,0.006
3021,2016,03/15,11.320619554594744,Guaíra,32.0,0.45,0.95,0.013,0.006
3022,2017,03/15,13.150654327346727,Guaíra,32.0,0.45,0.95,0.013,0.006
3023,2018,03/15,12.97577565867812,Guaíra,32.0,0.45,0.95,0.013,0.006
3024,2019,03/15,13.613142843408056,Guaíra,32.0,0.45,0.95,0.013,0.006
3025,2020,03/15,13.185290534457744,Guaíra,32.0,0.45,0.95,0.013,0.006
3026,2021,03/15,13.101861723470465,Guaíra,32.0,0.45,0.95,0.013,0.006
3027,2022,03/15,12.239344242301144,Guaíra,32.0,0.45,0.95,0.013,0.006
3028,2023,03/15,13.357094945418751,Guaíra,32.0,0.45,0.95,0.013,0.006
3029,2024,03/15,13.536978255680667,Guaíra,32.0,0.45,0.95,0.013,0.006
3030,2015,03/15,13.639797018187874,Marechal Cândido Rondon,32.0,0.45,0.95,0.013,0.006
3031,2016,03/15,11.428363902113984,Marechal Cândido Rondon,32.0,0.45,0.95,0.013,0.006
3032,2017,03/15,13.254943748448634,Marechal Cândido Rondon,32.0,0.45,0.95,0.013,0.006
3033,2018,03/15,13.054805386403398,Marechal Cândido Rondon,32.0,0.45,0.95,0.013,0.006
3034,2019,03/15,13.637715360386498,Marechal Cândido Rondon,32.0,0.45,0.95,0.013,0.006
3035,2020,03/15,13.058980416366222,Marechal Cândido Rondon,32.0,0.45,0.95,0.013,0.006
3036,2021,03/15,13.330270485950528,Marechal Cândido Rondon,32.0,0.45,0.95,0.013,0.006
3037,2022,03/15,12.274252655838808,Marechal Cândido Rondon,32.0,0.45,0.95,0.013,0.006
3038,2023,03/15,13.491768478285184,Marechal Cândido Rondon,32.0,0.45,0.95,0.013,0.006
3039,2024,03/15,13.252674297839322,Marechal Cândido Rondon,32.0,0.45,0.95,0.013,0.006
3040,2015,03/15,12.84545710577593,Matelândia,32.0,0.45,0.95,0.013,0.006
3041,2016,03/15,9.905304221715573,Matelândia,32.0,0.45,0.95,0.013,0.006
3042,2017,03/15,12.442300783246846,Matelândia,32.0,0.45,0.95,0.013,0.006
3043,2018,03/15,11.742123757315456,Matelândia,32.0,0.45,0.95,0.013,0.006
3044,2019,03/15,12.88355624465423,Matelândia,32.0,0.45,0.95,0.013,0.006
3045,2020,03/15,11.653445210388085,Matelândia,32.0,0.45,0.95,0.013,0.006
3046,2021,03/15,12.531790078453762,Matelândia,32.0,0.45,0.95,0.013,0.006
3047,2022,03/15,11.175033117344404,Matelândia,32.0,0.45,0.95,0.013,0.006
3048,2023,03/15,12.801991175999676,Matelândia,32.0,0.45,0.95,0.013,0.006
3049,2024,03/15,12.196181794978912,Matelândia,32.0,0.45,0.95,0.013,0.006
3050,2015,03/15,13.29693578860902,Medianeira,32.0,0.45,0.95,0.013,0.006
3051,2016,03/15,10.744211539866031,Medianeira,32.0,0.45,0.95,0.013,0.006
3052,2017,03/15,12.90277453119254,Medianeira,32.0,0.45,0.95,0.013,0.006
3053,2018,03/15,12.274179871501605,Medianeira,32.0,0.45,0.95,0.013,0.006
3054,2019,03/15,13.245216350147016,Medianeira,32.0,0.45,0.95,0.013,0.006
3055,2020,03/15,12.049761799310788,Medianeira,32.0,0.45,0.95,0.013,0.006
3056,2021,03/15,12.844998665629548,Medianeira,32.0,0.45,0.95,0.013,0.006
3057,2022,03/15,11.677937179460741,Medianeira,32.0,0.45,0.95,0.013,0.006
3058,2023,03/15,13.301067445338115,Medianeira,32.0,0.45,0.95,0.013,0.006
3059,2024,03/15,12.194653923985033,Medianeira,32.0,0.45,0.95,0.013,0.006
3060,2015,03/15,13.596219515398534,Santa Helena,32.0,0.45,0.95,0.013,0.006
3061,2016,03/15,11.429299172184347,Santa Helena,32.0,0.45,0.95,0.013,0.006
3062,2017,03/15,13.253539634929762,Santa Helena,32.0,0.45,0.95,0.013,0.006
3063,2018,03/15,12.836572190094298,Santa Helena,32.0,0.45,0.95,0.013,0.006
3064,2019,03/15,13.520457171506493,Santa Helena,32.0,0.45,0.95,0.013,0.006
3065,2020,03/15,12.7695129352811,Santa Helena,32.0,0.45,0.95,0.013,0.006
3066,2021,03/15,13.204496228122405,Santa Helena,32.0,0.45,0.95,0.013,0.006
3067,2022,03/15,12.268284098838206,Santa Helena,32.0,0.45,0.95,0.013,0.006
3068,2023,03/15,13.546578310753157,Santa Helena,32.0,0.45,0.95,0.013,0.006
3069,2024,03/15,12.799480347274647,Santa Helena,32.0,0.45,0.95,0.013,0.006
3070,2015,03/15,13.297091045442999,São Miguel do Iguaçu,32.0,0.45,0.95,0.013,0.006
3071,2016,03/15,10.744404964768473,São Miguel do Iguaçu,32.0,0.45,0.95,0.013,0.006
3072,2017,03/15,12.90309864008063,São Miguel do Iguaçu,32.0,0.45,0.95,0.013,0.006
3073,2018,03/15,12.274304317915053,São Miguel do Iguaçu,32.0,0.45,0.95,0.013,0.006
3074,2019,03/15,13.245619149176685,São Miguel do Iguaçu,32.0,0.45,0.95,0.013,0.006
3075,2020,03/15,12.050188454232355,São Miguel do Iguaçu,32.0,0.45,0.95,0.013,0.006
3076,2021,03/15,12.846353800240514,São Miguel do Iguaçu,32.0,0.45,0.95,0.013,0.006
3077,2022,03/15,11.677937179460741,São Miguel do Iguaçu,32.0,0.45,0.95,0.013,0.006
3078,2023,03/15,13.301559846498003,São Miguel do Iguaçu,32.0,0.45,0.95,0.013,0.006
3079,2024,03/15,12.194891072683747,São Miguel do Iguaçu,32.0,0.45,0.95,0.013,0.006
3080,2015,03/15,12.546845484740894,São Pedro do Iguaçu,32.0,0.45,0.95,0.013,0.006
3081,2016,03/15,9.52700323676394,São Pedro do Iguaçu,32.0,0.45,0.95,0.013,0.006
3082,2017,03/15,12.072250604241592,São Pedro do Iguaçu,32.0,0.45,0.95,0.013,0.006
3083,2018,03/15,11.699087469186983,São Pedro do Iguaçu,32.0,0.45,0.95,0.013,0.006
3084,2019,03/15,12.688314217317862,São Pedro do Iguaçu,32.0,0.45,0.95,0.013,0.006
3085,2020,03/15,9.45228535579372,São Pedro do Iguaçu,32.0,0.45,0.95,0.013,0.006
3086,2021,03/15,12.304968179215999,São Pedro do Iguaçu,32.0,0.45,0.95,0.013,0.006
3087,2022,03/15,10.800233716388176,São Pedro do Iguaçu,32.0,0.45,0.95,0.013,0.006
3088,2023,03/15,12.52823909238219,São Pedro do Iguaçu,32.0,0.45,0.95,0.013,0.006
3089,2024,03/15,10.206777134500275,São Pedro do Iguaçu,32.0,0.45,0.95,0.013,0.006
3090,2015,03/15,13.08371900026919,Toledo,32.0,0.45,0.95,0.013,0.006
3091,2016,03/15,10.283377922427446,Toledo,32.0,0.45,0.95,0.013,0.006
3092,2017,03/15,12.512097983916371,Toledo,32.0,0.45,0.95,0.013,0.006
3093,2018,03/15,12.45128992524894,Toledo,32.0,0.45,0.95,0.013,0.006
3094,2019,03/15,13.130343081729986,Toledo,32.0,0.45,0.95,0.013,0.006
3095,2020,03/15,12.569951833577914,Toledo,32.0,0.45,0.95,0.013,0.006
3096,2021,03/15,12.788581112982914,Toledo,32.0,0.45,0.95,0.013,0.006
3097,2022,03/15,11.39397642552605,Toledo,32.0,0.45,0.95,0.013,0.006
3098,2023,03/15,12.957868481134003,Toledo,32.0,0.45,0.95,0.013,0.006
3099,2024,03/15,13.08971733449013,Toledo,32.0,0.45,0.95,0.013,0.006
3100,2015,03/15,12.512375193095533,Cascavel,32.0,0.45,0.95,0.013,0.007
3101,2016,03/15,9.132741860270816,Cascavel,32.0,0.45,0.95,0.013,0.007
3102,2017,03/15,11.7868104712121,Cascavel,32.0,0.45,0.95,0.013,0.007
3103,2018,03/15,11.419169014386425,Cascavel,32.0,0.45,0.95,0.013,0.007
3104,2019,03/15,12.521207582240745,Cascavel,32.0,0.45,0.95,0.013,0.007
3105,2020,03/15,7.855875388898296,Cascavel,32.0,0.45,0.95,0.013,0.007
3106,2021,03/15,11.869464003087256,Cascavel,32.0,0.45,0.95,0.013,0.007
3107,2022,03/15,10.684543883434031,Cascavel,32.0,0.45,0.95,0.013,0.007
3108,2023,03/15,11.964449235491593,Cascavel,32.0,0.45,0.95,0.013,0.007
3109,2024,03/15,12.398294843796593,Cascavel,32.0,0.45,0.95,0.013,0.007
3110,2015,03/15,13.297131508590851,Foz do Iguaçu,32.0,0.45,0.95,0.013,0.007
3111,2016,03/15,10.744458426827464,Foz do Iguaçu,32.0,0.45,0.95,0.013,0.007
3112,2017,03/15,12.903160862474365,Foz do Iguaçu,32.0,0.45,0.95,0.013,0.007
3113,2018,03/15,12.274329590529566,Foz do Iguaçu,32.0,0.45,0.95,0.013,0.007
3114,2019,03/15,13.245696956982238,Foz do Iguaçu,32.0,0.45,0.95,0.013,0.007
3115,2020,03/15,12.050290997425586,Foz do Iguaçu,32.0,0.45,0.95,0.013,0.007
3116,2021,03/15,12.846729886464702,Foz do Iguaçu,32.0,0.45,0.95,0.013,0.007
3117,2022,03/15,11.677937179460741,Foz do Iguaçu,32.0,0.45,0.95,0.013,0.007
3118,2023,03/15,13.301656227508918,Foz do Iguaçu,32.0,0.45,0.95,0.013,0.007
3119,2024,03/15,12.19495571665846,Foz do Iguaçu,32.0,0.45,0.95,0.013,0.007
3120,2015,03/15,13.622128171819393,Guaíra,32.0,0.45,0.95,0.013,0.007
3121,2016,03/15,11.320619554594744,Guaíra,32.0,0.45,0.95,0.013,0.007
3122,2017,03/15,13.150654327346727,Guaíra,32.0,0.45,0.95,0.013,0.007
3123,2018,03/15,12.97577565867812,Guaíra,32.0,0.45,0.95,0.013,0.007
3124,2019,03/15,13.613142843408056,Guaíra,32.0,0.45,0.95,0.013,0.007
3125,2020,03/15,13.185290534457744,Guaíra,32.0,0.45,0.95,0.013,0.007
3126,2021,03/15,13.101861723470465,Guaíra,32.0,0.45,0.95,0.013,0.007
3127,2022,03/15,12.239344242301144,Guaíra,32.0,0.45,0.95,0.013,0.007
3128,2023,03/15,13.357094945418751,Guaíra,32.0,0.45,0.95,0.013,0.007
3129,2024,03/15,13.536978255680667,Guaíra,32.0,0.45,0.95,0.013,0.007
3130,2015,03/15,13.639797018187874,Marechal Cândido Rondon,32.0,0.45,0.95,0.013,0.007
3131,2016,03/15,11.428363902113984,Marechal Cândido Rondon,32.0,0.45,0.95,0.013,0.007
3132,2017,03/15,13.254943748448634,Marechal Cândido Rondon,32.0,0.45,0.95,0.013,0.007
3133,2018,03/15,13.054805386403398,Marechal Cândido Rondon,32.0,0.45,0.95,0.013,0.007
3134,2019,03/15,13.637715360386498,Marechal Cândido Rondon,32.0,0.45,0.95,0.013,0.007
3135,2020,03/15,13.058980416366222,Marechal Cândido Rondon,32.0,0.45,0.95,0.013,0.007
3136,2021,03/15,13.330270485950528,Marechal Cândido Rondon,32.0,0.45,0.95,0.013,0.007
3137,2022,03/15,12.274252655838808,Marechal Cândido Rondon,32.0,0.45,0.95,0.013,0.007
3138,2023,03/15,13.491768478285184,Marechal Cândido Rondon,32.0,0.45,0.95,0.013,0.007
3139,2024,03/15,13.252674297839322,Marechal Cândido Rondon,32.0,0.45,0.95,0.013,0.007
3140,2015,03/15,12.84545710577593,Matelândia,32.0,0.45,0.95,0.013,0.007
3141,2016,03/15,9.905304221715573,Matelândia,32.0,0.45,0.95,0.013,0.007
3142,2017,03/15,12.442300783246846,Matelândia,32.0,0.45,0.95,0.013,0.007
3143,2018,03/15,11.742123757315456,Matelândia,32.0,0.45,0.95,0.013,0.007
3144,2019,03/15,12.88355624465423,Matelândia,32.0,0.45,0.95,0.013,0.007
3145,2020,03/15,11.653445210388085,Matelândia,32.0,0.45,0.95,0.013,0.007
3146,2021,03/15,12.531790078453762,Matelândia,32.0,0.45,0.95,0.013,0.007
3147,2022,03/15,11.175033117344404,Matelândia,32.0,0.45,0.95,0.013,0.007
3148,2023,03/15,12.801991175999676,Matelândia,32.0,0.45,0.95,0.013,0.007
3149,2024,03/15,12.196181794978912,Matelândia,32.0,0.45,0.95,0.013,0.007
3150,2015,03/15,13.29693578860902,Medianeira,32.0,0.45,0.95,0.013,0.007
3151,2016,03/15,10.744211539866031,Medianeira,32.0,0.45,0.95,0.013,0.007
3152,2017,03/15,12.90277453119254,Medianeira,32.0,0.45,0.95,0.013,0.007
3153,2018,03/15,12.274179871501605,Medianeira,32.0,0.45,0.95,0.013,0.007
3154,2019,03/15,13.245216350147016,Medianeira,32.0,0.45,0.95,0.013,0.007
3155,2020,03/15,12.049761799310788,Medianeira,32.0,0.45,0.95,0.013,0.007
3156,2021,03/15,12.844998665629548,Medianeira,32.0,0.45,0.95,0.013,0.007
3157,2022,03/15,11.677937179460741,Medianeira,32.0,0.45,0.95,0.013,0.007
3158,2023,03/15,13.301067445338115,Medianeira,32.0,0.45,0.95,0.013,0.007
3159,2024,03/15,12.194653923985033,Medianeira,32.0,0.45,0.95,0.013,0.007
3160,2015,03/15,13.596219515398534,Santa Helena,32.0,0.45,0.95,0.013,0.007
3161,2016,03/15,11.429299172184347,Santa Helena,32.0,0.45,0.95,0.013,0.007
3162,2017,03/15,13.253539634929762,Santa Helena,32.0,0.45,0.95,0.013,0.007
3163,2018,03/15,12.836572190094298,Santa Helena,32.0,0.45,0.95,0.013,0.007
3164,2019,03/15,13.520457171506493,Santa Helena,32.0,0.45,0.95,0.013,0.007
3165,2020,03/15,12.7695129352811,Santa Helena,32.0,0.45,0.95,0.013,0.007
3166,2021,03/15,13.204496228122405,Santa Helena,32.0,0.45,0.95,0.013,0.007
3167,2022,03/15,12.268284098838206,Santa Helena,32.0,0.45,0.95,0.013,0.007
3168,2023,03/15,13.546578310753157,Santa Helena,32.0,0.45,0.95,0.013,0.007
3169,2024,03/15,12.799480347274647,Santa Helena,32.0,0.45,0.95,0.013,0.007
3170,2015,03/15,13.297091045442999,São Miguel do Iguaçu,32.0,0.45,0.95,0.013,0.007
3171,2016,03/15,10.744404964768473,São Miguel do Iguaçu,32.0,0.45,0.95,0.013,0.007
3172,2017,03/15,12.90309864008063,São Miguel do Iguaçu,32.0,0.45,0.95,0.013,0.007
3173,2018,03/15,12.274304317915053,São Miguel do Iguaçu,32.0,0.45,0.95,0.013,0.007
3174,2019,03/15,13.245619149176685,São Miguel do Iguaçu,32.0,0.45,0.95,0.013,0.007
3175,2020,03/15,12.050188454232355,São Miguel do Iguaçu,32.0,0.45,0.95,0.013,0.007
3176,2021,03/15,12.846353800240514,São Miguel do Iguaçu,32.0,0.45,0.95,0.013,0.007
3177,2022,03/15,11.677937179460741,São Miguel do Iguaçu,32.0,0.45,0.95,0.013,0.007
3178,2023,03/15,13.301559846498003,São Miguel do Iguaçu,32.0,0.45,0.95,0.013,0.007
3179,2024,03/15,12.194891072683747,São Miguel do Iguaçu,32.0,0.45,0.95,0.013,0.007
3180,2015,03/15,12.546845484740894,São Pedro do Iguaçu,32.0,0.45,0.95,0.013,0.007
3181,2016,03/15,9.52700323676394,São Pedro do Iguaçu,32.0,0.45,0.95,0.013,0.007
3182,2017,03/15,12.072250604241592,São Pedro do Iguaçu,32.0,0.45,0.95,0.013,0.007
3183,2018,03/15,11.699087469186983,São Pedro do Iguaçu,32.0,0.45,0.95,0.013,0.007
3184,2019,03/15,12.688314217317862,São Pedro do Iguaçu,32.0,0.45,0.95,0.013,0.007
3185,2020,03/15,9.45228535579372,São Pedro do Iguaçu,32.0,0.45,0.95,0.013,0.007
3186,2021,03/15,12.304968179215999,São Pedro do Iguaçu,32.0,0.45,0.95,0.013,0.007
3187,2022,03/15,10.800233716388176,São Pedro do Iguaçu,32.0,0.45,0.95,0.013,0.007
3188,2023,03/15,12.52823909238219,São Pedro do Iguaçu,32.0,0.45,0.95,0.013,0.007
3189,2024,03/15,10.206777134500275,São Pedro do Iguaçu,32.0,0.45,0.95,0.013,0.007
3190,2015,03/15,13.08371900026919,Toledo,32.0,0.45,0.95,0.013,0.007
3191,2016,03/15,10.283377922427446,Toledo,32.0,0.45,0.95,0.013,0.007
3192,2017,03/15,12.512097983916371,Toledo,32.0,0.45,0.95,0.013,0.007
3193,2018,03/15,12.45128992524894,Toledo,32.0,0.45,0.95,0.013,0.007
3194,2019,03/15,13.130343081729986,Toledo,32.0,0.45,0.95,0.013,0.007
3195,2020,03/15,12.569951833577914,Toledo,32.0,0.45,0.95,0.013,0.007
3196,2021,03/15,12.788581112982914,Toledo,32.0,0.45,0.95,0.013,0.007
3197,2022,03/15,11.39397642552605,Toledo,32.0,0.45,0.95,0.013,0.007
3198,2023,03/15,12.957868481134003,Toledo,32.0,0.45,0.95,0.013,0.007
3199,2024,03/15,13.08971733449013,Toledo,32.0,0.45,0.95,0.013,0.007
3200,2015,03/15,12.945010601207938,Cascavel,32.0,0.48,0.9,0.012,0.006
3201,2016,03/15,9.462885947854835,Cascavel,32.0,0.48,0.9,0.012,0.006
3202,2017,03/15,12.203083312225878,Cascavel,32.0,0.48,0.9,0.012,0.006
3203,2018,03/15,11.818178298711391,Cascavel,32.0,0.48,0.9,0.012,0.006
3204,2019,03/15,12.956021941205712,Cascavel,32.0,0.48,0.9,0.012,0.006
3205,2020,03/15,8.122659783581916,Cascavel,32.0,0.48,0.9,0.012,0.006
3206,2021,03/15,12.286402786974941,Cascavel,32.0,0.48,0.9,0.012,0.006
3207,2022,03/15,11.054130266731121,Cascavel,32.0,0.48,0.9,0.012,0.006
3208,2023,03/15,12.377266997606558,Cascavel,32.0,0.48,0.9,0.012,0.006
3209,2024,03/15,12.82689349081721,Cascavel,32.0,0.48,0.9,0.012,0.006
3210,2015,03/15,13.75407479490749,Foz do Iguaçu,32.0,0.48,0.9,0.012,0.006
3211,2016,03/15,11.12652845435514,Foz do Iguaçu,32.0,0.48,0.9,0.012,0.006
3212,2017,03/15,13.354399096748871,Foz do Iguaçu,32.0,0.48,0.9,0.012,0.006
3213,2018,03/15,12.697783033466244,Foz do Iguaçu,32.0,0.48,0.9,0.012,0.006
3214,2019,03/15,13.69959023847361,Foz do Iguaçu,32.0,0.48,0.9,0.012,0.006
3215,2020,03/15,12.46093696895653,Foz do Iguaçu,32.0,0.48,0.9,0.012,0.006
3216,2021,03/15,13.294169195978824,Foz do Iguaçu,32.0,0.48,0.9,0.012,0.006
3217,2022,03/15,12.081861494637332,Foz do Iguaçu,32.0,0.48,0.9,0.012,0.006
3218,2023,03/15,13.75979842641202,Foz do Iguaçu,32.0,0.48,0.9,0.012,0.006
3219,2024,03/15,12.617378400339058,Foz do Iguaçu,32.0,0.48,0.9,0.012,0.006
3220,2015,03/15,14.087608333831088,Guaíra,32.0,0.48,0.9,0.012,0.006
3221,2016,03/15,11.717107395621953,Guaíra,32.0,0.48,0.9,0.012,0.006
3222,2017,03/15,13.609501752276557,Guaíra,32.0,0.48,0.9,0.012,0.006
3223,2018,03/15,13.42231946670118,Guaíra,32.0,0.48,0.9,0.012,0.006
3224,2019,03/15,14.079331649553811,Guaíra,32.0,0.48,0.9,0.012,0.006
3225,2020,03/15,13.633262691818544,Guaíra,32.0,0.48,0.9,0.012,0.006
3226,2021,03/15,13.555045001998566,Guaíra,32.0,0.48,0.9,0.012,0.006
3227,2022,03/15,12.660224459349376,Guaíra,32.0,0.48,0.9,0.012,0.006
3228,2023,03/15,13.814506393929879,Guaíra,32.0,0.48,0.9,0.012,0.006
3229,2024,03/15,14.001895544231509,Guaíra,32.0,0.48,0.9,0.012,0.006
3230,2015,03/15,14.106208220584914,Marechal Cândido Rondon,32.0,0.48,0.9,0.012,0.006
3231,2016,03/15,11.828854778166496,Marechal Cândido Rondon,32.0,0.48,0.9,0.012,0.006
3232,2017,03/15,13.716945226222276,Marechal Cândido Rondon,32.0,0.48,0.9,0.012,0.006
3233,2018,03/15,13.503892665172256,Marechal Cândido Rondon,32.0,0.48,0.9,0.012,0.006
3234,2019,03/15,14.104928798522554,Marechal Cândido Rondon,32.0,0.48,0.9,0.012,0.006
3235,2020,03/15,13.503461616057022,Marechal Cândido Rondon,32.0,0.48,0.9,0.012,0.006
3236,2021,03/15,13.79093686578754,Marechal Cândido Rondon,32.0,0.48,0.9,0.012,0.006
3237,2022,03/15,12.696073546165385,Marechal Cândido Rondon,32.0,0.48,0.9,0.012,0.006
3238,2023,03/15,13.953416442430996,Marechal Cândido Rondon,32.0,0.48,0.9,0.012,0.006
3239,2024,03/15,13.709297512698457,Marechal Cândido Rondon,32.0,0.48,0.9,0.012,0.006
3240,2015,03/15,13.288484141060232,Matelândia,32.0,0.48,0.9,0.012,0.006
3241,2016,03/15,10.260571852240812,Matelândia,32.0,0.48,0.9,0.012,0.006
3242,2017,03/15,12.878704904339465,Matelândia,32.0,0.48,0.9,0.012,0.006
3243,2018,03/15,12.149394555271604,Matelândia,32.0,0.48,0.9,0.012,0.006
3244,2019,03/15,13.327483361828532,Matelândia,32.0,0.48,0.9,0.012,0.006
3245,2020,03/15,12.05021169080944,Matelândia,32.0,0.48,0.9,0.012,0.006
3246,2021,03/15,12.968972597217672,Matelândia,32.0,0.48,0.9,0.012,0.006
3247,2022,03/15,11.561671029407128,Matelândia,32.0,0.48,0.9,0.012,0.006
3248,2023,03/15,13.242421166553173,Matelândia,32.0,0.48,0.9,0.012,0.006
3249,2024,03/15,12.618421128714893,Matelândia,32.0,0.48,0.9,0.012,0.006
3250,2015,03/15,13.753872514096544,Medianeira,32.0,0.48,0.9,0.012,0.006
3251,2016,03/15,11.1262806995309,Medianeira,32.0,0.48,0.9,0.012,0.006
3252,2017,03/15,13.354000579357296,Medianeira,32.0,0.48,0.9,0.012,0.006
3253,2018,03/15,12.697641352155998,Medianeira,32.0,0.48,0.9,0.012,0.006
3254,2019,03/15,13.699094227381302,Medianeira,32.0,0.48,0.9,0.012,0.006
3255,2020,03/15,12.460404484677548,Medianeira,32.0,0.48,0.9,0.012,0.006
3256,2021,03/15,13.293701576096986,Medianeira,32.0,0.48,0.9,0.012,0.006
3257,2022,03/15,12.08186149463733,Medianeira,32.0,0.48,0.9,0.012,0.006
3258,2023,03/15,13.759190725921842,Medianeira,32.0,0.48,0.9,0.012,0.006
3259,2024,03/15,12.617067156301182,Medianeira,32.0,0.48,0.9,0.012,0.006
3260,2015,03/15,14.061272931152633,Santa Helena,32.0,0.48,0.9,0.012,0.006
3261,2016,03/15,11.831659142257504,Santa Helena,32.0,0.48,0.9,0.012,0.006
3262,2017,03/15,13.715970544050723,Santa Helena,32.0,0.48,0.9,0.012,0.006
3263,2018,03/15,13.28033864197166,Santa Helena,32.0,0.48,0.9,0.012,0.006
3264,2019,03/15,13.983745421343926,Santa Helena,32.0,0.48,0.9,0.012,0.006
3265,2020,03/15,13.205007492266462,Santa Helena,32.0,0.48,0.9,0.012,0.006
3266,2021,03/15,13.660667449102764,Santa Helena,32.0,0.48,0.9,0.012,0.006
3267,2022,03/15,12.690882910858809,Santa Helena,32.0,0.48,0.9,0.012,0.006
3268,2023,03/15,14.010629236736703,Santa Helena,32.0,0.48,0.9,0.012,0.006
3269,2024,03/15,13.241880959141145,Santa Helena,32.0,0.48,0.9,0.012,0.006
3270,2015,03/15,13.754032976869713,São Miguel do Iguaçu,32.0,0.48,0.9,0.012,0.006
3271,2016,03/15,11.126473616879286,São Miguel do Iguaçu,32.0,0.48,0.9,0.012,0.006
3272,2017,03/15,13.354334906859439,São Miguel do Iguaçu,32.0,0.48,0.9,0.012,0.006
3273,2018,03/15,12.697758468236598,São Miguel do Iguaçu,32.0,0.48,0.9,0.012,0.006
3274,2019,03/15,13.699509935280883,São Miguel do Iguaçu,32.0,0.48,0.9,0.012,0.006
3275,2020,03/15,12.460832359402177,São Miguel do Iguaçu,32.0,0.48,0.9,0.012,0.006
3276,2021,03/15,13.294079962735067,São Miguel do Iguaçu,32.0,0.48,0.9,0.012,0.006
3277,2022,03/15,12.08186149463733,São Miguel do Iguaçu,32.0,0.48,0.9,0.012,0.006
3278,2023,03/15,13.75969893714859,São Miguel do Iguaçu,32.0,0.48,0.9,0.012,0.006
3279,2024,03/15,12.617311726920352,São Miguel do Iguaçu,32.0,0.48,0.9,0.012,0.006
3280,2015,03/15,12.980827070663064,São Pedro do Iguaçu,32.0,0.48,0.9,0.012,0.006
3281,2016,03/15,9.870493067791884,São Pedro do Iguaçu,32.0,0.48,0.9,0.012,0.006
3282,2017,03/15,12.496922855024636,São Pedro do Iguaçu,32.0,0.48,0.9,0.012,0.006
3283,2018,03/15,12.106462007756742,São Pedro do Iguaçu,32.0,0.48,0.9,0.012,0.006
3284,2019,03/15,13.127208074527664,São Pedro do Iguaçu,32.0,0.48,0.9,0.012,0.006
3285,2020,03/15,9.773521032663002,São Pedro do Iguaçu,32.0,0.48,0.9,0.012,0.006
3286,2021,03/15,12.734699345569341,São Pedro do Iguaçu,32.0,0.48,0.9,0.012,0.006
3287,2022,03/15,11.174002176121688,São Pedro do Iguaçu,32.0,0.48,0.9,0.012,0.006
3288,2023,03/15,12.95918035763243,São Pedro do Iguaçu,32.0,0.48,0.9,0.012,0.006
3289,2024,03/15,10.560511067285262,São Pedro do Iguaçu,32.0,0.48,0.9,0.012,0.006
3290,2015,03/15,13.533698607128136,Toledo,32.0,0.48,0.9,0.012,0.006
3291,2016,03/15,10.649661793451687,Toledo,32.0,0.48,0.9,0.012,0.006
3292,2017,03/15,12.950742529781746,Toledo,32.0,0.48,0.9,0.012,0.006
3293,2018,03/15,12.88093438960962,Toledo,32.0,0.48,0.9,0.012,0.006
3294,2019,03/15,13.582370859265524,Toledo,32.0,0.48,0.9,0.012,0.006
3295,2020,03/15,12.99654855740486,Toledo,32.0,0.48,0.9,0.012,0.006
3296,2021,03/15,13.233090506255802,Toledo,32.0,0.48,0.9,0.012,0.006
3297,2022,03/15,11.787013431363862,Toledo,32.0,0.48,0.9,0.012,0.006
3298,2023,03/15,13.402199029561276,Toledo,32.0,0.48,0.9,0.012,0.006
3299,2024,03/15,13.541280090705508,Toledo,32.0,0.48,0.9,0.012,0.006
3300,2015,03/15,12.945010601207938,Cascavel,32.0,0.48,0.9,0.012,0.007
3301,2016,03/15,9.462885947854835,Cascavel,32.0,0.48,0.9,0.012,0.007
3302,2017,03/15,12.203083312225878,Cascavel,32.0,0.48,0.9,0.012,0.007
3303,2018,03/15,11.818178298711391,Cascavel,32.0,0.48,0.9,0.012,0.007
3304,2019,03/15,12.956021941205712,Cascavel,32.0,0.48,0.9,0.012,0.007
3305,2020,03/15,8.122659783581916,Cascavel,32.0,0.48,0.9,0.012,0.007
3306,2021,03/15,12.286402786974941,Cascavel,32.0,0.48,0.9,0.012,0.007
3307,2022,03/15,11.054130266731121,Cascavel,32.0,0.48,0.9,0.012,0.007
3308,2023,03/15,12.377266997606558,Cascavel,32.0,0.48,0.9,0.012,0.007
3309,2024,03/15,12.82689349081721,Cascavel,32.0,0.48,0.9,0.012,0.007
3310,2015,03/15,13.75407479490749,Foz do Iguaçu,32.0,0.48,0.9,0.012,0.007
3311,2016,03/15,11.12652845435514,Foz do Iguaçu,32.0,0.48,0.9,0.012,0.007
3312,2017,03/15,13.354399096748871,Foz do Iguaçu,32.0,0.48,0.9,0.012,0.007
3313,2018,03/15,12.697783033466244,Foz do Iguaçu,32.0,0.48,0.9,0.012,0.007
3314,2019,03/15,13.69959023847361,Foz do Iguaçu,32.0,0.48,0.9,0.012,0.007
3315,2020,03/15,12.46093696895653,Foz do Iguaçu,32.0,0.48,0.9,0.012,0.007
3316,2021,03/15,13.294169195978824,Foz do Iguaçu,32.0,0.48,0.9,0.012,0.007
3317,2022,03/15,12.081861494637332,Foz do Iguaçu,32.0,0.48,0.9,0.012,0.007
3318,2023,03/15,13.75979842641202,Foz do Iguaçu,32.0,0.48,0.9,0.012,0.007
3319,2024,03/15,12.617378400339058,Foz do Iguaçu,32.0,0.48,0.9,0.012,0.007
3320,2015,03/15,14.087608333831088,Guaíra,32.0,0.48,0.9,0.012,0.007
3321,2016,03/15,11.717107395621953,Guaíra,32.0,0.48,0.9,0.012,0.007
3322,2017,03/15,13.609501752276557,Guaíra,32.0,0.48,0.9,0.012,0.007
3323,2018,03/15,13.42231946670118,Guaíra,32.0,0.48,0.9,0.012,0.007
3324,2019,03/15,14.079331649553811,Guaíra,32.0,0.48,0.9,0.012,0.007
3325,2020,03/15,13.633262691818544,Guaíra,32.0,0.48,0.9,0.012,0.007
3326,2021,03/15,13.555045001998566,Guaíra,32.0,0.48,0.9,0.012,0.007
3327,2022,03/15,12.660224459349376,Guaíra,32.0,0.48,0.9,0.012,0.007
3328,2023,03/15,13.814506393929879,Guaíra,32.0,0.48,0.9,0.012,0.007
3329,2024,03/15,14.001895544231509,Guaíra,32.0,0.48,0.9,0.012,0.007
3330,2015,03/15,14.106208220584914,Marechal Cândido Rondon,32.0,0.48,0.9,0.012,0.007
3331,2016,03/15,11.828854778166496,Marechal Cândido Rondon,32.0,0.48,0.9,0.012,0.007
3332,2017,03/15,13.716945226222276,Marechal Cândido Rondon,32.0,0.48,0.9,0.012,0.007
3333,2018,03/15,13.503892665172256,Marechal Cândido Rondon,32.0,0.48,0.9,0.012,0.007
3334,2019,03/15,14.104928798522554,Marechal Cândido Rondon,32.0,0.48,0.9,0.012,0.007
3335,2020,03/15,13.503461616057022,Marechal Cândido Rondon,32.0,0.48,0.9,0.012,0.007
3336,2021,03/15,13.79093686578754,Marechal Cândido Rondon,32.0,0.48,0.9,0.012,0.007
3337,2022,03/15,12.696073546165385,Marechal Cândido Rondon,32.0,0.48,0.9,0.012,0.007
3338,2023,03/15,13.953416442430996,Marechal Cândido Rondon,32.0,0.48,0.9,0.012,0.007
3339,2024,03/15,13.709297512698457,Marechal Cândido Rondon,32.0,0.48,0.9,0.012,0.007
3340,2015,03/15,13.288484141060232,Matelândia,32.0,0.48,0.9,0.012,0.007
3341,2016,03/15,10.260571852240812,Matelândia,32.0,0.48,0.9,0.012,0.007
3342,2017,03/15,12.878704904339465,Matelândia,32.0,0.48,0.9,0.012,0.007
3343,2018,03/15,12.149394555271604,Matelândia,32.0,0.48,0.9,0.012,0.007
3344,2019,03/15,13.327483361828532,Matelândia,32.0,0.48,0.9,0.012,0.007
3345,2020,03/15,12.05021169080944,Matelândia,32.0,0.48,0.9,0.012,0.007
3346,2021,03/15,12.968972597217672,Matelândia,32.0,0.48,0.9,0.012,0.007
3347,2022,03/15,11.561671029407128,Matelândia,32.0,0.48,0.9,0.012,0.007
3348,2023,03/15,13.242421166553173,Matelândia,32.0,0.48,0.9,0.012,0.007
3349,2024,03/15,12.618421128714893,Matelândia,32.0,0.48,0.9,0.012,0.007
3350,2015,03/15,13.753872514096544,Medianeira,32.0,0.48,0.9,0.012,0.007
3351,2016,03/15,11.1262806995309,Medianeira,32.0,0.48,0.9,0.012,0.007
3352,2017,03/15,13.354000579357296,Medianeira,32.0,0.48,0.9,0.012,0.007
3353,2018,03/15,12.697641352155998,Medianeira,32.0,0.48,0.9,0.012,0.007
3354,2019,03/15,13.699094227381302,Medianeira,32.0,0.48,0.9,0.012,0.007
3355,2020,03/15,12.460404484677548,Medianeira,32.0,0.48,0.9,0.012,0.007
3356,2021,03/15,13.293701576096986,Medianeira,32.0,0.48,0.9,0.012,0.007
3357,2022,03/15,12.08186149463733,Medianeira,32.0,0.48,0.9,0.012,0.007
3358,2023,03/15,13.759190725921842,Medianeira,32.0,0.48,0.9,0.012,0.007
3359,2024,03/15,12.617067156301182,Medianeira,32.0,0.48,0.9,0.012,0.007
3360,2015,03/15,14.061272931152633,Santa Helena,32.0,0.48,0.9,0.012,0.007
3361,2016,03/15,11.831659142257504,Santa Helena,32.0,0.48,0.9,0.012,0.007
3362,2017,03/15,13.715970544050723,Santa Helena,32.0,0.48,0.9,0.012,0.007
3363,2018,03/15,13.28033864197166,Santa Helena,32.0,0.48,0.9,0.012,0.007
3364,2019,03/15,13.983745421343926,Santa Helena,32.0,0.48,0.9,0.012,0.007
3365,2020,03/15,13.205007492266462,Santa Helena,32.0,0.48,0.9,0.012,0.007
3366,2021,03/15,13.660667449102764,Santa Helena,32.0,0.48,0.9,0.012,0.007
3367,2022,03/15,12.690882910858809,Santa Helena,32.0,0.48,0.9,0.012,0.007
3368,2023,03/15,14.010629236736703,Santa Helena,32.0,0.48,0.9,0.012,0.007
3369,2024,03/15,13.241880959141145,Santa Helena,32.0,0.48,0.9,0.012,0.007
3370,2015,03/15,13.754032976869713,São Miguel do Iguaçu,32.0,0.48,0.9,0.012,0.007
3371,2016,03/15,11.126473616879286,São Miguel do Iguaçu,32.0,0.48,0.9,0.012,0.007
3372,2017,03/15,13.354334906859439,São Miguel do Iguaçu,32.0,0.48,0.9,0.012,0.007
3373,2018,03/15,12.697758468236598,São Miguel do Iguaçu,32.0,0.48,0.9,0.012,0.007
3374,2019,03/15,13.699509935280883,São Miguel do Iguaçu,32.0,0.48,0.9,0.012,0.007
3375,2020,03/15,12.460832359402177,São Miguel do Iguaçu,32.0,0.48,0.9,0.012,0.007
3376,2021,03/15,13.294079962735067,São Miguel do Iguaçu,32.0,0.48,0.9,0.012,0.007
3377,2022,03/15,12.08186149463733,São Miguel do Iguaçu,32.0,0.48,0.9,0.012,0.007
3378,2023,03/15,13.75969893714859,São Miguel do Iguaçu,32.0,0.48,0.9,0.012,0.007
3379,2024,03/15,12.617311726920352,São Miguel do Iguaçu,32.0,0.48,0.9,0.012,0.007
3380,2015,03/15,12.980827070663064,São Pedro do Iguaçu,32.0,0.48,0.9,0.012,0.007
3381,2016,03/15,9.870493067791884,São Pedro do Iguaçu,32.0,0.48,0.9,0.012,0.007
3382,2017,03/15,12.496922855024636,São Pedro do Iguaçu,32.0,0.48,0.9,0.012,0.007
3383,2018,03/15,12.106462007756742,São Pedro do Iguaçu,32.0,0.48,0.9,0.012,0.007
3384,2019,03/15,13.127208074527664,São Pedro do Iguaçu,32.0,0.48,0.9,0.012,0.007
3385,2020,03/15,9.773521032663002,São Pedro do Iguaçu,32.0,0.48,0.9,0.012,0.007
3386,2021,03/15,12.734699345569341,São Pedro do Iguaçu,32.0,0.48,0.9,0.012,0.007
3387,2022,03/15,11.174002176121688,São Pedro do Iguaçu,32.0,0.48,0.9,0.012,0.007
3388,2023,03/15,12.95918035763243,São Pedro do Iguaçu,32.0,0.48,0.9,0.012,0.007
3389,2024,03/15,10.560511067285262,São Pedro do Iguaçu,32.0,0.48,0.9,0.012,0.007
3390,2015,03/15,13.533698607128136,Toledo,32.0,0.48,0.9,0.012,0.007
3391,2016,03/15,10.649661793451687,Toledo,32.0,0.48,0.9,0.012,0.007
3392,2017,03/15,12.950742529781746,Toledo,32.0,0.48,0.9,0.012,0.007
3393,2018,03/15,12.88093438960962,Toledo,32.0,0.48,0.9,0.012,0.007
3394,2019,03/15,13.582370859265524,Toledo,32.0,0.48,0.9,0.012,0.007
3395,2020,03/15,12.99654855740486,Toledo,32.0,0.48,0.9,0.012,0.007
3396,2021,03/15,13.233090506255802,Toledo,32.0,0.48,0.9,0.012,0.007
3397,2022,03/15,11.787013431363862,Toledo,32.0,0.48,0.9,0.012,0.007
3398,2023,03/15,13.402199029561276,Toledo,32.0,0.48,0.9,0.012,0.007
3399,2024,03/15,13.541280090705508,Toledo,32.0,0.48,0.9,0.012,0.007
3400,2015,03/15,12.945010601207938,Cascavel,32.0,0.48,0.9,0.013,0.006
3401,2016,03/15,9.462885947854835,Cascavel,32.0,0.48,0.9,0.013,0.006
3402,2017,03/15,12.203083312225878,Cascavel,32.0,0.48,0.9,0.013,0.006
3403,2018,03/15,11.818178298711391,Cascavel,32.0,0.48,0.9,0.013,0.006
3404,2019,03/15,12.956021941205712,Cascavel,32.0,0.48,0.9,0.013,0.006
3405,2020,03/15,8.122659783581916,Cascavel,32.0,0.48,0.9,0.013,0.006
3406,2021,03/15,12.286402786974941,Cascavel,32.0,0.48,0.9,0.013,0.006
3407,2022,03/15,11.054130266731121,Cascavel,32.0,0.48,0.9,0.013,0.006
3408,2023,03/15,12.377266997606558,Cascavel,32.0,0.48,0.9,0.013,0.006
3409,2024,03/15,12.82689349081721,Cascavel,32.0,0.48,0.9,0.013,0.006
3410,2015,03/15,13.75407479490749,Foz do Iguaçu,32.0,0.48,0.9,0.013,0.006
3411,2016,03/15,11.12652845435514,Foz do Iguaçu,32.0,0.48,0.9,0.013,0.006
3412,2017,03/15,13.354399096748871,Foz do Iguaçu,32.0,0.48,0.9,0.013,0.006
3413,2018,03/15,12.697783033466244,Foz do Iguaçu,32.0,0.48,0.9,0.013,0.006
3414,2019,03/15,13.69959023847361,Foz do Iguaçu,32.0,0.48,0.9,0.013,0.006
3415,2020,03/15,12.46093696895653,Foz do Iguaçu,32.0,0.48,0.9,0.013,0.006
3416,2021,03/15,13.294169195978824,Foz do Iguaçu,32.0,0.48,0.9,0.013,0.006
3417,2022,03/15,12.081861494637332,Foz do Iguaçu,32.0,0.48,0.9,0.013,0.006
3418,2023,03/15,13.75979842641202,Foz do Iguaçu,32.0,0.48,0.9,0.013,0.006
3419,2024,03/15,12.617378400339058,Foz do Iguaçu,32.0,0.48,0.9,0.013,0.006
3420,2015,03/15,14.087608333831088,Guaíra,32.0,0.48,0.9,0.013,0.006
3421,2016,03/15,11.717107395621953,Guaíra,32.0,0.48,0.9,0.013,0.006
3422,2017,03/15,13.609501752276557,Guaíra,32.0,0.48,0.9,0.013,0.006
3423,2018,03/15,13.42231946670118,Guaíra,32.0,0.48,0.9,0.013,0.006
3424,2019,03/15,14.079331649553811,Guaíra,32.0,0.48,0.9,0.013,0.006
3425,2020,03/15,13.633262691818544,Guaíra,32.0,0.48,0.9,0.013,0.006
3426,2021,03/15,13.555045001998566,Guaíra,32.0,0.48,0.9,0.013,0.006
3427,2022,03/15,12.660224459349376,Guaíra,32.0,0.48,0.9,0.013,0.006
3428,2023,03/15,13.814506393929879,Guaíra,32.0,0.48,0.9,0.013,0.006
3429,2024,03/15,14.001895544231509,Guaíra,32.0,0.48,0.9,0.013,0.006
3430,2015,03/15,14.106208220584914,Marechal Cândido Rondon,32.0,0.48,0.9,0.013,0.006
3431,2016,03/15,11.828854778166496,Marechal Cândido Rondon,32.0,0.48,0.9,0.013,0.006
3432,2017,03/15,13.716945226222276,Marechal Cândido Rondon,32.0,0.48,0.9,0.013,0.006
3433,2018,03/15,13.503892665172256,Marechal Cândido Rondon,32.0,0.48,0.9,0.013,0.006
3434,2019,03/15,14.104928798522554,Marechal Cândido Rondon,32.0,0.48,0.9,0.013,0.006
3435,2020,03/15,13.503461616057022,Marechal Cândido Rondon,32.0,0.48,0.9,0.013,0.006
3436,2021,03/15,13.79093686578754,Marechal Cândido Rondon,32.0,0.48,0.9,0.013,0.006
3437,2022,03/15,12.696073546165385,Marechal Cândido Rondon,32.0,0.48,0.9,0.013,0.006
3438,2023,03/15,13.953416442430996,Marechal Cândido Rondon,32.0,0.48,0.9,0.013,0.006
3439,2024,03/15,13.709297512698457,Marechal Cândido Rondon,32.0,0.48,0.9,0.013,0.006
3440,2015,03/15,13.288484141060232,Matelândia,32.0,0.48,0.9,0.013,0.006
3441,2016,03/15,10.260571852240812,Matelândia,32.0,0.48,0.9,0.013,0.006
3442,2017,03/15,12.878704904339465,Matelândia,32.0,0.48,0.9,0.013,0.006
3443,2018,03/15,12.149394555271604,Matelândia,32.0,0.48,0.9,0.013,0.006
3444,2019,03/15,13.327483361828532,Matelândia,32.0,0.48,0.9,0.013,0.006
3445,2020,03/15,12.05021169080944,Matelândia,32.0,0.48,0.9,0.013,0.006
3446,2021,03/15,12.968972597217672,Matelândia,32.0,0.48,0.9,0.013,0.006
3447,2022,03/15,11.561671029407128,Matelândia,32.0,0.48,0.9,0.013,0.006
3448,2023,03/15,13.242421166553173,Matelândia,32.0,0.48,0.9,0.013,0.006
3449,2024,03/15,12.618421128714893,Matelândia,32.0,0.48,0.9,0.013,0.006
3450,2015,03/15,13.753872514096544,Medianeira,32.0,0.48,0.9,0.013,0.006
3451,2016,03/15,11.1262806995309,Medianeira,32.0,0.48,0.9,0.013,0.006
3452,2017,03/15,13.354000579357296,Medianeira,32.0,0.48,0.9,0.013,0.006
3453,2018,03/15,12.697641352155998,Medianeira,32.0,0.48,0.9,0.013,0.006
3454,2019,03/15,13.699094227381302,Medianeira,32.0,0.48,0.9,0.013,0.006
3455,2020,03/15,12.460404484677548,Medianeira,32.0,0.48,0.9,0.013,0.006
3456,2021,03/15,13.293701576096986,Medianeira,32.0,0.48,0.9,0.013,0.006
3457,2022,03/15,12.08186149463733,Medianeira,32.0,0.48,0.9,0.013,0.006
3458,2023,03/15,13.759190725921842,Medianeira,32.0,0.48,0.9,0.013,0.006
3459,2024,03/15,12.617067156301182,Medianeira,32.0,0.48,0.9,0.013,0.006
3460,2015,03/15,14.061272931152633,Santa Helena,32.0,0.48,0.9,0.013,0.006
3461,2016,03/15,11.831659142257504,Santa Helena,32.0,0.48,0.9,0.013,0.006
3462,2017,03/15,13.715970544050723,Santa Helena,32.0,0.48,0.9,0.013,0.006
3463,2018,03/15,13.28033864197166,Santa Helena,32.0,0.48,0.9,0.013,0.006
3464,2019,03/15,13.983745421343926,Santa Helena,32.0,0.48,0.9,0.013,0.006
3465,2020,03/15,13.205007492266462,Santa Helena,32.0,0.48,0.9,0.013,0.006
3466,2021,03/15,13.660667449102764,Santa Helena,32.0,0.48,0.9,0.013,0.006
3467,2022,03/15,12.690882910858809,Santa Helena,32.0,0.48,0.9,0.013,0.006
3468,2023,03/15,14.010629236736703,Santa Helena,32.0,0.48,0.9,0.013,0.006
3469,2024,03/15,13.241880959141145,Santa Helena,32.0,0.48,0.9,0.013,0.006
3470,2015,03/15,13.754032976869713,São Miguel do Iguaçu,32.0,0.48,0.9,0.013,0.006
3471,2016,03/15,11.126473616879286,São Miguel do Iguaçu,32.0,0.48,0.9,0.013,0.006
3472,2017,03/15,13.354334906859439,São Miguel do Iguaçu,32.0,0.48,0.9,0.013,0.006
3473,2018,03/15,12.697758468236598,São Miguel do Iguaçu,32.0,0.48,0.9,0.013,0.006
3474,2019,03/15,13.699509935280883,São Miguel do Iguaçu,32.0,0.48,0.9,0.013,0.006
3475,2020,03/15,12.460832359402177,São Miguel do Iguaçu,32.0,0.48,0.9,0.013,0.006
3476,2021,03/15,13.294079962735067,São Miguel do Iguaçu,32.0,0.48,0.9,0.013,0.006
3477,2022,03/15,12.08186149463733,São Miguel do Iguaçu,32.0,0.48,0.9,0.013,0.006
3478,2023,03/15,13.75969893714859,São Miguel do Iguaçu,32.0,0.48,0.9,0.013,0.006
3479,2024,03/15,12.617311726920352,São Miguel do Iguaçu,32.0,0.48,0.9,0.013,0.006
3480,2015,03/15,12.980827070663064,São Pedro do Iguaçu,32.0,0.48,0.9,0.013,0.006
3481,2016,03/15,9.870493067791884,São Pedro do Iguaçu,32.0,0.48,0.9,0.013,0.006
3482,2017,03/15,12.496922855024636,São Pedro do Iguaçu,32.0,0.48,0.9,0.013,0.006
3483,2018,03/15,12.106462007756742,São Pedro do Iguaçu,32.0,0.48,0.9,0.013,0.006
3484,2019,03/15,13.127208074527664,São Pedro do Iguaçu,32.0,0.48,0.9,0.013,0.006
3485,2020,03/15,9.773521032663002,São Pedro do Iguaçu,32.0,0.48,0.9,0.013,0.006
3486,2021,03/15,12.734699345569341,São Pedro do Iguaçu,32.0,0.48,0.9,0.013,0.006
3487,2022,03/15,11.174002176121688,São Pedro do Iguaçu,32.0,0.48,0.9,0.013,0.006
3488,2023,03/15,12.95918035763243,São Pedro do Iguaçu,32.0,0.48,0.9,0.013,0.006
3489,2024,03/15,10.560511067285262,São Pedro do Iguaçu,32.0,0.48,0.9,0.013,0.006
3490,2015,03/15,13.533698607128136,Toledo,32.0,0.48,0.9,0.013,0.006
3491,2016,03/15,10.649661793451687,Toledo,32.0,0.48,0.9,0.013,0.006
3492,2017,03/15,12.950742529781746,Toledo,32.0,0.48,0.9,0.013,0.006
3493,2018,03/15,12.88093438960962,Toledo,32.0,0.48,0.9,0.013,0.006
3494,2019,03/15,13.582370859265524,Toledo,32.0,0.48,0.9,0.013,0.006
3495,2020,03/15,12.99654855740486,Toledo,32.0,0.48,0.9,0.013,0.006
3496,2021,03/15,13.233090506255802,Toledo,32.0,0.48,0.9,0.013,0.006
3497,2022,03/15,11.787013431363862,Toledo,32.0,0.48,0.9,0.013,0.006
3498,2023,03/15,13.402199029561276,Toledo,32.0,0.48,0.9,0.013,0.006
3499,2024,03/15,13.541280090705508,Toledo,32.0,0.48,0.9,0.013,0.006
3500,2015,03/15,12.945010601207938,Cascavel,32.0,0.48,0.9,0.013,0.007
3501,2016,03/15,9.462885947854835,Cascavel,32.0,0.48,0.9,0.013,0.007
3502,2017,03/15,12.203083312225878,Cascavel,32.0,0.48,0.9,0.013,0.007
3503,2018,03/15,11.818178298711391,Cascavel,32.0,0.48,0.9,0.013,0.007
3504,2019,03/15,12.956021941205712,Cascavel,32.0,0.48,0.9,0.013,0.007
3505,2020,03/15,8.122659783581916,Cascavel,32.0,0.48,0.9,0.013,0.007
3506,2021,03/15,12.286402786974941,Cascavel,32.0,0.48,0.9,0.013,0.007
3507,2022,03/15,11.054130266731121,Cascavel,32.0,0.48,0.9,0.013,0.007
3508,2023,03/15,12.377266997606558,Cascavel,32.0,0.48,0.9,0.013,0.007
3509,2024,03/15,12.82689349081721,Cascavel,32.0,0.48,0.9,0.013,0.007
3510,2015,03/15,13.75407479490749,Foz do Iguaçu,32.0,0.48,0.9,0.013,0.007
3511,2016,03/15,11.12652845435514,Foz do Iguaçu,32.0,0.48,0.9,0.013,0.007
3512,2017,03/15,13.354399096748871,Foz do Iguaçu,32.0,0.48,0.9,0.013,0.007
3513,2018,03/15,12.697783033466244,Foz do Iguaçu,32.0,0.48,0.9,0.013,0.007
3514,2019,03/15,13.69959023847361,Foz do Iguaçu,32.0,0.48,0.9,0.013,0.007
3515,2020,03/15,12.46093696895653,Foz do Iguaçu,32.0,0.48,0.9,0.013,0.007
3516,2021,03/15,13.294169195978824,Foz do Iguaçu,32.0,0.48,0.9,0.013,0.007
3517,2022,03/15,12.081861494637332,Foz do Iguaçu,32.0,0.48,0.9,0.013,0.007
3518,2023,03/15,13.75979842641202,Foz do Iguaçu,32.0,0.48,0.9,0.013,0.007
3519,2024,03/15,12.617378400339058,Foz do Iguaçu,32.0,0.48,0.9,0.013,0.007
3520,2015,03/15,14.087608333831088,Guaíra,32.0,0.48,0.9,0.013,0.007
3521,2016,03/15,11.717107395621953,Guaíra,32.0,0.48,0.9,0.013,0.007
3522,2017,03/15,13.609501752276557,Guaíra,32.0,0.48,0.9,0.013,0.007
3523,2018,03/15,13.42231946670118,Guaíra,32.0,0.48,0.9,0.013,0.007
3524,2019,03/15,14.079331649553811,Guaíra,32.0,0.48,0.9,0.013,0.007
3525,2020,03/15,13.633262691818544,Guaíra,32.0,0.48,0.9,0.013,0.007
3526,2021,03/15,13.555045001998566,Guaíra,32.0,0.48,0.9,0.013,0.007
3527,2022,03/15,12.660224459349376,Guaíra,32.0,0.48,0.9,0.013,0.007
3528,2023,03/15,13.814506393929879,Guaíra,32.0,0.48,0.9,0.013,0.007
3529,2024,03/15,14.001895544231509,Guaíra,32.0,0.48,0.9,0.013,0.007
3530,2015,03/15,14.106208220584914,Marechal Cândido Rondon,32.0,0.48,0.9,0.013,0.007
3531,2016,03/15,11.828854778166496,Marechal Cândido Rondon,32.0,0.48,0.9,0.013,0.007
3532,2017,03/15,13.716945226222276,Marechal Cândido Rondon,32.0,0.48,0.9,0.013,0.007
3533,2018,03/15,13.503892665172256,Marechal Cândido Rondon,32.0,0.48,0.9,0.013,0.007
3534,2019,03/15,14.104928798522554,Marechal Cândido Rondon,32.0,0.48,0.9,0.013,0.007
3535,2020,03/15,13.503461616057022,Marechal Cândido Rondon,32.0,0.48,0.9,0.013,0.007
3536,2021,03/15,13.79093686578754,Marechal Cândido Rondon,32.0,0.48,0.9,0.013,0.007
3537,2022,03/15,12.696073546165385,Marechal Cândido Rondon,32.0,0.48,0.9,0.013,0.007
3538,2023,03/15,13.953416442430996,Marechal Cândido Rondon,32.0,0.48,0.9,0.013,0.007
3539,2024,03/15,13.709297512698457,Marechal Cândido Rondon,32.0,0.48,0.9,0.013,0.007
3540,2015,03/15,13.288484141060232,Matelândia,32.0,0.48,0.9,0.013,0.007
3541,2016,03/15,10.260571852240812,Matelândia,32.0,0.48,0.9,0.013,0.007
3542,2017,03/15,12.878704904339465,Matelândia,32.0,0.48,0.9,0.013,0.007
3543,2018,03/15,12.149394555271604,Matelândia,32.0,0.48,0.9,0.013,0.007
3544,2019,03/15,13.327483361828532,Matelândia,32.0,0.48,0.9,0.013,0.007
3545,2020,03/15,12.05021169080944,Matelândia,32.0,0.48,0.9,0.013,0.007
3546,2021,03/15,12.968972597217672,Matelândia,32.0,0.48,0.9,0.013,0.007
3547,2022,03/15,11.561671029407128,Matelândia,32.0,0.48,0.9,0.013,0.007
3548,2023,03/15,13.242421166553173,Matelândia,32.0,0.48,0.9,0.013,0.007
3549,2024,03/15,12.618421128714893,Matelândia,32.0,0.48,0.9,0.013,0.007
3550,2015,03/15,13.753872514096544,Medianeira,32.0,0.48,0.9,0.013,0.007
3551,2016,03/15,11.1262806995309,Medianeira,32.0,0.48,0.9,0.013,0.007
3552,2017,03/15,13.354000579357296,Medianeira,32.0,0.48,0.9,0.013,0.007
3553,2018,03/15,12.697641352155998,Medianeira,32.0,0.48,0.9,0.013,0.007
3554,2019,03/15,13.699094227381302,Medianeira,32.0,0.48,0.9,0.013,0.007
3555,2020,03/15,12.460404484677548,Medianeira,32.0,0.48,0.9,0.013,0.007
3556,2021,03/15,13.293701576096986,Medianeira,32.0,0.48,0.9,0.013,0.007
3557,2022,03/15,12.08186149463733,Medianeira,32.0,0.48,0.9,0.013,0.007
3558,2023,03/15,13.759190725921842,Medianeira,32.0,0.48,0.9,0.013,0.007
3559,2024,03/15,12.617067156301182,Medianeira,32.0,0.48,0.9,0.013,0.007
3560,2015,03/15,14.061272931152633,Santa Helena,32.0,0.48,0.9,0.013,0.007
3561,2016,03/15,11.831659142257504,Santa Helena,32.0,0.48,0.9,0.013,0.007
3562,2017,03/15,13.715970544050723,Santa Helena,32.0,0.48,0.9,0.013,0.007
3563,2018,03/15,13.28033864197166,Santa Helena,32.0,0.48,0.9,0.013,0.007
3564,2019,03/15,13.983745421343926,Santa Helena,32.0,0.48,0.9,0.013,0.007
3565,2020,03/15,13.205007492266462,Santa Helena,32.0,0.48,0.9,0.013,0.007
3566,2021,03/15,13.660667449102764,Santa Helena,32.0,0.48,0.9,0.013,0.007
3567,2022,03/15,12.690882910858809,Santa Helena,32.0,0.48,0.9,0.013,0.007
3568,2023,03/15,14.010629236736703,Santa Helena,32.0,0.48,0.9,0.013,0.007
3569,2024,03/15,13.241880959141145,Santa Helena,32.0,0.48,0.9,0.013,0.007
3570,2015,03/15,13.754032976869713,São Miguel do Iguaçu,32.0,0.48,0.9,0.013,0.007
3571,2016,03/15,11.126473616879286,São Miguel do Iguaçu,32.0,0.48,0.9,0.013,0.007
3572,2017,03/15,13.354334906859439,São Miguel do Iguaçu,32.0,0.48,0.9,0.013,0.007
3573,2018,03/15,12.697758468236598,São Miguel do Iguaçu,32.0,0.48,0.9,0.013,0.007
3574,2019,03/15,13.699509935280883,São Miguel do Iguaçu,32.0,0.48,0.9,0.013,0.007
3575,2020,03/15,12.460832359402177,São Miguel do Iguaçu,32.0,0.48,0.9,0.013,0.007
3576,2021,03/15,13.294079962735067,São Miguel do Iguaçu,32.0,0.48,0.9,0.013,0.007
3577,2022,03/15,12.08186149463733,São Miguel do Iguaçu,32.0,0.48,0.9,0.013,0.007
3578,2023,03/15,13.75969893714859,São Miguel do Iguaçu,32.0,0.48,0.9,0.013,0.007
3579,2024,03/15,12.617311726920352,São Miguel do Iguaçu,32.0,0.48,0.9,0.013,0.007
3580,2015,03/15,12.980827070663064,São Pedro do Iguaçu,32.0,0.48,0.9,0.013,0.007
3581,2016,03/15,9.870493067791884,São Pedro do Iguaçu,32.0,0.48,0.9,0.013,0.007
3582,2017,03/15,12.496922855024636,São Pedro do Iguaçu,32.0,0.48,0.9,0.013,0.007
3583,2018,03/15,12.106462007756742,São Pedro do Iguaçu,32.0,0.48,0.9,0.013,0.007
3584,2019,03/15,13.127208074527664,São Pedro do Iguaçu,32.0,0.48,0.9,0.013,0.007
3585,2020,03/15,9.773521032663002,São Pedro do Iguaçu,32.0,0.48,0.9,0.013,0.007
3586,2021,03/15,12.734699345569341,São Pedro do Iguaçu,32.0,0.48,0.9,0.013,0.007
3587,2022,03/15,11.174002176121688,São Pedro do Iguaçu,32.0,0.48,0.9,0.013,0.007
3588,2023,03/15,12.95918035763243,São Pedro do Iguaçu,32.0,0.48,0.9,0.013,0.007
3589,2024,03/15,10.560511067285262,São Pedro do Iguaçu,32.0,0.48,0.9,0.013,0.007
3590,2015,03/15,13.533698607128136,Toledo,32.0,0.48,0.9,0.013,0.007
3591,2016,03/15,10.649661793451687,Toledo,32.0,0.48,0.9,0.013,0.007
3592,2017,03/15,12.950742529781746,Toledo,32.0,0.48,0.9,0.013,0.007
3593,2018,03/15,12.88093438960962,Toledo,32.0,0.48,0.9,0.013,0.007
3594,2019,03/15,13.582370859265524,Toledo,32.0,0.48,0.9,0.013,0.007
3595,2020,03/15,12.99654855740486,Toledo,32.0,0.48,0.9,0.013,0.007
3596,2021,03/15,13.233090506255802,Toledo,32.0,0.48,0.9,0.013,0.007
3597,2022,03/15,11.787013431363862,Toledo,32.0,0.48,0.9,0.013,0.007
3598,2023,03/15,13.402199029561276,Toledo,32.0,0.48,0.9,0.013,0.007
3599,2024,03/15,13.541280090705508,Toledo,32.0,0.48,0.9,0.013,0.007
3600,2015,03/15,13.3465335393019,Cascavel,32.0,0.48,0.95,0.012,0.006
3601,2016,03/15,9.741591317622204,Cascavel,32.0,0.48,0.95,0.012,0.006
3602,2017,03/15,12.572597835959574,Cascavel,32.0,0.48,0.95,0.012,0.006
3603,2018,03/15,12.180446948678851,Cascavel,32.0,0.48,0.95,0.012,0.006
3604,2019,03/15,13.355954754390128,Cascavel,32.0,0.48,0.95,0.012,0.006
3605,2020,03/15,8.379600414824848,Cascavel,32.0,0.48,0.95,0.012,0.006
3606,2021,03/15,12.660761603293073,Cascavel,32.0,0.48,0.95,0.012,0.006
3607,2022,03/15,11.3968468089963,Cascavel,32.0,0.48,0.95,0.012,0.006
3608,2023,03/15,12.762079184524367,Cascavel,32.0,0.48,0.95,0.012,0.006
3609,2024,03/15,13.224847833383034,Cascavel,32.0,0.48,0.95,0.012,0.006
3610,2015,03/15,14.183606942496908,Foz do Iguaçu,32.0,0.48,0.95,0.012,0.006
3611,2016,03/15,11.460755655282629,Foz do Iguaçu,32.0,0.48,0.95,0.012,0.006
3612,2017,03/15,13.763371586639321,Foz do Iguaçu,32.0,0.48,0.95,0.012,0.006
3613,2018,03/15,13.092618229898203,Foz do Iguaçu,32.0,0.48,0.95,0.012,0.006
3614,2019,03/15,14.128743420781054,Foz do Iguaçu,32.0,0.48,0.95,0.012,0.006
3615,2020,03/15,12.85364373058729,Foz do Iguaçu,32.0,0.48,0.95,0.012,0.006
3616,2021,03/15,13.703178545562348,Foz do Iguaçu,32.0,0.48,0.95,0.012,0.006
3617,2022,03/15,12.456466324758125,Foz do Iguaçu,32.0,0.48,0.95,0.012,0.006
3618,2023,03/15,14.188433309342845,Foz do Iguaçu,32.0,0.48,0.95,0.012,0.006
3619,2024,03/15,13.007952764435693,Foz do Iguaçu,32.0,0.48,0.95,0.012,0.006
3620,2015,03/15,14.530270049940684,Guaíra,32.0,0.48,0.95,0.012,0.006
3621,2016,03/15,12.075327524901063,Guaíra,32.0,0.48,0.95,0.012,0.006
3622,2017,03/15,14.02736461583651,Guaíra,32.0,0.48,0.95,0.012,0.006
3623,2018,03/15,13.840827369256662,Guaíra,32.0,0.48,0.95,0.012,0.006
3624,2019,03/15,14.52068569963526,Guaíra,32.0,0.48,0.95,0.012,0.006
3625,2020,03/15,14.064309903421593,Guaíra,32.0,0.48,0.95,0.012,0.006
3626,2021,03/15,13.975319171701829,Guaíra,32.0,0.48,0.95,0.012,0.006
3627,2022,03/15,13.05530052512122,Guaíra,32.0,0.48,0.95,0.012,0.006
3628,2023,03/15,14.247567941780002,Guaíra,32.0,0.48,0.95,0.012,0.006
3629,2024,03/15,14.439443472726046,Guaíra,32.0,0.48,0.95,0.012,0.006
3630,2015,03/15,14.5491168194004,Marechal Cândido Rondon,32.0,0.48,0.95,0.012,0.006
3631,2016,03/15,12.190254828921583,Marechal Cândido Rondon,32.0,0.48,0.95,0.012,0.006
3632,2017,03/15,14.138606665011874,Marechal Cândido Rondon,32.0,0.48,0.95,0.012,0.006
3633,2018,03/15,13.925125745496956,Marechal Cândido Rondon,32.0,0.48,0.95,0.012,0.006
3634,2019,03/15,14.546896384412262,Marechal Cândido Rondon,32.0,0.48,0.95,0.012,0.006
3635,2020,03/15,13.929579110790636,Marechal Cândido Rondon,32.0,0.48,0.95,0.012,0.006
3636,2021,03/15,14.218955185013895,Marechal Cândido Rondon,32.0,0.48,0.95,0.012,0.006
3637,2022,03/15,13.092536166228063,Marechal Cândido Rondon,32.0,0.48,0.95,0.012,0.006
3638,2023,03/15,14.391219710170862,Marechal Cândido Rondon,32.0,0.48,0.95,0.012,0.006
3639,2024,03/15,14.136185917695277,Marechal Cândido Rondon,32.0,0.48,0.95,0.012,0.006
3640,2015,03/15,13.70182091282766,Matelândia,32.0,0.48,0.95,0.012,0.006
3641,2016,03/15,10.56565783649661,Matelândia,32.0,0.48,0.95,0.012,0.006
3642,2017,03/15,13.271787502129971,Matelândia,32.0,0.48,0.95,0.012,0.006
3643,2018,03/15,12.524932007803152,Matelândia,32.0,0.48,0.95,0.012,0.006
3644,2019,03/15,13.742459994297846,Matelândia,32.0,0.48,0.95,0.012,0.006
3645,2020,03/15,12.43034155774729,Matelândia,32.0,0.48,0.95,0.012,0.006
3646,2021,03/15,13.367242750350677,Matelândia,32.0,0.48,0.95,0.012,0.006
3647,2022,03/15,11.920035325167364,Matelândia,32.0,0.48,0.95,0.012,0.006
3648,2023,03/15,13.655457254399655,Matelândia,32.0,0.48,0.95,0.012,0.006
3649,2024,03/15,13.00926058131084,Matelândia,32.0,0.48,0.95,0.012,0.006
3650,2015,03/15,14.183398174516288,Medianeira,32.0,0.48,0.95,0.012,0.006
3651,2016,03/15,11.460492309190435,Medianeira,32.0,0.48,0.95,0.012,0.006
3652,2017,03/15,13.76295949993871,Medianeira,32.0,0.48,0.95,0.012,0.006
3653,2018,03/15,13.092458529601712,Medianeira,32.0,0.48,0.95,0.012,0.006
3654,2019,03/15,14.128230773490152,Medianeira,32.0,0.48,0.95,0.012,0.006
3655,2020,03/15,12.853079252598175,Medianeira,32.0,0.48,0.95,0.012,0.006
3656,2021,03/15,13.70133191000485,Medianeira,32.0,0.48,0.95,0.012,0.006
3657,2022,03/15,12.456466324758125,Medianeira,32.0,0.48,0.95,0.012,0.006
3658,2023,03/15,14.187805275027321,Medianeira,32.0,0.48,0.95,0.012,0.006
3659,2024,03/15,13.007630852250703,Medianeira,32.0,0.48,0.95,0.012,0.006
3660,2015,03/15,14.502634149758437,Santa Helena,32.0,0.48,0.95,0.012,0.006
3661,2016,03/15,12.19125245032997,Santa Helena,32.0,0.48,0.95,0.012,0.006
3662,2017,03/15,14.137108943925078,Santa Helena,32.0,0.48,0.95,0.012,0.006
3663,2018,03/15,13.692343669433917,Santa Helena,32.0,0.48,0.95,0.012,0.006
3664,2019,03/15,14.421820982940261,Santa Helena,32.0,0.48,0.95,0.012,0.006
3665,2020,03/15,13.620813797633174,Santa Helena,32.0,0.48,0.95,0.012,0.006
3666,2021,03/15,14.084795976663896,Santa Helena,32.0,0.48,0.95,0.012,0.006
3667,2022,03/15,13.086169705427421,Santa Helena,32.0,0.48,0.95,0.012,0.006
3668,2023,03/15,14.449683531470033,Santa Helena,32.0,0.48,0.95,0.012,0.006
3669,2024,03/15,13.652779037092955,Santa Helena,32.0,0.48,0.95,0.012,0.006
3670,2015,03/15,14.183563781805866,São Miguel do Iguaçu,32.0,0.48,0.95,0.012,0.006
3671,2016,03/15,11.460698629086373,São Miguel do Iguaçu,32.0,0.48,0.95,0.012,0.006
3672,2017,03/15,13.763305216086007,São Miguel do Iguaçu,32.0,0.48,0.95,0.012,0.006
3673,2018,03/15,13.092591272442721,São Miguel do Iguaçu,32.0,0.48,0.95,0.012,0.006
3674,2019,03/15,14.128660425788464,São Miguel do Iguaçu,32.0,0.48,0.95,0.012,0.006
3675,2020,03/15,12.85353435118118,São Miguel do Iguaçu,32.0,0.48,0.95,0.012,0.006
3676,2021,03/15,13.702777386923215,São Miguel do Iguaçu,32.0,0.48,0.95,0.012,0.006
3677,2022,03/15,12.456466324758125,São Miguel do Iguaçu,32.0,0.48,0.95,0.012,0.006
3678,2023,03/15,14.188330502931205,São Miguel do Iguaçu,32.0,0.48,0.95,0.012,0.006
3679,2024,03/15,13.007883810862664,São Miguel do Iguaçu,32.0,0.48,0.95,0.012,0.006
3680,2015,03/15,13.383301850390287,São Pedro do Iguaçu,32.0,0.48,0.95,0.012,0.006
3681,2016,03/15,10.162136785881536,São Pedro do Iguaçu,32.0,0.48,0.95,0.012,0.006
3682,2017,03/15,12.877067311191032,São Pedro do Iguaçu,32.0,0.48,0.95,0.012,0.006
3683,2018,03/15,12.479026633799448,São Pedro do Iguaçu,32.0,0.48,0.95,0.012,0.006
3684,2019,03/15,13.534201831805717,São Pedro do Iguaçu,32.0,0.48,0.95,0.012,0.006
3685,2020,03/15,10.082437712846636,São Pedro do Iguaçu,32.0,0.48,0.95,0.012,0.006
3686,2021,03/15,13.125299391163733,São Pedro do Iguaçu,32.0,0.48,0.95,0.012,0.006
3687,2022,03/15,11.52024929748072,São Pedro do Iguaçu,32.0,0.48,0.95,0.012,0.006
3688,2023,03/15,13.363455031874336,São Pedro do Iguaçu,32.0,0.48,0.95,0.012,0.006
3689,2024,03/15,10.887228943466958,São Pedro do Iguaçu,32.0,0.48,0.95,0.012,0.006
3690,2015,03/15,13.95596693362047,Toledo,32.0,0.48,0.95,0.012,0.006
3691,2016,03/15,10.968936450589275,Toledo,32.0,0.48,0.95,0.012,0.006
3692,2017,03/15,13.346237849510796,Toledo,32.0,0.48,0.95,0.012,0.006
3693,2018,03/15,13.281375920265537,Toledo,32.0,0.48,0.95,0.012,0.006
3694,2019,03/15,14.00569928717865,Toledo,32.0,0.48,0.95,0.012,0.006
3695,2020,03/15,13.407948622483108,Toledo,32.0,0.48,0.95,0.012,0.006
3696,2021,03/15,13.641153187181775,Toledo,32.0,0.48,0.95,0.012,0.006
3697,2022,03/15,12.153574853894455,Toledo,32.0,0.48,0.95,0.012,0.006
3698,2023,03/15,13.82172637987627,Toledo,32.0,0.48,0.95,0.012,0.006
3699,2024,03/15,13.96236515678947,Toledo,32.0,0.48,0.95,0.012,0.006
3700,2015,03/15,13.3465335393019,Cascavel,32.0,0.48,0.95,0.012,0.007
3701,2016,03/15,9.741591317622204,Cascavel,32.0,0.48,0.95,0.012,0.007
3702,2017,03/15,12.572597835959574,Cascavel,32.0,0.48,0.95,0.012,0.007
3703,2018,03/15,12.180446948678851,Cascavel,32.0,0.48,0.95,0.012,0.007
3704,2019,03/15,13.355954754390128,Cascavel,32.0,0.48,0.95,0.012,0.007
3705,2020,03/15,8.379600414824848,Cascavel,32.0,0.48,0.95,0.012,0.007
3706,2021,03/15,12.660761603293073,Cascavel,32.0,0.48,0.95,0.012,0.007
3707,2022,03/15,11.3968468089963,Cascavel,32.0,0.48,0.95,0.012,0.007
3708,2023,03/15,12.762079184524367,Cascavel,32.0,0.48,0.95,0.012,0.007
3709,2024,03/15,13.224847833383034,Cascavel,32.0,0.48,0.95,0.012,0.007
3710,2015,03/15,14.183606942496908,Foz do Iguaçu,32.0,0.48,0.95,0.012,0.007
3711,2016,03/15,11.460755655282629,Foz do Iguaçu,32.0,0.48,0.95,0.012,0.007
3712,2017,03/15,13.763371586639321,Foz do Iguaçu,32.0,0.48,0.95,0.012,0.007
3713,2018,03/15,13.092618229898203,Foz do Iguaçu,32.0,0.48,0.95,0.012,0.007
3714,2019,03/15,14.128743420781054,Foz do Iguaçu,32.0,0.48,0.95,0.012,0.007
3715,2020,03/15,12.85364373058729,Foz do Iguaçu,32.0,0.48,0.95,0.012,0.007
3716,2021,03/15,13.703178545562348,Foz do Iguaçu,32.0,0.48,0.95,0.012,0.007
3717,2022,03/15,12.456466324758125,Foz do Iguaçu,32.0,0.48,0.95,0.012,0.007
3718,2023,03/15,14.188433309342845,Foz do Iguaçu,32.0,0.48,0.95,0.012,0.007
3719,2024,03/15,13.007952764435693,Foz do Iguaçu,32.0,0.48,0.95,0.012,0.007
3720,2015,03/15,14.530270049940684,Guaíra,32.0,0.48,0.95,0.012,0.007
3721,2016,03/15,12.075327524901063,Guaíra,32.0,0.48,0.95,0.012,0.007
3722,2017,03/15,14.02736461583651,Guaíra,32.0,0.48,0.95,0.012,0.007
3723,2018,03/15,13.840827369256662,Guaíra,32.0,0.48,0.95,0.012,0.007
3724,2019,03/15,14.52068569963526,Guaíra,32.0,0.48,0.95,0.012,0.007
3725,2020,03/15,14.064309903421593,Guaíra,32.0,0.48,0.95,0.012,0.007
3726,2021,03/15,13.975319171701829,Guaíra,32.0,0.48,0.95,0.012,0.007
3727,2022,03/15,13.05530052512122,Guaíra,32.0,0.48,0.95,0.012,0.007
3728,2023,03/15,14.247567941780002,Guaíra,32.0,0.48,0.95,0.012,0.007
3729,2024,03/15,14.439443472726046,Guaíra,32.0,0.48,0.95,0.012,0.007
3730,2015,03/15,14.5491168194004,Marechal Cândido Rondon,32.0,0.48,0.95,0.012,0.007
3731,2016,03/15,12.190254828921583,Marechal Cândido Rondon,32.0,0.48,0.95,0.012,0.007
3732,2017,03/15,14.138606665011874,Marechal Cândido Rondon,32.0,0.48,0.95,0.012,0.007
3733,2018,03/15,13.925125745496956,Marechal Cândido Rondon,32.0,0.48,0.95,0.012,0.007
3734,2019,03/15,14.546896384412262,Marechal Cândido Rondon,32.0,0.48,0.95,0.012,0.007
3735,2020,03/15,13.929579110790636,Marechal Cândido Rondon,32.0,0.48,0.95,0.012,0.007
3736,2021,03/15,14.218955185013895,Marechal Cândido Rondon,32.0,0.48,0.95,0.012,0.007
3737,2022,03/15,13.092536166228063,Marechal Cândido Rondon,32.0,0.48,0.95,0.012,0.007
3738,2023,03/15,14.391219710170862,Marechal Cândido Rondon,32.0,0.48,0.95,0.012,0.007
3739,2024,03/15,14.136185917695277,Marechal Cândido Rondon,32.0,0.48,0.95,0.012,0.007
3740,2015,03/15,13.70182091282766,Matelândia,32.0,0.48,0.95,0.012,0.007
3741,2016,03/15,10.56565783649661,Matelândia,32.0,0.48,0.95,0.012,0.007
3742,2017,03/15,13.271787502129971,Matelândia,32.0,0.48,0.95,0.012,0.007
3743,2018,03/15,12.524932007803152,Matelândia,32.0,0.48,0.95,0.012,0.007
3744,2019,03/15,13.742459994297846,Matelândia,32.0,0.48,0.95,0.012,0.007
3745,2020,03/15,12.43034155774729,Matelândia,32.0,0.48,0.95,0.012,0.007
3746,2021,03/15,13.367242750350677,Matelândia,32.0,0.48,0.95,0.012,0.007
3747,2022,03/15,11.920035325167364,Matelândia,32.0,0.48,0.95,0.012,0.007
3748,2023,03/15,13.655457254399655,Matelândia,32.0,0.48,0.95,0.012,0.007
3749,2024,03/15,13.00926058131084,Matelândia,32.0,0.48,0.95,0.012,0.007
3750,2015,03/15,14.183398174516288,Medianeira,32.0,0.48,0.95,0.012,0.007
3751,2016,03/15,11.460492309190435,Medianeira,32.0,0.48,0.95,0.012,0.007
3752,2017,03/15,13.76295949993871,Medianeira,32.0,0.48,0.95,0.012,0.007
3753,2018,03/15,13.092458529601712,Medianeira,32.0,0.48,0.95,0.012,0.007
3754,2019,03/15,14.128230773490152,Medianeira,32.0,0.48,0.95,0.012,0.007
3755,2020,03/15,12.853079252598175,Medianeira,32.0,0.48,0.95,0.012,0.007
3756,2021,03/15,13.70133191000485,Medianeira,32.0,0.48,0.95,0.012,0.007
3757,2022,03/15,12.456466324758125,Medianeira,32.0,0.48,0.95,0.012,0.007
3758,2023,03/15,14.187805275027321,Medianeira,32.0,0.48,0.95,0.012,0.007
3759,2024,03/15,13.007630852250703,Medianeira,32.0,0.48,0.95,0.012,0.007
3760,2015,03/15,14.502634149758437,Santa Helena,32.0,0.48,0.95,0.012,0.007
3761,2016,03/15,12.19125245032997,Santa Helena,32.0,0.48,0.95,0.012,0.007
3762,2017,03/15,14.137108943925078,Santa Helena,32.0,0.48,0.95,0.012,0.007
3763,2018,03/15,13.692343669433917,Santa Helena,32.0,0.48,0.95,0.012,0.007
3764,2019,03/15,14.421820982940261,Santa Helena,32.0,0.48,0.95,0.012,0.007
3765,2020,03/15,13.620813797633174,Santa Helena,32.0,0.48,0.95,0.012,0.007
3766,2021,03/15,14.084795976663896,Santa Helena,32.0,0.48,0.95,0.012,0.007
3767,2022,03/15,13.086169705427421,Santa Helena,32.0,0.48,0.95,0.012,0.007
3768,2023,03/15,14.449683531470033,Santa Helena,32.0,0.48,0.95,0.012,0.007
3769,2024,03/15,13.652779037092955,Santa Helena,32.0,0.48,0.95,0.012,0.007
3770,2015,03/15,14.183563781805866,São Miguel do Iguaçu,32.0,0.48,0.95,0.012,0.007
3771,2016,03/15,11.460698629086373,São Miguel do Iguaçu,32.0,0.48,0.95,0.012,0.007
3772,2017,03/15,13.763305216086007,São Miguel do Iguaçu,32.0,0.48,0.95,0.012,0.007
3773,2018,03/15,13.092591272442721,São Miguel do Iguaçu,32.0,0.48,0.95,0.012,0.007
3774,2019,03/15,14.128660425788464,São Miguel do Iguaçu,32.0,0.48,0.95,0.012,0.007
3775,2020,03/15,12.85353435118118,São Miguel do Iguaçu,32.0,0.48,0.95,0.012,0.007
3776,2021,03/15,13.702777386923215,São Miguel do Iguaçu,32.0,0.48,0.95,0.012,0.007
3777,2022,03/15,12.456466324758125,São Miguel do Iguaçu,32.0,0.48,0.95,0.012,0.007
3778,2023,03/15,14.188330502931205,São Miguel do Iguaçu,32.0,0.48,0.95,0.012,0.007
3779,2024,03/15,13.007883810862664,São Miguel do Iguaçu,32.0,0.48,0.95,0.012,0.007
3780,2015,03/15,13.383301850390287,São Pedro do Iguaçu,32.0,0.48,0.95,0.012,0.007
3781,2016,03/15,10.162136785881536,São Pedro do Iguaçu,32.0,0.48,0.95,0.012,0.007
3782,2017,03/15,12.877067311191032,São Pedro do Iguaçu,32.0,0.48,0.95,0.012,0.007
3783,2018,03/15,12.479026633799448,São Pedro do Iguaçu,32.0,0.48,0.95,0.012,0.007
3784,2019,03/15,13.534201831805717,São Pedro do Iguaçu,32.0,0.48,0.95,0.012,0.007
3785,2020,03/15,10.082437712846636,São Pedro do Iguaçu,32.0,0.48,0.95,0.012,0.007
3786,2021,03/15,13.125299391163733,São Pedro do Iguaçu,32.0,0.48,0.95,0.012,0.007
3787,2022,03/15,11.52024929748072,São Pedro do Iguaçu,32.0,0.48,0.95,0.012,0.007
3788,2023,03/15,13.363455031874336,São Pedro do Iguaçu,32.0,0.48,0.95,0.012,0.007
3789,2024,03/15,10.887228943466958,São Pedro do Iguaçu,32.0,0.48,0.95,0.012,0.007
3790,2015,03/15,13.95596693362047,Toledo,32.0,0.48,0.95,0.012,0.007
3791,2016,03/15,10.968936450589275,Toledo,32.0,0.48,0.95,0.012,0.007
3792,2017,03/15,13.346237849510796,Toledo,32.0,0.48,0.95,0.012,0.007
3793,2018,03/15,13.281375920265537,Toledo,32.0,0.48,0.95,0.012,0.007
3794,2019,03/15,14.00569928717865,Toledo,32.0,0.48,0.95,0.012,0.007
3795,2020,03/15,13.407948622483108,Toledo,32.0,0.48,0.95,0.012,0.007
3796,2021,03/15,13.641153187181775,Toledo,32.0,0.48,0.95,0.012,0.007
3797,2022,03/15,12.153574853894455,Toledo,32.0,0.48,0.95,0.012,0.007
3798,2023,03/15,13.82172637987627,Toledo,32.0,0.48,0.95,0.012,0.007
3799,2024,03/15,13.96236515678947,Toledo,32.0,0.48,0.95,0.012,0.007
3800,2015,03/15,13.3465335393019,Cascavel,32.0,0.48,0.95,0.013,0.006
3801,2016,03/15,9.741591317622204,Cascavel,32.0,0.48,0.95,0.013,0.006
3802,2017,03/15,12.572597835959574,Cascavel,32.0,0.48,0.95,0.013,0.006
3803,2018,03/15,12.180446948678851,Cascavel,32.0,0.48,0.95,0.013,0.006
3804,2019,03/15,13.355954754390128,Cascavel,32.0,0.48,0.95,0.013,0.006
3805,2020,03/15,8.379600414824848,Cascavel,32.0,0.48,0.95,0.013,0.006
3806,2021,03/15,12.660761603293073,Cascavel,32.0,0.48,0.95,0.013,0.006
3807,2022,03/15,11.3968468089963,Cascavel,32.0,0.48,0.95,0.013,0.006
3808,2023,03/15,12.762079184524367,Cascavel,32.0,0.48,0.95,0.013,0.006
3809,2024,03/15,13.224847833383034,Cascavel,32.0,0.48,0.95,0.013,0.006
3810,2015,03/15,14.183606942496908,Foz do Iguaçu,32.0,0.48,0.95,0.013,0.006
3811,2016,03/15,11.460755655282629,Foz do Iguaçu,32.0,0.48,0.95,0.013,0.006
3812,2017,03/15,13.763371586639321,Foz do Iguaçu,32.0,0.48,0.95,0.013,0.006
3813,2018,03/15,13.092618229898203,Foz do Iguaçu,32.0,0.48,0.95,0.013,0.006
3814,2019,03/15,14.128743420781054,Foz do Iguaçu,32.0,0.48,0.95,0.013,0.006
3815,2020,03/15,12.85364373058729,Foz do Iguaçu,32.0,0.48,0.95,0.013,0.006
3816,2021,03/15,13.703178545562348,Foz do Iguaçu,32.0,0.48,0.95,0.013,0.006
3817,2022,03/15,12.456466324758125,Foz do Iguaçu,32.0,0.48,0.95,0.013,0.006
3818,2023,03/15,14.188433309342845,Foz do Iguaçu,32.0,0.48,0.95,0.013,0.006
3819,2024,03/15,13.007952764435693,Foz do Iguaçu,32.0,0.48,0.95,0.013,0.006
3820,2015,03/15,14.530270049940684,Guaíra,32.0,0.48,0.95,0.013,0.006
3821,2016,03/15,12.075327524901063,Guaíra,32.0,0.48,0.95,0.013,0.006
3822,2017,03/15,14.02736461583651,Guaíra,32.0,0.48,0.95,0.013,0.006
3823,2018,03/15,13.840827369256662,Guaíra,32.0,0.48,0.95,0.013,0.006
3824,2019,03/15,14.52068569963526,Guaíra,32.0,0.48,0.95,0.013,0.006
3825,2020,03/15,14.064309903421593,Guaíra,32.0,0.48,0.95,0.013,0.006
3826,2021,03/15,13.975319171701829,Guaíra,32.0,0.48,0.95,0.013,0.006
3827,2022,03/15,13.05530052512122,Guaíra,32.0,0.48,0.95,0.013,0.006
3828,2023,03/15,14.247567941780002,Guaíra,32.0,0.48,0.95,0.013,0.006
3829,2024,03/15,14.439443472726046,Guaíra,32.0,0.48,0.95,0.013,0.006
3830,2015,03/15,14.5491168194004,Marechal Cândido Rondon,32.0,0.48,0.95,0.013,0.006
3831,2016,03/15,12.190254828921583,Marechal Cândido Rondon,32.0,0.48,0.95,0.013,0.006
3832,2017,03/15,14.138606665011874,Marechal Cândido Rondon,32.0,0.48,0.95,0.013,0.006
3833,2018,03/15,13.925125745496956,Marechal Cândido Rondon,32.0,0.48,0.95,0.013,0.006
3834,2019,03/15,14.546896384412262,Marechal Cândido Rondon,32.0,0.48,0.95,0.013,0.006
3835,2020,03/15,13.929579110790636,Marechal Cândido Rondon,32.0,0.48,0.95,0.013,0.006
3836,2021,03/15,14.218955185013895,Marechal Cândido Rondon,32.0,0.48,0.95,0.013,0.006
3837,2022,03/15,13.092536166228063,Marechal Cândido Rondon,32.0,0.48,0.95,0.013,0.006
3838,2023,03/15,14.391219710170862,Marechal Cândido Rondon,32.0,0.48,0.95,0.013,0.006
3839,2024,03/15,14.136185917695277,Marechal Cândido Rondon,32.0,0.48,0.95,0.013,0.006
3840,2015,03/15,13.70182091282766,Matelândia,32.0,0.48,0.95,0.013,0.006
3841,2016,03/15,10.56565783649661,Matelândia,32.0,0.48,0.95,0.013,0.006
3842,2017,03/15,13.271787502129971,Matelândia,32.0,0.48,0.95,0.013,0.006
3843,2018,03/15,12.524932007803152,Matelândia,32.0,0.48,0.95,0.013,0.006
3844,2019,03/15,13.742459994297846,Matelândia,32.0,0.48,0.95,0.013,0.006
3845,2020,03/15,12.43034155774729,Matelândia,32.0,0.48,0.95,0.013,0.006
3846,2021,03/15,13.367242750350677,Matelândia,32.0,0.48,0.95,0.013,0.006
3847,2022,03/15,11.920035325167364,Matelândia,32.0,0.48,0.95,0.013,0.006
3848,2023,03/15,13.655457254399655,Matelândia,32.0,0.48,0.95,0.013,0.006
3849,2024,03/15,13.00926058131084,Matelândia,32.0,0.48,0.95,0.013,0.006
3850,2015,03/15,14.183398174516288,Medianeira,32.0,0.48,0.95,0.013,0.006
3851,2016,03/15,11.460492309190435,Medianeira,32.0,0.48,0.95,0.013,0.006
3852,2017,03/15,13.76295949993871,Medianeira,32.0,0.48,0.95,0.013,0.006
3853,2018,03/15,13.092458529601712,Medianeira,32.0,0.48,0.95,0.013,0.006
3854,2019,03/15,14.128230773490152,Medianeira,32.0,0.48,0.95,0.013,0.006
3855,2020,03/15,12.853079252598175,Medianeira,32.0,0.48,0.95,0.013,0.006
3856,2021,03/15,13.70133191000485,Medianeira,32.0,0.48,0.95,0.013,0.006
3857,2022,03/15,12.456466324758125,Medianeira,32.0,0.48,0.95,0.013,0.006
3858,2023,03/15,14.187805275027321,Medianeira,32.0,0.48,0.95,0.013,0.006
3859,2024,03/15,13.007630852250703,Medianeira,32.0,0.48,0.95,0.013,0.006
3860,2015,03/15,14.502634149758437,Santa Helena,32.0,0.48,0.95,0.013,0.006
3861,2016,03/15,12.19125245032997,Santa Helena,32.0,0.48,0.95,0.013,0.006
3862,2017,03/15,14.137108943925078,Santa Helena,32.0,0.48,0.95,0.013,0.006
3863,2018,03/15,13.692343669433917,Santa Helena,32.0,0.48,0.95,0.013,0.006
3864,2019,03/15,14.421820982940261,Santa Helena,32.0,0.48,0.95,0.013,0.006
3865,2020,03/15,13.620813797633174,Santa Helena,32.0,0.48,0.95,0.013,0.006
3866,2021,03/15,14.084795976663896,Santa Helena,32.0,0.48,0.95,0.013,0.006
3867,2022,03/15,13.086169705427421,Santa Helena,32.0,0.48,0.95,0.013,0.006
3868,2023,03/15,14.449683531470033,Santa Helena,32.0,0.48,0.95,0.013,0.006
3869,2024,03/15,13.652779037092955,Santa Helena,32.0,0.48,0.95,0.013,0.006
3870,2015,03/15,14.183563781805866,São Miguel do Iguaçu,32.0,0.48,0.95,0.013,0.006
3871,2016,03/15,11.460698629086373,São Miguel do Iguaçu,32.0,0.48,0.95,0.013,0.006
3872,2017,03/15,13.763305216086007,São Miguel do Iguaçu,32.0,0.48,0.95,0.013,0.006
3873,2018,03/15,13.092591272442721,São Miguel do Iguaçu,32.0,0.48,0.95,0.013,0.006
3874,2019,03/15,14.128660425788464,São Miguel do Iguaçu,32.0,0.48,0.95,0.013,0.006
3875,2020,03/15,12.85353435118118,São Miguel do Iguaçu,32.0,0.48,0.95,0.013,0.006
3876,2021,03/15,13.702777386923215,São Miguel do Iguaçu,32.0,0.48,0.95,0.013,0.006
3877,2022,03/15,12.456466324758125,São Miguel do Iguaçu,32.0,0.48,0.95,0.013,0.006
3878,2023,03/15,14.188330502931205,São Miguel do Iguaçu,32.0,0.48,0.95,0.013,0.006
3879,2024,03/15,13.007883810862664,São Miguel do Iguaçu,32.0,0.48,0.95,0.013,0.006
3880,2015,03/15,13.383301850390287,São Pedro do Iguaçu,32.0,0.48,0.95,0.013,0.006
3881,2016,03/15,10.162136785881536,São Pedro do Iguaçu,32.0,0.48,0.95,0.013,0.006
3882,2017,03/15,12.877067311191032,São Pedro do Iguaçu,32.0,0.48,0.95,0.013,0.006
3883,2018,03/15,12.479026633799448,São Pedro do Iguaçu,32.0,0.48,0.95,0.013,0.006
3884,2019,03/15,13.534201831805717,São Pedro do Iguaçu,32.0,0.48,0.95,0.013,0.006
3885,2020,03/15,10.082437712846636,São Pedro do Iguaçu,32.0,0.48,0.95,0.013,0.006
3886,2021,03/15,13.125299391163733,São Pedro do Iguaçu,32.0,0.48,0.95,0.013,0.006
3887,2022,03/15,11.52024929748072,São Pedro do Iguaçu,32.0,0.48,0.95,0.013,0.006
3888,2023,03/15,13.363455031874336,São Pedro do Iguaçu,32.0,0.48,0.95,0.013,0.006
3889,2024,03/15,10.887228943466958,São Pedro do Iguaçu,32.0,0.48,0.95,0.013,0.006
3890,2015,03/15,13.95596693362047,Toledo,32.0,0.48,0.95,0.013,0.006
3891,2016,03/15,10.968936450589275,Toledo,32.0,0.48,0.95,0.013,0.006
3892,2017,03/15,13.346237849510796,Toledo,32.0,0.48,0.95,0.013,0.006
3893,2018,03/15,13.281375920265537,Toledo,32.0,0.48,0.95,0.013,0.006
3894,2019,03/15,14.00569928717865,Toledo,32.0,0.48,0.95,0.013,0.006
3895,2020,03/15,13.407948622483108,Toledo,32.0,0.48,0.95,0.013,0.006
3896,2021,03/15,13.641153187181775,Toledo,32.0,0.48,0.95,0.013,0.006
3897,2022,03/15,12.153574853894455,Toledo,32.0,0.48,0.95,0.013,0.006
3898,2023,03/15,13.82172637987627,Toledo,32.0,0.48,0.95,0.013,0.006
3899,2024,03/15,13.96236515678947,Toledo,32.0,0.48,0.95,0.013,0.006
3900,2015,03/15,13.3465335393019,Cascavel,32.0,0.48,0.95,0.013,0.007
3901,2016,03/15,9.741591317622204,Cascavel,32.0,0.48,0.95,0.013,0.007
3902,2017,03/15,12.572597835959574,Cascavel,32.0,0.48,0.95,0.013,0.007
3903,2018,03/15,12.180446948678851,Cascavel,32.0,0.48,0.95,0.013,0.007
3904,2019,03/15,13.355954754390128,Cascavel,32.0,0.48,0.95,0.013,0.007
3905,2020,03/15,8.379600414824848,Cascavel,32.0,0.48,0.95,0.013,0.007
3906,2021,03/15,12.660761603293073,Cascavel,32.0,0.48,0.95,0.013,0.007
3907,2022,03/15,11.3968468089963,Cascavel,32.0,0.48,0.95,0.013,0.007
3908,2023,03/15,12.762079184524367,Cascavel,32.0,0.48,0.95,0.013,0.007
3909,2024,03/15,13.224847833383034,Cascavel,32.0,0.48,0.95,0.013,0.007
3910,2015,03/15,14.183606942496908,Foz do Iguaçu,32.0,0.48,0.95,0.013,0.007
3911,2016,03/15,11.460755655282629,Foz do Iguaçu,32.0,0.48,0.95,0.013,0.007
3912,2017,03/15,13.763371586639321,Foz do Iguaçu,32.0,0.48,0.95,0.013,0.007
3913,2018,03/15,13.092618229898203,Foz do Iguaçu,32.0,0.48,0.95,0.013,0.007
3914,2019,03/15,14.128743420781054,Foz do Iguaçu,32.0,0.48,0.95,0.013,0.007
3915,2020,03/15,12.85364373058729,Foz do Iguaçu,32.0,0.48,0.95,0.013,0.007
3916,2021,03/15,13.703178545562348,Foz do Iguaçu,32.0,0.48,0.95,0.013,0.007
3917,2022,03/15,12.456466324758125,Foz do Iguaçu,32.0,0.48,0.95,0.013,0.007
3918,2023,03/15,14.188433309342845,Foz do Iguaçu,32.0,0.48,0.95,0.013,0.007
3919,2024,03/15,13.007952764435693,Foz do Iguaçu,32.0,0.48,0.95,0.013,0.007
3920,2015,03/15,14.530270049940684,Guaíra,32.0,0.48,0.95,0.013,0.007
3921,2016,03/15,12.075327524901063,Guaíra,32.0,0.48,0.95,0.013,0.007
3922,2017,03/15,14.02736461583651,Guaíra,32.0,0.48,0.95,0.013,0.007
3923,2018,03/15,13.840827369256662,Guaíra,32.0,0.48,0.95,0.013,0.007
3924,2019,03/15,14.52068569963526,Guaíra,32.0,0.48,0.95,0.013,0.007
3925,2020,03/15,14.064309903421593,Guaíra,32.0,0.48,0.95,0.013,0.007
3926,2021,03/15,13.975319171701829,Guaíra,32.0,0.48,0.95,0.013,0.007
3927,2022,03/15,13.05530052512122,Guaíra,32.0,0.48,0.95,0.013,0.007
3928,2023,03/15,14.247567941780002,Guaíra,32.0,0.48,0.95,0.013,0.007
3929,2024,03/15,14.439443472726046,Guaíra,32.0,0.48,0.95,0.013,0.007
3930,2015,03/15,14.5491168194004,Marechal Cândido Rondon,32.0,0.48,0.95,0.013,0.007
3931,2016,03/15,12.190254828921583,Marechal Cândido Rondon,32.0,0.48,0.95,0.013,0.007
3932,2017,03/15,14.138606665011874,Marechal Cândido Rondon,32.0,0.48,0.95,0.013,0.007
3933,2018,03/15,13.925125745496956,Marechal Cândido Rondon,32.0,0.48,0.95,0.013,0.007
3934,2019,03/15,14.546896384412262,Marechal Cândido Rondon,32.0,0.48,0.95,0.013,0.007
3935,2020,03/15,13.929579110790636,Marechal Cândido Rondon,32.0,0.48,0.95,0.013,0.007
3936,2021,03/15,14.218955185013895,Marechal Cândido Rondon,32.0,0.48,0.95,0.013,0.007
3937,2022,03/15,13.092536166228063,Marechal Cândido Rondon,32.0,0.48,0.95,0.013,0.007
3938,2023,03/15,14.391219710170862,Marechal Cândido Rondon,32.0,0.48,0.95,0.013,0.007
3939,2024,03/15,14.136185917695277,Marechal Cândido Rondon,32.0,0.48,0.95,0.013,0.007
3940,2015,03/15,13.70182091282766,Matelândia,32.0,0.48,0.95,0.013,0.007
3941,2016,03/15,10.56565783649661,Matelândia,32.0,0.48,0.95,0.013,0.007
3942,2017,03/15,13.271787502129971,Matelândia,32.0,0.48,0.95,0.013,0.007
3943,2018,03/15,12.524932007803152,Matelândia,32.0,0.48,0.95,0.013,0.007
3944,2019,03/15,13.742459994297846,Matelândia,32.0,0.48,0.95,0.013,0.007
3945,2020,03/15,12.43034155774729,Matelândia,32.0,0.48,0.95,0.013,0.007
3946,2021,03/15,13.367242750350677,Matelândia,32.0,0.48,0.95,0.013,0.007
3947,2022,03/15,11.920035325167364,Matelândia,32.0,0.48,0.95,0.013,0.007
3948,2023,03/15,13.655457254399655,Matelândia,32.0,0.48,0.95,0.013,0.007
3949,2024,03/15,13.00926058131084,Matelândia,32.0,0.48,0.95,0.013,0.007
3950,2015,03/15,14.183398174516288,Medianeira,32.0,0.48,0.95,0.013,0.007
3951,2016,03/15,11.460492309190435,Medianeira,32.0,0.48,0.95,0.013,0.007
3952,2017,03/15,13.76295949993871,Medianeira,32.0,0.48,0.95,0.013,0.007
3953,2018,03/15,13.092458529601712,Medianeira,32.0,0.48,0.95,0.013,0.007
3954,2019,03/15,14.128230773490152,Medianeira,32.0,0.48,0.95,0.013,0.007
3955,2020,03/15,12.853079252598175,Medianeira,32.0,0.48,0.95,0.013,0.007
3956,2021,03/15,13.70133191000485,Medianeira,32.0,0.48,0.95,0.013,0.007
3957,2022,03/15,12.456466324758125,Medianeira,32.0,0.48,0.95,0.013,0.007
3958,2023,03/15,14.187805275027321,Medianeira,32.0,0.48,0.95,0.013,0.007
3959,2024,03/15,13.007630852250703,Medianeira,32.0,0.48,0.95,0.013,0.007
3960,2015,03/15,14.502634149758437,Santa Helena,32.0,0.48,0.95,0.013,0.007
3961,2016,03/15,12.19125245032997,Santa Helena,32.0,0.48,0.95,0.013,0.007
3962,2017,03/15,14.137108943925078,Santa Helena,32.0,0.48,0.95,0.013,0.007
3963,2018,03/15,13.692343669433917,Santa Helena,32.0,0.48,0.95,0.013,0.007
3964,2019,03/15,14.421820982940261,Santa Helena,32.0,0.48,0.95,0.013,0.007
3965,2020,03/15,13.620813797633174,Santa Helena,32.0,0.48,0.95,0.013,0.007
3966,2021,03/15,14.084795976663896,Santa Helena,32.0,0.48,0.95,0.013,0.007
3967,2022,03/15,13.086169705427421,Santa Helena,32.0,0.48,0.95,0.013,0.007
3968,2023,03/15,14.449683531470033,Santa Helena,32.0,0.48,0.95,0.013,0.007
3969,2024,03/15,13.652779037092955,Santa Helena,32.0,0.48,0.95,0.013,0.007
3970,2015,03/15,14.183563781805866,São Miguel do Iguaçu,32.0,0.48,0.95,0.013,0.007
3971,2016,03/15,11.460698629086373,São Miguel do Iguaçu,32.0,0.48,0.95,0.013,0.007
3972,2017,03/15,13.763305216086007,São Miguel do Iguaçu,32.0,0.48,0.95,0.013,0.007
3973,2018,03/15,13.092591272442721,São Miguel do Iguaçu,32.0,0.48,0.95,0.013,0.007
3974,2019,03/15,14.128660425788464,São Miguel do Iguaçu,32.0,0.48,0.95,0.013,0.007
3975,2020,03/15,12.85353435118118,São Miguel do Iguaçu,32.0,0.48,0.95,0.013,0.007
3976,2021,03/15,13.702777386923215,São Miguel do Iguaçu,32.0,0.48,0.95,0.013,0.007
3977,2022,03/15,12.456466324758125,São Miguel do Iguaçu,32.0,0.48,0.95,0.013,0.007
3978,2023,03/15,14.188330502931205,São Miguel do Iguaçu,32.0,0.48,0.95,0.013,0.007
3979,2024,03/15,13.007883810862664,São Miguel do Iguaçu,32.0,0.48,0.95,0.013,0.007
3980,2015,03/15,13.383301850390287,São Pedro do Iguaçu,32.0,0.48,0.95,0.013,0.007
3981,2016,03/15,10.162136785881536,São Pedro do Iguaçu,32.0,0.48,0.95,0.013,0.007
3982,2017,03/15,12.877067311191032,São Pedro do Iguaçu,32.0,0.48,0.95,0.013,0.007
3983,2018,03/15,12.479026633799448,São Pedro do Iguaçu,32.0,0.48,0.95,0.013,0.007
3984,2019,03/15,13.534201831805717,São Pedro do Iguaçu,32.0,0.48,0.95,0.013,0.007
3985,2020,03/15,10.082437712846636,São Pedro do Iguaçu,32.0,0.48,0.95,0.013,0.007
3986,2021,03/15,13.125299391163733,São Pedro do Iguaçu,32.0,0.48,0.95,0.013,0.007
3987,2022,03/15,11.52024929748072,São Pedro do Iguaçu,32.0,0.48,0.95,0.013,0.007
3988,2023,03/15,13.363455031874336,São Pedro do Iguaçu,32.0,0.48,0.95,0.013,0.007
3989,2024,03/15,10.887228943466958,São Pedro do Iguaçu,32.0,0.48,0.95,0.013,0.007
3990,2015,03/15,13.95596693362047,Toledo,32.0,0.48,0.95,0.013,0.007
3991,2016,03/15,10.968936450589275,Toledo,32.0,0.48,0.95,0.013,0.007
3992,2017,03/15,13.346237849510796,Toledo,32.0,0.48,0.95,0.013,0.007
3993,2018,03/15,13.281375920265537,Toledo,32.0,0.48,0.95,0.013,0.007
3994,2019,03/15,14.00569928717865,Toledo,32.0,0.48,0.95,0.013,0.007
3995,2020,03/15,13.407948622483108,Toledo,32.0,0.48,0.95,0.013,0.007
3996,2021,03/15,13.641153187181775,Toledo,32.0,0.48,0.95,0.013,0.007
3997,2022,03/15,12.153574853894455,Toledo,32.0,0.48,0.95,0.013,0.007
3998,2023,03/15,13.82172637987627,Toledo,32.0,0.48,0.95,0.013,0.007
3999,2024,03/15,13.96236515678947,Toledo,32.0,0.48,0.95,0.013,0.007
4000,2015,03/15,13.484386042924935,Cascavel,32.0,0.5,0.9,0.012,0.006
4001,2016,03/15,9.857172862348785,Cascavel,32.0,0.5,0.9,0.012,0.006
4002,2017,03/15,12.711545116901956,Cascavel,32.0,0.5,0.9,0.012,0.006
4003,2018,03/15,12.310602394491033,Cascavel,32.0,0.5,0.9,0.012,0.006
4004,2019,03/15,13.495856188755951,Cascavel,32.0,0.5,0.9,0.012,0.006
4005,2020,03/15,8.461103941231162,Cascavel,32.0,0.5,0.9,0.012,0.006
4006,2021,03/15,12.79833623643223,Cascavel,32.0,0.5,0.9,0.012,0.006
4007,2022,03/15,11.514719027844919,Cascavel,32.0,0.5,0.9,0.012,0.006
4008,2023,03/15,12.892986455840163,Cascavel,32.0,0.5,0.9,0.012,0.006
4009,2024,03/15,13.361347386267926,Cascavel,32.0,0.5,0.9,0.012,0.006
4010,2015,03/15,14.327161244695304,Foz do Iguaçu,32.0,0.5,0.9,0.012,0.006
4011,2016,03/15,11.590133806619939,Foz do Iguaçu,32.0,0.5,0.9,0.012,0.006
4012,2017,03/15,13.910832392446741,Foz do Iguaçu,32.0,0.5,0.9,0.012,0.006
4013,2018,03/15,13.226857326527336,Foz do Iguaçu,32.0,0.5,0.9,0.012,0.006
4014,2019,03/15,14.27040649841001,Foz do Iguaçu,32.0,0.5,0.9,0.012,0.006
4015,2020,03/15,12.980142675996385,Foz do Iguaçu,32.0,0.5,0.9,0.012,0.006
4016,2021,03/15,13.848092912477941,Foz do Iguaçu,32.0,0.5,0.9,0.012,0.006
4017,2022,03/15,12.58527239024722,Foz do Iguaçu,32.0,0.5,0.9,0.012,0.006
4018,2023,03/15,14.333123360845855,Foz do Iguaçu,32.0,0.5,0.9,0.012,0.006
4019,2024,03/15,13.143102500353184,Foz do Iguaçu,32.0,0.5,0.9,0.012,0.006
4020,2015,03/15,14.674592014407382,Guaíra,32.0,0.5,0.9,0.012,0.006
4021,2016,03/15,12.205320203772867,Guaíra,32.0,0.5,0.9,0.012,0.006
4022,2017,03/15,14.176564325288082,Guaíra,32.0,0.5,0.9,0.012,0.006
4023,2018,03/15,13.981582777813731,Guaíra,32.0,0.5,0.9,0.012,0.006
4024,2019,03/15,14.66597046828522,Guaíra,32.0,0.5,0.9,0.012,0.006
4025,2020,03/15,14.20131530397765,Guaíra,32.0,0.5,0.9,0.012,0.006
4026,2021,03/15,14.119838543748507,Guaíra,32.0,0.5,0.9,0.012,0.006
4027,2022,03/15,13.187733811822266,Guaíra,32.0,0.5,0.9,0.012,0.006
4028,2023,03/15,14.390110827010291,Guaíra,32.0,0.5,0.9,0.012,0.006
4029,2024,03/15,14.585307858574488,Guaíra,32.0,0.5,0.9,0.012,0.006
4030,2015,03/15,14.69396689644262,Marechal Cândido Rondon,32.0,0.5,0.9,0.012,0.006
4031,2016,03/15,12.321723727256767,Marechal Cândido Rondon,32.0,0.5,0.9,0.012,0.006
4032,2017,03/15,14.288484610648204,Marechal Cândido Rondon,32.0,0.5,0.9,0.012,0.006
4033,2018,03/15,14.066554859554433,Marechal Cândido Rondon,32.0,0.5,0.9,0.012,0.006
4034,2019,03/15,14.69263416512766,Marechal Cândido Rondon,32.0,0.5,0.9,0.012,0.006
4035,2020,03/15,14.066105850059397,Marechal Cândido Rondon,32.0,0.5,0.9,0.012,0.006
4036,2021,03/15,14.365559235195352,Marechal Cândido Rondon,32.0,0.5,0.9,0.012,0.006
4037,2022,03/15,13.225076610588943,Marechal Cândido Rondon,32.0,0.5,0.9,0.012,0.006
4038,2023,03/15,14.534808794198952,Marechal Cândido Rondon,32.0,0.5,0.9,0.012,0.006
4039,2024,03/15,14.280518242394226,Marechal Cândido Rondon,32.0,0.5,0.9,0.012,0.006
4040,2015,03/15,13.842170980271076,Matelândia,32.0,0.5,0.9,0.012,0.006
4041,2016,03/15,10.688095679417513,Matelândia,32.0,0.5,0.9,0.012,0.006
4042,2017,03/15,13.415317608686944,Matelândia,32.0,0.5,0.9,0.012,0.006
4043,2018,03/15,12.65561932840792,Matelândia,32.0,0.5,0.9,0.012,0.006
4044,2019,03/15,13.88279516857139,Matelândia,32.0,0.5,0.9,0.012,0.006
4045,2020,03/15,12.552303844593167,Matelândia,32.0,0.5,0.9,0.012,0.006
4046,2021,03/15,13.509346455435075,Matelândia,32.0,0.5,0.9,0.012,0.006
4047,2022,03/15,12.043407322299092,Matelândia,32.0,0.5,0.9,0.012,0.006
4048,2023,03/15,13.794188715159557,Matelândia,32.0,0.5,0.9,0.012,0.006
4049,2024,03/15,13.144188675744678,Matelândia,32.0,0.5,0.9,0.012,0.006
4050,2015,03/15,14.326950535517234,Medianeira,32.0,0.5,0.9,0.012,0.006
4051,2016,03/15,11.589875728678022,Medianeira,32.0,0.5,0.9,0.012,0.006
4052,2017,03/15,13.910417270163851,Medianeira,32.0,0.5,0.9,0.012,0.006
4053,2018,03/15,13.226709741829165,Medianeira,32.0,0.5,0.9,0.012,0.006
4054,2019,03/15,14.269889820188856,Medianeira,32.0,0.5,0.9,0.012,0.006
4055,2020,03/15,12.979588004872445,Medianeira,32.0,0.5,0.9,0.012,0.006
4056,2021,03/15,13.847605808434361,Medianeira,32.0,0.5,0.9,0.012,0.006
4057,2022,03/15,12.585272390247217,Medianeira,32.0,0.5,0.9,0.012,0.006
4058,2023,03/15,14.33249033950192,Medianeira,32.0,0.5,0.9,0.012,0.006
4059,2024,03/15,13.142778287813732,Medianeira,32.0,0.5,0.9,0.012,0.006
4060,2015,03/15,14.647159303283994,Santa Helena,32.0,0.5,0.9,0.012,0.006
4061,2016,03/15,12.324644939851567,Santa Helena,32.0,0.5,0.9,0.012,0.006
4062,2017,03/15,14.287469316719504,Santa Helena,32.0,0.5,0.9,0.012,0.006
4063,2018,03/15,13.833686085387146,Santa Helena,32.0,0.5,0.9,0.012,0.006
4064,2019,03/15,14.566401480566588,Santa Helena,32.0,0.5,0.9,0.012,0.006
4065,2020,03/15,13.755216137777564,Santa Helena,32.0,0.5,0.9,0.012,0.006
4066,2021,03/15,14.229861926148713,Santa Helena,32.0,0.5,0.9,0.012,0.006
4067,2022,03/15,13.21966969881126,Santa Helena,32.0,0.5,0.9,0.012,0.006
4068,2023,03/15,14.594405454934066,Santa Helena,32.0,0.5,0.9,0.012,0.006
4069,2024,03/15,13.79362599910536,Santa Helena,32.0,0.5,0.9,0.012,0.006
4070,2015,03/15,14.327117684239285,São Miguel do Iguaçu,32.0,0.5,0.9,0.012,0.006
4071,2016,03/15,11.590076684249256,São Miguel do Iguaçu,32.0,0.5,0.9,0.012,0.006
4072,2017,03/15,13.910765527978581,São Miguel do Iguaçu,32.0,0.5,0.9,0.012,0.006
4073,2018,03/15,13.226831737746457,São Miguel do Iguaçu,32.0,0.5,0.9,0.012,0.006
4074,2019,03/15,14.27032284925092,São Miguel do Iguaçu,32.0,0.5,0.9,0.012,0.006
4075,2020,03/15,12.9800337077106,São Miguel do Iguaçu,32.0,0.5,0.9,0.012,0.006
4076,2021,03/15,13.847999961182362,São Miguel do Iguaçu,32.0,0.5,0.9,0.012,0.006
4077,2022,03/15,12.585272390247217,São Miguel do Iguaçu,32.0,0.5,0.9,0.012,0.006
4078,2023,03/15,14.33301972619645,São Miguel do Iguaçu,32.0,0.5,0.9,0.012,0.006
4079,2024,03/15,13.143033048875367,São Miguel do Iguaçu,32.0,0.5,0.9,0.012,0.006
4080,2015,03/15,13.521694865274025,São Pedro do Iguaçu,32.0,0.5,0.9,0.012,0.006
4081,2016,03/15,10.281763612283212,São Pedro do Iguaçu,32.0,0.5,0.9,0.012,0.006
4082,2017,03/15,13.017627973983995,São Pedro do Iguaçu,32.0,0.5,0.9,0.012,0.006
4083,2018,03/15,12.610897924746606,São Pedro do Iguaçu,32.0,0.5,0.9,0.012,0.006
4084,2019,03/15,13.674175077632983,São Pedro do Iguaçu,32.0,0.5,0.9,0.012,0.006
4085,2020,03/15,10.180751075690626,São Pedro do Iguaçu,32.0,0.5,0.9,0.012,0.006
4086,2021,03/15,13.265311818301397,São Pedro do Iguaçu,32.0,0.5,0.9,0.012,0.006
4087,2022,03/15,11.639585600126757,São Pedro do Iguaçu,32.0,0.5,0.9,0.012,0.006
4088,2023,03/15,13.499146205867115,São Pedro do Iguaçu,32.0,0.5,0.9,0.012,0.006
4089,2024,03/15,11.000532361755479,São Pedro do Iguaçu,32.0,0.5,0.9,0.012,0.006
4090,2015,03/15,14.097602715758475,Toledo,32.0,0.5,0.9,0.012,0.006
4091,2016,03/15,11.093397701512176,Toledo,32.0,0.5,0.9,0.012,0.006
4092,2017,03/15,13.490356801855985,Toledo,32.0,0.5,0.9,0.012,0.006
4093,2018,03/15,13.417639989176688,Toledo,32.0,0.5,0.9,0.012,0.006
4094,2019,03/15,14.148302978401588,Toledo,32.0,0.5,0.9,0.012,0.006
4095,2020,03/15,13.538071413963397,Toledo,32.0,0.5,0.9,0.012,0.006
4096,2021,03/15,13.784469277349794,Toledo,32.0,0.5,0.9,0.012,0.006
4097,2022,03/15,12.278138991004024,Toledo,32.0,0.5,0.9,0.012,0.006
4098,2023,03/15,13.960623989126331,Toledo,32.0,0.5,0.9,0.012,0.006
4099,2024,03/15,14.105500094484904,Toledo,32.0,0.5,0.9,0.012,0.006
4100,2015,03/15,13.484386042924935,Cascavel,32.0,0.5,0.9,0.012,0.007
4101,2016,03/15,9.857172862348785,Cascavel,32.0,0.5,0.9,0.012,0.007
4102,2017,03/15,12.711545116901956,Cascavel,32.0,0.5,0.9,0.012,0.007
4103,2018,03/15,12.310602394491033,Cascavel,32.0,0.5,0.9,0.012,0.007
4104,2019,03/15,13.495856188755951,Cascavel,32.0,0.5,0.9,0.012,0.007
4105,2020,03/15,8.461103941231162,Cascavel,32.0,0.5,0.9,0.012,0.007
4106,2021,03/15,12.79833623643223,Cascavel,32.0,0.5,0.9,0.012,0.007
4107,2022,03/15,11.514719027844919,Cascavel,32.0,0.5,0.9,0.012,0.007
4108,2023,03/15,12.892986455840163,Cascavel,32.0,0.5,0.9,0.012,0.007
4109,2024,03/15,13.361347386267926,Cascavel,32.0,0.5,0.9,0.012,0.007
4110,2015,03/15,14.327161244695304,Foz do Iguaçu,32.0,0.5,0.9,0.012,0.007
4111,2016,03/15,11.590133806619939,Foz do Iguaçu,32.0,0.5,0.9,0.012,0.007
4112,2017,03/15,13.910832392446741,Foz do Iguaçu,32.0,0.5,0.9,0.012,0.007
4113,2018,03/15,13.226857326527336,Foz do Iguaçu,32.0,0.5,0.9,0.012,0.007
4114,2019,03/15,14.27040649841001,Foz do Iguaçu,32.0,0.5,0.9,0.012,0.007
4115,2020,03/15,12.980142675996385,Foz do Iguaçu,32.0,0.5,0.9,0.012,0.007
4116,2021,03/15,13.848092912477941,Foz do Iguaçu,32.0,0.5,0.9,0.012,0.007
4117,2022,03/15,12.58527239024722,Foz do Iguaçu,32.0,0.5,0.9,0.012,0.007
4118,2023,03/15,14.333123360845855,Foz do Iguaçu,32.0,0.5,0.9,0.012,0.007
4119,2024,03/15,13.143102500353184,Foz do Iguaçu,32.0,0.5,0.9,0.012,0.007
4120,2015,03/15,14.674592014407382,Guaíra,32.0,0.5,0.9,0.012,0.007
4121,2016,03/15,12.205320203772867,Guaíra,32.0,0.5,0.9,0.012,0.007
4122,2017,03/15,14.176564325288082,Guaíra,32.0,0.5,0.9,0.012,0.007
4123,2018,03/15,13.981582777813731,Guaíra,32.0,0.5,0.9,0.012,0.007
4124,2019,03/15,14.66597046828522,Guaíra,32.0,0.5,0.9,0.012,0.007
4125,2020,03/15,14.20131530397765,Guaíra,32.0,0.5,0.9,0.012,0.007
4126,2021,03/15,14.119838543748507,Guaíra,32.0,0.5,0.9,0.012,0.007
4127,2022,03/15,13.187733811822266,Guaíra,32.0,0.5,0.9,0.012,0.007
4128,2023,03/15,14.390110827010291,Guaíra,32.0,0.5,0.9,0.012,0.007
4129,2024,03/15,14.585307858574488,Guaíra,32.0,0.5,0.9,0.012,0.007
4130,2015,03/15,14.69396689644262,Marechal Cândido Rondon,32.0,0.5,0.9,0.012,0.007
4131,2016,03/15,12.321723727256767,Marechal Cândido Rondon,32.0,0.5,0.9,0.012,0.007
4132,2017,03/15,14.288484610648204,Marechal Cândido Rondon,32.0,0.5,0.9,0.012,0.007
4133,2018,03/15,14.066554859554433,Marechal Cândido Rondon,32.0,0.5,0.9,0.012,0.007
4134,2019,03/15,14.69263416512766,Marechal Cândido Rondon,32.0,0.5,0.9,0.012,0.007
4135,2020,03/15,14.066105850059397,Marechal Cândido Rondon,32.0,0.5,0.9,0.012,0.007
4136,2021,03/15,14.365559235195352,Marechal Cândido Rondon,32.0,0.5,0.9,0.012,0.007
4137,2022,03/15,13.225076610588943,Marechal Cândido Rondon,32.0,0.5,0.9,0.012,0.007
4138,2023,03/15,14.534808794198952,Marechal Cândido Rondon,32.0,0.5,0.9,0.012,0.007
4139,2024,03/15,14.280518242394226,Marechal Cândido Rondon,32.0,0.5,0.9,0.012,0.007
4140,2015,03/15,13.842170980271076,Matelândia,32.0,0.5,0.9,0.012,0.007
4141,2016,03/15,10.688095679417513,Matelândia,32.0,0.5,0.9,0.012,0.007
4142,2017,03/15,13.415317608686944,Matelândia,32.0,0.5,0.9,0.012,0.007
4143,2018,03/15,12.65561932840792,Matelândia,32.0,0.5,0.9,0.012,0.007
4144,2019,03/15,13.88279516857139,Matelândia,32.0,0.5,0.9,0.012,0.007
4145,2020,03/15,12.552303844593167,Matelândia,32.0,0.5,0.9,0.012,0.007
4146,2021,03/15,13.509346455435075,Matelândia,32.0,0.5,0.9,0.012,0.007
4147,2022,03/15,12.043407322299092,Matelândia,32.0,0.5,0.9,0.012,0.007
4148,2023,03/15,13.794188715159557,Matelândia,32.0,0.5,0.9,0.012,0.007
4149,2024,03/15,13.144188675744678,Matelândia,32.0,0.5,0.9,0.012,0.007
4150,2015,03/15,14.326950535517234,Medianeira,32.0,0.5,0.9,0.012,0.007
4151,2016,03/15,11.589875728678022,Medianeira,32.0,0.5,0.9,0.012,0.007
4152,2017,03/15,13.910417270163851,Medianeira,32.0,0.5,0.9,0.012,0.007
4153,2018,03/15,13.226709741829165,Medianeira,32.0,0.5,0.9,0.012,0.007
4154,2019,03/15,14.269889820188856,Medianeira,32.0,0.5,0.9,0.012,0.007
4155,2020,03/15,12.979588004872445,Medianeira,32.0,0.5,0.9,0.012,0.007
4156,2021,03/15,13.847605808434361,Medianeira,32.0,0.5,0.9,0.012,0.007
4157,2022,03/15,12.585272390247217,Medianeira,32.0,0.5,0.9,0.012,0.007
4158,2023,03/15,14.33249033950192,Medianeira,32.0,0.5,0.9,0.012,0.007
4159,2024,03/15,13.142778287813732,Medianeira,32.0,0.5,0.9,0.012,0.007
4160,2015,03/15,14.647159303283994,Santa Helena,32.0,0.5,0.9,0.012,0.007
4161,2016,03/15,12.324644939851567,Santa Helena,32.0,0.5,0.9,0.012,0.007
4162,2017,03/15,14.287469316719504,Santa Helena,32.0,0.5,0.9,0.012,0.007
4163,2018,03/15,13.833686085387146,Santa Helena,32.0,0.5,0.9,0.012,0.007
4164,2019,03/15,14.566401480566588,Santa Helena,32.0,0.5,0.9,0.012,0.007
4165,2020,03/15,13.755216137777564,Santa Helena,32.0,0.5,0.9,0.012,0.007
4166,2021,03/15,14.229861926148713,Santa Helena,32.0,0.5,0.9,0.012,0.007
4167,2022,03/15,13.21966969881126,Santa Helena,32.0,0.5,0.9,0.012,0.007
4168,2023,03/15,14.594405454934066,Santa Helena,32.0,0.5,0.9,0.012,0.007
4169,2024,03/15,13.79362599910536,Santa Helena,32.0,0.5,0.9,0.012,0.007
4170,2015,03/15,14.327117684239285,São Miguel do Iguaçu,32.0,0.5,0.9,0.012,0.007
4171,2016,03/15,11.590076684249256,São Miguel do Iguaçu,32.0,0.5,0.9,0.012,0.007
4172,2017,03/15,13.910765527978581,São Miguel do Iguaçu,32.0,0.5,0.9,0.012,0.007
4173,2018,03/15,13.226831737746457,São Miguel do Iguaçu,32.0,0.5,0.9,0.012,0.007
4174,2019,03/15,14.27032284925092,São Miguel do Iguaçu,32.0,0.5,0.9,0.012,0.007
4175,2020,03/15,12.9800337077106,São Miguel do Iguaçu,32.0,0.5,0.9,0.012,0.007
4176,2021,03/15,13.847999961182362,São Miguel do Iguaçu,32.0,0.5,0.9,0.012,0.007
4177,2022,03/15,12.585272390247217,São Miguel do Iguaçu,32.0,0.5,0.9,0.012,0.007
4178,2023,03/15,14.33301972619645,São Miguel do Iguaçu,32.0,0.5,0.9,0.012,0.007
4179,2024,03/15,13.143033048875367,São Miguel do Iguaçu,32.0,0.5,0.9,0.012,0.007
4180,2015,03/15,13.521694865274025,São Pedro do Iguaçu,32.0,0.5,0.9,0.012,0.007
4181,2016,03/15,10.281763612283212,São Pedro do Iguaçu,32.0,0.5,0.9,0.012,0.007
4182,2017,03/15,13.017627973983995,São Pedro do Iguaçu,32.0,0.5,0.9,0.012,0.007
4183,2018,03/15,12.610897924746606,São Pedro do Iguaçu,32.0,0.5,0.9,0.012,0.007
4184,2019,03/15,13.674175077632983,São Pedro do Iguaçu,32.0,0.5,0.9,0.012,0.007
4185,2020,03/15,10.180751075690626,São Pedro do Iguaçu,32.0,0.5,0.9,0.012,0.007
4186,2021,03/15,13.265311818301397,São Pedro do Iguaçu,32.0,0.5,0.9,0.012,0.007
4187,2022,03/15,11.639585600126757,São Pedro do Iguaçu,32.0,0.5,0.9,0.012,0.007
4188,2023,03/15,13.499146205867115,São Pedro do Iguaçu,32.0,0.5,0.9,0.012,0.007
4189,2024,03/15,11.000532361755479,São Pedro do Iguaçu,32.0,0.5,0.9,0.012,0.007
4190,2015,03/15,14.097602715758475,Toledo,32.0,0.5,0.9,0.012,0.007
4191,2016,03/15,11.093397701512176,Toledo,32.0,0.5,0.9,0.012,0.007
4192,2017,03/15,13.490356801855985,Toledo,32.0,0.5,0.9,0.012,0.007
4193,2018,03/15,13.417639989176688,Toledo,32.0,0.5,0.9,0.012,0.007
4194,2019,03/15,14.148302978401588,Toledo,32.0,0.5,0.9,0.012,0.007
4195,2020,03/15,13.538071413963397,Toledo,32.0,0.5,0.9,0.012,0.007
4196,2021,03/15,13.784469277349794,Toledo,32.0,0.5,0.9,0.012,0.007
4197,2022,03/15,12.278138991004024,Toledo,32.0,0.5,0.9,0.012,0.007
4198,2023,03/15,13.960623989126331,Toledo,32.0,0.5,0.9,0.012,0.007
4199,2024,03/15,14.105500094484904,Toledo,32.0,0.5,0.9,0.012,0.007
4200,2015,03/15,13.484386042924935,Cascavel,32.0,0.5,0.9,0.013,0.006
4201,2016,03/15,9.857172862348785,Cascavel,32.0,0.5,0.9,0.013,0.006
4202,2017,03/15,12.711545116901956,Cascavel,32.0,0.5,0.9,0.013,0.006
4203,2018,03/15,12.310602394491033,Cascavel,32.0,0.5,0.9,0.013,0.006
4204,2019,03/15,13.495856188755951,Cascavel,32.0,0.5,0.9,0.013,0.006
4205,2020,03/15,8.461103941231162,Cascavel,32.0,0.5,0.9,0.013,0.006
4206,2021,03/15,12.79833623643223,Cascavel,32.0,0.5,0.9,0.013,0.006
4207,2022,03/15,11.514719027844919,Cascavel,32.0,0.5,0.9,0.013,0.006
4208,2023,03/15,12.892986455840163,Cascavel,32.0,0.5,0.9,0.013,0.006
4209,2024,03/15,13.361347386267926,Cascavel,32.0,0.5,0.9,0.013,0.006
4210,2015,03/15,14.327161244695304,Foz do Iguaçu,32.0,0.5,0.9,0.013,0.006
4211,2016,03/15,11.590133806619939,Foz do Iguaçu,32.0,0.5,0.9,0.013,0.006
4212,2017,03/15,13.910832392446741,Foz do Iguaçu,32.0,0.5,0.9,0.013,0.006
4213,2018,03/15,13.226857326527336,Foz do Iguaçu,32.0,0.5,0.9,0.013,0.006
4214,2019,03/15,14.27040649841001,Foz do Iguaçu,32.0,0.5,0.9,0.013,0.006
4215,2020,03/15,12.980142675996385,Foz do Iguaçu,32.0,0.5,0.9,0.013,0.006
4216,2021,03/15,13.848092912477941,Foz do Iguaçu,32.0,0.5,0.9,0.013,0.006
4217,2022,03/15,12.58527239024722,Foz do Iguaçu,32.0,0.5,0.9,0.013,0.006
4218,2023,03/15,14.333123360845855,Foz do Iguaçu,32.0,0.5,0.9,0.013,0.006
4219,2024,03/15,13.143102500353184,Foz do Iguaçu,32.0,0.5,0.9,0.013,0.006
4220,2015,03/15,14.674592014407382,Guaíra,32.0,0.5,0.9,0.013,0.006
4221,2016,03/15,12.205320203772867,Guaíra,32.0,0.5,0.9,0.013,0.006
4222,2017,03/15,14.176564325288082,Guaíra,32.0,0.5,0.9,0.013,0.006
4223,2018,03/15,13.981582777813731,Guaíra,32.0,0.5,0.9,0.013,0.006
4224,2019,03/15,14.66597046828522,Guaíra,32.0,0.5,0.9,0.013,0.006
4225,2020,03/15,14.20131530397765,Guaíra,32.0,0.5,0.9,0.013,0.006
4226,2021,03/15,14.119838543748507,Guaíra,32.0,0.5,0.9,0.013,0.006
4227,2022,03/15,13.187733811822266,Guaíra,32.0,0.5,0.9,0.013,0.006
4228,2023,03/15,14.390110827010291,Guaíra,32.0,0.5,0.9,0.013,0.006
4229,2024,03/15,14.585307858574488,Guaíra,32.0,0.5,0.9,0.013,0.006
4230,2015,03/15,14.69396689644262,Marechal Cândido Rondon,32.0,0.5,0.9,0.013,0.006
4231,2016,03/15,12.321723727256767,Marechal Cândido Rondon,32.0,0.5,0.9,0.013,0.006
4232,2017,03/15,14.288484610648204,Marechal Cândido Rondon,32.0,0.5,0.9,0.013,0.006
4233,2018,03/15,14.066554859554433,Marechal Cândido Rondon,32.0,0.5,0.9,0.013,0.006
4234,2019,03/15,14.69263416512766,Marechal Cândido Rondon,32.0,0.5,0.9,0.013,0.006
4235,2020,03/15,14.066105850059397,Marechal Cândido Rondon,32.0,0.5,0.9,0.013,0.006
4236,2021,03/15,14.365559235195352,Marechal Cândido Rondon,32.0,0.5,0.9,0.013,0.006
4237,2022,03/15,13.225076610588943,Marechal Cândido Rondon,32.0,0.5,0.9,0.013,0.006
4238,2023,03/15,14.534808794198952,Marechal Cândido Rondon,32.0,0.5,0.9,0.013,0.006
4239,2024,03/15,14.280518242394226,Marechal Cândido Rondon,32.0,0.5,0.9,0.013,0.006
4240,2015,03/15,13.842170980271076,Matelândia,32.0,0.5,0.9,0.013,0.006
4241,2016,03/15,10.688095679417513,Matelândia,32.0,0.5,0.9,0.013,0.006
4242,2017,03/15,13.415317608686944,Matelândia,32.0,0.5,0.9,0.013,0.006
4243,2018,03/15,12.65561932840792,Matelândia,32.0,0.5,0.9,0.013,0.006
4244,2019,03/15,13.88279516857139,Matelândia,32.0,0.5,0.9,0.013,0.006
4245,2020,03/15,12.552303844593167,Matelândia,32.0,0.5,0.9,0.013,0.006
4246,2021,03/15,13.509346455435075,Matelândia,32.0,0.5,0.9,0.013,0.006
4247,2022,03/15,12.043407322299092,Matelândia,32.0,0.5,0.9,0.013,0.006
4248,2023,03/15,13.794188715159557,Matelândia,32.0,0.5,0.9,0.013,0.006
4249,2024,03/15,13.144188675744678,Matelândia,32.0,0.5,0.9,0.013,0.006
4250,2015,03/15,14.326950535517234,Medianeira,32.0,0.5,0.9,0.013,0.006
4251,2016,03/15,11.589875728678022,Medianeira,32.0,0.5,0.9,0.013,0.006
4252,2017,03/15,13.910417270163851,Medianeira,32.0,0.5,0.9,0.013,0.006
4253,2018,03/15,13.226709741829165,Medianeira,32.0,0.5,0.9,0.013,0.006
4254,2019,03/15,14.269889820188856,Medianeira,32.0,0.5,0.9,0.013,0.006
4255,2020,03/15,12.979588004872445,Medianeira,32.0,0.5,0.9,0.013,0.006
4256,2021,03/15,13.847605808434361,Medianeira,32.0,0.5,0.9,0.013,0.006
4257,2022,03/15,12.585272390247217,Medianeira,32.0,0.5,0.9,0.013,0.006
4258,2023,03/15,14.33249033950192,Medianeira,32.0,0.5,0.9,0.013,0.006
4259,2024,03/15,13.142778287813732,Medianeira,32.0,0.5,0.9,0.013,0.006
4260,2015,03/15,14.647159303283994,Santa Helena,32.0,0.5,0.9,0.013,0.006
4261,2016,03/15,12.324644939851567,Santa Helena,32.0,0.5,0.9,0.013,0.006
4262,2017,03/15,14.287469316719504,Santa Helena,32.0,0.5,0.9,0.013,0.006
4263,2018,03/15,13.833686085387146,Santa Helena,32.0,0.5,0.9,0.013,0.006
4264,2019,03/15,14.566401480566588,Santa Helena,32.0,0.5,0.9,0.013,0.006
4265,2020,03/15,13.755216137777564,Santa Helena,32.0,0.5,0.9,0.013,0.006
4266,2021,03/15,14.229861926148713,Santa Helena,32.0,0.5,0.9,0.013,0.006
4267,2022,03/15,13.21966969881126,Santa Helena,32.0,0.5,0.9,0.013,0.006
4268,2023,03/15,14.594405454934066,Santa Helena,32.0,0.5,0.9,0.013,0.006
4269,2024,03/15,13.79362599910536,Santa Helena,32.0,0.5,0.9,0.013,0.006
4270,2015,03/15,14.327117684239285,São Miguel do Iguaçu,32.0,0.5,0.9,0.013,0.006
4271,2016,03/15,11.590076684249256,São Miguel do Iguaçu,32.0,0.5,0.9,0.013,0.006
4272,2017,03/15,13.910765527978581,São Miguel do Iguaçu,32.0,0.5,0.9,0.013,0.006
4273,2018,03/15,13.226831737746457,São Miguel do Iguaçu,32.0,0.5,0.9,0.013,0.006
4274,2019,03/15,14.27032284925092,São Miguel do Iguaçu,32.0,0.5,0.9,0.013,0.006
4275,2020,03/15,12.9800337077106,São Miguel do Iguaçu,32.0,0.5,0.9,0.013,0.006
4276,2021,03/15,13.847999961182362,São Miguel do Iguaçu,32.0,0.5,0.9,0.013,0.006
4277,2022,03/15,12.585272390247217,São Miguel do Iguaçu,32.0,0.5,0.9,0.013,0.006
4278,2023,03/15,14.33301972619645,São Miguel do Iguaçu,32.0,0.5,0.9,0.013,0.006
4279,2024,03/15,13.143033048875367,São Miguel do Iguaçu,32.0,0.5,0.9,0.013,0.006
4280,2015,03/15,13.521694865274025,São Pedro do Iguaçu,32.0,0.5,0.9,0.013,0.006
4281,2016,03/15,10.281763612283212,São Pedro do Iguaçu,32.0,0.5,0.9,0.013,0.006
4282,2017,03/15,13.017627973983995,São Pedro do Iguaçu,32.0,0.5,0.9,0.013,0.006
4283,2018,03/15,12.610897924746606,São Pedro do Iguaçu,32.0,0.5,0.9,0.013,0.006
4284,2019,03/15,13.674175077632983,São Pedro do Iguaçu,32.0,0.5,0.9,0.013,0.006
4285,2020,03/15,10.180751075690626,São Pedro do Iguaçu,32.0,0.5,0.9,0.013,0.006
4286,2021,03/15,13.265311818301397,São Pedro do Iguaçu,32.0,0.5,0.9,0.013,0.006
4287,2022,03/15,11.639585600126757,São Pedro do Iguaçu,32.0,0.5,0.9,0.013,0.006
4288,2023,03/15,13.499146205867115,São Pedro do Iguaçu,32.0,0.5,0.9,0.013,0.006
4289,2024,03/15,11.000532361755479,São Pedro do Iguaçu,32.0,0.5,0.9,0.013,0.006
4290,2015,03/15,14.097602715758475,Toledo,32.0,0.5,0.9,0.013,0.006
4291,2016,03/15,11.093397701512176,Toledo,32.0,0.5,0.9,0.013,0.006
4292,2017,03/15,13.490356801855985,Toledo,32.0,0.5,0.9,0.013,0.006
4293,2018,03/15,13.417639989176688,Toledo,32.0,0.5,0.9,0.013,0.006
4294,2019,03/15,14.148302978401588,Toledo,32.0,0.5,0.9,0.013,0.006
4295,2020,03/15,13.538071413963397,Toledo,32.0,0.5,0.9,0.013,0.006
4296,2021,03/15,13.784469277349794,Toledo,32.0,0.5,0.9,0.013,0.006
4297,2022,03/15,12.278138991004024,Toledo,32.0,0.5,0.9,0.013,0.006
4298,2023,03/15,13.960623989126331,Toledo,32.0,0.5,0.9,0.013,0.006
4299,2024,03/15,14.105500094484904,Toledo,32.0,0.5,0.9,0.013,0.006
4300,2015,03/15,13.484386042924935,Cascavel,32.0,0.5,0.9,0.013,0.007
4301,2016,03/15,9.857172862348785,Cascavel,32.0,0.5,0.9,0.013,0.007
4302,2017,03/15,12.711545116901956,Cascavel,32.0,0.5,0.9,0.013,0.007
4303,2018,03/15,12.310602394491033,Cascavel,32.0,0.5,0.9,0.013,0.007
4304,2019,03/15,13.495856188755951,Cascavel,32.0,0.5,0.9,0.013,0.007
4305,2020,03/15,8.461103941231162,Cascavel,32.0,0.5,0.9,0.013,0.007
4306,2021,03/15,12.79833623643223,Cascavel,32.0,0.5,0.9,0.013,0.007
4307,2022,03/15,11.514719027844919,Cascavel,32.0,0.5,0.9,0.013,0.007
4308,2023,03/15,12.892986455840163,Cascavel,32.0,0.5,0.9,0.013,0.007
4309,2024,03/15,13.361347386267926,Cascavel,32.0,0.5,0.9,0.013,0.007
4310,2015,03/15,14.327161244695304,Foz do Iguaçu,32.0,0.5,0.9,0.013,0.007
4311,2016,03/15,11.590133806619939,Foz do Iguaçu,32.0,0.5,0.9,0.013,0.007
4312,2017,03/15,13.910832392446741,Foz do Iguaçu,32.0,0.5,0.9,0.013,0.007
4313,2018,03/15,13.226857326527336,Foz do Iguaçu,32.0,0.5,0.9,0.013,0.007
4314,2019,03/15,14.27040649841001,Foz do Iguaçu,32.0,0.5,0.9,0.013,0.007
4315,2020,03/15,12.980142675996385,Foz do Iguaçu,32.0,0.5,0.9,0.013,0.007
4316,2021,03/15,13.848092912477941,Foz do Iguaçu,32.0,0.5,0.9,0.013,0.007
4317,2022,03/15,12.58527239024722,Foz do Iguaçu,32.0,0.5,0.9,0.013,0.007
4318,2023,03/15,14.333123360845855,Foz do Iguaçu,32.0,0.5,0.9,0.013,0.007
4319,2024,03/15,13.143102500353184,Foz do Iguaçu,32.0,0.5,0.9,0.013,0.007
4320,2015,03/15,14.674592014407382,Guaíra,32.0,0.5,0.9,0.013,0.007
4321,2016,03/15,12.205320203772867,Guaíra,32.0,0.5,0.9,0.013,0.007
4322,2017,03/15,14.176564325288082,Guaíra,32.0,0.5,0.9,0.013,0.007
4323,2018,03/15,13.981582777813731,Guaíra,32.0,0.5,0.9,0.013,0.007
4324,2019,03/15,14.66597046828522,Guaíra,32.0,0.5,0.9,0.013,0.007
4325,2020,03/15,14.20131530397765,Guaíra,32.0,0.5,0.9,0.013,0.007
4326,2021,03/15,14.119838543748507,Guaíra,32.0,0.5,0.9,0.013,0.007
4327,2022,03/15,13.187733811822266,Guaíra,32.0,0.5,0.9,0.013,0.007
4328,2023,03/15,14.390110827010291,Guaíra,32.0,0.5,0.9,0.013,0.007
4329,2024,03/15,14.585307858574488,Guaíra,32.0,0.5,0.9,0.013,0.007
4330,2015,03/15,14.69396689644262,Marechal Cândido Rondon,32.0,0.5,0.9,0.013,0.007
4331,2016,03/15,12.321723727256767,Marechal Cândido Rondon,32.0,0.5,0.9,0.013,0.007
4332,2017,03/15,14.288484610648204,Marechal Cândido Rondon,32.0,0.5,0.9,0.013,0.007
4333,2018,03/15,14.066554859554433,Marechal Cândido Rondon,32.0,0.5,0.9,0.013,0.007
4334,2019,03/15,14.69263416512766,Marechal Cândido Rondon,32.0,0.5,0.9,0.013,0.007
4335,2020,03/15,14.066105850059397,Marechal Cândido Rondon,32.0,0.5,0.9,0.013,0.007
4336,2021,03/15,14.365559235195352,Marechal Cândido Rondon,32.0,0.5,0.9,0.013,0.007
4337,2022,03/15,13.225076610588943,Marechal Cândido Rondon,32.0,0.5,0.9,0.013,0.007
4338,2023,03/15,14.534808794198952,Marechal Cândido Rondon,32.0,0.5,0.9,0.013,0.007
4339,2024,03/15,14.280518242394226,Marechal Cândido Rondon,32.0,0.5,0.9,0.013,0.007
4340,2015,03/15,13.842170980271076,Matelândia,32.0,0.5,0.9,0.013,0.007
4341,2016,03/15,10.688095679417513,Matelândia,32.0,0.5,0.9,0.013,0.007
4342,2017,03/15,13.415317608686944,Matelândia,32.0,0.5,0.9,0.013,0.007
4343,2018,03/15,12.65561932840792,Matelândia,32.0,0.5,0.9,0.013,0.007
4344,2019,03/15,13.88279516857139,Matelândia,32.0,0.5,0.9,0.013,0.007
4345,2020,03/15,12.552303844593167,Matelândia,32.0,0.5,0.9,0.013,0.007
4346,2021,03/15,13.509346455435075,Matelândia,32.0,0.5,0.9,0.013,0.007
4347,2022,03/15,12.043407322299092,Matelândia,32.0,0.5,0.9,0.013,0.007
4348,2023,03/15,13.794188715159557,Matelândia,32.0,0.5,0.9,0.013,0.007
4349,2024,03/15,13.144188675744678,Matelândia,32.0,0.5,0.9,0.013,0.007
4350,2015,03/15,14.326950535517234,Medianeira,32.0,0.5,0.9,0.013,0.007
4351,2016,03/15,11.589875728678022,Medianeira,32.0,0.5,0.9,0.013,0.007
4352,2017,03/15,13.910417270163851,Medianeira,32.0,0.5,0.9,0.013,0.007
4353,2018,03/15,13.226709741829165,Medianeira,32.0,0.5,0.9,0.013,0.007
4354,2019,03/15,14.269889820188856,Medianeira,32.0,0.5,0.9,0.013,0.007
4355,2020,03/15,12.979588004872445,Medianeira,32.0,0.5,0.9,0.013,0.007
4356,2021,03/15,13.847605808434361,Medianeira,32.0,0.5,0.9,0.013,0.007
4357,2022,03/15,12.585272390247217,Medianeira,32.0,0.5,0.9,0.013,0.007
4358,2023,03/15,14.33249033950192,Medianeira,32.0,0.5,0.9,0.013,0.007
4359,2024,03/15,13.142778287813732,Medianeira,32.0,0.5,0.9,0.013,0.007
4360,2015,03/15,14.647159303283994,Santa Helena,32.0,0.5,0.9,0.013,0.007
4361,2016,03/15,12.324644939851567,Santa Helena,32.0,0.5,0.9,0.013,0.007
4362,2017,03/15,14.287469316719504,Santa Helena,32.0,0.5,0.9,0.013,0.007
4363,2018,03/15,13.833686085387146,Santa Helena,32.0,0.5,0.9,0.013,0.007
4364,2019,03/15,14.566401480566588,Santa Helena,32.0,0.5,0.9,0.013,0.007
4365,2020,03/15,13.755216137777564,Santa Helena,32.0,0.5,0.9,0.013,0.007
4366,2021,03/15,14.229861926148713,Santa Helena,32.0,0.5,0.9,0.013,0.007
4367,2022,03/15,13.21966969881126,Santa Helena,32.0,0.5,0.9,0.013,0.007
4368,2023,03/15,14.594405454934066,Santa Helena,32.0,0.5,0.9,0.013,0.007
4369,2024,03/15,13.79362599910536,Santa Helena,32.0,0.5,0.9,0.013,0.007
4370,2015,03/15,14.327117684239285,São Miguel do Iguaçu,32.0,0.5,0.9,0.013,0.007
4371,2016,03/15,11.590076684249256,São Miguel do Iguaçu,32.0,0.5,0.9,0.013,0.007
4372,2017,03/15,13.910765527978581,São Miguel do Iguaçu,32.0,0.5,0.9,0.013,0.007
4373,2018,03/15,13.226831737746457,São Miguel do Iguaçu,32.0,0.5,0.9,0.013,0.007
4374,2019,03/15,14.27032284925092,São Miguel do Iguaçu,32.0,0.5,0.9,0.013,0.007
4375,2020,03/15,12.9800337077106,São Miguel do Iguaçu,32.0,0.5,0.9,0.013,0.007
4376,2021,03/15,13.847999961182362,São Miguel do Iguaçu,32.0,0.5,0.9,0.013,0.007
4377,2022,03/15,12.585272390247217,São Miguel do Iguaçu,32.0,0.5,0.9,0.013,0.007
4378,2023,03/15,14.33301972619645,São Miguel do Iguaçu,32.0,0.5,0.9,0.013,0.007
4379,2024,03/15,13.143033048875367,São Miguel do Iguaçu,32.0,0.5,0.9,0.013,0.007
4380,2015,03/15,13.521694865274025,São Pedro do Iguaçu,32.0,0.5,0.9,0.013,0.007
4381,2016,03/15,10.281763612283212,São Pedro do Iguaçu,32.0,0.5,0.9,0.013,0.007
4382,2017,03/15,13.017627973983995,São Pedro do Iguaçu,32.0,0.5,0.9,0.013,0.007
4383,2018,03/15,12.610897924746606,São Pedro do Iguaçu,32.0,0.5,0.9,0.013,0.007
4384,2019,03/15,13.674175077632983,São Pedro do Iguaçu,32.0,0.5,0.9,0.013,0.007
4385,2020,03/15,10.180751075690626,São Pedro do Iguaçu,32.0,0.5,0.9,0.013,0.007
4386,2021,03/15,13.265311818301397,São Pedro do Iguaçu,32.0,0.5,0.9,0.013,0.007
4387,2022,03/15,11.639585600126757,São Pedro do Iguaçu,32.0,0.5,0.9,0.013,0.007
4388,2023,03/15,13.499146205867115,São Pedro do Iguaçu,32.0,0.5,0.9,0.013,0.007
4389,2024,03/15,11.000532361755479,São Pedro do Iguaçu,32.0,0.5,0.9,0.013,0.007
4390,2015,03/15,14.097602715758475,Toledo,32.0,0.5,0.9,0.013,0.007
4391,2016,03/15,11.093397701512176,Toledo,32.0,0.5,0.9,0.013,0.007
4392,2017,03/15,13.490356801855985,Toledo,32.0,0.5,0.9,0.013,0.007
4393,2018,03/15,13.417639989176688,Toledo,32.0,0.5,0.9,0.013,0.007
4394,2019,03/15,14.148302978401588,Toledo,32.0,0.5,0.9,0.013,0.007
4395,2020,03/15,13.538071413963397,Toledo,32.0,0.5,0.9,0.013,0.007
4396,2021,03/15,13.784469277349794,Toledo,32.0,0.5,0.9,0.013,0.007
4397,2022,03/15,12.278138991004024,Toledo,32.0,0.5,0.9,0.013,0.007
4398,2023,03/15,13.960623989126331,Toledo,32.0,0.5,0.9,0.013,0.007
4399,2024,03/15,14.105500094484904,Toledo,32.0,0.5,0.9,0.013,0.007
4400,2015,03/15,13.90263910343948,Cascavel,32.0,0.5,0.95,0.012,0.006
4401,2016,03/15,10.147490955856462,Cascavel,32.0,0.5,0.95,0.012,0.006
4402,2017,03/15,13.096456079124554,Cascavel,32.0,0.5,0.95,0.012,0.006
4403,2018,03/15,12.68796557154047,Cascavel,32.0,0.5,0.95,0.012,0.006
4404,2019,03/15,13.912452869156384,Cascavel,32.0,0.5,0.95,0.012,0.006
4405,2020,03/15,8.728750432109216,Cascavel,32.0,0.5,0.95,0.012,0.006
4406,2021,03/15,13.18829333676362,Cascavel,32.0,0.5,0.95,0.012,0.006
4407,2022,03/15,11.871715426037813,Cascavel,32.0,0.5,0.95,0.012,0.006
4408,2023,03/15,13.293832483879546,Cascavel,32.0,0.5,0.95,0.012,0.006
4409,2024,03/15,13.775883159773993,Cascavel,32.0,0.5,0.95,0.012,0.006
4410,2015,03/15,14.774590565100945,Foz do Iguaçu,32.0,0.5,0.95,0.012,0.006
4411,2016,03/15,11.938287140919407,Foz do Iguaçu,32.0,0.5,0.95,0.012,0.006
4412,2017,03/15,14.336845402749294,Foz do Iguaçu,32.0,0.5,0.95,0.012,0.006
4413,2018,03/15,13.638143989477298,Foz do Iguaçu,32.0,0.5,0.95,0.012,0.006
4414,2019,03/15,14.717441063313599,Foz do Iguaçu,32.0,0.5,0.95,0.012,0.006
4415,2020,03/15,13.389212219361761,Foz do Iguaçu,32.0,0.5,0.95,0.012,0.006
4416,2021,03/15,14.274144318294113,Foz do Iguaçu,32.0,0.5,0.95,0.012,0.006
4417,2022,03/15,12.97548575495638,Foz do Iguaçu,32.0,0.5,0.95,0.012,0.006
4418,2023,03/15,14.779618030565464,Foz do Iguaçu,32.0,0.5,0.95,0.012,0.006
4419,2024,03/15,13.549950796287181,Foz do Iguaçu,32.0,0.5,0.95,0.012,0.006
4420,2015,03/15,15.135697968688213,Guaíra,32.0,0.5,0.95,0.012,0.006
4421,2016,03/15,12.57846617177194,Guaíra,32.0,0.5,0.95,0.012,0.006
4422,2017,03/15,14.611838141496365,Guaíra,32.0,0.5,0.95,0.012,0.006
4423,2018,03/15,14.417528509642356,Guaíra,32.0,0.5,0.95,0.012,0.006
4424,2019,03/15,15.125714270453395,Guaíra,32.0,0.5,0.95,0.012,0.006
4425,2020,03/15,14.65032281606416,Guaíra,32.0,0.5,0.95,0.012,0.006
4426,2021,03/15,14.557624137189405,Guaíra,32.0,0.5,0.95,0.012,0.006
4427,2022,03/15,13.599271380334606,Guaíra,32.0,0.5,0.95,0.012,0.006
4428,2023,03/15,14.841216606020835,Guaíra,32.0,0.5,0.95,0.012,0.006
4429,2024,03/15,15.041086950756299,Guaíra,32.0,0.5,0.95,0.012,0.006
4430,2015,03/15,15.155330020208751,Marechal Cândido Rondon,32.0,0.5,0.95,0.012,0.006
4431,2016,03/15,12.698182113459982,Marechal Cândido Rondon,32.0,0.5,0.95,0.012,0.006
4432,2017,03/15,14.727715276054036,Marechal Cândido Rondon,32.0,0.5,0.95,0.012,0.006
4433,2018,03/15,14.505339318225998,Marechal Cândido Rondon,32.0,0.5,0.95,0.012,0.006
4434,2019,03/15,15.153017067096108,Marechal Cândido Rondon,32.0,0.5,0.95,0.012,0.006
4435,2020,03/15,14.509978240406912,Marechal Cândido Rondon,32.0,0.5,0.95,0.012,0.006
4436,2021,03/15,14.811411651056142,Marechal Cândido Rondon,32.0,0.5,0.95,0.012,0.006
4437,2022,03/15,13.638058506487566,Marechal Cândido Rondon,32.0,0.5,0.95,0.012,0.006
4438,2023,03/15,14.990853864761316,Marechal Cândido Rondon,32.0,0.5,0.95,0.012,0.006
4439,2024,03/15,14.725193664265914,Marechal Cândido Rondon,32.0,0.5,0.95,0.012,0.006
4440,2015,03/15,14.272730117528813,Matelândia,32.0,0.5,0.95,0.012,0.006
4441,2016,03/15,11.00589357968397,Matelândia,32.0,0.5,0.95,0.012,0.006
4442,2017,03/15,13.824778648052053,Matelândia,32.0,0.5,0.95,0.012,0.006
4443,2018,03/15,13.046804174794948,Matelândia,32.0,0.5,0.95,0.012,0.006
4444,2019,03/15,14.315062494060257,Matelândia,32.0,0.5,0.95,0.012,0.006
4445,2020,03/15,12.94827245598676,Matelândia,32.0,0.5,0.95,0.012,0.006
4446,2021,03/15,13.924211198281958,Matelândia,32.0,0.5,0.95,0.012,0.006
4447,2022,03/15,12.416703463716004,Matelândia,32.0,0.5,0.95,0.012,0.006
4448,2023,03/15,14.224434639999641,Matelândia,32.0,0.5,0.95,0.012,0.006
4449,2024,03/15,13.551313105532126,Matelândia,32.0,0.5,0.95,0.012,0.006
4450,2015,03/15,14.774373098454468,Medianeira,32.0,0.5,0.95,0.012,0.006
4451,2016,03/15,11.93801282207337,Medianeira,32.0,0.5,0.95,0.012,0.006
4452,2017,03/15,14.336416145769489,Medianeira,32.0,0.5,0.95,0.012,0.006
4453,2018,03/15,13.637977635001786,Medianeira,32.0,0.5,0.95,0.012,0.006
4454,2019,03/15,14.71690705571891,Medianeira,32.0,0.5,0.95,0.012,0.006
4455,2020,03/15,13.388624221456434,Medianeira,32.0,0.5,0.95,0.012,0.006
4456,2021,03/15,14.272220739588386,Medianeira,32.0,0.5,0.95,0.012,0.006
4457,2022,03/15,12.97548575495638,Medianeira,32.0,0.5,0.95,0.012,0.006
4458,2023,03/15,14.77896382815346,Medianeira,32.0,0.5,0.95,0.012,0.006
4459,2024,03/15,13.549615471094484,Medianeira,32.0,0.5,0.95,0.012,0.006
4460,2015,03/15,15.106910572665038,Santa Helena,32.0,0.5,0.95,0.012,0.006
4461,2016,03/15,12.699221302427052,Santa Helena,32.0,0.5,0.95,0.012,0.006
4462,2017,03/15,14.726155149921958,Santa Helena,32.0,0.5,0.95,0.012,0.006
4463,2018,03/15,14.262857988993664,Santa Helena,32.0,0.5,0.95,0.012,0.006
4464,2019,03/15,15.022730190562772,Santa Helena,32.0,0.5,0.95,0.012,0.006
4465,2020,03/15,14.18834770586789,Santa Helena,32.0,0.5,0.95,0.012,0.006
4466,2021,03/15,14.671662475691559,Santa Helena,32.0,0.5,0.95,0.012,0.006
4467,2022,03/15,13.631426776486897,Santa Helena,32.0,0.5,0.95,0.012,0.006
4468,2023,03/15,15.051753678614618,Santa Helena,32.0,0.5,0.95,0.012,0.006
4469,2024,03/15,14.221644830305163,Santa Helena,32.0,0.5,0.95,0.012,0.006
4470,2015,03/15,14.774545606047775,São Miguel do Iguaçu,32.0,0.5,0.95,0.012,0.006
4471,2016,03/15,11.938227738631637,São Miguel do Iguaçu,32.0,0.5,0.95,0.012,0.006
4472,2017,03/15,14.336776266756257,São Miguel do Iguaçu,32.0,0.5,0.95,0.012,0.006
4473,2018,03/15,13.638115908794504,São Miguel do Iguaçu,32.0,0.5,0.95,0.012,0.006
4474,2019,03/15,14.717354610196317,São Miguel do Iguaçu,32.0,0.5,0.95,0.012,0.006
4475,2020,03/15,13.389098282480397,São Miguel do Iguaçu,32.0,0.5,0.95,0.012,0.006
4476,2021,03/15,14.273726444711683,São Miguel do Iguaçu,32.0,0.5,0.95,0.012,0.006
4477,2022,03/15,12.97548575495638,São Miguel do Iguaçu,32.0,0.5,0.95,0.012,0.006
4478,2023,03/15,14.779510940553338,São Miguel do Iguaçu,32.0,0.5,0.95,0.012,0.006
4479,2024,03/15,13.54987896964861,São Miguel do Iguaçu,32.0,0.5,0.95,0.012,0.006
4480,2015,03/15,13.940939427489884,São Pedro do Iguaçu,32.0,0.5,0.95,0.012,0.006
4481,2016,03/15,10.585559151959934,São Pedro do Iguaçu,32.0,0.5,0.95,0.012,0.006
4482,2017,03/15,13.41361178249066,São Pedro do Iguaçu,32.0,0.5,0.95,0.012,0.006
4483,2018,03/15,12.998986076874424,São Pedro do Iguaçu,32.0,0.5,0.95,0.012,0.006
4484,2019,03/15,14.098126908130958,São Pedro do Iguaçu,32.0,0.5,0.95,0.012,0.006
4485,2020,03/15,10.502539284215246,São Pedro do Iguaçu,32.0,0.5,0.95,0.012,0.006
4486,2021,03/15,13.672186865795554,São Pedro do Iguaçu,32.0,0.5,0.95,0.012,0.006
4487,2022,03/15,12.00025968487575,São Pedro do Iguaçu,32.0,0.5,0.95,0.012,0.006
4488,2023,03/15,13.920265658202435,São Pedro do Iguaçu,32.0,0.5,0.95,0.012,0.006
4489,2024,03/15,11.340863482778081,São Pedro do Iguaçu,32.0,0.5,0.95,0.012,0.006
4490,2015,03/15,14.537465555854656,Toledo,32.0,0.5,0.95,0.012,0.006
4491,2016,03/15,11.425975469363829,Toledo,32.0,0.5,0.95,0.012,0.006
4492,2017,03/15,13.902331093240415,Toledo,32.0,0.5,0.95,0.012,0.006
4493,2018,03/15,13.834766583609934,Toledo,32.0,0.5,0.95,0.012,0.006
4494,2019,03/15,14.589270090811095,Toledo,32.0,0.5,0.95,0.012,0.006
4495,2020,03/15,13.966613148419906,Toledo,32.0,0.5,0.95,0.012,0.006
4496,2021,03/15,14.209534569981015,Toledo,32.0,0.5,0.95,0.012,0.006
4497,2022,03/15,12.659973806140055,Toledo,32.0,0.5,0.95,0.012,0.006
4498,2023,03/15,14.39763164570445,Toledo,32.0,0.5,0.95,0.012,0.006
4499,2024,03/15,14.544130371655699,Toledo,32.0,0.5,0.95,0.012,0.006
4500,2015,03/15,13.90263910343948,Cascavel,32.0,0.5,0.95,0.012,0.007
4501,2016,03/15,10.147490955856462,Cascavel,32.0,0.5,0.95,0.012,0.007
4502,2017,03/15,13.096456079124554,Cascavel,32.0,0.5,0.95,0.012,0.007
4503,2018,03/15,12.68796557154047,Cascavel,32.0,0.5,0.95,0.012,0.007
4504,2019,03/15,13.912452869156384,Cascavel,32.0,0.5,0.95,0.012,0.007
4505,2020,03/15,8.728750432109216,Cascavel,32.0,0.5,0.95,0.012,0.007
4506,2021,03/15,13.18829333676362,Cascavel,32.0,0.5,0.95,0.012,0.007
4507,2022,03/15,11.871715426037813,Cascavel,32.0,0.5,0.95,0.012,0.007
4508,2023,03/15,13.293832483879546,Cascavel,32.0,0.5,0.95,0.012,0.007
4509,2024,03/15,13.775883159773993,Cascavel,32.0,0.5,0.95,0.012,0.007
4510,2015,03/15,14.774590565100945,Foz do Iguaçu,32.0,0.5,0.95,0.012,0.007
4511,2016,03/15,11.938287140919407,Foz do Iguaçu,32.0,0.5,0.95,0.012,0.007
4512,2017,03/15,14.336845402749294,Foz do Iguaçu,32.0,0.5,0.95,0.012,0.007
4513,2018,03/15,13.638143989477298,Foz do Iguaçu,32.0,0.5,0.95,0.012,0.007
4514,2019,03/15,14.717441063313599,Foz do Iguaçu,32.0,0.5,0.95,0.012,0.007
4515,2020,03/15,13.389212219361761,Foz do Iguaçu,32.0,0.5,0.95,0.012,0.007
4516,2021,03/15,14.274144318294113,Foz do Iguaçu,32.0,0.5,0.95,0.012,0.007
4517,2022,03/15,12.97548575495638,Foz do Iguaçu,32.0,0.5,0.95,0.012,0.007
4518,2023,03/15,14.779618030565464,Foz do Iguaçu,32.0,0.5,0.95,0.012,0.007
4519,2024,03/15,13.549950796287181,Foz do Iguaçu,32.0,0.5,0.95,0.012,0.007
4520,2015,03/15,15.135697968688213,Guaíra,32.0,0.5,0.95,0.012,0.007
4521,2016,03/15,12.57846617177194,Guaíra,32.0,0.5,0.95,0.012,0.007
4522,2017,03/15,14.611838141496365,Guaíra,32.0,0.5,0.95,0.012,0.007
4523,2018,03/15,14.417528509642356,Guaíra,32.0,0.5,0.95,0.012,0.007
4524,2019,03/15,15.125714270453395,Guaíra,32.0,0.5,0.95,0.012,0.007
4525,2020,03/15,14.65032281606416,Guaíra,32.0,0.5,0.95,0.012,0.007
4526,2021,03/15,14.557624137189405,Guaíra,32.0,0.5,0.95,0.012,0.007
4527,2022,03/15,13.599271380334606,Guaíra,32.0,0.5,0.95,0.012,0.007
4528,2023,03/15,14.841216606020835,Guaíra,32.0,0.5,0.95,0.012,0.007
4529,2024,03/15,15.041086950756299,Guaíra,32.0,0.5,0.95,0.012,0.007
4530,2015,03/15,15.155330020208751,Marechal Cândido Rondon,32.0,0.5,0.95,0.012,0.007
4531,2016,03/15,12.698182113459982,Marechal Cândido Rondon,32.0,0.5,0.95,0.012,0.007
4532,2017,03/15,14.727715276054036,Marechal Cândido Rondon,32.0,0.5,0.95,0.012,0.007
4533,2018,03/15,14.505339318225998,Marechal Cândido Rondon,32.0,0.5,0.95,0.012,0.007
4534,2019,03/15,15.153017067096108,Marechal Cândido Rondon,32.0,0.5,0.95,0.012,0.007
4535,2020,03/15,14.509978240406912,Marechal Cândido Rondon,32.0,0.5,0.95,0.012,0.007
4536,2021,03/15,14.811411651056142,Marechal Cândido Rondon,32.0,0.5,0.95,0.012,0.007
4537,2022,03/15,13.638058506487566,Marechal Cândido Rondon,32.0,0.5,0.95,0.012,0.007
4538,2023,03/15,14.990853864761316,Marechal Cândido Rondon,32.0,0.5,0.95,0.012,0.007
4539,2024,03/15,14.725193664265914,Marechal Cândido Rondon,32.0,0.5,0.95,0.012,0.007
4540,2015,03/15,14.272730117528813,Matelândia,32.0,0.5,0.95,0.012,0.007
4541,2016,03/15,11.00589357968397,Matelândia,32.0,0.5,0.95,0.012,0.007
4542,2017,03/15,13.824778648052053,Matelândia,32.0,0.5,0.95,0.012,0.007
4543,2018,03/15,13.046804174794948,Matelândia,32.0,0.5,0.95,0.012,0.007
4544,2019,03/15,14.315062494060257,Matelândia,32.0,0.5,0.95,0.012,0.007
4545,2020,03/15,12.94827245598676,Matelândia,32.0,0.5,0.95,0.012,0.007
4546,2021,03/15,13.924211198281958,Matelândia,32.0,0.5,0.95,0.012,0.007
4547,2022,03/15,12.416703463716004,Matelândia,32.0,0.5,0.95,0.012,0.007
4548,2023,03/15,14.224434639999641,Matelândia,32.0,0.5,0.95,0.012,0.007
4549,2024,03/15,13.551313105532126,Matelândia,32.0,0.5,0.95,0.012,0.007
4550,2015,03/15,14.774373098454468,Medianeira,32.0,0.5,0.95,0.012,0.007
4551,2016,03/15,11.93801282207337,Medianeira,32.0,0.5,0.95,0.012,0.007
4552,2017,03/15,14.336416145769489,Medianeira,32.0,0.5,0.95,0.012,0.007
4553,2018,03/15,13.637977635001786,Medianeira,32.0,0.5,0.95,0.012,0.007
4554,2019,03/15,14.71690705571891,Medianeira,32.0,0.5,0.95,0.012,0.007
4555,2020,03/15,13.388624221456434,Medianeira,32.0,0.5,0.95,0.012,0.007
4556,2021,03/15,14.272220739588386,Medianeira,32.0,0.5,0.95,0.012,0.007
4557,2022,03/15,12.97548575495638,Medianeira,32.0,0.5,0.95,0.012,0.007
4558,2023,03/15,14.77896382815346,Medianeira,32.0,0.5,0.95,0.012,0.007
4559,2024,03/15,13.549615471094484,Medianeira,32.0,0.5,0.95,0.012,0.007
4560,2015,03/15,15.106910572665038,Santa Helena,32.0,0.5,0.95,0.012,0.007
4561,2016,03/15,12.699221302427052,Santa Helena,32.0,0.5,0.95,0.012,0.007
4562,2017,03/15,14.726155149921958,Santa Helena,32.0,0.5,0.95,0.012,0.007
4563,2018,03/15,14.262857988993664,Santa Helena,32.0,0.5,0.95,0.012,0.007
4564,2019,03/15,15.022730190562772,Santa Helena,32.0,0.5,0.95,0.012,0.007
4565,2020,03/15,14.18834770586789,Santa Helena,32.0,0.5,0.95,0.012,0.007
4566,2021,03/15,14.671662475691559,Santa Helena,32.0,0.5,0.95,0.012,0.007
4567,2022,03/15,13.631426776486897,Santa Helena,32.0,0.5,0.95,0.012,0.007
4568,2023,03/15,15.051753678614618,Santa Helena,32.0,0.5,0.95,0.012,0.007
4569,2024,03/15,14.221644830305163,Santa Helena,32.0,0.5,0.95,0.012,0.007
4570,2015,03/15,14.774545606047775,São Miguel do Iguaçu,32.0,0.5,0.95,0.012,0.007
4571,2016,03/15,11.938227738631637,São Miguel do Iguaçu,32.0,0.5,0.95,0.012,0.007
4572,2017,03/15,14.336776266756257,São Miguel do Iguaçu,32.0,0.5,0.95,0.012,0.007
4573,2018,03/15,13.638115908794504,São Miguel do Iguaçu,32.0,0.5,0.95,0.012,0.007
4574,2019,03/15,14.717354610196317,São Miguel do Iguaçu,32.0,0.5,0.95,0.012,0.007
4575,2020,03/15,13.389098282480397,São Miguel do Iguaçu,32.0,0.5,0.95,0.012,0.007
4576,2021,03/15,14.273726444711683,São Miguel do Iguaçu,32.0,0.5,0.95,0.012,0.007
4577,2022,03/15,12.97548575495638,São Miguel do Iguaçu,32.0,0.5,0.95,0.012,0.007
4578,2023,03/15,14.779510940553338,São Miguel do Iguaçu,32.0,0.5,0.95,0.012,0.007
4579,2024,03/15,13.54987896964861,São Miguel do Iguaçu,32.0,0.5,0.95,0.012,0.007
4580,2015,03/15,13.940939427489884,São Pedro do Iguaçu,32.0,0.5,0.95,0.012,0.007
4581,2016,03/15,10.585559151959934,São Pedro do Iguaçu,32.0,0.5,0.95,0.012,0.007
4582,2017,03/15,13.41361178249066,São Pedro do Iguaçu,32.0,0.5,0.95,0.012,0.007
4583,2018,03/15,12.998986076874424,São Pedro do Iguaçu,32.0,0.5,0.95,0.012,0.007
4584,2019,03/15,14.098126908130958,São Pedro do Iguaçu,32.0,0.5,0.95,0.012,0.007
4585,2020,03/15,10.502539284215246,São Pedro do Iguaçu,32.0,0.5,0.95,0.012,0.007
4586,2021,03/15,13.672186865795554,São Pedro do Iguaçu,32.0,0.5,0.95,0.012,0.007
4587,2022,03/15,12.00025968487575,São Pedro do Iguaçu,32.0,0.5,0.95,0.012,0.007
4588,2023,03/15,13.920265658202435,São Pedro do Iguaçu,32.0,0.5,0.95,0.012,0.007
4589,2024,03/15,11.340863482778081,São Pedro do Iguaçu,32.0,0.5,0.95,0.012,0.007
4590,2015,03/15,14.537465555854656,Toledo,32.0,0.5,0.95,0.012,0.007
4591,2016,03/15,11.425975469363829,Toledo,32.0,0.5,0.95,0.012,0.007
4592,2017,03/15,13.902331093240415,Toledo,32.0,0.5,0.95,0.012,0.007
4593,2018,03/15,13.834766583609934,Toledo,32.0,0.5,0.95,0.012,0.007
4594,2019,03/15,14.589270090811095,Toledo,32.0,0.5,0.95,0.012,0.007
4595,2020,03/15,13.966613148419906,Toledo,32.0,0.5,0.95,0.012,0.007
4596,2021,03/15,14.209534569981015,Toledo,32.0,0.5,0.95,0.012,0.007
4597,2022,03/15,12.659973806140055,Toledo,32.0,0.5,0.95,0.012,0.007
4598,2023,03/15,14.39763164570445,Toledo,32.0,0.5,0.95,0.012,0.007
4599,2024,03/15,14.544130371655699,Toledo,32.0,0.5,0.95,0.012,0.007
4600,2015,03/15,13.90263910343948,Cascavel,32.0,0.5,0.95,0.013,0.006
4601,2016,03/15,10.147490955856462,Cascavel,32.0,0.5,0.95,0.013,0.006
4602,2017,03/15,13.096456079124554,Cascavel,32.0,0.5,0.95,0.013,0.006
4603,2018,03/15,12.68796557154047,Cascavel,32.0,0.5,0.95,0.013,0.006
4604,2019,03/15,13.912452869156384,Cascavel,32.0,0.5,0.95,0.013,0.006
4605,2020,03/15,8.728750432109216,Cascavel,32.0,0.5,0.95,0.013,0.006
4606,2021,03/15,13.18829333676362,Cascavel,32.0,0.5,0.95,0.013,0.006
4607,2022,03/15,11.871715426037813,Cascavel,32.0,0.5,0.95,0.013,0.006
4608,2023,03/15,13.293832483879546,Cascavel,32.0,0.5,0.95,0.013,0.006
4609,2024,03/15,13.775883159773993,Cascavel,32.0,0.5,0.95,0.013,0.006
4610,2015,03/15,14.774590565100945,Foz do Iguaçu,32.0,0.5,0.95,0.013,0.006
4611,2016,03/15,11.938287140919407,Foz do Iguaçu,32.0,0.5,0.95,0.013,0.006
4612,2017,03/15,14.336845402749294,Foz do Iguaçu,32.0,0.5,0.95,0.013,0.006
4613,2018,03/15,13.638143989477298,Foz do Iguaçu,32.0,0.5,0.95,0.013,0.006
4614,2019,03/15,14.717441063313599,Foz do Iguaçu,32.0,0.5,0.95,0.013,0.006
4615,2020,03/15,13.389212219361761,Foz do Iguaçu,32.0,0.5,0.95,0.013,0.006
4616,2021,03/15,14.274144318294113,Foz do Iguaçu,32.0,0.5,0.95,0.013,0.006
4617,2022,03/15,12.97548575495638,Foz do Iguaçu,32.0,0.5,0.95,0.013,0.006
4618,2023,03/15,14.779618030565464,Foz do Iguaçu,32.0,0.5,0.95,0.013,0.006
4619,2024,03/15,13.549950796287181,Foz do Iguaçu,32.0,0.5,0.95,0.013,0.006
4620,2015,03/15,15.135697968688213,Guaíra,32.0,0.5,0.95,0.013,0.006
4621,2016,03/15,12.57846617177194,Guaíra,32.0,0.5,0.95,0.013,0.006
4622,2017,03/15,14.611838141496365,Guaíra,32.0,0.5,0.95,0.013,0.006
4623,2018,03/15,14.417528509642356,Guaíra,32.0,0.5,0.95,0.013,0.006
4624,2019,03/15,15.125714270453395,Guaíra,32.0,0.5,0.95,0.013,0.006
4625,2020,03/15,14.65032281606416,Guaíra,32.0,0.5,0.95,0.013,0.006
4626,2021,03/15,14.557624137189405,Guaíra,32.0,0.5,0.95,0.013,0.006
4627,2022,03/15,13.599271380334606,Guaíra,32.0,0.5,0.95,0.013,0.006
4628,2023,03/15,14.841216606020835,Guaíra,32.0,0.5,0.95,0.013,0.006
4629,2024,03/15,15.041086950756299,Guaíra,32.0,0.5,0.95,0.013,0.006
4630,2015,03/15,15.155330020208751,Marechal Cândido Rondon,32.0,0.5,0.95,0.013,0.006
4631,2016,03/15,12.698182113459982,Marechal Cândido Rondon,32.0,0.5,0.95,0.013,0.006
4632,2017,03/15,14.727715276054036,Marechal Cândido Rondon,32.0,0.5,0.95,0.013,0.006
4633,2018,03/15,14.505339318225998,Marechal Cândido Rondon,32.0,0.5,0.95,0.013,0.006
4634,2019,03/15,15.153017067096108,Marechal Cândido Rondon,32.0,0.5,0.95,0.013,0.006
4635,2020,03/15,14.509978240406912,Marechal Cândido Rondon,32.0,0.5,0.95,0.013,0.006
4636,2021,03/15,14.811411651056142,Marechal Cândido Rondon,32.0,0.5,0.95,0.013,0.006
4637,2022,03/15,13.638058506487566,Marechal Cândido Rondon,32.0,0.5,0.95,0.013,0.006
4638,2023,03/15,14.990853864761316,Marechal Cândido Rondon,32.0,0.5,0.95,0.013,0.006
4639,2024,03/15,14.725193664265914,Marechal Cândido Rondon,32.0,0.5,0.95,0.013,0.006
4640,2015,03/15,14.272730117528813,Matelândia,32.0,0.5,0.95,0.013,0.006
4641,2016,03/15,11.00589357968397,Matelândia,32.0,0.5,0.95,0.013,0.006
4642,2017,03/15,13.824778648052053,Matelândia,32.0,0.5,0.95,0.013,0.006
4643,2018,03/15,13.046804174794948,Matelândia,32.0,0.5,0.95,0.013,0.006
4644,2019,03/15,14.315062494060257,Matelândia,32.0,0.5,0.95,0.013,0.006
4645,2020,03/15,12.94827245598676,Matelândia,32.0,0.5,0.95,0.013,0.006
4646,2021,03/15,13.924211198281958,Matelândia,32.0,0.5,0.95,0.013,0.006
4647,2022,03/15,12.416703463716004,Matelândia,32.0,0.5,0.95,0.013,0.006
4648,2023,03/15,14.224434639999641,Matelândia,32.0,0.5,0.95,0.013,0.006
4649,2024,03/15,13.551313105532126,Matelândia,32.0,0.5,0.95,0.013,0.006
4650,2015,03/15,14.774373098454468,Medianeira,32.0,0.5,0.95,0.013,0.006
4651,2016,03/15,11.93801282207337,Medianeira,32.0,0.5,0.95,0.013,0.006
4652,2017,03/15,14.336416145769489,Medianeira,32.0,0.5,0.95,0.013,0.006
4653,2018,03/15,13.637977635001786,Medianeira,32.0,0.5,0.95,0.013,0.006
4654,2019,03/15,14.71690705571891,Medianeira,32.0,0.5,0.95,0.013,0.006
4655,2020,03/15,13.388624221456434,Medianeira,32.0,0.5,0.95,0.013,0.006
4656,2021,03/15,14.272220739588386,Medianeira,32.0,0.5,0.95,0.013,0.006
4657,2022,03/15,12.97548575495638,Medianeira,32.0,0.5,0.95,0.013,0.006
4658,2023,03/15,14.77896382815346,Medianeira,32.0,0.5,0.95,0.013,0.006
4659,2024,03/15,13.549615471094484,Medianeira,32.0,0.5,0.95,0.013,0.006
4660,2015,03/15,15.106910572665038,Santa Helena,32.0,0.5,0.95,0.013,0.006
4661,2016,03/15,12.699221302427052,Santa Helena,32.0,0.5,0.95,0.013,0.006
4662,2017,03/15,14.726155149921958,Santa Helena,32.0,0.5,0.95,0.013,0.006
4663,2018,03/15,14.262857988993664,Santa Helena,32.0,0.5,0.95,0.013,0.006
4664,2019,03/15,15.022730190562772,Santa Helena,32.0,0.5,0.95,0.013,0.006
4665,2020,03/15,14.18834770586789,Santa Helena,32.0,0.5,0.95,0.013,0.006
4666,2021,03/15,14.671662475691559,Santa Helena,32.0,0.5,0.95,0.013,0.006
4667,2022,03/15,13.631426776486897,Santa Helena,32.0,0.5,0.95,0.013,0.006
4668,2023,03/15,15.051753678614618,Santa Helena,32.0,0.5,0.95,0.013,0.006
4669,2024,03/15,14.221644830305163,Santa Helena,32.0,0.5,0.95,0.013,0.006
4670,2015,03/15,14.774545606047775,São Miguel do Iguaçu,32.0,0.5,0.95,0.013,0.006
4671,2016,03/15,11.938227738631637,São Miguel do Iguaçu,32.0,0.5,0.95,0.013,0.006
4672,2017,03/15,14.336776266756257,São Miguel do Iguaçu,32.0,0.5,0.95,0.013,0.006
4673,2018,03/15,13.638115908794504,São Miguel do Iguaçu,32.0,0.5,0.95,0.013,0.006
4674,2019,03/15,14.717354610196317,São Miguel do Iguaçu,32.0,0.5,0.95,0.013,0.006
4675,2020,03/15,13.389098282480397,São Miguel do Iguaçu,32.0,0.5,0.95,0.013,0.006
4676,2021,03/15,14.273726444711683,São Miguel do Iguaçu,32.0,0.5,0.95,0.013,0.006
4677,2022,03/15,12.97548575495638,São Miguel do Iguaçu,32.0,0.5,0.95,0.013,0.006
4678,2023,03/15,14.779510940553338,São Miguel do Iguaçu,32.0,0.5,0.95,0.013,0.006
4679,2024,03/15,13.54987896964861,São Miguel do Iguaçu,32.0,0.5,0.95,0.013,0.006
4680,2015,03/15,13.940939427489884,São Pedro do Iguaçu,32.0,0.5,0.95,0.013,0.006
4681,2016,03/15,10.585559151959934,São Pedro do Iguaçu,32.0,0.5,0.95,0.013,0.006
4682,2017,03/15,13.41361178249066,São Pedro do Iguaçu,32.0,0.5,0.95,0.013,0.006
4683,2018,03/15,12.998986076874424,São Pedro do Iguaçu,32.0,0.5,0.95,0.013,0.006
4684,2019,03/15,14.098126908130958,São Pedro do Iguaçu,32.0,0.5,0.95,0.013,0.006
4685,2020,03/15,10.502539284215246,São Pedro do Iguaçu,32.0,0.5,0.95,0.013,0.006
4686,2021,03/15,13.672186865795554,São Pedro do Iguaçu,32.0,0.5,0.95,0.013,0.006
4687,2022,03/15,12.00025968487575,São Pedro do Iguaçu,32.0,0.5,0.95,0.013,0.006
4688,2023,03/15,13.920265658202435,São Pedro do Iguaçu,32.0,0.5,0.95,0.013,0.006
4689,2024,03/15,11.340863482778081,São Pedro do Iguaçu,32.0,0.5,0.95,0.013,0.006
4690,2015,03/15,14.537465555854656,Toledo,32.0,0.5,0.95,0.013,0.006
4691,2016,03/15,11.425975469363829,Toledo,32.0,0.5,0.95,0.013,0.006
4692,2017,03/15,13.902331093240415,Toledo,32.0,0.5,0.95,0.013,0.006
4693,2018,03/15,13.834766583609934,Toledo,32.0,0.5,0.95,0.013,0.006
4694,2019,03/15,14.589270090811095,Toledo,32.0,0.5,0.95,0.013,0.006
4695,2020,03/15,13.966613148419906,Toledo,32.0,0.5,0.95,0.013,0.006
4696,2021,03/15,14.209534569981015,Toledo,32.0,0.5,0.95,0.013,0.006
4697,2022,03/15,12.659973806140055,Toledo,32.0,0.5,0.95,0.013,0.006
4698,2023,03/15,14.39763164570445,Toledo,32.0,0.5,0.95,0.013,0.006
4699,2024,03/15,14.544130371655699,Toledo,32.0,0.5,0.95,0.013,0.006
4700,2015,03/15,13.90263910343948,Cascavel,32.0,0.5,0.95,0.013,0.007
4701,2016,03/15,10.147490955856462,Cascavel,32.0,0.5,0.95,0.013,0.007
4702,2017,03/15,13.096456079124554,Cascavel,32.0,0.5,0.95,0.013,0.007
4703,2018,03/15,12.68796557154047,Cascavel,32.0,0.5,0.95,0.013,0.007
4704,2019,03/15,13.912452869156384,Cascavel,32.0,0.5,0.95,0.013,0.007
4705,2020,03/15,8.728750432109216,Cascavel,32.0,0.5,0.95,0.013,0.007
4706,2021,03/15,13.18829333676362,Cascavel,32.0,0.5,0.95,0.013,0.007
4707,2022,03/15,11.871715426037813,Cascavel,32.0,0.5,0.95,0.013,0.007
4708,2023,03/15,13.293832483879546,Cascavel,32.0,0.5,0.95,0.013,0.007
4709,2024,03/15,13.775883159773993,Cascavel,32.0,0.5,0.95,0.013,0.007
4710,2015,03/15,14.774590565100945,Foz do Iguaçu,32.0,0.5,0.95,0.013,0.007
4711,2016,03/15,11.938287140919407,Foz do Iguaçu,32.0,0.5,0.95,0.013,0.007
4712,2017,03/15,14.336845402749294,Foz do Iguaçu,32.0,0.5,0.95,0.013,0.007
4713,2018,03/15,13.638143989477298,Foz do Iguaçu,32.0,0.5,0.95,0.013,0.007
4714,2019,03/15,14.717441063313599,Foz do Iguaçu,32.0,0.5,0.95,0.013,0.007
4715,2020,03/15,13.389212219361761,Foz do Iguaçu,32.0,0.5,0.95,0.013,0.007
4716,2021,03/15,14.274144318294113,Foz do Iguaçu,32.0,0.5,0.95,0.013,0.007
4717,2022,03/15,12.97548575495638,Foz do Iguaçu,32.0,0.5,0.95,0.013,0.007
4718,2023,03/15,14.779618030565464,Foz do Iguaçu,32.0,0.5,0.95,0.013,0.007
4719,2024,03/15,13.549950796287181,Foz do Iguaçu,32.0,0.5,0.95,0.013,0.007
4720,2015,03/15,15.135697968688213,Guaíra,32.0,0.5,0.95,0.013,0.007
4721,2016,03/15,12.57846617177194,Guaíra,32.0,0.5,0.95,0.013,0.007
4722,2017,03/15,14.611838141496365,Guaíra,32.0,0.5,0.95,0.013,0.007
4723,2018,03/15,14.417528509642356,Guaíra,32.0,0.5,0.95,0.013,0.007
4724,2019,03/15,15.125714270453395,Guaíra,32.0,0.5,0.95,0.013,0.007
4725,2020,03/15,14.65032281606416,Guaíra,32.0,0.5,0.95,0.013,0.007
4726,2021,03/15,14.557624137189405,Guaíra,32.0,0.5,0.95,0.013,0.007
4727,2022,03/15,13.599271380334606,Guaíra,32.0,0.5,0.95,0.013,0.007
4728,2023,03/15,14.841216606020835,Guaíra,32.0,0.5,0.95,0.013,0.007
4729,2024,03/15,15.041086950756299,Guaíra,32.0,0.5,0.95,0.013,0.007
4730,2015,03/15,15.155330020208751,Marechal Cândido Rondon,32.0,0.5,0.95,0.013,0.007
4731,2016,03/15,12.698182113459982,Marechal Cândido Rondon,32.0,0.5,0.95,0.013,0.007
4732,2017,03/15,14.727715276054036,Marechal Cândido Rondon,32.0,0.5,0.95,0.013,0.007
4733,2018,03/15,14.505339318225998,Marechal Cândido Rondon,32.0,0.5,0.95,0.013,0.007
4734,2019,03/15,15.153017067096108,Marechal Cândido Rondon,32.0,0.5,0.95,0.013,0.007
4735,2020,03/15,14.509978240406912,Marechal Cândido Rondon,32.0,0.5,0.95,0.013,0.007
4736,2021,03/15,14.811411651056142,Marechal Cândido Rondon,32.0,0.5,0.95,0.013,0.007
4737,2022,03/15,13.638058506487566,Marechal Cândido Rondon,32.0,0.5,0.95,0.013,0.007
4738,2023,03/15,14.990853864761316,Marechal Cândido Rondon,32.0,0.5,0.95,0.013,0.007
4739,2024,03/15,14.725193664265914,Marechal Cândido Rondon,32.0,0.5,0.95,0.013,0.007
4740,2015,03/15,14.272730117528813,Matelândia,32.0,0.5,0.95,0.013,0.007
4741,2016,03/15,11.00589357968397,Matelândia,32.0,0.5,0.95,0.013,0.007
4742,2017,03/15,13.824778648052053,Matelândia,32.0,0.5,0.95,0.013,0.007
4743,2018,03/15,13.046804174794948,Matelândia,32.0,0.5,0.95,0.013,0.007
4744,2019,03/15,14.315062494060257,Matelândia,32.0,0.5,0.95,0.013,0.007
4745,2020,03/15,12.94827245598676,Matelândia,32.0,0.5,0.95,0.013,0.007
4746,2021,03/15,13.924211198281958,Matelândia,32.0,0.5,0.95,0.013,0.007
4747,2022,03/15,12.416703463716004,Matelândia,32.0,0.5,0.95,0.013,0.007
4748,2023,03/15,14.224434639999641,Matelândia,32.0,0.5,0.95,0.013,0.007
4749,2024,03/15,13.551313105532126,Matelândia,32.0,0.5,0.95,0.013,0.007
4750,2015,03/15,14.774373098454468,Medianeira,32.0,0.5,0.95,0.013,0.007
4751,2016,03/15,11.93801282207337,Medianeira,32.0,0.5,0.95,0.013,0.007
4752,2017,03/15,14.336416145769489,Medianeira,32.0,0.5,0.95,0.013,0.007
4753,2018,03/15,13.637977635001786,Medianeira,32.0,0.5,0.95,0.013,0.007
4754,2019,03/15,14.71690705571891,Medianeira,32.0,0.5,0.95,0.013,0.007
4755,2020,03/15,13.388624221456434,Medianeira,32.0,0.5,0.95,0.013,0.007
4756,2021,03/15,14.272220739588386,Medianeira,32.0,0.5,0.95,0.013,0.007
4757,2022,03/15,12.97548575495638,Medianeira,32.0,0.5,0.95,0.013,0.007
4758,2023,03/15,14.77896382815346,Medianeira,32.0,0.5,0.95,0.013,0.007
4759,2024,03/15,13.549615471094484,Medianeira,32.0,0.5,0.95,0.013,0.007
4760,2015,03/15,15.106910572665038,Santa Helena,32.0,0.5,0.95,0.013,0.007
4761,2016,03/15,12.699221302427052,Santa Helena,32.0,0.5,0.95,0.013,0.007
4762,2017,03/15,14.726155149921958,Santa Helena,32.0,0.5,0.95,0.013,0.007
4763,2018,03/15,14.262857988993664,Santa Helena,32.0,0.5,0.95,0.013,0.007
4764,2019,03/15,15.022730190562772,Santa Helena,32.0,0.5,0.95,0.013,0.007
4765,2020,03/15,14.18834770586789,Santa Helena,32.0,0.5,0.95,0.013,0.007
4766,2021,03/15,14.671662475691559,Santa Helena,32.0,0.5,0.95,0.013,0.007
4767,2022,03/15,13.631426776486897,Santa Helena,32.0,0.5,0.95,0.013,0.007
4768,2023,03/15,15.051753678614618,Santa Helena,32.0,0.5,0.95,0.013,0.007
4769,2024,03/15,14.221644830305163,Santa Helena,32.0,0.5,0.95,0.013,0.007
4770,2015,03/15,14.774545606047775,São Miguel do Iguaçu,32.0,0.5,0.95,0.013,0.007
4771,2016,03/15,11.938227738631637,São Miguel do Iguaçu,32.0,0.5,0.95,0.013,0.007
4772,2017,03/15,14.336776266756257,São Miguel do Iguaçu,32.0,0.5,0.95,0.013,0.007
4773,2018,03/15,13.638115908794504,São Miguel do Iguaçu,32.0,0.5,0.95,0.013,0.007
4774,2019,03/15,14.717354610196317,São Miguel do Iguaçu,32.0,0.5,0.95,0.013,0.007
4775,2020,03/15,13.389098282480397,São Miguel do Iguaçu,32.0,0.5,0.95,0.013,0.007
4776,2021,03/15,14.273726444711683,São Miguel do Iguaçu,32.0,0.5,0.95,0.013,0.007
4777,2022,03/15,12.97548575495638,São Miguel do Iguaçu,32.0,0.5,0.95,0.013,0.007
4778,2023,03/15,14.779510940553338,São Miguel do Iguaçu,32.0,0.5,0.95,0.013,0.007
4779,2024,03/15,13.54987896964861,São Miguel do Iguaçu,32.0,0.5,0.95,0.013,0.007
4780,2015,03/15,13.940939427489884,São Pedro do Iguaçu,32.0,0.5,0.95,0.013,0.007
4781,2016,03/15,10.585559151959934,São Pedro do Iguaçu,32.0,0.5,0.95,0.013,0.007
4782,2017,03/15,13.41361178249066,São Pedro do Iguaçu,32.0,0.5,0.95,0.013,0.007
4783,2018,03/15,12.998986076874424,São Pedro do Iguaçu,32.0,0.5,0.95,0.013,0.007
4784,2019,03/15,14.098126908130958,São Pedro do Iguaçu,32.0,0.5,0.95,0.013,0.007
4785,2020,03/15,10.502539284215246,São Pedro do Iguaçu,32.0,0.5,0.95,0.013,0.007
4786,2021,03/15,13.672186865795554,São Pedro do Iguaçu,32.0,0.5,0.95,0.013,0.007
4787,2022,03/15,12.00025968487575,São Pedro do Iguaçu,32.0,0.5,0.95,0.013,0.007
4788,2023,03/15,13.920265658202435,São Pedro do Iguaçu,32.0,0.5,0.95,0.013,0.007
4789,2024,03/15,11.340863482778081,São Pedro do Iguaçu,32.0,0.5,0.95,0.013,0.007
4790,2015,03/15,14.537465555854656,Toledo,32.0,0.5,0.95,0.013,0.007
4791,2016,03/15,11.425975469363829,Toledo,32.0,0.5,0.95,0.013,0.007
4792,2017,03/15,13.902331093240415,Toledo,32.0,0.5,0.95,0.013,0.007
4793,2018,03/15,13.834766583609934,Toledo,32.0,0.5,0.95,0.013,0.007
4794,2019,03/15,14.589270090811095,Toledo,32.0,0.5,0.95,0.013,0.007
4795,2020,03/15,13.966613148419906,Toledo,32.0,0.5,0.95,0.013,0.007
4796,2021,03/15,14.209534569981015,Toledo,32.0,0.5,0.95,0.013,0.007
4797,2022,03/15,12.659973806140055,Toledo,32.0,0.5,0.95,0.013,0.007
4798,2023,03/15,14.39763164570445,Toledo,32.0,0.5,0.95,0.013,0.007
4799,2024,03/15,14.544130371655699,Toledo,32.0,0.5,0.95,0.013,0.007
4800,2015,03/15,12.791537673098754,Cascavel,34.0,0.45,0.9,0.012,0.006
4801,2016,03/15,9.344561653009505,Cascavel,34.0,0.45,0.9,0.012,0.006
4802,2017,03/15,12.042705262030731,Cascavel,34.0,0.45,0.9,0.012,0.006
4803,2018,03/15,11.655430674077033,Cascavel,34.0,0.45,0.9,0.012,0.006
4804,2019,03/15,12.769588626159955,Cascavel,34.0,0.45,0.9,0.012,0.006
4805,2020,03/15,8.000830318556636,Cascavel,34.0,0.45,0.9,0.012,0.006
4806,2021,03/15,12.095002410371315,Cascavel,34.0,0.45,0.9,0.012,0.006
4807,2022,03/15,10.875619911092254,Cascavel,34.0,0.45,0.9,0.012,0.006
4808,2023,03/15,12.170438810806175,Cascavel,34.0,0.45,0.9,0.012,0.006
4809,2024,03/15,12.605462550476398,Cascavel,34.0,0.45,0.9,0.012,0.006
4810,2015,03/15,13.59100979656672,Foz do Iguaçu,34.0,0.45,0.9,0.012,0.006
4811,2016,03/15,10.987401908743909,Foz do Iguaçu,34.0,0.45,0.9,0.012,0.006
4812,2017,03/15,13.178889970582476,Foz do Iguaçu,34.0,0.45,0.9,0.012,0.006
4813,2018,03/15,12.52292240989244,Foz do Iguaçu,34.0,0.45,0.9,0.012,0.006
4814,2019,03/15,13.502457196053845,Foz do Iguaçu,34.0,0.45,0.9,0.012,0.006
4815,2020,03/15,12.274038917691337,Foz do Iguaçu,34.0,0.45,0.9,0.012,0.006
4816,2021,03/15,13.08706960508472,Foz do Iguaçu,34.0,0.45,0.9,0.012,0.006
4817,2022,03/15,11.886754567168042,Foz do Iguaçu,34.0,0.45,0.9,0.012,0.006
4818,2023,03/15,13.52986768646565,Foz do Iguaçu,34.0,0.45,0.9,0.012,0.006
4819,2024,03/15,12.39956432354619,Foz do Iguaçu,34.0,0.45,0.9,0.012,0.006
4820,2015,03/15,13.920589042178545,Guaíra,34.0,0.45,0.9,0.012,0.006
4821,2016,03/15,11.570596227902733,Guaíra,34.0,0.45,0.9,0.012,0.006
4822,2017,03/15,13.430639959784246,Guaíra,34.0,0.45,0.9,0.012,0.006
4823,2018,03/15,13.237481283093203,Guaíra,34.0,0.45,0.9,0.012,0.006
4824,2019,03/15,13.87673424079929,Guaíra,34.0,0.45,0.9,0.012,0.006
4825,2020,03/15,13.428781260298972,Guaíra,34.0,0.45,0.9,0.012,0.006
4826,2021,03/15,13.343881428473852,Guaíra,34.0,0.45,0.9,0.012,0.006
4827,2022,03/15,12.455777694549793,Guaíra,34.0,0.45,0.9,0.012,0.006
4828,2023,03/15,13.583661465921843,Guaíra,34.0,0.45,0.9,0.012,0.006
4829,2024,03/15,13.76018051797573,Guaíra,34.0,0.45,0.9,0.012,0.006
4830,2015,03/15,13.938968413154472,Marechal Cândido Rondon,34.0,0.45,0.9,0.012,0.006
4831,2016,03/15,11.680946316818961,Marechal Cândido Rondon,34.0,0.45,0.9,0.012,0.006
4832,2017,03/15,13.536671366433817,Marechal Cândido Rondon,34.0,0.45,0.9,0.012,0.006
4833,2018,03/15,13.317931140559473,Marechal Cândido Rondon,34.0,0.45,0.9,0.012,0.006
4834,2019,03/15,13.901963054382406,Marechal Cândido Rondon,34.0,0.45,0.9,0.012,0.006
4835,2020,03/15,13.300927033973602,Marechal Cândido Rondon,34.0,0.45,0.9,0.012,0.006
4836,2021,03/15,13.576098515165745,Marechal Cândido Rondon,34.0,0.45,0.9,0.012,0.006
4837,2022,03/15,12.491047863524019,Marechal Cândido Rondon,34.0,0.45,0.9,0.012,0.006
4838,2023,03/15,13.720250282000208,Marechal Cândido Rondon,34.0,0.45,0.9,0.012,0.006
4839,2024,03/15,13.472633612602767,Marechal Cândido Rondon,34.0,0.45,0.9,0.012,0.006
4840,2015,03/15,13.130939073382129,Matelândia,34.0,0.45,0.9,0.012,0.006
4841,2016,03/15,10.132273261745652,Matelândia,34.0,0.45,0.9,0.012,0.006
4842,2017,03/15,12.709447551197638,Matelândia,34.0,0.45,0.9,0.012,0.006
4843,2018,03/15,11.982085765825461,Matelândia,34.0,0.45,0.9,0.012,0.006
4844,2019,03/15,13.135704827056173,Matelândia,34.0,0.45,0.9,0.012,0.006
4845,2020,03/15,11.869473991232269,Matelândia,34.0,0.45,0.9,0.012,0.006
4846,2021,03/15,12.76693899289037,Matelândia,34.0,0.45,0.9,0.012,0.006
4847,2022,03/15,11.37496452627766,Matelândia,34.0,0.45,0.9,0.012,0.006
4848,2023,03/15,13.021135970131803,Matelândia,34.0,0.45,0.9,0.012,0.006
4849,2024,03/15,12.400589051279471,Matelândia,34.0,0.45,0.9,0.012,0.006
4850,2015,03/15,13.59080991394835,Medianeira,34.0,0.45,0.9,0.012,0.006
4851,2016,03/15,10.98715725185565,Medianeira,34.0,0.45,0.9,0.012,0.006
4852,2017,03/15,13.178496690673967,Medianeira,34.0,0.45,0.9,0.012,0.006
4853,2018,03/15,12.522782679669419,Medianeira,34.0,0.45,0.9,0.012,0.006
4854,2019,03/15,13.50196832241412,Medianeira,34.0,0.45,0.9,0.012,0.006
4855,2020,03/15,12.273514419992683,Medianeira,34.0,0.45,0.9,0.012,0.006
4856,2021,03/15,13.086609269891738,Medianeira,34.0,0.45,0.9,0.012,0.006
4857,2022,03/15,11.886754567168042,Medianeira,34.0,0.45,0.9,0.012,0.006
4858,2023,03/15,13.529270140849768,Medianeira,34.0,0.45,0.9,0.012,0.006
4859,2024,03/15,12.39925845252089,Medianeira,34.0,0.45,0.9,0.012,0.006
4860,2015,03/15,13.894565865691833,Santa Helena,34.0,0.45,0.9,0.012,0.006
4861,2016,03/15,11.683715615032044,Santa Helena,34.0,0.45,0.9,0.012,0.006
4862,2017,03/15,13.535709493945044,Santa Helena,34.0,0.45,0.9,0.012,0.006
4863,2018,03/15,13.097455670189417,Santa Helena,34.0,0.45,0.9,0.012,0.006
4864,2019,03/15,13.782523470077717,Santa Helena,34.0,0.45,0.9,0.012,0.006
4865,2020,03/15,13.006949338742746,Santa Helena,34.0,0.45,0.9,0.012,0.006
4866,2021,03/15,13.447858465077987,Santa Helena,34.0,0.45,0.9,0.012,0.006
4867,2022,03/15,12.485941050475022,Santa Helena,34.0,0.45,0.9,0.012,0.006
4868,2023,03/15,13.776507031767958,Santa Helena,34.0,0.45,0.9,0.012,0.006
4869,2024,03/15,13.013286081140253,Santa Helena,34.0,0.45,0.9,0.012,0.006
4870,2015,03/15,13.590968474313529,São Miguel do Iguaçu,34.0,0.45,0.9,0.012,0.006
4871,2016,03/15,10.987347756957991,São Miguel do Iguaçu,34.0,0.45,0.9,0.012,0.006
4872,2017,03/15,13.178826624303554,São Miguel do Iguaçu,34.0,0.45,0.9,0.012,0.006
4873,2018,03/15,12.522898182949515,São Miguel do Iguaçu,34.0,0.45,0.9,0.012,0.006
4874,2019,03/15,13.50237804840026,São Miguel do Iguaçu,34.0,0.45,0.9,0.012,0.006
4875,2020,03/15,12.273935877145952,São Miguel do Iguaçu,34.0,0.45,0.9,0.012,0.006
4876,2021,03/15,13.086981761936727,São Miguel do Iguaçu,34.0,0.45,0.9,0.012,0.006
4877,2022,03/15,11.886754567168039,São Miguel do Iguaçu,34.0,0.45,0.9,0.012,0.006
4878,2023,03/15,13.529769859700407,São Miguel do Iguaçu,34.0,0.45,0.9,0.012,0.006
4879,2024,03/15,12.39949880111216,São Miguel do Iguaçu,34.0,0.45,0.9,0.012,0.006
4880,2015,03/15,12.826929511117788,São Pedro do Iguaçu,34.0,0.45,0.9,0.012,0.006
4881,2016,03/15,9.74707203762646,São Pedro do Iguaçu,34.0,0.45,0.9,0.012,0.006
4882,2017,03/15,12.332683042048842,São Pedro do Iguaçu,34.0,0.45,0.9,0.012,0.006
4883,2018,03/15,11.939744440574383,São Pedro do Iguaçu,34.0,0.45,0.9,0.012,0.006
4884,2019,03/15,12.93831144176989,São Pedro do Iguaçu,34.0,0.45,0.9,0.012,0.006
4885,2020,03/15,9.626930769061248,São Pedro do Iguaçu,34.0,0.45,0.9,0.012,0.006
4886,2021,03/15,12.53631530323109,São Pedro do Iguaçu,34.0,0.45,0.9,0.012,0.006
4887,2022,03/15,10.993556039316866,São Pedro do Iguaçu,34.0,0.45,0.9,0.012,0.006
4888,2023,03/15,12.742628207928743,São Pedro do Iguaçu,34.0,0.45,0.9,0.012,0.006
4889,2024,03/15,10.378204735843228,São Pedro do Iguaçu,34.0,0.45,0.9,0.012,0.006
4890,2015,03/15,13.373246335795933,Toledo,34.0,0.45,0.9,0.012,0.006
4891,2016,03/15,10.516498007161202,Toledo,34.0,0.45,0.9,0.012,0.006
4892,2017,03/15,12.780538427886864,Toledo,34.0,0.45,0.9,0.012,0.006
4893,2018,03/15,12.703551596594178,Toledo,34.0,0.45,0.9,0.012,0.006
4894,2019,03/15,13.386924568964005,Toledo,34.0,0.45,0.9,0.012,0.006
4895,2020,03/15,12.80161702018548,Toledo,34.0,0.45,0.9,0.012,0.006
4896,2021,03/15,13.026942413079787,Toledo,34.0,0.45,0.9,0.012,0.006
4897,2022,03/15,11.59666793074266,Toledo,34.0,0.45,0.9,0.012,0.006
4898,2023,03/15,13.17824389269964,Toledo,34.0,0.45,0.9,0.012,0.006
4899,2024,03/15,13.307516679007279,Toledo,34.0,0.45,0.9,0.012,0.006
4900,2015,03/15,12.791537673098754,Cascavel,34.0,0.45,0.9,0.012,0.007
4901,2016,03/15,9.344561653009505,Cascavel,34.0,0.45,0.9,0.012,0.007
4902,2017,03/15,12.042705262030731,Cascavel,34.0,0.45,0.9,0.012,0.007
4903,2018,03/15,11.655430674077033,Cascavel,34.0,0.45,0.9,0.012,0.007
4904,2019,03/15,12.769588626159955,Cascavel,34.0,0.45,0.9,0.012,0.007
4905,2020,03/15,8.000830318556636,Cascavel,34.0,0.45,0.9,0.012,0.007
4906,2021,03/15,12.095002410371315,Cascavel,34.0,0.45,0.9,0.012,0.007
4907,2022,03/15,10.875619911092254,Cascavel,34.0,0.45,0.9,0.012,0.007
4908,2023,03/15,12.170438810806175,Cascavel,34.0,0.45,0.9,0.012,0.007
4909,2024,03/15,12.605462550476398,Cascavel,34.0,0.45,0.9,0.012,0.007
4910,2015,03/15,13.59100979656672,Foz do Iguaçu,34.0,0.45,0.9,0.012,0.007
4911,2016,03/15,10.987401908743909,Foz do Iguaçu,34.0,0.45,0.9,0.012,0.007
4912,2017,03/15,13.178889970582476,Foz do Iguaçu,34.0,0.45,0.9,0.012,0.007
4913,2018,03/15,12.52292240989244,Foz do Iguaçu,34.0,0.45,0.9,0.012,0.007
4914,2019,03/15,13.502457196053845,Foz do Iguaçu,34.0,0.45,0.9,0.012,0.007
4915,2020,03/15,12.274038917691337,Foz do Iguaçu,34.0,0.45,0.9,0.012,0.007
4916,2021,03/15,13.08706960508472,Foz do Iguaçu,34.0,0.45,0.9,0.012,0.007
4917,2022,03/15,11.886754567168042,Foz do Iguaçu,34.0,0.45,0.9,0.012,0.007
4918,2023,03/15,13.52986768646565,Foz do Iguaçu,34.0,0.45,0.9,0.012,0.007
4919,2024,03/15,12.39956432354619,Foz do Iguaçu,34.0,0.45,0.9,0.012,0.007
4920,2015,03/15,13.920589042178545,Guaíra,34.0,0.45,0.9,0.012,0.007
4921,2016,03/15,11.570596227902733,Guaíra,34.0,0.45,0.9,0.012,0.007
4922,2017,03/15,13.430639959784246,Guaíra,34.0,0.45,0.9,0.012,0.007
4923,2018,03/15,13.237481283093203,Guaíra,34.0,0.45,0.9,0.012,0.007
4924,2019,03/15,13.87673424079929,Guaíra,34.0,0.45,0.9,0.012,0.007
4925,2020,03/15,13.428781260298972,Guaíra,34.0,0.45,0.9,0.012,0.007
4926,2021,03/15,13.343881428473852,Guaíra,34.0,0.45,0.9,0.012,0.007
4927,2022,03/15,12.455777694549793,Guaíra,34.0,0.45,0.9,0.012,0.007
4928,2023,03/15,13.583661465921843,Guaíra,34.0,0.45,0.9,0.012,0.007
4929,2024,03/15,13.76018051797573,Guaíra,34.0,0.45,0.9,0.012,0.007
4930,2015,03/15,13.938968413154472,Marechal Cândido Rondon,34.0,0.45,0.9,0.012,0.007
4931,2016,03/15,11.680946316818961,Marechal Cândido Rondon,34.0,0.45,0.9,0.012,0.007
4932,2017,03/15,13.536671366433817,Marechal Cândido Rondon,34.0,0.45,0.9,0.012,0.007
4933,2018,03/15,13.317931140559473,Marechal Cândido Rondon,34.0,0.45,0.9,0.012,0.007
4934,2019,03/15,13.901963054382406,Marechal Cândido Rondon,34.0,0.45,0.9,0.012,0.007
4935,2020,03/15,13.300927033973602,Marechal Cândido Rondon,34.0,0.45,0.9,0.012,0.007
4936,2021,03/15,13.576098515165745,Marechal Cândido Rondon,34.0,0.45,0.9,0.012,0.007
4937,2022,03/15,12.491047863524019,Marechal Cândido Rondon,34.0,0.45,0.9,0.012,0.007
4938,2023,03/15,13.720250282000208,Marechal Cândido Rondon,34.0,0.45,0.9,0.012,0.007
4939,2024,03/15,13.472633612602767,Marechal Cândido Rondon,34.0,0.45,0.9,0.012,0.007
4940,2015,03/15,13.130939073382129,Matelândia,34.0,0.45,0.9,0.012,0.007
4941,2016,03/15,10.132273261745652,Matelândia,34.0,0.45,0.9,0.012,0.007
4942,2017,03/15,12.709447551197638,Matelândia,34.0,0.45,0.9,0.012,0.007
4943,2018,03/15,11.982085765825461,Matelândia,34.0,0.45,0.9,0.012,0.007
4944,2019,03/15,13.135704827056173,Matelândia,34.0,0.45,0.9,0.012,0.007
4945,2020,03/15,11.869473991232269,Matelândia,34.0,0.45,0.9,0.012,0.007
4946,2021,03/15,12.76693899289037,Matelândia,34.0,0.45,0.9,0.012,0.007
4947,2022,03/15,11.37496452627766,Matelândia,34.0,0.45,0.9,0.012,0.007
4948,2023,03/15,13.021135970131803,Matelândia,34.0,0.45,0.9,0.012,0.007
4949,2024,03/15,12.400589051279471,Matelândia,34.0,0.45,0.9,0.012,0.007
4950,2015,03/15,13.59080991394835,Medianeira,34.0,0.45,0.9,0.012,0.007
4951,2016,03/15,10.98715725185565,Medianeira,34.0,0.45,0.9,0.012,0.007
4952,2017,03/15,13.178496690673967,Medianeira,34.0,0.45,0.9,0.012,0.007
4953,2018,03/15,12.522782679669419,Medianeira,34.0,0.45,0.9,0.012,0.007
4954,2019,03/15,13.50196832241412,Medianeira,34.0,0.45,0.9,0.012,0.007
4955,2020,03/15,12.273514419992683,Medianeira,34.0,0.45,0.9,0.012,0.007
4956,2021,03/15,13.086609269891738,Medianeira,34.0,0.45,0.9,0.012,0.007
4957,2022,03/15,11.886754567168042,Medianeira,34.0,0.45,0.9,0.012,0.007
4958,2023,03/15,13.529270140849768,Medianeira,34.0,0.45,0.9,0.012,0.007
4959,2024,03/15,12.39925845252089,Medianeira,34.0,0.45,0.9,0.012,0.007
4960,2015,03/15,13.894565865691833,Santa Helena,34.0,0.45,0.9,0.012,0.007
4961,2016,03/15,11.683715615032044,Santa Helena,34.0,0.45,0.9,0.012,0.007
4962,2017,03/15,13.535709493945044,Santa Helena,34.0,0.45,0.9,0.012,0.007
4963,2018,03/15,13.097455670189417,Santa Helena,34.0,0.45,0.9,0.012,0.007
4964,2019,03/15,13.782523470077717,Santa Helena,34.0,0.45,0.9,0.012,0.007
4965,2020,03/15,13.006949338742746,Santa Helena,34.0,0.45,0.9,0.012,0.007
4966,2021,03/15,13.447858465077987,Santa Helena,34.0,0.45,0.9,0.012,0.007
4967,2022,03/15,12.485941050475022,Santa Helena,34.0,0.45,0.9,0.012,0.007
4968,2023,03/15,13.776507031767958,Santa Helena,34.0,0.45,0.9,0.012,0.007
4969,2024,03/15,13.013286081140253,Santa Helena,34.0,0.45,0.9,0.012,0.007
4970,2015,03/15,13.590968474313529,São Miguel do Iguaçu,34.0,0.45,0.9,0.012,0.007
4971,2016,03/15,10.987347756957991,São Miguel do Iguaçu,34.0,0.45,0.9,0.012,0.007
4972,2017,03/15,13.178826624303554,São Miguel do Iguaçu,34.0,0.45,0.9,0.012,0.007
4973,2018,03/15,12.522898182949515,São Miguel do Iguaçu,34.0,0.45,0.9,0.012,0.007
4974,2019,03/15,13.50237804840026,São Miguel do Iguaçu,34.0,0.45,0.9,0.012,0.007
4975,2020,03/15,12.273935877145952,São Miguel do Iguaçu,34.0,0.45,0.9,0.012,0.007
4976,2021,03/15,13.086981761936727,São Miguel do Iguaçu,34.0,0.45,0.9,0.012,0.007
4977,2022,03/15,11.886754567168039,São Miguel do Iguaçu,34.0,0.45,0.9,0.012,0.007
4978,2023,03/15,13.529769859700407,São Miguel do Iguaçu,34.0,0.45,0.9,0.012,0.007
4979,2024,03/15,12.39949880111216,São Miguel do Iguaçu,34.0,0.45,0.9,0.012,0.007
4980,2015,03/15,12.826929511117788,São Pedro do Iguaçu,34.0,0.45,0.9,0.012,0.007
4981,2016,03/15,9.74707203762646,São Pedro do Iguaçu,34.0,0.45,0.9,0.012,0.007
4982,2017,03/15,12.332683042048842,São Pedro do Iguaçu,34.0,0.45,0.9,0.012,0.007
4983,2018,03/15,11.939744440574383,São Pedro do Iguaçu,34.0,0.45,0.9,0.012,0.007
4984,2019,03/15,12.93831144176989,São Pedro do Iguaçu,34.0,0.45,0.9,0.012,0.007
4985,2020,03/15,9.626930769061248,São Pedro do Iguaçu,34.0,0.45,0.9,0.012,0.007
4986,2021,03/15,12.53631530323109,São Pedro do Iguaçu,34.0,0.45,0.9,0.012,0.007
4987,2022,03/15,10.993556039316866,São Pedro do Iguaçu,34.0,0.45,0.9,0.012,0.007
4988,2023,03/15,12.742628207928743,São Pedro do Iguaçu,34.0,0.45,0.9,0.012,0.007
4989,2024,03/15,10.378204735843228,São Pedro do Iguaçu,34.0,0.45,0.9,0.012,0.007
4990,2015,03/15,13.373246335795933,Toledo,34.0,0.45,0.9,0.012,0.007
4991,2016,03/15,10.516498007161202,Toledo,34.0,0.45,0.9,0.012,0.007
4992,2017,03/15,12.780538427886864,Toledo,34.0,0.45,0.9,0.012,0.007
4993,2018,03/15,12.703551596594178,Toledo,34.0,0.45,0.9,0.012,0.007
4994,2019,03/15,13.386924568964005,Toledo,34.0,0.45,0.9,0.012,0.007
4995,2020,03/15,12.80161702018548,Toledo,34.0,0.45,0.9,0.012,0.007
4996,2021,03/15,13.026942413079787,Toledo,34.0,0.45,0.9,0.012,0.007
4997,2022,03/15,11.59666793074266,Toledo,34.0,0.45,0.9,0.012,0.007
4998,2023,03/15,13.17824389269964,Toledo,34.0,0.45,0.9,0.012,0.007
4999,2024,03/15,13.307516679007279,Toledo,34.0,0.45,0.9,0.012,0.007
5000,2015,03/15,12.791537673098754,Cascavel,34.0,0.45,0.9,0.013,0.006
5001,2016,03/15,9.344561653009505,Cascavel,34.0,0.45,0.9,0.013,0.006
5002,2017,03/15,12.042705262030731,Cascavel,34.0,0.45,0.9,0.013,0.006
5003,2018,03/15,11.655430674077033,Cascavel,34.0,0.45,0.9,0.013,0.006
5004,2019,03/15,12.769588626159955,Cascavel,34.0,0.45,0.9,0.013,0.006
5005,2020,03/15,8.000830318556636,Cascavel,34.0,0.45,0.9,0.013,0.006
5006,2021,03/15,12.095002410371315,Cascavel,34.0,0.45,0.9,0.013,0.006
5007,2022,03/15,10.875619911092254,Cascavel,34.0,0.45,0.9,0.013,0.006
5008,2023,03/15,12.170438810806175,Cascavel,34.0,0.45,0.9,0.013,0.006
5009,2024,03/15,12.605462550476398,Cascavel,34.0,0.45,0.9,0.013,0.006
5010,2015,03/15,13.59100979656672,Foz do Iguaçu,34.0,0.45,0.9,0.013,0.006
5011,2016,03/15,10.987401908743909,Foz do Iguaçu,34.0,0.45,0.9,0.013,0.006
5012,2017,03/15,13.178889970582476,Foz do Iguaçu,34.0,0.45,0.9,0.013,0.006
5013,2018,03/15,12.52292240989244,Foz do Iguaçu,34.0,0.45,0.9,0.013,0.006
5014,2019,03/15,13.502457196053845,Foz do Iguaçu,34.0,0.45,0.9,0.013,0.006
5015,2020,03/15,12.274038917691337,Foz do Iguaçu,34.0,0.45,0.9,0.013,0.006
5016,2021,03/15,13.08706960508472,Foz do Iguaçu,34.0,0.45,0.9,0.013,0.006
5017,2022,03/15,11.886754567168042,Foz do Iguaçu,34.0,0.45,0.9,0.013,0.006
5018,2023,03/15,13.52986768646565,Foz do Iguaçu,34.0,0.45,0.9,0.013,0.006
5019,2024,03/15,12.39956432354619,Foz do Iguaçu,34.0,0.45,0.9,0.013,0.006
5020,2015,03/15,13.920589042178545,Guaíra,34.0,0.45,0.9,0.013,0.006
5021,2016,03/15,11.570596227902733,Guaíra,34.0,0.45,0.9,0.013,0.006
5022,2017,03/15,13.430639959784246,Guaíra,34.0,0.45,0.9,0.013,0.006
5023,2018,03/15,13.237481283093203,Guaíra,34.0,0.45,0.9,0.013,0.006
5024,2019,03/15,13.87673424079929,Guaíra,34.0,0.45,0.9,0.013,0.006
5025,2020,03/15,13.428781260298972,Guaíra,34.0,0.45,0.9,0.013,0.006
5026,2021,03/15,13.343881428473852,Guaíra,34.0,0.45,0.9,0.013,0.006
5027,2022,03/15,12.455777694549793,Guaíra,34.0,0.45,0.9,0.013,0.006
5028,2023,03/15,13.583661465921843,Guaíra,34.0,0.45,0.9,0.013,0.006
5029,2024,03/15,13.76018051797573,Guaíra,34.0,0.45,0.9,0.013,0.006
5030,2015,03/15,13.938968413154472,Marechal Cândido Rondon,34.0,0.45,0.9,0.013,0.006
5031,2016,03/15,11.680946316818961,Marechal Cândido Rondon,34.0,0.45,0.9,0.013,0.006
5032,2017,03/15,13.536671366433817,Marechal Cândido Rondon,34.0,0.45,0.9,0.013,0.006
5033,2018,03/15,13.317931140559473,Marechal Cândido Rondon,34.0,0.45,0.9,0.013,0.006
5034,2019,03/15,13.901963054382406,Marechal Cândido Rondon,34.0,0.45,0.9,0.013,0.006
5035,2020,03/15,13.300927033973602,Marechal Cândido Rondon,34.0,0.45,0.9,0.013,0.006
5036,2021,03/15,13.576098515165745,Marechal Cândido Rondon,34.0,0.45,0.9,0.013,0.006
5037,2022,03/15,12.491047863524019,Marechal Cândido Rondon,34.0,0.45,0.9,0.013,0.006
5038,2023,03/15,13.720250282000208,Marechal Cândido Rondon,34.0,0.45,0.9,0.013,0.006
5039,2024,03/15,13.472633612602767,Marechal Cândido Rondon,34.0,0.45,0.9,0.013,0.006
5040,2015,03/15,13.130939073382129,Matelândia,34.0,0.45,0.9,0.013,0.006
5041,2016,03/15,10.132273261745652,Matelândia,34.0,0.45,0.9,0.013,0.006
5042,2017,03/15,12.709447551197638,Matelândia,34.0,0.45,0.9,0.013,0.006
5043,2018,03/15,11.982085765825461,Matelândia,34.0,0.45,0.9,0.013,0.006
5044,2019,03/15,13.135704827056173,Matelândia,34.0,0.45,0.9,0.013,0.006
5045,2020,03/15,11.869473991232269,Matelândia,34.0,0.45,0.9,0.013,0.006
5046,2021,03/15,12.76693899289037,Matelândia,34.0,0.45,0.9,0.013,0.006
5047,2022,03/15,11.37496452627766,Matelândia,34.0,0.45,0.9,0.013,0.006
5048,2023,03/15,13.021135970131803,Matelândia,34.0,0.45,0.9,0.013,0.006
5049,2024,03/15,12.400589051279471,Matelândia,34.0,0.45,0.9,0.013,0.006
5050,2015,03/15,13.59080991394835,Medianeira,34.0,0.45,0.9,0.013,0.006
5051,2016,03/15,10.98715725185565,Medianeira,34.0,0.45,0.9,0.013,0.006
5052,2017,03/15,13.178496690673967,Medianeira,34.0,0.45,0.9,0.013,0.006
5053,2018,03/15,12.522782679669419,Medianeira,34.0,0.45,0.9,0.013,0.006
5054,2019,03/15,13.50196832241412,Medianeira,34.0,0.45,0.9,0.013,0.006
5055,2020,03/15,12.273514419992683,Medianeira,34.0,0.45,0.9,0.013,0.006
5056,2021,03/15,13.086609269891738,Medianeira,34.0,0.45,0.9,0.013,0.006
5057,2022,03/15,11.886754567168042,Medianeira,34.0,0.45,0.9,0.013,0.006
5058,2023,03/15,13.529270140849768,Medianeira,34.0,0.45,0.9,0.013,0.006
5059,2024,03/15,12.39925845252089,Medianeira,34.0,0.45,0.9,0.013,0.006
5060,2015,03/15,13.894565865691833,Santa Helena,34.0,0.45,0.9,0.013,0.006
5061,2016,03/15,11.683715615032044,Santa Helena,34.0,0.45,0.9,0.013,0.006
5062,2017,03/15,13.535709493945044,Santa Helena,34.0,0.45,0.9,0.013,0.006
5063,2018,03/15,13.097455670189417,Santa Helena,34.0,0.45,0.9,0.013,0.006
5064,2019,03/15,13.782523470077717,Santa Helena,34.0,0.45,0.9,0.013,0.006
5065,2020,03/15,13.006949338742746,Santa Helena,34.0,0.45,0.9,0.013,0.006
5066,2021,03/15,13.447858465077987,Santa Helena,34.0,0.45,0.9,0.013,0.006
5067,2022,03/15,12.485941050475022,Santa Helena,34.0,0.45,0.9,0.013,0.006
5068,2023,03/15,13.776507031767958,Santa Helena,34.0,0.45,0.9,0.013,0.006
5069,2024,03/15,13.013286081140253,Santa Helena,34.0,0.45,0.9,0.013,0.006
5070,2015,03/15,13.590968474313529,São Miguel do Iguaçu,34.0,0.45,0.9,0.013,0.006
5071,2016,03/15,10.987347756957991,São Miguel do Iguaçu,34.0,0.45,0.9,0.013,0.006
5072,2017,03/15,13.178826624303554,São Miguel do Iguaçu,34.0,0.45,0.9,0.013,0.006
5073,2018,03/15,12.522898182949515,São Miguel do Iguaçu,34.0,0.45,0.9,0.013,0.006
5074,2019,03/15,13.50237804840026,São Miguel do Iguaçu,34.0,0.45,0.9,0.013,0.006
5075,2020,03/15,12.273935877145952,São Miguel do Iguaçu,34.0,0.45,0.9,0.013,0.006
5076,2021,03/15,13.086981761936727,São Miguel do Iguaçu,34.0,0.45,0.9,0.013,0.006
5077,2022,03/15,11.886754567168039,São Miguel do Iguaçu,34.0,0.45,0.9,0.013,0.006
5078,2023,03/15,13.529769859700407,São Miguel do Iguaçu,34.0,0.45,0.9,0.013,0.006
5079,2024,03/15,12.39949880111216,São Miguel do Iguaçu,34.0,0.45,0.9,0.013,0.006
5080,2015,03/15,12.826929511117788,São Pedro do Iguaçu,34.0,0.45,0.9,0.013,0.006
5081,2016,03/15,9.74707203762646,São Pedro do Iguaçu,34.0,0.45,0.9,0.013,0.006
5082,2017,03/15,12.332683042048842,São Pedro do Iguaçu,34.0,0.45,0.9,0.013,0.006
5083,2018,03/15,11.939744440574383,São Pedro do Iguaçu,34.0,0.45,0.9,0.013,0.006
5084,2019,03/15,12.93831144176989,São Pedro do Iguaçu,34.0,0.45,0.9,0.013,0.006
5085,2020,03/15,9.626930769061248,São Pedro do Iguaçu,34.0,0.45,0.9,0.013,0.006
5086,2021,03/15,12.53631530323109,São Pedro do Iguaçu,34.0,0.45,0.9,0.013,0.006
5087,2022,03/15,10.993556039316866,São Pedro do Iguaçu,34.0,0.45,0.9,0.013,0.006
5088,2023,03/15,12.742628207928743,São Pedro do Iguaçu,34.0,0.45,0.9,0.013,0.006
5089,2024,03/15,10.378204735843228,São Pedro do Iguaçu,34.0,0.45,0.9,0.013,0.006
5090,2015,03/15,13.373246335795933,Toledo,34.0,0.45,0.9,0.013,0.006
5091,2016,03/15,10.516498007161202,Toledo,34.0,0.45,0.9,0.013,0.006
5092,2017,03/15,12.780538427886864,Toledo,34.0,0.45,0.9,0.013,0.006
5093,2018,03/15,12.703551596594178,Toledo,34.0,0.45,0.9,0.013,0.006
5094,2019,03/15,13.386924568964005,Toledo,34.0,0.45,0.9,0.013,0.006
5095,2020,03/15,12.80161702018548,Toledo,34.0,0.45,0.9,0.013,0.006
5096,2021,03/15,13.026942413079787,Toledo,34.0,0.45,0.9,0.013,0.006
5097,2022,03/15,11.59666793074266,Toledo,34.0,0.45,0.9,0.013,0.006
5098,2023,03/15,13.17824389269964,Toledo,34.0,0.45,0.9,0.013,0.006
5099,2024,03/15,13.307516679007279,Toledo,34.0,0.45,0.9,0.013,0.006
5100,2015,03/15,12.791537673098754,Cascavel,34.0,0.45,0.9,0.013,0.007
5101,2016,03/15,9.344561653009505,Cascavel,34.0,0.45,0.9,0.013,0.007
5102,2017,03/15,12.042705262030731,Cascavel,34.0,0.45,0.9,0.013,0.007
5103,2018,03/15,11.655430674077033,Cascavel,34.0,0.45,0.9,0.013,0.007
5104,2019,03/15,12.769588626159955,Cascavel,34.0,0.45,0.9,0.013,0.007
5105,2020,03/15,8.000830318556636,Cascavel,34.0,0.45,0.9,0.013,0.007
5106,2021,03/15,12.095002410371315,Cascavel,34.0,0.45,0.9,0.013,0.007
5107,2022,03/15,10.875619911092254,Cascavel,34.0,0.45,0.9,0.013,0.007
5108,2023,03/15,12.170438810806175,Cascavel,34.0,0.45,0.9,0.013,0.007
5109,2024,03/15,12.605462550476398,Cascavel,34.0,0.45,0.9,0.013,0.007
5110,2015,03/15,13.59100979656672,Foz do Iguaçu,34.0,0.45,0.9,0.013,0.007
5111,2016,03/15,10.987401908743909,Foz do Iguaçu,34.0,0.45,0.9,0.013,0.007
5112,2017,03/15,13.178889970582476,Foz do Iguaçu,34.0,0.45,0.9,0.013,0.007
5113,2018,03/15,12.52292240989244,Foz do Iguaçu,34.0,0.45,0.9,0.013,0.007
5114,2019,03/15,13.502457196053845,Foz do Iguaçu,34.0,0.45,0.9,0.013,0.007
5115,2020,03/15,12.274038917691337,Foz do Iguaçu,34.0,0.45,0.9,0.013,0.007
5116,2021,03/15,13.08706960508472,Foz do Iguaçu,34.0,0.45,0.9,0.013,0.007
5117,2022,03/15,11.886754567168042,Foz do Iguaçu,34.0,0.45,0.9,0.013,0.007
5118,2023,03/15,13.52986768646565,Foz do Iguaçu,34.0,0.45,0.9,0.013,0.007
5119,2024,03/15,12.39956432354619,Foz do Iguaçu,34.0,0.45,0.9,0.013,0.007
5120,2015,03/15,13.920589042178545,Guaíra,34.0,0.45,0.9,0.013,0.007
5121,2016,03/15,11.570596227902733,Guaíra,34.0,0.45,0.9,0.013,0.007
5122,2017,03/15,13.430639959784246,Guaíra,34.0,0.45,0.9,0.013,0.007
5123,2018,03/15,13.237481283093203,Guaíra,34.0,0.45,0.9,0.013,0.007
5124,2019,03/15,13.87673424079929,Guaíra,34.0,0.45,0.9,0.013,0.007
5125,2020,03/15,13.428781260298972,Guaíra,34.0,0.45,0.9,0.013,0.007
5126,2021,03/15,13.343881428473852,Guaíra,34.0,0.45,0.9,0.013,0.007
5127,2022,03/15,12.455777694549793,Guaíra,34.0,0.45,0.9,0.013,0.007
5128,2023,03/15,13.583661465921843,Guaíra,34.0,0.45,0.9,0.013,0.007
5129,2024,03/15,13.76018051797573,Guaíra,34.0,0.45,0.9,0.013,0.007
5130,2015,03/15,13.938968413154472,Marechal Cândido Rondon,34.0,0.45,0.9,0.013,0.007
5131,2016,03/15,11.680946316818961,Marechal Cândido Rondon,34.0,0.45,0.9,0.013,0.007
5132,2017,03/15,13.536671366433817,Marechal Cândido Rondon,34.0,0.45,0.9,0.013,0.007
5133,2018,03/15,13.317931140559473,Marechal Cândido Rondon,34.0,0.45,0.9,0.013,0.007
5134,2019,03/15,13.901963054382406,Marechal Cândido Rondon,34.0,0.45,0.9,0.013,0.007
5135,2020,03/15,13.300927033973602,Marechal Cândido Rondon,34.0,0.45,0.9,0.013,0.007
5136,2021,03/15,13.576098515165745,Marechal Cândido Rondon,34.0,0.45,0.9,0.013,0.007
5137,2022,03/15,12.491047863524019,Marechal Cândido Rondon,34.0,0.45,0.9,0.013,0.007
5138,2023,03/15,13.720250282000208,Marechal Cândido Rondon,34.0,0.45,0.9,0.013,0.007
5139,2024,03/15,13.472633612602767,Marechal Cândido Rondon,34.0,0.45,0.9,0.013,0.007
5140,2015,03/15,13.130939073382129,Matelândia,34.0,0.45,0.9,0.013,0.007
5141,2016,03/15,10.132273261745652,Matelândia,34.0,0.45,0.9,0.013,0.007
5142,2017,03/15,12.709447551197638,Matelândia,34.0,0.45,0.9,0.013,0.007
5143,2018,03/15,11.982085765825461,Matelândia,34.0,0.45,0.9,0.013,0.007
5144,2019,03/15,13.135704827056173,Matelândia,34.0,0.45,0.9,0.013,0.007
5145,2020,03/15,11.869473991232269,Matelândia,34.0,0.45,0.9,0.013,0.007
5146,2021,03/15,12.76693899289037,Matelândia,34.0,0.45,0.9,0.013,0.007
5147,2022,03/15,11.37496452627766,Matelândia,34.0,0.45,0.9,0.013,0.007
5148,2023,03/15,13.021135970131803,Matelândia,34.0,0.45,0.9,0.013,0.007
5149,2024,03/15,12.400589051279471,Matelândia,34.0,0.45,0.9,0.013,0.007
5150,2015,03/15,13.59080991394835,Medianeira,34.0,0.45,0.9,0.013,0.007
5151,2016,03/15,10.98715725185565,Medianeira,34.0,0.45,0.9,0.013,0.007
5152,2017,03/15,13.178496690673967,Medianeira,34.0,0.45,0.9,0.013,0.007
5153,2018,03/15,12.522782679669419,Medianeira,34.0,0.45,0.9,0.013,0.007
5154,2019,03/15,13.50196832241412,Medianeira,34.0,0.45,0.9,0.013,0.007
5155,2020,03/15,12.273514419992683,Medianeira,34.0,0.45,0.9,0.013,0.007
5156,2021,03/15,13.086609269891738,Medianeira,34.0,0.45,0.9,0.013,0.007
5157,2022,03/15,11.886754567168042,Medianeira,34.0,0.45,0.9,0.013,0.007
5158,2023,03/15,13.529270140849768,Medianeira,34.0,0.45,0.9,0.013,0.007
5159,2024,03/15,12.39925845252089,Medianeira,34.0,0.45,0.9,0.013,0.007
5160,2015,03/15,13.894565865691833,Santa Helena,34.0,0.45,0.9,0.013,0.007
5161,2016,03/15,11.683715615032044,Santa Helena,34.0,0.45,0.9,0.013,0.007
5162,2017,03/15,13.535709493945044,Santa Helena,34.0,0.45,0.9,0.013,0.007
5163,2018,03/15,13.097455670189417,Santa Helena,34.0,0.45,0.9,0.013,0.007
5164,2019,03/15,13.782523470077717,Santa Helena,34.0,0.45,0.9,0.013,0.007
5165,2020,03/15,13.006949338742746,Santa Helena,34.0,0.45,0.9,0.013,0.007
5166,2021,03/15,13.447858465077987,Santa Helena,34.0,0.45,0.9,0.013,0.007
5167,2022,03/15,12.485941050475022,Santa Helena,34.0,0.45,0.9,0.013,0.007
5168,2023,03/15,13.776507031767958,Santa Helena,34.0,0.45,0.9,0.013,0.007
5169,2024,03/15,13.013286081140253,Santa Helena,34.0,0.45,0.9,0.013,0.007
5170,2015,03/15,13.590968474313529,São Miguel do Iguaçu,34.0,0.45,0.9,0.013,0.007
5171,2016,03/15,10.987347756957991,São Miguel do Iguaçu,34.0,0.45,0.9,0.013,0.007
5172,2017,03/15,13.178826624303554,São Miguel do Iguaçu,34.0,0.45,0.9,0.013,0.007
5173,2018,03/15,12.522898182949515,São Miguel do Iguaçu,34.0,0.45,0.9,0.013,0.007
5174,2019,03/15,13.50237804840026,São Miguel do Iguaçu,34.0,0.45,0.9,0.013,0.007
5175,2020,03/15,12.273935877145952,São Miguel do Iguaçu,34.0,0.45,0.9,0.013,0.007
5176,2021,03/15,13.086981761936727,São Miguel do Iguaçu,34.0,0.45,0.9,0.013,0.007
5177,2022,03/15,11.886754567168039,São Miguel do Iguaçu,34.0,0.45,0.9,0.013,0.007
5178,2023,03/15,13.529769859700407,São Miguel do Iguaçu,34.0,0.45,0.9,0.013,0.007
5179,2024,03/15,12.39949880111216,São Miguel do Iguaçu,34.0,0.45,0.9,0.013,0.007
5180,2015,03/15,12.826929511117788,São Pedro do Iguaçu,34.0,0.45,0.9,0.013,0.007
5181,2016,03/15,9.74707203762646,São Pedro do Iguaçu,34.0,0.45,0.9,0.013,0.007
5182,2017,03/15,12.332683042048842,São Pedro do Iguaçu,34.0,0.45,0.9,0.013,0.007
5183,2018,03/15,11.939744440574383,São Pedro do Iguaçu,34.0,0.45,0.9,0.013,0.007
5184,2019,03/15,12.93831144176989,São Pedro do Iguaçu,34.0,0.45,0.9,0.013,0.007
5185,2020,03/15,9.626930769061248,São Pedro do Iguaçu,34.0,0.45,0.9,0.013,0.007
5186,2021,03/15,12.53631530323109,São Pedro do Iguaçu,34.0,0.45,0.9,0.013,0.007
5187,2022,03/15,10.993556039316866,São Pedro do Iguaçu,34.0,0.45,0.9,0.013,0.007
5188,2023,03/15,12.742628207928743,São Pedro do Iguaçu,34.0,0.45,0.9,0.013,0.007
5189,2024,03/15,10.378204735843228,São Pedro do Iguaçu,34.0,0.45,0.9,0.013,0.007
5190,2015,03/15,13.373246335795933,Toledo,34.0,0.45,0.9,0.013,0.007
5191,2016,03/15,10.516498007161202,Toledo,34.0,0.45,0.9,0.013,0.007
5192,2017,03/15,12.780538427886864,Toledo,34.0,0.45,0.9,0.013,0.007
5193,2018,03/15,12.703551596594178,Toledo,34.0,0.45,0.9,0.013,0.007
5194,2019,03/15,13.386924568964005,Toledo,34.0,0.45,0.9,0.013,0.007
5195,2020,03/15,12.80161702018548,Toledo,34.0,0.45,0.9,0.013,0.007
5196,2021,03/15,13.026942413079787,Toledo,34.0,0.45,0.9,0.013,0.007
5197,2022,03/15,11.59666793074266,Toledo,34.0,0.45,0.9,0.013,0.007
5198,2023,03/15,13.17824389269964,Toledo,34.0,0.45,0.9,0.013,0.007
5199,2024,03/15,13.307516679007279,Toledo,34.0,0.45,0.9,0.013,0.007
5200,2015,03/15,13.188300251938422,Cascavel,34.0,0.45,0.95,0.012,0.006
5201,2016,03/15,9.61978207996672,Cascavel,34.0,0.45,0.95,0.012,0.006
5202,2017,03/15,12.407363470575968,Cascavel,34.0,0.45,0.95,0.012,0.006
5203,2018,03/15,12.012710538059757,Cascavel,34.0,0.45,0.95,0.012,0.006
5204,2019,03/15,13.16376652471889,Cascavel,34.0,0.45,0.95,0.012,0.006
5205,2020,03/15,8.253917170313342,Cascavel,34.0,0.45,0.95,0.012,0.006
5206,2021,03/15,12.46352937991781,Cascavel,34.0,0.45,0.95,0.012,0.006
5207,2022,03/15,11.212802010541328,Cascavel,34.0,0.45,0.95,0.012,0.006
5208,2023,03/15,12.548820660001264,Cascavel,34.0,0.45,0.95,0.012,0.006
5209,2024,03/15,12.99654699860128,Cascavel,34.0,0.45,0.95,0.012,0.006
5210,2015,03/15,14.015449514459615,Foz do Iguaçu,34.0,0.45,0.95,0.012,0.006
5211,2016,03/15,11.317449919719651,Foz do Iguaçu,34.0,0.45,0.95,0.012,0.006
5212,2017,03/15,13.58248757210792,Foz do Iguaçu,34.0,0.45,0.95,0.012,0.006
5213,2018,03/15,12.912320347830143,Foz do Iguaçu,34.0,0.45,0.95,0.012,0.006
5214,2019,03/15,13.92543499128622,Foz do Iguaçu,34.0,0.45,0.95,0.012,0.006
5215,2020,03/15,12.660855582241084,Foz do Iguaçu,34.0,0.45,0.95,0.012,0.006
5216,2021,03/15,13.489707314009719,Foz do Iguaçu,34.0,0.45,0.95,0.012,0.006
5217,2022,03/15,12.255309998572217,Foz do Iguaçu,34.0,0.45,0.95,0.012,0.006
5218,2023,03/15,13.951339940065372,Foz do Iguaçu,34.0,0.45,0.95,0.012,0.006
5219,2024,03/15,12.783396193930146,Foz do Iguaçu,34.0,0.45,0.95,0.012,0.006
5220,2015,03/15,14.358002667589252,Guaíra,34.0,0.45,0.95,0.012,0.006
5221,2016,03/15,11.924337158718517,Guaíra,34.0,0.45,0.95,0.012,0.006
5222,2017,03/15,13.843011093951555,Guaíra,34.0,0.45,0.95,0.012,0.006
5223,2018,03/15,13.650225931337385,Guaíra,34.0,0.45,0.95,0.012,0.006
5224,2019,03/15,14.311737336935234,Guaíra,34.0,0.45,0.95,0.012,0.006
5225,2020,03/15,13.853363317311105,Guaíra,34.0,0.45,0.95,0.012,0.006
5226,2021,03/15,13.75760847158908,Guaíra,34.0,0.45,0.95,0.012,0.006
5227,2022,03/15,12.844473776794807,Guaíra,34.0,0.45,0.95,0.012,0.006
5228,2023,03/15,14.009486413419705,Guaíra,34.0,0.45,0.95,0.012,0.006
5229,2024,03/15,14.1901750470973,Guaíra,34.0,0.45,0.95,0.012,0.006
5230,2015,03/15,14.376625994289164,Marechal Cândido Rondon,34.0,0.45,0.95,0.012,0.006
5231,2016,03/15,12.0378274072486,Marechal Cândido Rondon,34.0,0.45,0.95,0.012,0.006
5232,2017,03/15,13.952791153358444,Marechal Cândido Rondon,34.0,0.45,0.95,0.012,0.006
5233,2018,03/15,13.733363438267121,Marechal Cândido Rondon,34.0,0.45,0.95,0.012,0.006
5234,2019,03/15,14.33757085772821,Marechal Cândido Rondon,34.0,0.45,0.95,0.012,0.006
5235,2020,03/15,13.720653313538232,Marechal Cândido Rondon,34.0,0.45,0.95,0.012,0.006
5236,2021,03/15,13.99744906768175,Marechal Cândido Rondon,34.0,0.45,0.95,0.012,0.006
5237,2022,03/15,12.881108108945075,Marechal Cândido Rondon,34.0,0.45,0.95,0.012,0.006
5238,2023,03/15,14.150737713694896,Marechal Cândido Rondon,34.0,0.45,0.95,0.012,0.006
5239,2024,03/15,13.892152633811797,Marechal Cândido Rondon,34.0,0.45,0.95,0.012,0.006
5240,2015,03/15,13.539375423928409,Matelândia,34.0,0.45,0.95,0.012,0.006
5241,2016,03/15,10.433544438959155,Matelândia,34.0,0.45,0.95,0.012,0.006
5242,2017,03/15,13.097364092264087,Matelândia,34.0,0.45,0.95,0.012,0.006
5243,2018,03/15,12.352451708263322,Matelândia,34.0,0.45,0.95,0.012,0.006
5244,2019,03/15,13.544710068800104,Matelândia,34.0,0.45,0.95,0.012,0.006
5245,2020,03/15,12.243902398357307,Matelândia,34.0,0.45,0.95,0.012,0.006
5246,2021,03/15,13.159004803009292,Matelândia,34.0,0.45,0.95,0.012,0.006
5247,2022,03/15,11.727541687605708,Matelândia,34.0,0.45,0.95,0.012,0.006
5248,2023,03/15,13.427270089623807,Matelândia,34.0,0.45,0.95,0.012,0.006
5249,2024,03/15,12.784681433934235,Matelândia,34.0,0.45,0.95,0.012,0.006
5250,2015,03/15,14.015243221581892,Medianeira,34.0,0.45,0.95,0.012,0.006
5251,2016,03/15,11.317189866517262,Medianeira,34.0,0.45,0.95,0.012,0.006
5252,2017,03/15,13.58208090122394,Medianeira,34.0,0.45,0.95,0.012,0.006
5253,2018,03/15,12.91216284675956,Medianeira,34.0,0.45,0.95,0.012,0.006
5254,2019,03/15,13.924929720837865,Medianeira,34.0,0.45,0.95,0.012,0.006
5255,2020,03/15,12.660299570696864,Medianeira,34.0,0.45,0.95,0.012,0.006
5256,2021,03/15,13.487889445760867,Medianeira,34.0,0.45,0.95,0.012,0.006
5257,2022,03/15,12.255309998572217,Medianeira,34.0,0.45,0.95,0.012,0.006
5258,2023,03/15,13.950722400409036,Medianeira,34.0,0.45,0.95,0.012,0.006
5259,2024,03/15,12.783079838922188,Medianeira,34.0,0.45,0.95,0.012,0.006
5260,2015,03/15,14.330694411983941,Santa Helena,34.0,0.45,0.95,0.012,0.006
5261,2016,03/15,12.038812554360002,Santa Helena,34.0,0.45,0.95,0.012,0.006
5262,2017,03/15,13.951313115951702,Santa Helena,34.0,0.45,0.95,0.012,0.006
5263,2018,03/15,13.503786994153364,Santa Helena,34.0,0.45,0.95,0.012,0.006
5264,2019,03/15,14.214295254205986,Santa Helena,34.0,0.45,0.95,0.012,0.006
5265,2020,03/15,13.416519083538574,Santa Helena,34.0,0.45,0.95,0.012,0.006
5266,2021,03/15,13.86537982198789,Santa Helena,34.0,0.45,0.95,0.012,0.006
5267,2022,03/15,12.874844458510719,Santa Helena,34.0,0.45,0.95,0.012,0.006
5268,2023,03/15,14.20822458538515,Santa Helena,34.0,0.45,0.95,0.012,0.006
5269,2024,03/15,13.417090816666622,Santa Helena,34.0,0.45,0.95,0.012,0.006
5270,2015,03/15,14.015406865471329,São Miguel do Iguaçu,34.0,0.45,0.95,0.012,0.006
5271,2016,03/15,11.317393606581177,São Miguel do Iguaçu,34.0,0.45,0.95,0.012,0.006
5272,2017,03/15,13.582422073824317,São Miguel do Iguaçu,34.0,0.45,0.95,0.012,0.006
5273,2018,03/15,12.91229376160462,São Miguel do Iguaçu,34.0,0.45,0.95,0.012,0.006
5274,2019,03/15,13.925353190566971,São Miguel do Iguaçu,34.0,0.45,0.95,0.012,0.006
5275,2020,03/15,12.660747843385593,São Miguel do Iguaçu,34.0,0.45,0.95,0.012,0.006
5276,2021,03/15,13.489312404711088,São Miguel do Iguaçu,34.0,0.45,0.95,0.012,0.006
5277,2022,03/15,12.255309998572217,São Miguel do Iguaçu,34.0,0.45,0.95,0.012,0.006
5278,2023,03/15,13.951238851582552,São Miguel do Iguaçu,34.0,0.45,0.95,0.012,0.006
5279,2024,03/15,12.783328430704143,São Miguel do Iguaçu,34.0,0.45,0.95,0.012,0.006
5280,2015,03/15,13.224632646785537,São Pedro do Iguaçu,34.0,0.45,0.95,0.012,0.006
5281,2016,03/15,10.035069031294064,São Pedro do Iguaçu,34.0,0.45,0.95,0.012,0.006
5282,2017,03/15,12.707831479986687,São Pedro do Iguaçu,34.0,0.45,0.95,0.012,0.006
5283,2018,03/15,12.307178495189014,São Pedro do Iguaçu,34.0,0.45,0.95,0.012,0.006
5284,2019,03/15,13.339448679530095,São Pedro do Iguaçu,34.0,0.45,0.95,0.012,0.006
5285,2020,03/15,9.931214095776074,São Pedro do Iguaçu,34.0,0.45,0.95,0.012,0.006
5286,2021,03/15,12.920830492490866,São Pedro do Iguaçu,34.0,0.45,0.95,0.012,0.006
5287,2022,03/15,11.334211703430393,São Pedro do Iguaçu,34.0,0.45,0.95,0.012,0.006
5288,2023,03/15,13.140147319908085,São Pedro do Iguaçu,34.0,0.45,0.95,0.012,0.006
5289,2024,03/15,10.699282474247154,São Pedro do Iguaçu,34.0,0.45,0.95,0.012,0.006
5290,2015,03/15,13.79050835070531,Toledo,34.0,0.45,0.95,0.012,0.006
5291,2016,03/15,10.831780441537571,Toledo,34.0,0.45,0.95,0.012,0.006
5292,2017,03/15,13.170835981886015,Toledo,34.0,0.45,0.95,0.012,0.006
5293,2018,03/15,13.098478664168557,Toledo,34.0,0.45,0.95,0.012,0.006
5294,2019,03/15,13.804161426291113,Toledo,34.0,0.45,0.95,0.012,0.006
5295,2020,03/15,13.20684661263834,Toledo,34.0,0.45,0.95,0.012,0.006
5296,2021,03/15,13.428648200766858,Toledo,34.0,0.45,0.95,0.012,0.006
5297,2022,03/15,11.957309845512766,Toledo,34.0,0.45,0.95,0.012,0.006
5298,2023,03/15,13.590760803537519,Toledo,34.0,0.45,0.95,0.012,0.006
5299,2024,03/15,13.721332544468892,Toledo,34.0,0.45,0.95,0.012,0.006
5300,2015,03/15,13.188300251938422,Cascavel,34.0,0.45,0.95,0.012,0.007
5301,2016,03/15,9.61978207996672,Cascavel,34.0,0.45,0.95,0.012,0.007
5302,2017,03/15,12.407363470575968,Cascavel,34.0,0.45,0.95,0.012,0.007
5303,2018,03/15,12.012710538059757,Cascavel,34.0,0.45,0.95,0.012,0.007
5304,2019,03/15,13.16376652471889,Cascavel,34.0,0.45,0.95,0.012,0.007
5305,2020,03/15,8.253917170313342,Cascavel,34.0,0.45,0.95,0.012,0.007
5306,2021,03/15,12.46352937991781,Cascavel,34.0,0.45,0.95,0.012,0.007
5307,2022,03/15,11.212802010541328,Cascavel,34.0,0.45,0.95,0.012,0.007
5308,2023,03/15,12.548820660001264,Cascavel,34.0,0.45,0.95,0.012,0.007
5309,2024,03/15,12.99654699860128,Cascavel,34.0,0.45,0.95,0.012,0.007
5310,2015,03/15,14.015449514459615,Foz do Iguaçu,34.0,0.45,0.95,0.012,0.007
5311,2016,03/15,11.317449919719651,Foz do Iguaçu,34.0,0.45,0.95,0.012,0.007
5312,2017,03/15,13.58248757210792,Foz do Iguaçu,34.0,0.45,0.95,0.012,0.007
5313,2018,03/15,12.912320347830143,Foz do Iguaçu,34.0,0.45,0.95,0.012,0.007
5314,2019,03/15,13.92543499128622,Foz do Iguaçu,34.0,0.45,0.95,0.012,0.007
5315,2020,03/15,12.660855582241084,Foz do Iguaçu,34.0,0.45,0.95,0.012,0.007
5316,2021,03/15,13.489707314009719,Foz do Iguaçu,34.0,0.45,0.95,0.012,0.007
5317,2022,03/15,12.255309998572217,Foz do Iguaçu,34.0,0.45,0.95,0.012,0.007
5318,2023,03/15,13.951339940065372,Foz do Iguaçu,34.0,0.45,0.95,0.012,0.007
5319,2024,03/15,12.783396193930146,Foz do Iguaçu,34.0,0.45,0.95,0.012,0.007
5320,2015,03/15,14.358002667589252,Guaíra,34.0,0.45,0.95,0.012,0.007
5321,2016,03/15,11.924337158718517,Guaíra,34.0,0.45,0.95,0.012,0.007
5322,2017,03/15,13.843011093951555,Guaíra,34.0,0.45,0.95,0.012,0.007
5323,2018,03/15,13.650225931337385,Guaíra,34.0,0.45,0.95,0.012,0.007
5324,2019,03/15,14.311737336935234,Guaíra,34.0,0.45,0.95,0.012,0.007
5325,2020,03/15,13.853363317311105,Guaíra,34.0,0.45,0.95,0.012,0.007
5326,2021,03/15,13.75760847158908,Guaíra,34.0,0.45,0.95,0.012,0.007
5327,2022,03/15,12.844473776794807,Guaíra,34.0,0.45,0.95,0.012,0.007
5328,2023,03/15,14.009486413419705,Guaíra,34.0,0.45,0.95,0.012,0.007
5329,2024,03/15,14.1901750470973,Guaíra,34.0,0.45,0.95,0.012,0.007
5330,2015,03/15,14.376625994289164,Marechal Cândido Rondon,34.0,0.45,0.95,0.012,0.007
5331,2016,03/15,12.0378274072486,Marechal Cândido Rondon,34.0,0.45,0.95,0.012,0.007
5332,2017,03/15,13.952791153358444,Marechal Cândido Rondon,34.0,0.45,0.95,0.012,0.007
5333,2018,03/15,13.733363438267121,Marechal Cândido Rondon,34.0,0.45,0.95,0.012,0.007
5334,2019,03/15,14.33757085772821,Marechal Cândido Rondon,34.0,0.45,0.95,0.012,0.007
5335,2020,03/15,13.720653313538232,Marechal Cândido Rondon,34.0,0.45,0.95,0.012,0.007
5336,2021,03/15,13.99744906768175,Marechal Cândido Rondon,34.0,0.45,0.95,0.012,0.007
5337,2022,03/15,12.881108108945075,Marechal Cândido Rondon,34.0,0.45,0.95,0.012,0.007
5338,2023,03/15,14.150737713694896,Marechal Cândido Rondon,34.0,0.45,0.95,0.012,0.007
5339,2024,03/15,13.892152633811797,Marechal Cândido Rondon,34.0,0.45,0.95,0.012,0.007
5340,2015,03/15,13.539375423928409,Matelândia,34.0,0.45,0.95,0.012,0.007
5341,2016,03/15,10.433544438959155,Matelândia,34.0,0.45,0.95,0.012,0.007
5342,2017,03/15,13.097364092264087,Matelândia,34.0,0.45,0.95,0.012,0.007
5343,2018,03/15,12.352451708263322,Matelândia,34.0,0.45,0.95,0.012,0.007
5344,2019,03/15,13.544710068800104,Matelândia,34.0,0.45,0.95,0.012,0.007
5345,2020,03/15,12.243902398357307,Matelândia,34.0,0.45,0.95,0.012,0.007
5346,2021,03/15,13.159004803009292,Matelândia,34.0,0.45,0.95,0.012,0.007
5347,2022,03/15,11.727541687605708,Matelândia,34.0,0.45,0.95,0.012,0.007
5348,2023,03/15,13.427270089623807,Matelândia,34.0,0.45,0.95,0.012,0.007
5349,2024,03/15,12.784681433934235,Matelândia,34.0,0.45,0.95,0.012,0.007
5350,2015,03/15,14.015243221581892,Medianeira,34.0,0.45,0.95,0.012,0.007
5351,2016,03/15,11.317189866517262,Medianeira,34.0,0.45,0.95,0.012,0.007
5352,2017,03/15,13.58208090122394,Medianeira,34.0,0.45,0.95,0.012,0.007
5353,2018,03/15,12.91216284675956,Medianeira,34.0,0.45,0.95,0.012,0.007
5354,2019,03/15,13.924929720837865,Medianeira,34.0,0.45,0.95,0.012,0.007
5355,2020,03/15,12.660299570696864,Medianeira,34.0,0.45,0.95,0.012,0.007
5356,2021,03/15,13.487889445760867,Medianeira,34.0,0.45,0.95,0.012,0.007
5357,2022,03/15,12.255309998572217,Medianeira,34.0,0.45,0.95,0.012,0.007
5358,2023,03/15,13.950722400409036,Medianeira,34.0,0.45,0.95,0.012,0.007
5359,2024,03/15,12.783079838922188,Medianeira,34.0,0.45,0.95,0.012,0.007
5360,2015,03/15,14.330694411983941,Santa Helena,34.0,0.45,0.95,0.012,0.007
5361,2016,03/15,12.038812554360002,Santa Helena,34.0,0.45,0.95,0.012,0.007
5362,2017,03/15,13.951313115951702,Santa Helena,34.0,0.45,0.95,0.012,0.007
5363,2018,03/15,13.503786994153364,Santa Helena,34.0,0.45,0.95,0.012,0.007
5364,2019,03/15,14.214295254205986,Santa Helena,34.0,0.45,0.95,0.012,0.007
5365,2020,03/15,13.416519083538574,Santa Helena,34.0,0.45,0.95,0.012,0.007
5366,2021,03/15,13.86537982198789,Santa Helena,34.0,0.45,0.95,0.012,0.007
5367,2022,03/15,12.874844458510719,Santa Helena,34.0,0.45,0.95,0.012,0.007
5368,2023,03/15,14.20822458538515,Santa Helena,34.0,0.45,0.95,0.012,0.007
5369,2024,03/15,13.417090816666622,Santa Helena,34.0,0.45,0.95,0.012,0.007
5370,2015,03/15,14.015406865471329,São Miguel do Iguaçu,34.0,0.45,0.95,0.012,0.007
5371,2016,03/15,11.317393606581177,São Miguel do Iguaçu,34.0,0.45,0.95,0.012,0.007
5372,2017,03/15,13.582422073824317,São Miguel do Iguaçu,34.0,0.45,0.95,0.012,0.007
5373,2018,03/15,12.91229376160462,São Miguel do Iguaçu,34.0,0.45,0.95,0.012,0.007
5374,2019,03/15,13.925353190566971,São Miguel do Iguaçu,34.0,0.45,0.95,0.012,0.007
5375,2020,03/15,12.660747843385593,São Miguel do Iguaçu,34.0,0.45,0.95,0.012,0.007
5376,2021,03/15,13.489312404711088,São Miguel do Iguaçu,34.0,0.45,0.95,0.012,0.007
5377,2022,03/15,12.255309998572217,São Miguel do Iguaçu,34.0,0.45,0.95,0.012,0.007
5378,2023,03/15,13.951238851582552,São Miguel do Iguaçu,34.0,0.45,0.95,0.012,0.007
5379,2024,03/15,12.783328430704143,São Miguel do Iguaçu,34.0,0.45,0.95,0.012,0.007
5380,2015,03/15,13.224632646785537,São Pedro do Iguaçu,34.0,0.45,0.95,0.012,0.007
5381,2016,03/15,10.035069031294064,São Pedro do Iguaçu,34.0,0.45,0.95,0.012,0.007
5382,2017,03/15,12.707831479986687,São Pedro do Iguaçu,34.0,0.45,0.95,0.012,0.007
5383,2018,03/15,12.307178495189014,São Pedro do Iguaçu,34.0,0.45,0.95,0.012,0.007
5384,2019,03/15,13.339448679530095,São Pedro do Iguaçu,34.0,0.45,0.95,0.012,0.007
5385,2020,03/15,9.931214095776074,São Pedro do Iguaçu,34.0,0.45,0.95,0.012,0.007
5386,2021,03/15,12.920830492490866,São Pedro do Iguaçu,34.0,0.45,0.95,0.012,0.007
5387,2022,03/15,11.334211703430393,São Pedro do Iguaçu,34.0,0.45,0.95,0.012,0.007
5388,2023,03/15,13.140147319908085,São Pedro do Iguaçu,34.0,0.45,0.95,0.012,0.007
5389,2024,03/15,10.699282474247154,São Pedro do Iguaçu,34.0,0.45,0.95,0.012,0.007
5390,2015,03/15,13.79050835070531,Toledo,34.0,0.45,0.95,0.012,0.007
5391,2016,03/15,10.831780441537571,Toledo,34.0,0.45,0.95,0.012,0.007
5392,2017,03/15,13.170835981886015,Toledo,34.0,0.45,0.95,0.012,0.007
5393,2018,03/15,13.098478664168557,Toledo,34.0,0.45,0.95,0.012,0.007
5394,2019,03/15,13.804161426291113,Toledo,34.0,0.45,0.95,0.012,0.007
5395,2020,03/15,13.20684661263834,Toledo,34.0,0.45,0.95,0.012,0.007
5396,2021,03/15,13.428648200766858,Toledo,34.0,0.45,0.95,0.012,0.007
5397,2022,03/15,11.957309845512766,Toledo,34.0,0.45,0.95,0.012,0.007
5398,2023,03/15,13.590760803537519,Toledo,34.0,0.45,0.95,0.012,0.007
5399,2024,03/15,13.721332544468892,Toledo,34.0,0.45,0.95,0.012,0.007
5400,2015,03/15,13.188300251938422,Cascavel,34.0,0.45,0.95,0.013,0.006
5401,2016,03/15,9.61978207996672,Cascavel,34.0,0.45,0.95,0.013,0.006
5402,2017,03/15,12.407363470575968,Cascavel,34.0,0.45,0.95,0.013,0.006
5403,2018,03/15,12.012710538059757,Cascavel,34.0,0.45,0.95,0.013,0.006
5404,2019,03/15,13.16376652471889,Cascavel,34.0,0.45,0.95,0.013,0.006
5405,2020,03/15,8.253917170313342,Cascavel,34.0,0.45,0.95,0.013,0.006
5406,2021,03/15,12.46352937991781,Cascavel,34.0,0.45,0.95,0.013,0.006
5407,2022,03/15,11.212802010541328,Cascavel,34.0,0.45,0.95,0.013,0.006
5408,2023,03/15,12.548820660001264,Cascavel,34.0,0.45,0.95,0.013,0.006
5409,2024,03/15,12.99654699860128,Cascavel,34.0,0.45,0.95,0.013,0.006
5410,2015,03/15,14.015449514459615,Foz do Iguaçu,34.0,0.45,0.95,0.013,0.006
5411,2016,03/15,11.317449919719651,Foz do Iguaçu,34.0,0.45,0.95,0.013,0.006
5412,2017,03/15,13.58248757210792,Foz do Iguaçu,34.0,0.45,0.95,0.013,0.006
5413,2018,03/15,12.912320347830143,Foz do Iguaçu,34.0,0.45,0.95,0.013,0.006
5414,2019,03/15,13.92543499128622,Foz do Iguaçu,34.0,0.45,0.95,0.013,0.006
5415,2020,03/15,12.660855582241084,Foz do Iguaçu,34.0,0.45,0.95,0.013,0.006
5416,2021,03/15,13.489707314009719,Foz do Iguaçu,34.0,0.45,0.95,0.013,0.006
5417,2022,03/15,12.255309998572217,Foz do Iguaçu,34.0,0.45,0.95,0.013,0.006
5418,2023,03/15,13.951339940065372,Foz do Iguaçu,34.0,0.45,0.95,0.013,0.006
5419,2024,03/15,12.783396193930146,Foz do Iguaçu,34.0,0.45,0.95,0.013,0.006
5420,2015,03/15,14.358002667589252,Guaíra,34.0,0.45,0.95,0.013,0.006
5421,2016,03/15,11.924337158718517,Guaíra,34.0,0.45,0.95,0.013,0.006
5422,2017,03/15,13.843011093951555,Guaíra,34.0,0.45,0.95,0.013,0.006
5423,2018,03/15,13.650225931337385,Guaíra,34.0,0.45,0.95,0.013,0.006
5424,2019,03/15,14.311737336935234,Guaíra,34.0,0.45,0.95,0.013,0.006
5425,2020,03/15,13.853363317311105,Guaíra,34.0,0.45,0.95,0.013,0.006
5426,2021,03/15,13.75760847158908,Guaíra,34.0,0.45,0.95,0.013,0.006
5427,2022,03/15,12.844473776794807,Guaíra,34.0,0.45,0.95,0.013,0.006
5428,2023,03/15,14.009486413419705,Guaíra,34.0,0.45,0.95,0.013,0.006
5429,2024,03/15,14.1901750470973,Guaíra,34.0,0.45,0.95,0.013,0.006
5430,2015,03/15,14.376625994289164,Marechal Cândido Rondon,34.0,0.45,0.95,0.013,0.006
5431,2016,03/15,12.0378274072486,Marechal Cândido Rondon,34.0,0.45,0.95,0.013,0.006
5432,2017,03/15,13.952791153358444,Marechal Cândido Rondon,34.0,0.45,0.95,0.013,0.006
5433,2018,03/15,13.733363438267121,Marechal Cândido Rondon,34.0,0.45,0.95,0.013,0.006
5434,2019,03/15,14.33757085772821,Marechal Cândido Rondon,34.0,0.45,0.95,0.013,0.006
5435,2020,03/15,13.720653313538232,Marechal Cândido Rondon,34.0,0.45,0.95,0.013,0.006
5436,2021,03/15,13.99744906768175,Marechal Cândido Rondon,34.0,0.45,0.95,0.013,0.006
5437,2022,03/15,12.881108108945075,Marechal Cândido Rondon,34.0,0.45,0.95,0.013,0.006
5438,2023,03/15,14.150737713694896,Marechal Cândido Rondon,34.0,0.45,0.95,0.013,0.006
5439,2024,03/15,13.892152633811797,Marechal Cândido Rondon,34.0,0.45,0.95,0.013,0.006
5440,2015,03/15,13.539375423928409,Matelândia,34.0,0.45,0.95,0.013,0.006
5441,2016,03/15,10.433544438959155,Matelândia,34.0,0.45,0.95,0.013,0.006
5442,2017,03/15,13.097364092264087,Matelândia,34.0,0.45,0.95,0.013,0.006
5443,2018,03/15,12.352451708263322,Matelândia,34.0,0.45,0.95,0.013,0.006
5444,2019,03/15,13.544710068800104,Matelândia,34.0,0.45,0.95,0.013,0.006
5445,2020,03/15,12.243902398357307,Matelândia,34.0,0.45,0.95,0.013,0.006
5446,2021,03/15,13.159004803009292,Matelândia,34.0,0.45,0.95,0.013,0.006
5447,2022,03/15,11.727541687605708,Matelândia,34.0,0.45,0.95,0.013,0.006
5448,2023,03/15,13.427270089623807,Matelândia,34.0,0.45,0.95,0.013,0.006
5449,2024,03/15,12.784681433934235,Matelândia,34.0,0.45,0.95,0.013,0.006
5450,2015,03/15,14.015243221581892,Medianeira,34.0,0.45,0.95,0.013,0.006
5451,2016,03/15,11.317189866517262,Medianeira,34.0,0.45,0.95,0.013,0.006
5452,2017,03/15,13.58208090122394,Medianeira,34.0,0.45,0.95,0.013,0.006
5453,2018,03/15,12.91216284675956,Medianeira,34.0,0.45,0.95,0.013,0.006
5454,2019,03/15,13.924929720837865,Medianeira,34.0,0.45,0.95,0.013,0.006
5455,2020,03/15,12.660299570696864,Medianeira,34.0,0.45,0.95,0.013,0.006
5456,2021,03/15,13.487889445760867,Medianeira,34.0,0.45,0.95,0.013,0.006
5457,2022,03/15,12.255309998572217,Medianeira,34.0,0.45,0.95,0.013,0.006
5458,2023,03/15,13.950722400409036,Medianeira,34.0,0.45,0.95,0.013,0.006
5459,2024,03/15,12.783079838922188,Medianeira,34.0,0.45,0.95,0.013,0.006
5460,2015,03/15,14.330694411983941,Santa Helena,34.0,0.45,0.95,0.013,0.006
5461,2016,03/15,12.038812554360002,Santa Helena,34.0,0.45,0.95,0.013,0.006
5462,2017,03/15,13.951313115951702,Santa Helena,34.0,0.45,0.95,0.013,0.006
5463,2018,03/15,13.503786994153364,Santa Helena,34.0,0.45,0.95,0.013,0.006
5464,2019,03/15,14.214295254205986,Santa Helena,34.0,0.45,0.95,0.013,0.006
5465,2020,03/15,13.416519083538574,Santa Helena,34.0,0.45,0.95,0.013,0.006
5466,2021,03/15,13.86537982198789,Santa Helena,34.0,0.45,0.95,0.013,0.006
5467,2022,03/15,12.874844458510719,Santa Helena,34.0,0.45,0.95,0.013,0.006
5468,2023,03/15,14.20822458538515,Santa Helena,34.0,0.45,0.95,0.013,0.006
5469,2024,03/15,13.417090816666622,Santa Helena,34.0,0.45,0.95,0.013,0.006
5470,2015,03/15,14.015406865471329,São Miguel do Iguaçu,34.0,0.45,0.95,0.013,0.006
5471,2016,03/15,11.317393606581177,São Miguel do Iguaçu,34.0,0.45,0.95,0.013,0.006
5472,2017,03/15,13.582422073824317,São Miguel do Iguaçu,34.0,0.45,0.95,0.013,0.006
5473,2018,03/15,12.91229376160462,São Miguel do Iguaçu,34.0,0.45,0.95,0.013,0.006
5474,2019,03/15,13.925353190566971,São Miguel do Iguaçu,34.0,0.45,0.95,0.013,0.006
5475,2020,03/15,12.660747843385593,São Miguel do Iguaçu,34.0,0.45,0.95,0.013,0.006
5476,2021,03/15,13.489312404711088,São Miguel do Iguaçu,34.0,0.45,0.95,0.013,0.006
5477,2022,03/15,12.255309998572217,São Miguel do Iguaçu,34.0,0.45,0.95,0.013,0.006
5478,2023,03/15,13.951238851582552,São Miguel do Iguaçu,34.0,0.45,0.95,0.013,0.006
5479,2024,03/15,12.783328430704143,São Miguel do Iguaçu,34.0,0.45,0.95,0.013,0.006
5480,2015,03/15,13.224632646785537,São Pedro do Iguaçu,34.0,0.45,0.95,0.013,0.006
5481,2016,03/15,10.035069031294064,São Pedro do Iguaçu,34.0,0.45,0.95,0.013,0.006
5482,2017,03/15,12.707831479986687,São Pedro do Iguaçu,34.0,0.45,0.95,0.013,0.006
5483,2018,03/15,12.307178495189014,São Pedro do Iguaçu,34.0,0.45,0.95,0.013,0.006
5484,2019,03/15,13.339448679530095,São Pedro do Iguaçu,34.0,0.45,0.95,0.013,0.006
5485,2020,03/15,9.931214095776074,São Pedro do Iguaçu,34.0,0.45,0.95,0.013,0.006
5486,2021,03/15,12.920830492490866,São Pedro do Iguaçu,34.0,0.45,0.95,0.013,0.006
5487,2022,03/15,11.334211703430393,São Pedro do Iguaçu,34.0,0.45,0.95,0.013,0.006
5488,2023,03/15,13.140147319908085,São Pedro do Iguaçu,34.0,0.45,0.95,0.013,0.006
5489,2024,03/15,10.699282474247154,São Pedro do Iguaçu,34.0,0.45,0.95,0.013,0.006
5490,2015,03/15,13.79050835070531,Toledo,34.0,0.45,0.95,0.013,0.006
5491,2016,03/15,10.831780441537571,Toledo,34.0,0.45,0.95,0.013,0.006
5492,2017,03/15,13.170835981886015,Toledo,34.0,0.45,0.95,0.013,0.006
5493,2018,03/15,13.098478664168557,Toledo,34.0,0.45,0.95,0.013,0.006
5494,2019,03/15,13.804161426291113,Toledo,34.0,0.45,0.95,0.013,0.006
5495,2020,03/15,13.20684661263834,Toledo,34.0,0.45,0.95,0.013,0.006
5496,2021,03/15,13.428648200766858,Toledo,34.0,0.45,0.95,0.013,0.006
5497,2022,03/15,11.957309845512766,Toledo,34.0,0.45,0.95,0.013,0.006
5498,2023,03/15,13.590760803537519,Toledo,34.0,0.45,0.95,0.013,0.006
5499,2024,03/15,13.721332544468892,Toledo,34.0,0.45,0.95,0.013,0.006
5500,2015,03/15,13.188300251938422,Cascavel,34.0,0.45,0.95,0.013,0.007
5501,2016,03/15,9.61978207996672,Cascavel,34.0,0.45,0.95,0.013,0.007
5502,2017,03/15,12.407363470575968,Cascavel,34.0,0.45,0.95,0.013,0.007
5503,2018,03/15,12.012710538059757,Cascavel,34.0,0.45,0.95,0.013,0.007
5504,2019,03/15,13.16376652471889,Cascavel,34.0,0.45,0.95,0.013,0.007
5505,2020,03/15,8.253917170313342,Cascavel,34.0,0.45,0.95,0.013,0.007
5506,2021,03/15,12.46352937991781,Cascavel,34.0,0.45,0.95,0.013,0.007
5507,2022,03/15,11.212802010541328,Cascavel,34.0,0.45,0.95,0.013,0.007
5508,2023,03/15,12.548820660001264,Cascavel,34.0,0.45,0.95,0.013,0.007
5509,2024,03/15,12.99654699860128,Cascavel,34.0,0.45,0.95,0.013,0.007
5510,2015,03/15,14.015449514459615,Foz do Iguaçu,34.0,0.45,0.95,0.013,0.007
5511,2016,03/15,11.317449919719651,Foz do Iguaçu,34.0,0.45,0.95,0.013,0.007
5512,2017,03/15,13.58248757210792,Foz do Iguaçu,34.0,0.45,0.95,0.013,0.007
5513,2018,03/15,12.912320347830143,Foz do Iguaçu,34.0,0.45,0.95,0.013,0.007
5514,2019,03/15,13.92543499128622,Foz do Iguaçu,34.0,0.45,0.95,0.013,0.007
5515,2020,03/15,12.660855582241084,Foz do Iguaçu,34.0,0.45,0.95,0.013,0.007
5516,2021,03/15,13.489707314009719,Foz do Iguaçu,34.0,0.45,0.95,0.013,0.007
5517,2022,03/15,12.255309998572217,Foz do Iguaçu,34.0,0.45,0.95,0.013,0.007
5518,2023,03/15,13.951339940065372,Foz do Iguaçu,34.0,0.45,0.95,0.013,0.007
5519,2024,03/15,12.783396193930146,Foz do Iguaçu,34.0,0.45,0.95,0.013,0.007
5520,2015,03/15,14.358002667589252,Guaíra,34.0,0.45,0.95,0.013,0.007
5521,2016,03/15,11.924337158718517,Guaíra,34.0,0.45,0.95,0.013,0.007
5522,2017,03/15,13.843011093951555,Guaíra,34.0,0.45,0.95,0.013,0.007
5523,2018,03/15,13.650225931337385,Guaíra,34.0,0.45,0.95,0.013,0.007
5524,2019,03/15,14.311737336935234,Guaíra,34.0,0.45,0.95,0.013,0.007
5525,2020,03/15,13.853363317311105,Guaíra,34.0,0.45,0.95,0.013,0.007
5526,2021,03/15,13.75760847158908,Guaíra,34.0,0.45,0.95,0.013,0.007
5527,2022,03/15,12.844473776794807,Guaíra,34.0,0.45,0.95,0.013,0.007
5528,2023,03/15,14.009486413419705,Guaíra,34.0,0.45,0.95,0.013,0.007
5529,2024,03/15,14.1901750470973,Guaíra,34.0,0.45,0.95,0.013,0.007
5530,2015,03/15,14.376625994289164,Marechal Cândido Rondon,34.0,0.45,0.95,0.013,0.007
5531,2016,03/15,12.0378274072486,Marechal Cândido Rondon,34.0,0.45,0.95,0.013,0.007
5532,2017,03/15,13.952791153358444,Marechal Cândido Rondon,34.0,0.45,0.95,0.013,0.007
5533,2018,03/15,13.733363438267121,Marechal Cândido Rondon,34.0,0.45,0.95,0.013,0.007
5534,2019,03/15,14.33757085772821,Marechal Cândido Rondon,34.0,0.45,0.95,0.013,0.007
5535,2020,03/15,13.720653313538232,Marechal Cândido Rondon,34.0,0.45,0.95,0.013,0.007
5536,2021,03/15,13.99744906768175,Marechal Cândido Rondon,34.0,0.45,0.95,0.013,0.007
5537,2022,03/15,12.881108108945075,Marechal Cândido Rondon,34.0,0.45,0.95,0.013,0.007
5538,2023,03/15,14.150737713694896,Marechal Cândido Rondon,34.0,0.45,0.95,0.013,0.007
5539,2024,03/15,13.892152633811797,Marechal Cândido Rondon,34.0,0.45,0.95,0.013,0.007
5540,2015,03/15,13.539375423928409,Matelândia,34.0,0.45,0.95,0.013,0.007
5541,2016,03/15,10.433544438959155,Matelândia,34.0,0.45,0.95,0.013,0.007
5542,2017,03/15,13.097364092264087,Matelândia,34.0,0.45,0.95,0.013,0.007
5543,2018,03/15,12.352451708263322,Matelândia,34.0,0.45,0.95,0.013,0.007
5544,2019,03/15,13.544710068800104,Matelândia,34.0,0.45,0.95,0.013,0.007
5545,2020,03/15,12.243902398357307,Matelândia,34.0,0.45,0.95,0.013,0.007
5546,2021,03/15,13.159004803009292,Matelândia,34.0,0.45,0.95,0.013,0.007
5547,2022,03/15,11.727541687605708,Matelândia,34.0,0.45,0.95,0.013,0.007
5548,2023,03/15,13.427270089623807,Matelândia,34.0,0.45,0.95,0.013,0.007
5549,2024,03/15,12.784681433934235,Matelândia,34.0,0.45,0.95,0.013,0.007
5550,2015,03/15,14.015243221581892,Medianeira,34.0,0.45,0.95,0.013,0.007
5551,2016,03/15,11.317189866517262,Medianeira,34.0,0.45,0.95,0.013,0.007
5552,2017,03/15,13.58208090122394,Medianeira,34.0,0.45,0.95,0.013,0.007
5553,2018,03/15,12.91216284675956,Medianeira,34.0,0.45,0.95,0.013,0.007
5554,2019,03/15,13.924929720837865,Medianeira,34.0,0.45,0.95,0.013,0.007
5555,2020,03/15,12.660299570696864,Medianeira,34.0,0.45,0.95,0.013,0.007
5556,2021,03/15,13.487889445760867,Medianeira,34.0,0.45,0.95,0.013,0.007
5557,2022,03/15,12.255309998572217,Medianeira,34.0,0.45,0.95,0.013,0.007
5558,2023,03/15,13.950722400409036,Medianeira,34.0,0.45,0.95,0.013,0.007
5559,2024,03/15,12.783079838922188,Medianeira,34.0,0.45,0.95,0.013,0.007
5560,2015,03/15,14.330694411983941,Santa Helena,34.0,0.45,0.95,0.013,0.007
5561,2016,03/15,12.038812554360002,Santa Helena,34.0,0.45,0.95,0.013,0.007
5562,2017,03/15,13.951313115951702,Santa Helena,34.0,0.45,0.95,0.013,0.007
5563,2018,03/15,13.503786994153364,Santa Helena,34.0,0.45,0.95,0.013,0.007
5564,2019,03/15,14.214295254205986,Santa Helena,34.0,0.45,0.95,0.013,0.007
5565,2020,03/15,13.416519083538574,Santa Helena,34.0,0.45,0.95,0.013,0.007
5566,2021,03/15,13.86537982198789,Santa Helena,34.0,0.45,0.95,0.013,0.007
5567,2022,03/15,12.874844458510719,Santa Helena,34.0,0.45,0.95,0.013,0.007
5568,2023,03/15,14.20822458538515,Santa Helena,34.0,0.45,0.95,0.013,0.007
5569,2024,03/15,13.417090816666622,Santa Helena,34.0,0.45,0.95,0.013,0.007
5570,2015,03/15,14.015406865471329,São Miguel do Iguaçu,34.0,0.45,0.95,0.013,0.007
5571,2016,03/15,11.317393606581177,São Miguel do Iguaçu,34.0,0.45,0.95,0.013,0.007
5572,2017,03/15,13.582422073824317,São Miguel do Iguaçu,34.0,0.45,0.95,0.013,0.007
5573,2018,03/15,12.91229376160462,São Miguel do Iguaçu,34.0,0.45,0.95,0.013,0.007
5574,2019,03/15,13.925353190566971,São Miguel do Iguaçu,34.0,0.45,0.95,0.013,0.007
5575,2020,03/15,12.660747843385593,São Miguel do Iguaçu,34.0,0.45,0.95,0.013,0.007
5576,2021,03/15,13.489312404711088,São Miguel do Iguaçu,34.0,0.45,0.95,0.013,0.007
5577,2022,03/15,12.255309998572217,São Miguel do Iguaçu,34.0,0.45,0.95,0.013,0.007
5578,2023,03/15,13.951238851582552,São Miguel do Iguaçu,34.0,0.45,0.95,0.013,0.007
5579,2024,03/15,12.783328430704143,São Miguel do Iguaçu,34.0,0.45,0.95,0.013,0.007
5580,2015,03/15,13.224632646785537,São Pedro do Iguaçu,34.0,0.45,0.95,0.013,0.007
5581,2016,03/15,10.035069031294064,São Pedro do Iguaçu,34.0,0.45,0.95,0.013,0.007
5582,2017,03/15,12.707831479986687,São Pedro do Iguaçu,34.0,0.45,0.95,0.013,0.007
5583,2018,03/15,12.307178495189014,São Pedro do Iguaçu,34.0,0.45,0.95,0.013,0.007
5584,2019,03/15,13.339448679530095,São Pedro do Iguaçu,34.0,0.45,0.95,0.013,0.007
5585,2020,03/15,9.931214095776074,São Pedro do Iguaçu,34.0,0.45,0.95,0.013,0.007
5586,2021,03/15,12.920830492490866,São Pedro do Iguaçu,34.0,0.45,0.95,0.013,0.007
5587,2022,03/15,11.334211703430393,São Pedro do Iguaçu,34.0,0.45,0.95,0.013,0.007
5588,2023,03/15,13.140147319908085,São Pedro do Iguaçu,34.0,0.45,0.95,0.013,0.007
5589,2024,03/15,10.699282474247154,São Pedro do Iguaçu,34.0,0.45,0.95,0.013,0.007
5590,2015,03/15,13.79050835070531,Toledo,34.0,0.45,0.95,0.013,0.007
5591,2016,03/15,10.831780441537571,Toledo,34.0,0.45,0.95,0.013,0.007
5592,2017,03/15,13.170835981886015,Toledo,34.0,0.45,0.95,0.013,0.007
5593,2018,03/15,13.098478664168557,Toledo,34.0,0.45,0.95,0.013,0.007
5594,2019,03/15,13.804161426291113,Toledo,34.0,0.45,0.95,0.013,0.007
5595,2020,03/15,13.20684661263834,Toledo,34.0,0.45,0.95,0.013,0.007
5596,2021,03/15,13.428648200766858,Toledo,34.0,0.45,0.95,0.013,0.007
5597,2022,03/15,11.957309845512766,Toledo,34.0,0.45,0.95,0.013,0.007
5598,2023,03/15,13.590760803537519,Toledo,34.0,0.45,0.95,0.013,0.007
5599,2024,03/15,13.721332544468892,Toledo,34.0,0.45,0.95,0.013,0.007
5600,2015,03/15,13.644306851305338,Cascavel,34.0,0.48,0.9,0.012,0.006
5601,2016,03/15,9.967532429876805,Cascavel,34.0,0.48,0.9,0.012,0.006
5602,2017,03/15,12.845552279499447,Cascavel,34.0,0.48,0.9,0.012,0.006
5603,2018,03/15,12.432459385682169,Cascavel,34.0,0.48,0.9,0.012,0.006
5604,2019,03/15,13.620894534570619,Cascavel,34.0,0.48,0.9,0.012,0.006
5605,2020,03/15,8.534219006460411,Cascavel,34.0,0.48,0.9,0.012,0.006
5606,2021,03/15,12.901335904396067,Cascavel,34.0,0.48,0.9,0.012,0.006
5607,2022,03/15,11.600661238498406,Cascavel,34.0,0.48,0.9,0.012,0.006
5608,2023,03/15,12.981801398193253,Cascavel,34.0,0.48,0.9,0.012,0.006
5609,2024,03/15,13.445826720508158,Cascavel,34.0,0.48,0.9,0.012,0.006
5610,2015,03/15,14.497077116337834,Foz do Iguaçu,34.0,0.48,0.9,0.012,0.006
5611,2016,03/15,11.719895369326835,Foz do Iguaçu,34.0,0.48,0.9,0.012,0.006
5612,2017,03/15,14.057482635287975,Foz do Iguaçu,34.0,0.48,0.9,0.012,0.006
5613,2018,03/15,13.357783903885268,Foz do Iguaçu,34.0,0.48,0.9,0.012,0.006
5614,2019,03/15,14.4026210091241,Foz do Iguaçu,34.0,0.48,0.9,0.012,0.006
5615,2020,03/15,13.09230817887076,Foz do Iguaçu,34.0,0.48,0.9,0.012,0.006
5616,2021,03/15,13.959540912090366,Foz do Iguaçu,34.0,0.48,0.9,0.012,0.006
5617,2022,03/15,12.679204871645911,Foz do Iguaçu,34.0,0.48,0.9,0.012,0.006
5618,2023,03/15,14.43185886556336,Foz do Iguaçu,34.0,0.48,0.9,0.012,0.006
5619,2024,03/15,13.226201945115937,Foz do Iguaçu,34.0,0.48,0.9,0.012,0.006
5620,2015,03/15,14.848628311657116,Guaíra,34.0,0.48,0.9,0.012,0.006
5621,2016,03/15,12.341969309762915,Guaíra,34.0,0.48,0.9,0.012,0.006
5622,2017,03/15,14.326015957103198,Guaíra,34.0,0.48,0.9,0.012,0.006
5623,2018,03/15,14.119980035299417,Guaíra,34.0,0.48,0.9,0.012,0.006
5624,2019,03/15,14.801849856852579,Guaíra,34.0,0.48,0.9,0.012,0.006
5625,2020,03/15,14.324033344318902,Guaíra,34.0,0.48,0.9,0.012,0.006
5626,2021,03/15,14.233473523705442,Guaíra,34.0,0.48,0.9,0.012,0.006
5627,2022,03/15,13.286162874186447,Guaíra,34.0,0.48,0.9,0.012,0.006
5628,2023,03/15,14.489238896983299,Guaíra,34.0,0.48,0.9,0.012,0.006
5629,2024,03/15,14.67752588584078,Guaíra,34.0,0.48,0.9,0.012,0.006
5630,2015,03/15,14.868232974031436,Marechal Cândido Rondon,34.0,0.48,0.9,0.012,0.006
5631,2016,03/15,12.459676071273558,Marechal Cândido Rondon,34.0,0.48,0.9,0.012,0.006
5632,2017,03/15,14.439116124196072,Marechal Cândido Rondon,34.0,0.48,0.9,0.012,0.006
5633,2018,03/15,14.205793216596772,Marechal Cândido Rondon,34.0,0.48,0.9,0.012,0.006
5634,2019,03/15,14.828760591341235,Marechal Cândido Rondon,34.0,0.48,0.9,0.012,0.006
5635,2020,03/15,14.187655502905175,Marechal Cândido Rondon,34.0,0.48,0.9,0.012,0.006
5636,2021,03/15,14.481171749510127,Marechal Cândido Rondon,34.0,0.48,0.9,0.012,0.006
5637,2022,03/15,13.323784387758955,Marechal Cândido Rondon,34.0,0.48,0.9,0.012,0.006
5638,2023,03/15,14.634933634133557,Marechal Cândido Rondon,34.0,0.48,0.9,0.012,0.006
5639,2024,03/15,14.370809186776285,Marechal Cândido Rondon,34.0,0.48,0.9,0.012,0.006
5640,2015,03/15,14.006335011607606,Matelândia,34.0,0.48,0.9,0.012,0.006
5641,2016,03/15,10.807758145862028,Matelândia,34.0,0.48,0.9,0.012,0.006
5642,2017,03/15,13.556744054610812,Matelândia,34.0,0.48,0.9,0.012,0.006
5643,2018,03/15,12.780891483547158,Matelândia,34.0,0.48,0.9,0.012,0.006
5644,2019,03/15,14.011418482193253,Matelândia,34.0,0.48,0.9,0.012,0.006
5645,2020,03/15,12.66077225731442,Matelândia,34.0,0.48,0.9,0.012,0.006
5646,2021,03/15,13.618068259083064,Matelândia,34.0,0.48,0.9,0.012,0.006
5647,2022,03/15,12.133295494696172,Matelândia,34.0,0.48,0.9,0.012,0.006
5648,2023,03/15,13.889211701473922,Matelândia,34.0,0.48,0.9,0.012,0.006
5649,2024,03/15,13.227294988031437,Matelândia,34.0,0.48,0.9,0.012,0.006
5650,2015,03/15,14.496863908211573,Medianeira,34.0,0.48,0.9,0.012,0.006
5651,2016,03/15,11.719634401979361,Medianeira,34.0,0.48,0.9,0.012,0.006
5652,2017,03/15,14.057063136718899,Medianeira,34.0,0.48,0.9,0.012,0.006
5653,2018,03/15,13.357634858314047,Medianeira,34.0,0.48,0.9,0.012,0.006
5654,2019,03/15,14.402099543908395,Medianeira,34.0,0.48,0.9,0.012,0.006
5655,2020,03/15,13.091748714658863,Medianeira,34.0,0.48,0.9,0.012,0.006
5656,2021,03/15,13.95904988788452,Medianeira,34.0,0.48,0.9,0.012,0.006
5657,2022,03/15,12.679204871645911,Medianeira,34.0,0.48,0.9,0.012,0.006
5658,2023,03/15,14.431221483573086,Medianeira,34.0,0.48,0.9,0.012,0.006
5659,2024,03/15,13.225875682688951,Medianeira,34.0,0.48,0.9,0.012,0.006
5660,2015,03/15,14.820870256737955,Santa Helena,34.0,0.48,0.9,0.012,0.006
5661,2016,03/15,12.462629989367516,Santa Helena,34.0,0.48,0.9,0.012,0.006
5662,2017,03/15,14.438090126874714,Santa Helena,34.0,0.48,0.9,0.012,0.006
5663,2018,03/15,13.970619381535379,Santa Helena,34.0,0.48,0.9,0.012,0.006
5664,2019,03/15,14.701358368082897,Santa Helena,34.0,0.48,0.9,0.012,0.006
5665,2020,03/15,13.87407929465893,Santa Helena,34.0,0.48,0.9,0.012,0.006
5666,2021,03/15,14.344382362749851,Santa Helena,34.0,0.48,0.9,0.012,0.006
5667,2022,03/15,13.31833712050669,Santa Helena,34.0,0.48,0.9,0.012,0.006
5668,2023,03/15,14.69494083388582,Santa Helena,34.0,0.48,0.9,0.012,0.006
5669,2024,03/15,13.880838486549603,Santa Helena,34.0,0.48,0.9,0.012,0.006
5670,2015,03/15,14.497033039267764,São Miguel do Iguaçu,34.0,0.48,0.9,0.012,0.006
5671,2016,03/15,11.719837607421857,São Miguel do Iguaçu,34.0,0.48,0.9,0.012,0.006
5672,2017,03/15,14.057415065923793,São Miguel do Iguaçu,34.0,0.48,0.9,0.012,0.006
5673,2018,03/15,13.357758061812817,São Miguel do Iguaçu,34.0,0.48,0.9,0.012,0.006
5674,2019,03/15,14.402536584960277,São Miguel do Iguaçu,34.0,0.48,0.9,0.012,0.006
5675,2020,03/15,13.092198268955682,São Miguel do Iguaçu,34.0,0.48,0.9,0.012,0.006
5676,2021,03/15,13.959447212732506,São Miguel do Iguaçu,34.0,0.48,0.9,0.012,0.006
5677,2022,03/15,12.679204871645908,São Miguel do Iguaçu,34.0,0.48,0.9,0.012,0.006
5678,2023,03/15,14.431754517013768,São Miguel do Iguaçu,34.0,0.48,0.9,0.012,0.006
5679,2024,03/15,13.226132054519637,São Miguel do Iguaçu,34.0,0.48,0.9,0.012,0.006
5680,2015,03/15,13.682058145192308,São Pedro do Iguaçu,34.0,0.48,0.9,0.012,0.006
5681,2016,03/15,10.396876840134889,São Pedro do Iguaçu,34.0,0.48,0.9,0.012,0.006
5682,2017,03/15,13.154861911518767,São Pedro do Iguaçu,34.0,0.48,0.9,0.012,0.006
5683,2018,03/15,12.735727403279341,São Pedro do Iguaçu,34.0,0.48,0.9,0.012,0.006
5684,2019,03/15,13.800865537887882,São Pedro do Iguaçu,34.0,0.48,0.9,0.012,0.006
5685,2020,03/15,10.268726153665334,São Pedro do Iguaçu,34.0,0.48,0.9,0.012,0.006
5686,2021,03/15,13.372069656779829,São Pedro do Iguaçu,34.0,0.48,0.9,0.012,0.006
5687,2022,03/15,11.726459775271325,São Pedro do Iguaçu,34.0,0.48,0.9,0.012,0.006
5688,2023,03/15,13.592136755123992,São Pedro do Iguaçu,34.0,0.48,0.9,0.012,0.006
5689,2024,03/15,11.07008505156611,São Pedro do Iguaçu,34.0,0.48,0.9,0.012,0.006
5690,2015,03/15,14.264796091515661,Toledo,34.0,0.48,0.9,0.012,0.006
5691,2016,03/15,11.217597874305282,Toledo,34.0,0.48,0.9,0.012,0.006
5692,2017,03/15,13.632574323079321,Toledo,34.0,0.48,0.9,0.012,0.006
5693,2018,03/15,13.550455036367124,Toledo,34.0,0.48,0.9,0.012,0.006
5694,2019,03/15,14.27938620689494,Toledo,34.0,0.48,0.9,0.012,0.006
5695,2020,03/15,13.655058154864511,Toledo,34.0,0.48,0.9,0.012,0.006
5696,2021,03/15,13.895405240618437,Toledo,34.0,0.48,0.9,0.012,0.006
5697,2022,03/15,12.369779126125504,Toledo,34.0,0.48,0.9,0.012,0.006
5698,2023,03/15,14.056793485546283,Toledo,34.0,0.48,0.9,0.012,0.006
5699,2024,03/15,14.194684457607764,Toledo,34.0,0.48,0.9,0.012,0.006
5700,2015,03/15,13.644306851305338,Cascavel,34.0,0.48,0.9,0.012,0.007
5701,2016,03/15,9.967532429876805,Cascavel,34.0,0.48,0.9,0.012,0.007
5702,2017,03/15,12.845552279499447,Cascavel,34.0,0.48,0.9,0.012,0.007
5703,2018,03/15,12.432459385682169,Cascavel,34.0,0.48,0.9,0.012,0.007
5704,2019,03/15,13.620894534570619,Cascavel,34.0,0.48,0.9,0.012,0.007
5705,2020,03/15,8.534219006460411,Cascavel,34.0,0.48,0.9,0.012,0.007
5706,2021,03/15,12.901335904396067,Cascavel,34.0,0.48,0.9,0.012,0.007
5707,2022,03/15,11.600661238498406,Cascavel,34.0,0.48,0.9,0.012,0.007
5708,2023,03/15,12.981801398193253,Cascavel,34.0,0.48,0.9,0.012,0.007
5709,2024,03/15,13.445826720508158,Cascavel,34.0,0.48,0.9,0.012,0.007
5710,2015,03/15,14.497077116337834,Foz do Iguaçu,34.0,0.48,0.9,0.012,0.007
5711,2016,03/15,11.719895369326835,Foz do Iguaçu,34.0,0.48,0.9,0.012,0.007
5712,2017,03/15,14.057482635287975,Foz do Iguaçu,34.0,0.48,0.9,0.012,0.007
5713,2018,03/15,13.357783903885268,Foz do Iguaçu,34.0,0.48,0.9,0.012,0.007
5714,2019,03/15,14.4026210091241,Foz do Iguaçu,34.0,0.48,0.9,0.012,0.007
5715,2020,03/15,13.09230817887076,Foz do Iguaçu,34.0,0.48,0.9,0.012,0.007
5716,2021,03/15,13.959540912090366,Foz do Iguaçu,34.0,0.48,0.9,0.012,0.007
5717,2022,03/15,12.679204871645911,Foz do Iguaçu,34.0,0.48,0.9,0.012,0.007
5718,2023,03/15,14.43185886556336,Foz do Iguaçu,34.0,0.48,0.9,0.012,0.007
5719,2024,03/15,13.226201945115937,Foz do Iguaçu,34.0,0.48,0.9,0.012,0.007
5720,2015,03/15,14.848628311657116,Guaíra,34.0,0.48,0.9,0.012,0.007
5721,2016,03/15,12.341969309762915,Guaíra,34.0,0.48,0.9,0.012,0.007
5722,2017,03/15,14.326015957103198,Guaíra,34.0,0.48,0.9,0.012,0.007
5723,2018,03/15,14.119980035299417,Guaíra,34.0,0.48,0.9,0.012,0.007
5724,2019,03/15,14.801849856852579,Guaíra,34.0,0.48,0.9,0.012,0.007
5725,2020,03/15,14.324033344318902,Guaíra,34.0,0.48,0.9,0.012,0.007
5726,2021,03/15,14.233473523705442,Guaíra,34.0,0.48,0.9,0.012,0.007
5727,2022,03/15,13.286162874186447,Guaíra,34.0,0.48,0.9,0.012,0.007
5728,2023,03/15,14.489238896983299,Guaíra,34.0,0.48,0.9,0.012,0.007
5729,2024,03/15,14.67752588584078,Guaíra,34.0,0.48,0.9,0.012,0.007
5730,2015,03/15,14.868232974031436,Marechal Cândido Rondon,34.0,0.48,0.9,0.012,0.007
5731,2016,03/15,12.459676071273558,Marechal Cândido Rondon,34.0,0.48,0.9,0.012,0.007
5732,2017,03/15,14.439116124196072,Marechal Cândido Rondon,34.0,0.48,0.9,0.012,0.007
5733,2018,03/15,14.205793216596772,Marechal Cândido Rondon,34.0,0.48,0.9,0.012,0.007
5734,2019,03/15,14.828760591341235,Marechal Cândido Rondon,34.0,0.48,0.9,0.012,0.007
5735,2020,03/15,14.187655502905175,Marechal Cândido Rondon,34.0,0.48,0.9,0.012,0.007
5736,2021,03/15,14.481171749510127,Marechal Cândido Rondon,34.0,0.48,0.9,0.012,0.007
5737,2022,03/15,13.323784387758955,Marechal Cândido Rondon,34.0,0.48,0.9,0.012,0.007
5738,2023,03/15,14.634933634133557,Marechal Cândido Rondon,34.0,0.48,0.9,0.012,0.007
5739,2024,03/15,14.370809186776285,Marechal Cândido Rondon,34.0,0.48,0.9,0.012,0.007
5740,2015,03/15,14.006335011607606,Matelândia,34.0,0.48,0.9,0.012,0.007
5741,2016,03/15,10.807758145862028,Matelândia,34.0,0.48,0.9,0.012,0.007
5742,2017,03/15,13.556744054610812,Matelândia,34.0,0.48,0.9,0.012,0.007
5743,2018,03/15,12.780891483547158,Matelândia,34.0,0.48,0.9,0.012,0.007
5744,2019,03/15,14.011418482193253,Matelândia,34.0,0.48,0.9,0.012,0.007
5745,2020,03/15,12.66077225731442,Matelândia,34.0,0.48,0.9,0.012,0.007
5746,2021,03/15,13.618068259083064,Matelândia,34.0,0.48,0.9,0.012,0.007
5747,2022,03/15,12.133295494696172,Matelândia,34.0,0.48,0.9,0.012,0.007
5748,2023,03/15,13.889211701473922,Matelândia,34.0,0.48,0.9,0.012,0.007
5749,2024,03/15,13.227294988031437,Matelândia,34.0,0.48,0.9,0.012,0.007
5750,2015,03/15,14.496863908211573,Medianeira,34.0,0.48,0.9,0.012,0.007
5751,2016,03/15,11.719634401979361,Medianeira,34.0,0.48,0.9,0.012,0.007
5752,2017,03/15,14.057063136718899,Medianeira,34.0,0.48,0.9,0.012,0.007
5753,2018,03/15,13.357634858314047,Medianeira,34.0,0.48,0.9,0.012,0.007
5754,2019,03/15,14.402099543908395,Medianeira,34.0,0.48,0.9,0.012,0.007
5755,2020,03/15,13.091748714658863,Medianeira,34.0,0.48,0.9,0.012,0.007
5756,2021,03/15,13.95904988788452,Medianeira,34.0,0.48,0.9,0.012,0.007
5757,2022,03/15,12.679204871645911,Medianeira,34.0,0.48,0.9,0.012,0.007
5758,2023,03/15,14.431221483573086,Medianeira,34.0,0.48,0.9,0.012,0.007
5759,2024,03/15,13.225875682688951,Medianeira,34.0,0.48,0.9,0.012,0.007
5760,2015,03/15,14.820870256737955,Santa Helena,34.0,0.48,0.9,0.012,0.007
5761,2016,03/15,12.462629989367516,Santa Helena,34.0,0.48,0.9,0.012,0.007
5762,2017,03/15,14.438090126874714,Santa Helena,34.0,0.48,0.9,0.012,0.007
5763,2018,03/15,13.970619381535379,Santa Helena,34.0,0.48,0.9,0.012,0.007
5764,2019,03/15,14.701358368082897,Santa Helena,34.0,0.48,0.9,0.012,0.007
5765,2020,03/15,13.87407929465893,Santa Helena,34.0,0.48,0.9,0.012,0.007
5766,2021,03/15,14.344382362749851,Santa Helena,34.0,0.48,0.9,0.012,0.007
5767,2022,03/15,13.31833712050669,Santa Helena,34.0,0.48,0.9,0.012,0.007
5768,2023,03/15,14.69494083388582,Santa Helena,34.0,0.48,0.9,0.012,0.007
5769,2024,03/15,13.880838486549603,Santa Helena,34.0,0.48,0.9,0.012,0.007
5770,2015,03/15,14.497033039267764,São Miguel do Iguaçu,34.0,0.48,0.9,0.012,0.007
5771,2016,03/15,11.719837607421857,São Miguel do Iguaçu,34.0,0.48,0.9,0.012,0.007
5772,2017,03/15,14.057415065923793,São Miguel do Iguaçu,34.0,0.48,0.9,0.012,0.007
5773,2018,03/15,13.357758061812817,São Miguel do Iguaçu,34.0,0.48,0.9,0.012,0.007
5774,2019,03/15,14.402536584960277,São Miguel do Iguaçu,34.0,0.48,0.9,0.012,0.007
5775,2020,03/15,13.092198268955682,São Miguel do Iguaçu,34.0,0.48,0.9,0.012,0.007
5776,2021,03/15,13.959447212732506,São Miguel do Iguaçu,34.0,0.48,0.9,0.012,0.007
5777,2022,03/15,12.679204871645908,São Miguel do Iguaçu,34.0,0.48,0.9,0.012,0.007
5778,2023,03/15,14.431754517013768,São Miguel do Iguaçu,34.0,0.48,0.9,0.012,0.007
5779,2024,03/15,13.226132054519637,São Miguel do Iguaçu,34.0,0.48,0.9,0.012,0.007
5780,2015,03/15,13.682058145192308,São Pedro do Iguaçu,34.0,0.48,0.9,0.012,0.007
5781,2016,03/15,10.396876840134889,São Pedro do Iguaçu,34.0,0.48,0.9,0.012,0.007
5782,2017,03/15,13.154861911518767,São Pedro do Iguaçu,34.0,0.48,0.9,0.012,0.007
5783,2018,03/15,12.735727403279341,São Pedro do Iguaçu,34.0,0.48,0.9,0.012,0.007
5784,2019,03/15,13.800865537887882,São Pedro do Iguaçu,34.0,0.48,0.9,0.012,0.007
5785,2020,03/15,10.268726153665334,São Pedro do Iguaçu,34.0,0.48,0.9,0.012,0.007
5786,2021,03/15,13.372069656779829,São Pedro do Iguaçu,34.0,0.48,0.9,0.012,0.007
5787,2022,03/15,11.726459775271325,São Pedro do Iguaçu,34.0,0.48,0.9,0.012,0.007
5788,2023,03/15,13.592136755123992,São Pedro do Iguaçu,34.0,0.48,0.9,0.012,0.007
5789,2024,03/15,11.07008505156611,São Pedro do Iguaçu,34.0,0.48,0.9,0.012,0.007
5790,2015,03/15,14.264796091515661,Toledo,34.0,0.48,0.9,0.012,0.007
5791,2016,03/15,11.217597874305282,Toledo,34.0,0.48,0.9,0.012,0.007
5792,2017,03/15,13.632574323079321,Toledo,34.0,0.48,0.9,0.012,0.007
5793,2018,03/15,13.550455036367124,Toledo,34.0,0.48,0.9,0.012,0.007
5794,2019,03/15,14.27938620689494,Toledo,34.0,0.48,0.9,0.012,0.007
5795,2020,03/15,13.655058154864511,Toledo,34.0,0.48,0.9,0.012,0.007
5796,2021,03/15,13.895405240618437,Toledo,34.0,0.48,0.9,0.012,0.007
5797,2022,03/15,12.369779126125504,Toledo,34.0,0.48,0.9,0.012,0.007
5798,2023,03/15,14.056793485546283,Toledo,34.0,0.48,0.9,0.012,0.007
5799,2024,03/15,14.194684457607764,Toledo,34.0,0.48,0.9,0.012,0.007
5800,2015,03/15,13.644306851305338,Cascavel,34.0,0.48,0.9,0.013,0.006
5801,2016,03/15,9.967532429876805,Cascavel,34.0,0.48,0.9,0.013,0.006
5802,2017,03/15,12.845552279499447,Cascavel,34.0,0.48,0.9,0.013,0.006
5803,2018,03/15,12.432459385682169,Cascavel,34.0,0.48,0.9,0.013,0.006
5804,2019,03/15,13.620894534570619,Cascavel,34.0,0.48,0.9,0.013,0.006
5805,2020,03/15,8.534219006460411,Cascavel,34.0,0.48,0.9,0.013,0.006
5806,2021,03/15,12.901335904396067,Cascavel,34.0,0.48,0.9,0.013,0.006
5807,2022,03/15,11.600661238498406,Cascavel,34.0,0.48,0.9,0.013,0.006
5808,2023,03/15,12.981801398193253,Cascavel,34.0,0.48,0.9,0.013,0.006
5809,2024,03/15,13.445826720508158,Cascavel,34.0,0.48,0.9,0.013,0.006
5810,2015,03/15,14.497077116337834,Foz do Iguaçu,34.0,0.48,0.9,0.013,0.006
5811,2016,03/15,11.719895369326835,Foz do Iguaçu,34.0,0.48,0.9,0.013,0.006
5812,2017,03/15,14.057482635287975,Foz do Iguaçu,34.0,0.48,0.9,0.013,0.006
5813,2018,03/15,13.357783903885268,Foz do Iguaçu,34.0,0.48,0.9,0.013,0.006
5814,2019,03/15,14.4026210091241,Foz do Iguaçu,34.0,0.48,0.9,0.013,0.006
5815,2020,03/15,13.09230817887076,Foz do Iguaçu,34.0,0.48,0.9,0.013,0.006
5816,2021,03/15,13.959540912090366,Foz do Iguaçu,34.0,0.48,0.9,0.013,0.006
5817,2022,03/15,12.679204871645911,Foz do Iguaçu,34.0,0.48,0.9,0.013,0.006
5818,2023,03/15,14.43185886556336,Foz do Iguaçu,34.0,0.48,0.9,0.013,0.006
5819,2024,03/15,13.226201945115937,Foz do Iguaçu,34.0,0.48,0.9,0.013,0.006
5820,2015,03/15,14.848628311657116,Guaíra,34.0,0.48,0.9,0.013,0.006
5821,2016,03/15,12.341969309762915,Guaíra,34.0,0.48,0.9,0.013,0.006
5822,2017,03/15,14.326015957103198,Guaíra,34.0,0.48,0.9,0.013,0.006
5823,2018,03/15,14.119980035299417,Guaíra,34.0,0.48,0.9,0.013,0.006
5824,2019,03/15,14.801849856852579,Guaíra,34.0,0.48,0.9,0.013,0.006
5825,2020,03/15,14.324033344318902,Guaíra,34.0,0.48,0.9,0.013,0.006
5826,2021,03/15,14.233473523705442,Guaíra,34.0,0.48,0.9,0.013,0.006
5827,2022,03/15,13.286162874186447,Guaíra,34.0,0.48,0.9,0.013,0.006
5828,2023,03/15,14.489238896983299,Guaíra,34.0,0.48,0.9,0.013,0.006
5829,2024,03/15,14.67752588584078,Guaíra,34.0,0.48,0.9,0.013,0.006
5830,2015,03/15,14.868232974031436,Marechal Cândido Rondon,34.0,0.48,0.9,0.013,0.006
5831,2016,03/15,12.459676071273558,Marechal Cândido Rondon,34.0,0.48,0.9,0.013,0.006
5832,2017,03/15,14.439116124196072,Marechal Cândido Rondon,34.0,0.48,0.9,0.013,0.006
5833,2018,03/15,14.205793216596772,Marechal Cândido Rondon,34.0,0.48,0.9,0.013,0.006
5834,2019,03/15,14.828760591341235,Marechal Cândido Rondon,34.0,0.48,0.9,0.013,0.006
5835,2020,03/15,14.187655502905175,Marechal Cândido Rondon,34.0,0.48,0.9,0.013,0.006
5836,2021,03/15,14.481171749510127,Marechal Cândido Rondon,34.0,0.48,0.9,0.013,0.006
5837,2022,03/15,13.323784387758955,Marechal Cândido Rondon,34.0,0.48,0.9,0.013,0.006
5838,2023,03/15,14.634933634133557,Marechal Cândido Rondon,34.0,0.48,0.9,0.013,0.006
5839,2024,03/15,14.370809186776285,Marechal Cândido Rondon,34.0,0.48,0.9,0.013,0.006
5840,2015,03/15,14.006335011607606,Matelândia,34.0,0.48,0.9,0.013,0.006
5841,2016,03/15,10.807758145862028,Matelândia,34.0,0.48,0.9,0.013,0.006
5842,2017,03/15,13.556744054610812,Matelândia,34.0,0.48,0.9,0.013,0.006
5843,2018,03/15,12.780891483547158,Matelândia,34.0,0.48,0.9,0.013,0.006
5844,2019,03/15,14.011418482193253,Matelândia,34.0,0.48,0.9,0.013,0.006
5845,2020,03/15,12.66077225731442,Matelândia,34.0,0.48,0.9,0.013,0.006
5846,2021,03/15,13.618068259083064,Matelândia,34.0,0.48,0.9,0.013,0.006
5847,2022,03/15,12.133295494696172,Matelândia,34.0,0.48,0.9,0.013,0.006
5848,2023,03/15,13.889211701473922,Matelândia,34.0,0.48,0.9,0.013,0.006
5849,2024,03/15,13.227294988031437,Matelândia,34.0,0.48,0.9,0.013,0.006
5850,2015,03/15,14.496863908211573,Medianeira,34.0,0.48,0.9,0.013,0.006
5851,2016,03/15,11.719634401979361,Medianeira,34.0,0.48,0.9,0.013,0.006
5852,2017,03/15,14.057063136718899,Medianeira,34.0,0.48,0.9,0.013,0.006
5853,2018,03/15,13.357634858314047,Medianeira,34.0,0.48,0.9,0.013,0.006
5854,2019,03/15,14.402099543908395,Medianeira,34.0,0.48,0.9,0.013,0.006
5855,2020,03/15,13.091748714658863,Medianeira,34.0,0.48,0.9,0.013,0.006
5856,2021,03/15,13.95904988788452,Medianeira,34.0,0.48,0.9,0.013,0.006
5857,2022,03/15,12.679204871645911,Medianeira,34.0,0.48,0.9,0.013,0.006
5858,2023,03/15,14.431221483573086,Medianeira,34.0,0.48,0.9,0.013,0.006
5859,2024,03/15,13.225875682688951,Medianeira,34.0,0.48,0.9,0.013,0.006
5860,2015,03/15,14.820870256737955,Santa Helena,34.0,0.48,0.9,0.013,0.006
5861,2016,03/15,12.462629989367516,Santa Helena,34.0,0.48,0.9,0.013,0.006
5862,2017,03/15,14.438090126874714,Santa Helena,34.0,0.48,0.9,0.013,0.006
5863,2018,03/15,13.970619381535379,Santa Helena,34.0,0.48,0.9,0.013,0.006
5864,2019,03/15,14.701358368082897,Santa Helena,34.0,0.48,0.9,0.013,0.006
5865,2020,03/15,13.87407929465893,Santa Helena,34.0,0.48,0.9,0.013,0.006
5866,2021,03/15,14.344382362749851,Santa Helena,34.0,0.48,0.9,0.013,0.006
5867,2022,03/15,13.31833712050669,Santa Helena,34.0,0.48,0.9,0.013,0.006
5868,2023,03/15,14.69494083388582,Santa Helena,34.0,0.48,0.9,0.013,0.006
5869,2024,03/15,13.880838486549603,Santa Helena,34.0,0.48,0.9,0.013,0.006
5870,2015,03/15,14.497033039267764,São Miguel do Iguaçu,34.0,0.48,0.9,0.013,0.006
5871,2016,03/15,11.719837607421857,São Miguel do Iguaçu,34.0,0.48,0.9,0.013,0.006
5872,2017,03/15,14.057415065923793,São Miguel do Iguaçu,34.0,0.48,0.9,0.013,0.006
5873,2018,03/15,13.357758061812817,São Miguel do Iguaçu,34.0,0.48,0.9,0.013,0.006
5874,2019,03/15,14.402536584960277,São Miguel do Iguaçu,34.0,0.48,0.9,0.013,0.006
5875,2020,03/15,13.092198268955682,São Miguel do Iguaçu,34.0,0.48,0.9,0.013,0.006
5876,2021,03/15,13.959447212732506,São Miguel do Iguaçu,34.0,0.48,0.9,0.013,0.006
5877,2022,03/15,12.679204871645908,São Miguel do Iguaçu,34.0,0.48,0.9,0.013,0.006
5878,2023,03/15,14.431754517013768,São Miguel do Iguaçu,34.0,0.48,0.9,0.013,0.006
5879,2024,03/15,13.226132054519637,São Miguel do Iguaçu,34.0,0.48,0.9,0.013,0.006
5880,2015,03/15,13.682058145192308,São Pedro do Iguaçu,34.0,0.48,0.9,0.013,0.006
5881,2016,03/15,10.396876840134889,São Pedro do Iguaçu,34.0,0.48,0.9,0.013,0.006
5882,2017,03/15,13.154861911518767,São Pedro do Iguaçu,34.0,0.48,0.9,0.013,0.006
5883,2018,03/15,12.735727403279341,São Pedro do Iguaçu,34.0,0.48,0.9,0.013,0.006
5884,2019,03/15,13.800865537887882,São Pedro do Iguaçu,34.0,0.48,0.9,0.013,0.006
5885,2020,03/15,10.268726153665334,São Pedro do Iguaçu,34.0,0.48,0.9,0.013,0.006
5886,2021,03/15,13.372069656779829,São Pedro do Iguaçu,34.0,0.48,0.9,0.013,0.006
5887,2022,03/15,11.726459775271325,São Pedro do Iguaçu,34.0,0.48,0.9,0.013,0.006
5888,2023,03/15,13.592136755123992,São Pedro do Iguaçu,34.0,0.48,0.9,0.013,0.006
5889,2024,03/15,11.07008505156611,São Pedro do Iguaçu,34.0,0.48,0.9,0.013,0.006
5890,2015,03/15,14.264796091515661,Toledo,34.0,0.48,0.9,0.013,0.006
5891,2016,03/15,11.217597874305282,Toledo,34.0,0.48,0.9,0.013,0.006
5892,2017,03/15,13.632574323079321,Toledo,34.0,0.48,0.9,0.013,0.006
5893,2018,03/15,13.550455036367124,Toledo,34.0,0.48,0.9,0.013,0.006
5894,2019,03/15,14.27938620689494,Toledo,34.0,0.48,0.9,0.013,0.006
5895,2020,03/15,13.655058154864511,Toledo,34.0,0.48,0.9,0.013,0.006
5896,2021,03/15,13.895405240618437,Toledo,34.0,0.48,0.9,0.013,0.006
5897,2022,03/15,12.369779126125504,Toledo,34.0,0.48,0.9,0.013,0.006
5898,2023,03/15,14.056793485546283,Toledo,34.0,0.48,0.9,0.013,0.006
5899,2024,03/15,14.194684457607764,Toledo,34.0,0.48,0.9,0.013,0.006
5900,2015,03/15,13.644306851305338,Cascavel,34.0,0.48,0.9,0.013,0.007
5901,2016,03/15,9.967532429876805,Cascavel,34.0,0.48,0.9,0.013,0.007
5902,2017,03/15,12.845552279499447,Cascavel,34.0,0.48,0.9,0.013,0.007
5903,2018,03/15,12.432459385682169,Cascavel,34.0,0.48,0.9,0.013,0.007
5904,2019,03/15,13.620894534570619,Cascavel,34.0,0.48,0.9,0.013,0.007
5905,2020,03/15,8.534219006460411,Cascavel,34.0,0.48,0.9,0.013,0.007
5906,2021,03/15,12.901335904396067,Cascavel,34.0,0.48,0.9,0.013,0.007
5907,2022,03/15,11.600661238498406,Cascavel,34.0,0.48,0.9,0.013,0.007
5908,2023,03/15,12.981801398193253,Cascavel,34.0,0.48,0.9,0.013,0.007
5909,2024,03/15,13.445826720508158,Cascavel,34.0,0.48,0.9,0.013,0.007
5910,2015,03/15,14.497077116337834,Foz do Iguaçu,34.0,0.48,0.9,0.013,0.007
5911,2016,03/15,11.719895369326835,Foz do Iguaçu,34.0,0.48,0.9,0.013,0.007
5912,2017,03/15,14.057482635287975,Foz do Iguaçu,34.0,0.48,0.9,0.013,0.007
5913,2018,03/15,13.357783903885268,Foz do Iguaçu,34.0,0.48,0.9,0.013,0.007
5914,2019,03/15,14.4026210091241,Foz do Iguaçu,34.0,0.48,0.9,0.013,0.007
5915,2020,03/15,13.09230817887076,Foz do Iguaçu,34.0,0.48,0.9,0.013,0.007
5916,2021,03/15,13.959540912090366,Foz do Iguaçu,34.0,0.48,0.9,0.013,0.007
5917,2022,03/15,12.679204871645911,Foz do Iguaçu,34.0,0.48,0.9,0.013,0.007
5918,2023,03/15,14.43185886556336,Foz do Iguaçu,34.0,0.48,0.9,0.013,0.007
5919,2024,03/15,13.226201945115937,Foz do Iguaçu,34.0,0.48,0.9,0.013,0.007
5920,2015,03/15,14.848628311657116,Guaíra,34.0,0.48,0.9,0.013,0.007
5921,2016,03/15,12.341969309762915,Guaíra,34.0,0.48,0.9,0.013,0.007
5922,2017,03/15,14.326015957103198,Guaíra,34.0,0.48,0.9,0.013,0.007
5923,2018,03/15,14.119980035299417,Guaíra,34.0,0.48,0.9,0.013,0.007
5924,2019,03/15,14.801849856852579,Guaíra,34.0,0.48,0.9,0.013,0.007
5925,2020,03/15,14.324033344318902,Guaíra,34.0,0.48,0.9,0.013,0.007
5926,2021,03/15,14.233473523705442,Guaíra,34.0,0.48,0.9,0.013,0.007
5927,2022,03/15,13.286162874186447,Guaíra,34.0,0.48,0.9,0.013,0.007
5928,2023,03/15,14.489238896983299,Guaíra,34.0,0.48,0.9,0.013,0.007
5929,2024,03/15,14.67752588584078,Guaíra,34.0,0.48,0.9,0.013,0.007
5930,2015,03/15,14.868232974031436,Marechal Cândido Rondon,34.0,0.48,0.9,0.013,0.007
5931,2016,03/15,12.459676071273558,Marechal Cândido Rondon,34.0,0.48,0.9,0.013,0.007
5932,2017,03/15,14.439116124196072,Marechal Cândido Rondon,34.0,0.48,0.9,0.013,0.007
5933,2018,03/15,14.205793216596772,Marechal Cândido Rondon,34.0,0.48,0.9,0.013,0.007
5934,2019,03/15,14.828760591341235,Marechal Cândido Rondon,34.0,0.48,0.9,0.013,0.007
5935,2020,03/15,14.187655502905175,Marechal Cândido Rondon,34.0,0.48,0.9,0.013,0.007
5936,2021,03/15,14.481171749510127,Marechal Cândido Rondon,34.0,0.48,0.9,0.013,0.007
5937,2022,03/15,13.323784387758955,Marechal Cândido Rondon,34.0,0.48,0.9,0.013,0.007
5938,2023,03/15,14.634933634133557,Marechal Cândido Rondon,34.0,0.48,0.9,0.013,0.007
5939,2024,03/15,14.370809186776285,Marechal Cândido Rondon,34.0,0.48,0.9,0.013,0.007
5940,2015,03/15,14.006335011607606,Matelândia,34.0,0.48,0.9,0.013,0.007
5941,2016,03/15,10.807758145862028,Matelândia,34.0,0.48,0.9,0.013,0.007
5942,2017,03/15,13.556744054610812,Matelândia,34.0,0.48,0.9,0.013,0.007
5943,2018,03/15,12.780891483547158,Matelândia,34.0,0.48,0.9,0.013,0.007
5944,2019,03/15,14.011418482193253,Matelândia,34.0,0.48,0.9,0.013,0.007
5945,2020,03/15,12.66077225731442,Matelândia,34.0,0.48,0.9,0.013,0.007
5946,2021,03/15,13.618068259083064,Matelândia,34.0,0.48,0.9,0.013,0.007
5947,2022,03/15,12.133295494696172,Matelândia,34.0,0.48,0.9,0.013,0.007
5948,2023,03/15,13.889211701473922,Matelândia,34.0,0.48,0.9,0.013,0.007
5949,2024,03/15,13.227294988031437,Matelândia,34.0,0.48,0.9,0.013,0.007
5950,2015,03/15,14.496863908211573,Medianeira,34.0,0.48,0.9,0.013,0.007
5951,2016,03/15,11.719634401979361,Medianeira,34.0,0.48,0.9,0.013,0.007
5952,2017,03/15,14.057063136718899,Medianeira,34.0,0.48,0.9,0.013,0.007
5953,2018,03/15,13.357634858314047,Medianeira,34.0,0.48,0.9,0.013,0.007
5954,2019,03/15,14.402099543908395,Medianeira,34.0,0.48,0.9,0.013,0.007
5955,2020,03/15,13.091748714658863,Medianeira,34.0,0.48,0.9,0.013,0.007
5956,2021,03/15,13.95904988788452,Medianeira,34.0,0.48,0.9,0.013,0.007
5957,2022,03/15,12.679204871645911,Medianeira,34.0,0.48,0.9,0.013,0.007
5958,2023,03/15,14.431221483573086,Medianeira,34.0,0.48,0.9,0.013,0.007
5959,2024,03/15,13.225875682688951,Medianeira,34.0,0.48,0.9,0.013,0.007
5960,2015,03/15,14.820870256737955,Santa Helena,34.0,0.48,0.9,0.013,0.007
5961,2016,03/15,12.462629989367516,Santa Helena,34.0,0.48,0.9,0.013,0.007
5962,2017,03/15,14.438090126874714,Santa Helena,34.0,0.48,0.9,0.013,0.007
5963,2018,03/15,13.970619381535379,Santa Helena,34.0,0.48,0.9,0.013,0.007
5964,2019,03/15,14.701358368082897,Santa Helena,34.0,0.48,0.9,0.013,0.007
5965,2020,03/15,13.87407929465893,Santa Helena,34.0,0.48,0.9,0.013,0.007
5966,2021,03/15,14.344382362749851,Santa Helena,34.0,0.48,0.9,0.013,0.007
5967,2022,03/15,13.31833712050669,Santa Helena,34.0,0.48,0.9,0.013,0.007
5968,2023,03/15,14.69494083388582,Santa Helena,34.0,0.48,0.9,0.013,0.007
5969,2024,03/15,13.880838486549603,Santa Helena,34.0,0.48,0.9,0.013,0.007
5970,2015,03/15,14.497033039267764,São Miguel do Iguaçu,34.0,0.48,0.9,0.013,0.007
5971,2016,03/15,11.719837607421857,São Miguel do Iguaçu,34.0,0.48,0.9,0.013,0.007
5972,2017,03/15,14.057415065923793,São Miguel do Iguaçu,34.0,0.48,0.9,0.013,0.007
5973,2018,03/15,13.357758061812817,São Miguel do Iguaçu,34.0,0.48,0.9,0.013,0.007
5974,2019,03/15,14.402536584960277,São Miguel do Iguaçu,34.0,0.48,0.9,0.013,0.007
5975,2020,03/15,13.092198268955682,São Miguel do Iguaçu,34.0,0.48,0.9,0.013,0.007
5976,2021,03/15,13.959447212732506,São Miguel do Iguaçu,34.0,0.48,0.9,0.013,0.007
5977,2022,03/15,12.679204871645908,São Miguel do Iguaçu,34.0,0.48,0.9,0.013,0.007
5978,2023,03/15,14.431754517013768,São Miguel do Iguaçu,34.0,0.48,0.9,0.013,0.007
5979,2024,03/15,13.226132054519637,São Miguel do Iguaçu,34.0,0.48,0.9,0.013,0.007
5980,2015,03/15,13.682058145192308,São Pedro do Iguaçu,34.0,0.48,0.9,0.013,0.007
5981,2016,03/15,10.396876840134889,São Pedro do Iguaçu,34.0,0.48,0.9,0.013,0.007
5982,2017,03/15,13.154861911518767,São Pedro do Iguaçu,34.0,0.48,0.9,0.013,0.007
5983,2018,03/15,12.735727403279341,São Pedro do Iguaçu,34.0,0.48,0.9,0.013,0.007
5984,2019,03/15,13.800865537887882,São Pedro do Iguaçu,34.0,0.48,0.9,0.013,0.007
5985,2020,03/15,10.268726153665334,São Pedro do Iguaçu,34.0,0.48,0.9,0.013,0.007
5986,2021,03/15,13.372069656779829,São Pedro do Iguaçu,34.0,0.48,0.9,0.013,0.007
5987,2022,03/15,11.726459775271325,São Pedro do Iguaçu,34.0,0.48,0.9,0.013,0.007
5988,2023,03/15,13.592136755123992,São Pedro do Iguaçu,34.0,0.48,0.9,0.013,0.007
5989,2024,03/15,11.07008505156611,São Pedro do Iguaçu,34.0,0.48,0.9,0.013,0.007
5990,2015,03/15,14.264796091515661,Toledo,34.0,0.48,0.9,0.013,0.007
5991,2016,03/15,11.217597874305282,Toledo,34.0,0.48,0.9,0.013,0.007
5992,2017,03/15,13.632574323079321,Toledo,34.0,0.48,0.9,0.013,0.007
5993,2018,03/15,13.550455036367124,Toledo,34.0,0.48,0.9,0.013,0.007
5994,2019,03/15,14.27938620689494,Toledo,34.0,0.48,0.9,0.013,0.007
5995,2020,03/15,13.655058154864511,Toledo,34.0,0.48,0.9,0.013,0.007
5996,2021,03/15,13.895405240618437,Toledo,34.0,0.48,0.9,0.013,0.007
5997,2022,03/15,12.369779126125504,Toledo,34.0,0.48,0.9,0.013,0.007
5998,2023,03/15,14.056793485546283,Toledo,34.0,0.48,0.9,0.013,0.007
5999,2024,03/15,14.194684457607764,Toledo,34.0,0.48,0.9,0.013,0.007
6000,2015,03/15,14.067520268734315,Cascavel,34.0,0.48,0.95,0.012,0.006
6001,2016,03/15,10.261100885297834,Cascavel,34.0,0.48,0.95,0.012,0.006
6002,2017,03/15,13.23452103528103,Cascavel,34.0,0.48,0.95,0.012,0.006
6003,2018,03/15,12.813557907263743,Cascavel,34.0,0.48,0.95,0.012,0.006
6004,2019,03/15,14.04135095970015,Cascavel,34.0,0.48,0.95,0.012,0.006
6005,2020,03/15,8.804178315000895,Cascavel,34.0,0.48,0.95,0.012,0.006
6006,2021,03/15,13.294431338578995,Cascavel,34.0,0.48,0.95,0.012,0.006
6007,2022,03/15,11.960322144577416,Cascavel,34.0,0.48,0.95,0.012,0.006
6008,2023,03/15,13.385408704001346,Cascavel,34.0,0.48,0.95,0.012,0.006
6009,2024,03/15,13.862983465174699,Cascavel,34.0,0.48,0.95,0.012,0.006
6010,2015,03/15,14.94981281542359,Foz do Iguaçu,34.0,0.48,0.95,0.012,0.006
6011,2016,03/15,12.071946581034295,Foz do Iguaçu,34.0,0.48,0.95,0.012,0.006
6012,2017,03/15,14.487986743581782,Foz do Iguaçu,34.0,0.48,0.95,0.012,0.006
6013,2018,03/15,13.77314170435215,Foz do Iguaçu,34.0,0.48,0.95,0.012,0.006
6014,2019,03/15,14.853797324038638,Foz do Iguaçu,34.0,0.48,0.95,0.012,0.006
6015,2020,03/15,13.504912621057157,Foz do Iguaçu,34.0,0.48,0.95,0.012,0.006
6016,2021,03/15,14.3890211349437,Foz do Iguaçu,34.0,0.48,0.95,0.012,0.006
6017,2022,03/15,13.072330665143697,Foz do Iguaçu,34.0,0.48,0.95,0.012,0.006
6018,2023,03/15,14.881429269403064,Foz do Iguaçu,34.0,0.48,0.95,0.012,0.006
6019,2024,03/15,13.635622606858824,Foz do Iguaçu,34.0,0.48,0.95,0.012,0.006
6020,2015,03/15,15.315202845428537,Guaíra,34.0,0.48,0.95,0.012,0.006
6021,2016,03/15,12.719292969299751,Guaíra,34.0,0.48,0.95,0.012,0.006
6022,2017,03/15,14.765878500214992,Guaíra,34.0,0.48,0.95,0.012,0.006
6023,2018,03/15,14.560240993426545,Guaíra,34.0,0.48,0.95,0.012,0.006
6024,2019,03/15,15.265853159397585,Guaíra,34.0,0.48,0.95,0.012,0.006
6025,2020,03/15,14.776920871798511,Guaíra,34.0,0.48,0.95,0.012,0.006
6026,2021,03/15,14.674782369695016,Guaíra,34.0,0.48,0.95,0.012,0.006
6027,2022,03/15,13.700772028581127,Guaíra,34.0,0.48,0.95,0.012,0.006
6028,2023,03/15,14.943452174314354,Guaíra,34.0,0.48,0.95,0.012,0.006
6029,2024,03/15,15.136186716903786,Guaíra,34.0,0.48,0.95,0.012,0.006
6030,2015,03/15,15.335067727241775,Marechal Cândido Rondon,34.0,0.48,0.95,0.012,0.006
6031,2016,03/15,12.840349234398508,Marechal Cândido Rondon,34.0,0.48,0.95,0.012,0.006
6032,2017,03/15,14.882977230249006,Marechal Cândido Rondon,34.0,0.48,0.95,0.012,0.006
6033,2018,03/15,14.64892100081826,Marechal Cândido Rondon,34.0,0.48,0.95,0.012,0.006
6034,2019,03/15,15.29340891491009,Marechal Cândido Rondon,34.0,0.48,0.95,0.012,0.006
6035,2020,03/15,14.63536353444078,Marechal Cândido Rondon,34.0,0.48,0.95,0.012,0.006
6036,2021,03/15,14.930612338860533,Marechal Cândido Rondon,34.0,0.48,0.95,0.012,0.006
6037,2022,03/15,13.739848649541413,Marechal Cândido Rondon,34.0,0.48,0.95,0.012,0.006
6038,2023,03/15,15.094120227941223,Marechal Cândido Rondon,34.0,0.48,0.95,0.012,0.006
6039,2024,03/15,14.818296142732583,Marechal Cândido Rondon,34.0,0.48,0.95,0.012,0.006
6040,2015,03/15,14.442000452190305,Matelândia,34.0,0.48,0.95,0.012,0.006
6041,2016,03/15,11.1291140682231,Matelândia,34.0,0.48,0.95,0.012,0.006
6042,2017,03/15,13.970521698415029,Matelândia,34.0,0.48,0.95,0.012,0.006
6043,2018,03/15,13.17594848881421,Matelândia,34.0,0.48,0.95,0.012,0.006
6044,2019,03/15,14.447690740053442,Matelândia,34.0,0.48,0.95,0.012,0.006
6045,2020,03/15,13.060162558247795,Matelândia,34.0,0.48,0.95,0.012,0.006
6046,2021,03/15,14.036271789876576,Matelândia,34.0,0.48,0.95,0.012,0.006
6047,2022,03/15,12.509377800112755,Matelândia,34.0,0.48,0.95,0.012,0.006
6048,2023,03/15,14.32242142893206,Matelândia,34.0,0.48,0.95,0.012,0.006
6049,2024,03/15,13.63699352952985,Matelândia,34.0,0.48,0.95,0.012,0.006
6050,2015,03/15,14.949592769687353,Medianeira,34.0,0.48,0.95,0.012,0.006
6051,2016,03/15,12.071669190951747,Medianeira,34.0,0.48,0.95,0.012,0.006
6052,2017,03/15,14.487552961305536,Medianeira,34.0,0.48,0.95,0.012,0.006
6053,2018,03/15,13.772973703210196,Medianeira,34.0,0.48,0.95,0.012,0.006
6054,2019,03/15,14.853258368893721,Medianeira,34.0,0.48,0.95,0.012,0.006
6055,2020,03/15,13.504319542076654,Medianeira,34.0,0.48,0.95,0.012,0.006
6056,2021,03/15,14.38708207547826,Medianeira,34.0,0.48,0.95,0.012,0.006
6057,2022,03/15,13.072330665143697,Medianeira,34.0,0.48,0.95,0.012,0.006
6058,2023,03/15,14.880770560436305,Medianeira,34.0,0.48,0.95,0.012,0.006
6059,2024,03/15,13.635285161516999,Medianeira,34.0,0.48,0.95,0.012,0.006
6060,2015,03/15,15.286074039449538,Santa Helena,34.0,0.48,0.95,0.012,0.006
6061,2016,03/15,12.841400057984004,Santa Helena,34.0,0.48,0.95,0.012,0.006
6062,2017,03/15,14.88140065701515,Santa Helena,34.0,0.48,0.95,0.012,0.006
6063,2018,03/15,14.404039460430255,Santa Helena,34.0,0.48,0.95,0.012,0.006
6064,2019,03/15,15.16191493781972,Santa Helena,34.0,0.48,0.95,0.012,0.006
6065,2020,03/15,14.310953689107812,Santa Helena,34.0,0.48,0.95,0.012,0.006
6066,2021,03/15,14.789738476787083,Santa Helena,34.0,0.48,0.95,0.012,0.006
6067,2022,03/15,13.733167422411434,Santa Helena,34.0,0.48,0.95,0.012,0.006
6068,2023,03/15,15.155439557744158,Santa Helena,34.0,0.48,0.95,0.012,0.006
6069,2024,03/15,14.31156353777773,Santa Helena,34.0,0.48,0.95,0.012,0.006
6070,2015,03/15,14.949767323169416,São Miguel do Iguaçu,34.0,0.48,0.95,0.012,0.006
6071,2016,03/15,12.07188651368659,São Miguel do Iguaçu,34.0,0.48,0.95,0.012,0.006
6072,2017,03/15,14.487916878745937,São Miguel do Iguaçu,34.0,0.48,0.95,0.012,0.006
6073,2018,03/15,13.773113345711593,São Miguel do Iguaçu,34.0,0.48,0.95,0.012,0.006
6074,2019,03/15,14.853710069938105,São Miguel do Iguaçu,34.0,0.48,0.95,0.012,0.006
6075,2020,03/15,13.5047976996113,São Miguel do Iguaçu,34.0,0.48,0.95,0.012,0.006
6076,2021,03/15,14.388599898358494,São Miguel do Iguaçu,34.0,0.48,0.95,0.012,0.006
6077,2022,03/15,13.072330665143697,São Miguel do Iguaçu,34.0,0.48,0.95,0.012,0.006
6078,2023,03/15,14.881321441688057,São Miguel do Iguaçu,34.0,0.48,0.95,0.012,0.006
6079,2024,03/15,13.63555032608442,São Miguel do Iguaçu,34.0,0.48,0.95,0.012,0.006
6080,2015,03/15,14.106274823237905,São Pedro do Iguaçu,34.0,0.48,0.95,0.012,0.006
6081,2016,03/15,10.704073633380336,São Pedro do Iguaçu,34.0,0.48,0.95,0.012,0.006
6082,2017,03/15,13.555020245319131,São Pedro do Iguaçu,34.0,0.48,0.95,0.012,0.006
6083,2018,03/15,13.127657061534945,São Pedro do Iguaçu,34.0,0.48,0.95,0.012,0.006
6084,2019,03/15,14.228745258165434,São Pedro do Iguaçu,34.0,0.48,0.95,0.012,0.006
6085,2020,03/15,10.59329503549448,São Pedro do Iguaçu,34.0,0.48,0.95,0.012,0.006
6086,2021,03/15,13.782219191990258,São Pedro do Iguaçu,34.0,0.48,0.95,0.012,0.006
6087,2022,03/15,12.08982581699242,São Pedro do Iguaçu,34.0,0.48,0.95,0.012,0.006
6088,2023,03/15,14.01615714123529,São Pedro do Iguaçu,34.0,0.48,0.95,0.012,0.006
6089,2024,03/15,11.412567972530299,São Pedro do Iguaçu,34.0,0.48,0.95,0.012,0.006
6090,2015,03/15,14.709875574085663,Toledo,34.0,0.48,0.95,0.012,0.006
6091,2016,03/15,11.553899137640077,Toledo,34.0,0.48,0.95,0.012,0.006
6092,2017,03/15,14.04889171401175,Toledo,34.0,0.48,0.95,0.012,0.006
6093,2018,03/15,13.971710575113125,Toledo,34.0,0.48,0.95,0.012,0.006
6094,2019,03/15,14.72443885471052,Toledo,34.0,0.48,0.95,0.012,0.006
6095,2020,03/15,14.087303053480898,Toledo,34.0,0.48,0.95,0.012,0.006
6096,2021,03/15,14.323891414151314,Toledo,34.0,0.48,0.95,0.012,0.006
6097,2022,03/15,12.754463835213615,Toledo,34.0,0.48,0.95,0.012,0.006
6098,2023,03/15,14.496811523773353,Toledo,34.0,0.48,0.95,0.012,0.006
6099,2024,03/15,14.636088047433486,Toledo,34.0,0.48,0.95,0.012,0.006
6100,2015,03/15,14.067520268734315,Cascavel,34.0,0.48,0.95,0.012,0.007
6101,2016,03/15,10.261100885297834,Cascavel,34.0,0.48,0.95,0.012,0.007
6102,2017,03/15,13.23452103528103,Cascavel,34.0,0.48,0.95,0.012,0.007
6103,2018,03/15,12.813557907263743,Cascavel,34.0,0.48,0.95,0.012,0.007
6104,2019,03/15,14.04135095970015,Cascavel,34.0,0.48,0.95,0.012,0.007
6105,2020,03/15,8.804178315000895,Cascavel,34.0,0.48,0.95,0.012,0.007
6106,2021,03/15,13.294431338578995,Cascavel,34.0,0.48,0.95,0.012,0.007
6107,2022,03/15,11.960322144577416,Cascavel,34.0,0.48,0.95,0.012,0.007
6108,2023,03/15,13.385408704001346,Cascavel,34.0,0.48,0.95,0.012,0.007
6109,2024,03/15,13.862983465174699,Cascavel,34.0,0.48,0.95,0.012,0.007
6110,2015,03/15,14.94981281542359,Foz do Iguaçu,34.0,0.48,0.95,0.012,0.007
6111,2016,03/15,12.071946581034295,Foz do Iguaçu,34.0,0.48,0.95,0.012,0.007
6112,2017,03/15,14.487986743581782,Foz do Iguaçu,34.0,0.48,0.95,0.012,0.007
6113,2018,03/15,13.77314170435215,Foz do Iguaçu,34.0,0.48,0.95,0.012,0.007
6114,2019,03/15,14.853797324038638,Foz do Iguaçu,34.0,0.48,0.95,0.012,0.007
6115,2020,03/15,13.504912621057157,Foz do Iguaçu,34.0,0.48,0.95,0.012,0.007
6116,2021,03/15,14.3890211349437,Foz do Iguaçu,34.0,0.48,0.95,0.012,0.007
6117,2022,03/15,13.072330665143697,Foz do Iguaçu,34.0,0.48,0.95,0.012,0.007
6118,2023,03/15,14.881429269403064,Foz do Iguaçu,34.0,0.48,0.95,0.012,0.007
6119,2024,03/15,13.635622606858824,Foz do Iguaçu,34.0,0.48,0.95,0.012,0.007
6120,2015,03/15,15.315202845428537,Guaíra,34.0,0.48,0.95,0.012,0.007
6121,2016,03/15,12.719292969299751,Guaíra,34.0,0.48,0.95,0.012,0.007
6122,2017,03/15,14.765878500214992,Guaíra,34.0,0.48,0.95,0.012,0.007
6123,2018,03/15,14.560240993426545,Guaíra,34.0,0.48,0.95,0.012,0.007
6124,2019,03/15,15.265853159397585,Guaíra,34.0,0.48,0.95,0.012,0.007
6125,2020,03/15,14.776920871798511,Guaíra,34.0,0.48,0.95,0.012,0.007
6126,2021,03/15,14.674782369695016,Guaíra,34.0,0.48,0.95,0.012,0.007
6127,2022,03/15,13.700772028581127,Guaíra,34.0,0.48,0.95,0.012,0.007
6128,2023,03/15,14.943452174314354,Guaíra,34.0,0.48,0.95,0.012,0.007
6129,2024,03/15,15.136186716903786,Guaíra,34.0,0.48,0.95,0.012,0.007
6130,2015,03/15,15.335067727241775,Marechal Cândido Rondon,34.0,0.48,0.95,0.012,0.007
6131,2016,03/15,12.840349234398508,Marechal Cândido Rondon,34.0,0.48,0.95,0.012,0.007
6132,2017,03/15,14.882977230249006,Marechal Cândido Rondon,34.0,0.48,0.95,0.012,0.007
6133,2018,03/15,14.64892100081826,Marechal Cândido Rondon,34.0,0.48,0.95,0.012,0.007
6134,2019,03/15,15.29340891491009,Marechal Cândido Rondon,34.0,0.48,0.95,0.012,0.007
6135,2020,03/15,14.63536353444078,Marechal Cândido Rondon,34.0,0.48,0.95,0.012,0.007
6136,2021,03/15,14.930612338860533,Marechal Cândido Rondon,34.0,0.48,0.95,0.012,0.007
6137,2022,03/15,13.739848649541413,Marechal Cândido Rondon,34.0,0.48,0.95,0.012,0.007
6138,2023,03/15,15.094120227941223,Marechal Cândido Rondon,34.0,0.48,0.95,0.012,0.007
6139,2024,03/15,14.818296142732583,Marechal Cândido Rondon,34.0,0.48,0.95,0.012,0.007
6140,2015,03/15,14.442000452190305,Matelândia,34.0,0.48,0.95,0.012,0.007
6141,2016,03/15,11.1291140682231,Matelândia,34.0,0.48,0.95,0.012,0.007
6142,2017,03/15,13.970521698415029,Matelândia,34.0,0.48,0.95,0.012,0.007
6143,2018,03/15,13.17594848881421,Matelândia,34.0,0.48,0.95,0.012,0.007
6144,2019,03/15,14.447690740053442,Matelândia,34.0,0.48,0.95,0.012,0.007
6145,2020,03/15,13.060162558247795,Matelândia,34.0,0.48,0.95,0.012,0.007
6146,2021,03/15,14.036271789876576,Matelândia,34.0,0.48,0.95,0.012,0.007
6147,2022,03/15,12.509377800112755,Matelândia,34.0,0.48,0.95,0.012,0.007
6148,2023,03/15,14.32242142893206,Matelândia,34.0,0.48,0.95,0.012,0.007
6149,2024,03/15,13.63699352952985,Matelândia,34.0,0.48,0.95,0.012,0.007
6150,2015,03/15,14.949592769687353,Medianeira,34.0,0.48,0.95,0.012,0.007
6151,2016,03/15,12.071669190951747,Medianeira,34.0,0.48,0.95,0.012,0.007
6152,2017,03/15,14.487552961305536,Medianeira,34.0,0.48,0.95,0.012,0.007
6153,2018,03/15,13.772973703210196,Medianeira,34.0,0.48,0.95,0.012,0.007
6154,2019,03/15,14.853258368893721,Medianeira,34.0,0.48,0.95,0.012,0.007
6155,2020,03/15,13.504319542076654,Medianeira,34.0,0.48,0.95,0.012,0.007
6156,2021,03/15,14.38708207547826,Medianeira,34.0,0.48,0.95,0.012,0.007
6157,2022,03/15,13.072330665143697,Medianeira,34.0,0.48,0.95,0.012,0.007
6158,2023,03/15,14.880770560436305,Medianeira,34.0,0.48,0.95,0.012,0.007
6159,2024,03/15,13.635285161516999,Medianeira,34.0,0.48,0.95,0.012,0.007
6160,2015,03/15,15.286074039449538,Santa Helena,34.0,0.48,0.95,0.012,0.007
6161,2016,03/15,12.841400057984004,Santa Helena,34.0,0.48,0.95,0.012,0.007
6162,2017,03/15,14.88140065701515,Santa Helena,34.0,0.48,0.95,0.012,0.007
6163,2018,03/15,14.404039460430255,Santa Helena,34.0,0.48,0.95,0.012,0.007
6164,2019,03/15,15.16191493781972,Santa Helena,34.0,0.48,0.95,0.012,0.007
6165,2020,03/15,14.310953689107812,Santa Helena,34.0,0.48,0.95,0.012,0.007
6166,2021,03/15,14.789738476787083,Santa Helena,34.0,0.48,0.95,0.012,0.007
6167,2022,03/15,13.733167422411434,Santa Helena,34.0,0.48,0.95,0.012,0.007
6168,2023,03/15,15.155439557744158,Santa Helena,34.0,0.48,0.95,0.012,0.007
6169,2024,03/15,14.31156353777773,Santa Helena,34.0,0.48,0.95,0.012,0.007
6170,2015,03/15,14.949767323169416,São Miguel do Iguaçu,34.0,0.48,0.95,0.012,0.007
6171,2016,03/15,12.07188651368659,São Miguel do Iguaçu,34.0,0.48,0.95,0.012,0.007
6172,2017,03/15,14.487916878745937,São Miguel do Iguaçu,34.0,0.48,0.95,0.012,0.007
6173,2018,03/15,13.773113345711593,São Miguel do Iguaçu,34.0,0.48,0.95,0.012,0.007
6174,2019,03/15,14.853710069938105,São Miguel do Iguaçu,34.0,0.48,0.95,0.012,0.007
6175,2020,03/15,13.5047976996113,São Miguel do Iguaçu,34.0,0.48,0.95,0.012,0.007
6176,2021,03/15,14.388599898358494,São Miguel do Iguaçu,34.0,0.48,0.95,0.012,0.007
6177,2022,03/15,13.072330665143697,São Miguel do Iguaçu,34.0,0.48,0.95,0.012,0.007
6178,2023,03/15,14.881321441688057,São Miguel do Iguaçu,34.0,0.48,0.95,0.012,0.007
6179,2024,03/15,13.63555032608442,São Miguel do Iguaçu,34.0,0.48,0.95,0.012,0.007
6180,2015,03/15,14.106274823237905,São Pedro do Iguaçu,34.0,0.48,0.95,0.012,0.007
6181,2016,03/15,10.704073633380336,São Pedro do Iguaçu,34.0,0.48,0.95,0.012,0.007
6182,2017,03/15,13.555020245319131,São Pedro do Iguaçu,34.0,0.48,0.95,0.012,0.007
6183,2018,03/15,13.127657061534945,São Pedro do Iguaçu,34.0,0.48,0.95,0.012,0.007
6184,2019,03/15,14.228745258165434,São Pedro do Iguaçu,34.0,0.48,0.95,0.012,0.007
6185,2020,03/15,10.59329503549448,São Pedro do Iguaçu,34.0,0.48,0.95,0.012,0.007
6186,2021,03/15,13.782219191990258,São Pedro do Iguaçu,34.0,0.48,0.95,0.012,0.007
6187,2022,03/15,12.08982581699242,São Pedro do Iguaçu,34.0,0.48,0.95,0.012,0.007
6188,2023,03/15,14.01615714123529,São Pedro do Iguaçu,34.0,0.48,0.95,0.012,0.007
6189,2024,03/15,11.412567972530299,São Pedro do Iguaçu,34.0,0.48,0.95,0.012,0.007
6190,2015,03/15,14.709875574085663,Toledo,34.0,0.48,0.95,0.012,0.007
6191,2016,03/15,11.553899137640077,Toledo,34.0,0.48,0.95,0.012,0.007
6192,2017,03/15,14.04889171401175,Toledo,34.0,0.48,0.95,0.012,0.007
6193,2018,03/15,13.971710575113125,Toledo,34.0,0.48,0.95,0.012,0.007
6194,2019,03/15,14.72443885471052,Toledo,34.0,0.48,0.95,0.012,0.007
6195,2020,03/15,14.087303053480898,Toledo,34.0,0.48,0.95,0.012,0.007
6196,2021,03/15,14.323891414151314,Toledo,34.0,0.48,0.95,0.012,0.007
6197,2022,03/15,12.754463835213615,Toledo,34.0,0.48,0.95,0.012,0.007
6198,2023,03/15,14.496811523773353,Toledo,34.0,0.48,0.95,0.012,0.007
6199,2024,03/15,14.636088047433486,Toledo,34.0,0.48,0.95,0.012,0.007
6200,2015,03/15,14.067520268734315,Cascavel,34.0,0.48,0.95,0.013,0.006
6201,2016,03/15,10.261100885297834,Cascavel,34.0,0.48,0.95,0.013,0.006
6202,2017,03/15,13.23452103528103,Cascavel,34.0,0.48,0.95,0.013,0.006
6203,2018,03/15,12.813557907263743,Cascavel,34.0,0.48,0.95,0.013,0.006
6204,2019,03/15,14.04135095970015,Cascavel,34.0,0.48,0.95,0.013,0.006
6205,2020,03/15,8.804178315000895,Cascavel,34.0,0.48,0.95,0.013,0.006
6206,2021,03/15,13.294431338578995,Cascavel,34.0,0.48,0.95,0.013,0.006
6207,2022,03/15,11.960322144577416,Cascavel,34.0,0.48,0.95,0.013,0.006
6208,2023,03/15,13.385408704001346,Cascavel,34.0,0.48,0.95,0.013,0.006
6209,2024,03/15,13.862983465174699,Cascavel,34.0,0.48,0.95,0.013,0.006
6210,2015,03/15,14.94981281542359,Foz do Iguaçu,34.0,0.48,0.95,0.013,0.006
6211,2016,03/15,12.071946581034295,Foz do Iguaçu,34.0,0.48,0.95,0.013,0.006
6212,2017,03/15,14.487986743581782,Foz do Iguaçu,34.0,0.48,0.95,0.013,0.006
6213,2018,03/15,13.77314170435215,Foz do Iguaçu,34.0,0.48,0.95,0.013,0.006
6214,2019,03/15,14.853797324038638,Foz do Iguaçu,34.0,0.48,0.95,0.013,0.006
6215,2020,03/15,13.504912621057157,Foz do Iguaçu,34.0,0.48,0.95,0.013,0.006
6216,2021,03/15,14.3890211349437,Foz do Iguaçu,34.0,0.48,0.95,0.013,0.006
6217,2022,03/15,13.072330665143697,Foz do Iguaçu,34.0,0.48,0.95,0.013,0.006
6218,2023,03/15,14.881429269403064,Foz do Iguaçu,34.0,0.48,0.95,0.013,0.006
6219,2024,03/15,13.635622606858824,Foz do Iguaçu,34.0,0.48,0.95,0.013,0.006
6220,2015,03/15,15.315202845428537,Guaíra,34.0,0.48,0.95,0.013,0.006
6221,2016,03/15,12.719292969299751,Guaíra,34.0,0.48,0.95,0.013,0.006
6222,2017,03/15,14.765878500214992,Guaíra,34.0,0.48,0.95,0.013,0.006
6223,2018,03/15,14.560240993426545,Guaíra,34.0,0.48,0.95,0.013,0.006
6224,2019,03/15,15.265853159397585,Guaíra,34.0,0.48,0.95,0.013,0.006
6225,2020,03/15,14.776920871798511,Guaíra,34.0,0.48,0.95,0.013,0.006
6226,2021,03/15,14.674782369695016,Guaíra,34.0,0.48,0.95,0.013,0.006
6227,2022,03/15,13.700772028581127,Guaíra,34.0,0.48,0.95,0.013,0.006
6228,2023,03/15,14.943452174314354,Guaíra,34.0,0.48,0.95,0.013,0.006
6229,2024,03/15,15.136186716903786,Guaíra,34.0,0.48,0.95,0.013,0.006
6230,2015,03/15,15.335067727241775,Marechal Cândido Rondon,34.0,0.48,0.95,0.013,0.006
6231,2016,03/15,12.840349234398508,Marechal Cândido Rondon,34.0,0.48,0.95,0.013,0.006
6232,2017,03/15,14.882977230249006,Marechal Cândido Rondon,34.0,0.48,0.95,0.013,0.006
6233,2018,03/15,14.64892100081826,Marechal Cândido Rondon,34.0,0.48,0.95,0.013,0.006
6234,2019,03/15,15.29340891491009,Marechal Cândido Rondon,34.0,0.48,0.95,0.013,0.006
6235,2020,03/15,14.63536353444078,Marechal Cândido Rondon,34.0,0.48,0.95,0.013,0.006
6236,2021,03/15,14.930612338860533,Marechal Cândido Rondon,34.0,0.48,0.95,0.013,0.006
6237,2022,03/15,13.739848649541413,Marechal Cândido Rondon,34.0,0.48,0.95,0.013,0.006
6238,2023,03/15,15.094120227941223,Marechal Cândido Rondon,34.0,0.48,0.95,0.013,0.006
6239,2024,03/15,14.818296142732583,Marechal Cândido Rondon,34.0,0.48,0.95,0.013,0.006
6240,2015,03/15,14.442000452190305,Matelândia,34.0,0.48,0.95,0.013,0.006
6241,2016,03/15,11.1291140682231,Matelândia,34.0,0.48,0.95,0.013,0.006
6242,2017,03/15,13.970521698415029,Matelândia,34.0,0.48,0.95,0.013,0.006
6243,2018,03/15,13.17594848881421,Matelândia,34.0,0.48,0.95,0.013,0.006
6244,2019,03/15,14.447690740053442,Matelândia,34.0,0.48,0.95,0.013,0.006
6245,2020,03/15,13.060162558247795,Matelândia,34.0,0.48,0.95,0.013,0.006
6246,2021,03/15,14.036271789876576,Matelândia,34.0,0.48,0.95,0.013,0.006
6247,2022,03/15,12.509377800112755,Matelândia,34.0,0.48,0.95,0.013,0.006
6248,2023,03/15,14.32242142893206,Matelândia,34.0,0.48,0.95,0.013,0.006
6249,2024,03/15,13.63699352952985,Matelândia,34.0,0.48,0.95,0.013,0.006
6250,2015,03/15,14.949592769687353,Medianeira,34.0,0.48,0.95,0.013,0.006
6251,2016,03/15,12.071669190951747,Medianeira,34.0,0.48,0.95,0.013,0.006
6252,2017,03/15,14.487552961305536,Medianeira,34.0,0.48,0.95,0.013,0.006
6253,2018,03/15,13.772973703210196,Medianeira,34.0,0.48,0.95,0.013,0.006
6254,2019,03/15,14.853258368893721,Medianeira,34.0,0.48,0.95,0.013,0.006
6255,2020,03/15,13.504319542076654,Medianeira,34.0,0.48,0.95,0.013,0.006
6256,2021,03/15,14.38708207547826,Medianeira,34.0,0.48,0.95,0.013,0.006
6257,2022,03/15,13.072330665143697,Medianeira,34.0,0.48,0.95,0.013,0.006
6258,2023,03/15,14.880770560436305,Medianeira,34.0,0.48,0.95,0.013,0.006
6259,2024,03/15,13.635285161516999,Medianeira,34.0,0.48,0.95,0.013,0.006
6260,2015,03/15,15.286074039449538,Santa Helena,34.0,0.48,0.95,0.013,0.006
6261,2016,03/15,12.841400057984004,Santa Helena,34.0,0.48,0.95,0.013,0.006
6262,2017,03/15,14.88140065701515,Santa Helena,34.0,0.48,0.95,0.013,0.006
6263,2018,03/15,14.404039460430255,Santa Helena,34.0,0.48,0.95,0.013,0.006
6264,2019,03/15,15.16191493781972,Santa Helena,34.0,0.48,0.95,0.013,0.006
6265,2020,03/15,14.310953689107812,Santa Helena,34.0,0.48,0.95,0.013,0.006
6266,2021,03/15,14.789738476787083,Santa Helena,34.0,0.48,0.95,0.013,0.006
6267,2022,03/15,13.733167422411434,Santa Helena,34.0,0.48,0.95,0.013,0.006
6268,2023,03/15,15.155439557744158,Santa Helena,34.0,0.48,0.95,0.013,0.006
6269,2024,03/15,14.31156353777773,Santa Helena,34.0,0.48,0.95,0.013,0.006
6270,2015,03/15,14.949767323169416,São Miguel do Iguaçu,34.0,0.48,0.95,0.013,0.006
6271,2016,03/15,12.07188651368659,São Miguel do Iguaçu,34.0,0.48,0.95,0.013,0.006
6272,2017,03/15,14.487916878745937,São Miguel do Iguaçu,34.0,0.48,0.95,0.013,0.006
6273,2018,03/15,13.773113345711593,São Miguel do Iguaçu,34.0,0.48,0.95,0.013,0.006
6274,2019,03/15,14.853710069938105,São Miguel do Iguaçu,34.0,0.48,0.95,0.013,0.006
6275,2020,03/15,13.5047976996113,São Miguel do Iguaçu,34.0,0.48,0.95,0.013,0.006
6276,2021,03/15,14.388599898358494,São Miguel do Iguaçu,34.0,0.48,0.95,0.013,0.006
6277,2022,03/15,13.072330665143697,São Miguel do Iguaçu,34.0,0.48,0.95,0.013,0.006
6278,2023,03/15,14.881321441688057,São Miguel do Iguaçu,34.0,0.48,0.95,0.013,0.006
6279,2024,03/15,13.63555032608442,São Miguel do Iguaçu,34.0,0.48,0.95,0.013,0.006
6280,2015,03/15,14.106274823237905,São Pedro do Iguaçu,34.0,0.48,0.95,0.013,0.006
6281,2016,03/15,10.704073633380336,São Pedro do Iguaçu,34.0,0.48,0.95,0.013,0.006
6282,2017,03/15,13.555020245319131,São Pedro do Iguaçu,34.0,0.48,0.95,0.013,0.006
6283,2018,03/15,13.127657061534945,São Pedro do Iguaçu,34.0,0.48,0.95,0.013,0.006
6284,2019,03/15,14.228745258165434,São Pedro do Iguaçu,34.0,0.48,0.95,0.013,0.006
6285,2020,03/15,10.59329503549448,São Pedro do Iguaçu,34.0,0.48,0.95,0.013,0.006
6286,2021,03/15,13.782219191990258,São Pedro do Iguaçu,34.0,0.48,0.95,0.013,0.006
6287,2022,03/15,12.08982581699242,São Pedro do Iguaçu,34.0,0.48,0.95,0.013,0.006
6288,2023,03/15,14.01615714123529,São Pedro do Iguaçu,34.0,0.48,0.95,0.013,0.006
6289,2024,03/15,11.412567972530299,São Pedro do Iguaçu,34.0,0.48,0.95,0.013,0.006
6290,2015,03/15,14.709875574085663,Toledo,34.0,0.48,0.95,0.013,0.006
6291,2016,03/15,11.553899137640077,Toledo,34.0,0.48,0.95,0.013,0.006
6292,2017,03/15,14.04889171401175,Toledo,34.0,0.48,0.95,0.013,0.006
6293,2018,03/15,13.971710575113125,Toledo,34.0,0.48,0.95,0.013,0.006
6294,2019,03/15,14.72443885471052,Toledo,34.0,0.48,0.95,0.013,0.006
6295,2020,03/15,14.087303053480898,Toledo,34.0,0.48,0.95,0.013,0.006
6296,2021,03/15,14.323891414151314,Toledo,34.0,0.48,0.95,0.013,0.006
6297,2022,03/15,12.754463835213615,Toledo,34.0,0.48,0.95,0.013,0.006
6298,2023,03/15,14.496811523773353,Toledo,34.0,0.48,0.95,0.013,0.006
6299,2024,03/15,14.636088047433486,Toledo,34.0,0.48,0.95,0.013,0.006
6300,2015,03/15,14.067520268734315,Cascavel,34.0,0.48,0.95,0.013,0.007
6301,2016,03/15,10.261100885297834,Cascavel,34.0,0.48,0.95,0.013,0.007
6302,2017,03/15,13.23452103528103,Cascavel,34.0,0.48,0.95,0.013,0.007
6303,2018,03/15,12.813557907263743,Cascavel,34.0,0.48,0.95,0.013,0.007
6304,2019,03/15,14.04135095970015,Cascavel,34.0,0.48,0.95,0.013,0.007
6305,2020,03/15,8.804178315000895,Cascavel,34.0,0.48,0.95,0.013,0.007
6306,2021,03/15,13.294431338578995,Cascavel,34.0,0.48,0.95,0.013,0.007
6307,2022,03/15,11.960322144577416,Cascavel,34.0,0.48,0.95,0.013,0.007
6308,2023,03/15,13.385408704001346,Cascavel,34.0,0.48,0.95,0.013,0.007
6309,2024,03/15,13.862983465174699,Cascavel,34.0,0.48,0.95,0.013,0.007
6310,2015,03/15,14.94981281542359,Foz do Iguaçu,34.0,0.48,0.95,0.013,0.007
6311,2016,03/15,12.071946581034295,Foz do Iguaçu,34.0,0.48,0.95,0.013,0.007
6312,2017,03/15,14.487986743581782,Foz do Iguaçu,34.0,0.48,0.95,0.013,0.007
6313,2018,03/15,13.77314170435215,Foz do Iguaçu,34.0,0.48,0.95,0.013,0.007
6314,2019,03/15,14.853797324038638,Foz do Iguaçu,34.0,0.48,0.95,0.013,0.007
6315,2020,03/15,13.504912621057157,Foz do Iguaçu,34.0,0.48,0.95,0.013,0.007
6316,2021,03/15,14.3890211349437,Foz do Iguaçu,34.0,0.48,0.95,0.013,0.007
6317,2022,03/15,13.072330665143697,Foz do Iguaçu,34.0,0.48,0.95,0.013,0.007
6318,2023,03/15,14.881429269403064,Foz do Iguaçu,34.0,0.48,0.95,0.013,0.007
6319,2024,03/15,13.635622606858824,Foz do Iguaçu,34.0,0.48,0.95,0.013,0.007
6320,2015,03/15,15.315202845428537,Guaíra,34.0,0.48,0.95,0.013,0.007
6321,2016,03/15,12.719292969299751,Guaíra,34.0,0.48,0.95,0.013,0.007
6322,2017,03/15,14.765878500214992,Guaíra,34.0,0.48,0.95,0.013,0.007
6323,2018,03/15,14.560240993426545,Guaíra,34.0,0.48,0.95,0.013,0.007
6324,2019,03/15,15.265853159397585,Guaíra,34.0,0.48,0.95,0.013,0.007
6325,2020,03/15,14.776920871798511,Guaíra,34.0,0.48,0.95,0.013,0.007
6326,2021,03/15,14.674782369695016,Guaíra,34.0,0.48,0.95,0.013,0.007
6327,2022,03/15,13.700772028581127,Guaíra,34.0,0.48,0.95,0.013,0.007
6328,2023,03/15,14.943452174314354,Guaíra,34.0,0.48,0.95,0.013,0.007
6329,2024,03/15,15.136186716903786,Guaíra,34.0,0.48,0.95,0.013,0.007
6330,2015,03/15,15.335067727241775,Marechal Cândido Rondon,34.0,0.48,0.95,0.013,0.007
6331,2016,03/15,12.840349234398508,Marechal Cândido Rondon,34.0,0.48,0.95,0.013,0.007
6332,2017,03/15,14.882977230249006,Marechal Cândido Rondon,34.0,0.48,0.95,0.013,0.007
6333,2018,03/15,14.64892100081826,Marechal Cândido Rondon,34.0,0.48,0.95,0.013,0.007
6334,2019,03/15,15.29340891491009,Marechal Cândido Rondon,34.0,0.48,0.95,0.013,0.007
6335,2020,03/15,14.63536353444078,Marechal Cândido Rondon,34.0,0.48,0.95,0.013,0.007
6336,2021,03/15,14.930612338860533,Marechal Cândido Rondon,34.0,0.48,0.95,0.013,0.007
6337,2022,03/15,13.739848649541413,Marechal Cândido Rondon,34.0,0.48,0.95,0.013,0.007
6338,2023,03/15,15.094120227941223,Marechal Cândido Rondon,34.0,0.48,0.95,0.013,0.007
6339,2024,03/15,14.818296142732583,Marechal Cândido Rondon,34.0,0.48,0.95,0.013,0.007
6340,2015,03/15,14.442000452190305,Matelândia,34.0,0.48,0.95,0.013,0.007
6341,2016,03/15,11.1291140682231,Matelândia,34.0,0.48,0.95,0.013,0.007
6342,2017,03/15,13.970521698415029,Matelândia,34.0,0.48,0.95,0.013,0.007
6343,2018,03/15,13.17594848881421,Matelândia,34.0,0.48,0.95,0.013,0.007
6344,2019,03/15,14.447690740053442,Matelândia,34.0,0.48,0.95,0.013,0.007
6345,2020,03/15,13.060162558247795,Matelândia,34.0,0.48,0.95,0.013,0.007
6346,2021,03/15,14.036271789876576,Matelândia,34.0,0.48,0.95,0.013,0.007
6347,2022,03/15,12.509377800112755,Matelândia,34.0,0.48,0.95,0.013,0.007
6348,2023,03/15,14.32242142893206,Matelândia,34.0,0.48,0.95,0.013,0.007
6349,2024,03/15,13.63699352952985,Matelândia,34.0,0.48,0.95,0.013,0.007
6350,2015,03/15,14.949592769687353,Medianeira,34.0,0.48,0.95,0.013,0.007
6351,2016,03/15,12.071669190951747,Medianeira,34.0,0.48,0.95,0.013,0.007
6352,2017,03/15,14.487552961305536,Medianeira,34.0,0.48,0.95,0.013,0.007
6353,2018,03/15,13.772973703210196,Medianeira,34.0,0.48,0.95,0.013,0.007
6354,2019,03/15,14.853258368893721,Medianeira,34.0,0.48,0.95,0.013,0.007
6355,2020,03/15,13.504319542076654,Medianeira,34.0,0.48,0.95,0.013,0.007
6356,2021,03/15,14.38708207547826,Medianeira,34.0,0.48,0.95,0.013,0.007
6357,2022,03/15,13.072330665143697,Medianeira,34.0,0.48,0.95,0.013,0.007
6358,2023,03/15,14.880770560436305,Medianeira,34.0,0.48,0.95,0.013,0.007
6359,2024,03/15,13.635285161516999,Medianeira,34.0,0.48,0.95,0.013,0.007
6360,2015,03/15,15.286074039449538,Santa Helena,34.0,0.48,0.95,0.013,0.007
6361,2016,03/15,12.841400057984004,Santa Helena,34.0,0.48,0.95,0.013,0.007
6362,2017,03/15,14.88140065701515,Santa Helena,34.0,0.48,0.95,0.013,0.007
6363,2018,03/15,14.404039460430255,Santa Helena,34.0,0.48,0.95,0.013,0.007
6364,2019,03/15,15.16191493781972,Santa Helena,34.0,0.48,0.95,0.013,0.007
6365,2020,03/15,14.310953689107812,Santa Helena,34.0,0.48,0.95,0.013,0.007
6366,2021,03/15,14.789738476787083,Santa Helena,34.0,0.48,0.95,0.013,0.007
6367,2022,03/15,13.733167422411434,Santa Helena,34.0,0.48,0.95,0.013,0.007
6368,2023,03/15,15.155439557744158,Santa Helena,34.0,0.48,0.95,0.013,0.007
6369,2024,03/15,14.31156353777773,Santa Helena,34.0,0.48,0.95,0.013,0.007
6370,2015,03/15,14.949767323169416,São Miguel do Iguaçu,34.0,0.48,0.95,0.013,0.007
6371,2016,03/15,12.07188651368659,São Miguel do Iguaçu,34.0,0.48,0.95,0.013,0.007
6372,2017,03/15,14.487916878745937,São Miguel do Iguaçu,34.0,0.48,0.95,0.013,0.007
6373,2018,03/15,13.773113345711593,São Miguel do Iguaçu,34.0,0.48,0.95,0.013,0.007
6374,2019,03/15,14.853710069938105,São Miguel do Iguaçu,34.0,0.48,0.95,0.013,0.007
6375,2020,03/15,13.5047976996113,São Miguel do Iguaçu,34.0,0.48,0.95,0.013,0.007
6376,2021,03/15,14.388599898358494,São Miguel do Iguaçu,34.0,0.48,0.95,0.013,0.007
6377,2022,03/15,13.072330665143697,São Miguel do Iguaçu,34.0,0.48,0.95,0.013,0.007
6378,2023,03/15,14.881321441688057,São Miguel do Iguaçu,34.0,0.48,0.95,0.013,0.007
6379,2024,03/15,13.63555032608442,São Miguel do Iguaçu,34.0,0.48,0.95,0.013,0.007
6380,2015,03/15,14.106274823237905,São Pedro do Iguaçu,34.0,0.48,0.95,0.013,0.007
6381,2016,03/15,10.704073633380336,São Pedro do Iguaçu,34.0,0.48,0.95,0.013,0.007
6382,2017,03/15,13.555020245319131,São Pedro do Iguaçu,34.0,0.48,0.95,0.013,0.007
6383,2018,03/15,13.127657061534945,São Pedro do Iguaçu,34.0,0.48,0.95,0.013,0.007
6384,2019,03/15,14.228745258165434,São Pedro do Iguaçu,34.0,0.48,0.95,0.013,0.007
6385,2020,03/15,10.59329503549448,São Pedro do Iguaçu,34.0,0.48,0.95,0.013,0.007
6386,2021,03/15,13.782219191990258,São Pedro do Iguaçu,34.0,0.48,0.95,0.013,0.007
6387,2022,03/15,12.08982581699242,São Pedro do Iguaçu,34.0,0.48,0.95,0.013,0.007
6388,2023,03/15,14.01615714123529,São Pedro do Iguaçu,34.0,0.48,0.95,0.013,0.007
6389,2024,03/15,11.412567972530299,São Pedro do Iguaçu,34.0,0.48,0.95,0.013,0.007
6390,2015,03/15,14.709875574085663,Toledo,34.0,0.48,0.95,0.013,0.007
6391,2016,03/15,11.553899137640077,Toledo,34.0,0.48,0.95,0.013,0.007
6392,2017,03/15,14.04889171401175,Toledo,34.0,0.48,0.95,0.013,0.007
6393,2018,03/15,13.971710575113125,Toledo,34.0,0.48,0.95,0.013,0.007
6394,2019,03/15,14.72443885471052,Toledo,34.0,0.48,0.95,0.013,0.007
6395,2020,03/15,14.087303053480898,Toledo,34.0,0.48,0.95,0.013,0.007
6396,2021,03/15,14.323891414151314,Toledo,34.0,0.48,0.95,0.013,0.007
6397,2022,03/15,12.754463835213615,Toledo,34.0,0.48,0.95,0.013,0.007
6398,2023,03/15,14.496811523773353,Toledo,34.0,0.48,0.95,0.013,0.007
6399,2024,03/15,14.636088047433486,Toledo,34.0,0.48,0.95,0.013,0.007
6400,2015,03/15,14.212819636776393,Cascavel,34.0,0.5,0.9,0.012,0.006
6401,2016,03/15,10.382846281121674,Cascavel,34.0,0.5,0.9,0.012,0.006
6402,2017,03/15,13.380783624478592,Cascavel,34.0,0.5,0.9,0.012,0.006
6403,2018,03/15,12.950478526752258,Cascavel,34.0,0.5,0.9,0.012,0.006
6404,2019,03/15,14.188431806844395,Cascavel,34.0,0.5,0.9,0.012,0.006
6405,2020,03/15,8.889811465062927,Cascavel,34.0,0.5,0.9,0.012,0.006
6406,2021,03/15,13.438891567079237,Cascavel,34.0,0.5,0.9,0.012,0.006
6407,2022,03/15,12.084022123435838,Cascavel,34.0,0.5,0.9,0.012,0.006
6408,2023,03/15,13.52270978978464,Cascavel,34.0,0.5,0.9,0.012,0.006
6409,2024,03/15,14.006069500529332,Cascavel,34.0,0.5,0.9,0.012,0.006
6410,2015,03/15,15.101121996185244,Foz do Iguaçu,34.0,0.5,0.9,0.012,0.006
6411,2016,03/15,12.208224343048787,Foz do Iguaçu,34.0,0.5,0.9,0.012,0.006
6412,2017,03/15,14.643211078424974,Foz do Iguaçu,34.0,0.5,0.9,0.012,0.006
6413,2018,03/15,13.914358233213823,Foz do Iguaçu,34.0,0.5,0.9,0.012,0.006
6414,2019,03/15,15.002730217837605,Foz do Iguaçu,34.0,0.5,0.9,0.012,0.006
6415,2020,03/15,13.637821019657043,Foz do Iguaçu,34.0,0.5,0.9,0.012,0.006
6416,2021,03/15,14.54118845009413,Foz do Iguaçu,34.0,0.5,0.9,0.012,0.006
6417,2022,03/15,13.207505074631156,Foz do Iguaçu,34.0,0.5,0.9,0.012,0.006
6418,2023,03/15,15.033186318295167,Foz do Iguaçu,34.0,0.5,0.9,0.012,0.006
6419,2024,03/15,13.777293692829103,Foz do Iguaçu,34.0,0.5,0.9,0.012,0.006
6420,2015,03/15,15.46732115797616,Guaíra,34.0,0.5,0.9,0.012,0.006
6421,2016,03/15,12.856218031003037,Guaíra,34.0,0.5,0.9,0.012,0.006
6422,2017,03/15,14.922933288649164,Guaíra,34.0,0.5,0.9,0.012,0.006
6423,2018,03/15,14.708312536770226,Guaíra,34.0,0.5,0.9,0.012,0.006
6424,2019,03/15,15.418593600888101,Guaíra,34.0,0.5,0.9,0.012,0.006
6425,2020,03/15,14.920868066998858,Guaíra,34.0,0.5,0.9,0.012,0.006
6426,2021,03/15,14.826534920526502,Guaíra,34.0,0.5,0.9,0.012,0.006
6427,2022,03/15,13.839752993944217,Guaíra,34.0,0.5,0.9,0.012,0.006
6428,2023,03/15,15.092957184357603,Guaíra,34.0,0.5,0.9,0.012,0.006
6429,2024,03/15,15.289089464417478,Guaíra,34.0,0.5,0.9,0.012,0.006
6430,2015,03/15,15.487742681282747,Marechal Cândido Rondon,34.0,0.5,0.9,0.012,0.006
6431,2016,03/15,12.978829240909956,Marechal Cândido Rondon,34.0,0.5,0.9,0.012,0.006
6432,2017,03/15,15.040745962704243,Marechal Cândido Rondon,34.0,0.5,0.9,0.012,0.006
6433,2018,03/15,14.797701267288305,Marechal Cândido Rondon,34.0,0.5,0.9,0.012,0.006
6434,2019,03/15,15.446625615980453,Marechal Cândido Rondon,34.0,0.5,0.9,0.012,0.006
6435,2020,03/15,14.778807815526223,Marechal Cândido Rondon,34.0,0.5,0.9,0.012,0.006
6436,2021,03/15,15.084553905739716,Marechal Cândido Rondon,34.0,0.5,0.9,0.012,0.006
6437,2022,03/15,13.878942070582244,Marechal Cândido Rondon,34.0,0.5,0.9,0.012,0.006
6438,2023,03/15,15.244722535555786,Marechal Cândido Rondon,34.0,0.5,0.9,0.012,0.006
6439,2024,03/15,14.969592902891963,Marechal Cândido Rondon,34.0,0.5,0.9,0.012,0.006
6440,2015,03/15,14.589932303757923,Matelândia,34.0,0.5,0.9,0.012,0.006
6441,2016,03/15,11.258081401939613,Matelândia,34.0,0.5,0.9,0.012,0.006
6442,2017,03/15,14.121608390219597,Matelândia,34.0,0.5,0.9,0.012,0.006
6443,2018,03/15,13.313428628694957,Matelândia,34.0,0.5,0.9,0.012,0.006
6444,2019,03/15,14.595227585617971,Matelândia,34.0,0.5,0.9,0.012,0.006
6445,2020,03/15,13.18830443470252,Matelândia,34.0,0.5,0.9,0.012,0.006
6446,2021,03/15,14.18548776987819,Matelândia,34.0,0.5,0.9,0.012,0.006
6447,2022,03/15,12.638849473641846,Matelândia,34.0,0.5,0.9,0.012,0.006
6448,2023,03/15,14.467928855702004,Matelândia,34.0,0.5,0.9,0.012,0.006
6449,2024,03/15,13.778432279199414,Matelândia,34.0,0.5,0.9,0.012,0.006
6450,2015,03/15,15.100899904387056,Medianeira,34.0,0.5,0.9,0.012,0.006
6451,2016,03/15,12.207952502061834,Medianeira,34.0,0.5,0.9,0.012,0.006
6452,2017,03/15,14.642774100748854,Medianeira,34.0,0.5,0.9,0.012,0.006
6453,2018,03/15,13.914202977410467,Medianeira,34.0,0.5,0.9,0.012,0.006
6454,2019,03/15,15.002187024904577,Medianeira,34.0,0.5,0.9,0.012,0.006
6455,2020,03/15,13.637238244436316,Medianeira,34.0,0.5,0.9,0.012,0.006
6456,2021,03/15,14.540676966546375,Medianeira,34.0,0.5,0.9,0.012,0.006
6457,2022,03/15,13.207505074631156,Medianeira,34.0,0.5,0.9,0.012,0.006
6458,2023,03/15,15.032522378721966,Medianeira,34.0,0.5,0.9,0.012,0.006
6459,2024,03/15,13.776953836134323,Medianeira,34.0,0.5,0.9,0.012,0.006
6460,2015,03/15,15.43840651743537,Santa Helena,34.0,0.5,0.9,0.012,0.006
6461,2016,03/15,12.981906238924493,Santa Helena,34.0,0.5,0.9,0.012,0.006
6462,2017,03/15,15.039677215494494,Santa Helena,34.0,0.5,0.9,0.012,0.006
6463,2018,03/15,14.552728522432686,Santa Helena,34.0,0.5,0.9,0.012,0.006
6464,2019,03/15,15.313914966753018,Santa Helena,34.0,0.5,0.9,0.012,0.006
6465,2020,03/15,14.452165931936387,Santa Helena,34.0,0.5,0.9,0.012,0.006
6466,2021,03/15,14.942064961197762,Santa Helena,34.0,0.5,0.9,0.012,0.006
6467,2022,03/15,13.873267833861137,Santa Helena,34.0,0.5,0.9,0.012,0.006
6468,2023,03/15,15.307230035297728,Santa Helena,34.0,0.5,0.9,0.012,0.006
6469,2024,03/15,14.459206756822505,Santa Helena,34.0,0.5,0.9,0.012,0.006
6470,2015,03/15,15.101076082570588,São Miguel do Iguaçu,34.0,0.5,0.9,0.012,0.006
6471,2016,03/15,12.208164174397767,São Miguel do Iguaçu,34.0,0.5,0.9,0.012,0.006
6472,2017,03/15,14.643140693670617,São Miguel do Iguaçu,34.0,0.5,0.9,0.012,0.006
6473,2018,03/15,13.91433131438835,São Miguel do Iguaçu,34.0,0.5,0.9,0.012,0.006
6474,2019,03/15,15.002642276000289,São Miguel do Iguaçu,34.0,0.5,0.9,0.012,0.006
6475,2020,03/15,13.63770653016217,São Miguel do Iguaçu,34.0,0.5,0.9,0.012,0.006
6476,2021,03/15,14.541090846596362,São Miguel do Iguaçu,34.0,0.5,0.9,0.012,0.006
6477,2022,03/15,13.207505074631154,São Miguel do Iguaçu,34.0,0.5,0.9,0.012,0.006
6478,2023,03/15,15.033077621889342,São Miguel do Iguaçu,34.0,0.5,0.9,0.012,0.006
6479,2024,03/15,13.777220890124623,São Miguel do Iguaçu,34.0,0.5,0.9,0.012,0.006
6480,2015,03/15,14.252143901241988,São Pedro do Iguaçu,34.0,0.5,0.9,0.012,0.006
6481,2016,03/15,10.830080041807177,São Pedro do Iguaçu,34.0,0.5,0.9,0.012,0.006
6482,2017,03/15,13.702981157832049,São Pedro do Iguaçu,34.0,0.5,0.9,0.012,0.006
6483,2018,03/15,13.266382711749312,São Pedro do Iguaçu,34.0,0.5,0.9,0.012,0.006
6484,2019,03/15,14.375901601966545,São Pedro do Iguaçu,34.0,0.5,0.9,0.012,0.006
6485,2020,03/15,10.696589743401388,São Pedro do Iguaçu,34.0,0.5,0.9,0.012,0.006
6486,2021,03/15,13.929239225812323,São Pedro do Iguaçu,34.0,0.5,0.9,0.012,0.006
6487,2022,03/15,12.215062265907628,São Pedro do Iguaçu,34.0,0.5,0.9,0.012,0.006
6488,2023,03/15,14.158475786587493,São Pedro do Iguaçu,34.0,0.5,0.9,0.012,0.006
6489,2024,03/15,11.531338595381367,São Pedro do Iguaçu,34.0,0.5,0.9,0.012,0.006
6490,2015,03/15,14.859162595328815,Toledo,34.0,0.5,0.9,0.012,0.006
6491,2016,03/15,11.684997785734668,Toledo,34.0,0.5,0.9,0.012,0.006
6492,2017,03/15,14.200598253207627,Toledo,34.0,0.5,0.9,0.012,0.006
6493,2018,03/15,14.115057329549089,Toledo,34.0,0.5,0.9,0.012,0.006
6494,2019,03/15,14.87436063218223,Toledo,34.0,0.5,0.9,0.012,0.006
6495,2020,03/15,14.2240189113172,Toledo,34.0,0.5,0.9,0.012,0.006
6496,2021,03/15,14.47438045897754,Toledo,34.0,0.5,0.9,0.012,0.006
6497,2022,03/15,12.885186589714067,Toledo,34.0,0.5,0.9,0.012,0.006
6498,2023,03/15,14.642493214110711,Toledo,34.0,0.5,0.9,0.012,0.006
6499,2024,03/15,14.78612964334142,Toledo,34.0,0.5,0.9,0.012,0.006
6500,2015,03/15,14.212819636776393,Cascavel,34.0,0.5,0.9,0.012,0.007
6501,2016,03/15,10.382846281121674,Cascavel,34.0,0.5,0.9,0.012,0.007
6502,2017,03/15,13.380783624478592,Cascavel,34.0,0.5,0.9,0.012,0.007
6503,2018,03/15,12.950478526752258,Cascavel,34.0,0.5,0.9,0.012,0.007
6504,2019,03/15,14.188431806844395,Cascavel,34.0,0.5,0.9,0.012,0.007
6505,2020,03/15,8.889811465062927,Cascavel,34.0,0.5,0.9,0.012,0.007
6506,2021,03/15,13.438891567079237,Cascavel,34.0,0.5,0.9,0.012,0.007
6507,2022,03/15,12.084022123435838,Cascavel,34.0,0.5,0.9,0.012,0.007
6508,2023,03/15,13.52270978978464,Cascavel,34.0,0.5,0.9,0.012,0.007
6509,2024,03/15,14.006069500529332,Cascavel,34.0,0.5,0.9,0.012,0.007
6510,2015,03/15,15.101121996185244,Foz do Iguaçu,34.0,0.5,0.9,0.012,0.007
6511,2016,03/15,12.208224343048787,Foz do Iguaçu,34.0,0.5,0.9,0.012,0.007
6512,2017,03/15,14.643211078424974,Foz do Iguaçu,34.0,0.5,0.9,0.012,0.007
6513,2018,03/15,13.914358233213823,Foz do Iguaçu,34.0,0.5,0.9,0.012,0.007
6514,2019,03/15,15.002730217837605,Foz do Iguaçu,34.0,0.5,0.9,0.012,0.007
6515,2020,03/15,13.637821019657043,Foz do Iguaçu,34.0,0.5,0.9,0.012,0.007
6516,2021,03/15,14.54118845009413,Foz do Iguaçu,34.0,0.5,0.9,0.012,0.007
6517,2022,03/15,13.207505074631156,Foz do Iguaçu,34.0,0.5,0.9,0.012,0.007
6518,2023,03/15,15.033186318295167,Foz do Iguaçu,34.0,0.5,0.9,0.012,0.007
6519,2024,03/15,13.777293692829103,Foz do Iguaçu,34.0,0.5,0.9,0.012,0.007
6520,2015,03/15,15.46732115797616,Guaíra,34.0,0.5,0.9,0.012,0.007
6521,2016,03/15,12.856218031003037,Guaíra,34.0,0.5,0.9,0.012,0.007
6522,2017,03/15,14.922933288649164,Guaíra,34.0,0.5,0.9,0.012,0.007
6523,2018,03/15,14.708312536770226,Guaíra,34.0,0.5,0.9,0.012,0.007
6524,2019,03/15,15.418593600888101,Guaíra,34.0,0.5,0.9,0.012,0.007
6525,2020,03/15,14.920868066998858,Guaíra,34.0,0.5,0.9,0.012,0.007
6526,2021,03/15,14.826534920526502,Guaíra,34.0,0.5,0.9,0.012,0.007
6527,2022,03/15,13.839752993944217,Guaíra,34.0,0.5,0.9,0.012,0.007
6528,2023,03/15,15.092957184357603,Guaíra,34.0,0.5,0.9,0.012,0.007
6529,2024,03/15,15.289089464417478,Guaíra,34.0,0.5,0.9,0.012,0.007
6530,2015,03/15,15.487742681282747,Marechal Cândido Rondon,34.0,0.5,0.9,0.012,0.007
6531,2016,03/15,12.978829240909956,Marechal Cândido Rondon,34.0,0.5,0.9,0.012,0.007
6532,2017,03/15,15.040745962704243,Marechal Cândido Rondon,34.0,0.5,0.9,0.012,0.007
6533,2018,03/15,14.797701267288305,Marechal Cândido Rondon,34.0,0.5,0.9,0.012,0.007
6534,2019,03/15,15.446625615980453,Marechal Cândido Rondon,34.0,0.5,0.9,0.012,0.007
6535,2020,03/15,14.778807815526223,Marechal Cândido Rondon,34.0,0.5,0.9,0.012,0.007
6536,2021,03/15,15.084553905739716,Marechal Cândido Rondon,34.0,0.5,0.9,0.012,0.007
6537,2022,03/15,13.878942070582244,Marechal Cândido Rondon,34.0,0.5,0.9,0.012,0.007
6538,2023,03/15,15.244722535555786,Marechal Cândido Rondon,34.0,0.5,0.9,0.012,0.007
6539,2024,03/15,14.969592902891963,Marechal Cândido Rondon,34.0,0.5,0.9,0.012,0.007
6540,2015,03/15,14.589932303757923,Matelândia,34.0,0.5,0.9,0.012,0.007
6541,2016,03/15,11.258081401939613,Matelândia,34.0,0.5,0.9,0.012,0.007
6542,2017,03/15,14.121608390219597,Matelândia,34.0,0.5,0.9,0.012,0.007
6543,2018,03/15,13.313428628694957,Matelândia,34.0,0.5,0.9,0.012,0.007
6544,2019,03/15,14.595227585617971,Matelândia,34.0,0.5,0.9,0.012,0.007
6545,2020,03/15,13.18830443470252,Matelândia,34.0,0.5,0.9,0.012,0.007
6546,2021,03/15,14.18548776987819,Matelândia,34.0,0.5,0.9,0.012,0.007
6547,2022,03/15,12.638849473641846,Matelândia,34.0,0.5,0.9,0.012,0.007
6548,2023,03/15,14.467928855702004,Matelândia,34.0,0.5,0.9,0.012,0.007
6549,2024,03/15,13.778432279199414,Matelândia,34.0,0.5,0.9,0.012,0.007
6550,2015,03/15,15.100899904387056,Medianeira,34.0,0.5,0.9,0.012,0.007
6551,2016,03/15,12.207952502061834,Medianeira,34.0,0.5,0.9,0.012,0.007
6552,2017,03/15,14.642774100748854,Medianeira,34.0,0.5,0.9,0.012,0.007
6553,2018,03/15,13.914202977410467,Medianeira,34.0,0.5,0.9,0.012,0.007
6554,2019,03/15,15.002187024904577,Medianeira,34.0,0.5,0.9,0.012,0.007
6555,2020,03/15,13.637238244436316,Medianeira,34.0,0.5,0.9,0.012,0.007
6556,2021,03/15,14.540676966546375,Medianeira,34.0,0.5,0.9,0.012,0.007
6557,2022,03/15,13.207505074631156,Medianeira,34.0,0.5,0.9,0.012,0.007
6558,2023,03/15,15.032522378721966,Medianeira,34.0,0.5,0.9,0.012,0.007
6559,2024,03/15,13.776953836134323,Medianeira,34.0,0.5,0.9,0.012,0.007
6560,2015,03/15,15.43840651743537,Santa Helena,34.0,0.5,0.9,0.012,0.007
6561,2016,03/15,12.981906238924493,Santa Helena,34.0,0.5,0.9,0.012,0.007
6562,2017,03/15,15.039677215494494,Santa Helena,34.0,0.5,0.9,0.012,0.007
6563,2018,03/15,14.552728522432686,Santa Helena,34.0,0.5,0.9,0.012,0.007
6564,2019,03/15,15.313914966753018,Santa Helena,34.0,0.5,0.9,0.012,0.007
6565,2020,03/15,14.452165931936387,Santa Helena,34.0,0.5,0.9,0.012,0.007
6566,2021,03/15,14.942064961197762,Santa Helena,34.0,0.5,0.9,0.012,0.007
6567,2022,03/15,13.873267833861137,Santa Helena,34.0,0.5,0.9,0.012,0.007
6568,2023,03/15,15.307230035297728,Santa Helena,34.0,0.5,0.9,0.012,0.007
6569,2024,03/15,14.459206756822505,Santa Helena,34.0,0.5,0.9,0.012,0.007
6570,2015,03/15,15.101076082570588,São Miguel do Iguaçu,34.0,0.5,0.9,0.012,0.007
6571,2016,03/15,12.208164174397767,São Miguel do Iguaçu,34.0,0.5,0.9,0.012,0.007
6572,2017,03/15,14.643140693670617,São Miguel do Iguaçu,34.0,0.5,0.9,0.012,0.007
6573,2018,03/15,13.91433131438835,São Miguel do Iguaçu,34.0,0.5,0.9,0.012,0.007
6574,2019,03/15,15.002642276000289,São Miguel do Iguaçu,34.0,0.5,0.9,0.012,0.007
6575,2020,03/15,13.63770653016217,São Miguel do Iguaçu,34.0,0.5,0.9,0.012,0.007
6576,2021,03/15,14.541090846596362,São Miguel do Iguaçu,34.0,0.5,0.9,0.012,0.007
6577,2022,03/15,13.207505074631154,São Miguel do Iguaçu,34.0,0.5,0.9,0.012,0.007
6578,2023,03/15,15.033077621889342,São Miguel do Iguaçu,34.0,0.5,0.9,0.012,0.007
6579,2024,03/15,13.777220890124623,São Miguel do Iguaçu,34.0,0.5,0.9,0.012,0.007
6580,2015,03/15,14.252143901241988,São Pedro do Iguaçu,34.0,0.5,0.9,0.012,0.007
6581,2016,03/15,10.830080041807177,São Pedro do Iguaçu,34.0,0.5,0.9,0.012,0.007
6582,2017,03/15,13.702981157832049,São Pedro do Iguaçu,34.0,0.5,0.9,0.012,0.007
6583,2018,03/15,13.266382711749312,São Pedro do Iguaçu,34.0,0.5,0.9,0.012,0.007
6584,2019,03/15,14.375901601966545,São Pedro do Iguaçu,34.0,0.5,0.9,0.012,0.007
6585,2020,03/15,10.696589743401388,São Pedro do Iguaçu,34.0,0.5,0.9,0.012,0.007
6586,2021,03/15,13.929239225812323,São Pedro do Iguaçu,34.0,0.5,0.9,0.012,0.007
6587,2022,03/15,12.215062265907628,São Pedro do Iguaçu,34.0,0.5,0.9,0.012,0.007
6588,2023,03/15,14.158475786587493,São Pedro do Iguaçu,34.0,0.5,0.9,0.012,0.007
6589,2024,03/15,11.531338595381367,São Pedro do Iguaçu,34.0,0.5,0.9,0.012,0.007
6590,2015,03/15,14.859162595328815,Toledo,34.0,0.5,0.9,0.012,0.007
6591,2016,03/15,11.684997785734668,Toledo,34.0,0.5,0.9,0.012,0.007
6592,2017,03/15,14.200598253207627,Toledo,34.0,0.5,0.9,0.012,0.007
6593,2018,03/15,14.115057329549089,Toledo,34.0,0.5,0.9,0.012,0.007
6594,2019,03/15,14.87436063218223,Toledo,34.0,0.5,0.9,0.012,0.007
6595,2020,03/15,14.2240189113172,Toledo,34.0,0.5,0.9,0.012,0.007
6596,2021,03/15,14.47438045897754,Toledo,34.0,0.5,0.9,0.012,0.007
6597,2022,03/15,12.885186589714067,Toledo,34.0,0.5,0.9,0.012,0.007
6598,2023,03/15,14.642493214110711,Toledo,34.0,0.5,0.9,0.012,0.007
6599,2024,03/15,14.78612964334142,Toledo,34.0,0.5,0.9,0.012,0.007
6600,2015,03/15,14.212819636776393,Cascavel,34.0,0.5,0.9,0.013,0.006
6601,2016,03/15,10.382846281121674,Cascavel,34.0,0.5,0.9,0.013,0.006
6602,2017,03/15,13.380783624478592,Cascavel,34.0,0.5,0.9,0.013,0.006
6603,2018,03/15,12.950478526752258,Cascavel,34.0,0.5,0.9,0.013,0.006
6604,2019,03/15,14.188431806844395,Cascavel,34.0,0.5,0.9,0.013,0.006
6605,2020,03/15,8.889811465062927,Cascavel,34.0,0.5,0.9,0.013,0.006
6606,2021,03/15,13.438891567079237,Cascavel,34.0,0.5,0.9,0.013,0.006
6607,2022,03/15,12.084022123435838,Cascavel,34.0,0.5,0.9,0.013,0.006
6608,2023,03/15,13.52270978978464,Cascavel,34.0,0.5,0.9,0.013,0.006
6609,2024,03/15,14.006069500529332,Cascavel,34.0,0.5,0.9,0.013,0.006
6610,2015,03/15,15.101121996185244,Foz do Iguaçu,34.0,0.5,0.9,0.013,0.006
6611,2016,03/15,12.208224343048787,Foz do Iguaçu,34.0,0.5,0.9,0.013,0.006
6612,2017,03/15,14.643211078424974,Foz do Iguaçu,34.0,0.5,0.9,0.013,0.006
6613,2018,03/15,13.914358233213823,Foz do Iguaçu,34.0,0.5,0.9,0.013,0.006
6614,2019,03/15,15.002730217837605,Foz do Iguaçu,34.0,0.5,0.9,0.013,0.006
6615,2020,03/15,13.637821019657043,Foz do Iguaçu,34.0,0.5,0.9,0.013,0.006
6616,2021,03/15,14.54118845009413,Foz do Iguaçu,34.0,0.5,0.9,0.013,0.006
6617,2022,03/15,13.207505074631156,Foz do Iguaçu,34.0,0.5,0.9,0.013,0.006
6618,2023,03/15,15.033186318295167,Foz do Iguaçu,34.0,0.5,0.9,0.013,0.006
6619,2024,03/15,13.777293692829103,Foz do Iguaçu,34.0,0.5,0.9,0.013,0.006
6620,2015,03/15,15.46732115797616,Guaíra,34.0,0.5,0.9,0.013,0.006
6621,2016,03/15,12.856218031003037,Guaíra,34.0,0.5,0.9,0.013,0.006
6622,2017,03/15,14.922933288649164,Guaíra,34.0,0.5,0.9,0.013,0.006
6623,2018,03/15,14.708312536770226,Guaíra,34.0,0.5,0.9,0.013,0.006
6624,2019,03/15,15.418593600888101,Guaíra,34.0,0.5,0.9,0.013,0.006
6625,2020,03/15,14.920868066998858,Guaíra,34.0,0.5,0.9,0.013,0.006
6626,2021,03/15,14.826534920526502,Guaíra,34.0,0.5,0.9,0.013,0.006
6627,2022,03/15,13.839752993944217,Guaíra,34.0,0.5,0.9,0.013,0.006
6628,2023,03/15,15.092957184357603,Guaíra,34.0,0.5,0.9,0.013,0.006
6629,2024,03/15,15.289089464417478,Guaíra,34.0,0.5,0.9,0.013,0.006
6630,2015,03/15,15.487742681282747,Marechal Cândido Rondon,34.0,0.5,0.9,0.013,0.006
6631,2016,03/15,12.978829240909956,Marechal Cândido Rondon,34.0,0.5,0.9,0.013,0.006
6632,2017,03/15,15.040745962704243,Marechal Cândido Rondon,34.0,0.5,0.9,0.013,0.006
6633,2018,03/15,14.797701267288305,Marechal Cândido Rondon,34.0,0.5,0.9,0.013,0.006
6634,2019,03/15,15.446625615980453,Marechal Cândido Rondon,34.0,0.5,0.9,0.013,0.006
6635,2020,03/15,14.778807815526223,Marechal Cândido Rondon,34.0,0.5,0.9,0.013,0.006
6636,2021,03/15,15.084553905739716,Marechal Cândido Rondon,34.0,0.5,0.9,0.013,0.006
6637,2022,03/15,13.878942070582244,Marechal Cândido Rondon,34.0,0.5,0.9,0.013,0.006
6638,2023,03/15,15.244722535555786,Marechal Cândido Rondon,34.0,0.5,0.9,0.013,0.006
6639,2024,03/15,14.969592902891963,Marechal Cândido Rondon,34.0,0.5,0.9,0.013,0.006
6640,2015,03/15,14.589932303757923,Matelândia,34.0,0.5,0.9,0.013,0.006
6641,2016,03/15,11.258081401939613,Matelândia,34.0,0.5,0.9,0.013,0.006
6642,2017,03/15,14.121608390219597,Matelândia,34.0,0.5,0.9,0.013,0.006
6643,2018,03/15,13.313428628694957,Matelândia,34.0,0.5,0.9,0.013,0.006
6644,2019,03/15,14.595227585617971,Matelândia,34.0,0.5,0.9,0.013,0.006
6645,2020,03/15,13.18830443470252,Matelândia,34.0,0.5,0.9,0.013,0.006
6646,2021,03/15,14.18548776987819,Matelândia,34.0,0.5,0.9,0.013,0.006
6647,2022,03/15,12.638849473641846,Matelândia,34.0,0.5,0.9,0.013,0.006
6648,2023,03/15,14.467928855702004,Matelândia,34.0,0.5,0.9,0.013,0.006
6649,2024,03/15,13.778432279199414,Matelândia,34.0,0.5,0.9,0.013,0.006
6650,2015,03/15,15.100899904387056,Medianeira,34.0,0.5,0.9,0.013,0.006
6651,2016,03/15,12.207952502061834,Medianeira,34.0,0.5,0.9,0.013,0.006
6652,2017,03/15,14.642774100748854,Medianeira,34.0,0.5,0.9,0.013,0.006
6653,2018,03/15,13.914202977410467,Medianeira,34.0,0.5,0.9,0.013,0.006
6654,2019,03/15,15.002187024904577,Medianeira,34.0,0.5,0.9,0.013,0.006
6655,2020,03/15,13.637238244436316,Medianeira,34.0,0.5,0.9,0.013,0.006
6656,2021,03/15,14.540676966546375,Medianeira,34.0,0.5,0.9,0.013,0.006
6657,2022,03/15,13.207505074631156,Medianeira,34.0,0.5,0.9,0.013,0.006
6658,2023,03/15,15.032522378721966,Medianeira,34.0,0.5,0.9,0.013,0.006
6659,2024,03/15,13.776953836134323,Medianeira,34.0,0.5,0.9,0.013,0.006
6660,2015,03/15,15.43840651743537,Santa Helena,34.0,0.5,0.9,0.013,0.006
6661,2016,03/15,12.981906238924493,Santa Helena,34.0,0.5,0.9,0.013,0.006
6662,2017,03/15,15.039677215494494,Santa Helena,34.0,0.5,0.9,0.013,0.006
6663,2018,03/15,14.552728522432686,Santa Helena,34.0,0.5,0.9,0.013,0.006
6664,2019,03/15,15.313914966753018,Santa Helena,34.0,0.5,0.9,0.013,0.006
6665,2020,03/15,14.452165931936387,Santa Helena,34.0,0.5,0.9,0.013,0.006
6666,2021,03/15,14.942064961197762,Santa Helena,34.0,0.5,0.9,0.013,0.006
6667,2022,03/15,13.873267833861137,Santa Helena,34.0,0.5,0.9,0.013,0.006
6668,2023,03/15,15.307230035297728,Santa Helena,34.0,0.5,0.9,0.013,0.006
6669,2024,03/15,14.459206756822505,Santa Helena,34.0,0.5,0.9,0.013,0.006
6670,2015,03/15,15.101076082570588,São Miguel do Iguaçu,34.0,0.5,0.9,0.013,0.006
6671,2016,03/15,12.208164174397767,São Miguel do Iguaçu,34.0,0.5,0.9,0.013,0.006
6672,2017,03/15,14.643140693670617,São Miguel do Iguaçu,34.0,0.5,0.9,0.013,0.006
6673,2018,03/15,13.91433131438835,São Miguel do Iguaçu,34.0,0.5,0.9,0.013,0.006
6674,2019,03/15,15.002642276000289,São Miguel do Iguaçu,34.0,0.5,0.9,0.013,0.006
6675,2020,03/15,13.63770653016217,São Miguel do Iguaçu,34.0,0.5,0.9,0.013,0.006
6676,2021,03/15,14.541090846596362,São Miguel do Iguaçu,34.0,0.5,0.9,0.013,0.006
6677,2022,03/15,13.207505074631154,São Miguel do Iguaçu,34.0,0.5,0.9,0.013,0.006
6678,2023,03/15,15.033077621889342,São Miguel do Iguaçu,34.0,0.5,0.9,0.013,0.006
6679,2024,03/15,13.777220890124623,São Miguel do Iguaçu,34.0,0.5,0.9,0.013,0.006
6680,2015,03/15,14.252143901241988,São Pedro do Iguaçu,34.0,0.5,0.9,0.013,0.006
6681,2016,03/15,10.830080041807177,São Pedro do Iguaçu,34.0,0.5,0.9,0.013,0.006
6682,2017,03/15,13.702981157832049,São Pedro do Iguaçu,34.0,0.5,0.9,0.013,0.006
6683,2018,03/15,13.266382711749312,São Pedro do Iguaçu,34.0,0.5,0.9,0.013,0.006
6684,2019,03/15,14.375901601966545,São Pedro do Iguaçu,34.0,0.5,0.9,0.013,0.006
6685,2020,03/15,10.696589743401388,São Pedro do Iguaçu,34.0,0.5,0.9,0.013,0.006
6686,2021,03/15,13.929239225812323,São Pedro do Iguaçu,34.0,0.5,0.9,0.013,0.006
6687,2022,03/15,12.215062265907628,São Pedro do Iguaçu,34.0,0.5,0.9,0.013,0.006
6688,2023,03/15,14.158475786587493,São Pedro do Iguaçu,34.0,0.5,0.9,0.013,0.006
6689,2024,03/15,11.531338595381367,São Pedro do Iguaçu,34.0,0.5,0.9,0.013,0.006
6690,2015,03/15,14.859162595328815,Toledo,34.0,0.5,0.9,0.013,0.006
6691,2016,03/15,11.684997785734668,Toledo,34.0,0.5,0.9,0.013,0.006
6692,2017,03/15,14.200598253207627,Toledo,34.0,0.5,0.9,0.013,0.006
6693,2018,03/15,14.115057329549089,Toledo,34.0,0.5,0.9,0.013,0.006
6694,2019,03/15,14.87436063218223,Toledo,34.0,0.5,0.9,0.013,0.006
6695,2020,03/15,14.2240189113172,Toledo,34.0,0.5,0.9,0.013,0.006
6696,2021,03/15,14.47438045897754,Toledo,34.0,0.5,0.9,0.013,0.006
6697,2022,03/15,12.885186589714067,Toledo,34.0,0.5,0.9,0.013,0.006
6698,2023,03/15,14.642493214110711,Toledo,34.0,0.5,0.9,0.013,0.006
6699,2024,03/15,14.78612964334142,Toledo,34.0,0.5,0.9,0.013,0.006
6700,2015,03/15,14.212819636776393,Cascavel,34.0,0.5,0.9,0.013,0.007
6701,2016,03/15,10.382846281121674,Cascavel,34.0,0.5,0.9,0.013,0.007
6702,2017,03/15,13.380783624478592,Cascavel,34.0,0.5,0.9,0.013,0.007
6703,2018,03/15,12.950478526752258,Cascavel,34.0,0.5,0.9,0.013,0.007
6704,2019,03/15,14.188431806844395,Cascavel,34.0,0.5,0.9,0.013,0.007
6705,2020,03/15,8.889811465062927,Cascavel,34.0,0.5,0.9,0.013,0.007
6706,2021,03/15,13.438891567079237,Cascavel,34.0,0.5,0.9,0.013,0.007
6707,2022,03/15,12.084022123435838,Cascavel,34.0,0.5,0.9,0.013,0.007
6708,2023,03/15,13.52270978978464,Cascavel,34.0,0.5,0.9,0.013,0.007
6709,2024,03/15,14.006069500529332,Cascavel,34.0,0.5,0.9,0.013,0.007
6710,2015,03/15,15.101121996185244,Foz do Iguaçu,34.0,0.5,0.9,0.013,0.007
6711,2016,03/15,12.208224343048787,Foz do Iguaçu,34.0,0.5,0.9,0.013,0.007
6712,2017,03/15,14.643211078424974,Foz do Iguaçu,34.0,0.5,0.9,0.013,0.007
6713,2018,03/15,13.914358233213823,Foz do Iguaçu,34.0,0.5,0.9,0.013,0.007
6714,2019,03/15,15.002730217837605,Foz do Iguaçu,34.0,0.5,0.9,0.013,0.007
6715,2020,03/15,13.637821019657043,Foz do Iguaçu,34.0,0.5,0.9,0.013,0.007
6716,2021,03/15,14.54118845009413,Foz do Iguaçu,34.0,0.5,0.9,0.013,0.007
6717,2022,03/15,13.207505074631156,Foz do Iguaçu,34.0,0.5,0.9,0.013,0.007
6718,2023,03/15,15.033186318295167,Foz do Iguaçu,34.0,0.5,0.9,0.013,0.007
6719,2024,03/15,13.777293692829103,Foz do Iguaçu,34.0,0.5,0.9,0.013,0.007
6720,2015,03/15,15.46732115797616,Guaíra,34.0,0.5,0.9,0.013,0.007
6721,2016,03/15,12.856218031003037,Guaíra,34.0,0.5,0.9,0.013,0.007
6722,2017,03/15,14.922933288649164,Guaíra,34.0,0.5,0.9,0.013,0.007
6723,2018,03/15,14.708312536770226,Guaíra,34.0,0.5,0.9,0.013,0.007
6724,2019,03/15,15.418593600888101,Guaíra,34.0,0.5,0.9,0.013,0.007
6725,2020,03/15,14.920868066998858,Guaíra,34.0,0.5,0.9,0.013,0.007
6726,2021,03/15,14.826534920526502,Guaíra,34.0,0.5,0.9,0.013,0.007
6727,2022,03/15,13.839752993944217,Guaíra,34.0,0.5,0.9,0.013,0.007
6728,2023,03/15,15.092957184357603,Guaíra,34.0,0.5,0.9,0.013,0.007
6729,2024,03/15,15.289089464417478,Guaíra,34.0,0.5,0.9,0.013,0.007
6730,2015,03/15,15.487742681282747,Marechal Cândido Rondon,34.0,0.5,0.9,0.013,0.007
6731,2016,03/15,12.978829240909956,Marechal Cândido Rondon,34.0,0.5,0.9,0.013,0.007
6732,2017,03/15,15.040745962704243,Marechal Cândido Rondon,34.0,0.5,0.9,0.013,0.007
6733,2018,03/15,14.797701267288305,Marechal Cândido Rondon,34.0,0.5,0.9,0.013,0.007
6734,2019,03/15,15.446625615980453,Marechal Cândido Rondon,34.0,0.5,0.9,0.013,0.007
6735,2020,03/15,14.778807815526223,Marechal Cândido Rondon,34.0,0.5,0.9,0.013,0.007
6736,2021,03/15,15.084553905739716,Marechal Cândido Rondon,34.0,0.5,0.9,0.013,0.007
6737,2022,03/15,13.878942070582244,Marechal Cândido Rondon,34.0,0.5,0.9,0.013,0.007
6738,2023,03/15,15.244722535555786,Marechal Cândido Rondon,34.0,0.5,0.9,0.013,0.007
6739,2024,03/15,14.969592902891963,Marechal Cândido Rondon,34.0,0.5,0.9,0.013,0.007
6740,2015,03/15,14.589932303757923,Matelândia,34.0,0.5,0.9,0.013,0.007
6741,2016,03/15,11.258081401939613,Matelândia,34.0,0.5,0.9,0.013,0.007
6742,2017,03/15,14.121608390219597,Matelândia,34.0,0.5,0.9,0.013,0.007
6743,2018,03/15,13.313428628694957,Matelândia,34.0,0.5,0.9,0.013,0.007
6744,2019,03/15,14.595227585617971,Matelândia,34.0,0.5,0.9,0.013,0.007
6745,2020,03/15,13.18830443470252,Matelândia,34.0,0.5,0.9,0.013,0.007
6746,2021,03/15,14.18548776987819,Matelândia,34.0,0.5,0.9,0.013,0.007
6747,2022,03/15,12.638849473641846,Matelândia,34.0,0.5,0.9,0.013,0.007
6748,2023,03/15,14.467928855702004,Matelândia,34.0,0.5,0.9,0.013,0.007
6749,2024,03/15,13.778432279199414,Matelândia,34.0,0.5,0.9,0.013,0.007
6750,2015,03/15,15.100899904387056,Medianeira,34.0,0.5,0.9,0.013,0.007
6751,2016,03/15,12.207952502061834,Medianeira,34.0,0.5,0.9,0.013,0.007
6752,2017,03/15,14.642774100748854,Medianeira,34.0,0.5,0.9,0.013,0.007
6753,2018,03/15,13.914202977410467,Medianeira,34.0,0.5,0.9,0.013,0.007
6754,2019,03/15,15.002187024904577,Medianeira,34.0,0.5,0.9,0.013,0.007
6755,2020,03/15,13.637238244436316,Medianeira,34.0,0.5,0.9,0.013,0.007
6756,2021,03/15,14.540676966546375,Medianeira,34.0,0.5,0.9,0.013,0.007
6757,2022,03/15,13.207505074631156,Medianeira,34.0,0.5,0.9,0.013,0.007
6758,2023,03/15,15.032522378721966,Medianeira,34.0,0.5,0.9,0.013,0.007
6759,2024,03/15,13.776953836134323,Medianeira,34.0,0.5,0.9,0.013,0.007
6760,2015,03/15,15.43840651743537,Santa Helena,34.0,0.5,0.9,0.013,0.007
6761,2016,03/15,12.981906238924493,Santa Helena,34.0,0.5,0.9,0.013,0.007
6762,2017,03/15,15.039677215494494,Santa Helena,34.0,0.5,0.9,0.013,0.007
6763,2018,03/15,14.552728522432686,Santa Helena,34.0,0.5,0.9,0.013,0.007
6764,2019,03/15,15.313914966753018,Santa Helena,34.0,0.5,0.9,0.013,0.007
6765,2020,03/15,14.452165931936387,Santa Helena,34.0,0.5,0.9,0.013,0.007
6766,2021,03/15,14.942064961197762,Santa Helena,34.0,0.5,0.9,0.013,0.007
6767,2022,03/15,13.873267833861137,Santa Helena,34.0,0.5,0.9,0.013,0.007
6768,2023,03/15,15.307230035297728,Santa Helena,34.0,0.5,0.9,0.013,0.007
6769,2024,03/15,14.459206756822505,Santa Helena,34.0,0.5,0.9,0.013,0.007
6770,2015,03/15,15.101076082570588,São Miguel do Iguaçu,34.0,0.5,0.9,0.013,0.007
6771,2016,03/15,12.208164174397767,São Miguel do Iguaçu,34.0,0.5,0.9,0.013,0.007
6772,2017,03/15,14.643140693670617,São Miguel do Iguaçu,34.0,0.5,0.9,0.013,0.007
6773,2018,03/15,13.91433131438835,São Miguel do Iguaçu,34.0,0.5,0.9,0.013,0.007
6774,2019,03/15,15.002642276000289,São Miguel do Iguaçu,34.0,0.5,0.9,0.013,0.007
6775,2020,03/15,13.63770653016217,São Miguel do Iguaçu,34.0,0.5,0.9,0.013,0.007
6776,2021,03/15,14.541090846596362,São Miguel do Iguaçu,34.0,0.5,0.9,0.013,0.007
6777,2022,03/15,13.207505074631154,São Miguel do Iguaçu,34.0,0.5,0.9,0.013,0.007
6778,2023,03/15,15.033077621889342,São Miguel do Iguaçu,34.0,0.5,0.9,0.013,0.007
6779,2024,03/15,13.777220890124623,São Miguel do Iguaçu,34.0,0.5,0.9,0.013,0.007
6780,2015,03/15,14.252143901241988,São Pedro do Iguaçu,34.0,0.5,0.9,0.013,0.007
6781,2016,03/15,10.830080041807177,São Pedro do Iguaçu,34.0,0.5,0.9,0.013,0.007
6782,2017,03/15,13.702981157832049,São Pedro do Iguaçu,34.0,0.5,0.9,0.013,0.007
6783,2018,03/15,13.266382711749312,São Pedro do Iguaçu,34.0,0.5,0.9,0.013,0.007
6784,2019,03/15,14.375901601966545,São Pedro do Iguaçu,34.0,0.5,0.9,0.013,0.007
6785,2020,03/15,10.696589743401388,São Pedro do Iguaçu,34.0,0.5,0.9,0.013,0.007
6786,2021,03/15,13.929239225812323,São Pedro do Iguaçu,34.0,0.5,0.9,0.013,0.007
6787,2022,03/15,12.215062265907628,São Pedro do Iguaçu,34.0,0.5,0.9,0.013,0.007
6788,2023,03/15,14.158475786587493,São Pedro do Iguaçu,34.0,0.5,0.9,0.013,0.007
6789,2024,03/15,11.531338595381367,São Pedro do Iguaçu,34.0,0.5,0.9,0.013,0.007
6790,2015,03/15,14.859162595328815,Toledo,34.0,0.5,0.9,0.013,0.007
6791,2016,03/15,11.684997785734668,Toledo,34.0,0.5,0.9,0.013,0.007
6792,2017,03/15,14.200598253207627,Toledo,34.0,0.5,0.9,0.013,0.007
6793,2018,03/15,14.115057329549089,Toledo,34.0,0.5,0.9,0.013,0.007
6794,2019,03/15,14.87436063218223,Toledo,34.0,0.5,0.9,0.013,0.007
6795,2020,03/15,14.2240189113172,Toledo,34.0,0.5,0.9,0.013,0.007
6796,2021,03/15,14.47438045897754,Toledo,34.0,0.5,0.9,0.013,0.007
6797,2022,03/15,12.885186589714067,Toledo,34.0,0.5,0.9,0.013,0.007
6798,2023,03/15,14.642493214110711,Toledo,34.0,0.5,0.9,0.013,0.007
6799,2024,03/15,14.78612964334142,Toledo,34.0,0.5,0.9,0.013,0.007
6800,2015,03/15,14.653666946598246,Cascavel,34.0,0.5,0.95,0.012,0.006
6801,2016,03/15,10.688646755518578,Cascavel,34.0,0.5,0.95,0.012,0.006
6802,2017,03/15,13.785959411751074,Cascavel,34.0,0.5,0.95,0.012,0.006
6803,2018,03/15,13.347456153399731,Cascavel,34.0,0.5,0.95,0.012,0.006
6804,2019,03/15,14.626407249687656,Cascavel,34.0,0.5,0.95,0.012,0.006
6805,2020,03/15,9.171019078125934,Cascavel,34.0,0.5,0.95,0.012,0.006
6806,2021,03/15,13.848365977686456,Cascavel,34.0,0.5,0.95,0.012,0.006
6807,2022,03/15,12.458668900601475,Cascavel,34.0,0.5,0.95,0.012,0.006
6808,2023,03/15,13.94313406666807,Cascavel,34.0,0.5,0.95,0.012,0.006
6809,2024,03/15,14.440607776223647,Cascavel,34.0,0.5,0.95,0.012,0.006
6810,2015,03/15,15.572721682732904,Foz do Iguaçu,34.0,0.5,0.95,0.012,0.006
6811,2016,03/15,12.574944355244057,Foz do Iguaçu,34.0,0.5,0.95,0.012,0.006
6812,2017,03/15,15.091652857897689,Foz do Iguaçu,34.0,0.5,0.95,0.012,0.006
6813,2018,03/15,14.347022608700158,Foz do Iguaçu,34.0,0.5,0.95,0.012,0.006
6814,2019,03/15,15.47270554587358,Foz do Iguaçu,34.0,0.5,0.95,0.012,0.006
6815,2020,03/15,14.067617313601206,Foz do Iguaçu,34.0,0.5,0.95,0.012,0.006
6816,2021,03/15,14.988563682233021,Foz do Iguaçu,34.0,0.5,0.95,0.012,0.006
6817,2022,03/15,13.617011109524686,Foz do Iguaçu,34.0,0.5,0.95,0.012,0.006
6818,2023,03/15,15.501488822294858,Foz do Iguaçu,34.0,0.5,0.95,0.012,0.006
6819,2024,03/15,14.203773548811276,Foz do Iguaçu,34.0,0.5,0.95,0.012,0.006
6820,2015,03/15,15.95333629732139,Guaíra,34.0,0.5,0.95,0.012,0.006
6821,2016,03/15,13.24926350968724,Guaíra,34.0,0.5,0.95,0.012,0.006
6822,2017,03/15,15.38112343772395,Guaíra,34.0,0.5,0.95,0.012,0.006
6823,2018,03/15,15.166917701485986,Guaíra,34.0,0.5,0.95,0.012,0.006
6824,2019,03/15,15.901930374372482,Guaíra,34.0,0.5,0.95,0.012,0.006
6825,2020,03/15,15.392625908123449,Guaíra,34.0,0.5,0.95,0.012,0.006
6826,2021,03/15,15.286231635098975,Guaíra,34.0,0.5,0.95,0.012,0.006
6827,2022,03/15,14.271637529772008,Guaíra,34.0,0.5,0.95,0.012,0.006
6828,2023,03/15,15.566096014910784,Guaíra,34.0,0.5,0.95,0.012,0.006
6829,2024,03/15,15.766861163441444,Guaíra,34.0,0.5,0.95,0.012,0.006
6830,2015,03/15,15.974028882543514,Marechal Cândido Rondon,34.0,0.5,0.95,0.012,0.006
6831,2016,03/15,13.375363785831778,Marechal Cândido Rondon,34.0,0.5,0.95,0.012,0.006
6832,2017,03/15,15.503101281509382,Marechal Cândido Rondon,34.0,0.5,0.95,0.012,0.006
6833,2018,03/15,15.25929270918569,Marechal Cândido Rondon,34.0,0.5,0.95,0.012,0.006
6834,2019,03/15,15.930634286364677,Marechal Cândido Rondon,34.0,0.5,0.95,0.012,0.006
6835,2020,03/15,15.245170348375813,Marechal Cândido Rondon,34.0,0.5,0.95,0.012,0.006
6836,2021,03/15,15.552721186313054,Marechal Cândido Rondon,34.0,0.5,0.95,0.012,0.006
6837,2022,03/15,14.312342343272306,Marechal Cândido Rondon,34.0,0.5,0.95,0.012,0.006
6838,2023,03/15,15.723041904105441,Marechal Cândido Rondon,34.0,0.5,0.95,0.012,0.006
6839,2024,03/15,15.435725148679774,Marechal Cândido Rondon,34.0,0.5,0.95,0.012,0.006
6840,2015,03/15,15.043750471031567,Matelândia,34.0,0.5,0.95,0.012,0.006
6841,2016,03/15,11.592827154399062,Matelândia,34.0,0.5,0.95,0.012,0.006
6842,2017,03/15,14.55262676918232,Matelândia,34.0,0.5,0.95,0.012,0.006
6843,2018,03/15,13.724946342514803,Matelândia,34.0,0.5,0.95,0.012,0.006
6844,2019,03/15,15.049677854222336,Matelândia,34.0,0.5,0.95,0.012,0.006
6845,2020,03/15,13.604335998174786,Matelândia,34.0,0.5,0.95,0.012,0.006
6846,2021,03/15,14.6211164477881,Matelândia,34.0,0.5,0.95,0.012,0.006
6847,2022,03/15,13.030601875117453,Matelândia,34.0,0.5,0.95,0.012,0.006
6848,2023,03/15,14.919188988470896,Matelândia,34.0,0.5,0.95,0.012,0.006
6849,2024,03/15,14.205201593260261,Matelândia,34.0,0.5,0.95,0.012,0.006
6850,2015,03/15,15.572492468424324,Medianeira,34.0,0.5,0.95,0.012,0.006
6851,2016,03/15,12.574655407241401,Medianeira,34.0,0.5,0.95,0.012,0.006
6852,2017,03/15,15.091201001359932,Medianeira,34.0,0.5,0.95,0.012,0.006
6853,2018,03/15,14.346847607510622,Medianeira,34.0,0.5,0.95,0.012,0.006
6854,2019,03/15,15.472144134264294,Medianeira,34.0,0.5,0.95,0.012,0.006
6855,2020,03/15,14.066999522996518,Medianeira,34.0,0.5,0.95,0.012,0.006
6856,2021,03/15,14.986543828623185,Medianeira,34.0,0.5,0.95,0.012,0.006
6857,2022,03/15,13.617011109524686,Medianeira,34.0,0.5,0.95,0.012,0.006
6858,2023,03/15,15.500802667121151,Medianeira,34.0,0.5,0.95,0.012,0.006
6859,2024,03/15,14.203422043246874,Medianeira,34.0,0.5,0.95,0.012,0.006
6860,2015,03/15,15.922993791093267,Santa Helena,34.0,0.5,0.95,0.012,0.006
6861,2016,03/15,13.376458393733337,Santa Helena,34.0,0.5,0.95,0.012,0.006
6862,2017,03/15,15.501459017724112,Santa Helena,34.0,0.5,0.95,0.012,0.006
6863,2018,03/15,15.004207771281514,Santa Helena,34.0,0.5,0.95,0.012,0.006
6864,2019,03/15,15.793661393562209,Santa Helena,34.0,0.5,0.95,0.012,0.006
6865,2020,03/15,14.907243426153972,Santa Helena,34.0,0.5,0.95,0.012,0.006
6866,2021,03/15,15.405977579986544,Santa Helena,34.0,0.5,0.95,0.012,0.006
6867,2022,03/15,14.305382731678577,Santa Helena,34.0,0.5,0.95,0.012,0.006
6868,2023,03/15,15.786916205983497,Santa Helena,34.0,0.5,0.95,0.012,0.006
6869,2024,03/15,14.907878685185135,Santa Helena,34.0,0.5,0.95,0.012,0.006
6870,2015,03/15,15.572674294968143,São Miguel do Iguaçu,34.0,0.5,0.95,0.012,0.006
6871,2016,03/15,12.574881785090197,São Miguel do Iguaçu,34.0,0.5,0.95,0.012,0.006
6872,2017,03/15,15.091580082027019,São Miguel do Iguaçu,34.0,0.5,0.95,0.012,0.006
6873,2018,03/15,14.346993068449576,São Miguel do Iguaçu,34.0,0.5,0.95,0.012,0.006
6874,2019,03/15,15.472614656185526,São Miguel do Iguaçu,34.0,0.5,0.95,0.012,0.006
6875,2020,03/15,14.067497603761772,São Miguel do Iguaçu,34.0,0.5,0.95,0.012,0.006
6876,2021,03/15,14.98812489412343,São Miguel do Iguaçu,34.0,0.5,0.95,0.012,0.006
6877,2022,03/15,13.617011109524686,São Miguel do Iguaçu,34.0,0.5,0.95,0.012,0.006
6878,2023,03/15,15.501376501758394,São Miguel do Iguaçu,34.0,0.5,0.95,0.012,0.006
6879,2024,03/15,14.203698256337939,São Miguel do Iguaçu,34.0,0.5,0.95,0.012,0.006
6880,2015,03/15,14.694036274206152,São Pedro do Iguaçu,34.0,0.5,0.95,0.012,0.006
6881,2016,03/15,11.15007670143785,São Pedro do Iguaçu,34.0,0.5,0.95,0.012,0.006
6882,2017,03/15,14.119812755540764,São Pedro do Iguaçu,34.0,0.5,0.95,0.012,0.006
6883,2018,03/15,13.674642772432238,São Pedro do Iguaçu,34.0,0.5,0.95,0.012,0.006
6884,2019,03/15,14.821609643922327,São Pedro do Iguaçu,34.0,0.5,0.95,0.012,0.006
6885,2020,03/15,11.034682328640084,São Pedro do Iguaçu,34.0,0.5,0.95,0.012,0.006
6886,2021,03/15,14.356478324989851,São Pedro do Iguaçu,34.0,0.5,0.95,0.012,0.006
6887,2022,03/15,12.593568559367103,São Pedro do Iguaçu,34.0,0.5,0.95,0.012,0.006
6888,2023,03/15,14.600163688786763,São Pedro do Iguaçu,34.0,0.5,0.95,0.012,0.006
6889,2024,03/15,11.888091638052394,São Pedro do Iguaçu,34.0,0.5,0.95,0.012,0.006
6890,2015,03/15,15.322787056339232,Toledo,34.0,0.5,0.95,0.012,0.006
6891,2016,03/15,12.035311601708411,Toledo,34.0,0.5,0.95,0.012,0.006
6892,2017,03/15,14.634262202095574,Toledo,34.0,0.5,0.95,0.012,0.006
6893,2018,03/15,14.553865182409506,Toledo,34.0,0.5,0.95,0.012,0.006
6894,2019,03/15,15.337957140323459,Toledo,34.0,0.5,0.95,0.012,0.006
6895,2020,03/15,14.674274014042602,Toledo,34.0,0.5,0.95,0.012,0.006
6896,2021,03/15,14.920720223074287,Toledo,34.0,0.5,0.95,0.012,0.006
6897,2022,03/15,13.285899828347516,Toledo,34.0,0.5,0.95,0.012,0.006
6898,2023,03/15,15.100845337263909,Toledo,34.0,0.5,0.95,0.012,0.006
6899,2024,03/15,15.24592504940988,Toledo,34.0,0.5,0.95,0.012,0.006
6900,2015,03/15,14.653666946598246,Cascavel,34.0,0.5,0.95,0.012,0.007
6901,2016,03/15,10.688646755518578,Cascavel,34.0,0.5,0.95,0.012,0.007
6902,2017,03/15,13.785959411751074,Cascavel,34.0,0.5,0.95,0.012,0.007
6903,2018,03/15,13.347456153399731,Cascavel,34.0,0.5,0.95,0.012,0.007
6904,2019,03/15,14.626407249687656,Cascavel,34.0,0.5,0.95,0.012,0.007
6905,2020,03/15,9.171019078125934,Cascavel,34.0,0.5,0.95,0.012,0.007
6906,2021,03/15,13.848365977686456,Cascavel,34.0,0.5,0.95,0.012,0.007
6907,2022,03/15,12.458668900601475,Cascavel,34.0,0.5,0.95,0.012,0.007
6908,2023,03/15,13.94313406666807,Cascavel,34.0,0.5,0.95,0.012,0.007
6909,2024,03/15,14.440607776223647,Cascavel,34.0,0.5,0.95,0.012,0.007
6910,2015,03/15,15.572721682732904,Foz do Iguaçu,34.0,0.5,0.95,0.012,0.007
6911,2016,03/15,12.574944355244057,Foz do Iguaçu,34.0,0.5,0.95,0.012,0.007
6912,2017,03/15,15.091652857897689,Foz do Iguaçu,34.0,0.5,0.95,0.012,0.007
6913,2018,03/15,14.347022608700158,Foz do Iguaçu,34.0,0.5,0.95,0.012,0.007
6914,2019,03/15,15.47270554587358,Foz do Iguaçu,34.0,0.5,0.95,0.012,0.007
6915,2020,03/15,14.067617313601206,Foz do Iguaçu,34.0,0.5,0.95,0.012,0.007
6916,2021,03/15,14.988563682233021,Foz do Iguaçu,34.0,0.5,0.95,0.012,0.007
6917,2022,03/15,13.617011109524686,Foz do Iguaçu,34.0,0.5,0.95,0.012,0.007
6918,2023,03/15,15.501488822294858,Foz do Iguaçu,34.0,0.5,0.95,0.012,0.007
6919,2024,03/15,14.203773548811276,Foz do Iguaçu,34.0,0.5,0.95,0.012,0.007
6920,2015,03/15,15.95333629732139,Guaíra,34.0,0.5,0.95,0.012,0.007
6921,2016,03/15,13.24926350968724,Guaíra,34.0,0.5,0.95,0.012,0.007
6922,2017,03/15,15.38112343772395,Guaíra,34.0,0.5,0.95,0.012,0.007
6923,2018,03/15,15.166917701485986,Guaíra,34.0,0.5,0.95,0.012,0.007
6924,2019,03/15,15.901930374372482,Guaíra,34.0,0.5,0.95,0.012,0.007
6925,2020,03/15,15.392625908123449,Guaíra,34.0,0.5,0.95,0.012,0.007
6926,2021,03/15,15.286231635098975,Guaíra,34.0,0.5,0.95,0.012,0.007
6927,2022,03/15,14.271637529772008,Guaíra,34.0,0.5,0.95,0.012,0.007
6928,2023,03/15,15.566096014910784,Guaíra,34.0,0.5,0.95,0.012,0.007
6929,2024,03/15,15.766861163441444,Guaíra,34.0,0.5,0.95,0.012,0.007
6930,2015,03/15,15.974028882543514,Marechal Cândido Rondon,34.0,0.5,0.95,0.012,0.007
6931,2016,03/15,13.375363785831778,Marechal Cândido Rondon,34.0,0.5,0.95,0.012,0.007
6932,2017,03/15,15.503101281509382,Marechal Cândido Rondon,34.0,0.5,0.95,0.012,0.007
6933,2018,03/15,15.25929270918569,Marechal Cândido Rondon,34.0,0.5,0.95,0.012,0.007
6934,2019,03/15,15.930634286364677,Marechal Cândido Rondon,34.0,0.5,0.95,0.012,0.007
6935,2020,03/15,15.245170348375813,Marechal Cândido Rondon,34.0,0.5,0.95,0.012,0.007
6936,2021,03/15,15.552721186313054,Marechal Cândido Rondon,34.0,0.5,0.95,0.012,0.007
6937,2022,03/15,14.312342343272306,Marechal Cândido Rondon,34.0,0.5,0.95,0.012,0.007
6938,2023,03/15,15.723041904105441,Marechal Cândido Rondon,34.0,0.5,0.95,0.012,0.007
6939,2024,03/15,15.435725148679774,Marechal Cândido Rondon,34.0,0.5,0.95,0.012,0.007
6940,2015,03/15,15.043750471031567,Matelândia,34.0,0.5,0.95,0.012,0.007
6941,2016,03/15,11.592827154399062,Matelândia,34.0,0.5,0.95,0.012,0.007
6942,2017,03/15,14.55262676918232,Matelândia,34.0,0.5,0.95,0.012,0.007
6943,2018,03/15,13.724946342514803,Matelândia,34.0,0.5,0.95,0.012,0.007
6944,2019,03/15,15.049677854222336,Matelândia,34.0,0.5,0.95,0.012,0.007
6945,2020,03/15,13.604335998174786,Matelândia,34.0,0.5,0.95,0.012,0.007
6946,2021,03/15,14.6211164477881,Matelândia,34.0,0.5,0.95,0.012,0.007
6947,2022,03/15,13.030601875117453,Matelândia,34.0,0.5,0.95,0.012,0.007
6948,2023,03/15,14.919188988470896,Matelândia,34.0,0.5,0.95,0.012,0.007
6949,2024,03/15,14.205201593260261,Matelândia,34.0,0.5,0.95,0.012,0.007
6950,2015,03/15,15.572492468424324,Medianeira,34.0,0.5,0.95,0.012,0.007
6951,2016,03/15,12.574655407241401,Medianeira,34.0,0.5,0.95,0.012,0.007
6952,2017,03/15,15.091201001359932,Medianeira,34.0,0.5,0.95,0.012,0.007
6953,2018,03/15,14.346847607510622,Medianeira,34.0,0.5,0.95,0.012,0.007
6954,2019,03/15,15.472144134264294,Medianeira,34.0,0.5,0.95,0.012,0.007
6955,2020,03/15,14.066999522996518,Medianeira,34.0,0.5,0.95,0.012,0.007
6956,2021,03/15,14.986543828623185,Medianeira,34.0,0.5,0.95,0.012,0.007
6957,2022,03/15,13.617011109524686,Medianeira,34.0,0.5,0.95,0.012,0.007
6958,2023,03/15,15.500802667121151,Medianeira,34.0,0.5,0.95,0.012,0.007
6959,2024,03/15,14.203422043246874,Medianeira,34.0,0.5,0.95,0.012,0.007
6960,2015,03/15,15.922993791093267,Santa Helena,34.0,0.5,0.95,0.012,0.007
6961,2016,03/15,13.376458393733337,Santa Helena,34.0,0.5,0.95,0.012,0.007
6962,2017,03/15,15.501459017724112,Santa Helena,34.0,0.5,0.95,0.012,0.007
6963,2018,03/15,15.004207771281514,Santa Helena,34.0,0.5,0.95,0.012,0.007
6964,2019,03/15,15.793661393562209,Santa Helena,34.0,0.5,0.95,0.012,0.007
6965,2020,03/15,14.907243426153972,Santa Helena,34.0,0.5,0.95,0.012,0.007
6966,2021,03/15,15.405977579986544,Santa Helena,34.0,0.5,0.95,0.012,0.007
6967,2022,03/15,14.305382731678577,Santa Helena,34.0,0.5,0.95,0.012,0.007
6968,2023,03/15,15.786916205983497,Santa Helena,34.0,0.5,0.95,0.012,0.007
6969,2024,03/15,14.907878685185135,Santa Helena,34.0,0.5,0.95,0.012,0.007
6970,2015,03/15,15.572674294968143,São Miguel do Iguaçu,34.0,0.5,0.95,0.012,0.007
6971,2016,03/15,12.574881785090197,São Miguel do Iguaçu,34.0,0.5,0.95,0.012,0.007
6972,2017,03/15,15.091580082027019,São Miguel do Iguaçu,34.0,0.5,0.95,0.012,0.007
6973,2018,03/15,14.346993068449576,São Miguel do Iguaçu,34.0,0.5,0.95,0.012,0.007
6974,2019,03/15,15.472614656185526,São Miguel do Iguaçu,34.0,0.5,0.95,0.012,0.007
6975,2020,03/15,14.067497603761772,São Miguel do Iguaçu,34.0,0.5,0.95,0.012,0.007
6976,2021,03/15,14.98812489412343,São Miguel do Iguaçu,34.0,0.5,0.95,0.012,0.007
6977,2022,03/15,13.617011109524686,São Miguel do Iguaçu,34.0,0.5,0.95,0.012,0.007
6978,2023,03/15,15.501376501758394,São Miguel do Iguaçu,34.0,0.5,0.95,0.012,0.007
6979,2024,03/15,14.203698256337939,São Miguel do Iguaçu,34.0,0.5,0.95,0.012,0.007
6980,2015,03/15,14.694036274206152,São Pedro do Iguaçu,34.0,0.5,0.95,0.012,0.007
6981,2016,03/15,11.15007670143785,São Pedro do Iguaçu,34.0,0.5,0.95,0.012,0.007
6982,2017,03/15,14.119812755540764,São Pedro do Iguaçu,34.0,0.5,0.95,0.012,0.007
6983,2018,03/15,13.674642772432238,São Pedro do Iguaçu,34.0,0.5,0.95,0.012,0.007
6984,2019,03/15,14.821609643922327,São Pedro do Iguaçu,34.0,0.5,0.95,0.012,0.007
6985,2020,03/15,11.034682328640084,São Pedro do Iguaçu,34.0,0.5,0.95,0.012,0.007
6986,2021,03/15,14.356478324989851,São Pedro do Iguaçu,34.0,0.5,0.95,0.012,0.007
6987,2022,03/15,12.593568559367103,São Pedro do Iguaçu,34.0,0.5,0.95,0.012,0.007
6988,2023,03/15,14.600163688786763,São Pedro do Iguaçu,34.0,0.5,0.95,0.012,0.007
6989,2024,03/15,11.888091638052394,São Pedro do Iguaçu,34.0,0.5,0.95,0.012,0.007
6990,2015,03/15,15.322787056339232,Toledo,34.0,0.5,0.95,0.012,0.007
6991,2016,03/15,12.035311601708411,Toledo,34.0,0.5,0.95,0.012,0.007
6992,2017,03/15,14.634262202095574,Toledo,34.0,0.5,0.95,0.012,0.007
6993,2018,03/15,14.553865182409506,Toledo,34.0,0.5,0.95,0.012,0.007
6994,2019,03/15,15.337957140323459,Toledo,34.0,0.5,0.95,0.012,0.007
6995,2020,03/15,14.674274014042602,Toledo,34.0,0.5,0.95,0.012,0.007
6996,2021,03/15,14.920720223074287,Toledo,34.0,0.5,0.95,0.012,0.007
6997,2022,03/15,13.285899828347516,Toledo,34.0,0.5,0.95,0.012,0.007
6998,2023,03/15,15.100845337263909,Toledo,34.0,0.5,0.95,0.012,0.007
6999,2024,03/15,15.24592504940988,Toledo,34.0,0.5,0.95,0.012,0.007
7000,2015,03/15,14.653666946598246,Cascavel,34.0,0.5,0.95,0.013,0.006
7001,2016,03/15,10.688646755518578,Cascavel,34.0,0.5,0.95,0.013,0.006
7002,2017,03/15,13.785959411751074,Cascavel,34.0,0.5,0.95,0.013,0.006
7003,2018,03/15,13.347456153399731,Cascavel,34.0,0.5,0.95,0.013,0.006
7004,2019,03/15,14.626407249687656,Cascavel,34.0,0.5,0.95,0.013,0.006
7005,2020,03/15,9.171019078125934,Cascavel,34.0,0.5,0.95,0.013,0.006
7006,2021,03/15,13.848365977686456,Cascavel,34.0,0.5,0.95,0.013,0.006
7007,2022,03/15,12.458668900601475,Cascavel,34.0,0.5,0.95,0.013,0.006
7008,2023,03/15,13.94313406666807,Cascavel,34.0,0.5,0.95,0.013,0.006
7009,2024,03/15,14.440607776223647,Cascavel,34.0,0.5,0.95,0.013,0.006
7010,2015,03/15,15.572721682732904,Foz do Iguaçu,34.0,0.5,0.95,0.013,0.006
7011,2016,03/15,12.574944355244057,Foz do Iguaçu,34.0,0.5,0.95,0.013,0.006
7012,2017,03/15,15.091652857897689,Foz do Iguaçu,34.0,0.5,0.95,0.013,0.006
7013,2018,03/15,14.347022608700158,Foz do Iguaçu,34.0,0.5,0.95,0.013,0.006
7014,2019,03/15,15.47270554587358,Foz do Iguaçu,34.0,0.5,0.95,0.013,0.006
7015,2020,03/15,14.067617313601206,Foz do Iguaçu,34.0,0.5,0.95,0.013,0.006
7016,2021,03/15,14.988563682233021,Foz do Iguaçu,34.0,0.5,0.95,0.013,0.006
7017,2022,03/15,13.617011109524686,Foz do Iguaçu,34.0,0.5,0.95,0.013,0.006
7018,2023,03/15,15.501488822294858,Foz do Iguaçu,34.0,0.5,0.95,0.013,0.006
7019,2024,03/15,14.203773548811276,Foz do Iguaçu,34.0,0.5,0.95,0.013,0.006
7020,2015,03/15,15.95333629732139,Guaíra,34.0,0.5,0.95,0.013,0.006
7021,2016,03/15,13.24926350968724,Guaíra,34.0,0.5,0.95,0.013,0.006
7022,2017,03/15,15.38112343772395,Guaíra,34.0,0.5,0.95,0.013,0.006
7023,2018,03/15,15.166917701485986,Guaíra,34.0,0.5,0.95,0.013,0.006
7024,2019,03/15,15.901930374372482,Guaíra,34.0,0.5,0.95,0.013,0.006
7025,2020,03/15,15.392625908123449,Guaíra,34.0,0.5,0.95,0.013,0.006
7026,2021,03/15,15.286231635098975,Guaíra,34.0,0.5,0.95,0.013,0.006
7027,2022,03/15,14.271637529772008,Guaíra,34.0,0.5,0.95,0.013,0.006
7028,2023,03/15,15.566096014910784,Guaíra,34.0,0.5,0.95,0.013,0.006
7029,2024,03/15,15.766861163441444,Guaíra,34.0,0.5,0.95,0.013,0.006
7030,2015,03/15,15.974028882543514,Marechal Cândido Rondon,34.0,0.5,0.95,0.013,0.006
7031,2016,03/15,13.375363785831778,Marechal Cândido Rondon,34.0,0.5,0.95,0.013,0.006
7032,2017,03/15,15.503101281509382,Marechal Cândido Rondon,34.0,0.5,0.95,0.013,0.006
7033,2018,03/15,15.25929270918569,Marechal Cândido Rondon,34.0,0.5,0.95,0.013,0.006
7034,2019,03/15,15.930634286364677,Marechal Cândido Rondon,34.0,0.5,0.95,0.013,0.006
7035,2020,03/15,15.245170348375813,Marechal Cândido Rondon,34.0,0.5,0.95,0.013,0.006
7036,2021,03/15,15.552721186313054,Marechal Cândido Rondon,34.0,0.5,0.95,0.013,0.006
7037,2022,03/15,14.312342343272306,Marechal Cândido Rondon,34.0,0.5,0.95,0.013,0.006
7038,2023,03/15,15.723041904105441,Marechal Cândido Rondon,34.0,0.5,0.95,0.013,0.006
7039,2024,03/15,15.435725148679774,Marechal Cândido Rondon,34.0,0.5,0.95,0.013,0.006
7040,2015,03/15,15.043750471031567,Matelândia,34.0,0.5,0.95,0.013,0.006
7041,2016,03/15,11.592827154399062,Matelândia,34.0,0.5,0.95,0.013,0.006
7042,2017,03/15,14.55262676918232,Matelândia,34.0,0.5,0.95,0.013,0.006
7043,2018,03/15,13.724946342514803,Matelândia,34.0,0.5,0.95,0.013,0.006
7044,2019,03/15,15.049677854222336,Matelândia,34.0,0.5,0.95,0.013,0.006
7045,2020,03/15,13.604335998174786,Matelândia,34.0,0.5,0.95,0.013,0.006
7046,2021,03/15,14.6211164477881,Matelândia,34.0,0.5,0.95,0.013,0.006
7047,2022,03/15,13.030601875117453,Matelândia,34.0,0.5,0.95,0.013,0.006
7048,2023,03/15,14.919188988470896,Matelândia,34.0,0.5,0.95,0.013,0.006
7049,2024,03/15,14.205201593260261,Matelândia,34.0,0.5,0.95,0.013,0.006
7050,2015,03/15,15.572492468424324,Medianeira,34.0,0.5,0.95,0.013,0.006
7051,2016,03/15,12.574655407241401,Medianeira,34.0,0.5,0.95,0.013,0.006
7052,2017,03/15,15.091201001359932,Medianeira,34.0,0.5,0.95,0.013,0.006
7053,2018,03/15,14.346847607510622,Medianeira,34.0,0.5,0.95,0.013,0.006
7054,2019,03/15,15.472144134264294,Medianeira,34.0,0.5,0.95,0.013,0.006
7055,2020,03/15,14.066999522996518,Medianeira,34.0,0.5,0.95,0.013,0.006
7056,2021,03/15,14.986543828623185,Medianeira,34.0,0.5,0.95,0.013,0.006
7057,2022,03/15,13.617011109524686,Medianeira,34.0,0.5,0.95,0.013,0.006
7058,2023,03/15,15.500802667121151,Medianeira,34.0,0.5,0.95,0.013,0.006
7059,2024,03/15,14.203422043246874,Medianeira,34.0,0.5,0.95,0.013,0.006
7060,2015,03/15,15.922993791093267,Santa Helena,34.0,0.5,0.95,0.013,0.006
7061,2016,03/15,13.376458393733337,Santa Helena,34.0,0.5,0.95,0.013,0.006
7062,2017,03/15,15.501459017724112,Santa Helena,34.0,0.5,0.95,0.013,0.006
7063,2018,03/15,15.004207771281514,Santa Helena,34.0,0.5,0.95,0.013,0.006
7064,2019,03/15,15.793661393562209,Santa Helena,34.0,0.5,0.95,0.013,0.006
7065,2020,03/15,14.907243426153972,Santa Helena,34.0,0.5,0.95,0.013,0.006
7066,2021,03/15,15.405977579986544,Santa Helena,34.0,0.5,0.95,0.013,0.006
7067,2022,03/15,14.305382731678577,Santa Helena,34.0,0.5,0.95,0.013,0.006
7068,2023,03/15,15.786916205983497,Santa Helena,34.0,0.5,0.95,0.013,0.006
7069,2024,03/15,14.907878685185135,Santa Helena,34.0,0.5,0.95,0.013,0.006
7070,2015,03/15,15.572674294968143,São Miguel do Iguaçu,34.0,0.5,0.95,0.013,0.006
7071,2016,03/15,12.574881785090197,São Miguel do Iguaçu,34.0,0.5,0.95,0.013,0.006
7072,2017,03/15,15.091580082027019,São Miguel do Iguaçu,34.0,0.5,0.95,0.013,0.006
7073,2018,03/15,14.346993068449576,São Miguel do Iguaçu,34.0,0.5,0.95,0.013,0.006
7074,2019,03/15,15.472614656185526,São Miguel do Iguaçu,34.0,0.5,0.95,0.013,0.006
7075,2020,03/15,14.067497603761772,São Miguel do Iguaçu,34.0,0.5,0.95,0.013,0.006
7076,2021,03/15,14.98812489412343,São Miguel do Iguaçu,34.0,0.5,0.95,0.013,0.006
7077,2022,03/15,13.617011109524686,São Miguel do Iguaçu,34.0,0.5,0.95,0.013,0.006
7078,2023,03/15,15.501376501758394,São Miguel do Iguaçu,34.0,0.5,0.95,0.013,0.006
7079,2024,03/15,14.203698256337939,São Miguel do Iguaçu,34.0,0.5,0.95,0.013,0.006
7080,2015,03/15,14.694036274206152,São Pedro do Iguaçu,34.0,0.5,0.95,0.013,0.006
7081,2016,03/15,11.15007670143785,São Pedro do Iguaçu,34.0,0.5,0.95,0.013,0.006
7082,2017,03/15,14.119812755540764,São Pedro do Iguaçu,34.0,0.5,0.95,0.013,0.006
7083,2018,03/15,13.674642772432238,São Pedro do Iguaçu,34.0,0.5,0.95,0.013,0.006
7084,2019,03/15,14.821609643922327,São Pedro do Iguaçu,34.0,0.5,0.95,0.013,0.006
7085,2020,03/15,11.034682328640084,São Pedro do Iguaçu,34.0,0.5,0.95,0.013,0.006
7086,2021,03/15,14.356478324989851,São Pedro do Iguaçu,34.0,0.5,0.95,0.013,0.006
7087,2022,03/15,12.593568559367103,São Pedro do Iguaçu,34.0,0.5,0.95,0.013,0.006
7088,2023,03/15,14.600163688786763,São Pedro do Iguaçu,34.0,0.5,0.95,0.013,0.006
7089,2024,03/15,11.888091638052394,São Pedro do Iguaçu,34.0,0.5,0.95,0.013,0.006
7090,2015,03/15,15.322787056339232,Toledo,34.0,0.5,0.95,0.013,0.006
7091,2016,03/15,12.035311601708411,Toledo,34.0,0.5,0.95,0.013,0.006
7092,2017,03/15,14.634262202095574,Toledo,34.0,0.5,0.95,0.013,0.006
7093,2018,03/15,14.553865182409506,Toledo,34.0,0.5,0.95,0.013,0.006
7094,2019,03/15,15.337957140323459,Toledo,34.0,0.5,0.95,0.013,0.006
7095,2020,03/15,14.674274014042602,Toledo,34.0,0.5,0.95,0.013,0.006
7096,2021,03/15,14.920720223074287,Toledo,34.0,0.5,0.95,0.013,0.006
7097,2022,03/15,13.285899828347516,Toledo,34.0,0.5,0.95,0.013,0.006
7098,2023,03/15,15.100845337263909,Toledo,34.0,0.5,0.95,0.013,0.006
7099,2024,03/15,15.24592504940988,Toledo,34.0,0.5,0.95,0.013,0.006
7100,2015,03/15,14.653666946598246,Cascavel,34.0,0.5,0.95,0.013,0.007
7101,2016,03/15,10.688646755518578,Cascavel,34.0,0.5,0.95,0.013,0.007
7102,2017,03/15,13.785959411751074,Cascavel,34.0,0.5,0.95,0.013,0.007
7103,2018,03/15,13.347456153399731,Cascavel,34.0,0.5,0.95,0.013,0.007
7104,2019,03/15,14.626407249687656,Cascavel,34.0,0.5,0.95,0.013,0.007
7105,2020,03/15,9.171019078125934,Cascavel,34.0,0.5,0.95,0.013,0.007
7106,2021,03/15,13.848365977686456,Cascavel,34.0,0.5,0.95,0.013,0.007
7107,2022,03/15,12.458668900601475,Cascavel,34.0,0.5,0.95,0.013,0.007
7108,2023,03/15,13.94313406666807,Cascavel,34.0,0.5,0.95,0.013,0.007
7109,2024,03/15,14.440607776223647,Cascavel,34.0,0.5,0.95,0.013,0.007
7110,2015,03/15,15.572721682732904,Foz do Iguaçu,34.0,0.5,0.95,0.013,0.007
7111,2016,03/15,12.574944355244057,Foz do Iguaçu,34.0,0.5,0.95,0.013,0.007
7112,2017,03/15,15.091652857897689,Foz do Iguaçu,34.0,0.5,0.95,0.013,0.007
7113,2018,03/15,14.347022608700158,Foz do Iguaçu,34.0,0.5,0.95,0.013,0.007
7114,2019,03/15,15.47270554587358,Foz do Iguaçu,34.0,0.5,0.95,0.013,0.007
7115,2020,03/15,14.067617313601206,Foz do Iguaçu,34.0,0.5,0.95,0.013,0.007
7116,2021,03/15,14.988563682233021,Foz do Iguaçu,34.0,0.5,0.95,0.013,0.007
7117,2022,03/15,13.617011109524686,Foz do Iguaçu,34.0,0.5,0.95,0.013,0.007
7118,2023,03/15,15.501488822294858,Foz do Iguaçu,34.0,0.5,0.95,0.013,0.007
7119,2024,03/15,14.203773548811276,Foz do Iguaçu,34.0,0.5,0.95,0.013,0.007
7120,2015,03/15,15.95333629732139,Guaíra,34.0,0.5,0.95,0.013,0.007
7121,2016,03/15,13.24926350968724,Guaíra,34.0,0.5,0.95,0.013,0.007
7122,2017,03/15,15.38112343772395,Guaíra,34.0,0.5,0.95,0.013,0.007
7123,2018,03/15,15.166917701485986,Guaíra,34.0,0.5,0.95,0.013,0.007
7124,2019,03/15,15.901930374372482,Guaíra,34.0,0.5,0.95,0.013,0.007
7125,2020,03/15,15.392625908123449,Guaíra,34.0,0.5,0.95,0.013,0.007
7126,2021,03/15,15.286231635098975,Guaíra,34.0,0.5,0.95,0.013,0.007
7127,2022,03/15,14.271637529772008,Guaíra,34.0,0.5,0.95,0.013,0.007
7128,2023,03/15,15.566096014910784,Guaíra,34.0,0.5,0.95,0.013,0.007
7129,2024,03/15,15.766861163441444,Guaíra,34.0,0.5,0.95,0.013,0.007
7130,2015,03/15,15.974028882543514,Marechal Cândido Rondon,34.0,0.5,0.95,0.013,0.007
7131,2016,03/15,13.375363785831778,Marechal Cândido Rondon,34.0,0.5,0.95,0.013,0.007
7132,2017,03/15,15.503101281509382,Marechal Cândido Rondon,34.0,0.5,0.95,0.013,0.007
7133,2018,03/15,15.25929270918569,Marechal Cândido Rondon,34.0,0.5,0.95,0.013,0.007
7134,2019,03/15,15.930634286364677,Marechal Cândido Rondon,34.0,0.5,0.95,0.013,0.007
7135,2020,03/15,15.245170348375813,Marechal Cândido Rondon,34.0,0.5,0.95,0.013,0.007
7136,2021,03/15,15.552721186313054,Marechal Cândido Rondon,34.0,0.5,0.95,0.013,0.007
7137,2022,03/15,14.312342343272306,Marechal Cândido Rondon,34.0,0.5,0.95,0.013,0.007
7138,2023,03/15,15.723041904105441,Marechal Cândido Rondon,34.0,0.5,0.95,0.013,0.007
7139,2024,03/15,15.435725148679774,Marechal Cândido Rondon,34.0,0.5,0.95,0.013,0.007
7140,2015,03/15,15.043750471031567,Matelândia,34.0,0.5,0.95,0.013,0.007
7141,2016,03/15,11.592827154399062,Matelândia,34.0,0.5,0.95,0.013,0.007
7142,2017,03/15,14.55262676918232,Matelândia,34.0,0.5,0.95,0.013,0.007
7143,2018,03/15,13.724946342514803,Matelândia,34.0,0.5,0.95,0.013,0.007
7144,2019,03/15,15.049677854222336,Matelândia,34.0,0.5,0.95,0.013,0.007
7145,2020,03/15,13.604335998174786,Matelândia,34.0,0.5,0.95,0.013,0.007
7146,2021,03/15,14.6211164477881,Matelândia,34.0,0.5,0.95,0.013,0.007
7147,2022,03/15,13.030601875117453,Matelândia,34.0,0.5,0.95,0.013,0.007
7148,2023,03/15,14.919188988470896,Matelândia,34.0,0.5,0.95,0.013,0.007
7149,2024,03/15,14.205201593260261,Matelândia,34.0,0.5,0.95,0.013,0.007
7150,2015,03/15,15.572492468424324,Medianeira,34.0,0.5,0.95,0.013,0.007
7151,2016,03/15,12.574655407241401,Medianeira,34.0,0.5,0.95,0.013,0.007
7152,2017,03/15,15.091201001359932,Medianeira,34.0,0.5,0.95,0.013,0.007
7153,2018,03/15,14.346847607510622,Medianeira,34.0,0.5,0.95,0.013,0.007
7154,2019,03/15,15.472144134264294,Medianeira,34.0,0.5,0.95,0.013,0.007
7155,2020,03/15,14.066999522996518,Medianeira,34.0,0.5,0.95,0.013,0.007
7156,2021,03/15,14.986543828623185,Medianeira,34.0,0.5,0.95,0.013,0.007
7157,2022,03/15,13.617011109524686,Medianeira,34.0,0.5,0.95,0.013,0.007
7158,2023,03/15,15.500802667121151,Medianeira,34.0,0.5,0.95,0.013,0.007
7159,2024,03/15,14.203422043246874,Medianeira,34.0,0.5,0.95,0.013,0.007
7160,2015,03/15,15.922993791093267,Santa Helena,34.0,0.5,0.95,0.013,0.007
7161,2016,03/15,13.376458393733337,Santa Helena,34.0,0.5,0.95,0.013,0.007
7162,2017,03/15,15.501459017724112,Santa Helena,34.0,0.5,0.95,0.013,0.007
7163,2018,03/15,15.004207771281514,Santa Helena,34.0,0.5,0.95,0.013,0.007
7164,2019,03/15,15.793661393562209,Santa Helena,34.0,0.5,0.95,0.013,0.007
7165,2020,03/15,14.907243426153972,Santa Helena,34.0,0.5,0.95,0.013,0.007
7166,2021,03/15,15.405977579986544,Santa Helena,34.0,0.5,0.95,0.013,0.007
7167,2022,03/15,14.305382731678577,Santa Helena,34.0,0.5,0.95,0.013,0.007
7168,2023,03/15,15.786916205983497,Santa Helena,34.0,0.5,0.95,0.013,0.007
7169,2024,03/15,14.907878685185135,Santa Helena,34.0,0.5,0.95,0.013,0.007
7170,2015,03/15,15.572674294968143,São Miguel do Iguaçu,34.0,0.5,0.95,0.013,0.007
7171,2016,03/15,12.574881785090197,São Miguel do Iguaçu,34.0,0.5,0.95,0.013,0.007
7172,2017,03/15,15.091580082027019,São Miguel do Iguaçu,34.0,0.5,0.95,0.013,0.007
7173,2018,03/15,14.346993068449576,São Miguel do Iguaçu,34.0,0.5,0.95,0.013,0.007
7174,2019,03/15,15.472614656185526,São Miguel do Iguaçu,34.0,0.5,0.95,0.013,0.007
7175,2020,03/15,14.067497603761772,São Miguel do Iguaçu,34.0,0.5,0.95,0.013,0.007
7176,2021,03/15,14.98812489412343,São Miguel do Iguaçu,34.0,0.5,0.95,0.013,0.007
7177,2022,03/15,13.617011109524686,São Miguel do Iguaçu,34.0,0.5,0.95,0.013,0.007
7178,2023,03/15,15.501376501758394,São Miguel do Iguaçu,34.0,0.5,0.95,0.013,0.007
7179,2024,03/15,14.203698256337939,São Miguel do Iguaçu,34.0,0.5,0.95,0.013,0.007
7180,2015,03/15,14.694036274206152,São Pedro do Iguaçu,34.0,0.5,0.95,0.013,0.007
7181,2016,03/15,11.15007670143785,São Pedro do Iguaçu,34.0,0.5,0.95,0.013,0.007
7182,2017,03/15,14.119812755540764,São Pedro do Iguaçu,34.0,0.5,0.95,0.013,0.007
7183,2018,03/15,13.674642772432238,São Pedro do Iguaçu,34.0,0.5,0.95,0.013,0.007
7184,2019,03/15,14.821609643922327,São Pedro do Iguaçu,34.0,0.5,0.95,0.013,0.007
7185,2020,03/15,11.034682328640084,São Pedro do Iguaçu,34.0,0.5,0.95,0.013,0.007
7186,2021,03/15,14.356478324989851,São Pedro do Iguaçu,34.0,0.5,0.95,0.013,0.007
7187,2022,03/15,12.593568559367103,São Pedro do Iguaçu,34.0,0.5,0.95,0.013,0.007
7188,2023,03/15,14.600163688786763,São Pedro do Iguaçu,34.0,0.5,0.95,0.013,0.007
7189,2024,03/15,11.888091638052394,São Pedro do Iguaçu,34.0,0.5,0.95,0.013,0.007
7190,2015,03/15,15.322787056339232,Toledo,34.0,0.5,0.95,0.013,0.007
7191,2016,03/15,12.035311601708411,Toledo,34.0,0.5,0.95,0.013,0.007
7192,2017,03/15,14.634262202095574,Toledo,34.0,0.5,0.95,0.013,0.007
7193,2018,03/15,14.553865182409506,Toledo,34.0,0.5,0.95,0.013,0.007
7194,2019,03/15,15.337957140323459,Toledo,34.0,0.5,0.95,0.013,0.007
7195,2020,03/15,14.674274014042602,Toledo,34.0,0.5,0.95,0.013,0.007
7196,2021,03/15,14.920720223074287,Toledo,34.0,0.5,0.95,0.013,0.007
7197,2022,03/15,13.285899828347516,Toledo,34.0,0.5,0.95,0.013,0.007
7198,2023,03/15,15.100845337263909,Toledo,34.0,0.5,0.95,0.013,0.007
7199,2024,03/15,15.24592504940988,Toledo,34.0,0.5,0.95,0.013,0.007
7200,2015,03/15,13.435021262806435,Cascavel,36.0,0.45,0.9,0.012,0.006
7201,2016,03/15,9.808095977362568,Cascavel,36.0,0.45,0.9,0.012,0.006
7202,2017,03/15,12.631759947554785,Cascavel,36.0,0.45,0.9,0.012,0.006
7203,2018,03/15,12.21760356185861,Cascavel,36.0,0.45,0.9,0.012,0.006
7204,2019,03/15,13.376927405458634,Cascavel,36.0,0.45,0.9,0.012,0.006
7205,2020,03/15,8.376067051741035,Cascavel,36.0,0.45,0.9,0.012,0.006
7206,2021,03/15,12.654630841398676,Cascavel,36.0,0.45,0.9,0.012,0.006
7207,2022,03/15,11.37207150191415,Cascavel,36.0,0.45,0.9,0.012,0.006
7208,2023,03/15,12.718545165757275,Cascavel,36.0,0.45,0.9,0.012,0.006
7209,2024,03/15,13.16555646653022,Cascavel,36.0,0.45,0.9,0.012,0.006
7210,2015,03/15,14.27471116188729,Foz do Iguaçu,36.0,0.45,0.9,0.012,0.006
7211,2016,03/15,11.532428856960886,Foz do Iguaçu,36.0,0.45,0.9,0.012,0.006
7212,2017,03/15,13.823519787410566,Foz do Iguaçu,36.0,0.45,0.9,0.012,0.006
7213,2018,03/15,13.126936766075053,Foz do Iguaçu,36.0,0.45,0.9,0.012,0.006
7214,2019,03/15,14.144652188473888,Foz do Iguaçu,36.0,0.45,0.9,0.012,0.006
7215,2020,03/15,12.849687954488234,Foz do Iguaçu,36.0,0.45,0.9,0.012,0.006
7216,2021,03/15,13.692600383942542,Foz do Iguaçu,36.0,0.45,0.9,0.012,0.006
7217,2022,03/15,12.429362552995247,Foz do Iguaçu,36.0,0.45,0.9,0.012,0.006
7218,2023,03/15,14.139197109659062,Foz do Iguaçu,36.0,0.45,0.9,0.012,0.006
7219,2024,03/15,12.950509638843146,Foz do Iguaçu,36.0,0.45,0.9,0.012,0.006
7220,2015,03/15,14.620870027672966,Guaíra,36.0,0.45,0.9,0.012,0.006
7221,2016,03/15,12.144552364532826,Guaíra,36.0,0.45,0.9,0.012,0.006
7222,2017,03/15,14.087583829600717,Guaíra,36.0,0.45,0.9,0.012,0.006
7223,2018,03/15,13.875960742837421,Guaíra,36.0,0.45,0.9,0.012,0.006
7224,2019,03/15,14.536730351965609,Guaíra,36.0,0.45,0.9,0.012,0.006
7225,2020,03/15,14.058587394179272,Guaíra,36.0,0.45,0.9,0.012,0.006
7226,2021,03/15,13.96129473475221,Guaíra,36.0,0.45,0.9,0.012,0.006
7227,2022,03/15,13.024360515753044,Guaíra,36.0,0.45,0.9,0.012,0.006
7228,2023,03/15,14.195413539015973,Guaíra,36.0,0.45,0.9,0.012,0.006
7229,2024,03/15,14.371581595965463,Guaíra,36.0,0.45,0.9,0.012,0.006
7230,2015,03/15,14.64017398050249,Marechal Cândido Rondon,36.0,0.45,0.9,0.012,0.006
7231,2016,03/15,12.260376338239737,Marechal Cândido Rondon,36.0,0.45,0.9,0.012,0.006
7232,2017,03/15,14.198801637107938,Marechal Cândido Rondon,36.0,0.45,0.9,0.012,0.006
7233,2018,03/15,13.960290914121192,Marechal Cândido Rondon,36.0,0.45,0.9,0.012,0.006
7234,2019,03/15,14.563159081794513,Marechal Cândido Rondon,36.0,0.45,0.9,0.012,0.006
7235,2020,03/15,13.924736839935422,Marechal Cândido Rondon,36.0,0.45,0.9,0.012,0.006
7236,2021,03/15,14.20425636530394,Marechal Cândido Rondon,36.0,0.45,0.9,0.012,0.006
7237,2022,03/15,13.061240701594265,Marechal Cândido Rondon,36.0,0.45,0.9,0.012,0.006
7238,2023,03/15,14.338153751874003,Marechal Cândido Rondon,36.0,0.45,0.9,0.012,0.006
7239,2024,03/15,14.071258223911132,Marechal Cândido Rondon,36.0,0.45,0.9,0.012,0.006
7240,2015,03/15,13.791496390814173,Matelândia,36.0,0.45,0.9,0.012,0.006
7241,2016,03/15,10.63488179652174,Matelândia,36.0,0.45,0.9,0.012,0.006
7242,2017,03/15,13.331115147270038,Matelândia,36.0,0.45,0.9,0.012,0.006
7243,2018,03/15,12.560014110558548,Matelândia,36.0,0.45,0.9,0.012,0.006
7244,2019,03/15,13.760456584411028,Matelândia,36.0,0.45,0.9,0.012,0.006
7245,2020,03/15,12.426149044664799,Matelândia,36.0,0.45,0.9,0.012,0.006
7246,2021,03/15,13.357657522345704,Matelândia,36.0,0.45,0.9,0.012,0.006
7247,2022,03/15,11.894210259466028,Matelândia,36.0,0.45,0.9,0.012,0.006
7248,2023,03/15,13.607554215591817,Matelândia,36.0,0.45,0.9,0.012,0.006
7249,2024,03/15,12.951579897929733,Matelândia,36.0,0.45,0.9,0.012,0.006
7250,2015,03/15,14.274501224091184,Medianeira,36.0,0.45,0.9,0.012,0.006
7251,2016,03/15,11.532172063937235,Medianeira,36.0,0.45,0.9,0.012,0.006
7252,2017,03/15,13.823107270680453,Medianeira,36.0,0.45,0.9,0.012,0.006
7253,2018,03/15,13.12679029628614,Medianeira,36.0,0.45,0.9,0.012,0.006
7254,2019,03/15,14.144140063347503,Medianeira,36.0,0.45,0.9,0.012,0.006
7255,2020,03/15,12.849138857992312,Medianeira,36.0,0.45,0.9,0.012,0.006
7256,2021,03/15,13.69211874931918,Medianeira,36.0,0.45,0.9,0.012,0.006
7257,2022,03/15,12.429362552995247,Medianeira,36.0,0.45,0.9,0.012,0.006
7258,2023,03/15,14.138572653053807,Medianeira,36.0,0.45,0.9,0.012,0.006
7259,2024,03/15,12.95019017716223,Medianeira,36.0,0.45,0.9,0.012,0.006
7260,2015,03/15,14.593537744537047,Santa Helena,36.0,0.45,0.9,0.012,0.006
7261,2016,03/15,12.263283006703428,Santa Helena,36.0,0.45,0.9,0.012,0.006
7262,2017,03/15,14.19779271576395,Santa Helena,36.0,0.45,0.9,0.012,0.006
7263,2018,03/15,13.729181316593687,Santa Helena,36.0,0.45,0.9,0.012,0.006
7264,2019,03/15,14.438038790502691,Santa Helena,36.0,0.45,0.9,0.012,0.006
7265,2020,03/15,13.61697167195544,Santa Helena,36.0,0.45,0.9,0.012,0.006
7266,2021,03/15,14.07008272582195,Santa Helena,36.0,0.45,0.9,0.012,0.006
7267,2022,03/15,13.055900772135999,Santa Helena,36.0,0.45,0.9,0.012,0.006
7268,2023,03/15,14.396944073564331,Santa Helena,36.0,0.45,0.9,0.012,0.006
7269,2024,03/15,13.591500671261663,Santa Helena,36.0,0.45,0.9,0.012,0.006
7270,2015,03/15,14.27466776090107,São Miguel do Iguaçu,36.0,0.45,0.9,0.012,0.006
7271,2016,03/15,11.53237201899102,São Miguel do Iguaçu,36.0,0.45,0.9,0.012,0.006
7272,2017,03/15,13.823453342623326,São Miguel do Iguaçu,36.0,0.45,0.9,0.012,0.006
7273,2018,03/15,13.126911370601263,São Miguel do Iguaçu,36.0,0.45,0.9,0.012,0.006
7274,2019,03/15,14.144569276451634,São Miguel do Iguaçu,36.0,0.45,0.9,0.012,0.006
7275,2020,03/15,12.849580081369718,São Miguel do Iguaçu,36.0,0.45,0.9,0.012,0.006
7276,2021,03/15,13.692508476345331,São Miguel do Iguaçu,36.0,0.45,0.9,0.012,0.006
7277,2022,03/15,12.429362552995247,São Miguel do Iguaçu,36.0,0.45,0.9,0.012,0.006
7278,2023,03/15,14.139094877179899,São Miguel do Iguaçu,36.0,0.45,0.9,0.012,0.006
7279,2024,03/15,12.950441205074718,São Miguel do Iguaçu,36.0,0.45,0.9,0.012,0.006
7280,2015,03/15,13.472193501865359,São Pedro do Iguaçu,36.0,0.45,0.9,0.012,0.006
7281,2016,03/15,10.230572775183976,São Pedro do Iguaçu,36.0,0.45,0.9,0.012,0.006
7282,2017,03/15,12.935921647738747,São Pedro do Iguaçu,36.0,0.45,0.9,0.012,0.006
7283,2018,03/15,12.515630548880988,São Pedro do Iguaçu,36.0,0.45,0.9,0.012,0.006
7284,2019,03/15,13.55367490470342,São Pedro do Iguaçu,36.0,0.45,0.9,0.012,0.006
7285,2020,03/15,10.078431164463526,São Pedro do Iguaçu,36.0,0.45,0.9,0.012,0.006
7286,2021,03/15,13.11636301434156,São Pedro do Iguaçu,36.0,0.45,0.9,0.012,0.006
7287,2022,03/15,11.495391192542657,São Pedro do Iguaçu,36.0,0.45,0.9,0.012,0.006
7288,2023,03/15,13.316503612761583,São Pedro do Iguaçu,36.0,0.45,0.9,0.012,0.006
7289,2024,03/15,10.839335718449421,São Pedro do Iguaçu,36.0,0.45,0.9,0.012,0.006
7290,2015,03/15,14.04599302021534,Toledo,36.0,0.45,0.9,0.012,0.006
7291,2016,03/15,11.038165901207336,Toledo,36.0,0.45,0.9,0.012,0.006
7292,2017,03/15,13.405683350116535,Toledo,36.0,0.45,0.9,0.012,0.006
7293,2018,03/15,13.316278186099202,Toledo,36.0,0.45,0.9,0.012,0.006
7294,2019,03/15,14.023624674527456,Toledo,36.0,0.45,0.9,0.012,0.006
7295,2020,03/15,13.402009324343078,Toledo,36.0,0.45,0.9,0.012,0.006
7296,2021,03/15,13.629691143205248,Toledo,36.0,0.45,0.9,0.012,0.006
7297,2022,03/15,12.126034007298781,Toledo,36.0,0.45,0.9,0.012,0.006
7298,2023,03/15,13.771737630844129,Toledo,36.0,0.45,0.9,0.012,0.006
7299,2024,03/15,13.89880470987886,Toledo,36.0,0.45,0.9,0.012,0.006
7300,2015,03/15,13.435021262806435,Cascavel,36.0,0.45,0.9,0.012,0.007
7301,2016,03/15,9.808095977362568,Cascavel,36.0,0.45,0.9,0.012,0.007
7302,2017,03/15,12.631759947554785,Cascavel,36.0,0.45,0.9,0.012,0.007
7303,2018,03/15,12.21760356185861,Cascavel,36.0,0.45,0.9,0.012,0.007
7304,2019,03/15,13.376927405458634,Cascavel,36.0,0.45,0.9,0.012,0.007
7305,2020,03/15,8.376067051741035,Cascavel,36.0,0.45,0.9,0.012,0.007
7306,2021,03/15,12.654630841398676,Cascavel,36.0,0.45,0.9,0.012,0.007
7307,2022,03/15,11.37207150191415,Cascavel,36.0,0.45,0.9,0.012,0.007
7308,2023,03/15,12.718545165757275,Cascavel,36.0,0.45,0.9,0.012,0.007
7309,2024,03/15,13.16555646653022,Cascavel,36.0,0.45,0.9,0.012,0.007
7310,2015,03/15,14.27471116188729,Foz do Iguaçu,36.0,0.45,0.9,0.012,0.007
7311,2016,03/15,11.532428856960886,Foz do Iguaçu,36.0,0.45,0.9,0.012,0.007
7312,2017,03/15,13.823519787410566,Foz do Iguaçu,36.0,0.45,0.9,0.012,0.007
7313,2018,03/15,13.126936766075053,Foz do Iguaçu,36.0,0.45,0.9,0.012,0.007
7314,2019,03/15,14.144652188473888,Foz do Iguaçu,36.0,0.45,0.9,0.012,0.007
7315,2020,03/15,12.849687954488234,Foz do Iguaçu,36.0,0.45,0.9,0.012,0.007
7316,2021,03/15,13.692600383942542,Foz do Iguaçu,36.0,0.45,0.9,0.012,0.007
7317,2022,03/15,12.429362552995247,Foz do Iguaçu,36.0,0.45,0.9,0.012,0.007
7318,2023,03/15,14.139197109659062,Foz do Iguaçu,36.0,0.45,0.9,0.012,0.007
7319,2024,03/15,12.950509638843146,Foz do Iguaçu,36.0,0.45,0.9,0.012,0.007
7320,2015,03/15,14.620870027672966,Guaíra,36.0,0.45,0.9,0.012,0.007
7321,2016,03/15,12.144552364532826,Guaíra,36.0,0.45,0.9,0.012,0.007
7322,2017,03/15,14.087583829600717,Guaíra,36.0,0.45,0.9,0.012,0.007
7323,2018,03/15,13.875960742837421,Guaíra,36.0,0.45,0.9,0.012,0.007
7324,2019,03/15,14.536730351965609,Guaíra,36.0,0.45,0.9,0.012,0.007
7325,2020,03/15,14.058587394179272,Guaíra,36.0,0.45,0.9,0.012,0.007
7326,2021,03/15,13.96129473475221,Guaíra,36.0,0.45,0.9,0.012,0.007
7327,2022,03/15,13.024360515753044,Guaíra,36.0,0.45,0.9,0.012,0.007
7328,2023,03/15,14.195413539015973,Guaíra,36.0,0.45,0.9,0.012,0.007
7329,2024,03/15,14.371581595965463,Guaíra,36.0,0.45,0.9,0.012,0.007
7330,2015,03/15,14.64017398050249,Marechal Cândido Rondon,36.0,0.45,0.9,0.012,0.007
7331,2016,03/15,12.260376338239737,Marechal Cândido Rondon,36.0,0.45,0.9,0.012,0.007
7332,2017,03/15,14.198801637107938,Marechal Cândido Rondon,36.0,0.45,0.9,0.012,0.007
7333,2018,03/15,13.960290914121192,Marechal Cândido Rondon,36.0,0.45,0.9,0.012,0.007
7334,2019,03/15,14.563159081794513,Marechal Cândido Rondon,36.0,0.45,0.9,0.012,0.007
7335,2020,03/15,13.924736839935422,Marechal Cândido Rondon,36.0,0.45,0.9,0.012,0.007
7336,2021,03/15,14.20425636530394,Marechal Cândido Rondon,36.0,0.45,0.9,0.012,0.007
7337,2022,03/15,13.061240701594265,Marechal Cândido Rondon,36.0,0.45,0.9,0.012,0.007
7338,2023,03/15,14.338153751874003,Marechal Cândido Rondon,36.0,0.45,0.9,0.012,0.007
7339,2024,03/15,14.071258223911132,Marechal Cândido Rondon,36.0,0.45,0.9,0.012,0.007
7340,2015,03/15,13.791496390814173,Matelândia,36.0,0.45,0.9,0.012,0.007
7341,2016,03/15,10.63488179652174,Matelândia,36.0,0.45,0.9,0.012,0.007
7342,2017,03/15,13.331115147270038,Matelândia,36.0,0.45,0.9,0.012,0.007
7343,2018,03/15,12.560014110558548,Matelândia,36.0,0.45,0.9,0.012,0.007
7344,2019,03/15,13.760456584411028,Matelândia,36.0,0.45,0.9,0.012,0.007
7345,2020,03/15,12.426149044664799,Matelândia,36.0,0.45,0.9,0.012,0.007
7346,2021,03/15,13.357657522345704,Matelândia,36.0,0.45,0.9,0.012,0.007
7347,2022,03/15,11.894210259466028,Matelândia,36.0,0.45,0.9,0.012,0.007
7348,2023,03/15,13.607554215591817,Matelândia,36.0,0.45,0.9,0.012,0.007
7349,2024,03/15,12.951579897929733,Matelândia,36.0,0.45,0.9,0.012,0.007
7350,2015,03/15,14.274501224091184,Medianeira,36.0,0.45,0.9,0.012,0.007
7351,2016,03/15,11.532172063937235,Medianeira,36.0,0.45,0.9,0.012,0.007
7352,2017,03/15,13.823107270680453,Medianeira,36.0,0.45,0.9,0.012,0.007
7353,2018,03/15,13.12679029628614,Medianeira,36.0,0.45,0.9,0.012,0.007
7354,2019,03/15,14.144140063347503,Medianeira,36.0,0.45,0.9,0.012,0.007
7355,2020,03/15,12.849138857992312,Medianeira,36.0,0.45,0.9,0.012,0.007
7356,2021,03/15,13.69211874931918,Medianeira,36.0,0.45,0.9,0.012,0.007
7357,2022,03/15,12.429362552995247,Medianeira,36.0,0.45,0.9,0.012,0.007
7358,2023,03/15,14.138572653053807,Medianeira,36.0,0.45,0.9,0.012,0.007
7359,2024,03/15,12.95019017716223,Medianeira,36.0,0.45,0.9,0.012,0.007
7360,2015,03/15,14.593537744537047,Santa Helena,36.0,0.45,0.9,0.012,0.007
7361,2016,03/15,12.263283006703428,Santa Helena,36.0,0.45,0.9,0.012,0.007
7362,2017,03/15,14.19779271576395,Santa Helena,36.0,0.45,0.9,0.012,0.007
7363,2018,03/15,13.729181316593687,Santa Helena,36.0,0.45,0.9,0.012,0.007
7364,2019,03/15,14.438038790502691,Santa Helena,36.0,0.45,0.9,0.012,0.007
7365,2020,03/15,13.61697167195544,Santa Helena,36.0,0.45,0.9,0.012,0.007
7366,2021,03/15,14.07008272582195,Santa Helena,36.0,0.45,0.9,0.012,0.007
7367,2022,03/15,13.055900772135999,Santa Helena,36.0,0.45,0.9,0.012,0.007
7368,2023,03/15,14.396944073564331,Santa Helena,36.0,0.45,0.9,0.012,0.007
7369,2024,03/15,13.591500671261663,Santa Helena,36.0,0.45,0.9,0.012,0.007
7370,2015,03/15,14.27466776090107,São Miguel do Iguaçu,36.0,0.45,0.9,0.012,0.007
7371,2016,03/15,11.53237201899102,São Miguel do Iguaçu,36.0,0.45,0.9,0.012,0.007
7372,2017,03/15,13.823453342623326,São Miguel do Iguaçu,36.0,0.45,0.9,0.012,0.007
7373,2018,03/15,13.126911370601263,São Miguel do Iguaçu,36.0,0.45,0.9,0.012,0.007
7374,2019,03/15,14.144569276451634,São Miguel do Iguaçu,36.0,0.45,0.9,0.012,0.007
7375,2020,03/15,12.849580081369718,São Miguel do Iguaçu,36.0,0.45,0.9,0.012,0.007
7376,2021,03/15,13.692508476345331,São Miguel do Iguaçu,36.0,0.45,0.9,0.012,0.007
7377,2022,03/15,12.429362552995247,São Miguel do Iguaçu,36.0,0.45,0.9,0.012,0.007
7378,2023,03/15,14.139094877179899,São Miguel do Iguaçu,36.0,0.45,0.9,0.012,0.007
7379,2024,03/15,12.950441205074718,São Miguel do Iguaçu,36.0,0.45,0.9,0.012,0.007
7380,2015,03/15,13.472193501865359,São Pedro do Iguaçu,36.0,0.45,0.9,0.012,0.007
7381,2016,03/15,10.230572775183976,São Pedro do Iguaçu,36.0,0.45,0.9,0.012,0.007
7382,2017,03/15,12.935921647738747,São Pedro do Iguaçu,36.0,0.45,0.9,0.012,0.007
7383,2018,03/15,12.515630548880988,São Pedro do Iguaçu,36.0,0.45,0.9,0.012,0.007
7384,2019,03/15,13.55367490470342,São Pedro do Iguaçu,36.0,0.45,0.9,0.012,0.007
7385,2020,03/15,10.078431164463526,São Pedro do Iguaçu,36.0,0.45,0.9,0.012,0.007
7386,2021,03/15,13.11636301434156,São Pedro do Iguaçu,36.0,0.45,0.9,0.012,0.007
7387,2022,03/15,11.495391192542657,São Pedro do Iguaçu,36.0,0.45,0.9,0.012,0.007
7388,2023,03/15,13.316503612761583,São Pedro do Iguaçu,36.0,0.45,0.9,0.012,0.007
7389,2024,03/15,10.839335718449421,São Pedro do Iguaçu,36.0,0.45,0.9,0.012,0.007
7390,2015,03/15,14.04599302021534,Toledo,36.0,0.45,0.9,0.012,0.007
7391,2016,03/15,11.038165901207336,Toledo,36.0,0.45,0.9,0.012,0.007
7392,2017,03/15,13.405683350116535,Toledo,36.0,0.45,0.9,0.012,0.007
7393,2018,03/15,13.316278186099202,Toledo,36.0,0.45,0.9,0.012,0.007
7394,2019,03/15,14.023624674527456,Toledo,36.0,0.45,0.9,0.012,0.007
7395,2020,03/15,13.402009324343078,Toledo,36.0,0.45,0.9,0.012,0.007
7396,2021,03/15,13.629691143205248,Toledo,36.0,0.45,0.9,0.012,0.007
7397,2022,03/15,12.126034007298781,Toledo,36.0,0.45,0.9,0.012,0.007
7398,2023,03/15,13.771737630844129,Toledo,36.0,0.45,0.9,0.012,0.007
7399,2024,03/15,13.89880470987886,Toledo,36.0,0.45,0.9,0.012,0.007
7400,2015,03/15,13.435021262806435,Cascavel,36.0,0.45,0.9,0.013,0.006
7401,2016,03/15,9.808095977362568,Cascavel,36.0,0.45,0.9,0.013,0.006
7402,2017,03/15,12.631759947554785,Cascavel,36.0,0.45,0.9,0.013,0.006
7403,2018,03/15,12.21760356185861,Cascavel,36.0,0.45,0.9,0.013,0.006
7404,2019,03/15,13.376927405458634,Cascavel,36.0,0.45,0.9,0.013,0.006
7405,2020,03/15,8.376067051741035,Cascavel,36.0,0.45,0.9,0.013,0.006
7406,2021,03/15,12.654630841398676,Cascavel,36.0,0.45,0.9,0.013,0.006
7407,2022,03/15,11.37207150191415,Cascavel,36.0,0.45,0.9,0.013,0.006
7408,2023,03/15,12.718545165757275,Cascavel,36.0,0.45,0.9,0.013,0.006
7409,2024,03/15,13.16555646653022,Cascavel,36.0,0.45,0.9,0.013,0.006
7410,2015,03/15,14.27471116188729,Foz do Iguaçu,36.0,0.45,0.9,0.013,0.006
7411,2016,03/15,11.532428856960886,Foz do Iguaçu,36.0,0.45,0.9,0.013,0.006
7412,2017,03/15,13.823519787410566,Foz do Iguaçu,36.0,0.45,0.9,0.013,0.006
7413,2018,03/15,13.126936766075053,Foz do Iguaçu,36.0,0.45,0.9,0.013,0.006
7414,2019,03/15,14.144652188473888,Foz do Iguaçu,36.0,0.45,0.9,0.013,0.006
7415,2020,03/15,12.849687954488234,Foz do Iguaçu,36.0,0.45,0.9,0.013,0.006
7416,2021,03/15,13.692600383942542,Foz do Iguaçu,36.0,0.45,0.9,0.013,0.006
7417,2022,03/15,12.429362552995247,Foz do Iguaçu,36.0,0.45,0.9,0.013,0.006
7418,2023,03/15,14.139197109659062,Foz do Iguaçu,36.0,0.45,0.9,0.013,0.006
7419,2024,03/15,12.950509638843146,Foz do Iguaçu,36.0,0.45,0.9,0.013,0.006
7420,2015,03/15,14.620870027672966,Guaíra,36.0,0.45,0.9,0.013,0.006
7421,2016,03/15,12.144552364532826,Guaíra,36.0,0.45,0.9,0.013,0.006
7422,2017,03/15,14.087583829600717,Guaíra,36.0,0.45,0.9,0.013,0.006
7423,2018,03/15,13.875960742837421,Guaíra,36.0,0.45,0.9,0.013,0.006
7424,2019,03/15,14.536730351965609,Guaíra,36.0,0.45,0.9,0.013,0.006
7425,2020,03/15,14.058587394179272,Guaíra,36.0,0.45,0.9,0.013,0.006
7426,2021,03/15,13.96129473475221,Guaíra,36.0,0.45,0.9,0.013,0.006
7427,2022,03/15,13.024360515753044,Guaíra,36.0,0.45,0.9,0.013,0.006
7428,2023,03/15,14.195413539015973,Guaíra,36.0,0.45,0.9,0.013,0.006
7429,2024,03/15,14.371581595965463,Guaíra,36.0,0.45,0.9,0.013,0.006
7430,2015,03/15,14.64017398050249,Marechal Cândido Rondon,36.0,0.45,0.9,0.013,0.006
7431,2016,03/15,12.260376338239737,Marechal Cândido Rondon,36.0,0.45,0.9,0.013,0.006
7432,2017,03/15,14.198801637107938,Marechal Cândido Rondon,36.0,0.45,0.9,0.013,0.006
7433,2018,03/15,13.960290914121192,Marechal Cândido Rondon,36.0,0.45,0.9,0.013,0.006
7434,2019,03/15,14.563159081794513,Marechal Cândido Rondon,36.0,0.45,0.9,0.013,0.006
7435,2020,03/15,13.924736839935422,Marechal Cândido Rondon,36.0,0.45,0.9,0.013,0.006
7436,2021,03/15,14.20425636530394,Marechal Cândido Rondon,36.0,0.45,0.9,0.013,0.006
7437,2022,03/15,13.061240701594265,Marechal Cândido Rondon,36.0,0.45,0.9,0.013,0.006
7438,2023,03/15,14.338153751874003,Marechal Cândido Rondon,36.0,0.45,0.9,0.013,0.006
7439,2024,03/15,14.071258223911132,Marechal Cândido Rondon,36.0,0.45,0.9,0.013,0.006
7440,2015,03/15,13.791496390814173,Matelândia,36.0,0.45,0.9,0.013,0.006
7441,2016,03/15,10.63488179652174,Matelândia,36.0,0.45,0.9,0.013,0.006
7442,2017,03/15,13.331115147270038,Matelândia,36.0,0.45,0.9,0.013,0.006
7443,2018,03/15,12.560014110558548,Matelândia,36.0,0.45,0.9,0.013,0.006
7444,2019,03/15,13.760456584411028,Matelândia,36.0,0.45,0.9,0.013,0.006
7445,2020,03/15,12.426149044664799,Matelândia,36.0,0.45,0.9,0.013,0.006
7446,2021,03/15,13.357657522345704,Matelândia,36.0,0.45,0.9,0.013,0.006
7447,2022,03/15,11.894210259466028,Matelândia,36.0,0.45,0.9,0.013,0.006
7448,2023,03/15,13.607554215591817,Matelândia,36.0,0.45,0.9,0.013,0.006
7449,2024,03/15,12.951579897929733,Matelândia,36.0,0.45,0.9,0.013,0.006
7450,2015,03/15,14.274501224091184,Medianeira,36.0,0.45,0.9,0.013,0.006
7451,2016,03/15,11.532172063937235,Medianeira,36.0,0.45,0.9,0.013,0.006
7452,2017,03/15,13.823107270680453,Medianeira,36.0,0.45,0.9,0.013,0.006
7453,2018,03/15,13.12679029628614,Medianeira,36.0,0.45,0.9,0.013,0.006
7454,2019,03/15,14.144140063347503,Medianeira,36.0,0.45,0.9,0.013,0.006
7455,2020,03/15,12.849138857992312,Medianeira,36.0,0.45,0.9,0.013,0.006
7456,2021,03/15,13.69211874931918,Medianeira,36.0,0.45,0.9,0.013,0.006
7457,2022,03/15,12.429362552995247,Medianeira,36.0,0.45,0.9,0.013,0.006
7458,2023,03/15,14.138572653053807,Medianeira,36.0,0.45,0.9,0.013,0.006
7459,2024,03/15,12.95019017716223,Medianeira,36.0,0.45,0.9,0.013,0.006
7460,2015,03/15,14.593537744537047,Santa Helena,36.0,0.45,0.9,0.013,0.006
7461,2016,03/15,12.263283006703428,Santa Helena,36.0,0.45,0.9,0.013,0.006
7462,2017,03/15,14.19779271576395,Santa Helena,36.0,0.45,0.9,0.013,0.006
7463,2018,03/15,13.729181316593687,Santa Helena,36.0,0.45,0.9,0.013,0.006
7464,2019,03/15,14.438038790502691,Santa Helena,36.0,0.45,0.9,0.013,0.006
7465,2020,03/15,13.61697167195544,Santa Helena,36.0,0.45,0.9,0.013,0.006
7466,2021,03/15,14.07008272582195,Santa Helena,36.0,0.45,0.9,0.013,0.006
7467,2022,03/15,13.055900772135999,Santa Helena,36.0,0.45,0.9,0.013,0.006
7468,2023,03/15,14.396944073564331,Santa Helena,36.0,0.45,0.9,0.013,0.006
7469,2024,03/15,13.591500671261663,Santa Helena,36.0,0.45,0.9,0.013,0.006
7470,2015,03/15,14.27466776090107,São Miguel do Iguaçu,36.0,0.45,0.9,0.013,0.006
7471,2016,03/15,11.53237201899102,São Miguel do Iguaçu,36.0,0.45,0.9,0.013,0.006
7472,2017,03/15,13.823453342623326,São Miguel do Iguaçu,36.0,0.45,0.9,0.013,0.006
7473,2018,03/15,13.126911370601263,São Miguel do Iguaçu,36.0,0.45,0.9,0.013,0.006
7474,2019,03/15,14.144569276451634,São Miguel do Iguaçu,36.0,0.45,0.9,0.013,0.006
7475,2020,03/15,12.849580081369718,São Miguel do Iguaçu,36.0,0.45,0.9,0.013,0.006
7476,2021,03/15,13.692508476345331,São Miguel do Iguaçu,36.0,0.45,0.9,0.013,0.006
7477,2022,03/15,12.429362552995247,São Miguel do Iguaçu,36.0,0.45,0.9,0.013,0.006
7478,2023,03/15,14.139094877179899,São Miguel do Iguaçu,36.0,0.45,0.9,0.013,0.006
7479,2024,03/15,12.950441205074718,São Miguel do Iguaçu,36.0,0.45,0.9,0.013,0.006
7480,2015,03/15,13.472193501865359,São Pedro do Iguaçu,36.0,0.45,0.9,0.013,0.006
7481,2016,03/15,10.230572775183976,São Pedro do Iguaçu,36.0,0.45,0.9,0.013,0.006
7482,2017,03/15,12.935921647738747,São Pedro do Iguaçu,36.0,0.45,0.9,0.013,0.006
7483,2018,03/15,12.515630548880988,São Pedro do Iguaçu,36.0,0.45,0.9,0.013,0.006
7484,2019,03/15,13.55367490470342,São Pedro do Iguaçu,36.0,0.45,0.9,0.013,0.006
7485,2020,03/15,10.078431164463526,São Pedro do Iguaçu,36.0,0.45,0.9,0.013,0.006
7486,2021,03/15,13.11636301434156,São Pedro do Iguaçu,36.0,0.45,0.9,0.013,0.006
7487,2022,03/15,11.495391192542657,São Pedro do Iguaçu,36.0,0.45,0.9,0.013,0.006
7488,2023,03/15,13.316503612761583,São Pedro do Iguaçu,36.0,0.45,0.9,0.013,0.006
7489,2024,03/15,10.839335718449421,São Pedro do Iguaçu,36.0,0.45,0.9,0.013,0.006
7490,2015,03/15,14.04599302021534,Toledo,36.0,0.45,0.9,0.013,0.006
7491,2016,03/15,11.038165901207336,Toledo,36.0,0.45,0.9,0.013,0.006
7492,2017,03/15,13.405683350116535,Toledo,36.0,0.45,0.9,0.013,0.006
7493,2018,03/15,13.316278186099202,Toledo,36.0,0.45,0.9,0.013,0.006
7494,2019,03/15,14.023624674527456,Toledo,36.0,0.45,0.9,0.013,0.006
7495,2020,03/15,13.402009324343078,Toledo,36.0,0.45,0.9,0.013,0.006
7496,2021,03/15,13.629691143205248,Toledo,36.0,0.45,0.9,0.013,0.006
7497,2022,03/15,12.126034007298781,Toledo,36.0,0.45,0.9,0.013,0.006
7498,2023,03/15,13.771737630844129,Toledo,36.0,0.45,0.9,0.013,0.006
7499,2024,03/15,13.89880470987886,Toledo,36.0,0.45,0.9,0.013,0.006
7500,2015,03/15,13.435021262806435,Cascavel,36.0,0.45,0.9,0.013,0.007
7501,2016,03/15,9.808095977362568,Cascavel,36.0,0.45,0.9,0.013,0.007
7502,2017,03/15,12.631759947554785,Cascavel,36.0,0.45,0.9,0.013,0.007
7503,2018,03/15,12.21760356185861,Cascavel,36.0,0.45,0.9,0.013,0.007
7504,2019,03/15,13.376927405458634,Cascavel,36.0,0.45,0.9,0.013,0.007
7505,2020,03/15,8.376067051741035,Cascavel,36.0,0.45,0.9,0.013,0.007
7506,2021,03/15,12.654630841398676,Cascavel,36.0,0.45,0.9,0.013,0.007
7507,2022,03/15,11.37207150191415,Cascavel,36.0,0.45,0.9,0.013,0.007
7508,2023,03/15,12.718545165757275,Cascavel,36.0,0.45,0.9,0.013,0.007
7509,2024,03/15,13.16555646653022,Cascavel,36.0,0.45,0.9,0.013,0.007
7510,2015,03/15,14.27471116188729,Foz do Iguaçu,36.0,0.45,0.9,0.013,0.007
7511,2016,03/15,11.532428856960886,Foz do Iguaçu,36.0,0.45,0.9,0.013,0.007
7512,2017,03/15,13.823519787410566,Foz do Iguaçu,36.0,0.45,0.9,0.013,0.007
7513,2018,03/15,13.126936766075053,Foz do Iguaçu,36.0,0.45,0.9,0.013,0.007
7514,2019,03/15,14.144652188473888,Foz do Iguaçu,36.0,0.45,0.9,0.013,0.007
7515,2020,03/15,12.849687954488234,Foz do Iguaçu,36.0,0.45,0.9,0.013,0.007
7516,2021,03/15,13.692600383942542,Foz do Iguaçu,36.0,0.45,0.9,0.013,0.007
7517,2022,03/15,12.429362552995247,Foz do Iguaçu,36.0,0.45,0.9,0.013,0.007
7518,2023,03/15,14.139197109659062,Foz do Iguaçu,36.0,0.45,0.9,0.013,0.007
7519,2024,03/15,12.950509638843146,Foz do Iguaçu,36.0,0.45,0.9,0.013,0.007
7520,2015,03/15,14.620870027672966,Guaíra,36.0,0.45,0.9,0.013,0.007
7521,2016,03/15,12.144552364532826,Guaíra,36.0,0.45,0.9,0.013,0.007
7522,2017,03/15,14.087583829600717,Guaíra,36.0,0.45,0.9,0.013,0.007
7523,2018,03/15,13.875960742837421,Guaíra,36.0,0.45,0.9,0.013,0.007
7524,2019,03/15,14.536730351965609,Guaíra,36.0,0.45,0.9,0.013,0.007
7525,2020,03/15,14.058587394179272,Guaíra,36.0,0.45,0.9,0.013,0.007
7526,2021,03/15,13.96129473475221,Guaíra,36.0,0.45,0.9,0.013,0.007
7527,2022,03/15,13.024360515753044,Guaíra,36.0,0.45,0.9,0.013,0.007
7528,2023,03/15,14.195413539015973,Guaíra,36.0,0.45,0.9,0.013,0.007
7529,2024,03/15,14.371581595965463,Guaíra,36.0,0.45,0.9,0.013,0.007
7530,2015,03/15,14.64017398050249,Marechal Cândido Rondon,36.0,0.45,0.9,0.013,0.007
7531,2016,03/15,12.260376338239737,Marechal Cândido Rondon,36.0,0.45,0.9,0.013,0.007
7532,2017,03/15,14.198801637107938,Marechal Cândido Rondon,36.0,0.45,0.9,0.013,0.007
7533,2018,03/15,13.960290914121192,Marechal Cândido Rondon,36.0,0.45,0.9,0.013,0.007
7534,2019,03/15,14.563159081794513,Marechal Cândido Rondon,36.0,0.45,0.9,0.013,0.007
7535,2020,03/15,13.924736839935422,Marechal Cândido Rondon,36.0,0.45,0.9,0.013,0.007
7536,2021,03/15,14.20425636530394,Marechal Cândido Rondon,36.0,0.45,0.9,0.013,0.007
7537,2022,03/15,13.061240701594265,Marechal Cândido Rondon,36.0,0.45,0.9,0.013,0.007
7538,2023,03/15,14.338153751874003,Marechal Cândido Rondon,36.0,0.45,0.9,0.013,0.007
7539,2024,03/15,14.071258223911132,Marechal Cândido Rondon,36.0,0.45,0.9,0.013,0.007
7540,2015,03/15,13.791496390814173,Matelândia,36.0,0.45,0.9,0.013,0.007
7541,2016,03/15,10.63488179652174,Matelândia,36.0,0.45,0.9,0.013,0.007
7542,2017,03/15,13.331115147270038,Matelândia,36.0,0.45,0.9,0.013,0.007
7543,2018,03/15,12.560014110558548,Matelândia,36.0,0.45,0.9,0.013,0.007
7544,2019,03/15,13.760456584411028,Matelândia,36.0,0.45,0.9,0.013,0.007
7545,2020,03/15,12.426149044664799,Matelândia,36.0,0.45,0.9,0.013,0.007
7546,2021,03/15,13.357657522345704,Matelândia,36.0,0.45,0.9,0.013,0.007
7547,2022,03/15,11.894210259466028,Matelândia,36.0,0.45,0.9,0.013,0.007
7548,2023,03/15,13.607554215591817,Matelândia,36.0,0.45,0.9,0.013,0.007
7549,2024,03/15,12.951579897929733,Matelândia,36.0,0.45,0.9,0.013,0.007
7550,2015,03/15,14.274501224091184,Medianeira,36.0,0.45,0.9,0.013,0.007
7551,2016,03/15,11.532172063937235,Medianeira,36.0,0.45,0.9,0.013,0.007
7552,2017,03/15,13.823107270680453,Medianeira,36.0,0.45,0.9,0.013,0.007
7553,2018,03/15,13.12679029628614,Medianeira,36.0,0.45,0.9,0.013,0.007
7554,2019,03/15,14.144140063347503,Medianeira,36.0,0.45,0.9,0.013,0.007
7555,2020,03/15,12.849138857992312,Medianeira,36.0,0.45,0.9,0.013,0.007
7556,2021,03/15,13.69211874931918,Medianeira,36.0,0.45,0.9,0.013,0.007
7557,2022,03/15,12.429362552995247,Medianeira,36.0,0.45,0.9,0.013,0.007
7558,2023,03/15,14.138572653053807,Medianeira,36.0,0.45,0.9,0.013,0.007
7559,2024,03/15,12.95019017716223,Medianeira,36.0,0.45,0.9,0.013,0.007
7560,2015,03/15,14.593537744537047,Santa Helena,36.0,0.45,0.9,0.013,0.007
7561,2016,03/15,12.263283006703428,Santa Helena,36.0,0.45,0.9,0.013,0.007
7562,2017,03/15,14.19779271576395,Santa Helena,36.0,0.45,0.9,0.013,0.007
7563,2018,03/15,13.729181316593687,Santa Helena,36.0,0.45,0.9,0.013,0.007
7564,2019,03/15,14.438038790502691,Santa Helena,36.0,0.45,0.9,0.013,0.007
7565,2020,03/15,13.61697167195544,Santa Helena,36.0,0.45,0.9,0.013,0.007
7566,2021,03/15,14.07008272582195,Santa Helena,36.0,0.45,0.9,0.013,0.007
7567,2022,03/15,13.055900772135999,Santa Helena,36.0,0.45,0.9,0.013,0.007
7568,2023,03/15,14.396944073564331,Santa Helena,36.0,0.45,0.9,0.013,0.007
7569,2024,03/15,13.591500671261663,Santa Helena,36.0,0.45,0.9,0.013,0.007
7570,2015,03/15,14.27466776090107,São Miguel do Iguaçu,36.0,0.45,0.9,0.013,0.007
7571,2016,03/15,11.53237201899102,São Miguel do Iguaçu,36.0,0.45,0.9,0.013,0.007
7572,2017,03/15,13.823453342623326,São Miguel do Iguaçu,36.0,0.45,0.9,0.013,0.007
7573,2018,03/15,13.126911370601263,São Miguel do Iguaçu,36.0,0.45,0.9,0.013,0.007
7574,2019,03/15,14.144569276451634,São Miguel do Iguaçu,36.0,0.45,0.9,0.013,0.007
7575,2020,03/15,12.849580081369718,São Miguel do Iguaçu,36.0,0.45,0.9,0.013,0.007
7576,2021,03/15,13.692508476345331,São Miguel do Iguaçu,36.0,0.45,0.9,0.013,0.007
7577,2022,03/15,12.429362552995247,São Miguel do Iguaçu,36.0,0.45,0.9,0.013,0.007
7578,2023,03/15,14.139094877179899,São Miguel do Iguaçu,36.0,0.45,0.9,0.013,0.007
7579,2024,03/15,12.950441205074718,São Miguel do Iguaçu,36.0,0.45,0.9,0.013,0.007
7580,2015,03/15,13.472193501865359,São Pedro do Iguaçu,36.0,0.45,0.9,0.013,0.007
7581,2016,03/15,10.230572775183976,São Pedro do Iguaçu,36.0,0.45,0.9,0.013,0.007
7582,2017,03/15,12.935921647738747,São Pedro do Iguaçu,36.0,0.45,0.9,0.013,0.007
7583,2018,03/15,12.515630548880988,São Pedro do Iguaçu,36.0,0.45,0.9,0.013,0.007
7584,2019,03/15,13.55367490470342,São Pedro do Iguaçu,36.0,0.45,0.9,0.013,0.007
7585,2020,03/15,10.078431164463526,São Pedro do Iguaçu,36.0,0.45,0.9,0.013,0.007
7586,2021,03/15,13.11636301434156,São Pedro do Iguaçu,36.0,0.45,0.9,0.013,0.007
7587,2022,03/15,11.495391192542657,São Pedro do Iguaçu,36.0,0.45,0.9,0.013,0.007
7588,2023,03/15,13.316503612761583,São Pedro do Iguaçu,36.0,0.45,0.9,0.013,0.007
7589,2024,03/15,10.839335718449421,São Pedro do Iguaçu,36.0,0.45,0.9,0.013,0.007
7590,2015,03/15,14.04599302021534,Toledo,36.0,0.45,0.9,0.013,0.007
7591,2016,03/15,11.038165901207336,Toledo,36.0,0.45,0.9,0.013,0.007
7592,2017,03/15,13.405683350116535,Toledo,36.0,0.45,0.9,0.013,0.007
7593,2018,03/15,13.316278186099202,Toledo,36.0,0.45,0.9,0.013,0.007
7594,2019,03/15,14.023624674527456,Toledo,36.0,0.45,0.9,0.013,0.007
7595,2020,03/15,13.402009324343078,Toledo,36.0,0.45,0.9,0.013,0.007
7596,2021,03/15,13.629691143205248,Toledo,36.0,0.45,0.9,0.013,0.007
7597,2022,03/15,12.126034007298781,Toledo,36.0,0.45,0.9,0.013,0.007
7598,2023,03/15,13.771737630844129,Toledo,36.0,0.45,0.9,0.013,0.007
7599,2024,03/15,13.89880470987886,Toledo,36.0,0.45,0.9,0.013,0.007
7600,2015,03/15,13.851743147166546,Cascavel,36.0,0.45,0.95,0.012,0.006
7601,2016,03/15,10.096968635360144,Cascavel,36.0,0.45,0.95,0.012,0.006
7602,2017,03/15,13.014254981106077,Cascavel,36.0,0.45,0.95,0.012,0.006
7603,2018,03/15,12.592115998235931,Cascavel,36.0,0.45,0.95,0.012,0.006
7604,2019,03/15,13.789852934089748,Cascavel,36.0,0.45,0.95,0.012,0.006
7605,2020,03/15,8.641023606976493,Cascavel,36.0,0.45,0.95,0.012,0.006
7606,2021,03/15,13.040209330470438,Cascavel,36.0,0.45,0.95,0.012,0.006
7607,2022,03/15,11.72464532993011,Cascavel,36.0,0.45,0.95,0.012,0.006
7608,2023,03/15,13.113967772427586,Cascavel,36.0,0.45,0.95,0.012,0.006
7609,2024,03/15,13.574017827178617,Cascavel,36.0,0.45,0.95,0.012,0.006
7610,2015,03/15,14.720502495220334,Foz do Iguaçu,36.0,0.45,0.95,0.012,0.006
7611,2016,03/15,11.878848805696006,Foz do Iguaçu,36.0,0.45,0.95,0.012,0.006
7612,2017,03/15,14.246858888297826,Foz do Iguaçu,36.0,0.45,0.95,0.012,0.006
7613,2018,03/15,13.535116417823943,Foz do Iguaçu,36.0,0.45,0.95,0.012,0.006
7614,2019,03/15,14.587747375530514,Foz do Iguaçu,36.0,0.45,0.95,0.012,0.006
7615,2020,03/15,13.254646213818509,Foz do Iguaçu,36.0,0.45,0.95,0.012,0.006
7616,2021,03/15,14.113867895630117,Foz do Iguaçu,36.0,0.45,0.95,0.012,0.006
7617,2022,03/15,12.814741846553721,Foz do Iguaçu,36.0,0.45,0.95,0.012,0.006
7618,2023,03/15,14.579650734779129,Foz do Iguaçu,36.0,0.45,0.95,0.012,0.006
7619,2024,03/15,13.351396170611302,Foz do Iguaçu,36.0,0.45,0.95,0.012,0.006
7620,2015,03/15,15.08028792630395,Guaíra,36.0,0.45,0.95,0.012,0.006
7621,2016,03/15,12.515840513661285,Guaíra,36.0,0.45,0.95,0.012,0.006
7622,2017,03/15,14.52012561010294,Guaíra,36.0,0.45,0.95,0.012,0.006
7623,2018,03/15,14.308613179760409,Guaíra,36.0,0.45,0.95,0.012,0.006
7624,2019,03/15,14.992422779381732,Guaíra,36.0,0.45,0.95,0.012,0.006
7625,2020,03/15,14.503082232452664,Guaíra,36.0,0.45,0.95,0.012,0.006
7626,2021,03/15,14.394164677402008,Guaíra,36.0,0.45,0.95,0.012,0.006
7627,2022,03/15,13.430799842976667,Guaíra,36.0,0.45,0.95,0.012,0.006
7628,2023,03/15,14.640415885410349,Guaíra,36.0,0.45,0.95,0.012,0.006
7629,2024,03/15,14.820681915035884,Guaíra,36.0,0.45,0.95,0.012,0.006
7630,2015,03/15,15.099848107150994,Marechal Cândido Rondon,36.0,0.45,0.95,0.012,0.006
7631,2016,03/15,12.634960413707034,Marechal Cândido Rondon,36.0,0.45,0.95,0.012,0.006
7632,2017,03/15,14.635275431283757,Marechal Cândido Rondon,36.0,0.45,0.95,0.012,0.006
7633,2018,03/15,14.39576063309716,Marechal Cândido Rondon,36.0,0.45,0.95,0.012,0.006
7634,2019,03/15,15.01948497710728,Marechal Cândido Rondon,36.0,0.45,0.95,0.012,0.006
7635,2020,03/15,14.364148166139547,Marechal Cândido Rondon,36.0,0.45,0.95,0.012,0.006
7636,2021,03/15,14.645102552514057,Marechal Cândido Rondon,36.0,0.45,0.95,0.012,0.006
7637,2022,03/15,13.469106463476793,Marechal Cândido Rondon,36.0,0.45,0.95,0.012,0.006
7638,2023,03/15,14.788028561518356,Marechal Cândido Rondon,36.0,0.45,0.95,0.012,0.006
7639,2024,03/15,14.50941758064986,Marechal Cândido Rondon,36.0,0.45,0.95,0.012,0.006
7640,2015,03/15,14.220479300791627,Matelândia,36.0,0.45,0.95,0.012,0.006
7641,2016,03/15,10.951097444836433,Matelândia,36.0,0.45,0.95,0.012,0.006
7642,2017,03/15,13.738006167171239,Matelândia,36.0,0.45,0.95,0.012,0.006
7643,2018,03/15,12.948243802283617,Matelândia,36.0,0.45,0.95,0.012,0.006
7644,2019,03/15,14.188914664575968,Matelândia,36.0,0.45,0.95,0.012,0.006
7645,2020,03/15,12.818138040717121,Matelândia,36.0,0.45,0.95,0.012,0.006
7646,2021,03/15,13.767863979876832,Matelândia,36.0,0.45,0.95,0.012,0.006
7647,2022,03/15,12.262881904976112,Matelândia,36.0,0.45,0.95,0.012,0.006
7648,2023,03/15,14.031978940321357,Matelândia,36.0,0.45,0.95,0.012,0.006
7649,2024,03/15,13.352738517215325,Matelândia,36.0,0.45,0.95,0.012,0.006
7650,2015,03/15,14.720285824694137,Medianeira,36.0,0.45,0.95,0.012,0.006
7651,2016,03/15,11.878575852628437,Medianeira,36.0,0.45,0.95,0.012,0.006
7652,2017,03/15,14.2464323255885,Medianeira,36.0,0.45,0.95,0.012,0.006
7653,2018,03/15,13.534951320051523,Medianeira,36.0,0.45,0.95,0.012,0.006
7654,2019,03/15,14.587218073741269,Medianeira,36.0,0.45,0.95,0.012,0.006
7655,2020,03/15,13.25406412548636,Medianeira,36.0,0.45,0.95,0.012,0.006
7656,2021,03/15,14.111965915719164,Medianeira,36.0,0.45,0.95,0.012,0.006
7657,2022,03/15,12.814741846553726,Medianeira,36.0,0.45,0.95,0.012,0.006
7658,2023,03/15,14.579005383684322,Medianeira,36.0,0.45,0.95,0.012,0.006
7659,2024,03/15,13.351065759116754,Medianeira,36.0,0.45,0.95,0.012,0.006
7660,2015,03/15,15.05160591761323,Santa Helena,36.0,0.45,0.95,0.012,0.006
7661,2016,03/15,12.635994428760839,Santa Helena,36.0,0.45,0.95,0.012,0.006
7662,2017,03/15,14.633725097425268,Santa Helena,36.0,0.45,0.95,0.012,0.006
7663,2018,03/15,14.155111097292236,Santa Helena,36.0,0.45,0.95,0.012,0.006
7664,2019,03/15,14.890346220373761,Santa Helena,36.0,0.45,0.95,0.012,0.006
7665,2020,03/15,14.045750124713985,Santa Helena,36.0,0.45,0.95,0.012,0.006
7666,2021,03/15,14.506922542866048,Santa Helena,36.0,0.45,0.95,0.012,0.006
7667,2022,03/15,13.462556889182663,Santa Helena,36.0,0.45,0.95,0.012,0.006
7668,2023,03/15,14.848104404747726,Santa Helena,36.0,0.45,0.95,0.012,0.006
7669,2024,03/15,14.013247515198286,Santa Helena,36.0,0.45,0.95,0.012,0.006
7670,2015,03/15,14.720457700757065,São Miguel do Iguaçu,36.0,0.45,0.95,0.012,0.006
7671,2016,03/15,11.878789699160304,São Miguel do Iguaçu,36.0,0.45,0.95,0.012,0.006
7672,2017,03/15,14.246790186243135,São Miguel do Iguaçu,36.0,0.45,0.95,0.012,0.006
7673,2018,03/15,13.535088549272988,São Miguel do Iguaçu,36.0,0.45,0.95,0.012,0.006
7674,2019,03/15,14.587661684259233,São Miguel do Iguaçu,36.0,0.45,0.95,0.012,0.006
7675,2020,03/15,13.254533422040438,São Miguel do Iguaçu,36.0,0.45,0.95,0.012,0.006
7676,2021,03/15,14.113454714117585,São Miguel do Iguaçu,36.0,0.45,0.95,0.012,0.006
7677,2022,03/15,12.814741846553726,São Miguel do Iguaçu,36.0,0.45,0.95,0.012,0.006
7678,2023,03/15,14.579545093688084,São Miguel do Iguaçu,36.0,0.45,0.95,0.012,0.006
7679,2024,03/15,13.351325396486617,São Miguel do Iguaçu,36.0,0.45,0.95,0.012,0.006
7680,2015,03/15,13.88990325815353,São Pedro do Iguaçu,36.0,0.45,0.95,0.012,0.006
7681,2016,03/15,10.532855777851529,São Pedro do Iguaçu,36.0,0.45,0.95,0.012,0.006
7682,2017,03/15,13.329420027847066,São Pedro do Iguaçu,36.0,0.45,0.95,0.012,0.006
7683,2018,03/15,12.90078693991785,São Pedro do Iguaçu,36.0,0.45,0.95,0.012,0.006
7684,2019,03/15,13.973890768051735,São Pedro do Iguaçu,36.0,0.45,0.95,0.012,0.006
7685,2020,03/15,10.396985295199052,São Pedro do Iguaçu,36.0,0.45,0.95,0.012,0.006
7686,2021,03/15,13.518669488362649,São Pedro do Iguaçu,36.0,0.45,0.95,0.012,0.006
7687,2022,03/15,11.851597146915896,São Pedro do Iguaçu,36.0,0.45,0.95,0.012,0.006
7688,2023,03/15,13.731925345581262,São Pedro do Iguaçu,36.0,0.45,0.95,0.012,0.006
7689,2024,03/15,11.174679786798825,São Pedro do Iguaçu,36.0,0.45,0.95,0.012,0.006
7690,2015,03/15,14.484245573249554,Toledo,36.0,0.45,0.95,0.012,0.006
7691,2016,03/15,11.36908783111339,Toledo,36.0,0.45,0.95,0.012,0.006
7692,2017,03/15,13.815071847382116,Toledo,36.0,0.45,0.95,0.012,0.006
7693,2018,03/15,13.730253652334238,Toledo,36.0,0.45,0.95,0.012,0.006
7694,2019,03/15,14.460705876964354,Toledo,36.0,0.45,0.95,0.012,0.006
7695,2020,03/15,13.826244072811924,Toledo,36.0,0.45,0.95,0.012,0.006
7696,2021,03/15,14.049983614224033,Toledo,36.0,0.45,0.95,0.012,0.006
7697,2022,03/15,12.503138547074933,Toledo,36.0,0.45,0.95,0.012,0.006
7698,2023,03/15,14.202832601509588,Toledo,36.0,0.45,0.95,0.012,0.006
7699,2024,03/15,14.331007504632716,Toledo,36.0,0.45,0.95,0.012,0.006
7700,2015,03/15,13.851743147166546,Cascavel,36.0,0.45,0.95,0.012,0.007
7701,2016,03/15,10.096968635360144,Cascavel,36.0,0.45,0.95,0.012,0.007
7702,2017,03/15,13.014254981106077,Cascavel,36.0,0.45,0.95,0.012,0.007
7703,2018,03/15,12.592115998235931,Cascavel,36.0,0.45,0.95,0.012,0.007
7704,2019,03/15,13.789852934089748,Cascavel,36.0,0.45,0.95,0.012,0.007
7705,2020,03/15,8.641023606976493,Cascavel,36.0,0.45,0.95,0.012,0.007
7706,2021,03/15,13.040209330470438,Cascavel,36.0,0.45,0.95,0.012,0.007
7707,2022,03/15,11.72464532993011,Cascavel,36.0,0.45,0.95,0.012,0.007
7708,2023,03/15,13.113967772427586,Cascavel,36.0,0.45,0.95,0.012,0.007
7709,2024,03/15,13.574017827178617,Cascavel,36.0,0.45,0.95,0.012,0.007
7710,2015,03/15,14.720502495220334,Foz do Iguaçu,36.0,0.45,0.95,0.012,0.007
7711,2016,03/15,11.878848805696006,Foz do Iguaçu,36.0,0.45,0.95,0.012,0.007
7712,2017,03/15,14.246858888297826,Foz do Iguaçu,36.0,0.45,0.95,0.012,0.007
7713,2018,03/15,13.535116417823943,Foz do Iguaçu,36.0,0.45,0.95,0.012,0.007
7714,2019,03/15,14.587747375530514,Foz do Iguaçu,36.0,0.45,0.95,0.012,0.007
7715,2020,03/15,13.254646213818509,Foz do Iguaçu,36.0,0.45,0.95,0.012,0.007
7716,2021,03/15,14.113867895630117,Foz do Iguaçu,36.0,0.45,0.95,0.012,0.007
7717,2022,03/15,12.814741846553721,Foz do Iguaçu,36.0,0.45,0.95,0.012,0.007
7718,2023,03/15,14.579650734779129,Foz do Iguaçu,36.0,0.45,0.95,0.012,0.007
7719,2024,03/15,13.351396170611302,Foz do Iguaçu,36.0,0.45,0.95,0.012,0.007
7720,2015,03/15,15.08028792630395,Guaíra,36.0,0.45,0.95,0.012,0.007
7721,2016,03/15,12.515840513661285,Guaíra,36.0,0.45,0.95,0.012,0.007
7722,2017,03/15,14.52012561010294,Guaíra,36.0,0.45,0.95,0.012,0.007
7723,2018,03/15,14.308613179760409,Guaíra,36.0,0.45,0.95,0.012,0.007
7724,2019,03/15,14.992422779381732,Guaíra,36.0,0.45,0.95,0.012,0.007
7725,2020,03/15,14.503082232452664,Guaíra,36.0,0.45,0.95,0.012,0.007
7726,2021,03/15,14.394164677402008,Guaíra,36.0,0.45,0.95,0.012,0.007
7727,2022,03/15,13.430799842976667,Guaíra,36.0,0.45,0.95,0.012,0.007
7728,2023,03/15,14.640415885410349,Guaíra,36.0,0.45,0.95,0.012,0.007
7729,2024,03/15,14.820681915035884,Guaíra,36.0,0.45,0.95,0.012,0.007
7730,2015,03/15,15.099848107150994,Marechal Cândido Rondon,36.0,0.45,0.95,0.012,0.007
7731,2016,03/15,12.634960413707034,Marechal Cândido Rondon,36.0,0.45,0.95,0.012,0.007
7732,2017,03/15,14.635275431283757,Marechal Cândido Rondon,36.0,0.45,0.95,0.012,0.007
7733,2018,03/15,14.39576063309716,Marechal Cândido Rondon,36.0,0.45,0.95,0.012,0.007
7734,2019,03/15,15.01948497710728,Marechal Cândido Rondon,36.0,0.45,0.95,0.012,0.007
7735,2020,03/15,14.364148166139547,Marechal Cândido Rondon,36.0,0.45,0.95,0.012,0.007
7736,2021,03/15,14.645102552514057,Marechal Cândido Rondon,36.0,0.45,0.95,0.012,0.007
7737,2022,03/15,13.469106463476793,Marechal Cândido Rondon,36.0,0.45,0.95,0.012,0.007
7738,2023,03/15,14.788028561518356,Marechal Cândido Rondon,36.0,0.45,0.95,0.012,0.007
7739,2024,03/15,14.50941758064986,Marechal Cândido Rondon,36.0,0.45,0.95,0.012,0.007
7740,2015,03/15,14.220479300791627,Matelândia,36.0,0.45,0.95,0.012,0.007
7741,2016,03/15,10.951097444836433,Matelândia,36.0,0.45,0.95,0.012,0.007
7742,2017,03/15,13.738006167171239,Matelândia,36.0,0.45,0.95,0.012,0.007
7743,2018,03/15,12.948243802283617,Matelândia,36.0,0.45,0.95,0.012,0.007
7744,2019,03/15,14.188914664575968,Matelândia,36.0,0.45,0.95,0.012,0.007
7745,2020,03/15,12.818138040717121,Matelândia,36.0,0.45,0.95,0.012,0.007
7746,2021,03/15,13.767863979876832,Matelândia,36.0,0.45,0.95,0.012,0.007
7747,2022,03/15,12.262881904976112,Matelândia,36.0,0.45,0.95,0.012,0.007
7748,2023,03/15,14.031978940321357,Matelândia,36.0,0.45,0.95,0.012,0.007
7749,2024,03/15,13.352738517215325,Matelândia,36.0,0.45,0.95,0.012,0.007
7750,2015,03/15,14.720285824694137,Medianeira,36.0,0.45,0.95,0.012,0.007
7751,2016,03/15,11.878575852628437,Medianeira,36.0,0.45,0.95,0.012,0.007
7752,2017,03/15,14.2464323255885,Medianeira,36.0,0.45,0.95,0.012,0.007
7753,2018,03/15,13.534951320051523,Medianeira,36.0,0.45,0.95,0.012,0.007
7754,2019,03/15,14.587218073741269,Medianeira,36.0,0.45,0.95,0.012,0.007
7755,2020,03/15,13.25406412548636,Medianeira,36.0,0.45,0.95,0.012,0.007
7756,2021,03/15,14.111965915719164,Medianeira,36.0,0.45,0.95,0.012,0.007
7757,2022,03/15,12.814741846553726,Medianeira,36.0,0.45,0.95,0.012,0.007
7758,2023,03/15,14.579005383684322,Medianeira,36.0,0.45,0.95,0.012,0.007
7759,2024,03/15,13.351065759116754,Medianeira,36.0,0.45,0.95,0.012,0.007
7760,2015,03/15,15.05160591761323,Santa Helena,36.0,0.45,0.95,0.012,0.007
7761,2016,03/15,12.635994428760839,Santa Helena,36.0,0.45,0.95,0.012,0.007
7762,2017,03/15,14.633725097425268,Santa Helena,36.0,0.45,0.95,0.012,0.007
7763,2018,03/15,14.155111097292236,Santa Helena,36.0,0.45,0.95,0.012,0.007
7764,2019,03/15,14.890346220373761,Santa Helena,36.0,0.45,0.95,0.012,0.007
7765,2020,03/15,14.045750124713985,Santa Helena,36.0,0.45,0.95,0.012,0.007
7766,2021,03/15,14.506922542866048,Santa Helena,36.0,0.45,0.95,0.012,0.007
7767,2022,03/15,13.462556889182663,Santa Helena,36.0,0.45,0.95,0.012,0.007
7768,2023,03/15,14.848104404747726,Santa Helena,36.0,0.45,0.95,0.012,0.007
7769,2024,03/15,14.013247515198286,Santa Helena,36.0,0.45,0.95,0.012,0.007
7770,2015,03/15,14.720457700757065,São Miguel do Iguaçu,36.0,0.45,0.95,0.012,0.007
7771,2016,03/15,11.878789699160304,São Miguel do Iguaçu,36.0,0.45,0.95,0.012,0.007
7772,2017,03/15,14.246790186243135,São Miguel do Iguaçu,36.0,0.45,0.95,0.012,0.007
7773,2018,03/15,13.535088549272988,São Miguel do Iguaçu,36.0,0.45,0.95,0.012,0.007
7774,2019,03/15,14.587661684259233,São Miguel do Iguaçu,36.0,0.45,0.95,0.012,0.007
7775,2020,03/15,13.254533422040438,São Miguel do Iguaçu,36.0,0.45,0.95,0.012,0.007
7776,2021,03/15,14.113454714117585,São Miguel do Iguaçu,36.0,0.45,0.95,0.012,0.007
7777,2022,03/15,12.814741846553726,São Miguel do Iguaçu,36.0,0.45,0.95,0.012,0.007
7778,2023,03/15,14.579545093688084,São Miguel do Iguaçu,36.0,0.45,0.95,0.012,0.007
7779,2024,03/15,13.351325396486617,São Miguel do Iguaçu,36.0,0.45,0.95,0.012,0.007
7780,2015,03/15,13.88990325815353,São Pedro do Iguaçu,36.0,0.45,0.95,0.012,0.007
7781,2016,03/15,10.532855777851529,São Pedro do Iguaçu,36.0,0.45,0.95,0.012,0.007
7782,2017,03/15,13.329420027847066,São Pedro do Iguaçu,36.0,0.45,0.95,0.012,0.007
7783,2018,03/15,12.90078693991785,São Pedro do Iguaçu,36.0,0.45,0.95,0.012,0.007
7784,2019,03/15,13.973890768051735,São Pedro do Iguaçu,36.0,0.45,0.95,0.012,0.007
7785,2020,03/15,10.396985295199052,São Pedro do Iguaçu,36.0,0.45,0.95,0.012,0.007
7786,2021,03/15,13.518669488362649,São Pedro do Iguaçu,36.0,0.45,0.95,0.012,0.007
7787,2022,03/15,11.851597146915896,São Pedro do Iguaçu,36.0,0.45,0.95,0.012,0.007
7788,2023,03/15,13.731925345581262,São Pedro do Iguaçu,36.0,0.45,0.95,0.012,0.007
7789,2024,03/15,11.174679786798825,São Pedro do Iguaçu,36.0,0.45,0.95,0.012,0.007
7790,2015,03/15,14.484245573249554,Toledo,36.0,0.45,0.95,0.012,0.007
7791,2016,03/15,11.36908783111339,Toledo,36.0,0.45,0.95,0.012,0.007
7792,2017,03/15,13.815071847382116,Toledo,36.0,0.45,0.95,0.012,0.007
7793,2018,03/15,13.730253652334238,Toledo,36.0,0.45,0.95,0.012,0.007
7794,2019,03/15,14.460705876964354,Toledo,36.0,0.45,0.95,0.012,0.007
7795,2020,03/15,13.826244072811924,Toledo,36.0,0.45,0.95,0.012,0.007
7796,2021,03/15,14.049983614224033,Toledo,36.0,0.45,0.95,0.012,0.007
7797,2022,03/15,12.503138547074933,Toledo,36.0,0.45,0.95,0.012,0.007
7798,2023,03/15,14.202832601509588,Toledo,36.0,0.45,0.95,0.012,0.007
7799,2024,03/15,14.331007504632716,Toledo,36.0,0.45,0.95,0.012,0.007
7800,2015,03/15,13.851743147166546,Cascavel,36.0,0.45,0.95,0.013,0.006
7801,2016,03/15,10.096968635360144,Cascavel,36.0,0.45,0.95,0.013,0.006
7802,2017,03/15,13.014254981106077,Cascavel,36.0,0.45,0.95,0.013,0.006
7803,2018,03/15,12.592115998235931,Cascavel,36.0,0.45,0.95,0.013,0.006
7804,2019,03/15,13.789852934089748,Cascavel,36.0,0.45,0.95,0.013,0.006
7805,2020,03/15,8.641023606976493,Cascavel,36.0,0.45,0.95,0.013,0.006
7806,2021,03/15,13.040209330470438,Cascavel,36.0,0.45,0.95,0.013,0.006
7807,2022,03/15,11.72464532993011,Cascavel,36.0,0.45,0.95,0.013,0.006
7808,2023,03/15,13.113967772427586,Cascavel,36.0,0.45,0.95,0.013,0.006
7809,2024,03/15,13.574017827178617,Cascavel,36.0,0.45,0.95,0.013,0.006
7810,2015,03/15,14.720502495220334,Foz do Iguaçu,36.0,0.45,0.95,0.013,0.006
7811,2016,03/15,11.878848805696006,Foz do Iguaçu,36.0,0.45,0.95,0.013,0.006
7812,2017,03/15,14.246858888297826,Foz do Iguaçu,36.0,0.45,0.95,0.013,0.006
7813,2018,03/15,13.535116417823943,Foz do Iguaçu,36.0,0.45,0.95,0.013,0.006
7814,2019,03/15,14.587747375530514,Foz do Iguaçu,36.0,0.45,0.95,0.013,0.006
7815,2020,03/15,13.254646213818509,Foz do Iguaçu,36.0,0.45,0.95,0.013,0.006
7816,2021,03/15,14.113867895630117,Foz do Iguaçu,36.0,0.45,0.95,0.013,0.006
7817,2022,03/15,12.814741846553721,Foz do Iguaçu,36.0,0.45,0.95,0.013,0.006
7818,2023,03/15,14.579650734779129,Foz do Iguaçu,36.0,0.45,0.95,0.013,0.006
7819,2024,03/15,13.351396170611302,Foz do Iguaçu,36.0,0.45,0.95,0.013,0.006
7820,2015,03/15,15.08028792630395,Guaíra,36.0,0.45,0.95,0.013,0.006
7821,2016,03/15,12.515840513661285,Guaíra,36.0,0.45,0.95,0.013,0.006
7822,2017,03/15,14.52012561010294,Guaíra,36.0,0.45,0.95,0.013,0.006
7823,2018,03/15,14.308613179760409,Guaíra,36.0,0.45,0.95,0.013,0.006
7824,2019,03/15,14.992422779381732,Guaíra,36.0,0.45,0.95,0.013,0.006
7825,2020,03/15,14.503082232452664,Guaíra,36.0,0.45,0.95,0.013,0.006
7826,2021,03/15,14.394164677402008,Guaíra,36.0,0.45,0.95,0.013,0.006
7827,2022,03/15,13.430799842976667,Guaíra,36.0,0.45,0.95,0.013,0.006
7828,2023,03/15,14.640415885410349,Guaíra,36.0,0.45,0.95,0.013,0.006
7829,2024,03/15,14.820681915035884,Guaíra,36.0,0.45,0.95,0.013,0.006
7830,2015,03/15,15.099848107150994,Marechal Cândido Rondon,36.0,0.45,0.95,0.013,0.006
7831,2016,03/15,12.634960413707034,Marechal Cândido Rondon,36.0,0.45,0.95,0.013,0.006
7832,2017,03/15,14.635275431283757,Marechal Cândido Rondon,36.0,0.45,0.95,0.013,0.006
7833,2018,03/15,14.39576063309716,Marechal Cândido Rondon,36.0,0.45,0.95,0.013,0.006
7834,2019,03/15,15.01948497710728,Marechal Cândido Rondon,36.0,0.45,0.95,0.013,0.006
7835,2020,03/15,14.364148166139547,Marechal Cândido Rondon,36.0,0.45,0.95,0.013,0.006
7836,2021,03/15,14.645102552514057,Marechal Cândido Rondon,36.0,0.45,0.95,0.013,0.006
7837,2022,03/15,13.469106463476793,Marechal Cândido Rondon,36.0,0.45,0.95,0.013,0.006
7838,2023,03/15,14.788028561518356,Marechal Cândido Rondon,36.0,0.45,0.95,0.013,0.006
7839,2024,03/15,14.50941758064986,Marechal Cândido Rondon,36.0,0.45,0.95,0.013,0.006
7840,2015,03/15,14.220479300791627,Matelândia,36.0,0.45,0.95,0.013,0.006
7841,2016,03/15,10.951097444836433,Matelândia,36.0,0.45,0.95,0.013,0.006
7842,2017,03/15,13.738006167171239,Matelândia,36.0,0.45,0.95,0.013,0.006
7843,2018,03/15,12.948243802283617,Matelândia,36.0,0.45,0.95,0.013,0.006
7844,2019,03/15,14.188914664575968,Matelândia,36.0,0.45,0.95,0.013,0.006
7845,2020,03/15,12.818138040717121,Matelândia,36.0,0.45,0.95,0.013,0.006
7846,2021,03/15,13.767863979876832,Matelândia,36.0,0.45,0.95,0.013,0.006
7847,2022,03/15,12.262881904976112,Matelândia,36.0,0.45,0.95,0.013,0.006
7848,2023,03/15,14.031978940321357,Matelândia,36.0,0.45,0.95,0.013,0.006
7849,2024,03/15,13.352738517215325,Matelândia,36.0,0.45,0.95,0.013,0.006
7850,2015,03/15,14.720285824694137,Medianeira,36.0,0.45,0.95,0.013,0.006
7851,2016,03/15,11.878575852628437,Medianeira,36.0,0.45,0.95,0.013,0.006
7852,2017,03/15,14.2464323255885,Medianeira,36.0,0.45,0.95,0.013,0.006
7853,2018,03/15,13.534951320051523,Medianeira,36.0,0.45,0.95,0.013,0.006
7854,2019,03/15,14.587218073741269,Medianeira,36.0,0.45,0.95,0.013,0.006
7855,2020,03/15,13.25406412548636,Medianeira,36.0,0.45,0.95,0.013,0.006
7856,2021,03/15,14.111965915719164,Medianeira,36.0,0.45,0.95,0.013,0.006
7857,2022,03/15,12.814741846553726,Medianeira,36.0,0.45,0.95,0.013,0.006
7858,2023,03/15,14.579005383684322,Medianeira,36.0,0.45,0.95,0.013,0.006
7859,2024,03/15,13.351065759116754,Medianeira,36.0,0.45,0.95,0.013,0.006
7860,2015,03/15,15.05160591761323,Santa Helena,36.0,0.45,0.95,0.013,0.006
7861,2016,03/15,12.635994428760839,Santa Helena,36.0,0.45,0.95,0.013,0.006
7862,2017,03/15,14.633725097425268,Santa Helena,36.0,0.45,0.95,0.013,0.006
7863,2018,03/15,14.155111097292236,Santa Helena,36.0,0.45,0.95,0.013,0.006
7864,2019,03/15,14.890346220373761,Santa Helena,36.0,0.45,0.95,0.013,0.006
7865,2020,03/15,14.045750124713985,Santa Helena,36.0,0.45,0.95,0.013,0.006
7866,2021,03/15,14.506922542866048,Santa Helena,36.0,0.45,0.95,0.013,0.006
7867,2022,03/15,13.462556889182663,Santa Helena,36.0,0.45,0.95,0.013,0.006
7868,2023,03/15,14.848104404747726,Santa Helena,36.0,0.45,0.95,0.013,0.006
7869,2024,03/15,14.013247515198286,Santa Helena,36.0,0.45,0.95,0.013,0.006
7870,2015,03/15,14.720457700757065,São Miguel do Iguaçu,36.0,0.45,0.95,0.013,0.006
7871,2016,03/15,11.878789699160304,São Miguel do Iguaçu,36.0,0.45,0.95,0.013,0.006
7872,2017,03/15,14.246790186243135,São Miguel do Iguaçu,36.0,0.45,0.95,0.013,0.006
7873,2018,03/15,13.535088549272988,São Miguel do Iguaçu,36.0,0.45,0.95,0.013,0.006
7874,2019,03/15,14.587661684259233,São Miguel do Iguaçu,36.0,0.45,0.95,0.013,0.006
7875,2020,03/15,13.254533422040438,São Miguel do Iguaçu,36.0,0.45,0.95,0.013,0.006
7876,2021,03/15,14.113454714117585,São Miguel do Iguaçu,36.0,0.45,0.95,0.013,0.006
7877,2022,03/15,12.814741846553726,São Miguel do Iguaçu,36.0,0.45,0.95,0.013,0.006
7878,2023,03/15,14.579545093688084,São Miguel do Iguaçu,36.0,0.45,0.95,0.013,0.006
7879,2024,03/15,13.351325396486617,São Miguel do Iguaçu,36.0,0.45,0.95,0.013,0.006
7880,2015,03/15,13.88990325815353,São Pedro do Iguaçu,36.0,0.45,0.95,0.013,0.006
7881,2016,03/15,10.532855777851529,São Pedro do Iguaçu,36.0,0.45,0.95,0.013,0.006
7882,2017,03/15,13.329420027847066,São Pedro do Iguaçu,36.0,0.45,0.95,0.013,0.006
7883,2018,03/15,12.90078693991785,São Pedro do Iguaçu,36.0,0.45,0.95,0.013,0.006
7884,2019,03/15,13.973890768051735,São Pedro do Iguaçu,36.0,0.45,0.95,0.013,0.006
7885,2020,03/15,10.396985295199052,São Pedro do Iguaçu,36.0,0.45,0.95,0.013,0.006
7886,2021,03/15,13.518669488362649,São Pedro do Iguaçu,36.0,0.45,0.95,0.013,0.006
7887,2022,03/15,11.851597146915896,São Pedro do Iguaçu,36.0,0.45,0.95,0.013,0.006
7888,2023,03/15,13.731925345581262,São Pedro do Iguaçu,36.0,0.45,0.95,0.013,0.006
7889,2024,03/15,11.174679786798825,São Pedro do Iguaçu,36.0,0.45,0.95,0.013,0.006
7890,2015,03/15,14.484245573249554,Toledo,36.0,0.45,0.95,0.013,0.006
7891,2016,03/15,11.36908783111339,Toledo,36.0,0.45,0.95,0.013,0.006
7892,2017,03/15,13.815071847382116,Toledo,36.0,0.45,0.95,0.013,0.006
7893,2018,03/15,13.730253652334238,Toledo,36.0,0.45,0.95,0.013,0.006
7894,2019,03/15,14.460705876964354,Toledo,36.0,0.45,0.95,0.013,0.006
7895,2020,03/15,13.826244072811924,Toledo,36.0,0.45,0.95,0.013,0.006
7896,2021,03/15,14.049983614224033,Toledo,36.0,0.45,0.95,0.013,0.006
7897,2022,03/15,12.503138547074933,Toledo,36.0,0.45,0.95,0.013,0.006
7898,2023,03/15,14.202832601509588,Toledo,36.0,0.45,0.95,0.013,0.006
7899,2024,03/15,14.331007504632716,Toledo,36.0,0.45,0.95,0.013,0.006
7900,2015,03/15,13.851743147166546,Cascavel,36.0,0.45,0.95,0.013,0.007
7901,2016,03/15,10.096968635360144,Cascavel,36.0,0.45,0.95,0.013,0.007
7902,2017,03/15,13.014254981106077,Cascavel,36.0,0.45,0.95,0.013,0.007
7903,2018,03/15,12.592115998235931,Cascavel,36.0,0.45,0.95,0.013,0.007
7904,2019,03/15,13.789852934089748,Cascavel,36.0,0.45,0.95,0.013,0.007
7905,2020,03/15,8.641023606976493,Cascavel,36.0,0.45,0.95,0.013,0.007
7906,2021,03/15,13.040209330470438,Cascavel,36.0,0.45,0.95,0.013,0.007
7907,2022,03/15,11.72464532993011,Cascavel,36.0,0.45,0.95,0.013,0.007
7908,2023,03/15,13.113967772427586,Cascavel,36.0,0.45,0.95,0.013,0.007
7909,2024,03/15,13.574017827178617,Cascavel,36.0,0.45,0.95,0.013,0.007
7910,2015,03/15,14.720502495220334,Foz do Iguaçu,36.0,0.45,0.95,0.013,0.007
7911,2016,03/15,11.878848805696006,Foz do Iguaçu,36.0,0.45,0.95,0.013,0.007
7912,2017,03/15,14.246858888297826,Foz do Iguaçu,36.0,0.45,0.95,0.013,0.007
7913,2018,03/15,13.535116417823943,Foz do Iguaçu,36.0,0.45,0.95,0.013,0.007
7914,2019,03/15,14.587747375530514,Foz do Iguaçu,36.0,0.45,0.95,0.013,0.007
7915,2020,03/15,13.254646213818509,Foz do Iguaçu,36.0,0.45,0.95,0.013,0.007
7916,2021,03/15,14.113867895630117,Foz do Iguaçu,36.0,0.45,0.95,0.013,0.007
7917,2022,03/15,12.814741846553721,Foz do Iguaçu,36.0,0.45,0.95,0.013,0.007
7918,2023,03/15,14.579650734779129,Foz do Iguaçu,36.0,0.45,0.95,0.013,0.007
7919,2024,03/15,13.351396170611302,Foz do Iguaçu,36.0,0.45,0.95,0.013,0.007
7920,2015,03/15,15.08028792630395,Guaíra,36.0,0.45,0.95,0.013,0.007
7921,2016,03/15,12.515840513661285,Guaíra,36.0,0.45,0.95,0.013,0.007
7922,2017,03/15,14.52012561010294,Guaíra,36.0,0.45,0.95,0.013,0.007
7923,2018,03/15,14.308613179760409,Guaíra,36.0,0.45,0.95,0.013,0.007
7924,2019,03/15,14.992422779381732,Guaíra,36.0,0.45,0.95,0.013,0.007
7925,2020,03/15,14.503082232452664,Guaíra,36.0,0.45,0.95,0.013,0.007
7926,2021,03/15,14.394164677402008,Guaíra,36.0,0.45,0.95,0.013,0.007
7927,2022,03/15,13.430799842976667,Guaíra,36.0,0.45,0.95,0.013,0.007
7928,2023,03/15,14.640415885410349,Guaíra,36.0,0.45,0.95,0.013,0.007
7929,2024,03/15,14.820681915035884,Guaíra,36.0,0.45,0.95,0.013,0.007
7930,2015,03/15,15.099848107150994,Marechal Cândido Rondon,36.0,0.45,0.95,0.013,0.007
7931,2016,03/15,12.634960413707034,Marechal Cândido Rondon,36.0,0.45,0.95,0.013,0.007
7932,2017,03/15,14.635275431283757,Marechal Cândido Rondon,36.0,0.45,0.95,0.013,0.007
7933,2018,03/15,14.39576063309716,Marechal Cândido Rondon,36.0,0.45,0.95,0.013,0.007
7934,2019,03/15,15.01948497710728,Marechal Cândido Rondon,36.0,0.45,0.95,0.013,0.007
7935,2020,03/15,14.364148166139547,Marechal Cândido Rondon,36.0,0.45,0.95,0.013,0.007
7936,2021,03/15,14.645102552514057,Marechal Cândido Rondon,36.0,0.45,0.95,0.013,0.007
7937,2022,03/15,13.469106463476793,Marechal Cândido Rondon,36.0,0.45,0.95,0.013,0.007
7938,2023,03/15,14.788028561518356,Marechal Cândido Rondon,36.0,0.45,0.95,0.013,0.007
7939,2024,03/15,14.50941758064986,Marechal Cândido Rondon,36.0,0.45,0.95,0.013,0.007
7940,2015,03/15,14.220479300791627,Matelândia,36.0,0.45,0.95,0.013,0.007
7941,2016,03/15,10.951097444836433,Matelândia,36.0,0.45,0.95,0.013,0.007
7942,2017,03/15,13.738006167171239,Matelândia,36.0,0.45,0.95,0.013,0.007
7943,2018,03/15,12.948243802283617,Matelândia,36.0,0.45,0.95,0.013,0.007
7944,2019,03/15,14.188914664575968,Matelândia,36.0,0.45,0.95,0.013,0.007
7945,2020,03/15,12.818138040717121,Matelândia,36.0,0.45,0.95,0.013,0.007
7946,2021,03/15,13.767863979876832,Matelândia,36.0,0.45,0.95,0.013,0.007
7947,2022,03/15,12.262881904976112,Matelândia,36.0,0.45,0.95,0.013,0.007
7948,2023,03/15,14.031978940321357,Matelândia,36.0,0.45,0.95,0.013,0.007
7949,2024,03/15,13.352738517215325,Matelândia,36.0,0.45,0.95,0.013,0.007
7950,2015,03/15,14.720285824694137,Medianeira,36.0,0.45,0.95,0.013,0.007
7951,2016,03/15,11.878575852628437,Medianeira,36.0,0.45,0.95,0.013,0.007
7952,2017,03/15,14.2464323255885,Medianeira,36.0,0.45,0.95,0.013,0.007
7953,2018,03/15,13.534951320051523,Medianeira,36.0,0.45,0.95,0.013,0.007
7954,2019,03/15,14.587218073741269,Medianeira,36.0,0.45,0.95,0.013,0.007
7955,2020,03/15,13.25406412548636,Medianeira,36.0,0.45,0.95,0.013,0.007
7956,2021,03/15,14.111965915719164,Medianeira,36.0,0.45,0.95,0.013,0.007
7957,2022,03/15,12.814741846553726,Medianeira,36.0,0.45,0.95,0.013,0.007
7958,2023,03/15,14.579005383684322,Medianeira,36.0,0.45,0.95,0.013,0.007
7959,2024,03/15,13.351065759116754,Medianeira,36.0,0.45,0.95,0.013,0.007
7960,2015,03/15,15.05160591761323,Santa Helena,36.0,0.45,0.95,0.013,0.007
7961,2016,03/15,12.635994428760839,Santa Helena,36.0,0.45,0.95,0.013,0.007
7962,2017,03/15,14.633725097425268,Santa Helena,36.0,0.45,0.95,0.013,0.007
7963,2018,03/15,14.155111097292236,Santa Helena,36.0,0.45,0.95,0.013,0.007
7964,2019,03/15,14.890346220373761,Santa Helena,36.0,0.45,0.95,0.013,0.007
7965,2020,03/15,14.045750124713985,Santa Helena,36.0,0.45,0.95,0.013,0.007
7966,2021,03/15,14.506922542866048,Santa Helena,36.0,0.45,0.95,0.013,0.007
7967,2022,03/15,13.462556889182663,Santa Helena,36.0,0.45,0.95,0.013,0.007
7968,2023,03/15,14.848104404747726,Santa Helena,36.0,0.45,0.95,0.013,0.007
7969,2024,03/15,14.013247515198286,Santa Helena,36.0,0.45,0.95,0.013,0.007
7970,2015,03/15,14.720457700757065,São Miguel do Iguaçu,36.0,0.45,0.95,0.013,0.007
7971,2016,03/15,11.878789699160304,São Miguel do Iguaçu,36.0,0.45,0.95,0.013,0.007
7972,2017,03/15,14.246790186243135,São Miguel do Iguaçu,36.0,0.45,0.95,0.013,0.007
7973,2018,03/15,13.535088549272988,São Miguel do Iguaçu,36.0,0.45,0.95,0.013,0.007
7974,2019,03/15,14.587661684259233,São Miguel do Iguaçu,36.0,0.45,0.95,0.013,0.007
7975,2020,03/15,13.254533422040438,São Miguel do Iguaçu,36.0,0.45,0.95,0.013,0.007
7976,2021,03/15,14.113454714117585,São Miguel do Iguaçu,36.0,0.45,0.95,0.013,0.007
7977,2022,03/15,12.814741846553726,São Miguel do Iguaçu,36.0,0.45,0.95,0.013,0.007
7978,2023,03/15,14.579545093688084,São Miguel do Iguaçu,36.0,0.45,0.95,0.013,0.007
7979,2024,03/15,13.351325396486617,São Miguel do Iguaçu,36.0,0.45,0.95,0.013,0.007
7980,2015,03/15,13.88990325815353,São Pedro do Iguaçu,36.0,0.45,0.95,0.013,0.007
7981,2016,03/15,10.532855777851529,São Pedro do Iguaçu,36.0,0.45,0.95,0.013,0.007
7982,2017,03/15,13.329420027847066,São Pedro do Iguaçu,36.0,0.45,0.95,0.013,0.007
7983,2018,03/15,12.90078693991785,São Pedro do Iguaçu,36.0,0.45,0.95,0.013,0.007
7984,2019,03/15,13.973890768051735,São Pedro do Iguaçu,36.0,0.45,0.95,0.013,0.007
7985,2020,03/15,10.396985295199052,São Pedro do Iguaçu,36.0,0.45,0.95,0.013,0.007
7986,2021,03/15,13.518669488362649,São Pedro do Iguaçu,36.0,0.45,0.95,0.013,0.007
7987,2022,03/15,11.851597146915896,São Pedro do Iguaçu,36.0,0.45,0.95,0.013,0.007
7988,2023,03/15,13.731925345581262,São Pedro do Iguaçu,36.0,0.45,0.95,0.013,0.007
7989,2024,03/15,11.174679786798825,São Pedro do Iguaçu,36.0,0.45,0.95,0.013,0.007
7990,2015,03/15,14.484245573249554,Toledo,36.0,0.45,0.95,0.013,0.007
7991,2016,03/15,11.36908783111339,Toledo,36.0,0.45,0.95,0.013,0.007
7992,2017,03/15,13.815071847382116,Toledo,36.0,0.45,0.95,0.013,0.007
7993,2018,03/15,13.730253652334238,Toledo,36.0,0.45,0.95,0.013,0.007
7994,2019,03/15,14.460705876964354,Toledo,36.0,0.45,0.95,0.013,0.007
7995,2020,03/15,13.826244072811924,Toledo,36.0,0.45,0.95,0.013,0.007
7996,2021,03/15,14.049983614224033,Toledo,36.0,0.45,0.95,0.013,0.007
7997,2022,03/15,12.503138547074933,Toledo,36.0,0.45,0.95,0.013,0.007
7998,2023,03/15,14.202832601509588,Toledo,36.0,0.45,0.95,0.013,0.007
7999,2024,03/15,14.331007504632716,Toledo,36.0,0.45,0.95,0.013,0.007
8000,2015,03/15,14.33068934699353,Cascavel,36.0,0.48,0.9,0.012,0.006
8001,2016,03/15,10.461969042520073,Cascavel,36.0,0.48,0.9,0.012,0.006
8002,2017,03/15,13.473877277391772,Cascavel,36.0,0.48,0.9,0.012,0.006
8003,2018,03/15,13.032110465982518,Cascavel,36.0,0.48,0.9,0.012,0.006
8004,2019,03/15,14.268722565822543,Cascavel,36.0,0.48,0.9,0.012,0.006
8005,2020,03/15,8.934471521857102,Cascavel,36.0,0.48,0.9,0.012,0.006
8006,2021,03/15,13.498272897491919,Cascavel,36.0,0.48,0.9,0.012,0.006
8007,2022,03/15,12.13020960204176,Cascavel,36.0,0.48,0.9,0.012,0.006
8008,2023,03/15,13.56644817680776,Cascavel,36.0,0.48,0.9,0.012,0.006
8009,2024,03/15,14.043260230965567,Cascavel,36.0,0.48,0.9,0.012,0.006
8010,2015,03/15,15.226358572679775,Foz do Iguaçu,36.0,0.48,0.9,0.012,0.006
8011,2016,03/15,12.301257447424945,Foz do Iguaçu,36.0,0.48,0.9,0.012,0.006
8012,2017,03/15,14.745087773237938,Foz do Iguaçu,36.0,0.48,0.9,0.012,0.006
8013,2018,03/15,14.00206588381339,Foz do Iguaçu,36.0,0.48,0.9,0.012,0.006
8014,2019,03/15,15.087629001038813,Foz do Iguaçu,36.0,0.48,0.9,0.012,0.006
8015,2020,03/15,13.706333818120784,Foz do Iguaçu,36.0,0.48,0.9,0.012,0.006
8016,2021,03/15,14.605440409538712,Foz do Iguaçu,36.0,0.48,0.9,0.012,0.006
8017,2022,03/15,13.257986723194932,Foz do Iguaçu,36.0,0.48,0.9,0.012,0.006
8018,2023,03/15,15.081810250302999,Foz do Iguaçu,36.0,0.48,0.9,0.012,0.006
8019,2024,03/15,13.813876948099356,Foz do Iguaçu,36.0,0.48,0.9,0.012,0.006
8020,2015,03/15,15.595594696184497,Guaíra,36.0,0.48,0.9,0.012,0.006
8021,2016,03/15,12.954189188835013,Guaíra,36.0,0.48,0.9,0.012,0.006
8022,2017,03/15,15.026756084907431,Guaíra,36.0,0.48,0.9,0.012,0.006
8023,2018,03/15,14.801024792359916,Guaíra,36.0,0.48,0.9,0.012,0.006
8024,2019,03/15,15.505845708763317,Guaíra,36.0,0.48,0.9,0.012,0.006
8025,2020,03/15,14.995826553791222,Guaíra,36.0,0.48,0.9,0.012,0.006
8026,2021,03/15,14.892047717069024,Guaíra,36.0,0.48,0.9,0.012,0.006
8027,2022,03/15,13.892651216803246,Guaíra,36.0,0.48,0.9,0.012,0.006
8028,2023,03/15,15.141774441617038,Guaíra,36.0,0.48,0.9,0.012,0.006
8029,2024,03/15,15.329687035696493,Guaíra,36.0,0.48,0.9,0.012,0.006
8030,2015,03/15,15.616185579202657,Marechal Cândido Rondon,36.0,0.48,0.9,0.012,0.006
8031,2016,03/15,13.077734760789054,Marechal Cândido Rondon,36.0,0.48,0.9,0.012,0.006
8032,2017,03/15,15.145388412915134,Marechal Cândido Rondon,36.0,0.48,0.9,0.012,0.006
8033,2018,03/15,14.890976975062602,Marechal Cândido Rondon,36.0,0.48,0.9,0.012,0.006
8034,2019,03/15,15.534036353914146,Marechal Cândido Rondon,36.0,0.48,0.9,0.012,0.006
8035,2020,03/15,14.85305262926445,Marechal Cândido Rondon,36.0,0.48,0.9,0.012,0.006
8036,2021,03/15,15.151206789657534,Marechal Cândido Rondon,36.0,0.48,0.9,0.012,0.006
8037,2022,03/15,13.93199008170055,Marechal Cândido Rondon,36.0,0.48,0.9,0.012,0.006
8038,2023,03/15,15.294030668665604,Marechal Cândido Rondon,36.0,0.48,0.9,0.012,0.006
8039,2024,03/15,15.009342105505207,Marechal Cândido Rondon,36.0,0.48,0.9,0.012,0.006
8040,2015,03/15,14.710929483535118,Matelândia,36.0,0.48,0.9,0.012,0.006
8041,2016,03/15,11.343873916289855,Matelândia,36.0,0.48,0.9,0.012,0.006
8042,2017,03/15,14.219856157088042,Matelândia,36.0,0.48,0.9,0.012,0.006
8043,2018,03/15,13.397348384595784,Matelândia,36.0,0.48,0.9,0.012,0.006
8044,2019,03/15,14.677820356705098,Matelândia,36.0,0.48,0.9,0.012,0.006
8045,2020,03/15,13.254558980975784,Matelândia,36.0,0.48,0.9,0.012,0.006
8046,2021,03/15,14.248168023835417,Matelândia,36.0,0.48,0.9,0.012,0.006
8047,2022,03/15,12.687157610097097,Matelândia,36.0,0.48,0.9,0.012,0.006
8048,2023,03/15,14.51472449663127,Matelândia,36.0,0.48,0.9,0.012,0.006
8049,2024,03/15,13.815018557791717,Matelândia,36.0,0.48,0.9,0.012,0.006
8050,2015,03/15,15.226134639030597,Medianeira,36.0,0.48,0.9,0.012,0.006
8051,2016,03/15,12.300983534866383,Medianeira,36.0,0.48,0.9,0.012,0.006
8052,2017,03/15,14.744647755392483,Medianeira,36.0,0.48,0.9,0.012,0.006
8053,2018,03/15,14.001909649371884,Medianeira,36.0,0.48,0.9,0.012,0.006
8054,2019,03/15,15.087082734237338,Medianeira,36.0,0.48,0.9,0.012,0.006
8055,2020,03/15,13.7057481151918,Medianeira,36.0,0.48,0.9,0.012,0.006
8056,2021,03/15,14.604926665940457,Medianeira,36.0,0.48,0.9,0.012,0.006
8057,2022,03/15,13.257986723194932,Medianeira,36.0,0.48,0.9,0.012,0.006
8058,2023,03/15,15.081144163257395,Medianeira,36.0,0.48,0.9,0.012,0.006
8059,2024,03/15,13.813536188973044,Medianeira,36.0,0.48,0.9,0.012,0.006
8060,2015,03/15,15.566440260839517,Santa Helena,36.0,0.48,0.9,0.012,0.006
8061,2016,03/15,13.080835207150324,Santa Helena,36.0,0.48,0.9,0.012,0.006
8062,2017,03/15,15.144312230148213,Santa Helena,36.0,0.48,0.9,0.012,0.006
8063,2018,03/15,14.644460071033265,Santa Helena,36.0,0.48,0.9,0.012,0.006
8064,2019,03/15,15.40057470986954,Santa Helena,36.0,0.48,0.9,0.012,0.006
8065,2020,03/15,14.524769783419137,Santa Helena,36.0,0.48,0.9,0.012,0.006
8066,2021,03/15,15.008088240876743,Santa Helena,36.0,0.48,0.9,0.012,0.006
8067,2022,03/15,13.926294156945065,Santa Helena,36.0,0.48,0.9,0.012,0.006
8068,2023,03/15,15.356740345135286,Santa Helena,36.0,0.48,0.9,0.012,0.006
8069,2024,03/15,14.49760071601244,Santa Helena,36.0,0.48,0.9,0.012,0.006
8070,2015,03/15,15.226312278294474,São Miguel do Iguaçu,36.0,0.48,0.9,0.012,0.006
8071,2016,03/15,12.301196820257088,São Miguel do Iguaçu,36.0,0.48,0.9,0.012,0.006
8072,2017,03/15,14.745016898798214,São Miguel do Iguaçu,36.0,0.48,0.9,0.012,0.006
8073,2018,03/15,14.002038795308014,São Miguel do Iguaçu,36.0,0.48,0.9,0.012,0.006
8074,2019,03/15,15.08754056154841,São Miguel do Iguaçu,36.0,0.48,0.9,0.012,0.006
8075,2020,03/15,13.706218753461034,São Miguel do Iguaçu,36.0,0.48,0.9,0.012,0.006
8076,2021,03/15,14.605342374768352,São Miguel do Iguaçu,36.0,0.48,0.9,0.012,0.006
8077,2022,03/15,13.257986723194932,São Miguel do Iguaçu,36.0,0.48,0.9,0.012,0.006
8078,2023,03/15,15.081701202325227,São Miguel do Iguaçu,36.0,0.48,0.9,0.012,0.006
8079,2024,03/15,13.8138039520797,São Miguel do Iguaçu,36.0,0.48,0.9,0.012,0.006
8080,2015,03/15,14.370339735323052,São Pedro do Iguaçu,36.0,0.48,0.9,0.012,0.006
8081,2016,03/15,10.91261096019624,São Pedro do Iguaçu,36.0,0.48,0.9,0.012,0.006
8082,2017,03/15,13.798316424254661,São Pedro do Iguaçu,36.0,0.48,0.9,0.012,0.006
8083,2018,03/15,13.350005918806389,São Pedro do Iguaçu,36.0,0.48,0.9,0.012,0.006
8084,2019,03/15,14.45725323168365,São Pedro do Iguaçu,36.0,0.48,0.9,0.012,0.006
8085,2020,03/15,10.750326575427762,São Pedro do Iguaçu,36.0,0.48,0.9,0.012,0.006
8086,2021,03/15,13.990787215297665,São Pedro do Iguaçu,36.0,0.48,0.9,0.012,0.006
8087,2022,03/15,12.261750605378834,São Pedro do Iguaçu,36.0,0.48,0.9,0.012,0.006
8088,2023,03/15,14.204270520279023,São Pedro do Iguaçu,36.0,0.48,0.9,0.012,0.006
8089,2024,03/15,11.561958099679382,São Pedro do Iguaçu,36.0,0.48,0.9,0.012,0.006
8090,2015,03/15,14.982392554896363,Toledo,36.0,0.48,0.9,0.012,0.006
8091,2016,03/15,11.774043627954494,Toledo,36.0,0.48,0.9,0.012,0.006
8092,2017,03/15,14.299395573457637,Toledo,36.0,0.48,0.9,0.012,0.006
8093,2018,03/15,14.204030065172482,Toledo,36.0,0.48,0.9,0.012,0.006
8094,2019,03/15,14.958532986162618,Toledo,36.0,0.48,0.9,0.012,0.006
8095,2020,03/15,14.295476612632614,Toledo,36.0,0.48,0.9,0.012,0.006
8096,2021,03/15,14.538337219418931,Toledo,36.0,0.48,0.9,0.012,0.006
8097,2022,03/15,12.934436274452034,Toledo,36.0,0.48,0.9,0.012,0.006
8098,2023,03/15,14.689853472900404,Toledo,36.0,0.48,0.9,0.012,0.006
8099,2024,03/15,14.825391690537451,Toledo,36.0,0.48,0.9,0.012,0.006
8100,2015,03/15,14.33068934699353,Cascavel,36.0,0.48,0.9,0.012,0.007
8101,2016,03/15,10.461969042520073,Cascavel,36.0,0.48,0.9,0.012,0.007
8102,2017,03/15,13.473877277391772,Cascavel,36.0,0.48,0.9,0.012,0.007
8103,2018,03/15,13.032110465982518,Cascavel,36.0,0.48,0.9,0.012,0.007
8104,2019,03/15,14.268722565822543,Cascavel,36.0,0.48,0.9,0.012,0.007
8105,2020,03/15,8.934471521857102,Cascavel,36.0,0.48,0.9,0.012,0.007
8106,2021,03/15,13.498272897491919,Cascavel,36.0,0.48,0.9,0.012,0.007
8107,2022,03/15,12.13020960204176,Cascavel,36.0,0.48,0.9,0.012,0.007
8108,2023,03/15,13.56644817680776,Cascavel,36.0,0.48,0.9,0.012,0.007
8109,2024,03/15,14.043260230965567,Cascavel,36.0,0.48,0.9,0.012,0.007
8110,2015,03/15,15.226358572679775,Foz do Iguaçu,36.0,0.48,0.9,0.012,0.007
8111,2016,03/15,12.301257447424945,Foz do Iguaçu,36.0,0.48,0.9,0.012,0.007
8112,2017,03/15,14.745087773237938,Foz do Iguaçu,36.0,0.48,0.9,0.012,0.007
8113,2018,03/15,14.00206588381339,Foz do Iguaçu,36.0,0.48,0.9,0.012,0.007
8114,2019,03/15,15.087629001038813,Foz do Iguaçu,36.0,0.48,0.9,0.012,0.007
8115,2020,03/15,13.706333818120784,Foz do Iguaçu,36.0,0.48,0.9,0.012,0.007
8116,2021,03/15,14.605440409538712,Foz do Iguaçu,36.0,0.48,0.9,0.012,0.007
8117,2022,03/15,13.257986723194932,Foz do Iguaçu,36.0,0.48,0.9,0.012,0.007
8118,2023,03/15,15.081810250302999,Foz do Iguaçu,36.0,0.48,0.9,0.012,0.007
8119,2024,03/15,13.813876948099356,Foz do Iguaçu,36.0,0.48,0.9,0.012,0.007
8120,2015,03/15,15.595594696184497,Guaíra,36.0,0.48,0.9,0.012,0.007
8121,2016,03/15,12.954189188835013,Guaíra,36.0,0.48,0.9,0.012,0.007
8122,2017,03/15,15.026756084907431,Guaíra,36.0,0.48,0.9,0.012,0.007
8123,2018,03/15,14.801024792359916,Guaíra,36.0,0.48,0.9,0.012,0.007
8124,2019,03/15,15.505845708763317,Guaíra,36.0,0.48,0.9,0.012,0.007
8125,2020,03/15,14.995826553791222,Guaíra,36.0,0.48,0.9,0.012,0.007
8126,2021,03/15,14.892047717069024,Guaíra,36.0,0.48,0.9,0.012,0.007
8127,2022,03/15,13.892651216803246,Guaíra,36.0,0.48,0.9,0.012,0.007
8128,2023,03/15,15.141774441617038,Guaíra,36.0,0.48,0.9,0.012,0.007
8129,2024,03/15,15.329687035696493,Guaíra,36.0,0.48,0.9,0.012,0.007
8130,2015,03/15,15.616185579202657,Marechal Cândido Rondon,36.0,0.48,0.9,0.012,0.007
8131,2016,03/15,13.077734760789054,Marechal Cândido Rondon,36.0,0.48,0.9,0.012,0.007
8132,2017,03/15,15.145388412915134,Marechal Cândido Rondon,36.0,0.48,0.9,0.012,0.007
8133,2018,03/15,14.890976975062602,Marechal Cândido Rondon,36.0,0.48,0.9,0.012,0.007
8134,2019,03/15,15.534036353914146,Marechal Cândido Rondon,36.0,0.48,0.9,0.012,0.007
8135,2020,03/15,14.85305262926445,Marechal Cândido Rondon,36.0,0.48,0.9,0.012,0.007
8136,2021,03/15,15.151206789657534,Marechal Cândido Rondon,36.0,0.48,0.9,0.012,0.007
8137,2022,03/15,13.93199008170055,Marechal Cândido Rondon,36.0,0.48,0.9,0.012,0.007
8138,2023,03/15,15.294030668665604,Marechal Cândido Rondon,36.0,0.48,0.9,0.012,0.007
8139,2024,03/15,15.009342105505207,Marechal Cândido Rondon,36.0,0.48,0.9,0.012,0.007
8140,2015,03/15,14.710929483535118,Matelândia,36.0,0.48,0.9,0.012,0.007
8141,2016,03/15,11.343873916289855,Matelândia,36.0,0.48,0.9,0.012,0.007
8142,2017,03/15,14.219856157088042,Matelândia,36.0,0.48,0.9,0.012,0.007
8143,2018,03/15,13.397348384595784,Matelândia,36.0,0.48,0.9,0.012,0.007
8144,2019,03/15,14.677820356705098,Matelândia,36.0,0.48,0.9,0.012,0.007
8145,2020,03/15,13.254558980975784,Matelândia,36.0,0.48,0.9,0.012,0.007
8146,2021,03/15,14.248168023835417,Matelândia,36.0,0.48,0.9,0.012,0.007
8147,2022,03/15,12.687157610097097,Matelândia,36.0,0.48,0.9,0.012,0.007
8148,2023,03/15,14.51472449663127,Matelândia,36.0,0.48,0.9,0.012,0.007
8149,2024,03/15,13.815018557791717,Matelândia,36.0,0.48,0.9,0.012,0.007
8150,2015,03/15,15.226134639030597,Medianeira,36.0,0.48,0.9,0.012,0.007
8151,2016,03/15,12.300983534866383,Medianeira,36.0,0.48,0.9,0.012,0.007
8152,2017,03/15,14.744647755392483,Medianeira,36.0,0.48,0.9,0.012,0.007
8153,2018,03/15,14.001909649371884,Medianeira,36.0,0.48,0.9,0.012,0.007
8154,2019,03/15,15.087082734237338,Medianeira,36.0,0.48,0.9,0.012,0.007
8155,2020,03/15,13.7057481151918,Medianeira,36.0,0.48,0.9,0.012,0.007
8156,2021,03/15,14.604926665940457,Medianeira,36.0,0.48,0.9,0.012,0.007
8157,2022,03/15,13.257986723194932,Medianeira,36.0,0.48,0.9,0.012,0.007
8158,2023,03/15,15.081144163257395,Medianeira,36.0,0.48,0.9,0.012,0.007
8159,2024,03/15,13.813536188973044,Medianeira,36.0,0.48,0.9,0.012,0.007
8160,2015,03/15,15.566440260839517,Santa Helena,36.0,0.48,0.9,0.012,0.007
8161,2016,03/15,13.080835207150324,Santa Helena,36.0,0.48,0.9,0.012,0.007
8162,2017,03/15,15.144312230148213,Santa Helena,36.0,0.48,0.9,0.012,0.007
8163,2018,03/15,14.644460071033265,Santa Helena,36.0,0.48,0.9,0.012,0.007
8164,2019,03/15,15.40057470986954,Santa Helena,36.0,0.48,0.9,0.012,0.007
8165,2020,03/15,14.524769783419137,Santa Helena,36.0,0.48,0.9,0.012,0.007
8166,2021,03/15,15.008088240876743,Santa Helena,36.0,0.48,0.9,0.012,0.007
8167,2022,03/15,13.926294156945065,Santa Helena,36.0,0.48,0.9,0.012,0.007
8168,2023,03/15,15.356740345135286,Santa Helena,36.0,0.48,0.9,0.012,0.007
8169,2024,03/15,14.49760071601244,Santa Helena,36.0,0.48,0.9,0.012,0.007
8170,2015,03/15,15.226312278294474,São Miguel do Iguaçu,36.0,0.48,0.9,0.012,0.007
8171,2016,03/15,12.301196820257088,São Miguel do Iguaçu,36.0,0.48,0.9,0.012,0.007
8172,2017,03/15,14.745016898798214,São Miguel do Iguaçu,36.0,0.48,0.9,0.012,0.007
8173,2018,03/15,14.002038795308014,São Miguel do Iguaçu,36.0,0.48,0.9,0.012,0.007
8174,2019,03/15,15.08754056154841,São Miguel do Iguaçu,36.0,0.48,0.9,0.012,0.007
8175,2020,03/15,13.706218753461034,São Miguel do Iguaçu,36.0,0.48,0.9,0.012,0.007
8176,2021,03/15,14.605342374768352,São Miguel do Iguaçu,36.0,0.48,0.9,0.012,0.007
8177,2022,03/15,13.257986723194932,São Miguel do Iguaçu,36.0,0.48,0.9,0.012,0.007
8178,2023,03/15,15.081701202325227,São Miguel do Iguaçu,36.0,0.48,0.9,0.012,0.007
8179,2024,03/15,13.8138039520797,São Miguel do Iguaçu,36.0,0.48,0.9,0.012,0.007
8180,2015,03/15,14.370339735323052,São Pedro do Iguaçu,36.0,0.48,0.9,0.012,0.007
8181,2016,03/15,10.91261096019624,São Pedro do Iguaçu,36.0,0.48,0.9,0.012,0.007
8182,2017,03/15,13.798316424254661,São Pedro do Iguaçu,36.0,0.48,0.9,0.012,0.007
8183,2018,03/15,13.350005918806389,São Pedro do Iguaçu,36.0,0.48,0.9,0.012,0.007
8184,2019,03/15,14.45725323168365,São Pedro do Iguaçu,36.0,0.48,0.9,0.012,0.007
8185,2020,03/15,10.750326575427762,São Pedro do Iguaçu,36.0,0.48,0.9,0.012,0.007
8186,2021,03/15,13.990787215297665,São Pedro do Iguaçu,36.0,0.48,0.9,0.012,0.007
8187,2022,03/15,12.261750605378834,São Pedro do Iguaçu,36.0,0.48,0.9,0.012,0.007
8188,2023,03/15,14.204270520279023,São Pedro do Iguaçu,36.0,0.48,0.9,0.012,0.007
8189,2024,03/15,11.561958099679382,São Pedro do Iguaçu,36.0,0.48,0.9,0.012,0.007
8190,2015,03/15,14.982392554896363,Toledo,36.0,0.48,0.9,0.012,0.007
8191,2016,03/15,11.774043627954494,Toledo,36.0,0.48,0.9,0.012,0.007
8192,2017,03/15,14.299395573457637,Toledo,36.0,0.48,0.9,0.012,0.007
8193,2018,03/15,14.204030065172482,Toledo,36.0,0.48,0.9,0.012,0.007
8194,2019,03/15,14.958532986162618,Toledo,36.0,0.48,0.9,0.012,0.007
8195,2020,03/15,14.295476612632614,Toledo,36.0,0.48,0.9,0.012,0.007
8196,2021,03/15,14.538337219418931,Toledo,36.0,0.48,0.9,0.012,0.007
8197,2022,03/15,12.934436274452034,Toledo,36.0,0.48,0.9,0.012,0.007
8198,2023,03/15,14.689853472900404,Toledo,36.0,0.48,0.9,0.012,0.007
8199,2024,03/15,14.825391690537451,Toledo,36.0,0.48,0.9,0.012,0.007
8200,2015,03/15,14.33068934699353,Cascavel,36.0,0.48,0.9,0.013,0.006
8201,2016,03/15,10.461969042520073,Cascavel,36.0,0.48,0.9,0.013,0.006
8202,2017,03/15,13.473877277391772,Cascavel,36.0,0.48,0.9,0.013,0.006
8203,2018,03/15,13.032110465982518,Cascavel,36.0,0.48,0.9,0.013,0.006
8204,2019,03/15,14.268722565822543,Cascavel,36.0,0.48,0.9,0.013,0.006
8205,2020,03/15,8.934471521857102,Cascavel,36.0,0.48,0.9,0.013,0.006
8206,2021,03/15,13.498272897491919,Cascavel,36.0,0.48,0.9,0.013,0.006
8207,2022,03/15,12.13020960204176,Cascavel,36.0,0.48,0.9,0.013,0.006
8208,2023,03/15,13.56644817680776,Cascavel,36.0,0.48,0.9,0.013,0.006
8209,2024,03/15,14.043260230965567,Cascavel,36.0,0.48,0.9,0.013,0.006
8210,2015,03/15,15.226358572679775,Foz do Iguaçu,36.0,0.48,0.9,0.013,0.006
8211,2016,03/15,12.301257447424945,Foz do Iguaçu,36.0,0.48,0.9,0.013,0.006
8212,2017,03/15,14.745087773237938,Foz do Iguaçu,36.0,0.48,0.9,0.013,0.006
8213,2018,03/15,14.00206588381339,Foz do Iguaçu,36.0,0.48,0.9,0.013,0.006
8214,2019,03/15,15.087629001038813,Foz do Iguaçu,36.0,0.48,0.9,0.013,0.006
8215,2020,03/15,13.706333818120784,Foz do Iguaçu,36.0,0.48,0.9,0.013,0.006
8216,2021,03/15,14.605440409538712,Foz do Iguaçu,36.0,0.48,0.9,0.013,0.006
8217,2022,03/15,13.257986723194932,Foz do Iguaçu,36.0,0.48,0.9,0.013,0.006
8218,2023,03/15,15.081810250302999,Foz do Iguaçu,36.0,0.48,0.9,0.013,0.006
8219,2024,03/15,13.813876948099356,Foz do Iguaçu,36.0,0.48,0.9,0.013,0.006
8220,2015,03/15,15.595594696184497,Guaíra,36.0,0.48,0.9,0.013,0.006
8221,2016,03/15,12.954189188835013,Guaíra,36.0,0.48,0.9,0.013,0.006
8222,2017,03/15,15.026756084907431,Guaíra,36.0,0.48,0.9,0.013,0.006
8223,2018,03/15,14.801024792359916,Guaíra,36.0,0.48,0.9,0.013,0.006
8224,2019,03/15,15.505845708763317,Guaíra,36.0,0.48,0.9,0.013,0.006
8225,2020,03/15,14.995826553791222,Guaíra,36.0,0.48,0.9,0.013,0.006
8226,2021,03/15,14.892047717069024,Guaíra,36.0,0.48,0.9,0.013,0.006
8227,2022,03/15,13.892651216803246,Guaíra,36.0,0.48,0.9,0.013,0.006
8228,2023,03/15,15.141774441617038,Guaíra,36.0,0.48,0.9,0.013,0.006
8229,2024,03/15,15.329687035696493,Guaíra,36.0,0.48,0.9,0.013,0.006
8230,2015,03/15,15.616185579202657,Marechal Cândido Rondon,36.0,0.48,0.9,0.013,0.006
8231,2016,03/15,13.077734760789054,Marechal Cândido Rondon,36.0,0.48,0.9,0.013,0.006
8232,2017,03/15,15.145388412915134,Marechal Cândido Rondon,36.0,0.48,0.9,0.013,0.006
8233,2018,03/15,14.890976975062602,Marechal Cândido Rondon,36.0,0.48,0.9,0.013,0.006
8234,2019,03/15,15.534036353914146,Marechal Cândido Rondon,36.0,0.48,0.9,0.013,0.006
8235,2020,03/15,14.85305262926445,Marechal Cândido Rondon,36.0,0.48,0.9,0.013,0.006
8236,2021,03/15,15.151206789657534,Marechal Cândido Rondon,36.0,0.48,0.9,0.013,0.006
8237,2022,03/15,13.93199008170055,Marechal Cândido Rondon,36.0,0.48,0.9,0.013,0.006
8238,2023,03/15,15.294030668665604,Marechal Cândido Rondon,36.0,0.48,0.9,0.013,0.006
8239,2024,03/15,15.009342105505207,Marechal Cândido Rondon,36.0,0.48,0.9,0.013,0.006
8240,2015,03/15,14.710929483535118,Matelândia,36.0,0.48,0.9,0.013,0.006
8241,2016,03/15,11.343873916289855,Matelândia,36.0,0.48,0.9,0.013,0.006
8242,2017,03/15,14.219856157088042,Matelândia,36.0,0.48,0.9,0.013,0.006
8243,2018,03/15,13.397348384595784,Matelândia,36.0,0.48,0.9,0.013,0.006
8244,2019,03/15,14.677820356705098,Matelândia,36.0,0.48,0.9,0.013,0.006
8245,2020,03/15,13.254558980975784,Matelândia,36.0,0.48,0.9,0.013,0.006
8246,2021,03/15,14.248168023835417,Matelândia,36.0,0.48,0.9,0.013,0.006
8247,2022,03/15,12.687157610097097,Matelândia,36.0,0.48,0.9,0.013,0.006
8248,2023,03/15,14.51472449663127,Matelândia,36.0,0.48,0.9,0.013,0.006
8249,2024,03/15,13.815018557791717,Matelândia,36.0,0.48,0.9,0.013,0.006
8250,2015,03/15,15.226134639030597,Medianeira,36.0,0.48,0.9,0.013,0.006
8251,2016,03/15,12.300983534866383,Medianeira,36.0,0.48,0.9,0.013,0.006
8252,2017,03/15,14.744647755392483,Medianeira,36.0,0.48,0.9,0.013,0.006
8253,2018,03/15,14.001909649371884,Medianeira,36.0,0.48,0.9,0.013,0.006
8254,2019,03/15,15.087082734237338,Medianeira,36.0,0.48,0.9,0.013,0.006
8255,2020,03/15,13.7057481151918,Medianeira,36.0,0.48,0.9,0.013,0.006
8256,2021,03/15,14.604926665940457,Medianeira,36.0,0.48,0.9,0.013,0.006
8257,2022,03/15,13.257986723194932,Medianeira,36.0,0.48,0.9,0.013,0.006
8258,2023,03/15,15.081144163257395,Medianeira,36.0,0.48,0.9,0.013,0.006
8259,2024,03/15,13.813536188973044,Medianeira,36.0,0.48,0.9,0.013,0.006
8260,2015,03/15,15.566440260839517,Santa Helena,36.0,0.48,0.9,0.013,0.006
8261,2016,03/15,13.080835207150324,Santa Helena,36.0,0.48,0.9,0.013,0.006
8262,2017,03/15,15.144312230148213,Santa Helena,36.0,0.48,0.9,0.013,0.006
8263,2018,03/15,14.644460071033265,Santa Helena,36.0,0.48,0.9,0.013,0.006
8264,2019,03/15,15.40057470986954,Santa Helena,36.0,0.48,0.9,0.013,0.006
8265,2020,03/15,14.524769783419137,Santa Helena,36.0,0.48,0.9,0.013,0.006
8266,2021,03/15,15.008088240876743,Santa Helena,36.0,0.48,0.9,0.013,0.006
8267,2022,03/15,13.926294156945065,Santa Helena,36.0,0.48,0.9,0.013,0.006
8268,2023,03/15,15.356740345135286,Santa Helena,36.0,0.48,0.9,0.013,0.006
8269,2024,03/15,14.49760071601244,Santa Helena,36.0,0.48,0.9,0.013,0.006
8270,2015,03/15,15.226312278294474,São Miguel do Iguaçu,36.0,0.48,0.9,0.013,0.006
8271,2016,03/15,12.301196820257088,São Miguel do Iguaçu,36.0,0.48,0.9,0.013,0.006
8272,2017,03/15,14.745016898798214,São Miguel do Iguaçu,36.0,0.48,0.9,0.013,0.006
8273,2018,03/15,14.002038795308014,São Miguel do Iguaçu,36.0,0.48,0.9,0.013,0.006
8274,2019,03/15,15.08754056154841,São Miguel do Iguaçu,36.0,0.48,0.9,0.013,0.006
8275,2020,03/15,13.706218753461034,São Miguel do Iguaçu,36.0,0.48,0.9,0.013,0.006
8276,2021,03/15,14.605342374768352,São Miguel do Iguaçu,36.0,0.48,0.9,0.013,0.006
8277,2022,03/15,13.257986723194932,São Miguel do Iguaçu,36.0,0.48,0.9,0.013,0.006
8278,2023,03/15,15.081701202325227,São Miguel do Iguaçu,36.0,0.48,0.9,0.013,0.006
8279,2024,03/15,13.8138039520797,São Miguel do Iguaçu,36.0,0.48,0.9,0.013,0.006
8280,2015,03/15,14.370339735323052,São Pedro do Iguaçu,36.0,0.48,0.9,0.013,0.006
8281,2016,03/15,10.91261096019624,São Pedro do Iguaçu,36.0,0.48,0.9,0.013,0.006
8282,2017,03/15,13.798316424254661,São Pedro do Iguaçu,36.0,0.48,0.9,0.013,0.006
8283,2018,03/15,13.350005918806389,São Pedro do Iguaçu,36.0,0.48,0.9,0.013,0.006
8284,2019,03/15,14.45725323168365,São Pedro do Iguaçu,36.0,0.48,0.9,0.013,0.006
8285,2020,03/15,10.750326575427762,São Pedro do Iguaçu,36.0,0.48,0.9,0.013,0.006
8286,2021,03/15,13.990787215297665,São Pedro do Iguaçu,36.0,0.48,0.9,0.013,0.006
8287,2022,03/15,12.261750605378834,São Pedro do Iguaçu,36.0,0.48,0.9,0.013,0.006
8288,2023,03/15,14.204270520279023,São Pedro do Iguaçu,36.0,0.48,0.9,0.013,0.006
8289,2024,03/15,11.561958099679382,São Pedro do Iguaçu,36.0,0.48,0.9,0.013,0.006
8290,2015,03/15,14.982392554896363,Toledo,36.0,0.48,0.9,0.013,0.006
8291,2016,03/15,11.774043627954494,Toledo,36.0,0.48,0.9,0.013,0.006
8292,2017,03/15,14.299395573457637,Toledo,36.0,0.48,0.9,0.013,0.006
8293,2018,03/15,14.204030065172482,Toledo,36.0,0.48,0.9,0.013,0.006
8294,2019,03/15,14.958532986162618,Toledo,36.0,0.48,0.9,0.013,0.006
8295,2020,03/15,14.295476612632614,Toledo,36.0,0.48,0.9,0.013,0.006
8296,2021,03/15,14.538337219418931,Toledo,36.0,0.48,0.9,0.013,0.006
8297,2022,03/15,12.934436274452034,Toledo,36.0,0.48,0.9,0.013,0.006
8298,2023,03/15,14.689853472900404,Toledo,36.0,0.48,0.9,0.013,0.006
8299,2024,03/15,14.825391690537451,Toledo,36.0,0.48,0.9,0.013,0.006
8300,2015,03/15,14.33068934699353,Cascavel,36.0,0.48,0.9,0.013,0.007
8301,2016,03/15,10.461969042520073,Cascavel,36.0,0.48,0.9,0.013,0.007
8302,2017,03/15,13.473877277391772,Cascavel,36.0,0.48,0.9,0.013,0.007
8303,2018,03/15,13.032110465982518,Cascavel,36.0,0.48,0.9,0.013,0.007
8304,2019,03/15,14.268722565822543,Cascavel,36.0,0.48,0.9,0.013,0.007
8305,2020,03/15,8.934471521857102,Cascavel,36.0,0.48,0.9,0.013,0.007
8306,2021,03/15,13.498272897491919,Cascavel,36.0,0.48,0.9,0.013,0.007
8307,2022,03/15,12.13020960204176,Cascavel,36.0,0.48,0.9,0.013,0.007
8308,2023,03/15,13.56644817680776,Cascavel,36.0,0.48,0.9,0.013,0.007
8309,2024,03/15,14.043260230965567,Cascavel,36.0,0.48,0.9,0.013,0.007
8310,2015,03/15,15.226358572679775,Foz do Iguaçu,36.0,0.48,0.9,0.013,0.007
8311,2016,03/15,12.301257447424945,Foz do Iguaçu,36.0,0.48,0.9,0.013,0.007
8312,2017,03/15,14.745087773237938,Foz do Iguaçu,36.0,0.48,0.9,0.013,0.007
8313,2018,03/15,14.00206588381339,Foz do Iguaçu,36.0,0.48,0.9,0.013,0.007
8314,2019,03/15,15.087629001038813,Foz do Iguaçu,36.0,0.48,0.9,0.013,0.007
8315,2020,03/15,13.706333818120784,Foz do Iguaçu,36.0,0.48,0.9,0.013,0.007
8316,2021,03/15,14.605440409538712,Foz do Iguaçu,36.0,0.48,0.9,0.013,0.007
8317,2022,03/15,13.257986723194932,Foz do Iguaçu,36.0,0.48,0.9,0.013,0.007
8318,2023,03/15,15.081810250302999,Foz do Iguaçu,36.0,0.48,0.9,0.013,0.007
8319,2024,03/15,13.813876948099356,Foz do Iguaçu,36.0,0.48,0.9,0.013,0.007
8320,2015,03/15,15.595594696184497,Guaíra,36.0,0.48,0.9,0.013,0.007
8321,2016,03/15,12.954189188835013,Guaíra,36.0,0.48,0.9,0.013,0.007
8322,2017,03/15,15.026756084907431,Guaíra,36.0,0.48,0.9,0.013,0.007
8323,2018,03/15,14.801024792359916,Guaíra,36.0,0.48,0.9,0.013,0.007
8324,2019,03/15,15.505845708763317,Guaíra,36.0,0.48,0.9,0.013,0.007
8325,2020,03/15,14.995826553791222,Guaíra,36.0,0.48,0.9,0.013,0.007
8326,2021,03/15,14.892047717069024,Guaíra,36.0,0.48,0.9,0.013,0.007
8327,2022,03/15,13.892651216803246,Guaíra,36.0,0.48,0.9,0.013,0.007
8328,2023,03/15,15.141774441617038,Guaíra,36.0,0.48,0.9,0.013,0.007
8329,2024,03/15,15.329687035696493,Guaíra,36.0,0.48,0.9,0.013,0.007
8330,2015,03/15,15.616185579202657,Marechal Cândido Rondon,36.0,0.48,0.9,0.013,0.007
8331,2016,03/15,13.077734760789054,Marechal Cândido Rondon,36.0,0.48,0.9,0.013,0.007
8332,2017,03/15,15.145388412915134,Marechal Cândido Rondon,36.0,0.48,0.9,0.013,0.007
8333,2018,03/15,14.890976975062602,Marechal Cândido Rondon,36.0,0.48,0.9,0.013,0.007
8334,2019,03/15,15.534036353914146,Marechal Cândido Rondon,36.0,0.48,0.9,0.013,0.007
8335,2020,03/15,14.85305262926445,Marechal Cândido Rondon,36.0,0.48,0.9,0.013,0.007
8336,2021,03/15,15.151206789657534,Marechal Cândido Rondon,36.0,0.48,0.9,0.013,0.007
8337,2022,03/15,13.93199008170055,Marechal Cândido Rondon,36.0,0.48,0.9,0.013,0.007
8338,2023,03/15,15.294030668665604,Marechal Cândido Rondon,36.0,0.48,0.9,0.013,0.007
8339,2024,03/15,15.009342105505207,Marechal Cândido Rondon,36.0,0.48,0.9,0.013,0.007
8340,2015,03/15,14.710929483535118,Matelândia,36.0,0.48,0.9,0.013,0.007
8341,2016,03/15,11.343873916289855,Matelândia,36.0,0.48,0.9,0.013,0.007
8342,2017,03/15,14.219856157088042,Matelândia,36.0,0.48,0.9,0.013,0.007
8343,2018,03/15,13.397348384595784,Matelândia,36.0,0.48,0.9,0.013,0.007
8344,2019,03/15,14.677820356705098,Matelândia,36.0,0.48,0.9,0.013,0.007
8345,2020,03/15,13.254558980975784,Matelândia,36.0,0.48,0.9,0.013,0.007
8346,2021,03/15,14.248168023835417,Matelândia,36.0,0.48,0.9,0.013,0.007
8347,2022,03/15,12.687157610097097,Matelândia,36.0,0.48,0.9,0.013,0.007
8348,2023,03/15,14.51472449663127,Matelândia,36.0,0.48,0.9,0.013,0.007
8349,2024,03/15,13.815018557791717,Matelândia,36.0,0.48,0.9,0.013,0.007
8350,2015,03/15,15.226134639030597,Medianeira,36.0,0.48,0.9,0.013,0.007
8351,2016,03/15,12.300983534866383,Medianeira,36.0,0.48,0.9,0.013,0.007
8352,2017,03/15,14.744647755392483,Medianeira,36.0,0.48,0.9,0.013,0.007
8353,2018,03/15,14.001909649371884,Medianeira,36.0,0.48,0.9,0.013,0.007
8354,2019,03/15,15.087082734237338,Medianeira,36.0,0.48,0.9,0.013,0.007
8355,2020,03/15,13.7057481151918,Medianeira,36.0,0.48,0.9,0.013,0.007
8356,2021,03/15,14.604926665940457,Medianeira,36.0,0.48,0.9,0.013,0.007
8357,2022,03/15,13.257986723194932,Medianeira,36.0,0.48,0.9,0.013,0.007
8358,2023,03/15,15.081144163257395,Medianeira,36.0,0.48,0.9,0.013,0.007
8359,2024,03/15,13.813536188973044,Medianeira,36.0,0.48,0.9,0.013,0.007
8360,2015,03/15,15.566440260839517,Santa Helena,36.0,0.48,0.9,0.013,0.007
8361,2016,03/15,13.080835207150324,Santa Helena,36.0,0.48,0.9,0.013,0.007
8362,2017,03/15,15.144312230148213,Santa Helena,36.0,0.48,0.9,0.013,0.007
8363,2018,03/15,14.644460071033265,Santa Helena,36.0,0.48,0.9,0.013,0.007
8364,2019,03/15,15.40057470986954,Santa Helena,36.0,0.48,0.9,0.013,0.007
8365,2020,03/15,14.524769783419137,Santa Helena,36.0,0.48,0.9,0.013,0.007
8366,2021,03/15,15.008088240876743,Santa Helena,36.0,0.48,0.9,0.013,0.007
8367,2022,03/15,13.926294156945065,Santa Helena,36.0,0.48,0.9,0.013,0.007
8368,2023,03/15,15.356740345135286,Santa Helena,36.0,0.48,0.9,0.013,0.007
8369,2024,03/15,14.49760071601244,Santa Helena,36.0,0.48,0.9,0.013,0.007
8370,2015,03/15,15.226312278294474,São Miguel do Iguaçu,36.0,0.48,0.9,0.013,0.007
8371,2016,03/15,12.301196820257088,São Miguel do Iguaçu,36.0,0.48,0.9,0.013,0.007
8372,2017,03/15,14.745016898798214,São Miguel do Iguaçu,36.0,0.48,0.9,0.013,0.007
8373,2018,03/15,14.002038795308014,São Miguel do Iguaçu,36.0,0.48,0.9,0.013,0.007
8374,2019,03/15,15.08754056154841,São Miguel do Iguaçu,36.0,0.48,0.9,0.013,0.007
8375,2020,03/15,13.706218753461034,São Miguel do Iguaçu,36.0,0.48,0.9,0.013,0.007
8376,2021,03/15,14.605342374768352,São Miguel do Iguaçu,36.0,0.48,0.9,0.013,0.007
8377,2022,03/15,13.257986723194932,São Miguel do Iguaçu,36.0,0.48,0.9,0.013,0.007
8378,2023,03/15,15.081701202325227,São Miguel do Iguaçu,36.0,0.48,0.9,0.013,0.007
8379,2024,03/15,13.8138039520797,São Miguel do Iguaçu,36.0,0.48,0.9,0.013,0.007
8380,2015,03/15,14.370339735323052,São Pedro do Iguaçu,36.0,0.48,0.9,0.013,0.007
8381,2016,03/15,10.91261096019624,São Pedro do Iguaçu,36.0,0.48,0.9,0.013,0.007
8382,2017,03/15,13.798316424254661,São Pedro do Iguaçu,36.0,0.48,0.9,0.013,0.007
8383,2018,03/15,13.350005918806389,São Pedro do Iguaçu,36.0,0.48,0.9,0.013,0.007
8384,2019,03/15,14.45725323168365,São Pedro do Iguaçu,36.0,0.48,0.9,0.013,0.007
8385,2020,03/15,10.750326575427762,São Pedro do Iguaçu,36.0,0.48,0.9,0.013,0.007
8386,2021,03/15,13.990787215297665,São Pedro do Iguaçu,36.0,0.48,0.9,0.013,0.007
8387,2022,03/15,12.261750605378834,São Pedro do Iguaçu,36.0,0.48,0.9,0.013,0.007
8388,2023,03/15,14.204270520279023,São Pedro do Iguaçu,36.0,0.48,0.9,0.013,0.007
8389,2024,03/15,11.561958099679382,São Pedro do Iguaçu,36.0,0.48,0.9,0.013,0.007
8390,2015,03/15,14.982392554896363,Toledo,36.0,0.48,0.9,0.013,0.007
8391,2016,03/15,11.774043627954494,Toledo,36.0,0.48,0.9,0.013,0.007
8392,2017,03/15,14.299395573457637,Toledo,36.0,0.48,0.9,0.013,0.007
8393,2018,03/15,14.204030065172482,Toledo,36.0,0.48,0.9,0.013,0.007
8394,2019,03/15,14.958532986162618,Toledo,36.0,0.48,0.9,0.013,0.007
8395,2020,03/15,14.295476612632614,Toledo,36.0,0.48,0.9,0.013,0.007
8396,2021,03/15,14.538337219418931,Toledo,36.0,0.48,0.9,0.013,0.007
8397,2022,03/15,12.934436274452034,Toledo,36.0,0.48,0.9,0.013,0.007
8398,2023,03/15,14.689853472900404,Toledo,36.0,0.48,0.9,0.013,0.007
8399,2024,03/15,14.825391690537451,Toledo,36.0,0.48,0.9,0.013,0.007
8400,2015,03/15,14.775192690310984,Cascavel,36.0,0.48,0.95,0.012,0.006
8401,2016,03/15,10.770099877717486,Cascavel,36.0,0.48,0.95,0.012,0.006
8402,2017,03/15,13.881871979846483,Cascavel,36.0,0.48,0.95,0.012,0.006
8403,2018,03/15,13.431590398118328,Cascavel,36.0,0.48,0.95,0.012,0.006
8404,2019,03/15,14.709176463029065,Cascavel,36.0,0.48,0.95,0.012,0.006
8405,2020,03/15,9.217091847441592,Cascavel,36.0,0.48,0.95,0.012,0.006
8406,2021,03/15,13.909556619168466,Cascavel,36.0,0.48,0.95,0.012,0.006
8407,2022,03/15,12.506288351925452,Cascavel,36.0,0.48,0.95,0.012,0.006
8408,2023,03/15,13.988232290589426,Cascavel,36.0,0.48,0.95,0.012,0.006
8409,2024,03/15,14.478952348990523,Cascavel,36.0,0.48,0.95,0.012,0.006
8410,2015,03/15,15.701869328235023,Foz do Iguaçu,36.0,0.48,0.95,0.012,0.006
8411,2016,03/15,12.670772059409073,Foz do Iguaçu,36.0,0.48,0.95,0.012,0.006
8412,2017,03/15,15.196649480851015,Foz do Iguaçu,36.0,0.48,0.95,0.012,0.006
8413,2018,03/15,14.43745751234554,Foz do Iguaçu,36.0,0.48,0.95,0.012,0.006
8414,2019,03/15,15.56026386723255,Foz do Iguaçu,36.0,0.48,0.95,0.012,0.006
8415,2020,03/15,14.138289294739742,Foz do Iguaçu,36.0,0.48,0.95,0.012,0.006
8416,2021,03/15,15.054792422005459,Foz do Iguaçu,36.0,0.48,0.95,0.012,0.006
8417,2022,03/15,13.669057969657304,Foz do Iguaçu,36.0,0.48,0.95,0.012,0.006
8418,2023,03/15,15.551627450431072,Foz do Iguaçu,36.0,0.48,0.95,0.012,0.006
8419,2024,03/15,14.241489248652057,Foz do Iguaçu,36.0,0.48,0.95,0.012,0.006
8420,2015,03/15,16.085640454724214,Guaíra,36.0,0.48,0.95,0.012,0.006
8421,2016,03/15,13.350229881238704,Guaíra,36.0,0.48,0.95,0.012,0.006
8422,2017,03/15,15.488133984109803,Guaíra,36.0,0.48,0.95,0.012,0.006
8423,2018,03/15,15.26252072507777,Guaíra,36.0,0.48,0.95,0.012,0.006
8424,2019,03/15,15.991917631340515,Guaíra,36.0,0.48,0.95,0.012,0.006
8425,2020,03/15,15.469954381282843,Guaíra,36.0,0.48,0.95,0.012,0.006
8426,2021,03/15,15.353775655895475,Guaíra,36.0,0.48,0.95,0.012,0.006
8427,2022,03/15,14.326186499175112,Guaíra,36.0,0.48,0.95,0.012,0.006
8428,2023,03/15,15.616443611104373,Guaíra,36.0,0.48,0.95,0.012,0.006
8429,2024,03/15,15.808727376038277,Guaíra,36.0,0.48,0.95,0.012,0.006
8430,2015,03/15,16.106504647627727,Marechal Cândido Rondon,36.0,0.48,0.95,0.012,0.006
8431,2016,03/15,13.477291107954171,Marechal Cândido Rondon,36.0,0.48,0.95,0.012,0.006
8432,2017,03/15,15.610960460036008,Marechal Cândido Rondon,36.0,0.48,0.95,0.012,0.006
8433,2018,03/15,15.35547800863697,Marechal Cândido Rondon,36.0,0.48,0.95,0.012,0.006
8434,2019,03/15,16.020783975581097,Marechal Cândido Rondon,36.0,0.48,0.95,0.012,0.006
8435,2020,03/15,15.32175804388218,Marechal Cândido Rondon,36.0,0.48,0.95,0.012,0.006
8436,2021,03/15,15.62144272268166,Marechal Cândido Rondon,36.0,0.48,0.95,0.012,0.006
8437,2022,03/15,14.367046894375246,Marechal Cândido Rondon,36.0,0.48,0.95,0.012,0.006
8438,2023,03/15,15.773897132286248,Marechal Cândido Rondon,36.0,0.48,0.95,0.012,0.006
8439,2024,03/15,15.476712086026517,Marechal Cândido Rondon,36.0,0.48,0.95,0.012,0.006
8440,2015,03/15,15.168511254177735,Matelândia,36.0,0.48,0.95,0.012,0.006
8441,2016,03/15,11.681170607825528,Matelândia,36.0,0.48,0.95,0.012,0.006
8442,2017,03/15,14.653873244982655,Matelândia,36.0,0.48,0.95,0.012,0.006
8443,2018,03/15,13.811460055769194,Matelândia,36.0,0.48,0.95,0.012,0.006
8444,2019,03/15,15.134842308881034,Matelândia,36.0,0.48,0.95,0.012,0.006
8445,2020,03/15,13.672680576764929,Matelândia,36.0,0.48,0.95,0.012,0.006
8446,2021,03/15,14.685721578535286,Matelândia,36.0,0.48,0.95,0.012,0.006
8447,2022,03/15,13.080407365307853,Matelândia,36.0,0.48,0.95,0.012,0.006
8448,2023,03/15,14.967444203009448,Matelândia,36.0,0.48,0.95,0.012,0.006
8449,2024,03/15,14.242921085029682,Matelândia,36.0,0.48,0.95,0.012,0.006
8450,2015,03/15,15.701638213007081,Medianeira,36.0,0.48,0.95,0.012,0.006
8451,2016,03/15,12.670480909470331,Medianeira,36.0,0.48,0.95,0.012,0.006
8452,2017,03/15,15.196194480627733,Medianeira,36.0,0.48,0.95,0.012,0.006
8453,2018,03/15,14.437281408054957,Medianeira,36.0,0.48,0.95,0.012,0.006
8454,2019,03/15,15.559699278657353,Medianeira,36.0,0.48,0.95,0.012,0.006
8455,2020,03/15,14.137668400518784,Medianeira,36.0,0.48,0.95,0.012,0.006
8456,2021,03/15,15.052763643433774,Medianeira,36.0,0.48,0.95,0.012,0.006
8457,2022,03/15,13.669057969657306,Medianeira,36.0,0.48,0.95,0.012,0.006
8458,2023,03/15,15.550939075929945,Medianeira,36.0,0.48,0.95,0.012,0.006
8459,2024,03/15,14.241136809724537,Medianeira,36.0,0.48,0.95,0.012,0.006
8460,2015,03/15,16.05504631212078,Santa Helena,36.0,0.48,0.95,0.012,0.006
8461,2016,03/15,13.478394057344897,Santa Helena,36.0,0.48,0.95,0.012,0.006
8462,2017,03/15,15.609306770586953,Santa Helena,36.0,0.48,0.95,0.012,0.006
8463,2018,03/15,15.098785170445051,Santa Helena,36.0,0.48,0.95,0.012,0.006
8464,2019,03/15,15.883035968398678,Santa Helena,36.0,0.48,0.95,0.012,0.006
8465,2020,03/15,14.982133466361583,Santa Helena,36.0,0.48,0.95,0.012,0.006
8466,2021,03/15,15.47405071239045,Santa Helena,36.0,0.48,0.95,0.012,0.006
8467,2022,03/15,14.36006068179484,Santa Helena,36.0,0.48,0.95,0.012,0.006
8468,2023,03/15,15.837978031730906,Santa Helena,36.0,0.48,0.95,0.012,0.006
8469,2024,03/15,14.947464016211505,Santa Helena,36.0,0.48,0.95,0.012,0.006
8470,2015,03/15,15.701821547474202,São Miguel do Iguaçu,36.0,0.48,0.95,0.012,0.006
8471,2016,03/15,12.670709012437658,São Miguel do Iguaçu,36.0,0.48,0.95,0.012,0.006
8472,2017,03/15,15.196576198659344,São Miguel do Iguaçu,36.0,0.48,0.95,0.012,0.006
8473,2018,03/15,14.437427785891188,São Miguel do Iguaçu,36.0,0.48,0.95,0.012,0.006
8474,2019,03/15,15.560172463209849,São Miguel do Iguaçu,36.0,0.48,0.95,0.012,0.006
8475,2020,03/15,14.1381689835098,São Miguel do Iguaçu,36.0,0.48,0.95,0.012,0.006
8476,2021,03/15,15.054351695058756,São Miguel do Iguaçu,36.0,0.48,0.95,0.012,0.006
8477,2022,03/15,13.669057969657306,São Miguel do Iguaçu,36.0,0.48,0.95,0.012,0.006
8478,2023,03/15,15.551514766600622,São Miguel do Iguaçu,36.0,0.48,0.95,0.012,0.006
8479,2024,03/15,14.24141375625239,São Miguel do Iguaçu,36.0,0.48,0.95,0.012,0.006
8480,2015,03/15,14.8158968086971,São Pedro do Iguaçu,36.0,0.48,0.95,0.012,0.006
8481,2016,03/15,11.235046163041632,São Pedro do Iguaçu,36.0,0.48,0.95,0.012,0.006
8482,2017,03/15,14.218048029703537,São Pedro do Iguaçu,36.0,0.48,0.95,0.012,0.006
8483,2018,03/15,13.760839402579041,São Pedro do Iguaçu,36.0,0.48,0.95,0.012,0.006
8484,2019,03/15,14.905483485921852,São Pedro do Iguaçu,36.0,0.48,0.95,0.012,0.006
8485,2020,03/15,11.090117648212324,São Pedro do Iguaçu,36.0,0.48,0.95,0.012,0.006
8486,2021,03/15,14.41991412092016,São Pedro do Iguaçu,36.0,0.48,0.95,0.012,0.006
8487,2022,03/15,12.641703623376955,São Pedro do Iguaçu,36.0,0.48,0.95,0.012,0.006
8488,2023,03/15,14.64738703528668,São Pedro do Iguaçu,36.0,0.48,0.95,0.012,0.006
8489,2024,03/15,11.91965843925208,São Pedro do Iguaçu,36.0,0.48,0.95,0.012,0.006
8490,2015,03/15,15.449861944799524,Toledo,36.0,0.48,0.95,0.012,0.006
8491,2016,03/15,12.127027019854284,Toledo,36.0,0.48,0.95,0.012,0.006
8492,2017,03/15,14.736076637207589,Toledo,36.0,0.48,0.95,0.012,0.006
8493,2018,03/15,14.645603895823186,Toledo,36.0,0.48,0.95,0.012,0.006
8494,2019,03/15,15.424752935428645,Toledo,36.0,0.48,0.95,0.012,0.006
8495,2020,03/15,14.747993677666054,Toledo,36.0,0.48,0.95,0.012,0.006
8496,2021,03/15,14.986649188505634,Toledo,36.0,0.48,0.95,0.012,0.006
8497,2022,03/15,13.33668111687993,Toledo,36.0,0.48,0.95,0.012,0.006
8498,2023,03/15,15.149688108276894,Toledo,36.0,0.48,0.95,0.012,0.006
8499,2024,03/15,15.286408004941563,Toledo,36.0,0.48,0.95,0.012,0.006
8500,2015,03/15,14.775192690310984,Cascavel,36.0,0.48,0.95,0.012,0.007
8501,2016,03/15,10.770099877717486,Cascavel,36.0,0.48,0.95,0.012,0.007
8502,2017,03/15,13.881871979846483,Cascavel,36.0,0.48,0.95,0.012,0.007
8503,2018,03/15,13.431590398118328,Cascavel,36.0,0.48,0.95,0.012,0.007
8504,2019,03/15,14.709176463029065,Cascavel,36.0,0.48,0.95,0.012,0.007
8505,2020,03/15,9.217091847441592,Cascavel,36.0,0.48,0.95,0.012,0.007
8506,2021,03/15,13.909556619168466,Cascavel,36.0,0.48,0.95,0.012,0.007
8507,2022,03/15,12.506288351925452,Cascavel,36.0,0.48,0.95,0.012,0.007
8508,2023,03/15,13.988232290589426,Cascavel,36.0,0.48,0.95,0.012,0.007
8509,2024,03/15,14.478952348990523,Cascavel,36.0,0.48,0.95,0.012,0.007
8510,2015,03/15,15.701869328235023,Foz do Iguaçu,36.0,0.48,0.95,0.012,0.007
8511,2016,03/15,12.670772059409073,Foz do Iguaçu,36.0,0.48,0.95,0.012,0.007
8512,2017,03/15,15.196649480851015,Foz do Iguaçu,36.0,0.48,0.95,0.012,0.007
8513,2018,03/15,14.43745751234554,Foz do Iguaçu,36.0,0.48,0.95,0.012,0.007
8514,2019,03/15,15.56026386723255,Foz do Iguaçu,36.0,0.48,0.95,0.012,0.007
8515,2020,03/15,14.138289294739742,Foz do Iguaçu,36.0,0.48,0.95,0.012,0.007
8516,2021,03/15,15.054792422005459,Foz do Iguaçu,36.0,0.48,0.95,0.012,0.007
8517,2022,03/15,13.669057969657304,Foz do Iguaçu,36.0,0.48,0.95,0.012,0.007
8518,2023,03/15,15.551627450431072,Foz do Iguaçu,36.0,0.48,0.95,0.012,0.007
8519,2024,03/15,14.241489248652057,Foz do Iguaçu,36.0,0.48,0.95,0.012,0.007
8520,2015,03/15,16.085640454724214,Guaíra,36.0,0.48,0.95,0.012,0.007
8521,2016,03/15,13.350229881238704,Guaíra,36.0,0.48,0.95,0.012,0.007
8522,2017,03/15,15.488133984109803,Guaíra,36.0,0.48,0.95,0.012,0.007
8523,2018,03/15,15.26252072507777,Guaíra,36.0,0.48,0.95,0.012,0.007
8524,2019,03/15,15.991917631340515,Guaíra,36.0,0.48,0.95,0.012,0.007
8525,2020,03/15,15.469954381282843,Guaíra,36.0,0.48,0.95,0.012,0.007
8526,2021,03/15,15.353775655895475,Guaíra,36.0,0.48,0.95,0.012,0.007
8527,2022,03/15,14.326186499175112,Guaíra,36.0,0.48,0.95,0.012,0.007
8528,2023,03/15,15.616443611104373,Guaíra,36.0,0.48,0.95,0.012,0.007
8529,2024,03/15,15.808727376038277,Guaíra,36.0,0.48,0.95,0.012,0.007
8530,2015,03/15,16.106504647627727,Marechal Cândido Rondon,36.0,0.48,0.95,0.012,0.007
8531,2016,03/15,13.477291107954171,Marechal Cândido Rondon,36.0,0.48,0.95,0.012,0.007
8532,2017,03/15,15.610960460036008,Marechal Cândido Rondon,36.0,0.48,0.95,0.012,0.007
8533,2018,03/15,15.35547800863697,Marechal Cândido Rondon,36.0,0.48,0.95,0.012,0.007
8534,2019,03/15,16.020783975581097,Marechal Cândido Rondon,36.0,0.48,0.95,0.012,0.007
8535,2020,03/15,15.32175804388218,Marechal Cândido Rondon,36.0,0.48,0.95,0.012,0.007
8536,2021,03/15,15.62144272268166,Marechal Cândido Rondon,36.0,0.48,0.95,0.012,0.007
8537,2022,03/15,14.367046894375246,Marechal Cândido Rondon,36.0,0.48,0.95,0.012,0.007
8538,2023,03/15,15.773897132286248,Marechal Cândido Rondon,36.0,0.48,0.95,0.012,0.007
8539,2024,03/15,15.476712086026517,Marechal Cândido Rondon,36.0,0.48,0.95,0.012,0.007
8540,2015,03/15,15.168511254177735,Matelândia,36.0,0.48,0.95,0.012,0.007
8541,2016,03/15,11.681170607825528,Matelândia,36.0,0.48,0.95,0.012,0.007
8542,2017,03/15,14.653873244982655,Matelândia,36.0,0.48,0.95,0.012,0.007
8543,2018,03/15,13.811460055769194,Matelândia,36.0,0.48,0.95,0.012,0.007
8544,2019,03/15,15.134842308881034,Matelândia,36.0,0.48,0.95,0.012,0.007
8545,2020,03/15,13.672680576764929,Matelândia,36.0,0.48,0.95,0.012,0.007
8546,2021,03/15,14.685721578535286,Matelândia,36.0,0.48,0.95,0.012,0.007
8547,2022,03/15,13.080407365307853,Matelândia,36.0,0.48,0.95,0.012,0.007
8548,2023,03/15,14.967444203009448,Matelândia,36.0,0.48,0.95,0.012,0.007
8549,2024,03/15,14.242921085029682,Matelândia,36.0,0.48,0.95,0.012,0.007
8550,2015,03/15,15.701638213007081,Medianeira,36.0,0.48,0.95,0.012,0.007
8551,2016,03/15,12.670480909470331,Medianeira,36.0,0.48,0.95,0.012,0.007
8552,2017,03/15,15.196194480627733,Medianeira,36.0,0.48,0.95,0.012,0.007
8553,2018,03/15,14.437281408054957,Medianeira,36.0,0.48,0.95,0.012,0.007
8554,2019,03/15,15.559699278657353,Medianeira,36.0,0.48,0.95,0.012,0.007
8555,2020,03/15,14.137668400518784,Medianeira,36.0,0.48,0.95,0.012,0.007
8556,2021,03/15,15.052763643433774,Medianeira,36.0,0.48,0.95,0.012,0.007
8557,2022,03/15,13.669057969657306,Medianeira,36.0,0.48,0.95,0.012,0.007
8558,2023,03/15,15.550939075929945,Medianeira,36.0,0.48,0.95,0.012,0.007
8559,2024,03/15,14.241136809724537,Medianeira,36.0,0.48,0.95,0.012,0.007
8560,2015,03/15,16.05504631212078,Santa Helena,36.0,0.48,0.95,0.012,0.007
8561,2016,03/15,13.478394057344897,Santa Helena,36.0,0.48,0.95,0.012,0.007
8562,2017,03/15,15.609306770586953,Santa Helena,36.0,0.48,0.95,0.012,0.007
8563,2018,03/15,15.098785170445051,Santa Helena,36.0,0.48,0.95,0.012,0.007
8564,2019,03/15,15.883035968398678,Santa Helena,36.0,0.48,0.95,0.012,0.007
8565,2020,03/15,14.982133466361583,Santa Helena,36.0,0.48,0.95,0.012,0.007
8566,2021,03/15,15.47405071239045,Santa Helena,36.0,0.48,0.95,0.012,0.007
8567,2022,03/15,14.36006068179484,Santa Helena,36.0,0.48,0.95,0.012,0.007
8568,2023,03/15,15.837978031730906,Santa Helena,36.0,0.48,0.95,0.012,0.007
8569,2024,03/15,14.947464016211505,Santa Helena,36.0,0.48,0.95,0.012,0.007
8570,2015,03/15,15.701821547474202,São Miguel do Iguaçu,36.0,0.48,0.95,0.012,0.007
8571,2016,03/15,12.670709012437658,São Miguel do Iguaçu,36.0,0.48,0.95,0.012,0.007
8572,2017,03/15,15.196576198659344,São Miguel do Iguaçu,36.0,0.48,0.95,0.012,0.007
8573,2018,03/15,14.437427785891188,São Miguel do Iguaçu,36.0,0.48,0.95,0.012,0.007
8574,2019,03/15,15.560172463209849,São Miguel do Iguaçu,36.0,0.48,0.95,0.012,0.007
8575,2020,03/15,14.1381689835098,São Miguel do Iguaçu,36.0,0.48,0.95,0.012,0.007
8576,2021,03/15,15.054351695058756,São Miguel do Iguaçu,36.0,0.48,0.95,0.012,0.007
8577,2022,03/15,13.669057969657306,São Miguel do Iguaçu,36.0,0.48,0.95,0.012,0.007
8578,2023,03/15,15.551514766600622,São Miguel do Iguaçu,36.0,0.48,0.95,0.012,0.007
8579,2024,03/15,14.24141375625239,São Miguel do Iguaçu,36.0,0.48,0.95,0.012,0.007
8580,2015,03/15,14.8158968086971,São Pedro do Iguaçu,36.0,0.48,0.95,0.012,0.007
8581,2016,03/15,11.235046163041632,São Pedro do Iguaçu,36.0,0.48,0.95,0.012,0.007
8582,2017,03/15,14.218048029703537,São Pedro do Iguaçu,36.0,0.48,0.95,0.012,0.007
8583,2018,03/15,13.760839402579041,São Pedro do Iguaçu,36.0,0.48,0.95,0.012,0.007
8584,2019,03/15,14.905483485921852,São Pedro do Iguaçu,36.0,0.48,0.95,0.012,0.007
8585,2020,03/15,11.090117648212324,São Pedro do Iguaçu,36.0,0.48,0.95,0.012,0.007
8586,2021,03/15,14.41991412092016,São Pedro do Iguaçu,36.0,0.48,0.95,0.012,0.007
8587,2022,03/15,12.641703623376955,São Pedro do Iguaçu,36.0,0.48,0.95,0.012,0.007
8588,2023,03/15,14.64738703528668,São Pedro do Iguaçu,36.0,0.48,0.95,0.012,0.007
8589,2024,03/15,11.91965843925208,São Pedro do Iguaçu,36.0,0.48,0.95,0.012,0.007
8590,2015,03/15,15.449861944799524,Toledo,36.0,0.48,0.95,0.012,0.007
8591,2016,03/15,12.127027019854284,Toledo,36.0,0.48,0.95,0.012,0.007
8592,2017,03/15,14.736076637207589,Toledo,36.0,0.48,0.95,0.012,0.007
8593,2018,03/15,14.645603895823186,Toledo,36.0,0.48,0.95,0.012,0.007
8594,2019,03/15,15.424752935428645,Toledo,36.0,0.48,0.95,0.012,0.007
8595,2020,03/15,14.747993677666054,Toledo,36.0,0.48,0.95,0.012,0.007
8596,2021,03/15,14.986649188505634,Toledo,36.0,0.48,0.95,0.012,0.007
8597,2022,03/15,13.33668111687993,Toledo,36.0,0.48,0.95,0.012,0.007
8598,2023,03/15,15.149688108276894,Toledo,36.0,0.48,0.95,0.012,0.007
8599,2024,03/15,15.286408004941563,Toledo,36.0,0.48,0.95,0.012,0.007
8600,2015,03/15,14.775192690310984,Cascavel,36.0,0.48,0.95,0.013,0.006
8601,2016,03/15,10.770099877717486,Cascavel,36.0,0.48,0.95,0.013,0.006
8602,2017,03/15,13.881871979846483,Cascavel,36.0,0.48,0.95,0.013,0.006
8603,2018,03/15,13.431590398118328,Cascavel,36.0,0.48,0.95,0.013,0.006
8604,2019,03/15,14.709176463029065,Cascavel,36.0,0.48,0.95,0.013,0.006
8605,2020,03/15,9.217091847441592,Cascavel,36.0,0.48,0.95,0.013,0.006
8606,2021,03/15,13.909556619168466,Cascavel,36.0,0.48,0.95,0.013,0.006
8607,2022,03/15,12.506288351925452,Cascavel,36.0,0.48,0.95,0.013,0.006
8608,2023,03/15,13.988232290589426,Cascavel,36.0,0.48,0.95,0.013,0.006
8609,2024,03/15,14.478952348990523,Cascavel,36.0,0.48,0.95,0.013,0.006
8610,2015,03/15,15.701869328235023,Foz do Iguaçu,36.0,0.48,0.95,0.013,0.006
8611,2016,03/15,12.670772059409073,Foz do Iguaçu,36.0,0.48,0.95,0.013,0.006
8612,2017,03/15,15.196649480851015,Foz do Iguaçu,36.0,0.48,0.95,0.013,0.006
8613,2018,03/15,14.43745751234554,Foz do Iguaçu,36.0,0.48,0.95,0.013,0.006
8614,2019,03/15,15.56026386723255,Foz do Iguaçu,36.0,0.48,0.95,0.013,0.006
8615,2020,03/15,14.138289294739742,Foz do Iguaçu,36.0,0.48,0.95,0.013,0.006
8616,2021,03/15,15.054792422005459,Foz do Iguaçu,36.0,0.48,0.95,0.013,0.006
8617,2022,03/15,13.669057969657304,Foz do Iguaçu,36.0,0.48,0.95,0.013,0.006
8618,2023,03/15,15.551627450431072,Foz do Iguaçu,36.0,0.48,0.95,0.013,0.006
8619,2024,03/15,14.241489248652057,Foz do Iguaçu,36.0,0.48,0.95,0.013,0.006
8620,2015,03/15,16.085640454724214,Guaíra,36.0,0.48,0.95,0.013,0.006
8621,2016,03/15,13.350229881238704,Guaíra,36.0,0.48,0.95,0.013,0.006
8622,2017,03/15,15.488133984109803,Guaíra,36.0,0.48,0.95,0.013,0.006
8623,2018,03/15,15.26252072507777,Guaíra,36.0,0.48,0.95,0.013,0.006
8624,2019,03/15,15.991917631340515,Guaíra,36.0,0.48,0.95,0.013,0.006
8625,2020,03/15,15.469954381282843,Guaíra,36.0,0.48,0.95,0.013,0.006
8626,2021,03/15,15.353775655895475,Guaíra,36.0,0.48,0.95,0.013,0.006
8627,2022,03/15,14.326186499175112,Guaíra,36.0,0.48,0.95,0.013,0.006
8628,2023,03/15,15.616443611104373,Guaíra,36.0,0.48,0.95,0.013,0.006
8629,2024,03/15,15.808727376038277,Guaíra,36.0,0.48,0.95,0.013,0.006
8630,2015,03/15,16.106504647627727,Marechal Cândido Rondon,36.0,0.48,0.95,0.013,0.006
8631,2016,03/15,13.477291107954171,Marechal Cândido Rondon,36.0,0.48,0.95,0.013,0.006
8632,2017,03/15,15.610960460036008,Marechal Cândido Rondon,36.0,0.48,0.95,0.013,0.006
8633,2018,03/15,15.35547800863697,Marechal Cândido Rondon,36.0,0.48,0.95,0.013,0.006
8634,2019,03/15,16.020783975581097,Marechal Cândido Rondon,36.0,0.48,0.95,0.013,0.006
8635,2020,03/15,15.32175804388218,Marechal Cândido Rondon,36.0,0.48,0.95,0.013,0.006
8636,2021,03/15,15.62144272268166,Marechal Cândido Rondon,36.0,0.48,0.95,0.013,0.006
8637,2022,03/15,14.367046894375246,Marechal Cândido Rondon,36.0,0.48,0.95,0.013,0.006
8638,2023,03/15,15.773897132286248,Marechal Cândido Rondon,36.0,0.48,0.95,0.013,0.006
8639,2024,03/15,15.476712086026517,Marechal Cândido Rondon,36.0,0.48,0.95,0.013,0.006
8640,2015,03/15,15.168511254177735,Matelândia,36.0,0.48,0.95,0.013,0.006
8641,2016,03/15,11.681170607825528,Matelândia,36.0,0.48,0.95,0.013,0.006
8642,2017,03/15,14.653873244982655,Matelândia,36.0,0.48,0.95,0.013,0.006
8643,2018,03/15,13.811460055769194,Matelândia,36.0,0.48,0.95,0.013,0.006
8644,2019,03/15,15.134842308881034,Matelândia,36.0,0.48,0.95,0.013,0.006
8645,2020,03/15,13.672680576764929,Matelândia,36.0,0.48,0.95,0.013,0.006
8646,2021,03/15,14.685721578535286,Matelândia,36.0,0.48,0.95,0.013,0.006
8647,2022,03/15,13.080407365307853,Matelândia,36.0,0.48,0.95,0.013,0.006
8648,2023,03/15,14.967444203009448,Matelândia,36.0,0.48,0.95,0.013,0.006
8649,2024,03/15,14.242921085029682,Matelândia,36.0,0.48,0.95,0.013,0.006
8650,2015,03/15,15.701638213007081,Medianeira,36.0,0.48,0.95,0.013,0.006
8651,2016,03/15,12.670480909470331,Medianeira,36.0,0.48,0.95,0.013,0.006
8652,2017,03/15,15.196194480627733,Medianeira,36.0,0.48,0.95,0.013,0.006
8653,2018,03/15,14.437281408054957,Medianeira,36.0,0.48,0.95,0.013,0.006
8654,2019,03/15,15.559699278657353,Medianeira,36.0,0.48,0.95,0.013,0.006
8655,2020,03/15,14.137668400518784,Medianeira,36.0,0.48,0.95,0.013,0.006
8656,2021,03/15,15.052763643433774,Medianeira,36.0,0.48,0.95,0.013,0.006
8657,2022,03/15,13.669057969657306,Medianeira,36.0,0.48,0.95,0.013,0.006
8658,2023,03/15,15.550939075929945,Medianeira,36.0,0.48,0.95,0.013,0.006
8659,2024,03/15,14.241136809724537,Medianeira,36.0,0.48,0.95,0.013,0.006
8660,2015,03/15,16.05504631212078,Santa Helena,36.0,0.48,0.95,0.013,0.006
8661,2016,03/15,13.478394057344897,Santa Helena,36.0,0.48,0.95,0.013,0.006
8662,2017,03/15,15.609306770586953,Santa Helena,36.0,0.48,0.95,0.013,0.006
8663,2018,03/15,15.098785170445051,Santa Helena,36.0,0.48,0.95,0.013,0.006
8664,2019,03/15,15.883035968398678,Santa Helena,36.0,0.48,0.95,0.013,0.006
8665,2020,03/15,14.982133466361583,Santa Helena,36.0,0.48,0.95,0.013,0.006
8666,2021,03/15,15.47405071239045,Santa Helena,36.0,0.48,0.95,0.013,0.006
8667,2022,03/15,14.36006068179484,Santa Helena,36.0,0.48,0.95,0.013,0.006
8668,2023,03/15,15.837978031730906,Santa Helena,36.0,0.48,0.95,0.013,0.006
8669,2024,03/15,14.947464016211505,Santa Helena,36.0,0.48,0.95,0.013,0.006
8670,2015,03/15,15.701821547474202,São Miguel do Iguaçu,36.0,0.48,0.95,0.013,0.006
8671,2016,03/15,12.670709012437658,São Miguel do Iguaçu,36.0,0.48,0.95,0.013,0.006
8672,2017,03/15,15.196576198659344,São Miguel do Iguaçu,36.0,0.48,0.95,0.013,0.006
8673,2018,03/15,14.437427785891188,São Miguel do Iguaçu,36.0,0.48,0.95,0.013,0.006
8674,2019,03/15,15.560172463209849,São Miguel do Iguaçu,36.0,0.48,0.95,0.013,0.006
8675,2020,03/15,14.1381689835098,São Miguel do Iguaçu,36.0,0.48,0.95,0.013,0.006
8676,2021,03/15,15.054351695058756,São Miguel do Iguaçu,36.0,0.48,0.95,0.013,0.006
8677,2022,03/15,13.669057969657306,São Miguel do Iguaçu,36.0,0.48,0.95,0.013,0.006
8678,2023,03/15,15.551514766600622,São Miguel do Iguaçu,36.0,0.48,0.95,0.013,0.006
8679,2024,03/15,14.24141375625239,São Miguel do Iguaçu,36.0,0.48,0.95,0.013,0.006
8680,2015,03/15,14.8158968086971,São Pedro do Iguaçu,36.0,0.48,0.95,0.013,0.006
8681,2016,03/15,11.235046163041632,São Pedro do Iguaçu,36.0,0.48,0.95,0.013,0.006
8682,2017,03/15,14.218048029703537,São Pedro do Iguaçu,36.0,0.48,0.95,0.013,0.006
8683,2018,03/15,13.760839402579041,São Pedro do Iguaçu,36.0,0.48,0.95,0.013,0.006
8684,2019,03/15,14.905483485921852,São Pedro do Iguaçu,36.0,0.48,0.95,0.013,0.006
8685,2020,03/15,11.090117648212324,São Pedro do Iguaçu,36.0,0.48,0.95,0.013,0.006
8686,2021,03/15,14.41991412092016,São Pedro do Iguaçu,36.0,0.48,0.95,0.013,0.006
8687,2022,03/15,12.641703623376955,São Pedro do Iguaçu,36.0,0.48,0.95,0.013,0.006
8688,2023,03/15,14.64738703528668,São Pedro do Iguaçu,36.0,0.48,0.95,0.013,0.006
8689,2024,03/15,11.91965843925208,São Pedro do Iguaçu,36.0,0.48,0.95,0.013,0.006
8690,2015,03/15,15.449861944799524,Toledo,36.0,0.48,0.95,0.013,0.006
8691,2016,03/15,12.127027019854284,Toledo,36.0,0.48,0.95,0.013,0.006
8692,2017,03/15,14.736076637207589,Toledo,36.0,0.48,0.95,0.013,0.006
8693,2018,03/15,14.645603895823186,Toledo,36.0,0.48,0.95,0.013,0.006
8694,2019,03/15,15.424752935428645,Toledo,36.0,0.48,0.95,0.013,0.006
8695,2020,03/15,14.747993677666054,Toledo,36.0,0.48,0.95,0.013,0.006
8696,2021,03/15,14.986649188505634,Toledo,36.0,0.48,0.95,0.013,0.006
8697,2022,03/15,13.33668111687993,Toledo,36.0,0.48,0.95,0.013,0.006
8698,2023,03/15,15.149688108276894,Toledo,36.0,0.48,0.95,0.013,0.006
8699,2024,03/15,15.286408004941563,Toledo,36.0,0.48,0.95,0.013,0.006
8700,2015,03/15,14.775192690310984,Cascavel,36.0,0.48,0.95,0.013,0.007
8701,2016,03/15,10.770099877717486,Cascavel,36.0,0.48,0.95,0.013,0.007
8702,2017,03/15,13.881871979846483,Cascavel,36.0,0.48,0.95,0.013,0.007
8703,2018,03/15,13.431590398118328,Cascavel,36.0,0.48,0.95,0.013,0.007
8704,2019,03/15,14.709176463029065,Cascavel,36.0,0.48,0.95,0.013,0.007
8705,2020,03/15,9.217091847441592,Cascavel,36.0,0.48,0.95,0.013,0.007
8706,2021,03/15,13.909556619168466,Cascavel,36.0,0.48,0.95,0.013,0.007
8707,2022,03/15,12.506288351925452,Cascavel,36.0,0.48,0.95,0.013,0.007
8708,2023,03/15,13.988232290589426,Cascavel,36.0,0.48,0.95,0.013,0.007
8709,2024,03/15,14.478952348990523,Cascavel,36.0,0.48,0.95,0.013,0.007
8710,2015,03/15,15.701869328235023,Foz do Iguaçu,36.0,0.48,0.95,0.013,0.007
8711,2016,03/15,12.670772059409073,Foz do Iguaçu,36.0,0.48,0.95,0.013,0.007
8712,2017,03/15,15.196649480851015,Foz do Iguaçu,36.0,0.48,0.95,0.013,0.007
8713,2018,03/15,14.43745751234554,Foz do Iguaçu,36.0,0.48,0.95,0.013,0.007
8714,2019,03/15,15.56026386723255,Foz do Iguaçu,36.0,0.48,0.95,0.013,0.007
8715,2020,03/15,14.138289294739742,Foz do Iguaçu,36.0,0.48,0.95,0.013,0.007
8716,2021,03/15,15.054792422005459,Foz do Iguaçu,36.0,0.48,0.95,0.013,0.007
8717,2022,03/15,13.669057969657304,Foz do Iguaçu,36.0,0.48,0.95,0.013,0.007
8718,2023,03/15,15.551627450431072,Foz do Iguaçu,36.0,0.48,0.95,0.013,0.007
8719,2024,03/15,14.241489248652057,Foz do Iguaçu,36.0,0.48,0.95,0.013,0.007
8720,2015,03/15,16.085640454724214,Guaíra,36.0,0.48,0.95,0.013,0.007
8721,2016,03/15,13.350229881238704,Guaíra,36.0,0.48,0.95,0.013,0.007
8722,2017,03/15,15.488133984109803,Guaíra,36.0,0.48,0.95,0.013,0.007
8723,2018,03/15,15.26252072507777,Guaíra,36.0,0.48,0.95,0.013,0.007
8724,2019,03/15,15.991917631340515,Guaíra,36.0,0.48,0.95,0.013,0.007
8725,2020,03/15,15.469954381282843,Guaíra,36.0,0.48,0.95,0.013,0.007
8726,2021,03/15,15.353775655895475,Guaíra,36.0,0.48,0.95,0.013,0.007
8727,2022,03/15,14.326186499175112,Guaíra,36.0,0.48,0.95,0.013,0.007
8728,2023,03/15,15.616443611104373,Guaíra,36.0,0.48,0.95,0.013,0.007
8729,2024,03/15,15.808727376038277,Guaíra,36.0,0.48,0.95,0.013,0.007
8730,2015,03/15,16.106504647627727,Marechal Cândido Rondon,36.0,0.48,0.95,0.013,0.007
8731,2016,03/15,13.477291107954171,Marechal Cândido Rondon,36.0,0.48,0.95,0.013,0.007
8732,2017,03/15,15.610960460036008,Marechal Cândido Rondon,36.0,0.48,0.95,0.013,0.007
8733,2018,03/15,15.35547800863697,Marechal Cândido Rondon,36.0,0.48,0.95,0.013,0.007
8734,2019,03/15,16.020783975581097,Marechal Cândido Rondon,36.0,0.48,0.95,0.013,0.007
8735,2020,03/15,15.32175804388218,Marechal Cândido Rondon,36.0,0.48,0.95,0.013,0.007
8736,2021,03/15,15.62144272268166,Marechal Cândido Rondon,36.0,0.48,0.95,0.013,0.007
8737,2022,03/15,14.367046894375246,Marechal Cândido Rondon,36.0,0.48,0.95,0.013,0.007
8738,2023,03/15,15.773897132286248,Marechal Cândido Rondon,36.0,0.48,0.95,0.013,0.007
8739,2024,03/15,15.476712086026517,Marechal Cândido Rondon,36.0,0.48,0.95,0.013,0.007
8740,2015,03/15,15.168511254177735,Matelândia,36.0,0.48,0.95,0.013,0.007
8741,2016,03/15,11.681170607825528,Matelândia,36.0,0.48,0.95,0.013,0.007
8742,2017,03/15,14.653873244982655,Matelândia,36.0,0.48,0.95,0.013,0.007
8743,2018,03/15,13.811460055769194,Matelândia,36.0,0.48,0.95,0.013,0.007
8744,2019,03/15,15.134842308881034,Matelândia,36.0,0.48,0.95,0.013,0.007
8745,2020,03/15,13.672680576764929,Matelândia,36.0,0.48,0.95,0.013,0.007
8746,2021,03/15,14.685721578535286,Matelândia,36.0,0.48,0.95,0.013,0.007
8747,2022,03/15,13.080407365307853,Matelândia,36.0,0.48,0.95,0.013,0.007
8748,2023,03/15,14.967444203009448,Matelândia,36.0,0.48,0.95,0.013,0.007
8749,2024,03/15,14.242921085029682,Matelândia,36.0,0.48,0.95,0.013,0.007
8750,2015,03/15,15.701638213007081,Medianeira,36.0,0.48,0.95,0.013,0.007
8751,2016,03/15,12.670480909470331,Medianeira,36.0,0.48,0.95,0.013,0.007
8752,2017,03/15,15.196194480627733,Medianeira,36.0,0.48,0.95,0.013,0.007
8753,2018,03/15,14.437281408054957,Medianeira,36.0,0.48,0.95,0.013,0.007
8754,2019,03/15,15.559699278657353,Medianeira,36.0,0.48,0.95,0.013,0.007
8755,2020,03/15,14.137668400518784,Medianeira,36.0,0.48,0.95,0.013,0.007
8756,2021,03/15,15.052763643433774,Medianeira,36.0,0.48,0.95,0.013,0.007
8757,2022,03/15,13.669057969657306,Medianeira,36.0,0.48,0.95,0.013,0.007
8758,2023,03/15,15.550939075929945,Medianeira,36.0,0.48,0.95,0.013,0.007
8759,2024,03/15,14.241136809724537,Medianeira,36.0,0.48,0.95,0.013,0.007
8760,2015,03/15,16.05504631212078,Santa Helena,36.0,0.48,0.95,0.013,0.007
8761,2016,03/15,13.478394057344897,Santa Helena,36.0,0.48,0.95,0.013,0.007
8762,2017,03/15,15.609306770586953,Santa Helena,36.0,0.48,0.95,0.013,0.007
8763,2018,03/15,15.098785170445051,Santa Helena,36.0,0.48,0.95,0.013,0.007
8764,2019,03/15,15.883035968398678,Santa Helena,36.0,0.48,0.95,0.013,0.007
8765,2020,03/15,14.982133466361583,Santa Helena,36.0,0.48,0.95,0.013,0.007
8766,2021,03/15,15.47405071239045,Santa Helena,36.0,0.48,0.95,0.013,0.007
8767,2022,03/15,14.36006068179484,Santa Helena,36.0,0.48,0.95,0.013,0.007
8768,2023,03/15,15.837978031730906,Santa Helena,36.0,0.48,0.95,0.013,0.007
8769,2024,03/15,14.947464016211505,Santa Helena,36.0,0.48,0.95,0.013,0.007
8770,2015,03/15,15.701821547474202,São Miguel do Iguaçu,36.0,0.48,0.95,0.013,0.007
8771,2016,03/15,12.670709012437658,São Miguel do Iguaçu,36.0,0.48,0.95,0.013,0.007
8772,2017,03/15,15.196576198659344,São Miguel do Iguaçu,36.0,0.48,0.95,0.013,0.007
8773,2018,03/15,14.437427785891188,São Miguel do Iguaçu,36.0,0.48,0.95,0.013,0.007
8774,2019,03/15,15.560172463209849,São Miguel do Iguaçu,36.0,0.48,0.95,0.013,0.007
8775,2020,03/15,14.1381689835098,São Miguel do Iguaçu,36.0,0.48,0.95,0.013,0.007
8776,2021,03/15,15.054351695058756,São Miguel do Iguaçu,36.0,0.48,0.95,0.013,0.007
8777,2022,03/15,13.669057969657306,São Miguel do Iguaçu,36.0,0.48,0.95,0.013,0.007
8778,2023,03/15,15.551514766600622,São Miguel do Iguaçu,36.0,0.48,0.95,0.013,0.007
8779,2024,03/15,14.24141375625239,São Miguel do Iguaçu,36.0,0.48,0.95,0.013,0.007
8780,2015,03/15,14.8158968086971,São Pedro do Iguaçu,36.0,0.48,0.95,0.013,0.007
8781,2016,03/15,11.235046163041632,São Pedro do Iguaçu,36.0,0.48,0.95,0.013,0.007
8782,2017,03/15,14.218048029703537,São Pedro do Iguaçu,36.0,0.48,0.95,0.013,0.007
8783,2018,03/15,13.760839402579041,São Pedro do Iguaçu,36.0,0.48,0.95,0.013,0.007
8784,2019,03/15,14.905483485921852,São Pedro do Iguaçu,36.0,0.48,0.95,0.013,0.007
8785,2020,03/15,11.090117648212324,São Pedro do Iguaçu,36.0,0.48,0.95,0.013,0.007
8786,2021,03/15,14.41991412092016,São Pedro do Iguaçu,36.0,0.48,0.95,0.013,0.007
8787,2022,03/15,12.641703623376955,São Pedro do Iguaçu,36.0,0.48,0.95,0.013,0.007
8788,2023,03/15,14.64738703528668,São Pedro do Iguaçu,36.0,0.48,0.95,0.013,0.007
8789,2024,03/15,11.91965843925208,São Pedro do Iguaçu,36.0,0.48,0.95,0.013,0.007
8790,2015,03/15,15.449861944799524,Toledo,36.0,0.48,0.95,0.013,0.007
8791,2016,03/15,12.127027019854284,Toledo,36.0,0.48,0.95,0.013,0.007
8792,2017,03/15,14.736076637207589,Toledo,36.0,0.48,0.95,0.013,0.007
8793,2018,03/15,14.645603895823186,Toledo,36.0,0.48,0.95,0.013,0.007
8794,2019,03/15,15.424752935428645,Toledo,36.0,0.48,0.95,0.013,0.007
8795,2020,03/15,14.747993677666054,Toledo,36.0,0.48,0.95,0.013,0.007
8796,2021,03/15,14.986649188505634,Toledo,36.0,0.48,0.95,0.013,0.007
8797,2022,03/15,13.33668111687993,Toledo,36.0,0.48,0.95,0.013,0.007
8798,2023,03/15,15.149688108276894,Toledo,36.0,0.48,0.95,0.013,0.007
8799,2024,03/15,15.286408004941563,Toledo,36.0,0.48,0.95,0.013,0.007
8800,2015,03/15,14.927801403118261,Cascavel,36.0,0.5,0.9,0.012,0.006
8801,2016,03/15,10.897884419291744,Cascavel,36.0,0.5,0.9,0.012,0.006
8802,2017,03/15,14.03528883061643,Cascavel,36.0,0.5,0.9,0.012,0.006
8803,2018,03/15,13.57511506873179,Cascavel,36.0,0.5,0.9,0.012,0.006
8804,2019,03/15,14.863252672731814,Cascavel,36.0,0.5,0.9,0.012,0.006
8805,2020,03/15,9.306741168601148,Cascavel,36.0,0.5,0.9,0.012,0.006
8806,2021,03/15,14.060700934887418,Cascavel,36.0,0.5,0.9,0.012,0.006
8807,2022,03/15,12.635635002126833,Cascavel,36.0,0.5,0.9,0.012,0.006
8808,2023,03/15,14.131716850841418,Cascavel,36.0,0.5,0.9,0.012,0.006
8809,2024,03/15,14.628396073922465,Cascavel,36.0,0.5,0.9,0.012,0.006
8810,2015,03/15,15.860790179874765,Foz do Iguaçu,36.0,0.5,0.9,0.012,0.006
8811,2016,03/15,12.81380984106765,Foz do Iguaçu,36.0,0.5,0.9,0.012,0.006
8812,2017,03/15,15.359466430456184,Foz do Iguaçu,36.0,0.5,0.9,0.012,0.006
8813,2018,03/15,14.585485295638946,Foz do Iguaçu,36.0,0.5,0.9,0.012,0.006
8814,2019,03/15,15.71628020941543,Foz do Iguaçu,36.0,0.5,0.9,0.012,0.006
8815,2020,03/15,14.277431060542483,Foz do Iguaçu,36.0,0.5,0.9,0.012,0.006
8816,2021,03/15,15.214000426602825,Foz do Iguaçu,36.0,0.5,0.9,0.012,0.006
8817,2022,03/15,13.810402836661387,Foz do Iguaçu,36.0,0.5,0.9,0.012,0.006
8818,2023,03/15,15.71021901073229,Foz do Iguaçu,36.0,0.5,0.9,0.012,0.006
8819,2024,03/15,14.389455154270161,Foz do Iguaçu,36.0,0.5,0.9,0.012,0.006
8820,2015,03/15,16.245411141858852,Guaíra,36.0,0.5,0.9,0.012,0.006
8821,2016,03/15,13.49394707170314,Guaíra,36.0,0.5,0.9,0.012,0.006
8822,2017,03/15,15.652870921778575,Guaíra,36.0,0.5,0.9,0.012,0.006
8823,2018,03/15,15.417734158708246,Guaíra,36.0,0.5,0.9,0.012,0.006
8824,2019,03/15,16.15192261329512,Guaíra,36.0,0.5,0.9,0.012,0.006
8825,2020,03/15,15.620652660199191,Guaíra,36.0,0.5,0.9,0.012,0.006
8826,2021,03/15,15.512549705280234,Guaíra,36.0,0.5,0.9,0.012,0.006
8827,2022,03/15,14.471511684170048,Guaíra,36.0,0.5,0.9,0.012,0.006
8828,2023,03/15,15.772681710017748,Guaíra,36.0,0.5,0.9,0.012,0.006
8829,2024,03/15,15.968423995517181,Guaíra,36.0,0.5,0.9,0.012,0.006
8830,2015,03/15,16.2668599783361,Marechal Cândido Rondon,36.0,0.5,0.9,0.012,0.006
8831,2016,03/15,13.622640375821932,Marechal Cândido Rondon,36.0,0.5,0.9,0.012,0.006
8832,2017,03/15,15.776446263453263,Marechal Cândido Rondon,36.0,0.5,0.9,0.012,0.006
8833,2018,03/15,15.511434349023544,Marechal Cândido Rondon,36.0,0.5,0.9,0.012,0.006
8834,2019,03/15,16.18128786866057,Marechal Cândido Rondon,36.0,0.5,0.9,0.012,0.006
8835,2020,03/15,15.471929822150468,Marechal Cândido Rondon,36.0,0.5,0.9,0.012,0.006
8836,2021,03/15,15.782507072559932,Marechal Cândido Rondon,36.0,0.5,0.9,0.012,0.006
8837,2022,03/15,14.512489668438073,Marechal Cândido Rondon,36.0,0.5,0.9,0.012,0.006
8838,2023,03/15,15.93128194652667,Marechal Cândido Rondon,36.0,0.5,0.9,0.012,0.006
8839,2024,03/15,15.634731359901258,Marechal Cândido Rondon,36.0,0.5,0.9,0.012,0.006
8840,2015,03/15,15.323884878682414,Matelândia,36.0,0.5,0.9,0.012,0.006
8841,2016,03/15,11.816535329468598,Matelândia,36.0,0.5,0.9,0.012,0.006
8842,2017,03/15,14.812350163633377,Matelândia,36.0,0.5,0.9,0.012,0.006
8843,2018,03/15,13.955571233953943,Matelândia,36.0,0.5,0.9,0.012,0.006
8844,2019,03/15,15.289396204901143,Matelândia,36.0,0.5,0.9,0.012,0.006
8845,2020,03/15,13.806832271849776,Matelândia,36.0,0.5,0.9,0.012,0.006
8846,2021,03/15,14.841841691495226,Matelândia,36.0,0.5,0.9,0.012,0.006
8847,2022,03/15,13.215789177184476,Matelândia,36.0,0.5,0.9,0.012,0.006
8848,2023,03/15,15.119504683990908,Matelândia,36.0,0.5,0.9,0.012,0.006
8849,2024,03/15,14.390644331033037,Matelândia,36.0,0.5,0.9,0.012,0.006
8850,2015,03/15,15.86055691565687,Medianeira,36.0,0.5,0.9,0.012,0.006
8851,2016,03/15,12.813524515485817,Medianeira,36.0,0.5,0.9,0.012,0.006
8852,2017,03/15,15.359008078533837,Medianeira,36.0,0.5,0.9,0.012,0.006
8853,2018,03/15,14.585322551429046,Medianeira,36.0,0.5,0.9,0.012,0.006
8854,2019,03/15,15.715711181497225,Medianeira,36.0,0.5,0.9,0.012,0.006
8855,2020,03/15,14.276820953324792,Medianeira,36.0,0.5,0.9,0.012,0.006
8856,2021,03/15,15.21346527702131,Medianeira,36.0,0.5,0.9,0.012,0.006
8857,2022,03/15,13.810402836661387,Medianeira,36.0,0.5,0.9,0.012,0.006
8858,2023,03/15,15.709525170059786,Medianeira,36.0,0.5,0.9,0.012,0.006
8859,2024,03/15,14.389100196846922,Medianeira,36.0,0.5,0.9,0.012,0.006
8860,2015,03/15,16.215041938374497,Santa Helena,36.0,0.5,0.9,0.012,0.006
8861,2016,03/15,13.625870007448256,Santa Helena,36.0,0.5,0.9,0.012,0.006
8862,2017,03/15,15.775325239737722,Santa Helena,36.0,0.5,0.9,0.012,0.006
8863,2018,03/15,15.254645907326319,Santa Helena,36.0,0.5,0.9,0.012,0.006
8864,2019,03/15,16.04226532278077,Santa Helena,36.0,0.5,0.9,0.012,0.006
8865,2020,03/15,15.129968524394933,Santa Helena,36.0,0.5,0.9,0.012,0.006
8866,2021,03/15,15.633425250913275,Santa Helena,36.0,0.5,0.9,0.012,0.006
8867,2022,03/15,14.506556413484443,Santa Helena,36.0,0.5,0.9,0.012,0.006
8868,2023,03/15,15.99660452618259,Santa Helena,36.0,0.5,0.9,0.012,0.006
8869,2024,03/15,15.101667412512958,Santa Helena,36.0,0.5,0.9,0.012,0.006
8870,2015,03/15,15.860741956556744,São Miguel do Iguaçu,36.0,0.5,0.9,0.012,0.006
8871,2016,03/15,12.813746687767798,São Miguel do Iguaçu,36.0,0.5,0.9,0.012,0.006
8872,2017,03/15,15.359392602914806,São Miguel do Iguaçu,36.0,0.5,0.9,0.012,0.006
8873,2018,03/15,14.585457078445847,São Miguel do Iguaçu,36.0,0.5,0.9,0.012,0.006
8874,2019,03/15,15.716188084946259,São Miguel do Iguaçu,36.0,0.5,0.9,0.012,0.006
8875,2020,03/15,14.27731120152191,São Miguel do Iguaçu,36.0,0.5,0.9,0.012,0.006
8876,2021,03/15,15.213898307050366,São Miguel do Iguaçu,36.0,0.5,0.9,0.012,0.006
8877,2022,03/15,13.810402836661387,São Miguel do Iguaçu,36.0,0.5,0.9,0.012,0.006
8878,2023,03/15,15.710105419088778,São Miguel do Iguaçu,36.0,0.5,0.9,0.012,0.006
8879,2024,03/15,14.389379116749687,São Miguel do Iguaçu,36.0,0.5,0.9,0.012,0.006
8880,2015,03/15,14.969103890961511,São Pedro do Iguaçu,36.0,0.5,0.9,0.012,0.006
8881,2016,03/15,11.36730308353775,São Pedro do Iguaçu,36.0,0.5,0.9,0.012,0.006
8882,2017,03/15,14.373246275265274,São Pedro do Iguaçu,36.0,0.5,0.9,0.012,0.006
8883,2018,03/15,13.906256165423322,São Pedro do Iguaçu,36.0,0.5,0.9,0.012,0.006
8884,2019,03/15,15.059638783003802,São Pedro do Iguaçu,36.0,0.5,0.9,0.012,0.006
8885,2020,03/15,11.198256849403919,São Pedro do Iguaçu,36.0,0.5,0.9,0.012,0.006
8886,2021,03/15,14.573736682601734,São Pedro do Iguaçu,36.0,0.5,0.9,0.012,0.006
8887,2022,03/15,12.772656880602952,São Pedro do Iguaçu,36.0,0.5,0.9,0.012,0.006
8888,2023,03/15,14.79611512529065,São Pedro do Iguaçu,36.0,0.5,0.9,0.012,0.006
8889,2024,03/15,12.04370635383269,São Pedro do Iguaçu,36.0,0.5,0.9,0.012,0.006
8890,2015,03/15,15.606658911350378,Toledo,36.0,0.5,0.9,0.012,0.006
8891,2016,03/15,12.264628779119263,Toledo,36.0,0.5,0.9,0.012,0.006
8892,2017,03/15,14.895203722351704,Toledo,36.0,0.5,0.9,0.012,0.006
8893,2018,03/15,14.795864651221336,Toledo,36.0,0.5,0.9,0.012,0.006
8894,2019,03/15,15.581805193919395,Toledo,36.0,0.5,0.9,0.012,0.006
8895,2020,03/15,14.891121471492308,Toledo,36.0,0.5,0.9,0.012,0.006
8896,2021,03/15,15.144101270228054,Toledo,36.0,0.5,0.9,0.012,0.006
8897,2022,03/15,13.47337111922087,Toledo,36.0,0.5,0.9,0.012,0.006
8898,2023,03/15,15.30193070093792,Toledo,36.0,0.5,0.9,0.012,0.006
8899,2024,03/15,15.443116344309846,Toledo,36.0,0.5,0.9,0.012,0.006
8900,2015,03/15,14.927801403118261,Cascavel,36.0,0.5,0.9,0.012,0.007
8901,2016,03/15,10.897884419291744,Cascavel,36.0,0.5,0.9,0.012,0.007
8902,2017,03/15,14.03528883061643,Cascavel,36.0,0.5,0.9,0.012,0.007
8903,2018,03/15,13.57511506873179,Cascavel,36.0,0.5,0.9,0.012,0.007
8904,2019,03/15,14.863252672731814,Cascavel,36.0,0.5,0.9,0.012,0.007
8905,2020,03/15,9.306741168601148,Cascavel,36.0,0.5,0.9,0.012,0.007
8906,2021,03/15,14.060700934887418,Cascavel,36.0,0.5,0.9,0.012,0.007
8907,2022,03/15,12.635635002126833,Cascavel,36.0,0.5,0.9,0.012,0.007
8908,2023,03/15,14.131716850841418,Cascavel,36.0,0.5,0.9,0.012,0.007
8909,2024,03/15,14.628396073922465,Cascavel,36.0,0.5,0.9,0.012,0.007
8910,2015,03/15,15.860790179874765,Foz do Iguaçu,36.0,0.5,0.9,0.012,0.007
8911,2016,03/15,12.81380984106765,Foz do Iguaçu,36.0,0.5,0.9,0.012,0.007
8912,2017,03/15,15.359466430456184,Foz do Iguaçu,36.0,0.5,0.9,0.012,0.007
8913,2018,03/15,14.585485295638946,Foz do Iguaçu,36.0,0.5,0.9,0.012,0.007
8914,2019,03/15,15.71628020941543,Foz do Iguaçu,36.0,0.5,0.9,0.012,0.007
8915,2020,03/15,14.277431060542483,Foz do Iguaçu,36.0,0.5,0.9,0.012,0.007
8916,2021,03/15,15.214000426602825,Foz do Iguaçu,36.0,0.5,0.9,0.012,0.007
8917,2022,03/15,13.810402836661387,Foz do Iguaçu,36.0,0.5,0.9,0.012,0.007
8918,2023,03/15,15.71021901073229,Foz do Iguaçu,36.0,0.5,0.9,0.012,0.007
8919,2024,03/15,14.389455154270161,Foz do Iguaçu,36.0,0.5,0.9,0.012,0.007
8920,2015,03/15,16.245411141858852,Guaíra,36.0,0.5,0.9,0.012,0.007
8921,2016,03/15,13.49394707170314,Guaíra,36.0,0.5,0.9,0.012,0.007
8922,2017,03/15,15.652870921778575,Guaíra,36.0,0.5,0.9,0.012,0.007
8923,2018,03/15,15.417734158708246,Guaíra,36.0,0.5,0.9,0.012,0.007
8924,2019,03/15,16.15192261329512,Guaíra,36.0,0.5,0.9,0.012,0.007
8925,2020,03/15,15.620652660199191,Guaíra,36.0,0.5,0.9,0.012,0.007
8926,2021,03/15,15.512549705280234,Guaíra,36.0,0.5,0.9,0.012,0.007
8927,2022,03/15,14.471511684170048,Guaíra,36.0,0.5,0.9,0.012,0.007
8928,2023,03/15,15.772681710017748,Guaíra,36.0,0.5,0.9,0.012,0.007
8929,2024,03/15,15.968423995517181,Guaíra,36.0,0.5,0.9,0.012,0.007
8930,2015,03/15,16.2668599783361,Marechal Cândido Rondon,36.0,0.5,0.9,0.012,0.007
8931,2016,03/15,13.622640375821932,Marechal Cândido Rondon,36.0,0.5,0.9,0.012,0.007
8932,2017,03/15,15.776446263453263,Marechal Cândido Rondon,36.0,0.5,0.9,0.012,0.007
8933,2018,03/15,15.511434349023544,Marechal Cândido Rondon,36.0,0.5,0.9,0.012,0.007
8934,2019,03/15,16.18128786866057,Marechal Cândido Rondon,36.0,0.5,0.9,0.012,0.007
8935,2020,03/15,15.471929822150468,Marechal Cândido Rondon,36.0,0.5,0.9,0.012,0.007
8936,2021,03/15,15.782507072559932,Marechal Cândido Rondon,36.0,0.5,0.9,0.012,0.007
8937,2022,03/15,14.512489668438073,Marechal Cândido Rondon,36.0,0.5,0.9,0.012,0.007
8938,2023,03/15,15.93128194652667,Marechal Cândido Rondon,36.0,0.5,0.9,0.012,0.007
8939,2024,03/15,15.634731359901258,Marechal Cândido Rondon,36.0,0.5,0.9,0.012,0.007
8940,2015,03/15,15.323884878682414,Matelândia,36.0,0.5,0.9,0.012,0.007
8941,2016,03/15,11.816535329468598,Matelândia,36.0,0.5,0.9,0.012,0.007
8942,2017,03/15,14.812350163633377,Matelândia,36.0,0.5,0.9,0.012,0.007
8943,2018,03/15,13.955571233953943,Matelândia,36.0,0.5,0.9,0.012,0.007
8944,2019,03/15,15.289396204901143,Matelândia,36.0,0.5,0.9,0.012,0.007
8945,2020,03/15,13.806832271849776,Matelândia,36.0,0.5,0.9,0.012,0.007
8946,2021,03/15,14.841841691495226,Matelândia,36.0,0.5,0.9,0.012,0.007
8947,2022,03/15,13.215789177184476,Matelândia,36.0,0.5,0.9,0.012,0.007
8948,2023,03/15,15.119504683990908,Matelândia,36.0,0.5,0.9,0.012,0.007
8949,2024,03/15,14.390644331033037,Matelândia,36.0,0.5,0.9,0.012,0.007
8950,2015,03/15,15.86055691565687,Medianeira,36.0,0.5,0.9,0.012,0.007
8951,2016,03/15,12.813524515485817,Medianeira,36.0,0.5,0.9,0.012,0.007
8952,2017,03/15,15.359008078533837,Medianeira,36.0,0.5,0.9,0.012,0.007
8953,2018,03/15,14.585322551429046,Medianeira,36.0,0.5,0.9,0.012,0.007
8954,2019,03/15,15.715711181497225,Medianeira,36.0,0.5,0.9,0.012,0.007
8955,2020,03/15,14.276820953324792,Medianeira,36.0,0.5,0.9,0.012,0.007
8956,2021,03/15,15.21346527702131,Medianeira,36.0,0.5,0.9,0.012,0.007
8957,2022,03/15,13.810402836661387,Medianeira,36.0,0.5,0.9,0.012,0.007
8958,2023,03/15,15.709525170059786,Medianeira,36.0,0.5,0.9,0.012,0.007
8959,2024,03/15,14.389100196846922,Medianeira,36.0,0.5,0.9,0.012,0.007
8960,2015,03/15,16.215041938374497,Santa Helena,36.0,0.5,0.9,0.012,0.007
8961,2016,03/15,13.625870007448256,Santa Helena,36.0,0.5,0.9,0.012,0.007
8962,2017,03/15,15.775325239737722,Santa Helena,36.0,0.5,0.9,0.012,0.007
8963,2018,03/15,15.254645907326319,Santa Helena,36.0,0.5,0.9,0.012,0.007
8964,2019,03/15,16.04226532278077,Santa Helena,36.0,0.5,0.9,0.012,0.007
8965,2020,03/15,15.129968524394933,Santa Helena,36.0,0.5,0.9,0.012,0.007
8966,2021,03/15,15.633425250913275,Santa Helena,36.0,0.5,0.9,0.012,0.007
8967,2022,03/15,14.506556413484443,Santa Helena,36.0,0.5,0.9,0.012,0.007
8968,2023,03/15,15.99660452618259,Santa Helena,36.0,0.5,0.9,0.012,0.007
8969,2024,03/15,15.101667412512958,Santa Helena,36.0,0.5,0.9,0.012,0.007
8970,2015,03/15,15.860741956556744,São Miguel do Iguaçu,36.0,0.5,0.9,0.012,0.007
8971,2016,03/15,12.813746687767798,São Miguel do Iguaçu,36.0,0.5,0.9,0.012,0.007
8972,2017,03/15,15.359392602914806,São Miguel do Iguaçu,36.0,0.5,0.9,0.012,0.007
8973,2018,03/15,14.585457078445847,São Miguel do Iguaçu,36.0,0.5,0.9,0.012,0.007
8974,2019,03/15,15.716188084946259,São Miguel do Iguaçu,36.0,0.5,0.9,0.012,0.007
8975,2020,03/15,14.27731120152191,São Miguel do Iguaçu,36.0,0.5,0.9,0.012,0.007
8976,2021,03/15,15.213898307050366,São Miguel do Iguaçu,36.0,0.5,0.9,0.012,0.007
8977,2022,03/15,13.810402836661387,São Miguel do Iguaçu,36.0,0.5,0.9,0.012,0.007
8978,2023,03/15,15.710105419088778,São Miguel do Iguaçu,36.0,0.5,0.9,0.012,0.007
8979,2024,03/15,14.389379116749687,São Miguel do Iguaçu,36.0,0.5,0.9,0.012,0.007
8980,2015,03/15,14.969103890961511,São Pedro do Iguaçu,36.0,0.5,0.9,0.012,0.007
8981,2016,03/15,11.36730308353775,São Pedro do Iguaçu,36.0,0.5,0.9,0.012,0.007
8982,2017,03/15,14.373246275265274,São Pedro do Iguaçu,36.0,0.5,0.9,0.012,0.007
8983,2018,03/15,13.906256165423322,São Pedro do Iguaçu,36.0,0.5,0.9,0.012,0.007
8984,2019,03/15,15.059638783003802,São Pedro do Iguaçu,36.0,0.5,0.9,0.012,0.007
8985,2020,03/15,11.198256849403919,São Pedro do Iguaçu,36.0,0.5,0.9,0.012,0.007
8986,2021,03/15,14.573736682601734,São Pedro do Iguaçu,36.0,0.5,0.9,0.012,0.007
8987,2022,03/15,12.772656880602952,São Pedro do Iguaçu,36.0,0.5,0.9,0.012,0.007
8988,2023,03/15,14.79611512529065,São Pedro do Iguaçu,36.0,0.5,0.9,0.012,0.007
8989,2024,03/15,12.04370635383269,São Pedro do Iguaçu,36.0,0.5,0.9,0.012,0.007
8990,2015,03/15,15.606658911350378,Toledo,36.0,0.5,0.9,0.012,0.007
8991,2016,03/15,12.264628779119263,Toledo,36.0,0.5,0.9,0.012,0.007
8992,2017,03/15,14.895203722351704,Toledo,36.0,0.5,0.9,0.012,0.007
8993,2018,03/15,14.795864651221336,Toledo,36.0,0.5,0.9,0.012,0.007
8994,2019,03/15,15.581805193919395,Toledo,36.0,0.5,0.9,0.012,0.007
8995,2020,03/15,14.891121471492308,Toledo,36.0,0.5,0.9,0.012,0.007
8996,2021,03/15,15.144101270228054,Toledo,36.0,0.5,0.9,0.012,0.007
8997,2022,03/15,13.47337111922087,Toledo,36.0,0.5,0.9,0.012,0.007
8998,2023,03/15,15.30193070093792,Toledo,36.0,0.5,0.9,0.012,0.007
8999,2024,03/15,15.443116344309846,Toledo,36.0,0.5,0.9,0.012,0.007
9000,2015,03/15,14.927801403118261,Cascavel,36.0,0.5,0.9,0.013,0.006
9001,2016,03/15,10.897884419291744,Cascavel,36.0,0.5,0.9,0.013,0.006
9002,2017,03/15,14.03528883061643,Cascavel,36.0,0.5,0.9,0.013,0.006
9003,2018,03/15,13.57511506873179,Cascavel,36.0,0.5,0.9,0.013,0.006
9004,2019,03/15,14.863252672731814,Cascavel,36.0,0.5,0.9,0.013,0.006
9005,2020,03/15,9.306741168601148,Cascavel,36.0,0.5,0.9,0.013,0.006
9006,2021,03/15,14.060700934887418,Cascavel,36.0,0.5,0.9,0.013,0.006
9007,2022,03/15,12.635635002126833,Cascavel,36.0,0.5,0.9,0.013,0.006
9008,2023,03/15,14.131716850841418,Cascavel,36.0,0.5,0.9,0.013,0.006
9009,2024,03/15,14.628396073922465,Cascavel,36.0,0.5,0.9,0.013,0.006
9010,2015,03/15,15.860790179874765,Foz do Iguaçu,36.0,0.5,0.9,0.013,0.006
9011,2016,03/15,12.81380984106765,Foz do Iguaçu,36.0,0.5,0.9,0.013,0.006
9012,2017,03/15,15.359466430456184,Foz do Iguaçu,36.0,0.5,0.9,0.013,0.006
9013,2018,03/15,14.585485295638946,Foz do Iguaçu,36.0,0.5,0.9,0.013,0.006
9014,2019,03/15,15.71628020941543,Foz do Iguaçu,36.0,0.5,0.9,0.013,0.006
9015,2020,03/15,14.277431060542483,Foz do Iguaçu,36.0,0.5,0.9,0.013,0.006
9016,2021,03/15,15.214000426602825,Foz do Iguaçu,36.0,0.5,0.9,0.013,0.006
9017,2022,03/15,13.810402836661387,Foz do Iguaçu,36.0,0.5,0.9,0.013,0.006
9018,2023,03/15,15.71021901073229,Foz do Iguaçu,36.0,0.5,0.9,0.013,0.006
9019,2024,03/15,14.389455154270161,Foz do Iguaçu,36.0,0.5,0.9,0.013,0.006
9020,2015,03/15,16.245411141858852,Guaíra,36.0,0.5,0.9,0.013,0.006
9021,2016,03/15,13.49394707170314,Guaíra,36.0,0.5,0.9,0.013,0.006
9022,2017,03/15,15.652870921778575,Guaíra,36.0,0.5,0.9,0.013,0.006
9023,2018,03/15,15.417734158708246,Guaíra,36.0,0.5,0.9,0.013,0.006
9024,2019,03/15,16.15192261329512,Guaíra,36.0,0.5,0.9,0.013,0.006
9025,2020,03/15,15.620652660199191,Guaíra,36.0,0.5,0.9,0.013,0.006
9026,2021,03/15,15.512549705280234,Guaíra,36.0,0.5,0.9,0.013,0.006
9027,2022,03/15,14.471511684170048,Guaíra,36.0,0.5,0.9,0.013,0.006
9028,2023,03/15,15.772681710017748,Guaíra,36.0,0.5,0.9,0.013,0.006
9029,2024,03/15,15.968423995517181,Guaíra,36.0,0.5,0.9,0.013,0.006
9030,2015,03/15,16.2668599783361,Marechal Cândido Rondon,36.0,0.5,0.9,0.013,0.006
9031,2016,03/15,13.622640375821932,Marechal Cândido Rondon,36.0,0.5,0.9,0.013,0.006
9032,2017,03/15,15.776446263453263,Marechal Cândido Rondon,36.0,0.5,0.9,0.013,0.006
9033,2018,03/15,15.511434349023544,Marechal Cândido Rondon,36.0,0.5,0.9,0.013,0.006
9034,2019,03/15,16.18128786866057,Marechal Cândido Rondon,36.0,0.5,0.9,0.013,0.006
9035,2020,03/15,15.471929822150468,Marechal Cândido Rondon,36.0,0.5,0.9,0.013,0.006
9036,2021,03/15,15.782507072559932,Marechal Cândido Rondon,36.0,0.5,0.9,0.013,0.006
9037,2022,03/15,14.512489668438073,Marechal Cândido Rondon,36.0,0.5,0.9,0.013,0.006
9038,2023,03/15,15.93128194652667,Marechal Cândido Rondon,36.0,0.5,0.9,0.013,0.006
9039,2024,03/15,15.634731359901258,Marechal Cândido Rondon,36.0,0.5,0.9,0.013,0.006
9040,2015,03/15,15.323884878682414,Matelândia,36.0,0.5,0.9,0.013,0.006
9041,2016,03/15,11.816535329468598,Matelândia,36.0,0.5,0.9,0.013,0.006
9042,2017,03/15,14.812350163633377,Matelândia,36.0,0.5,0.9,0.013,0.006
9043,2018,03/15,13.955571233953943,Matelândia,36.0,0.5,0.9,0.013,0.006
9044,2019,03/15,15.289396204901143,Matelândia,36.0,0.5,0.9,0.013,0.006
9045,2020,03/15,13.806832271849776,Matelândia,36.0,0.5,0.9,0.013,0.006
9046,2021,03/15,14.841841691495226,Matelândia,36.0,0.5,0.9,0.013,0.006
9047,2022,03/15,13.215789177184476,Matelândia,36.0,0.5,0.9,0.013,0.006
9048,2023,03/15,15.119504683990908,Matelândia,36.0,0.5,0.9,0.013,0.006
9049,2024,03/15,14.390644331033037,Matelândia,36.0,0.5,0.9,0.013,0.006
9050,2015,03/15,15.86055691565687,Medianeira,36.0,0.5,0.9,0.013,0.006
9051,2016,03/15,12.813524515485817,Medianeira,36.0,0.5,0.9,0.013,0.006
9052,2017,03/15,15.359008078533837,Medianeira,36.0,0.5,0.9,0.013,0.006
9053,2018,03/15,14.585322551429046,Medianeira,36.0,0.5,0.9,0.013,0.006
9054,2019,03/15,15.715711181497225,Medianeira,36.0,0.5,0.9,0.013,0.006
9055,2020,03/15,14.276820953324792,Medianeira,36.0,0.5,0.9,0.013,0.006
9056,2021,03/15,15.21346527702131,Medianeira,36.0,0.5,0.9,0.013,0.006
9057,2022,03/15,13.810402836661387,Medianeira,36.0,0.5,0.9,0.013,0.006
9058,2023,03/15,15.709525170059786,Medianeira,36.0,0.5,0.9,0.013,0.006
9059,2024,03/15,14.389100196846922,Medianeira,36.0,0.5,0.9,0.013,0.006
9060,2015,03/15,16.215041938374497,Santa Helena,36.0,0.5,0.9,0.013,0.006
9061,2016,03/15,13.625870007448256,Santa Helena,36.0,0.5,0.9,0.013,0.006
9062,2017,03/15,15.775325239737722,Santa Helena,36.0,0.5,0.9,0.013,0.006
9063,2018,03/15,15.254645907326319,Santa Helena,36.0,0.5,0.9,0.013,0.006
9064,2019,03/15,16.04226532278077,Santa Helena,36.0,0.5,0.9,0.013,0.006
9065,2020,03/15,15.129968524394933,Santa Helena,36.0,0.5,0.9,0.013,0.006
9066,2021,03/15,15.633425250913275,Santa Helena,36.0,0.5,0.9,0.013,0.006
9067,2022,03/15,14.506556413484443,Santa Helena,36.0,0.5,0.9,0.013,0.006
9068,2023,03/15,15.99660452618259,Santa Helena,36.0,0.5,0.9,0.013,0.006
9069,2024,03/15,15.101667412512958,Santa Helena,36.0,0.5,0.9,0.013,0.006
9070,2015,03/15,15.860741956556744,São Miguel do Iguaçu,36.0,0.5,0.9,0.013,0.006
9071,2016,03/15,12.813746687767798,São Miguel do Iguaçu,36.0,0.5,0.9,0.013,0.006
9072,2017,03/15,15.359392602914806,São Miguel do Iguaçu,36.0,0.5,0.9,0.013,0.006
9073,2018,03/15,14.585457078445847,São Miguel do Iguaçu,36.0,0.5,0.9,0.013,0.006
9074,2019,03/15,15.716188084946259,São Miguel do Iguaçu,36.0,0.5,0.9,0.013,0.006
9075,2020,03/15,14.27731120152191,São Miguel do Iguaçu,36.0,0.5,0.9,0.013,0.006
9076,2021,03/15,15.213898307050366,São Miguel do Iguaçu,36.0,0.5,0.9,0.013,0.006
9077,2022,03/15,13.810402836661387,São Miguel do Iguaçu,36.0,0.5,0.9,0.013,0.006
9078,2023,03/15,15.710105419088778,São Miguel do Iguaçu,36.0,0.5,0.9,0.013,0.006
9079,2024,03/15,14.389379116749687,São Miguel do Iguaçu,36.0,0.5,0.9,0.013,0.006
9080,2015,03/15,14.969103890961511,São Pedro do Iguaçu,36.0,0.5,0.9,0.013,0.006
9081,2016,03/15,11.36730308353775,São Pedro do Iguaçu,36.0,0.5,0.9,0.013,0.006
9082,2017,03/15,14.373246275265274,São Pedro do Iguaçu,36.0,0.5,0.9,0.013,0.006
9083,2018,03/15,13.906256165423322,São Pedro do Iguaçu,36.0,0.5,0.9,0.013,0.006
9084,2019,03/15,15.059638783003802,São Pedro do Iguaçu,36.0,0.5,0.9,0.013,0.006
9085,2020,03/15,11.198256849403919,São Pedro do Iguaçu,36.0,0.5,0.9,0.013,0.006
9086,2021,03/15,14.573736682601734,São Pedro do Iguaçu,36.0,0.5,0.9,0.013,0.006
9087,2022,03/15,12.772656880602952,São Pedro do Iguaçu,36.0,0.5,0.9,0.013,0.006
9088,2023,03/15,14.79611512529065,São Pedro do Iguaçu,36.0,0.5,0.9,0.013,0.006
9089,2024,03/15,12.04370635383269,São Pedro do Iguaçu,36.0,0.5,0.9,0.013,0.006
9090,2015,03/15,15.606658911350378,Toledo,36.0,0.5,0.9,0.013,0.006
9091,2016,03/15,12.264628779119263,Toledo,36.0,0.5,0.9,0.013,0.006
9092,2017,03/15,14.895203722351704,Toledo,36.0,0.5,0.9,0.013,0.006
9093,2018,03/15,14.795864651221336,Toledo,36.0,0.5,0.9,0.013,0.006
9094,2019,03/15,15.581805193919395,Toledo,36.0,0.5,0.9,0.013,0.006
9095,2020,03/15,14.891121471492308,Toledo,36.0,0.5,0.9,0.013,0.006
9096,2021,03/15,15.144101270228054,Toledo,36.0,0.5,0.9,0.013,0.006
9097,2022,03/15,13.47337111922087,Toledo,36.0,0.5,0.9,0.013,0.006
9098,2023,03/15,15.30193070093792,Toledo,36.0,0.5,0.9,0.013,0.006
9099,2024,03/15,15.443116344309846,Toledo,36.0,0.5,0.9,0.013,0.006
9100,2015,03/15,14.927801403118261,Cascavel,36.0,0.5,0.9,0.013,0.007
9101,2016,03/15,10.897884419291744,Cascavel,36.0,0.5,0.9,0.013,0.007
9102,2017,03/15,14.03528883061643,Cascavel,36.0,0.5,0.9,0.013,0.007
9103,2018,03/15,13.57511506873179,Cascavel,36.0,0.5,0.9,0.013,0.007
9104,2019,03/15,14.863252672731814,Cascavel,36.0,0.5,0.9,0.013,0.007
9105,2020,03/15,9.306741168601148,Cascavel,36.0,0.5,0.9,0.013,0.007
9106,2021,03/15,14.060700934887418,Cascavel,36.0,0.5,0.9,0.013,0.007
9107,2022,03/15,12.635635002126833,Cascavel,36.0,0.5,0.9,0.013,0.007
9108,2023,03/15,14.131716850841418,Cascavel,36.0,0.5,0.9,0.013,0.007
9109,2024,03/15,14.628396073922465,Cascavel,36.0,0.5,0.9,0.013,0.007
9110,2015,03/15,15.860790179874765,Foz do Iguaçu,36.0,0.5,0.9,0.013,0.007
9111,2016,03/15,12.81380984106765,Foz do Iguaçu,36.0,0.5,0.9,0.013,0.007
9112,2017,03/15,15.359466430456184,Foz do Iguaçu,36.0,0.5,0.9,0.013,0.007
9113,2018,03/15,14.585485295638946,Foz do Iguaçu,36.0,0.5,0.9,0.013,0.007
9114,2019,03/15,15.71628020941543,Foz do Iguaçu,36.0,0.5,0.9,0.013,0.007
9115,2020,03/15,14.277431060542483,Foz do Iguaçu,36.0,0.5,0.9,0.013,0.007
9116,2021,03/15,15.214000426602825,Foz do Iguaçu,36.0,0.5,0.9,0.013,0.007
9117,2022,03/15,13.810402836661387,Foz do Iguaçu,36.0,0.5,0.9,0.013,0.007
9118,2023,03/15,15.71021901073229,Foz do Iguaçu,36.0,0.5,0.9,0.013,0.007
9119,2024,03/15,14.389455154270161,Foz do Iguaçu,36.0,0.5,0.9,0.013,0.007
9120,2015,03/15,16.245411141858852,Guaíra,36.0,0.5,0.9,0.013,0.007
9121,2016,03/15,13.49394707170314,Guaíra,36.0,0.5,0.9,0.013,0.007
9122,2017,03/15,15.652870921778575,Guaíra,36.0,0.5,0.9,0.013,0.007
9123,2018,03/15,15.417734158708246,Guaíra,36.0,0.5,0.9,0.013,0.007
9124,2019,03/15,16.15192261329512,Guaíra,36.0,0.5,0.9,0.013,0.007
9125,2020,03/15,15.620652660199191,Guaíra,36.0,0.5,0.9,0.013,0.007
9126,2021,03/15,15.512549705280234,Guaíra,36.0,0.5,0.9,0.013,0.007
9127,2022,03/15,14.471511684170048,Guaíra,36.0,0.5,0.9,0.013,0.007
9128,2023,03/15,15.772681710017748,Guaíra,36.0,0.5,0.9,0.013,0.007
9129,2024,03/15,15.968423995517181,Guaíra,36.0,0.5,0.9,0.013,0.007
9130,2015,03/15,16.2668599783361,Marechal Cândido Rondon,36.0,0.5,0.9,0.013,0.007
9131,2016,03/15,13.622640375821932,Marechal Cândido Rondon,36.0,0.5,0.9,0.013,0.007
9132,2017,03/15,15.776446263453263,Marechal Cândido Rondon,36.0,0.5,0.9,0.013,0.007
9133,2018,03/15,15.511434349023544,Marechal Cândido Rondon,36.0,0.5,0.9,0.013,0.007
9134,2019,03/15,16.18128786866057,Marechal Cândido Rondon,36.0,0.5,0.9,0.013,0.007
9135,2020,03/15,15.471929822150468,Marechal Cândido Rondon,36.0,0.5,0.9,0.013,0.007
9136,2021,03/15,15.782507072559932,Marechal Cândido Rondon,36.0,0.5,0.9,0.013,0.007
9137,2022,03/15,14.512489668438073,Marechal Cândido Rondon,36.0,0.5,0.9,0.013,0.007
9138,2023,03/15,15.93128194652667,Marechal Cândido Rondon,36.0,0.5,0.9,0.013,0.007
9139,2024,03/15,15.634731359901258,Marechal Cândido Rondon,36.0,0.5,0.9,0.013,0.007
9140,2015,03/15,15.323884878682414,Matelândia,36.0,0.5,0.9,0.013,0.007
9141,2016,03/15,11.816535329468598,Matelândia,36.0,0.5,0.9,0.013,0.007
9142,2017,03/15,14.812350163633377,Matelândia,36.0,0.5,0.9,0.013,0.007
9143,2018,03/15,13.955571233953943,Matelândia,36.0,0.5,0.9,0.013,0.007
9144,2019,03/15,15.289396204901143,Matelândia,36.0,0.5,0.9,0.013,0.007
9145,2020,03/15,13.806832271849776,Matelândia,36.0,0.5,0.9,0.013,0.007
9146,2021,03/15,14.841841691495226,Matelândia,36.0,0.5,0.9,0.013,0.007
9147,2022,03/15,13.215789177184476,Matelândia,36.0,0.5,0.9,0.013,0.007
9148,2023,03/15,15.119504683990908,Matelândia,36.0,0.5,0.9,0.013,0.007
9149,2024,03/15,14.390644331033037,Matelândia,36.0,0.5,0.9,0.013,0.007
9150,2015,03/15,15.86055691565687,Medianeira,36.0,0.5,0.9,0.013,0.007
9151,2016,03/15,12.813524515485817,Medianeira,36.0,0.5,0.9,0.013,0.007
9152,2017,03/15,15.359008078533837,Medianeira,36.0,0.5,0.9,0.013,0.007
9153,2018,03/15,14.585322551429046,Medianeira,36.0,0.5,0.9,0.013,0.007
9154,2019,03/15,15.715711181497225,Medianeira,36.0,0.5,0.9,0.013,0.007
9155,2020,03/15,14.276820953324792,Medianeira,36.0,0.5,0.9,0.013,0.007
9156,2021,03/15,15.21346527702131,Medianeira,36.0,0.5,0.9,0.013,0.007
9157,2022,03/15,13.810402836661387,Medianeira,36.0,0.5,0.9,0.013,0.007
9158,2023,03/15,15.709525170059786,Medianeira,36.0,0.5,0.9,0.013,0.007
9159,2024,03/15,14.389100196846922,Medianeira,36.0,0.5,0.9,0.013,0.007
9160,2015,03/15,16.215041938374497,Santa Helena,36.0,0.5,0.9,0.013,0.007
9161,2016,03/15,13.625870007448256,Santa Helena,36.0,0.5,0.9,0.013,0.007
9162,2017,03/15,15.775325239737722,Santa Helena,36.0,0.5,0.9,0.013,0.007
9163,2018,03/15,15.254645907326319,Santa Helena,36.0,0.5,0.9,0.013,0.007
9164,2019,03/15,16.04226532278077,Santa Helena,36.0,0.5,0.9,0.013,0.007
9165,2020,03/15,15.129968524394933,Santa Helena,36.0,0.5,0.9,0.013,0.007
9166,2021,03/15,15.633425250913275,Santa Helena,36.0,0.5,0.9,0.013,0.007
9167,2022,03/15,14.506556413484443,Santa Helena,36.0,0.5,0.9,0.013,0.007
9168,2023,03/15,15.99660452618259,Santa Helena,36.0,0.5,0.9,0.013,0.007
9169,2024,03/15,15.101667412512958,Santa Helena,36.0,0.5,0.9,0.013,0.007
9170,2015,03/15,15.860741956556744,São Miguel do Iguaçu,36.0,0.5,0.9,0.013,0.007
9171,2016,03/15,12.813746687767798,São Miguel do Iguaçu,36.0,0.5,0.9,0.013,0.007
9172,2017,03/15,15.359392602914806,São Miguel do Iguaçu,36.0,0.5,0.9,0.013,0.007
9173,2018,03/15,14.585457078445847,São Miguel do Iguaçu,36.0,0.5,0.9,0.013,0.007
9174,2019,03/15,15.716188084946259,São Miguel do Iguaçu,36.0,0.5,0.9,0.013,0.007
9175,2020,03/15,14.27731120152191,São Miguel do Iguaçu,36.0,0.5,0.9,0.013,0.007
9176,2021,03/15,15.213898307050366,São Miguel do Iguaçu,36.0,0.5,0.9,0.013,0.007
9177,2022,03/15,13.810402836661387,São Miguel do Iguaçu,36.0,0.5,0.9,0.013,0.007
9178,2023,03/15,15.710105419088778,São Miguel do Iguaçu,36.0,0.5,0.9,0.013,0.007
9179,2024,03/15,14.389379116749687,São Miguel do Iguaçu,36.0,0.5,0.9,0.013,0.007
9180,2015,03/15,14.969103890961511,São Pedro do Iguaçu,36.0,0.5,0.9,0.013,0.007
9181,2016,03/15,11.36730308353775,São Pedro do Iguaçu,36.0,0.5,0.9,0.013,0.007
9182,2017,03/15,14.373246275265274,São Pedro do Iguaçu,36.0,0.5,0.9,0.013,0.007
9183,2018,03/15,13.906256165423322,São Pedro do Iguaçu,36.0,0.5,0.9,0.013,0.007
9184,2019,03/15,15.059638783003802,São Pedro do Iguaçu,36.0,0.5,0.9,0.013,0.007
9185,2020,03/15,11.198256849403919,São Pedro do Iguaçu,36.0,0.5,0.9,0.013,0.007
9186,2021,03/15,14.573736682601734,São Pedro do Iguaçu,36.0,0.5,0.9,0.013,0.007
9187,2022,03/15,12.772656880602952,São Pedro do Iguaçu,36.0,0.5,0.9,0.013,0.007
9188,2023,03/15,14.79611512529065,São Pedro do Iguaçu,36.0,0.5,0.9,0.013,0.007
9189,2024,03/15,12.04370635383269,São Pedro do Iguaçu,36.0,0.5,0.9,0.013,0.007
9190,2015,03/15,15.606658911350378,Toledo,36.0,0.5,0.9,0.013,0.007
9191,2016,03/15,12.264628779119263,Toledo,36.0,0.5,0.9,0.013,0.007
9192,2017,03/15,14.895203722351704,Toledo,36.0,0.5,0.9,0.013,0.007
9193,2018,03/15,14.795864651221336,Toledo,36.0,0.5,0.9,0.013,0.007
9194,2019,03/15,15.581805193919395,Toledo,36.0,0.5,0.9,0.013,0.007
9195,2020,03/15,14.891121471492308,Toledo,36.0,0.5,0.9,0.013,0.007
9196,2021,03/15,15.144101270228054,Toledo,36.0,0.5,0.9,0.013,0.007
9197,2022,03/15,13.47337111922087,Toledo,36.0,0.5,0.9,0.013,0.007
9198,2023,03/15,15.30193070093792,Toledo,36.0,0.5,0.9,0.013,0.007
9199,2024,03/15,15.443116344309846,Toledo,36.0,0.5,0.9,0.013,0.007
9200,2015,03/15,15.39082571907394,Cascavel,36.0,0.5,0.95,0.012,0.006
9201,2016,03/15,11.218854039289049,Cascavel,36.0,0.5,0.95,0.012,0.006
9202,2017,03/15,14.460283312340088,Cascavel,36.0,0.5,0.95,0.012,0.006
9203,2018,03/15,13.991239998039925,Cascavel,36.0,0.5,0.95,0.012,0.006
9204,2019,03/15,15.322058815655277,Cascavel,36.0,0.5,0.95,0.012,0.006
9205,2020,03/15,9.60113734108499,Cascavel,36.0,0.5,0.95,0.012,0.006
9206,2021,03/15,14.489121478300488,Cascavel,36.0,0.5,0.95,0.012,0.006
9207,2022,03/15,13.027383699922344,Cascavel,36.0,0.5,0.95,0.012,0.006
9208,2023,03/15,14.571075302697318,Cascavel,36.0,0.5,0.95,0.012,0.006
9209,2024,03/15,15.082242030198463,Cascavel,36.0,0.5,0.95,0.012,0.006
9210,2015,03/15,16.35611388357815,Foz do Iguaçu,36.0,0.5,0.95,0.012,0.006
9211,2016,03/15,13.198720895217784,Foz do Iguaçu,36.0,0.5,0.95,0.012,0.006
9212,2017,03/15,15.829843209219806,Foz do Iguaçu,36.0,0.5,0.95,0.012,0.006
9213,2018,03/15,15.039018242026605,Foz do Iguaçu,36.0,0.5,0.95,0.012,0.006
9214,2019,03/15,16.208608195033904,Foz do Iguaçu,36.0,0.5,0.95,0.012,0.006
9215,2020,03/15,14.727384682020565,Foz do Iguaçu,36.0,0.5,0.95,0.012,0.006
9216,2021,03/15,15.68207543958902,Foz do Iguaçu,36.0,0.5,0.95,0.012,0.006
9217,2022,03/15,14.238602051726359,Foz do Iguaçu,36.0,0.5,0.95,0.012,0.006
9218,2023,03/15,16.199611927532366,Foz do Iguaçu,36.0,0.5,0.95,0.012,0.006
9219,2024,03/15,14.83488463401256,Foz do Iguaçu,36.0,0.5,0.95,0.012,0.006
9220,2015,03/15,16.755875473671058,Guaíra,36.0,0.5,0.95,0.012,0.006
9221,2016,03/15,13.906489459623652,Guaíra,36.0,0.5,0.95,0.012,0.006
9222,2017,03/15,16.133472900114377,Guaíra,36.0,0.5,0.95,0.012,0.006
9223,2018,03/15,15.898459088622676,Guaíra,36.0,0.5,0.95,0.012,0.006
9224,2019,03/15,16.65824753264637,Guaíra,36.0,0.5,0.95,0.012,0.006
9225,2020,03/15,16.114535813836294,Guaíra,36.0,0.5,0.95,0.012,0.006
9226,2021,03/15,15.993516308224455,Guaíra,36.0,0.5,0.95,0.012,0.006
9227,2022,03/15,14.92311093664074,Guaíra,36.0,0.5,0.95,0.012,0.006
9228,2023,03/15,16.267128761567054,Guaíra,36.0,0.5,0.95,0.012,0.006
9229,2024,03/15,16.46742435003987,Guaíra,36.0,0.5,0.95,0.012,0.006
9230,2015,03/15,16.777609007945546,Marechal Cândido Rondon,36.0,0.5,0.95,0.012,0.006
9231,2016,03/15,14.038844904118928,Marechal Cândido Rondon,36.0,0.5,0.95,0.012,0.006
9232,2017,03/15,16.26141714587084,Marechal Cândido Rondon,36.0,0.5,0.95,0.012,0.006
9233,2018,03/15,15.99528959233018,Marechal Cândido Rondon,36.0,0.5,0.95,0.012,0.006
9234,2019,03/15,16.688316641230312,Marechal Cândido Rondon,36.0,0.5,0.95,0.012,0.006
9235,2020,03/15,15.960164629043941,Marechal Cândido Rondon,36.0,0.5,0.95,0.012,0.006
9236,2021,03/15,16.272336169460065,Marechal Cândido Rondon,36.0,0.5,0.95,0.012,0.006
9237,2022,03/15,14.965673848307548,Marechal Cândido Rondon,36.0,0.5,0.95,0.012,0.006
9238,2023,03/15,16.431142846131507,Marechal Cândido Rondon,36.0,0.5,0.95,0.012,0.006
9239,2024,03/15,16.121575089610953,Marechal Cândido Rondon,36.0,0.5,0.95,0.012,0.006
9240,2015,03/15,15.80053255643514,Matelândia,36.0,0.5,0.95,0.012,0.006
9241,2016,03/15,12.167886049818259,Matelândia,36.0,0.5,0.95,0.012,0.006
9242,2017,03/15,15.264451296856933,Matelândia,36.0,0.5,0.95,0.012,0.006
9243,2018,03/15,14.38693755809291,Matelândia,36.0,0.5,0.95,0.012,0.006
9244,2019,03/15,15.765460738417742,Matelândia,36.0,0.5,0.95,0.012,0.006
9245,2020,03/15,14.242375600796802,Matelândia,36.0,0.5,0.95,0.012,0.006
9246,2021,03/15,15.297626644307591,Matelândia,36.0,0.5,0.95,0.012,0.006
9247,2022,03/15,13.625424338862349,Matelândia,36.0,0.5,0.95,0.012,0.006
9248,2023,03/15,15.591087711468175,Matelândia,36.0,0.5,0.95,0.012,0.006
9249,2024,03/15,14.836376130239252,Matelândia,36.0,0.5,0.95,0.012,0.006
9250,2015,03/15,16.355873138549043,Medianeira,36.0,0.5,0.95,0.012,0.006
9251,2016,03/15,13.198417614031596,Medianeira,36.0,0.5,0.95,0.012,0.006
9252,2017,03/15,15.829369250653889,Medianeira,36.0,0.5,0.95,0.012,0.006
9253,2018,03/15,15.038834800057247,Medianeira,36.0,0.5,0.95,0.012,0.006
9254,2019,03/15,16.20802008193474,Medianeira,36.0,0.5,0.95,0.012,0.006
9255,2020,03/15,14.726737917207068,Medianeira,36.0,0.5,0.95,0.012,0.006
9256,2021,03/15,15.679962128576848,Medianeira,36.0,0.5,0.95,0.012,0.006
9257,2022,03/15,14.238602051726362,Medianeira,36.0,0.5,0.95,0.012,0.006
9258,2023,03/15,16.19889487076036,Medianeira,36.0,0.5,0.95,0.012,0.006
9259,2024,03/15,14.834517510129725,Medianeira,36.0,0.5,0.95,0.012,0.006
9260,2015,03/15,16.724006575125813,Santa Helena,36.0,0.5,0.95,0.012,0.006
9261,2016,03/15,14.039993809734266,Santa Helena,36.0,0.5,0.95,0.012,0.006
9262,2017,03/15,16.259694552694743,Santa Helena,36.0,0.5,0.95,0.012,0.006
9263,2018,03/15,15.727901219213596,Santa Helena,36.0,0.5,0.95,0.012,0.006
9264,2019,03/15,16.544829133748625,Santa Helena,36.0,0.5,0.95,0.012,0.006
9265,2020,03/15,15.606389027459983,Santa Helena,36.0,0.5,0.95,0.012,0.006
9266,2021,03/15,16.11880282540672,Santa Helena,36.0,0.5,0.95,0.012,0.006
9267,2022,03/15,14.958396543536292,Santa Helena,36.0,0.5,0.95,0.012,0.006
9268,2023,03/15,16.497893783053026,Santa Helena,36.0,0.5,0.95,0.012,0.006
9269,2024,03/15,15.570275016886983,Santa Helena,36.0,0.5,0.95,0.012,0.006
9270,2015,03/15,16.356064111952296,São Miguel do Iguaçu,36.0,0.5,0.95,0.012,0.006
9271,2016,03/15,13.198655221289226,São Miguel do Iguaçu,36.0,0.5,0.95,0.012,0.006
9272,2017,03/15,15.829766873603484,São Miguel do Iguaçu,36.0,0.5,0.95,0.012,0.006
9273,2018,03/15,15.038987276969987,São Miguel do Iguaçu,36.0,0.5,0.95,0.012,0.006
9274,2019,03/15,16.208512982510257,São Miguel do Iguaçu,36.0,0.5,0.95,0.012,0.006
9275,2020,03/15,14.727259357822708,São Miguel do Iguaçu,36.0,0.5,0.95,0.012,0.006
9276,2021,03/15,15.681616349019539,São Miguel do Iguaçu,36.0,0.5,0.95,0.012,0.006
9277,2022,03/15,14.238602051726362,São Miguel do Iguaçu,36.0,0.5,0.95,0.012,0.006
9278,2023,03/15,16.199494548542315,São Miguel do Iguaçu,36.0,0.5,0.95,0.012,0.006
9279,2024,03/15,14.834805996096241,São Miguel do Iguaçu,36.0,0.5,0.95,0.012,0.006
9280,2015,03/15,15.433225842392812,São Pedro do Iguaçu,36.0,0.5,0.95,0.012,0.006
9281,2016,03/15,11.7031730865017,São Pedro do Iguaçu,36.0,0.5,0.95,0.012,0.006
9282,2017,03/15,14.81046669760785,São Pedro do Iguaçu,36.0,0.5,0.95,0.012,0.006
9283,2018,03/15,14.334207711019836,São Pedro do Iguaçu,36.0,0.5,0.95,0.012,0.006
9284,2019,03/15,15.526545297835263,São Pedro do Iguaçu,36.0,0.5,0.95,0.012,0.006
9285,2020,03/15,11.552205883554503,São Pedro do Iguaçu,36.0,0.5,0.95,0.012,0.006
9286,2021,03/15,15.0207438759585,São Pedro do Iguaçu,36.0,0.5,0.95,0.012,0.006
9287,2022,03/15,13.168441274350993,São Pedro do Iguaçu,36.0,0.5,0.95,0.012,0.006
9288,2023,03/15,15.257694828423626,São Pedro do Iguaçu,36.0,0.5,0.95,0.012,0.006
9289,2024,03/15,12.416310874220915,São Pedro do Iguaçu,36.0,0.5,0.95,0.012,0.006
9290,2015,03/15,16.093606192499504,Toledo,36.0,0.5,0.95,0.012,0.006
9291,2016,03/15,12.63231981234821,Toledo,36.0,0.5,0.95,0.012,0.006
9292,2017,03/15,15.350079830424573,Toledo,36.0,0.5,0.95,0.012,0.006
9293,2018,03/15,15.255837391482483,Toledo,36.0,0.5,0.95,0.012,0.006
9294,2019,03/15,16.06745097440484,Toledo,36.0,0.5,0.95,0.012,0.006
9295,2020,03/15,15.362493414235473,Toledo,36.0,0.5,0.95,0.012,0.006
9296,2021,03/15,15.611092904693368,Toledo,36.0,0.5,0.95,0.012,0.006
9297,2022,03/15,13.892376163416593,Toledo,36.0,0.5,0.95,0.012,0.006
9298,2023,03/15,15.780925112788431,Toledo,36.0,0.5,0.95,0.012,0.006
9299,2024,03/15,15.923341671814129,Toledo,36.0,0.5,0.95,0.012,0.006
9300,2015,03/15,15.39082571907394,Cascavel,36.0,0.5,0.95,0.012,0.007
9301,2016,03/15,11.218854039289049,Cascavel,36.0,0.5,0.95,0.012,0.007
9302,2017,03/15,14.460283312340088,Cascavel,36.0,0.5,0.95,0.012,0.007
9303,2018,03/15,13.991239998039925,Cascavel,36.0,0.5,0.95,0.012,0.007
9304,2019,03/15,15.322058815655277,Cascavel,36.0,0.5,0.95,0.012,0.007
9305,2020,03/15,9.60113734108499,Cascavel,36.0,0.5,0.95,0.012,0.007
9306,2021,03/15,14.489121478300488,Cascavel,36.0,0.5,0.95,0.012,0.007
9307,2022,03/15,13.027383699922344,Cascavel,36.0,0.5,0.95,0.012,0.007
9308,2023,03/15,14.571075302697318,Cascavel,36.0,0.5,0.95,0.012,0.007
9309,2024,03/15,15.082242030198463,Cascavel,36.0,0.5,0.95,0.012,0.007
9310,2015,03/15,16.35611388357815,Foz do Iguaçu,36.0,0.5,0.95,0.012,0.007
9311,2016,03/15,13.198720895217784,Foz do Iguaçu,36.0,0.5,0.95,0.012,0.007
9312,2017,03/15,15.829843209219806,Foz do Iguaçu,36.0,0.5,0.95,0.012,0.007
9313,2018,03/15,15.039018242026605,Foz do Iguaçu,36.0,0.5,0.95,0.012,0.007
9314,2019,03/15,16.208608195033904,Foz do Iguaçu,36.0,0.5,0.95,0.012,0.007
9315,2020,03/15,14.727384682020565,Foz do Iguaçu,36.0,0.5,0.95,0.012,0.007
9316,2021,03/15,15.68207543958902,Foz do Iguaçu,36.0,0.5,0.95,0.012,0.007
9317,2022,03/15,14.238602051726359,Foz do Iguaçu,36.0,0.5,0.95,0.012,0.007
9318,2023,03/15,16.199611927532366,Foz do Iguaçu,36.0,0.5,0.95,0.012,0.007
9319,2024,03/15,14.83488463401256,Foz do Iguaçu,36.0,0.5,0.95,0.012,0.007
9320,2015,03/15,16.755875473671058,Guaíra,36.0,0.5,0.95,0.012,0.007
9321,2016,03/15,13.906489459623652,Guaíra,36.0,0.5,0.95,0.012,0.007
9322,2017,03/15,16.133472900114377,Guaíra,36.0,0.5,0.95,0.012,0.007
9323,2018,03/15,15.898459088622676,Guaíra,36.0,0.5,0.95,0.012,0.007
9324,2019,03/15,16.65824753264637,Guaíra,36.0,0.5,0.95,0.012,0.007
9325,2020,03/15,16.114535813836294,Guaíra,36.0,0.5,0.95,0.012,0.007
9326,2021,03/15,15.993516308224455,Guaíra,36.0,0.5,0.95,0.012,0.007
9327,2022,03/15,14.92311093664074,Guaíra,36.0,0.5,0.95,0.012,0.007
9328,2023,03/15,16.267128761567054,Guaíra,36.0,0.5,0.95,0.012,0.007
9329,2024,03/15,16.46742435003987,Guaíra,36.0,0.5,0.95,0.012,0.007
9330,2015,03/15,16.777609007945546,Marechal Cândido Rondon,36.0,0.5,0.95,0.012,0.007
9331,2016,03/15,14.038844904118928,Marechal Cândido Rondon,36.0,0.5,0.95,0.012,0.007
9332,2017,03/15,16.26141714587084,Marechal Cândido Rondon,36.0,0.5,0.95,0.012,0.007
9333,2018,03/15,15.99528959233018,Marechal Cândido Rondon,36.0,0.5,0.95,0.012,0.007
9334,2019,03/15,16.688316641230312,Marechal Cândido Rondon,36.0,0.5,0.95,0.012,0.007
9335,2020,03/15,15.960164629043941,Marechal Cândido Rondon,36.0,0.5,0.95,0.012,0.007
9336,2021,03/15,16.272336169460065,Marechal Cândido Rondon,36.0,0.5,0.95,0.012,0.007
9337,2022,03/15,14.965673848307548,Marechal Cândido Rondon,36.0,0.5,0.95,0.012,0.007
9338,2023,03/15,16.431142846131507,Marechal Cândido Rondon,36.0,0.5,0.95,0.012,0.007
9339,2024,03/15,16.121575089610953,Marechal Cândido Rondon,36.0,0.5,0.95,0.012,0.007
9340,2015,03/15,15.80053255643514,Matelândia,36.0,0.5,0.95,0.012,0.007
9341,2016,03/15,12.167886049818259,Matelândia,36.0,0.5,0.95,0.012,0.007
9342,2017,03/15,15.264451296856933,Matelândia,36.0,0.5,0.95,0.012,0.007
9343,2018,03/15,14.38693755809291,Matelândia,36.0,0.5,0.95,0.012,0.007
9344,2019,03/15,15.765460738417742,Matelândia,36.0,0.5,0.95,0.012,0.007
9345,2020,03/15,14.242375600796802,Matelândia,36.0,0.5,0.95,0.012,0.007
9346,2021,03/15,15.297626644307591,Matelândia,36.0,0.5,0.95,0.012,0.007
9347,2022,03/15,13.625424338862349,Matelândia,36.0,0.5,0.95,0.012,0.007
9348,2023,03/15,15.591087711468175,Matelândia,36.0,0.5,0.95,0.012,0.007
9349,2024,03/15,14.836376130239252,Matelândia,36.0,0.5,0.95,0.012,0.007
9350,2015,03/15,16.355873138549043,Medianeira,36.0,0.5,0.95,0.012,0.007
9351,2016,03/15,13.198417614031596,Medianeira,36.0,0.5,0.95,0.012,0.007
9352,2017,03/15,15.829369250653889,Medianeira,36.0,0.5,0.95,0.012,0.007
9353,2018,03/15,15.038834800057247,Medianeira,36.0,0.5,0.95,0.012,0.007
9354,2019,03/15,16.20802008193474,Medianeira,36.0,0.5,0.95,0.012,0.007
9355,2020,03/15,14.726737917207068,Medianeira,36.0,0.5,0.95,0.012,0.007
9356,2021,03/15,15.679962128576848,Medianeira,36.0,0.5,0.95,0.012,0.007
9357,2022,03/15,14.238602051726362,Medianeira,36.0,0.5,0.95,0.012,0.007
9358,2023,03/15,16.19889487076036,Medianeira,36.0,0.5,0.95,0.012,0.007
9359,2024,03/15,14.834517510129725,Medianeira,36.0,0.5,0.95,0.012,0.007
9360,2015,03/15,16.724006575125813,Santa Helena,36.0,0.5,0.95,0.012,0.007
9361,2016,03/15,14.039993809734266,Santa Helena,36.0,0.5,0.95,0.012,0.007
9362,2017,03/15,16.259694552694743,Santa Helena,36.0,0.5,0.95,0.012,0.007
9363,2018,03/15,15.727901219213596,Santa Helena,36.0,0.5,0.95,0.012,0.007
9364,2019,03/15,16.544829133748625,Santa Helena,36.0,0.5,0.95,0.012,0.007
9365,2020,03/15,15.606389027459983,Santa Helena,36.0,0.5,0.95,0.012,0.007
9366,2021,03/15,16.11880282540672,Santa Helena,36.0,0.5,0.95,0.012,0.007
9367,2022,03/15,14.958396543536292,Santa Helena,36.0,0.5,0.95,0.012,0.007
9368,2023,03/15,16.497893783053026,Santa Helena,36.0,0.5,0.95,0.012,0.007
9369,2024,03/15,15.570275016886983,Santa Helena,36.0,0.5,0.95,0.012,0.007
9370,2015,03/15,16.356064111952296,São Miguel do Iguaçu,36.0,0.5,0.95,0.012,0.007
9371,2016,03/15,13.198655221289226,São Miguel do Iguaçu,36.0,0.5,0.95,0.012,0.007
9372,2017,03/15,15.829766873603484,São Miguel do Iguaçu,36.0,0.5,0.95,0.012,0.007
9373,2018,03/15,15.038987276969987,São Miguel do Iguaçu,36.0,0.5,0.95,0.012,0.007
9374,2019,03/15,16.208512982510257,São Miguel do Iguaçu,36.0,0.5,0.95,0.012,0.007
9375,2020,03/15,14.727259357822708,São Miguel do Iguaçu,36.0,0.5,0.95,0.012,0.007
9376,2021,03/15,15.681616349019539,São Miguel do Iguaçu,36.0,0.5,0.95,0.012,0.007
9377,2022,03/15,14.238602051726362,São Miguel do Iguaçu,36.0,0.5,0.95,0.012,0.007
9378,2023,03/15,16.199494548542315,São Miguel do Iguaçu,36.0,0.5,0.95,0.012,0.007
9379,2024,03/15,14.834805996096241,São Miguel do Iguaçu,36.0,0.5,0.95,0.012,0.007
9380,2015,03/15,15.433225842392812,São Pedro do Iguaçu,36.0,0.5,0.95,0.012,0.007
9381,2016,03/15,11.7031730865017,São Pedro do Iguaçu,36.0,0.5,0.95,0.012,0.007
9382,2017,03/15,14.81046669760785,São Pedro do Iguaçu,36.0,0.5,0.95,0.012,0.007
9383,2018,03/15,14.334207711019836,São Pedro do Iguaçu,36.0,0.5,0.95,0.012,0.007
9384,2019,03/15,15.526545297835263,São Pedro do Iguaçu,36.0,0.5,0.95,0.012,0.007
9385,2020,03/15,11.552205883554503,São Pedro do Iguaçu,36.0,0.5,0.95,0.012,0.007
9386,2021,03/15,15.0207438759585,São Pedro do Iguaçu,36.0,0.5,0.95,0.012,0.007
9387,2022,03/15,13.168441274350993,São Pedro do Iguaçu,36.0,0.5,0.95,0.012,0.007
9388,2023,03/15,15.257694828423626,São Pedro do Iguaçu,36.0,0.5,0.95,0.012,0.007
9389,2024,03/15,12.416310874220915,São Pedro do Iguaçu,36.0,0.5,0.95,0.012,0.007
9390,2015,03/15,16.093606192499504,Toledo,36.0,0.5,0.95,0.012,0.007
9391,2016,03/15,12.63231981234821,Toledo,36.0,0.5,0.95,0.012,0.007
9392,2017,03/15,15.350079830424573,Toledo,36.0,0.5,0.95,0.012,0.007
9393,2018,03/15,15.255837391482483,Toledo,36.0,0.5,0.95,0.012,0.007
9394,2019,03/15,16.06745097440484,Toledo,36.0,0.5,0.95,0.012,0.007
9395,2020,03/15,15.362493414235473,Toledo,36.0,0.5,0.95,0.012,0.007
9396,2021,03/15,15.611092904693368,Toledo,36.0,0.5,0.95,0.012,0.007
9397,2022,03/15,13.892376163416593,Toledo,36.0,0.5,0.95,0.012,0.007
9398,2023,03/15,15.780925112788431,Toledo,36.0,0.5,0.95,0.012,0.007
9399,2024,03/15,15.923341671814129,Toledo,36.0,0.5,0.95,0.012,0.007
9400,2015,03/15,15.39082571907394,Cascavel,36.0,0.5,0.95,0.013,0.006
9401,2016,03/15,11.218854039289049,Cascavel,36.0,0.5,0.95,0.013,0.006
9402,2017,03/15,14.460283312340088,Cascavel,36.0,0.5,0.95,0.013,0.006
9403,2018,03/15,13.991239998039925,Cascavel,36.0,0.5,0.95,0.013,0.006
9404,2019,03/15,15.322058815655277,Cascavel,36.0,0.5,0.95,0.013,0.006
9405,2020,03/15,9.60113734108499,Cascavel,36.0,0.5,0.95,0.013,0.006
9406,2021,03/15,14.489121478300488,Cascavel,36.0,0.5,0.95,0.013,0.006
9407,2022,03/15,13.027383699922344,Cascavel,36.0,0.5,0.95,0.013,0.006
9408,2023,03/15,14.571075302697318,Cascavel,36.0,0.5,0.95,0.013,0.006
9409,2024,03/15,15.082242030198463,Cascavel,36.0,0.5,0.95,0.013,0.006
9410,2015,03/15,16.35611388357815,Foz do Iguaçu,36.0,0.5,0.95,0.013,0.006
9411,2016,03/15,13.198720895217784,Foz do Iguaçu,36.0,0.5,0.95,0.013,0.006
9412,2017,03/15,15.829843209219806,Foz do Iguaçu,36.0,0.5,0.95,0.013,0.006
9413,2018,03/15,15.039018242026605,Foz do Iguaçu,36.0,0.5,0.95,0.013,0.006
9414,2019,03/15,16.208608195033904,Foz do Iguaçu,36.0,0.5,0.95,0.013,0.006
9415,2020,03/15,14.727384682020565,Foz do Iguaçu,36.0,0.5,0.95,0.013,0.006
9416,2021,03/15,15.68207543958902,Foz do Iguaçu,36.0,0.5,0.95,0.013,0.006
9417,2022,03/15,14.238602051726359,Foz do Iguaçu,36.0,0.5,0.95,0.013,0.006
9418,2023,03/15,16.199611927532366,Foz do Iguaçu,36.0,0.5,0.95,0.013,0.006
9419,2024,03/15,14.83488463401256,Foz do Iguaçu,36.0,0.5,0.95,0.013,0.006
9420,2015,03/15,16.755875473671058,Guaíra,36.0,0.5,0.95,0.013,0.006
9421,2016,03/15,13.906489459623652,Guaíra,36.0,0.5,0.95,0.013,0.006
9422,2017,03/15,16.133472900114377,Guaíra,36.0,0.5,0.95,0.013,0.006
9423,2018,03/15,15.898459088622676,Guaíra,36.0,0.5,0.95,0.013,0.006
9424,2019,03/15,16.65824753264637,Guaíra,36.0,0.5,0.95,0.013,0.006
9425,2020,03/15,16.114535813836294,Guaíra,36.0,0.5,0.95,0.013,0.006
9426,2021,03/15,15.993516308224455,Guaíra,36.0,0.5,0.95,0.013,0.006
9427,2022,03/15,14.92311093664074,Guaíra,36.0,0.5,0.95,0.013,0.006
9428,2023,03/15,16.267128761567054,Guaíra,36.0,0.5,0.95,0.013,0.006
9429,2024,03/15,16.46742435003987,Guaíra,36.0,0.5,0.95,0.013,0.006
9430,2015,03/15,16.777609007945546,Marechal Cândido Rondon,36.0,0.5,0.95,0.013,0.006
9431,2016,03/15,14.038844904118928,Marechal Cândido Rondon,36.0,0.5,0.95,0.013,0.006
9432,2017,03/15,16.26141714587084,Marechal Cândido Rondon,36.0,0.5,0.95,0.013,0.006
9433,2018,03/15,15.99528959233018,Marechal Cândido Rondon,36.0,0.5,0.95,0.013,0.006
9434,2019,03/15,16.688316641230312,Marechal Cândido Rondon,36.0,0.5,0.95,0.013,0.006
9435,2020,03/15,15.960164629043941,Marechal Cândido Rondon,36.0,0.5,0.95,0.013,0.006
9436,2021,03/15,16.272336169460065,Marechal Cândido Rondon,36.0,0.5,0.95,0.013,0.006
9437,2022,03/15,14.965673848307548,Marechal Cândido Rondon,36.0,0.5,0.95,0.013,0.006
9438,2023,03/15,16.431142846131507,Marechal Cândido Rondon,36.0,0.5,0.95,0.013,0.006
9439,2024,03/15,16.121575089610953,Marechal Cândido Rondon,36.0,0.5,0.95,0.013,0.006
9440,2015,03/15,15.80053255643514,Matelândia,36.0,0.5,0.95,0.013,0.006
9441,2016,03/15,12.167886049818259,Matelândia,36.0,0.5,0.95,0.013,0.006
9442,2017,03/15,15.264451296856933,Matelândia,36.0,0.5,0.95,0.013,0.006
9443,2018,03/15,14.38693755809291,Matelândia,36.0,0.5,0.95,0.013,0.006
9444,2019,03/15,15.765460738417742,Matelândia,36.0,0.5,0.95,0.013,0.006
9445,2020,03/15,14.242375600796802,Matelândia,36.0,0.5,0.95,0.013,0.006
9446,2021,03/15,15.297626644307591,Matelândia,36.0,0.5,0.95,0.013,0.006
9447,2022,03/15,13.625424338862349,Matelândia,36.0,0.5,0.95,0.013,0.006
9448,2023,03/15,15.591087711468175,Matelândia,36.0,0.5,0.95,0.013,0.006
9449,2024,03/15,14.836376130239252,Matelândia,36.0,0.5,0.95,0.013,0.006
9450,2015,03/15,16.355873138549043,Medianeira,36.0,0.5,0.95,0.013,0.006
9451,2016,03/15,13.198417614031596,Medianeira,36.0,0.5,0.95,0.013,0.006
9452,2017,03/15,15.829369250653889,Medianeira,36.0,0.5,0.95,0.013,0.006
9453,2018,03/15,15.038834800057247,Medianeira,36.0,0.5,0.95,0.013,0.006
9454,2019,03/15,16.20802008193474,Medianeira,36.0,0.5,0.95,0.013,0.006
9455,2020,03/15,14.726737917207068,Medianeira,36.0,0.5,0.95,0.013,0.006
9456,2021,03/15,15.679962128576848,Medianeira,36.0,0.5,0.95,0.013,0.006
9457,2022,03/15,14.238602051726362,Medianeira,36.0,0.5,0.95,0.013,0.006
9458,2023,03/15,16.19889487076036,Medianeira,36.0,0.5,0.95,0.013,0.006
9459,2024,03/15,14.834517510129725,Medianeira,36.0,0.5,0.95,0.013,0.006
9460,2015,03/15,16.724006575125813,Santa Helena,36.0,0.5,0.95,0.013,0.006
9461,2016,03/15,14.039993809734266,Santa Helena,36.0,0.5,0.95,0.013,0.006
9462,2017,03/15,16.259694552694743,Santa Helena,36.0,0.5,0.95,0.013,0.006
9463,2018,03/15,15.727901219213596,Santa Helena,36.0,0.5,0.95,0.013,0.006
9464,2019,03/15,16.544829133748625,Santa Helena,36.0,0.5,0.95,0.013,0.006
9465,2020,03/15,15.606389027459983,Santa Helena,36.0,0.5,0.95,0.013,0.006
9466,2021,03/15,16.11880282540672,Santa Helena,36.0,0.5,0.95,0.013,0.006
9467,2022,03/15,14.958396543536292,Santa Helena,36.0,0.5,0.95,0.013,0.006
9468,2023,03/15,16.497893783053026,Santa Helena,36.0,0.5,0.95,0.013,0.006
9469,2024,03/15,15.570275016886983,Santa Helena,36.0,0.5,0.95,0.013,0.006
9470,2015,03/15,16.356064111952296,São Miguel do Iguaçu,36.0,0.5,0.95,0.013,0.006
9471,2016,03/15,13.198655221289226,São Miguel do Iguaçu,36.0,0.5,0.95,0.013,0.006
9472,2017,03/15,15.829766873603484,São Miguel do Iguaçu,36.0,0.5,0.95,0.013,0.006
9473,2018,03/15,15.038987276969987,São Miguel do Iguaçu,36.0,0.5,0.95,0.013,0.006
9474,2019,03/15,16.208512982510257,São Miguel do Iguaçu,36.0,0.5,0.95,0.013,0.006
9475,2020,03/15,14.727259357822708,São Miguel do Iguaçu,36.0,0.5,0.95,0.013,0.006
9476,2021,03/15,15.681616349019539,São Miguel do Iguaçu,36.0,0.5,0.95,0.013,0.006
9477,2022,03/15,14.238602051726362,São Miguel do Iguaçu,36.0,0.5,0.95,0.013,0.006
9478,2023,03/15,16.199494548542315,São Miguel do Iguaçu,36.0,0.5,0.95,0.013,0.006
9479,2024,03/15,14.834805996096241,São Miguel do Iguaçu,36.0,0.5,0.95,0.013,0.006
9480,2015,03/15,15.433225842392812,São Pedro do Iguaçu,36.0,0.5,0.95,0.013,0.006
9481,2016,03/15,11.7031730865017,São Pedro do Iguaçu,36.0,0.5,0.95,0.013,0.006
9482,2017,03/15,14.81046669760785,São Pedro do Iguaçu,36.0,0.5,0.95,0.013,0.006
9483,2018,03/15,14.334207711019836,São Pedro do Iguaçu,36.0,0.5,0.95,0.013,0.006
9484,2019,03/15,15.526545297835263,São Pedro do Iguaçu,36.0,0.5,0.95,0.013,0.006
9485,2020,03/15,11.552205883554503,São Pedro do Iguaçu,36.0,0.5,0.95,0.013,0.006
9486,2021,03/15,15.0207438759585,São Pedro do Iguaçu,36.0,0.5,0.95,0.013,0.006
9487,2022,03/15,13.168441274350993,São Pedro do Iguaçu,36.0,0.5,0.95,0.013,0.006
9488,2023,03/15,15.257694828423626,São Pedro do Iguaçu,36.0,0.5,0.95,0.013,0.006
9489,2024,03/15,12.416310874220915,São Pedro do Iguaçu,36.0,0.5,0.95,0.013,0.006
9490,2015,03/15,16.093606192499504,Toledo,36.0,0.5,0.95,0.013,0.006
9491,2016,03/15,12.63231981234821,Toledo,36.0,0.5,0.95,0.013,0.006
9492,2017,03/15,15.350079830424573,Toledo,36.0,0.5,0.95,0.013,0.006
9493,2018,03/15,15.255837391482483,Toledo,36.0,0.5,0.95,0.013,0.006
9494,2019,03/15,16.06745097440484,Toledo,36.0,0.5,0.95,0.013,0.006
9495,2020,03/15,15.362493414235473,Toledo,36.0,0.5,0.95,0.013,0.006
9496,2021,03/15,15.611092904693368,Toledo,36.0,0.5,0.95,0.013,0.006
9497,2022,03/15,13.892376163416593,Toledo,36.0,0.5,0.95,0.013,0.006
9498,2023,03/15,15.780925112788431,Toledo,36.0,0.5,0.95,0.013,0.006
9499,2024,03/15,15.923341671814129,Toledo,36.0,0.5,0.95,0.013,0.006
9500,2015,03/15,15.39082571907394,Cascavel,36.0,0.5,0.95,0.013,0.007
9501,2016,03/15,11.218854039289049,Cascavel,36.0,0.5,0.95,0.013,0.007
9502,2017,03/15,14.460283312340088,Cascavel,36.0,0.5,0.95,0.013,0.007
9503,2018,03/15,13.991239998039925,Cascavel,36.0,0.5,0.95,0.013,0.007
9504,2019,03/15,15.322058815655277,Cascavel,36.0,0.5,0.95,0.013,0.007
9505,2020,03/15,9.60113734108499,Cascavel,36.0,0.5,0.95,0.013,0.007
9506,2021,03/15,14.489121478300488,Cascavel,36.0,0.5,0.95,0.013,0.007
9507,2022,03/15,13.027383699922344,Cascavel,36.0,0.5,0.95,0.013,0.007
9508,2023,03/15,14.571075302697318,Cascavel,36.0,0.5,0.95,0.013,0.007
9509,2024,03/15,15.082242030198463,Cascavel,36.0,0.5,0.95,0.013,0.007
9510,2015,03/15,16.35611388357815,Foz do Iguaçu,36.0,0.5,0.95,0.013,0.007
9511,2016,03/15,13.198720895217784,Foz do Iguaçu,36.0,0.5,0.95,0.013,0.007
9512,2017,03/15,15.829843209219806,Foz do Iguaçu,36.0,0.5,0.95,0.013,0.007
9513,2018,03/15,15.039018242026605,Foz do Iguaçu,36.0,0.5,0.95,0.013,0.007
9514,2019,03/15,16.208608195033904,Foz do Iguaçu,36.0,0.5,0.95,0.013,0.007
9515,2020,03/15,14.727384682020565,Foz do Iguaçu,36.0,0.5,0.95,0.013,0.007
9516,2021,03/15,15.68207543958902,Foz do Iguaçu,36.0,0.5,0.95,0.013,0.007
9517,2022,03/15,14.238602051726359,Foz do Iguaçu,36.0,0.5,0.95,0.013,0.007
9518,2023,03/15,16.199611927532366,Foz do Iguaçu,36.0,0.5,0.95,0.013,0.007
9519,2024,03/15,14.83488463401256,Foz do Iguaçu,36.0,0.5,0.95,0.013,0.007
9520,2015,03/15,16.755875473671058,Guaíra,36.0,0.5,0.95,0.013,0.007
9521,2016,03/15,13.906489459623652,Guaíra,36.0,0.5,0.95,0.013,0.007
9522,2017,03/15,16.133472900114377,Guaíra,36.0,0.5,0.95,0.013,0.007
9523,2018,03/15,15.898459088622676,Guaíra,36.0,0.5,0.95,0.013,0.007
9524,2019,03/15,16.65824753264637,Guaíra,36.0,0.5,0.95,0.013,0.007
9525,2020,03/15,16.114535813836294,Guaíra,36.0,0.5,0.95,0.013,0.007
9526,2021,03/15,15.993516308224455,Guaíra,36.0,0.5,0.95,0.013,0.007
9527,2022,03/15,14.92311093664074,Guaíra,36.0,0.5,0.95,0.013,0.007
9528,2023,03/15,16.267128761567054,Guaíra,36.0,0.5,0.95,0.013,0.007
9529,2024,03/15,16.46742435003987,Guaíra,36.0,0.5,0.95,0.013,0.007
9530,2015,03/15,16.777609007945546,Marechal Cândido Rondon,36.0,0.5,0.95,0.013,0.007
9531,2016,03/15,14.038844904118928,Marechal Cândido Rondon,36.0,0.5,0.95,0.013,0.007
9532,2017,03/15,16.26141714587084,Marechal Cândido Rondon,36.0,0.5,0.95,0.013,0.007
9533,2018,03/15,15.99528959233018,Marechal Cândido Rondon,36.0,0.5,0.95,0.013,0.007
9534,2019,03/15,16.688316641230312,Marechal Cândido Rondon,36.0,0.5,0.95,0.013,0.007
9535,2020,03/15,15.960164629043941,Marechal Cândido Rondon,36.0,0.5,0.95,0.013,0.007
9536,2021,03/15,16.272336169460065,Marechal Cândido Rondon,36.0,0.5,0.95,0.013,0.007
9537,2022,03/15,14.965673848307548,Marechal Cândido Rondon,36.0,0.5,0.95,0.013,0.007
9538,2023,03/15,16.431142846131507,Marechal Cândido Rondon,36.0,0.5,0.95,0.013,0.007
9539,2024,03/15,16.121575089610953,Marechal Cândido Rondon,36.0,0.5,0.95,0.013,0.007
9540,2015,03/15,15.80053255643514,Matelândia,36.0,0.5,0.95,0.013,0.007
9541,2016,03/15,12.167886049818259,Matelândia,36.0,0.5,0.95,0.013,0.007
9542,2017,03/15,15.264451296856933,Matelândia,36.0,0.5,0.95,0.013,0.007
9543,2018,03/15,14.38693755809291,Matelândia,36.0,0.5,0.95,0.013,0.007
9544,2019,03/15,15.765460738417742,Matelândia,36.0,0.5,0.95,0.013,0.007
9545,2020,03/15,14.242375600796802,Matelândia,36.0,0.5,0.95,0.013,0.007
9546,2021,03/15,15.297626644307591,Matelândia,36.0,0.5,0.95,0.013,0.007
9547,2022,03/15,13.625424338862349,Matelândia,36.0,0.5,0.95,0.013,0.007
9548,2023,03/15,15.591087711468175,Matelândia,36.0,0.5,0.95,0.013,0.007
9549,2024,03/15,14.836376130239252,Matelândia,36.0,0.5,0.95,0.013,0.007
9550,2015,03/15,16.355873138549043,Medianeira,36.0,0.5,0.95,0.013,0.007
9551,2016,03/15,13.198417614031596,Medianeira,36.0,0.5,0.95,0.013,0.007
9552,2017,03/15,15.829369250653889,Medianeira,36.0,0.5,0.95,0.013,0.007
9553,2018,03/15,15.038834800057247,Medianeira,36.0,0.5,0.95,0.013,0.007
9554,2019,03/15,16.20802008193474,Medianeira,36.0,0.5,0.95,0.013,0.007
9555,2020,03/15,14.726737917207068,Medianeira,36.0,0.5,0.95,0.013,0.007
9556,2021,03/15,15.679962128576848,Medianeira,36.0,0.5,0.95,0.013,0.007
9557,2022,03/15,14.238602051726362,Medianeira,36.0,0.5,0.95,0.013,0.007
9558,2023,03/15,16.19889487076036,Medianeira,36.0,0.5,0.95,0.013,0.007
9559,2024,03/15,14.834517510129725,Medianeira,36.0,0.5,0.95,0.013,0.007
9560,2015,03/15,16.724006575125813,Santa Helena,36.0,0.5,0.95,0.013,0.007
9561,2016,03/15,14.039993809734266,Santa Helena,36.0,0.5,0.95,0.013,0.007
9562,2017,03/15,16.259694552694743,Santa Helena,36.0,0.5,0.95,0.013,0.007
9563,2018,03/15,15.727901219213596,Santa Helena,36.0,0.5,0.95,0.013,0.007
9564,2019,03/15,16.544829133748625,Santa Helena,36.0,0.5,0.95,0.013,0.007
9565,2020,03/15,15.606389027459983,Santa Helena,36.0,0.5,0.95,0.013,0.007
9566,2021,03/15,16.11880282540672,Santa Helena,36.0,0.5,0.95,0.013,0.007
9567,2022,03/15,14.958396543536292,Santa Helena,36.0,0.5,0.95,0.013,0.007
9568,2023,03/15,16.497893783053026,Santa Helena,36.0,0.5,0.95,0.013,0.007
9569,2024,03/15,15.570275016886983,Santa Helena,36.0,0.5,0.95,0.013,0.007
9570,2015,03/15,16.356064111952296,São Miguel do Iguaçu,36.0,0.5,0.95,0.013,0.007
9571,2016,03/15,13.198655221289226,São Miguel do Iguaçu,36.0,0.5,0.95,0.013,0.007
9572,2017,03/15,15.829766873603484,São Miguel do Iguaçu,36.0,0.5,0.95,0.013,0.007
9573,2018,03/15,15.038987276969987,São Miguel do Iguaçu,36.0,0.5,0.95,0.013,0.007
9574,2019,03/15,16.208512982510257,São Miguel do Iguaçu,36.0,0.5,0.95,0.013,0.007
9575,2020,03/15,14.727259357822708,São Miguel do Iguaçu,36.0,0.5,0.95,0.013,0.007
9576,2021,03/15,15.681616349019539,São Miguel do Iguaçu,36.0,0.5,0.95,0.013,0.007
9577,2022,03/15,14.238602051726362,São Miguel do Iguaçu,36.0,0.5,0.95,0.013,0.007
9578,2023,03/15,16.199494548542315,São Miguel do Iguaçu,36.0,0.5,0.95,0.013,0.007
9579,2024,03/15,14.834805996096241,São Miguel do Iguaçu,36.0,0.5,0.95,0.013,0.007
9580,2015,03/15,15.433225842392812,São Pedro do Iguaçu,36.0,0.5,0.95,0.013,0.007
9581,2016,03/15,11.7031730865017,São Pedro do Iguaçu,36.0,0.5,0.95,0.013,0.007
9582,2017,03/15,14.81046669760785,São Pedro do Iguaçu,36.0,0.5,0.95,0.013,0.007
9583,2018,03/15,14.334207711019836,São Pedro do Iguaçu,36.0,0.5,0.95,0.013,0.007
9584,2019,03/15,15.526545297835263,São Pedro do Iguaçu,36.0,0.5,0.95,0.013,0.007
9585,2020,03/15,11.552205883554503,São Pedro do Iguaçu,36.0,0.5,0.95,0.013,0.007
9586,2021,03/15,15.0207438759585,São Pedro do Iguaçu,36.0,0.5,0.95,0.013,0.007
9587,2022,03/15,13.168441274350993,São Pedro do Iguaçu,36.0,0.5,0.95,0.013,0.007
9588,2023,03/15,15.257694828423626,São Pedro do Iguaçu,36.0,0.5,0.95,0.013,0.007
9589,2024,03/15,12.416310874220915,São Pedro do Iguaçu,36.0,0.5,0.95,0.013,0.007
9590,2015,03/15,16.093606192499504,Toledo,36.0,0.5,0.95,0.013,0.007
9591,2016,03/15,12.63231981234821,Toledo,36.0,0.5,0.95,0.013,0.007
9592,2017,03/15,15.350079830424573,Toledo,36.0,0.5,0.95,0.013,0.007
9593,2018,03/15,15.255837391482483,Toledo,36.0,0.5,0.95,0.013,0.007
9594,2019,03/15,16.06745097440484,Toledo,36.0,0.5,0.95,0.013,0.007
9595,2020,03/15,15.362493414235473,Toledo,36.0,0.5,0.95,0.013,0.007
9596,2021,03/15,15.611092904693368,Toledo,36.0,0.5,0.95,0.013,0.007
9597,2022,03/15,13.892376163416593,Toledo,36.0,0.5,0.95,0.013,0.007
9598,2023,03/15,15.780925112788431,Toledo,36.0,0.5,0.95,0.013,0.007
9599,2024,03/15,15.923341671814129,Toledo,36.0,0.5,0.95,0.013,0.007
