,Year,PlantingDate,YieldFresh_ton_ha,Municipio,WP,HI0,CCx,CGC,CDC
0,2015,02/25,12.254446443161871,Cascavel,30.0,0.45,0.9,0.012,0.006
1,2016,02/25,9.366364643819434,Cascavel,30.0,0.45,0.9,0.012,0.006
2,2017,02/25,11.576679281864179,Cascavel,30.0,0.45,0.9,0.012,0.006
3,2018,02/25,11.18406135118336,Cascavel,30.0,0.45,0.9,0.012,0.006
4,2019,02/25,12.566530298555511,Cascavel,30.0,0.45,0.9,0.012,0.006
5,2020,02/25,11.377110510617506,Cascavel,30.0,0.45,0.9,0.012,0.006
6,2021,02/25,11.996457488091393,Cascavel,30.0,0.45,0.9,0.012,0.006
7,2022,02/25,10.370810507072315,Cascavel,30.0,0.45,0.9,0.012,0.006
8,2023,02/25,11.592297244969117,Cascavel,30.0,0.45,0.9,0.012,0.006
9,2024,02/25,12.461212485852432,Cascavel,30.0,0.45,0.9,0.012,0.006
10,2015,02/25,12.660510992375428,Foz do Iguaçu,30.0,0.45,0.9,0.012,0.006
11,2016,02/25,10.516594485271506,Foz do Iguaçu,30.0,0.45,0.9,0.012,0.006
12,2017,02/25,12.24434586248297,Foz do Iguaçu,30.0,0.45,0.9,0.012,0.006
13,2018,02/25,11.76236731903735,Foz do Iguaçu,30.0,0.45,0.9,0.012,0.006
14,2019,02/25,13.013410756020255,Foz do Iguaçu,30.0,0.45,0.9,0.012,0.006
15,2020,02/25,11.879657295874647,Foz do Iguaçu,30.0,0.45,0.9,0.012,0.006
16,2021,02/25,12.631219550188957,Foz do Iguaçu,30.0,0.45,0.9,0.012,0.006
17,2022,02/25,11.117704594199932,Foz do Iguaçu,30.0,0.45,0.9,0.012,0.006
18,2023,02/25,12.63552120205131,Foz do Iguaçu,30.0,0.45,0.9,0.012,0.006
19,2024,02/25,12.45647756754165,Foz do Iguaçu,30.0,0.45,0.9,0.012,0.006
20,2015,02/25,12.865287511768265,Guaíra,30.0,0.45,0.9,0.012,0.006
21,2016,02/25,10.922684195297572,Guaíra,30.0,0.45,0.9,0.012,0.006
22,2017,02/25,12.449711848879684,Guaíra,30.0,0.45,0.9,0.012,0.006
23,2018,02/25,12.309377434853028,Guaíra,30.0,0.45,0.9,0.012,0.006
24,2019,02/25,13.134244949403133,Guaíra,30.0,0.45,0.9,0.012,0.006
25,2020,02/25,12.596003784793925,Guaíra,30.0,0.45,0.9,0.012,0.006
26,2021,02/25,12.79653037296932,Guaíra,30.0,0.45,0.9,0.012,0.006
27,2022,02/25,11.542121627458624,Guaíra,30.0,0.45,0.9,0.012,0.006
28,2023,02/25,12.6408912159774,Guaíra,30.0,0.45,0.9,0.012,0.006
29,2024,02/25,13.042634693651971,Guaíra,30.0,0.45,0.9,0.012,0.006
30,2015,02/25,12.856334580759512,Marechal Cândido Rondon,30.0,0.45,0.9,0.012,0.006
31,2016,02/25,11.017889881571465,Marechal Cândido Rondon,30.0,0.45,0.9,0.012,0.006
32,2017,02/25,12.52433417023636,Marechal Cândido Rondon,30.0,0.45,0.9,0.012,0.006
33,2018,02/25,12.407658908557718,Marechal Cândido Rondon,30.0,0.45,0.9,0.012,0.006
34,2019,02/25,13.159862638042188,Marechal Cândido Rondon,30.0,0.45,0.9,0.012,0.006
35,2020,02/25,12.560159793004166,Marechal Cândido Rondon,30.0,0.45,0.9,0.012,0.006
36,2021,02/25,12.974844158276934,Marechal Cândido Rondon,30.0,0.45,0.9,0.012,0.006
37,2022,02/25,11.574479694005488,Marechal Cândido Rondon,30.0,0.45,0.9,0.012,0.006
38,2023,02/25,12.744470005702942,Marechal Cândido Rondon,30.0,0.45,0.9,0.012,0.006
39,2024,02/25,12.935900317939655,Marechal Cândido Rondon,30.0,0.45,0.9,0.012,0.006
40,2015,02/25,12.407465722789961,Matelândia,30.0,0.45,0.9,0.012,0.006
41,2016,02/25,9.887271968862912,Matelândia,30.0,0.45,0.9,0.012,0.006
42,2017,02/25,11.94384149584258,Matelândia,30.0,0.45,0.9,0.012,0.006
43,2018,02/25,11.38359525659409,Matelândia,30.0,0.45,0.9,0.012,0.006
44,2019,02/25,12.803716209946698,Matelândia,30.0,0.45,0.9,0.012,0.006
45,2020,02/25,11.534108939919923,Matelândia,30.0,0.45,0.9,0.012,0.006
46,2021,02/25,12.375201807318136,Matelândia,30.0,0.45,0.9,0.012,0.006
47,2022,02/25,10.712100479719737,Matelândia,30.0,0.45,0.9,0.012,0.006
48,2023,02/25,12.22732558193347,Matelândia,30.0,0.45,0.9,0.012,0.006
49,2024,02/25,12.400899831633794,Matelândia,30.0,0.45,0.9,0.012,0.006
50,2015,02/25,12.660001257303492,Medianeira,30.0,0.45,0.9,0.012,0.006
51,2016,02/25,10.51653747254557,Medianeira,30.0,0.45,0.9,0.012,0.006
52,2017,02/25,12.24422694983982,Medianeira,30.0,0.45,0.9,0.012,0.006
53,2018,02/25,11.762624329846195,Medianeira,30.0,0.45,0.9,0.012,0.006
54,2019,02/25,13.013282009153176,Medianeira,30.0,0.45,0.9,0.012,0.006
55,2020,02/25,11.879047533313662,Medianeira,30.0,0.45,0.9,0.012,0.006
56,2021,02/25,12.633360286912055,Medianeira,30.0,0.45,0.9,0.012,0.006
57,2022,02/25,11.117184124236788,Medianeira,30.0,0.45,0.9,0.012,0.006
58,2023,02/25,12.635084215423596,Medianeira,30.0,0.45,0.9,0.012,0.006
59,2024,02/25,12.456241585103967,Medianeira,30.0,0.45,0.9,0.012,0.006
60,2015,02/25,12.827719812780149,Santa Helena,30.0,0.45,0.9,0.012,0.006
61,2016,02/25,11.02717880934755,Santa Helena,30.0,0.45,0.9,0.012,0.006
62,2017,02/25,12.527386502223436,Santa Helena,30.0,0.45,0.9,0.012,0.006
63,2018,02/25,12.261702995327136,Santa Helena,30.0,0.45,0.9,0.012,0.006
64,2019,02/25,13.144660015896994,Santa Helena,30.0,0.45,0.9,0.012,0.006
65,2020,02/25,12.388239212301144,Santa Helena,30.0,0.45,0.9,0.012,0.006
66,2021,02/25,12.62887638045826,Santa Helena,30.0,0.45,0.9,0.012,0.006
67,2022,02/25,11.586886098763555,Santa Helena,30.0,0.45,0.9,0.012,0.006
68,2023,02/25,12.799694421112576,Santa Helena,30.0,0.45,0.9,0.012,0.006
69,2024,02/25,12.708696952260363,Santa Helena,30.0,0.45,0.9,0.012,0.006
70,2015,02/25,12.660408094998798,São Miguel do Iguaçu,30.0,0.45,0.9,0.012,0.006
71,2016,02/25,10.516582949440823,São Miguel do Iguaçu,30.0,0.45,0.9,0.012,0.006
72,2017,02/25,12.244324753238711,São Miguel do Iguaçu,30.0,0.45,0.9,0.012,0.006
73,2018,02/25,11.762428126047448,São Miguel do Iguaçu,30.0,0.45,0.9,0.012,0.006
74,2019,02/25,13.013386304274345,São Miguel do Iguaçu,30.0,0.45,0.9,0.012,0.006
75,2020,02/25,11.87950876943157,São Miguel do Iguaçu,30.0,0.45,0.9,0.012,0.006
76,2021,02/25,12.631065835112887,São Miguel do Iguaçu,30.0,0.45,0.9,0.012,0.006
77,2022,02/25,11.11768001260816,São Miguel do Iguaçu,30.0,0.45,0.9,0.012,0.006
78,2023,02/25,12.63544249220344,São Miguel do Iguaçu,30.0,0.45,0.9,0.012,0.006
79,2024,02/25,12.456435379928926,São Miguel do Iguaçu,30.0,0.45,0.9,0.012,0.006
80,2015,02/25,12.22760240733614,São Pedro do Iguaçu,30.0,0.45,0.9,0.012,0.006
81,2016,02/25,9.622894163130589,São Pedro do Iguaçu,30.0,0.45,0.9,0.012,0.006
82,2017,02/25,11.764810161901812,São Pedro do Iguaçu,30.0,0.45,0.9,0.012,0.006
83,2018,02/25,11.387054543386284,São Pedro do Iguaçu,30.0,0.45,0.9,0.012,0.006
84,2019,02/25,12.656174799305175,São Pedro do Iguaçu,30.0,0.45,0.9,0.012,0.006
85,2020,02/25,11.518772637482114,São Pedro do Iguaçu,30.0,0.45,0.9,0.012,0.006
86,2021,02/25,12.257318445894706,São Pedro do Iguaçu,30.0,0.45,0.9,0.012,0.006
87,2022,02/25,10.438737573531665,São Pedro do Iguaçu,30.0,0.45,0.9,0.012,0.006
88,2023,02/25,12.02451928557114,São Pedro do Iguaçu,30.0,0.45,0.9,0.012,0.006
89,2024,02/25,12.352495126738468,São Pedro do Iguaçu,30.0,0.45,0.9,0.012,0.006
90,2015,02/25,12.556143497311787,Toledo,30.0,0.45,0.9,0.012,0.006
91,2016,02/25,10.211909899458547,Toledo,30.0,0.45,0.9,0.012,0.006
92,2017,02/25,12.044871661600032,Toledo,30.0,0.45,0.9,0.012,0.006
93,2018,02/25,11.931237374320485,Toledo,30.0,0.45,0.9,0.012,0.006
94,2019,02/25,12.885786617678994,Toledo,30.0,0.45,0.9,0.012,0.006
95,2020,02/25,12.284113617982811,Toledo,30.0,0.45,0.9,0.012,0.006
96,2021,02/25,12.649222479517134,Toledo,30.0,0.45,0.9,0.012,0.006
97,2022,02/25,10.912865293735786,Toledo,30.0,0.45,0.9,0.012,0.006
98,2023,02/25,12.34964227513643,Toledo,30.0,0.45,0.9,0.012,0.006
99,2024,02/25,12.795568124760846,Toledo,30.0,0.45,0.9,0.012,0.006
100,2015,02/25,12.254446443161871,Cascavel,30.0,0.45,0.9,0.012,0.007
101,2016,02/25,9.366364643819434,Cascavel,30.0,0.45,0.9,0.012,0.007
102,2017,02/25,11.576679281864179,Cascavel,30.0,0.45,0.9,0.012,0.007
103,2018,02/25,11.18406135118336,Cascavel,30.0,0.45,0.9,0.012,0.007
104,2019,02/25,12.566530298555511,Cascavel,30.0,0.45,0.9,0.012,0.007
105,2020,02/25,11.377110510617506,Cascavel,30.0,0.45,0.9,0.012,0.007
106,2021,02/25,11.996457488091393,Cascavel,30.0,0.45,0.9,0.012,0.007
107,2022,02/25,10.370810507072315,Cascavel,30.0,0.45,0.9,0.012,0.007
108,2023,02/25,11.592297244969117,Cascavel,30.0,0.45,0.9,0.012,0.007
109,2024,02/25,12.461212485852432,Cascavel,30.0,0.45,0.9,0.012,0.007
110,2015,02/25,12.660510992375428,Foz do Iguaçu,30.0,0.45,0.9,0.012,0.007
111,2016,02/25,10.516594485271506,Foz do Iguaçu,30.0,0.45,0.9,0.012,0.007
112,2017,02/25,12.24434586248297,Foz do Iguaçu,30.0,0.45,0.9,0.012,0.007
113,2018,02/25,11.76236731903735,Foz do Iguaçu,30.0,0.45,0.9,0.012,0.007
114,2019,02/25,13.013410756020255,Foz do Iguaçu,30.0,0.45,0.9,0.012,0.007
115,2020,02/25,11.879657295874647,Foz do Iguaçu,30.0,0.45,0.9,0.012,0.007
116,2021,02/25,12.631219550188957,Foz do Iguaçu,30.0,0.45,0.9,0.012,0.007
117,2022,02/25,11.117704594199932,Foz do Iguaçu,30.0,0.45,0.9,0.012,0.007
118,2023,02/25,12.63552120205131,Foz do Iguaçu,30.0,0.45,0.9,0.012,0.007
119,2024,02/25,12.45647756754165,Foz do Iguaçu,30.0,0.45,0.9,0.012,0.007
120,2015,02/25,12.865287511768265,Guaíra,30.0,0.45,0.9,0.012,0.007
121,2016,02/25,10.922684195297572,Guaíra,30.0,0.45,0.9,0.012,0.007
122,2017,02/25,12.449711848879684,Guaíra,30.0,0.45,0.9,0.012,0.007
123,2018,02/25,12.309377434853028,Guaíra,30.0,0.45,0.9,0.012,0.007
124,2019,02/25,13.134244949403133,Guaíra,30.0,0.45,0.9,0.012,0.007
125,2020,02/25,12.596003784793925,Guaíra,30.0,0.45,0.9,0.012,0.007
126,2021,02/25,12.79653037296932,Guaíra,30.0,0.45,0.9,0.012,0.007
127,2022,02/25,11.542121627458624,Guaíra,30.0,0.45,0.9,0.012,0.007
128,2023,02/25,12.6408912159774,Guaíra,30.0,0.45,0.9,0.012,0.007
129,2024,02/25,13.042634693651971,Guaíra,30.0,0.45,0.9,0.012,0.007
130,2015,02/25,12.856334580759512,Marechal Cândido Rondon,30.0,0.45,0.9,0.012,0.007
131,2016,02/25,11.017889881571465,Marechal Cândido Rondon,30.0,0.45,0.9,0.012,0.007
132,2017,02/25,12.52433417023636,Marechal Cândido Rondon,30.0,0.45,0.9,0.012,0.007
133,2018,02/25,12.407658908557718,Marechal Cândido Rondon,30.0,0.45,0.9,0.012,0.007
134,2019,02/25,13.159862638042188,Marechal Cândido Rondon,30.0,0.45,0.9,0.012,0.007
135,2020,02/25,12.560159793004166,Marechal Cândido Rondon,30.0,0.45,0.9,0.012,0.007
136,2021,02/25,12.974844158276934,Marechal Cândido Rondon,30.0,0.45,0.9,0.012,0.007
137,2022,02/25,11.574479694005488,Marechal Cândido Rondon,30.0,0.45,0.9,0.012,0.007
138,2023,02/25,12.744470005702942,Marechal Cândido Rondon,30.0,0.45,0.9,0.012,0.007
139,2024,02/25,12.935900317939655,Marechal Cândido Rondon,30.0,0.45,0.9,0.012,0.007
140,2015,02/25,12.407465722789961,Matelândia,30.0,0.45,0.9,0.012,0.007
141,2016,02/25,9.887271968862912,Matelândia,30.0,0.45,0.9,0.012,0.007
142,2017,02/25,11.94384149584258,Matelândia,30.0,0.45,0.9,0.012,0.007
143,2018,02/25,11.38359525659409,Matelândia,30.0,0.45,0.9,0.012,0.007
144,2019,02/25,12.803716209946698,Matelândia,30.0,0.45,0.9,0.012,0.007
145,2020,02/25,11.534108939919923,Matelândia,30.0,0.45,0.9,0.012,0.007
146,2021,02/25,12.375201807318136,Matelândia,30.0,0.45,0.9,0.012,0.007
147,2022,02/25,10.712100479719737,Matelândia,30.0,0.45,0.9,0.012,0.007
148,2023,02/25,12.22732558193347,Matelândia,30.0,0.45,0.9,0.012,0.007
149,2024,02/25,12.400899831633794,Matelândia,30.0,0.45,0.9,0.012,0.007
150,2015,02/25,12.660001257303492,Medianeira,30.0,0.45,0.9,0.012,0.007
151,2016,02/25,10.51653747254557,Medianeira,30.0,0.45,0.9,0.012,0.007
152,2017,02/25,12.24422694983982,Medianeira,30.0,0.45,0.9,0.012,0.007
153,2018,02/25,11.762624329846195,Medianeira,30.0,0.45,0.9,0.012,0.007
154,2019,02/25,13.013282009153176,Medianeira,30.0,0.45,0.9,0.012,0.007
155,2020,02/25,11.879047533313662,Medianeira,30.0,0.45,0.9,0.012,0.007
156,2021,02/25,12.633360286912055,Medianeira,30.0,0.45,0.9,0.012,0.007
157,2022,02/25,11.117184124236788,Medianeira,30.0,0.45,0.9,0.012,0.007
158,2023,02/25,12.635084215423596,Medianeira,30.0,0.45,0.9,0.012,0.007
159,2024,02/25,12.456241585103967,Medianeira,30.0,0.45,0.9,0.012,0.007
160,2015,02/25,12.827719812780149,Santa Helena,30.0,0.45,0.9,0.012,0.007
161,2016,02/25,11.02717880934755,Santa Helena,30.0,0.45,0.9,0.012,0.007
162,2017,02/25,12.527386502223436,Santa Helena,30.0,0.45,0.9,0.012,0.007
163,2018,02/25,12.261702995327136,Santa Helena,30.0,0.45,0.9,0.012,0.007
164,2019,02/25,13.144660015896994,Santa Helena,30.0,0.45,0.9,0.012,0.007
165,2020,02/25,12.388239212301144,Santa Helena,30.0,0.45,0.9,0.012,0.007
166,2021,02/25,12.62887638045826,Santa Helena,30.0,0.45,0.9,0.012,0.007
167,2022,02/25,11.586886098763555,Santa Helena,30.0,0.45,0.9,0.012,0.007
168,2023,02/25,12.799694421112576,Santa Helena,30.0,0.45,0.9,0.012,0.007
169,2024,02/25,12.708696952260363,Santa Helena,30.0,0.45,0.9,0.012,0.007
170,2015,02/25,12.660408094998798,São Miguel do Iguaçu,30.0,0.45,0.9,0.012,0.007
171,2016,02/25,10.516582949440823,São Miguel do Iguaçu,30.0,0.45,0.9,0.012,0.007
172,2017,02/25,12.244324753238711,São Miguel do Iguaçu,30.0,0.45,0.9,0.012,0.007
173,2018,02/25,11.762428126047448,São Miguel do Iguaçu,30.0,0.45,0.9,0.012,0.007
174,2019,02/25,13.013386304274345,São Miguel do Iguaçu,30.0,0.45,0.9,0.012,0.007
175,2020,02/25,11.87950876943157,São Miguel do Iguaçu,30.0,0.45,0.9,0.012,0.007
176,2021,02/25,12.631065835112887,São Miguel do Iguaçu,30.0,0.45,0.9,0.012,0.007
177,2022,02/25,11.11768001260816,São Miguel do Iguaçu,30.0,0.45,0.9,0.012,0.007
178,2023,02/25,12.63544249220344,São Miguel do Iguaçu,30.0,0.45,0.9,0.012,0.007
179,2024,02/25,12.456435379928926,São Miguel do Iguaçu,30.0,0.45,0.9,0.012,0.007
180,2015,02/25,12.22760240733614,São Pedro do Iguaçu,30.0,0.45,0.9,0.012,0.007
181,2016,02/25,9.622894163130589,São Pedro do Iguaçu,30.0,0.45,0.9,0.012,0.007
182,2017,02/25,11.764810161901812,São Pedro do Iguaçu,30.0,0.45,0.9,0.012,0.007
183,2018,02/25,11.387054543386284,São Pedro do Iguaçu,30.0,0.45,0.9,0.012,0.007
184,2019,02/25,12.656174799305175,São Pedro do Iguaçu,30.0,0.45,0.9,0.012,0.007
185,2020,02/25,11.518772637482114,São Pedro do Iguaçu,30.0,0.45,0.9,0.012,0.007
186,2021,02/25,12.257318445894706,São Pedro do Iguaçu,30.0,0.45,0.9,0.012,0.007
187,2022,02/25,10.438737573531665,São Pedro do Iguaçu,30.0,0.45,0.9,0.012,0.007
188,2023,02/25,12.02451928557114,São Pedro do Iguaçu,30.0,0.45,0.9,0.012,0.007
189,2024,02/25,12.352495126738468,São Pedro do Iguaçu,30.0,0.45,0.9,0.012,0.007
190,2015,02/25,12.556143497311787,Toledo,30.0,0.45,0.9,0.012,0.007
191,2016,02/25,10.211909899458547,Toledo,30.0,0.45,0.9,0.012,0.007
192,2017,02/25,12.044871661600032,Toledo,30.0,0.45,0.9,0.012,0.007
193,2018,02/25,11.931237374320485,Toledo,30.0,0.45,0.9,0.012,0.007
194,2019,02/25,12.885786617678994,Toledo,30.0,0.45,0.9,0.012,0.007
195,2020,02/25,12.284113617982811,Toledo,30.0,0.45,0.9,0.012,0.007
196,2021,02/25,12.649222479517134,Toledo,30.0,0.45,0.9,0.012,0.007
197,2022,02/25,10.912865293735786,Toledo,30.0,0.45,0.9,0.012,0.007
198,2023,02/25,12.34964227513643,Toledo,30.0,0.45,0.9,0.012,0.007
199,2024,02/25,12.795568124760846,Toledo,30.0,0.45,0.9,0.012,0.007
200,2015,02/25,12.254446443161871,Cascavel,30.0,0.45,0.9,0.013,0.006
201,2016,02/25,9.366364643819434,Cascavel,30.0,0.45,0.9,0.013,0.006
202,2017,02/25,11.576679281864179,Cascavel,30.0,0.45,0.9,0.013,0.006
203,2018,02/25,11.18406135118336,Cascavel,30.0,0.45,0.9,0.013,0.006
204,2019,02/25,12.566530298555511,Cascavel,30.0,0.45,0.9,0.013,0.006
205,2020,02/25,11.377110510617506,Cascavel,30.0,0.45,0.9,0.013,0.006
206,2021,02/25,11.996457488091393,Cascavel,30.0,0.45,0.9,0.013,0.006
207,2022,02/25,10.370810507072315,Cascavel,30.0,0.45,0.9,0.013,0.006
208,2023,02/25,11.592297244969117,Cascavel,30.0,0.45,0.9,0.013,0.006
209,2024,02/25,12.461212485852432,Cascavel,30.0,0.45,0.9,0.013,0.006
210,2015,02/25,12.660510992375428,Foz do Iguaçu,30.0,0.45,0.9,0.013,0.006
211,2016,02/25,10.516594485271506,Foz do Iguaçu,30.0,0.45,0.9,0.013,0.006
212,2017,02/25,12.24434586248297,Foz do Iguaçu,30.0,0.45,0.9,0.013,0.006
213,2018,02/25,11.76236731903735,Foz do Iguaçu,30.0,0.45,0.9,0.013,0.006
214,2019,02/25,13.013410756020255,Foz do Iguaçu,30.0,0.45,0.9,0.013,0.006
215,2020,02/25,11.879657295874647,Foz do Iguaçu,30.0,0.45,0.9,0.013,0.006
216,2021,02/25,12.631219550188957,Foz do Iguaçu,30.0,0.45,0.9,0.013,0.006
217,2022,02/25,11.117704594199932,Foz do Iguaçu,30.0,0.45,0.9,0.013,0.006
218,2023,02/25,12.63552120205131,Foz do Iguaçu,30.0,0.45,0.9,0.013,0.006
219,2024,02/25,12.45647756754165,Foz do Iguaçu,30.0,0.45,0.9,0.013,0.006
220,2015,02/25,12.865287511768265,Guaíra,30.0,0.45,0.9,0.013,0.006
221,2016,02/25,10.922684195297572,Guaíra,30.0,0.45,0.9,0.013,0.006
222,2017,02/25,12.449711848879684,Guaíra,30.0,0.45,0.9,0.013,0.006
223,2018,02/25,12.309377434853028,Guaíra,30.0,0.45,0.9,0.013,0.006
224,2019,02/25,13.134244949403133,Guaíra,30.0,0.45,0.9,0.013,0.006
225,2020,02/25,12.596003784793925,Guaíra,30.0,0.45,0.9,0.013,0.006
226,2021,02/25,12.79653037296932,Guaíra,30.0,0.45,0.9,0.013,0.006
227,2022,02/25,11.542121627458624,Guaíra,30.0,0.45,0.9,0.013,0.006
228,2023,02/25,12.6408912159774,Guaíra,30.0,0.45,0.9,0.013,0.006
229,2024,02/25,13.042634693651971,Guaíra,30.0,0.45,0.9,0.013,0.006
230,2015,02/25,12.856334580759512,Marechal Cândido Rondon,30.0,0.45,0.9,0.013,0.006
231,2016,02/25,11.017889881571465,Marechal Cândido Rondon,30.0,0.45,0.9,0.013,0.006
232,2017,02/25,12.52433417023636,Marechal Cândido Rondon,30.0,0.45,0.9,0.013,0.006
233,2018,02/25,12.407658908557718,Marechal Cândido Rondon,30.0,0.45,0.9,0.013,0.006
234,2019,02/25,13.159862638042188,Marechal Cândido Rondon,30.0,0.45,0.9,0.013,0.006
235,2020,02/25,12.560159793004166,Marechal Cândido Rondon,30.0,0.45,0.9,0.013,0.006
236,2021,02/25,12.974844158276934,Marechal Cândido Rondon,30.0,0.45,0.9,0.013,0.006
237,2022,02/25,11.574479694005488,Marechal Cândido Rondon,30.0,0.45,0.9,0.013,0.006
238,2023,02/25,12.744470005702942,Marechal Cândido Rondon,30.0,0.45,0.9,0.013,0.006
239,2024,02/25,12.935900317939655,Marechal Cândido Rondon,30.0,0.45,0.9,0.013,0.006
240,2015,02/25,12.407465722789961,Matelândia,30.0,0.45,0.9,0.013,0.006
241,2016,02/25,9.887271968862912,Matelândia,30.0,0.45,0.9,0.013,0.006
242,2017,02/25,11.94384149584258,Matelândia,30.0,0.45,0.9,0.013,0.006
243,2018,02/25,11.38359525659409,Matelândia,30.0,0.45,0.9,0.013,0.006
244,2019,02/25,12.803716209946698,Matelândia,30.0,0.45,0.9,0.013,0.006
245,2020,02/25,11.534108939919923,Matelândia,30.0,0.45,0.9,0.013,0.006
246,2021,02/25,12.375201807318136,Matelândia,30.0,0.45,0.9,0.013,0.006
247,2022,02/25,10.712100479719737,Matelândia,30.0,0.45,0.9,0.013,0.006
248,2023,02/25,12.22732558193347,Matelândia,30.0,0.45,0.9,0.013,0.006
249,2024,02/25,12.400899831633794,Matelândia,30.0,0.45,0.9,0.013,0.006
250,2015,02/25,12.660001257303492,Medianeira,30.0,0.45,0.9,0.013,0.006
251,2016,02/25,10.51653747254557,Medianeira,30.0,0.45,0.9,0.013,0.006
252,2017,02/25,12.24422694983982,Medianeira,30.0,0.45,0.9,0.013,0.006
253,2018,02/25,11.762624329846195,Medianeira,30.0,0.45,0.9,0.013,0.006
254,2019,02/25,13.013282009153176,Medianeira,30.0,0.45,0.9,0.013,0.006
255,2020,02/25,11.879047533313662,Medianeira,30.0,0.45,0.9,0.013,0.006
256,2021,02/25,12.633360286912055,Medianeira,30.0,0.45,0.9,0.013,0.006
257,2022,02/25,11.117184124236788,Medianeira,30.0,0.45,0.9,0.013,0.006
258,2023,02/25,12.635084215423596,Medianeira,30.0,0.45,0.9,0.013,0.006
259,2024,02/25,12.456241585103967,Medianeira,30.0,0.45,0.9,0.013,0.006
260,2015,02/25,12.827719812780149,Santa Helena,30.0,0.45,0.9,0.013,0.006
261,2016,02/25,11.02717880934755,Santa Helena,30.0,0.45,0.9,0.013,0.006
262,2017,02/25,12.527386502223436,Santa Helena,30.0,0.45,0.9,0.013,0.006
263,2018,02/25,12.261702995327136,Santa Helena,30.0,0.45,0.9,0.013,0.006
264,2019,02/25,13.144660015896994,Santa Helena,30.0,0.45,0.9,0.013,0.006
265,2020,02/25,12.388239212301144,Santa Helena,30.0,0.45,0.9,0.013,0.006
266,2021,02/25,12.62887638045826,Santa Helena,30.0,0.45,0.9,0.013,0.006
267,2022,02/25,11.586886098763555,Santa Helena,30.0,0.45,0.9,0.013,0.006
268,2023,02/25,12.799694421112576,Santa Helena,30.0,0.45,0.9,0.013,0.006
269,2024,02/25,12.708696952260363,Santa Helena,30.0,0.45,0.9,0.013,0.006
270,2015,02/25,12.660408094998798,São Miguel do Iguaçu,30.0,0.45,0.9,0.013,0.006
271,2016,02/25,10.516582949440823,São Miguel do Iguaçu,30.0,0.45,0.9,0.013,0.006
272,2017,02/25,12.244324753238711,São Miguel do Iguaçu,30.0,0.45,0.9,0.013,0.006
273,2018,02/25,11.762428126047448,São Miguel do Iguaçu,30.0,0.45,0.9,0.013,0.006
274,2019,02/25,13.013386304274345,São Miguel do Iguaçu,30.0,0.45,0.9,0.013,0.006
275,2020,02/25,11.87950876943157,São Miguel do Iguaçu,30.0,0.45,0.9,0.013,0.006
276,2021,02/25,12.631065835112887,São Miguel do Iguaçu,30.0,0.45,0.9,0.013,0.006
277,2022,02/25,11.11768001260816,São Miguel do Iguaçu,30.0,0.45,0.9,0.013,0.006
278,2023,02/25,12.63544249220344,São Miguel do Iguaçu,30.0,0.45,0.9,0.013,0.006
279,2024,02/25,12.456435379928926,São Miguel do Iguaçu,30.0,0.45,0.9,0.013,0.006
280,2015,02/25,12.22760240733614,São Pedro do Iguaçu,30.0,0.45,0.9,0.013,0.006
281,2016,02/25,9.622894163130589,São Pedro do Iguaçu,30.0,0.45,0.9,0.013,0.006
282,2017,02/25,11.764810161901812,São Pedro do Iguaçu,30.0,0.45,0.9,0.013,0.006
283,2018,02/25,11.387054543386284,São Pedro do Iguaçu,30.0,0.45,0.9,0.013,0.006
284,2019,02/25,12.656174799305175,São Pedro do Iguaçu,30.0,0.45,0.9,0.013,0.006
285,2020,02/25,11.518772637482114,São Pedro do Iguaçu,30.0,0.45,0.9,0.013,0.006
286,2021,02/25,12.257318445894706,São Pedro do Iguaçu,30.0,0.45,0.9,0.013,0.006
287,2022,02/25,10.438737573531665,São Pedro do Iguaçu,30.0,0.45,0.9,0.013,0.006
288,2023,02/25,12.02451928557114,São Pedro do Iguaçu,30.0,0.45,0.9,0.013,0.006
289,2024,02/25,12.352495126738468,São Pedro do Iguaçu,30.0,0.45,0.9,0.013,0.006
290,2015,02/25,12.556143497311787,Toledo,30.0,0.45,0.9,0.013,0.006
291,2016,02/25,10.211909899458547,Toledo,30.0,0.45,0.9,0.013,0.006
292,2017,02/25,12.044871661600032,Toledo,30.0,0.45,0.9,0.013,0.006
293,2018,02/25,11.931237374320485,Toledo,30.0,0.45,0.9,0.013,0.006
294,2019,02/25,12.885786617678994,Toledo,30.0,0.45,0.9,0.013,0.006
295,2020,02/25,12.284113617982811,Toledo,30.0,0.45,0.9,0.013,0.006
296,2021,02/25,12.649222479517134,Toledo,30.0,0.45,0.9,0.013,0.006
297,2022,02/25,10.912865293735786,Toledo,30.0,0.45,0.9,0.013,0.006
298,2023,02/25,12.34964227513643,Toledo,30.0,0.45,0.9,0.013,0.006
299,2024,02/25,12.795568124760846,Toledo,30.0,0.45,0.9,0.013,0.006
300,2015,02/25,12.254446443161871,Cascavel,30.0,0.45,0.9,0.013,0.007
301,2016,02/25,9.366364643819434,Cascavel,30.0,0.45,0.9,0.013,0.007
302,2017,02/25,11.576679281864179,Cascavel,30.0,0.45,0.9,0.013,0.007
303,2018,02/25,11.18406135118336,Cascavel,30.0,0.45,0.9,0.013,0.007
304,2019,02/25,12.566530298555511,Cascavel,30.0,0.45,0.9,0.013,0.007
305,2020,02/25,11.377110510617506,Cascavel,30.0,0.45,0.9,0.013,0.007
306,2021,02/25,11.996457488091393,Cascavel,30.0,0.45,0.9,0.013,0.007
307,2022,02/25,10.370810507072315,Cascavel,30.0,0.45,0.9,0.013,0.007
308,2023,02/25,11.592297244969117,Cascavel,30.0,0.45,0.9,0.013,0.007
309,2024,02/25,12.461212485852432,Cascavel,30.0,0.45,0.9,0.013,0.007
310,2015,02/25,12.660510992375428,Foz do Iguaçu,30.0,0.45,0.9,0.013,0.007
311,2016,02/25,10.516594485271506,Foz do Iguaçu,30.0,0.45,0.9,0.013,0.007
312,2017,02/25,12.24434586248297,Foz do Iguaçu,30.0,0.45,0.9,0.013,0.007
313,2018,02/25,11.76236731903735,Foz do Iguaçu,30.0,0.45,0.9,0.013,0.007
314,2019,02/25,13.013410756020255,Foz do Iguaçu,30.0,0.45,0.9,0.013,0.007
315,2020,02/25,11.879657295874647,Foz do Iguaçu,30.0,0.45,0.9,0.013,0.007
316,2021,02/25,12.631219550188957,Foz do Iguaçu,30.0,0.45,0.9,0.013,0.007
317,2022,02/25,11.117704594199932,Foz do Iguaçu,30.0,0.45,0.9,0.013,0.007
318,2023,02/25,12.63552120205131,Foz do Iguaçu,30.0,0.45,0.9,0.013,0.007
319,2024,02/25,12.45647756754165,Foz do Iguaçu,30.0,0.45,0.9,0.013,0.007
320,2015,02/25,12.865287511768265,Guaíra,30.0,0.45,0.9,0.013,0.007
321,2016,02/25,10.922684195297572,Guaíra,30.0,0.45,0.9,0.013,0.007
322,2017,02/25,12.449711848879684,Guaíra,30.0,0.45,0.9,0.013,0.007
323,2018,02/25,12.309377434853028,Guaíra,30.0,0.45,0.9,0.013,0.007
324,2019,02/25,13.134244949403133,Guaíra,30.0,0.45,0.9,0.013,0.007
325,2020,02/25,12.596003784793925,Guaíra,30.0,0.45,0.9,0.013,0.007
326,2021,02/25,12.79653037296932,Guaíra,30.0,0.45,0.9,0.013,0.007
327,2022,02/25,11.542121627458624,Guaíra,30.0,0.45,0.9,0.013,0.007
328,2023,02/25,12.6408912159774,Guaíra,30.0,0.45,0.9,0.013,0.007
329,2024,02/25,13.042634693651971,Guaíra,30.0,0.45,0.9,0.013,0.007
330,2015,02/25,12.856334580759512,Marechal Cândido Rondon,30.0,0.45,0.9,0.013,0.007
331,2016,02/25,11.017889881571465,Marechal Cândido Rondon,30.0,0.45,0.9,0.013,0.007
332,2017,02/25,12.52433417023636,Marechal Cândido Rondon,30.0,0.45,0.9,0.013,0.007
333,2018,02/25,12.407658908557718,Marechal Cândido Rondon,30.0,0.45,0.9,0.013,0.007
334,2019,02/25,13.159862638042188,Marechal Cândido Rondon,30.0,0.45,0.9,0.013,0.007
335,2020,02/25,12.560159793004166,Marechal Cândido Rondon,30.0,0.45,0.9,0.013,0.007
336,2021,02/25,12.974844158276934,Marechal Cândido Rondon,30.0,0.45,0.9,0.013,0.007
337,2022,02/25,11.574479694005488,Marechal Cândido Rondon,30.0,0.45,0.9,0.013,0.007
338,2023,02/25,12.744470005702942,Marechal Cândido Rondon,30.0,0.45,0.9,0.013,0.007
339,2024,02/25,12.935900317939655,Marechal Cândido Rondon,30.0,0.45,0.9,0.013,0.007
340,2015,02/25,12.407465722789961,Matelândia,30.0,0.45,0.9,0.013,0.007
341,2016,02/25,9.887271968862912,Matelândia,30.0,0.45,0.9,0.013,0.007
342,2017,02/25,11.94384149584258,Matelândia,30.0,0.45,0.9,0.013,0.007
343,2018,02/25,11.38359525659409,Matelândia,30.0,0.45,0.9,0.013,0.007
344,2019,02/25,12.803716209946698,Matelândia,30.0,0.45,0.9,0.013,0.007
345,2020,02/25,11.534108939919923,Matelândia,30.0,0.45,0.9,0.013,0.007
346,2021,02/25,12.375201807318136,Matelândia,30.0,0.45,0.9,0.013,0.007
347,2022,02/25,10.712100479719737,Matelândia,30.0,0.45,0.9,0.013,0.007
348,2023,02/25,12.22732558193347,Matelândia,30.0,0.45,0.9,0.013,0.007
349,2024,02/25,12.400899831633794,Matelândia,30.0,0.45,0.9,0.013,0.007
350,2015,02/25,12.660001257303492,Medianeira,30.0,0.45,0.9,0.013,0.007
351,2016,02/25,10.51653747254557,Medianeira,30.0,0.45,0.9,0.013,0.007
352,2017,02/25,12.24422694983982,Medianeira,30.0,0.45,0.9,0.013,0.007
353,2018,02/25,11.762624329846195,Medianeira,30.0,0.45,0.9,0.013,0.007
354,2019,02/25,13.013282009153176,Medianeira,30.0,0.45,0.9,0.013,0.007
355,2020,02/25,11.879047533313662,Medianeira,30.0,0.45,0.9,0.013,0.007
356,2021,02/25,12.633360286912055,Medianeira,30.0,0.45,0.9,0.013,0.007
357,2022,02/25,11.117184124236788,Medianeira,30.0,0.45,0.9,0.013,0.007
358,2023,02/25,12.635084215423596,Medianeira,30.0,0.45,0.9,0.013,0.007
359,2024,02/25,12.456241585103967,Medianeira,30.0,0.45,0.9,0.013,0.007
360,2015,02/25,12.827719812780149,Santa Helena,30.0,0.45,0.9,0.013,0.007
361,2016,02/25,11.02717880934755,Santa Helena,30.0,0.45,0.9,0.013,0.007
362,2017,02/25,12.527386502223436,Santa Helena,30.0,0.45,0.9,0.013,0.007
363,2018,02/25,12.261702995327136,Santa Helena,30.0,0.45,0.9,0.013,0.007
364,2019,02/25,13.144660015896994,Santa Helena,30.0,0.45,0.9,0.013,0.007
365,2020,02/25,12.388239212301144,Santa Helena,30.0,0.45,0.9,0.013,0.007
366,2021,02/25,12.62887638045826,Santa Helena,30.0,0.45,0.9,0.013,0.007
367,2022,02/25,11.586886098763555,Santa Helena,30.0,0.45,0.9,0.013,0.007
368,2023,02/25,12.799694421112576,Santa Helena,30.0,0.45,0.9,0.013,0.007
369,2024,02/25,12.708696952260363,Santa Helena,30.0,0.45,0.9,0.013,0.007
370,2015,02/25,12.660408094998798,São Miguel do Iguaçu,30.0,0.45,0.9,0.013,0.007
371,2016,02/25,10.516582949440823,São Miguel do Iguaçu,30.0,0.45,0.9,0.013,0.007
372,2017,02/25,12.244324753238711,São Miguel do Iguaçu,30.0,0.45,0.9,0.013,0.007
373,2018,02/25,11.762428126047448,São Miguel do Iguaçu,30.0,0.45,0.9,0.013,0.007
374,2019,02/25,13.013386304274345,São Miguel do Iguaçu,30.0,0.45,0.9,0.013,0.007
375,2020,02/25,11.87950876943157,São Miguel do Iguaçu,30.0,0.45,0.9,0.013,0.007
376,2021,02/25,12.631065835112887,São Miguel do Iguaçu,30.0,0.45,0.9,0.013,0.007
377,2022,02/25,11.11768001260816,São Miguel do Iguaçu,30.0,0.45,0.9,0.013,0.007
378,2023,02/25,12.63544249220344,São Miguel do Iguaçu,30.0,0.45,0.9,0.013,0.007
379,2024,02/25,12.456435379928926,São Miguel do Iguaçu,30.0,0.45,0.9,0.013,0.007
380,2015,02/25,12.22760240733614,São Pedro do Iguaçu,30.0,0.45,0.9,0.013,0.007
381,2016,02/25,9.622894163130589,São Pedro do Iguaçu,30.0,0.45,0.9,0.013,0.007
382,2017,02/25,11.764810161901812,São Pedro do Iguaçu,30.0,0.45,0.9,0.013,0.007
383,2018,02/25,11.387054543386284,São Pedro do Iguaçu,30.0,0.45,0.9,0.013,0.007
384,2019,02/25,12.656174799305175,São Pedro do Iguaçu,30.0,0.45,0.9,0.013,0.007
385,2020,02/25,11.518772637482114,São Pedro do Iguaçu,30.0,0.45,0.9,0.013,0.007
386,2021,02/25,12.257318445894706,São Pedro do Iguaçu,30.0,0.45,0.9,0.013,0.007
387,2022,02/25,10.438737573531665,São Pedro do Iguaçu,30.0,0.45,0.9,0.013,0.007
388,2023,02/25,12.02451928557114,São Pedro do Iguaçu,30.0,0.45,0.9,0.013,0.007
389,2024,02/25,12.352495126738468,São Pedro do Iguaçu,30.0,0.45,0.9,0.013,0.007
390,2015,02/25,12.556143497311787,Toledo,30.0,0.45,0.9,0.013,0.007
391,2016,02/25,10.211909899458547,Toledo,30.0,0.45,0.9,0.013,0.007
392,2017,02/25,12.044871661600032,Toledo,30.0,0.45,0.9,0.013,0.007
393,2018,02/25,11.931237374320485,Toledo,30.0,0.45,0.9,0.013,0.007
394,2019,02/25,12.885786617678994,Toledo,30.0,0.45,0.9,0.013,0.007
395,2020,02/25,12.284113617982811,Toledo,30.0,0.45,0.9,0.013,0.007
396,2021,02/25,12.649222479517134,Toledo,30.0,0.45,0.9,0.013,0.007
397,2022,02/25,10.912865293735786,Toledo,30.0,0.45,0.9,0.013,0.007
398,2023,02/25,12.34964227513643,Toledo,30.0,0.45,0.9,0.013,0.007
399,2024,02/25,12.795568124760846,Toledo,30.0,0.45,0.9,0.013,0.007
400,2015,02/25,12.63456006855713,Cascavel,30.0,0.45,0.95,0.012,0.006
401,2016,02/25,9.660103754026295,Cascavel,30.0,0.45,0.95,0.012,0.006
402,2017,02/25,11.935013075392133,Cascavel,30.0,0.45,0.95,0.012,0.006
403,2018,02/25,11.540889073194355,Cascavel,30.0,0.45,0.95,0.012,0.006
404,2019,02/25,12.95765316581671,Cascavel,30.0,0.45,0.95,0.012,0.006
405,2020,02/25,11.72193544456591,Cascavel,30.0,0.45,0.95,0.012,0.006
406,2021,02/25,12.361270408988304,Cascavel,30.0,0.45,0.95,0.012,0.006
407,2022,02/25,10.69576375233981,Cascavel,30.0,0.45,0.95,0.012,0.006
408,2023,02/25,11.957115522220137,Cascavel,30.0,0.45,0.95,0.012,0.006
409,2024,02/25,12.847120557475034,Cascavel,30.0,0.45,0.95,0.012,0.006
410,2015,02/25,13.056399894217412,Foz do Iguaçu,30.0,0.45,0.95,0.012,0.006
411,2016,02/25,10.849851659404735,Foz do Iguaçu,30.0,0.45,0.95,0.012,0.006
412,2017,02/25,12.629936652682359,Foz do Iguaçu,30.0,0.45,0.95,0.012,0.006
413,2018,02/25,12.138260698117003,Foz do Iguaçu,30.0,0.45,0.95,0.012,0.006
414,2019,02/25,13.417475610643473,Foz do Iguaçu,30.0,0.45,0.95,0.012,0.006
415,2020,02/25,12.242887436759206,Foz do Iguaçu,30.0,0.45,0.95,0.012,0.006
416,2021,02/25,13.020994498427221,Foz do Iguaçu,30.0,0.45,0.95,0.012,0.006
417,2022,02/25,11.469331828363577,Foz do Iguaçu,30.0,0.45,0.95,0.012,0.006
418,2023,02/25,13.035529600466845,Foz do Iguaçu,30.0,0.45,0.95,0.012,0.006
419,2024,02/25,12.840188327809559,Foz do Iguaçu,30.0,0.45,0.95,0.012,0.006
420,2015,02/25,13.268524101495759,Guaíra,30.0,0.45,0.95,0.012,0.006
421,2016,02/25,11.2689907637658,Guaíra,30.0,0.45,0.95,0.012,0.006
422,2017,02/25,12.841988440200966,Guaíra,30.0,0.45,0.95,0.012,0.006
423,2018,02/25,12.70422520691838,Guaíra,30.0,0.45,0.95,0.012,0.006
424,2019,02/25,13.546481968926813,Guaíra,30.0,0.45,0.95,0.012,0.006
425,2020,02/25,12.98606235641609,Guaíra,30.0,0.45,0.95,0.012,0.006
426,2021,02/25,13.191525522198827,Guaíra,30.0,0.45,0.95,0.012,0.006
427,2022,02/25,11.907452055402585,Guaíra,30.0,0.45,0.95,0.012,0.006
428,2023,02/25,13.041633609620135,Guaíra,30.0,0.45,0.95,0.012,0.006
429,2024,02/25,13.453274196471998,Guaíra,30.0,0.45,0.95,0.012,0.006
430,2015,02/25,13.259230080604874,Marechal Cândido Rondon,30.0,0.45,0.95,0.012,0.006
431,2016,02/25,11.367490974896265,Marechal Cândido Rondon,30.0,0.45,0.95,0.012,0.006
432,2017,02/25,12.91905138701078,Marechal Cândido Rondon,30.0,0.45,0.95,0.012,0.006
433,2018,02/25,12.807185091655588,Marechal Cândido Rondon,30.0,0.45,0.95,0.012,0.006
434,2019,02/25,13.572554815027257,Marechal Cândido Rondon,30.0,0.45,0.95,0.012,0.006
435,2020,02/25,12.949225724372427,Marechal Cândido Rondon,30.0,0.45,0.95,0.012,0.006
436,2021,02/25,13.374321364449926,Marechal Cândido Rondon,30.0,0.45,0.95,0.012,0.006
437,2022,02/25,11.940742741820188,Marechal Cândido Rondon,30.0,0.45,0.95,0.012,0.006
438,2023,02/25,13.148671977035443,Marechal Cândido Rondon,30.0,0.45,0.95,0.012,0.006
439,2024,02/25,13.341526048386251,Marechal Cândido Rondon,30.0,0.45,0.95,0.012,0.006
440,2015,02/25,12.794254724928123,Matelândia,30.0,0.45,0.95,0.012,0.006
441,2016,02/25,10.199365896584496,Matelândia,30.0,0.45,0.95,0.012,0.006
442,2017,02/25,12.317411201021516,Matelândia,30.0,0.45,0.95,0.012,0.006
443,2018,02/25,11.747177184331614,Matelândia,30.0,0.45,0.95,0.012,0.006
444,2019,02/25,13.200494898458842,Matelândia,30.0,0.45,0.95,0.012,0.006
445,2020,02/25,11.885001244899936,Matelândia,30.0,0.45,0.95,0.012,0.006
446,2021,02/25,12.753469621859342,Matelândia,30.0,0.45,0.95,0.012,0.006
447,2022,02/25,11.049989587357087,Matelândia,30.0,0.45,0.95,0.012,0.006
448,2023,02/25,12.614151949709845,Matelândia,30.0,0.45,0.95,0.012,0.006
449,2024,02/25,12.78311172841292,Matelândia,30.0,0.45,0.95,0.012,0.006
450,2015,02/25,13.055863622795881,Medianeira,30.0,0.45,0.95,0.012,0.006
451,2016,02/25,10.849782593366042,Medianeira,30.0,0.45,0.95,0.012,0.006
452,2017,02/25,12.629811194178076,Medianeira,30.0,0.45,0.95,0.012,0.006
453,2018,02/25,12.138546951790277,Medianeira,30.0,0.45,0.95,0.012,0.006
454,2019,02/25,13.417338309473104,Medianeira,30.0,0.45,0.95,0.012,0.006
455,2020,02/25,12.242272619393818,Medianeira,30.0,0.45,0.95,0.012,0.006
456,2021,02/25,13.022426245448393,Medianeira,30.0,0.45,0.95,0.012,0.006
457,2022,02/25,11.468793723363907,Medianeira,30.0,0.45,0.95,0.012,0.006
458,2023,02/25,13.035068181597467,Medianeira,30.0,0.45,0.95,0.012,0.006
459,2024,02/25,12.839944196026119,Medianeira,30.0,0.45,0.95,0.012,0.006
460,2015,02/25,13.229350907517901,Santa Helena,30.0,0.45,0.95,0.012,0.006
461,2016,02/25,11.376512764784076,Santa Helena,30.0,0.45,0.95,0.012,0.006
462,2017,02/25,12.922309935122398,Santa Helena,30.0,0.45,0.95,0.012,0.006
463,2018,02/25,12.655581476751884,Santa Helena,30.0,0.45,0.95,0.012,0.006
464,2019,02/25,13.555192956611137,Santa Helena,30.0,0.45,0.95,0.012,0.006
465,2020,02/25,12.770341296382025,Santa Helena,30.0,0.45,0.95,0.012,0.006
466,2021,02/25,12.88526704809996,Santa Helena,30.0,0.45,0.95,0.012,0.006
467,2022,02/25,11.953908403636992,Santa Helena,30.0,0.45,0.95,0.012,0.006
468,2023,02/25,13.204980584361463,Santa Helena,30.0,0.45,0.95,0.012,0.006
469,2024,02/25,13.103513463218901,Santa Helena,30.0,0.45,0.95,0.012,0.006
470,2015,02/25,13.056292971343126,São Miguel do Iguaçu,30.0,0.45,0.95,0.012,0.006
471,2016,02/25,10.849838471518801,São Miguel do Iguaçu,30.0,0.45,0.95,0.012,0.006
472,2017,02/25,12.62991930829948,São Miguel do Iguaçu,30.0,0.45,0.95,0.012,0.006
473,2018,02/25,12.13832031550695,São Miguel do Iguaçu,30.0,0.45,0.95,0.012,0.006
474,2019,02/25,13.417450163500689,São Miguel do Iguaçu,30.0,0.45,0.95,0.012,0.006
475,2020,02/25,12.242730500094849,São Miguel do Iguaçu,30.0,0.45,0.95,0.012,0.006
476,2021,02/25,13.021231564155933,São Miguel do Iguaçu,30.0,0.45,0.95,0.012,0.006
477,2022,02/25,11.46930641045999,São Miguel do Iguaçu,30.0,0.45,0.95,0.012,0.006
478,2023,02/25,13.035447807522694,São Miguel do Iguaçu,30.0,0.45,0.95,0.012,0.006
479,2024,02/25,12.840149083449703,São Miguel do Iguaçu,30.0,0.45,0.95,0.012,0.006
480,2015,02/25,12.607675063389419,São Pedro do Iguaçu,30.0,0.45,0.95,0.012,0.006
481,2016,02/25,9.92580248601423,São Pedro do Iguaçu,30.0,0.45,0.95,0.012,0.006
482,2017,02/25,12.13045960749093,São Pedro do Iguaçu,30.0,0.45,0.95,0.012,0.006
483,2018,02/25,11.751333648003667,São Pedro do Iguaçu,30.0,0.45,0.95,0.012,0.006
484,2019,02/25,13.049215712929653,São Pedro do Iguaçu,30.0,0.45,0.95,0.012,0.006
485,2020,02/25,11.868602295419594,São Pedro do Iguaçu,30.0,0.45,0.95,0.012,0.006
486,2021,02/25,12.636004366678936,São Pedro do Iguaçu,30.0,0.45,0.95,0.012,0.006
487,2022,02/25,10.767077605058091,São Pedro do Iguaçu,30.0,0.45,0.95,0.012,0.006
488,2023,02/25,12.404345782877968,São Pedro do Iguaçu,30.0,0.45,0.95,0.012,0.006
489,2024,02/25,12.73474587175267,São Pedro do Iguaçu,30.0,0.45,0.95,0.012,0.006
490,2015,02/25,12.94799823413529,Toledo,30.0,0.45,0.95,0.012,0.006
491,2016,02/25,10.534612645587837,Toledo,30.0,0.45,0.95,0.012,0.006
492,2017,02/25,12.421779056586843,Toledo,30.0,0.45,0.95,0.012,0.006
493,2018,02/25,12.313896409664,Toledo,30.0,0.45,0.95,0.012,0.006
494,2019,02/25,13.288547027632564,Toledo,30.0,0.45,0.95,0.012,0.006
495,2020,02/25,12.660893462418892,Toledo,30.0,0.45,0.95,0.012,0.006
496,2021,02/25,13.039745614438859,Toledo,30.0,0.45,0.95,0.012,0.006
497,2022,02/25,11.256627126569931,Toledo,30.0,0.45,0.95,0.012,0.006
498,2023,02/25,12.74029558373043,Toledo,30.0,0.45,0.95,0.012,0.006
499,2024,02/25,13.196180986058728,Toledo,30.0,0.45,0.95,0.012,0.006
500,2015,02/25,12.63456006855713,Cascavel,30.0,0.45,0.95,0.012,0.007
501,2016,02/25,9.660103754026295,Cascavel,30.0,0.45,0.95,0.012,0.007
502,2017,02/25,11.935013075392133,Cascavel,30.0,0.45,0.95,0.012,0.007
503,2018,02/25,11.540889073194355,Cascavel,30.0,0.45,0.95,0.012,0.007
504,2019,02/25,12.95765316581671,Cascavel,30.0,0.45,0.95,0.012,0.007
505,2020,02/25,11.72193544456591,Cascavel,30.0,0.45,0.95,0.012,0.007
506,2021,02/25,12.361270408988304,Cascavel,30.0,0.45,0.95,0.012,0.007
507,2022,02/25,10.69576375233981,Cascavel,30.0,0.45,0.95,0.012,0.007
508,2023,02/25,11.957115522220137,Cascavel,30.0,0.45,0.95,0.012,0.007
509,2024,02/25,12.847120557475034,Cascavel,30.0,0.45,0.95,0.012,0.007
510,2015,02/25,13.056399894217412,Foz do Iguaçu,30.0,0.45,0.95,0.012,0.007
511,2016,02/25,10.849851659404735,Foz do Iguaçu,30.0,0.45,0.95,0.012,0.007
512,2017,02/25,12.629936652682359,Foz do Iguaçu,30.0,0.45,0.95,0.012,0.007
513,2018,02/25,12.138260698117003,Foz do Iguaçu,30.0,0.45,0.95,0.012,0.007
514,2019,02/25,13.417475610643473,Foz do Iguaçu,30.0,0.45,0.95,0.012,0.007
515,2020,02/25,12.242887436759206,Foz do Iguaçu,30.0,0.45,0.95,0.012,0.007
516,2021,02/25,13.020994498427221,Foz do Iguaçu,30.0,0.45,0.95,0.012,0.007
517,2022,02/25,11.469331828363577,Foz do Iguaçu,30.0,0.45,0.95,0.012,0.007
518,2023,02/25,13.035529600466845,Foz do Iguaçu,30.0,0.45,0.95,0.012,0.007
519,2024,02/25,12.840188327809559,Foz do Iguaçu,30.0,0.45,0.95,0.012,0.007
520,2015,02/25,13.268524101495759,Guaíra,30.0,0.45,0.95,0.012,0.007
521,2016,02/25,11.2689907637658,Guaíra,30.0,0.45,0.95,0.012,0.007
522,2017,02/25,12.841988440200966,Guaíra,30.0,0.45,0.95,0.012,0.007
523,2018,02/25,12.70422520691838,Guaíra,30.0,0.45,0.95,0.012,0.007
524,2019,02/25,13.546481968926813,Guaíra,30.0,0.45,0.95,0.012,0.007
525,2020,02/25,12.98606235641609,Guaíra,30.0,0.45,0.95,0.012,0.007
526,2021,02/25,13.191525522198827,Guaíra,30.0,0.45,0.95,0.012,0.007
527,2022,02/25,11.907452055402585,Guaíra,30.0,0.45,0.95,0.012,0.007
528,2023,02/25,13.041633609620135,Guaíra,30.0,0.45,0.95,0.012,0.007
529,2024,02/25,13.453274196471998,Guaíra,30.0,0.45,0.95,0.012,0.007
530,2015,02/25,13.259230080604874,Marechal Cândido Rondon,30.0,0.45,0.95,0.012,0.007
531,2016,02/25,11.367490974896265,Marechal Cândido Rondon,30.0,0.45,0.95,0.012,0.007
532,2017,02/25,12.91905138701078,Marechal Cândido Rondon,30.0,0.45,0.95,0.012,0.007
533,2018,02/25,12.807185091655588,Marechal Cândido Rondon,30.0,0.45,0.95,0.012,0.007
534,2019,02/25,13.572554815027257,Marechal Cândido Rondon,30.0,0.45,0.95,0.012,0.007
535,2020,02/25,12.949225724372427,Marechal Cândido Rondon,30.0,0.45,0.95,0.012,0.007
536,2021,02/25,13.374321364449926,Marechal Cândido Rondon,30.0,0.45,0.95,0.012,0.007
537,2022,02/25,11.940742741820188,Marechal Cândido Rondon,30.0,0.45,0.95,0.012,0.007
538,2023,02/25,13.148671977035443,Marechal Cândido Rondon,30.0,0.45,0.95,0.012,0.007
539,2024,02/25,13.341526048386251,Marechal Cândido Rondon,30.0,0.45,0.95,0.012,0.007
540,2015,02/25,12.794254724928123,Matelândia,30.0,0.45,0.95,0.012,0.007
541,2016,02/25,10.199365896584496,Matelândia,30.0,0.45,0.95,0.012,0.007
542,2017,02/25,12.317411201021516,Matelândia,30.0,0.45,0.95,0.012,0.007
543,2018,02/25,11.747177184331614,Matelândia,30.0,0.45,0.95,0.012,0.007
544,2019,02/25,13.200494898458842,Matelândia,30.0,0.45,0.95,0.012,0.007
545,2020,02/25,11.885001244899936,Matelândia,30.0,0.45,0.95,0.012,0.007
546,2021,02/25,12.753469621859342,Matelândia,30.0,0.45,0.95,0.012,0.007
547,2022,02/25,11.049989587357087,Matelândia,30.0,0.45,0.95,0.012,0.007
548,2023,02/25,12.614151949709845,Matelândia,30.0,0.45,0.95,0.012,0.007
549,2024,02/25,12.78311172841292,Matelândia,30.0,0.45,0.95,0.012,0.007
550,2015,02/25,13.055863622795881,Medianeira,30.0,0.45,0.95,0.012,0.007
551,2016,02/25,10.849782593366042,Medianeira,30.0,0.45,0.95,0.012,0.007
552,2017,02/25,12.629811194178076,Medianeira,30.0,0.45,0.95,0.012,0.007
553,2018,02/25,12.138546951790277,Medianeira,30.0,0.45,0.95,0.012,0.007
554,2019,02/25,13.417338309473104,Medianeira,30.0,0.45,0.95,0.012,0.007
555,2020,02/25,12.242272619393818,Medianeira,30.0,0.45,0.95,0.012,0.007
556,2021,02/25,13.022426245448393,Medianeira,30.0,0.45,0.95,0.012,0.007
557,2022,02/25,11.468793723363907,Medianeira,30.0,0.45,0.95,0.012,0.007
558,2023,02/25,13.035068181597467,Medianeira,30.0,0.45,0.95,0.012,0.007
559,2024,02/25,12.839944196026119,Medianeira,30.0,0.45,0.95,0.012,0.007
560,2015,02/25,13.229350907517901,Santa Helena,30.0,0.45,0.95,0.012,0.007
561,2016,02/25,11.376512764784076,Santa Helena,30.0,0.45,0.95,0.012,0.007
562,2017,02/25,12.922309935122398,Santa Helena,30.0,0.45,0.95,0.012,0.007
563,2018,02/25,12.655581476751884,Santa Helena,30.0,0.45,0.95,0.012,0.007
564,2019,02/25,13.555192956611137,Santa Helena,30.0,0.45,0.95,0.012,0.007
565,2020,02/25,12.770341296382025,Santa Helena,30.0,0.45,0.95,0.012,0.007
566,2021,02/25,12.88526704809996,Santa Helena,30.0,0.45,0.95,0.012,0.007
567,2022,02/25,11.953908403636992,Santa Helena,30.0,0.45,0.95,0.012,0.007
568,2023,02/25,13.204980584361463,Santa Helena,30.0,0.45,0.95,0.012,0.007
569,2024,02/25,13.103513463218901,Santa Helena,30.0,0.45,0.95,0.012,0.007
570,2015,02/25,13.056292971343126,São Miguel do Iguaçu,30.0,0.45,0.95,0.012,0.007
571,2016,02/25,10.849838471518801,São Miguel do Iguaçu,30.0,0.45,0.95,0.012,0.007
572,2017,02/25,12.62991930829948,São Miguel do Iguaçu,30.0,0.45,0.95,0.012,0.007
573,2018,02/25,12.13832031550695,São Miguel do Iguaçu,30.0,0.45,0.95,0.012,0.007
574,2019,02/25,13.417450163500689,São Miguel do Iguaçu,30.0,0.45,0.95,0.012,0.007
575,2020,02/25,12.242730500094849,São Miguel do Iguaçu,30.0,0.45,0.95,0.012,0.007
576,2021,02/25,13.021231564155933,São Miguel do Iguaçu,30.0,0.45,0.95,0.012,0.007
577,2022,02/25,11.46930641045999,São Miguel do Iguaçu,30.0,0.45,0.95,0.012,0.007
578,2023,02/25,13.035447807522694,São Miguel do Iguaçu,30.0,0.45,0.95,0.012,0.007
579,2024,02/25,12.840149083449703,São Miguel do Iguaçu,30.0,0.45,0.95,0.012,0.007
580,2015,02/25,12.607675063389419,São Pedro do Iguaçu,30.0,0.45,0.95,0.012,0.007
581,2016,02/25,9.92580248601423,São Pedro do Iguaçu,30.0,0.45,0.95,0.012,0.007
582,2017,02/25,12.13045960749093,São Pedro do Iguaçu,30.0,0.45,0.95,0.012,0.007
583,2018,02/25,11.751333648003667,São Pedro do Iguaçu,30.0,0.45,0.95,0.012,0.007
584,2019,02/25,13.049215712929653,São Pedro do Iguaçu,30.0,0.45,0.95,0.012,0.007
585,2020,02/25,11.868602295419594,São Pedro do Iguaçu,30.0,0.45,0.95,0.012,0.007
586,2021,02/25,12.636004366678936,São Pedro do Iguaçu,30.0,0.45,0.95,0.012,0.007
587,2022,02/25,10.767077605058091,São Pedro do Iguaçu,30.0,0.45,0.95,0.012,0.007
588,2023,02/25,12.404345782877968,São Pedro do Iguaçu,30.0,0.45,0.95,0.012,0.007
589,2024,02/25,12.73474587175267,São Pedro do Iguaçu,30.0,0.45,0.95,0.012,0.007
590,2015,02/25,12.94799823413529,Toledo,30.0,0.45,0.95,0.012,0.007
591,2016,02/25,10.534612645587837,Toledo,30.0,0.45,0.95,0.012,0.007
592,2017,02/25,12.421779056586843,Toledo,30.0,0.45,0.95,0.012,0.007
593,2018,02/25,12.313896409664,Toledo,30.0,0.45,0.95,0.012,0.007
594,2019,02/25,13.288547027632564,Toledo,30.0,0.45,0.95,0.012,0.007
595,2020,02/25,12.660893462418892,Toledo,30.0,0.45,0.95,0.012,0.007
596,2021,02/25,13.039745614438859,Toledo,30.0,0.45,0.95,0.012,0.007
597,2022,02/25,11.256627126569931,Toledo,30.0,0.45,0.95,0.012,0.007
598,2023,02/25,12.74029558373043,Toledo,30.0,0.45,0.95,0.012,0.007
599,2024,02/25,13.196180986058728,Toledo,30.0,0.45,0.95,0.012,0.007
600,2015,02/25,12.63456006855713,Cascavel,30.0,0.45,0.95,0.013,0.006
601,2016,02/25,9.660103754026295,Cascavel,30.0,0.45,0.95,0.013,0.006
602,2017,02/25,11.935013075392133,Cascavel,30.0,0.45,0.95,0.013,0.006
603,2018,02/25,11.540889073194355,Cascavel,30.0,0.45,0.95,0.013,0.006
604,2019,02/25,12.95765316581671,Cascavel,30.0,0.45,0.95,0.013,0.006
605,2020,02/25,11.72193544456591,Cascavel,30.0,0.45,0.95,0.013,0.006
606,2021,02/25,12.361270408988304,Cascavel,30.0,0.45,0.95,0.013,0.006
607,2022,02/25,10.69576375233981,Cascavel,30.0,0.45,0.95,0.013,0.006
608,2023,02/25,11.957115522220137,Cascavel,30.0,0.45,0.95,0.013,0.006
609,2024,02/25,12.847120557475034,Cascavel,30.0,0.45,0.95,0.013,0.006
610,2015,02/25,13.056399894217412,Foz do Iguaçu,30.0,0.45,0.95,0.013,0.006
611,2016,02/25,10.849851659404735,Foz do Iguaçu,30.0,0.45,0.95,0.013,0.006
612,2017,02/25,12.629936652682359,Foz do Iguaçu,30.0,0.45,0.95,0.013,0.006
613,2018,02/25,12.138260698117003,Foz do Iguaçu,30.0,0.45,0.95,0.013,0.006
614,2019,02/25,13.417475610643473,Foz do Iguaçu,30.0,0.45,0.95,0.013,0.006
615,2020,02/25,12.242887436759206,Foz do Iguaçu,30.0,0.45,0.95,0.013,0.006
616,2021,02/25,13.020994498427221,Foz do Iguaçu,30.0,0.45,0.95,0.013,0.006
617,2022,02/25,11.469331828363577,Foz do Iguaçu,30.0,0.45,0.95,0.013,0.006
618,2023,02/25,13.035529600466845,Foz do Iguaçu,30.0,0.45,0.95,0.013,0.006
619,2024,02/25,12.840188327809559,Foz do Iguaçu,30.0,0.45,0.95,0.013,0.006
620,2015,02/25,13.268524101495759,Guaíra,30.0,0.45,0.95,0.013,0.006
621,2016,02/25,11.2689907637658,Guaíra,30.0,0.45,0.95,0.013,0.006
622,2017,02/25,12.841988440200966,Guaíra,30.0,0.45,0.95,0.013,0.006
623,2018,02/25,12.70422520691838,Guaíra,30.0,0.45,0.95,0.013,0.006
624,2019,02/25,13.546481968926813,Guaíra,30.0,0.45,0.95,0.013,0.006
625,2020,02/25,12.98606235641609,Guaíra,30.0,0.45,0.95,0.013,0.006
626,2021,02/25,13.191525522198827,Guaíra,30.0,0.45,0.95,0.013,0.006
627,2022,02/25,11.907452055402585,Guaíra,30.0,0.45,0.95,0.013,0.006
628,2023,02/25,13.041633609620135,Guaíra,30.0,0.45,0.95,0.013,0.006
629,2024,02/25,13.453274196471998,Guaíra,30.0,0.45,0.95,0.013,0.006
630,2015,02/25,13.259230080604874,Marechal Cândido Rondon,30.0,0.45,0.95,0.013,0.006
631,2016,02/25,11.367490974896265,Marechal Cândido Rondon,30.0,0.45,0.95,0.013,0.006
632,2017,02/25,12.91905138701078,Marechal Cândido Rondon,30.0,0.45,0.95,0.013,0.006
633,2018,02/25,12.807185091655588,Marechal Cândido Rondon,30.0,0.45,0.95,0.013,0.006
634,2019,02/25,13.572554815027257,Marechal Cândido Rondon,30.0,0.45,0.95,0.013,0.006
635,2020,02/25,12.949225724372427,Marechal Cândido Rondon,30.0,0.45,0.95,0.013,0.006
636,2021,02/25,13.374321364449926,Marechal Cândido Rondon,30.0,0.45,0.95,0.013,0.006
637,2022,02/25,11.940742741820188,Marechal Cândido Rondon,30.0,0.45,0.95,0.013,0.006
638,2023,02/25,13.148671977035443,Marechal Cândido Rondon,30.0,0.45,0.95,0.013,0.006
639,2024,02/25,13.341526048386251,Marechal Cândido Rondon,30.0,0.45,0.95,0.013,0.006
640,2015,02/25,12.794254724928123,Matelândia,30.0,0.45,0.95,0.013,0.006
641,2016,02/25,10.199365896584496,Matelândia,30.0,0.45,0.95,0.013,0.006
642,2017,02/25,12.317411201021516,Matelândia,30.0,0.45,0.95,0.013,0.006
643,2018,02/25,11.747177184331614,Matelândia,30.0,0.45,0.95,0.013,0.006
644,2019,02/25,13.200494898458842,Matelândia,30.0,0.45,0.95,0.013,0.006
645,2020,02/25,11.885001244899936,Matelândia,30.0,0.45,0.95,0.013,0.006
646,2021,02/25,12.753469621859342,Matelândia,30.0,0.45,0.95,0.013,0.006
647,2022,02/25,11.049989587357087,Matelândia,30.0,0.45,0.95,0.013,0.006
648,2023,02/25,12.614151949709845,Matelândia,30.0,0.45,0.95,0.013,0.006
649,2024,02/25,12.78311172841292,Matelândia,30.0,0.45,0.95,0.013,0.006
650,2015,02/25,13.055863622795881,Medianeira,30.0,0.45,0.95,0.013,0.006
651,2016,02/25,10.849782593366042,Medianeira,30.0,0.45,0.95,0.013,0.006
652,2017,02/25,12.629811194178076,Medianeira,30.0,0.45,0.95,0.013,0.006
653,2018,02/25,12.138546951790277,Medianeira,30.0,0.45,0.95,0.013,0.006
654,2019,02/25,13.417338309473104,Medianeira,30.0,0.45,0.95,0.013,0.006
655,2020,02/25,12.242272619393818,Medianeira,30.0,0.45,0.95,0.013,0.006
656,2021,02/25,13.022426245448393,Medianeira,30.0,0.45,0.95,0.013,0.006
657,2022,02/25,11.468793723363907,Medianeira,30.0,0.45,0.95,0.013,0.006
658,2023,02/25,13.035068181597467,Medianeira,30.0,0.45,0.95,0.013,0.006
659,2024,02/25,12.839944196026119,Medianeira,30.0,0.45,0.95,0.013,0.006
660,2015,02/25,13.229350907517901,Santa Helena,30.0,0.45,0.95,0.013,0.006
661,2016,02/25,11.376512764784076,Santa Helena,30.0,0.45,0.95,0.013,0.006
662,2017,02/25,12.922309935122398,Santa Helena,30.0,0.45,0.95,0.013,0.006
663,2018,02/25,12.655581476751884,Santa Helena,30.0,0.45,0.95,0.013,0.006
664,2019,02/25,13.555192956611137,Santa Helena,30.0,0.45,0.95,0.013,0.006
665,2020,02/25,12.770341296382025,Santa Helena,30.0,0.45,0.95,0.013,0.006
666,2021,02/25,12.88526704809996,Santa Helena,30.0,0.45,0.95,0.013,0.006
667,2022,02/25,11.953908403636992,Santa Helena,30.0,0.45,0.95,0.013,0.006
668,2023,02/25,13.204980584361463,Santa Helena,30.0,0.45,0.95,0.013,0.006
669,2024,02/25,13.103513463218901,Santa Helena,30.0,0.45,0.95,0.013,0.006
670,2015,02/25,13.056292971343126,São Miguel do Iguaçu,30.0,0.45,0.95,0.013,0.006
671,2016,02/25,10.849838471518801,São Miguel do Iguaçu,30.0,0.45,0.95,0.013,0.006
672,2017,02/25,12.62991930829948,São Miguel do Iguaçu,30.0,0.45,0.95,0.013,0.006
673,2018,02/25,12.13832031550695,São Miguel do Iguaçu,30.0,0.45,0.95,0.013,0.006
674,2019,02/25,13.417450163500689,São Miguel do Iguaçu,30.0,0.45,0.95,0.013,0.006
675,2020,02/25,12.242730500094849,São Miguel do Iguaçu,30.0,0.45,0.95,0.013,0.006
676,2021,02/25,13.021231564155933,São Miguel do Iguaçu,30.0,0.45,0.95,0.013,0.006
677,2022,02/25,11.46930641045999,São Miguel do Iguaçu,30.0,0.45,0.95,0.013,0.006
678,2023,02/25,13.035447807522694,São Miguel do Iguaçu,30.0,0.45,0.95,0.013,0.006
679,2024,02/25,12.840149083449703,São Miguel do Iguaçu,30.0,0.45,0.95,0.013,0.006
680,2015,02/25,12.607675063389419,São Pedro do Iguaçu,30.0,0.45,0.95,0.013,0.006
681,2016,02/25,9.92580248601423,São Pedro do Iguaçu,30.0,0.45,0.95,0.013,0.006
682,2017,02/25,12.13045960749093,São Pedro do Iguaçu,30.0,0.45,0.95,0.013,0.006
683,2018,02/25,11.751333648003667,São Pedro do Iguaçu,30.0,0.45,0.95,0.013,0.006
684,2019,02/25,13.049215712929653,São Pedro do Iguaçu,30.0,0.45,0.95,0.013,0.006
685,2020,02/25,11.868602295419594,São Pedro do Iguaçu,30.0,0.45,0.95,0.013,0.006
686,2021,02/25,12.636004366678936,São Pedro do Iguaçu,30.0,0.45,0.95,0.013,0.006
687,2022,02/25,10.767077605058091,São Pedro do Iguaçu,30.0,0.45,0.95,0.013,0.006
688,2023,02/25,12.404345782877968,São Pedro do Iguaçu,30.0,0.45,0.95,0.013,0.006
689,2024,02/25,12.73474587175267,São Pedro do Iguaçu,30.0,0.45,0.95,0.013,0.006
690,2015,02/25,12.94799823413529,Toledo,30.0,0.45,0.95,0.013,0.006
691,2016,02/25,10.534612645587837,Toledo,30.0,0.45,0.95,0.013,0.006
692,2017,02/25,12.421779056586843,Toledo,30.0,0.45,0.95,0.013,0.006
693,2018,02/25,12.313896409664,Toledo,30.0,0.45,0.95,0.013,0.006
694,2019,02/25,13.288547027632564,Toledo,30.0,0.45,0.95,0.013,0.006
695,2020,02/25,12.660893462418892,Toledo,30.0,0.45,0.95,0.013,0.006
696,2021,02/25,13.039745614438859,Toledo,30.0,0.45,0.95,0.013,0.006
697,2022,02/25,11.256627126569931,Toledo,30.0,0.45,0.95,0.013,0.006
698,2023,02/25,12.74029558373043,Toledo,30.0,0.45,0.95,0.013,0.006
699,2024,02/25,13.196180986058728,Toledo,30.0,0.45,0.95,0.013,0.006
700,2015,02/25,12.63456006855713,Cascavel,30.0,0.45,0.95,0.013,0.007
701,2016,02/25,9.660103754026295,Cascavel,30.0,0.45,0.95,0.013,0.007
702,2017,02/25,11.935013075392133,Cascavel,30.0,0.45,0.95,0.013,0.007
703,2018,02/25,11.540889073194355,Cascavel,30.0,0.45,0.95,0.013,0.007
704,2019,02/25,12.95765316581671,Cascavel,30.0,0.45,0.95,0.013,0.007
705,2020,02/25,11.72193544456591,Cascavel,30.0,0.45,0.95,0.013,0.007
706,2021,02/25,12.361270408988304,Cascavel,30.0,0.45,0.95,0.013,0.007
707,2022,02/25,10.69576375233981,Cascavel,30.0,0.45,0.95,0.013,0.007
708,2023,02/25,11.957115522220137,Cascavel,30.0,0.45,0.95,0.013,0.007
709,2024,02/25,12.847120557475034,Cascavel,30.0,0.45,0.95,0.013,0.007
710,2015,02/25,13.056399894217412,Foz do Iguaçu,30.0,0.45,0.95,0.013,0.007
711,2016,02/25,10.849851659404735,Foz do Iguaçu,30.0,0.45,0.95,0.013,0.007
712,2017,02/25,12.629936652682359,Foz do Iguaçu,30.0,0.45,0.95,0.013,0.007
713,2018,02/25,12.138260698117003,Foz do Iguaçu,30.0,0.45,0.95,0.013,0.007
714,2019,02/25,13.417475610643473,Foz do Iguaçu,30.0,0.45,0.95,0.013,0.007
715,2020,02/25,12.242887436759206,Foz do Iguaçu,30.0,0.45,0.95,0.013,0.007
716,2021,02/25,13.020994498427221,Foz do Iguaçu,30.0,0.45,0.95,0.013,0.007
717,2022,02/25,11.469331828363577,Foz do Iguaçu,30.0,0.45,0.95,0.013,0.007
718,2023,02/25,13.035529600466845,Foz do Iguaçu,30.0,0.45,0.95,0.013,0.007
719,2024,02/25,12.840188327809559,Foz do Iguaçu,30.0,0.45,0.95,0.013,0.007
720,2015,02/25,13.268524101495759,Guaíra,30.0,0.45,0.95,0.013,0.007
721,2016,02/25,11.2689907637658,Guaíra,30.0,0.45,0.95,0.013,0.007
722,2017,02/25,12.841988440200966,Guaíra,30.0,0.45,0.95,0.013,0.007
723,2018,02/25,12.70422520691838,Guaíra,30.0,0.45,0.95,0.013,0.007
724,2019,02/25,13.546481968926813,Guaíra,30.0,0.45,0.95,0.013,0.007
725,2020,02/25,12.98606235641609,Guaíra,30.0,0.45,0.95,0.013,0.007
726,2021,02/25,13.191525522198827,Guaíra,30.0,0.45,0.95,0.013,0.007
727,2022,02/25,11.907452055402585,Guaíra,30.0,0.45,0.95,0.013,0.007
728,2023,02/25,13.041633609620135,Guaíra,30.0,0.45,0.95,0.013,0.007
729,2024,02/25,13.453274196471998,Guaíra,30.0,0.45,0.95,0.013,0.007
730,2015,02/25,13.259230080604874,Marechal Cândido Rondon,30.0,0.45,0.95,0.013,0.007
731,2016,02/25,11.367490974896265,Marechal Cândido Rondon,30.0,0.45,0.95,0.013,0.007
732,2017,02/25,12.91905138701078,Marechal Cândido Rondon,30.0,0.45,0.95,0.013,0.007
733,2018,02/25,12.807185091655588,Marechal Cândido Rondon,30.0,0.45,0.95,0.013,0.007
734,2019,02/25,13.572554815027257,Marechal Cândido Rondon,30.0,0.45,0.95,0.013,0.007
735,2020,02/25,12.949225724372427,Marechal Cândido Rondon,30.0,0.45,0.95,0.013,0.007
736,2021,02/25,13.374321364449926,Marechal Cândido Rondon,30.0,0.45,0.95,0.013,0.007
737,2022,02/25,11.940742741820188,Marechal Cândido Rondon,30.0,0.45,0.95,0.013,0.007
738,2023,02/25,13.148671977035443,Marechal Cândido Rondon,30.0,0.45,0.95,0.013,0.007
739,2024,02/25,13.341526048386251,Marechal Cândido Rondon,30.0,0.45,0.95,0.013,0.007
740,2015,02/25,12.794254724928123,Matelândia,30.0,0.45,0.95,0.013,0.007
741,2016,02/25,10.199365896584496,Matelândia,30.0,0.45,0.95,0.013,0.007
742,2017,02/25,12.317411201021516,Matelândia,30.0,0.45,0.95,0.013,0.007
743,2018,02/25,11.747177184331614,Matelândia,30.0,0.45,0.95,0.013,0.007
744,2019,02/25,13.200494898458842,Matelândia,30.0,0.45,0.95,0.013,0.007
745,2020,02/25,11.885001244899936,Matelândia,30.0,0.45,0.95,0.013,0.007
746,2021,02/25,12.753469621859342,Matelândia,30.0,0.45,0.95,0.013,0.007
747,2022,02/25,11.049989587357087,Matelândia,30.0,0.45,0.95,0.013,0.007
748,2023,02/25,12.614151949709845,Matelândia,30.0,0.45,0.95,0.013,0.007
749,2024,02/25,12.78311172841292,Matelândia,30.0,0.45,0.95,0.013,0.007
750,2015,02/25,13.055863622795881,Medianeira,30.0,0.45,0.95,0.013,0.007
751,2016,02/25,10.849782593366042,Medianeira,30.0,0.45,0.95,0.013,0.007
752,2017,02/25,12.629811194178076,Medianeira,30.0,0.45,0.95,0.013,0.007
753,2018,02/25,12.138546951790277,Medianeira,30.0,0.45,0.95,0.013,0.007
754,2019,02/25,13.417338309473104,Medianeira,30.0,0.45,0.95,0.013,0.007
755,2020,02/25,12.242272619393818,Medianeira,30.0,0.45,0.95,0.013,0.007
756,2021,02/25,13.022426245448393,Medianeira,30.0,0.45,0.95,0.013,0.007
757,2022,02/25,11.468793723363907,Medianeira,30.0,0.45,0.95,0.013,0.007
758,2023,02/25,13.035068181597467,Medianeira,30.0,0.45,0.95,0.013,0.007
759,2024,02/25,12.839944196026119,Medianeira,30.0,0.45,0.95,0.013,0.007
760,2015,02/25,13.229350907517901,Santa Helena,30.0,0.45,0.95,0.013,0.007
761,2016,02/25,11.376512764784076,Santa Helena,30.0,0.45,0.95,0.013,0.007
762,2017,02/25,12.922309935122398,Santa Helena,30.0,0.45,0.95,0.013,0.007
763,2018,02/25,12.655581476751884,Santa Helena,30.0,0.45,0.95,0.013,0.007
764,2019,02/25,13.555192956611137,Santa Helena,30.0,0.45,0.95,0.013,0.007
765,2020,02/25,12.770341296382025,Santa Helena,30.0,0.45,0.95,0.013,0.007
766,2021,02/25,12.88526704809996,Santa Helena,30.0,0.45,0.95,0.013,0.007
767,2022,02/25,11.953908403636992,Santa Helena,30.0,0.45,0.95,0.013,0.007
768,2023,02/25,13.204980584361463,Santa Helena,30.0,0.45,0.95,0.013,0.007
769,2024,02/25,13.103513463218901,Santa Helena,30.0,0.45,0.95,0.013,0.007
770,2015,02/25,13.056292971343126,São Miguel do Iguaçu,30.0,0.45,0.95,0.013,0.007
771,2016,02/25,10.849838471518801,São Miguel do Iguaçu,30.0,0.45,0.95,0.013,0.007
772,2017,02/25,12.62991930829948,São Miguel do Iguaçu,30.0,0.45,0.95,0.013,0.007
773,2018,02/25,12.13832031550695,São Miguel do Iguaçu,30.0,0.45,0.95,0.013,0.007
774,2019,02/25,13.417450163500689,São Miguel do Iguaçu,30.0,0.45,0.95,0.013,0.007
775,2020,02/25,12.242730500094849,São Miguel do Iguaçu,30.0,0.45,0.95,0.013,0.007
776,2021,02/25,13.021231564155933,São Miguel do Iguaçu,30.0,0.45,0.95,0.013,0.007
777,2022,02/25,11.46930641045999,São Miguel do Iguaçu,30.0,0.45,0.95,0.013,0.007
778,2023,02/25,13.035447807522694,São Miguel do Iguaçu,30.0,0.45,0.95,0.013,0.007
779,2024,02/25,12.840149083449703,São Miguel do Iguaçu,30.0,0.45,0.95,0.013,0.007
780,2015,02/25,12.607675063389419,São Pedro do Iguaçu,30.0,0.45,0.95,0.013,0.007
781,2016,02/25,9.92580248601423,São Pedro do Iguaçu,30.0,0.45,0.95,0.013,0.007
782,2017,02/25,12.13045960749093,São Pedro do Iguaçu,30.0,0.45,0.95,0.013,0.007
783,2018,02/25,11.751333648003667,São Pedro do Iguaçu,30.0,0.45,0.95,0.013,0.007
784,2019,02/25,13.049215712929653,São Pedro do Iguaçu,30.0,0.45,0.95,0.013,0.007
785,2020,02/25,11.868602295419594,São Pedro do Iguaçu,30.0,0.45,0.95,0.013,0.007
786,2021,02/25,12.636004366678936,São Pedro do Iguaçu,30.0,0.45,0.95,0.013,0.007
787,2022,02/25,10.767077605058091,São Pedro do Iguaçu,30.0,0.45,0.95,0.013,0.007
788,2023,02/25,12.404345782877968,São Pedro do Iguaçu,30.0,0.45,0.95,0.013,0.007
789,2024,02/25,12.73474587175267,São Pedro do Iguaçu,30.0,0.45,0.95,0.013,0.007
790,2015,02/25,12.94799823413529,Toledo,30.0,0.45,0.95,0.013,0.007
791,2016,02/25,10.534612645587837,Toledo,30.0,0.45,0.95,0.013,0.007
792,2017,02/25,12.421779056586843,Toledo,30.0,0.45,0.95,0.013,0.007
793,2018,02/25,12.313896409664,Toledo,30.0,0.45,0.95,0.013,0.007
794,2019,02/25,13.288547027632564,Toledo,30.0,0.45,0.95,0.013,0.007
795,2020,02/25,12.660893462418892,Toledo,30.0,0.45,0.95,0.013,0.007
796,2021,02/25,13.039745614438859,Toledo,30.0,0.45,0.95,0.013,0.007
797,2022,02/25,11.256627126569931,Toledo,30.0,0.45,0.95,0.013,0.007
798,2023,02/25,12.74029558373043,Toledo,30.0,0.45,0.95,0.013,0.007
799,2024,02/25,13.196180986058728,Toledo,30.0,0.45,0.95,0.013,0.007
800,2015,02/25,13.071409539372661,Cascavel,30.0,0.48,0.9,0.012,0.006
801,2016,02/25,9.990788953407396,Cascavel,30.0,0.48,0.9,0.012,0.006
802,2017,02/25,12.348457900655122,Cascavel,30.0,0.48,0.9,0.012,0.006
803,2018,02/25,11.92966544126225,Cascavel,30.0,0.48,0.9,0.012,0.006
804,2019,02/25,13.404298985125878,Cascavel,30.0,0.48,0.9,0.012,0.006
805,2020,02/25,12.135584544658672,Cascavel,30.0,0.48,0.9,0.012,0.006
806,2021,02/25,12.796221320630817,Cascavel,30.0,0.48,0.9,0.012,0.006
807,2022,02/25,11.06219787421047,Cascavel,30.0,0.48,0.9,0.012,0.006
808,2023,02/25,12.365117061300392,Cascavel,30.0,0.48,0.9,0.012,0.006
809,2024,02/25,13.29195998490926,Cascavel,30.0,0.48,0.9,0.012,0.006
810,2015,02/25,13.50454505853379,Foz do Iguaçu,30.0,0.48,0.9,0.012,0.006
811,2016,02/25,11.217700784289606,Foz do Iguaçu,30.0,0.48,0.9,0.012,0.006
812,2017,02/25,13.060635586648502,Foz do Iguaçu,30.0,0.48,0.9,0.012,0.006
813,2018,02/25,12.546525140306503,Foz do Iguaçu,30.0,0.48,0.9,0.012,0.006
814,2019,02/25,13.880971473088273,Foz do Iguaçu,30.0,0.48,0.9,0.012,0.006
815,2020,02/25,12.671634448932958,Foz do Iguaçu,30.0,0.48,0.9,0.012,0.006
816,2021,02/25,13.473300853534887,Foz do Iguaçu,30.0,0.48,0.9,0.012,0.006
817,2022,02/25,11.858884900479927,Foz do Iguaçu,30.0,0.48,0.9,0.012,0.006
818,2023,02/25,13.477889282188064,Foz do Iguaçu,30.0,0.48,0.9,0.012,0.006
819,2024,02/25,13.28690940537776,Foz do Iguaçu,30.0,0.48,0.9,0.012,0.006
820,2015,02/25,13.72297334588615,Guaíra,30.0,0.48,0.9,0.012,0.006
821,2016,02/25,11.650863141650744,Guaíra,30.0,0.48,0.9,0.012,0.006
822,2017,02/25,13.279692638804997,Guaíra,30.0,0.48,0.9,0.012,0.006
823,2018,02/25,13.130002597176562,Guaíra,30.0,0.48,0.9,0.012,0.006
824,2019,02/25,14.009861279363342,Guaíra,30.0,0.48,0.9,0.012,0.006
825,2020,02/25,13.435737370446855,Guaíra,30.0,0.48,0.9,0.012,0.006
826,2021,02/25,13.649632397833942,Guaíra,30.0,0.48,0.9,0.012,0.006
827,2022,02/25,12.31159640262253,Guaíra,30.0,0.48,0.9,0.012,0.006
828,2023,02/25,13.483617297042558,Guaíra,30.0,0.48,0.9,0.012,0.006
829,2024,02/25,13.912143673228769,Guaíra,30.0,0.48,0.9,0.012,0.006
830,2015,02/25,13.713423552810145,Marechal Cândido Rondon,30.0,0.48,0.9,0.012,0.006
831,2016,02/25,11.75241587367623,Marechal Cândido Rondon,30.0,0.48,0.9,0.012,0.006
832,2017,02/25,13.359289781585451,Marechal Cândido Rondon,30.0,0.48,0.9,0.012,0.006
833,2018,02/25,13.234836169128231,Marechal Cândido Rondon,30.0,0.48,0.9,0.012,0.006
834,2019,02/25,14.037186813911669,Marechal Cândido Rondon,30.0,0.48,0.9,0.012,0.006
835,2020,02/25,13.397503779204444,Marechal Cândido Rondon,30.0,0.48,0.9,0.012,0.006
836,2021,02/25,13.839833768828727,Marechal Cândido Rondon,30.0,0.48,0.9,0.012,0.006
837,2022,02/25,12.346111673605854,Marechal Cândido Rondon,30.0,0.48,0.9,0.012,0.006
838,2023,02/25,13.594101339416472,Marechal Cândido Rondon,30.0,0.48,0.9,0.012,0.006
839,2024,02/25,13.798293672468967,Marechal Cândido Rondon,30.0,0.48,0.9,0.012,0.006
840,2015,02/25,13.234630104309293,Matelândia,30.0,0.48,0.9,0.012,0.006
841,2016,02/25,10.546423433453771,Matelândia,30.0,0.48,0.9,0.012,0.006
842,2017,02/25,12.74009759556542,Matelândia,30.0,0.48,0.9,0.012,0.006
843,2018,02/25,12.142501607033694,Matelândia,30.0,0.48,0.9,0.012,0.006
844,2019,02/25,13.657297290609812,Matelândia,30.0,0.48,0.9,0.012,0.006
845,2020,02/25,12.303049535914584,Matelândia,30.0,0.48,0.9,0.012,0.006
846,2021,02/25,13.200215261139343,Matelândia,30.0,0.48,0.9,0.012,0.006
847,2022,02/25,11.426240511701051,Matelândia,30.0,0.48,0.9,0.012,0.006
848,2023,02/25,13.042480620729036,Matelândia,30.0,0.48,0.9,0.012,0.006
849,2024,02/25,13.227626487076048,Matelândia,30.0,0.48,0.9,0.012,0.006
850,2015,02/25,13.504001341123725,Medianeira,30.0,0.48,0.9,0.012,0.006
851,2016,02/25,11.217639970715274,Medianeira,30.0,0.48,0.9,0.012,0.006
852,2017,02/25,13.06050874649581,Medianeira,30.0,0.48,0.9,0.012,0.006
853,2018,02/25,12.546799285169275,Medianeira,30.0,0.48,0.9,0.012,0.006
854,2019,02/25,13.88083414309672,Medianeira,30.0,0.48,0.9,0.012,0.006
855,2020,02/25,12.67098403553457,Medianeira,30.0,0.48,0.9,0.012,0.006
856,2021,02/25,13.475584306039524,Medianeira,30.0,0.48,0.9,0.012,0.006
857,2022,02/25,11.85832973251924,Medianeira,30.0,0.48,0.9,0.012,0.006
858,2023,02/25,13.477423163118502,Medianeira,30.0,0.48,0.9,0.012,0.006
859,2024,02/25,13.286657690777563,Medianeira,30.0,0.48,0.9,0.012,0.006
860,2015,02/25,13.68290113363216,Santa Helena,30.0,0.48,0.9,0.012,0.006
861,2016,02/25,11.762324063304051,Santa Helena,30.0,0.48,0.9,0.012,0.006
862,2017,02/25,13.362545602371664,Santa Helena,30.0,0.48,0.9,0.012,0.006
863,2018,02/25,13.079149861682279,Santa Helena,30.0,0.48,0.9,0.012,0.006
864,2019,02/25,14.020970683623462,Santa Helena,30.0,0.48,0.9,0.012,0.006
865,2020,02/25,13.214121826454553,Santa Helena,30.0,0.48,0.9,0.012,0.006
866,2021,02/25,13.470801472488809,Santa Helena,30.0,0.48,0.9,0.012,0.006
867,2022,02/25,12.35934517201446,Santa Helena,30.0,0.48,0.9,0.012,0.006
868,2023,02/25,13.653007382520084,Santa Helena,30.0,0.48,0.9,0.012,0.006
869,2024,02/25,13.555943415744386,Santa Helena,30.0,0.48,0.9,0.012,0.006
870,2015,02/25,13.504435301332053,São Miguel do Iguaçu,30.0,0.48,0.9,0.012,0.006
871,2016,02/25,11.217688479403545,São Miguel do Iguaçu,30.0,0.48,0.9,0.012,0.006
872,2017,02/25,13.060613070121294,São Miguel do Iguaçu,30.0,0.48,0.9,0.012,0.006
873,2018,02/25,12.546590001117277,São Miguel do Iguaçu,30.0,0.48,0.9,0.012,0.006
874,2019,02/25,13.880945391225968,São Miguel do Iguaçu,30.0,0.48,0.9,0.012,0.006
875,2020,02/25,12.67147602072701,São Miguel do Iguaçu,30.0,0.48,0.9,0.012,0.006
876,2021,02/25,13.473136890787076,São Miguel do Iguaçu,30.0,0.48,0.9,0.012,0.006
877,2022,02/25,11.858858680115372,São Miguel do Iguaçu,30.0,0.48,0.9,0.012,0.006
878,2023,02/25,13.477805325017004,São Miguel do Iguaçu,30.0,0.48,0.9,0.012,0.006
879,2024,02/25,13.286864405257523,São Miguel do Iguaçu,30.0,0.48,0.9,0.012,0.006
880,2015,02/25,13.042775901158548,São Pedro do Iguaçu,30.0,0.48,0.9,0.012,0.006
881,2016,02/25,10.264420440672627,São Pedro do Iguaçu,30.0,0.48,0.9,0.012,0.006
882,2017,02/25,12.549130839361933,São Pedro do Iguaçu,30.0,0.48,0.9,0.012,0.006
883,2018,02/25,12.14619151294537,São Pedro do Iguaçu,30.0,0.48,0.9,0.012,0.006
884,2019,02/25,13.49991978592552,São Pedro do Iguaçu,30.0,0.48,0.9,0.012,0.006
885,2020,02/25,12.286690813314255,São Pedro do Iguaçu,30.0,0.48,0.9,0.012,0.006
886,2021,02/25,13.074473008954351,São Pedro do Iguaçu,30.0,0.48,0.9,0.012,0.006
887,2022,02/25,11.13465341176711,São Pedro do Iguaçu,30.0,0.48,0.9,0.012,0.006
888,2023,02/25,12.826153904609217,São Pedro do Iguaçu,30.0,0.48,0.9,0.012,0.006
889,2024,02/25,13.175994801854365,São Pedro do Iguaçu,30.0,0.48,0.9,0.012,0.006
890,2015,02/25,13.393219730465907,Toledo,30.0,0.48,0.9,0.012,0.006
891,2016,02/25,10.892703892755783,Toledo,30.0,0.48,0.9,0.012,0.006
892,2017,02/25,12.847863105706702,Toledo,30.0,0.48,0.9,0.012,0.006
893,2018,02/25,12.726653199275184,Toledo,30.0,0.48,0.9,0.012,0.006
894,2019,02/25,13.744839058857595,Toledo,30.0,0.48,0.9,0.012,0.006
895,2020,02/25,13.10305452584833,Toledo,30.0,0.48,0.9,0.012,0.006
896,2021,02/25,13.492503978151609,Toledo,30.0,0.48,0.9,0.012,0.006
897,2022,02/25,11.640389646651506,Toledo,30.0,0.48,0.9,0.012,0.006
898,2023,02/25,13.172951760145525,Toledo,30.0,0.48,0.9,0.012,0.006
899,2024,02/25,13.648605999744904,Toledo,30.0,0.48,0.9,0.012,0.006
900,2015,02/25,13.071409539372661,Cascavel,30.0,0.48,0.9,0.012,0.007
901,2016,02/25,9.990788953407396,Cascavel,30.0,0.48,0.9,0.012,0.007
902,2017,02/25,12.348457900655122,Cascavel,30.0,0.48,0.9,0.012,0.007
903,2018,02/25,11.92966544126225,Cascavel,30.0,0.48,0.9,0.012,0.007
904,2019,02/25,13.404298985125878,Cascavel,30.0,0.48,0.9,0.012,0.007
905,2020,02/25,12.135584544658672,Cascavel,30.0,0.48,0.9,0.012,0.007
906,2021,02/25,12.796221320630817,Cascavel,30.0,0.48,0.9,0.012,0.007
907,2022,02/25,11.06219787421047,Cascavel,30.0,0.48,0.9,0.012,0.007
908,2023,02/25,12.365117061300392,Cascavel,30.0,0.48,0.9,0.012,0.007
909,2024,02/25,13.29195998490926,Cascavel,30.0,0.48,0.9,0.012,0.007
910,2015,02/25,13.50454505853379,Foz do Iguaçu,30.0,0.48,0.9,0.012,0.007
911,2016,02/25,11.217700784289606,Foz do Iguaçu,30.0,0.48,0.9,0.012,0.007
912,2017,02/25,13.060635586648502,Foz do Iguaçu,30.0,0.48,0.9,0.012,0.007
913,2018,02/25,12.546525140306503,Foz do Iguaçu,30.0,0.48,0.9,0.012,0.007
914,2019,02/25,13.880971473088273,Foz do Iguaçu,30.0,0.48,0.9,0.012,0.007
915,2020,02/25,12.671634448932958,Foz do Iguaçu,30.0,0.48,0.9,0.012,0.007
916,2021,02/25,13.473300853534887,Foz do Iguaçu,30.0,0.48,0.9,0.012,0.007
917,2022,02/25,11.858884900479927,Foz do Iguaçu,30.0,0.48,0.9,0.012,0.007
918,2023,02/25,13.477889282188064,Foz do Iguaçu,30.0,0.48,0.9,0.012,0.007
919,2024,02/25,13.28690940537776,Foz do Iguaçu,30.0,0.48,0.9,0.012,0.007
920,2015,02/25,13.72297334588615,Guaíra,30.0,0.48,0.9,0.012,0.007
921,2016,02/25,11.650863141650744,Guaíra,30.0,0.48,0.9,0.012,0.007
922,2017,02/25,13.279692638804997,Guaíra,30.0,0.48,0.9,0.012,0.007
923,2018,02/25,13.130002597176562,Guaíra,30.0,0.48,0.9,0.012,0.007
924,2019,02/25,14.009861279363342,Guaíra,30.0,0.48,0.9,0.012,0.007
925,2020,02/25,13.435737370446855,Guaíra,30.0,0.48,0.9,0.012,0.007
926,2021,02/25,13.649632397833942,Guaíra,30.0,0.48,0.9,0.012,0.007
927,2022,02/25,12.31159640262253,Guaíra,30.0,0.48,0.9,0.012,0.007
928,2023,02/25,13.483617297042558,Guaíra,30.0,0.48,0.9,0.012,0.007
929,2024,02/25,13.912143673228769,Guaíra,30.0,0.48,0.9,0.012,0.007
930,2015,02/25,13.713423552810145,Marechal Cândido Rondon,30.0,0.48,0.9,0.012,0.007
931,2016,02/25,11.75241587367623,Marechal Cândido Rondon,30.0,0.48,0.9,0.012,0.007
932,2017,02/25,13.359289781585451,Marechal Cândido Rondon,30.0,0.48,0.9,0.012,0.007
933,2018,02/25,13.234836169128231,Marechal Cândido Rondon,30.0,0.48,0.9,0.012,0.007
934,2019,02/25,14.037186813911669,Marechal Cândido Rondon,30.0,0.48,0.9,0.012,0.007
935,2020,02/25,13.397503779204444,Marechal Cândido Rondon,30.0,0.48,0.9,0.012,0.007
936,2021,02/25,13.839833768828727,Marechal Cândido Rondon,30.0,0.48,0.9,0.012,0.007
937,2022,02/25,12.346111673605854,Marechal Cândido Rondon,30.0,0.48,0.9,0.012,0.007
938,2023,02/25,13.594101339416472,Marechal Cândido Rondon,30.0,0.48,0.9,0.012,0.007
939,2024,02/25,13.798293672468967,Marechal Cândido Rondon,30.0,0.48,0.9,0.012,0.007
940,2015,02/25,13.234630104309293,Matelândia,30.0,0.48,0.9,0.012,0.007
941,2016,02/25,10.546423433453771,Matelândia,30.0,0.48,0.9,0.012,0.007
942,2017,02/25,12.74009759556542,Matelândia,30.0,0.48,0.9,0.012,0.007
943,2018,02/25,12.142501607033694,Matelândia,30.0,0.48,0.9,0.012,0.007
944,2019,02/25,13.657297290609812,Matelândia,30.0,0.48,0.9,0.012,0.007
945,2020,02/25,12.303049535914584,Matelândia,30.0,0.48,0.9,0.012,0.007
946,2021,02/25,13.200215261139343,Matelândia,30.0,0.48,0.9,0.012,0.007
947,2022,02/25,11.426240511701051,Matelândia,30.0,0.48,0.9,0.012,0.007
948,2023,02/25,13.042480620729036,Matelândia,30.0,0.48,0.9,0.012,0.007
949,2024,02/25,13.227626487076048,Matelândia,30.0,0.48,0.9,0.012,0.007
950,2015,02/25,13.504001341123725,Medianeira,30.0,0.48,0.9,0.012,0.007
951,2016,02/25,11.217639970715274,Medianeira,30.0,0.48,0.9,0.012,0.007
952,2017,02/25,13.06050874649581,Medianeira,30.0,0.48,0.9,0.012,0.007
953,2018,02/25,12.546799285169275,Medianeira,30.0,0.48,0.9,0.012,0.007
954,2019,02/25,13.88083414309672,Medianeira,30.0,0.48,0.9,0.012,0.007
955,2020,02/25,12.67098403553457,Medianeira,30.0,0.48,0.9,0.012,0.007
956,2021,02/25,13.475584306039524,Medianeira,30.0,0.48,0.9,0.012,0.007
957,2022,02/25,11.85832973251924,Medianeira,30.0,0.48,0.9,0.012,0.007
958,2023,02/25,13.477423163118502,Medianeira,30.0,0.48,0.9,0.012,0.007
959,2024,02/25,13.286657690777563,Medianeira,30.0,0.48,0.9,0.012,0.007
960,2015,02/25,13.68290113363216,Santa Helena,30.0,0.48,0.9,0.012,0.007
961,2016,02/25,11.762324063304051,Santa Helena,30.0,0.48,0.9,0.012,0.007
962,2017,02/25,13.362545602371664,Santa Helena,30.0,0.48,0.9,0.012,0.007
963,2018,02/25,13.079149861682279,Santa Helena,30.0,0.48,0.9,0.012,0.007
964,2019,02/25,14.020970683623462,Santa Helena,30.0,0.48,0.9,0.012,0.007
965,2020,02/25,13.214121826454553,Santa Helena,30.0,0.48,0.9,0.012,0.007
966,2021,02/25,13.470801472488809,Santa Helena,30.0,0.48,0.9,0.012,0.007
967,2022,02/25,12.35934517201446,Santa Helena,30.0,0.48,0.9,0.012,0.007
968,2023,02/25,13.653007382520084,Santa Helena,30.0,0.48,0.9,0.012,0.007
969,2024,02/25,13.555943415744386,Santa Helena,30.0,0.48,0.9,0.012,0.007
970,2015,02/25,13.504435301332053,São Miguel do Iguaçu,30.0,0.48,0.9,0.012,0.007
971,2016,02/25,11.217688479403545,São Miguel do Iguaçu,30.0,0.48,0.9,0.012,0.007
972,2017,02/25,13.060613070121294,São Miguel do Iguaçu,30.0,0.48,0.9,0.012,0.007
973,2018,02/25,12.546590001117277,São Miguel do Iguaçu,30.0,0.48,0.9,0.012,0.007
974,2019,02/25,13.880945391225968,São Miguel do Iguaçu,30.0,0.48,0.9,0.012,0.007
975,2020,02/25,12.67147602072701,São Miguel do Iguaçu,30.0,0.48,0.9,0.012,0.007
976,2021,02/25,13.473136890787076,São Miguel do Iguaçu,30.0,0.48,0.9,0.012,0.007
977,2022,02/25,11.858858680115372,São Miguel do Iguaçu,30.0,0.48,0.9,0.012,0.007
978,2023,02/25,13.477805325017004,São Miguel do Iguaçu,30.0,0.48,0.9,0.012,0.007
979,2024,02/25,13.286864405257523,São Miguel do Iguaçu,30.0,0.48,0.9,0.012,0.007
980,2015,02/25,13.042775901158548,São Pedro do Iguaçu,30.0,0.48,0.9,0.012,0.007
981,2016,02/25,10.264420440672627,São Pedro do Iguaçu,30.0,0.48,0.9,0.012,0.007
982,2017,02/25,12.549130839361933,São Pedro do Iguaçu,30.0,0.48,0.9,0.012,0.007
983,2018,02/25,12.14619151294537,São Pedro do Iguaçu,30.0,0.48,0.9,0.012,0.007
984,2019,02/25,13.49991978592552,São Pedro do Iguaçu,30.0,0.48,0.9,0.012,0.007
985,2020,02/25,12.286690813314255,São Pedro do Iguaçu,30.0,0.48,0.9,0.012,0.007
986,2021,02/25,13.074473008954351,São Pedro do Iguaçu,30.0,0.48,0.9,0.012,0.007
987,2022,02/25,11.13465341176711,São Pedro do Iguaçu,30.0,0.48,0.9,0.012,0.007
988,2023,02/25,12.826153904609217,São Pedro do Iguaçu,30.0,0.48,0.9,0.012,0.007
989,2024,02/25,13.175994801854365,São Pedro do Iguaçu,30.0,0.48,0.9,0.012,0.007
990,2015,02/25,13.393219730465907,Toledo,30.0,0.48,0.9,0.012,0.007
991,2016,02/25,10.892703892755783,Toledo,30.0,0.48,0.9,0.012,0.007
992,2017,02/25,12.847863105706702,Toledo,30.0,0.48,0.9,0.012,0.007
993,2018,02/25,12.726653199275184,Toledo,30.0,0.48,0.9,0.012,0.007
994,2019,02/25,13.744839058857595,Toledo,30.0,0.48,0.9,0.012,0.007
995,2020,02/25,13.10305452584833,Toledo,30.0,0.48,0.9,0.012,0.007
996,2021,02/25,13.492503978151609,Toledo,30.0,0.48,0.9,0.012,0.007
997,2022,02/25,11.640389646651506,Toledo,30.0,0.48,0.9,0.012,0.007
998,2023,02/25,13.172951760145525,Toledo,30.0,0.48,0.9,0.012,0.007
999,2024,02/25,13.648605999744904,Toledo,30.0,0.48,0.9,0.012,0.007
1000,2015,02/25,13.071409539372661,Cascavel,30.0,0.48,0.9,0.013,0.006
1001,2016,02/25,9.990788953407396,Cascavel,30.0,0.48,0.9,0.013,0.006
1002,2017,02/25,12.348457900655122,Cascavel,30.0,0.48,0.9,0.013,0.006
1003,2018,02/25,11.92966544126225,Cascavel,30.0,0.48,0.9,0.013,0.006
1004,2019,02/25,13.404298985125878,Cascavel,30.0,0.48,0.9,0.013,0.006
1005,2020,02/25,12.135584544658672,Cascavel,30.0,0.48,0.9,0.013,0.006
1006,2021,02/25,12.796221320630817,Cascavel,30.0,0.48,0.9,0.013,0.006
1007,2022,02/25,11.06219787421047,Cascavel,30.0,0.48,0.9,0.013,0.006
1008,2023,02/25,12.365117061300392,Cascavel,30.0,0.48,0.9,0.013,0.006
1009,2024,02/25,13.29195998490926,Cascavel,30.0,0.48,0.9,0.013,0.006
1010,2015,02/25,13.50454505853379,Foz do Iguaçu,30.0,0.48,0.9,0.013,0.006
1011,2016,02/25,11.217700784289606,Foz do Iguaçu,30.0,0.48,0.9,0.013,0.006
1012,2017,02/25,13.060635586648502,Foz do Iguaçu,30.0,0.48,0.9,0.013,0.006
1013,2018,02/25,12.546525140306503,Foz do Iguaçu,30.0,0.48,0.9,0.013,0.006
1014,2019,02/25,13.880971473088273,Foz do Iguaçu,30.0,0.48,0.9,0.013,0.006
1015,2020,02/25,12.671634448932958,Foz do Iguaçu,30.0,0.48,0.9,0.013,0.006
1016,2021,02/25,13.473300853534887,Foz do Iguaçu,30.0,0.48,0.9,0.013,0.006
1017,2022,02/25,11.858884900479927,Foz do Iguaçu,30.0,0.48,0.9,0.013,0.006
1018,2023,02/25,13.477889282188064,Foz do Iguaçu,30.0,0.48,0.9,0.013,0.006
1019,2024,02/25,13.28690940537776,Foz do Iguaçu,30.0,0.48,0.9,0.013,0.006
1020,2015,02/25,13.72297334588615,Guaíra,30.0,0.48,0.9,0.013,0.006
1021,2016,02/25,11.650863141650744,Guaíra,30.0,0.48,0.9,0.013,0.006
1022,2017,02/25,13.279692638804997,Guaíra,30.0,0.48,0.9,0.013,0.006
1023,2018,02/25,13.130002597176562,Guaíra,30.0,0.48,0.9,0.013,0.006
1024,2019,02/25,14.009861279363342,Guaíra,30.0,0.48,0.9,0.013,0.006
1025,2020,02/25,13.435737370446855,Guaíra,30.0,0.48,0.9,0.013,0.006
1026,2021,02/25,13.649632397833942,Guaíra,30.0,0.48,0.9,0.013,0.006
1027,2022,02/25,12.31159640262253,Guaíra,30.0,0.48,0.9,0.013,0.006
1028,2023,02/25,13.483617297042558,Guaíra,30.0,0.48,0.9,0.013,0.006
1029,2024,02/25,13.912143673228769,Guaíra,30.0,0.48,0.9,0.013,0.006
1030,2015,02/25,13.713423552810145,Marechal Cândido Rondon,30.0,0.48,0.9,0.013,0.006
1031,2016,02/25,11.75241587367623,Marechal Cândido Rondon,30.0,0.48,0.9,0.013,0.006
1032,2017,02/25,13.359289781585451,Marechal Cândido Rondon,30.0,0.48,0.9,0.013,0.006
1033,2018,02/25,13.234836169128231,Marechal Cândido Rondon,30.0,0.48,0.9,0.013,0.006
1034,2019,02/25,14.037186813911669,Marechal Cândido Rondon,30.0,0.48,0.9,0.013,0.006
1035,2020,02/25,13.397503779204444,Marechal Cândido Rondon,30.0,0.48,0.9,0.013,0.006
1036,2021,02/25,13.839833768828727,Marechal Cândido Rondon,30.0,0.48,0.9,0.013,0.006
1037,2022,02/25,12.346111673605854,Marechal Cândido Rondon,30.0,0.48,0.9,0.013,0.006
1038,2023,02/25,13.594101339416472,Marechal Cândido Rondon,30.0,0.48,0.9,0.013,0.006
1039,2024,02/25,13.798293672468967,Marechal Cândido Rondon,30.0,0.48,0.9,0.013,0.006
1040,2015,02/25,13.234630104309293,Matelândia,30.0,0.48,0.9,0.013,0.006
1041,2016,02/25,10.546423433453771,Matelândia,30.0,0.48,0.9,0.013,0.006
1042,2017,02/25,12.74009759556542,Matelândia,30.0,0.48,0.9,0.013,0.006
1043,2018,02/25,12.142501607033694,Matelândia,30.0,0.48,0.9,0.013,0.006
1044,2019,02/25,13.657297290609812,Matelândia,30.0,0.48,0.9,0.013,0.006
1045,2020,02/25,12.303049535914584,Matelândia,30.0,0.48,0.9,0.013,0.006
1046,2021,02/25,13.200215261139343,Matelândia,30.0,0.48,0.9,0.013,0.006
1047,2022,02/25,11.426240511701051,Matelândia,30.0,0.48,0.9,0.013,0.006
1048,2023,02/25,13.042480620729036,Matelândia,30.0,0.48,0.9,0.013,0.006
1049,2024,02/25,13.227626487076048,Matelândia,30.0,0.48,0.9,0.013,0.006
1050,2015,02/25,13.504001341123725,Medianeira,30.0,0.48,0.9,0.013,0.006
1051,2016,02/25,11.217639970715274,Medianeira,30.0,0.48,0.9,0.013,0.006
1052,2017,02/25,13.06050874649581,Medianeira,30.0,0.48,0.9,0.013,0.006
1053,2018,02/25,12.546799285169275,Medianeira,30.0,0.48,0.9,0.013,0.006
1054,2019,02/25,13.88083414309672,Medianeira,30.0,0.48,0.9,0.013,0.006
1055,2020,02/25,12.67098403553457,Medianeira,30.0,0.48,0.9,0.013,0.006
1056,2021,02/25,13.475584306039524,Medianeira,30.0,0.48,0.9,0.013,0.006
1057,2022,02/25,11.85832973251924,Medianeira,30.0,0.48,0.9,0.013,0.006
1058,2023,02/25,13.477423163118502,Medianeira,30.0,0.48,0.9,0.013,0.006
1059,2024,02/25,13.286657690777563,Medianeira,30.0,0.48,0.9,0.013,0.006
1060,2015,02/25,13.68290113363216,Santa Helena,30.0,0.48,0.9,0.013,0.006
1061,2016,02/25,11.762324063304051,Santa Helena,30.0,0.48,0.9,0.013,0.006
1062,2017,02/25,13.362545602371664,Santa Helena,30.0,0.48,0.9,0.013,0.006
1063,2018,02/25,13.079149861682279,Santa Helena,30.0,0.48,0.9,0.013,0.006
1064,2019,02/25,14.020970683623462,Santa Helena,30.0,0.48,0.9,0.013,0.006
1065,2020,02/25,13.214121826454553,Santa Helena,30.0,0.48,0.9,0.013,0.006
1066,2021,02/25,13.470801472488809,Santa Helena,30.0,0.48,0.9,0.013,0.006
1067,2022,02/25,12.35934517201446,Santa Helena,30.0,0.48,0.9,0.013,0.006
1068,2023,02/25,13.653007382520084,Santa Helena,30.0,0.48,0.9,0.013,0.006
1069,2024,02/25,13.555943415744386,Santa Helena,30.0,0.48,0.9,0.013,0.006
1070,2015,02/25,13.504435301332053,São Miguel do Iguaçu,30.0,0.48,0.9,0.013,0.006
1071,2016,02/25,11.217688479403545,São Miguel do Iguaçu,30.0,0.48,0.9,0.013,0.006
1072,2017,02/25,13.060613070121294,São Miguel do Iguaçu,30.0,0.48,0.9,0.013,0.006
1073,2018,02/25,12.546590001117277,São Miguel do Iguaçu,30.0,0.48,0.9,0.013,0.006
1074,2019,02/25,13.880945391225968,São Miguel do Iguaçu,30.0,0.48,0.9,0.013,0.006
1075,2020,02/25,12.67147602072701,São Miguel do Iguaçu,30.0,0.48,0.9,0.013,0.006
1076,2021,02/25,13.473136890787076,São Miguel do Iguaçu,30.0,0.48,0.9,0.013,0.006
1077,2022,02/25,11.858858680115372,São Miguel do Iguaçu,30.0,0.48,0.9,0.013,0.006
1078,2023,02/25,13.477805325017004,São Miguel do Iguaçu,30.0,0.48,0.9,0.013,0.006
1079,2024,02/25,13.286864405257523,São Miguel do Iguaçu,30.0,0.48,0.9,0.013,0.006
1080,2015,02/25,13.042775901158548,São Pedro do Iguaçu,30.0,0.48,0.9,0.013,0.006
1081,2016,02/25,10.264420440672627,São Pedro do Iguaçu,30.0,0.48,0.9,0.013,0.006
1082,2017,02/25,12.549130839361933,São Pedro do Iguaçu,30.0,0.48,0.9,0.013,0.006
1083,2018,02/25,12.14619151294537,São Pedro do Iguaçu,30.0,0.48,0.9,0.013,0.006
1084,2019,02/25,13.49991978592552,São Pedro do Iguaçu,30.0,0.48,0.9,0.013,0.006
1085,2020,02/25,12.286690813314255,São Pedro do Iguaçu,30.0,0.48,0.9,0.013,0.006
1086,2021,02/25,13.074473008954351,São Pedro do Iguaçu,30.0,0.48,0.9,0.013,0.006
1087,2022,02/25,11.13465341176711,São Pedro do Iguaçu,30.0,0.48,0.9,0.013,0.006
1088,2023,02/25,12.826153904609217,São Pedro do Iguaçu,30.0,0.48,0.9,0.013,0.006
1089,2024,02/25,13.175994801854365,São Pedro do Iguaçu,30.0,0.48,0.9,0.013,0.006
1090,2015,02/25,13.393219730465907,Toledo,30.0,0.48,0.9,0.013,0.006
1091,2016,02/25,10.892703892755783,Toledo,30.0,0.48,0.9,0.013,0.006
1092,2017,02/25,12.847863105706702,Toledo,30.0,0.48,0.9,0.013,0.006
1093,2018,02/25,12.726653199275184,Toledo,30.0,0.48,0.9,0.013,0.006
1094,2019,02/25,13.744839058857595,Toledo,30.0,0.48,0.9,0.013,0.006
1095,2020,02/25,13.10305452584833,Toledo,30.0,0.48,0.9,0.013,0.006
1096,2021,02/25,13.492503978151609,Toledo,30.0,0.48,0.9,0.013,0.006
1097,2022,02/25,11.640389646651506,Toledo,30.0,0.48,0.9,0.013,0.006
1098,2023,02/25,13.172951760145525,Toledo,30.0,0.48,0.9,0.013,0.006
1099,2024,02/25,13.648605999744904,Toledo,30.0,0.48,0.9,0.013,0.006
1100,2015,02/25,13.071409539372661,Cascavel,30.0,0.48,0.9,0.013,0.007
1101,2016,02/25,9.990788953407396,Cascavel,30.0,0.48,0.9,0.013,0.007
1102,2017,02/25,12.348457900655122,Cascavel,30.0,0.48,0.9,0.013,0.007
1103,2018,02/25,11.92966544126225,Cascavel,30.0,0.48,0.9,0.013,0.007
1104,2019,02/25,13.404298985125878,Cascavel,30.0,0.48,0.9,0.013,0.007
1105,2020,02/25,12.135584544658672,Cascavel,30.0,0.48,0.9,0.013,0.007
1106,2021,02/25,12.796221320630817,Cascavel,30.0,0.48,0.9,0.013,0.007
1107,2022,02/25,11.06219787421047,Cascavel,30.0,0.48,0.9,0.013,0.007
1108,2023,02/25,12.365117061300392,Cascavel,30.0,0.48,0.9,0.013,0.007
1109,2024,02/25,13.29195998490926,Cascavel,30.0,0.48,0.9,0.013,0.007
1110,2015,02/25,13.50454505853379,Foz do Iguaçu,30.0,0.48,0.9,0.013,0.007
1111,2016,02/25,11.217700784289606,Foz do Iguaçu,30.0,0.48,0.9,0.013,0.007
1112,2017,02/25,13.060635586648502,Foz do Iguaçu,30.0,0.48,0.9,0.013,0.007
1113,2018,02/25,12.546525140306503,Foz do Iguaçu,30.0,0.48,0.9,0.013,0.007
1114,2019,02/25,13.880971473088273,Foz do Iguaçu,30.0,0.48,0.9,0.013,0.007
1115,2020,02/25,12.671634448932958,Foz do Iguaçu,30.0,0.48,0.9,0.013,0.007
1116,2021,02/25,13.473300853534887,Foz do Iguaçu,30.0,0.48,0.9,0.013,0.007
1117,2022,02/25,11.858884900479927,Foz do Iguaçu,30.0,0.48,0.9,0.013,0.007
1118,2023,02/25,13.477889282188064,Foz do Iguaçu,30.0,0.48,0.9,0.013,0.007
1119,2024,02/25,13.28690940537776,Foz do Iguaçu,30.0,0.48,0.9,0.013,0.007
1120,2015,02/25,13.72297334588615,Guaíra,30.0,0.48,0.9,0.013,0.007
1121,2016,02/25,11.650863141650744,Guaíra,30.0,0.48,0.9,0.013,0.007
1122,2017,02/25,13.279692638804997,Guaíra,30.0,0.48,0.9,0.013,0.007
1123,2018,02/25,13.130002597176562,Guaíra,30.0,0.48,0.9,0.013,0.007
1124,2019,02/25,14.009861279363342,Guaíra,30.0,0.48,0.9,0.013,0.007
1125,2020,02/25,13.435737370446855,Guaíra,30.0,0.48,0.9,0.013,0.007
1126,2021,02/25,13.649632397833942,Guaíra,30.0,0.48,0.9,0.013,0.007
1127,2022,02/25,12.31159640262253,Guaíra,30.0,0.48,0.9,0.013,0.007
1128,2023,02/25,13.483617297042558,Guaíra,30.0,0.48,0.9,0.013,0.007
1129,2024,02/25,13.912143673228769,Guaíra,30.0,0.48,0.9,0.013,0.007
1130,2015,02/25,13.713423552810145,Marechal Cândido Rondon,30.0,0.48,0.9,0.013,0.007
1131,2016,02/25,11.75241587367623,Marechal Cândido Rondon,30.0,0.48,0.9,0.013,0.007
1132,2017,02/25,13.359289781585451,Marechal Cândido Rondon,30.0,0.48,0.9,0.013,0.007
1133,2018,02/25,13.234836169128231,Marechal Cândido Rondon,30.0,0.48,0.9,0.013,0.007
1134,2019,02/25,14.037186813911669,Marechal Cândido Rondon,30.0,0.48,0.9,0.013,0.007
1135,2020,02/25,13.397503779204444,Marechal Cândido Rondon,30.0,0.48,0.9,0.013,0.007
1136,2021,02/25,13.839833768828727,Marechal Cândido Rondon,30.0,0.48,0.9,0.013,0.007
1137,2022,02/25,12.346111673605854,Marechal Cândido Rondon,30.0,0.48,0.9,0.013,0.007
1138,2023,02/25,13.594101339416472,Marechal Cândido Rondon,30.0,0.48,0.9,0.013,0.007
1139,2024,02/25,13.798293672468967,Marechal Cândido Rondon,30.0,0.48,0.9,0.013,0.007
1140,2015,02/25,13.234630104309293,Matelândia,30.0,0.48,0.9,0.013,0.007
1141,2016,02/25,10.546423433453771,Matelândia,30.0,0.48,0.9,0.013,0.007
1142,2017,02/25,12.74009759556542,Matelândia,30.0,0.48,0.9,0.013,0.007
1143,2018,02/25,12.142501607033694,Matelândia,30.0,0.48,0.9,0.013,0.007
1144,2019,02/25,13.657297290609812,Matelândia,30.0,0.48,0.9,0.013,0.007
1145,2020,02/25,12.303049535914584,Matelândia,30.0,0.48,0.9,0.013,0.007
1146,2021,02/25,13.200215261139343,Matelândia,30.0,0.48,0.9,0.013,0.007
1147,2022,02/25,11.426240511701051,Matelândia,30.0,0.48,0.9,0.013,0.007
1148,2023,02/25,13.042480620729036,Matelândia,30.0,0.48,0.9,0.013,0.007
1149,2024,02/25,13.227626487076048,Matelândia,30.0,0.48,0.9,0.013,0.007
1150,2015,02/25,13.504001341123725,Medianeira,30.0,0.48,0.9,0.013,0.007
1151,2016,02/25,11.217639970715274,Medianeira,30.0,0.48,0.9,0.013,0.007
1152,2017,02/25,13.06050874649581,Medianeira,30.0,0.48,0.9,0.013,0.007
1153,2018,02/25,12.546799285169275,Medianeira,30.0,0.48,0.9,0.013,0.007
1154,2019,02/25,13.88083414309672,Medianeira,30.0,0.48,0.9,0.013,0.007
1155,2020,02/25,12.67098403553457,Medianeira,30.0,0.48,0.9,0.013,0.007
1156,2021,02/25,13.475584306039524,Medianeira,30.0,0.48,0.9,0.013,0.007
1157,2022,02/25,11.85832973251924,Medianeira,30.0,0.48,0.9,0.013,0.007
1158,2023,02/25,13.477423163118502,Medianeira,30.0,0.48,0.9,0.013,0.007
1159,2024,02/25,13.286657690777563,Medianeira,30.0,0.48,0.9,0.013,0.007
1160,2015,02/25,13.68290113363216,Santa Helena,30.0,0.48,0.9,0.013,0.007
1161,2016,02/25,11.762324063304051,Santa Helena,30.0,0.48,0.9,0.013,0.007
1162,2017,02/25,13.362545602371664,Santa Helena,30.0,0.48,0.9,0.013,0.007
1163,2018,02/25,13.079149861682279,Santa Helena,30.0,0.48,0.9,0.013,0.007
1164,2019,02/25,14.020970683623462,Santa Helena,30.0,0.48,0.9,0.013,0.007
1165,2020,02/25,13.214121826454553,Santa Helena,30.0,0.48,0.9,0.013,0.007
1166,2021,02/25,13.470801472488809,Santa Helena,30.0,0.48,0.9,0.013,0.007
1167,2022,02/25,12.35934517201446,Santa Helena,30.0,0.48,0.9,0.013,0.007
1168,2023,02/25,13.653007382520084,Santa Helena,30.0,0.48,0.9,0.013,0.007
1169,2024,02/25,13.555943415744386,Santa Helena,30.0,0.48,0.9,0.013,0.007
1170,2015,02/25,13.504435301332053,São Miguel do Iguaçu,30.0,0.48,0.9,0.013,0.007
1171,2016,02/25,11.217688479403545,São Miguel do Iguaçu,30.0,0.48,0.9,0.013,0.007
1172,2017,02/25,13.060613070121294,São Miguel do Iguaçu,30.0,0.48,0.9,0.013,0.007
1173,2018,02/25,12.546590001117277,São Miguel do Iguaçu,30.0,0.48,0.9,0.013,0.007
1174,2019,02/25,13.880945391225968,São Miguel do Iguaçu,30.0,0.48,0.9,0.013,0.007
1175,2020,02/25,12.67147602072701,São Miguel do Iguaçu,30.0,0.48,0.9,0.013,0.007
1176,2021,02/25,13.473136890787076,São Miguel do Iguaçu,30.0,0.48,0.9,0.013,0.007
1177,2022,02/25,11.858858680115372,São Miguel do Iguaçu,30.0,0.48,0.9,0.013,0.007
1178,2023,02/25,13.477805325017004,São Miguel do Iguaçu,30.0,0.48,0.9,0.013,0.007
1179,2024,02/25,13.286864405257523,São Miguel do Iguaçu,30.0,0.48,0.9,0.013,0.007
1180,2015,02/25,13.042775901158548,São Pedro do Iguaçu,30.0,0.48,0.9,0.013,0.007
1181,2016,02/25,10.264420440672627,São Pedro do Iguaçu,30.0,0.48,0.9,0.013,0.007
1182,2017,02/25,12.549130839361933,São Pedro do Iguaçu,30.0,0.48,0.9,0.013,0.007
1183,2018,02/25,12.14619151294537,São Pedro do Iguaçu,30.0,0.48,0.9,0.013,0.007
1184,2019,02/25,13.49991978592552,São Pedro do Iguaçu,30.0,0.48,0.9,0.013,0.007
1185,2020,02/25,12.286690813314255,São Pedro do Iguaçu,30.0,0.48,0.9,0.013,0.007
1186,2021,02/25,13.074473008954351,São Pedro do Iguaçu,30.0,0.48,0.9,0.013,0.007
1187,2022,02/25,11.13465341176711,São Pedro do Iguaçu,30.0,0.48,0.9,0.013,0.007
1188,2023,02/25,12.826153904609217,São Pedro do Iguaçu,30.0,0.48,0.9,0.013,0.007
1189,2024,02/25,13.175994801854365,São Pedro do Iguaçu,30.0,0.48,0.9,0.013,0.007
1190,2015,02/25,13.393219730465907,Toledo,30.0,0.48,0.9,0.013,0.007
1191,2016,02/25,10.892703892755783,Toledo,30.0,0.48,0.9,0.013,0.007
1192,2017,02/25,12.847863105706702,Toledo,30.0,0.48,0.9,0.013,0.007
1193,2018,02/25,12.726653199275184,Toledo,30.0,0.48,0.9,0.013,0.007
1194,2019,02/25,13.744839058857595,Toledo,30.0,0.48,0.9,0.013,0.007
1195,2020,02/25,13.10305452584833,Toledo,30.0,0.48,0.9,0.013,0.007
1196,2021,02/25,13.492503978151609,Toledo,30.0,0.48,0.9,0.013,0.007
1197,2022,02/25,11.640389646651506,Toledo,30.0,0.48,0.9,0.013,0.007
1198,2023,02/25,13.172951760145525,Toledo,30.0,0.48,0.9,0.013,0.007
1199,2024,02/25,13.648605999744904,Toledo,30.0,0.48,0.9,0.013,0.007
1200,2015,02/25,13.476864073127606,Cascavel,30.0,0.48,0.95,0.012,0.006
1201,2016,02/25,10.30411067096138,Cascavel,30.0,0.48,0.95,0.012,0.006
1202,2017,02/25,12.730680613751609,Cascavel,30.0,0.48,0.95,0.012,0.006
1203,2018,02/25,12.310281678073977,Cascavel,30.0,0.48,0.95,0.012,0.006
1204,2019,02/25,13.82149671020449,Cascavel,30.0,0.48,0.95,0.012,0.006
1205,2020,02/25,12.50339780753697,Cascavel,30.0,0.48,0.95,0.012,0.006
1206,2021,02/25,13.185355102920855,Cascavel,30.0,0.48,0.95,0.012,0.006
1207,2022,02/25,11.408814669162465,Cascavel,30.0,0.48,0.95,0.012,0.006
1208,2023,02/25,12.754256557034813,Cascavel,30.0,0.48,0.95,0.012,0.006
1209,2024,02/25,13.703595261306702,Cascavel,30.0,0.48,0.95,0.012,0.006
1210,2015,02/25,13.926826553831907,Foz do Iguaçu,30.0,0.48,0.95,0.012,0.006
1211,2016,02/25,11.573175103365049,Foz do Iguaçu,30.0,0.48,0.95,0.012,0.006
1212,2017,02/25,13.471932429527849,Foz do Iguaçu,30.0,0.48,0.95,0.012,0.006
1213,2018,02/25,12.947478077991468,Foz do Iguaçu,30.0,0.48,0.95,0.012,0.006
1214,2019,02/25,14.311973984686372,Foz do Iguaçu,30.0,0.48,0.95,0.012,0.006
1215,2020,02/25,13.059079932543153,Foz do Iguaçu,30.0,0.48,0.95,0.012,0.006
1216,2021,02/25,13.88906079832237,Foz do Iguaçu,30.0,0.48,0.95,0.012,0.006
1217,2022,02/25,12.23395395025448,Foz do Iguaçu,30.0,0.48,0.95,0.012,0.006
1218,2023,02/25,13.904564907164636,Foz do Iguaçu,30.0,0.48,0.95,0.012,0.006
1219,2024,02/25,13.696200882996862,Foz do Iguaçu,30.0,0.48,0.95,0.012,0.006
1220,2015,02/25,14.153092374928809,Guaíra,30.0,0.48,0.95,0.012,0.006
1221,2016,02/25,12.020256814683519,Guaíra,30.0,0.48,0.95,0.012,0.006
1222,2017,02/25,13.698121002881031,Guaíra,30.0,0.48,0.95,0.012,0.006
1223,2018,02/25,13.551173554046272,Guaíra,30.0,0.48,0.95,0.012,0.006
1224,2019,02/25,14.449580766855266,Guaíra,30.0,0.48,0.95,0.012,0.006
1225,2020,02/25,13.851799846843829,Guaíra,30.0,0.48,0.95,0.012,0.006
1226,2021,02/25,14.07096055701208,Guaíra,30.0,0.48,0.95,0.012,0.006
1227,2022,02/25,12.701282192429424,Guaíra,30.0,0.48,0.95,0.012,0.006
1228,2023,02/25,13.91107585026148,Guaíra,30.0,0.48,0.95,0.012,0.006
1229,2024,02/25,14.350159142903463,Guaíra,30.0,0.48,0.95,0.012,0.006
1230,2015,02/25,14.143178752645198,Marechal Cândido Rondon,30.0,0.48,0.95,0.012,0.006
1231,2016,02/25,12.125323706556017,Marechal Cândido Rondon,30.0,0.48,0.95,0.012,0.006
1232,2017,02/25,13.780321479478168,Marechal Cândido Rondon,30.0,0.48,0.95,0.012,0.006
1233,2018,02/25,13.660997431099295,Marechal Cândido Rondon,30.0,0.48,0.95,0.012,0.006
1234,2019,02/25,14.47739180269574,Marechal Cândido Rondon,30.0,0.48,0.95,0.012,0.006
1235,2020,02/25,13.812507439330588,Marechal Cândido Rondon,30.0,0.48,0.95,0.012,0.006
1236,2021,02/25,14.265942788746587,Marechal Cândido Rondon,30.0,0.48,0.95,0.012,0.006
1237,2022,02/25,12.736792257941534,Marechal Cândido Rondon,30.0,0.48,0.95,0.012,0.006
1238,2023,02/25,14.025250108837806,Marechal Cândido Rondon,30.0,0.48,0.95,0.012,0.006
1239,2024,02/25,14.230961118278667,Marechal Cândido Rondon,30.0,0.48,0.95,0.012,0.006
1240,2015,02/25,13.64720503992333,Matelândia,30.0,0.48,0.95,0.012,0.006
1241,2016,02/25,10.879323623023462,Matelândia,30.0,0.48,0.95,0.012,0.006
1242,2017,02/25,13.138571947756281,Matelândia,30.0,0.48,0.95,0.012,0.006
1243,2018,02/25,12.530322329953721,Matelândia,30.0,0.48,0.95,0.012,0.006
1244,2019,02/25,14.080527891689433,Matelândia,30.0,0.48,0.95,0.012,0.006
1245,2020,02/25,12.677334661226599,Matelândia,30.0,0.48,0.95,0.012,0.006
1246,2021,02/25,13.603700929983297,Matelândia,30.0,0.48,0.95,0.012,0.006
1247,2022,02/25,11.786655559847562,Matelândia,30.0,0.48,0.95,0.012,0.006
1248,2023,02/25,13.455095413023832,Matelândia,30.0,0.48,0.95,0.012,0.006
1249,2024,02/25,13.63531917697378,Matelândia,30.0,0.48,0.95,0.012,0.006
1250,2015,02/25,13.926254530982273,Medianeira,30.0,0.48,0.95,0.012,0.006
1251,2016,02/25,11.57310143292378,Medianeira,30.0,0.48,0.95,0.012,0.006
1252,2017,02/25,13.471798607123283,Medianeira,30.0,0.48,0.95,0.012,0.006
1253,2018,02/25,12.947783415242963,Medianeira,30.0,0.48,0.95,0.012,0.006
1254,2019,02/25,14.311827530104644,Medianeira,30.0,0.48,0.95,0.012,0.006
1255,2020,02/25,13.058424127353405,Medianeira,30.0,0.48,0.95,0.012,0.006
1256,2021,02/25,13.890587995144955,Medianeira,30.0,0.48,0.95,0.012,0.006
1257,2022,02/25,12.233379971588166,Medianeira,30.0,0.48,0.95,0.012,0.006
1258,2023,02/25,13.904072727037297,Medianeira,30.0,0.48,0.95,0.012,0.006
1259,2024,02/25,13.695940475761192,Medianeira,30.0,0.48,0.95,0.012,0.006
1260,2015,02/25,14.111307634685762,Santa Helena,30.0,0.48,0.95,0.012,0.006
1261,2016,02/25,12.134946949103012,Santa Helena,30.0,0.48,0.95,0.012,0.006
1262,2017,02/25,13.783797264130556,Santa Helena,30.0,0.48,0.95,0.012,0.006
1263,2018,02/25,13.499286908535343,Santa Helena,30.0,0.48,0.95,0.012,0.006
1264,2019,02/25,14.458872487051881,Santa Helena,30.0,0.48,0.95,0.012,0.006
1265,2020,02/25,13.621697382807492,Santa Helena,30.0,0.48,0.95,0.012,0.006
1266,2021,02/25,13.744284851306624,Santa Helena,30.0,0.48,0.95,0.012,0.006
1267,2022,02/25,12.750835630546124,Santa Helena,30.0,0.48,0.95,0.012,0.006
1268,2023,02/25,14.085312623318895,Santa Helena,30.0,0.48,0.95,0.012,0.006
1269,2024,02/25,13.977081027433496,Santa Helena,30.0,0.48,0.95,0.012,0.006
1270,2015,02/25,13.926712502766001,São Miguel do Iguaçu,30.0,0.48,0.95,0.012,0.006
1271,2016,02/25,11.57316103628672,São Miguel do Iguaçu,30.0,0.48,0.95,0.012,0.006
1272,2017,02/25,13.471913928852778,São Miguel do Iguaçu,30.0,0.48,0.95,0.012,0.006
1273,2018,02/25,12.94754166987408,São Miguel do Iguaçu,30.0,0.48,0.95,0.012,0.006
1274,2019,02/25,14.3119468410674,São Miguel do Iguaçu,30.0,0.48,0.95,0.012,0.006
1275,2020,02/25,13.058912533434503,São Miguel do Iguaçu,30.0,0.48,0.95,0.012,0.006
1276,2021,02/25,13.889313668432994,São Miguel do Iguaçu,30.0,0.48,0.95,0.012,0.006
1277,2022,02/25,12.23392683782399,São Miguel do Iguaçu,30.0,0.48,0.95,0.012,0.006
1278,2023,02/25,13.904477661357541,São Miguel do Iguaçu,30.0,0.48,0.95,0.012,0.006
1279,2024,02/25,13.69615902234635,São Miguel do Iguaçu,30.0,0.48,0.95,0.012,0.006
1280,2015,02/25,13.448186734282046,São Pedro do Iguaçu,30.0,0.48,0.95,0.012,0.006
1281,2016,02/25,10.587522651748513,São Pedro do Iguaçu,30.0,0.48,0.95,0.012,0.006
1282,2017,02/25,12.939156914656992,São Pedro do Iguaçu,30.0,0.48,0.95,0.012,0.006
1283,2018,02/25,12.534755891203913,São Pedro do Iguaçu,30.0,0.48,0.95,0.012,0.006
1284,2019,02/25,13.919163427124964,São Pedro do Iguaçu,30.0,0.48,0.95,0.012,0.006
1285,2020,02/25,12.659842448447565,São Pedro do Iguaçu,30.0,0.48,0.95,0.012,0.006
1286,2021,02/25,13.478404657790866,São Pedro do Iguaçu,30.0,0.48,0.95,0.012,0.006
1287,2022,02/25,11.484882778728633,São Pedro do Iguaçu,30.0,0.48,0.95,0.012,0.006
1288,2023,02/25,13.231302168403165,São Pedro do Iguaçu,30.0,0.48,0.95,0.012,0.006
1289,2024,02/25,13.583728929869515,São Pedro do Iguaçu,30.0,0.48,0.95,0.012,0.006
1290,2015,02/25,13.811198116410978,Toledo,30.0,0.48,0.95,0.012,0.006
1291,2016,02/25,11.23692015529369,Toledo,30.0,0.48,0.95,0.012,0.006
1292,2017,02/25,13.2498976603593,Toledo,30.0,0.48,0.95,0.012,0.006
1293,2018,02/25,13.134822836974932,Toledo,30.0,0.48,0.95,0.012,0.006
1294,2019,02/25,14.17445016280807,Toledo,30.0,0.48,0.95,0.012,0.006
1295,2020,02/25,13.504953026580152,Toledo,30.0,0.48,0.95,0.012,0.006
1296,2021,02/25,13.90906198873478,Toledo,30.0,0.48,0.95,0.012,0.006
1297,2022,02/25,12.007068935007926,Toledo,30.0,0.48,0.95,0.012,0.006
1298,2023,02/25,13.589648622645793,Toledo,30.0,0.48,0.95,0.012,0.006
1299,2024,02/25,14.07592638512931,Toledo,30.0,0.48,0.95,0.012,0.006
1300,2015,02/25,13.476864073127606,Cascavel,30.0,0.48,0.95,0.012,0.007
1301,2016,02/25,10.30411067096138,Cascavel,30.0,0.48,0.95,0.012,0.007
1302,2017,02/25,12.730680613751609,Cascavel,30.0,0.48,0.95,0.012,0.007
1303,2018,02/25,12.310281678073977,Cascavel,30.0,0.48,0.95,0.012,0.007
1304,2019,02/25,13.82149671020449,Cascavel,30.0,0.48,0.95,0.012,0.007
1305,2020,02/25,12.50339780753697,Cascavel,30.0,0.48,0.95,0.012,0.007
1306,2021,02/25,13.185355102920855,Cascavel,30.0,0.48,0.95,0.012,0.007
1307,2022,02/25,11.408814669162465,Cascavel,30.0,0.48,0.95,0.012,0.007
1308,2023,02/25,12.754256557034813,Cascavel,30.0,0.48,0.95,0.012,0.007
1309,2024,02/25,13.703595261306702,Cascavel,30.0,0.48,0.95,0.012,0.007
1310,2015,02/25,13.926826553831907,Foz do Iguaçu,30.0,0.48,0.95,0.012,0.007
1311,2016,02/25,11.573175103365049,Foz do Iguaçu,30.0,0.48,0.95,0.012,0.007
1312,2017,02/25,13.471932429527849,Foz do Iguaçu,30.0,0.48,0.95,0.012,0.007
1313,2018,02/25,12.947478077991468,Foz do Iguaçu,30.0,0.48,0.95,0.012,0.007
1314,2019,02/25,14.311973984686372,Foz do Iguaçu,30.0,0.48,0.95,0.012,0.007
1315,2020,02/25,13.059079932543153,Foz do Iguaçu,30.0,0.48,0.95,0.012,0.007
1316,2021,02/25,13.88906079832237,Foz do Iguaçu,30.0,0.48,0.95,0.012,0.007
1317,2022,02/25,12.23395395025448,Foz do Iguaçu,30.0,0.48,0.95,0.012,0.007
1318,2023,02/25,13.904564907164636,Foz do Iguaçu,30.0,0.48,0.95,0.012,0.007
1319,2024,02/25,13.696200882996862,Foz do Iguaçu,30.0,0.48,0.95,0.012,0.007
1320,2015,02/25,14.153092374928809,Guaíra,30.0,0.48,0.95,0.012,0.007
1321,2016,02/25,12.020256814683519,Guaíra,30.0,0.48,0.95,0.012,0.007
1322,2017,02/25,13.698121002881031,Guaíra,30.0,0.48,0.95,0.012,0.007
1323,2018,02/25,13.551173554046272,Guaíra,30.0,0.48,0.95,0.012,0.007
1324,2019,02/25,14.449580766855266,Guaíra,30.0,0.48,0.95,0.012,0.007
1325,2020,02/25,13.851799846843829,Guaíra,30.0,0.48,0.95,0.012,0.007
1326,2021,02/25,14.07096055701208,Guaíra,30.0,0.48,0.95,0.012,0.007
1327,2022,02/25,12.701282192429424,Guaíra,30.0,0.48,0.95,0.012,0.007
1328,2023,02/25,13.91107585026148,Guaíra,30.0,0.48,0.95,0.012,0.007
1329,2024,02/25,14.350159142903463,Guaíra,30.0,0.48,0.95,0.012,0.007
1330,2015,02/25,14.143178752645198,Marechal Cândido Rondon,30.0,0.48,0.95,0.012,0.007
1331,2016,02/25,12.125323706556017,Marechal Cândido Rondon,30.0,0.48,0.95,0.012,0.007
1332,2017,02/25,13.780321479478168,Marechal Cândido Rondon,30.0,0.48,0.95,0.012,0.007
1333,2018,02/25,13.660997431099295,Marechal Cândido Rondon,30.0,0.48,0.95,0.012,0.007
1334,2019,02/25,14.47739180269574,Marechal Cândido Rondon,30.0,0.48,0.95,0.012,0.007
1335,2020,02/25,13.812507439330588,Marechal Cândido Rondon,30.0,0.48,0.95,0.012,0.007
1336,2021,02/25,14.265942788746587,Marechal Cândido Rondon,30.0,0.48,0.95,0.012,0.007
1337,2022,02/25,12.736792257941534,Marechal Cândido Rondon,30.0,0.48,0.95,0.012,0.007
1338,2023,02/25,14.025250108837806,Marechal Cândido Rondon,30.0,0.48,0.95,0.012,0.007
1339,2024,02/25,14.230961118278667,Marechal Cândido Rondon,30.0,0.48,0.95,0.012,0.007
1340,2015,02/25,13.64720503992333,Matelândia,30.0,0.48,0.95,0.012,0.007
1341,2016,02/25,10.879323623023462,Matelândia,30.0,0.48,0.95,0.012,0.007
1342,2017,02/25,13.138571947756281,Matelândia,30.0,0.48,0.95,0.012,0.007
1343,2018,02/25,12.530322329953721,Matelândia,30.0,0.48,0.95,0.012,0.007
1344,2019,02/25,14.080527891689433,Matelândia,30.0,0.48,0.95,0.012,0.007
1345,2020,02/25,12.677334661226599,Matelândia,30.0,0.48,0.95,0.012,0.007
1346,2021,02/25,13.603700929983297,Matelândia,30.0,0.48,0.95,0.012,0.007
1347,2022,02/25,11.786655559847562,Matelândia,30.0,0.48,0.95,0.012,0.007
1348,2023,02/25,13.455095413023832,Matelândia,30.0,0.48,0.95,0.012,0.007
1349,2024,02/25,13.63531917697378,Matelândia,30.0,0.48,0.95,0.012,0.007
1350,2015,02/25,13.926254530982273,Medianeira,30.0,0.48,0.95,0.012,0.007
1351,2016,02/25,11.57310143292378,Medianeira,30.0,0.48,0.95,0.012,0.007
1352,2017,02/25,13.471798607123283,Medianeira,30.0,0.48,0.95,0.012,0.007
1353,2018,02/25,12.947783415242963,Medianeira,30.0,0.48,0.95,0.012,0.007
1354,2019,02/25,14.311827530104644,Medianeira,30.0,0.48,0.95,0.012,0.007
1355,2020,02/25,13.058424127353405,Medianeira,30.0,0.48,0.95,0.012,0.007
1356,2021,02/25,13.890587995144955,Medianeira,30.0,0.48,0.95,0.012,0.007
1357,2022,02/25,12.233379971588166,Medianeira,30.0,0.48,0.95,0.012,0.007
1358,2023,02/25,13.904072727037297,Medianeira,30.0,0.48,0.95,0.012,0.007
1359,2024,02/25,13.695940475761192,Medianeira,30.0,0.48,0.95,0.012,0.007
1360,2015,02/25,14.111307634685762,Santa Helena,30.0,0.48,0.95,0.012,0.007
1361,2016,02/25,12.134946949103012,Santa Helena,30.0,0.48,0.95,0.012,0.007
1362,2017,02/25,13.783797264130556,Santa Helena,30.0,0.48,0.95,0.012,0.007
1363,2018,02/25,13.499286908535343,Santa Helena,30.0,0.48,0.95,0.012,0.007
1364,2019,02/25,14.458872487051881,Santa Helena,30.0,0.48,0.95,0.012,0.007
1365,2020,02/25,13.621697382807492,Santa Helena,30.0,0.48,0.95,0.012,0.007
1366,2021,02/25,13.744284851306624,Santa Helena,30.0,0.48,0.95,0.012,0.007
1367,2022,02/25,12.750835630546124,Santa Helena,30.0,0.48,0.95,0.012,0.007
1368,2023,02/25,14.085312623318895,Santa Helena,30.0,0.48,0.95,0.012,0.007
1369,2024,02/25,13.977081027433496,Santa Helena,30.0,0.48,0.95,0.012,0.007
1370,2015,02/25,13.926712502766001,São Miguel do Iguaçu,30.0,0.48,0.95,0.012,0.007
1371,2016,02/25,11.57316103628672,São Miguel do Iguaçu,30.0,0.48,0.95,0.012,0.007
1372,2017,02/25,13.471913928852778,São Miguel do Iguaçu,30.0,0.48,0.95,0.012,0.007
1373,2018,02/25,12.94754166987408,São Miguel do Iguaçu,30.0,0.48,0.95,0.012,0.007
1374,2019,02/25,14.3119468410674,São Miguel do Iguaçu,30.0,0.48,0.95,0.012,0.007
1375,2020,02/25,13.058912533434503,São Miguel do Iguaçu,30.0,0.48,0.95,0.012,0.007
1376,2021,02/25,13.889313668432994,São Miguel do Iguaçu,30.0,0.48,0.95,0.012,0.007
1377,2022,02/25,12.23392683782399,São Miguel do Iguaçu,30.0,0.48,0.95,0.012,0.007
1378,2023,02/25,13.904477661357541,São Miguel do Iguaçu,30.0,0.48,0.95,0.012,0.007
1379,2024,02/25,13.69615902234635,São Miguel do Iguaçu,30.0,0.48,0.95,0.012,0.007
1380,2015,02/25,13.448186734282046,São Pedro do Iguaçu,30.0,0.48,0.95,0.012,0.007
1381,2016,02/25,10.587522651748513,São Pedro do Iguaçu,30.0,0.48,0.95,0.012,0.007
1382,2017,02/25,12.939156914656992,São Pedro do Iguaçu,30.0,0.48,0.95,0.012,0.007
1383,2018,02/25,12.534755891203913,São Pedro do Iguaçu,30.0,0.48,0.95,0.012,0.007
1384,2019,02/25,13.919163427124964,São Pedro do Iguaçu,30.0,0.48,0.95,0.012,0.007
1385,2020,02/25,12.659842448447565,São Pedro do Iguaçu,30.0,0.48,0.95,0.012,0.007
1386,2021,02/25,13.478404657790866,São Pedro do Iguaçu,30.0,0.48,0.95,0.012,0.007
1387,2022,02/25,11.484882778728633,São Pedro do Iguaçu,30.0,0.48,0.95,0.012,0.007
1388,2023,02/25,13.231302168403165,São Pedro do Iguaçu,30.0,0.48,0.95,0.012,0.007
1389,2024,02/25,13.583728929869515,São Pedro do Iguaçu,30.0,0.48,0.95,0.012,0.007
1390,2015,02/25,13.811198116410978,Toledo,30.0,0.48,0.95,0.012,0.007
1391,2016,02/25,11.23692015529369,Toledo,30.0,0.48,0.95,0.012,0.007
1392,2017,02/25,13.2498976603593,Toledo,30.0,0.48,0.95,0.012,0.007
1393,2018,02/25,13.134822836974932,Toledo,30.0,0.48,0.95,0.012,0.007
1394,2019,02/25,14.17445016280807,Toledo,30.0,0.48,0.95,0.012,0.007
1395,2020,02/25,13.504953026580152,Toledo,30.0,0.48,0.95,0.012,0.007
1396,2021,02/25,13.90906198873478,Toledo,30.0,0.48,0.95,0.012,0.007
1397,2022,02/25,12.007068935007926,Toledo,30.0,0.48,0.95,0.012,0.007
1398,2023,02/25,13.589648622645793,Toledo,30.0,0.48,0.95,0.012,0.007
1399,2024,02/25,14.07592638512931,Toledo,30.0,0.48,0.95,0.012,0.007
1400,2015,02/25,13.476864073127606,Cascavel,30.0,0.48,0.95,0.013,0.006
1401,2016,02/25,10.30411067096138,Cascavel,30.0,0.48,0.95,0.013,0.006
1402,2017,02/25,12.730680613751609,Cascavel,30.0,0.48,0.95,0.013,0.006
1403,2018,02/25,12.310281678073977,Cascavel,30.0,0.48,0.95,0.013,0.006
1404,2019,02/25,13.82149671020449,Cascavel,30.0,0.48,0.95,0.013,0.006
1405,2020,02/25,12.50339780753697,Cascavel,30.0,0.48,0.95,0.013,0.006
1406,2021,02/25,13.185355102920855,Cascavel,30.0,0.48,0.95,0.013,0.006
1407,2022,02/25,11.408814669162465,Cascavel,30.0,0.48,0.95,0.013,0.006
1408,2023,02/25,12.754256557034813,Cascavel,30.0,0.48,0.95,0.013,0.006
1409,2024,02/25,13.703595261306702,Cascavel,30.0,0.48,0.95,0.013,0.006
1410,2015,02/25,13.926826553831907,Foz do Iguaçu,30.0,0.48,0.95,0.013,0.006
1411,2016,02/25,11.573175103365049,Foz do Iguaçu,30.0,0.48,0.95,0.013,0.006
1412,2017,02/25,13.471932429527849,Foz do Iguaçu,30.0,0.48,0.95,0.013,0.006
1413,2018,02/25,12.947478077991468,Foz do Iguaçu,30.0,0.48,0.95,0.013,0.006
1414,2019,02/25,14.311973984686372,Foz do Iguaçu,30.0,0.48,0.95,0.013,0.006
1415,2020,02/25,13.059079932543153,Foz do Iguaçu,30.0,0.48,0.95,0.013,0.006
1416,2021,02/25,13.88906079832237,Foz do Iguaçu,30.0,0.48,0.95,0.013,0.006
1417,2022,02/25,12.23395395025448,Foz do Iguaçu,30.0,0.48,0.95,0.013,0.006
1418,2023,02/25,13.904564907164636,Foz do Iguaçu,30.0,0.48,0.95,0.013,0.006
1419,2024,02/25,13.696200882996862,Foz do Iguaçu,30.0,0.48,0.95,0.013,0.006
1420,2015,02/25,14.153092374928809,Guaíra,30.0,0.48,0.95,0.013,0.006
1421,2016,02/25,12.020256814683519,Guaíra,30.0,0.48,0.95,0.013,0.006
1422,2017,02/25,13.698121002881031,Guaíra,30.0,0.48,0.95,0.013,0.006
1423,2018,02/25,13.551173554046272,Guaíra,30.0,0.48,0.95,0.013,0.006
1424,2019,02/25,14.449580766855266,Guaíra,30.0,0.48,0.95,0.013,0.006
1425,2020,02/25,13.851799846843829,Guaíra,30.0,0.48,0.95,0.013,0.006
1426,2021,02/25,14.07096055701208,Guaíra,30.0,0.48,0.95,0.013,0.006
1427,2022,02/25,12.701282192429424,Guaíra,30.0,0.48,0.95,0.013,0.006
1428,2023,02/25,13.91107585026148,Guaíra,30.0,0.48,0.95,0.013,0.006
1429,2024,02/25,14.350159142903463,Guaíra,30.0,0.48,0.95,0.013,0.006
1430,2015,02/25,14.143178752645198,Marechal Cândido Rondon,30.0,0.48,0.95,0.013,0.006
1431,2016,02/25,12.125323706556017,Marechal Cândido Rondon,30.0,0.48,0.95,0.013,0.006
1432,2017,02/25,13.780321479478168,Marechal Cândido Rondon,30.0,0.48,0.95,0.013,0.006
1433,2018,02/25,13.660997431099295,Marechal Cândido Rondon,30.0,0.48,0.95,0.013,0.006
1434,2019,02/25,14.47739180269574,Marechal Cândido Rondon,30.0,0.48,0.95,0.013,0.006
1435,2020,02/25,13.812507439330588,Marechal Cândido Rondon,30.0,0.48,0.95,0.013,0.006
1436,2021,02/25,14.265942788746587,Marechal Cândido Rondon,30.0,0.48,0.95,0.013,0.006
1437,2022,02/25,12.736792257941534,Marechal Cândido Rondon,30.0,0.48,0.95,0.013,0.006
1438,2023,02/25,14.025250108837806,Marechal Cândido Rondon,30.0,0.48,0.95,0.013,0.006
1439,2024,02/25,14.230961118278667,Marechal Cândido Rondon,30.0,0.48,0.95,0.013,0.006
1440,2015,02/25,13.64720503992333,Matelândia,30.0,0.48,0.95,0.013,0.006
1441,2016,02/25,10.879323623023462,Matelândia,30.0,0.48,0.95,0.013,0.006
1442,2017,02/25,13.138571947756281,Matelândia,30.0,0.48,0.95,0.013,0.006
1443,2018,02/25,12.530322329953721,Matelândia,30.0,0.48,0.95,0.013,0.006
1444,2019,02/25,14.080527891689433,Matelândia,30.0,0.48,0.95,0.013,0.006
1445,2020,02/25,12.677334661226599,Matelândia,30.0,0.48,0.95,0.013,0.006
1446,2021,02/25,13.603700929983297,Matelândia,30.0,0.48,0.95,0.013,0.006
1447,2022,02/25,11.786655559847562,Matelândia,30.0,0.48,0.95,0.013,0.006
1448,2023,02/25,13.455095413023832,Matelândia,30.0,0.48,0.95,0.013,0.006
1449,2024,02/25,13.63531917697378,Matelândia,30.0,0.48,0.95,0.013,0.006
1450,2015,02/25,13.926254530982273,Medianeira,30.0,0.48,0.95,0.013,0.006
1451,2016,02/25,11.57310143292378,Medianeira,30.0,0.48,0.95,0.013,0.006
1452,2017,02/25,13.471798607123283,Medianeira,30.0,0.48,0.95,0.013,0.006
1453,2018,02/25,12.947783415242963,Medianeira,30.0,0.48,0.95,0.013,0.006
1454,2019,02/25,14.311827530104644,Medianeira,30.0,0.48,0.95,0.013,0.006
1455,2020,02/25,13.058424127353405,Medianeira,30.0,0.48,0.95,0.013,0.006
1456,2021,02/25,13.890587995144955,Medianeira,30.0,0.48,0.95,0.013,0.006
1457,2022,02/25,12.233379971588166,Medianeira,30.0,0.48,0.95,0.013,0.006
1458,2023,02/25,13.904072727037297,Medianeira,30.0,0.48,0.95,0.013,0.006
1459,2024,02/25,13.695940475761192,Medianeira,30.0,0.48,0.95,0.013,0.006
1460,2015,02/25,14.111307634685762,Santa Helena,30.0,0.48,0.95,0.013,0.006
1461,2016,02/25,12.134946949103012,Santa Helena,30.0,0.48,0.95,0.013,0.006
1462,2017,02/25,13.783797264130556,Santa Helena,30.0,0.48,0.95,0.013,0.006
1463,2018,02/25,13.499286908535343,Santa Helena,30.0,0.48,0.95,0.013,0.006
1464,2019,02/25,14.458872487051881,Santa Helena,30.0,0.48,0.95,0.013,0.006
1465,2020,02/25,13.621697382807492,Santa Helena,30.0,0.48,0.95,0.013,0.006
1466,2021,02/25,13.744284851306624,Santa Helena,30.0,0.48,0.95,0.013,0.006
1467,2022,02/25,12.750835630546124,Santa Helena,30.0,0.48,0.95,0.013,0.006
1468,2023,02/25,14.085312623318895,Santa Helena,30.0,0.48,0.95,0.013,0.006
1469,2024,02/25,13.977081027433496,Santa Helena,30.0,0.48,0.95,0.013,0.006
1470,2015,02/25,13.926712502766001,São Miguel do Iguaçu,30.0,0.48,0.95,0.013,0.006
1471,2016,02/25,11.57316103628672,São Miguel do Iguaçu,30.0,0.48,0.95,0.013,0.006
1472,2017,02/25,13.471913928852778,São Miguel do Iguaçu,30.0,0.48,0.95,0.013,0.006
1473,2018,02/25,12.94754166987408,São Miguel do Iguaçu,30.0,0.48,0.95,0.013,0.006
1474,2019,02/25,14.3119468410674,São Miguel do Iguaçu,30.0,0.48,0.95,0.013,0.006
1475,2020,02/25,13.058912533434503,São Miguel do Iguaçu,30.0,0.48,0.95,0.013,0.006
1476,2021,02/25,13.889313668432994,São Miguel do Iguaçu,30.0,0.48,0.95,0.013,0.006
1477,2022,02/25,12.23392683782399,São Miguel do Iguaçu,30.0,0.48,0.95,0.013,0.006
1478,2023,02/25,13.904477661357541,São Miguel do Iguaçu,30.0,0.48,0.95,0.013,0.006
1479,2024,02/25,13.69615902234635,São Miguel do Iguaçu,30.0,0.48,0.95,0.013,0.006
1480,2015,02/25,13.448186734282046,São Pedro do Iguaçu,30.0,0.48,0.95,0.013,0.006
1481,2016,02/25,10.587522651748513,São Pedro do Iguaçu,30.0,0.48,0.95,0.013,0.006
1482,2017,02/25,12.939156914656992,São Pedro do Iguaçu,30.0,0.48,0.95,0.013,0.006
1483,2018,02/25,12.534755891203913,São Pedro do Iguaçu,30.0,0.48,0.95,0.013,0.006
1484,2019,02/25,13.919163427124964,São Pedro do Iguaçu,30.0,0.48,0.95,0.013,0.006
1485,2020,02/25,12.659842448447565,São Pedro do Iguaçu,30.0,0.48,0.95,0.013,0.006
1486,2021,02/25,13.478404657790866,São Pedro do Iguaçu,30.0,0.48,0.95,0.013,0.006
1487,2022,02/25,11.484882778728633,São Pedro do Iguaçu,30.0,0.48,0.95,0.013,0.006
1488,2023,02/25,13.231302168403165,São Pedro do Iguaçu,30.0,0.48,0.95,0.013,0.006
1489,2024,02/25,13.583728929869515,São Pedro do Iguaçu,30.0,0.48,0.95,0.013,0.006
1490,2015,02/25,13.811198116410978,Toledo,30.0,0.48,0.95,0.013,0.006
1491,2016,02/25,11.23692015529369,Toledo,30.0,0.48,0.95,0.013,0.006
1492,2017,02/25,13.2498976603593,Toledo,30.0,0.48,0.95,0.013,0.006
1493,2018,02/25,13.134822836974932,Toledo,30.0,0.48,0.95,0.013,0.006
1494,2019,02/25,14.17445016280807,Toledo,30.0,0.48,0.95,0.013,0.006
1495,2020,02/25,13.504953026580152,Toledo,30.0,0.48,0.95,0.013,0.006
1496,2021,02/25,13.90906198873478,Toledo,30.0,0.48,0.95,0.013,0.006
1497,2022,02/25,12.007068935007926,Toledo,30.0,0.48,0.95,0.013,0.006
1498,2023,02/25,13.589648622645793,Toledo,30.0,0.48,0.95,0.013,0.006
1499,2024,02/25,14.07592638512931,Toledo,30.0,0.48,0.95,0.013,0.006
1500,2015,02/25,13.476864073127606,Cascavel,30.0,0.48,0.95,0.013,0.007
1501,2016,02/25,10.30411067096138,Cascavel,30.0,0.48,0.95,0.013,0.007
1502,2017,02/25,12.730680613751609,Cascavel,30.0,0.48,0.95,0.013,0.007
1503,2018,02/25,12.310281678073977,Cascavel,30.0,0.48,0.95,0.013,0.007
1504,2019,02/25,13.82149671020449,Cascavel,30.0,0.48,0.95,0.013,0.007
1505,2020,02/25,12.50339780753697,Cascavel,30.0,0.48,0.95,0.013,0.007
1506,2021,02/25,13.185355102920855,Cascavel,30.0,0.48,0.95,0.013,0.007
1507,2022,02/25,11.408814669162465,Cascavel,30.0,0.48,0.95,0.013,0.007
1508,2023,02/25,12.754256557034813,Cascavel,30.0,0.48,0.95,0.013,0.007
1509,2024,02/25,13.703595261306702,Cascavel,30.0,0.48,0.95,0.013,0.007
1510,2015,02/25,13.926826553831907,Foz do Iguaçu,30.0,0.48,0.95,0.013,0.007
1511,2016,02/25,11.573175103365049,Foz do Iguaçu,30.0,0.48,0.95,0.013,0.007
1512,2017,02/25,13.471932429527849,Foz do Iguaçu,30.0,0.48,0.95,0.013,0.007
1513,2018,02/25,12.947478077991468,Foz do Iguaçu,30.0,0.48,0.95,0.013,0.007
1514,2019,02/25,14.311973984686372,Foz do Iguaçu,30.0,0.48,0.95,0.013,0.007
1515,2020,02/25,13.059079932543153,Foz do Iguaçu,30.0,0.48,0.95,0.013,0.007
1516,2021,02/25,13.88906079832237,Foz do Iguaçu,30.0,0.48,0.95,0.013,0.007
1517,2022,02/25,12.23395395025448,Foz do Iguaçu,30.0,0.48,0.95,0.013,0.007
1518,2023,02/25,13.904564907164636,Foz do Iguaçu,30.0,0.48,0.95,0.013,0.007
1519,2024,02/25,13.696200882996862,Foz do Iguaçu,30.0,0.48,0.95,0.013,0.007
1520,2015,02/25,14.153092374928809,Guaíra,30.0,0.48,0.95,0.013,0.007
1521,2016,02/25,12.020256814683519,Guaíra,30.0,0.48,0.95,0.013,0.007
1522,2017,02/25,13.698121002881031,Guaíra,30.0,0.48,0.95,0.013,0.007
1523,2018,02/25,13.551173554046272,Guaíra,30.0,0.48,0.95,0.013,0.007
1524,2019,02/25,14.449580766855266,Guaíra,30.0,0.48,0.95,0.013,0.007
1525,2020,02/25,13.851799846843829,Guaíra,30.0,0.48,0.95,0.013,0.007
1526,2021,02/25,14.07096055701208,Guaíra,30.0,0.48,0.95,0.013,0.007
1527,2022,02/25,12.701282192429424,Guaíra,30.0,0.48,0.95,0.013,0.007
1528,2023,02/25,13.91107585026148,Guaíra,30.0,0.48,0.95,0.013,0.007
1529,2024,02/25,14.350159142903463,Guaíra,30.0,0.48,0.95,0.013,0.007
1530,2015,02/25,14.143178752645198,Marechal Cândido Rondon,30.0,0.48,0.95,0.013,0.007
1531,2016,02/25,12.125323706556017,Marechal Cândido Rondon,30.0,0.48,0.95,0.013,0.007
1532,2017,02/25,13.780321479478168,Marechal Cândido Rondon,30.0,0.48,0.95,0.013,0.007
1533,2018,02/25,13.660997431099295,Marechal Cândido Rondon,30.0,0.48,0.95,0.013,0.007
1534,2019,02/25,14.47739180269574,Marechal Cândido Rondon,30.0,0.48,0.95,0.013,0.007
1535,2020,02/25,13.812507439330588,Marechal Cândido Rondon,30.0,0.48,0.95,0.013,0.007
1536,2021,02/25,14.265942788746587,Marechal Cândido Rondon,30.0,0.48,0.95,0.013,0.007
1537,2022,02/25,12.736792257941534,Marechal Cândido Rondon,30.0,0.48,0.95,0.013,0.007
1538,2023,02/25,14.025250108837806,Marechal Cândido Rondon,30.0,0.48,0.95,0.013,0.007
1539,2024,02/25,14.230961118278667,Marechal Cândido Rondon,30.0,0.48,0.95,0.013,0.007
1540,2015,02/25,13.64720503992333,Matelândia,30.0,0.48,0.95,0.013,0.007
1541,2016,02/25,10.879323623023462,Matelândia,30.0,0.48,0.95,0.013,0.007
1542,2017,02/25,13.138571947756281,Matelândia,30.0,0.48,0.95,0.013,0.007
1543,2018,02/25,12.530322329953721,Matelândia,30.0,0.48,0.95,0.013,0.007
1544,2019,02/25,14.080527891689433,Matelândia,30.0,0.48,0.95,0.013,0.007
1545,2020,02/25,12.677334661226599,Matelândia,30.0,0.48,0.95,0.013,0.007
1546,2021,02/25,13.603700929983297,Matelândia,30.0,0.48,0.95,0.013,0.007
1547,2022,02/25,11.786655559847562,Matelândia,30.0,0.48,0.95,0.013,0.007
1548,2023,02/25,13.455095413023832,Matelândia,30.0,0.48,0.95,0.013,0.007
1549,2024,02/25,13.63531917697378,Matelândia,30.0,0.48,0.95,0.013,0.007
1550,2015,02/25,13.926254530982273,Medianeira,30.0,0.48,0.95,0.013,0.007
1551,2016,02/25,11.57310143292378,Medianeira,30.0,0.48,0.95,0.013,0.007
1552,2017,02/25,13.471798607123283,Medianeira,30.0,0.48,0.95,0.013,0.007
1553,2018,02/25,12.947783415242963,Medianeira,30.0,0.48,0.95,0.013,0.007
1554,2019,02/25,14.311827530104644,Medianeira,30.0,0.48,0.95,0.013,0.007
1555,2020,02/25,13.058424127353405,Medianeira,30.0,0.48,0.95,0.013,0.007
1556,2021,02/25,13.890587995144955,Medianeira,30.0,0.48,0.95,0.013,0.007
1557,2022,02/25,12.233379971588166,Medianeira,30.0,0.48,0.95,0.013,0.007
1558,2023,02/25,13.904072727037297,Medianeira,30.0,0.48,0.95,0.013,0.007
1559,2024,02/25,13.695940475761192,Medianeira,30.0,0.48,0.95,0.013,0.007
1560,2015,02/25,14.111307634685762,Santa Helena,30.0,0.48,0.95,0.013,0.007
1561,2016,02/25,12.134946949103012,Santa Helena,30.0,0.48,0.95,0.013,0.007
1562,2017,02/25,13.783797264130556,Santa Helena,30.0,0.48,0.95,0.013,0.007
1563,2018,02/25,13.499286908535343,Santa Helena,30.0,0.48,0.95,0.013,0.007
1564,2019,02/25,14.458872487051881,Santa Helena,30.0,0.48,0.95,0.013,0.007
1565,2020,02/25,13.621697382807492,Santa Helena,30.0,0.48,0.95,0.013,0.007
1566,2021,02/25,13.744284851306624,Santa Helena,30.0,0.48,0.95,0.013,0.007
1567,2022,02/25,12.750835630546124,Santa Helena,30.0,0.48,0.95,0.013,0.007
1568,2023,02/25,14.085312623318895,Santa Helena,30.0,0.48,0.95,0.013,0.007
1569,2024,02/25,13.977081027433496,Santa Helena,30.0,0.48,0.95,0.013,0.007
1570,2015,02/25,13.926712502766001,São Miguel do Iguaçu,30.0,0.48,0.95,0.013,0.007
1571,2016,02/25,11.57316103628672,São Miguel do Iguaçu,30.0,0.48,0.95,0.013,0.007
1572,2017,02/25,13.471913928852778,São Miguel do Iguaçu,30.0,0.48,0.95,0.013,0.007
1573,2018,02/25,12.94754166987408,São Miguel do Iguaçu,30.0,0.48,0.95,0.013,0.007
1574,2019,02/25,14.3119468410674,São Miguel do Iguaçu,30.0,0.48,0.95,0.013,0.007
1575,2020,02/25,13.058912533434503,São Miguel do Iguaçu,30.0,0.48,0.95,0.013,0.007
1576,2021,02/25,13.889313668432994,São Miguel do Iguaçu,30.0,0.48,0.95,0.013,0.007
1577,2022,02/25,12.23392683782399,São Miguel do Iguaçu,30.0,0.48,0.95,0.013,0.007
1578,2023,02/25,13.904477661357541,São Miguel do Iguaçu,30.0,0.48,0.95,0.013,0.007
1579,2024,02/25,13.69615902234635,São Miguel do Iguaçu,30.0,0.48,0.95,0.013,0.007
1580,2015,02/25,13.448186734282046,São Pedro do Iguaçu,30.0,0.48,0.95,0.013,0.007
1581,2016,02/25,10.587522651748513,São Pedro do Iguaçu,30.0,0.48,0.95,0.013,0.007
1582,2017,02/25,12.939156914656992,São Pedro do Iguaçu,30.0,0.48,0.95,0.013,0.007
1583,2018,02/25,12.534755891203913,São Pedro do Iguaçu,30.0,0.48,0.95,0.013,0.007
1584,2019,02/25,13.919163427124964,São Pedro do Iguaçu,30.0,0.48,0.95,0.013,0.007
1585,2020,02/25,12.659842448447565,São Pedro do Iguaçu,30.0,0.48,0.95,0.013,0.007
1586,2021,02/25,13.478404657790866,São Pedro do Iguaçu,30.0,0.48,0.95,0.013,0.007
1587,2022,02/25,11.484882778728633,São Pedro do Iguaçu,30.0,0.48,0.95,0.013,0.007
1588,2023,02/25,13.231302168403165,São Pedro do Iguaçu,30.0,0.48,0.95,0.013,0.007
1589,2024,02/25,13.583728929869515,São Pedro do Iguaçu,30.0,0.48,0.95,0.013,0.007
1590,2015,02/25,13.811198116410978,Toledo,30.0,0.48,0.95,0.013,0.007
1591,2016,02/25,11.23692015529369,Toledo,30.0,0.48,0.95,0.013,0.007
1592,2017,02/25,13.2498976603593,Toledo,30.0,0.48,0.95,0.013,0.007
1593,2018,02/25,13.134822836974932,Toledo,30.0,0.48,0.95,0.013,0.007
1594,2019,02/25,14.17445016280807,Toledo,30.0,0.48,0.95,0.013,0.007
1595,2020,02/25,13.504953026580152,Toledo,30.0,0.48,0.95,0.013,0.007
1596,2021,02/25,13.90906198873478,Toledo,30.0,0.48,0.95,0.013,0.007
1597,2022,02/25,12.007068935007926,Toledo,30.0,0.48,0.95,0.013,0.007
1598,2023,02/25,13.589648622645793,Toledo,30.0,0.48,0.95,0.013,0.007
1599,2024,02/25,14.07592638512931,Toledo,30.0,0.48,0.95,0.013,0.007
1600,2015,02/25,13.61605160351319,Cascavel,30.0,0.5,0.9,0.012,0.006
1601,2016,02/25,10.407071826466039,Cascavel,30.0,0.5,0.9,0.012,0.006
1602,2017,02/25,12.862976979849085,Cascavel,30.0,0.5,0.9,0.012,0.006
1603,2018,02/25,12.426734834648176,Cascavel,30.0,0.5,0.9,0.012,0.006
1604,2019,02/25,13.962811442839458,Cascavel,30.0,0.5,0.9,0.012,0.006
1605,2020,02/25,12.641233900686117,Cascavel,30.0,0.5,0.9,0.012,0.006
1606,2021,02/25,13.329397208990434,Cascavel,30.0,0.5,0.9,0.012,0.006
1607,2022,02/25,11.523122785635907,Cascavel,30.0,0.5,0.9,0.012,0.006
1608,2023,02/25,12.880330272187908,Cascavel,30.0,0.5,0.9,0.012,0.006
1609,2024,02/25,13.845791650947145,Cascavel,30.0,0.5,0.9,0.012,0.006
1610,2015,02/25,14.0672344359727,Foz do Iguaçu,30.0,0.5,0.9,0.012,0.006
1611,2016,02/25,11.685104983635007,Foz do Iguaçu,30.0,0.5,0.9,0.012,0.006
1612,2017,02/25,13.60482873609219,Foz do Iguaçu,30.0,0.5,0.9,0.012,0.006
1613,2018,02/25,13.06929702115261,Foz do Iguaçu,30.0,0.5,0.9,0.012,0.006
1614,2019,02/25,14.459345284466952,Foz do Iguaçu,30.0,0.5,0.9,0.012,0.006
1615,2020,02/25,13.199619217638496,Foz do Iguaçu,30.0,0.5,0.9,0.012,0.006
1616,2021,02/25,14.03468838909884,Foz do Iguaçu,30.0,0.5,0.9,0.012,0.006
1617,2022,02/25,12.35300510466659,Foz do Iguaçu,30.0,0.5,0.9,0.012,0.006
1618,2023,02/25,14.039468002279234,Foz do Iguaçu,30.0,0.5,0.9,0.012,0.006
1619,2024,02/25,13.840530630601833,Foz do Iguaçu,30.0,0.5,0.9,0.012,0.006
1620,2015,02/25,14.29476390196474,Guaíra,30.0,0.5,0.9,0.012,0.006
1621,2016,02/25,12.136315772552857,Guaíra,30.0,0.5,0.9,0.012,0.006
1622,2017,02/25,13.833013165421873,Guaíra,30.0,0.5,0.9,0.012,0.006
1623,2018,02/25,13.677086038725585,Guaíra,30.0,0.5,0.9,0.012,0.006
1624,2019,02/25,14.593605499336816,Guaíra,30.0,0.5,0.9,0.012,0.006
1625,2020,02/25,13.99555976088214,Guaíra,30.0,0.5,0.9,0.012,0.006
1626,2021,02/25,14.218367081077021,Guaíra,30.0,0.5,0.9,0.012,0.006
1627,2022,02/25,12.824579586065138,Guaíra,30.0,0.5,0.9,0.012,0.006
1628,2023,02/25,14.045434684419332,Guaíra,30.0,0.5,0.9,0.012,0.006
1629,2024,02/25,14.491816326279967,Guaíra,30.0,0.5,0.9,0.012,0.006
1630,2015,02/25,14.284816200843903,Marechal Cândido Rondon,30.0,0.5,0.9,0.012,0.006
1631,2016,02/25,12.242099868412739,Marechal Cândido Rondon,30.0,0.5,0.9,0.012,0.006
1632,2017,02/25,13.91592685581818,Marechal Cândido Rondon,30.0,0.5,0.9,0.012,0.006
1633,2018,02/25,13.786287676175242,Marechal Cândido Rondon,30.0,0.5,0.9,0.012,0.006
1634,2019,02/25,14.622069597824655,Marechal Cândido Rondon,30.0,0.5,0.9,0.012,0.006
1635,2020,02/25,13.955733103337963,Marechal Cândido Rondon,30.0,0.5,0.9,0.012,0.006
1636,2021,02/25,14.416493509196593,Marechal Cândido Rondon,30.0,0.5,0.9,0.012,0.006
1637,2022,02/25,12.860532993339431,Marechal Cândido Rondon,30.0,0.5,0.9,0.012,0.006
1638,2023,02/25,14.160522228558824,Marechal Cândido Rondon,30.0,0.5,0.9,0.012,0.006
1639,2024,02/25,14.373222575488507,Marechal Cândido Rondon,30.0,0.5,0.9,0.012,0.006
1640,2015,02/25,13.786073025322182,Matelândia,30.0,0.5,0.9,0.012,0.006
1641,2016,02/25,10.985857743181013,Matelândia,30.0,0.5,0.9,0.012,0.006
1642,2017,02/25,13.270934995380644,Matelândia,30.0,0.5,0.9,0.012,0.006
1643,2018,02/25,12.648439173993433,Matelândia,30.0,0.5,0.9,0.012,0.006
1644,2019,02/25,14.226351344385222,Matelândia,30.0,0.5,0.9,0.012,0.006
1645,2020,02/25,12.815676599911026,Matelândia,30.0,0.5,0.9,0.012,0.006
1646,2021,02/25,13.750224230353485,Matelândia,30.0,0.5,0.9,0.012,0.006
1647,2022,02/25,11.902333866355264,Matelândia,30.0,0.5,0.9,0.012,0.006
1648,2023,02/25,13.585917313259413,Matelândia,30.0,0.5,0.9,0.012,0.006
1649,2024,02/25,13.778777590704216,Matelândia,30.0,0.5,0.9,0.012,0.006
1650,2015,02/25,14.066668063670548,Medianeira,30.0,0.5,0.9,0.012,0.006
1651,2016,02/25,11.685041636161744,Medianeira,30.0,0.5,0.9,0.012,0.006
1652,2017,02/25,13.604696610933136,Medianeira,30.0,0.5,0.9,0.012,0.006
1653,2018,02/25,13.069582588717994,Medianeira,30.0,0.5,0.9,0.012,0.006
1654,2019,02/25,14.459202232392418,Medianeira,30.0,0.5,0.9,0.012,0.006
1655,2020,02/25,13.198941703681843,Medianeira,30.0,0.5,0.9,0.012,0.006
1656,2021,02/25,14.037066985457841,Medianeira,30.0,0.5,0.9,0.012,0.006
1657,2022,02/25,12.352426804707541,Medianeira,30.0,0.5,0.9,0.012,0.006
1658,2023,02/25,14.038982461581773,Medianeira,30.0,0.5,0.9,0.012,0.006
1659,2024,02/25,13.840268427893296,Medianeira,30.0,0.5,0.9,0.012,0.006
1660,2015,02/25,14.253022014200168,Santa Helena,30.0,0.5,0.9,0.012,0.006
1661,2016,02/25,12.252420899275055,Santa Helena,30.0,0.5,0.9,0.012,0.006
1662,2017,02/25,13.919318335803819,Santa Helena,30.0,0.5,0.9,0.012,0.006
1663,2018,02/25,13.624114439252374,Santa Helena,30.0,0.5,0.9,0.012,0.006
1664,2019,02/25,14.605177795441106,Santa Helena,30.0,0.5,0.9,0.012,0.006
1665,2020,02/25,13.76471023589016,Santa Helena,30.0,0.5,0.9,0.012,0.006
1666,2021,02/25,14.032084867175845,Santa Helena,30.0,0.5,0.9,0.012,0.006
1667,2022,02/25,12.874317887515062,Santa Helena,30.0,0.5,0.9,0.012,0.006
1668,2023,02/25,14.221882690125087,Santa Helena,30.0,0.5,0.9,0.012,0.006
1669,2024,02/25,14.120774391400403,Santa Helena,30.0,0.5,0.9,0.012,0.006
1670,2015,02/25,14.067120105554222,São Miguel do Iguaçu,30.0,0.5,0.9,0.012,0.006
1671,2016,02/25,11.68509216604536,São Miguel do Iguaçu,30.0,0.5,0.9,0.012,0.006
1672,2017,02/25,13.604805281376347,São Miguel do Iguaçu,30.0,0.5,0.9,0.012,0.006
1673,2018,02/25,13.069364584497164,São Miguel do Iguaçu,30.0,0.5,0.9,0.012,0.006
1674,2019,02/25,14.459318115860382,São Miguel do Iguaçu,30.0,0.5,0.9,0.012,0.006
1675,2020,02/25,13.1994541882573,São Miguel do Iguaçu,30.0,0.5,0.9,0.012,0.006
1676,2021,02/25,14.034517594569873,São Miguel do Iguaçu,30.0,0.5,0.9,0.012,0.006
1677,2022,02/25,12.352977791786843,São Miguel do Iguaçu,30.0,0.5,0.9,0.012,0.006
1678,2023,02/25,14.039380546892712,São Miguel do Iguaçu,30.0,0.5,0.9,0.012,0.006
1679,2024,02/25,13.840483755476587,São Miguel do Iguaçu,30.0,0.5,0.9,0.012,0.006
1680,2015,02/25,13.586224897040156,São Pedro do Iguaçu,30.0,0.5,0.9,0.012,0.006
1681,2016,02/25,10.692104625700654,São Pedro do Iguaçu,30.0,0.5,0.9,0.012,0.006
1682,2017,02/25,13.072011291002013,São Pedro do Iguaçu,30.0,0.5,0.9,0.012,0.006
1683,2018,02/25,12.65228282598476,São Pedro do Iguaçu,30.0,0.5,0.9,0.012,0.006
1684,2019,02/25,14.062416443672419,São Pedro do Iguaçu,30.0,0.5,0.9,0.012,0.006
1685,2020,02/25,12.798636263869014,São Pedro do Iguaçu,30.0,0.5,0.9,0.012,0.006
1686,2021,02/25,13.619242717660784,São Pedro do Iguaçu,30.0,0.5,0.9,0.012,0.006
1687,2022,02/25,11.598597303924072,São Pedro do Iguaçu,30.0,0.5,0.9,0.012,0.006
1688,2023,02/25,13.360576983967935,São Pedro do Iguaçu,30.0,0.5,0.9,0.012,0.006
1689,2024,02/25,13.724994585264966,São Pedro do Iguaçu,30.0,0.5,0.9,0.012,0.006
1690,2015,02/25,13.951270552568653,Toledo,30.0,0.5,0.9,0.012,0.006
1691,2016,02/25,11.346566554953942,Toledo,30.0,0.5,0.9,0.012,0.006
1692,2017,02/25,13.383190735111148,Toledo,30.0,0.5,0.9,0.012,0.006
1693,2018,02/25,13.25693041591165,Toledo,30.0,0.5,0.9,0.012,0.006
1694,2019,02/25,14.317540686309995,Toledo,30.0,0.5,0.9,0.012,0.006
1695,2020,02/25,13.64901513109201,Toledo,30.0,0.5,0.9,0.012,0.006
1696,2021,02/25,14.054691643907926,Toledo,30.0,0.5,0.9,0.012,0.006
1697,2022,02/25,12.12540588192865,Toledo,30.0,0.5,0.9,0.012,0.006
1698,2023,02/25,13.721824750151589,Toledo,30.0,0.5,0.9,0.012,0.006
1699,2024,02/25,14.217297916400941,Toledo,30.0,0.5,0.9,0.012,0.006
1700,2015,02/25,13.61605160351319,Cascavel,30.0,0.5,0.9,0.012,0.007
1701,2016,02/25,10.407071826466039,Cascavel,30.0,0.5,0.9,0.012,0.007
1702,2017,02/25,12.862976979849085,Cascavel,30.0,0.5,0.9,0.012,0.007
1703,2018,02/25,12.426734834648176,Cascavel,30.0,0.5,0.9,0.012,0.007
1704,2019,02/25,13.962811442839458,Cascavel,30.0,0.5,0.9,0.012,0.007
1705,2020,02/25,12.641233900686117,Cascavel,30.0,0.5,0.9,0.012,0.007
1706,2021,02/25,13.329397208990434,Cascavel,30.0,0.5,0.9,0.012,0.007
1707,2022,02/25,11.523122785635907,Cascavel,30.0,0.5,0.9,0.012,0.007
1708,2023,02/25,12.880330272187908,Cascavel,30.0,0.5,0.9,0.012,0.007
1709,2024,02/25,13.845791650947145,Cascavel,30.0,0.5,0.9,0.012,0.007
1710,2015,02/25,14.0672344359727,Foz do Iguaçu,30.0,0.5,0.9,0.012,0.007
1711,2016,02/25,11.685104983635007,Foz do Iguaçu,30.0,0.5,0.9,0.012,0.007
1712,2017,02/25,13.60482873609219,Foz do Iguaçu,30.0,0.5,0.9,0.012,0.007
1713,2018,02/25,13.06929702115261,Foz do Iguaçu,30.0,0.5,0.9,0.012,0.007
1714,2019,02/25,14.459345284466952,Foz do Iguaçu,30.0,0.5,0.9,0.012,0.007
1715,2020,02/25,13.199619217638496,Foz do Iguaçu,30.0,0.5,0.9,0.012,0.007
1716,2021,02/25,14.03468838909884,Foz do Iguaçu,30.0,0.5,0.9,0.012,0.007
1717,2022,02/25,12.35300510466659,Foz do Iguaçu,30.0,0.5,0.9,0.012,0.007
1718,2023,02/25,14.039468002279234,Foz do Iguaçu,30.0,0.5,0.9,0.012,0.007
1719,2024,02/25,13.840530630601833,Foz do Iguaçu,30.0,0.5,0.9,0.012,0.007
1720,2015,02/25,14.29476390196474,Guaíra,30.0,0.5,0.9,0.012,0.007
1721,2016,02/25,12.136315772552857,Guaíra,30.0,0.5,0.9,0.012,0.007
1722,2017,02/25,13.833013165421873,Guaíra,30.0,0.5,0.9,0.012,0.007
1723,2018,02/25,13.677086038725585,Guaíra,30.0,0.5,0.9,0.012,0.007
1724,2019,02/25,14.593605499336816,Guaíra,30.0,0.5,0.9,0.012,0.007
1725,2020,02/25,13.99555976088214,Guaíra,30.0,0.5,0.9,0.012,0.007
1726,2021,02/25,14.218367081077021,Guaíra,30.0,0.5,0.9,0.012,0.007
1727,2022,02/25,12.824579586065138,Guaíra,30.0,0.5,0.9,0.012,0.007
1728,2023,02/25,14.045434684419332,Guaíra,30.0,0.5,0.9,0.012,0.007
1729,2024,02/25,14.491816326279967,Guaíra,30.0,0.5,0.9,0.012,0.007
1730,2015,02/25,14.284816200843903,Marechal Cândido Rondon,30.0,0.5,0.9,0.012,0.007
1731,2016,02/25,12.242099868412739,Marechal Cândido Rondon,30.0,0.5,0.9,0.012,0.007
1732,2017,02/25,13.91592685581818,Marechal Cândido Rondon,30.0,0.5,0.9,0.012,0.007
1733,2018,02/25,13.786287676175242,Marechal Cândido Rondon,30.0,0.5,0.9,0.012,0.007
1734,2019,02/25,14.622069597824655,Marechal Cândido Rondon,30.0,0.5,0.9,0.012,0.007
1735,2020,02/25,13.955733103337963,Marechal Cândido Rondon,30.0,0.5,0.9,0.012,0.007
1736,2021,02/25,14.416493509196593,Marechal Cândido Rondon,30.0,0.5,0.9,0.012,0.007
1737,2022,02/25,12.860532993339431,Marechal Cândido Rondon,30.0,0.5,0.9,0.012,0.007
1738,2023,02/25,14.160522228558824,Marechal Cândido Rondon,30.0,0.5,0.9,0.012,0.007
1739,2024,02/25,14.373222575488507,Marechal Cândido Rondon,30.0,0.5,0.9,0.012,0.007
1740,2015,02/25,13.786073025322182,Matelândia,30.0,0.5,0.9,0.012,0.007
1741,2016,02/25,10.985857743181013,Matelândia,30.0,0.5,0.9,0.012,0.007
1742,2017,02/25,13.270934995380644,Matelândia,30.0,0.5,0.9,0.012,0.007
1743,2018,02/25,12.648439173993433,Matelândia,30.0,0.5,0.9,0.012,0.007
1744,2019,02/25,14.226351344385222,Matelândia,30.0,0.5,0.9,0.012,0.007
1745,2020,02/25,12.815676599911026,Matelândia,30.0,0.5,0.9,0.012,0.007
1746,2021,02/25,13.750224230353485,Matelândia,30.0,0.5,0.9,0.012,0.007
1747,2022,02/25,11.902333866355264,Matelândia,30.0,0.5,0.9,0.012,0.007
1748,2023,02/25,13.585917313259413,Matelândia,30.0,0.5,0.9,0.012,0.007
1749,2024,02/25,13.778777590704216,Matelândia,30.0,0.5,0.9,0.012,0.007
1750,2015,02/25,14.066668063670548,Medianeira,30.0,0.5,0.9,0.012,0.007
1751,2016,02/25,11.685041636161744,Medianeira,30.0,0.5,0.9,0.012,0.007
1752,2017,02/25,13.604696610933136,Medianeira,30.0,0.5,0.9,0.012,0.007
1753,2018,02/25,13.069582588717994,Medianeira,30.0,0.5,0.9,0.012,0.007
1754,2019,02/25,14.459202232392418,Medianeira,30.0,0.5,0.9,0.012,0.007
1755,2020,02/25,13.198941703681843,Medianeira,30.0,0.5,0.9,0.012,0.007
1756,2021,02/25,14.037066985457841,Medianeira,30.0,0.5,0.9,0.012,0.007
1757,2022,02/25,12.352426804707541,Medianeira,30.0,0.5,0.9,0.012,0.007
1758,2023,02/25,14.038982461581773,Medianeira,30.0,0.5,0.9,0.012,0.007
1759,2024,02/25,13.840268427893296,Medianeira,30.0,0.5,0.9,0.012,0.007
1760,2015,02/25,14.253022014200168,Santa Helena,30.0,0.5,0.9,0.012,0.007
1761,2016,02/25,12.252420899275055,Santa Helena,30.0,0.5,0.9,0.012,0.007
1762,2017,02/25,13.919318335803819,Santa Helena,30.0,0.5,0.9,0.012,0.007
1763,2018,02/25,13.624114439252374,Santa Helena,30.0,0.5,0.9,0.012,0.007
1764,2019,02/25,14.605177795441106,Santa Helena,30.0,0.5,0.9,0.012,0.007
1765,2020,02/25,13.76471023589016,Santa Helena,30.0,0.5,0.9,0.012,0.007
1766,2021,02/25,14.032084867175845,Santa Helena,30.0,0.5,0.9,0.012,0.007
1767,2022,02/25,12.874317887515062,Santa Helena,30.0,0.5,0.9,0.012,0.007
1768,2023,02/25,14.221882690125087,Santa Helena,30.0,0.5,0.9,0.012,0.007
1769,2024,02/25,14.120774391400403,Santa Helena,30.0,0.5,0.9,0.012,0.007
1770,2015,02/25,14.067120105554222,São Miguel do Iguaçu,30.0,0.5,0.9,0.012,0.007
1771,2016,02/25,11.68509216604536,São Miguel do Iguaçu,30.0,0.5,0.9,0.012,0.007
1772,2017,02/25,13.604805281376347,São Miguel do Iguaçu,30.0,0.5,0.9,0.012,0.007
1773,2018,02/25,13.069364584497164,São Miguel do Iguaçu,30.0,0.5,0.9,0.012,0.007
1774,2019,02/25,14.459318115860382,São Miguel do Iguaçu,30.0,0.5,0.9,0.012,0.007
1775,2020,02/25,13.1994541882573,São Miguel do Iguaçu,30.0,0.5,0.9,0.012,0.007
1776,2021,02/25,14.034517594569873,São Miguel do Iguaçu,30.0,0.5,0.9,0.012,0.007
1777,2022,02/25,12.352977791786843,São Miguel do Iguaçu,30.0,0.5,0.9,0.012,0.007
1778,2023,02/25,14.039380546892712,São Miguel do Iguaçu,30.0,0.5,0.9,0.012,0.007
1779,2024,02/25,13.840483755476587,São Miguel do Iguaçu,30.0,0.5,0.9,0.012,0.007
1780,2015,02/25,13.586224897040156,São Pedro do Iguaçu,30.0,0.5,0.9,0.012,0.007
1781,2016,02/25,10.692104625700654,São Pedro do Iguaçu,30.0,0.5,0.9,0.012,0.007
1782,2017,02/25,13.072011291002013,São Pedro do Iguaçu,30.0,0.5,0.9,0.012,0.007
1783,2018,02/25,12.65228282598476,São Pedro do Iguaçu,30.0,0.5,0.9,0.012,0.007
1784,2019,02/25,14.062416443672419,São Pedro do Iguaçu,30.0,0.5,0.9,0.012,0.007
1785,2020,02/25,12.798636263869014,São Pedro do Iguaçu,30.0,0.5,0.9,0.012,0.007
1786,2021,02/25,13.619242717660784,São Pedro do Iguaçu,30.0,0.5,0.9,0.012,0.007
1787,2022,02/25,11.598597303924072,São Pedro do Iguaçu,30.0,0.5,0.9,0.012,0.007
1788,2023,02/25,13.360576983967935,São Pedro do Iguaçu,30.0,0.5,0.9,0.012,0.007
1789,2024,02/25,13.724994585264966,São Pedro do Iguaçu,30.0,0.5,0.9,0.012,0.007
1790,2015,02/25,13.951270552568653,Toledo,30.0,0.5,0.9,0.012,0.007
1791,2016,02/25,11.346566554953942,Toledo,30.0,0.5,0.9,0.012,0.007
1792,2017,02/25,13.383190735111148,Toledo,30.0,0.5,0.9,0.012,0.007
1793,2018,02/25,13.25693041591165,Toledo,30.0,0.5,0.9,0.012,0.007
1794,2019,02/25,14.317540686309995,Toledo,30.0,0.5,0.9,0.012,0.007
1795,2020,02/25,13.64901513109201,Toledo,30.0,0.5,0.9,0.012,0.007
1796,2021,02/25,14.054691643907926,Toledo,30.0,0.5,0.9,0.012,0.007
1797,2022,02/25,12.12540588192865,Toledo,30.0,0.5,0.9,0.012,0.007
1798,2023,02/25,13.721824750151589,Toledo,30.0,0.5,0.9,0.012,0.007
1799,2024,02/25,14.217297916400941,Toledo,30.0,0.5,0.9,0.012,0.007
1800,2015,02/25,13.61605160351319,Cascavel,30.0,0.5,0.9,0.013,0.006
1801,2016,02/25,10.407071826466039,Cascavel,30.0,0.5,0.9,0.013,0.006
1802,2017,02/25,12.862976979849085,Cascavel,30.0,0.5,0.9,0.013,0.006
1803,2018,02/25,12.426734834648176,Cascavel,30.0,0.5,0.9,0.013,0.006
1804,2019,02/25,13.962811442839458,Cascavel,30.0,0.5,0.9,0.013,0.006
1805,2020,02/25,12.641233900686117,Cascavel,30.0,0.5,0.9,0.013,0.006
1806,2021,02/25,13.329397208990434,Cascavel,30.0,0.5,0.9,0.013,0.006
1807,2022,02/25,11.523122785635907,Cascavel,30.0,0.5,0.9,0.013,0.006
1808,2023,02/25,12.880330272187908,Cascavel,30.0,0.5,0.9,0.013,0.006
1809,2024,02/25,13.845791650947145,Cascavel,30.0,0.5,0.9,0.013,0.006
1810,2015,02/25,14.0672344359727,Foz do Iguaçu,30.0,0.5,0.9,0.013,0.006
1811,2016,02/25,11.685104983635007,Foz do Iguaçu,30.0,0.5,0.9,0.013,0.006
1812,2017,02/25,13.60482873609219,Foz do Iguaçu,30.0,0.5,0.9,0.013,0.006
1813,2018,02/25,13.06929702115261,Foz do Iguaçu,30.0,0.5,0.9,0.013,0.006
1814,2019,02/25,14.459345284466952,Foz do Iguaçu,30.0,0.5,0.9,0.013,0.006
1815,2020,02/25,13.199619217638496,Foz do Iguaçu,30.0,0.5,0.9,0.013,0.006
1816,2021,02/25,14.03468838909884,Foz do Iguaçu,30.0,0.5,0.9,0.013,0.006
1817,2022,02/25,12.35300510466659,Foz do Iguaçu,30.0,0.5,0.9,0.013,0.006
1818,2023,02/25,14.039468002279234,Foz do Iguaçu,30.0,0.5,0.9,0.013,0.006
1819,2024,02/25,13.840530630601833,Foz do Iguaçu,30.0,0.5,0.9,0.013,0.006
1820,2015,02/25,14.29476390196474,Guaíra,30.0,0.5,0.9,0.013,0.006
1821,2016,02/25,12.136315772552857,Guaíra,30.0,0.5,0.9,0.013,0.006
1822,2017,02/25,13.833013165421873,Guaíra,30.0,0.5,0.9,0.013,0.006
1823,2018,02/25,13.677086038725585,Guaíra,30.0,0.5,0.9,0.013,0.006
1824,2019,02/25,14.593605499336816,Guaíra,30.0,0.5,0.9,0.013,0.006
1825,2020,02/25,13.99555976088214,Guaíra,30.0,0.5,0.9,0.013,0.006
1826,2021,02/25,14.218367081077021,Guaíra,30.0,0.5,0.9,0.013,0.006
1827,2022,02/25,12.824579586065138,Guaíra,30.0,0.5,0.9,0.013,0.006
1828,2023,02/25,14.045434684419332,Guaíra,30.0,0.5,0.9,0.013,0.006
1829,2024,02/25,14.491816326279967,Guaíra,30.0,0.5,0.9,0.013,0.006
1830,2015,02/25,14.284816200843903,Marechal Cândido Rondon,30.0,0.5,0.9,0.013,0.006
1831,2016,02/25,12.242099868412739,Marechal Cândido Rondon,30.0,0.5,0.9,0.013,0.006
1832,2017,02/25,13.91592685581818,Marechal Cândido Rondon,30.0,0.5,0.9,0.013,0.006
1833,2018,02/25,13.786287676175242,Marechal Cândido Rondon,30.0,0.5,0.9,0.013,0.006
1834,2019,02/25,14.622069597824655,Marechal Cândido Rondon,30.0,0.5,0.9,0.013,0.006
1835,2020,02/25,13.955733103337963,Marechal Cândido Rondon,30.0,0.5,0.9,0.013,0.006
1836,2021,02/25,14.416493509196593,Marechal Cândido Rondon,30.0,0.5,0.9,0.013,0.006
1837,2022,02/25,12.860532993339431,Marechal Cândido Rondon,30.0,0.5,0.9,0.013,0.006
1838,2023,02/25,14.160522228558824,Marechal Cândido Rondon,30.0,0.5,0.9,0.013,0.006
1839,2024,02/25,14.373222575488507,Marechal Cândido Rondon,30.0,0.5,0.9,0.013,0.006
1840,2015,02/25,13.786073025322182,Matelândia,30.0,0.5,0.9,0.013,0.006
1841,2016,02/25,10.985857743181013,Matelândia,30.0,0.5,0.9,0.013,0.006
1842,2017,02/25,13.270934995380644,Matelândia,30.0,0.5,0.9,0.013,0.006
1843,2018,02/25,12.648439173993433,Matelândia,30.0,0.5,0.9,0.013,0.006
1844,2019,02/25,14.226351344385222,Matelândia,30.0,0.5,0.9,0.013,0.006
1845,2020,02/25,12.815676599911026,Matelândia,30.0,0.5,0.9,0.013,0.006
1846,2021,02/25,13.750224230353485,Matelândia,30.0,0.5,0.9,0.013,0.006
1847,2022,02/25,11.902333866355264,Matelândia,30.0,0.5,0.9,0.013,0.006
1848,2023,02/25,13.585917313259413,Matelândia,30.0,0.5,0.9,0.013,0.006
1849,2024,02/25,13.778777590704216,Matelândia,30.0,0.5,0.9,0.013,0.006
1850,2015,02/25,14.066668063670548,Medianeira,30.0,0.5,0.9,0.013,0.006
1851,2016,02/25,11.685041636161744,Medianeira,30.0,0.5,0.9,0.013,0.006
1852,2017,02/25,13.604696610933136,Medianeira,30.0,0.5,0.9,0.013,0.006
1853,2018,02/25,13.069582588717994,Medianeira,30.0,0.5,0.9,0.013,0.006
1854,2019,02/25,14.459202232392418,Medianeira,30.0,0.5,0.9,0.013,0.006
1855,2020,02/25,13.198941703681843,Medianeira,30.0,0.5,0.9,0.013,0.006
1856,2021,02/25,14.037066985457841,Medianeira,30.0,0.5,0.9,0.013,0.006
1857,2022,02/25,12.352426804707541,Medianeira,30.0,0.5,0.9,0.013,0.006
1858,2023,02/25,14.038982461581773,Medianeira,30.0,0.5,0.9,0.013,0.006
1859,2024,02/25,13.840268427893296,Medianeira,30.0,0.5,0.9,0.013,0.006
1860,2015,02/25,14.253022014200168,Santa Helena,30.0,0.5,0.9,0.013,0.006
1861,2016,02/25,12.252420899275055,Santa Helena,30.0,0.5,0.9,0.013,0.006
1862,2017,02/25,13.919318335803819,Santa Helena,30.0,0.5,0.9,0.013,0.006
1863,2018,02/25,13.624114439252374,Santa Helena,30.0,0.5,0.9,0.013,0.006
1864,2019,02/25,14.605177795441106,Santa Helena,30.0,0.5,0.9,0.013,0.006
1865,2020,02/25,13.76471023589016,Santa Helena,30.0,0.5,0.9,0.013,0.006
1866,2021,02/25,14.032084867175845,Santa Helena,30.0,0.5,0.9,0.013,0.006
1867,2022,02/25,12.874317887515062,Santa Helena,30.0,0.5,0.9,0.013,0.006
1868,2023,02/25,14.221882690125087,Santa Helena,30.0,0.5,0.9,0.013,0.006
1869,2024,02/25,14.120774391400403,Santa Helena,30.0,0.5,0.9,0.013,0.006
1870,2015,02/25,14.067120105554222,São Miguel do Iguaçu,30.0,0.5,0.9,0.013,0.006
1871,2016,02/25,11.68509216604536,São Miguel do Iguaçu,30.0,0.5,0.9,0.013,0.006
1872,2017,02/25,13.604805281376347,São Miguel do Iguaçu,30.0,0.5,0.9,0.013,0.006
1873,2018,02/25,13.069364584497164,São Miguel do Iguaçu,30.0,0.5,0.9,0.013,0.006
1874,2019,02/25,14.459318115860382,São Miguel do Iguaçu,30.0,0.5,0.9,0.013,0.006
1875,2020,02/25,13.1994541882573,São Miguel do Iguaçu,30.0,0.5,0.9,0.013,0.006
1876,2021,02/25,14.034517594569873,São Miguel do Iguaçu,30.0,0.5,0.9,0.013,0.006
1877,2022,02/25,12.352977791786843,São Miguel do Iguaçu,30.0,0.5,0.9,0.013,0.006
1878,2023,02/25,14.039380546892712,São Miguel do Iguaçu,30.0,0.5,0.9,0.013,0.006
1879,2024,02/25,13.840483755476587,São Miguel do Iguaçu,30.0,0.5,0.9,0.013,0.006
1880,2015,02/25,13.586224897040156,São Pedro do Iguaçu,30.0,0.5,0.9,0.013,0.006
1881,2016,02/25,10.692104625700654,São Pedro do Iguaçu,30.0,0.5,0.9,0.013,0.006
1882,2017,02/25,13.072011291002013,São Pedro do Iguaçu,30.0,0.5,0.9,0.013,0.006
1883,2018,02/25,12.65228282598476,São Pedro do Iguaçu,30.0,0.5,0.9,0.013,0.006
1884,2019,02/25,14.062416443672419,São Pedro do Iguaçu,30.0,0.5,0.9,0.013,0.006
1885,2020,02/25,12.798636263869014,São Pedro do Iguaçu,30.0,0.5,0.9,0.013,0.006
1886,2021,02/25,13.619242717660784,São Pedro do Iguaçu,30.0,0.5,0.9,0.013,0.006
1887,2022,02/25,11.598597303924072,São Pedro do Iguaçu,30.0,0.5,0.9,0.013,0.006
1888,2023,02/25,13.360576983967935,São Pedro do Iguaçu,30.0,0.5,0.9,0.013,0.006
1889,2024,02/25,13.724994585264966,São Pedro do Iguaçu,30.0,0.5,0.9,0.013,0.006
1890,2015,02/25,13.951270552568653,Toledo,30.0,0.5,0.9,0.013,0.006
1891,2016,02/25,11.346566554953942,Toledo,30.0,0.5,0.9,0.013,0.006
1892,2017,02/25,13.383190735111148,Toledo,30.0,0.5,0.9,0.013,0.006
1893,2018,02/25,13.25693041591165,Toledo,30.0,0.5,0.9,0.013,0.006
1894,2019,02/25,14.317540686309995,Toledo,30.0,0.5,0.9,0.013,0.006
1895,2020,02/25,13.64901513109201,Toledo,30.0,0.5,0.9,0.013,0.006
1896,2021,02/25,14.054691643907926,Toledo,30.0,0.5,0.9,0.013,0.006
1897,2022,02/25,12.12540588192865,Toledo,30.0,0.5,0.9,0.013,0.006
1898,2023,02/25,13.721824750151589,Toledo,30.0,0.5,0.9,0.013,0.006
1899,2024,02/25,14.217297916400941,Toledo,30.0,0.5,0.9,0.013,0.006
1900,2015,02/25,13.61605160351319,Cascavel,30.0,0.5,0.9,0.013,0.007
1901,2016,02/25,10.407071826466039,Cascavel,30.0,0.5,0.9,0.013,0.007
1902,2017,02/25,12.862976979849085,Cascavel,30.0,0.5,0.9,0.013,0.007
1903,2018,02/25,12.426734834648176,Cascavel,30.0,0.5,0.9,0.013,0.007
1904,2019,02/25,13.962811442839458,Cascavel,30.0,0.5,0.9,0.013,0.007
1905,2020,02/25,12.641233900686117,Cascavel,30.0,0.5,0.9,0.013,0.007
1906,2021,02/25,13.329397208990434,Cascavel,30.0,0.5,0.9,0.013,0.007
1907,2022,02/25,11.523122785635907,Cascavel,30.0,0.5,0.9,0.013,0.007
1908,2023,02/25,12.880330272187908,Cascavel,30.0,0.5,0.9,0.013,0.007
1909,2024,02/25,13.845791650947145,Cascavel,30.0,0.5,0.9,0.013,0.007
1910,2015,02/25,14.0672344359727,Foz do Iguaçu,30.0,0.5,0.9,0.013,0.007
1911,2016,02/25,11.685104983635007,Foz do Iguaçu,30.0,0.5,0.9,0.013,0.007
1912,2017,02/25,13.60482873609219,Foz do Iguaçu,30.0,0.5,0.9,0.013,0.007
1913,2018,02/25,13.06929702115261,Foz do Iguaçu,30.0,0.5,0.9,0.013,0.007
1914,2019,02/25,14.459345284466952,Foz do Iguaçu,30.0,0.5,0.9,0.013,0.007
1915,2020,02/25,13.199619217638496,Foz do Iguaçu,30.0,0.5,0.9,0.013,0.007
1916,2021,02/25,14.03468838909884,Foz do Iguaçu,30.0,0.5,0.9,0.013,0.007
1917,2022,02/25,12.35300510466659,Foz do Iguaçu,30.0,0.5,0.9,0.013,0.007
1918,2023,02/25,14.039468002279234,Foz do Iguaçu,30.0,0.5,0.9,0.013,0.007
1919,2024,02/25,13.840530630601833,Foz do Iguaçu,30.0,0.5,0.9,0.013,0.007
1920,2015,02/25,14.29476390196474,Guaíra,30.0,0.5,0.9,0.013,0.007
1921,2016,02/25,12.136315772552857,Guaíra,30.0,0.5,0.9,0.013,0.007
1922,2017,02/25,13.833013165421873,Guaíra,30.0,0.5,0.9,0.013,0.007
1923,2018,02/25,13.677086038725585,Guaíra,30.0,0.5,0.9,0.013,0.007
1924,2019,02/25,14.593605499336816,Guaíra,30.0,0.5,0.9,0.013,0.007
1925,2020,02/25,13.99555976088214,Guaíra,30.0,0.5,0.9,0.013,0.007
1926,2021,02/25,14.218367081077021,Guaíra,30.0,0.5,0.9,0.013,0.007
1927,2022,02/25,12.824579586065138,Guaíra,30.0,0.5,0.9,0.013,0.007
1928,2023,02/25,14.045434684419332,Guaíra,30.0,0.5,0.9,0.013,0.007
1929,2024,02/25,14.491816326279967,Guaíra,30.0,0.5,0.9,0.013,0.007
1930,2015,02/25,14.284816200843903,Marechal Cândido Rondon,30.0,0.5,0.9,0.013,0.007
1931,2016,02/25,12.242099868412739,Marechal Cândido Rondon,30.0,0.5,0.9,0.013,0.007
1932,2017,02/25,13.91592685581818,Marechal Cândido Rondon,30.0,0.5,0.9,0.013,0.007
1933,2018,02/25,13.786287676175242,Marechal Cândido Rondon,30.0,0.5,0.9,0.013,0.007
1934,2019,02/25,14.622069597824655,Marechal Cândido Rondon,30.0,0.5,0.9,0.013,0.007
1935,2020,02/25,13.955733103337963,Marechal Cândido Rondon,30.0,0.5,0.9,0.013,0.007
1936,2021,02/25,14.416493509196593,Marechal Cândido Rondon,30.0,0.5,0.9,0.013,0.007
1937,2022,02/25,12.860532993339431,Marechal Cândido Rondon,30.0,0.5,0.9,0.013,0.007
1938,2023,02/25,14.160522228558824,Marechal Cândido Rondon,30.0,0.5,0.9,0.013,0.007
1939,2024,02/25,14.373222575488507,Marechal Cândido Rondon,30.0,0.5,0.9,0.013,0.007
1940,2015,02/25,13.786073025322182,Matelândia,30.0,0.5,0.9,0.013,0.007
1941,2016,02/25,10.985857743181013,Matelândia,30.0,0.5,0.9,0.013,0.007
1942,2017,02/25,13.270934995380644,Matelândia,30.0,0.5,0.9,0.013,0.007
1943,2018,02/25,12.648439173993433,Matelândia,30.0,0.5,0.9,0.013,0.007
1944,2019,02/25,14.226351344385222,Matelândia,30.0,0.5,0.9,0.013,0.007
1945,2020,02/25,12.815676599911026,Matelândia,30.0,0.5,0.9,0.013,0.007
1946,2021,02/25,13.750224230353485,Matelândia,30.0,0.5,0.9,0.013,0.007
1947,2022,02/25,11.902333866355264,Matelândia,30.0,0.5,0.9,0.013,0.007
1948,2023,02/25,13.585917313259413,Matelândia,30.0,0.5,0.9,0.013,0.007
1949,2024,02/25,13.778777590704216,Matelândia,30.0,0.5,0.9,0.013,0.007
1950,2015,02/25,14.066668063670548,Medianeira,30.0,0.5,0.9,0.013,0.007
1951,2016,02/25,11.685041636161744,Medianeira,30.0,0.5,0.9,0.013,0.007
1952,2017,02/25,13.604696610933136,Medianeira,30.0,0.5,0.9,0.013,0.007
1953,2018,02/25,13.069582588717994,Medianeira,30.0,0.5,0.9,0.013,0.007
1954,2019,02/25,14.459202232392418,Medianeira,30.0,0.5,0.9,0.013,0.007
1955,2020,02/25,13.198941703681843,Medianeira,30.0,0.5,0.9,0.013,0.007
1956,2021,02/25,14.037066985457841,Medianeira,30.0,0.5,0.9,0.013,0.007
1957,2022,02/25,12.352426804707541,Medianeira,30.0,0.5,0.9,0.013,0.007
1958,2023,02/25,14.038982461581773,Medianeira,30.0,0.5,0.9,0.013,0.007
1959,2024,02/25,13.840268427893296,Medianeira,30.0,0.5,0.9,0.013,0.007
1960,2015,02/25,14.253022014200168,Santa Helena,30.0,0.5,0.9,0.013,0.007
1961,2016,02/25,12.252420899275055,Santa Helena,30.0,0.5,0.9,0.013,0.007
1962,2017,02/25,13.919318335803819,Santa Helena,30.0,0.5,0.9,0.013,0.007
1963,2018,02/25,13.624114439252374,Santa Helena,30.0,0.5,0.9,0.013,0.007
1964,2019,02/25,14.605177795441106,Santa Helena,30.0,0.5,0.9,0.013,0.007
1965,2020,02/25,13.76471023589016,Santa Helena,30.0,0.5,0.9,0.013,0.007
1966,2021,02/25,14.032084867175845,Santa Helena,30.0,0.5,0.9,0.013,0.007
1967,2022,02/25,12.874317887515062,Santa Helena,30.0,0.5,0.9,0.013,0.007
1968,2023,02/25,14.221882690125087,Santa Helena,30.0,0.5,0.9,0.013,0.007
1969,2024,02/25,14.120774391400403,Santa Helena,30.0,0.5,0.9,0.013,0.007
1970,2015,02/25,14.067120105554222,São Miguel do Iguaçu,30.0,0.5,0.9,0.013,0.007
1971,2016,02/25,11.68509216604536,São Miguel do Iguaçu,30.0,0.5,0.9,0.013,0.007
1972,2017,02/25,13.604805281376347,São Miguel do Iguaçu,30.0,0.5,0.9,0.013,0.007
1973,2018,02/25,13.069364584497164,São Miguel do Iguaçu,30.0,0.5,0.9,0.013,0.007
1974,2019,02/25,14.459318115860382,São Miguel do Iguaçu,30.0,0.5,0.9,0.013,0.007
1975,2020,02/25,13.1994541882573,São Miguel do Iguaçu,30.0,0.5,0.9,0.013,0.007
1976,2021,02/25,14.034517594569873,São Miguel do Iguaçu,30.0,0.5,0.9,0.013,0.007
1977,2022,02/25,12.352977791786843,São Miguel do Iguaçu,30.0,0.5,0.9,0.013,0.007
1978,2023,02/25,14.039380546892712,São Miguel do Iguaçu,30.0,0.5,0.9,0.013,0.007
1979,2024,02/25,13.840483755476587,São Miguel do Iguaçu,30.0,0.5,0.9,0.013,0.007
1980,2015,02/25,13.586224897040156,São Pedro do Iguaçu,30.0,0.5,0.9,0.013,0.007
1981,2016,02/25,10.692104625700654,São Pedro do Iguaçu,30.0,0.5,0.9,0.013,0.007
1982,2017,02/25,13.072011291002013,São Pedro do Iguaçu,30.0,0.5,0.9,0.013,0.007
1983,2018,02/25,12.65228282598476,São Pedro do Iguaçu,30.0,0.5,0.9,0.013,0.007
1984,2019,02/25,14.062416443672419,São Pedro do Iguaçu,30.0,0.5,0.9,0.013,0.007
1985,2020,02/25,12.798636263869014,São Pedro do Iguaçu,30.0,0.5,0.9,0.013,0.007
1986,2021,02/25,13.619242717660784,São Pedro do Iguaçu,30.0,0.5,0.9,0.013,0.007
1987,2022,02/25,11.598597303924072,São Pedro do Iguaçu,30.0,0.5,0.9,0.013,0.007
1988,2023,02/25,13.360576983967935,São Pedro do Iguaçu,30.0,0.5,0.9,0.013,0.007
1989,2024,02/25,13.724994585264966,São Pedro do Iguaçu,30.0,0.5,0.9,0.013,0.007
1990,2015,02/25,13.951270552568653,Toledo,30.0,0.5,0.9,0.013,0.007
1991,2016,02/25,11.346566554953942,Toledo,30.0,0.5,0.9,0.013,0.007
1992,2017,02/25,13.383190735111148,Toledo,30.0,0.5,0.9,0.013,0.007
1993,2018,02/25,13.25693041591165,Toledo,30.0,0.5,0.9,0.013,0.007
1994,2019,02/25,14.317540686309995,Toledo,30.0,0.5,0.9,0.013,0.007
1995,2020,02/25,13.64901513109201,Toledo,30.0,0.5,0.9,0.013,0.007
1996,2021,02/25,14.054691643907926,Toledo,30.0,0.5,0.9,0.013,0.007
1997,2022,02/25,12.12540588192865,Toledo,30.0,0.5,0.9,0.013,0.007
1998,2023,02/25,13.721824750151589,Toledo,30.0,0.5,0.9,0.013,0.007
1999,2024,02/25,14.217297916400941,Toledo,30.0,0.5,0.9,0.013,0.007
2000,2015,02/25,14.038400076174591,Cascavel,30.0,0.5,0.95,0.012,0.006
2001,2016,02/25,10.733448615584772,Cascavel,30.0,0.5,0.95,0.012,0.006
2002,2017,02/25,13.261125639324591,Cascavel,30.0,0.5,0.95,0.012,0.006
2003,2018,02/25,12.823210081327062,Cascavel,30.0,0.5,0.95,0.012,0.006
2004,2019,02/25,14.397392406463013,Cascavel,30.0,0.5,0.95,0.012,0.006
2005,2020,02/25,13.024372716184343,Cascavel,30.0,0.5,0.95,0.012,0.006
2006,2021,02/25,13.73474489887589,Cascavel,30.0,0.5,0.95,0.012,0.006
2007,2022,02/25,11.884181947044235,Cascavel,30.0,0.5,0.95,0.012,0.006
2008,2023,02/25,13.28568391357793,Cascavel,30.0,0.5,0.95,0.012,0.006
2009,2024,02/25,14.274578397194482,Cascavel,30.0,0.5,0.95,0.012,0.006
2010,2015,02/25,14.507110993574903,Foz do Iguaçu,30.0,0.5,0.95,0.012,0.006
2011,2016,02/25,12.055390732671928,Foz do Iguaçu,30.0,0.5,0.95,0.012,0.006
2012,2017,02/25,14.033262947424845,Foz do Iguaçu,30.0,0.5,0.95,0.012,0.006
2013,2018,02/25,13.486956331241112,Foz do Iguaçu,30.0,0.5,0.95,0.012,0.006
2014,2019,02/25,14.908306234048304,Foz do Iguaçu,30.0,0.5,0.95,0.012,0.006
2015,2020,02/25,13.603208263065783,Foz do Iguaçu,30.0,0.5,0.95,0.012,0.006
2016,2021,02/25,14.467771664919136,Foz do Iguaçu,30.0,0.5,0.95,0.012,0.006
2017,2022,02/25,12.743702031515083,Foz do Iguaçu,30.0,0.5,0.95,0.012,0.006
2018,2023,02/25,14.483921778296496,Foz do Iguaçu,30.0,0.5,0.95,0.012,0.006
2019,2024,02/25,14.2668759197884,Foz do Iguaçu,30.0,0.5,0.95,0.012,0.006
2020,2015,02/25,14.742804557217509,Guaíra,30.0,0.5,0.95,0.012,0.006
2021,2016,02/25,12.521100848628667,Guaíra,30.0,0.5,0.95,0.012,0.006
2022,2017,02/25,14.268876044667742,Guaíra,30.0,0.5,0.95,0.012,0.006
2023,2018,02/25,14.115805785464866,Guaíra,30.0,0.5,0.95,0.012,0.006
2024,2019,02/25,15.051646632140903,Guaíra,30.0,0.5,0.95,0.012,0.006
2025,2020,02/25,14.428958173795655,Guaíra,30.0,0.5,0.95,0.012,0.006
2026,2021,02/25,14.657250580220916,Guaíra,30.0,0.5,0.95,0.012,0.006
2027,2022,02/25,13.23050228378065,Guaíra,30.0,0.5,0.95,0.012,0.006
2028,2023,02/25,14.49070401068904,Guaíra,30.0,0.5,0.95,0.012,0.006
2029,2024,02/25,14.94808244052444,Guaíra,30.0,0.5,0.95,0.012,0.006
2030,2015,02/25,14.73247786733875,Marechal Cândido Rondon,30.0,0.5,0.95,0.012,0.006
2031,2016,02/25,12.630545527662516,Marechal Cândido Rondon,30.0,0.5,0.95,0.012,0.006
2032,2017,02/25,14.35450154112309,Marechal Cândido Rondon,30.0,0.5,0.95,0.012,0.006
2033,2018,02/25,14.230205657395098,Marechal Cândido Rondon,30.0,0.5,0.95,0.012,0.006
2034,2019,02/25,15.080616461141396,Marechal Cândido Rondon,30.0,0.5,0.95,0.012,0.006
2035,2020,02/25,14.38802858263603,Marechal Cândido Rondon,30.0,0.5,0.95,0.012,0.006
2036,2021,02/25,14.860357071611029,Marechal Cândido Rondon,30.0,0.5,0.95,0.012,0.006
2037,2022,02/25,13.267491935355764,Marechal Cândido Rondon,30.0,0.5,0.95,0.012,0.006
2038,2023,02/25,14.609635530039382,Marechal Cândido Rondon,30.0,0.5,0.95,0.012,0.006
2039,2024,02/25,14.823917831540278,Marechal Cândido Rondon,30.0,0.5,0.95,0.012,0.006
2040,2015,02/25,14.21583858325347,Matelândia,30.0,0.5,0.95,0.012,0.006
2041,2016,02/25,11.332628773982773,Matelândia,30.0,0.5,0.95,0.012,0.006
2042,2017,02/25,13.686012445579461,Matelândia,30.0,0.5,0.95,0.012,0.006
2043,2018,02/25,13.052419093701793,Matelândia,30.0,0.5,0.95,0.012,0.006
2044,2019,02/25,14.66721655384316,Matelândia,30.0,0.5,0.95,0.012,0.006
2045,2020,02/25,13.205556938777708,Matelândia,30.0,0.5,0.95,0.012,0.006
2046,2021,02/25,14.170521802065936,Matelândia,30.0,0.5,0.95,0.012,0.006
2047,2022,02/25,12.277766208174544,Matelândia,30.0,0.5,0.95,0.012,0.006
2048,2023,02/25,14.015724388566493,Matelândia,30.0,0.5,0.95,0.012,0.006
2049,2024,02/25,14.203457476014353,Matelândia,30.0,0.5,0.95,0.012,0.006
2050,2015,02/25,14.50651513643987,Medianeira,30.0,0.5,0.95,0.012,0.006
2051,2016,02/25,12.055313992628937,Medianeira,30.0,0.5,0.95,0.012,0.006
2052,2017,02/25,14.033123549086753,Medianeira,30.0,0.5,0.95,0.012,0.006
2053,2018,02/25,13.487274390878087,Medianeira,30.0,0.5,0.95,0.012,0.006
2054,2019,02/25,14.908153677192338,Medianeira,30.0,0.5,0.95,0.012,0.006
2055,2020,02/25,13.602525132659798,Medianeira,30.0,0.5,0.95,0.012,0.006
2056,2021,02/25,14.46936249494266,Medianeira,30.0,0.5,0.95,0.012,0.006
2057,2022,02/25,12.743104137071006,Medianeira,30.0,0.5,0.95,0.012,0.006
2058,2023,02/25,14.483409090663852,Medianeira,30.0,0.5,0.95,0.012,0.006
2059,2024,02/25,14.266604662251243,Medianeira,30.0,0.5,0.95,0.012,0.006
2060,2015,02/25,14.699278786131003,Santa Helena,30.0,0.5,0.95,0.012,0.006
2061,2016,02/25,12.64056973864897,Santa Helena,30.0,0.5,0.95,0.012,0.006
2062,2017,02/25,14.358122150135998,Santa Helena,30.0,0.5,0.95,0.012,0.006
2063,2018,02/25,14.061757196390982,Santa Helena,30.0,0.5,0.95,0.012,0.006
2064,2019,02/25,15.061325507345709,Santa Helena,30.0,0.5,0.95,0.012,0.006
2065,2020,02/25,14.189268107091136,Santa Helena,30.0,0.5,0.95,0.012,0.006
2066,2021,02/25,14.316963386777733,Santa Helena,30.0,0.5,0.95,0.012,0.006
2067,2022,02/25,13.282120448485546,Santa Helena,30.0,0.5,0.95,0.012,0.006
2068,2023,02/25,14.672200649290517,Santa Helena,30.0,0.5,0.95,0.012,0.006
2069,2024,02/25,14.559459403576557,Santa Helena,30.0,0.5,0.95,0.012,0.006
2070,2015,02/25,14.506992190381252,São Miguel do Iguaçu,30.0,0.5,0.95,0.012,0.006
2071,2016,02/25,12.055376079465335,São Miguel do Iguaçu,30.0,0.5,0.95,0.012,0.006
2072,2017,02/25,14.033243675888311,São Miguel do Iguaçu,30.0,0.5,0.95,0.012,0.006
2073,2018,02/25,13.4870225727855,São Miguel do Iguaçu,30.0,0.5,0.95,0.012,0.006
2074,2019,02/25,14.90827795944521,São Miguel do Iguaçu,30.0,0.5,0.95,0.012,0.006
2075,2020,02/25,13.603033888994274,São Miguel do Iguaçu,30.0,0.5,0.95,0.012,0.006
2076,2021,02/25,14.468035071284369,São Miguel do Iguaçu,30.0,0.5,0.95,0.012,0.006
2077,2022,02/25,12.74367378939999,São Miguel do Iguaçu,30.0,0.5,0.95,0.012,0.006
2078,2023,02/25,14.483830897247438,São Miguel do Iguaçu,30.0,0.5,0.95,0.012,0.006
2079,2024,02/25,14.266832314944116,São Miguel do Iguaçu,30.0,0.5,0.95,0.012,0.006
2080,2015,02/25,14.008527848210466,São Pedro do Iguaçu,30.0,0.5,0.95,0.012,0.006
2081,2016,02/25,11.028669428904703,São Pedro do Iguaçu,30.0,0.5,0.95,0.012,0.006
2082,2017,02/25,13.478288452767702,São Pedro do Iguaçu,30.0,0.5,0.95,0.012,0.006
2083,2018,02/25,13.057037386670743,São Pedro do Iguaçu,30.0,0.5,0.95,0.012,0.006
2084,2019,02/25,14.499128569921837,São Pedro do Iguaçu,30.0,0.5,0.95,0.012,0.006
2085,2020,02/25,13.187335883799548,São Pedro do Iguaçu,30.0,0.5,0.95,0.012,0.006
2086,2021,02/25,14.040004851865486,São Pedro do Iguaçu,30.0,0.5,0.95,0.012,0.006
2087,2022,02/25,11.963419561175659,São Pedro do Iguaçu,30.0,0.5,0.95,0.012,0.006
2088,2023,02/25,13.782606425419964,São Pedro do Iguaçu,30.0,0.5,0.95,0.012,0.006
2089,2024,02/25,14.149717635280746,São Pedro do Iguaçu,30.0,0.5,0.95,0.012,0.006
2090,2015,02/25,14.38666470459477,Toledo,30.0,0.5,0.95,0.012,0.006
2091,2016,02/25,11.705125161764261,Toledo,30.0,0.5,0.95,0.012,0.006
2092,2017,02/25,13.801976729540938,Toledo,30.0,0.5,0.95,0.012,0.006
2093,2018,02/25,13.682107121848889,Toledo,30.0,0.5,0.95,0.012,0.006
2094,2019,02/25,14.765052252925074,Toledo,30.0,0.5,0.95,0.012,0.006
2095,2020,02/25,14.067659402687658,Toledo,30.0,0.5,0.95,0.012,0.006
2096,2021,02/25,14.488606238265398,Toledo,30.0,0.5,0.95,0.012,0.006
2097,2022,02/25,12.50736347396659,Toledo,30.0,0.5,0.95,0.012,0.006
2098,2023,02/25,14.155883981922702,Toledo,30.0,0.5,0.95,0.012,0.006
2099,2024,02/25,14.662423317843032,Toledo,30.0,0.5,0.95,0.012,0.006
2100,2015,02/25,14.038400076174591,Cascavel,30.0,0.5,0.95,0.012,0.007
2101,2016,02/25,10.733448615584772,Cascavel,30.0,0.5,0.95,0.012,0.007
2102,2017,02/25,13.261125639324591,Cascavel,30.0,0.5,0.95,0.012,0.007
2103,2018,02/25,12.823210081327062,Cascavel,30.0,0.5,0.95,0.012,0.007
2104,2019,02/25,14.397392406463013,Cascavel,30.0,0.5,0.95,0.012,0.007
2105,2020,02/25,13.024372716184343,Cascavel,30.0,0.5,0.95,0.012,0.007
2106,2021,02/25,13.73474489887589,Cascavel,30.0,0.5,0.95,0.012,0.007
2107,2022,02/25,11.884181947044235,Cascavel,30.0,0.5,0.95,0.012,0.007
2108,2023,02/25,13.28568391357793,Cascavel,30.0,0.5,0.95,0.012,0.007
2109,2024,02/25,14.274578397194482,Cascavel,30.0,0.5,0.95,0.012,0.007
2110,2015,02/25,14.507110993574903,Foz do Iguaçu,30.0,0.5,0.95,0.012,0.007
2111,2016,02/25,12.055390732671928,Foz do Iguaçu,30.0,0.5,0.95,0.012,0.007
2112,2017,02/25,14.033262947424845,Foz do Iguaçu,30.0,0.5,0.95,0.012,0.007
2113,2018,02/25,13.486956331241112,Foz do Iguaçu,30.0,0.5,0.95,0.012,0.007
2114,2019,02/25,14.908306234048304,Foz do Iguaçu,30.0,0.5,0.95,0.012,0.007
2115,2020,02/25,13.603208263065783,Foz do Iguaçu,30.0,0.5,0.95,0.012,0.007
2116,2021,02/25,14.467771664919136,Foz do Iguaçu,30.0,0.5,0.95,0.012,0.007
2117,2022,02/25,12.743702031515083,Foz do Iguaçu,30.0,0.5,0.95,0.012,0.007
2118,2023,02/25,14.483921778296496,Foz do Iguaçu,30.0,0.5,0.95,0.012,0.007
2119,2024,02/25,14.2668759197884,Foz do Iguaçu,30.0,0.5,0.95,0.012,0.007
2120,2015,02/25,14.742804557217509,Guaíra,30.0,0.5,0.95,0.012,0.007
2121,2016,02/25,12.521100848628667,Guaíra,30.0,0.5,0.95,0.012,0.007
2122,2017,02/25,14.268876044667742,Guaíra,30.0,0.5,0.95,0.012,0.007
2123,2018,02/25,14.115805785464866,Guaíra,30.0,0.5,0.95,0.012,0.007
2124,2019,02/25,15.051646632140903,Guaíra,30.0,0.5,0.95,0.012,0.007
2125,2020,02/25,14.428958173795655,Guaíra,30.0,0.5,0.95,0.012,0.007
2126,2021,02/25,14.657250580220916,Guaíra,30.0,0.5,0.95,0.012,0.007
2127,2022,02/25,13.23050228378065,Guaíra,30.0,0.5,0.95,0.012,0.007
2128,2023,02/25,14.49070401068904,Guaíra,30.0,0.5,0.95,0.012,0.007
2129,2024,02/25,14.94808244052444,Guaíra,30.0,0.5,0.95,0.012,0.007
2130,2015,02/25,14.73247786733875,Marechal Cândido Rondon,30.0,0.5,0.95,0.012,0.007
2131,2016,02/25,12.630545527662516,Marechal Cândido Rondon,30.0,0.5,0.95,0.012,0.007
2132,2017,02/25,14.35450154112309,Marechal Cândido Rondon,30.0,0.5,0.95,0.012,0.007
2133,2018,02/25,14.230205657395098,Marechal Cândido Rondon,30.0,0.5,0.95,0.012,0.007
2134,2019,02/25,15.080616461141396,Marechal Cândido Rondon,30.0,0.5,0.95,0.012,0.007
2135,2020,02/25,14.38802858263603,Marechal Cândido Rondon,30.0,0.5,0.95,0.012,0.007
2136,2021,02/25,14.860357071611029,Marechal Cândido Rondon,30.0,0.5,0.95,0.012,0.007
2137,2022,02/25,13.267491935355764,Marechal Cândido Rondon,30.0,0.5,0.95,0.012,0.007
2138,2023,02/25,14.609635530039382,Marechal Cândido Rondon,30.0,0.5,0.95,0.012,0.007
2139,2024,02/25,14.823917831540278,Marechal Cândido Rondon,30.0,0.5,0.95,0.012,0.007
2140,2015,02/25,14.21583858325347,Matelândia,30.0,0.5,0.95,0.012,0.007
2141,2016,02/25,11.332628773982773,Matelândia,30.0,0.5,0.95,0.012,0.007
2142,2017,02/25,13.686012445579461,Matelândia,30.0,0.5,0.95,0.012,0.007
2143,2018,02/25,13.052419093701793,Matelândia,30.0,0.5,0.95,0.012,0.007
2144,2019,02/25,14.66721655384316,Matelândia,30.0,0.5,0.95,0.012,0.007
2145,2020,02/25,13.205556938777708,Matelândia,30.0,0.5,0.95,0.012,0.007
2146,2021,02/25,14.170521802065936,Matelândia,30.0,0.5,0.95,0.012,0.007
2147,2022,02/25,12.277766208174544,Matelândia,30.0,0.5,0.95,0.012,0.007
2148,2023,02/25,14.015724388566493,Matelândia,30.0,0.5,0.95,0.012,0.007
2149,2024,02/25,14.203457476014353,Matelândia,30.0,0.5,0.95,0.012,0.007
2150,2015,02/25,14.50651513643987,Medianeira,30.0,0.5,0.95,0.012,0.007
2151,2016,02/25,12.055313992628937,Medianeira,30.0,0.5,0.95,0.012,0.007
2152,2017,02/25,14.033123549086753,Medianeira,30.0,0.5,0.95,0.012,0.007
2153,2018,02/25,13.487274390878087,Medianeira,30.0,0.5,0.95,0.012,0.007
2154,2019,02/25,14.908153677192338,Medianeira,30.0,0.5,0.95,0.012,0.007
2155,2020,02/25,13.602525132659798,Medianeira,30.0,0.5,0.95,0.012,0.007
2156,2021,02/25,14.46936249494266,Medianeira,30.0,0.5,0.95,0.012,0.007
2157,2022,02/25,12.743104137071006,Medianeira,30.0,0.5,0.95,0.012,0.007
2158,2023,02/25,14.483409090663852,Medianeira,30.0,0.5,0.95,0.012,0.007
2159,2024,02/25,14.266604662251243,Medianeira,30.0,0.5,0.95,0.012,0.007
2160,2015,02/25,14.699278786131003,Santa Helena,30.0,0.5,0.95,0.012,0.007
2161,2016,02/25,12.64056973864897,Santa Helena,30.0,0.5,0.95,0.012,0.007
2162,2017,02/25,14.358122150135998,Santa Helena,30.0,0.5,0.95,0.012,0.007
2163,2018,02/25,14.061757196390982,Santa Helena,30.0,0.5,0.95,0.012,0.007
2164,2019,02/25,15.061325507345709,Santa Helena,30.0,0.5,0.95,0.012,0.007
2165,2020,02/25,14.189268107091136,Santa Helena,30.0,0.5,0.95,0.012,0.007
2166,2021,02/25,14.316963386777733,Santa Helena,30.0,0.5,0.95,0.012,0.007
2167,2022,02/25,13.282120448485546,Santa Helena,30.0,0.5,0.95,0.012,0.007
2168,2023,02/25,14.672200649290517,Santa Helena,30.0,0.5,0.95,0.012,0.007
2169,2024,02/25,14.559459403576557,Santa Helena,30.0,0.5,0.95,0.012,0.007
2170,2015,02/25,14.506992190381252,São Miguel do Iguaçu,30.0,0.5,0.95,0.012,0.007
2171,2016,02/25,12.055376079465335,São Miguel do Iguaçu,30.0,0.5,0.95,0.012,0.007
2172,2017,02/25,14.033243675888311,São Miguel do Iguaçu,30.0,0.5,0.95,0.012,0.007
2173,2018,02/25,13.4870225727855,São Miguel do Iguaçu,30.0,0.5,0.95,0.012,0.007
2174,2019,02/25,14.90827795944521,São Miguel do Iguaçu,30.0,0.5,0.95,0.012,0.007
2175,2020,02/25,13.603033888994274,São Miguel do Iguaçu,30.0,0.5,0.95,0.012,0.007
2176,2021,02/25,14.468035071284369,São Miguel do Iguaçu,30.0,0.5,0.95,0.012,0.007
2177,2022,02/25,12.74367378939999,São Miguel do Iguaçu,30.0,0.5,0.95,0.012,0.007
2178,2023,02/25,14.483830897247438,São Miguel do Iguaçu,30.0,0.5,0.95,0.012,0.007
2179,2024,02/25,14.266832314944116,São Miguel do Iguaçu,30.0,0.5,0.95,0.012,0.007
2180,2015,02/25,14.008527848210466,São Pedro do Iguaçu,30.0,0.5,0.95,0.012,0.007
2181,2016,02/25,11.028669428904703,São Pedro do Iguaçu,30.0,0.5,0.95,0.012,0.007
2182,2017,02/25,13.478288452767702,São Pedro do Iguaçu,30.0,0.5,0.95,0.012,0.007
2183,2018,02/25,13.057037386670743,São Pedro do Iguaçu,30.0,0.5,0.95,0.012,0.007
2184,2019,02/25,14.499128569921837,São Pedro do Iguaçu,30.0,0.5,0.95,0.012,0.007
2185,2020,02/25,13.187335883799548,São Pedro do Iguaçu,30.0,0.5,0.95,0.012,0.007
2186,2021,02/25,14.040004851865486,São Pedro do Iguaçu,30.0,0.5,0.95,0.012,0.007
2187,2022,02/25,11.963419561175659,São Pedro do Iguaçu,30.0,0.5,0.95,0.012,0.007
2188,2023,02/25,13.782606425419964,São Pedro do Iguaçu,30.0,0.5,0.95,0.012,0.007
2189,2024,02/25,14.149717635280746,São Pedro do Iguaçu,30.0,0.5,0.95,0.012,0.007
2190,2015,02/25,14.38666470459477,Toledo,30.0,0.5,0.95,0.012,0.007
2191,2016,02/25,11.705125161764261,Toledo,30.0,0.5,0.95,0.012,0.007
2192,2017,02/25,13.801976729540938,Toledo,30.0,0.5,0.95,0.012,0.007
2193,2018,02/25,13.682107121848889,Toledo,30.0,0.5,0.95,0.012,0.007
2194,2019,02/25,14.765052252925074,Toledo,30.0,0.5,0.95,0.012,0.007
2195,2020,02/25,14.067659402687658,Toledo,30.0,0.5,0.95,0.012,0.007
2196,2021,02/25,14.488606238265398,Toledo,30.0,0.5,0.95,0.012,0.007
2197,2022,02/25,12.50736347396659,Toledo,30.0,0.5,0.95,0.012,0.007
2198,2023,02/25,14.155883981922702,Toledo,30.0,0.5,0.95,0.012,0.007
2199,2024,02/25,14.662423317843032,Toledo,30.0,0.5,0.95,0.012,0.007
2200,2015,02/25,14.038400076174591,Cascavel,30.0,0.5,0.95,0.013,0.006
2201,2016,02/25,10.733448615584772,Cascavel,30.0,0.5,0.95,0.013,0.006
2202,2017,02/25,13.261125639324591,Cascavel,30.0,0.5,0.95,0.013,0.006
2203,2018,02/25,12.823210081327062,Cascavel,30.0,0.5,0.95,0.013,0.006
2204,2019,02/25,14.397392406463013,Cascavel,30.0,0.5,0.95,0.013,0.006
2205,2020,02/25,13.024372716184343,Cascavel,30.0,0.5,0.95,0.013,0.006
2206,2021,02/25,13.73474489887589,Cascavel,30.0,0.5,0.95,0.013,0.006
2207,2022,02/25,11.884181947044235,Cascavel,30.0,0.5,0.95,0.013,0.006
2208,2023,02/25,13.28568391357793,Cascavel,30.0,0.5,0.95,0.013,0.006
2209,2024,02/25,14.274578397194482,Cascavel,30.0,0.5,0.95,0.013,0.006
2210,2015,02/25,14.507110993574903,Foz do Iguaçu,30.0,0.5,0.95,0.013,0.006
2211,2016,02/25,12.055390732671928,Foz do Iguaçu,30.0,0.5,0.95,0.013,0.006
2212,2017,02/25,14.033262947424845,Foz do Iguaçu,30.0,0.5,0.95,0.013,0.006
2213,2018,02/25,13.486956331241112,Foz do Iguaçu,30.0,0.5,0.95,0.013,0.006
2214,2019,02/25,14.908306234048304,Foz do Iguaçu,30.0,0.5,0.95,0.013,0.006
2215,2020,02/25,13.603208263065783,Foz do Iguaçu,30.0,0.5,0.95,0.013,0.006
2216,2021,02/25,14.467771664919136,Foz do Iguaçu,30.0,0.5,0.95,0.013,0.006
2217,2022,02/25,12.743702031515083,Foz do Iguaçu,30.0,0.5,0.95,0.013,0.006
2218,2023,02/25,14.483921778296496,Foz do Iguaçu,30.0,0.5,0.95,0.013,0.006
2219,2024,02/25,14.2668759197884,Foz do Iguaçu,30.0,0.5,0.95,0.013,0.006
2220,2015,02/25,14.742804557217509,Guaíra,30.0,0.5,0.95,0.013,0.006
2221,2016,02/25,12.521100848628667,Guaíra,30.0,0.5,0.95,0.013,0.006
2222,2017,02/25,14.268876044667742,Guaíra,30.0,0.5,0.95,0.013,0.006
2223,2018,02/25,14.115805785464866,Guaíra,30.0,0.5,0.95,0.013,0.006
2224,2019,02/25,15.051646632140903,Guaíra,30.0,0.5,0.95,0.013,0.006
2225,2020,02/25,14.428958173795655,Guaíra,30.0,0.5,0.95,0.013,0.006
2226,2021,02/25,14.657250580220916,Guaíra,30.0,0.5,0.95,0.013,0.006
2227,2022,02/25,13.23050228378065,Guaíra,30.0,0.5,0.95,0.013,0.006
2228,2023,02/25,14.49070401068904,Guaíra,30.0,0.5,0.95,0.013,0.006
2229,2024,02/25,14.94808244052444,Guaíra,30.0,0.5,0.95,0.013,0.006
2230,2015,02/25,14.73247786733875,Marechal Cândido Rondon,30.0,0.5,0.95,0.013,0.006
2231,2016,02/25,12.630545527662516,Marechal Cândido Rondon,30.0,0.5,0.95,0.013,0.006
2232,2017,02/25,14.35450154112309,Marechal Cândido Rondon,30.0,0.5,0.95,0.013,0.006
2233,2018,02/25,14.230205657395098,Marechal Cândido Rondon,30.0,0.5,0.95,0.013,0.006
2234,2019,02/25,15.080616461141396,Marechal Cândido Rondon,30.0,0.5,0.95,0.013,0.006
2235,2020,02/25,14.38802858263603,Marechal Cândido Rondon,30.0,0.5,0.95,0.013,0.006
2236,2021,02/25,14.860357071611029,Marechal Cândido Rondon,30.0,0.5,0.95,0.013,0.006
2237,2022,02/25,13.267491935355764,Marechal Cândido Rondon,30.0,0.5,0.95,0.013,0.006
2238,2023,02/25,14.609635530039382,Marechal Cândido Rondon,30.0,0.5,0.95,0.013,0.006
2239,2024,02/25,14.823917831540278,Marechal Cândido Rondon,30.0,0.5,0.95,0.013,0.006
2240,2015,02/25,14.21583858325347,Matelândia,30.0,0.5,0.95,0.013,0.006
2241,2016,02/25,11.332628773982773,Matelândia,30.0,0.5,0.95,0.013,0.006
2242,2017,02/25,13.686012445579461,Matelândia,30.0,0.5,0.95,0.013,0.006
2243,2018,02/25,13.052419093701793,Matelândia,30.0,0.5,0.95,0.013,0.006
2244,2019,02/25,14.66721655384316,Matelândia,30.0,0.5,0.95,0.013,0.006
2245,2020,02/25,13.205556938777708,Matelândia,30.0,0.5,0.95,0.013,0.006
2246,2021,02/25,14.170521802065936,Matelândia,30.0,0.5,0.95,0.013,0.006
2247,2022,02/25,12.277766208174544,Matelândia,30.0,0.5,0.95,0.013,0.006
2248,2023,02/25,14.015724388566493,Matelândia,30.0,0.5,0.95,0.013,0.006
2249,2024,02/25,14.203457476014353,Matelândia,30.0,0.5,0.95,0.013,0.006
2250,2015,02/25,14.50651513643987,Medianeira,30.0,0.5,0.95,0.013,0.006
2251,2016,02/25,12.055313992628937,Medianeira,30.0,0.5,0.95,0.013,0.006
2252,2017,02/25,14.033123549086753,Medianeira,30.0,0.5,0.95,0.013,0.006
2253,2018,02/25,13.487274390878087,Medianeira,30.0,0.5,0.95,0.013,0.006
2254,2019,02/25,14.908153677192338,Medianeira,30.0,0.5,0.95,0.013,0.006
2255,2020,02/25,13.602525132659798,Medianeira,30.0,0.5,0.95,0.013,0.006
2256,2021,02/25,14.46936249494266,Medianeira,30.0,0.5,0.95,0.013,0.006
2257,2022,02/25,12.743104137071006,Medianeira,30.0,0.5,0.95,0.013,0.006
2258,2023,02/25,14.483409090663852,Medianeira,30.0,0.5,0.95,0.013,0.006
2259,2024,02/25,14.266604662251243,Medianeira,30.0,0.5,0.95,0.013,0.006
2260,2015,02/25,14.699278786131003,Santa Helena,30.0,0.5,0.95,0.013,0.006
2261,2016,02/25,12.64056973864897,Santa Helena,30.0,0.5,0.95,0.013,0.006
2262,2017,02/25,14.358122150135998,Santa Helena,30.0,0.5,0.95,0.013,0.006
2263,2018,02/25,14.061757196390982,Santa Helena,30.0,0.5,0.95,0.013,0.006
2264,2019,02/25,15.061325507345709,Santa Helena,30.0,0.5,0.95,0.013,0.006
2265,2020,02/25,14.189268107091136,Santa Helena,30.0,0.5,0.95,0.013,0.006
2266,2021,02/25,14.316963386777733,Santa Helena,30.0,0.5,0.95,0.013,0.006
2267,2022,02/25,13.282120448485546,Santa Helena,30.0,0.5,0.95,0.013,0.006
2268,2023,02/25,14.672200649290517,Santa Helena,30.0,0.5,0.95,0.013,0.006
2269,2024,02/25,14.559459403576557,Santa Helena,30.0,0.5,0.95,0.013,0.006
2270,2015,02/25,14.506992190381252,São Miguel do Iguaçu,30.0,0.5,0.95,0.013,0.006
2271,2016,02/25,12.055376079465335,São Miguel do Iguaçu,30.0,0.5,0.95,0.013,0.006
2272,2017,02/25,14.033243675888311,São Miguel do Iguaçu,30.0,0.5,0.95,0.013,0.006
2273,2018,02/25,13.4870225727855,São Miguel do Iguaçu,30.0,0.5,0.95,0.013,0.006
2274,2019,02/25,14.90827795944521,São Miguel do Iguaçu,30.0,0.5,0.95,0.013,0.006
2275,2020,02/25,13.603033888994274,São Miguel do Iguaçu,30.0,0.5,0.95,0.013,0.006
2276,2021,02/25,14.468035071284369,São Miguel do Iguaçu,30.0,0.5,0.95,0.013,0.006
2277,2022,02/25,12.74367378939999,São Miguel do Iguaçu,30.0,0.5,0.95,0.013,0.006
2278,2023,02/25,14.483830897247438,São Miguel do Iguaçu,30.0,0.5,0.95,0.013,0.006
2279,2024,02/25,14.266832314944116,São Miguel do Iguaçu,30.0,0.5,0.95,0.013,0.006
2280,2015,02/25,14.008527848210466,São Pedro do Iguaçu,30.0,0.5,0.95,0.013,0.006
2281,2016,02/25,11.028669428904703,São Pedro do Iguaçu,30.0,0.5,0.95,0.013,0.006
2282,2017,02/25,13.478288452767702,São Pedro do Iguaçu,30.0,0.5,0.95,0.013,0.006
2283,2018,02/25,13.057037386670743,São Pedro do Iguaçu,30.0,0.5,0.95,0.013,0.006
2284,2019,02/25,14.499128569921837,São Pedro do Iguaçu,30.0,0.5,0.95,0.013,0.006
2285,2020,02/25,13.187335883799548,São Pedro do Iguaçu,30.0,0.5,0.95,0.013,0.006
2286,2021,02/25,14.040004851865486,São Pedro do Iguaçu,30.0,0.5,0.95,0.013,0.006
2287,2022,02/25,11.963419561175659,São Pedro do Iguaçu,30.0,0.5,0.95,0.013,0.006
2288,2023,02/25,13.782606425419964,São Pedro do Iguaçu,30.0,0.5,0.95,0.013,0.006
2289,2024,02/25,14.149717635280746,São Pedro do Iguaçu,30.0,0.5,0.95,0.013,0.006
2290,2015,02/25,14.38666470459477,Toledo,30.0,0.5,0.95,0.013,0.006
2291,2016,02/25,11.705125161764261,Toledo,30.0,0.5,0.95,0.013,0.006
2292,2017,02/25,13.801976729540938,Toledo,30.0,0.5,0.95,0.013,0.006
2293,2018,02/25,13.682107121848889,Toledo,30.0,0.5,0.95,0.013,0.006
2294,2019,02/25,14.765052252925074,Toledo,30.0,0.5,0.95,0.013,0.006
2295,2020,02/25,14.067659402687658,Toledo,30.0,0.5,0.95,0.013,0.006
2296,2021,02/25,14.488606238265398,Toledo,30.0,0.5,0.95,0.013,0.006
2297,2022,02/25,12.50736347396659,Toledo,30.0,0.5,0.95,0.013,0.006
2298,2023,02/25,14.155883981922702,Toledo,30.0,0.5,0.95,0.013,0.006
2299,2024,02/25,14.662423317843032,Toledo,30.0,0.5,0.95,0.013,0.006
2300,2015,02/25,14.038400076174591,Cascavel,30.0,0.5,0.95,0.013,0.007
2301,2016,02/25,10.733448615584772,Cascavel,30.0,0.5,0.95,0.013,0.007
2302,2017,02/25,13.261125639324591,Cascavel,30.0,0.5,0.95,0.013,0.007
2303,2018,02/25,12.823210081327062,Cascavel,30.0,0.5,0.95,0.013,0.007
2304,2019,02/25,14.397392406463013,Cascavel,30.0,0.5,0.95,0.013,0.007
2305,2020,02/25,13.024372716184343,Cascavel,30.0,0.5,0.95,0.013,0.007
2306,2021,02/25,13.73474489887589,Cascavel,30.0,0.5,0.95,0.013,0.007
2307,2022,02/25,11.884181947044235,Cascavel,30.0,0.5,0.95,0.013,0.007
2308,2023,02/25,13.28568391357793,Cascavel,30.0,0.5,0.95,0.013,0.007
2309,2024,02/25,14.274578397194482,Cascavel,30.0,0.5,0.95,0.013,0.007
2310,2015,02/25,14.507110993574903,Foz do Iguaçu,30.0,0.5,0.95,0.013,0.007
2311,2016,02/25,12.055390732671928,Foz do Iguaçu,30.0,0.5,0.95,0.013,0.007
2312,2017,02/25,14.033262947424845,Foz do Iguaçu,30.0,0.5,0.95,0.013,0.007
2313,2018,02/25,13.486956331241112,Foz do Iguaçu,30.0,0.5,0.95,0.013,0.007
2314,2019,02/25,14.908306234048304,Foz do Iguaçu,30.0,0.5,0.95,0.013,0.007
2315,2020,02/25,13.603208263065783,Foz do Iguaçu,30.0,0.5,0.95,0.013,0.007
2316,2021,02/25,14.467771664919136,Foz do Iguaçu,30.0,0.5,0.95,0.013,0.007
2317,2022,02/25,12.743702031515083,Foz do Iguaçu,30.0,0.5,0.95,0.013,0.007
2318,2023,02/25,14.483921778296496,Foz do Iguaçu,30.0,0.5,0.95,0.013,0.007
2319,2024,02/25,14.2668759197884,Foz do Iguaçu,30.0,0.5,0.95,0.013,0.007
2320,2015,02/25,14.742804557217509,Guaíra,30.0,0.5,0.95,0.013,0.007
2321,2016,02/25,12.521100848628667,Guaíra,30.0,0.5,0.95,0.013,0.007
2322,2017,02/25,14.268876044667742,Guaíra,30.0,0.5,0.95,0.013,0.007
2323,2018,02/25,14.115805785464866,Guaíra,30.0,0.5,0.95,0.013,0.007
2324,2019,02/25,15.051646632140903,Guaíra,30.0,0.5,0.95,0.013,0.007
2325,2020,02/25,14.428958173795655,Guaíra,30.0,0.5,0.95,0.013,0.007
2326,2021,02/25,14.657250580220916,Guaíra,30.0,0.5,0.95,0.013,0.007
2327,2022,02/25,13.23050228378065,Guaíra,30.0,0.5,0.95,0.013,0.007
2328,2023,02/25,14.49070401068904,Guaíra,30.0,0.5,0.95,0.013,0.007
2329,2024,02/25,14.94808244052444,Guaíra,30.0,0.5,0.95,0.013,0.007
2330,2015,02/25,14.73247786733875,Marechal Cândido Rondon,30.0,0.5,0.95,0.013,0.007
2331,2016,02/25,12.630545527662516,Marechal Cândido Rondon,30.0,0.5,0.95,0.013,0.007
2332,2017,02/25,14.35450154112309,Marechal Cândido Rondon,30.0,0.5,0.95,0.013,0.007
2333,2018,02/25,14.230205657395098,Marechal Cândido Rondon,30.0,0.5,0.95,0.013,0.007
2334,2019,02/25,15.080616461141396,Marechal Cândido Rondon,30.0,0.5,0.95,0.013,0.007
2335,2020,02/25,14.38802858263603,Marechal Cândido Rondon,30.0,0.5,0.95,0.013,0.007
2336,2021,02/25,14.860357071611029,Marechal Cândido Rondon,30.0,0.5,0.95,0.013,0.007
2337,2022,02/25,13.267491935355764,Marechal Cândido Rondon,30.0,0.5,0.95,0.013,0.007
2338,2023,02/25,14.609635530039382,Marechal Cândido Rondon,30.0,0.5,0.95,0.013,0.007
2339,2024,02/25,14.823917831540278,Marechal Cândido Rondon,30.0,0.5,0.95,0.013,0.007
2340,2015,02/25,14.21583858325347,Matelândia,30.0,0.5,0.95,0.013,0.007
2341,2016,02/25,11.332628773982773,Matelândia,30.0,0.5,0.95,0.013,0.007
2342,2017,02/25,13.686012445579461,Matelândia,30.0,0.5,0.95,0.013,0.007
2343,2018,02/25,13.052419093701793,Matelândia,30.0,0.5,0.95,0.013,0.007
2344,2019,02/25,14.66721655384316,Matelândia,30.0,0.5,0.95,0.013,0.007
2345,2020,02/25,13.205556938777708,Matelândia,30.0,0.5,0.95,0.013,0.007
2346,2021,02/25,14.170521802065936,Matelândia,30.0,0.5,0.95,0.013,0.007
2347,2022,02/25,12.277766208174544,Matelândia,30.0,0.5,0.95,0.013,0.007
2348,2023,02/25,14.015724388566493,Matelândia,30.0,0.5,0.95,0.013,0.007
2349,2024,02/25,14.203457476014353,Matelândia,30.0,0.5,0.95,0.013,0.007
2350,2015,02/25,14.50651513643987,Medianeira,30.0,0.5,0.95,0.013,0.007
2351,2016,02/25,12.055313992628937,Medianeira,30.0,0.5,0.95,0.013,0.007
2352,2017,02/25,14.033123549086753,Medianeira,30.0,0.5,0.95,0.013,0.007
2353,2018,02/25,13.487274390878087,Medianeira,30.0,0.5,0.95,0.013,0.007
2354,2019,02/25,14.908153677192338,Medianeira,30.0,0.5,0.95,0.013,0.007
2355,2020,02/25,13.602525132659798,Medianeira,30.0,0.5,0.95,0.013,0.007
2356,2021,02/25,14.46936249494266,Medianeira,30.0,0.5,0.95,0.013,0.007
2357,2022,02/25,12.743104137071006,Medianeira,30.0,0.5,0.95,0.013,0.007
2358,2023,02/25,14.483409090663852,Medianeira,30.0,0.5,0.95,0.013,0.007
2359,2024,02/25,14.266604662251243,Medianeira,30.0,0.5,0.95,0.013,0.007
2360,2015,02/25,14.699278786131003,Santa Helena,30.0,0.5,0.95,0.013,0.007
2361,2016,02/25,12.64056973864897,Santa Helena,30.0,0.5,0.95,0.013,0.007
2362,2017,02/25,14.358122150135998,Santa Helena,30.0,0.5,0.95,0.013,0.007
2363,2018,02/25,14.061757196390982,Santa Helena,30.0,0.5,0.95,0.013,0.007
2364,2019,02/25,15.061325507345709,Santa Helena,30.0,0.5,0.95,0.013,0.007
2365,2020,02/25,14.189268107091136,Santa Helena,30.0,0.5,0.95,0.013,0.007
2366,2021,02/25,14.316963386777733,Santa Helena,30.0,0.5,0.95,0.013,0.007
2367,2022,02/25,13.282120448485546,Santa Helena,30.0,0.5,0.95,0.013,0.007
2368,2023,02/25,14.672200649290517,Santa Helena,30.0,0.5,0.95,0.013,0.007
2369,2024,02/25,14.559459403576557,Santa Helena,30.0,0.5,0.95,0.013,0.007
2370,2015,02/25,14.506992190381252,São Miguel do Iguaçu,30.0,0.5,0.95,0.013,0.007
2371,2016,02/25,12.055376079465335,São Miguel do Iguaçu,30.0,0.5,0.95,0.013,0.007
2372,2017,02/25,14.033243675888311,São Miguel do Iguaçu,30.0,0.5,0.95,0.013,0.007
2373,2018,02/25,13.4870225727855,São Miguel do Iguaçu,30.0,0.5,0.95,0.013,0.007
2374,2019,02/25,14.90827795944521,São Miguel do Iguaçu,30.0,0.5,0.95,0.013,0.007
2375,2020,02/25,13.603033888994274,São Miguel do Iguaçu,30.0,0.5,0.95,0.013,0.007
2376,2021,02/25,14.468035071284369,São Miguel do Iguaçu,30.0,0.5,0.95,0.013,0.007
2377,2022,02/25,12.74367378939999,São Miguel do Iguaçu,30.0,0.5,0.95,0.013,0.007
2378,2023,02/25,14.483830897247438,São Miguel do Iguaçu,30.0,0.5,0.95,0.013,0.007
2379,2024,02/25,14.266832314944116,São Miguel do Iguaçu,30.0,0.5,0.95,0.013,0.007
2380,2015,02/25,14.008527848210466,São Pedro do Iguaçu,30.0,0.5,0.95,0.013,0.007
2381,2016,02/25,11.028669428904703,São Pedro do Iguaçu,30.0,0.5,0.95,0.013,0.007
2382,2017,02/25,13.478288452767702,São Pedro do Iguaçu,30.0,0.5,0.95,0.013,0.007
2383,2018,02/25,13.057037386670743,São Pedro do Iguaçu,30.0,0.5,0.95,0.013,0.007
2384,2019,02/25,14.499128569921837,São Pedro do Iguaçu,30.0,0.5,0.95,0.013,0.007
2385,2020,02/25,13.187335883799548,São Pedro do Iguaçu,30.0,0.5,0.95,0.013,0.007
2386,2021,02/25,14.040004851865486,São Pedro do Iguaçu,30.0,0.5,0.95,0.013,0.007
2387,2022,02/25,11.963419561175659,São Pedro do Iguaçu,30.0,0.5,0.95,0.013,0.007
2388,2023,02/25,13.782606425419964,São Pedro do Iguaçu,30.0,0.5,0.95,0.013,0.007
2389,2024,02/25,14.149717635280746,São Pedro do Iguaçu,30.0,0.5,0.95,0.013,0.007
2390,2015,02/25,14.38666470459477,Toledo,30.0,0.5,0.95,0.013,0.007
2391,2016,02/25,11.705125161764261,Toledo,30.0,0.5,0.95,0.013,0.007
2392,2017,02/25,13.801976729540938,Toledo,30.0,0.5,0.95,0.013,0.007
2393,2018,02/25,13.682107121848889,Toledo,30.0,0.5,0.95,0.013,0.007
2394,2019,02/25,14.765052252925074,Toledo,30.0,0.5,0.95,0.013,0.007
2395,2020,02/25,14.067659402687658,Toledo,30.0,0.5,0.95,0.013,0.007
2396,2021,02/25,14.488606238265398,Toledo,30.0,0.5,0.95,0.013,0.007
2397,2022,02/25,12.50736347396659,Toledo,30.0,0.5,0.95,0.013,0.007
2398,2023,02/25,14.155883981922702,Toledo,30.0,0.5,0.95,0.013,0.007
2399,2024,02/25,14.662423317843032,Toledo,30.0,0.5,0.95,0.013,0.007
2400,2015,02/25,12.967916697787253,Cascavel,32.0,0.45,0.9,0.012,0.006
2401,2016,02/25,9.905291373377418,Cascavel,32.0,0.45,0.9,0.012,0.006
2402,2017,02/25,12.235010107885094,Cascavel,32.0,0.45,0.9,0.012,0.006
2403,2018,02/25,11.81267984127858,Cascavel,32.0,0.45,0.9,0.012,0.006
2404,2019,02/25,13.264693850603894,Cascavel,32.0,0.45,0.9,0.012,0.006
2405,2020,02/25,12.001931449021109,Cascavel,32.0,0.45,0.9,0.012,0.006
2406,2021,02/25,12.648015044051986,Cascavel,32.0,0.45,0.9,0.012,0.006
2407,2022,02/25,10.927888582724215,Cascavel,32.0,0.45,0.9,0.012,0.006
2408,2023,02/25,12.208189457210127,Cascavel,32.0,0.45,0.9,0.012,0.006
2409,2024,02/25,13.11608442607288,Cascavel,32.0,0.45,0.9,0.012,0.006
2410,2015,02/25,13.397622867914947,Foz do Iguaçu,32.0,0.45,0.9,0.012,0.006
2411,2016,02/25,11.121703733903505,Foz do Iguaçu,32.0,0.45,0.9,0.012,0.006
2412,2017,02/25,12.940644872714877,Foz do Iguaçu,32.0,0.45,0.9,0.012,0.006
2413,2018,02/25,12.423490443442981,Foz do Iguaçu,32.0,0.45,0.9,0.012,0.006
2414,2019,02/25,13.736401817342266,Foz do Iguaçu,32.0,0.45,0.9,0.012,0.006
2415,2020,02/25,12.532077663295222,Foz do Iguaçu,32.0,0.45,0.9,0.012,0.006
2416,2021,02/25,13.317252618458689,Foz do Iguaçu,32.0,0.45,0.9,0.012,0.006
2417,2022,02/25,11.714902805157477,Foz do Iguaçu,32.0,0.45,0.9,0.012,0.006
2418,2023,02/25,13.30683931454422,Foz do Iguaçu,32.0,0.45,0.9,0.012,0.006
2419,2024,02/25,13.111100674420683,Foz do Iguaçu,32.0,0.45,0.9,0.012,0.006
2420,2015,02/25,13.614321750028122,Guaíra,32.0,0.45,0.9,0.012,0.006
2421,2016,02/25,11.551159243538487,Guaíra,32.0,0.45,0.9,0.012,0.006
2422,2017,02/25,13.157689403206097,Guaíra,32.0,0.45,0.9,0.012,0.006
2423,2018,02/25,13.001246158936047,Guaíra,32.0,0.45,0.9,0.012,0.006
2424,2019,02/25,13.863949242433252,Guaíra,32.0,0.45,0.9,0.012,0.006
2425,2020,02/25,13.287765273583682,Guaíra,32.0,0.45,0.9,0.012,0.006
2426,2021,02/25,13.491541884731353,Guaíra,32.0,0.45,0.9,0.012,0.006
2427,2022,02/25,12.162117808160225,Guaíra,32.0,0.45,0.9,0.012,0.006
2428,2023,02/25,13.312494634280434,Guaíra,32.0,0.45,0.9,0.012,0.006
2429,2024,02/25,13.728062014397493,Guaíra,32.0,0.45,0.9,0.012,0.006
2430,2015,02/25,13.604847567407063,Marechal Cândido Rondon,32.0,0.45,0.9,0.012,0.006
2431,2016,02/25,11.65184292379298,Marechal Cândido Rondon,32.0,0.45,0.9,0.012,0.006
2432,2017,02/25,13.236555270856329,Marechal Cândido Rondon,32.0,0.45,0.9,0.012,0.006
2433,2018,02/25,13.105051703876095,Marechal Cândido Rondon,32.0,0.45,0.9,0.012,0.006
2434,2019,02/25,13.890990182842724,Marechal Cândido Rondon,32.0,0.45,0.9,0.012,0.006
2435,2020,02/25,13.249952761178308,Marechal Cândido Rondon,32.0,0.45,0.9,0.012,0.006
2436,2021,02/25,13.679540336888701,Marechal Cândido Rondon,32.0,0.45,0.9,0.012,0.006
2437,2022,02/25,12.196214019419251,Marechal Cândido Rondon,32.0,0.45,0.9,0.012,0.006
2438,2023,02/25,13.421576506664849,Marechal Cândido Rondon,32.0,0.45,0.9,0.012,0.006
2439,2024,02/25,13.615718445535613,Marechal Cândido Rondon,32.0,0.45,0.9,0.012,0.006
2440,2015,02/25,13.129844964443441,Matelândia,32.0,0.45,0.9,0.012,0.006
2441,2016,02/25,10.456170933302202,Matelândia,32.0,0.45,0.9,0.012,0.006
2442,2017,02/25,12.623051729310733,Matelândia,32.0,0.45,0.9,0.012,0.006
2443,2018,02/25,12.023428876721546,Matelândia,32.0,0.45,0.9,0.012,0.006
2444,2019,02/25,13.515057190804676,Matelândia,32.0,0.45,0.9,0.012,0.006
2445,2020,02/25,12.167552094468219,Matelândia,32.0,0.45,0.9,0.012,0.006
2446,2021,02/25,13.047329912810902,Matelândia,32.0,0.45,0.9,0.012,0.006
2447,2022,02/25,11.287511274986182,Matelândia,32.0,0.45,0.9,0.012,0.006
2448,2023,02/25,12.876956491433848,Matelândia,32.0,0.45,0.9,0.012,0.006
2449,2024,02/25,13.052602171389374,Matelândia,32.0,0.45,0.9,0.012,0.006
2450,2015,02/25,13.397083455385673,Medianeira,32.0,0.45,0.9,0.012,0.006
2451,2016,02/25,11.12164344074988,Medianeira,32.0,0.45,0.9,0.012,0.006
2452,2017,02/25,12.940519197868445,Medianeira,32.0,0.45,0.9,0.012,0.006
2453,2018,02/25,12.423761899965374,Medianeira,32.0,0.45,0.9,0.012,0.006
2454,2019,02/25,13.736265917636022,Medianeira,32.0,0.45,0.9,0.012,0.006
2455,2020,02/25,12.531434413108776,Medianeira,32.0,0.45,0.9,0.012,0.006
2456,2021,02/25,13.319509623937678,Medianeira,32.0,0.45,0.9,0.012,0.006
2457,2022,02/25,11.714354377648943,Medianeira,32.0,0.45,0.9,0.012,0.006
2458,2023,02/25,13.306379111063523,Medianeira,32.0,0.45,0.9,0.012,0.006
2459,2024,02/25,13.11085229043885,Medianeira,32.0,0.45,0.9,0.012,0.006
2460,2015,02/25,13.574566809381484,Santa Helena,32.0,0.45,0.9,0.012,0.006
2461,2016,02/25,11.661666322696101,Santa Helena,32.0,0.45,0.9,0.012,0.006
2462,2017,02/25,13.23978117975518,Santa Helena,32.0,0.45,0.9,0.012,0.006
2463,2018,02/25,12.950892099435816,Santa Helena,32.0,0.45,0.9,0.012,0.006
2464,2019,02/25,13.874942942777928,Santa Helena,32.0,0.45,0.9,0.012,0.006
2465,2020,02/25,13.068590452853371,Santa Helena,32.0,0.45,0.9,0.012,0.006
2466,2021,02/25,13.314782185330085,Santa Helena,32.0,0.45,0.9,0.012,0.006
2467,2022,02/25,12.209286846158868,Santa Helena,32.0,0.45,0.9,0.012,0.006
2468,2023,02/25,13.479734964107532,Santa Helena,32.0,0.45,0.9,0.012,0.006
2469,2024,02/25,13.376574900754497,Santa Helena,32.0,0.45,0.9,0.012,0.006
2470,2015,02/25,13.397513979715493,São Miguel do Iguaçu,32.0,0.45,0.9,0.012,0.006
2471,2016,02/25,11.121691534318238,São Miguel do Iguaçu,32.0,0.45,0.9,0.012,0.006
2472,2017,02/25,12.940622563051583,São Miguel do Iguaçu,32.0,0.45,0.9,0.012,0.006
2473,2018,02/25,12.423554668210695,São Miguel do Iguaçu,32.0,0.45,0.9,0.012,0.006
2474,2019,02/25,13.736376007121308,São Miguel do Iguaçu,32.0,0.45,0.9,0.012,0.006
2475,2020,02/25,12.531920979910057,São Miguel do Iguaçu,32.0,0.45,0.9,0.012,0.006
2476,2021,02/25,13.317090554733081,São Miguel do Iguaçu,32.0,0.45,0.9,0.012,0.006
2477,2022,02/25,11.714876903141825,São Miguel do Iguaçu,32.0,0.45,0.9,0.012,0.006
2478,2023,02/25,13.306756422886538,São Miguel do Iguaçu,32.0,0.45,0.9,0.012,0.006
2479,2024,02/25,13.111056269729664,São Miguel do Iguaçu,32.0,0.45,0.9,0.012,0.006
2480,2015,02/25,12.939509766308534,São Pedro do Iguaçu,32.0,0.45,0.9,0.012,0.006
2481,2016,02/25,10.176581220749116,São Pedro do Iguaçu,32.0,0.45,0.9,0.012,0.006
2482,2017,02/25,12.433839423513774,São Pedro do Iguaçu,32.0,0.45,0.9,0.012,0.006
2483,2018,02/25,12.027082598394939,São Pedro do Iguaçu,32.0,0.45,0.9,0.012,0.006
2484,2019,02/25,13.359318765324492,São Pedro do Iguaçu,32.0,0.45,0.9,0.012,0.006
2485,2020,02/25,12.151373535741172,São Pedro do Iguaçu,32.0,0.45,0.9,0.012,0.006
2486,2021,02/25,12.923044011726608,São Pedro do Iguaçu,32.0,0.45,0.9,0.012,0.006
2487,2022,02/25,10.999464416986438,São Pedro do Iguaçu,32.0,0.45,0.9,0.012,0.006
2488,2023,02/25,12.663375210969265,São Pedro do Iguaçu,32.0,0.45,0.9,0.012,0.006
2489,2024,02/25,13.001653662426294,São Pedro do Iguaçu,32.0,0.45,0.9,0.012,0.006
2490,2015,02/25,13.287178957762032,Toledo,32.0,0.45,0.9,0.012,0.006
2491,2016,02/25,10.799488048926351,Toledo,32.0,0.45,0.9,0.012,0.006
2492,2017,02/25,12.729827175805157,Toledo,32.0,0.45,0.9,0.012,0.006
2493,2018,02/25,12.601852116828072,Toledo,32.0,0.45,0.9,0.012,0.006
2494,2019,02/25,13.60168721571205,Toledo,32.0,0.45,0.9,0.012,0.006
2495,2020,02/25,12.958746372150195,Toledo,32.0,0.45,0.9,0.012,0.006
2496,2021,02/25,13.336233331823934,Toledo,32.0,0.45,0.9,0.012,0.006
2497,2022,02/25,11.499060364365707,Toledo,32.0,0.45,0.9,0.012,0.006
2498,2023,02/25,13.005771801535502,Toledo,32.0,0.45,0.9,0.012,0.006
2499,2024,02/25,13.468011398928475,Toledo,32.0,0.45,0.9,0.012,0.006
2500,2015,02/25,12.967916697787253,Cascavel,32.0,0.45,0.9,0.012,0.007
2501,2016,02/25,9.905291373377418,Cascavel,32.0,0.45,0.9,0.012,0.007
2502,2017,02/25,12.235010107885094,Cascavel,32.0,0.45,0.9,0.012,0.007
2503,2018,02/25,11.81267984127858,Cascavel,32.0,0.45,0.9,0.012,0.007
2504,2019,02/25,13.264693850603894,Cascavel,32.0,0.45,0.9,0.012,0.007
2505,2020,02/25,12.001931449021109,Cascavel,32.0,0.45,0.9,0.012,0.007
2506,2021,02/25,12.648015044051986,Cascavel,32.0,0.45,0.9,0.012,0.007
2507,2022,02/25,10.927888582724215,Cascavel,32.0,0.45,0.9,0.012,0.007
2508,2023,02/25,12.208189457210127,Cascavel,32.0,0.45,0.9,0.012,0.007
2509,2024,02/25,13.11608442607288,Cascavel,32.0,0.45,0.9,0.012,0.007
2510,2015,02/25,13.397622867914947,Foz do Iguaçu,32.0,0.45,0.9,0.012,0.007
2511,2016,02/25,11.121703733903505,Foz do Iguaçu,32.0,0.45,0.9,0.012,0.007
2512,2017,02/25,12.940644872714877,Foz do Iguaçu,32.0,0.45,0.9,0.012,0.007
2513,2018,02/25,12.423490443442981,Foz do Iguaçu,32.0,0.45,0.9,0.012,0.007
2514,2019,02/25,13.736401817342266,Foz do Iguaçu,32.0,0.45,0.9,0.012,0.007
2515,2020,02/25,12.532077663295222,Foz do Iguaçu,32.0,0.45,0.9,0.012,0.007
2516,2021,02/25,13.317252618458689,Foz do Iguaçu,32.0,0.45,0.9,0.012,0.007
2517,2022,02/25,11.714902805157477,Foz do Iguaçu,32.0,0.45,0.9,0.012,0.007
2518,2023,02/25,13.30683931454422,Foz do Iguaçu,32.0,0.45,0.9,0.012,0.007
2519,2024,02/25,13.111100674420683,Foz do Iguaçu,32.0,0.45,0.9,0.012,0.007
2520,2015,02/25,13.614321750028122,Guaíra,32.0,0.45,0.9,0.012,0.007
2521,2016,02/25,11.551159243538487,Guaíra,32.0,0.45,0.9,0.012,0.007
2522,2017,02/25,13.157689403206097,Guaíra,32.0,0.45,0.9,0.012,0.007
2523,2018,02/25,13.001246158936047,Guaíra,32.0,0.45,0.9,0.012,0.007
2524,2019,02/25,13.863949242433252,Guaíra,32.0,0.45,0.9,0.012,0.007
2525,2020,02/25,13.287765273583682,Guaíra,32.0,0.45,0.9,0.012,0.007
2526,2021,02/25,13.491541884731353,Guaíra,32.0,0.45,0.9,0.012,0.007
2527,2022,02/25,12.162117808160225,Guaíra,32.0,0.45,0.9,0.012,0.007
2528,2023,02/25,13.312494634280434,Guaíra,32.0,0.45,0.9,0.012,0.007
2529,2024,02/25,13.728062014397493,Guaíra,32.0,0.45,0.9,0.012,0.007
2530,2015,02/25,13.604847567407063,Marechal Cândido Rondon,32.0,0.45,0.9,0.012,0.007
2531,2016,02/25,11.65184292379298,Marechal Cândido Rondon,32.0,0.45,0.9,0.012,0.007
2532,2017,02/25,13.236555270856329,Marechal Cândido Rondon,32.0,0.45,0.9,0.012,0.007
2533,2018,02/25,13.105051703876095,Marechal Cândido Rondon,32.0,0.45,0.9,0.012,0.007
2534,2019,02/25,13.890990182842724,Marechal Cândido Rondon,32.0,0.45,0.9,0.012,0.007
2535,2020,02/25,13.249952761178308,Marechal Cândido Rondon,32.0,0.45,0.9,0.012,0.007
2536,2021,02/25,13.679540336888701,Marechal Cândido Rondon,32.0,0.45,0.9,0.012,0.007
2537,2022,02/25,12.196214019419251,Marechal Cândido Rondon,32.0,0.45,0.9,0.012,0.007
2538,2023,02/25,13.421576506664849,Marechal Cândido Rondon,32.0,0.45,0.9,0.012,0.007
2539,2024,02/25,13.615718445535613,Marechal Cândido Rondon,32.0,0.45,0.9,0.012,0.007
2540,2015,02/25,13.129844964443441,Matelândia,32.0,0.45,0.9,0.012,0.007
2541,2016,02/25,10.456170933302202,Matelândia,32.0,0.45,0.9,0.012,0.007
2542,2017,02/25,12.623051729310733,Matelândia,32.0,0.45,0.9,0.012,0.007
2543,2018,02/25,12.023428876721546,Matelândia,32.0,0.45,0.9,0.012,0.007
2544,2019,02/25,13.515057190804676,Matelândia,32.0,0.45,0.9,0.012,0.007
2545,2020,02/25,12.167552094468219,Matelândia,32.0,0.45,0.9,0.012,0.007
2546,2021,02/25,13.047329912810902,Matelândia,32.0,0.45,0.9,0.012,0.007
2547,2022,02/25,11.287511274986182,Matelândia,32.0,0.45,0.9,0.012,0.007
2548,2023,02/25,12.876956491433848,Matelândia,32.0,0.45,0.9,0.012,0.007
2549,2024,02/25,13.052602171389374,Matelândia,32.0,0.45,0.9,0.012,0.007
2550,2015,02/25,13.397083455385673,Medianeira,32.0,0.45,0.9,0.012,0.007
2551,2016,02/25,11.12164344074988,Medianeira,32.0,0.45,0.9,0.012,0.007
2552,2017,02/25,12.940519197868445,Medianeira,32.0,0.45,0.9,0.012,0.007
2553,2018,02/25,12.423761899965374,Medianeira,32.0,0.45,0.9,0.012,0.007
2554,2019,02/25,13.736265917636022,Medianeira,32.0,0.45,0.9,0.012,0.007
2555,2020,02/25,12.531434413108776,Medianeira,32.0,0.45,0.9,0.012,0.007
2556,2021,02/25,13.319509623937678,Medianeira,32.0,0.45,0.9,0.012,0.007
2557,2022,02/25,11.714354377648943,Medianeira,32.0,0.45,0.9,0.012,0.007
2558,2023,02/25,13.306379111063523,Medianeira,32.0,0.45,0.9,0.012,0.007
2559,2024,02/25,13.11085229043885,Medianeira,32.0,0.45,0.9,0.012,0.007
2560,2015,02/25,13.574566809381484,Santa Helena,32.0,0.45,0.9,0.012,0.007
2561,2016,02/25,11.661666322696101,Santa Helena,32.0,0.45,0.9,0.012,0.007
2562,2017,02/25,13.23978117975518,Santa Helena,32.0,0.45,0.9,0.012,0.007
2563,2018,02/25,12.950892099435816,Santa Helena,32.0,0.45,0.9,0.012,0.007
2564,2019,02/25,13.874942942777928,Santa Helena,32.0,0.45,0.9,0.012,0.007
2565,2020,02/25,13.068590452853371,Santa Helena,32.0,0.45,0.9,0.012,0.007
2566,2021,02/25,13.314782185330085,Santa Helena,32.0,0.45,0.9,0.012,0.007
2567,2022,02/25,12.209286846158868,Santa Helena,32.0,0.45,0.9,0.012,0.007
2568,2023,02/25,13.479734964107532,Santa Helena,32.0,0.45,0.9,0.012,0.007
2569,2024,02/25,13.376574900754497,Santa Helena,32.0,0.45,0.9,0.012,0.007
2570,2015,02/25,13.397513979715493,São Miguel do Iguaçu,32.0,0.45,0.9,0.012,0.007
2571,2016,02/25,11.121691534318238,São Miguel do Iguaçu,32.0,0.45,0.9,0.012,0.007
2572,2017,02/25,12.940622563051583,São Miguel do Iguaçu,32.0,0.45,0.9,0.012,0.007
2573,2018,02/25,12.423554668210695,São Miguel do Iguaçu,32.0,0.45,0.9,0.012,0.007
2574,2019,02/25,13.736376007121308,São Miguel do Iguaçu,32.0,0.45,0.9,0.012,0.007
2575,2020,02/25,12.531920979910057,São Miguel do Iguaçu,32.0,0.45,0.9,0.012,0.007
2576,2021,02/25,13.317090554733081,São Miguel do Iguaçu,32.0,0.45,0.9,0.012,0.007
2577,2022,02/25,11.714876903141825,São Miguel do Iguaçu,32.0,0.45,0.9,0.012,0.007
2578,2023,02/25,13.306756422886538,São Miguel do Iguaçu,32.0,0.45,0.9,0.012,0.007
2579,2024,02/25,13.111056269729664,São Miguel do Iguaçu,32.0,0.45,0.9,0.012,0.007
2580,2015,02/25,12.939509766308534,São Pedro do Iguaçu,32.0,0.45,0.9,0.012,0.007
2581,2016,02/25,10.176581220749116,São Pedro do Iguaçu,32.0,0.45,0.9,0.012,0.007
2582,2017,02/25,12.433839423513774,São Pedro do Iguaçu,32.0,0.45,0.9,0.012,0.007
2583,2018,02/25,12.027082598394939,São Pedro do Iguaçu,32.0,0.45,0.9,0.012,0.007
2584,2019,02/25,13.359318765324492,São Pedro do Iguaçu,32.0,0.45,0.9,0.012,0.007
2585,2020,02/25,12.151373535741172,São Pedro do Iguaçu,32.0,0.45,0.9,0.012,0.007
2586,2021,02/25,12.923044011726608,São Pedro do Iguaçu,32.0,0.45,0.9,0.012,0.007
2587,2022,02/25,10.999464416986438,São Pedro do Iguaçu,32.0,0.45,0.9,0.012,0.007
2588,2023,02/25,12.663375210969265,São Pedro do Iguaçu,32.0,0.45,0.9,0.012,0.007
2589,2024,02/25,13.001653662426294,São Pedro do Iguaçu,32.0,0.45,0.9,0.012,0.007
2590,2015,02/25,13.287178957762032,Toledo,32.0,0.45,0.9,0.012,0.007
2591,2016,02/25,10.799488048926351,Toledo,32.0,0.45,0.9,0.012,0.007
2592,2017,02/25,12.729827175805157,Toledo,32.0,0.45,0.9,0.012,0.007
2593,2018,02/25,12.601852116828072,Toledo,32.0,0.45,0.9,0.012,0.007
2594,2019,02/25,13.60168721571205,Toledo,32.0,0.45,0.9,0.012,0.007
2595,2020,02/25,12.958746372150195,Toledo,32.0,0.45,0.9,0.012,0.007
2596,2021,02/25,13.336233331823934,Toledo,32.0,0.45,0.9,0.012,0.007
2597,2022,02/25,11.499060364365707,Toledo,32.0,0.45,0.9,0.012,0.007
2598,2023,02/25,13.005771801535502,Toledo,32.0,0.45,0.9,0.012,0.007
2599,2024,02/25,13.468011398928475,Toledo,32.0,0.45,0.9,0.012,0.007
2600,2015,02/25,12.967916697787253,Cascavel,32.0,0.45,0.9,0.013,0.006
2601,2016,02/25,9.905291373377418,Cascavel,32.0,0.45,0.9,0.013,0.006
2602,2017,02/25,12.235010107885094,Cascavel,32.0,0.45,0.9,0.013,0.006
2603,2018,02/25,11.81267984127858,Cascavel,32.0,0.45,0.9,0.013,0.006
2604,2019,02/25,13.264693850603894,Cascavel,32.0,0.45,0.9,0.013,0.006
2605,2020,02/25,12.001931449021109,Cascavel,32.0,0.45,0.9,0.013,0.006
2606,2021,02/25,12.648015044051986,Cascavel,32.0,0.45,0.9,0.013,0.006
2607,2022,02/25,10.927888582724215,Cascavel,32.0,0.45,0.9,0.013,0.006
2608,2023,02/25,12.208189457210127,Cascavel,32.0,0.45,0.9,0.013,0.006
2609,2024,02/25,13.11608442607288,Cascavel,32.0,0.45,0.9,0.013,0.006
2610,2015,02/25,13.397622867914947,Foz do Iguaçu,32.0,0.45,0.9,0.013,0.006
2611,2016,02/25,11.121703733903505,Foz do Iguaçu,32.0,0.45,0.9,0.013,0.006
2612,2017,02/25,12.940644872714877,Foz do Iguaçu,32.0,0.45,0.9,0.013,0.006
2613,2018,02/25,12.423490443442981,Foz do Iguaçu,32.0,0.45,0.9,0.013,0.006
2614,2019,02/25,13.736401817342266,Foz do Iguaçu,32.0,0.45,0.9,0.013,0.006
2615,2020,02/25,12.532077663295222,Foz do Iguaçu,32.0,0.45,0.9,0.013,0.006
2616,2021,02/25,13.317252618458689,Foz do Iguaçu,32.0,0.45,0.9,0.013,0.006
2617,2022,02/25,11.714902805157477,Foz do Iguaçu,32.0,0.45,0.9,0.013,0.006
2618,2023,02/25,13.30683931454422,Foz do Iguaçu,32.0,0.45,0.9,0.013,0.006
2619,2024,02/25,13.111100674420683,Foz do Iguaçu,32.0,0.45,0.9,0.013,0.006
2620,2015,02/25,13.614321750028122,Guaíra,32.0,0.45,0.9,0.013,0.006
2621,2016,02/25,11.551159243538487,Guaíra,32.0,0.45,0.9,0.013,0.006
2622,2017,02/25,13.157689403206097,Guaíra,32.0,0.45,0.9,0.013,0.006
2623,2018,02/25,13.001246158936047,Guaíra,32.0,0.45,0.9,0.013,0.006
2624,2019,02/25,13.863949242433252,Guaíra,32.0,0.45,0.9,0.013,0.006
2625,2020,02/25,13.287765273583682,Guaíra,32.0,0.45,0.9,0.013,0.006
2626,2021,02/25,13.491541884731353,Guaíra,32.0,0.45,0.9,0.013,0.006
2627,2022,02/25,12.162117808160225,Guaíra,32.0,0.45,0.9,0.013,0.006
2628,2023,02/25,13.312494634280434,Guaíra,32.0,0.45,0.9,0.013,0.006
2629,2024,02/25,13.728062014397493,Guaíra,32.0,0.45,0.9,0.013,0.006
2630,2015,02/25,13.604847567407063,Marechal Cândido Rondon,32.0,0.45,0.9,0.013,0.006
2631,2016,02/25,11.65184292379298,Marechal Cândido Rondon,32.0,0.45,0.9,0.013,0.006
2632,2017,02/25,13.236555270856329,Marechal Cândido Rondon,32.0,0.45,0.9,0.013,0.006
2633,2018,02/25,13.105051703876095,Marechal Cândido Rondon,32.0,0.45,0.9,0.013,0.006
2634,2019,02/25,13.890990182842724,Marechal Cândido Rondon,32.0,0.45,0.9,0.013,0.006
2635,2020,02/25,13.249952761178308,Marechal Cândido Rondon,32.0,0.45,0.9,0.013,0.006
2636,2021,02/25,13.679540336888701,Marechal Cândido Rondon,32.0,0.45,0.9,0.013,0.006
2637,2022,02/25,12.196214019419251,Marechal Cândido Rondon,32.0,0.45,0.9,0.013,0.006
2638,2023,02/25,13.421576506664849,Marechal Cândido Rondon,32.0,0.45,0.9,0.013,0.006
2639,2024,02/25,13.615718445535613,Marechal Cândido Rondon,32.0,0.45,0.9,0.013,0.006
2640,2015,02/25,13.129844964443441,Matelândia,32.0,0.45,0.9,0.013,0.006
2641,2016,02/25,10.456170933302202,Matelândia,32.0,0.45,0.9,0.013,0.006
2642,2017,02/25,12.623051729310733,Matelândia,32.0,0.45,0.9,0.013,0.006
2643,2018,02/25,12.023428876721546,Matelândia,32.0,0.45,0.9,0.013,0.006
2644,2019,02/25,13.515057190804676,Matelândia,32.0,0.45,0.9,0.013,0.006
2645,2020,02/25,12.167552094468219,Matelândia,32.0,0.45,0.9,0.013,0.006
2646,2021,02/25,13.047329912810902,Matelândia,32.0,0.45,0.9,0.013,0.006
2647,2022,02/25,11.287511274986182,Matelândia,32.0,0.45,0.9,0.013,0.006
2648,2023,02/25,12.876956491433848,Matelândia,32.0,0.45,0.9,0.013,0.006
2649,2024,02/25,13.052602171389374,Matelândia,32.0,0.45,0.9,0.013,0.006
2650,2015,02/25,13.397083455385673,Medianeira,32.0,0.45,0.9,0.013,0.006
2651,2016,02/25,11.12164344074988,Medianeira,32.0,0.45,0.9,0.013,0.006
2652,2017,02/25,12.940519197868445,Medianeira,32.0,0.45,0.9,0.013,0.006
2653,2018,02/25,12.423761899965374,Medianeira,32.0,0.45,0.9,0.013,0.006
2654,2019,02/25,13.736265917636022,Medianeira,32.0,0.45,0.9,0.013,0.006
2655,2020,02/25,12.531434413108776,Medianeira,32.0,0.45,0.9,0.013,0.006
2656,2021,02/25,13.319509623937678,Medianeira,32.0,0.45,0.9,0.013,0.006
2657,2022,02/25,11.714354377648943,Medianeira,32.0,0.45,0.9,0.013,0.006
2658,2023,02/25,13.306379111063523,Medianeira,32.0,0.45,0.9,0.013,0.006
2659,2024,02/25,13.11085229043885,Medianeira,32.0,0.45,0.9,0.013,0.006
2660,2015,02/25,13.574566809381484,Santa Helena,32.0,0.45,0.9,0.013,0.006
2661,2016,02/25,11.661666322696101,Santa Helena,32.0,0.45,0.9,0.013,0.006
2662,2017,02/25,13.23978117975518,Santa Helena,32.0,0.45,0.9,0.013,0.006
2663,2018,02/25,12.950892099435816,Santa Helena,32.0,0.45,0.9,0.013,0.006
2664,2019,02/25,13.874942942777928,Santa Helena,32.0,0.45,0.9,0.013,0.006
2665,2020,02/25,13.068590452853371,Santa Helena,32.0,0.45,0.9,0.013,0.006
2666,2021,02/25,13.314782185330085,Santa Helena,32.0,0.45,0.9,0.013,0.006
2667,2022,02/25,12.209286846158868,Santa Helena,32.0,0.45,0.9,0.013,0.006
2668,2023,02/25,13.479734964107532,Santa Helena,32.0,0.45,0.9,0.013,0.006
2669,2024,02/25,13.376574900754497,Santa Helena,32.0,0.45,0.9,0.013,0.006
2670,2015,02/25,13.397513979715493,São Miguel do Iguaçu,32.0,0.45,0.9,0.013,0.006
2671,2016,02/25,11.121691534318238,São Miguel do Iguaçu,32.0,0.45,0.9,0.013,0.006
2672,2017,02/25,12.940622563051583,São Miguel do Iguaçu,32.0,0.45,0.9,0.013,0.006
2673,2018,02/25,12.423554668210695,São Miguel do Iguaçu,32.0,0.45,0.9,0.013,0.006
2674,2019,02/25,13.736376007121308,São Miguel do Iguaçu,32.0,0.45,0.9,0.013,0.006
2675,2020,02/25,12.531920979910057,São Miguel do Iguaçu,32.0,0.45,0.9,0.013,0.006
2676,2021,02/25,13.317090554733081,São Miguel do Iguaçu,32.0,0.45,0.9,0.013,0.006
2677,2022,02/25,11.714876903141825,São Miguel do Iguaçu,32.0,0.45,0.9,0.013,0.006
2678,2023,02/25,13.306756422886538,São Miguel do Iguaçu,32.0,0.45,0.9,0.013,0.006
2679,2024,02/25,13.111056269729664,São Miguel do Iguaçu,32.0,0.45,0.9,0.013,0.006
2680,2015,02/25,12.939509766308534,São Pedro do Iguaçu,32.0,0.45,0.9,0.013,0.006
2681,2016,02/25,10.176581220749116,São Pedro do Iguaçu,32.0,0.45,0.9,0.013,0.006
2682,2017,02/25,12.433839423513774,São Pedro do Iguaçu,32.0,0.45,0.9,0.013,0.006
2683,2018,02/25,12.027082598394939,São Pedro do Iguaçu,32.0,0.45,0.9,0.013,0.006
2684,2019,02/25,13.359318765324492,São Pedro do Iguaçu,32.0,0.45,0.9,0.013,0.006
2685,2020,02/25,12.151373535741172,São Pedro do Iguaçu,32.0,0.45,0.9,0.013,0.006
2686,2021,02/25,12.923044011726608,São Pedro do Iguaçu,32.0,0.45,0.9,0.013,0.006
2687,2022,02/25,10.999464416986438,São Pedro do Iguaçu,32.0,0.45,0.9,0.013,0.006
2688,2023,02/25,12.663375210969265,São Pedro do Iguaçu,32.0,0.45,0.9,0.013,0.006
2689,2024,02/25,13.001653662426294,São Pedro do Iguaçu,32.0,0.45,0.9,0.013,0.006
2690,2015,02/25,13.287178957762032,Toledo,32.0,0.45,0.9,0.013,0.006
2691,2016,02/25,10.799488048926351,Toledo,32.0,0.45,0.9,0.013,0.006
2692,2017,02/25,12.729827175805157,Toledo,32.0,0.45,0.9,0.013,0.006
2693,2018,02/25,12.601852116828072,Toledo,32.0,0.45,0.9,0.013,0.006
2694,2019,02/25,13.60168721571205,Toledo,32.0,0.45,0.9,0.013,0.006
2695,2020,02/25,12.958746372150195,Toledo,32.0,0.45,0.9,0.013,0.006
2696,2021,02/25,13.336233331823934,Toledo,32.0,0.45,0.9,0.013,0.006
2697,2022,02/25,11.499060364365707,Toledo,32.0,0.45,0.9,0.013,0.006
2698,2023,02/25,13.005771801535502,Toledo,32.0,0.45,0.9,0.013,0.006
2699,2024,02/25,13.468011398928475,Toledo,32.0,0.45,0.9,0.013,0.006
2700,2015,02/25,12.967916697787253,Cascavel,32.0,0.45,0.9,0.013,0.007
2701,2016,02/25,9.905291373377418,Cascavel,32.0,0.45,0.9,0.013,0.007
2702,2017,02/25,12.235010107885094,Cascavel,32.0,0.45,0.9,0.013,0.007
2703,2018,02/25,11.81267984127858,Cascavel,32.0,0.45,0.9,0.013,0.007
2704,2019,02/25,13.264693850603894,Cascavel,32.0,0.45,0.9,0.013,0.007
2705,2020,02/25,12.001931449021109,Cascavel,32.0,0.45,0.9,0.013,0.007
2706,2021,02/25,12.648015044051986,Cascavel,32.0,0.45,0.9,0.013,0.007
2707,2022,02/25,10.927888582724215,Cascavel,32.0,0.45,0.9,0.013,0.007
2708,2023,02/25,12.208189457210127,Cascavel,32.0,0.45,0.9,0.013,0.007
2709,2024,02/25,13.11608442607288,Cascavel,32.0,0.45,0.9,0.013,0.007
2710,2015,02/25,13.397622867914947,Foz do Iguaçu,32.0,0.45,0.9,0.013,0.007
2711,2016,02/25,11.121703733903505,Foz do Iguaçu,32.0,0.45,0.9,0.013,0.007
2712,2017,02/25,12.940644872714877,Foz do Iguaçu,32.0,0.45,0.9,0.013,0.007
2713,2018,02/25,12.423490443442981,Foz do Iguaçu,32.0,0.45,0.9,0.013,0.007
2714,2019,02/25,13.736401817342266,Foz do Iguaçu,32.0,0.45,0.9,0.013,0.007
2715,2020,02/25,12.532077663295222,Foz do Iguaçu,32.0,0.45,0.9,0.013,0.007
2716,2021,02/25,13.317252618458689,Foz do Iguaçu,32.0,0.45,0.9,0.013,0.007
2717,2022,02/25,11.714902805157477,Foz do Iguaçu,32.0,0.45,0.9,0.013,0.007
2718,2023,02/25,13.30683931454422,Foz do Iguaçu,32.0,0.45,0.9,0.013,0.007
2719,2024,02/25,13.111100674420683,Foz do Iguaçu,32.0,0.45,0.9,0.013,0.007
2720,2015,02/25,13.614321750028122,Guaíra,32.0,0.45,0.9,0.013,0.007
2721,2016,02/25,11.551159243538487,Guaíra,32.0,0.45,0.9,0.013,0.007
2722,2017,02/25,13.157689403206097,Guaíra,32.0,0.45,0.9,0.013,0.007
2723,2018,02/25,13.001246158936047,Guaíra,32.0,0.45,0.9,0.013,0.007
2724,2019,02/25,13.863949242433252,Guaíra,32.0,0.45,0.9,0.013,0.007
2725,2020,02/25,13.287765273583682,Guaíra,32.0,0.45,0.9,0.013,0.007
2726,2021,02/25,13.491541884731353,Guaíra,32.0,0.45,0.9,0.013,0.007
2727,2022,02/25,12.162117808160225,Guaíra,32.0,0.45,0.9,0.013,0.007
2728,2023,02/25,13.312494634280434,Guaíra,32.0,0.45,0.9,0.013,0.007
2729,2024,02/25,13.728062014397493,Guaíra,32.0,0.45,0.9,0.013,0.007
2730,2015,02/25,13.604847567407063,Marechal Cândido Rondon,32.0,0.45,0.9,0.013,0.007
2731,2016,02/25,11.65184292379298,Marechal Cândido Rondon,32.0,0.45,0.9,0.013,0.007
2732,2017,02/25,13.236555270856329,Marechal Cândido Rondon,32.0,0.45,0.9,0.013,0.007
2733,2018,02/25,13.105051703876095,Marechal Cândido Rondon,32.0,0.45,0.9,0.013,0.007
2734,2019,02/25,13.890990182842724,Marechal Cândido Rondon,32.0,0.45,0.9,0.013,0.007
2735,2020,02/25,13.249952761178308,Marechal Cândido Rondon,32.0,0.45,0.9,0.013,0.007
2736,2021,02/25,13.679540336888701,Marechal Cândido Rondon,32.0,0.45,0.9,0.013,0.007
2737,2022,02/25,12.196214019419251,Marechal Cândido Rondon,32.0,0.45,0.9,0.013,0.007
2738,2023,02/25,13.421576506664849,Marechal Cândido Rondon,32.0,0.45,0.9,0.013,0.007
2739,2024,02/25,13.615718445535613,Marechal Cândido Rondon,32.0,0.45,0.9,0.013,0.007
2740,2015,02/25,13.129844964443441,Matelândia,32.0,0.45,0.9,0.013,0.007
2741,2016,02/25,10.456170933302202,Matelândia,32.0,0.45,0.9,0.013,0.007
2742,2017,02/25,12.623051729310733,Matelândia,32.0,0.45,0.9,0.013,0.007
2743,2018,02/25,12.023428876721546,Matelândia,32.0,0.45,0.9,0.013,0.007
2744,2019,02/25,13.515057190804676,Matelândia,32.0,0.45,0.9,0.013,0.007
2745,2020,02/25,12.167552094468219,Matelândia,32.0,0.45,0.9,0.013,0.007
2746,2021,02/25,13.047329912810902,Matelândia,32.0,0.45,0.9,0.013,0.007
2747,2022,02/25,11.287511274986182,Matelândia,32.0,0.45,0.9,0.013,0.007
2748,2023,02/25,12.876956491433848,Matelândia,32.0,0.45,0.9,0.013,0.007
2749,2024,02/25,13.052602171389374,Matelândia,32.0,0.45,0.9,0.013,0.007
2750,2015,02/25,13.397083455385673,Medianeira,32.0,0.45,0.9,0.013,0.007
2751,2016,02/25,11.12164344074988,Medianeira,32.0,0.45,0.9,0.013,0.007
2752,2017,02/25,12.940519197868445,Medianeira,32.0,0.45,0.9,0.013,0.007
2753,2018,02/25,12.423761899965374,Medianeira,32.0,0.45,0.9,0.013,0.007
2754,2019,02/25,13.736265917636022,Medianeira,32.0,0.45,0.9,0.013,0.007
2755,2020,02/25,12.531434413108776,Medianeira,32.0,0.45,0.9,0.013,0.007
2756,2021,02/25,13.319509623937678,Medianeira,32.0,0.45,0.9,0.013,0.007
2757,2022,02/25,11.714354377648943,Medianeira,32.0,0.45,0.9,0.013,0.007
2758,2023,02/25,13.306379111063523,Medianeira,32.0,0.45,0.9,0.013,0.007
2759,2024,02/25,13.11085229043885,Medianeira,32.0,0.45,0.9,0.013,0.007
2760,2015,02/25,13.574566809381484,Santa Helena,32.0,0.45,0.9,0.013,0.007
2761,2016,02/25,11.661666322696101,Santa Helena,32.0,0.45,0.9,0.013,0.007
2762,2017,02/25,13.23978117975518,Santa Helena,32.0,0.45,0.9,0.013,0.007
2763,2018,02/25,12.950892099435816,Santa Helena,32.0,0.45,0.9,0.013,0.007
2764,2019,02/25,13.874942942777928,Santa Helena,32.0,0.45,0.9,0.013,0.007
2765,2020,02/25,13.068590452853371,Santa Helena,32.0,0.45,0.9,0.013,0.007
2766,2021,02/25,13.314782185330085,Santa Helena,32.0,0.45,0.9,0.013,0.007
2767,2022,02/25,12.209286846158868,Santa Helena,32.0,0.45,0.9,0.013,0.007
2768,2023,02/25,13.479734964107532,Santa Helena,32.0,0.45,0.9,0.013,0.007
2769,2024,02/25,13.376574900754497,Santa Helena,32.0,0.45,0.9,0.013,0.007
2770,2015,02/25,13.397513979715493,São Miguel do Iguaçu,32.0,0.45,0.9,0.013,0.007
2771,2016,02/25,11.121691534318238,São Miguel do Iguaçu,32.0,0.45,0.9,0.013,0.007
2772,2017,02/25,12.940622563051583,São Miguel do Iguaçu,32.0,0.45,0.9,0.013,0.007
2773,2018,02/25,12.423554668210695,São Miguel do Iguaçu,32.0,0.45,0.9,0.013,0.007
2774,2019,02/25,13.736376007121308,São Miguel do Iguaçu,32.0,0.45,0.9,0.013,0.007
2775,2020,02/25,12.531920979910057,São Miguel do Iguaçu,32.0,0.45,0.9,0.013,0.007
2776,2021,02/25,13.317090554733081,São Miguel do Iguaçu,32.0,0.45,0.9,0.013,0.007
2777,2022,02/25,11.714876903141825,São Miguel do Iguaçu,32.0,0.45,0.9,0.013,0.007
2778,2023,02/25,13.306756422886538,São Miguel do Iguaçu,32.0,0.45,0.9,0.013,0.007
2779,2024,02/25,13.111056269729664,São Miguel do Iguaçu,32.0,0.45,0.9,0.013,0.007
2780,2015,02/25,12.939509766308534,São Pedro do Iguaçu,32.0,0.45,0.9,0.013,0.007
2781,2016,02/25,10.176581220749116,São Pedro do Iguaçu,32.0,0.45,0.9,0.013,0.007
2782,2017,02/25,12.433839423513774,São Pedro do Iguaçu,32.0,0.45,0.9,0.013,0.007
2783,2018,02/25,12.027082598394939,São Pedro do Iguaçu,32.0,0.45,0.9,0.013,0.007
2784,2019,02/25,13.359318765324492,São Pedro do Iguaçu,32.0,0.45,0.9,0.013,0.007
2785,2020,02/25,12.151373535741172,São Pedro do Iguaçu,32.0,0.45,0.9,0.013,0.007
2786,2021,02/25,12.923044011726608,São Pedro do Iguaçu,32.0,0.45,0.9,0.013,0.007
2787,2022,02/25,10.999464416986438,São Pedro do Iguaçu,32.0,0.45,0.9,0.013,0.007
2788,2023,02/25,12.663375210969265,São Pedro do Iguaçu,32.0,0.45,0.9,0.013,0.007
2789,2024,02/25,13.001653662426294,São Pedro do Iguaçu,32.0,0.45,0.9,0.013,0.007
2790,2015,02/25,13.287178957762032,Toledo,32.0,0.45,0.9,0.013,0.007
2791,2016,02/25,10.799488048926351,Toledo,32.0,0.45,0.9,0.013,0.007
2792,2017,02/25,12.729827175805157,Toledo,32.0,0.45,0.9,0.013,0.007
2793,2018,02/25,12.601852116828072,Toledo,32.0,0.45,0.9,0.013,0.007
2794,2019,02/25,13.60168721571205,Toledo,32.0,0.45,0.9,0.013,0.007
2795,2020,02/25,12.958746372150195,Toledo,32.0,0.45,0.9,0.013,0.007
2796,2021,02/25,13.336233331823934,Toledo,32.0,0.45,0.9,0.013,0.007
2797,2022,02/25,11.499060364365707,Toledo,32.0,0.45,0.9,0.013,0.007
2798,2023,02/25,13.005771801535502,Toledo,32.0,0.45,0.9,0.013,0.007
2799,2024,02/25,13.468011398928475,Toledo,32.0,0.45,0.9,0.013,0.007
2800,2015,02/25,13.370161046618708,Cascavel,32.0,0.45,0.95,0.012,0.006
2801,2016,02/25,10.215931796316271,Cascavel,32.0,0.45,0.95,0.012,0.006
2802,2017,02/25,12.613721263223017,Cascavel,32.0,0.45,0.95,0.012,0.006
2803,2018,02/25,12.189563649964283,Cascavel,32.0,0.45,0.95,0.012,0.006
2804,2019,02/25,13.67754648127687,Cascavel,32.0,0.45,0.95,0.012,0.006
2805,2020,02/25,12.365693866139218,Cascavel,32.0,0.45,0.95,0.012,0.006
2806,2021,02/25,13.032641865457315,Cascavel,32.0,0.45,0.95,0.012,0.006
2807,2022,02/25,11.270297004559353,Cascavel,32.0,0.45,0.95,0.012,0.006
2808,2023,02/25,12.5923903237007,Cascavel,32.0,0.45,0.95,0.012,0.006
2809,2024,02/25,13.522273057704963,Cascavel,32.0,0.45,0.95,0.012,0.006
2810,2015,02/25,13.816560950877466,Foz do Iguaçu,32.0,0.45,0.95,0.012,0.006
2811,2016,02/25,11.47413603155447,Foz do Iguaçu,32.0,0.45,0.95,0.012,0.006
2812,2017,02/25,13.348163047895511,Foz do Iguaçu,32.0,0.45,0.95,0.012,0.006
2813,2018,02/25,12.820511525686449,Foz do Iguaçu,32.0,0.45,0.95,0.012,0.006
2814,2019,02/25,14.162915458341631,Foz do Iguaçu,32.0,0.45,0.95,0.012,0.006
2815,2020,02/25,12.9152560851842,Foz do Iguaçu,32.0,0.45,0.95,0.012,0.006
2816,2021,02/25,13.728197217229281,Foz do Iguaçu,32.0,0.45,0.95,0.012,0.006
2817,2022,02/25,12.08541803489495,Foz do Iguaçu,32.0,0.45,0.95,0.012,0.006
2818,2023,02/25,13.72809993348248,Foz do Iguaçu,32.0,0.45,0.95,0.012,0.006
2819,2024,02/25,13.514976519775248,Foz do Iguaçu,32.0,0.45,0.95,0.012,0.006
2820,2015,02/25,14.041035313087818,Guaíra,32.0,0.45,0.95,0.012,0.006
2821,2016,02/25,11.917391778319821,Guaíra,32.0,0.45,0.95,0.012,0.006
2822,2017,02/25,13.572273580848588,Guaíra,32.0,0.45,0.95,0.012,0.006
2823,2018,02/25,13.418286996874283,Guaíra,32.0,0.45,0.95,0.012,0.006
2824,2019,02/25,14.29908907243831,Guaíra,32.0,0.45,0.95,0.012,0.006
2825,2020,02/25,13.699245520114069,Guaíra,32.0,0.45,0.95,0.012,0.006
2826,2021,02/25,13.907990206641518,Guaíra,32.0,0.45,0.95,0.012,0.006
2827,2022,02/25,12.547072311930986,Guaíra,32.0,0.45,0.95,0.012,0.006
2828,2023,02/25,13.734528245198202,Guaíra,32.0,0.45,0.95,0.012,0.006
2829,2024,02/25,14.160281783844717,Guaíra,32.0,0.45,0.95,0.012,0.006
2830,2015,02/25,14.031200181875704,Marechal Cândido Rondon,32.0,0.45,0.95,0.012,0.006
2831,2016,02/25,12.021559545504742,Marechal Cândido Rondon,32.0,0.45,0.95,0.012,0.006
2832,2017,02/25,13.65371886495856,Marechal Cândido Rondon,32.0,0.45,0.95,0.012,0.006
2833,2018,02/25,13.527033910603139,Marechal Cândido Rondon,32.0,0.45,0.95,0.012,0.006
2834,2019,02/25,14.326610457667147,Marechal Cândido Rondon,32.0,0.45,0.95,0.012,0.006
2835,2020,02/25,13.660385852522001,Marechal Cândido Rondon,32.0,0.45,0.95,0.012,0.006
2836,2021,02/25,14.100714147444647,Marechal Cândido Rondon,32.0,0.45,0.95,0.012,0.006
2837,2022,02/25,12.582151239635419,Marechal Cândido Rondon,32.0,0.45,0.95,0.012,0.006
2838,2023,02/25,13.847253500683149,Marechal Cândido Rondon,32.0,0.45,0.95,0.012,0.006
2839,2024,02/25,14.042660954698762,Marechal Cândido Rondon,32.0,0.45,0.95,0.012,0.006
2840,2015,02/25,13.539153339375952,Matelândia,32.0,0.45,0.95,0.012,0.006
2841,2016,02/25,10.78622228273199,Matelândia,32.0,0.45,0.95,0.012,0.006
2842,2017,02/25,13.017865216631252,Matelândia,32.0,0.45,0.95,0.012,0.006
2843,2018,02/25,12.407446522331457,Matelândia,32.0,0.45,0.95,0.012,0.006
2844,2019,02/25,13.933879865362869,Matelândia,32.0,0.45,0.95,0.012,0.006
2845,2020,02/25,12.53771509731758,Matelândia,32.0,0.45,0.95,0.012,0.006
2846,2021,02/25,13.446142396725175,Matelândia,32.0,0.45,0.95,0.012,0.006
2847,2022,02/25,11.64355042149833,Matelândia,32.0,0.45,0.95,0.012,0.006
2848,2023,02/25,13.2843347258824,Matelândia,32.0,0.45,0.95,0.012,0.006
2849,2024,02/25,13.454900383741984,Matelândia,32.0,0.45,0.95,0.012,0.006
2850,2015,02/25,13.815993457016845,Medianeira,32.0,0.45,0.95,0.012,0.006
2851,2016,02/25,11.474062991558352,Medianeira,32.0,0.45,0.95,0.012,0.006
2852,2017,02/25,13.348030454944578,Medianeira,32.0,0.45,0.95,0.012,0.006
2853,2018,02/25,12.820813868716378,Medianeira,32.0,0.45,0.95,0.012,0.006
2854,2019,02/25,14.162770529077388,Medianeira,32.0,0.45,0.95,0.012,0.006
2855,2020,02/25,12.91460750258793,Medianeira,32.0,0.45,0.95,0.012,0.006
2856,2021,02/25,13.729706726005606,Medianeira,32.0,0.45,0.95,0.012,0.006
2857,2022,02/25,12.084851025066916,Medianeira,32.0,0.45,0.95,0.012,0.006
2858,2023,02/25,13.727613999688899,Medianeira,32.0,0.45,0.95,0.012,0.006
2859,2024,02/25,13.514719558176505,Medianeira,32.0,0.45,0.95,0.012,0.006
2860,2015,02/25,13.999581403386783,Santa Helena,32.0,0.45,0.95,0.012,0.006
2861,2016,02/25,12.031100435801713,Santa Helena,32.0,0.45,0.95,0.012,0.006
2862,2017,02/25,13.657162716870841,Santa Helena,32.0,0.45,0.95,0.012,0.006
2863,2018,02/25,13.366909166165078,Santa Helena,32.0,0.45,0.95,0.012,0.006
2864,2019,02/25,14.308284019812312,Santa Helena,32.0,0.45,0.95,0.012,0.006
2865,2020,02/25,13.471677248519725,Santa Helena,32.0,0.45,0.95,0.012,0.006
2866,2021,02/25,13.585098070224092,Santa Helena,32.0,0.45,0.95,0.012,0.006
2867,2022,02/25,12.59602410765801,Santa Helena,32.0,0.45,0.95,0.012,0.006
2868,2023,02/25,13.906553752547035,Santa Helena,32.0,0.45,0.95,0.012,0.006
2869,2024,02/25,13.79214013539108,Santa Helena,32.0,0.45,0.95,0.012,0.006
2870,2015,02/25,13.8164478028105,São Miguel do Iguaçu,32.0,0.45,0.95,0.012,0.006
2871,2016,02/25,11.474122084857141,São Miguel do Iguaçu,32.0,0.45,0.95,0.012,0.006
2872,2017,02/25,13.348144717189907,São Miguel do Iguaçu,32.0,0.45,0.95,0.012,0.006
2873,2018,02/25,12.820574493969467,São Miguel do Iguaçu,32.0,0.45,0.95,0.012,0.006
2874,2019,02/25,14.162888597422159,São Miguel do Iguaçu,32.0,0.45,0.95,0.012,0.006
2875,2020,02/25,12.915090529695773,São Miguel do Iguaçu,32.0,0.45,0.95,0.012,0.006
2876,2021,02/25,13.728447158589567,São Miguel do Iguaçu,32.0,0.45,0.95,0.012,0.006
2877,2022,02/25,12.085391251644191,São Miguel do Iguaçu,32.0,0.45,0.95,0.012,0.006
2878,2023,02/25,13.728013794925351,São Miguel do Iguaçu,32.0,0.45,0.95,0.012,0.006
2879,2024,02/25,13.514935213013352,São Miguel do Iguaçu,32.0,0.45,0.95,0.012,0.006
2880,2015,02/25,13.341710760508155,São Pedro do Iguaçu,32.0,0.45,0.95,0.012,0.006
2881,2016,02/25,10.496918439262535,São Pedro do Iguaçu,32.0,0.45,0.95,0.012,0.006
2882,2017,02/25,12.82028224997559,São Pedro do Iguaçu,32.0,0.45,0.95,0.012,0.006
2883,2018,02/25,12.411836606853353,São Pedro do Iguaçu,32.0,0.45,0.95,0.012,0.006
2884,2019,02/25,13.774196003999482,São Pedro do Iguaçu,32.0,0.45,0.95,0.012,0.006
2885,2020,02/25,12.520415531903728,São Pedro do Iguaçu,32.0,0.45,0.95,0.012,0.006
2886,2021,02/25,13.322297310277786,São Pedro do Iguaçu,32.0,0.45,0.95,0.012,0.006
2887,2022,02/25,11.345441549566592,São Pedro do Iguaçu,32.0,0.45,0.95,0.012,0.006
2888,2023,02/25,13.06338167577958,São Pedro do Iguaçu,32.0,0.45,0.95,0.012,0.006
2889,2024,02/25,13.403992764598556,São Pedro do Iguaçu,32.0,0.45,0.95,0.012,0.006
2890,2015,02/25,13.70184800122553,Toledo,32.0,0.45,0.95,0.012,0.006
2891,2016,02/25,11.140758632440187,Toledo,32.0,0.45,0.95,0.012,0.006
2892,2017,02/25,13.128168157283708,Toledo,32.0,0.45,0.95,0.012,0.006
2893,2018,02/25,13.0060191301293,Toledo,32.0,0.45,0.95,0.012,0.006
2894,2019,02/25,14.026823940508063,Toledo,32.0,0.45,0.95,0.012,0.006
2895,2020,02/25,13.356218635434844,Toledo,32.0,0.45,0.95,0.012,0.006
2896,2021,02/25,13.747966753164645,Toledo,32.0,0.45,0.95,0.012,0.006
2897,2022,02/25,11.861287695165252,Toledo,32.0,0.45,0.95,0.012,0.006
2898,2023,02/25,13.417180300008155,Toledo,32.0,0.45,0.95,0.012,0.006
2899,2024,02/25,13.88967759849928,Toledo,32.0,0.45,0.95,0.012,0.006
2900,2015,02/25,13.370161046618708,Cascavel,32.0,0.45,0.95,0.012,0.007
2901,2016,02/25,10.215931796316271,Cascavel,32.0,0.45,0.95,0.012,0.007
2902,2017,02/25,12.613721263223017,Cascavel,32.0,0.45,0.95,0.012,0.007
2903,2018,02/25,12.189563649964283,Cascavel,32.0,0.45,0.95,0.012,0.007
2904,2019,02/25,13.67754648127687,Cascavel,32.0,0.45,0.95,0.012,0.007
2905,2020,02/25,12.365693866139218,Cascavel,32.0,0.45,0.95,0.012,0.007
2906,2021,02/25,13.032641865457315,Cascavel,32.0,0.45,0.95,0.012,0.007
2907,2022,02/25,11.270297004559353,Cascavel,32.0,0.45,0.95,0.012,0.007
2908,2023,02/25,12.5923903237007,Cascavel,32.0,0.45,0.95,0.012,0.007
2909,2024,02/25,13.522273057704963,Cascavel,32.0,0.45,0.95,0.012,0.007
2910,2015,02/25,13.816560950877466,Foz do Iguaçu,32.0,0.45,0.95,0.012,0.007
2911,2016,02/25,11.47413603155447,Foz do Iguaçu,32.0,0.45,0.95,0.012,0.007
2912,2017,02/25,13.348163047895511,Foz do Iguaçu,32.0,0.45,0.95,0.012,0.007
2913,2018,02/25,12.820511525686449,Foz do Iguaçu,32.0,0.45,0.95,0.012,0.007
2914,2019,02/25,14.162915458341631,Foz do Iguaçu,32.0,0.45,0.95,0.012,0.007
2915,2020,02/25,12.9152560851842,Foz do Iguaçu,32.0,0.45,0.95,0.012,0.007
2916,2021,02/25,13.728197217229281,Foz do Iguaçu,32.0,0.45,0.95,0.012,0.007
2917,2022,02/25,12.08541803489495,Foz do Iguaçu,32.0,0.45,0.95,0.012,0.007
2918,2023,02/25,13.72809993348248,Foz do Iguaçu,32.0,0.45,0.95,0.012,0.007
2919,2024,02/25,13.514976519775248,Foz do Iguaçu,32.0,0.45,0.95,0.012,0.007
2920,2015,02/25,14.041035313087818,Guaíra,32.0,0.45,0.95,0.012,0.007
2921,2016,02/25,11.917391778319821,Guaíra,32.0,0.45,0.95,0.012,0.007
2922,2017,02/25,13.572273580848588,Guaíra,32.0,0.45,0.95,0.012,0.007
2923,2018,02/25,13.418286996874283,Guaíra,32.0,0.45,0.95,0.012,0.007
2924,2019,02/25,14.29908907243831,Guaíra,32.0,0.45,0.95,0.012,0.007
2925,2020,02/25,13.699245520114069,Guaíra,32.0,0.45,0.95,0.012,0.007
2926,2021,02/25,13.907990206641518,Guaíra,32.0,0.45,0.95,0.012,0.007
2927,2022,02/25,12.547072311930986,Guaíra,32.0,0.45,0.95,0.012,0.007
2928,2023,02/25,13.734528245198202,Guaíra,32.0,0.45,0.95,0.012,0.007
2929,2024,02/25,14.160281783844717,Guaíra,32.0,0.45,0.95,0.012,0.007
2930,2015,02/25,14.031200181875704,Marechal Cândido Rondon,32.0,0.45,0.95,0.012,0.007
2931,2016,02/25,12.021559545504742,Marechal Cândido Rondon,32.0,0.45,0.95,0.012,0.007
2932,2017,02/25,13.65371886495856,Marechal Cândido Rondon,32.0,0.45,0.95,0.012,0.007
2933,2018,02/25,13.527033910603139,Marechal Cândido Rondon,32.0,0.45,0.95,0.012,0.007
2934,2019,02/25,14.326610457667147,Marechal Cândido Rondon,32.0,0.45,0.95,0.012,0.007
2935,2020,02/25,13.660385852522001,Marechal Cândido Rondon,32.0,0.45,0.95,0.012,0.007
2936,2021,02/25,14.100714147444647,Marechal Cândido Rondon,32.0,0.45,0.95,0.012,0.007
2937,2022,02/25,12.582151239635419,Marechal Cândido Rondon,32.0,0.45,0.95,0.012,0.007
2938,2023,02/25,13.847253500683149,Marechal Cândido Rondon,32.0,0.45,0.95,0.012,0.007
2939,2024,02/25,14.042660954698762,Marechal Cândido Rondon,32.0,0.45,0.95,0.012,0.007
2940,2015,02/25,13.539153339375952,Matelândia,32.0,0.45,0.95,0.012,0.007
2941,2016,02/25,10.78622228273199,Matelândia,32.0,0.45,0.95,0.012,0.007
2942,2017,02/25,13.017865216631252,Matelândia,32.0,0.45,0.95,0.012,0.007
2943,2018,02/25,12.407446522331457,Matelândia,32.0,0.45,0.95,0.012,0.007
2944,2019,02/25,13.933879865362869,Matelândia,32.0,0.45,0.95,0.012,0.007
2945,2020,02/25,12.53771509731758,Matelândia,32.0,0.45,0.95,0.012,0.007
2946,2021,02/25,13.446142396725175,Matelândia,32.0,0.45,0.95,0.012,0.007
2947,2022,02/25,11.64355042149833,Matelândia,32.0,0.45,0.95,0.012,0.007
2948,2023,02/25,13.2843347258824,Matelândia,32.0,0.45,0.95,0.012,0.007
2949,2024,02/25,13.454900383741984,Matelândia,32.0,0.45,0.95,0.012,0.007
2950,2015,02/25,13.815993457016845,Medianeira,32.0,0.45,0.95,0.012,0.007
2951,2016,02/25,11.474062991558352,Medianeira,32.0,0.45,0.95,0.012,0.007
2952,2017,02/25,13.348030454944578,Medianeira,32.0,0.45,0.95,0.012,0.007
2953,2018,02/25,12.820813868716378,Medianeira,32.0,0.45,0.95,0.012,0.007
2954,2019,02/25,14.162770529077388,Medianeira,32.0,0.45,0.95,0.012,0.007
2955,2020,02/25,12.91460750258793,Medianeira,32.0,0.45,0.95,0.012,0.007
2956,2021,02/25,13.729706726005606,Medianeira,32.0,0.45,0.95,0.012,0.007
2957,2022,02/25,12.084851025066916,Medianeira,32.0,0.45,0.95,0.012,0.007
2958,2023,02/25,13.727613999688899,Medianeira,32.0,0.45,0.95,0.012,0.007
2959,2024,02/25,13.514719558176505,Medianeira,32.0,0.45,0.95,0.012,0.007
2960,2015,02/25,13.999581403386783,Santa Helena,32.0,0.45,0.95,0.012,0.007
2961,2016,02/25,12.031100435801713,Santa Helena,32.0,0.45,0.95,0.012,0.007
2962,2017,02/25,13.657162716870841,Santa Helena,32.0,0.45,0.95,0.012,0.007
2963,2018,02/25,13.366909166165078,Santa Helena,32.0,0.45,0.95,0.012,0.007
2964,2019,02/25,14.308284019812312,Santa Helena,32.0,0.45,0.95,0.012,0.007
2965,2020,02/25,13.471677248519725,Santa Helena,32.0,0.45,0.95,0.012,0.007
2966,2021,02/25,13.585098070224092,Santa Helena,32.0,0.45,0.95,0.012,0.007
2967,2022,02/25,12.59602410765801,Santa Helena,32.0,0.45,0.95,0.012,0.007
2968,2023,02/25,13.906553752547035,Santa Helena,32.0,0.45,0.95,0.012,0.007
2969,2024,02/25,13.79214013539108,Santa Helena,32.0,0.45,0.95,0.012,0.007
2970,2015,02/25,13.8164478028105,São Miguel do Iguaçu,32.0,0.45,0.95,0.012,0.007
2971,2016,02/25,11.474122084857141,São Miguel do Iguaçu,32.0,0.45,0.95,0.012,0.007
2972,2017,02/25,13.348144717189907,São Miguel do Iguaçu,32.0,0.45,0.95,0.012,0.007
2973,2018,02/25,12.820574493969467,São Miguel do Iguaçu,32.0,0.45,0.95,0.012,0.007
2974,2019,02/25,14.162888597422159,São Miguel do Iguaçu,32.0,0.45,0.95,0.012,0.007
2975,2020,02/25,12.915090529695773,São Miguel do Iguaçu,32.0,0.45,0.95,0.012,0.007
2976,2021,02/25,13.728447158589567,São Miguel do Iguaçu,32.0,0.45,0.95,0.012,0.007
2977,2022,02/25,12.085391251644191,São Miguel do Iguaçu,32.0,0.45,0.95,0.012,0.007
2978,2023,02/25,13.728013794925351,São Miguel do Iguaçu,32.0,0.45,0.95,0.012,0.007
2979,2024,02/25,13.514935213013352,São Miguel do Iguaçu,32.0,0.45,0.95,0.012,0.007
2980,2015,02/25,13.341710760508155,São Pedro do Iguaçu,32.0,0.45,0.95,0.012,0.007
2981,2016,02/25,10.496918439262535,São Pedro do Iguaçu,32.0,0.45,0.95,0.012,0.007
2982,2017,02/25,12.82028224997559,São Pedro do Iguaçu,32.0,0.45,0.95,0.012,0.007
2983,2018,02/25,12.411836606853353,São Pedro do Iguaçu,32.0,0.45,0.95,0.012,0.007
2984,2019,02/25,13.774196003999482,São Pedro do Iguaçu,32.0,0.45,0.95,0.012,0.007
2985,2020,02/25,12.520415531903728,São Pedro do Iguaçu,32.0,0.45,0.95,0.012,0.007
2986,2021,02/25,13.322297310277786,São Pedro do Iguaçu,32.0,0.45,0.95,0.012,0.007
2987,2022,02/25,11.345441549566592,São Pedro do Iguaçu,32.0,0.45,0.95,0.012,0.007
2988,2023,02/25,13.06338167577958,São Pedro do Iguaçu,32.0,0.45,0.95,0.012,0.007
2989,2024,02/25,13.403992764598556,São Pedro do Iguaçu,32.0,0.45,0.95,0.012,0.007
2990,2015,02/25,13.70184800122553,Toledo,32.0,0.45,0.95,0.012,0.007
2991,2016,02/25,11.140758632440187,Toledo,32.0,0.45,0.95,0.012,0.007
2992,2017,02/25,13.128168157283708,Toledo,32.0,0.45,0.95,0.012,0.007
2993,2018,02/25,13.0060191301293,Toledo,32.0,0.45,0.95,0.012,0.007
2994,2019,02/25,14.026823940508063,Toledo,32.0,0.45,0.95,0.012,0.007
2995,2020,02/25,13.356218635434844,Toledo,32.0,0.45,0.95,0.012,0.007
2996,2021,02/25,13.747966753164645,Toledo,32.0,0.45,0.95,0.012,0.007
2997,2022,02/25,11.861287695165252,Toledo,32.0,0.45,0.95,0.012,0.007
2998,2023,02/25,13.417180300008155,Toledo,32.0,0.45,0.95,0.012,0.007
2999,2024,02/25,13.88967759849928,Toledo,32.0,0.45,0.95,0.012,0.007
3000,2015,02/25,13.370161046618708,Cascavel,32.0,0.45,0.95,0.013,0.006
3001,2016,02/25,10.215931796316271,Cascavel,32.0,0.45,0.95,0.013,0.006
3002,2017,02/25,12.613721263223017,Cascavel,32.0,0.45,0.95,0.013,0.006
3003,2018,02/25,12.189563649964283,Cascavel,32.0,0.45,0.95,0.013,0.006
3004,2019,02/25,13.67754648127687,Cascavel,32.0,0.45,0.95,0.013,0.006
3005,2020,02/25,12.365693866139218,Cascavel,32.0,0.45,0.95,0.013,0.006
3006,2021,02/25,13.032641865457315,Cascavel,32.0,0.45,0.95,0.013,0.006
3007,2022,02/25,11.270297004559353,Cascavel,32.0,0.45,0.95,0.013,0.006
3008,2023,02/25,12.5923903237007,Cascavel,32.0,0.45,0.95,0.013,0.006
3009,2024,02/25,13.522273057704963,Cascavel,32.0,0.45,0.95,0.013,0.006
3010,2015,02/25,13.816560950877466,Foz do Iguaçu,32.0,0.45,0.95,0.013,0.006
3011,2016,02/25,11.47413603155447,Foz do Iguaçu,32.0,0.45,0.95,0.013,0.006
3012,2017,02/25,13.348163047895511,Foz do Iguaçu,32.0,0.45,0.95,0.013,0.006
3013,2018,02/25,12.820511525686449,Foz do Iguaçu,32.0,0.45,0.95,0.013,0.006
3014,2019,02/25,14.162915458341631,Foz do Iguaçu,32.0,0.45,0.95,0.013,0.006
3015,2020,02/25,12.9152560851842,Foz do Iguaçu,32.0,0.45,0.95,0.013,0.006
3016,2021,02/25,13.728197217229281,Foz do Iguaçu,32.0,0.45,0.95,0.013,0.006
3017,2022,02/25,12.08541803489495,Foz do Iguaçu,32.0,0.45,0.95,0.013,0.006
3018,2023,02/25,13.72809993348248,Foz do Iguaçu,32.0,0.45,0.95,0.013,0.006
3019,2024,02/25,13.514976519775248,Foz do Iguaçu,32.0,0.45,0.95,0.013,0.006
3020,2015,02/25,14.041035313087818,Guaíra,32.0,0.45,0.95,0.013,0.006
3021,2016,02/25,11.917391778319821,Guaíra,32.0,0.45,0.95,0.013,0.006
3022,2017,02/25,13.572273580848588,Guaíra,32.0,0.45,0.95,0.013,0.006
3023,2018,02/25,13.418286996874283,Guaíra,32.0,0.45,0.95,0.013,0.006
3024,2019,02/25,14.29908907243831,Guaíra,32.0,0.45,0.95,0.013,0.006
3025,2020,02/25,13.699245520114069,Guaíra,32.0,0.45,0.95,0.013,0.006
3026,2021,02/25,13.907990206641518,Guaíra,32.0,0.45,0.95,0.013,0.006
3027,2022,02/25,12.547072311930986,Guaíra,32.0,0.45,0.95,0.013,0.006
3028,2023,02/25,13.734528245198202,Guaíra,32.0,0.45,0.95,0.013,0.006
3029,2024,02/25,14.160281783844717,Guaíra,32.0,0.45,0.95,0.013,0.006
3030,2015,02/25,14.031200181875704,Marechal Cândido Rondon,32.0,0.45,0.95,0.013,0.006
3031,2016,02/25,12.021559545504742,Marechal Cândido Rondon,32.0,0.45,0.95,0.013,0.006
3032,2017,02/25,13.65371886495856,Marechal Cândido Rondon,32.0,0.45,0.95,0.013,0.006
3033,2018,02/25,13.527033910603139,Marechal Cândido Rondon,32.0,0.45,0.95,0.013,0.006
3034,2019,02/25,14.326610457667147,Marechal Cândido Rondon,32.0,0.45,0.95,0.013,0.006
3035,2020,02/25,13.660385852522001,Marechal Cândido Rondon,32.0,0.45,0.95,0.013,0.006
3036,2021,02/25,14.100714147444647,Marechal Cândido Rondon,32.0,0.45,0.95,0.013,0.006
3037,2022,02/25,12.582151239635419,Marechal Cândido Rondon,32.0,0.45,0.95,0.013,0.006
3038,2023,02/25,13.847253500683149,Marechal Cândido Rondon,32.0,0.45,0.95,0.013,0.006
3039,2024,02/25,14.042660954698762,Marechal Cândido Rondon,32.0,0.45,0.95,0.013,0.006
3040,2015,02/25,13.539153339375952,Matelândia,32.0,0.45,0.95,0.013,0.006
3041,2016,02/25,10.78622228273199,Matelândia,32.0,0.45,0.95,0.013,0.006
3042,2017,02/25,13.017865216631252,Matelândia,32.0,0.45,0.95,0.013,0.006
3043,2018,02/25,12.407446522331457,Matelândia,32.0,0.45,0.95,0.013,0.006
3044,2019,02/25,13.933879865362869,Matelândia,32.0,0.45,0.95,0.013,0.006
3045,2020,02/25,12.53771509731758,Matelândia,32.0,0.45,0.95,0.013,0.006
3046,2021,02/25,13.446142396725175,Matelândia,32.0,0.45,0.95,0.013,0.006
3047,2022,02/25,11.64355042149833,Matelândia,32.0,0.45,0.95,0.013,0.006
3048,2023,02/25,13.2843347258824,Matelândia,32.0,0.45,0.95,0.013,0.006
3049,2024,02/25,13.454900383741984,Matelândia,32.0,0.45,0.95,0.013,0.006
3050,2015,02/25,13.815993457016845,Medianeira,32.0,0.45,0.95,0.013,0.006
3051,2016,02/25,11.474062991558352,Medianeira,32.0,0.45,0.95,0.013,0.006
3052,2017,02/25,13.348030454944578,Medianeira,32.0,0.45,0.95,0.013,0.006
3053,2018,02/25,12.820813868716378,Medianeira,32.0,0.45,0.95,0.013,0.006
3054,2019,02/25,14.162770529077388,Medianeira,32.0,0.45,0.95,0.013,0.006
3055,2020,02/25,12.91460750258793,Medianeira,32.0,0.45,0.95,0.013,0.006
3056,2021,02/25,13.729706726005606,Medianeira,32.0,0.45,0.95,0.013,0.006
3057,2022,02/25,12.084851025066916,Medianeira,32.0,0.45,0.95,0.013,0.006
3058,2023,02/25,13.727613999688899,Medianeira,32.0,0.45,0.95,0.013,0.006
3059,2024,02/25,13.514719558176505,Medianeira,32.0,0.45,0.95,0.013,0.006
3060,2015,02/25,13.999581403386783,Santa Helena,32.0,0.45,0.95,0.013,0.006
3061,2016,02/25,12.031100435801713,Santa Helena,32.0,0.45,0.95,0.013,0.006
3062,2017,02/25,13.657162716870841,Santa Helena,32.0,0.45,0.95,0.013,0.006
3063,2018,02/25,13.366909166165078,Santa Helena,32.0,0.45,0.95,0.013,0.006
3064,2019,02/25,14.308284019812312,Santa Helena,32.0,0.45,0.95,0.013,0.006
3065,2020,02/25,13.471677248519725,Santa Helena,32.0,0.45,0.95,0.013,0.006
3066,2021,02/25,13.585098070224092,Santa Helena,32.0,0.45,0.95,0.013,0.006
3067,2022,02/25,12.59602410765801,Santa Helena,32.0,0.45,0.95,0.013,0.006
3068,2023,02/25,13.906553752547035,Santa Helena,32.0,0.45,0.95,0.013,0.006
3069,2024,02/25,13.79214013539108,Santa Helena,32.0,0.45,0.95,0.013,0.006
3070,2015,02/25,13.8164478028105,São Miguel do Iguaçu,32.0,0.45,0.95,0.013,0.006
3071,2016,02/25,11.474122084857141,São Miguel do Iguaçu,32.0,0.45,0.95,0.013,0.006
3072,2017,02/25,13.348144717189907,São Miguel do Iguaçu,32.0,0.45,0.95,0.013,0.006
3073,2018,02/25,12.820574493969467,São Miguel do Iguaçu,32.0,0.45,0.95,0.013,0.006
3074,2019,02/25,14.162888597422159,São Miguel do Iguaçu,32.0,0.45,0.95,0.013,0.006
3075,2020,02/25,12.915090529695773,São Miguel do Iguaçu,32.0,0.45,0.95,0.013,0.006
3076,2021,02/25,13.728447158589567,São Miguel do Iguaçu,32.0,0.45,0.95,0.013,0.006
3077,2022,02/25,12.085391251644191,São Miguel do Iguaçu,32.0,0.45,0.95,0.013,0.006
3078,2023,02/25,13.728013794925351,São Miguel do Iguaçu,32.0,0.45,0.95,0.013,0.006
3079,2024,02/25,13.514935213013352,São Miguel do Iguaçu,32.0,0.45,0.95,0.013,0.006
3080,2015,02/25,13.341710760508155,São Pedro do Iguaçu,32.0,0.45,0.95,0.013,0.006
3081,2016,02/25,10.496918439262535,São Pedro do Iguaçu,32.0,0.45,0.95,0.013,0.006
3082,2017,02/25,12.82028224997559,São Pedro do Iguaçu,32.0,0.45,0.95,0.013,0.006
3083,2018,02/25,12.411836606853353,São Pedro do Iguaçu,32.0,0.45,0.95,0.013,0.006
3084,2019,02/25,13.774196003999482,São Pedro do Iguaçu,32.0,0.45,0.95,0.013,0.006
3085,2020,02/25,12.520415531903728,São Pedro do Iguaçu,32.0,0.45,0.95,0.013,0.006
3086,2021,02/25,13.322297310277786,São Pedro do Iguaçu,32.0,0.45,0.95,0.013,0.006
3087,2022,02/25,11.345441549566592,São Pedro do Iguaçu,32.0,0.45,0.95,0.013,0.006
3088,2023,02/25,13.06338167577958,São Pedro do Iguaçu,32.0,0.45,0.95,0.013,0.006
3089,2024,02/25,13.403992764598556,São Pedro do Iguaçu,32.0,0.45,0.95,0.013,0.006
3090,2015,02/25,13.70184800122553,Toledo,32.0,0.45,0.95,0.013,0.006
3091,2016,02/25,11.140758632440187,Toledo,32.0,0.45,0.95,0.013,0.006
3092,2017,02/25,13.128168157283708,Toledo,32.0,0.45,0.95,0.013,0.006
3093,2018,02/25,13.0060191301293,Toledo,32.0,0.45,0.95,0.013,0.006
3094,2019,02/25,14.026823940508063,Toledo,32.0,0.45,0.95,0.013,0.006
3095,2020,02/25,13.356218635434844,Toledo,32.0,0.45,0.95,0.013,0.006
3096,2021,02/25,13.747966753164645,Toledo,32.0,0.45,0.95,0.013,0.006
3097,2022,02/25,11.861287695165252,Toledo,32.0,0.45,0.95,0.013,0.006
3098,2023,02/25,13.417180300008155,Toledo,32.0,0.45,0.95,0.013,0.006
3099,2024,02/25,13.88967759849928,Toledo,32.0,0.45,0.95,0.013,0.006
3100,2015,02/25,13.370161046618708,Cascavel,32.0,0.45,0.95,0.013,0.007
3101,2016,02/25,10.215931796316271,Cascavel,32.0,0.45,0.95,0.013,0.007
3102,2017,02/25,12.613721263223017,Cascavel,32.0,0.45,0.95,0.013,0.007
3103,2018,02/25,12.189563649964283,Cascavel,32.0,0.45,0.95,0.013,0.007
3104,2019,02/25,13.67754648127687,Cascavel,32.0,0.45,0.95,0.013,0.007
3105,2020,02/25,12.365693866139218,Cascavel,32.0,0.45,0.95,0.013,0.007
3106,2021,02/25,13.032641865457315,Cascavel,32.0,0.45,0.95,0.013,0.007
3107,2022,02/25,11.270297004559353,Cascavel,32.0,0.45,0.95,0.013,0.007
3108,2023,02/25,12.5923903237007,Cascavel,32.0,0.45,0.95,0.013,0.007
3109,2024,02/25,13.522273057704963,Cascavel,32.0,0.45,0.95,0.013,0.007
3110,2015,02/25,13.816560950877466,Foz do Iguaçu,32.0,0.45,0.95,0.013,0.007
3111,2016,02/25,11.47413603155447,Foz do Iguaçu,32.0,0.45,0.95,0.013,0.007
3112,2017,02/25,13.348163047895511,Foz do Iguaçu,32.0,0.45,0.95,0.013,0.007
3113,2018,02/25,12.820511525686449,Foz do Iguaçu,32.0,0.45,0.95,0.013,0.007
3114,2019,02/25,14.162915458341631,Foz do Iguaçu,32.0,0.45,0.95,0.013,0.007
3115,2020,02/25,12.9152560851842,Foz do Iguaçu,32.0,0.45,0.95,0.013,0.007
3116,2021,02/25,13.728197217229281,Foz do Iguaçu,32.0,0.45,0.95,0.013,0.007
3117,2022,02/25,12.08541803489495,Foz do Iguaçu,32.0,0.45,0.95,0.013,0.007
3118,2023,02/25,13.72809993348248,Foz do Iguaçu,32.0,0.45,0.95,0.013,0.007
3119,2024,02/25,13.514976519775248,Foz do Iguaçu,32.0,0.45,0.95,0.013,0.007
3120,2015,02/25,14.041035313087818,Guaíra,32.0,0.45,0.95,0.013,0.007
3121,2016,02/25,11.917391778319821,Guaíra,32.0,0.45,0.95,0.013,0.007
3122,2017,02/25,13.572273580848588,Guaíra,32.0,0.45,0.95,0.013,0.007
3123,2018,02/25,13.418286996874283,Guaíra,32.0,0.45,0.95,0.013,0.007
3124,2019,02/25,14.29908907243831,Guaíra,32.0,0.45,0.95,0.013,0.007
3125,2020,02/25,13.699245520114069,Guaíra,32.0,0.45,0.95,0.013,0.007
3126,2021,02/25,13.907990206641518,Guaíra,32.0,0.45,0.95,0.013,0.007
3127,2022,02/25,12.547072311930986,Guaíra,32.0,0.45,0.95,0.013,0.007
3128,2023,02/25,13.734528245198202,Guaíra,32.0,0.45,0.95,0.013,0.007
3129,2024,02/25,14.160281783844717,Guaíra,32.0,0.45,0.95,0.013,0.007
3130,2015,02/25,14.031200181875704,Marechal Cândido Rondon,32.0,0.45,0.95,0.013,0.007
3131,2016,02/25,12.021559545504742,Marechal Cândido Rondon,32.0,0.45,0.95,0.013,0.007
3132,2017,02/25,13.65371886495856,Marechal Cândido Rondon,32.0,0.45,0.95,0.013,0.007
3133,2018,02/25,13.527033910603139,Marechal Cândido Rondon,32.0,0.45,0.95,0.013,0.007
3134,2019,02/25,14.326610457667147,Marechal Cândido Rondon,32.0,0.45,0.95,0.013,0.007
3135,2020,02/25,13.660385852522001,Marechal Cândido Rondon,32.0,0.45,0.95,0.013,0.007
3136,2021,02/25,14.100714147444647,Marechal Cândido Rondon,32.0,0.45,0.95,0.013,0.007
3137,2022,02/25,12.582151239635419,Marechal Cândido Rondon,32.0,0.45,0.95,0.013,0.007
3138,2023,02/25,13.847253500683149,Marechal Cândido Rondon,32.0,0.45,0.95,0.013,0.007
3139,2024,02/25,14.042660954698762,Marechal Cândido Rondon,32.0,0.45,0.95,0.013,0.007
3140,2015,02/25,13.539153339375952,Matelândia,32.0,0.45,0.95,0.013,0.007
3141,2016,02/25,10.78622228273199,Matelândia,32.0,0.45,0.95,0.013,0.007
3142,2017,02/25,13.017865216631252,Matelândia,32.0,0.45,0.95,0.013,0.007
3143,2018,02/25,12.407446522331457,Matelândia,32.0,0.45,0.95,0.013,0.007
3144,2019,02/25,13.933879865362869,Matelândia,32.0,0.45,0.95,0.013,0.007
3145,2020,02/25,12.53771509731758,Matelândia,32.0,0.45,0.95,0.013,0.007
3146,2021,02/25,13.446142396725175,Matelândia,32.0,0.45,0.95,0.013,0.007
3147,2022,02/25,11.64355042149833,Matelândia,32.0,0.45,0.95,0.013,0.007
3148,2023,02/25,13.2843347258824,Matelândia,32.0,0.45,0.95,0.013,0.007
3149,2024,02/25,13.454900383741984,Matelândia,32.0,0.45,0.95,0.013,0.007
3150,2015,02/25,13.815993457016845,Medianeira,32.0,0.45,0.95,0.013,0.007
3151,2016,02/25,11.474062991558352,Medianeira,32.0,0.45,0.95,0.013,0.007
3152,2017,02/25,13.348030454944578,Medianeira,32.0,0.45,0.95,0.013,0.007
3153,2018,02/25,12.820813868716378,Medianeira,32.0,0.45,0.95,0.013,0.007
3154,2019,02/25,14.162770529077388,Medianeira,32.0,0.45,0.95,0.013,0.007
3155,2020,02/25,12.91460750258793,Medianeira,32.0,0.45,0.95,0.013,0.007
3156,2021,02/25,13.729706726005606,Medianeira,32.0,0.45,0.95,0.013,0.007
3157,2022,02/25,12.084851025066916,Medianeira,32.0,0.45,0.95,0.013,0.007
3158,2023,02/25,13.727613999688899,Medianeira,32.0,0.45,0.95,0.013,0.007
3159,2024,02/25,13.514719558176505,Medianeira,32.0,0.45,0.95,0.013,0.007
3160,2015,02/25,13.999581403386783,Santa Helena,32.0,0.45,0.95,0.013,0.007
3161,2016,02/25,12.031100435801713,Santa Helena,32.0,0.45,0.95,0.013,0.007
3162,2017,02/25,13.657162716870841,Santa Helena,32.0,0.45,0.95,0.013,0.007
3163,2018,02/25,13.366909166165078,Santa Helena,32.0,0.45,0.95,0.013,0.007
3164,2019,02/25,14.308284019812312,Santa Helena,32.0,0.45,0.95,0.013,0.007
3165,2020,02/25,13.471677248519725,Santa Helena,32.0,0.45,0.95,0.013,0.007
3166,2021,02/25,13.585098070224092,Santa Helena,32.0,0.45,0.95,0.013,0.007
3167,2022,02/25,12.59602410765801,Santa Helena,32.0,0.45,0.95,0.013,0.007
3168,2023,02/25,13.906553752547035,Santa Helena,32.0,0.45,0.95,0.013,0.007
3169,2024,02/25,13.79214013539108,Santa Helena,32.0,0.45,0.95,0.013,0.007
3170,2015,02/25,13.8164478028105,São Miguel do Iguaçu,32.0,0.45,0.95,0.013,0.007
3171,2016,02/25,11.474122084857141,São Miguel do Iguaçu,32.0,0.45,0.95,0.013,0.007
3172,2017,02/25,13.348144717189907,São Miguel do Iguaçu,32.0,0.45,0.95,0.013,0.007
3173,2018,02/25,12.820574493969467,São Miguel do Iguaçu,32.0,0.45,0.95,0.013,0.007
3174,2019,02/25,14.162888597422159,São Miguel do Iguaçu,32.0,0.45,0.95,0.013,0.007
3175,2020,02/25,12.915090529695773,São Miguel do Iguaçu,32.0,0.45,0.95,0.013,0.007
3176,2021,02/25,13.728447158589567,São Miguel do Iguaçu,32.0,0.45,0.95,0.013,0.007
3177,2022,02/25,12.085391251644191,São Miguel do Iguaçu,32.0,0.45,0.95,0.013,0.007
3178,2023,02/25,13.728013794925351,São Miguel do Iguaçu,32.0,0.45,0.95,0.013,0.007
3179,2024,02/25,13.514935213013352,São Miguel do Iguaçu,32.0,0.45,0.95,0.013,0.007
3180,2015,02/25,13.341710760508155,São Pedro do Iguaçu,32.0,0.45,0.95,0.013,0.007
3181,2016,02/25,10.496918439262535,São Pedro do Iguaçu,32.0,0.45,0.95,0.013,0.007
3182,2017,02/25,12.82028224997559,São Pedro do Iguaçu,32.0,0.45,0.95,0.013,0.007
3183,2018,02/25,12.411836606853353,São Pedro do Iguaçu,32.0,0.45,0.95,0.013,0.007
3184,2019,02/25,13.774196003999482,São Pedro do Iguaçu,32.0,0.45,0.95,0.013,0.007
3185,2020,02/25,12.520415531903728,São Pedro do Iguaçu,32.0,0.45,0.95,0.013,0.007
3186,2021,02/25,13.322297310277786,São Pedro do Iguaçu,32.0,0.45,0.95,0.013,0.007
3187,2022,02/25,11.345441549566592,São Pedro do Iguaçu,32.0,0.45,0.95,0.013,0.007
3188,2023,02/25,13.06338167577958,São Pedro do Iguaçu,32.0,0.45,0.95,0.013,0.007
3189,2024,02/25,13.403992764598556,São Pedro do Iguaçu,32.0,0.45,0.95,0.013,0.007
3190,2015,02/25,13.70184800122553,Toledo,32.0,0.45,0.95,0.013,0.007
3191,2016,02/25,11.140758632440187,Toledo,32.0,0.45,0.95,0.013,0.007
3192,2017,02/25,13.128168157283708,Toledo,32.0,0.45,0.95,0.013,0.007
3193,2018,02/25,13.0060191301293,Toledo,32.0,0.45,0.95,0.013,0.007
3194,2019,02/25,14.026823940508063,Toledo,32.0,0.45,0.95,0.013,0.007
3195,2020,02/25,13.356218635434844,Toledo,32.0,0.45,0.95,0.013,0.007
3196,2021,02/25,13.747966753164645,Toledo,32.0,0.45,0.95,0.013,0.007
3197,2022,02/25,11.861287695165252,Toledo,32.0,0.45,0.95,0.013,0.007
3198,2023,02/25,13.417180300008155,Toledo,32.0,0.45,0.95,0.013,0.007
3199,2024,02/25,13.88967759849928,Toledo,32.0,0.45,0.95,0.013,0.007
3200,2015,02/25,13.832444477639735,Cascavel,32.0,0.48,0.9,0.012,0.006
3201,2016,02/25,10.56564413160258,Cascavel,32.0,0.48,0.9,0.012,0.006
3202,2017,02/25,13.050677448410768,Cascavel,32.0,0.48,0.9,0.012,0.006
3203,2018,02/25,12.600191830697147,Cascavel,32.0,0.48,0.9,0.012,0.006
3204,2019,02/25,14.149006773977488,Cascavel,32.0,0.48,0.9,0.012,0.006
3205,2020,02/25,12.802060212289181,Cascavel,32.0,0.48,0.9,0.012,0.006
3206,2021,02/25,13.491216046988784,Cascavel,32.0,0.48,0.9,0.012,0.006
3207,2022,02/25,11.656414488239163,Cascavel,32.0,0.48,0.9,0.012,0.006
3208,2023,02/25,13.02206875435747,Cascavel,32.0,0.48,0.9,0.012,0.006
3209,2024,02/25,13.99049005447774,Cascavel,32.0,0.48,0.9,0.012,0.006
3210,2015,02/25,14.290797725775946,Foz do Iguaçu,32.0,0.48,0.9,0.012,0.006
3211,2016,02/25,11.863150649497072,Foz do Iguaçu,32.0,0.48,0.9,0.012,0.006
3212,2017,02/25,13.803354530895868,Foz do Iguaçu,32.0,0.48,0.9,0.012,0.006
3213,2018,02/25,13.251723139672512,Foz do Iguaçu,32.0,0.48,0.9,0.012,0.006
3214,2019,02/25,14.652161938498416,Foz do Iguaçu,32.0,0.48,0.9,0.012,0.006
3215,2020,02/25,13.367549507514902,Foz do Iguaçu,32.0,0.48,0.9,0.012,0.006
3216,2021,02/25,14.205069459689266,Foz do Iguaçu,32.0,0.48,0.9,0.012,0.006
3217,2022,02/25,12.495896325501308,Foz do Iguaçu,32.0,0.48,0.9,0.012,0.006
3218,2023,02/25,14.193961935513835,Foz do Iguaçu,32.0,0.48,0.9,0.012,0.006
3219,2024,02/25,13.985174052715397,Foz do Iguaçu,32.0,0.48,0.9,0.012,0.006
3220,2015,02/25,14.521943200029998,Guaíra,32.0,0.48,0.9,0.012,0.006
3221,2016,02/25,12.321236526441053,Guaíra,32.0,0.48,0.9,0.012,0.006
3222,2017,02/25,14.034868696753172,Guaíra,32.0,0.48,0.9,0.012,0.006
3223,2018,02/25,13.867995902865115,Guaíra,32.0,0.48,0.9,0.012,0.006
3224,2019,02/25,14.788212525262136,Guaíra,32.0,0.48,0.9,0.012,0.006
3225,2020,02/25,14.173616291822595,Guaíra,32.0,0.48,0.9,0.012,0.006
3226,2021,02/25,14.39097801038011,Guaíra,32.0,0.48,0.9,0.012,0.006
3227,2022,02/25,12.972925662037571,Guaíra,32.0,0.48,0.9,0.012,0.006
3228,2023,02/25,14.199994276565796,Guaíra,32.0,0.48,0.9,0.012,0.006
3229,2024,02/25,14.643266148690659,Guaíra,32.0,0.48,0.9,0.012,0.006
3230,2015,02/25,14.511837405234203,Marechal Cândido Rondon,32.0,0.48,0.9,0.012,0.006
3231,2016,02/25,12.428632452045845,Marechal Cândido Rondon,32.0,0.48,0.9,0.012,0.006
3232,2017,02/25,14.118992288913416,Marechal Cândido Rondon,32.0,0.48,0.9,0.012,0.006
3233,2018,02/25,13.978721817467834,Marechal Cândido Rondon,32.0,0.48,0.9,0.012,0.006
3234,2019,02/25,14.81705619503224,Marechal Cândido Rondon,32.0,0.48,0.9,0.012,0.006
3235,2020,02/25,14.133282945256862,Marechal Cândido Rondon,32.0,0.48,0.9,0.012,0.006
3236,2021,02/25,14.59150969268128,Marechal Cândido Rondon,32.0,0.48,0.9,0.012,0.006
3237,2022,02/25,13.009294954047203,Marechal Cândido Rondon,32.0,0.48,0.9,0.012,0.006
3238,2023,02/25,14.316348273775839,Marechal Cândido Rondon,32.0,0.48,0.9,0.012,0.006
3239,2024,02/25,14.52343300857132,Marechal Cândido Rondon,32.0,0.48,0.9,0.012,0.006
3240,2015,02/25,14.005167962073006,Matelândia,32.0,0.48,0.9,0.012,0.006
3241,2016,02/25,11.153248995522349,Matelândia,32.0,0.48,0.9,0.012,0.006
3242,2017,02/25,13.46458851126478,Matelândia,32.0,0.48,0.9,0.012,0.006
3243,2018,02/25,12.824990801836314,Matelândia,32.0,0.48,0.9,0.012,0.006
3244,2019,02/25,14.416061003524987,Matelândia,32.0,0.48,0.9,0.012,0.006
3245,2020,02/25,12.978722234099433,Matelândia,32.0,0.48,0.9,0.012,0.006
3246,2021,02/25,13.917151906998294,Matelândia,32.0,0.48,0.9,0.012,0.006
3247,2022,02/25,12.040012026651928,Matelândia,32.0,0.48,0.9,0.012,0.006
3248,2023,02/25,13.735420257529439,Matelândia,32.0,0.48,0.9,0.012,0.006
3249,2024,02/25,13.922775649482,Matelândia,32.0,0.48,0.9,0.012,0.006
3250,2015,02/25,14.290222352411385,Medianeira,32.0,0.48,0.9,0.012,0.006
3251,2016,02/25,11.863086336799874,Medianeira,32.0,0.48,0.9,0.012,0.006
3252,2017,02/25,13.803220477726342,Medianeira,32.0,0.48,0.9,0.012,0.006
3253,2018,02/25,13.252012693296397,Medianeira,32.0,0.48,0.9,0.012,0.006
3254,2019,02/25,14.652016978811758,Medianeira,32.0,0.48,0.9,0.012,0.006
3255,2020,02/25,13.366863373982694,Medianeira,32.0,0.48,0.9,0.012,0.006
3256,2021,02/25,14.20747693220019,Medianeira,32.0,0.48,0.9,0.012,0.006
3257,2022,02/25,12.495311336158874,Medianeira,32.0,0.48,0.9,0.012,0.006
3258,2023,02/25,14.19347105180109,Medianeira,32.0,0.48,0.9,0.012,0.006
3259,2024,02/25,13.98490910980144,Medianeira,32.0,0.48,0.9,0.012,0.006
3260,2015,02/25,14.479537930006916,Santa Helena,32.0,0.48,0.9,0.012,0.006
3261,2016,02/25,12.439110744209174,Santa Helena,32.0,0.48,0.9,0.012,0.006
3262,2017,02/25,14.122433258405525,Santa Helena,32.0,0.48,0.9,0.012,0.006
3263,2018,02/25,13.814284906064868,Santa Helena,32.0,0.48,0.9,0.012,0.006
3264,2019,02/25,14.799939138963124,Santa Helena,32.0,0.48,0.9,0.012,0.006
3265,2020,02/25,13.939829816376928,Santa Helena,32.0,0.48,0.9,0.012,0.006
3266,2021,02/25,14.202434331018758,Santa Helena,32.0,0.48,0.9,0.012,0.006
3267,2022,02/25,13.023239302569461,Santa Helena,32.0,0.48,0.9,0.012,0.006
3268,2023,02/25,14.378383961714702,Santa Helena,32.0,0.48,0.9,0.012,0.006
3269,2024,02/25,14.2683465608048,Santa Helena,32.0,0.48,0.9,0.012,0.006
3270,2015,02/25,14.290681578363191,São Miguel do Iguaçu,32.0,0.48,0.9,0.012,0.006
3271,2016,02/25,11.86313763660612,São Miguel do Iguaçu,32.0,0.48,0.9,0.012,0.006
3272,2017,02/25,13.803330733921689,São Miguel do Iguaçu,32.0,0.48,0.9,0.012,0.006
3273,2018,02/25,13.251791646091409,São Miguel do Iguaçu,32.0,0.48,0.9,0.012,0.006
3274,2019,02/25,14.65213440759606,São Miguel do Iguaçu,32.0,0.48,0.9,0.012,0.006
3275,2020,02/25,13.367382378570728,São Miguel do Iguaçu,32.0,0.48,0.9,0.012,0.006
3276,2021,02/25,14.204896591715285,São Miguel do Iguaçu,32.0,0.48,0.9,0.012,0.006
3277,2022,02/25,12.495868696684614,São Miguel do Iguaçu,32.0,0.48,0.9,0.012,0.006
3278,2023,02/25,14.19387351774564,São Miguel do Iguaçu,32.0,0.48,0.9,0.012,0.006
3279,2024,02/25,13.985126687711642,São Miguel do Iguaçu,32.0,0.48,0.9,0.012,0.006
3280,2015,02/25,13.802143750729103,São Pedro do Iguaçu,32.0,0.48,0.9,0.012,0.006
3281,2016,02/25,10.855019968799057,São Pedro do Iguaçu,32.0,0.48,0.9,0.012,0.006
3282,2017,02/25,13.262762051748025,São Pedro do Iguaçu,32.0,0.48,0.9,0.012,0.006
3283,2018,02/25,12.828888104954599,São Pedro do Iguaçu,32.0,0.48,0.9,0.012,0.006
3284,2019,02/25,14.249940016346125,São Pedro do Iguaçu,32.0,0.48,0.9,0.012,0.006
3285,2020,02/25,12.961465104790586,São Pedro do Iguaçu,32.0,0.48,0.9,0.012,0.006
3286,2021,02/25,13.784580279175048,São Pedro do Iguaçu,32.0,0.48,0.9,0.012,0.006
3287,2022,02/25,11.732762044785535,São Pedro do Iguaçu,32.0,0.48,0.9,0.012,0.006
3288,2023,02/25,13.507600225033885,São Pedro do Iguaçu,32.0,0.48,0.9,0.012,0.006
3289,2024,02/25,13.868430573254715,São Pedro do Iguaçu,32.0,0.48,0.9,0.012,0.006
3290,2015,02/25,14.172990888279502,Toledo,32.0,0.48,0.9,0.012,0.006
3291,2016,02/25,11.519453918854774,Toledo,32.0,0.48,0.9,0.012,0.006
3292,2017,02/25,13.578482320858836,Toledo,32.0,0.48,0.9,0.012,0.006
3293,2018,02/25,13.441975591283276,Toledo,32.0,0.48,0.9,0.012,0.006
3294,2019,02/25,14.508466363426185,Toledo,32.0,0.48,0.9,0.012,0.006
3295,2020,02/25,13.822662796960207,Toledo,32.0,0.48,0.9,0.012,0.006
3296,2021,02/25,14.225315553945528,Toledo,32.0,0.48,0.9,0.012,0.006
3297,2022,02/25,12.265664388656754,Toledo,32.0,0.48,0.9,0.012,0.006
3298,2023,02/25,13.872823254971204,Toledo,32.0,0.48,0.9,0.012,0.006
3299,2024,02/25,14.365878825523708,Toledo,32.0,0.48,0.9,0.012,0.006
3300,2015,02/25,13.832444477639735,Cascavel,32.0,0.48,0.9,0.012,0.007
3301,2016,02/25,10.56564413160258,Cascavel,32.0,0.48,0.9,0.012,0.007
3302,2017,02/25,13.050677448410768,Cascavel,32.0,0.48,0.9,0.012,0.007
3303,2018,02/25,12.600191830697147,Cascavel,32.0,0.48,0.9,0.012,0.007
3304,2019,02/25,14.149006773977488,Cascavel,32.0,0.48,0.9,0.012,0.007
3305,2020,02/25,12.802060212289181,Cascavel,32.0,0.48,0.9,0.012,0.007
3306,2021,02/25,13.491216046988784,Cascavel,32.0,0.48,0.9,0.012,0.007
3307,2022,02/25,11.656414488239163,Cascavel,32.0,0.48,0.9,0.012,0.007
3308,2023,02/25,13.02206875435747,Cascavel,32.0,0.48,0.9,0.012,0.007
3309,2024,02/25,13.99049005447774,Cascavel,32.0,0.48,0.9,0.012,0.007
3310,2015,02/25,14.290797725775946,Foz do Iguaçu,32.0,0.48,0.9,0.012,0.007
3311,2016,02/25,11.863150649497072,Foz do Iguaçu,32.0,0.48,0.9,0.012,0.007
3312,2017,02/25,13.803354530895868,Foz do Iguaçu,32.0,0.48,0.9,0.012,0.007
3313,2018,02/25,13.251723139672512,Foz do Iguaçu,32.0,0.48,0.9,0.012,0.007
3314,2019,02/25,14.652161938498416,Foz do Iguaçu,32.0,0.48,0.9,0.012,0.007
3315,2020,02/25,13.367549507514902,Foz do Iguaçu,32.0,0.48,0.9,0.012,0.007
3316,2021,02/25,14.205069459689266,Foz do Iguaçu,32.0,0.48,0.9,0.012,0.007
3317,2022,02/25,12.495896325501308,Foz do Iguaçu,32.0,0.48,0.9,0.012,0.007
3318,2023,02/25,14.193961935513835,Foz do Iguaçu,32.0,0.48,0.9,0.012,0.007
3319,2024,02/25,13.985174052715397,Foz do Iguaçu,32.0,0.48,0.9,0.012,0.007
3320,2015,02/25,14.521943200029998,Guaíra,32.0,0.48,0.9,0.012,0.007
3321,2016,02/25,12.321236526441053,Guaíra,32.0,0.48,0.9,0.012,0.007
3322,2017,02/25,14.034868696753172,Guaíra,32.0,0.48,0.9,0.012,0.007
3323,2018,02/25,13.867995902865115,Guaíra,32.0,0.48,0.9,0.012,0.007
3324,2019,02/25,14.788212525262136,Guaíra,32.0,0.48,0.9,0.012,0.007
3325,2020,02/25,14.173616291822595,Guaíra,32.0,0.48,0.9,0.012,0.007
3326,2021,02/25,14.39097801038011,Guaíra,32.0,0.48,0.9,0.012,0.007
3327,2022,02/25,12.972925662037571,Guaíra,32.0,0.48,0.9,0.012,0.007
3328,2023,02/25,14.199994276565796,Guaíra,32.0,0.48,0.9,0.012,0.007
3329,2024,02/25,14.643266148690659,Guaíra,32.0,0.48,0.9,0.012,0.007
3330,2015,02/25,14.511837405234203,Marechal Cândido Rondon,32.0,0.48,0.9,0.012,0.007
3331,2016,02/25,12.428632452045845,Marechal Cândido Rondon,32.0,0.48,0.9,0.012,0.007
3332,2017,02/25,14.118992288913416,Marechal Cândido Rondon,32.0,0.48,0.9,0.012,0.007
3333,2018,02/25,13.978721817467834,Marechal Cândido Rondon,32.0,0.48,0.9,0.012,0.007
3334,2019,02/25,14.81705619503224,Marechal Cândido Rondon,32.0,0.48,0.9,0.012,0.007
3335,2020,02/25,14.133282945256862,Marechal Cândido Rondon,32.0,0.48,0.9,0.012,0.007
3336,2021,02/25,14.59150969268128,Marechal Cândido Rondon,32.0,0.48,0.9,0.012,0.007
3337,2022,02/25,13.009294954047203,Marechal Cândido Rondon,32.0,0.48,0.9,0.012,0.007
3338,2023,02/25,14.316348273775839,Marechal Cândido Rondon,32.0,0.48,0.9,0.012,0.007
3339,2024,02/25,14.52343300857132,Marechal Cândido Rondon,32.0,0.48,0.9,0.012,0.007
3340,2015,02/25,14.005167962073006,Matelândia,32.0,0.48,0.9,0.012,0.007
3341,2016,02/25,11.153248995522349,Matelândia,32.0,0.48,0.9,0.012,0.007
3342,2017,02/25,13.46458851126478,Matelândia,32.0,0.48,0.9,0.012,0.007
3343,2018,02/25,12.824990801836314,Matelândia,32.0,0.48,0.9,0.012,0.007
3344,2019,02/25,14.416061003524987,Matelândia,32.0,0.48,0.9,0.012,0.007
3345,2020,02/25,12.978722234099433,Matelândia,32.0,0.48,0.9,0.012,0.007
3346,2021,02/25,13.917151906998294,Matelândia,32.0,0.48,0.9,0.012,0.007
3347,2022,02/25,12.040012026651928,Matelândia,32.0,0.48,0.9,0.012,0.007
3348,2023,02/25,13.735420257529439,Matelândia,32.0,0.48,0.9,0.012,0.007
3349,2024,02/25,13.922775649482,Matelândia,32.0,0.48,0.9,0.012,0.007
3350,2015,02/25,14.290222352411385,Medianeira,32.0,0.48,0.9,0.012,0.007
3351,2016,02/25,11.863086336799874,Medianeira,32.0,0.48,0.9,0.012,0.007
3352,2017,02/25,13.803220477726342,Medianeira,32.0,0.48,0.9,0.012,0.007
3353,2018,02/25,13.252012693296397,Medianeira,32.0,0.48,0.9,0.012,0.007
3354,2019,02/25,14.652016978811758,Medianeira,32.0,0.48,0.9,0.012,0.007
3355,2020,02/25,13.366863373982694,Medianeira,32.0,0.48,0.9,0.012,0.007
3356,2021,02/25,14.20747693220019,Medianeira,32.0,0.48,0.9,0.012,0.007
3357,2022,02/25,12.495311336158874,Medianeira,32.0,0.48,0.9,0.012,0.007
3358,2023,02/25,14.19347105180109,Medianeira,32.0,0.48,0.9,0.012,0.007
3359,2024,02/25,13.98490910980144,Medianeira,32.0,0.48,0.9,0.012,0.007
3360,2015,02/25,14.479537930006916,Santa Helena,32.0,0.48,0.9,0.012,0.007
3361,2016,02/25,12.439110744209174,Santa Helena,32.0,0.48,0.9,0.012,0.007
3362,2017,02/25,14.122433258405525,Santa Helena,32.0,0.48,0.9,0.012,0.007
3363,2018,02/25,13.814284906064868,Santa Helena,32.0,0.48,0.9,0.012,0.007
3364,2019,02/25,14.799939138963124,Santa Helena,32.0,0.48,0.9,0.012,0.007
3365,2020,02/25,13.939829816376928,Santa Helena,32.0,0.48,0.9,0.012,0.007
3366,2021,02/25,14.202434331018758,Santa Helena,32.0,0.48,0.9,0.012,0.007
3367,2022,02/25,13.023239302569461,Santa Helena,32.0,0.48,0.9,0.012,0.007
3368,2023,02/25,14.378383961714702,Santa Helena,32.0,0.48,0.9,0.012,0.007
3369,2024,02/25,14.2683465608048,Santa Helena,32.0,0.48,0.9,0.012,0.007
3370,2015,02/25,14.290681578363191,São Miguel do Iguaçu,32.0,0.48,0.9,0.012,0.007
3371,2016,02/25,11.86313763660612,São Miguel do Iguaçu,32.0,0.48,0.9,0.012,0.007
3372,2017,02/25,13.803330733921689,São Miguel do Iguaçu,32.0,0.48,0.9,0.012,0.007
3373,2018,02/25,13.251791646091409,São Miguel do Iguaçu,32.0,0.48,0.9,0.012,0.007
3374,2019,02/25,14.65213440759606,São Miguel do Iguaçu,32.0,0.48,0.9,0.012,0.007
3375,2020,02/25,13.367382378570728,São Miguel do Iguaçu,32.0,0.48,0.9,0.012,0.007
3376,2021,02/25,14.204896591715285,São Miguel do Iguaçu,32.0,0.48,0.9,0.012,0.007
3377,2022,02/25,12.495868696684614,São Miguel do Iguaçu,32.0,0.48,0.9,0.012,0.007
3378,2023,02/25,14.19387351774564,São Miguel do Iguaçu,32.0,0.48,0.9,0.012,0.007
3379,2024,02/25,13.985126687711642,São Miguel do Iguaçu,32.0,0.48,0.9,0.012,0.007
3380,2015,02/25,13.802143750729103,São Pedro do Iguaçu,32.0,0.48,0.9,0.012,0.007
3381,2016,02/25,10.855019968799057,São Pedro do Iguaçu,32.0,0.48,0.9,0.012,0.007
3382,2017,02/25,13.262762051748025,São Pedro do Iguaçu,32.0,0.48,0.9,0.012,0.007
3383,2018,02/25,12.828888104954599,São Pedro do Iguaçu,32.0,0.48,0.9,0.012,0.007
3384,2019,02/25,14.249940016346125,São Pedro do Iguaçu,32.0,0.48,0.9,0.012,0.007
3385,2020,02/25,12.961465104790586,São Pedro do Iguaçu,32.0,0.48,0.9,0.012,0.007
3386,2021,02/25,13.784580279175048,São Pedro do Iguaçu,32.0,0.48,0.9,0.012,0.007
3387,2022,02/25,11.732762044785535,São Pedro do Iguaçu,32.0,0.48,0.9,0.012,0.007
3388,2023,02/25,13.507600225033885,São Pedro do Iguaçu,32.0,0.48,0.9,0.012,0.007
3389,2024,02/25,13.868430573254715,São Pedro do Iguaçu,32.0,0.48,0.9,0.012,0.007
3390,2015,02/25,14.172990888279502,Toledo,32.0,0.48,0.9,0.012,0.007
3391,2016,02/25,11.519453918854774,Toledo,32.0,0.48,0.9,0.012,0.007
3392,2017,02/25,13.578482320858836,Toledo,32.0,0.48,0.9,0.012,0.007
3393,2018,02/25,13.441975591283276,Toledo,32.0,0.48,0.9,0.012,0.007
3394,2019,02/25,14.508466363426185,Toledo,32.0,0.48,0.9,0.012,0.007
3395,2020,02/25,13.822662796960207,Toledo,32.0,0.48,0.9,0.012,0.007
3396,2021,02/25,14.225315553945528,Toledo,32.0,0.48,0.9,0.012,0.007
3397,2022,02/25,12.265664388656754,Toledo,32.0,0.48,0.9,0.012,0.007
3398,2023,02/25,13.872823254971204,Toledo,32.0,0.48,0.9,0.012,0.007
3399,2024,02/25,14.365878825523708,Toledo,32.0,0.48,0.9,0.012,0.007
3400,2015,02/25,13.832444477639735,Cascavel,32.0,0.48,0.9,0.013,0.006
3401,2016,02/25,10.56564413160258,Cascavel,32.0,0.48,0.9,0.013,0.006
3402,2017,02/25,13.050677448410768,Cascavel,32.0,0.48,0.9,0.013,0.006
3403,2018,02/25,12.600191830697147,Cascavel,32.0,0.48,0.9,0.013,0.006
3404,2019,02/25,14.149006773977488,Cascavel,32.0,0.48,0.9,0.013,0.006
3405,2020,02/25,12.802060212289181,Cascavel,32.0,0.48,0.9,0.013,0.006
3406,2021,02/25,13.491216046988784,Cascavel,32.0,0.48,0.9,0.013,0.006
3407,2022,02/25,11.656414488239163,Cascavel,32.0,0.48,0.9,0.013,0.006
3408,2023,02/25,13.02206875435747,Cascavel,32.0,0.48,0.9,0.013,0.006
3409,2024,02/25,13.99049005447774,Cascavel,32.0,0.48,0.9,0.013,0.006
3410,2015,02/25,14.290797725775946,Foz do Iguaçu,32.0,0.48,0.9,0.013,0.006
3411,2016,02/25,11.863150649497072,Foz do Iguaçu,32.0,0.48,0.9,0.013,0.006
3412,2017,02/25,13.803354530895868,Foz do Iguaçu,32.0,0.48,0.9,0.013,0.006
3413,2018,02/25,13.251723139672512,Foz do Iguaçu,32.0,0.48,0.9,0.013,0.006
3414,2019,02/25,14.652161938498416,Foz do Iguaçu,32.0,0.48,0.9,0.013,0.006
3415,2020,02/25,13.367549507514902,Foz do Iguaçu,32.0,0.48,0.9,0.013,0.006
3416,2021,02/25,14.205069459689266,Foz do Iguaçu,32.0,0.48,0.9,0.013,0.006
3417,2022,02/25,12.495896325501308,Foz do Iguaçu,32.0,0.48,0.9,0.013,0.006
3418,2023,02/25,14.193961935513835,Foz do Iguaçu,32.0,0.48,0.9,0.013,0.006
3419,2024,02/25,13.985174052715397,Foz do Iguaçu,32.0,0.48,0.9,0.013,0.006
3420,2015,02/25,14.521943200029998,Guaíra,32.0,0.48,0.9,0.013,0.006
3421,2016,02/25,12.321236526441053,Guaíra,32.0,0.48,0.9,0.013,0.006
3422,2017,02/25,14.034868696753172,Guaíra,32.0,0.48,0.9,0.013,0.006
3423,2018,02/25,13.867995902865115,Guaíra,32.0,0.48,0.9,0.013,0.006
3424,2019,02/25,14.788212525262136,Guaíra,32.0,0.48,0.9,0.013,0.006
3425,2020,02/25,14.173616291822595,Guaíra,32.0,0.48,0.9,0.013,0.006
3426,2021,02/25,14.39097801038011,Guaíra,32.0,0.48,0.9,0.013,0.006
3427,2022,02/25,12.972925662037571,Guaíra,32.0,0.48,0.9,0.013,0.006
3428,2023,02/25,14.199994276565796,Guaíra,32.0,0.48,0.9,0.013,0.006
3429,2024,02/25,14.643266148690659,Guaíra,32.0,0.48,0.9,0.013,0.006
3430,2015,02/25,14.511837405234203,Marechal Cândido Rondon,32.0,0.48,0.9,0.013,0.006
3431,2016,02/25,12.428632452045845,Marechal Cândido Rondon,32.0,0.48,0.9,0.013,0.006
3432,2017,02/25,14.118992288913416,Marechal Cândido Rondon,32.0,0.48,0.9,0.013,0.006
3433,2018,02/25,13.978721817467834,Marechal Cândido Rondon,32.0,0.48,0.9,0.013,0.006
3434,2019,02/25,14.81705619503224,Marechal Cândido Rondon,32.0,0.48,0.9,0.013,0.006
3435,2020,02/25,14.133282945256862,Marechal Cândido Rondon,32.0,0.48,0.9,0.013,0.006
3436,2021,02/25,14.59150969268128,Marechal Cândido Rondon,32.0,0.48,0.9,0.013,0.006
3437,2022,02/25,13.009294954047203,Marechal Cândido Rondon,32.0,0.48,0.9,0.013,0.006
3438,2023,02/25,14.316348273775839,Marechal Cândido Rondon,32.0,0.48,0.9,0.013,0.006
3439,2024,02/25,14.52343300857132,Marechal Cândido Rondon,32.0,0.48,0.9,0.013,0.006
3440,2015,02/25,14.005167962073006,Matelândia,32.0,0.48,0.9,0.013,0.006
3441,2016,02/25,11.153248995522349,Matelândia,32.0,0.48,0.9,0.013,0.006
3442,2017,02/25,13.46458851126478,Matelândia,32.0,0.48,0.9,0.013,0.006
3443,2018,02/25,12.824990801836314,Matelândia,32.0,0.48,0.9,0.013,0.006
3444,2019,02/25,14.416061003524987,Matelândia,32.0,0.48,0.9,0.013,0.006
3445,2020,02/25,12.978722234099433,Matelândia,32.0,0.48,0.9,0.013,0.006
3446,2021,02/25,13.917151906998294,Matelândia,32.0,0.48,0.9,0.013,0.006
3447,2022,02/25,12.040012026651928,Matelândia,32.0,0.48,0.9,0.013,0.006
3448,2023,02/25,13.735420257529439,Matelândia,32.0,0.48,0.9,0.013,0.006
3449,2024,02/25,13.922775649482,Matelândia,32.0,0.48,0.9,0.013,0.006
3450,2015,02/25,14.290222352411385,Medianeira,32.0,0.48,0.9,0.013,0.006
3451,2016,02/25,11.863086336799874,Medianeira,32.0,0.48,0.9,0.013,0.006
3452,2017,02/25,13.803220477726342,Medianeira,32.0,0.48,0.9,0.013,0.006
3453,2018,02/25,13.252012693296397,Medianeira,32.0,0.48,0.9,0.013,0.006
3454,2019,02/25,14.652016978811758,Medianeira,32.0,0.48,0.9,0.013,0.006
3455,2020,02/25,13.366863373982694,Medianeira,32.0,0.48,0.9,0.013,0.006
3456,2021,02/25,14.20747693220019,Medianeira,32.0,0.48,0.9,0.013,0.006
3457,2022,02/25,12.495311336158874,Medianeira,32.0,0.48,0.9,0.013,0.006
3458,2023,02/25,14.19347105180109,Medianeira,32.0,0.48,0.9,0.013,0.006
3459,2024,02/25,13.98490910980144,Medianeira,32.0,0.48,0.9,0.013,0.006
3460,2015,02/25,14.479537930006916,Santa Helena,32.0,0.48,0.9,0.013,0.006
3461,2016,02/25,12.439110744209174,Santa Helena,32.0,0.48,0.9,0.013,0.006
3462,2017,02/25,14.122433258405525,Santa Helena,32.0,0.48,0.9,0.013,0.006
3463,2018,02/25,13.814284906064868,Santa Helena,32.0,0.48,0.9,0.013,0.006
3464,2019,02/25,14.799939138963124,Santa Helena,32.0,0.48,0.9,0.013,0.006
3465,2020,02/25,13.939829816376928,Santa Helena,32.0,0.48,0.9,0.013,0.006
3466,2021,02/25,14.202434331018758,Santa Helena,32.0,0.48,0.9,0.013,0.006
3467,2022,02/25,13.023239302569461,Santa Helena,32.0,0.48,0.9,0.013,0.006
3468,2023,02/25,14.378383961714702,Santa Helena,32.0,0.48,0.9,0.013,0.006
3469,2024,02/25,14.2683465608048,Santa Helena,32.0,0.48,0.9,0.013,0.006
3470,2015,02/25,14.290681578363191,São Miguel do Iguaçu,32.0,0.48,0.9,0.013,0.006
3471,2016,02/25,11.86313763660612,São Miguel do Iguaçu,32.0,0.48,0.9,0.013,0.006
3472,2017,02/25,13.803330733921689,São Miguel do Iguaçu,32.0,0.48,0.9,0.013,0.006
3473,2018,02/25,13.251791646091409,São Miguel do Iguaçu,32.0,0.48,0.9,0.013,0.006
3474,2019,02/25,14.65213440759606,São Miguel do Iguaçu,32.0,0.48,0.9,0.013,0.006
3475,2020,02/25,13.367382378570728,São Miguel do Iguaçu,32.0,0.48,0.9,0.013,0.006
3476,2021,02/25,14.204896591715285,São Miguel do Iguaçu,32.0,0.48,0.9,0.013,0.006
3477,2022,02/25,12.495868696684614,São Miguel do Iguaçu,32.0,0.48,0.9,0.013,0.006
3478,2023,02/25,14.19387351774564,São Miguel do Iguaçu,32.0,0.48,0.9,0.013,0.006
3479,2024,02/25,13.985126687711642,São Miguel do Iguaçu,32.0,0.48,0.9,0.013,0.006
3480,2015,02/25,13.802143750729103,São Pedro do Iguaçu,32.0,0.48,0.9,0.013,0.006
3481,2016,02/25,10.855019968799057,São Pedro do Iguaçu,32.0,0.48,0.9,0.013,0.006
3482,2017,02/25,13.262762051748025,São Pedro do Iguaçu,32.0,0.48,0.9,0.013,0.006
3483,2018,02/25,12.828888104954599,São Pedro do Iguaçu,32.0,0.48,0.9,0.013,0.006
3484,2019,02/25,14.249940016346125,São Pedro do Iguaçu,32.0,0.48,0.9,0.013,0.006
3485,2020,02/25,12.961465104790586,São Pedro do Iguaçu,32.0,0.48,0.9,0.013,0.006
3486,2021,02/25,13.784580279175048,São Pedro do Iguaçu,32.0,0.48,0.9,0.013,0.006
3487,2022,02/25,11.732762044785535,São Pedro do Iguaçu,32.0,0.48,0.9,0.013,0.006
3488,2023,02/25,13.507600225033885,São Pedro do Iguaçu,32.0,0.48,0.9,0.013,0.006
3489,2024,02/25,13.868430573254715,São Pedro do Iguaçu,32.0,0.48,0.9,0.013,0.006
3490,2015,02/25,14.172990888279502,Toledo,32.0,0.48,0.9,0.013,0.006
3491,2016,02/25,11.519453918854774,Toledo,32.0,0.48,0.9,0.013,0.006
3492,2017,02/25,13.578482320858836,Toledo,32.0,0.48,0.9,0.013,0.006
3493,2018,02/25,13.441975591283276,Toledo,32.0,0.48,0.9,0.013,0.006
3494,2019,02/25,14.508466363426185,Toledo,32.0,0.48,0.9,0.013,0.006
3495,2020,02/25,13.822662796960207,Toledo,32.0,0.48,0.9,0.013,0.006
3496,2021,02/25,14.225315553945528,Toledo,32.0,0.48,0.9,0.013,0.006
3497,2022,02/25,12.265664388656754,Toledo,32.0,0.48,0.9,0.013,0.006
3498,2023,02/25,13.872823254971204,Toledo,32.0,0.48,0.9,0.013,0.006
3499,2024,02/25,14.365878825523708,Toledo,32.0,0.48,0.9,0.013,0.006
3500,2015,02/25,13.832444477639735,Cascavel,32.0,0.48,0.9,0.013,0.007
3501,2016,02/25,10.56564413160258,Cascavel,32.0,0.48,0.9,0.013,0.007
3502,2017,02/25,13.050677448410768,Cascavel,32.0,0.48,0.9,0.013,0.007
3503,2018,02/25,12.600191830697147,Cascavel,32.0,0.48,0.9,0.013,0.007
3504,2019,02/25,14.149006773977488,Cascavel,32.0,0.48,0.9,0.013,0.007
3505,2020,02/25,12.802060212289181,Cascavel,32.0,0.48,0.9,0.013,0.007
3506,2021,02/25,13.491216046988784,Cascavel,32.0,0.48,0.9,0.013,0.007
3507,2022,02/25,11.656414488239163,Cascavel,32.0,0.48,0.9,0.013,0.007
3508,2023,02/25,13.02206875435747,Cascavel,32.0,0.48,0.9,0.013,0.007
3509,2024,02/25,13.99049005447774,Cascavel,32.0,0.48,0.9,0.013,0.007
3510,2015,02/25,14.290797725775946,Foz do Iguaçu,32.0,0.48,0.9,0.013,0.007
3511,2016,02/25,11.863150649497072,Foz do Iguaçu,32.0,0.48,0.9,0.013,0.007
3512,2017,02/25,13.803354530895868,Foz do Iguaçu,32.0,0.48,0.9,0.013,0.007
3513,2018,02/25,13.251723139672512,Foz do Iguaçu,32.0,0.48,0.9,0.013,0.007
3514,2019,02/25,14.652161938498416,Foz do Iguaçu,32.0,0.48,0.9,0.013,0.007
3515,2020,02/25,13.367549507514902,Foz do Iguaçu,32.0,0.48,0.9,0.013,0.007
3516,2021,02/25,14.205069459689266,Foz do Iguaçu,32.0,0.48,0.9,0.013,0.007
3517,2022,02/25,12.495896325501308,Foz do Iguaçu,32.0,0.48,0.9,0.013,0.007
3518,2023,02/25,14.193961935513835,Foz do Iguaçu,32.0,0.48,0.9,0.013,0.007
3519,2024,02/25,13.985174052715397,Foz do Iguaçu,32.0,0.48,0.9,0.013,0.007
3520,2015,02/25,14.521943200029998,Guaíra,32.0,0.48,0.9,0.013,0.007
3521,2016,02/25,12.321236526441053,Guaíra,32.0,0.48,0.9,0.013,0.007
3522,2017,02/25,14.034868696753172,Guaíra,32.0,0.48,0.9,0.013,0.007
3523,2018,02/25,13.867995902865115,Guaíra,32.0,0.48,0.9,0.013,0.007
3524,2019,02/25,14.788212525262136,Guaíra,32.0,0.48,0.9,0.013,0.007
3525,2020,02/25,14.173616291822595,Guaíra,32.0,0.48,0.9,0.013,0.007
3526,2021,02/25,14.39097801038011,Guaíra,32.0,0.48,0.9,0.013,0.007
3527,2022,02/25,12.972925662037571,Guaíra,32.0,0.48,0.9,0.013,0.007
3528,2023,02/25,14.199994276565796,Guaíra,32.0,0.48,0.9,0.013,0.007
3529,2024,02/25,14.643266148690659,Guaíra,32.0,0.48,0.9,0.013,0.007
3530,2015,02/25,14.511837405234203,Marechal Cândido Rondon,32.0,0.48,0.9,0.013,0.007
3531,2016,02/25,12.428632452045845,Marechal Cândido Rondon,32.0,0.48,0.9,0.013,0.007
3532,2017,02/25,14.118992288913416,Marechal Cândido Rondon,32.0,0.48,0.9,0.013,0.007
3533,2018,02/25,13.978721817467834,Marechal Cândido Rondon,32.0,0.48,0.9,0.013,0.007
3534,2019,02/25,14.81705619503224,Marechal Cândido Rondon,32.0,0.48,0.9,0.013,0.007
3535,2020,02/25,14.133282945256862,Marechal Cândido Rondon,32.0,0.48,0.9,0.013,0.007
3536,2021,02/25,14.59150969268128,Marechal Cândido Rondon,32.0,0.48,0.9,0.013,0.007
3537,2022,02/25,13.009294954047203,Marechal Cândido Rondon,32.0,0.48,0.9,0.013,0.007
3538,2023,02/25,14.316348273775839,Marechal Cândido Rondon,32.0,0.48,0.9,0.013,0.007
3539,2024,02/25,14.52343300857132,Marechal Cândido Rondon,32.0,0.48,0.9,0.013,0.007
3540,2015,02/25,14.005167962073006,Matelândia,32.0,0.48,0.9,0.013,0.007
3541,2016,02/25,11.153248995522349,Matelândia,32.0,0.48,0.9,0.013,0.007
3542,2017,02/25,13.46458851126478,Matelândia,32.0,0.48,0.9,0.013,0.007
3543,2018,02/25,12.824990801836314,Matelândia,32.0,0.48,0.9,0.013,0.007
3544,2019,02/25,14.416061003524987,Matelândia,32.0,0.48,0.9,0.013,0.007
3545,2020,02/25,12.978722234099433,Matelândia,32.0,0.48,0.9,0.013,0.007
3546,2021,02/25,13.917151906998294,Matelândia,32.0,0.48,0.9,0.013,0.007
3547,2022,02/25,12.040012026651928,Matelândia,32.0,0.48,0.9,0.013,0.007
3548,2023,02/25,13.735420257529439,Matelândia,32.0,0.48,0.9,0.013,0.007
3549,2024,02/25,13.922775649482,Matelândia,32.0,0.48,0.9,0.013,0.007
3550,2015,02/25,14.290222352411385,Medianeira,32.0,0.48,0.9,0.013,0.007
3551,2016,02/25,11.863086336799874,Medianeira,32.0,0.48,0.9,0.013,0.007
3552,2017,02/25,13.803220477726342,Medianeira,32.0,0.48,0.9,0.013,0.007
3553,2018,02/25,13.252012693296397,Medianeira,32.0,0.48,0.9,0.013,0.007
3554,2019,02/25,14.652016978811758,Medianeira,32.0,0.48,0.9,0.013,0.007
3555,2020,02/25,13.366863373982694,Medianeira,32.0,0.48,0.9,0.013,0.007
3556,2021,02/25,14.20747693220019,Medianeira,32.0,0.48,0.9,0.013,0.007
3557,2022,02/25,12.495311336158874,Medianeira,32.0,0.48,0.9,0.013,0.007
3558,2023,02/25,14.19347105180109,Medianeira,32.0,0.48,0.9,0.013,0.007
3559,2024,02/25,13.98490910980144,Medianeira,32.0,0.48,0.9,0.013,0.007
3560,2015,02/25,14.479537930006916,Santa Helena,32.0,0.48,0.9,0.013,0.007
3561,2016,02/25,12.439110744209174,Santa Helena,32.0,0.48,0.9,0.013,0.007
3562,2017,02/25,14.122433258405525,Santa Helena,32.0,0.48,0.9,0.013,0.007
3563,2018,02/25,13.814284906064868,Santa Helena,32.0,0.48,0.9,0.013,0.007
3564,2019,02/25,14.799939138963124,Santa Helena,32.0,0.48,0.9,0.013,0.007
3565,2020,02/25,13.939829816376928,Santa Helena,32.0,0.48,0.9,0.013,0.007
3566,2021,02/25,14.202434331018758,Santa Helena,32.0,0.48,0.9,0.013,0.007
3567,2022,02/25,13.023239302569461,Santa Helena,32.0,0.48,0.9,0.013,0.007
3568,2023,02/25,14.378383961714702,Santa Helena,32.0,0.48,0.9,0.013,0.007
3569,2024,02/25,14.2683465608048,Santa Helena,32.0,0.48,0.9,0.013,0.007
3570,2015,02/25,14.290681578363191,São Miguel do Iguaçu,32.0,0.48,0.9,0.013,0.007
3571,2016,02/25,11.86313763660612,São Miguel do Iguaçu,32.0,0.48,0.9,0.013,0.007
3572,2017,02/25,13.803330733921689,São Miguel do Iguaçu,32.0,0.48,0.9,0.013,0.007
3573,2018,02/25,13.251791646091409,São Miguel do Iguaçu,32.0,0.48,0.9,0.013,0.007
3574,2019,02/25,14.65213440759606,São Miguel do Iguaçu,32.0,0.48,0.9,0.013,0.007
3575,2020,02/25,13.367382378570728,São Miguel do Iguaçu,32.0,0.48,0.9,0.013,0.007
3576,2021,02/25,14.204896591715285,São Miguel do Iguaçu,32.0,0.48,0.9,0.013,0.007
3577,2022,02/25,12.495868696684614,São Miguel do Iguaçu,32.0,0.48,0.9,0.013,0.007
3578,2023,02/25,14.19387351774564,São Miguel do Iguaçu,32.0,0.48,0.9,0.013,0.007
3579,2024,02/25,13.985126687711642,São Miguel do Iguaçu,32.0,0.48,0.9,0.013,0.007
3580,2015,02/25,13.802143750729103,São Pedro do Iguaçu,32.0,0.48,0.9,0.013,0.007
3581,2016,02/25,10.855019968799057,São Pedro do Iguaçu,32.0,0.48,0.9,0.013,0.007
3582,2017,02/25,13.262762051748025,São Pedro do Iguaçu,32.0,0.48,0.9,0.013,0.007
3583,2018,02/25,12.828888104954599,São Pedro do Iguaçu,32.0,0.48,0.9,0.013,0.007
3584,2019,02/25,14.249940016346125,São Pedro do Iguaçu,32.0,0.48,0.9,0.013,0.007
3585,2020,02/25,12.961465104790586,São Pedro do Iguaçu,32.0,0.48,0.9,0.013,0.007
3586,2021,02/25,13.784580279175048,São Pedro do Iguaçu,32.0,0.48,0.9,0.013,0.007
3587,2022,02/25,11.732762044785535,São Pedro do Iguaçu,32.0,0.48,0.9,0.013,0.007
3588,2023,02/25,13.507600225033885,São Pedro do Iguaçu,32.0,0.48,0.9,0.013,0.007
3589,2024,02/25,13.868430573254715,São Pedro do Iguaçu,32.0,0.48,0.9,0.013,0.007
3590,2015,02/25,14.172990888279502,Toledo,32.0,0.48,0.9,0.013,0.007
3591,2016,02/25,11.519453918854774,Toledo,32.0,0.48,0.9,0.013,0.007
3592,2017,02/25,13.578482320858836,Toledo,32.0,0.48,0.9,0.013,0.007
3593,2018,02/25,13.441975591283276,Toledo,32.0,0.48,0.9,0.013,0.007
3594,2019,02/25,14.508466363426185,Toledo,32.0,0.48,0.9,0.013,0.007
3595,2020,02/25,13.822662796960207,Toledo,32.0,0.48,0.9,0.013,0.007
3596,2021,02/25,14.225315553945528,Toledo,32.0,0.48,0.9,0.013,0.007
3597,2022,02/25,12.265664388656754,Toledo,32.0,0.48,0.9,0.013,0.007
3598,2023,02/25,13.872823254971204,Toledo,32.0,0.48,0.9,0.013,0.007
3599,2024,02/25,14.365878825523708,Toledo,32.0,0.48,0.9,0.013,0.007
3600,2015,02/25,14.261505116393288,Cascavel,32.0,0.48,0.95,0.012,0.006
3601,2016,02/25,10.89699391607069,Cascavel,32.0,0.48,0.95,0.012,0.006
3602,2017,02/25,13.454636014104551,Cascavel,32.0,0.48,0.95,0.012,0.006
3603,2018,02/25,13.002201226628568,Cascavel,32.0,0.48,0.95,0.012,0.006
3604,2019,02/25,14.589382913361996,Cascavel,32.0,0.48,0.95,0.012,0.006
3605,2020,02/25,13.190073457215165,Cascavel,32.0,0.48,0.95,0.012,0.006
3606,2021,02/25,13.901484656487803,Cascavel,32.0,0.48,0.95,0.012,0.006
3607,2022,02/25,12.021650138196645,Cascavel,32.0,0.48,0.95,0.012,0.006
3608,2023,02/25,13.431883011947413,Cascavel,32.0,0.48,0.95,0.012,0.006
3609,2024,02/25,14.423757928218626,Cascavel,32.0,0.48,0.95,0.012,0.006
3610,2015,02/25,14.737665014269298,Foz do Iguaçu,32.0,0.48,0.95,0.012,0.006
3611,2016,02/25,12.2390784336581,Foz do Iguaçu,32.0,0.48,0.95,0.012,0.006
3612,2017,02/25,14.238040584421881,Foz do Iguaçu,32.0,0.48,0.95,0.012,0.006
3613,2018,02/25,13.675212294065545,Foz do Iguaçu,32.0,0.48,0.95,0.012,0.006
3614,2019,02/25,15.107109822231074,Foz do Iguaçu,32.0,0.48,0.95,0.012,0.006
3615,2020,02/25,13.776273157529813,Foz do Iguaçu,32.0,0.48,0.95,0.012,0.006
3616,2021,02/25,14.643410365044565,Foz do Iguaçu,32.0,0.48,0.95,0.012,0.006
3617,2022,02/25,12.891112570554615,Foz do Iguaçu,32.0,0.48,0.95,0.012,0.006
3618,2023,02/25,14.643306595714645,Foz do Iguaçu,32.0,0.48,0.95,0.012,0.006
3619,2024,02/25,14.41597495442693,Foz do Iguaçu,32.0,0.48,0.95,0.012,0.006
3620,2015,02/25,14.97710433396034,Guaíra,32.0,0.48,0.95,0.012,0.006
3621,2016,02/25,12.711884563541144,Guaíra,32.0,0.48,0.95,0.012,0.006
3622,2017,02/25,14.477091819571829,Guaíra,32.0,0.48,0.95,0.012,0.006
3623,2018,02/25,14.312839463332567,Guaíra,32.0,0.48,0.95,0.012,0.006
3624,2019,02/25,15.252361677267531,Guaíra,32.0,0.48,0.95,0.012,0.006
3625,2020,02/25,14.612528554788337,Guaíra,32.0,0.48,0.95,0.012,0.006
3626,2021,02/25,14.83518955375095,Guaíra,32.0,0.48,0.95,0.012,0.006
3627,2022,02/25,13.383543799393053,Guaíra,32.0,0.48,0.95,0.012,0.006
3628,2023,02/25,14.650163461544748,Guaíra,32.0,0.48,0.95,0.012,0.006
3629,2024,02/25,15.104300569434363,Guaíra,32.0,0.48,0.95,0.012,0.006
3630,2015,02/25,14.966613527334085,Marechal Cândido Rondon,32.0,0.48,0.95,0.012,0.006
3631,2016,02/25,12.822996848538393,Marechal Cândido Rondon,32.0,0.48,0.95,0.012,0.006
3632,2017,02/25,14.56396678928913,Marechal Cândido Rondon,32.0,0.48,0.95,0.012,0.006
3633,2018,02/25,14.428836171310016,Marechal Cândido Rondon,32.0,0.48,0.95,0.012,0.006
3634,2019,02/25,15.281717821511624,Marechal Cândido Rondon,32.0,0.48,0.95,0.012,0.006
3635,2020,02/25,14.571078242690133,Marechal Cândido Rondon,32.0,0.48,0.95,0.012,0.006
3636,2021,02/25,15.04076175727429,Marechal Cândido Rondon,32.0,0.48,0.95,0.012,0.006
3637,2022,02/25,13.42096132227778,Marechal Cândido Rondon,32.0,0.48,0.95,0.012,0.006
3638,2023,02/25,14.770403734062025,Marechal Cândido Rondon,32.0,0.48,0.95,0.012,0.006
3639,2024,02/25,14.978838351678679,Marechal Cândido Rondon,32.0,0.48,0.95,0.012,0.006
3640,2015,02/25,14.441763562001015,Matelândia,32.0,0.48,0.95,0.012,0.006
3641,2016,02/25,11.505303768247455,Matelândia,32.0,0.48,0.95,0.012,0.006
3642,2017,02/25,13.885722897740003,Matelândia,32.0,0.48,0.95,0.012,0.006
3643,2018,02/25,13.234609623820221,Matelândia,32.0,0.48,0.95,0.012,0.006
3644,2019,02/25,14.862805189720394,Matelândia,32.0,0.48,0.95,0.012,0.006
3645,2020,02/25,13.373562770472084,Matelândia,32.0,0.48,0.95,0.012,0.006
3646,2021,02/25,14.342551889840186,Matelândia,32.0,0.48,0.95,0.012,0.006
3647,2022,02/25,12.419787116264887,Matelândia,32.0,0.48,0.95,0.012,0.006
3648,2023,02/25,14.169957040941227,Matelândia,32.0,0.48,0.95,0.012,0.006
3649,2024,02/25,14.351893742658117,Matelândia,32.0,0.48,0.95,0.012,0.006
3650,2015,02/25,14.737059687484637,Medianeira,32.0,0.48,0.95,0.012,0.006
3651,2016,02/25,12.239000524328908,Medianeira,32.0,0.48,0.95,0.012,0.006
3652,2017,02/25,14.237899151940885,Medianeira,32.0,0.48,0.95,0.012,0.006
3653,2018,02/25,13.67553479329747,Medianeira,32.0,0.48,0.95,0.012,0.006
3654,2019,02/25,15.106955231015881,Medianeira,32.0,0.48,0.95,0.012,0.006
3655,2020,02/25,13.77558133609379,Medianeira,32.0,0.48,0.95,0.012,0.006
3656,2021,02/25,14.645020507739313,Medianeira,32.0,0.48,0.95,0.012,0.006
3657,2022,02/25,12.890507760071378,Medianeira,32.0,0.48,0.95,0.012,0.006
3658,2023,02/25,14.642788266334826,Medianeira,32.0,0.48,0.95,0.012,0.006
3659,2024,02/25,14.415700862054939,Medianeira,32.0,0.48,0.95,0.012,0.006
3660,2015,02/25,14.932886830279237,Santa Helena,32.0,0.48,0.95,0.012,0.006
3661,2016,02/25,12.833173798188493,Santa Helena,32.0,0.48,0.95,0.012,0.006
3662,2017,02/25,14.567640231328896,Santa Helena,32.0,0.48,0.95,0.012,0.006
3663,2018,02/25,14.258036443909415,Santa Helena,32.0,0.48,0.95,0.012,0.006
3664,2019,02/25,15.262169621133134,Santa Helena,32.0,0.48,0.95,0.012,0.006
3665,2020,02/25,14.369789065087705,Santa Helena,32.0,0.48,0.95,0.012,0.006
3666,2021,02/25,14.490771274905697,Santa Helena,32.0,0.48,0.95,0.012,0.006
3667,2022,02/25,13.435759048168546,Santa Helena,32.0,0.48,0.95,0.012,0.006
3668,2023,02/25,14.83365733605017,Santa Helena,32.0,0.48,0.95,0.012,0.006
3669,2024,02/25,14.711616144417153,Santa Helena,32.0,0.48,0.95,0.012,0.006
3670,2015,02/25,14.737544322997866,São Miguel do Iguaçu,32.0,0.48,0.95,0.012,0.006
3671,2016,02/25,12.23906355718095,São Miguel do Iguaçu,32.0,0.48,0.95,0.012,0.006
3672,2017,02/25,14.238021031669232,São Miguel do Iguaçu,32.0,0.48,0.95,0.012,0.006
3673,2018,02/25,13.675279460234096,São Miguel do Iguaçu,32.0,0.48,0.95,0.012,0.006
3674,2019,02/25,15.107081170583637,São Miguel do Iguaçu,32.0,0.48,0.95,0.012,0.006
3675,2020,02/25,13.776096565008823,São Miguel do Iguaçu,32.0,0.48,0.95,0.012,0.006
3676,2021,02/25,14.643676969162204,São Miguel do Iguaçu,32.0,0.48,0.95,0.012,0.006
3677,2022,02/25,12.891084001753804,São Miguel do Iguaçu,32.0,0.48,0.95,0.012,0.006
3678,2023,02/25,14.643214714587042,São Miguel do Iguaçu,32.0,0.48,0.95,0.012,0.006
3679,2024,02/25,14.41593089388091,São Miguel do Iguaçu,32.0,0.48,0.95,0.012,0.006
3680,2015,02/25,14.231158144542032,São Pedro do Iguaçu,32.0,0.48,0.95,0.012,0.006
3681,2016,02/25,11.19671300188004,São Pedro do Iguaçu,32.0,0.48,0.95,0.012,0.006
3682,2017,02/25,13.674967733307295,São Pedro do Iguaçu,32.0,0.48,0.95,0.012,0.006
3683,2018,02/25,13.239292380643576,São Pedro do Iguaçu,32.0,0.48,0.95,0.012,0.006
3684,2019,02/25,14.692475737599446,São Pedro do Iguaçu,32.0,0.48,0.95,0.012,0.006
3685,2020,02/25,13.35510990069731,São Pedro do Iguaçu,32.0,0.48,0.95,0.012,0.006
3686,2021,02/25,14.210450464296304,São Pedro do Iguaçu,32.0,0.48,0.95,0.012,0.006
3687,2022,02/25,12.101804319537699,São Pedro do Iguaçu,32.0,0.48,0.95,0.012,0.006
3688,2023,02/25,13.934273787498219,São Pedro do Iguaçu,32.0,0.48,0.95,0.012,0.006
3689,2024,02/25,14.29759228223846,São Pedro do Iguaçu,32.0,0.48,0.95,0.012,0.006
3690,2015,02/25,14.615304534640565,Toledo,32.0,0.48,0.95,0.012,0.006
3691,2016,02/25,11.883475874602865,Toledo,32.0,0.48,0.95,0.012,0.006
3692,2017,02/25,14.00337936776929,Toledo,32.0,0.48,0.95,0.012,0.006
3693,2018,02/25,13.87308707213792,Toledo,32.0,0.48,0.95,0.012,0.006
3694,2019,02/25,14.961945536541934,Toledo,32.0,0.48,0.95,0.012,0.006
3695,2020,02/25,14.2466332111305,Toledo,32.0,0.48,0.95,0.012,0.006
3696,2021,02/25,14.664497870042286,Toledo,32.0,0.48,0.95,0.012,0.006
3697,2022,02/25,12.65204020817627,Toledo,32.0,0.48,0.95,0.012,0.006
3698,2023,02/25,14.311658986675367,Toledo,32.0,0.48,0.95,0.012,0.006
3699,2024,02/25,14.815656105065898,Toledo,32.0,0.48,0.95,0.012,0.006
3700,2015,02/25,14.261505116393288,Cascavel,32.0,0.48,0.95,0.012,0.007
3701,2016,02/25,10.89699391607069,Cascavel,32.0,0.48,0.95,0.012,0.007
3702,2017,02/25,13.454636014104551,Cascavel,32.0,0.48,0.95,0.012,0.007
3703,2018,02/25,13.002201226628568,Cascavel,32.0,0.48,0.95,0.012,0.007
3704,2019,02/25,14.589382913361996,Cascavel,32.0,0.48,0.95,0.012,0.007
3705,2020,02/25,13.190073457215165,Cascavel,32.0,0.48,0.95,0.012,0.007
3706,2021,02/25,13.901484656487803,Cascavel,32.0,0.48,0.95,0.012,0.007
3707,2022,02/25,12.021650138196645,Cascavel,32.0,0.48,0.95,0.012,0.007
3708,2023,02/25,13.431883011947413,Cascavel,32.0,0.48,0.95,0.012,0.007
3709,2024,02/25,14.423757928218626,Cascavel,32.0,0.48,0.95,0.012,0.007
3710,2015,02/25,14.737665014269298,Foz do Iguaçu,32.0,0.48,0.95,0.012,0.007
3711,2016,02/25,12.2390784336581,Foz do Iguaçu,32.0,0.48,0.95,0.012,0.007
3712,2017,02/25,14.238040584421881,Foz do Iguaçu,32.0,0.48,0.95,0.012,0.007
3713,2018,02/25,13.675212294065545,Foz do Iguaçu,32.0,0.48,0.95,0.012,0.007
3714,2019,02/25,15.107109822231074,Foz do Iguaçu,32.0,0.48,0.95,0.012,0.007
3715,2020,02/25,13.776273157529813,Foz do Iguaçu,32.0,0.48,0.95,0.012,0.007
3716,2021,02/25,14.643410365044565,Foz do Iguaçu,32.0,0.48,0.95,0.012,0.007
3717,2022,02/25,12.891112570554615,Foz do Iguaçu,32.0,0.48,0.95,0.012,0.007
3718,2023,02/25,14.643306595714645,Foz do Iguaçu,32.0,0.48,0.95,0.012,0.007
3719,2024,02/25,14.41597495442693,Foz do Iguaçu,32.0,0.48,0.95,0.012,0.007
3720,2015,02/25,14.97710433396034,Guaíra,32.0,0.48,0.95,0.012,0.007
3721,2016,02/25,12.711884563541144,Guaíra,32.0,0.48,0.95,0.012,0.007
3722,2017,02/25,14.477091819571829,Guaíra,32.0,0.48,0.95,0.012,0.007
3723,2018,02/25,14.312839463332567,Guaíra,32.0,0.48,0.95,0.012,0.007
3724,2019,02/25,15.252361677267531,Guaíra,32.0,0.48,0.95,0.012,0.007
3725,2020,02/25,14.612528554788337,Guaíra,32.0,0.48,0.95,0.012,0.007
3726,2021,02/25,14.83518955375095,Guaíra,32.0,0.48,0.95,0.012,0.007
3727,2022,02/25,13.383543799393053,Guaíra,32.0,0.48,0.95,0.012,0.007
3728,2023,02/25,14.650163461544748,Guaíra,32.0,0.48,0.95,0.012,0.007
3729,2024,02/25,15.104300569434363,Guaíra,32.0,0.48,0.95,0.012,0.007
3730,2015,02/25,14.966613527334085,Marechal Cândido Rondon,32.0,0.48,0.95,0.012,0.007
3731,2016,02/25,12.822996848538393,Marechal Cândido Rondon,32.0,0.48,0.95,0.012,0.007
3732,2017,02/25,14.56396678928913,Marechal Cândido Rondon,32.0,0.48,0.95,0.012,0.007
3733,2018,02/25,14.428836171310016,Marechal Cândido Rondon,32.0,0.48,0.95,0.012,0.007
3734,2019,02/25,15.281717821511624,Marechal Cândido Rondon,32.0,0.48,0.95,0.012,0.007
3735,2020,02/25,14.571078242690133,Marechal Cândido Rondon,32.0,0.48,0.95,0.012,0.007
3736,2021,02/25,15.04076175727429,Marechal Cândido Rondon,32.0,0.48,0.95,0.012,0.007
3737,2022,02/25,13.42096132227778,Marechal Cândido Rondon,32.0,0.48,0.95,0.012,0.007
3738,2023,02/25,14.770403734062025,Marechal Cândido Rondon,32.0,0.48,0.95,0.012,0.007
3739,2024,02/25,14.978838351678679,Marechal Cândido Rondon,32.0,0.48,0.95,0.012,0.007
3740,2015,02/25,14.441763562001015,Matelândia,32.0,0.48,0.95,0.012,0.007
3741,2016,02/25,11.505303768247455,Matelândia,32.0,0.48,0.95,0.012,0.007
3742,2017,02/25,13.885722897740003,Matelândia,32.0,0.48,0.95,0.012,0.007
3743,2018,02/25,13.234609623820221,Matelândia,32.0,0.48,0.95,0.012,0.007
3744,2019,02/25,14.862805189720394,Matelândia,32.0,0.48,0.95,0.012,0.007
3745,2020,02/25,13.373562770472084,Matelândia,32.0,0.48,0.95,0.012,0.007
3746,2021,02/25,14.342551889840186,Matelândia,32.0,0.48,0.95,0.012,0.007
3747,2022,02/25,12.419787116264887,Matelândia,32.0,0.48,0.95,0.012,0.007
3748,2023,02/25,14.169957040941227,Matelândia,32.0,0.48,0.95,0.012,0.007
3749,2024,02/25,14.351893742658117,Matelândia,32.0,0.48,0.95,0.012,0.007
3750,2015,02/25,14.737059687484637,Medianeira,32.0,0.48,0.95,0.012,0.007
3751,2016,02/25,12.239000524328908,Medianeira,32.0,0.48,0.95,0.012,0.007
3752,2017,02/25,14.237899151940885,Medianeira,32.0,0.48,0.95,0.012,0.007
3753,2018,02/25,13.67553479329747,Medianeira,32.0,0.48,0.95,0.012,0.007
3754,2019,02/25,15.106955231015881,Medianeira,32.0,0.48,0.95,0.012,0.007
3755,2020,02/25,13.77558133609379,Medianeira,32.0,0.48,0.95,0.012,0.007
3756,2021,02/25,14.645020507739313,Medianeira,32.0,0.48,0.95,0.012,0.007
3757,2022,02/25,12.890507760071378,Medianeira,32.0,0.48,0.95,0.012,0.007
3758,2023,02/25,14.642788266334826,Medianeira,32.0,0.48,0.95,0.012,0.007
3759,2024,02/25,14.415700862054939,Medianeira,32.0,0.48,0.95,0.012,0.007
3760,2015,02/25,14.932886830279237,Santa Helena,32.0,0.48,0.95,0.012,0.007
3761,2016,02/25,12.833173798188493,Santa Helena,32.0,0.48,0.95,0.012,0.007
3762,2017,02/25,14.567640231328896,Santa Helena,32.0,0.48,0.95,0.012,0.007
3763,2018,02/25,14.258036443909415,Santa Helena,32.0,0.48,0.95,0.012,0.007
3764,2019,02/25,15.262169621133134,Santa Helena,32.0,0.48,0.95,0.012,0.007
3765,2020,02/25,14.369789065087705,Santa Helena,32.0,0.48,0.95,0.012,0.007
3766,2021,02/25,14.490771274905697,Santa Helena,32.0,0.48,0.95,0.012,0.007
3767,2022,02/25,13.435759048168546,Santa Helena,32.0,0.48,0.95,0.012,0.007
3768,2023,02/25,14.83365733605017,Santa Helena,32.0,0.48,0.95,0.012,0.007
3769,2024,02/25,14.711616144417153,Santa Helena,32.0,0.48,0.95,0.012,0.007
3770,2015,02/25,14.737544322997866,São Miguel do Iguaçu,32.0,0.48,0.95,0.012,0.007
3771,2016,02/25,12.23906355718095,São Miguel do Iguaçu,32.0,0.48,0.95,0.012,0.007
3772,2017,02/25,14.238021031669232,São Miguel do Iguaçu,32.0,0.48,0.95,0.012,0.007
3773,2018,02/25,13.675279460234096,São Miguel do Iguaçu,32.0,0.48,0.95,0.012,0.007
3774,2019,02/25,15.107081170583637,São Miguel do Iguaçu,32.0,0.48,0.95,0.012,0.007
3775,2020,02/25,13.776096565008823,São Miguel do Iguaçu,32.0,0.48,0.95,0.012,0.007
3776,2021,02/25,14.643676969162204,São Miguel do Iguaçu,32.0,0.48,0.95,0.012,0.007
3777,2022,02/25,12.891084001753804,São Miguel do Iguaçu,32.0,0.48,0.95,0.012,0.007
3778,2023,02/25,14.643214714587042,São Miguel do Iguaçu,32.0,0.48,0.95,0.012,0.007
3779,2024,02/25,14.41593089388091,São Miguel do Iguaçu,32.0,0.48,0.95,0.012,0.007
3780,2015,02/25,14.231158144542032,São Pedro do Iguaçu,32.0,0.48,0.95,0.012,0.007
3781,2016,02/25,11.19671300188004,São Pedro do Iguaçu,32.0,0.48,0.95,0.012,0.007
3782,2017,02/25,13.674967733307295,São Pedro do Iguaçu,32.0,0.48,0.95,0.012,0.007
3783,2018,02/25,13.239292380643576,São Pedro do Iguaçu,32.0,0.48,0.95,0.012,0.007
3784,2019,02/25,14.692475737599446,São Pedro do Iguaçu,32.0,0.48,0.95,0.012,0.007
3785,2020,02/25,13.35510990069731,São Pedro do Iguaçu,32.0,0.48,0.95,0.012,0.007
3786,2021,02/25,14.210450464296304,São Pedro do Iguaçu,32.0,0.48,0.95,0.012,0.007
3787,2022,02/25,12.101804319537699,São Pedro do Iguaçu,32.0,0.48,0.95,0.012,0.007
3788,2023,02/25,13.934273787498219,São Pedro do Iguaçu,32.0,0.48,0.95,0.012,0.007
3789,2024,02/25,14.29759228223846,São Pedro do Iguaçu,32.0,0.48,0.95,0.012,0.007
3790,2015,02/25,14.615304534640565,Toledo,32.0,0.48,0.95,0.012,0.007
3791,2016,02/25,11.883475874602865,Toledo,32.0,0.48,0.95,0.012,0.007
3792,2017,02/25,14.00337936776929,Toledo,32.0,0.48,0.95,0.012,0.007
3793,2018,02/25,13.87308707213792,Toledo,32.0,0.48,0.95,0.012,0.007
3794,2019,02/25,14.961945536541934,Toledo,32.0,0.48,0.95,0.012,0.007
3795,2020,02/25,14.2466332111305,Toledo,32.0,0.48,0.95,0.012,0.007
3796,2021,02/25,14.664497870042286,Toledo,32.0,0.48,0.95,0.012,0.007
3797,2022,02/25,12.65204020817627,Toledo,32.0,0.48,0.95,0.012,0.007
3798,2023,02/25,14.311658986675367,Toledo,32.0,0.48,0.95,0.012,0.007
3799,2024,02/25,14.815656105065898,Toledo,32.0,0.48,0.95,0.012,0.007
3800,2015,02/25,14.261505116393288,Cascavel,32.0,0.48,0.95,0.013,0.006
3801,2016,02/25,10.89699391607069,Cascavel,32.0,0.48,0.95,0.013,0.006
3802,2017,02/25,13.454636014104551,Cascavel,32.0,0.48,0.95,0.013,0.006
3803,2018,02/25,13.002201226628568,Cascavel,32.0,0.48,0.95,0.013,0.006
3804,2019,02/25,14.589382913361996,Cascavel,32.0,0.48,0.95,0.013,0.006
3805,2020,02/25,13.190073457215165,Cascavel,32.0,0.48,0.95,0.013,0.006
3806,2021,02/25,13.901484656487803,Cascavel,32.0,0.48,0.95,0.013,0.006
3807,2022,02/25,12.021650138196645,Cascavel,32.0,0.48,0.95,0.013,0.006
3808,2023,02/25,13.431883011947413,Cascavel,32.0,0.48,0.95,0.013,0.006
3809,2024,02/25,14.423757928218626,Cascavel,32.0,0.48,0.95,0.013,0.006
3810,2015,02/25,14.737665014269298,Foz do Iguaçu,32.0,0.48,0.95,0.013,0.006
3811,2016,02/25,12.2390784336581,Foz do Iguaçu,32.0,0.48,0.95,0.013,0.006
3812,2017,02/25,14.238040584421881,Foz do Iguaçu,32.0,0.48,0.95,0.013,0.006
3813,2018,02/25,13.675212294065545,Foz do Iguaçu,32.0,0.48,0.95,0.013,0.006
3814,2019,02/25,15.107109822231074,Foz do Iguaçu,32.0,0.48,0.95,0.013,0.006
3815,2020,02/25,13.776273157529813,Foz do Iguaçu,32.0,0.48,0.95,0.013,0.006
3816,2021,02/25,14.643410365044565,Foz do Iguaçu,32.0,0.48,0.95,0.013,0.006
3817,2022,02/25,12.891112570554615,Foz do Iguaçu,32.0,0.48,0.95,0.013,0.006
3818,2023,02/25,14.643306595714645,Foz do Iguaçu,32.0,0.48,0.95,0.013,0.006
3819,2024,02/25,14.41597495442693,Foz do Iguaçu,32.0,0.48,0.95,0.013,0.006
3820,2015,02/25,14.97710433396034,Guaíra,32.0,0.48,0.95,0.013,0.006
3821,2016,02/25,12.711884563541144,Guaíra,32.0,0.48,0.95,0.013,0.006
3822,2017,02/25,14.477091819571829,Guaíra,32.0,0.48,0.95,0.013,0.006
3823,2018,02/25,14.312839463332567,Guaíra,32.0,0.48,0.95,0.013,0.006
3824,2019,02/25,15.252361677267531,Guaíra,32.0,0.48,0.95,0.013,0.006
3825,2020,02/25,14.612528554788337,Guaíra,32.0,0.48,0.95,0.013,0.006
3826,2021,02/25,14.83518955375095,Guaíra,32.0,0.48,0.95,0.013,0.006
3827,2022,02/25,13.383543799393053,Guaíra,32.0,0.48,0.95,0.013,0.006
3828,2023,02/25,14.650163461544748,Guaíra,32.0,0.48,0.95,0.013,0.006
3829,2024,02/25,15.104300569434363,Guaíra,32.0,0.48,0.95,0.013,0.006
3830,2015,02/25,14.966613527334085,Marechal Cândido Rondon,32.0,0.48,0.95,0.013,0.006
3831,2016,02/25,12.822996848538393,Marechal Cândido Rondon,32.0,0.48,0.95,0.013,0.006
3832,2017,02/25,14.56396678928913,Marechal Cândido Rondon,32.0,0.48,0.95,0.013,0.006
3833,2018,02/25,14.428836171310016,Marechal Cândido Rondon,32.0,0.48,0.95,0.013,0.006
3834,2019,02/25,15.281717821511624,Marechal Cândido Rondon,32.0,0.48,0.95,0.013,0.006
3835,2020,02/25,14.571078242690133,Marechal Cândido Rondon,32.0,0.48,0.95,0.013,0.006
3836,2021,02/25,15.04076175727429,Marechal Cândido Rondon,32.0,0.48,0.95,0.013,0.006
3837,2022,02/25,13.42096132227778,Marechal Cândido Rondon,32.0,0.48,0.95,0.013,0.006
3838,2023,02/25,14.770403734062025,Marechal Cândido Rondon,32.0,0.48,0.95,0.013,0.006
3839,2024,02/25,14.978838351678679,Marechal Cândido Rondon,32.0,0.48,0.95,0.013,0.006
3840,2015,02/25,14.441763562001015,Matelândia,32.0,0.48,0.95,0.013,0.006
3841,2016,02/25,11.505303768247455,Matelândia,32.0,0.48,0.95,0.013,0.006
3842,2017,02/25,13.885722897740003,Matelândia,32.0,0.48,0.95,0.013,0.006
3843,2018,02/25,13.234609623820221,Matelândia,32.0,0.48,0.95,0.013,0.006
3844,2019,02/25,14.862805189720394,Matelândia,32.0,0.48,0.95,0.013,0.006
3845,2020,02/25,13.373562770472084,Matelândia,32.0,0.48,0.95,0.013,0.006
3846,2021,02/25,14.342551889840186,Matelândia,32.0,0.48,0.95,0.013,0.006
3847,2022,02/25,12.419787116264887,Matelândia,32.0,0.48,0.95,0.013,0.006
3848,2023,02/25,14.169957040941227,Matelândia,32.0,0.48,0.95,0.013,0.006
3849,2024,02/25,14.351893742658117,Matelândia,32.0,0.48,0.95,0.013,0.006
3850,2015,02/25,14.737059687484637,Medianeira,32.0,0.48,0.95,0.013,0.006
3851,2016,02/25,12.239000524328908,Medianeira,32.0,0.48,0.95,0.013,0.006
3852,2017,02/25,14.237899151940885,Medianeira,32.0,0.48,0.95,0.013,0.006
3853,2018,02/25,13.67553479329747,Medianeira,32.0,0.48,0.95,0.013,0.006
3854,2019,02/25,15.106955231015881,Medianeira,32.0,0.48,0.95,0.013,0.006
3855,2020,02/25,13.77558133609379,Medianeira,32.0,0.48,0.95,0.013,0.006
3856,2021,02/25,14.645020507739313,Medianeira,32.0,0.48,0.95,0.013,0.006
3857,2022,02/25,12.890507760071378,Medianeira,32.0,0.48,0.95,0.013,0.006
3858,2023,02/25,14.642788266334826,Medianeira,32.0,0.48,0.95,0.013,0.006
3859,2024,02/25,14.415700862054939,Medianeira,32.0,0.48,0.95,0.013,0.006
3860,2015,02/25,14.932886830279237,Santa Helena,32.0,0.48,0.95,0.013,0.006
3861,2016,02/25,12.833173798188493,Santa Helena,32.0,0.48,0.95,0.013,0.006
3862,2017,02/25,14.567640231328896,Santa Helena,32.0,0.48,0.95,0.013,0.006
3863,2018,02/25,14.258036443909415,Santa Helena,32.0,0.48,0.95,0.013,0.006
3864,2019,02/25,15.262169621133134,Santa Helena,32.0,0.48,0.95,0.013,0.006
3865,2020,02/25,14.369789065087705,Santa Helena,32.0,0.48,0.95,0.013,0.006
3866,2021,02/25,14.490771274905697,Santa Helena,32.0,0.48,0.95,0.013,0.006
3867,2022,02/25,13.435759048168546,Santa Helena,32.0,0.48,0.95,0.013,0.006
3868,2023,02/25,14.83365733605017,Santa Helena,32.0,0.48,0.95,0.013,0.006
3869,2024,02/25,14.711616144417153,Santa Helena,32.0,0.48,0.95,0.013,0.006
3870,2015,02/25,14.737544322997866,São Miguel do Iguaçu,32.0,0.48,0.95,0.013,0.006
3871,2016,02/25,12.23906355718095,São Miguel do Iguaçu,32.0,0.48,0.95,0.013,0.006
3872,2017,02/25,14.238021031669232,São Miguel do Iguaçu,32.0,0.48,0.95,0.013,0.006
3873,2018,02/25,13.675279460234096,São Miguel do Iguaçu,32.0,0.48,0.95,0.013,0.006
3874,2019,02/25,15.107081170583637,São Miguel do Iguaçu,32.0,0.48,0.95,0.013,0.006
3875,2020,02/25,13.776096565008823,São Miguel do Iguaçu,32.0,0.48,0.95,0.013,0.006
3876,2021,02/25,14.643676969162204,São Miguel do Iguaçu,32.0,0.48,0.95,0.013,0.006
3877,2022,02/25,12.891084001753804,São Miguel do Iguaçu,32.0,0.48,0.95,0.013,0.006
3878,2023,02/25,14.643214714587042,São Miguel do Iguaçu,32.0,0.48,0.95,0.013,0.006
3879,2024,02/25,14.41593089388091,São Miguel do Iguaçu,32.0,0.48,0.95,0.013,0.006
3880,2015,02/25,14.231158144542032,São Pedro do Iguaçu,32.0,0.48,0.95,0.013,0.006
3881,2016,02/25,11.19671300188004,São Pedro do Iguaçu,32.0,0.48,0.95,0.013,0.006
3882,2017,02/25,13.674967733307295,São Pedro do Iguaçu,32.0,0.48,0.95,0.013,0.006
3883,2018,02/25,13.239292380643576,São Pedro do Iguaçu,32.0,0.48,0.95,0.013,0.006
3884,2019,02/25,14.692475737599446,São Pedro do Iguaçu,32.0,0.48,0.95,0.013,0.006
3885,2020,02/25,13.35510990069731,São Pedro do Iguaçu,32.0,0.48,0.95,0.013,0.006
3886,2021,02/25,14.210450464296304,São Pedro do Iguaçu,32.0,0.48,0.95,0.013,0.006
3887,2022,02/25,12.101804319537699,São Pedro do Iguaçu,32.0,0.48,0.95,0.013,0.006
3888,2023,02/25,13.934273787498219,São Pedro do Iguaçu,32.0,0.48,0.95,0.013,0.006
3889,2024,02/25,14.29759228223846,São Pedro do Iguaçu,32.0,0.48,0.95,0.013,0.006
3890,2015,02/25,14.615304534640565,Toledo,32.0,0.48,0.95,0.013,0.006
3891,2016,02/25,11.883475874602865,Toledo,32.0,0.48,0.95,0.013,0.006
3892,2017,02/25,14.00337936776929,Toledo,32.0,0.48,0.95,0.013,0.006
3893,2018,02/25,13.87308707213792,Toledo,32.0,0.48,0.95,0.013,0.006
3894,2019,02/25,14.961945536541934,Toledo,32.0,0.48,0.95,0.013,0.006
3895,2020,02/25,14.2466332111305,Toledo,32.0,0.48,0.95,0.013,0.006
3896,2021,02/25,14.664497870042286,Toledo,32.0,0.48,0.95,0.013,0.006
3897,2022,02/25,12.65204020817627,Toledo,32.0,0.48,0.95,0.013,0.006
3898,2023,02/25,14.311658986675367,Toledo,32.0,0.48,0.95,0.013,0.006
3899,2024,02/25,14.815656105065898,Toledo,32.0,0.48,0.95,0.013,0.006
3900,2015,02/25,14.261505116393288,Cascavel,32.0,0.48,0.95,0.013,0.007
3901,2016,02/25,10.89699391607069,Cascavel,32.0,0.48,0.95,0.013,0.007
3902,2017,02/25,13.454636014104551,Cascavel,32.0,0.48,0.95,0.013,0.007
3903,2018,02/25,13.002201226628568,Cascavel,32.0,0.48,0.95,0.013,0.007
3904,2019,02/25,14.589382913361996,Cascavel,32.0,0.48,0.95,0.013,0.007
3905,2020,02/25,13.190073457215165,Cascavel,32.0,0.48,0.95,0.013,0.007
3906,2021,02/25,13.901484656487803,Cascavel,32.0,0.48,0.95,0.013,0.007
3907,2022,02/25,12.021650138196645,Cascavel,32.0,0.48,0.95,0.013,0.007
3908,2023,02/25,13.431883011947413,Cascavel,32.0,0.48,0.95,0.013,0.007
3909,2024,02/25,14.423757928218626,Cascavel,32.0,0.48,0.95,0.013,0.007
3910,2015,02/25,14.737665014269298,Foz do Iguaçu,32.0,0.48,0.95,0.013,0.007
3911,2016,02/25,12.2390784336581,Foz do Iguaçu,32.0,0.48,0.95,0.013,0.007
3912,2017,02/25,14.238040584421881,Foz do Iguaçu,32.0,0.48,0.95,0.013,0.007
3913,2018,02/25,13.675212294065545,Foz do Iguaçu,32.0,0.48,0.95,0.013,0.007
3914,2019,02/25,15.107109822231074,Foz do Iguaçu,32.0,0.48,0.95,0.013,0.007
3915,2020,02/25,13.776273157529813,Foz do Iguaçu,32.0,0.48,0.95,0.013,0.007
3916,2021,02/25,14.643410365044565,Foz do Iguaçu,32.0,0.48,0.95,0.013,0.007
3917,2022,02/25,12.891112570554615,Foz do Iguaçu,32.0,0.48,0.95,0.013,0.007
3918,2023,02/25,14.643306595714645,Foz do Iguaçu,32.0,0.48,0.95,0.013,0.007
3919,2024,02/25,14.41597495442693,Foz do Iguaçu,32.0,0.48,0.95,0.013,0.007
3920,2015,02/25,14.97710433396034,Guaíra,32.0,0.48,0.95,0.013,0.007
3921,2016,02/25,12.711884563541144,Guaíra,32.0,0.48,0.95,0.013,0.007
3922,2017,02/25,14.477091819571829,Guaíra,32.0,0.48,0.95,0.013,0.007
3923,2018,02/25,14.312839463332567,Guaíra,32.0,0.48,0.95,0.013,0.007
3924,2019,02/25,15.252361677267531,Guaíra,32.0,0.48,0.95,0.013,0.007
3925,2020,02/25,14.612528554788337,Guaíra,32.0,0.48,0.95,0.013,0.007
3926,2021,02/25,14.83518955375095,Guaíra,32.0,0.48,0.95,0.013,0.007
3927,2022,02/25,13.383543799393053,Guaíra,32.0,0.48,0.95,0.013,0.007
3928,2023,02/25,14.650163461544748,Guaíra,32.0,0.48,0.95,0.013,0.007
3929,2024,02/25,15.104300569434363,Guaíra,32.0,0.48,0.95,0.013,0.007
3930,2015,02/25,14.966613527334085,Marechal Cândido Rondon,32.0,0.48,0.95,0.013,0.007
3931,2016,02/25,12.822996848538393,Marechal Cândido Rondon,32.0,0.48,0.95,0.013,0.007
3932,2017,02/25,14.56396678928913,Marechal Cândido Rondon,32.0,0.48,0.95,0.013,0.007
3933,2018,02/25,14.428836171310016,Marechal Cândido Rondon,32.0,0.48,0.95,0.013,0.007
3934,2019,02/25,15.281717821511624,Marechal Cândido Rondon,32.0,0.48,0.95,0.013,0.007
3935,2020,02/25,14.571078242690133,Marechal Cândido Rondon,32.0,0.48,0.95,0.013,0.007
3936,2021,02/25,15.04076175727429,Marechal Cândido Rondon,32.0,0.48,0.95,0.013,0.007
3937,2022,02/25,13.42096132227778,Marechal Cândido Rondon,32.0,0.48,0.95,0.013,0.007
3938,2023,02/25,14.770403734062025,Marechal Cândido Rondon,32.0,0.48,0.95,0.013,0.007
3939,2024,02/25,14.978838351678679,Marechal Cândido Rondon,32.0,0.48,0.95,0.013,0.007
3940,2015,02/25,14.441763562001015,Matelândia,32.0,0.48,0.95,0.013,0.007
3941,2016,02/25,11.505303768247455,Matelândia,32.0,0.48,0.95,0.013,0.007
3942,2017,02/25,13.885722897740003,Matelândia,32.0,0.48,0.95,0.013,0.007
3943,2018,02/25,13.234609623820221,Matelândia,32.0,0.48,0.95,0.013,0.007
3944,2019,02/25,14.862805189720394,Matelândia,32.0,0.48,0.95,0.013,0.007
3945,2020,02/25,13.373562770472084,Matelândia,32.0,0.48,0.95,0.013,0.007
3946,2021,02/25,14.342551889840186,Matelândia,32.0,0.48,0.95,0.013,0.007
3947,2022,02/25,12.419787116264887,Matelândia,32.0,0.48,0.95,0.013,0.007
3948,2023,02/25,14.169957040941227,Matelândia,32.0,0.48,0.95,0.013,0.007
3949,2024,02/25,14.351893742658117,Matelândia,32.0,0.48,0.95,0.013,0.007
3950,2015,02/25,14.737059687484637,Medianeira,32.0,0.48,0.95,0.013,0.007
3951,2016,02/25,12.239000524328908,Medianeira,32.0,0.48,0.95,0.013,0.007
3952,2017,02/25,14.237899151940885,Medianeira,32.0,0.48,0.95,0.013,0.007
3953,2018,02/25,13.67553479329747,Medianeira,32.0,0.48,0.95,0.013,0.007
3954,2019,02/25,15.106955231015881,Medianeira,32.0,0.48,0.95,0.013,0.007
3955,2020,02/25,13.77558133609379,Medianeira,32.0,0.48,0.95,0.013,0.007
3956,2021,02/25,14.645020507739313,Medianeira,32.0,0.48,0.95,0.013,0.007
3957,2022,02/25,12.890507760071378,Medianeira,32.0,0.48,0.95,0.013,0.007
3958,2023,02/25,14.642788266334826,Medianeira,32.0,0.48,0.95,0.013,0.007
3959,2024,02/25,14.415700862054939,Medianeira,32.0,0.48,0.95,0.013,0.007
3960,2015,02/25,14.932886830279237,Santa Helena,32.0,0.48,0.95,0.013,0.007
3961,2016,02/25,12.833173798188493,Santa Helena,32.0,0.48,0.95,0.013,0.007
3962,2017,02/25,14.567640231328896,Santa Helena,32.0,0.48,0.95,0.013,0.007
3963,2018,02/25,14.258036443909415,Santa Helena,32.0,0.48,0.95,0.013,0.007
3964,2019,02/25,15.262169621133134,Santa Helena,32.0,0.48,0.95,0.013,0.007
3965,2020,02/25,14.369789065087705,Santa Helena,32.0,0.48,0.95,0.013,0.007
3966,2021,02/25,14.490771274905697,Santa Helena,32.0,0.48,0.95,0.013,0.007
3967,2022,02/25,13.435759048168546,Santa Helena,32.0,0.48,0.95,0.013,0.007
3968,2023,02/25,14.83365733605017,Santa Helena,32.0,0.48,0.95,0.013,0.007
3969,2024,02/25,14.711616144417153,Santa Helena,32.0,0.48,0.95,0.013,0.007
3970,2015,02/25,14.737544322997866,São Miguel do Iguaçu,32.0,0.48,0.95,0.013,0.007
3971,2016,02/25,12.23906355718095,São Miguel do Iguaçu,32.0,0.48,0.95,0.013,0.007
3972,2017,02/25,14.238021031669232,São Miguel do Iguaçu,32.0,0.48,0.95,0.013,0.007
3973,2018,02/25,13.675279460234096,São Miguel do Iguaçu,32.0,0.48,0.95,0.013,0.007
3974,2019,02/25,15.107081170583637,São Miguel do Iguaçu,32.0,0.48,0.95,0.013,0.007
3975,2020,02/25,13.776096565008823,São Miguel do Iguaçu,32.0,0.48,0.95,0.013,0.007
3976,2021,02/25,14.643676969162204,São Miguel do Iguaçu,32.0,0.48,0.95,0.013,0.007
3977,2022,02/25,12.891084001753804,São Miguel do Iguaçu,32.0,0.48,0.95,0.013,0.007
3978,2023,02/25,14.643214714587042,São Miguel do Iguaçu,32.0,0.48,0.95,0.013,0.007
3979,2024,02/25,14.41593089388091,São Miguel do Iguaçu,32.0,0.48,0.95,0.013,0.007
3980,2015,02/25,14.231158144542032,São Pedro do Iguaçu,32.0,0.48,0.95,0.013,0.007
3981,2016,02/25,11.19671300188004,São Pedro do Iguaçu,32.0,0.48,0.95,0.013,0.007
3982,2017,02/25,13.674967733307295,São Pedro do Iguaçu,32.0,0.48,0.95,0.013,0.007
3983,2018,02/25,13.239292380643576,São Pedro do Iguaçu,32.0,0.48,0.95,0.013,0.007
3984,2019,02/25,14.692475737599446,São Pedro do Iguaçu,32.0,0.48,0.95,0.013,0.007
3985,2020,02/25,13.35510990069731,São Pedro do Iguaçu,32.0,0.48,0.95,0.013,0.007
3986,2021,02/25,14.210450464296304,São Pedro do Iguaçu,32.0,0.48,0.95,0.013,0.007
3987,2022,02/25,12.101804319537699,São Pedro do Iguaçu,32.0,0.48,0.95,0.013,0.007
3988,2023,02/25,13.934273787498219,São Pedro do Iguaçu,32.0,0.48,0.95,0.013,0.007
3989,2024,02/25,14.29759228223846,São Pedro do Iguaçu,32.0,0.48,0.95,0.013,0.007
3990,2015,02/25,14.615304534640565,Toledo,32.0,0.48,0.95,0.013,0.007
3991,2016,02/25,11.883475874602865,Toledo,32.0,0.48,0.95,0.013,0.007
3992,2017,02/25,14.00337936776929,Toledo,32.0,0.48,0.95,0.013,0.007
3993,2018,02/25,13.87308707213792,Toledo,32.0,0.48,0.95,0.013,0.007
3994,2019,02/25,14.961945536541934,Toledo,32.0,0.48,0.95,0.013,0.007
3995,2020,02/25,14.2466332111305,Toledo,32.0,0.48,0.95,0.013,0.007
3996,2021,02/25,14.664497870042286,Toledo,32.0,0.48,0.95,0.013,0.007
3997,2022,02/25,12.65204020817627,Toledo,32.0,0.48,0.95,0.013,0.007
3998,2023,02/25,14.311658986675367,Toledo,32.0,0.48,0.95,0.013,0.007
3999,2024,02/25,14.815656105065898,Toledo,32.0,0.48,0.95,0.013,0.007
4000,2015,02/25,14.408796330874726,Cascavel,32.0,0.5,0.9,0.012,0.006
4001,2016,02/25,11.005879303752689,Cascavel,32.0,0.5,0.9,0.012,0.006
4002,2017,02/25,13.594455675427884,Cascavel,32.0,0.5,0.9,0.012,0.006
4003,2018,02/25,13.125199823642864,Cascavel,32.0,0.5,0.9,0.012,0.006
4004,2019,02/25,14.738548722893217,Cascavel,32.0,0.5,0.9,0.012,0.006
4005,2020,02/25,13.335479387801232,Cascavel,32.0,0.5,0.9,0.012,0.006
4006,2021,02/25,14.053350048946651,Cascavel,32.0,0.5,0.9,0.012,0.006
4007,2022,02/25,12.142098425249127,Cascavel,32.0,0.5,0.9,0.012,0.006
4008,2023,02/25,13.564654952455697,Cascavel,32.0,0.5,0.9,0.012,0.006
4009,2024,02/25,14.57342714008098,Cascavel,32.0,0.5,0.9,0.012,0.006
4010,2015,02/25,14.886247631016609,Foz do Iguaçu,32.0,0.5,0.9,0.012,0.006
4011,2016,02/25,12.357448593226117,Foz do Iguaçu,32.0,0.5,0.9,0.012,0.006
4012,2017,02/25,14.378494303016529,Foz do Iguaçu,32.0,0.5,0.9,0.012,0.006
4013,2018,02/25,13.8038782704922,Foz do Iguaçu,32.0,0.5,0.9,0.012,0.006
4014,2019,02/25,15.26266868593585,Foz do Iguaçu,32.0,0.5,0.9,0.012,0.006
4015,2020,02/25,13.92453073699469,Foz do Iguaçu,32.0,0.5,0.9,0.012,0.006
4016,2021,02/25,14.796947353842986,Foz do Iguaçu,32.0,0.5,0.9,0.012,0.006
4017,2022,02/25,13.016558672397196,Foz do Iguaçu,32.0,0.5,0.9,0.012,0.006
4018,2023,02/25,14.785377016160243,Foz do Iguaçu,32.0,0.5,0.9,0.012,0.006
4019,2024,02/25,14.567889638245205,Foz do Iguaçu,32.0,0.5,0.9,0.012,0.006
4020,2015,02/25,15.127024166697915,Guaíra,32.0,0.5,0.9,0.012,0.006
4021,2016,02/25,12.83462138170943,Guaíra,32.0,0.5,0.9,0.012,0.006
4022,2017,02/25,14.619654892451221,Guaíra,32.0,0.5,0.9,0.012,0.006
4023,2018,02/25,14.445829065484496,Guaíra,32.0,0.5,0.9,0.012,0.006
4024,2019,02/25,15.404388047148057,Guaíra,32.0,0.5,0.9,0.012,0.006
4025,2020,02/25,14.764183637315204,Guaíra,32.0,0.5,0.9,0.012,0.006
4026,2021,02/25,14.990602094145947,Guaíra,32.0,0.5,0.9,0.012,0.006
4027,2022,02/25,13.513464231289138,Guaíra,32.0,0.5,0.9,0.012,0.006
4028,2023,02/25,14.791660704756039,Guaíra,32.0,0.5,0.9,0.012,0.006
4029,2024,02/25,15.253402238219437,Guaíra,32.0,0.5,0.9,0.012,0.006
4030,2015,02/25,15.116497297118961,Marechal Cândido Rondon,32.0,0.5,0.9,0.012,0.006
4031,2016,02/25,12.946492137547756,Marechal Cândido Rondon,32.0,0.5,0.9,0.012,0.006
4032,2017,02/25,14.70728363428481,Marechal Cândido Rondon,32.0,0.5,0.9,0.012,0.006
4033,2018,02/25,14.56116855986233,Marechal Cândido Rondon,32.0,0.5,0.9,0.012,0.006
4034,2019,02/25,15.434433536491916,Marechal Cândido Rondon,32.0,0.5,0.9,0.012,0.006
4035,2020,02/25,14.722169734642566,Marechal Cândido Rondon,32.0,0.5,0.9,0.012,0.006
4036,2021,02/25,15.199489263209667,Marechal Cândido Rondon,32.0,0.5,0.9,0.012,0.006
4037,2022,02/25,13.551348910465837,Marechal Cândido Rondon,32.0,0.5,0.9,0.012,0.006
4038,2023,02/25,14.912862785183165,Marechal Cândido Rondon,32.0,0.5,0.9,0.012,0.006
4039,2024,02/25,15.128576050595125,Marechal Cândido Rondon,32.0,0.5,0.9,0.012,0.006
4040,2015,02/25,14.58871662715938,Matelândia,32.0,0.5,0.9,0.012,0.006
4041,2016,02/25,11.617967703669112,Matelândia,32.0,0.5,0.9,0.012,0.006
4042,2017,02/25,14.025613032567481,Matelândia,32.0,0.5,0.9,0.012,0.006
4043,2018,02/25,13.359365418579495,Matelândia,32.0,0.5,0.9,0.012,0.006
4044,2019,02/25,15.016730212005195,Matelândia,32.0,0.5,0.9,0.012,0.006
4045,2020,02/25,13.51950232718691,Matelândia,32.0,0.5,0.9,0.012,0.006
4046,2021,02/25,14.497033236456558,Matelândia,32.0,0.5,0.9,0.012,0.006
4047,2022,02/25,12.54167919442909,Matelândia,32.0,0.5,0.9,0.012,0.006
4048,2023,02/25,14.3077294349265,Matelândia,32.0,0.5,0.9,0.012,0.006
4049,2024,02/25,14.50289130154375,Matelândia,32.0,0.5,0.9,0.012,0.006
4050,2015,02/25,14.88564828376186,Medianeira,32.0,0.5,0.9,0.012,0.006
4051,2016,02/25,12.357381600833202,Medianeira,32.0,0.5,0.9,0.012,0.006
4052,2017,02/25,14.378354664298275,Medianeira,32.0,0.5,0.9,0.012,0.006
4053,2018,02/25,13.804179888850415,Medianeira,32.0,0.5,0.9,0.012,0.006
4054,2019,02/25,15.262517686262248,Medianeira,32.0,0.5,0.9,0.012,0.006
4055,2020,02/25,13.923816014565308,Medianeira,32.0,0.5,0.9,0.012,0.006
4056,2021,02/25,14.799455137708533,Medianeira,32.0,0.5,0.9,0.012,0.006
4057,2022,02/25,13.015949308498826,Medianeira,32.0,0.5,0.9,0.012,0.006
4058,2023,02/25,14.78486567895947,Medianeira,32.0,0.5,0.9,0.012,0.006
4059,2024,02/25,14.567613656043168,Medianeira,32.0,0.5,0.9,0.012,0.006
4060,2015,02/25,15.082852010423872,Santa Helena,32.0,0.5,0.9,0.012,0.006
4061,2016,02/25,12.95740702521789,Santa Helena,32.0,0.5,0.9,0.012,0.006
4062,2017,02/25,14.710867977505755,Santa Helena,32.0,0.5,0.9,0.012,0.006
4063,2018,02/25,14.389880110484238,Santa Helena,32.0,0.5,0.9,0.012,0.006
4064,2019,02/25,15.416603269753255,Santa Helena,32.0,0.5,0.9,0.012,0.006
4065,2020,02/25,14.520656058725965,Santa Helena,32.0,0.5,0.9,0.012,0.006
4066,2021,02/25,14.79420242814454,Santa Helena,32.0,0.5,0.9,0.012,0.006
4067,2022,02/25,13.565874273509856,Santa Helena,32.0,0.5,0.9,0.012,0.006
4068,2023,02/25,14.977483293452815,Santa Helena,32.0,0.5,0.9,0.012,0.006
4069,2024,02/25,14.86286100083833,Santa Helena,32.0,0.5,0.9,0.012,0.006
4070,2015,02/25,14.886126644128325,São Miguel do Iguaçu,32.0,0.5,0.9,0.012,0.006
4071,2016,02/25,12.357435038131374,São Miguel do Iguaçu,32.0,0.5,0.9,0.012,0.006
4072,2017,02/25,14.37846951450176,São Miguel do Iguaçu,32.0,0.5,0.9,0.012,0.006
4073,2018,02/25,13.803949631345215,São Miguel do Iguaçu,32.0,0.5,0.9,0.012,0.006
4074,2019,02/25,15.262640007912564,São Miguel do Iguaçu,32.0,0.5,0.9,0.012,0.006
4075,2020,02/25,13.924356644344506,São Miguel do Iguaçu,32.0,0.5,0.9,0.012,0.006
4076,2021,02/25,14.796767283036756,São Miguel do Iguaçu,32.0,0.5,0.9,0.012,0.006
4077,2022,02/25,13.016529892379804,São Miguel do Iguaçu,32.0,0.5,0.9,0.012,0.006
4078,2023,02/25,14.785284914318375,São Miguel do Iguaçu,32.0,0.5,0.9,0.012,0.006
4079,2024,02/25,14.567840299699629,São Miguel do Iguaçu,32.0,0.5,0.9,0.012,0.006
4080,2015,02/25,14.377233073676148,São Pedro do Iguaçu,32.0,0.5,0.9,0.012,0.006
4081,2016,02/25,11.307312467499019,São Pedro do Iguaçu,32.0,0.5,0.9,0.012,0.006
4082,2017,02/25,13.815377137237528,São Pedro do Iguaçu,32.0,0.5,0.9,0.012,0.006
4083,2018,02/25,13.363425109327709,São Pedro do Iguaçu,32.0,0.5,0.9,0.012,0.006
4084,2019,02/25,14.843687517027213,São Pedro do Iguaçu,32.0,0.5,0.9,0.012,0.006
4085,2020,02/25,13.501526150823526,São Pedro do Iguaçu,32.0,0.5,0.9,0.012,0.006
4086,2021,02/25,14.35893779080734,São Pedro do Iguaçu,32.0,0.5,0.9,0.012,0.006
4087,2022,02/25,12.221627129984933,São Pedro do Iguaçu,32.0,0.5,0.9,0.012,0.006
4088,2023,02/25,14.070416901076964,São Pedro do Iguaçu,32.0,0.5,0.9,0.012,0.006
4089,2024,02/25,14.446281847140328,São Pedro do Iguaçu,32.0,0.5,0.9,0.012,0.006
4090,2015,02/25,14.763532175291148,Toledo,32.0,0.5,0.9,0.012,0.006
4091,2016,02/25,11.999431165473723,Toledo,32.0,0.5,0.9,0.012,0.006
4092,2017,02/25,14.144252417561287,Toledo,32.0,0.5,0.9,0.012,0.006
4093,2018,02/25,14.002057907586746,Toledo,32.0,0.5,0.9,0.012,0.006
4094,2019,02/25,15.112985795235609,Toledo,32.0,0.5,0.9,0.012,0.006
4095,2020,02/25,14.398607080166883,Toledo,32.0,0.5,0.9,0.012,0.006
4096,2021,02/25,14.818037035359923,Toledo,32.0,0.5,0.9,0.012,0.006
4097,2022,02/25,12.776733738184118,Toledo,32.0,0.5,0.9,0.012,0.006
4098,2023,02/25,14.45085755726167,Toledo,32.0,0.5,0.9,0.012,0.006
4099,2024,02/25,14.964457109920529,Toledo,32.0,0.5,0.9,0.012,0.006
4100,2015,02/25,14.408796330874726,Cascavel,32.0,0.5,0.9,0.012,0.007
4101,2016,02/25,11.005879303752689,Cascavel,32.0,0.5,0.9,0.012,0.007
4102,2017,02/25,13.594455675427884,Cascavel,32.0,0.5,0.9,0.012,0.007
4103,2018,02/25,13.125199823642864,Cascavel,32.0,0.5,0.9,0.012,0.007
4104,2019,02/25,14.738548722893217,Cascavel,32.0,0.5,0.9,0.012,0.007
4105,2020,02/25,13.335479387801232,Cascavel,32.0,0.5,0.9,0.012,0.007
4106,2021,02/25,14.053350048946651,Cascavel,32.0,0.5,0.9,0.012,0.007
4107,2022,02/25,12.142098425249127,Cascavel,32.0,0.5,0.9,0.012,0.007
4108,2023,02/25,13.564654952455697,Cascavel,32.0,0.5,0.9,0.012,0.007
4109,2024,02/25,14.57342714008098,Cascavel,32.0,0.5,0.9,0.012,0.007
4110,2015,02/25,14.886247631016609,Foz do Iguaçu,32.0,0.5,0.9,0.012,0.007
4111,2016,02/25,12.357448593226117,Foz do Iguaçu,32.0,0.5,0.9,0.012,0.007
4112,2017,02/25,14.378494303016529,Foz do Iguaçu,32.0,0.5,0.9,0.012,0.007
4113,2018,02/25,13.8038782704922,Foz do Iguaçu,32.0,0.5,0.9,0.012,0.007
4114,2019,02/25,15.26266868593585,Foz do Iguaçu,32.0,0.5,0.9,0.012,0.007
4115,2020,02/25,13.92453073699469,Foz do Iguaçu,32.0,0.5,0.9,0.012,0.007
4116,2021,02/25,14.796947353842986,Foz do Iguaçu,32.0,0.5,0.9,0.012,0.007
4117,2022,02/25,13.016558672397196,Foz do Iguaçu,32.0,0.5,0.9,0.012,0.007
4118,2023,02/25,14.785377016160243,Foz do Iguaçu,32.0,0.5,0.9,0.012,0.007
4119,2024,02/25,14.567889638245205,Foz do Iguaçu,32.0,0.5,0.9,0.012,0.007
4120,2015,02/25,15.127024166697915,Guaíra,32.0,0.5,0.9,0.012,0.007
4121,2016,02/25,12.83462138170943,Guaíra,32.0,0.5,0.9,0.012,0.007
4122,2017,02/25,14.619654892451221,Guaíra,32.0,0.5,0.9,0.012,0.007
4123,2018,02/25,14.445829065484496,Guaíra,32.0,0.5,0.9,0.012,0.007
4124,2019,02/25,15.404388047148057,Guaíra,32.0,0.5,0.9,0.012,0.007
4125,2020,02/25,14.764183637315204,Guaíra,32.0,0.5,0.9,0.012,0.007
4126,2021,02/25,14.990602094145947,Guaíra,32.0,0.5,0.9,0.012,0.007
4127,2022,02/25,13.513464231289138,Guaíra,32.0,0.5,0.9,0.012,0.007
4128,2023,02/25,14.791660704756039,Guaíra,32.0,0.5,0.9,0.012,0.007
4129,2024,02/25,15.253402238219437,Guaíra,32.0,0.5,0.9,0.012,0.007
4130,2015,02/25,15.116497297118961,Marechal Cândido Rondon,32.0,0.5,0.9,0.012,0.007
4131,2016,02/25,12.946492137547756,Marechal Cândido Rondon,32.0,0.5,0.9,0.012,0.007
4132,2017,02/25,14.70728363428481,Marechal Cândido Rondon,32.0,0.5,0.9,0.012,0.007
4133,2018,02/25,14.56116855986233,Marechal Cândido Rondon,32.0,0.5,0.9,0.012,0.007
4134,2019,02/25,15.434433536491916,Marechal Cândido Rondon,32.0,0.5,0.9,0.012,0.007
4135,2020,02/25,14.722169734642566,Marechal Cândido Rondon,32.0,0.5,0.9,0.012,0.007
4136,2021,02/25,15.199489263209667,Marechal Cândido Rondon,32.0,0.5,0.9,0.012,0.007
4137,2022,02/25,13.551348910465837,Marechal Cândido Rondon,32.0,0.5,0.9,0.012,0.007
4138,2023,02/25,14.912862785183165,Marechal Cândido Rondon,32.0,0.5,0.9,0.012,0.007
4139,2024,02/25,15.128576050595125,Marechal Cândido Rondon,32.0,0.5,0.9,0.012,0.007
4140,2015,02/25,14.58871662715938,Matelândia,32.0,0.5,0.9,0.012,0.007
4141,2016,02/25,11.617967703669112,Matelândia,32.0,0.5,0.9,0.012,0.007
4142,2017,02/25,14.025613032567481,Matelândia,32.0,0.5,0.9,0.012,0.007
4143,2018,02/25,13.359365418579495,Matelândia,32.0,0.5,0.9,0.012,0.007
4144,2019,02/25,15.016730212005195,Matelândia,32.0,0.5,0.9,0.012,0.007
4145,2020,02/25,13.51950232718691,Matelândia,32.0,0.5,0.9,0.012,0.007
4146,2021,02/25,14.497033236456558,Matelândia,32.0,0.5,0.9,0.012,0.007
4147,2022,02/25,12.54167919442909,Matelândia,32.0,0.5,0.9,0.012,0.007
4148,2023,02/25,14.3077294349265,Matelândia,32.0,0.5,0.9,0.012,0.007
4149,2024,02/25,14.50289130154375,Matelândia,32.0,0.5,0.9,0.012,0.007
4150,2015,02/25,14.88564828376186,Medianeira,32.0,0.5,0.9,0.012,0.007
4151,2016,02/25,12.357381600833202,Medianeira,32.0,0.5,0.9,0.012,0.007
4152,2017,02/25,14.378354664298275,Medianeira,32.0,0.5,0.9,0.012,0.007
4153,2018,02/25,13.804179888850415,Medianeira,32.0,0.5,0.9,0.012,0.007
4154,2019,02/25,15.262517686262248,Medianeira,32.0,0.5,0.9,0.012,0.007
4155,2020,02/25,13.923816014565308,Medianeira,32.0,0.5,0.9,0.012,0.007
4156,2021,02/25,14.799455137708533,Medianeira,32.0,0.5,0.9,0.012,0.007
4157,2022,02/25,13.015949308498826,Medianeira,32.0,0.5,0.9,0.012,0.007
4158,2023,02/25,14.78486567895947,Medianeira,32.0,0.5,0.9,0.012,0.007
4159,2024,02/25,14.567613656043168,Medianeira,32.0,0.5,0.9,0.012,0.007
4160,2015,02/25,15.082852010423872,Santa Helena,32.0,0.5,0.9,0.012,0.007
4161,2016,02/25,12.95740702521789,Santa Helena,32.0,0.5,0.9,0.012,0.007
4162,2017,02/25,14.710867977505755,Santa Helena,32.0,0.5,0.9,0.012,0.007
4163,2018,02/25,14.389880110484238,Santa Helena,32.0,0.5,0.9,0.012,0.007
4164,2019,02/25,15.416603269753255,Santa Helena,32.0,0.5,0.9,0.012,0.007
4165,2020,02/25,14.520656058725965,Santa Helena,32.0,0.5,0.9,0.012,0.007
4166,2021,02/25,14.79420242814454,Santa Helena,32.0,0.5,0.9,0.012,0.007
4167,2022,02/25,13.565874273509856,Santa Helena,32.0,0.5,0.9,0.012,0.007
4168,2023,02/25,14.977483293452815,Santa Helena,32.0,0.5,0.9,0.012,0.007
4169,2024,02/25,14.86286100083833,Santa Helena,32.0,0.5,0.9,0.012,0.007
4170,2015,02/25,14.886126644128325,São Miguel do Iguaçu,32.0,0.5,0.9,0.012,0.007
4171,2016,02/25,12.357435038131374,São Miguel do Iguaçu,32.0,0.5,0.9,0.012,0.007
4172,2017,02/25,14.37846951450176,São Miguel do Iguaçu,32.0,0.5,0.9,0.012,0.007
4173,2018,02/25,13.803949631345215,São Miguel do Iguaçu,32.0,0.5,0.9,0.012,0.007
4174,2019,02/25,15.262640007912564,São Miguel do Iguaçu,32.0,0.5,0.9,0.012,0.007
4175,2020,02/25,13.924356644344506,São Miguel do Iguaçu,32.0,0.5,0.9,0.012,0.007
4176,2021,02/25,14.796767283036756,São Miguel do Iguaçu,32.0,0.5,0.9,0.012,0.007
4177,2022,02/25,13.016529892379804,São Miguel do Iguaçu,32.0,0.5,0.9,0.012,0.007
4178,2023,02/25,14.785284914318375,São Miguel do Iguaçu,32.0,0.5,0.9,0.012,0.007
4179,2024,02/25,14.567840299699629,São Miguel do Iguaçu,32.0,0.5,0.9,0.012,0.007
4180,2015,02/25,14.377233073676148,São Pedro do Iguaçu,32.0,0.5,0.9,0.012,0.007
4181,2016,02/25,11.307312467499019,São Pedro do Iguaçu,32.0,0.5,0.9,0.012,0.007
4182,2017,02/25,13.815377137237528,São Pedro do Iguaçu,32.0,0.5,0.9,0.012,0.007
4183,2018,02/25,13.363425109327709,São Pedro do Iguaçu,32.0,0.5,0.9,0.012,0.007
4184,2019,02/25,14.843687517027213,São Pedro do Iguaçu,32.0,0.5,0.9,0.012,0.007
4185,2020,02/25,13.501526150823526,São Pedro do Iguaçu,32.0,0.5,0.9,0.012,0.007
4186,2021,02/25,14.35893779080734,São Pedro do Iguaçu,32.0,0.5,0.9,0.012,0.007
4187,2022,02/25,12.221627129984933,São Pedro do Iguaçu,32.0,0.5,0.9,0.012,0.007
4188,2023,02/25,14.070416901076964,São Pedro do Iguaçu,32.0,0.5,0.9,0.012,0.007
4189,2024,02/25,14.446281847140328,São Pedro do Iguaçu,32.0,0.5,0.9,0.012,0.007
4190,2015,02/25,14.763532175291148,Toledo,32.0,0.5,0.9,0.012,0.007
4191,2016,02/25,11.999431165473723,Toledo,32.0,0.5,0.9,0.012,0.007
4192,2017,02/25,14.144252417561287,Toledo,32.0,0.5,0.9,0.012,0.007
4193,2018,02/25,14.002057907586746,Toledo,32.0,0.5,0.9,0.012,0.007
4194,2019,02/25,15.112985795235609,Toledo,32.0,0.5,0.9,0.012,0.007
4195,2020,02/25,14.398607080166883,Toledo,32.0,0.5,0.9,0.012,0.007
4196,2021,02/25,14.818037035359923,Toledo,32.0,0.5,0.9,0.012,0.007
4197,2022,02/25,12.776733738184118,Toledo,32.0,0.5,0.9,0.012,0.007
4198,2023,02/25,14.45085755726167,Toledo,32.0,0.5,0.9,0.012,0.007
4199,2024,02/25,14.964457109920529,Toledo,32.0,0.5,0.9,0.012,0.007
4200,2015,02/25,14.408796330874726,Cascavel,32.0,0.5,0.9,0.013,0.006
4201,2016,02/25,11.005879303752689,Cascavel,32.0,0.5,0.9,0.013,0.006
4202,2017,02/25,13.594455675427884,Cascavel,32.0,0.5,0.9,0.013,0.006
4203,2018,02/25,13.125199823642864,Cascavel,32.0,0.5,0.9,0.013,0.006
4204,2019,02/25,14.738548722893217,Cascavel,32.0,0.5,0.9,0.013,0.006
4205,2020,02/25,13.335479387801232,Cascavel,32.0,0.5,0.9,0.013,0.006
4206,2021,02/25,14.053350048946651,Cascavel,32.0,0.5,0.9,0.013,0.006
4207,2022,02/25,12.142098425249127,Cascavel,32.0,0.5,0.9,0.013,0.006
4208,2023,02/25,13.564654952455697,Cascavel,32.0,0.5,0.9,0.013,0.006
4209,2024,02/25,14.57342714008098,Cascavel,32.0,0.5,0.9,0.013,0.006
4210,2015,02/25,14.886247631016609,Foz do Iguaçu,32.0,0.5,0.9,0.013,0.006
4211,2016,02/25,12.357448593226117,Foz do Iguaçu,32.0,0.5,0.9,0.013,0.006
4212,2017,02/25,14.378494303016529,Foz do Iguaçu,32.0,0.5,0.9,0.013,0.006
4213,2018,02/25,13.8038782704922,Foz do Iguaçu,32.0,0.5,0.9,0.013,0.006
4214,2019,02/25,15.26266868593585,Foz do Iguaçu,32.0,0.5,0.9,0.013,0.006
4215,2020,02/25,13.92453073699469,Foz do Iguaçu,32.0,0.5,0.9,0.013,0.006
4216,2021,02/25,14.796947353842986,Foz do Iguaçu,32.0,0.5,0.9,0.013,0.006
4217,2022,02/25,13.016558672397196,Foz do Iguaçu,32.0,0.5,0.9,0.013,0.006
4218,2023,02/25,14.785377016160243,Foz do Iguaçu,32.0,0.5,0.9,0.013,0.006
4219,2024,02/25,14.567889638245205,Foz do Iguaçu,32.0,0.5,0.9,0.013,0.006
4220,2015,02/25,15.127024166697915,Guaíra,32.0,0.5,0.9,0.013,0.006
4221,2016,02/25,12.83462138170943,Guaíra,32.0,0.5,0.9,0.013,0.006
4222,2017,02/25,14.619654892451221,Guaíra,32.0,0.5,0.9,0.013,0.006
4223,2018,02/25,14.445829065484496,Guaíra,32.0,0.5,0.9,0.013,0.006
4224,2019,02/25,15.404388047148057,Guaíra,32.0,0.5,0.9,0.013,0.006
4225,2020,02/25,14.764183637315204,Guaíra,32.0,0.5,0.9,0.013,0.006
4226,2021,02/25,14.990602094145947,Guaíra,32.0,0.5,0.9,0.013,0.006
4227,2022,02/25,13.513464231289138,Guaíra,32.0,0.5,0.9,0.013,0.006
4228,2023,02/25,14.791660704756039,Guaíra,32.0,0.5,0.9,0.013,0.006
4229,2024,02/25,15.253402238219437,Guaíra,32.0,0.5,0.9,0.013,0.006
4230,2015,02/25,15.116497297118961,Marechal Cândido Rondon,32.0,0.5,0.9,0.013,0.006
4231,2016,02/25,12.946492137547756,Marechal Cândido Rondon,32.0,0.5,0.9,0.013,0.006
4232,2017,02/25,14.70728363428481,Marechal Cândido Rondon,32.0,0.5,0.9,0.013,0.006
4233,2018,02/25,14.56116855986233,Marechal Cândido Rondon,32.0,0.5,0.9,0.013,0.006
4234,2019,02/25,15.434433536491916,Marechal Cândido Rondon,32.0,0.5,0.9,0.013,0.006
4235,2020,02/25,14.722169734642566,Marechal Cândido Rondon,32.0,0.5,0.9,0.013,0.006
4236,2021,02/25,15.199489263209667,Marechal Cândido Rondon,32.0,0.5,0.9,0.013,0.006
4237,2022,02/25,13.551348910465837,Marechal Cândido Rondon,32.0,0.5,0.9,0.013,0.006
4238,2023,02/25,14.912862785183165,Marechal Cândido Rondon,32.0,0.5,0.9,0.013,0.006
4239,2024,02/25,15.128576050595125,Marechal Cândido Rondon,32.0,0.5,0.9,0.013,0.006
4240,2015,02/25,14.58871662715938,Matelândia,32.0,0.5,0.9,0.013,0.006
4241,2016,02/25,11.617967703669112,Matelândia,32.0,0.5,0.9,0.013,0.006
4242,2017,02/25,14.025613032567481,Matelândia,32.0,0.5,0.9,0.013,0.006
4243,2018,02/25,13.359365418579495,Matelândia,32.0,0.5,0.9,0.013,0.006
4244,2019,02/25,15.016730212005195,Matelândia,32.0,0.5,0.9,0.013,0.006
4245,2020,02/25,13.51950232718691,Matelândia,32.0,0.5,0.9,0.013,0.006
4246,2021,02/25,14.497033236456558,Matelândia,32.0,0.5,0.9,0.013,0.006
4247,2022,02/25,12.54167919442909,Matelândia,32.0,0.5,0.9,0.013,0.006
4248,2023,02/25,14.3077294349265,Matelândia,32.0,0.5,0.9,0.013,0.006
4249,2024,02/25,14.50289130154375,Matelândia,32.0,0.5,0.9,0.013,0.006
4250,2015,02/25,14.88564828376186,Medianeira,32.0,0.5,0.9,0.013,0.006
4251,2016,02/25,12.357381600833202,Medianeira,32.0,0.5,0.9,0.013,0.006
4252,2017,02/25,14.378354664298275,Medianeira,32.0,0.5,0.9,0.013,0.006
4253,2018,02/25,13.804179888850415,Medianeira,32.0,0.5,0.9,0.013,0.006
4254,2019,02/25,15.262517686262248,Medianeira,32.0,0.5,0.9,0.013,0.006
4255,2020,02/25,13.923816014565308,Medianeira,32.0,0.5,0.9,0.013,0.006
4256,2021,02/25,14.799455137708533,Medianeira,32.0,0.5,0.9,0.013,0.006
4257,2022,02/25,13.015949308498826,Medianeira,32.0,0.5,0.9,0.013,0.006
4258,2023,02/25,14.78486567895947,Medianeira,32.0,0.5,0.9,0.013,0.006
4259,2024,02/25,14.567613656043168,Medianeira,32.0,0.5,0.9,0.013,0.006
4260,2015,02/25,15.082852010423872,Santa Helena,32.0,0.5,0.9,0.013,0.006
4261,2016,02/25,12.95740702521789,Santa Helena,32.0,0.5,0.9,0.013,0.006
4262,2017,02/25,14.710867977505755,Santa Helena,32.0,0.5,0.9,0.013,0.006
4263,2018,02/25,14.389880110484238,Santa Helena,32.0,0.5,0.9,0.013,0.006
4264,2019,02/25,15.416603269753255,Santa Helena,32.0,0.5,0.9,0.013,0.006
4265,2020,02/25,14.520656058725965,Santa Helena,32.0,0.5,0.9,0.013,0.006
4266,2021,02/25,14.79420242814454,Santa Helena,32.0,0.5,0.9,0.013,0.006
4267,2022,02/25,13.565874273509856,Santa Helena,32.0,0.5,0.9,0.013,0.006
4268,2023,02/25,14.977483293452815,Santa Helena,32.0,0.5,0.9,0.013,0.006
4269,2024,02/25,14.86286100083833,Santa Helena,32.0,0.5,0.9,0.013,0.006
4270,2015,02/25,14.886126644128325,São Miguel do Iguaçu,32.0,0.5,0.9,0.013,0.006
4271,2016,02/25,12.357435038131374,São Miguel do Iguaçu,32.0,0.5,0.9,0.013,0.006
4272,2017,02/25,14.37846951450176,São Miguel do Iguaçu,32.0,0.5,0.9,0.013,0.006
4273,2018,02/25,13.803949631345215,São Miguel do Iguaçu,32.0,0.5,0.9,0.013,0.006
4274,2019,02/25,15.262640007912564,São Miguel do Iguaçu,32.0,0.5,0.9,0.013,0.006
4275,2020,02/25,13.924356644344506,São Miguel do Iguaçu,32.0,0.5,0.9,0.013,0.006
4276,2021,02/25,14.796767283036756,São Miguel do Iguaçu,32.0,0.5,0.9,0.013,0.006
4277,2022,02/25,13.016529892379804,São Miguel do Iguaçu,32.0,0.5,0.9,0.013,0.006
4278,2023,02/25,14.785284914318375,São Miguel do Iguaçu,32.0,0.5,0.9,0.013,0.006
4279,2024,02/25,14.567840299699629,São Miguel do Iguaçu,32.0,0.5,0.9,0.013,0.006
4280,2015,02/25,14.377233073676148,São Pedro do Iguaçu,32.0,0.5,0.9,0.013,0.006
4281,2016,02/25,11.307312467499019,São Pedro do Iguaçu,32.0,0.5,0.9,0.013,0.006
4282,2017,02/25,13.815377137237528,São Pedro do Iguaçu,32.0,0.5,0.9,0.013,0.006
4283,2018,02/25,13.363425109327709,São Pedro do Iguaçu,32.0,0.5,0.9,0.013,0.006
4284,2019,02/25,14.843687517027213,São Pedro do Iguaçu,32.0,0.5,0.9,0.013,0.006
4285,2020,02/25,13.501526150823526,São Pedro do Iguaçu,32.0,0.5,0.9,0.013,0.006
4286,2021,02/25,14.35893779080734,São Pedro do Iguaçu,32.0,0.5,0.9,0.013,0.006
4287,2022,02/25,12.221627129984933,São Pedro do Iguaçu,32.0,0.5,0.9,0.013,0.006
4288,2023,02/25,14.070416901076964,São Pedro do Iguaçu,32.0,0.5,0.9,0.013,0.006
4289,2024,02/25,14.446281847140328,São Pedro do Iguaçu,32.0,0.5,0.9,0.013,0.006
4290,2015,02/25,14.763532175291148,Toledo,32.0,0.5,0.9,0.013,0.006
4291,2016,02/25,11.999431165473723,Toledo,32.0,0.5,0.9,0.013,0.006
4292,2017,02/25,14.144252417561287,Toledo,32.0,0.5,0.9,0.013,0.006
4293,2018,02/25,14.002057907586746,Toledo,32.0,0.5,0.9,0.013,0.006
4294,2019,02/25,15.112985795235609,Toledo,32.0,0.5,0.9,0.013,0.006
4295,2020,02/25,14.398607080166883,Toledo,32.0,0.5,0.9,0.013,0.006
4296,2021,02/25,14.818037035359923,Toledo,32.0,0.5,0.9,0.013,0.006
4297,2022,02/25,12.776733738184118,Toledo,32.0,0.5,0.9,0.013,0.006
4298,2023,02/25,14.45085755726167,Toledo,32.0,0.5,0.9,0.013,0.006
4299,2024,02/25,14.964457109920529,Toledo,32.0,0.5,0.9,0.013,0.006
4300,2015,02/25,14.408796330874726,Cascavel,32.0,0.5,0.9,0.013,0.007
4301,2016,02/25,11.005879303752689,Cascavel,32.0,0.5,0.9,0.013,0.007
4302,2017,02/25,13.594455675427884,Cascavel,32.0,0.5,0.9,0.013,0.007
4303,2018,02/25,13.125199823642864,Cascavel,32.0,0.5,0.9,0.013,0.007
4304,2019,02/25,14.738548722893217,Cascavel,32.0,0.5,0.9,0.013,0.007
4305,2020,02/25,13.335479387801232,Cascavel,32.0,0.5,0.9,0.013,0.007
4306,2021,02/25,14.053350048946651,Cascavel,32.0,0.5,0.9,0.013,0.007
4307,2022,02/25,12.142098425249127,Cascavel,32.0,0.5,0.9,0.013,0.007
4308,2023,02/25,13.564654952455697,Cascavel,32.0,0.5,0.9,0.013,0.007
4309,2024,02/25,14.57342714008098,Cascavel,32.0,0.5,0.9,0.013,0.007
4310,2015,02/25,14.886247631016609,Foz do Iguaçu,32.0,0.5,0.9,0.013,0.007
4311,2016,02/25,12.357448593226117,Foz do Iguaçu,32.0,0.5,0.9,0.013,0.007
4312,2017,02/25,14.378494303016529,Foz do Iguaçu,32.0,0.5,0.9,0.013,0.007
4313,2018,02/25,13.8038782704922,Foz do Iguaçu,32.0,0.5,0.9,0.013,0.007
4314,2019,02/25,15.26266868593585,Foz do Iguaçu,32.0,0.5,0.9,0.013,0.007
4315,2020,02/25,13.92453073699469,Foz do Iguaçu,32.0,0.5,0.9,0.013,0.007
4316,2021,02/25,14.796947353842986,Foz do Iguaçu,32.0,0.5,0.9,0.013,0.007
4317,2022,02/25,13.016558672397196,Foz do Iguaçu,32.0,0.5,0.9,0.013,0.007
4318,2023,02/25,14.785377016160243,Foz do Iguaçu,32.0,0.5,0.9,0.013,0.007
4319,2024,02/25,14.567889638245205,Foz do Iguaçu,32.0,0.5,0.9,0.013,0.007
4320,2015,02/25,15.127024166697915,Guaíra,32.0,0.5,0.9,0.013,0.007
4321,2016,02/25,12.83462138170943,Guaíra,32.0,0.5,0.9,0.013,0.007
4322,2017,02/25,14.619654892451221,Guaíra,32.0,0.5,0.9,0.013,0.007
4323,2018,02/25,14.445829065484496,Guaíra,32.0,0.5,0.9,0.013,0.007
4324,2019,02/25,15.404388047148057,Guaíra,32.0,0.5,0.9,0.013,0.007
4325,2020,02/25,14.764183637315204,Guaíra,32.0,0.5,0.9,0.013,0.007
4326,2021,02/25,14.990602094145947,Guaíra,32.0,0.5,0.9,0.013,0.007
4327,2022,02/25,13.513464231289138,Guaíra,32.0,0.5,0.9,0.013,0.007
4328,2023,02/25,14.791660704756039,Guaíra,32.0,0.5,0.9,0.013,0.007
4329,2024,02/25,15.253402238219437,Guaíra,32.0,0.5,0.9,0.013,0.007
4330,2015,02/25,15.116497297118961,Marechal Cândido Rondon,32.0,0.5,0.9,0.013,0.007
4331,2016,02/25,12.946492137547756,Marechal Cândido Rondon,32.0,0.5,0.9,0.013,0.007
4332,2017,02/25,14.70728363428481,Marechal Cândido Rondon,32.0,0.5,0.9,0.013,0.007
4333,2018,02/25,14.56116855986233,Marechal Cândido Rondon,32.0,0.5,0.9,0.013,0.007
4334,2019,02/25,15.434433536491916,Marechal Cândido Rondon,32.0,0.5,0.9,0.013,0.007
4335,2020,02/25,14.722169734642566,Marechal Cândido Rondon,32.0,0.5,0.9,0.013,0.007
4336,2021,02/25,15.199489263209667,Marechal Cândido Rondon,32.0,0.5,0.9,0.013,0.007
4337,2022,02/25,13.551348910465837,Marechal Cândido Rondon,32.0,0.5,0.9,0.013,0.007
4338,2023,02/25,14.912862785183165,Marechal Cândido Rondon,32.0,0.5,0.9,0.013,0.007
4339,2024,02/25,15.128576050595125,Marechal Cândido Rondon,32.0,0.5,0.9,0.013,0.007
4340,2015,02/25,14.58871662715938,Matelândia,32.0,0.5,0.9,0.013,0.007
4341,2016,02/25,11.617967703669112,Matelândia,32.0,0.5,0.9,0.013,0.007
4342,2017,02/25,14.025613032567481,Matelândia,32.0,0.5,0.9,0.013,0.007
4343,2018,02/25,13.359365418579495,Matelândia,32.0,0.5,0.9,0.013,0.007
4344,2019,02/25,15.016730212005195,Matelândia,32.0,0.5,0.9,0.013,0.007
4345,2020,02/25,13.51950232718691,Matelândia,32.0,0.5,0.9,0.013,0.007
4346,2021,02/25,14.497033236456558,Matelândia,32.0,0.5,0.9,0.013,0.007
4347,2022,02/25,12.54167919442909,Matelândia,32.0,0.5,0.9,0.013,0.007
4348,2023,02/25,14.3077294349265,Matelândia,32.0,0.5,0.9,0.013,0.007
4349,2024,02/25,14.50289130154375,Matelândia,32.0,0.5,0.9,0.013,0.007
4350,2015,02/25,14.88564828376186,Medianeira,32.0,0.5,0.9,0.013,0.007
4351,2016,02/25,12.357381600833202,Medianeira,32.0,0.5,0.9,0.013,0.007
4352,2017,02/25,14.378354664298275,Medianeira,32.0,0.5,0.9,0.013,0.007
4353,2018,02/25,13.804179888850415,Medianeira,32.0,0.5,0.9,0.013,0.007
4354,2019,02/25,15.262517686262248,Medianeira,32.0,0.5,0.9,0.013,0.007
4355,2020,02/25,13.923816014565308,Medianeira,32.0,0.5,0.9,0.013,0.007
4356,2021,02/25,14.799455137708533,Medianeira,32.0,0.5,0.9,0.013,0.007
4357,2022,02/25,13.015949308498826,Medianeira,32.0,0.5,0.9,0.013,0.007
4358,2023,02/25,14.78486567895947,Medianeira,32.0,0.5,0.9,0.013,0.007
4359,2024,02/25,14.567613656043168,Medianeira,32.0,0.5,0.9,0.013,0.007
4360,2015,02/25,15.082852010423872,Santa Helena,32.0,0.5,0.9,0.013,0.007
4361,2016,02/25,12.95740702521789,Santa Helena,32.0,0.5,0.9,0.013,0.007
4362,2017,02/25,14.710867977505755,Santa Helena,32.0,0.5,0.9,0.013,0.007
4363,2018,02/25,14.389880110484238,Santa Helena,32.0,0.5,0.9,0.013,0.007
4364,2019,02/25,15.416603269753255,Santa Helena,32.0,0.5,0.9,0.013,0.007
4365,2020,02/25,14.520656058725965,Santa Helena,32.0,0.5,0.9,0.013,0.007
4366,2021,02/25,14.79420242814454,Santa Helena,32.0,0.5,0.9,0.013,0.007
4367,2022,02/25,13.565874273509856,Santa Helena,32.0,0.5,0.9,0.013,0.007
4368,2023,02/25,14.977483293452815,Santa Helena,32.0,0.5,0.9,0.013,0.007
4369,2024,02/25,14.86286100083833,Santa Helena,32.0,0.5,0.9,0.013,0.007
4370,2015,02/25,14.886126644128325,São Miguel do Iguaçu,32.0,0.5,0.9,0.013,0.007
4371,2016,02/25,12.357435038131374,São Miguel do Iguaçu,32.0,0.5,0.9,0.013,0.007
4372,2017,02/25,14.37846951450176,São Miguel do Iguaçu,32.0,0.5,0.9,0.013,0.007
4373,2018,02/25,13.803949631345215,São Miguel do Iguaçu,32.0,0.5,0.9,0.013,0.007
4374,2019,02/25,15.262640007912564,São Miguel do Iguaçu,32.0,0.5,0.9,0.013,0.007
4375,2020,02/25,13.924356644344506,São Miguel do Iguaçu,32.0,0.5,0.9,0.013,0.007
4376,2021,02/25,14.796767283036756,São Miguel do Iguaçu,32.0,0.5,0.9,0.013,0.007
4377,2022,02/25,13.016529892379804,São Miguel do Iguaçu,32.0,0.5,0.9,0.013,0.007
4378,2023,02/25,14.785284914318375,São Miguel do Iguaçu,32.0,0.5,0.9,0.013,0.007
4379,2024,02/25,14.567840299699629,São Miguel do Iguaçu,32.0,0.5,0.9,0.013,0.007
4380,2015,02/25,14.377233073676148,São Pedro do Iguaçu,32.0,0.5,0.9,0.013,0.007
4381,2016,02/25,11.307312467499019,São Pedro do Iguaçu,32.0,0.5,0.9,0.013,0.007
4382,2017,02/25,13.815377137237528,São Pedro do Iguaçu,32.0,0.5,0.9,0.013,0.007
4383,2018,02/25,13.363425109327709,São Pedro do Iguaçu,32.0,0.5,0.9,0.013,0.007
4384,2019,02/25,14.843687517027213,São Pedro do Iguaçu,32.0,0.5,0.9,0.013,0.007
4385,2020,02/25,13.501526150823526,São Pedro do Iguaçu,32.0,0.5,0.9,0.013,0.007
4386,2021,02/25,14.35893779080734,São Pedro do Iguaçu,32.0,0.5,0.9,0.013,0.007
4387,2022,02/25,12.221627129984933,São Pedro do Iguaçu,32.0,0.5,0.9,0.013,0.007
4388,2023,02/25,14.070416901076964,São Pedro do Iguaçu,32.0,0.5,0.9,0.013,0.007
4389,2024,02/25,14.446281847140328,São Pedro do Iguaçu,32.0,0.5,0.9,0.013,0.007
4390,2015,02/25,14.763532175291148,Toledo,32.0,0.5,0.9,0.013,0.007
4391,2016,02/25,11.999431165473723,Toledo,32.0,0.5,0.9,0.013,0.007
4392,2017,02/25,14.144252417561287,Toledo,32.0,0.5,0.9,0.013,0.007
4393,2018,02/25,14.002057907586746,Toledo,32.0,0.5,0.9,0.013,0.007
4394,2019,02/25,15.112985795235609,Toledo,32.0,0.5,0.9,0.013,0.007
4395,2020,02/25,14.398607080166883,Toledo,32.0,0.5,0.9,0.013,0.007
4396,2021,02/25,14.818037035359923,Toledo,32.0,0.5,0.9,0.013,0.007
4397,2022,02/25,12.776733738184118,Toledo,32.0,0.5,0.9,0.013,0.007
4398,2023,02/25,14.45085755726167,Toledo,32.0,0.5,0.9,0.013,0.007
4399,2024,02/25,14.964457109920529,Toledo,32.0,0.5,0.9,0.013,0.007
4400,2015,02/25,14.85573449624301,Cascavel,32.0,0.5,0.95,0.012,0.006
4401,2016,02/25,11.351035329240302,Cascavel,32.0,0.5,0.95,0.012,0.006
4402,2017,02/25,14.015245848025575,Cascavel,32.0,0.5,0.95,0.012,0.006
4403,2018,02/25,13.543959611071426,Cascavel,32.0,0.5,0.95,0.012,0.006
4404,2019,02/25,15.197273868085412,Cascavel,32.0,0.5,0.95,0.012,0.006
4405,2020,02/25,13.739659851265797,Cascavel,32.0,0.5,0.95,0.012,0.006
4406,2021,02/25,14.480713183841461,Cascavel,32.0,0.5,0.95,0.012,0.006
4407,2022,02/25,12.52255222728817,Cascavel,32.0,0.5,0.95,0.012,0.006
4408,2023,02/25,13.99154480411189,Cascavel,32.0,0.5,0.95,0.012,0.006
4409,2024,02/25,15.024747841894403,Cascavel,32.0,0.5,0.95,0.012,0.006
4410,2015,02/25,15.351734389863852,Foz do Iguaçu,32.0,0.5,0.95,0.012,0.006
4411,2016,02/25,12.74904003506052,Foz do Iguaçu,32.0,0.5,0.95,0.012,0.006
4412,2017,02/25,14.83129227543946,Foz do Iguaçu,32.0,0.5,0.95,0.012,0.006
4413,2018,02/25,14.245012806318275,Foz do Iguaçu,32.0,0.5,0.95,0.012,0.006
4414,2019,02/25,15.736572731490702,Foz do Iguaçu,32.0,0.5,0.95,0.012,0.006
4415,2020,02/25,14.350284539093556,Foz do Iguaçu,32.0,0.5,0.95,0.012,0.006
4416,2021,02/25,15.25355246358809,Foz do Iguaçu,32.0,0.5,0.95,0.012,0.006
4417,2022,02/25,13.42824226099439,Foz do Iguaçu,32.0,0.5,0.95,0.012,0.006
4418,2023,02/25,15.253444370536087,Foz do Iguaçu,32.0,0.5,0.95,0.012,0.006
4419,2024,02/25,15.016640577528053,Foz do Iguaçu,32.0,0.5,0.95,0.012,0.006
4420,2015,02/25,15.601150347875352,Guaíra,32.0,0.5,0.95,0.012,0.006
4421,2016,02/25,13.241546420355357,Guaíra,32.0,0.5,0.95,0.012,0.006
4422,2017,02/25,15.080303978720655,Guaíra,32.0,0.5,0.95,0.012,0.006
4423,2018,02/25,14.909207774304758,Guaíra,32.0,0.5,0.95,0.012,0.006
4424,2019,02/25,15.887876747153678,Guaíra,32.0,0.5,0.95,0.012,0.006
4425,2020,02/25,15.221383911237854,Guaíra,32.0,0.5,0.95,0.012,0.006
4426,2021,02/25,15.453322451823908,Guaíra,32.0,0.5,0.95,0.012,0.006
4427,2022,02/25,13.941191457701096,Guaíra,32.0,0.5,0.95,0.012,0.006
4428,2023,02/25,15.260586939109114,Guaíra,32.0,0.5,0.95,0.012,0.006
4429,2024,02/25,15.733646426494131,Guaíra,32.0,0.5,0.95,0.012,0.006
4430,2015,02/25,15.590222424306337,Marechal Cândido Rondon,32.0,0.5,0.95,0.012,0.006
4431,2016,02/25,13.35728838389416,Marechal Cândido Rondon,32.0,0.5,0.95,0.012,0.006
4432,2017,02/25,15.170798738842844,Marechal Cândido Rondon,32.0,0.5,0.95,0.012,0.006
4433,2018,02/25,15.030037678447934,Marechal Cândido Rondon,32.0,0.5,0.95,0.012,0.006
4434,2019,02/25,15.918456064074608,Marechal Cândido Rondon,32.0,0.5,0.95,0.012,0.006
4435,2020,02/25,15.178206502802222,Marechal Cândido Rondon,32.0,0.5,0.95,0.012,0.006
4436,2021,02/25,15.667460163827386,Marechal Cândido Rondon,32.0,0.5,0.95,0.012,0.006
4437,2022,02/25,13.980168044039356,Marechal Cândido Rondon,32.0,0.5,0.95,0.012,0.006
4438,2023,02/25,15.385837222981277,Marechal Cândido Rondon,32.0,0.5,0.95,0.012,0.006
4439,2024,02/25,15.602956616331959,Marechal Cândido Rondon,32.0,0.5,0.95,0.012,0.006
4440,2015,02/25,15.043503710417724,Matelândia,32.0,0.5,0.95,0.012,0.006
4441,2016,02/25,11.984691425257767,Matelândia,32.0,0.5,0.95,0.012,0.006
4442,2017,02/25,14.464294685145836,Matelândia,32.0,0.5,0.95,0.012,0.006
4443,2018,02/25,13.786051691479395,Matelândia,32.0,0.5,0.95,0.012,0.006
4444,2019,02/25,15.482088739292076,Matelândia,32.0,0.5,0.95,0.012,0.006
4445,2020,02/25,13.930794552575088,Matelândia,32.0,0.5,0.95,0.012,0.006
4446,2021,02/25,14.940158218583528,Matelândia,32.0,0.5,0.95,0.012,0.006
4447,2022,02/25,12.937278246109257,Matelândia,32.0,0.5,0.95,0.012,0.006
4448,2023,02/25,14.760371917647113,Matelândia,32.0,0.5,0.95,0.012,0.006
4449,2024,02/25,14.949889315268873,Matelândia,32.0,0.5,0.95,0.012,0.006
4450,2015,02/25,15.351103841129829,Medianeira,32.0,0.5,0.95,0.012,0.006
4451,2016,02/25,12.74895887950928,Medianeira,32.0,0.5,0.95,0.012,0.006
4452,2017,02/25,14.831144949938421,Medianeira,32.0,0.5,0.95,0.012,0.006
4453,2018,02/25,14.2453487430182,Medianeira,32.0,0.5,0.95,0.012,0.006
4454,2019,02/25,15.736411698974877,Medianeira,32.0,0.5,0.95,0.012,0.006
4455,2020,02/25,14.349563891764367,Medianeira,32.0,0.5,0.95,0.012,0.006
4456,2021,02/25,15.255229695561784,Medianeira,32.0,0.5,0.95,0.012,0.006
4457,2022,02/25,13.427612250074352,Medianeira,32.0,0.5,0.95,0.012,0.006
4458,2023,02/25,15.252904444098778,Medianeira,32.0,0.5,0.95,0.012,0.006
4459,2024,02/25,15.01635506464056,Medianeira,32.0,0.5,0.95,0.012,0.006
4460,2015,02/25,15.555090448207539,Santa Helena,32.0,0.5,0.95,0.012,0.006
4461,2016,02/25,13.367889373113014,Santa Helena,32.0,0.5,0.95,0.012,0.006
4462,2017,02/25,15.1746252409676,Santa Helena,32.0,0.5,0.95,0.012,0.006
4463,2018,02/25,14.852121295738975,Santa Helena,32.0,0.5,0.95,0.012,0.006
4464,2019,02/25,15.898093355347013,Santa Helena,32.0,0.5,0.95,0.012,0.006
4465,2020,02/25,14.968530276133025,Santa Helena,32.0,0.5,0.95,0.012,0.006
4466,2021,02/25,15.094553411360101,Santa Helena,32.0,0.5,0.95,0.012,0.006
4467,2022,02/25,13.995582341842235,Santa Helena,32.0,0.5,0.95,0.012,0.006
4468,2023,02/25,15.451726391718928,Santa Helena,32.0,0.5,0.95,0.012,0.006
4469,2024,02/25,15.324600150434534,Santa Helena,32.0,0.5,0.95,0.012,0.006
4470,2015,02/25,15.351608669789442,São Miguel do Iguaçu,32.0,0.5,0.95,0.012,0.006
4471,2016,02/25,12.749024538730156,São Miguel do Iguaçu,32.0,0.5,0.95,0.012,0.006
4472,2017,02/25,14.831271907988786,São Miguel do Iguaçu,32.0,0.5,0.95,0.012,0.006
4473,2018,02/25,14.245082771077184,São Miguel do Iguaçu,32.0,0.5,0.95,0.012,0.006
4474,2019,02/25,15.73654288602462,São Miguel do Iguaçu,32.0,0.5,0.95,0.012,0.006
4475,2020,02/25,14.350100588550859,São Miguel do Iguaçu,32.0,0.5,0.95,0.012,0.006
4476,2021,02/25,15.253830176210627,São Miguel do Iguaçu,32.0,0.5,0.95,0.012,0.006
4477,2022,02/25,13.42821250182688,São Miguel do Iguaçu,32.0,0.5,0.95,0.012,0.006
4478,2023,02/25,15.25334866102817,São Miguel do Iguaçu,32.0,0.5,0.95,0.012,0.006
4479,2024,02/25,15.016594681125948,São Miguel do Iguaçu,32.0,0.5,0.95,0.012,0.006
4480,2015,02/25,14.824123067231284,São Pedro do Iguaçu,32.0,0.5,0.95,0.012,0.006
4481,2016,02/25,11.663242710291707,São Pedro do Iguaçu,32.0,0.5,0.95,0.012,0.006
4482,2017,02/25,14.244758055528434,São Pedro do Iguaçu,32.0,0.5,0.95,0.012,0.006
4483,2018,02/25,13.79092956317039,São Pedro do Iguaçu,32.0,0.5,0.95,0.012,0.006
4484,2019,02/25,15.30466222666609,São Pedro do Iguaçu,32.0,0.5,0.95,0.012,0.006
4485,2020,02/25,13.911572813226364,São Pedro do Iguaçu,32.0,0.5,0.95,0.012,0.006
4486,2021,02/25,14.802552566975319,São Pedro do Iguaçu,32.0,0.5,0.95,0.012,0.006
4487,2022,02/25,12.606046166185102,São Pedro do Iguaçu,32.0,0.5,0.95,0.012,0.006
4488,2023,02/25,14.514868528643978,São Pedro do Iguaçu,32.0,0.5,0.95,0.012,0.006
4489,2024,02/25,14.893325293998394,São Pedro do Iguaçu,32.0,0.5,0.95,0.012,0.006
4490,2015,02/25,15.224275556917256,Toledo,32.0,0.5,0.95,0.012,0.006
4491,2016,02/25,12.378620702711318,Toledo,32.0,0.5,0.95,0.012,0.006
4492,2017,02/25,14.58685350809301,Toledo,32.0,0.5,0.95,0.012,0.006
4493,2018,02/25,14.451132366810333,Toledo,32.0,0.5,0.95,0.012,0.006
4494,2019,02/25,15.585359933897847,Toledo,32.0,0.5,0.95,0.012,0.006
4495,2020,02/25,14.840242928260938,Toledo,32.0,0.5,0.95,0.012,0.006
4496,2021,02/25,15.275518614627384,Toledo,32.0,0.5,0.95,0.012,0.006
4497,2022,02/25,13.179208550183613,Toledo,32.0,0.5,0.95,0.012,0.006
4498,2023,02/25,14.907978111120174,Toledo,32.0,0.5,0.95,0.012,0.006
4499,2024,02/25,15.432975109443642,Toledo,32.0,0.5,0.95,0.012,0.006
4500,2015,02/25,14.85573449624301,Cascavel,32.0,0.5,0.95,0.012,0.007
4501,2016,02/25,11.351035329240302,Cascavel,32.0,0.5,0.95,0.012,0.007
4502,2017,02/25,14.015245848025575,Cascavel,32.0,0.5,0.95,0.012,0.007
4503,2018,02/25,13.543959611071426,Cascavel,32.0,0.5,0.95,0.012,0.007
4504,2019,02/25,15.197273868085412,Cascavel,32.0,0.5,0.95,0.012,0.007
4505,2020,02/25,13.739659851265797,Cascavel,32.0,0.5,0.95,0.012,0.007
4506,2021,02/25,14.480713183841461,Cascavel,32.0,0.5,0.95,0.012,0.007
4507,2022,02/25,12.52255222728817,Cascavel,32.0,0.5,0.95,0.012,0.007
4508,2023,02/25,13.99154480411189,Cascavel,32.0,0.5,0.95,0.012,0.007
4509,2024,02/25,15.024747841894403,Cascavel,32.0,0.5,0.95,0.012,0.007
4510,2015,02/25,15.351734389863852,Foz do Iguaçu,32.0,0.5,0.95,0.012,0.007
4511,2016,02/25,12.74904003506052,Foz do Iguaçu,32.0,0.5,0.95,0.012,0.007
4512,2017,02/25,14.83129227543946,Foz do Iguaçu,32.0,0.5,0.95,0.012,0.007
4513,2018,02/25,14.245012806318275,Foz do Iguaçu,32.0,0.5,0.95,0.012,0.007
4514,2019,02/25,15.736572731490702,Foz do Iguaçu,32.0,0.5,0.95,0.012,0.007
4515,2020,02/25,14.350284539093556,Foz do Iguaçu,32.0,0.5,0.95,0.012,0.007
4516,2021,02/25,15.25355246358809,Foz do Iguaçu,32.0,0.5,0.95,0.012,0.007
4517,2022,02/25,13.42824226099439,Foz do Iguaçu,32.0,0.5,0.95,0.012,0.007
4518,2023,02/25,15.253444370536087,Foz do Iguaçu,32.0,0.5,0.95,0.012,0.007
4519,2024,02/25,15.016640577528053,Foz do Iguaçu,32.0,0.5,0.95,0.012,0.007
4520,2015,02/25,15.601150347875352,Guaíra,32.0,0.5,0.95,0.012,0.007
4521,2016,02/25,13.241546420355357,Guaíra,32.0,0.5,0.95,0.012,0.007
4522,2017,02/25,15.080303978720655,Guaíra,32.0,0.5,0.95,0.012,0.007
4523,2018,02/25,14.909207774304758,Guaíra,32.0,0.5,0.95,0.012,0.007
4524,2019,02/25,15.887876747153678,Guaíra,32.0,0.5,0.95,0.012,0.007
4525,2020,02/25,15.221383911237854,Guaíra,32.0,0.5,0.95,0.012,0.007
4526,2021,02/25,15.453322451823908,Guaíra,32.0,0.5,0.95,0.012,0.007
4527,2022,02/25,13.941191457701096,Guaíra,32.0,0.5,0.95,0.012,0.007
4528,2023,02/25,15.260586939109114,Guaíra,32.0,0.5,0.95,0.012,0.007
4529,2024,02/25,15.733646426494131,Guaíra,32.0,0.5,0.95,0.012,0.007
4530,2015,02/25,15.590222424306337,Marechal Cândido Rondon,32.0,0.5,0.95,0.012,0.007
4531,2016,02/25,13.35728838389416,Marechal Cândido Rondon,32.0,0.5,0.95,0.012,0.007
4532,2017,02/25,15.170798738842844,Marechal Cândido Rondon,32.0,0.5,0.95,0.012,0.007
4533,2018,02/25,15.030037678447934,Marechal Cândido Rondon,32.0,0.5,0.95,0.012,0.007
4534,2019,02/25,15.918456064074608,Marechal Cândido Rondon,32.0,0.5,0.95,0.012,0.007
4535,2020,02/25,15.178206502802222,Marechal Cândido Rondon,32.0,0.5,0.95,0.012,0.007
4536,2021,02/25,15.667460163827386,Marechal Cândido Rondon,32.0,0.5,0.95,0.012,0.007
4537,2022,02/25,13.980168044039356,Marechal Cândido Rondon,32.0,0.5,0.95,0.012,0.007
4538,2023,02/25,15.385837222981277,Marechal Cândido Rondon,32.0,0.5,0.95,0.012,0.007
4539,2024,02/25,15.602956616331959,Marechal Cândido Rondon,32.0,0.5,0.95,0.012,0.007
4540,2015,02/25,15.043503710417724,Matelândia,32.0,0.5,0.95,0.012,0.007
4541,2016,02/25,11.984691425257767,Matelândia,32.0,0.5,0.95,0.012,0.007
4542,2017,02/25,14.464294685145836,Matelândia,32.0,0.5,0.95,0.012,0.007
4543,2018,02/25,13.786051691479395,Matelândia,32.0,0.5,0.95,0.012,0.007
4544,2019,02/25,15.482088739292076,Matelândia,32.0,0.5,0.95,0.012,0.007
4545,2020,02/25,13.930794552575088,Matelândia,32.0,0.5,0.95,0.012,0.007
4546,2021,02/25,14.940158218583528,Matelândia,32.0,0.5,0.95,0.012,0.007
4547,2022,02/25,12.937278246109257,Matelândia,32.0,0.5,0.95,0.012,0.007
4548,2023,02/25,14.760371917647113,Matelândia,32.0,0.5,0.95,0.012,0.007
4549,2024,02/25,14.949889315268873,Matelândia,32.0,0.5,0.95,0.012,0.007
4550,2015,02/25,15.351103841129829,Medianeira,32.0,0.5,0.95,0.012,0.007
4551,2016,02/25,12.74895887950928,Medianeira,32.0,0.5,0.95,0.012,0.007
4552,2017,02/25,14.831144949938421,Medianeira,32.0,0.5,0.95,0.012,0.007
4553,2018,02/25,14.2453487430182,Medianeira,32.0,0.5,0.95,0.012,0.007
4554,2019,02/25,15.736411698974877,Medianeira,32.0,0.5,0.95,0.012,0.007
4555,2020,02/25,14.349563891764367,Medianeira,32.0,0.5,0.95,0.012,0.007
4556,2021,02/25,15.255229695561784,Medianeira,32.0,0.5,0.95,0.012,0.007
4557,2022,02/25,13.427612250074352,Medianeira,32.0,0.5,0.95,0.012,0.007
4558,2023,02/25,15.252904444098778,Medianeira,32.0,0.5,0.95,0.012,0.007
4559,2024,02/25,15.01635506464056,Medianeira,32.0,0.5,0.95,0.012,0.007
4560,2015,02/25,15.555090448207539,Santa Helena,32.0,0.5,0.95,0.012,0.007
4561,2016,02/25,13.367889373113014,Santa Helena,32.0,0.5,0.95,0.012,0.007
4562,2017,02/25,15.1746252409676,Santa Helena,32.0,0.5,0.95,0.012,0.007
4563,2018,02/25,14.852121295738975,Santa Helena,32.0,0.5,0.95,0.012,0.007
4564,2019,02/25,15.898093355347013,Santa Helena,32.0,0.5,0.95,0.012,0.007
4565,2020,02/25,14.968530276133025,Santa Helena,32.0,0.5,0.95,0.012,0.007
4566,2021,02/25,15.094553411360101,Santa Helena,32.0,0.5,0.95,0.012,0.007
4567,2022,02/25,13.995582341842235,Santa Helena,32.0,0.5,0.95,0.012,0.007
4568,2023,02/25,15.451726391718928,Santa Helena,32.0,0.5,0.95,0.012,0.007
4569,2024,02/25,15.324600150434534,Santa Helena,32.0,0.5,0.95,0.012,0.007
4570,2015,02/25,15.351608669789442,São Miguel do Iguaçu,32.0,0.5,0.95,0.012,0.007
4571,2016,02/25,12.749024538730156,São Miguel do Iguaçu,32.0,0.5,0.95,0.012,0.007
4572,2017,02/25,14.831271907988786,São Miguel do Iguaçu,32.0,0.5,0.95,0.012,0.007
4573,2018,02/25,14.245082771077184,São Miguel do Iguaçu,32.0,0.5,0.95,0.012,0.007
4574,2019,02/25,15.73654288602462,São Miguel do Iguaçu,32.0,0.5,0.95,0.012,0.007
4575,2020,02/25,14.350100588550859,São Miguel do Iguaçu,32.0,0.5,0.95,0.012,0.007
4576,2021,02/25,15.253830176210627,São Miguel do Iguaçu,32.0,0.5,0.95,0.012,0.007
4577,2022,02/25,13.42821250182688,São Miguel do Iguaçu,32.0,0.5,0.95,0.012,0.007
4578,2023,02/25,15.25334866102817,São Miguel do Iguaçu,32.0,0.5,0.95,0.012,0.007
4579,2024,02/25,15.016594681125948,São Miguel do Iguaçu,32.0,0.5,0.95,0.012,0.007
4580,2015,02/25,14.824123067231284,São Pedro do Iguaçu,32.0,0.5,0.95,0.012,0.007
4581,2016,02/25,11.663242710291707,São Pedro do Iguaçu,32.0,0.5,0.95,0.012,0.007
4582,2017,02/25,14.244758055528434,São Pedro do Iguaçu,32.0,0.5,0.95,0.012,0.007
4583,2018,02/25,13.79092956317039,São Pedro do Iguaçu,32.0,0.5,0.95,0.012,0.007
4584,2019,02/25,15.30466222666609,São Pedro do Iguaçu,32.0,0.5,0.95,0.012,0.007
4585,2020,02/25,13.911572813226364,São Pedro do Iguaçu,32.0,0.5,0.95,0.012,0.007
4586,2021,02/25,14.802552566975319,São Pedro do Iguaçu,32.0,0.5,0.95,0.012,0.007
4587,2022,02/25,12.606046166185102,São Pedro do Iguaçu,32.0,0.5,0.95,0.012,0.007
4588,2023,02/25,14.514868528643978,São Pedro do Iguaçu,32.0,0.5,0.95,0.012,0.007
4589,2024,02/25,14.893325293998394,São Pedro do Iguaçu,32.0,0.5,0.95,0.012,0.007
4590,2015,02/25,15.224275556917256,Toledo,32.0,0.5,0.95,0.012,0.007
4591,2016,02/25,12.378620702711318,Toledo,32.0,0.5,0.95,0.012,0.007
4592,2017,02/25,14.58685350809301,Toledo,32.0,0.5,0.95,0.012,0.007
4593,2018,02/25,14.451132366810333,Toledo,32.0,0.5,0.95,0.012,0.007
4594,2019,02/25,15.585359933897847,Toledo,32.0,0.5,0.95,0.012,0.007
4595,2020,02/25,14.840242928260938,Toledo,32.0,0.5,0.95,0.012,0.007
4596,2021,02/25,15.275518614627384,Toledo,32.0,0.5,0.95,0.012,0.007
4597,2022,02/25,13.179208550183613,Toledo,32.0,0.5,0.95,0.012,0.007
4598,2023,02/25,14.907978111120174,Toledo,32.0,0.5,0.95,0.012,0.007
4599,2024,02/25,15.432975109443642,Toledo,32.0,0.5,0.95,0.012,0.007
4600,2015,02/25,14.85573449624301,Cascavel,32.0,0.5,0.95,0.013,0.006
4601,2016,02/25,11.351035329240302,Cascavel,32.0,0.5,0.95,0.013,0.006
4602,2017,02/25,14.015245848025575,Cascavel,32.0,0.5,0.95,0.013,0.006
4603,2018,02/25,13.543959611071426,Cascavel,32.0,0.5,0.95,0.013,0.006
4604,2019,02/25,15.197273868085412,Cascavel,32.0,0.5,0.95,0.013,0.006
4605,2020,02/25,13.739659851265797,Cascavel,32.0,0.5,0.95,0.013,0.006
4606,2021,02/25,14.480713183841461,Cascavel,32.0,0.5,0.95,0.013,0.006
4607,2022,02/25,12.52255222728817,Cascavel,32.0,0.5,0.95,0.013,0.006
4608,2023,02/25,13.99154480411189,Cascavel,32.0,0.5,0.95,0.013,0.006
4609,2024,02/25,15.024747841894403,Cascavel,32.0,0.5,0.95,0.013,0.006
4610,2015,02/25,15.351734389863852,Foz do Iguaçu,32.0,0.5,0.95,0.013,0.006
4611,2016,02/25,12.74904003506052,Foz do Iguaçu,32.0,0.5,0.95,0.013,0.006
4612,2017,02/25,14.83129227543946,Foz do Iguaçu,32.0,0.5,0.95,0.013,0.006
4613,2018,02/25,14.245012806318275,Foz do Iguaçu,32.0,0.5,0.95,0.013,0.006
4614,2019,02/25,15.736572731490702,Foz do Iguaçu,32.0,0.5,0.95,0.013,0.006
4615,2020,02/25,14.350284539093556,Foz do Iguaçu,32.0,0.5,0.95,0.013,0.006
4616,2021,02/25,15.25355246358809,Foz do Iguaçu,32.0,0.5,0.95,0.013,0.006
4617,2022,02/25,13.42824226099439,Foz do Iguaçu,32.0,0.5,0.95,0.013,0.006
4618,2023,02/25,15.253444370536087,Foz do Iguaçu,32.0,0.5,0.95,0.013,0.006
4619,2024,02/25,15.016640577528053,Foz do Iguaçu,32.0,0.5,0.95,0.013,0.006
4620,2015,02/25,15.601150347875352,Guaíra,32.0,0.5,0.95,0.013,0.006
4621,2016,02/25,13.241546420355357,Guaíra,32.0,0.5,0.95,0.013,0.006
4622,2017,02/25,15.080303978720655,Guaíra,32.0,0.5,0.95,0.013,0.006
4623,2018,02/25,14.909207774304758,Guaíra,32.0,0.5,0.95,0.013,0.006
4624,2019,02/25,15.887876747153678,Guaíra,32.0,0.5,0.95,0.013,0.006
4625,2020,02/25,15.221383911237854,Guaíra,32.0,0.5,0.95,0.013,0.006
4626,2021,02/25,15.453322451823908,Guaíra,32.0,0.5,0.95,0.013,0.006
4627,2022,02/25,13.941191457701096,Guaíra,32.0,0.5,0.95,0.013,0.006
4628,2023,02/25,15.260586939109114,Guaíra,32.0,0.5,0.95,0.013,0.006
4629,2024,02/25,15.733646426494131,Guaíra,32.0,0.5,0.95,0.013,0.006
4630,2015,02/25,15.590222424306337,Marechal Cândido Rondon,32.0,0.5,0.95,0.013,0.006
4631,2016,02/25,13.35728838389416,Marechal Cândido Rondon,32.0,0.5,0.95,0.013,0.006
4632,2017,02/25,15.170798738842844,Marechal Cândido Rondon,32.0,0.5,0.95,0.013,0.006
4633,2018,02/25,15.030037678447934,Marechal Cândido Rondon,32.0,0.5,0.95,0.013,0.006
4634,2019,02/25,15.918456064074608,Marechal Cândido Rondon,32.0,0.5,0.95,0.013,0.006
4635,2020,02/25,15.178206502802222,Marechal Cândido Rondon,32.0,0.5,0.95,0.013,0.006
4636,2021,02/25,15.667460163827386,Marechal Cândido Rondon,32.0,0.5,0.95,0.013,0.006
4637,2022,02/25,13.980168044039356,Marechal Cândido Rondon,32.0,0.5,0.95,0.013,0.006
4638,2023,02/25,15.385837222981277,Marechal Cândido Rondon,32.0,0.5,0.95,0.013,0.006
4639,2024,02/25,15.602956616331959,Marechal Cândido Rondon,32.0,0.5,0.95,0.013,0.006
4640,2015,02/25,15.043503710417724,Matelândia,32.0,0.5,0.95,0.013,0.006
4641,2016,02/25,11.984691425257767,Matelândia,32.0,0.5,0.95,0.013,0.006
4642,2017,02/25,14.464294685145836,Matelândia,32.0,0.5,0.95,0.013,0.006
4643,2018,02/25,13.786051691479395,Matelândia,32.0,0.5,0.95,0.013,0.006
4644,2019,02/25,15.482088739292076,Matelândia,32.0,0.5,0.95,0.013,0.006
4645,2020,02/25,13.930794552575088,Matelândia,32.0,0.5,0.95,0.013,0.006
4646,2021,02/25,14.940158218583528,Matelândia,32.0,0.5,0.95,0.013,0.006
4647,2022,02/25,12.937278246109257,Matelândia,32.0,0.5,0.95,0.013,0.006
4648,2023,02/25,14.760371917647113,Matelândia,32.0,0.5,0.95,0.013,0.006
4649,2024,02/25,14.949889315268873,Matelândia,32.0,0.5,0.95,0.013,0.006
4650,2015,02/25,15.351103841129829,Medianeira,32.0,0.5,0.95,0.013,0.006
4651,2016,02/25,12.74895887950928,Medianeira,32.0,0.5,0.95,0.013,0.006
4652,2017,02/25,14.831144949938421,Medianeira,32.0,0.5,0.95,0.013,0.006
4653,2018,02/25,14.2453487430182,Medianeira,32.0,0.5,0.95,0.013,0.006
4654,2019,02/25,15.736411698974877,Medianeira,32.0,0.5,0.95,0.013,0.006
4655,2020,02/25,14.349563891764367,Medianeira,32.0,0.5,0.95,0.013,0.006
4656,2021,02/25,15.255229695561784,Medianeira,32.0,0.5,0.95,0.013,0.006
4657,2022,02/25,13.427612250074352,Medianeira,32.0,0.5,0.95,0.013,0.006
4658,2023,02/25,15.252904444098778,Medianeira,32.0,0.5,0.95,0.013,0.006
4659,2024,02/25,15.01635506464056,Medianeira,32.0,0.5,0.95,0.013,0.006
4660,2015,02/25,15.555090448207539,Santa Helena,32.0,0.5,0.95,0.013,0.006
4661,2016,02/25,13.367889373113014,Santa Helena,32.0,0.5,0.95,0.013,0.006
4662,2017,02/25,15.1746252409676,Santa Helena,32.0,0.5,0.95,0.013,0.006
4663,2018,02/25,14.852121295738975,Santa Helena,32.0,0.5,0.95,0.013,0.006
4664,2019,02/25,15.898093355347013,Santa Helena,32.0,0.5,0.95,0.013,0.006
4665,2020,02/25,14.968530276133025,Santa Helena,32.0,0.5,0.95,0.013,0.006
4666,2021,02/25,15.094553411360101,Santa Helena,32.0,0.5,0.95,0.013,0.006
4667,2022,02/25,13.995582341842235,Santa Helena,32.0,0.5,0.95,0.013,0.006
4668,2023,02/25,15.451726391718928,Santa Helena,32.0,0.5,0.95,0.013,0.006
4669,2024,02/25,15.324600150434534,Santa Helena,32.0,0.5,0.95,0.013,0.006
4670,2015,02/25,15.351608669789442,São Miguel do Iguaçu,32.0,0.5,0.95,0.013,0.006
4671,2016,02/25,12.749024538730156,São Miguel do Iguaçu,32.0,0.5,0.95,0.013,0.006
4672,2017,02/25,14.831271907988786,São Miguel do Iguaçu,32.0,0.5,0.95,0.013,0.006
4673,2018,02/25,14.245082771077184,São Miguel do Iguaçu,32.0,0.5,0.95,0.013,0.006
4674,2019,02/25,15.73654288602462,São Miguel do Iguaçu,32.0,0.5,0.95,0.013,0.006
4675,2020,02/25,14.350100588550859,São Miguel do Iguaçu,32.0,0.5,0.95,0.013,0.006
4676,2021,02/25,15.253830176210627,São Miguel do Iguaçu,32.0,0.5,0.95,0.013,0.006
4677,2022,02/25,13.42821250182688,São Miguel do Iguaçu,32.0,0.5,0.95,0.013,0.006
4678,2023,02/25,15.25334866102817,São Miguel do Iguaçu,32.0,0.5,0.95,0.013,0.006
4679,2024,02/25,15.016594681125948,São Miguel do Iguaçu,32.0,0.5,0.95,0.013,0.006
4680,2015,02/25,14.824123067231284,São Pedro do Iguaçu,32.0,0.5,0.95,0.013,0.006
4681,2016,02/25,11.663242710291707,São Pedro do Iguaçu,32.0,0.5,0.95,0.013,0.006
4682,2017,02/25,14.244758055528434,São Pedro do Iguaçu,32.0,0.5,0.95,0.013,0.006
4683,2018,02/25,13.79092956317039,São Pedro do Iguaçu,32.0,0.5,0.95,0.013,0.006
4684,2019,02/25,15.30466222666609,São Pedro do Iguaçu,32.0,0.5,0.95,0.013,0.006
4685,2020,02/25,13.911572813226364,São Pedro do Iguaçu,32.0,0.5,0.95,0.013,0.006
4686,2021,02/25,14.802552566975319,São Pedro do Iguaçu,32.0,0.5,0.95,0.013,0.006
4687,2022,02/25,12.606046166185102,São Pedro do Iguaçu,32.0,0.5,0.95,0.013,0.006
4688,2023,02/25,14.514868528643978,São Pedro do Iguaçu,32.0,0.5,0.95,0.013,0.006
4689,2024,02/25,14.893325293998394,São Pedro do Iguaçu,32.0,0.5,0.95,0.013,0.006
4690,2015,02/25,15.224275556917256,Toledo,32.0,0.5,0.95,0.013,0.006
4691,2016,02/25,12.378620702711318,Toledo,32.0,0.5,0.95,0.013,0.006
4692,2017,02/25,14.58685350809301,Toledo,32.0,0.5,0.95,0.013,0.006
4693,2018,02/25,14.451132366810333,Toledo,32.0,0.5,0.95,0.013,0.006
4694,2019,02/25,15.585359933897847,Toledo,32.0,0.5,0.95,0.013,0.006
4695,2020,02/25,14.840242928260938,Toledo,32.0,0.5,0.95,0.013,0.006
4696,2021,02/25,15.275518614627384,Toledo,32.0,0.5,0.95,0.013,0.006
4697,2022,02/25,13.179208550183613,Toledo,32.0,0.5,0.95,0.013,0.006
4698,2023,02/25,14.907978111120174,Toledo,32.0,0.5,0.95,0.013,0.006
4699,2024,02/25,15.432975109443642,Toledo,32.0,0.5,0.95,0.013,0.006
4700,2015,02/25,14.85573449624301,Cascavel,32.0,0.5,0.95,0.013,0.007
4701,2016,02/25,11.351035329240302,Cascavel,32.0,0.5,0.95,0.013,0.007
4702,2017,02/25,14.015245848025575,Cascavel,32.0,0.5,0.95,0.013,0.007
4703,2018,02/25,13.543959611071426,Cascavel,32.0,0.5,0.95,0.013,0.007
4704,2019,02/25,15.197273868085412,Cascavel,32.0,0.5,0.95,0.013,0.007
4705,2020,02/25,13.739659851265797,Cascavel,32.0,0.5,0.95,0.013,0.007
4706,2021,02/25,14.480713183841461,Cascavel,32.0,0.5,0.95,0.013,0.007
4707,2022,02/25,12.52255222728817,Cascavel,32.0,0.5,0.95,0.013,0.007
4708,2023,02/25,13.99154480411189,Cascavel,32.0,0.5,0.95,0.013,0.007
4709,2024,02/25,15.024747841894403,Cascavel,32.0,0.5,0.95,0.013,0.007
4710,2015,02/25,15.351734389863852,Foz do Iguaçu,32.0,0.5,0.95,0.013,0.007
4711,2016,02/25,12.74904003506052,Foz do Iguaçu,32.0,0.5,0.95,0.013,0.007
4712,2017,02/25,14.83129227543946,Foz do Iguaçu,32.0,0.5,0.95,0.013,0.007
4713,2018,02/25,14.245012806318275,Foz do Iguaçu,32.0,0.5,0.95,0.013,0.007
4714,2019,02/25,15.736572731490702,Foz do Iguaçu,32.0,0.5,0.95,0.013,0.007
4715,2020,02/25,14.350284539093556,Foz do Iguaçu,32.0,0.5,0.95,0.013,0.007
4716,2021,02/25,15.25355246358809,Foz do Iguaçu,32.0,0.5,0.95,0.013,0.007
4717,2022,02/25,13.42824226099439,Foz do Iguaçu,32.0,0.5,0.95,0.013,0.007
4718,2023,02/25,15.253444370536087,Foz do Iguaçu,32.0,0.5,0.95,0.013,0.007
4719,2024,02/25,15.016640577528053,Foz do Iguaçu,32.0,0.5,0.95,0.013,0.007
4720,2015,02/25,15.601150347875352,Guaíra,32.0,0.5,0.95,0.013,0.007
4721,2016,02/25,13.241546420355357,Guaíra,32.0,0.5,0.95,0.013,0.007
4722,2017,02/25,15.080303978720655,Guaíra,32.0,0.5,0.95,0.013,0.007
4723,2018,02/25,14.909207774304758,Guaíra,32.0,0.5,0.95,0.013,0.007
4724,2019,02/25,15.887876747153678,Guaíra,32.0,0.5,0.95,0.013,0.007
4725,2020,02/25,15.221383911237854,Guaíra,32.0,0.5,0.95,0.013,0.007
4726,2021,02/25,15.453322451823908,Guaíra,32.0,0.5,0.95,0.013,0.007
4727,2022,02/25,13.941191457701096,Guaíra,32.0,0.5,0.95,0.013,0.007
4728,2023,02/25,15.260586939109114,Guaíra,32.0,0.5,0.95,0.013,0.007
4729,2024,02/25,15.733646426494131,Guaíra,32.0,0.5,0.95,0.013,0.007
4730,2015,02/25,15.590222424306337,Marechal Cândido Rondon,32.0,0.5,0.95,0.013,0.007
4731,2016,02/25,13.35728838389416,Marechal Cândido Rondon,32.0,0.5,0.95,0.013,0.007
4732,2017,02/25,15.170798738842844,Marechal Cândido Rondon,32.0,0.5,0.95,0.013,0.007
4733,2018,02/25,15.030037678447934,Marechal Cândido Rondon,32.0,0.5,0.95,0.013,0.007
4734,2019,02/25,15.918456064074608,Marechal Cândido Rondon,32.0,0.5,0.95,0.013,0.007
4735,2020,02/25,15.178206502802222,Marechal Cândido Rondon,32.0,0.5,0.95,0.013,0.007
4736,2021,02/25,15.667460163827386,Marechal Cândido Rondon,32.0,0.5,0.95,0.013,0.007
4737,2022,02/25,13.980168044039356,Marechal Cândido Rondon,32.0,0.5,0.95,0.013,0.007
4738,2023,02/25,15.385837222981277,Marechal Cândido Rondon,32.0,0.5,0.95,0.013,0.007
4739,2024,02/25,15.602956616331959,Marechal Cândido Rondon,32.0,0.5,0.95,0.013,0.007
4740,2015,02/25,15.043503710417724,Matelândia,32.0,0.5,0.95,0.013,0.007
4741,2016,02/25,11.984691425257767,Matelândia,32.0,0.5,0.95,0.013,0.007
4742,2017,02/25,14.464294685145836,Matelândia,32.0,0.5,0.95,0.013,0.007
4743,2018,02/25,13.786051691479395,Matelândia,32.0,0.5,0.95,0.013,0.007
4744,2019,02/25,15.482088739292076,Matelândia,32.0,0.5,0.95,0.013,0.007
4745,2020,02/25,13.930794552575088,Matelândia,32.0,0.5,0.95,0.013,0.007
4746,2021,02/25,14.940158218583528,Matelândia,32.0,0.5,0.95,0.013,0.007
4747,2022,02/25,12.937278246109257,Matelândia,32.0,0.5,0.95,0.013,0.007
4748,2023,02/25,14.760371917647113,Matelândia,32.0,0.5,0.95,0.013,0.007
4749,2024,02/25,14.949889315268873,Matelândia,32.0,0.5,0.95,0.013,0.007
4750,2015,02/25,15.351103841129829,Medianeira,32.0,0.5,0.95,0.013,0.007
4751,2016,02/25,12.74895887950928,Medianeira,32.0,0.5,0.95,0.013,0.007
4752,2017,02/25,14.831144949938421,Medianeira,32.0,0.5,0.95,0.013,0.007
4753,2018,02/25,14.2453487430182,Medianeira,32.0,0.5,0.95,0.013,0.007
4754,2019,02/25,15.736411698974877,Medianeira,32.0,0.5,0.95,0.013,0.007
4755,2020,02/25,14.349563891764367,Medianeira,32.0,0.5,0.95,0.013,0.007
4756,2021,02/25,15.255229695561784,Medianeira,32.0,0.5,0.95,0.013,0.007
4757,2022,02/25,13.427612250074352,Medianeira,32.0,0.5,0.95,0.013,0.007
4758,2023,02/25,15.252904444098778,Medianeira,32.0,0.5,0.95,0.013,0.007
4759,2024,02/25,15.01635506464056,Medianeira,32.0,0.5,0.95,0.013,0.007
4760,2015,02/25,15.555090448207539,Santa Helena,32.0,0.5,0.95,0.013,0.007
4761,2016,02/25,13.367889373113014,Santa Helena,32.0,0.5,0.95,0.013,0.007
4762,2017,02/25,15.1746252409676,Santa Helena,32.0,0.5,0.95,0.013,0.007
4763,2018,02/25,14.852121295738975,Santa Helena,32.0,0.5,0.95,0.013,0.007
4764,2019,02/25,15.898093355347013,Santa Helena,32.0,0.5,0.95,0.013,0.007
4765,2020,02/25,14.968530276133025,Santa Helena,32.0,0.5,0.95,0.013,0.007
4766,2021,02/25,15.094553411360101,Santa Helena,32.0,0.5,0.95,0.013,0.007
4767,2022,02/25,13.995582341842235,Santa Helena,32.0,0.5,0.95,0.013,0.007
4768,2023,02/25,15.451726391718928,Santa Helena,32.0,0.5,0.95,0.013,0.007
4769,2024,02/25,15.324600150434534,Santa Helena,32.0,0.5,0.95,0.013,0.007
4770,2015,02/25,15.351608669789442,São Miguel do Iguaçu,32.0,0.5,0.95,0.013,0.007
4771,2016,02/25,12.749024538730156,São Miguel do Iguaçu,32.0,0.5,0.95,0.013,0.007
4772,2017,02/25,14.831271907988786,São Miguel do Iguaçu,32.0,0.5,0.95,0.013,0.007
4773,2018,02/25,14.245082771077184,São Miguel do Iguaçu,32.0,0.5,0.95,0.013,0.007
4774,2019,02/25,15.73654288602462,São Miguel do Iguaçu,32.0,0.5,0.95,0.013,0.007
4775,2020,02/25,14.350100588550859,São Miguel do Iguaçu,32.0,0.5,0.95,0.013,0.007
4776,2021,02/25,15.253830176210627,São Miguel do Iguaçu,32.0,0.5,0.95,0.013,0.007
4777,2022,02/25,13.42821250182688,São Miguel do Iguaçu,32.0,0.5,0.95,0.013,0.007
4778,2023,02/25,15.25334866102817,São Miguel do Iguaçu,32.0,0.5,0.95,0.013,0.007
4779,2024,02/25,15.016594681125948,São Miguel do Iguaçu,32.0,0.5,0.95,0.013,0.007
4780,2015,02/25,14.824123067231284,São Pedro do Iguaçu,32.0,0.5,0.95,0.013,0.007
4781,2016,02/25,11.663242710291707,São Pedro do Iguaçu,32.0,0.5,0.95,0.013,0.007
4782,2017,02/25,14.244758055528434,São Pedro do Iguaçu,32.0,0.5,0.95,0.013,0.007
4783,2018,02/25,13.79092956317039,São Pedro do Iguaçu,32.0,0.5,0.95,0.013,0.007
4784,2019,02/25,15.30466222666609,São Pedro do Iguaçu,32.0,0.5,0.95,0.013,0.007
4785,2020,02/25,13.911572813226364,São Pedro do Iguaçu,32.0,0.5,0.95,0.013,0.007
4786,2021,02/25,14.802552566975319,São Pedro do Iguaçu,32.0,0.5,0.95,0.013,0.007
4787,2022,02/25,12.606046166185102,São Pedro do Iguaçu,32.0,0.5,0.95,0.013,0.007
4788,2023,02/25,14.514868528643978,São Pedro do Iguaçu,32.0,0.5,0.95,0.013,0.007
4789,2024,02/25,14.893325293998394,São Pedro do Iguaçu,32.0,0.5,0.95,0.013,0.007
4790,2015,02/25,15.224275556917256,Toledo,32.0,0.5,0.95,0.013,0.007
4791,2016,02/25,12.378620702711318,Toledo,32.0,0.5,0.95,0.013,0.007
4792,2017,02/25,14.58685350809301,Toledo,32.0,0.5,0.95,0.013,0.007
4793,2018,02/25,14.451132366810333,Toledo,32.0,0.5,0.95,0.013,0.007
4794,2019,02/25,15.585359933897847,Toledo,32.0,0.5,0.95,0.013,0.007
4795,2020,02/25,14.840242928260938,Toledo,32.0,0.5,0.95,0.013,0.007
4796,2021,02/25,15.275518614627384,Toledo,32.0,0.5,0.95,0.013,0.007
4797,2022,02/25,13.179208550183613,Toledo,32.0,0.5,0.95,0.013,0.007
4798,2023,02/25,14.907978111120174,Toledo,32.0,0.5,0.95,0.013,0.007
4799,2024,02/25,15.432975109443642,Toledo,32.0,0.5,0.95,0.013,0.007
4800,2015,02/25,13.66845034721446,Cascavel,34.0,0.45,0.9,0.012,0.006
4801,2016,02/25,10.433530905431656,Cascavel,34.0,0.45,0.9,0.012,0.006
4802,2017,02/25,12.87915995980975,Cascavel,34.0,0.45,0.9,0.012,0.006
4803,2018,02/25,12.42667513137583,Cascavel,34.0,0.45,0.9,0.012,0.006
4804,2019,02/25,13.94540676083704,Cascavel,34.0,0.45,0.9,0.012,0.006
4805,2020,02/25,12.610045750470027,Cascavel,34.0,0.45,0.9,0.012,0.006
4806,2021,02/25,13.28104681544022,Cascavel,34.0,0.45,0.9,0.012,0.006
4807,2022,02/25,11.468177996940346,Cascavel,34.0,0.45,0.9,0.012,0.006
4808,2023,02/25,12.80446571893984,Cascavel,34.0,0.45,0.9,0.012,0.006
4809,2024,02/25,13.748971921438777,Cascavel,34.0,0.45,0.9,0.012,0.006
4810,2015,02/25,14.121369469627098,Foz do Iguaçu,34.0,0.45,0.9,0.012,0.006
4811,2016,02/25,11.714813351237256,Foz do Iguaçu,34.0,0.45,0.9,0.012,0.006
4812,2017,02/25,13.621945043705068,Foz do Iguaçu,34.0,0.45,0.9,0.012,0.006
4813,2018,02/25,13.069234230740651,Foz do Iguaçu,34.0,0.45,0.9,0.012,0.006
4814,2019,02/25,14.441321671696024,Foz do Iguaçu,34.0,0.45,0.9,0.012,0.006
4815,2020,02/25,13.167053432511107,Foz do Iguaçu,34.0,0.45,0.9,0.012,0.006
4816,2021,02/25,13.983779657343904,Foz do Iguaçu,34.0,0.45,0.9,0.012,0.006
4817,2022,02/25,12.294103254199714,Foz do Iguaçu,34.0,0.45,0.9,0.012,0.006
4818,2023,02/25,13.956776181081647,Foz do Iguaçu,34.0,0.45,0.9,0.012,0.006
4819,2024,02/25,13.743747689930077,Foz do Iguaçu,34.0,0.45,0.9,0.012,0.006
4820,2015,02/25,14.349774538805733,Guaíra,34.0,0.45,0.9,0.012,0.006
4821,2016,02/25,12.167171304515383,Guaíra,34.0,0.45,0.9,0.012,0.006
4822,2017,02/25,13.85041655308263,Guaíra,34.0,0.45,0.9,0.012,0.006
4823,2018,02/25,13.677020328238992,Guaíra,34.0,0.45,0.9,0.012,0.006
4824,2019,02/25,14.5754145308471,Guaíra,34.0,0.45,0.9,0.012,0.006
4825,2020,02/25,13.961030250265557,Guaíra,34.0,0.45,0.9,0.012,0.006
4826,2021,02/25,14.166792082355569,Guaíra,34.0,0.45,0.9,0.012,0.006
4827,2022,02/25,12.763429164554056,Guaíra,34.0,0.45,0.9,0.012,0.006
4828,2023,02/25,13.962707719738203,Guaíra,34.0,0.45,0.9,0.012,0.006
4829,2024,02/25,14.390479127789098,Guaíra,34.0,0.45,0.9,0.012,0.006
4830,2015,02/25,14.339788555879238,Marechal Cândido Rondon,34.0,0.45,0.9,0.012,0.006
4831,2016,02/25,12.27322434727909,Marechal Cândido Rondon,34.0,0.45,0.9,0.012,0.006
4832,2017,02/25,13.933434557635147,Marechal Cândido Rondon,34.0,0.45,0.9,0.012,0.006
4833,2018,02/25,13.786221441037947,Marechal Cândido Rondon,34.0,0.45,0.9,0.012,0.006
4834,2019,02/25,14.60384314875964,Marechal Cândido Rondon,34.0,0.45,0.9,0.012,0.006
4835,2020,02/25,13.921301852099193,Marechal Cândido Rondon,34.0,0.45,0.9,0.012,0.006
4836,2021,02/25,14.364199836507957,Marechal Cândido Rondon,34.0,0.45,0.9,0.012,0.006
4837,2022,02/25,12.79921113805971,Marechal Cândido Rondon,34.0,0.45,0.9,0.012,0.006
4838,2023,02/25,14.07711740353281,Marechal Cândido Rondon,34.0,0.45,0.9,0.012,0.006
4839,2024,02/25,14.272714669764886,Marechal Cândido Rondon,34.0,0.45,0.9,0.012,0.006
4840,2015,02/25,13.839126063613728,Matelândia,34.0,0.45,0.9,0.012,0.006
4841,2016,02/25,11.013788335222541,Matelândia,34.0,0.45,0.9,0.012,0.006
4842,2017,02/25,13.287631229497052,Matelândia,34.0,0.45,0.9,0.012,0.006
4843,2018,02/25,12.64837840555998,Matelândia,34.0,0.45,0.9,0.012,0.006
4844,2019,02/25,14.208618159187008,Matelândia,34.0,0.45,0.9,0.012,0.006
4845,2020,02/25,12.784058068835733,Matelândia,34.0,0.45,0.9,0.012,0.006
4846,2021,02/25,13.700347349762605,Matelândia,34.0,0.45,0.9,0.012,0.006
4847,2022,02/25,11.845580915663268,Matelândia,34.0,0.45,0.9,0.012,0.006
4848,2023,02/25,13.505896884772323,Matelândia,34.0,0.45,0.9,0.012,0.006
4849,2024,02/25,13.68242647168412,Matelândia,34.0,0.45,0.9,0.012,0.006
4850,2015,02/25,14.120800917750573,Medianeira,34.0,0.45,0.9,0.012,0.006
4851,2016,02/25,11.714749842708528,Medianeira,34.0,0.45,0.9,0.012,0.006
4852,2017,02/25,13.621812752318647,Medianeira,34.0,0.45,0.9,0.012,0.006
4853,2018,02/25,13.06951979693405,Medianeira,34.0,0.45,0.9,0.012,0.006
4854,2019,02/25,14.441178797936283,Medianeira,34.0,0.45,0.9,0.012,0.006
4855,2020,02/25,13.166377590100698,Medianeira,34.0,0.45,0.9,0.012,0.006
4856,2021,02/25,13.986149625700579,Medianeira,34.0,0.45,0.9,0.012,0.006
4857,2022,02/25,12.293527711702305,Medianeira,34.0,0.45,0.9,0.012,0.006
4858,2023,02/25,13.956293500196574,Medianeira,34.0,0.45,0.9,0.012,0.006
4859,2024,02/25,13.743487320731383,Medianeira,34.0,0.45,0.9,0.012,0.006
4860,2015,02/25,14.307872015451476,Santa Helena,34.0,0.45,0.9,0.012,0.006
4861,2016,02/25,12.283571618468661,Santa Helena,34.0,0.45,0.9,0.012,0.006
4862,2017,02/25,13.93683030445986,Santa Helena,34.0,0.45,0.9,0.012,0.006
4863,2018,02/25,13.624048983263677,Santa Helena,34.0,0.45,0.9,0.012,0.006
4864,2019,02/25,14.58697240205318,Santa Helena,34.0,0.45,0.9,0.012,0.006
4865,2020,02/25,13.730750271705455,Santa Helena,34.0,0.45,0.9,0.012,0.006
4866,2021,02/25,13.981185579307054,Santa Helena,34.0,0.45,0.9,0.012,0.006
4867,2022,02/25,12.812930302822247,Santa Helena,34.0,0.45,0.9,0.012,0.006
4868,2023,02/25,14.138116454800924,Santa Helena,34.0,0.45,0.9,0.012,0.006
4869,2024,02/25,14.022031784874871,Santa Helena,34.0,0.45,0.9,0.012,0.006
4870,2015,02/25,14.121254699230091,São Miguel do Iguaçu,34.0,0.45,0.9,0.012,0.006
4871,2016,02/25,11.714800501059997,São Miguel do Iguaçu,34.0,0.45,0.9,0.012,0.006
4872,2017,02/25,13.621921559480727,São Miguel do Iguaçu,34.0,0.45,0.9,0.012,0.006
4873,2018,02/25,13.069301793760603,São Miguel do Iguaçu,34.0,0.45,0.9,0.012,0.006
4874,2019,02/25,14.441294536955192,São Miguel do Iguaçu,34.0,0.45,0.9,0.012,0.006
4875,2020,02/25,13.166888810286453,São Miguel do Iguaçu,34.0,0.45,0.9,0.012,0.006
4876,2021,02/25,13.98360948234653,São Miguel do Iguaçu,34.0,0.45,0.9,0.012,0.006
4877,2022,02/25,12.294076071553796,São Miguel do Iguaçu,34.0,0.45,0.9,0.012,0.006
4878,2023,02/25,13.956689240803332,São Miguel do Iguaçu,34.0,0.45,0.9,0.012,0.006
4879,2024,02/25,13.743701142589405,São Miguel do Iguaçu,34.0,0.45,0.9,0.012,0.006
4880,2015,02/25,13.638508858424682,São Pedro do Iguaçu,34.0,0.45,0.9,0.012,0.006
4881,2016,02/25,10.719288375877202,São Pedro do Iguaçu,34.0,0.45,0.9,0.012,0.006
4882,2017,02/25,13.088457258144711,São Pedro do Iguaçu,34.0,0.45,0.9,0.012,0.006
4883,2018,02/25,12.652222039084789,São Pedro do Iguaçu,34.0,0.45,0.9,0.012,0.006
4884,2019,02/25,14.044887603768679,São Pedro do Iguaçu,34.0,0.45,0.9,0.012,0.006
4885,2020,02/25,12.767059774303624,São Pedro do Iguaçu,34.0,0.45,0.9,0.012,0.006
4886,2021,02/25,13.569840952905022,São Pedro do Iguaçu,34.0,0.45,0.9,0.012,0.006
4887,2022,02/25,11.543292636093641,São Pedro do Iguaçu,34.0,0.45,0.9,0.012,0.006
4888,2023,02/25,13.281883799662404,São Pedro do Iguaçu,34.0,0.45,0.9,0.012,0.006
4889,2024,02/25,13.62901955568562,São Pedro do Iguaçu,34.0,0.45,0.9,0.012,0.006
4890,2015,02/25,14.004959321624312,Toledo,34.0,0.45,0.9,0.012,0.006
4891,2016,02/25,11.375414217915464,Toledo,34.0,0.45,0.9,0.012,0.006
4892,2017,02/25,13.40002819877258,Toledo,34.0,0.45,0.9,0.012,0.006
4893,2018,02/25,13.256866724029766,Toledo,34.0,0.45,0.9,0.012,0.006
4894,2019,02/25,14.299693833351903,Toledo,34.0,0.45,0.9,0.012,0.006
4895,2020,02/25,13.615340607105324,Toledo,34.0,0.45,0.9,0.012,0.006
4896,2021,02/25,14.003710353339772,Toledo,34.0,0.45,0.9,0.012,0.006
4897,2022,02/25,12.067589274709912,Toledo,34.0,0.45,0.9,0.012,0.006
4898,2023,02/25,13.641003833108293,Toledo,34.0,0.45,0.9,0.012,0.006
4899,2024,02/25,14.117880347994037,Toledo,34.0,0.45,0.9,0.012,0.006
4900,2015,02/25,13.66845034721446,Cascavel,34.0,0.45,0.9,0.012,0.007
4901,2016,02/25,10.433530905431656,Cascavel,34.0,0.45,0.9,0.012,0.007
4902,2017,02/25,12.87915995980975,Cascavel,34.0,0.45,0.9,0.012,0.007
4903,2018,02/25,12.42667513137583,Cascavel,34.0,0.45,0.9,0.012,0.007
4904,2019,02/25,13.94540676083704,Cascavel,34.0,0.45,0.9,0.012,0.007
4905,2020,02/25,12.610045750470027,Cascavel,34.0,0.45,0.9,0.012,0.007
4906,2021,02/25,13.28104681544022,Cascavel,34.0,0.45,0.9,0.012,0.007
4907,2022,02/25,11.468177996940346,Cascavel,34.0,0.45,0.9,0.012,0.007
4908,2023,02/25,12.80446571893984,Cascavel,34.0,0.45,0.9,0.012,0.007
4909,2024,02/25,13.748971921438777,Cascavel,34.0,0.45,0.9,0.012,0.007
4910,2015,02/25,14.121369469627098,Foz do Iguaçu,34.0,0.45,0.9,0.012,0.007
4911,2016,02/25,11.714813351237256,Foz do Iguaçu,34.0,0.45,0.9,0.012,0.007
4912,2017,02/25,13.621945043705068,Foz do Iguaçu,34.0,0.45,0.9,0.012,0.007
4913,2018,02/25,13.069234230740651,Foz do Iguaçu,34.0,0.45,0.9,0.012,0.007
4914,2019,02/25,14.441321671696024,Foz do Iguaçu,34.0,0.45,0.9,0.012,0.007
4915,2020,02/25,13.167053432511107,Foz do Iguaçu,34.0,0.45,0.9,0.012,0.007
4916,2021,02/25,13.983779657343904,Foz do Iguaçu,34.0,0.45,0.9,0.012,0.007
4917,2022,02/25,12.294103254199714,Foz do Iguaçu,34.0,0.45,0.9,0.012,0.007
4918,2023,02/25,13.956776181081647,Foz do Iguaçu,34.0,0.45,0.9,0.012,0.007
4919,2024,02/25,13.743747689930077,Foz do Iguaçu,34.0,0.45,0.9,0.012,0.007
4920,2015,02/25,14.349774538805733,Guaíra,34.0,0.45,0.9,0.012,0.007
4921,2016,02/25,12.167171304515383,Guaíra,34.0,0.45,0.9,0.012,0.007
4922,2017,02/25,13.85041655308263,Guaíra,34.0,0.45,0.9,0.012,0.007
4923,2018,02/25,13.677020328238992,Guaíra,34.0,0.45,0.9,0.012,0.007
4924,2019,02/25,14.5754145308471,Guaíra,34.0,0.45,0.9,0.012,0.007
4925,2020,02/25,13.961030250265557,Guaíra,34.0,0.45,0.9,0.012,0.007
4926,2021,02/25,14.166792082355569,Guaíra,34.0,0.45,0.9,0.012,0.007
4927,2022,02/25,12.763429164554056,Guaíra,34.0,0.45,0.9,0.012,0.007
4928,2023,02/25,13.962707719738203,Guaíra,34.0,0.45,0.9,0.012,0.007
4929,2024,02/25,14.390479127789098,Guaíra,34.0,0.45,0.9,0.012,0.007
4930,2015,02/25,14.339788555879238,Marechal Cândido Rondon,34.0,0.45,0.9,0.012,0.007
4931,2016,02/25,12.27322434727909,Marechal Cândido Rondon,34.0,0.45,0.9,0.012,0.007
4932,2017,02/25,13.933434557635147,Marechal Cândido Rondon,34.0,0.45,0.9,0.012,0.007
4933,2018,02/25,13.786221441037947,Marechal Cândido Rondon,34.0,0.45,0.9,0.012,0.007
4934,2019,02/25,14.60384314875964,Marechal Cândido Rondon,34.0,0.45,0.9,0.012,0.007
4935,2020,02/25,13.921301852099193,Marechal Cândido Rondon,34.0,0.45,0.9,0.012,0.007
4936,2021,02/25,14.364199836507957,Marechal Cândido Rondon,34.0,0.45,0.9,0.012,0.007
4937,2022,02/25,12.79921113805971,Marechal Cândido Rondon,34.0,0.45,0.9,0.012,0.007
4938,2023,02/25,14.07711740353281,Marechal Cândido Rondon,34.0,0.45,0.9,0.012,0.007
4939,2024,02/25,14.272714669764886,Marechal Cândido Rondon,34.0,0.45,0.9,0.012,0.007
4940,2015,02/25,13.839126063613728,Matelândia,34.0,0.45,0.9,0.012,0.007
4941,2016,02/25,11.013788335222541,Matelândia,34.0,0.45,0.9,0.012,0.007
4942,2017,02/25,13.287631229497052,Matelândia,34.0,0.45,0.9,0.012,0.007
4943,2018,02/25,12.64837840555998,Matelândia,34.0,0.45,0.9,0.012,0.007
4944,2019,02/25,14.208618159187008,Matelândia,34.0,0.45,0.9,0.012,0.007
4945,2020,02/25,12.784058068835733,Matelândia,34.0,0.45,0.9,0.012,0.007
4946,2021,02/25,13.700347349762605,Matelândia,34.0,0.45,0.9,0.012,0.007
4947,2022,02/25,11.845580915663268,Matelândia,34.0,0.45,0.9,0.012,0.007
4948,2023,02/25,13.505896884772323,Matelândia,34.0,0.45,0.9,0.012,0.007
4949,2024,02/25,13.68242647168412,Matelândia,34.0,0.45,0.9,0.012,0.007
4950,2015,02/25,14.120800917750573,Medianeira,34.0,0.45,0.9,0.012,0.007
4951,2016,02/25,11.714749842708528,Medianeira,34.0,0.45,0.9,0.012,0.007
4952,2017,02/25,13.621812752318647,Medianeira,34.0,0.45,0.9,0.012,0.007
4953,2018,02/25,13.06951979693405,Medianeira,34.0,0.45,0.9,0.012,0.007
4954,2019,02/25,14.441178797936283,Medianeira,34.0,0.45,0.9,0.012,0.007
4955,2020,02/25,13.166377590100698,Medianeira,34.0,0.45,0.9,0.012,0.007
4956,2021,02/25,13.986149625700579,Medianeira,34.0,0.45,0.9,0.012,0.007
4957,2022,02/25,12.293527711702305,Medianeira,34.0,0.45,0.9,0.012,0.007
4958,2023,02/25,13.956293500196574,Medianeira,34.0,0.45,0.9,0.012,0.007
4959,2024,02/25,13.743487320731383,Medianeira,34.0,0.45,0.9,0.012,0.007
4960,2015,02/25,14.307872015451476,Santa Helena,34.0,0.45,0.9,0.012,0.007
4961,2016,02/25,12.283571618468661,Santa Helena,34.0,0.45,0.9,0.012,0.007
4962,2017,02/25,13.93683030445986,Santa Helena,34.0,0.45,0.9,0.012,0.007
4963,2018,02/25,13.624048983263677,Santa Helena,34.0,0.45,0.9,0.012,0.007
4964,2019,02/25,14.58697240205318,Santa Helena,34.0,0.45,0.9,0.012,0.007
4965,2020,02/25,13.730750271705455,Santa Helena,34.0,0.45,0.9,0.012,0.007
4966,2021,02/25,13.981185579307054,Santa Helena,34.0,0.45,0.9,0.012,0.007
4967,2022,02/25,12.812930302822247,Santa Helena,34.0,0.45,0.9,0.012,0.007
4968,2023,02/25,14.138116454800924,Santa Helena,34.0,0.45,0.9,0.012,0.007
4969,2024,02/25,14.022031784874871,Santa Helena,34.0,0.45,0.9,0.012,0.007
4970,2015,02/25,14.121254699230091,São Miguel do Iguaçu,34.0,0.45,0.9,0.012,0.007
4971,2016,02/25,11.714800501059997,São Miguel do Iguaçu,34.0,0.45,0.9,0.012,0.007
4972,2017,02/25,13.621921559480727,São Miguel do Iguaçu,34.0,0.45,0.9,0.012,0.007
4973,2018,02/25,13.069301793760603,São Miguel do Iguaçu,34.0,0.45,0.9,0.012,0.007
4974,2019,02/25,14.441294536955192,São Miguel do Iguaçu,34.0,0.45,0.9,0.012,0.007
4975,2020,02/25,13.166888810286453,São Miguel do Iguaçu,34.0,0.45,0.9,0.012,0.007
4976,2021,02/25,13.98360948234653,São Miguel do Iguaçu,34.0,0.45,0.9,0.012,0.007
4977,2022,02/25,12.294076071553796,São Miguel do Iguaçu,34.0,0.45,0.9,0.012,0.007
4978,2023,02/25,13.956689240803332,São Miguel do Iguaçu,34.0,0.45,0.9,0.012,0.007
4979,2024,02/25,13.743701142589405,São Miguel do Iguaçu,34.0,0.45,0.9,0.012,0.007
4980,2015,02/25,13.638508858424682,São Pedro do Iguaçu,34.0,0.45,0.9,0.012,0.007
4981,2016,02/25,10.719288375877202,São Pedro do Iguaçu,34.0,0.45,0.9,0.012,0.007
4982,2017,02/25,13.088457258144711,São Pedro do Iguaçu,34.0,0.45,0.9,0.012,0.007
4983,2018,02/25,12.652222039084789,São Pedro do Iguaçu,34.0,0.45,0.9,0.012,0.007
4984,2019,02/25,14.044887603768679,São Pedro do Iguaçu,34.0,0.45,0.9,0.012,0.007
4985,2020,02/25,12.767059774303624,São Pedro do Iguaçu,34.0,0.45,0.9,0.012,0.007
4986,2021,02/25,13.569840952905022,São Pedro do Iguaçu,34.0,0.45,0.9,0.012,0.007
4987,2022,02/25,11.543292636093641,São Pedro do Iguaçu,34.0,0.45,0.9,0.012,0.007
4988,2023,02/25,13.281883799662404,São Pedro do Iguaçu,34.0,0.45,0.9,0.012,0.007
4989,2024,02/25,13.62901955568562,São Pedro do Iguaçu,34.0,0.45,0.9,0.012,0.007
4990,2015,02/25,14.004959321624312,Toledo,34.0,0.45,0.9,0.012,0.007
4991,2016,02/25,11.375414217915464,Toledo,34.0,0.45,0.9,0.012,0.007
4992,2017,02/25,13.40002819877258,Toledo,34.0,0.45,0.9,0.012,0.007
4993,2018,02/25,13.256866724029766,Toledo,34.0,0.45,0.9,0.012,0.007
4994,2019,02/25,14.299693833351903,Toledo,34.0,0.45,0.9,0.012,0.007
4995,2020,02/25,13.615340607105324,Toledo,34.0,0.45,0.9,0.012,0.007
4996,2021,02/25,14.003710353339772,Toledo,34.0,0.45,0.9,0.012,0.007
4997,2022,02/25,12.067589274709912,Toledo,34.0,0.45,0.9,0.012,0.007
4998,2023,02/25,13.641003833108293,Toledo,34.0,0.45,0.9,0.012,0.007
4999,2024,02/25,14.117880347994037,Toledo,34.0,0.45,0.9,0.012,0.007
5000,2015,02/25,13.66845034721446,Cascavel,34.0,0.45,0.9,0.013,0.006
5001,2016,02/25,10.433530905431656,Cascavel,34.0,0.45,0.9,0.013,0.006
5002,2017,02/25,12.87915995980975,Cascavel,34.0,0.45,0.9,0.013,0.006
5003,2018,02/25,12.42667513137583,Cascavel,34.0,0.45,0.9,0.013,0.006
5004,2019,02/25,13.94540676083704,Cascavel,34.0,0.45,0.9,0.013,0.006
5005,2020,02/25,12.610045750470027,Cascavel,34.0,0.45,0.9,0.013,0.006
5006,2021,02/25,13.28104681544022,Cascavel,34.0,0.45,0.9,0.013,0.006
5007,2022,02/25,11.468177996940346,Cascavel,34.0,0.45,0.9,0.013,0.006
5008,2023,02/25,12.80446571893984,Cascavel,34.0,0.45,0.9,0.013,0.006
5009,2024,02/25,13.748971921438777,Cascavel,34.0,0.45,0.9,0.013,0.006
5010,2015,02/25,14.121369469627098,Foz do Iguaçu,34.0,0.45,0.9,0.013,0.006
5011,2016,02/25,11.714813351237256,Foz do Iguaçu,34.0,0.45,0.9,0.013,0.006
5012,2017,02/25,13.621945043705068,Foz do Iguaçu,34.0,0.45,0.9,0.013,0.006
5013,2018,02/25,13.069234230740651,Foz do Iguaçu,34.0,0.45,0.9,0.013,0.006
5014,2019,02/25,14.441321671696024,Foz do Iguaçu,34.0,0.45,0.9,0.013,0.006
5015,2020,02/25,13.167053432511107,Foz do Iguaçu,34.0,0.45,0.9,0.013,0.006
5016,2021,02/25,13.983779657343904,Foz do Iguaçu,34.0,0.45,0.9,0.013,0.006
5017,2022,02/25,12.294103254199714,Foz do Iguaçu,34.0,0.45,0.9,0.013,0.006
5018,2023,02/25,13.956776181081647,Foz do Iguaçu,34.0,0.45,0.9,0.013,0.006
5019,2024,02/25,13.743747689930077,Foz do Iguaçu,34.0,0.45,0.9,0.013,0.006
5020,2015,02/25,14.349774538805733,Guaíra,34.0,0.45,0.9,0.013,0.006
5021,2016,02/25,12.167171304515383,Guaíra,34.0,0.45,0.9,0.013,0.006
5022,2017,02/25,13.85041655308263,Guaíra,34.0,0.45,0.9,0.013,0.006
5023,2018,02/25,13.677020328238992,Guaíra,34.0,0.45,0.9,0.013,0.006
5024,2019,02/25,14.5754145308471,Guaíra,34.0,0.45,0.9,0.013,0.006
5025,2020,02/25,13.961030250265557,Guaíra,34.0,0.45,0.9,0.013,0.006
5026,2021,02/25,14.166792082355569,Guaíra,34.0,0.45,0.9,0.013,0.006
5027,2022,02/25,12.763429164554056,Guaíra,34.0,0.45,0.9,0.013,0.006
5028,2023,02/25,13.962707719738203,Guaíra,34.0,0.45,0.9,0.013,0.006
5029,2024,02/25,14.390479127789098,Guaíra,34.0,0.45,0.9,0.013,0.006
5030,2015,02/25,14.339788555879238,Marechal Cândido Rondon,34.0,0.45,0.9,0.013,0.006
5031,2016,02/25,12.27322434727909,Marechal Cândido Rondon,34.0,0.45,0.9,0.013,0.006
5032,2017,02/25,13.933434557635147,Marechal Cândido Rondon,34.0,0.45,0.9,0.013,0.006
5033,2018,02/25,13.786221441037947,Marechal Cândido Rondon,34.0,0.45,0.9,0.013,0.006
5034,2019,02/25,14.60384314875964,Marechal Cândido Rondon,34.0,0.45,0.9,0.013,0.006
5035,2020,02/25,13.921301852099193,Marechal Cândido Rondon,34.0,0.45,0.9,0.013,0.006
5036,2021,02/25,14.364199836507957,Marechal Cândido Rondon,34.0,0.45,0.9,0.013,0.006
5037,2022,02/25,12.79921113805971,Marechal Cândido Rondon,34.0,0.45,0.9,0.013,0.006
5038,2023,02/25,14.07711740353281,Marechal Cândido Rondon,34.0,0.45,0.9,0.013,0.006
5039,2024,02/25,14.272714669764886,Marechal Cândido Rondon,34.0,0.45,0.9,0.013,0.006
5040,2015,02/25,13.839126063613728,Matelândia,34.0,0.45,0.9,0.013,0.006
5041,2016,02/25,11.013788335222541,Matelândia,34.0,0.45,0.9,0.013,0.006
5042,2017,02/25,13.287631229497052,Matelândia,34.0,0.45,0.9,0.013,0.006
5043,2018,02/25,12.64837840555998,Matelândia,34.0,0.45,0.9,0.013,0.006
5044,2019,02/25,14.208618159187008,Matelândia,34.0,0.45,0.9,0.013,0.006
5045,2020,02/25,12.784058068835733,Matelândia,34.0,0.45,0.9,0.013,0.006
5046,2021,02/25,13.700347349762605,Matelândia,34.0,0.45,0.9,0.013,0.006
5047,2022,02/25,11.845580915663268,Matelândia,34.0,0.45,0.9,0.013,0.006
5048,2023,02/25,13.505896884772323,Matelândia,34.0,0.45,0.9,0.013,0.006
5049,2024,02/25,13.68242647168412,Matelândia,34.0,0.45,0.9,0.013,0.006
5050,2015,02/25,14.120800917750573,Medianeira,34.0,0.45,0.9,0.013,0.006
5051,2016,02/25,11.714749842708528,Medianeira,34.0,0.45,0.9,0.013,0.006
5052,2017,02/25,13.621812752318647,Medianeira,34.0,0.45,0.9,0.013,0.006
5053,2018,02/25,13.06951979693405,Medianeira,34.0,0.45,0.9,0.013,0.006
5054,2019,02/25,14.441178797936283,Medianeira,34.0,0.45,0.9,0.013,0.006
5055,2020,02/25,13.166377590100698,Medianeira,34.0,0.45,0.9,0.013,0.006
5056,2021,02/25,13.986149625700579,Medianeira,34.0,0.45,0.9,0.013,0.006
5057,2022,02/25,12.293527711702305,Medianeira,34.0,0.45,0.9,0.013,0.006
5058,2023,02/25,13.956293500196574,Medianeira,34.0,0.45,0.9,0.013,0.006
5059,2024,02/25,13.743487320731383,Medianeira,34.0,0.45,0.9,0.013,0.006
5060,2015,02/25,14.307872015451476,Santa Helena,34.0,0.45,0.9,0.013,0.006
5061,2016,02/25,12.283571618468661,Santa Helena,34.0,0.45,0.9,0.013,0.006
5062,2017,02/25,13.93683030445986,Santa Helena,34.0,0.45,0.9,0.013,0.006
5063,2018,02/25,13.624048983263677,Santa Helena,34.0,0.45,0.9,0.013,0.006
5064,2019,02/25,14.58697240205318,Santa Helena,34.0,0.45,0.9,0.013,0.006
5065,2020,02/25,13.730750271705455,Santa Helena,34.0,0.45,0.9,0.013,0.006
5066,2021,02/25,13.981185579307054,Santa Helena,34.0,0.45,0.9,0.013,0.006
5067,2022,02/25,12.812930302822247,Santa Helena,34.0,0.45,0.9,0.013,0.006
5068,2023,02/25,14.138116454800924,Santa Helena,34.0,0.45,0.9,0.013,0.006
5069,2024,02/25,14.022031784874871,Santa Helena,34.0,0.45,0.9,0.013,0.006
5070,2015,02/25,14.121254699230091,São Miguel do Iguaçu,34.0,0.45,0.9,0.013,0.006
5071,2016,02/25,11.714800501059997,São Miguel do Iguaçu,34.0,0.45,0.9,0.013,0.006
5072,2017,02/25,13.621921559480727,São Miguel do Iguaçu,34.0,0.45,0.9,0.013,0.006
5073,2018,02/25,13.069301793760603,São Miguel do Iguaçu,34.0,0.45,0.9,0.013,0.006
5074,2019,02/25,14.441294536955192,São Miguel do Iguaçu,34.0,0.45,0.9,0.013,0.006
5075,2020,02/25,13.166888810286453,São Miguel do Iguaçu,34.0,0.45,0.9,0.013,0.006
5076,2021,02/25,13.98360948234653,São Miguel do Iguaçu,34.0,0.45,0.9,0.013,0.006
5077,2022,02/25,12.294076071553796,São Miguel do Iguaçu,34.0,0.45,0.9,0.013,0.006
5078,2023,02/25,13.956689240803332,São Miguel do Iguaçu,34.0,0.45,0.9,0.013,0.006
5079,2024,02/25,13.743701142589405,São Miguel do Iguaçu,34.0,0.45,0.9,0.013,0.006
5080,2015,02/25,13.638508858424682,São Pedro do Iguaçu,34.0,0.45,0.9,0.013,0.006
5081,2016,02/25,10.719288375877202,São Pedro do Iguaçu,34.0,0.45,0.9,0.013,0.006
5082,2017,02/25,13.088457258144711,São Pedro do Iguaçu,34.0,0.45,0.9,0.013,0.006
5083,2018,02/25,12.652222039084789,São Pedro do Iguaçu,34.0,0.45,0.9,0.013,0.006
5084,2019,02/25,14.044887603768679,São Pedro do Iguaçu,34.0,0.45,0.9,0.013,0.006
5085,2020,02/25,12.767059774303624,São Pedro do Iguaçu,34.0,0.45,0.9,0.013,0.006
5086,2021,02/25,13.569840952905022,São Pedro do Iguaçu,34.0,0.45,0.9,0.013,0.006
5087,2022,02/25,11.543292636093641,São Pedro do Iguaçu,34.0,0.45,0.9,0.013,0.006
5088,2023,02/25,13.281883799662404,São Pedro do Iguaçu,34.0,0.45,0.9,0.013,0.006
5089,2024,02/25,13.62901955568562,São Pedro do Iguaçu,34.0,0.45,0.9,0.013,0.006
5090,2015,02/25,14.004959321624312,Toledo,34.0,0.45,0.9,0.013,0.006
5091,2016,02/25,11.375414217915464,Toledo,34.0,0.45,0.9,0.013,0.006
5092,2017,02/25,13.40002819877258,Toledo,34.0,0.45,0.9,0.013,0.006
5093,2018,02/25,13.256866724029766,Toledo,34.0,0.45,0.9,0.013,0.006
5094,2019,02/25,14.299693833351903,Toledo,34.0,0.45,0.9,0.013,0.006
5095,2020,02/25,13.615340607105324,Toledo,34.0,0.45,0.9,0.013,0.006
5096,2021,02/25,14.003710353339772,Toledo,34.0,0.45,0.9,0.013,0.006
5097,2022,02/25,12.067589274709912,Toledo,34.0,0.45,0.9,0.013,0.006
5098,2023,02/25,13.641003833108293,Toledo,34.0,0.45,0.9,0.013,0.006
5099,2024,02/25,14.117880347994037,Toledo,34.0,0.45,0.9,0.013,0.006
5100,2015,02/25,13.66845034721446,Cascavel,34.0,0.45,0.9,0.013,0.007
5101,2016,02/25,10.433530905431656,Cascavel,34.0,0.45,0.9,0.013,0.007
5102,2017,02/25,12.87915995980975,Cascavel,34.0,0.45,0.9,0.013,0.007
5103,2018,02/25,12.42667513137583,Cascavel,34.0,0.45,0.9,0.013,0.007
5104,2019,02/25,13.94540676083704,Cascavel,34.0,0.45,0.9,0.013,0.007
5105,2020,02/25,12.610045750470027,Cascavel,34.0,0.45,0.9,0.013,0.007
5106,2021,02/25,13.28104681544022,Cascavel,34.0,0.45,0.9,0.013,0.007
5107,2022,02/25,11.468177996940346,Cascavel,34.0,0.45,0.9,0.013,0.007
5108,2023,02/25,12.80446571893984,Cascavel,34.0,0.45,0.9,0.013,0.007
5109,2024,02/25,13.748971921438777,Cascavel,34.0,0.45,0.9,0.013,0.007
5110,2015,02/25,14.121369469627098,Foz do Iguaçu,34.0,0.45,0.9,0.013,0.007
5111,2016,02/25,11.714813351237256,Foz do Iguaçu,34.0,0.45,0.9,0.013,0.007
5112,2017,02/25,13.621945043705068,Foz do Iguaçu,34.0,0.45,0.9,0.013,0.007
5113,2018,02/25,13.069234230740651,Foz do Iguaçu,34.0,0.45,0.9,0.013,0.007
5114,2019,02/25,14.441321671696024,Foz do Iguaçu,34.0,0.45,0.9,0.013,0.007
5115,2020,02/25,13.167053432511107,Foz do Iguaçu,34.0,0.45,0.9,0.013,0.007
5116,2021,02/25,13.983779657343904,Foz do Iguaçu,34.0,0.45,0.9,0.013,0.007
5117,2022,02/25,12.294103254199714,Foz do Iguaçu,34.0,0.45,0.9,0.013,0.007
5118,2023,02/25,13.956776181081647,Foz do Iguaçu,34.0,0.45,0.9,0.013,0.007
5119,2024,02/25,13.743747689930077,Foz do Iguaçu,34.0,0.45,0.9,0.013,0.007
5120,2015,02/25,14.349774538805733,Guaíra,34.0,0.45,0.9,0.013,0.007
5121,2016,02/25,12.167171304515383,Guaíra,34.0,0.45,0.9,0.013,0.007
5122,2017,02/25,13.85041655308263,Guaíra,34.0,0.45,0.9,0.013,0.007
5123,2018,02/25,13.677020328238992,Guaíra,34.0,0.45,0.9,0.013,0.007
5124,2019,02/25,14.5754145308471,Guaíra,34.0,0.45,0.9,0.013,0.007
5125,2020,02/25,13.961030250265557,Guaíra,34.0,0.45,0.9,0.013,0.007
5126,2021,02/25,14.166792082355569,Guaíra,34.0,0.45,0.9,0.013,0.007
5127,2022,02/25,12.763429164554056,Guaíra,34.0,0.45,0.9,0.013,0.007
5128,2023,02/25,13.962707719738203,Guaíra,34.0,0.45,0.9,0.013,0.007
5129,2024,02/25,14.390479127789098,Guaíra,34.0,0.45,0.9,0.013,0.007
5130,2015,02/25,14.339788555879238,Marechal Cândido Rondon,34.0,0.45,0.9,0.013,0.007
5131,2016,02/25,12.27322434727909,Marechal Cândido Rondon,34.0,0.45,0.9,0.013,0.007
5132,2017,02/25,13.933434557635147,Marechal Cândido Rondon,34.0,0.45,0.9,0.013,0.007
5133,2018,02/25,13.786221441037947,Marechal Cândido Rondon,34.0,0.45,0.9,0.013,0.007
5134,2019,02/25,14.60384314875964,Marechal Cândido Rondon,34.0,0.45,0.9,0.013,0.007
5135,2020,02/25,13.921301852099193,Marechal Cândido Rondon,34.0,0.45,0.9,0.013,0.007
5136,2021,02/25,14.364199836507957,Marechal Cândido Rondon,34.0,0.45,0.9,0.013,0.007
5137,2022,02/25,12.79921113805971,Marechal Cândido Rondon,34.0,0.45,0.9,0.013,0.007
5138,2023,02/25,14.07711740353281,Marechal Cândido Rondon,34.0,0.45,0.9,0.013,0.007
5139,2024,02/25,14.272714669764886,Marechal Cândido Rondon,34.0,0.45,0.9,0.013,0.007
5140,2015,02/25,13.839126063613728,Matelândia,34.0,0.45,0.9,0.013,0.007
5141,2016,02/25,11.013788335222541,Matelândia,34.0,0.45,0.9,0.013,0.007
5142,2017,02/25,13.287631229497052,Matelândia,34.0,0.45,0.9,0.013,0.007
5143,2018,02/25,12.64837840555998,Matelândia,34.0,0.45,0.9,0.013,0.007
5144,2019,02/25,14.208618159187008,Matelândia,34.0,0.45,0.9,0.013,0.007
5145,2020,02/25,12.784058068835733,Matelândia,34.0,0.45,0.9,0.013,0.007
5146,2021,02/25,13.700347349762605,Matelândia,34.0,0.45,0.9,0.013,0.007
5147,2022,02/25,11.845580915663268,Matelândia,34.0,0.45,0.9,0.013,0.007
5148,2023,02/25,13.505896884772323,Matelândia,34.0,0.45,0.9,0.013,0.007
5149,2024,02/25,13.68242647168412,Matelândia,34.0,0.45,0.9,0.013,0.007
5150,2015,02/25,14.120800917750573,Medianeira,34.0,0.45,0.9,0.013,0.007
5151,2016,02/25,11.714749842708528,Medianeira,34.0,0.45,0.9,0.013,0.007
5152,2017,02/25,13.621812752318647,Medianeira,34.0,0.45,0.9,0.013,0.007
5153,2018,02/25,13.06951979693405,Medianeira,34.0,0.45,0.9,0.013,0.007
5154,2019,02/25,14.441178797936283,Medianeira,34.0,0.45,0.9,0.013,0.007
5155,2020,02/25,13.166377590100698,Medianeira,34.0,0.45,0.9,0.013,0.007
5156,2021,02/25,13.986149625700579,Medianeira,34.0,0.45,0.9,0.013,0.007
5157,2022,02/25,12.293527711702305,Medianeira,34.0,0.45,0.9,0.013,0.007
5158,2023,02/25,13.956293500196574,Medianeira,34.0,0.45,0.9,0.013,0.007
5159,2024,02/25,13.743487320731383,Medianeira,34.0,0.45,0.9,0.013,0.007
5160,2015,02/25,14.307872015451476,Santa Helena,34.0,0.45,0.9,0.013,0.007
5161,2016,02/25,12.283571618468661,Santa Helena,34.0,0.45,0.9,0.013,0.007
5162,2017,02/25,13.93683030445986,Santa Helena,34.0,0.45,0.9,0.013,0.007
5163,2018,02/25,13.624048983263677,Santa Helena,34.0,0.45,0.9,0.013,0.007
5164,2019,02/25,14.58697240205318,Santa Helena,34.0,0.45,0.9,0.013,0.007
5165,2020,02/25,13.730750271705455,Santa Helena,34.0,0.45,0.9,0.013,0.007
5166,2021,02/25,13.981185579307054,Santa Helena,34.0,0.45,0.9,0.013,0.007
5167,2022,02/25,12.812930302822247,Santa Helena,34.0,0.45,0.9,0.013,0.007
5168,2023,02/25,14.138116454800924,Santa Helena,34.0,0.45,0.9,0.013,0.007
5169,2024,02/25,14.022031784874871,Santa Helena,34.0,0.45,0.9,0.013,0.007
5170,2015,02/25,14.121254699230091,São Miguel do Iguaçu,34.0,0.45,0.9,0.013,0.007
5171,2016,02/25,11.714800501059997,São Miguel do Iguaçu,34.0,0.45,0.9,0.013,0.007
5172,2017,02/25,13.621921559480727,São Miguel do Iguaçu,34.0,0.45,0.9,0.013,0.007
5173,2018,02/25,13.069301793760603,São Miguel do Iguaçu,34.0,0.45,0.9,0.013,0.007
5174,2019,02/25,14.441294536955192,São Miguel do Iguaçu,34.0,0.45,0.9,0.013,0.007
5175,2020,02/25,13.166888810286453,São Miguel do Iguaçu,34.0,0.45,0.9,0.013,0.007
5176,2021,02/25,13.98360948234653,São Miguel do Iguaçu,34.0,0.45,0.9,0.013,0.007
5177,2022,02/25,12.294076071553796,São Miguel do Iguaçu,34.0,0.45,0.9,0.013,0.007
5178,2023,02/25,13.956689240803332,São Miguel do Iguaçu,34.0,0.45,0.9,0.013,0.007
5179,2024,02/25,13.743701142589405,São Miguel do Iguaçu,34.0,0.45,0.9,0.013,0.007
5180,2015,02/25,13.638508858424682,São Pedro do Iguaçu,34.0,0.45,0.9,0.013,0.007
5181,2016,02/25,10.719288375877202,São Pedro do Iguaçu,34.0,0.45,0.9,0.013,0.007
5182,2017,02/25,13.088457258144711,São Pedro do Iguaçu,34.0,0.45,0.9,0.013,0.007
5183,2018,02/25,12.652222039084789,São Pedro do Iguaçu,34.0,0.45,0.9,0.013,0.007
5184,2019,02/25,14.044887603768679,São Pedro do Iguaçu,34.0,0.45,0.9,0.013,0.007
5185,2020,02/25,12.767059774303624,São Pedro do Iguaçu,34.0,0.45,0.9,0.013,0.007
5186,2021,02/25,13.569840952905022,São Pedro do Iguaçu,34.0,0.45,0.9,0.013,0.007
5187,2022,02/25,11.543292636093641,São Pedro do Iguaçu,34.0,0.45,0.9,0.013,0.007
5188,2023,02/25,13.281883799662404,São Pedro do Iguaçu,34.0,0.45,0.9,0.013,0.007
5189,2024,02/25,13.62901955568562,São Pedro do Iguaçu,34.0,0.45,0.9,0.013,0.007
5190,2015,02/25,14.004959321624312,Toledo,34.0,0.45,0.9,0.013,0.007
5191,2016,02/25,11.375414217915464,Toledo,34.0,0.45,0.9,0.013,0.007
5192,2017,02/25,13.40002819877258,Toledo,34.0,0.45,0.9,0.013,0.007
5193,2018,02/25,13.256866724029766,Toledo,34.0,0.45,0.9,0.013,0.007
5194,2019,02/25,14.299693833351903,Toledo,34.0,0.45,0.9,0.013,0.007
5195,2020,02/25,13.615340607105324,Toledo,34.0,0.45,0.9,0.013,0.007
5196,2021,02/25,14.003710353339772,Toledo,34.0,0.45,0.9,0.013,0.007
5197,2022,02/25,12.067589274709912,Toledo,34.0,0.45,0.9,0.013,0.007
5198,2023,02/25,13.641003833108293,Toledo,34.0,0.45,0.9,0.013,0.007
5199,2024,02/25,14.117880347994037,Toledo,34.0,0.45,0.9,0.013,0.007
5200,2015,02/25,14.092424146366675,Cascavel,34.0,0.45,0.95,0.012,0.006
5201,2016,02/25,10.760737479275614,Cascavel,34.0,0.45,0.95,0.012,0.006
5202,2017,02/25,13.277809532237821,Cascavel,34.0,0.45,0.95,0.012,0.006
5203,2018,02/25,12.823148473220495,Cascavel,34.0,0.45,0.95,0.012,0.006
5204,2019,02/25,14.379446018121078,Cascavel,34.0,0.45,0.95,0.012,0.006
5205,2020,02/25,12.992239295037812,Cascavel,34.0,0.45,0.95,0.012,0.006
5206,2021,02/25,13.684924167243375,Cascavel,34.0,0.45,0.95,0.012,0.006
5207,2022,02/25,11.827515548703508,Cascavel,34.0,0.45,0.95,0.012,0.006
5208,2023,02/25,13.207431846014481,Cascavel,34.0,0.45,0.95,0.012,0.006
5209,2024,02/25,14.174760282484684,Cascavel,34.0,0.45,0.95,0.012,0.006
5210,2015,02/25,14.562938807168218,Foz do Iguaçu,34.0,0.45,0.95,0.012,0.006
5211,2016,02/25,12.086040519727883,Foz do Iguaçu,34.0,0.45,0.95,0.012,0.006
5212,2017,02/25,14.05091827040464,Foz do Iguaçu,34.0,0.45,0.95,0.012,0.006
5213,2018,02/25,13.48689153421778,Foz do Iguaçu,34.0,0.45,0.95,0.012,0.006
5214,2019,02/25,14.889722990246694,Foz do Iguaçu,34.0,0.45,0.95,0.012,0.006
5215,2020,02/25,13.569646752689327,Foz do Iguaçu,34.0,0.45,0.95,0.012,0.006
5216,2021,02/25,14.415291988394708,Foz do Iguaçu,34.0,0.45,0.95,0.012,0.006
5217,2022,02/25,12.682937252006372,Foz do Iguaçu,34.0,0.45,0.95,0.012,0.006
5218,2023,02/25,14.398612144787847,Foz do Iguaçu,34.0,0.45,0.95,0.012,0.006
5219,2024,02/25,14.167111666338231,Foz do Iguaçu,34.0,0.45,0.95,0.012,0.006
5220,2015,02/25,14.799539391949777,Guaíra,34.0,0.45,0.95,0.012,0.006
5221,2016,02/25,12.552934663328383,Guaíra,34.0,0.45,0.95,0.012,0.006
5222,2017,02/25,14.28682779374215,Guaíra,34.0,0.45,0.95,0.012,0.006
5223,2018,02/25,14.115737967183676,Guaíra,34.0,0.45,0.95,0.012,0.006
5224,2019,02/25,15.032884714147688,Guaíra,34.0,0.45,0.95,0.012,0.006
5225,2020,02/25,14.393359392970828,Guaíra,34.0,0.45,0.95,0.012,0.006
5226,2021,02/25,14.604083597287907,Guaíra,34.0,0.45,0.95,0.012,0.006
5227,2022,02/25,13.16741633339708,Guaíra,34.0,0.45,0.95,0.012,0.006
5228,2023,02/25,14.405354430143355,Guaíra,34.0,0.45,0.95,0.012,0.006
5229,2024,02/25,14.84355470133509,Guaíra,34.0,0.45,0.95,0.012,0.006
5230,2015,02/25,14.789172961800348,Marechal Cândido Rondon,34.0,0.45,0.95,0.012,0.006
5231,2016,02/25,12.662657595981813,Marechal Cândido Rondon,34.0,0.45,0.95,0.012,0.006
5232,2017,02/25,14.372561016091376,Marechal Cândido Rondon,34.0,0.45,0.95,0.012,0.006
5233,2018,02/25,14.230137289488704,Marechal Cândido Rondon,34.0,0.45,0.95,0.012,0.006
5234,2019,02/25,15.06181843217846,Marechal Cândido Rondon,34.0,0.45,0.95,0.012,0.006
5235,2020,02/25,14.352530782320494,Marechal Cândido Rondon,34.0,0.45,0.95,0.012,0.006
5236,2021,02/25,14.80645335027663,Marechal Cândido Rondon,34.0,0.45,0.95,0.012,0.006
5237,2022,02/25,13.204229610162379,Marechal Cândido Rondon,34.0,0.45,0.95,0.012,0.006
5238,2023,02/25,14.52358544831151,Marechal Cândido Rondon,34.0,0.45,0.95,0.012,0.006
5239,2024,02/25,14.720258340563777,Marechal Cândido Rondon,34.0,0.45,0.95,0.012,0.006
5240,2015,02/25,14.270545491255366,Matelândia,34.0,0.45,0.95,0.012,0.006
5241,2016,02/25,11.36144100134305,Matelândia,34.0,0.45,0.95,0.012,0.006
5242,2017,02/25,13.70323089085035,Matelândia,34.0,0.45,0.95,0.012,0.006
5243,2018,02/25,13.052356384378514,Matelândia,34.0,0.45,0.95,0.012,0.006
5244,2019,02/25,14.648933828976078,Matelândia,34.0,0.45,0.95,0.012,0.006
5245,2020,02/25,13.172976504246604,Matelândia,34.0,0.45,0.95,0.012,0.006
5246,2021,02/25,14.119120354933765,Matelândia,34.0,0.45,0.95,0.012,0.006
5247,2022,02/25,12.219223113345898,Matelândia,34.0,0.45,0.95,0.012,0.006
5248,2023,02/25,13.93317241616228,Matelândia,34.0,0.45,0.95,0.012,0.006
5249,2024,02/25,14.104136689917071,Matelândia,34.0,0.45,0.95,0.012,0.006
5250,2015,02/25,14.562340656992133,Medianeira,34.0,0.45,0.95,0.012,0.006
5251,2016,02/25,12.085963584579979,Medianeira,34.0,0.45,0.95,0.012,0.006
5252,2017,02/25,14.050778696688756,Medianeira,34.0,0.45,0.95,0.012,0.006
5253,2018,02/25,13.487209592326666,Medianeira,34.0,0.45,0.95,0.012,0.006
5254,2019,02/25,14.889570623553263,Medianeira,34.0,0.45,0.95,0.012,0.006
5255,2020,02/25,13.568965307686357,Medianeira,34.0,0.45,0.95,0.012,0.006
5256,2021,02/25,14.4168770479204,Medianeira,34.0,0.45,0.95,0.012,0.006
5257,2022,02/25,12.68234220845476,Medianeira,34.0,0.45,0.95,0.012,0.006
5258,2023,02/25,14.398102476861796,Medianeira,34.0,0.45,0.95,0.012,0.006
5259,2024,02/25,14.166842305628794,Medianeira,34.0,0.45,0.95,0.012,0.006
5260,2015,02/25,14.755846120343305,Santa Helena,34.0,0.45,0.95,0.012,0.006
5261,2016,02/25,12.672707292656703,Santa Helena,34.0,0.45,0.95,0.012,0.006
5262,2017,02/25,14.376186180211807,Santa Helena,34.0,0.45,0.95,0.012,0.006
5263,2018,02/25,14.061689637782003,Santa Helena,34.0,0.45,0.95,0.012,0.006
5264,2019,02/25,15.042551524608534,Santa Helena,34.0,0.45,0.95,0.012,0.006
5265,2020,02/25,14.154260683871463,Santa Helena,34.0,0.45,0.95,0.012,0.006
5266,2021,02/25,14.265030744712895,Santa Helena,34.0,0.45,0.95,0.012,0.006
5267,2022,02/25,13.218788371318006,Santa Helena,34.0,0.45,0.95,0.012,0.006
5268,2023,02/25,14.585782061886121,Santa Helena,34.0,0.45,0.95,0.012,0.006
5269,2024,02/25,14.457649196057957,Santa Helena,34.0,0.45,0.95,0.012,0.006
5270,2015,02/25,14.562819546783434,São Miguel do Iguaçu,34.0,0.45,0.95,0.012,0.006
5271,2016,02/25,12.086025829266784,São Miguel do Iguaçu,34.0,0.45,0.95,0.012,0.006
5272,2017,02/25,14.050898974622484,São Miguel do Iguaçu,34.0,0.45,0.95,0.012,0.006
5273,2018,02/25,13.486957775443916,São Miguel do Iguaçu,34.0,0.45,0.95,0.012,0.006
5274,2019,02/25,14.889694750887967,São Miguel do Iguaçu,34.0,0.45,0.95,0.012,0.006
5275,2020,02/25,13.56947280882936,São Miguel do Iguaçu,34.0,0.45,0.95,0.012,0.006
5276,2021,02/25,14.415554439292775,São Miguel do Iguaçu,34.0,0.45,0.95,0.012,0.006
5277,2022,02/25,12.682909144555905,São Miguel do Iguaçu,34.0,0.45,0.95,0.012,0.006
5278,2023,02/25,14.398521799023994,São Miguel do Iguaçu,34.0,0.45,0.95,0.012,0.006
5279,2024,02/25,14.16706836641037,São Miguel do Iguaçu,34.0,0.45,0.95,0.012,0.006
5280,2015,02/25,14.06243696090515,São Pedro do Iguaçu,34.0,0.45,0.95,0.012,0.006
5281,2016,02/25,11.056708865950101,São Pedro do Iguaçu,34.0,0.45,0.95,0.012,0.006
5282,2017,02/25,13.495245559375064,São Pedro do Iguaçu,34.0,0.45,0.95,0.012,0.006
5283,2018,02/25,13.056974655159236,São Pedro do Iguaçu,34.0,0.45,0.95,0.012,0.006
5284,2019,02/25,14.481055367178632,São Pedro do Iguaçu,34.0,0.45,0.95,0.012,0.006
5285,2020,02/25,13.154800403819895,São Pedro do Iguaçu,34.0,0.45,0.95,0.012,0.006
5286,2021,02/25,13.989076835437508,São Pedro do Iguaçu,34.0,0.45,0.95,0.012,0.006
5287,2022,02/25,11.906375340429825,São Pedro do Iguaçu,34.0,0.45,0.95,0.012,0.006
5288,2023,02/25,13.70142750710323,São Pedro do Iguaçu,34.0,0.45,0.95,0.012,0.006
5289,2024,02/25,14.050772636785569,São Pedro do Iguaçu,34.0,0.45,0.95,0.012,0.006
5290,2015,02/25,14.442029003917607,Toledo,34.0,0.45,0.95,0.012,0.006
5291,2016,02/25,11.73488442893584,Toledo,34.0,0.45,0.95,0.012,0.006
5292,2017,02/25,13.819341070096137,Toledo,34.0,0.45,0.95,0.012,0.006
5293,2018,02/25,13.682041387238902,Toledo,34.0,0.45,0.95,0.012,0.006
5294,2019,02/25,14.746647575596073,Toledo,34.0,0.45,0.95,0.012,0.006
5295,2020,02/25,14.032952009557638,Toledo,34.0,0.45,0.95,0.012,0.006
5296,2021,02/25,14.436050987444176,Toledo,34.0,0.45,0.95,0.012,0.006
5297,2022,02/25,12.447725608780242,Toledo,34.0,0.45,0.95,0.012,0.006
5298,2023,02/25,14.072506475956168,Toledo,34.0,0.45,0.95,0.012,0.006
5299,2024,02/25,14.559893112611062,Toledo,34.0,0.45,0.95,0.012,0.006
5300,2015,02/25,14.092424146366675,Cascavel,34.0,0.45,0.95,0.012,0.007
5301,2016,02/25,10.760737479275614,Cascavel,34.0,0.45,0.95,0.012,0.007
5302,2017,02/25,13.277809532237821,Cascavel,34.0,0.45,0.95,0.012,0.007
5303,2018,02/25,12.823148473220495,Cascavel,34.0,0.45,0.95,0.012,0.007
5304,2019,02/25,14.379446018121078,Cascavel,34.0,0.45,0.95,0.012,0.007
5305,2020,02/25,12.992239295037812,Cascavel,34.0,0.45,0.95,0.012,0.007
5306,2021,02/25,13.684924167243375,Cascavel,34.0,0.45,0.95,0.012,0.007
5307,2022,02/25,11.827515548703508,Cascavel,34.0,0.45,0.95,0.012,0.007
5308,2023,02/25,13.207431846014481,Cascavel,34.0,0.45,0.95,0.012,0.007
5309,2024,02/25,14.174760282484684,Cascavel,34.0,0.45,0.95,0.012,0.007
5310,2015,02/25,14.562938807168218,Foz do Iguaçu,34.0,0.45,0.95,0.012,0.007
5311,2016,02/25,12.086040519727883,Foz do Iguaçu,34.0,0.45,0.95,0.012,0.007
5312,2017,02/25,14.05091827040464,Foz do Iguaçu,34.0,0.45,0.95,0.012,0.007
5313,2018,02/25,13.48689153421778,Foz do Iguaçu,34.0,0.45,0.95,0.012,0.007
5314,2019,02/25,14.889722990246694,Foz do Iguaçu,34.0,0.45,0.95,0.012,0.007
5315,2020,02/25,13.569646752689327,Foz do Iguaçu,34.0,0.45,0.95,0.012,0.007
5316,2021,02/25,14.415291988394708,Foz do Iguaçu,34.0,0.45,0.95,0.012,0.007
5317,2022,02/25,12.682937252006372,Foz do Iguaçu,34.0,0.45,0.95,0.012,0.007
5318,2023,02/25,14.398612144787847,Foz do Iguaçu,34.0,0.45,0.95,0.012,0.007
5319,2024,02/25,14.167111666338231,Foz do Iguaçu,34.0,0.45,0.95,0.012,0.007
5320,2015,02/25,14.799539391949777,Guaíra,34.0,0.45,0.95,0.012,0.007
5321,2016,02/25,12.552934663328383,Guaíra,34.0,0.45,0.95,0.012,0.007
5322,2017,02/25,14.28682779374215,Guaíra,34.0,0.45,0.95,0.012,0.007
5323,2018,02/25,14.115737967183676,Guaíra,34.0,0.45,0.95,0.012,0.007
5324,2019,02/25,15.032884714147688,Guaíra,34.0,0.45,0.95,0.012,0.007
5325,2020,02/25,14.393359392970828,Guaíra,34.0,0.45,0.95,0.012,0.007
5326,2021,02/25,14.604083597287907,Guaíra,34.0,0.45,0.95,0.012,0.007
5327,2022,02/25,13.16741633339708,Guaíra,34.0,0.45,0.95,0.012,0.007
5328,2023,02/25,14.405354430143355,Guaíra,34.0,0.45,0.95,0.012,0.007
5329,2024,02/25,14.84355470133509,Guaíra,34.0,0.45,0.95,0.012,0.007
5330,2015,02/25,14.789172961800348,Marechal Cândido Rondon,34.0,0.45,0.95,0.012,0.007
5331,2016,02/25,12.662657595981813,Marechal Cândido Rondon,34.0,0.45,0.95,0.012,0.007
5332,2017,02/25,14.372561016091376,Marechal Cândido Rondon,34.0,0.45,0.95,0.012,0.007
5333,2018,02/25,14.230137289488704,Marechal Cândido Rondon,34.0,0.45,0.95,0.012,0.007
5334,2019,02/25,15.06181843217846,Marechal Cândido Rondon,34.0,0.45,0.95,0.012,0.007
5335,2020,02/25,14.352530782320494,Marechal Cândido Rondon,34.0,0.45,0.95,0.012,0.007
5336,2021,02/25,14.80645335027663,Marechal Cândido Rondon,34.0,0.45,0.95,0.012,0.007
5337,2022,02/25,13.204229610162379,Marechal Cândido Rondon,34.0,0.45,0.95,0.012,0.007
5338,2023,02/25,14.52358544831151,Marechal Cândido Rondon,34.0,0.45,0.95,0.012,0.007
5339,2024,02/25,14.720258340563777,Marechal Cândido Rondon,34.0,0.45,0.95,0.012,0.007
5340,2015,02/25,14.270545491255366,Matelândia,34.0,0.45,0.95,0.012,0.007
5341,2016,02/25,11.36144100134305,Matelândia,34.0,0.45,0.95,0.012,0.007
5342,2017,02/25,13.70323089085035,Matelândia,34.0,0.45,0.95,0.012,0.007
5343,2018,02/25,13.052356384378514,Matelândia,34.0,0.45,0.95,0.012,0.007
5344,2019,02/25,14.648933828976078,Matelândia,34.0,0.45,0.95,0.012,0.007
5345,2020,02/25,13.172976504246604,Matelândia,34.0,0.45,0.95,0.012,0.007
5346,2021,02/25,14.119120354933765,Matelândia,34.0,0.45,0.95,0.012,0.007
5347,2022,02/25,12.219223113345898,Matelândia,34.0,0.45,0.95,0.012,0.007
5348,2023,02/25,13.93317241616228,Matelândia,34.0,0.45,0.95,0.012,0.007
5349,2024,02/25,14.104136689917071,Matelândia,34.0,0.45,0.95,0.012,0.007
5350,2015,02/25,14.562340656992133,Medianeira,34.0,0.45,0.95,0.012,0.007
5351,2016,02/25,12.085963584579979,Medianeira,34.0,0.45,0.95,0.012,0.007
5352,2017,02/25,14.050778696688756,Medianeira,34.0,0.45,0.95,0.012,0.007
5353,2018,02/25,13.487209592326666,Medianeira,34.0,0.45,0.95,0.012,0.007
5354,2019,02/25,14.889570623553263,Medianeira,34.0,0.45,0.95,0.012,0.007
5355,2020,02/25,13.568965307686357,Medianeira,34.0,0.45,0.95,0.012,0.007
5356,2021,02/25,14.4168770479204,Medianeira,34.0,0.45,0.95,0.012,0.007
5357,2022,02/25,12.68234220845476,Medianeira,34.0,0.45,0.95,0.012,0.007
5358,2023,02/25,14.398102476861796,Medianeira,34.0,0.45,0.95,0.012,0.007
5359,2024,02/25,14.166842305628794,Medianeira,34.0,0.45,0.95,0.012,0.007
5360,2015,02/25,14.755846120343305,Santa Helena,34.0,0.45,0.95,0.012,0.007
5361,2016,02/25,12.672707292656703,Santa Helena,34.0,0.45,0.95,0.012,0.007
5362,2017,02/25,14.376186180211807,Santa Helena,34.0,0.45,0.95,0.012,0.007
5363,2018,02/25,14.061689637782003,Santa Helena,34.0,0.45,0.95,0.012,0.007
5364,2019,02/25,15.042551524608534,Santa Helena,34.0,0.45,0.95,0.012,0.007
5365,2020,02/25,14.154260683871463,Santa Helena,34.0,0.45,0.95,0.012,0.007
5366,2021,02/25,14.265030744712895,Santa Helena,34.0,0.45,0.95,0.012,0.007
5367,2022,02/25,13.218788371318006,Santa Helena,34.0,0.45,0.95,0.012,0.007
5368,2023,02/25,14.585782061886121,Santa Helena,34.0,0.45,0.95,0.012,0.007
5369,2024,02/25,14.457649196057957,Santa Helena,34.0,0.45,0.95,0.012,0.007
5370,2015,02/25,14.562819546783434,São Miguel do Iguaçu,34.0,0.45,0.95,0.012,0.007
5371,2016,02/25,12.086025829266784,São Miguel do Iguaçu,34.0,0.45,0.95,0.012,0.007
5372,2017,02/25,14.050898974622484,São Miguel do Iguaçu,34.0,0.45,0.95,0.012,0.007
5373,2018,02/25,13.486957775443916,São Miguel do Iguaçu,34.0,0.45,0.95,0.012,0.007
5374,2019,02/25,14.889694750887967,São Miguel do Iguaçu,34.0,0.45,0.95,0.012,0.007
5375,2020,02/25,13.56947280882936,São Miguel do Iguaçu,34.0,0.45,0.95,0.012,0.007
5376,2021,02/25,14.415554439292775,São Miguel do Iguaçu,34.0,0.45,0.95,0.012,0.007
5377,2022,02/25,12.682909144555905,São Miguel do Iguaçu,34.0,0.45,0.95,0.012,0.007
5378,2023,02/25,14.398521799023994,São Miguel do Iguaçu,34.0,0.45,0.95,0.012,0.007
5379,2024,02/25,14.16706836641037,São Miguel do Iguaçu,34.0,0.45,0.95,0.012,0.007
5380,2015,02/25,14.06243696090515,São Pedro do Iguaçu,34.0,0.45,0.95,0.012,0.007
5381,2016,02/25,11.056708865950101,São Pedro do Iguaçu,34.0,0.45,0.95,0.012,0.007
5382,2017,02/25,13.495245559375064,São Pedro do Iguaçu,34.0,0.45,0.95,0.012,0.007
5383,2018,02/25,13.056974655159236,São Pedro do Iguaçu,34.0,0.45,0.95,0.012,0.007
5384,2019,02/25,14.481055367178632,São Pedro do Iguaçu,34.0,0.45,0.95,0.012,0.007
5385,2020,02/25,13.154800403819895,São Pedro do Iguaçu,34.0,0.45,0.95,0.012,0.007
5386,2021,02/25,13.989076835437508,São Pedro do Iguaçu,34.0,0.45,0.95,0.012,0.007
5387,2022,02/25,11.906375340429825,São Pedro do Iguaçu,34.0,0.45,0.95,0.012,0.007
5388,2023,02/25,13.70142750710323,São Pedro do Iguaçu,34.0,0.45,0.95,0.012,0.007
5389,2024,02/25,14.050772636785569,São Pedro do Iguaçu,34.0,0.45,0.95,0.012,0.007
5390,2015,02/25,14.442029003917607,Toledo,34.0,0.45,0.95,0.012,0.007
5391,2016,02/25,11.73488442893584,Toledo,34.0,0.45,0.95,0.012,0.007
5392,2017,02/25,13.819341070096137,Toledo,34.0,0.45,0.95,0.012,0.007
5393,2018,02/25,13.682041387238902,Toledo,34.0,0.45,0.95,0.012,0.007
5394,2019,02/25,14.746647575596073,Toledo,34.0,0.45,0.95,0.012,0.007
5395,2020,02/25,14.032952009557638,Toledo,34.0,0.45,0.95,0.012,0.007
5396,2021,02/25,14.436050987444176,Toledo,34.0,0.45,0.95,0.012,0.007
5397,2022,02/25,12.447725608780242,Toledo,34.0,0.45,0.95,0.012,0.007
5398,2023,02/25,14.072506475956168,Toledo,34.0,0.45,0.95,0.012,0.007
5399,2024,02/25,14.559893112611062,Toledo,34.0,0.45,0.95,0.012,0.007
5400,2015,02/25,14.092424146366675,Cascavel,34.0,0.45,0.95,0.013,0.006
5401,2016,02/25,10.760737479275614,Cascavel,34.0,0.45,0.95,0.013,0.006
5402,2017,02/25,13.277809532237821,Cascavel,34.0,0.45,0.95,0.013,0.006
5403,2018,02/25,12.823148473220495,Cascavel,34.0,0.45,0.95,0.013,0.006
5404,2019,02/25,14.379446018121078,Cascavel,34.0,0.45,0.95,0.013,0.006
5405,2020,02/25,12.992239295037812,Cascavel,34.0,0.45,0.95,0.013,0.006
5406,2021,02/25,13.684924167243375,Cascavel,34.0,0.45,0.95,0.013,0.006
5407,2022,02/25,11.827515548703508,Cascavel,34.0,0.45,0.95,0.013,0.006
5408,2023,02/25,13.207431846014481,Cascavel,34.0,0.45,0.95,0.013,0.006
5409,2024,02/25,14.174760282484684,Cascavel,34.0,0.45,0.95,0.013,0.006
5410,2015,02/25,14.562938807168218,Foz do Iguaçu,34.0,0.45,0.95,0.013,0.006
5411,2016,02/25,12.086040519727883,Foz do Iguaçu,34.0,0.45,0.95,0.013,0.006
5412,2017,02/25,14.05091827040464,Foz do Iguaçu,34.0,0.45,0.95,0.013,0.006
5413,2018,02/25,13.48689153421778,Foz do Iguaçu,34.0,0.45,0.95,0.013,0.006
5414,2019,02/25,14.889722990246694,Foz do Iguaçu,34.0,0.45,0.95,0.013,0.006
5415,2020,02/25,13.569646752689327,Foz do Iguaçu,34.0,0.45,0.95,0.013,0.006
5416,2021,02/25,14.415291988394708,Foz do Iguaçu,34.0,0.45,0.95,0.013,0.006
5417,2022,02/25,12.682937252006372,Foz do Iguaçu,34.0,0.45,0.95,0.013,0.006
5418,2023,02/25,14.398612144787847,Foz do Iguaçu,34.0,0.45,0.95,0.013,0.006
5419,2024,02/25,14.167111666338231,Foz do Iguaçu,34.0,0.45,0.95,0.013,0.006
5420,2015,02/25,14.799539391949777,Guaíra,34.0,0.45,0.95,0.013,0.006
5421,2016,02/25,12.552934663328383,Guaíra,34.0,0.45,0.95,0.013,0.006
5422,2017,02/25,14.28682779374215,Guaíra,34.0,0.45,0.95,0.013,0.006
5423,2018,02/25,14.115737967183676,Guaíra,34.0,0.45,0.95,0.013,0.006
5424,2019,02/25,15.032884714147688,Guaíra,34.0,0.45,0.95,0.013,0.006
5425,2020,02/25,14.393359392970828,Guaíra,34.0,0.45,0.95,0.013,0.006
5426,2021,02/25,14.604083597287907,Guaíra,34.0,0.45,0.95,0.013,0.006
5427,2022,02/25,13.16741633339708,Guaíra,34.0,0.45,0.95,0.013,0.006
5428,2023,02/25,14.405354430143355,Guaíra,34.0,0.45,0.95,0.013,0.006
5429,2024,02/25,14.84355470133509,Guaíra,34.0,0.45,0.95,0.013,0.006
5430,2015,02/25,14.789172961800348,Marechal Cândido Rondon,34.0,0.45,0.95,0.013,0.006
5431,2016,02/25,12.662657595981813,Marechal Cândido Rondon,34.0,0.45,0.95,0.013,0.006
5432,2017,02/25,14.372561016091376,Marechal Cândido Rondon,34.0,0.45,0.95,0.013,0.006
5433,2018,02/25,14.230137289488704,Marechal Cândido Rondon,34.0,0.45,0.95,0.013,0.006
5434,2019,02/25,15.06181843217846,Marechal Cândido Rondon,34.0,0.45,0.95,0.013,0.006
5435,2020,02/25,14.352530782320494,Marechal Cândido Rondon,34.0,0.45,0.95,0.013,0.006
5436,2021,02/25,14.80645335027663,Marechal Cândido Rondon,34.0,0.45,0.95,0.013,0.006
5437,2022,02/25,13.204229610162379,Marechal Cândido Rondon,34.0,0.45,0.95,0.013,0.006
5438,2023,02/25,14.52358544831151,Marechal Cândido Rondon,34.0,0.45,0.95,0.013,0.006
5439,2024,02/25,14.720258340563777,Marechal Cândido Rondon,34.0,0.45,0.95,0.013,0.006
5440,2015,02/25,14.270545491255366,Matelândia,34.0,0.45,0.95,0.013,0.006
5441,2016,02/25,11.36144100134305,Matelândia,34.0,0.45,0.95,0.013,0.006
5442,2017,02/25,13.70323089085035,Matelândia,34.0,0.45,0.95,0.013,0.006
5443,2018,02/25,13.052356384378514,Matelândia,34.0,0.45,0.95,0.013,0.006
5444,2019,02/25,14.648933828976078,Matelândia,34.0,0.45,0.95,0.013,0.006
5445,2020,02/25,13.172976504246604,Matelândia,34.0,0.45,0.95,0.013,0.006
5446,2021,02/25,14.119120354933765,Matelândia,34.0,0.45,0.95,0.013,0.006
5447,2022,02/25,12.219223113345898,Matelândia,34.0,0.45,0.95,0.013,0.006
5448,2023,02/25,13.93317241616228,Matelândia,34.0,0.45,0.95,0.013,0.006
5449,2024,02/25,14.104136689917071,Matelândia,34.0,0.45,0.95,0.013,0.006
5450,2015,02/25,14.562340656992133,Medianeira,34.0,0.45,0.95,0.013,0.006
5451,2016,02/25,12.085963584579979,Medianeira,34.0,0.45,0.95,0.013,0.006
5452,2017,02/25,14.050778696688756,Medianeira,34.0,0.45,0.95,0.013,0.006
5453,2018,02/25,13.487209592326666,Medianeira,34.0,0.45,0.95,0.013,0.006
5454,2019,02/25,14.889570623553263,Medianeira,34.0,0.45,0.95,0.013,0.006
5455,2020,02/25,13.568965307686357,Medianeira,34.0,0.45,0.95,0.013,0.006
5456,2021,02/25,14.4168770479204,Medianeira,34.0,0.45,0.95,0.013,0.006
5457,2022,02/25,12.68234220845476,Medianeira,34.0,0.45,0.95,0.013,0.006
5458,2023,02/25,14.398102476861796,Medianeira,34.0,0.45,0.95,0.013,0.006
5459,2024,02/25,14.166842305628794,Medianeira,34.0,0.45,0.95,0.013,0.006
5460,2015,02/25,14.755846120343305,Santa Helena,34.0,0.45,0.95,0.013,0.006
5461,2016,02/25,12.672707292656703,Santa Helena,34.0,0.45,0.95,0.013,0.006
5462,2017,02/25,14.376186180211807,Santa Helena,34.0,0.45,0.95,0.013,0.006
5463,2018,02/25,14.061689637782003,Santa Helena,34.0,0.45,0.95,0.013,0.006
5464,2019,02/25,15.042551524608534,Santa Helena,34.0,0.45,0.95,0.013,0.006
5465,2020,02/25,14.154260683871463,Santa Helena,34.0,0.45,0.95,0.013,0.006
5466,2021,02/25,14.265030744712895,Santa Helena,34.0,0.45,0.95,0.013,0.006
5467,2022,02/25,13.218788371318006,Santa Helena,34.0,0.45,0.95,0.013,0.006
5468,2023,02/25,14.585782061886121,Santa Helena,34.0,0.45,0.95,0.013,0.006
5469,2024,02/25,14.457649196057957,Santa Helena,34.0,0.45,0.95,0.013,0.006
5470,2015,02/25,14.562819546783434,São Miguel do Iguaçu,34.0,0.45,0.95,0.013,0.006
5471,2016,02/25,12.086025829266784,São Miguel do Iguaçu,34.0,0.45,0.95,0.013,0.006
5472,2017,02/25,14.050898974622484,São Miguel do Iguaçu,34.0,0.45,0.95,0.013,0.006
5473,2018,02/25,13.486957775443916,São Miguel do Iguaçu,34.0,0.45,0.95,0.013,0.006
5474,2019,02/25,14.889694750887967,São Miguel do Iguaçu,34.0,0.45,0.95,0.013,0.006
5475,2020,02/25,13.56947280882936,São Miguel do Iguaçu,34.0,0.45,0.95,0.013,0.006
5476,2021,02/25,14.415554439292775,São Miguel do Iguaçu,34.0,0.45,0.95,0.013,0.006
5477,2022,02/25,12.682909144555905,São Miguel do Iguaçu,34.0,0.45,0.95,0.013,0.006
5478,2023,02/25,14.398521799023994,São Miguel do Iguaçu,34.0,0.45,0.95,0.013,0.006
5479,2024,02/25,14.16706836641037,São Miguel do Iguaçu,34.0,0.45,0.95,0.013,0.006
5480,2015,02/25,14.06243696090515,São Pedro do Iguaçu,34.0,0.45,0.95,0.013,0.006
5481,2016,02/25,11.056708865950101,São Pedro do Iguaçu,34.0,0.45,0.95,0.013,0.006
5482,2017,02/25,13.495245559375064,São Pedro do Iguaçu,34.0,0.45,0.95,0.013,0.006
5483,2018,02/25,13.056974655159236,São Pedro do Iguaçu,34.0,0.45,0.95,0.013,0.006
5484,2019,02/25,14.481055367178632,São Pedro do Iguaçu,34.0,0.45,0.95,0.013,0.006
5485,2020,02/25,13.154800403819895,São Pedro do Iguaçu,34.0,0.45,0.95,0.013,0.006
5486,2021,02/25,13.989076835437508,São Pedro do Iguaçu,34.0,0.45,0.95,0.013,0.006
5487,2022,02/25,11.906375340429825,São Pedro do Iguaçu,34.0,0.45,0.95,0.013,0.006
5488,2023,02/25,13.70142750710323,São Pedro do Iguaçu,34.0,0.45,0.95,0.013,0.006
5489,2024,02/25,14.050772636785569,São Pedro do Iguaçu,34.0,0.45,0.95,0.013,0.006
5490,2015,02/25,14.442029003917607,Toledo,34.0,0.45,0.95,0.013,0.006
5491,2016,02/25,11.73488442893584,Toledo,34.0,0.45,0.95,0.013,0.006
5492,2017,02/25,13.819341070096137,Toledo,34.0,0.45,0.95,0.013,0.006
5493,2018,02/25,13.682041387238902,Toledo,34.0,0.45,0.95,0.013,0.006
5494,2019,02/25,14.746647575596073,Toledo,34.0,0.45,0.95,0.013,0.006
5495,2020,02/25,14.032952009557638,Toledo,34.0,0.45,0.95,0.013,0.006
5496,2021,02/25,14.436050987444176,Toledo,34.0,0.45,0.95,0.013,0.006
5497,2022,02/25,12.447725608780242,Toledo,34.0,0.45,0.95,0.013,0.006
5498,2023,02/25,14.072506475956168,Toledo,34.0,0.45,0.95,0.013,0.006
5499,2024,02/25,14.559893112611062,Toledo,34.0,0.45,0.95,0.013,0.006
5500,2015,02/25,14.092424146366675,Cascavel,34.0,0.45,0.95,0.013,0.007
5501,2016,02/25,10.760737479275614,Cascavel,34.0,0.45,0.95,0.013,0.007
5502,2017,02/25,13.277809532237821,Cascavel,34.0,0.45,0.95,0.013,0.007
5503,2018,02/25,12.823148473220495,Cascavel,34.0,0.45,0.95,0.013,0.007
5504,2019,02/25,14.379446018121078,Cascavel,34.0,0.45,0.95,0.013,0.007
5505,2020,02/25,12.992239295037812,Cascavel,34.0,0.45,0.95,0.013,0.007
5506,2021,02/25,13.684924167243375,Cascavel,34.0,0.45,0.95,0.013,0.007
5507,2022,02/25,11.827515548703508,Cascavel,34.0,0.45,0.95,0.013,0.007
5508,2023,02/25,13.207431846014481,Cascavel,34.0,0.45,0.95,0.013,0.007
5509,2024,02/25,14.174760282484684,Cascavel,34.0,0.45,0.95,0.013,0.007
5510,2015,02/25,14.562938807168218,Foz do Iguaçu,34.0,0.45,0.95,0.013,0.007
5511,2016,02/25,12.086040519727883,Foz do Iguaçu,34.0,0.45,0.95,0.013,0.007
5512,2017,02/25,14.05091827040464,Foz do Iguaçu,34.0,0.45,0.95,0.013,0.007
5513,2018,02/25,13.48689153421778,Foz do Iguaçu,34.0,0.45,0.95,0.013,0.007
5514,2019,02/25,14.889722990246694,Foz do Iguaçu,34.0,0.45,0.95,0.013,0.007
5515,2020,02/25,13.569646752689327,Foz do Iguaçu,34.0,0.45,0.95,0.013,0.007
5516,2021,02/25,14.415291988394708,Foz do Iguaçu,34.0,0.45,0.95,0.013,0.007
5517,2022,02/25,12.682937252006372,Foz do Iguaçu,34.0,0.45,0.95,0.013,0.007
5518,2023,02/25,14.398612144787847,Foz do Iguaçu,34.0,0.45,0.95,0.013,0.007
5519,2024,02/25,14.167111666338231,Foz do Iguaçu,34.0,0.45,0.95,0.013,0.007
5520,2015,02/25,14.799539391949777,Guaíra,34.0,0.45,0.95,0.013,0.007
5521,2016,02/25,12.552934663328383,Guaíra,34.0,0.45,0.95,0.013,0.007
5522,2017,02/25,14.28682779374215,Guaíra,34.0,0.45,0.95,0.013,0.007
5523,2018,02/25,14.115737967183676,Guaíra,34.0,0.45,0.95,0.013,0.007
5524,2019,02/25,15.032884714147688,Guaíra,34.0,0.45,0.95,0.013,0.007
5525,2020,02/25,14.393359392970828,Guaíra,34.0,0.45,0.95,0.013,0.007
5526,2021,02/25,14.604083597287907,Guaíra,34.0,0.45,0.95,0.013,0.007
5527,2022,02/25,13.16741633339708,Guaíra,34.0,0.45,0.95,0.013,0.007
5528,2023,02/25,14.405354430143355,Guaíra,34.0,0.45,0.95,0.013,0.007
5529,2024,02/25,14.84355470133509,Guaíra,34.0,0.45,0.95,0.013,0.007
5530,2015,02/25,14.789172961800348,Marechal Cândido Rondon,34.0,0.45,0.95,0.013,0.007
5531,2016,02/25,12.662657595981813,Marechal Cândido Rondon,34.0,0.45,0.95,0.013,0.007
5532,2017,02/25,14.372561016091376,Marechal Cândido Rondon,34.0,0.45,0.95,0.013,0.007
5533,2018,02/25,14.230137289488704,Marechal Cândido Rondon,34.0,0.45,0.95,0.013,0.007
5534,2019,02/25,15.06181843217846,Marechal Cândido Rondon,34.0,0.45,0.95,0.013,0.007
5535,2020,02/25,14.352530782320494,Marechal Cândido Rondon,34.0,0.45,0.95,0.013,0.007
5536,2021,02/25,14.80645335027663,Marechal Cândido Rondon,34.0,0.45,0.95,0.013,0.007
5537,2022,02/25,13.204229610162379,Marechal Cândido Rondon,34.0,0.45,0.95,0.013,0.007
5538,2023,02/25,14.52358544831151,Marechal Cândido Rondon,34.0,0.45,0.95,0.013,0.007
5539,2024,02/25,14.720258340563777,Marechal Cândido Rondon,34.0,0.45,0.95,0.013,0.007
5540,2015,02/25,14.270545491255366,Matelândia,34.0,0.45,0.95,0.013,0.007
5541,2016,02/25,11.36144100134305,Matelândia,34.0,0.45,0.95,0.013,0.007
5542,2017,02/25,13.70323089085035,Matelândia,34.0,0.45,0.95,0.013,0.007
5543,2018,02/25,13.052356384378514,Matelândia,34.0,0.45,0.95,0.013,0.007
5544,2019,02/25,14.648933828976078,Matelândia,34.0,0.45,0.95,0.013,0.007
5545,2020,02/25,13.172976504246604,Matelândia,34.0,0.45,0.95,0.013,0.007
5546,2021,02/25,14.119120354933765,Matelândia,34.0,0.45,0.95,0.013,0.007
5547,2022,02/25,12.219223113345898,Matelândia,34.0,0.45,0.95,0.013,0.007
5548,2023,02/25,13.93317241616228,Matelândia,34.0,0.45,0.95,0.013,0.007
5549,2024,02/25,14.104136689917071,Matelândia,34.0,0.45,0.95,0.013,0.007
5550,2015,02/25,14.562340656992133,Medianeira,34.0,0.45,0.95,0.013,0.007
5551,2016,02/25,12.085963584579979,Medianeira,34.0,0.45,0.95,0.013,0.007
5552,2017,02/25,14.050778696688756,Medianeira,34.0,0.45,0.95,0.013,0.007
5553,2018,02/25,13.487209592326666,Medianeira,34.0,0.45,0.95,0.013,0.007
5554,2019,02/25,14.889570623553263,Medianeira,34.0,0.45,0.95,0.013,0.007
5555,2020,02/25,13.568965307686357,Medianeira,34.0,0.45,0.95,0.013,0.007
5556,2021,02/25,14.4168770479204,Medianeira,34.0,0.45,0.95,0.013,0.007
5557,2022,02/25,12.68234220845476,Medianeira,34.0,0.45,0.95,0.013,0.007
5558,2023,02/25,14.398102476861796,Medianeira,34.0,0.45,0.95,0.013,0.007
5559,2024,02/25,14.166842305628794,Medianeira,34.0,0.45,0.95,0.013,0.007
5560,2015,02/25,14.755846120343305,Santa Helena,34.0,0.45,0.95,0.013,0.007
5561,2016,02/25,12.672707292656703,Santa Helena,34.0,0.45,0.95,0.013,0.007
5562,2017,02/25,14.376186180211807,Santa Helena,34.0,0.45,0.95,0.013,0.007
5563,2018,02/25,14.061689637782003,Santa Helena,34.0,0.45,0.95,0.013,0.007
5564,2019,02/25,15.042551524608534,Santa Helena,34.0,0.45,0.95,0.013,0.007
5565,2020,02/25,14.154260683871463,Santa Helena,34.0,0.45,0.95,0.013,0.007
5566,2021,02/25,14.265030744712895,Santa Helena,34.0,0.45,0.95,0.013,0.007
5567,2022,02/25,13.218788371318006,Santa Helena,34.0,0.45,0.95,0.013,0.007
5568,2023,02/25,14.585782061886121,Santa Helena,34.0,0.45,0.95,0.013,0.007
5569,2024,02/25,14.457649196057957,Santa Helena,34.0,0.45,0.95,0.013,0.007
5570,2015,02/25,14.562819546783434,São Miguel do Iguaçu,34.0,0.45,0.95,0.013,0.007
5571,2016,02/25,12.086025829266784,São Miguel do Iguaçu,34.0,0.45,0.95,0.013,0.007
5572,2017,02/25,14.050898974622484,São Miguel do Iguaçu,34.0,0.45,0.95,0.013,0.007
5573,2018,02/25,13.486957775443916,São Miguel do Iguaçu,34.0,0.45,0.95,0.013,0.007
5574,2019,02/25,14.889694750887967,São Miguel do Iguaçu,34.0,0.45,0.95,0.013,0.007
5575,2020,02/25,13.56947280882936,São Miguel do Iguaçu,34.0,0.45,0.95,0.013,0.007
5576,2021,02/25,14.415554439292775,São Miguel do Iguaçu,34.0,0.45,0.95,0.013,0.007
5577,2022,02/25,12.682909144555905,São Miguel do Iguaçu,34.0,0.45,0.95,0.013,0.007
5578,2023,02/25,14.398521799023994,São Miguel do Iguaçu,34.0,0.45,0.95,0.013,0.007
5579,2024,02/25,14.16706836641037,São Miguel do Iguaçu,34.0,0.45,0.95,0.013,0.007
5580,2015,02/25,14.06243696090515,São Pedro do Iguaçu,34.0,0.45,0.95,0.013,0.007
5581,2016,02/25,11.056708865950101,São Pedro do Iguaçu,34.0,0.45,0.95,0.013,0.007
5582,2017,02/25,13.495245559375064,São Pedro do Iguaçu,34.0,0.45,0.95,0.013,0.007
5583,2018,02/25,13.056974655159236,São Pedro do Iguaçu,34.0,0.45,0.95,0.013,0.007
5584,2019,02/25,14.481055367178632,São Pedro do Iguaçu,34.0,0.45,0.95,0.013,0.007
5585,2020,02/25,13.154800403819895,São Pedro do Iguaçu,34.0,0.45,0.95,0.013,0.007
5586,2021,02/25,13.989076835437508,São Pedro do Iguaçu,34.0,0.45,0.95,0.013,0.007
5587,2022,02/25,11.906375340429825,São Pedro do Iguaçu,34.0,0.45,0.95,0.013,0.007
5588,2023,02/25,13.70142750710323,São Pedro do Iguaçu,34.0,0.45,0.95,0.013,0.007
5589,2024,02/25,14.050772636785569,São Pedro do Iguaçu,34.0,0.45,0.95,0.013,0.007
5590,2015,02/25,14.442029003917607,Toledo,34.0,0.45,0.95,0.013,0.007
5591,2016,02/25,11.73488442893584,Toledo,34.0,0.45,0.95,0.013,0.007
5592,2017,02/25,13.819341070096137,Toledo,34.0,0.45,0.95,0.013,0.007
5593,2018,02/25,13.682041387238902,Toledo,34.0,0.45,0.95,0.013,0.007
5594,2019,02/25,14.746647575596073,Toledo,34.0,0.45,0.95,0.013,0.007
5595,2020,02/25,14.032952009557638,Toledo,34.0,0.45,0.95,0.013,0.007
5596,2021,02/25,14.436050987444176,Toledo,34.0,0.45,0.95,0.013,0.007
5597,2022,02/25,12.447725608780242,Toledo,34.0,0.45,0.95,0.013,0.007
5598,2023,02/25,14.072506475956168,Toledo,34.0,0.45,0.95,0.013,0.007
5599,2024,02/25,14.559893112611062,Toledo,34.0,0.45,0.95,0.013,0.007
5600,2015,02/25,14.579680370362091,Cascavel,34.0,0.48,0.9,0.012,0.006
5601,2016,02/25,11.129099632460433,Cascavel,34.0,0.48,0.9,0.012,0.006
5602,2017,02/25,13.737770623797068,Cascavel,34.0,0.48,0.9,0.012,0.006
5603,2018,02/25,13.255120140134217,Cascavel,34.0,0.48,0.9,0.012,0.006
5604,2019,02/25,14.875100544892844,Cascavel,34.0,0.48,0.9,0.012,0.006
5605,2020,02/25,13.450715467168028,Cascavel,34.0,0.48,0.9,0.012,0.006
5606,2021,02/25,14.166449936469569,Cascavel,34.0,0.48,0.9,0.012,0.006
5607,2022,02/25,12.23272319673637,Cascavel,34.0,0.48,0.9,0.012,0.006
5608,2023,02/25,13.65809676686916,Cascavel,34.0,0.48,0.9,0.012,0.006
5609,2024,02/25,14.665570049534697,Cascavel,34.0,0.48,0.9,0.012,0.006
5610,2015,02/25,15.062794100935571,Foz do Iguaçu,34.0,0.48,0.9,0.012,0.006
5611,2016,02/25,12.495800907986403,Foz do Iguaçu,34.0,0.48,0.9,0.012,0.006
5612,2017,02/25,14.530074713285405,Foz do Iguaçu,34.0,0.48,0.9,0.012,0.006
5613,2018,02/25,13.940516512790026,Foz do Iguaçu,34.0,0.48,0.9,0.012,0.006
5614,2019,02/25,15.404076449809093,Foz do Iguaçu,34.0,0.48,0.9,0.012,0.006
5615,2020,02/25,14.044856994678515,Foz do Iguaçu,34.0,0.48,0.9,0.012,0.006
5616,2021,02/25,14.916031634500163,Foz do Iguaçu,34.0,0.48,0.9,0.012,0.006
5617,2022,02/25,13.113710137813028,Foz do Iguaçu,34.0,0.48,0.9,0.012,0.006
5618,2023,02/25,14.88722792648709,Foz do Iguaçu,34.0,0.48,0.9,0.012,0.006
5619,2024,02/25,14.659997535925415,Foz do Iguaçu,34.0,0.48,0.9,0.012,0.006
5620,2015,02/25,15.306426174726118,Guaíra,34.0,0.48,0.9,0.012,0.006
5621,2016,02/25,12.97831605814974,Guaíra,34.0,0.48,0.9,0.012,0.006
5622,2017,02/25,14.773777656621473,Guaíra,34.0,0.48,0.9,0.012,0.006
5623,2018,02/25,14.588821683454924,Guaíra,34.0,0.48,0.9,0.012,0.006
5624,2019,02/25,15.547108832903573,Guaíra,34.0,0.48,0.9,0.012,0.006
5625,2020,02/25,14.89176560028326,Guaíra,34.0,0.48,0.9,0.012,0.006
5626,2021,02/25,15.111244887845938,Guaíra,34.0,0.48,0.9,0.012,0.006
5627,2022,02/25,13.614324442190993,Guaíra,34.0,0.48,0.9,0.012,0.006
5628,2023,02/25,14.893554901054086,Guaíra,34.0,0.48,0.9,0.012,0.006
5629,2024,02/25,15.349844402975037,Guaíra,34.0,0.48,0.9,0.012,0.006
5630,2015,02/25,15.295774459604521,Marechal Cândido Rondon,34.0,0.48,0.9,0.012,0.006
5631,2016,02/25,13.091439303764362,Marechal Cândido Rondon,34.0,0.48,0.9,0.012,0.006
5632,2017,02/25,14.862330194810825,Marechal Cândido Rondon,34.0,0.48,0.9,0.012,0.006
5633,2018,02/25,14.705302870440477,Marechal Cândido Rondon,34.0,0.48,0.9,0.012,0.006
5634,2019,02/25,15.577432692010284,Marechal Cândido Rondon,34.0,0.48,0.9,0.012,0.006
5635,2020,02/25,14.84938864223914,Marechal Cândido Rondon,34.0,0.48,0.9,0.012,0.006
5636,2021,02/25,15.32181315894182,Marechal Cândido Rondon,34.0,0.48,0.9,0.012,0.006
5637,2022,02/25,13.652491880597022,Marechal Cândido Rondon,34.0,0.48,0.9,0.012,0.006
5638,2023,02/25,15.015591897101666,Marechal Cândido Rondon,34.0,0.48,0.9,0.012,0.006
5639,2024,02/25,15.224228981082547,Marechal Cândido Rondon,34.0,0.48,0.9,0.012,0.006
5640,2015,02/25,14.761734467854644,Matelândia,34.0,0.48,0.9,0.012,0.006
5641,2016,02/25,11.748040890904043,Matelândia,34.0,0.48,0.9,0.012,0.006
5642,2017,02/25,14.173473311463523,Matelândia,34.0,0.48,0.9,0.012,0.006
5643,2018,02/25,13.49160363259731,Matelândia,34.0,0.48,0.9,0.012,0.006
5644,2019,02/25,15.155859369799476,Matelândia,34.0,0.48,0.9,0.012,0.006
5645,2020,02/25,13.636328606758115,Matelândia,34.0,0.48,0.9,0.012,0.006
5646,2021,02/25,14.61370383974678,Matelândia,34.0,0.48,0.9,0.012,0.006
5647,2022,02/25,12.63528631004082,Matelândia,34.0,0.48,0.9,0.012,0.006
5648,2023,02/25,14.40629001042381,Matelândia,34.0,0.48,0.9,0.012,0.006
5649,2024,02/25,14.594588236463062,Matelândia,34.0,0.48,0.9,0.012,0.006
5650,2015,02/25,15.062187645600611,Medianeira,34.0,0.48,0.9,0.012,0.006
5651,2016,02/25,12.495733165555764,Medianeira,34.0,0.48,0.9,0.012,0.006
5652,2017,02/25,14.529933602473225,Medianeira,34.0,0.48,0.9,0.012,0.006
5653,2018,02/25,13.940821116729653,Medianeira,34.0,0.48,0.9,0.012,0.006
5654,2019,02/25,15.403924051132037,Medianeira,34.0,0.48,0.9,0.012,0.006
5655,2020,02/25,14.04413609610741,Medianeira,34.0,0.48,0.9,0.012,0.006
5656,2021,02/25,14.918559600747285,Medianeira,34.0,0.48,0.9,0.012,0.006
5657,2022,02/25,13.113096225815793,Medianeira,34.0,0.48,0.9,0.012,0.006
5658,2023,02/25,14.886713066876345,Medianeira,34.0,0.48,0.9,0.012,0.006
5659,2024,02/25,14.659719808780142,Medianeira,34.0,0.48,0.9,0.012,0.006
5660,2015,02/25,15.261730149814907,Santa Helena,34.0,0.48,0.9,0.012,0.006
5661,2016,02/25,13.102476393033237,Santa Helena,34.0,0.48,0.9,0.012,0.006
5662,2017,02/25,14.865952324757185,Santa Helena,34.0,0.48,0.9,0.012,0.006
5663,2018,02/25,14.532318915481252,Santa Helena,34.0,0.48,0.9,0.012,0.006
5664,2019,02/25,15.559437228856725,Santa Helena,34.0,0.48,0.9,0.012,0.006
5665,2020,02/25,14.646133623152483,Santa Helena,34.0,0.48,0.9,0.012,0.006
5666,2021,02/25,14.913264617927524,Santa Helena,34.0,0.48,0.9,0.012,0.006
5667,2022,02/25,13.66712565634373,Santa Helena,34.0,0.48,0.9,0.012,0.006
5668,2023,02/25,15.080657551787656,Santa Helena,34.0,0.48,0.9,0.012,0.006
5669,2024,02/25,14.956833903866531,Santa Helena,34.0,0.48,0.9,0.012,0.006
5670,2015,02/25,15.062671679178765,São Miguel do Iguaçu,34.0,0.48,0.9,0.012,0.006
5671,2016,02/25,12.495787201130664,São Miguel do Iguaçu,34.0,0.48,0.9,0.012,0.006
5672,2017,02/25,14.530049663446107,São Miguel do Iguaçu,34.0,0.48,0.9,0.012,0.006
5673,2018,02/25,13.94058858001131,São Miguel do Iguaçu,34.0,0.48,0.9,0.012,0.006
5674,2019,02/25,15.404047506085538,São Miguel do Iguaçu,34.0,0.48,0.9,0.012,0.006
5675,2020,02/25,14.044681397638886,São Miguel do Iguaçu,34.0,0.48,0.9,0.012,0.006
5676,2021,02/25,14.915850114502964,São Miguel do Iguaçu,34.0,0.48,0.9,0.012,0.006
5677,2022,02/25,13.113681142990716,São Miguel do Iguaçu,34.0,0.48,0.9,0.012,0.006
5678,2023,02/25,14.887135190190222,São Miguel do Iguaçu,34.0,0.48,0.9,0.012,0.006
5679,2024,02/25,14.6599478854287,São Miguel do Iguaçu,34.0,0.48,0.9,0.012,0.006
5680,2015,02/25,14.547742782319663,São Pedro do Iguaçu,34.0,0.48,0.9,0.012,0.006
5681,2016,02/25,11.433907600935683,São Pedro do Iguaçu,34.0,0.48,0.9,0.012,0.006
5682,2017,02/25,13.961021075354358,São Pedro do Iguaçu,34.0,0.48,0.9,0.012,0.006
5683,2018,02/25,13.495703508357106,São Pedro do Iguaçu,34.0,0.48,0.9,0.012,0.006
5684,2019,02/25,14.981213444019925,São Pedro do Iguaçu,34.0,0.48,0.9,0.012,0.006
5685,2020,02/25,13.618197092590535,São Pedro do Iguaçu,34.0,0.48,0.9,0.012,0.006
5686,2021,02/25,14.474497016432021,São Pedro do Iguaçu,34.0,0.48,0.9,0.012,0.006
5687,2022,02/25,12.312845478499884,São Pedro do Iguaçu,34.0,0.48,0.9,0.012,0.006
5688,2023,02/25,14.167342719639898,São Pedro do Iguaçu,34.0,0.48,0.9,0.012,0.006
5689,2024,02/25,14.537620859397993,São Pedro do Iguaçu,34.0,0.48,0.9,0.012,0.006
5690,2015,02/25,14.938623276399268,Toledo,34.0,0.48,0.9,0.012,0.006
5691,2016,02/25,12.133775165776495,Toledo,34.0,0.48,0.9,0.012,0.006
5692,2017,02/25,14.293363412024084,Toledo,34.0,0.48,0.9,0.012,0.006
5693,2018,02/25,14.140657838965083,Toledo,34.0,0.48,0.9,0.012,0.006
5694,2019,02/25,15.253006755575363,Toledo,34.0,0.48,0.9,0.012,0.006
5695,2020,02/25,14.523029980912346,Toledo,34.0,0.48,0.9,0.012,0.006
5696,2021,02/25,14.93729104356242,Toledo,34.0,0.48,0.9,0.012,0.006
5697,2022,02/25,12.872095226357239,Toledo,34.0,0.48,0.9,0.012,0.006
5698,2023,02/25,14.550404088648845,Toledo,34.0,0.48,0.9,0.012,0.006
5699,2024,02/25,15.059072371193638,Toledo,34.0,0.48,0.9,0.012,0.006
5700,2015,02/25,14.579680370362091,Cascavel,34.0,0.48,0.9,0.012,0.007
5701,2016,02/25,11.129099632460433,Cascavel,34.0,0.48,0.9,0.012,0.007
5702,2017,02/25,13.737770623797068,Cascavel,34.0,0.48,0.9,0.012,0.007
5703,2018,02/25,13.255120140134217,Cascavel,34.0,0.48,0.9,0.012,0.007
5704,2019,02/25,14.875100544892844,Cascavel,34.0,0.48,0.9,0.012,0.007
5705,2020,02/25,13.450715467168028,Cascavel,34.0,0.48,0.9,0.012,0.007
5706,2021,02/25,14.166449936469569,Cascavel,34.0,0.48,0.9,0.012,0.007
5707,2022,02/25,12.23272319673637,Cascavel,34.0,0.48,0.9,0.012,0.007
5708,2023,02/25,13.65809676686916,Cascavel,34.0,0.48,0.9,0.012,0.007
5709,2024,02/25,14.665570049534697,Cascavel,34.0,0.48,0.9,0.012,0.007
5710,2015,02/25,15.062794100935571,Foz do Iguaçu,34.0,0.48,0.9,0.012,0.007
5711,2016,02/25,12.495800907986403,Foz do Iguaçu,34.0,0.48,0.9,0.012,0.007
5712,2017,02/25,14.530074713285405,Foz do Iguaçu,34.0,0.48,0.9,0.012,0.007
5713,2018,02/25,13.940516512790026,Foz do Iguaçu,34.0,0.48,0.9,0.012,0.007
5714,2019,02/25,15.404076449809093,Foz do Iguaçu,34.0,0.48,0.9,0.012,0.007
5715,2020,02/25,14.044856994678515,Foz do Iguaçu,34.0,0.48,0.9,0.012,0.007
5716,2021,02/25,14.916031634500163,Foz do Iguaçu,34.0,0.48,0.9,0.012,0.007
5717,2022,02/25,13.113710137813028,Foz do Iguaçu,34.0,0.48,0.9,0.012,0.007
5718,2023,02/25,14.88722792648709,Foz do Iguaçu,34.0,0.48,0.9,0.012,0.007
5719,2024,02/25,14.659997535925415,Foz do Iguaçu,34.0,0.48,0.9,0.012,0.007
5720,2015,02/25,15.306426174726118,Guaíra,34.0,0.48,0.9,0.012,0.007
5721,2016,02/25,12.97831605814974,Guaíra,34.0,0.48,0.9,0.012,0.007
5722,2017,02/25,14.773777656621473,Guaíra,34.0,0.48,0.9,0.012,0.007
5723,2018,02/25,14.588821683454924,Guaíra,34.0,0.48,0.9,0.012,0.007
5724,2019,02/25,15.547108832903573,Guaíra,34.0,0.48,0.9,0.012,0.007
5725,2020,02/25,14.89176560028326,Guaíra,34.0,0.48,0.9,0.012,0.007
5726,2021,02/25,15.111244887845938,Guaíra,34.0,0.48,0.9,0.012,0.007
5727,2022,02/25,13.614324442190993,Guaíra,34.0,0.48,0.9,0.012,0.007
5728,2023,02/25,14.893554901054086,Guaíra,34.0,0.48,0.9,0.012,0.007
5729,2024,02/25,15.349844402975037,Guaíra,34.0,0.48,0.9,0.012,0.007
5730,2015,02/25,15.295774459604521,Marechal Cândido Rondon,34.0,0.48,0.9,0.012,0.007
5731,2016,02/25,13.091439303764362,Marechal Cândido Rondon,34.0,0.48,0.9,0.012,0.007
5732,2017,02/25,14.862330194810825,Marechal Cândido Rondon,34.0,0.48,0.9,0.012,0.007
5733,2018,02/25,14.705302870440477,Marechal Cândido Rondon,34.0,0.48,0.9,0.012,0.007
5734,2019,02/25,15.577432692010284,Marechal Cândido Rondon,34.0,0.48,0.9,0.012,0.007
5735,2020,02/25,14.84938864223914,Marechal Cândido Rondon,34.0,0.48,0.9,0.012,0.007
5736,2021,02/25,15.32181315894182,Marechal Cândido Rondon,34.0,0.48,0.9,0.012,0.007
5737,2022,02/25,13.652491880597022,Marechal Cândido Rondon,34.0,0.48,0.9,0.012,0.007
5738,2023,02/25,15.015591897101666,Marechal Cândido Rondon,34.0,0.48,0.9,0.012,0.007
5739,2024,02/25,15.224228981082547,Marechal Cândido Rondon,34.0,0.48,0.9,0.012,0.007
5740,2015,02/25,14.761734467854644,Matelândia,34.0,0.48,0.9,0.012,0.007
5741,2016,02/25,11.748040890904043,Matelândia,34.0,0.48,0.9,0.012,0.007
5742,2017,02/25,14.173473311463523,Matelândia,34.0,0.48,0.9,0.012,0.007
5743,2018,02/25,13.49160363259731,Matelândia,34.0,0.48,0.9,0.012,0.007
5744,2019,02/25,15.155859369799476,Matelândia,34.0,0.48,0.9,0.012,0.007
5745,2020,02/25,13.636328606758115,Matelândia,34.0,0.48,0.9,0.012,0.007
5746,2021,02/25,14.61370383974678,Matelândia,34.0,0.48,0.9,0.012,0.007
5747,2022,02/25,12.63528631004082,Matelândia,34.0,0.48,0.9,0.012,0.007
5748,2023,02/25,14.40629001042381,Matelândia,34.0,0.48,0.9,0.012,0.007
5749,2024,02/25,14.594588236463062,Matelândia,34.0,0.48,0.9,0.012,0.007
5750,2015,02/25,15.062187645600611,Medianeira,34.0,0.48,0.9,0.012,0.007
5751,2016,02/25,12.495733165555764,Medianeira,34.0,0.48,0.9,0.012,0.007
5752,2017,02/25,14.529933602473225,Medianeira,34.0,0.48,0.9,0.012,0.007
5753,2018,02/25,13.940821116729653,Medianeira,34.0,0.48,0.9,0.012,0.007
5754,2019,02/25,15.403924051132037,Medianeira,34.0,0.48,0.9,0.012,0.007
5755,2020,02/25,14.04413609610741,Medianeira,34.0,0.48,0.9,0.012,0.007
5756,2021,02/25,14.918559600747285,Medianeira,34.0,0.48,0.9,0.012,0.007
5757,2022,02/25,13.113096225815793,Medianeira,34.0,0.48,0.9,0.012,0.007
5758,2023,02/25,14.886713066876345,Medianeira,34.0,0.48,0.9,0.012,0.007
5759,2024,02/25,14.659719808780142,Medianeira,34.0,0.48,0.9,0.012,0.007
5760,2015,02/25,15.261730149814907,Santa Helena,34.0,0.48,0.9,0.012,0.007
5761,2016,02/25,13.102476393033237,Santa Helena,34.0,0.48,0.9,0.012,0.007
5762,2017,02/25,14.865952324757185,Santa Helena,34.0,0.48,0.9,0.012,0.007
5763,2018,02/25,14.532318915481252,Santa Helena,34.0,0.48,0.9,0.012,0.007
5764,2019,02/25,15.559437228856725,Santa Helena,34.0,0.48,0.9,0.012,0.007
5765,2020,02/25,14.646133623152483,Santa Helena,34.0,0.48,0.9,0.012,0.007
5766,2021,02/25,14.913264617927524,Santa Helena,34.0,0.48,0.9,0.012,0.007
5767,2022,02/25,13.66712565634373,Santa Helena,34.0,0.48,0.9,0.012,0.007
5768,2023,02/25,15.080657551787656,Santa Helena,34.0,0.48,0.9,0.012,0.007
5769,2024,02/25,14.956833903866531,Santa Helena,34.0,0.48,0.9,0.012,0.007
5770,2015,02/25,15.062671679178765,São Miguel do Iguaçu,34.0,0.48,0.9,0.012,0.007
5771,2016,02/25,12.495787201130664,São Miguel do Iguaçu,34.0,0.48,0.9,0.012,0.007
5772,2017,02/25,14.530049663446107,São Miguel do Iguaçu,34.0,0.48,0.9,0.012,0.007
5773,2018,02/25,13.94058858001131,São Miguel do Iguaçu,34.0,0.48,0.9,0.012,0.007
5774,2019,02/25,15.404047506085538,São Miguel do Iguaçu,34.0,0.48,0.9,0.012,0.007
5775,2020,02/25,14.044681397638886,São Miguel do Iguaçu,34.0,0.48,0.9,0.012,0.007
5776,2021,02/25,14.915850114502964,São Miguel do Iguaçu,34.0,0.48,0.9,0.012,0.007
5777,2022,02/25,13.113681142990716,São Miguel do Iguaçu,34.0,0.48,0.9,0.012,0.007
5778,2023,02/25,14.887135190190222,São Miguel do Iguaçu,34.0,0.48,0.9,0.012,0.007
5779,2024,02/25,14.6599478854287,São Miguel do Iguaçu,34.0,0.48,0.9,0.012,0.007
5780,2015,02/25,14.547742782319663,São Pedro do Iguaçu,34.0,0.48,0.9,0.012,0.007
5781,2016,02/25,11.433907600935683,São Pedro do Iguaçu,34.0,0.48,0.9,0.012,0.007
5782,2017,02/25,13.961021075354358,São Pedro do Iguaçu,34.0,0.48,0.9,0.012,0.007
5783,2018,02/25,13.495703508357106,São Pedro do Iguaçu,34.0,0.48,0.9,0.012,0.007
5784,2019,02/25,14.981213444019925,São Pedro do Iguaçu,34.0,0.48,0.9,0.012,0.007
5785,2020,02/25,13.618197092590535,São Pedro do Iguaçu,34.0,0.48,0.9,0.012,0.007
5786,2021,02/25,14.474497016432021,São Pedro do Iguaçu,34.0,0.48,0.9,0.012,0.007
5787,2022,02/25,12.312845478499884,São Pedro do Iguaçu,34.0,0.48,0.9,0.012,0.007
5788,2023,02/25,14.167342719639898,São Pedro do Iguaçu,34.0,0.48,0.9,0.012,0.007
5789,2024,02/25,14.537620859397993,São Pedro do Iguaçu,34.0,0.48,0.9,0.012,0.007
5790,2015,02/25,14.938623276399268,Toledo,34.0,0.48,0.9,0.012,0.007
5791,2016,02/25,12.133775165776495,Toledo,34.0,0.48,0.9,0.012,0.007
5792,2017,02/25,14.293363412024084,Toledo,34.0,0.48,0.9,0.012,0.007
5793,2018,02/25,14.140657838965083,Toledo,34.0,0.48,0.9,0.012,0.007
5794,2019,02/25,15.253006755575363,Toledo,34.0,0.48,0.9,0.012,0.007
5795,2020,02/25,14.523029980912346,Toledo,34.0,0.48,0.9,0.012,0.007
5796,2021,02/25,14.93729104356242,Toledo,34.0,0.48,0.9,0.012,0.007
5797,2022,02/25,12.872095226357239,Toledo,34.0,0.48,0.9,0.012,0.007
5798,2023,02/25,14.550404088648845,Toledo,34.0,0.48,0.9,0.012,0.007
5799,2024,02/25,15.059072371193638,Toledo,34.0,0.48,0.9,0.012,0.007
5800,2015,02/25,14.579680370362091,Cascavel,34.0,0.48,0.9,0.013,0.006
5801,2016,02/25,11.129099632460433,Cascavel,34.0,0.48,0.9,0.013,0.006
5802,2017,02/25,13.737770623797068,Cascavel,34.0,0.48,0.9,0.013,0.006
5803,2018,02/25,13.255120140134217,Cascavel,34.0,0.48,0.9,0.013,0.006
5804,2019,02/25,14.875100544892844,Cascavel,34.0,0.48,0.9,0.013,0.006
5805,2020,02/25,13.450715467168028,Cascavel,34.0,0.48,0.9,0.013,0.006
5806,2021,02/25,14.166449936469569,Cascavel,34.0,0.48,0.9,0.013,0.006
5807,2022,02/25,12.23272319673637,Cascavel,34.0,0.48,0.9,0.013,0.006
5808,2023,02/25,13.65809676686916,Cascavel,34.0,0.48,0.9,0.013,0.006
5809,2024,02/25,14.665570049534697,Cascavel,34.0,0.48,0.9,0.013,0.006
5810,2015,02/25,15.062794100935571,Foz do Iguaçu,34.0,0.48,0.9,0.013,0.006
5811,2016,02/25,12.495800907986403,Foz do Iguaçu,34.0,0.48,0.9,0.013,0.006
5812,2017,02/25,14.530074713285405,Foz do Iguaçu,34.0,0.48,0.9,0.013,0.006
5813,2018,02/25,13.940516512790026,Foz do Iguaçu,34.0,0.48,0.9,0.013,0.006
5814,2019,02/25,15.404076449809093,Foz do Iguaçu,34.0,0.48,0.9,0.013,0.006
5815,2020,02/25,14.044856994678515,Foz do Iguaçu,34.0,0.48,0.9,0.013,0.006
5816,2021,02/25,14.916031634500163,Foz do Iguaçu,34.0,0.48,0.9,0.013,0.006
5817,2022,02/25,13.113710137813028,Foz do Iguaçu,34.0,0.48,0.9,0.013,0.006
5818,2023,02/25,14.88722792648709,Foz do Iguaçu,34.0,0.48,0.9,0.013,0.006
5819,2024,02/25,14.659997535925415,Foz do Iguaçu,34.0,0.48,0.9,0.013,0.006
5820,2015,02/25,15.306426174726118,Guaíra,34.0,0.48,0.9,0.013,0.006
5821,2016,02/25,12.97831605814974,Guaíra,34.0,0.48,0.9,0.013,0.006
5822,2017,02/25,14.773777656621473,Guaíra,34.0,0.48,0.9,0.013,0.006
5823,2018,02/25,14.588821683454924,Guaíra,34.0,0.48,0.9,0.013,0.006
5824,2019,02/25,15.547108832903573,Guaíra,34.0,0.48,0.9,0.013,0.006
5825,2020,02/25,14.89176560028326,Guaíra,34.0,0.48,0.9,0.013,0.006
5826,2021,02/25,15.111244887845938,Guaíra,34.0,0.48,0.9,0.013,0.006
5827,2022,02/25,13.614324442190993,Guaíra,34.0,0.48,0.9,0.013,0.006
5828,2023,02/25,14.893554901054086,Guaíra,34.0,0.48,0.9,0.013,0.006
5829,2024,02/25,15.349844402975037,Guaíra,34.0,0.48,0.9,0.013,0.006
5830,2015,02/25,15.295774459604521,Marechal Cândido Rondon,34.0,0.48,0.9,0.013,0.006
5831,2016,02/25,13.091439303764362,Marechal Cândido Rondon,34.0,0.48,0.9,0.013,0.006
5832,2017,02/25,14.862330194810825,Marechal Cândido Rondon,34.0,0.48,0.9,0.013,0.006
5833,2018,02/25,14.705302870440477,Marechal Cândido Rondon,34.0,0.48,0.9,0.013,0.006
5834,2019,02/25,15.577432692010284,Marechal Cândido Rondon,34.0,0.48,0.9,0.013,0.006
5835,2020,02/25,14.84938864223914,Marechal Cândido Rondon,34.0,0.48,0.9,0.013,0.006
5836,2021,02/25,15.32181315894182,Marechal Cândido Rondon,34.0,0.48,0.9,0.013,0.006
5837,2022,02/25,13.652491880597022,Marechal Cândido Rondon,34.0,0.48,0.9,0.013,0.006
5838,2023,02/25,15.015591897101666,Marechal Cândido Rondon,34.0,0.48,0.9,0.013,0.006
5839,2024,02/25,15.224228981082547,Marechal Cândido Rondon,34.0,0.48,0.9,0.013,0.006
5840,2015,02/25,14.761734467854644,Matelândia,34.0,0.48,0.9,0.013,0.006
5841,2016,02/25,11.748040890904043,Matelândia,34.0,0.48,0.9,0.013,0.006
5842,2017,02/25,14.173473311463523,Matelândia,34.0,0.48,0.9,0.013,0.006
5843,2018,02/25,13.49160363259731,Matelândia,34.0,0.48,0.9,0.013,0.006
5844,2019,02/25,15.155859369799476,Matelândia,34.0,0.48,0.9,0.013,0.006
5845,2020,02/25,13.636328606758115,Matelândia,34.0,0.48,0.9,0.013,0.006
5846,2021,02/25,14.61370383974678,Matelândia,34.0,0.48,0.9,0.013,0.006
5847,2022,02/25,12.63528631004082,Matelândia,34.0,0.48,0.9,0.013,0.006
5848,2023,02/25,14.40629001042381,Matelândia,34.0,0.48,0.9,0.013,0.006
5849,2024,02/25,14.594588236463062,Matelândia,34.0,0.48,0.9,0.013,0.006
5850,2015,02/25,15.062187645600611,Medianeira,34.0,0.48,0.9,0.013,0.006
5851,2016,02/25,12.495733165555764,Medianeira,34.0,0.48,0.9,0.013,0.006
5852,2017,02/25,14.529933602473225,Medianeira,34.0,0.48,0.9,0.013,0.006
5853,2018,02/25,13.940821116729653,Medianeira,34.0,0.48,0.9,0.013,0.006
5854,2019,02/25,15.403924051132037,Medianeira,34.0,0.48,0.9,0.013,0.006
5855,2020,02/25,14.04413609610741,Medianeira,34.0,0.48,0.9,0.013,0.006
5856,2021,02/25,14.918559600747285,Medianeira,34.0,0.48,0.9,0.013,0.006
5857,2022,02/25,13.113096225815793,Medianeira,34.0,0.48,0.9,0.013,0.006
5858,2023,02/25,14.886713066876345,Medianeira,34.0,0.48,0.9,0.013,0.006
5859,2024,02/25,14.659719808780142,Medianeira,34.0,0.48,0.9,0.013,0.006
5860,2015,02/25,15.261730149814907,Santa Helena,34.0,0.48,0.9,0.013,0.006
5861,2016,02/25,13.102476393033237,Santa Helena,34.0,0.48,0.9,0.013,0.006
5862,2017,02/25,14.865952324757185,Santa Helena,34.0,0.48,0.9,0.013,0.006
5863,2018,02/25,14.532318915481252,Santa Helena,34.0,0.48,0.9,0.013,0.006
5864,2019,02/25,15.559437228856725,Santa Helena,34.0,0.48,0.9,0.013,0.006
5865,2020,02/25,14.646133623152483,Santa Helena,34.0,0.48,0.9,0.013,0.006
5866,2021,02/25,14.913264617927524,Santa Helena,34.0,0.48,0.9,0.013,0.006
5867,2022,02/25,13.66712565634373,Santa Helena,34.0,0.48,0.9,0.013,0.006
5868,2023,02/25,15.080657551787656,Santa Helena,34.0,0.48,0.9,0.013,0.006
5869,2024,02/25,14.956833903866531,Santa Helena,34.0,0.48,0.9,0.013,0.006
5870,2015,02/25,15.062671679178765,São Miguel do Iguaçu,34.0,0.48,0.9,0.013,0.006
5871,2016,02/25,12.495787201130664,São Miguel do Iguaçu,34.0,0.48,0.9,0.013,0.006
5872,2017,02/25,14.530049663446107,São Miguel do Iguaçu,34.0,0.48,0.9,0.013,0.006
5873,2018,02/25,13.94058858001131,São Miguel do Iguaçu,34.0,0.48,0.9,0.013,0.006
5874,2019,02/25,15.404047506085538,São Miguel do Iguaçu,34.0,0.48,0.9,0.013,0.006
5875,2020,02/25,14.044681397638886,São Miguel do Iguaçu,34.0,0.48,0.9,0.013,0.006
5876,2021,02/25,14.915850114502964,São Miguel do Iguaçu,34.0,0.48,0.9,0.013,0.006
5877,2022,02/25,13.113681142990716,São Miguel do Iguaçu,34.0,0.48,0.9,0.013,0.006
5878,2023,02/25,14.887135190190222,São Miguel do Iguaçu,34.0,0.48,0.9,0.013,0.006
5879,2024,02/25,14.6599478854287,São Miguel do Iguaçu,34.0,0.48,0.9,0.013,0.006
5880,2015,02/25,14.547742782319663,São Pedro do Iguaçu,34.0,0.48,0.9,0.013,0.006
5881,2016,02/25,11.433907600935683,São Pedro do Iguaçu,34.0,0.48,0.9,0.013,0.006
5882,2017,02/25,13.961021075354358,São Pedro do Iguaçu,34.0,0.48,0.9,0.013,0.006
5883,2018,02/25,13.495703508357106,São Pedro do Iguaçu,34.0,0.48,0.9,0.013,0.006
5884,2019,02/25,14.981213444019925,São Pedro do Iguaçu,34.0,0.48,0.9,0.013,0.006
5885,2020,02/25,13.618197092590535,São Pedro do Iguaçu,34.0,0.48,0.9,0.013,0.006
5886,2021,02/25,14.474497016432021,São Pedro do Iguaçu,34.0,0.48,0.9,0.013,0.006
5887,2022,02/25,12.312845478499884,São Pedro do Iguaçu,34.0,0.48,0.9,0.013,0.006
5888,2023,02/25,14.167342719639898,São Pedro do Iguaçu,34.0,0.48,0.9,0.013,0.006
5889,2024,02/25,14.537620859397993,São Pedro do Iguaçu,34.0,0.48,0.9,0.013,0.006
5890,2015,02/25,14.938623276399268,Toledo,34.0,0.48,0.9,0.013,0.006
5891,2016,02/25,12.133775165776495,Toledo,34.0,0.48,0.9,0.013,0.006
5892,2017,02/25,14.293363412024084,Toledo,34.0,0.48,0.9,0.013,0.006
5893,2018,02/25,14.140657838965083,Toledo,34.0,0.48,0.9,0.013,0.006
5894,2019,02/25,15.253006755575363,Toledo,34.0,0.48,0.9,0.013,0.006
5895,2020,02/25,14.523029980912346,Toledo,34.0,0.48,0.9,0.013,0.006
5896,2021,02/25,14.93729104356242,Toledo,34.0,0.48,0.9,0.013,0.006
5897,2022,02/25,12.872095226357239,Toledo,34.0,0.48,0.9,0.013,0.006
5898,2023,02/25,14.550404088648845,Toledo,34.0,0.48,0.9,0.013,0.006
5899,2024,02/25,15.059072371193638,Toledo,34.0,0.48,0.9,0.013,0.006
5900,2015,02/25,14.579680370362091,Cascavel,34.0,0.48,0.9,0.013,0.007
5901,2016,02/25,11.129099632460433,Cascavel,34.0,0.48,0.9,0.013,0.007
5902,2017,02/25,13.737770623797068,Cascavel,34.0,0.48,0.9,0.013,0.007
5903,2018,02/25,13.255120140134217,Cascavel,34.0,0.48,0.9,0.013,0.007
5904,2019,02/25,14.875100544892844,Cascavel,34.0,0.48,0.9,0.013,0.007
5905,2020,02/25,13.450715467168028,Cascavel,34.0,0.48,0.9,0.013,0.007
5906,2021,02/25,14.166449936469569,Cascavel,34.0,0.48,0.9,0.013,0.007
5907,2022,02/25,12.23272319673637,Cascavel,34.0,0.48,0.9,0.013,0.007
5908,2023,02/25,13.65809676686916,Cascavel,34.0,0.48,0.9,0.013,0.007
5909,2024,02/25,14.665570049534697,Cascavel,34.0,0.48,0.9,0.013,0.007
5910,2015,02/25,15.062794100935571,Foz do Iguaçu,34.0,0.48,0.9,0.013,0.007
5911,2016,02/25,12.495800907986403,Foz do Iguaçu,34.0,0.48,0.9,0.013,0.007
5912,2017,02/25,14.530074713285405,Foz do Iguaçu,34.0,0.48,0.9,0.013,0.007
5913,2018,02/25,13.940516512790026,Foz do Iguaçu,34.0,0.48,0.9,0.013,0.007
5914,2019,02/25,15.404076449809093,Foz do Iguaçu,34.0,0.48,0.9,0.013,0.007
5915,2020,02/25,14.044856994678515,Foz do Iguaçu,34.0,0.48,0.9,0.013,0.007
5916,2021,02/25,14.916031634500163,Foz do Iguaçu,34.0,0.48,0.9,0.013,0.007
5917,2022,02/25,13.113710137813028,Foz do Iguaçu,34.0,0.48,0.9,0.013,0.007
5918,2023,02/25,14.88722792648709,Foz do Iguaçu,34.0,0.48,0.9,0.013,0.007
5919,2024,02/25,14.659997535925415,Foz do Iguaçu,34.0,0.48,0.9,0.013,0.007
5920,2015,02/25,15.306426174726118,Guaíra,34.0,0.48,0.9,0.013,0.007
5921,2016,02/25,12.97831605814974,Guaíra,34.0,0.48,0.9,0.013,0.007
5922,2017,02/25,14.773777656621473,Guaíra,34.0,0.48,0.9,0.013,0.007
5923,2018,02/25,14.588821683454924,Guaíra,34.0,0.48,0.9,0.013,0.007
5924,2019,02/25,15.547108832903573,Guaíra,34.0,0.48,0.9,0.013,0.007
5925,2020,02/25,14.89176560028326,Guaíra,34.0,0.48,0.9,0.013,0.007
5926,2021,02/25,15.111244887845938,Guaíra,34.0,0.48,0.9,0.013,0.007
5927,2022,02/25,13.614324442190993,Guaíra,34.0,0.48,0.9,0.013,0.007
5928,2023,02/25,14.893554901054086,Guaíra,34.0,0.48,0.9,0.013,0.007
5929,2024,02/25,15.349844402975037,Guaíra,34.0,0.48,0.9,0.013,0.007
5930,2015,02/25,15.295774459604521,Marechal Cândido Rondon,34.0,0.48,0.9,0.013,0.007
5931,2016,02/25,13.091439303764362,Marechal Cândido Rondon,34.0,0.48,0.9,0.013,0.007
5932,2017,02/25,14.862330194810825,Marechal Cândido Rondon,34.0,0.48,0.9,0.013,0.007
5933,2018,02/25,14.705302870440477,Marechal Cândido Rondon,34.0,0.48,0.9,0.013,0.007
5934,2019,02/25,15.577432692010284,Marechal Cândido Rondon,34.0,0.48,0.9,0.013,0.007
5935,2020,02/25,14.84938864223914,Marechal Cândido Rondon,34.0,0.48,0.9,0.013,0.007
5936,2021,02/25,15.32181315894182,Marechal Cândido Rondon,34.0,0.48,0.9,0.013,0.007
5937,2022,02/25,13.652491880597022,Marechal Cândido Rondon,34.0,0.48,0.9,0.013,0.007
5938,2023,02/25,15.015591897101666,Marechal Cândido Rondon,34.0,0.48,0.9,0.013,0.007
5939,2024,02/25,15.224228981082547,Marechal Cândido Rondon,34.0,0.48,0.9,0.013,0.007
5940,2015,02/25,14.761734467854644,Matelândia,34.0,0.48,0.9,0.013,0.007
5941,2016,02/25,11.748040890904043,Matelândia,34.0,0.48,0.9,0.013,0.007
5942,2017,02/25,14.173473311463523,Matelândia,34.0,0.48,0.9,0.013,0.007
5943,2018,02/25,13.49160363259731,Matelândia,34.0,0.48,0.9,0.013,0.007
5944,2019,02/25,15.155859369799476,Matelândia,34.0,0.48,0.9,0.013,0.007
5945,2020,02/25,13.636328606758115,Matelândia,34.0,0.48,0.9,0.013,0.007
5946,2021,02/25,14.61370383974678,Matelândia,34.0,0.48,0.9,0.013,0.007
5947,2022,02/25,12.63528631004082,Matelândia,34.0,0.48,0.9,0.013,0.007
5948,2023,02/25,14.40629001042381,Matelândia,34.0,0.48,0.9,0.013,0.007
5949,2024,02/25,14.594588236463062,Matelândia,34.0,0.48,0.9,0.013,0.007
5950,2015,02/25,15.062187645600611,Medianeira,34.0,0.48,0.9,0.013,0.007
5951,2016,02/25,12.495733165555764,Medianeira,34.0,0.48,0.9,0.013,0.007
5952,2017,02/25,14.529933602473225,Medianeira,34.0,0.48,0.9,0.013,0.007
5953,2018,02/25,13.940821116729653,Medianeira,34.0,0.48,0.9,0.013,0.007
5954,2019,02/25,15.403924051132037,Medianeira,34.0,0.48,0.9,0.013,0.007
5955,2020,02/25,14.04413609610741,Medianeira,34.0,0.48,0.9,0.013,0.007
5956,2021,02/25,14.918559600747285,Medianeira,34.0,0.48,0.9,0.013,0.007
5957,2022,02/25,13.113096225815793,Medianeira,34.0,0.48,0.9,0.013,0.007
5958,2023,02/25,14.886713066876345,Medianeira,34.0,0.48,0.9,0.013,0.007
5959,2024,02/25,14.659719808780142,Medianeira,34.0,0.48,0.9,0.013,0.007
5960,2015,02/25,15.261730149814907,Santa Helena,34.0,0.48,0.9,0.013,0.007
5961,2016,02/25,13.102476393033237,Santa Helena,34.0,0.48,0.9,0.013,0.007
5962,2017,02/25,14.865952324757185,Santa Helena,34.0,0.48,0.9,0.013,0.007
5963,2018,02/25,14.532318915481252,Santa Helena,34.0,0.48,0.9,0.013,0.007
5964,2019,02/25,15.559437228856725,Santa Helena,34.0,0.48,0.9,0.013,0.007
5965,2020,02/25,14.646133623152483,Santa Helena,34.0,0.48,0.9,0.013,0.007
5966,2021,02/25,14.913264617927524,Santa Helena,34.0,0.48,0.9,0.013,0.007
5967,2022,02/25,13.66712565634373,Santa Helena,34.0,0.48,0.9,0.013,0.007
5968,2023,02/25,15.080657551787656,Santa Helena,34.0,0.48,0.9,0.013,0.007
5969,2024,02/25,14.956833903866531,Santa Helena,34.0,0.48,0.9,0.013,0.007
5970,2015,02/25,15.062671679178765,São Miguel do Iguaçu,34.0,0.48,0.9,0.013,0.007
5971,2016,02/25,12.495787201130664,São Miguel do Iguaçu,34.0,0.48,0.9,0.013,0.007
5972,2017,02/25,14.530049663446107,São Miguel do Iguaçu,34.0,0.48,0.9,0.013,0.007
5973,2018,02/25,13.94058858001131,São Miguel do Iguaçu,34.0,0.48,0.9,0.013,0.007
5974,2019,02/25,15.404047506085538,São Miguel do Iguaçu,34.0,0.48,0.9,0.013,0.007
5975,2020,02/25,14.044681397638886,São Miguel do Iguaçu,34.0,0.48,0.9,0.013,0.007
5976,2021,02/25,14.915850114502964,São Miguel do Iguaçu,34.0,0.48,0.9,0.013,0.007
5977,2022,02/25,13.113681142990716,São Miguel do Iguaçu,34.0,0.48,0.9,0.013,0.007
5978,2023,02/25,14.887135190190222,São Miguel do Iguaçu,34.0,0.48,0.9,0.013,0.007
5979,2024,02/25,14.6599478854287,São Miguel do Iguaçu,34.0,0.48,0.9,0.013,0.007
5980,2015,02/25,14.547742782319663,São Pedro do Iguaçu,34.0,0.48,0.9,0.013,0.007
5981,2016,02/25,11.433907600935683,São Pedro do Iguaçu,34.0,0.48,0.9,0.013,0.007
5982,2017,02/25,13.961021075354358,São Pedro do Iguaçu,34.0,0.48,0.9,0.013,0.007
5983,2018,02/25,13.495703508357106,São Pedro do Iguaçu,34.0,0.48,0.9,0.013,0.007
5984,2019,02/25,14.981213444019925,São Pedro do Iguaçu,34.0,0.48,0.9,0.013,0.007
5985,2020,02/25,13.618197092590535,São Pedro do Iguaçu,34.0,0.48,0.9,0.013,0.007
5986,2021,02/25,14.474497016432021,São Pedro do Iguaçu,34.0,0.48,0.9,0.013,0.007
5987,2022,02/25,12.312845478499884,São Pedro do Iguaçu,34.0,0.48,0.9,0.013,0.007
5988,2023,02/25,14.167342719639898,São Pedro do Iguaçu,34.0,0.48,0.9,0.013,0.007
5989,2024,02/25,14.537620859397993,São Pedro do Iguaçu,34.0,0.48,0.9,0.013,0.007
5990,2015,02/25,14.938623276399268,Toledo,34.0,0.48,0.9,0.013,0.007
5991,2016,02/25,12.133775165776495,Toledo,34.0,0.48,0.9,0.013,0.007
5992,2017,02/25,14.293363412024084,Toledo,34.0,0.48,0.9,0.013,0.007
5993,2018,02/25,14.140657838965083,Toledo,34.0,0.48,0.9,0.013,0.007
5994,2019,02/25,15.253006755575363,Toledo,34.0,0.48,0.9,0.013,0.007
5995,2020,02/25,14.523029980912346,Toledo,34.0,0.48,0.9,0.013,0.007
5996,2021,02/25,14.93729104356242,Toledo,34.0,0.48,0.9,0.013,0.007
5997,2022,02/25,12.872095226357239,Toledo,34.0,0.48,0.9,0.013,0.007
5998,2023,02/25,14.550404088648845,Toledo,34.0,0.48,0.9,0.013,0.007
5999,2024,02/25,15.059072371193638,Toledo,34.0,0.48,0.9,0.013,0.007
6000,2015,02/25,15.031919089457787,Cascavel,34.0,0.48,0.95,0.012,0.006
6001,2016,02/25,11.478119977893988,Cascavel,34.0,0.48,0.95,0.012,0.006
6002,2017,02/25,14.162996834387013,Cascavel,34.0,0.48,0.95,0.012,0.006
6003,2018,02/25,13.678025038101861,Cascavel,34.0,0.48,0.95,0.012,0.006
6004,2019,02/25,15.338075752662483,Cascavel,34.0,0.48,0.95,0.012,0.006
6005,2020,02/25,13.858388581373667,Cascavel,34.0,0.48,0.95,0.012,0.006
6006,2021,02/25,14.597252445059599,Cascavel,34.0,0.48,0.95,0.012,0.006
6007,2022,02/25,12.616016585283742,Cascavel,34.0,0.48,0.95,0.012,0.006
6008,2023,02/25,14.087927302415448,Cascavel,34.0,0.48,0.95,0.012,0.006
6009,2024,02/25,15.119744301316997,Cascavel,34.0,0.48,0.95,0.012,0.006
6010,2015,02/25,15.533801394312766,Foz do Iguaçu,34.0,0.48,0.95,0.012,0.006
6011,2016,02/25,12.891776554376408,Foz do Iguaçu,34.0,0.48,0.95,0.012,0.006
6012,2017,02/25,14.987646155098282,Foz do Iguaçu,34.0,0.48,0.95,0.012,0.006
6013,2018,02/25,14.386017636498964,Foz do Iguaçu,34.0,0.48,0.95,0.012,0.006
6014,2019,02/25,15.882371189596475,Foz do Iguaçu,34.0,0.48,0.95,0.012,0.006
6015,2020,02/25,14.474289869535282,Foz do Iguaçu,34.0,0.48,0.95,0.012,0.006
6016,2021,02/25,15.37631145428769,Foz do Iguaçu,34.0,0.48,0.95,0.012,0.006
6017,2022,02/25,13.528466402140129,Foz do Iguaçu,34.0,0.48,0.95,0.012,0.006
6018,2023,02/25,15.358519621107039,Foz do Iguaçu,34.0,0.48,0.95,0.012,0.006
6019,2024,02/25,15.111585777427447,Foz do Iguaçu,34.0,0.48,0.95,0.012,0.006
6020,2015,02/25,15.786175351413094,Guaíra,34.0,0.48,0.95,0.012,0.006
6021,2016,02/25,13.389796974216942,Guaíra,34.0,0.48,0.95,0.012,0.006
6022,2017,02/25,15.239282979991627,Guaíra,34.0,0.48,0.95,0.012,0.006
6023,2018,02/25,15.056787164995923,Guaíra,34.0,0.48,0.95,0.012,0.006
6024,2019,02/25,16.0350770284242,Guaíra,34.0,0.48,0.95,0.012,0.006
6025,2020,02/25,15.352916685835545,Guaíra,34.0,0.48,0.95,0.012,0.006
6026,2021,02/25,15.577689170440433,Guaíra,34.0,0.48,0.95,0.012,0.006
6027,2022,02/25,14.045244088956885,Guaíra,34.0,0.48,0.95,0.012,0.006
6028,2023,02/25,15.365711392152912,Guaíra,34.0,0.48,0.95,0.012,0.006
6029,2024,02/25,15.833125014757428,Guaíra,34.0,0.48,0.95,0.012,0.006
6030,2015,02/25,15.775117825920372,Marechal Cândido Rondon,34.0,0.48,0.95,0.012,0.006
6031,2016,02/25,13.506834769047266,Marechal Cândido Rondon,34.0,0.48,0.95,0.012,0.006
6032,2017,02/25,15.330731750497469,Marechal Cândido Rondon,34.0,0.48,0.95,0.012,0.006
6033,2018,02/25,15.17881310878795,Marechal Cândido Rondon,34.0,0.48,0.95,0.012,0.006
6034,2019,02/25,16.06593966099036,Marechal Cândido Rondon,34.0,0.48,0.95,0.012,0.006
6035,2020,02/25,15.309366167808525,Marechal Cândido Rondon,34.0,0.48,0.95,0.012,0.006
6036,2021,02/25,15.79355024029507,Marechal Cândido Rondon,34.0,0.48,0.95,0.012,0.006
6037,2022,02/25,14.084511584173203,Marechal Cândido Rondon,34.0,0.48,0.95,0.012,0.006
6038,2023,02/25,15.491824478198943,Marechal Cândido Rondon,34.0,0.48,0.95,0.012,0.006
6039,2024,02/25,15.701608896601362,Marechal Cândido Rondon,34.0,0.48,0.95,0.012,0.006
6040,2015,02/25,15.221915190672389,Matelândia,34.0,0.48,0.95,0.012,0.006
6041,2016,02/25,12.118870401432586,Matelândia,34.0,0.48,0.95,0.012,0.006
6042,2017,02/25,14.61677961690704,Matelândia,34.0,0.48,0.95,0.012,0.006
6043,2018,02/25,13.922513476670414,Matelândia,34.0,0.48,0.95,0.012,0.006
6044,2019,02/25,15.625529417574484,Matelândia,34.0,0.48,0.95,0.012,0.006
6045,2020,02/25,14.051174937863045,Matelândia,34.0,0.48,0.95,0.012,0.006
6046,2021,02/25,15.06039504526268,Matelândia,34.0,0.48,0.95,0.012,0.006
6047,2022,02/25,13.033837987568958,Matelândia,34.0,0.48,0.95,0.012,0.006
6048,2023,02/25,14.862050577239767,Matelândia,34.0,0.48,0.95,0.012,0.006
6049,2024,02/25,15.044412469244877,Matelândia,34.0,0.48,0.95,0.012,0.006
6050,2015,02/25,15.533163367458274,Medianeira,34.0,0.48,0.95,0.012,0.006
6051,2016,02/25,12.891694490218645,Medianeira,34.0,0.48,0.95,0.012,0.006
6052,2017,02/25,14.987497276468005,Medianeira,34.0,0.48,0.95,0.012,0.006
6053,2018,02/25,14.386356898481775,Medianeira,34.0,0.48,0.95,0.012,0.006
6054,2019,02/25,15.882208665123482,Medianeira,34.0,0.48,0.95,0.012,0.006
6055,2020,02/25,14.473562994865446,Medianeira,34.0,0.48,0.95,0.012,0.006
6056,2021,02/25,15.378002184448427,Medianeira,34.0,0.48,0.95,0.012,0.006
6057,2022,02/25,13.527831689018411,Medianeira,34.0,0.48,0.95,0.012,0.006
6058,2023,02/25,15.357975975319249,Medianeira,34.0,0.48,0.95,0.012,0.006
6059,2024,02/25,15.11129845933738,Medianeira,34.0,0.48,0.95,0.012,0.006
6060,2015,02/25,15.739569195032859,Santa Helena,34.0,0.48,0.95,0.012,0.006
6061,2016,02/25,13.517554445500481,Santa Helena,34.0,0.48,0.95,0.012,0.006
6062,2017,02/25,15.334598592225928,Santa Helena,34.0,0.48,0.95,0.012,0.006
6063,2018,02/25,14.999135613634136,Santa Helena,34.0,0.48,0.95,0.012,0.006
6064,2019,02/25,16.04538829291577,Santa Helena,34.0,0.48,0.95,0.012,0.006
6065,2020,02/25,15.097878062796225,Santa Helena,34.0,0.48,0.95,0.012,0.006
6066,2021,02/25,15.216032794360418,Santa Helena,34.0,0.48,0.95,0.012,0.006
6067,2022,02/25,14.100040929405875,Santa Helena,34.0,0.48,0.95,0.012,0.006
6068,2023,02/25,15.558167532678528,Santa Helena,34.0,0.48,0.95,0.012,0.006
6069,2024,02/25,15.421492475795155,Santa Helena,34.0,0.48,0.95,0.012,0.006
6070,2015,02/25,15.533674183235663,São Miguel do Iguaçu,34.0,0.48,0.95,0.012,0.006
6071,2016,02/25,12.891760884551237,São Miguel do Iguaçu,34.0,0.48,0.95,0.012,0.006
6072,2017,02/25,14.98762557293065,São Miguel do Iguaçu,34.0,0.48,0.95,0.012,0.006
6073,2018,02/25,14.386088293806843,São Miguel do Iguaçu,34.0,0.48,0.95,0.012,0.006
6074,2019,02/25,15.882341067613833,São Miguel do Iguaçu,34.0,0.48,0.95,0.012,0.006
6075,2020,02/25,14.474104329417981,São Miguel do Iguaçu,34.0,0.48,0.95,0.012,0.006
6076,2021,02/25,15.376591401912293,São Miguel do Iguaçu,34.0,0.48,0.95,0.012,0.006
6077,2022,02/25,13.528436420859633,São Miguel do Iguaçu,34.0,0.48,0.95,0.012,0.006
6078,2023,02/25,15.35842325229226,São Miguel do Iguaçu,34.0,0.48,0.95,0.012,0.006
6079,2024,02/25,15.111539590837728,São Miguel do Iguaçu,34.0,0.48,0.95,0.012,0.006
6080,2015,02/25,14.999932758298826,São Pedro do Iguaçu,34.0,0.48,0.95,0.012,0.006
6081,2016,02/25,11.793822790346773,São Pedro do Iguaçu,34.0,0.48,0.95,0.012,0.006
6082,2017,02/25,14.394928596666736,São Pedro do Iguaçu,34.0,0.48,0.95,0.012,0.006
6083,2018,02/25,13.92743963216985,São Pedro do Iguaçu,34.0,0.48,0.95,0.012,0.006
6084,2019,02/25,15.446459058323875,São Pedro do Iguaçu,34.0,0.48,0.95,0.012,0.006
6085,2020,02/25,14.03178709740789,São Pedro do Iguaçu,34.0,0.48,0.95,0.012,0.006
6086,2021,02/25,14.921681957800006,São Pedro do Iguaçu,34.0,0.48,0.95,0.012,0.006
6087,2022,02/25,12.70013369645848,São Pedro do Iguaçu,34.0,0.48,0.95,0.012,0.006
6088,2023,02/25,14.61485600757678,São Pedro do Iguaçu,34.0,0.48,0.95,0.012,0.006
6089,2024,02/25,14.987490812571274,São Pedro do Iguaçu,34.0,0.48,0.95,0.012,0.006
6090,2015,02/25,15.404830937512115,Toledo,34.0,0.48,0.95,0.012,0.006
6091,2016,02/25,12.517210057531564,Toledo,34.0,0.48,0.95,0.012,0.006
6092,2017,02/25,14.740630474769212,Toledo,34.0,0.48,0.95,0.012,0.006
6093,2018,02/25,14.594177479721495,Toledo,34.0,0.48,0.95,0.012,0.006
6094,2019,02/25,15.729757413969146,Toledo,34.0,0.48,0.95,0.012,0.006
6095,2020,02/25,14.968482143528146,Toledo,34.0,0.48,0.95,0.012,0.006
6096,2021,02/25,15.398454386607119,Toledo,34.0,0.48,0.95,0.012,0.006
6097,2022,02/25,13.277573982698923,Toledo,34.0,0.48,0.95,0.012,0.006
6098,2023,02/25,15.010673574353248,Toledo,34.0,0.48,0.95,0.012,0.006
6099,2024,02/25,15.5305526534518,Toledo,34.0,0.48,0.95,0.012,0.006
6100,2015,02/25,15.031919089457787,Cascavel,34.0,0.48,0.95,0.012,0.007
6101,2016,02/25,11.478119977893988,Cascavel,34.0,0.48,0.95,0.012,0.007
6102,2017,02/25,14.162996834387013,Cascavel,34.0,0.48,0.95,0.012,0.007
6103,2018,02/25,13.678025038101861,Cascavel,34.0,0.48,0.95,0.012,0.007
6104,2019,02/25,15.338075752662483,Cascavel,34.0,0.48,0.95,0.012,0.007
6105,2020,02/25,13.858388581373667,Cascavel,34.0,0.48,0.95,0.012,0.007
6106,2021,02/25,14.597252445059599,Cascavel,34.0,0.48,0.95,0.012,0.007
6107,2022,02/25,12.616016585283742,Cascavel,34.0,0.48,0.95,0.012,0.007
6108,2023,02/25,14.087927302415448,Cascavel,34.0,0.48,0.95,0.012,0.007
6109,2024,02/25,15.119744301316997,Cascavel,34.0,0.48,0.95,0.012,0.007
6110,2015,02/25,15.533801394312766,Foz do Iguaçu,34.0,0.48,0.95,0.012,0.007
6111,2016,02/25,12.891776554376408,Foz do Iguaçu,34.0,0.48,0.95,0.012,0.007
6112,2017,02/25,14.987646155098282,Foz do Iguaçu,34.0,0.48,0.95,0.012,0.007
6113,2018,02/25,14.386017636498964,Foz do Iguaçu,34.0,0.48,0.95,0.012,0.007
6114,2019,02/25,15.882371189596475,Foz do Iguaçu,34.0,0.48,0.95,0.012,0.007
6115,2020,02/25,14.474289869535282,Foz do Iguaçu,34.0,0.48,0.95,0.012,0.007
6116,2021,02/25,15.37631145428769,Foz do Iguaçu,34.0,0.48,0.95,0.012,0.007
6117,2022,02/25,13.528466402140129,Foz do Iguaçu,34.0,0.48,0.95,0.012,0.007
6118,2023,02/25,15.358519621107039,Foz do Iguaçu,34.0,0.48,0.95,0.012,0.007
6119,2024,02/25,15.111585777427447,Foz do Iguaçu,34.0,0.48,0.95,0.012,0.007
6120,2015,02/25,15.786175351413094,Guaíra,34.0,0.48,0.95,0.012,0.007
6121,2016,02/25,13.389796974216942,Guaíra,34.0,0.48,0.95,0.012,0.007
6122,2017,02/25,15.239282979991627,Guaíra,34.0,0.48,0.95,0.012,0.007
6123,2018,02/25,15.056787164995923,Guaíra,34.0,0.48,0.95,0.012,0.007
6124,2019,02/25,16.0350770284242,Guaíra,34.0,0.48,0.95,0.012,0.007
6125,2020,02/25,15.352916685835545,Guaíra,34.0,0.48,0.95,0.012,0.007
6126,2021,02/25,15.577689170440433,Guaíra,34.0,0.48,0.95,0.012,0.007
6127,2022,02/25,14.045244088956885,Guaíra,34.0,0.48,0.95,0.012,0.007
6128,2023,02/25,15.365711392152912,Guaíra,34.0,0.48,0.95,0.012,0.007
6129,2024,02/25,15.833125014757428,Guaíra,34.0,0.48,0.95,0.012,0.007
6130,2015,02/25,15.775117825920372,Marechal Cândido Rondon,34.0,0.48,0.95,0.012,0.007
6131,2016,02/25,13.506834769047266,Marechal Cândido Rondon,34.0,0.48,0.95,0.012,0.007
6132,2017,02/25,15.330731750497469,Marechal Cândido Rondon,34.0,0.48,0.95,0.012,0.007
6133,2018,02/25,15.17881310878795,Marechal Cândido Rondon,34.0,0.48,0.95,0.012,0.007
6134,2019,02/25,16.06593966099036,Marechal Cândido Rondon,34.0,0.48,0.95,0.012,0.007
6135,2020,02/25,15.309366167808525,Marechal Cândido Rondon,34.0,0.48,0.95,0.012,0.007
6136,2021,02/25,15.79355024029507,Marechal Cândido Rondon,34.0,0.48,0.95,0.012,0.007
6137,2022,02/25,14.084511584173203,Marechal Cândido Rondon,34.0,0.48,0.95,0.012,0.007
6138,2023,02/25,15.491824478198943,Marechal Cândido Rondon,34.0,0.48,0.95,0.012,0.007
6139,2024,02/25,15.701608896601362,Marechal Cândido Rondon,34.0,0.48,0.95,0.012,0.007
6140,2015,02/25,15.221915190672389,Matelândia,34.0,0.48,0.95,0.012,0.007
6141,2016,02/25,12.118870401432586,Matelândia,34.0,0.48,0.95,0.012,0.007
6142,2017,02/25,14.61677961690704,Matelândia,34.0,0.48,0.95,0.012,0.007
6143,2018,02/25,13.922513476670414,Matelândia,34.0,0.48,0.95,0.012,0.007
6144,2019,02/25,15.625529417574484,Matelândia,34.0,0.48,0.95,0.012,0.007
6145,2020,02/25,14.051174937863045,Matelândia,34.0,0.48,0.95,0.012,0.007
6146,2021,02/25,15.06039504526268,Matelândia,34.0,0.48,0.95,0.012,0.007
6147,2022,02/25,13.033837987568958,Matelândia,34.0,0.48,0.95,0.012,0.007
6148,2023,02/25,14.862050577239767,Matelândia,34.0,0.48,0.95,0.012,0.007
6149,2024,02/25,15.044412469244877,Matelândia,34.0,0.48,0.95,0.012,0.007
6150,2015,02/25,15.533163367458274,Medianeira,34.0,0.48,0.95,0.012,0.007
6151,2016,02/25,12.891694490218645,Medianeira,34.0,0.48,0.95,0.012,0.007
6152,2017,02/25,14.987497276468005,Medianeira,34.0,0.48,0.95,0.012,0.007
6153,2018,02/25,14.386356898481775,Medianeira,34.0,0.48,0.95,0.012,0.007
6154,2019,02/25,15.882208665123482,Medianeira,34.0,0.48,0.95,0.012,0.007
6155,2020,02/25,14.473562994865446,Medianeira,34.0,0.48,0.95,0.012,0.007
6156,2021,02/25,15.378002184448427,Medianeira,34.0,0.48,0.95,0.012,0.007
6157,2022,02/25,13.527831689018411,Medianeira,34.0,0.48,0.95,0.012,0.007
6158,2023,02/25,15.357975975319249,Medianeira,34.0,0.48,0.95,0.012,0.007
6159,2024,02/25,15.11129845933738,Medianeira,34.0,0.48,0.95,0.012,0.007
6160,2015,02/25,15.739569195032859,Santa Helena,34.0,0.48,0.95,0.012,0.007
6161,2016,02/25,13.517554445500481,Santa Helena,34.0,0.48,0.95,0.012,0.007
6162,2017,02/25,15.334598592225928,Santa Helena,34.0,0.48,0.95,0.012,0.007
6163,2018,02/25,14.999135613634136,Santa Helena,34.0,0.48,0.95,0.012,0.007
6164,2019,02/25,16.04538829291577,Santa Helena,34.0,0.48,0.95,0.012,0.007
6165,2020,02/25,15.097878062796225,Santa Helena,34.0,0.48,0.95,0.012,0.007
6166,2021,02/25,15.216032794360418,Santa Helena,34.0,0.48,0.95,0.012,0.007
6167,2022,02/25,14.100040929405875,Santa Helena,34.0,0.48,0.95,0.012,0.007
6168,2023,02/25,15.558167532678528,Santa Helena,34.0,0.48,0.95,0.012,0.007
6169,2024,02/25,15.421492475795155,Santa Helena,34.0,0.48,0.95,0.012,0.007
6170,2015,02/25,15.533674183235663,São Miguel do Iguaçu,34.0,0.48,0.95,0.012,0.007
6171,2016,02/25,12.891760884551237,São Miguel do Iguaçu,34.0,0.48,0.95,0.012,0.007
6172,2017,02/25,14.98762557293065,São Miguel do Iguaçu,34.0,0.48,0.95,0.012,0.007
6173,2018,02/25,14.386088293806843,São Miguel do Iguaçu,34.0,0.48,0.95,0.012,0.007
6174,2019,02/25,15.882341067613833,São Miguel do Iguaçu,34.0,0.48,0.95,0.012,0.007
6175,2020,02/25,14.474104329417981,São Miguel do Iguaçu,34.0,0.48,0.95,0.012,0.007
6176,2021,02/25,15.376591401912293,São Miguel do Iguaçu,34.0,0.48,0.95,0.012,0.007
6177,2022,02/25,13.528436420859633,São Miguel do Iguaçu,34.0,0.48,0.95,0.012,0.007
6178,2023,02/25,15.35842325229226,São Miguel do Iguaçu,34.0,0.48,0.95,0.012,0.007
6179,2024,02/25,15.111539590837728,São Miguel do Iguaçu,34.0,0.48,0.95,0.012,0.007
6180,2015,02/25,14.999932758298826,São Pedro do Iguaçu,34.0,0.48,0.95,0.012,0.007
6181,2016,02/25,11.793822790346773,São Pedro do Iguaçu,34.0,0.48,0.95,0.012,0.007
6182,2017,02/25,14.394928596666736,São Pedro do Iguaçu,34.0,0.48,0.95,0.012,0.007
6183,2018,02/25,13.92743963216985,São Pedro do Iguaçu,34.0,0.48,0.95,0.012,0.007
6184,2019,02/25,15.446459058323875,São Pedro do Iguaçu,34.0,0.48,0.95,0.012,0.007
6185,2020,02/25,14.03178709740789,São Pedro do Iguaçu,34.0,0.48,0.95,0.012,0.007
6186,2021,02/25,14.921681957800006,São Pedro do Iguaçu,34.0,0.48,0.95,0.012,0.007
6187,2022,02/25,12.70013369645848,São Pedro do Iguaçu,34.0,0.48,0.95,0.012,0.007
6188,2023,02/25,14.61485600757678,São Pedro do Iguaçu,34.0,0.48,0.95,0.012,0.007
6189,2024,02/25,14.987490812571274,São Pedro do Iguaçu,34.0,0.48,0.95,0.012,0.007
6190,2015,02/25,15.404830937512115,Toledo,34.0,0.48,0.95,0.012,0.007
6191,2016,02/25,12.517210057531564,Toledo,34.0,0.48,0.95,0.012,0.007
6192,2017,02/25,14.740630474769212,Toledo,34.0,0.48,0.95,0.012,0.007
6193,2018,02/25,14.594177479721495,Toledo,34.0,0.48,0.95,0.012,0.007
6194,2019,02/25,15.729757413969146,Toledo,34.0,0.48,0.95,0.012,0.007
6195,2020,02/25,14.968482143528146,Toledo,34.0,0.48,0.95,0.012,0.007
6196,2021,02/25,15.398454386607119,Toledo,34.0,0.48,0.95,0.012,0.007
6197,2022,02/25,13.277573982698923,Toledo,34.0,0.48,0.95,0.012,0.007
6198,2023,02/25,15.010673574353248,Toledo,34.0,0.48,0.95,0.012,0.007
6199,2024,02/25,15.5305526534518,Toledo,34.0,0.48,0.95,0.012,0.007
6200,2015,02/25,15.031919089457787,Cascavel,34.0,0.48,0.95,0.013,0.006
6201,2016,02/25,11.478119977893988,Cascavel,34.0,0.48,0.95,0.013,0.006
6202,2017,02/25,14.162996834387013,Cascavel,34.0,0.48,0.95,0.013,0.006
6203,2018,02/25,13.678025038101861,Cascavel,34.0,0.48,0.95,0.013,0.006
6204,2019,02/25,15.338075752662483,Cascavel,34.0,0.48,0.95,0.013,0.006
6205,2020,02/25,13.858388581373667,Cascavel,34.0,0.48,0.95,0.013,0.006
6206,2021,02/25,14.597252445059599,Cascavel,34.0,0.48,0.95,0.013,0.006
6207,2022,02/25,12.616016585283742,Cascavel,34.0,0.48,0.95,0.013,0.006
6208,2023,02/25,14.087927302415448,Cascavel,34.0,0.48,0.95,0.013,0.006
6209,2024,02/25,15.119744301316997,Cascavel,34.0,0.48,0.95,0.013,0.006
6210,2015,02/25,15.533801394312766,Foz do Iguaçu,34.0,0.48,0.95,0.013,0.006
6211,2016,02/25,12.891776554376408,Foz do Iguaçu,34.0,0.48,0.95,0.013,0.006
6212,2017,02/25,14.987646155098282,Foz do Iguaçu,34.0,0.48,0.95,0.013,0.006
6213,2018,02/25,14.386017636498964,Foz do Iguaçu,34.0,0.48,0.95,0.013,0.006
6214,2019,02/25,15.882371189596475,Foz do Iguaçu,34.0,0.48,0.95,0.013,0.006
6215,2020,02/25,14.474289869535282,Foz do Iguaçu,34.0,0.48,0.95,0.013,0.006
6216,2021,02/25,15.37631145428769,Foz do Iguaçu,34.0,0.48,0.95,0.013,0.006
6217,2022,02/25,13.528466402140129,Foz do Iguaçu,34.0,0.48,0.95,0.013,0.006
6218,2023,02/25,15.358519621107039,Foz do Iguaçu,34.0,0.48,0.95,0.013,0.006
6219,2024,02/25,15.111585777427447,Foz do Iguaçu,34.0,0.48,0.95,0.013,0.006
6220,2015,02/25,15.786175351413094,Guaíra,34.0,0.48,0.95,0.013,0.006
6221,2016,02/25,13.389796974216942,Guaíra,34.0,0.48,0.95,0.013,0.006
6222,2017,02/25,15.239282979991627,Guaíra,34.0,0.48,0.95,0.013,0.006
6223,2018,02/25,15.056787164995923,Guaíra,34.0,0.48,0.95,0.013,0.006
6224,2019,02/25,16.0350770284242,Guaíra,34.0,0.48,0.95,0.013,0.006
6225,2020,02/25,15.352916685835545,Guaíra,34.0,0.48,0.95,0.013,0.006
6226,2021,02/25,15.577689170440433,Guaíra,34.0,0.48,0.95,0.013,0.006
6227,2022,02/25,14.045244088956885,Guaíra,34.0,0.48,0.95,0.013,0.006
6228,2023,02/25,15.365711392152912,Guaíra,34.0,0.48,0.95,0.013,0.006
6229,2024,02/25,15.833125014757428,Guaíra,34.0,0.48,0.95,0.013,0.006
6230,2015,02/25,15.775117825920372,Marechal Cândido Rondon,34.0,0.48,0.95,0.013,0.006
6231,2016,02/25,13.506834769047266,Marechal Cândido Rondon,34.0,0.48,0.95,0.013,0.006
6232,2017,02/25,15.330731750497469,Marechal Cândido Rondon,34.0,0.48,0.95,0.013,0.006
6233,2018,02/25,15.17881310878795,Marechal Cândido Rondon,34.0,0.48,0.95,0.013,0.006
6234,2019,02/25,16.06593966099036,Marechal Cândido Rondon,34.0,0.48,0.95,0.013,0.006
6235,2020,02/25,15.309366167808525,Marechal Cândido Rondon,34.0,0.48,0.95,0.013,0.006
6236,2021,02/25,15.79355024029507,Marechal Cândido Rondon,34.0,0.48,0.95,0.013,0.006
6237,2022,02/25,14.084511584173203,Marechal Cândido Rondon,34.0,0.48,0.95,0.013,0.006
6238,2023,02/25,15.491824478198943,Marechal Cândido Rondon,34.0,0.48,0.95,0.013,0.006
6239,2024,02/25,15.701608896601362,Marechal Cândido Rondon,34.0,0.48,0.95,0.013,0.006
6240,2015,02/25,15.221915190672389,Matelândia,34.0,0.48,0.95,0.013,0.006
6241,2016,02/25,12.118870401432586,Matelândia,34.0,0.48,0.95,0.013,0.006
6242,2017,02/25,14.61677961690704,Matelândia,34.0,0.48,0.95,0.013,0.006
6243,2018,02/25,13.922513476670414,Matelândia,34.0,0.48,0.95,0.013,0.006
6244,2019,02/25,15.625529417574484,Matelândia,34.0,0.48,0.95,0.013,0.006
6245,2020,02/25,14.051174937863045,Matelândia,34.0,0.48,0.95,0.013,0.006
6246,2021,02/25,15.06039504526268,Matelândia,34.0,0.48,0.95,0.013,0.006
6247,2022,02/25,13.033837987568958,Matelândia,34.0,0.48,0.95,0.013,0.006
6248,2023,02/25,14.862050577239767,Matelândia,34.0,0.48,0.95,0.013,0.006
6249,2024,02/25,15.044412469244877,Matelândia,34.0,0.48,0.95,0.013,0.006
6250,2015,02/25,15.533163367458274,Medianeira,34.0,0.48,0.95,0.013,0.006
6251,2016,02/25,12.891694490218645,Medianeira,34.0,0.48,0.95,0.013,0.006
6252,2017,02/25,14.987497276468005,Medianeira,34.0,0.48,0.95,0.013,0.006
6253,2018,02/25,14.386356898481775,Medianeira,34.0,0.48,0.95,0.013,0.006
6254,2019,02/25,15.882208665123482,Medianeira,34.0,0.48,0.95,0.013,0.006
6255,2020,02/25,14.473562994865446,Medianeira,34.0,0.48,0.95,0.013,0.006
6256,2021,02/25,15.378002184448427,Medianeira,34.0,0.48,0.95,0.013,0.006
6257,2022,02/25,13.527831689018411,Medianeira,34.0,0.48,0.95,0.013,0.006
6258,2023,02/25,15.357975975319249,Medianeira,34.0,0.48,0.95,0.013,0.006
6259,2024,02/25,15.11129845933738,Medianeira,34.0,0.48,0.95,0.013,0.006
6260,2015,02/25,15.739569195032859,Santa Helena,34.0,0.48,0.95,0.013,0.006
6261,2016,02/25,13.517554445500481,Santa Helena,34.0,0.48,0.95,0.013,0.006
6262,2017,02/25,15.334598592225928,Santa Helena,34.0,0.48,0.95,0.013,0.006
6263,2018,02/25,14.999135613634136,Santa Helena,34.0,0.48,0.95,0.013,0.006
6264,2019,02/25,16.04538829291577,Santa Helena,34.0,0.48,0.95,0.013,0.006
6265,2020,02/25,15.097878062796225,Santa Helena,34.0,0.48,0.95,0.013,0.006
6266,2021,02/25,15.216032794360418,Santa Helena,34.0,0.48,0.95,0.013,0.006
6267,2022,02/25,14.100040929405875,Santa Helena,34.0,0.48,0.95,0.013,0.006
6268,2023,02/25,15.558167532678528,Santa Helena,34.0,0.48,0.95,0.013,0.006
6269,2024,02/25,15.421492475795155,Santa Helena,34.0,0.48,0.95,0.013,0.006
6270,2015,02/25,15.533674183235663,São Miguel do Iguaçu,34.0,0.48,0.95,0.013,0.006
6271,2016,02/25,12.891760884551237,São Miguel do Iguaçu,34.0,0.48,0.95,0.013,0.006
6272,2017,02/25,14.98762557293065,São Miguel do Iguaçu,34.0,0.48,0.95,0.013,0.006
6273,2018,02/25,14.386088293806843,São Miguel do Iguaçu,34.0,0.48,0.95,0.013,0.006
6274,2019,02/25,15.882341067613833,São Miguel do Iguaçu,34.0,0.48,0.95,0.013,0.006
6275,2020,02/25,14.474104329417981,São Miguel do Iguaçu,34.0,0.48,0.95,0.013,0.006
6276,2021,02/25,15.376591401912293,São Miguel do Iguaçu,34.0,0.48,0.95,0.013,0.006
6277,2022,02/25,13.528436420859633,São Miguel do Iguaçu,34.0,0.48,0.95,0.013,0.006
6278,2023,02/25,15.35842325229226,São Miguel do Iguaçu,34.0,0.48,0.95,0.013,0.006
6279,2024,02/25,15.111539590837728,São Miguel do Iguaçu,34.0,0.48,0.95,0.013,0.006
6280,2015,02/25,14.999932758298826,São Pedro do Iguaçu,34.0,0.48,0.95,0.013,0.006
6281,2016,02/25,11.793822790346773,São Pedro do Iguaçu,34.0,0.48,0.95,0.013,0.006
6282,2017,02/25,14.394928596666736,São Pedro do Iguaçu,34.0,0.48,0.95,0.013,0.006
6283,2018,02/25,13.92743963216985,São Pedro do Iguaçu,34.0,0.48,0.95,0.013,0.006
6284,2019,02/25,15.446459058323875,São Pedro do Iguaçu,34.0,0.48,0.95,0.013,0.006
6285,2020,02/25,14.03178709740789,São Pedro do Iguaçu,34.0,0.48,0.95,0.013,0.006
6286,2021,02/25,14.921681957800006,São Pedro do Iguaçu,34.0,0.48,0.95,0.013,0.006
6287,2022,02/25,12.70013369645848,São Pedro do Iguaçu,34.0,0.48,0.95,0.013,0.006
6288,2023,02/25,14.61485600757678,São Pedro do Iguaçu,34.0,0.48,0.95,0.013,0.006
6289,2024,02/25,14.987490812571274,São Pedro do Iguaçu,34.0,0.48,0.95,0.013,0.006
6290,2015,02/25,15.404830937512115,Toledo,34.0,0.48,0.95,0.013,0.006
6291,2016,02/25,12.517210057531564,Toledo,34.0,0.48,0.95,0.013,0.006
6292,2017,02/25,14.740630474769212,Toledo,34.0,0.48,0.95,0.013,0.006
6293,2018,02/25,14.594177479721495,Toledo,34.0,0.48,0.95,0.013,0.006
6294,2019,02/25,15.729757413969146,Toledo,34.0,0.48,0.95,0.013,0.006
6295,2020,02/25,14.968482143528146,Toledo,34.0,0.48,0.95,0.013,0.006
6296,2021,02/25,15.398454386607119,Toledo,34.0,0.48,0.95,0.013,0.006
6297,2022,02/25,13.277573982698923,Toledo,34.0,0.48,0.95,0.013,0.006
6298,2023,02/25,15.010673574353248,Toledo,34.0,0.48,0.95,0.013,0.006
6299,2024,02/25,15.5305526534518,Toledo,34.0,0.48,0.95,0.013,0.006
6300,2015,02/25,15.031919089457787,Cascavel,34.0,0.48,0.95,0.013,0.007
6301,2016,02/25,11.478119977893988,Cascavel,34.0,0.48,0.95,0.013,0.007
6302,2017,02/25,14.162996834387013,Cascavel,34.0,0.48,0.95,0.013,0.007
6303,2018,02/25,13.678025038101861,Cascavel,34.0,0.48,0.95,0.013,0.007
6304,2019,02/25,15.338075752662483,Cascavel,34.0,0.48,0.95,0.013,0.007
6305,2020,02/25,13.858388581373667,Cascavel,34.0,0.48,0.95,0.013,0.007
6306,2021,02/25,14.597252445059599,Cascavel,34.0,0.48,0.95,0.013,0.007
6307,2022,02/25,12.616016585283742,Cascavel,34.0,0.48,0.95,0.013,0.007
6308,2023,02/25,14.087927302415448,Cascavel,34.0,0.48,0.95,0.013,0.007
6309,2024,02/25,15.119744301316997,Cascavel,34.0,0.48,0.95,0.013,0.007
6310,2015,02/25,15.533801394312766,Foz do Iguaçu,34.0,0.48,0.95,0.013,0.007
6311,2016,02/25,12.891776554376408,Foz do Iguaçu,34.0,0.48,0.95,0.013,0.007
6312,2017,02/25,14.987646155098282,Foz do Iguaçu,34.0,0.48,0.95,0.013,0.007
6313,2018,02/25,14.386017636498964,Foz do Iguaçu,34.0,0.48,0.95,0.013,0.007
6314,2019,02/25,15.882371189596475,Foz do Iguaçu,34.0,0.48,0.95,0.013,0.007
6315,2020,02/25,14.474289869535282,Foz do Iguaçu,34.0,0.48,0.95,0.013,0.007
6316,2021,02/25,15.37631145428769,Foz do Iguaçu,34.0,0.48,0.95,0.013,0.007
6317,2022,02/25,13.528466402140129,Foz do Iguaçu,34.0,0.48,0.95,0.013,0.007
6318,2023,02/25,15.358519621107039,Foz do Iguaçu,34.0,0.48,0.95,0.013,0.007
6319,2024,02/25,15.111585777427447,Foz do Iguaçu,34.0,0.48,0.95,0.013,0.007
6320,2015,02/25,15.786175351413094,Guaíra,34.0,0.48,0.95,0.013,0.007
6321,2016,02/25,13.389796974216942,Guaíra,34.0,0.48,0.95,0.013,0.007
6322,2017,02/25,15.239282979991627,Guaíra,34.0,0.48,0.95,0.013,0.007
6323,2018,02/25,15.056787164995923,Guaíra,34.0,0.48,0.95,0.013,0.007
6324,2019,02/25,16.0350770284242,Guaíra,34.0,0.48,0.95,0.013,0.007
6325,2020,02/25,15.352916685835545,Guaíra,34.0,0.48,0.95,0.013,0.007
6326,2021,02/25,15.577689170440433,Guaíra,34.0,0.48,0.95,0.013,0.007
6327,2022,02/25,14.045244088956885,Guaíra,34.0,0.48,0.95,0.013,0.007
6328,2023,02/25,15.365711392152912,Guaíra,34.0,0.48,0.95,0.013,0.007
6329,2024,02/25,15.833125014757428,Guaíra,34.0,0.48,0.95,0.013,0.007
6330,2015,02/25,15.775117825920372,Marechal Cândido Rondon,34.0,0.48,0.95,0.013,0.007
6331,2016,02/25,13.506834769047266,Marechal Cândido Rondon,34.0,0.48,0.95,0.013,0.007
6332,2017,02/25,15.330731750497469,Marechal Cândido Rondon,34.0,0.48,0.95,0.013,0.007
6333,2018,02/25,15.17881310878795,Marechal Cândido Rondon,34.0,0.48,0.95,0.013,0.007
6334,2019,02/25,16.06593966099036,Marechal Cândido Rondon,34.0,0.48,0.95,0.013,0.007
6335,2020,02/25,15.309366167808525,Marechal Cândido Rondon,34.0,0.48,0.95,0.013,0.007
6336,2021,02/25,15.79355024029507,Marechal Cândido Rondon,34.0,0.48,0.95,0.013,0.007
6337,2022,02/25,14.084511584173203,Marechal Cândido Rondon,34.0,0.48,0.95,0.013,0.007
6338,2023,02/25,15.491824478198943,Marechal Cândido Rondon,34.0,0.48,0.95,0.013,0.007
6339,2024,02/25,15.701608896601362,Marechal Cândido Rondon,34.0,0.48,0.95,0.013,0.007
6340,2015,02/25,15.221915190672389,Matelândia,34.0,0.48,0.95,0.013,0.007
6341,2016,02/25,12.118870401432586,Matelândia,34.0,0.48,0.95,0.013,0.007
6342,2017,02/25,14.61677961690704,Matelândia,34.0,0.48,0.95,0.013,0.007
6343,2018,02/25,13.922513476670414,Matelândia,34.0,0.48,0.95,0.013,0.007
6344,2019,02/25,15.625529417574484,Matelândia,34.0,0.48,0.95,0.013,0.007
6345,2020,02/25,14.051174937863045,Matelândia,34.0,0.48,0.95,0.013,0.007
6346,2021,02/25,15.06039504526268,Matelândia,34.0,0.48,0.95,0.013,0.007
6347,2022,02/25,13.033837987568958,Matelândia,34.0,0.48,0.95,0.013,0.007
6348,2023,02/25,14.862050577239767,Matelândia,34.0,0.48,0.95,0.013,0.007
6349,2024,02/25,15.044412469244877,Matelândia,34.0,0.48,0.95,0.013,0.007
6350,2015,02/25,15.533163367458274,Medianeira,34.0,0.48,0.95,0.013,0.007
6351,2016,02/25,12.891694490218645,Medianeira,34.0,0.48,0.95,0.013,0.007
6352,2017,02/25,14.987497276468005,Medianeira,34.0,0.48,0.95,0.013,0.007
6353,2018,02/25,14.386356898481775,Medianeira,34.0,0.48,0.95,0.013,0.007
6354,2019,02/25,15.882208665123482,Medianeira,34.0,0.48,0.95,0.013,0.007
6355,2020,02/25,14.473562994865446,Medianeira,34.0,0.48,0.95,0.013,0.007
6356,2021,02/25,15.378002184448427,Medianeira,34.0,0.48,0.95,0.013,0.007
6357,2022,02/25,13.527831689018411,Medianeira,34.0,0.48,0.95,0.013,0.007
6358,2023,02/25,15.357975975319249,Medianeira,34.0,0.48,0.95,0.013,0.007
6359,2024,02/25,15.11129845933738,Medianeira,34.0,0.48,0.95,0.013,0.007
6360,2015,02/25,15.739569195032859,Santa Helena,34.0,0.48,0.95,0.013,0.007
6361,2016,02/25,13.517554445500481,Santa Helena,34.0,0.48,0.95,0.013,0.007
6362,2017,02/25,15.334598592225928,Santa Helena,34.0,0.48,0.95,0.013,0.007
6363,2018,02/25,14.999135613634136,Santa Helena,34.0,0.48,0.95,0.013,0.007
6364,2019,02/25,16.04538829291577,Santa Helena,34.0,0.48,0.95,0.013,0.007
6365,2020,02/25,15.097878062796225,Santa Helena,34.0,0.48,0.95,0.013,0.007
6366,2021,02/25,15.216032794360418,Santa Helena,34.0,0.48,0.95,0.013,0.007
6367,2022,02/25,14.100040929405875,Santa Helena,34.0,0.48,0.95,0.013,0.007
6368,2023,02/25,15.558167532678528,Santa Helena,34.0,0.48,0.95,0.013,0.007
6369,2024,02/25,15.421492475795155,Santa Helena,34.0,0.48,0.95,0.013,0.007
6370,2015,02/25,15.533674183235663,São Miguel do Iguaçu,34.0,0.48,0.95,0.013,0.007
6371,2016,02/25,12.891760884551237,São Miguel do Iguaçu,34.0,0.48,0.95,0.013,0.007
6372,2017,02/25,14.98762557293065,São Miguel do Iguaçu,34.0,0.48,0.95,0.013,0.007
6373,2018,02/25,14.386088293806843,São Miguel do Iguaçu,34.0,0.48,0.95,0.013,0.007
6374,2019,02/25,15.882341067613833,São Miguel do Iguaçu,34.0,0.48,0.95,0.013,0.007
6375,2020,02/25,14.474104329417981,São Miguel do Iguaçu,34.0,0.48,0.95,0.013,0.007
6376,2021,02/25,15.376591401912293,São Miguel do Iguaçu,34.0,0.48,0.95,0.013,0.007
6377,2022,02/25,13.528436420859633,São Miguel do Iguaçu,34.0,0.48,0.95,0.013,0.007
6378,2023,02/25,15.35842325229226,São Miguel do Iguaçu,34.0,0.48,0.95,0.013,0.007
6379,2024,02/25,15.111539590837728,São Miguel do Iguaçu,34.0,0.48,0.95,0.013,0.007
6380,2015,02/25,14.999932758298826,São Pedro do Iguaçu,34.0,0.48,0.95,0.013,0.007
6381,2016,02/25,11.793822790346773,São Pedro do Iguaçu,34.0,0.48,0.95,0.013,0.007
6382,2017,02/25,14.394928596666736,São Pedro do Iguaçu,34.0,0.48,0.95,0.013,0.007
6383,2018,02/25,13.92743963216985,São Pedro do Iguaçu,34.0,0.48,0.95,0.013,0.007
6384,2019,02/25,15.446459058323875,São Pedro do Iguaçu,34.0,0.48,0.95,0.013,0.007
6385,2020,02/25,14.03178709740789,São Pedro do Iguaçu,34.0,0.48,0.95,0.013,0.007
6386,2021,02/25,14.921681957800006,São Pedro do Iguaçu,34.0,0.48,0.95,0.013,0.007
6387,2022,02/25,12.70013369645848,São Pedro do Iguaçu,34.0,0.48,0.95,0.013,0.007
6388,2023,02/25,14.61485600757678,São Pedro do Iguaçu,34.0,0.48,0.95,0.013,0.007
6389,2024,02/25,14.987490812571274,São Pedro do Iguaçu,34.0,0.48,0.95,0.013,0.007
6390,2015,02/25,15.404830937512115,Toledo,34.0,0.48,0.95,0.013,0.007
6391,2016,02/25,12.517210057531564,Toledo,34.0,0.48,0.95,0.013,0.007
6392,2017,02/25,14.740630474769212,Toledo,34.0,0.48,0.95,0.013,0.007
6393,2018,02/25,14.594177479721495,Toledo,34.0,0.48,0.95,0.013,0.007
6394,2019,02/25,15.729757413969146,Toledo,34.0,0.48,0.95,0.013,0.007
6395,2020,02/25,14.968482143528146,Toledo,34.0,0.48,0.95,0.013,0.007
6396,2021,02/25,15.398454386607119,Toledo,34.0,0.48,0.95,0.013,0.007
6397,2022,02/25,13.277573982698923,Toledo,34.0,0.48,0.95,0.013,0.007
6398,2023,02/25,15.010673574353248,Toledo,34.0,0.48,0.95,0.013,0.007
6399,2024,02/25,15.5305526534518,Toledo,34.0,0.48,0.95,0.013,0.007
6400,2015,02/25,15.187167052460513,Cascavel,34.0,0.5,0.9,0.012,0.006
6401,2016,02/25,11.592812117146284,Cascavel,34.0,0.5,0.9,0.012,0.006
6402,2017,02/25,14.310177733121945,Cascavel,34.0,0.5,0.9,0.012,0.006
6403,2018,02/25,13.80741681263981,Cascavel,34.0,0.5,0.9,0.012,0.006
6404,2019,02/25,15.494896400930044,Cascavel,34.0,0.5,0.9,0.012,0.006
6405,2020,02/25,14.011161944966696,Cascavel,34.0,0.5,0.9,0.012,0.006
6406,2021,02/25,14.756718683822466,Cascavel,34.0,0.5,0.9,0.012,0.006
6407,2022,02/25,12.742419996600384,Cascavel,34.0,0.5,0.9,0.012,0.006
6408,2023,02/25,14.227184132155378,Cascavel,34.0,0.5,0.9,0.012,0.006
6409,2024,02/25,15.27663546826531,Cascavel,34.0,0.5,0.9,0.012,0.006
6410,2015,02/25,15.690410521807886,Foz do Iguaçu,34.0,0.5,0.9,0.012,0.006
6411,2016,02/25,13.016459279152503,Foz do Iguaçu,34.0,0.5,0.9,0.012,0.006
6412,2017,02/25,15.13549449300563,Foz do Iguaçu,34.0,0.5,0.9,0.012,0.006
6413,2018,02/25,14.521371367489612,Foz do Iguaçu,34.0,0.5,0.9,0.012,0.006
6414,2019,02/25,16.045912968551136,Foz do Iguaçu,34.0,0.5,0.9,0.012,0.006
6415,2020,02/25,14.630059369456788,Foz do Iguaçu,34.0,0.5,0.9,0.012,0.006
6416,2021,02/25,15.537532952604336,Foz do Iguaçu,34.0,0.5,0.9,0.012,0.006
6417,2022,02/25,13.660114726888573,Foz do Iguaçu,34.0,0.5,0.9,0.012,0.006
6418,2023,02/25,15.507529090090719,Foz do Iguaçu,34.0,0.5,0.9,0.012,0.006
6419,2024,02/25,15.270830766588974,Foz do Iguaçu,34.0,0.5,0.9,0.012,0.006
6420,2015,02/25,15.944193932006371,Guaíra,34.0,0.5,0.9,0.012,0.006
6421,2016,02/25,13.519079227239315,Guaíra,34.0,0.5,0.9,0.012,0.006
6422,2017,02/25,15.389351725647366,Guaíra,34.0,0.5,0.9,0.012,0.006
6423,2018,02/25,15.19668925359888,Guaíra,34.0,0.5,0.9,0.012,0.006
6424,2019,02/25,16.194905034274555,Guaíra,34.0,0.5,0.9,0.012,0.006
6425,2020,02/25,15.512255833628396,Guaíra,34.0,0.5,0.9,0.012,0.006
6426,2021,02/25,15.740880091506186,Guaíra,34.0,0.5,0.9,0.012,0.006
6427,2022,02/25,14.181587960615618,Guaíra,34.0,0.5,0.9,0.012,0.006
6428,2023,02/25,15.514119688598004,Guaíra,34.0,0.5,0.9,0.012,0.006
6429,2024,02/25,15.989421253099,Guaíra,34.0,0.5,0.9,0.012,0.006
6430,2015,02/25,15.933098395421375,Marechal Cândido Rondon,34.0,0.5,0.9,0.012,0.006
6431,2016,02/25,13.636915941421211,Marechal Cândido Rondon,34.0,0.5,0.9,0.012,0.006
6432,2017,02/25,15.481593952927943,Marechal Cândido Rondon,34.0,0.5,0.9,0.012,0.006
6433,2018,02/25,15.318023823375498,Marechal Cândido Rondon,34.0,0.5,0.9,0.012,0.006
6434,2019,02/25,16.22649238751071,Marechal Cândido Rondon,34.0,0.5,0.9,0.012,0.006
6435,2020,02/25,15.468113168999105,Marechal Cândido Rondon,34.0,0.5,0.9,0.012,0.006
6436,2021,02/25,15.960222040564396,Marechal Cândido Rondon,34.0,0.5,0.9,0.012,0.006
6437,2022,02/25,14.221345708955232,Marechal Cândido Rondon,34.0,0.5,0.9,0.012,0.006
6438,2023,02/25,15.641241559480902,Marechal Cândido Rondon,34.0,0.5,0.9,0.012,0.006
6439,2024,02/25,15.858571855294317,Marechal Cândido Rondon,34.0,0.5,0.9,0.012,0.006
6440,2015,02/25,15.376806737348586,Matelândia,34.0,0.5,0.9,0.012,0.006
6441,2016,02/25,12.237542594691712,Matelândia,34.0,0.5,0.9,0.012,0.006
6442,2017,02/25,14.76403469944117,Matelândia,34.0,0.5,0.9,0.012,0.006
6443,2018,02/25,14.05375378395553,Matelândia,34.0,0.5,0.9,0.012,0.006
6444,2019,02/25,15.787353510207787,Matelândia,34.0,0.5,0.9,0.012,0.006
6445,2020,02/25,14.204508965373037,Matelândia,34.0,0.5,0.9,0.012,0.006
6446,2021,02/25,15.222608166402896,Matelândia,34.0,0.5,0.9,0.012,0.006
6447,2022,02/25,13.161756572959186,Matelândia,34.0,0.5,0.9,0.012,0.006
6448,2023,02/25,15.00655209419147,Matelândia,34.0,0.5,0.9,0.012,0.006
6449,2024,02/25,15.202696079649023,Matelândia,34.0,0.5,0.9,0.012,0.006
6450,2015,02/25,15.689778797500637,Medianeira,34.0,0.5,0.9,0.012,0.006
6451,2016,02/25,13.016388714120586,Medianeira,34.0,0.5,0.9,0.012,0.006
6452,2017,02/25,15.135347502576275,Medianeira,34.0,0.5,0.9,0.012,0.006
6453,2018,02/25,14.521688663260056,Medianeira,34.0,0.5,0.9,0.012,0.006
6454,2019,02/25,16.045754219929204,Medianeira,34.0,0.5,0.9,0.012,0.006
6455,2020,02/25,14.62930843344522,Medianeira,34.0,0.5,0.9,0.012,0.006
6456,2021,02/25,15.540166250778423,Medianeira,34.0,0.5,0.9,0.012,0.006
6457,2022,02/25,13.659475235224786,Medianeira,34.0,0.5,0.9,0.012,0.006
6458,2023,02/25,15.506992777996194,Medianeira,34.0,0.5,0.9,0.012,0.006
6459,2024,02/25,15.270541467479315,Medianeira,34.0,0.5,0.9,0.012,0.006
6460,2015,02/25,15.897635572723862,Santa Helena,34.0,0.5,0.9,0.012,0.006
6461,2016,02/25,13.648412909409624,Santa Helena,34.0,0.5,0.9,0.012,0.006
6462,2017,02/25,15.4853670049554,Santa Helena,34.0,0.5,0.9,0.012,0.006
6463,2018,02/25,15.137832203626305,Santa Helena,34.0,0.5,0.9,0.012,0.006
6464,2019,02/25,16.207747113392422,Santa Helena,34.0,0.5,0.9,0.012,0.006
6465,2020,02/25,15.256389190783839,Santa Helena,34.0,0.5,0.9,0.012,0.006
6466,2021,02/25,15.534650643674507,Santa Helena,34.0,0.5,0.9,0.012,0.006
6467,2022,02/25,14.236589225358053,Santa Helena,34.0,0.5,0.9,0.012,0.006
6468,2023,02/25,15.70901828311214,Santa Helena,34.0,0.5,0.9,0.012,0.006
6469,2024,02/25,15.580035316527637,Santa Helena,34.0,0.5,0.9,0.012,0.006
6470,2015,02/25,15.690282999144545,São Miguel do Iguaçu,34.0,0.5,0.9,0.012,0.006
6471,2016,02/25,13.016445001177775,São Miguel do Iguaçu,34.0,0.5,0.9,0.012,0.006
6472,2017,02/25,15.13546839942303,São Miguel do Iguaçu,34.0,0.5,0.9,0.012,0.006
6473,2018,02/25,14.52144643751178,São Miguel do Iguaçu,34.0,0.5,0.9,0.012,0.006
6474,2019,02/25,16.045882818839104,São Miguel do Iguaçu,34.0,0.5,0.9,0.012,0.006
6475,2020,02/25,14.629876455873838,São Miguel do Iguaçu,34.0,0.5,0.9,0.012,0.006
6476,2021,02/25,15.537343869273922,São Miguel do Iguaçu,34.0,0.5,0.9,0.012,0.006
6477,2022,02/25,13.660084523948663,São Miguel do Iguaçu,34.0,0.5,0.9,0.012,0.006
6478,2023,02/25,15.507432489781479,São Miguel do Iguaçu,34.0,0.5,0.9,0.012,0.006
6479,2024,02/25,15.270779047321561,São Miguel do Iguaçu,34.0,0.5,0.9,0.012,0.006
6480,2015,02/25,15.153898731582983,São Pedro do Iguaçu,34.0,0.5,0.9,0.012,0.006
6481,2016,02/25,11.910320417641335,São Pedro do Iguaçu,34.0,0.5,0.9,0.012,0.006
6482,2017,02/25,14.542730286827457,São Pedro do Iguaçu,34.0,0.5,0.9,0.012,0.006
6483,2018,02/25,14.058024487871988,São Pedro do Iguaçu,34.0,0.5,0.9,0.012,0.006
6484,2019,02/25,15.605430670854087,São Pedro do Iguaçu,34.0,0.5,0.9,0.012,0.006
6485,2020,02/25,14.185621971448473,São Pedro do Iguaçu,34.0,0.5,0.9,0.012,0.006
6486,2021,02/25,15.077601058783356,São Pedro do Iguaçu,34.0,0.5,0.9,0.012,0.006
6487,2022,02/25,12.825880706770711,São Pedro do Iguaçu,34.0,0.5,0.9,0.012,0.006
6488,2023,02/25,14.75764866629156,São Pedro do Iguaçu,34.0,0.5,0.9,0.012,0.006
6489,2024,02/25,15.14335506187291,São Pedro do Iguaçu,34.0,0.5,0.9,0.012,0.006
6490,2015,02/25,15.561065912915904,Toledo,34.0,0.5,0.9,0.012,0.006
6491,2016,02/25,12.639349131017182,Toledo,34.0,0.5,0.9,0.012,0.006
6492,2017,02/25,14.888920220858422,Toledo,34.0,0.5,0.9,0.012,0.006
6493,2018,02/25,14.729851915588629,Toledo,34.0,0.5,0.9,0.012,0.006
6494,2019,02/25,15.888548703724336,Toledo,34.0,0.5,0.9,0.012,0.006
6495,2020,02/25,15.128156230117026,Toledo,34.0,0.5,0.9,0.012,0.006
6496,2021,02/25,15.559678170377522,Toledo,34.0,0.5,0.9,0.012,0.006
6497,2022,02/25,13.408432527455457,Toledo,34.0,0.5,0.9,0.012,0.006
6498,2023,02/25,15.156670925675881,Toledo,34.0,0.5,0.9,0.012,0.006
6499,2024,02/25,15.686533719993374,Toledo,34.0,0.5,0.9,0.012,0.006
6500,2015,02/25,15.187167052460513,Cascavel,34.0,0.5,0.9,0.012,0.007
6501,2016,02/25,11.592812117146284,Cascavel,34.0,0.5,0.9,0.012,0.007
6502,2017,02/25,14.310177733121945,Cascavel,34.0,0.5,0.9,0.012,0.007
6503,2018,02/25,13.80741681263981,Cascavel,34.0,0.5,0.9,0.012,0.007
6504,2019,02/25,15.494896400930044,Cascavel,34.0,0.5,0.9,0.012,0.007
6505,2020,02/25,14.011161944966696,Cascavel,34.0,0.5,0.9,0.012,0.007
6506,2021,02/25,14.756718683822466,Cascavel,34.0,0.5,0.9,0.012,0.007
6507,2022,02/25,12.742419996600384,Cascavel,34.0,0.5,0.9,0.012,0.007
6508,2023,02/25,14.227184132155378,Cascavel,34.0,0.5,0.9,0.012,0.007
6509,2024,02/25,15.27663546826531,Cascavel,34.0,0.5,0.9,0.012,0.007
6510,2015,02/25,15.690410521807886,Foz do Iguaçu,34.0,0.5,0.9,0.012,0.007
6511,2016,02/25,13.016459279152503,Foz do Iguaçu,34.0,0.5,0.9,0.012,0.007
6512,2017,02/25,15.13549449300563,Foz do Iguaçu,34.0,0.5,0.9,0.012,0.007
6513,2018,02/25,14.521371367489612,Foz do Iguaçu,34.0,0.5,0.9,0.012,0.007
6514,2019,02/25,16.045912968551136,Foz do Iguaçu,34.0,0.5,0.9,0.012,0.007
6515,2020,02/25,14.630059369456788,Foz do Iguaçu,34.0,0.5,0.9,0.012,0.007
6516,2021,02/25,15.537532952604336,Foz do Iguaçu,34.0,0.5,0.9,0.012,0.007
6517,2022,02/25,13.660114726888573,Foz do Iguaçu,34.0,0.5,0.9,0.012,0.007
6518,2023,02/25,15.507529090090719,Foz do Iguaçu,34.0,0.5,0.9,0.012,0.007
6519,2024,02/25,15.270830766588974,Foz do Iguaçu,34.0,0.5,0.9,0.012,0.007
6520,2015,02/25,15.944193932006371,Guaíra,34.0,0.5,0.9,0.012,0.007
6521,2016,02/25,13.519079227239315,Guaíra,34.0,0.5,0.9,0.012,0.007
6522,2017,02/25,15.389351725647366,Guaíra,34.0,0.5,0.9,0.012,0.007
6523,2018,02/25,15.19668925359888,Guaíra,34.0,0.5,0.9,0.012,0.007
6524,2019,02/25,16.194905034274555,Guaíra,34.0,0.5,0.9,0.012,0.007
6525,2020,02/25,15.512255833628396,Guaíra,34.0,0.5,0.9,0.012,0.007
6526,2021,02/25,15.740880091506186,Guaíra,34.0,0.5,0.9,0.012,0.007
6527,2022,02/25,14.181587960615618,Guaíra,34.0,0.5,0.9,0.012,0.007
6528,2023,02/25,15.514119688598004,Guaíra,34.0,0.5,0.9,0.012,0.007
6529,2024,02/25,15.989421253099,Guaíra,34.0,0.5,0.9,0.012,0.007
6530,2015,02/25,15.933098395421375,Marechal Cândido Rondon,34.0,0.5,0.9,0.012,0.007
6531,2016,02/25,13.636915941421211,Marechal Cândido Rondon,34.0,0.5,0.9,0.012,0.007
6532,2017,02/25,15.481593952927943,Marechal Cândido Rondon,34.0,0.5,0.9,0.012,0.007
6533,2018,02/25,15.318023823375498,Marechal Cândido Rondon,34.0,0.5,0.9,0.012,0.007
6534,2019,02/25,16.22649238751071,Marechal Cândido Rondon,34.0,0.5,0.9,0.012,0.007
6535,2020,02/25,15.468113168999105,Marechal Cândido Rondon,34.0,0.5,0.9,0.012,0.007
6536,2021,02/25,15.960222040564396,Marechal Cândido Rondon,34.0,0.5,0.9,0.012,0.007
6537,2022,02/25,14.221345708955232,Marechal Cândido Rondon,34.0,0.5,0.9,0.012,0.007
6538,2023,02/25,15.641241559480902,Marechal Cândido Rondon,34.0,0.5,0.9,0.012,0.007
6539,2024,02/25,15.858571855294317,Marechal Cândido Rondon,34.0,0.5,0.9,0.012,0.007
6540,2015,02/25,15.376806737348586,Matelândia,34.0,0.5,0.9,0.012,0.007
6541,2016,02/25,12.237542594691712,Matelândia,34.0,0.5,0.9,0.012,0.007
6542,2017,02/25,14.76403469944117,Matelândia,34.0,0.5,0.9,0.012,0.007
6543,2018,02/25,14.05375378395553,Matelândia,34.0,0.5,0.9,0.012,0.007
6544,2019,02/25,15.787353510207787,Matelândia,34.0,0.5,0.9,0.012,0.007
6545,2020,02/25,14.204508965373037,Matelândia,34.0,0.5,0.9,0.012,0.007
6546,2021,02/25,15.222608166402896,Matelândia,34.0,0.5,0.9,0.012,0.007
6547,2022,02/25,13.161756572959186,Matelândia,34.0,0.5,0.9,0.012,0.007
6548,2023,02/25,15.00655209419147,Matelândia,34.0,0.5,0.9,0.012,0.007
6549,2024,02/25,15.202696079649023,Matelândia,34.0,0.5,0.9,0.012,0.007
6550,2015,02/25,15.689778797500637,Medianeira,34.0,0.5,0.9,0.012,0.007
6551,2016,02/25,13.016388714120586,Medianeira,34.0,0.5,0.9,0.012,0.007
6552,2017,02/25,15.135347502576275,Medianeira,34.0,0.5,0.9,0.012,0.007
6553,2018,02/25,14.521688663260056,Medianeira,34.0,0.5,0.9,0.012,0.007
6554,2019,02/25,16.045754219929204,Medianeira,34.0,0.5,0.9,0.012,0.007
6555,2020,02/25,14.62930843344522,Medianeira,34.0,0.5,0.9,0.012,0.007
6556,2021,02/25,15.540166250778423,Medianeira,34.0,0.5,0.9,0.012,0.007
6557,2022,02/25,13.659475235224786,Medianeira,34.0,0.5,0.9,0.012,0.007
6558,2023,02/25,15.506992777996194,Medianeira,34.0,0.5,0.9,0.012,0.007
6559,2024,02/25,15.270541467479315,Medianeira,34.0,0.5,0.9,0.012,0.007
6560,2015,02/25,15.897635572723862,Santa Helena,34.0,0.5,0.9,0.012,0.007
6561,2016,02/25,13.648412909409624,Santa Helena,34.0,0.5,0.9,0.012,0.007
6562,2017,02/25,15.4853670049554,Santa Helena,34.0,0.5,0.9,0.012,0.007
6563,2018,02/25,15.137832203626305,Santa Helena,34.0,0.5,0.9,0.012,0.007
6564,2019,02/25,16.207747113392422,Santa Helena,34.0,0.5,0.9,0.012,0.007
6565,2020,02/25,15.256389190783839,Santa Helena,34.0,0.5,0.9,0.012,0.007
6566,2021,02/25,15.534650643674507,Santa Helena,34.0,0.5,0.9,0.012,0.007
6567,2022,02/25,14.236589225358053,Santa Helena,34.0,0.5,0.9,0.012,0.007
6568,2023,02/25,15.70901828311214,Santa Helena,34.0,0.5,0.9,0.012,0.007
6569,2024,02/25,15.580035316527637,Santa Helena,34.0,0.5,0.9,0.012,0.007
6570,2015,02/25,15.690282999144545,São Miguel do Iguaçu,34.0,0.5,0.9,0.012,0.007
6571,2016,02/25,13.016445001177775,São Miguel do Iguaçu,34.0,0.5,0.9,0.012,0.007
6572,2017,02/25,15.13546839942303,São Miguel do Iguaçu,34.0,0.5,0.9,0.012,0.007
6573,2018,02/25,14.52144643751178,São Miguel do Iguaçu,34.0,0.5,0.9,0.012,0.007
6574,2019,02/25,16.045882818839104,São Miguel do Iguaçu,34.0,0.5,0.9,0.012,0.007
6575,2020,02/25,14.629876455873838,São Miguel do Iguaçu,34.0,0.5,0.9,0.012,0.007
6576,2021,02/25,15.537343869273922,São Miguel do Iguaçu,34.0,0.5,0.9,0.012,0.007
6577,2022,02/25,13.660084523948663,São Miguel do Iguaçu,34.0,0.5,0.9,0.012,0.007
6578,2023,02/25,15.507432489781479,São Miguel do Iguaçu,34.0,0.5,0.9,0.012,0.007
6579,2024,02/25,15.270779047321561,São Miguel do Iguaçu,34.0,0.5,0.9,0.012,0.007
6580,2015,02/25,15.153898731582983,São Pedro do Iguaçu,34.0,0.5,0.9,0.012,0.007
6581,2016,02/25,11.910320417641335,São Pedro do Iguaçu,34.0,0.5,0.9,0.012,0.007
6582,2017,02/25,14.542730286827457,São Pedro do Iguaçu,34.0,0.5,0.9,0.012,0.007
6583,2018,02/25,14.058024487871988,São Pedro do Iguaçu,34.0,0.5,0.9,0.012,0.007
6584,2019,02/25,15.605430670854087,São Pedro do Iguaçu,34.0,0.5,0.9,0.012,0.007
6585,2020,02/25,14.185621971448473,São Pedro do Iguaçu,34.0,0.5,0.9,0.012,0.007
6586,2021,02/25,15.077601058783356,São Pedro do Iguaçu,34.0,0.5,0.9,0.012,0.007
6587,2022,02/25,12.825880706770711,São Pedro do Iguaçu,34.0,0.5,0.9,0.012,0.007
6588,2023,02/25,14.75764866629156,São Pedro do Iguaçu,34.0,0.5,0.9,0.012,0.007
6589,2024,02/25,15.14335506187291,São Pedro do Iguaçu,34.0,0.5,0.9,0.012,0.007
6590,2015,02/25,15.561065912915904,Toledo,34.0,0.5,0.9,0.012,0.007
6591,2016,02/25,12.639349131017182,Toledo,34.0,0.5,0.9,0.012,0.007
6592,2017,02/25,14.888920220858422,Toledo,34.0,0.5,0.9,0.012,0.007
6593,2018,02/25,14.729851915588629,Toledo,34.0,0.5,0.9,0.012,0.007
6594,2019,02/25,15.888548703724336,Toledo,34.0,0.5,0.9,0.012,0.007
6595,2020,02/25,15.128156230117026,Toledo,34.0,0.5,0.9,0.012,0.007
6596,2021,02/25,15.559678170377522,Toledo,34.0,0.5,0.9,0.012,0.007
6597,2022,02/25,13.408432527455457,Toledo,34.0,0.5,0.9,0.012,0.007
6598,2023,02/25,15.156670925675881,Toledo,34.0,0.5,0.9,0.012,0.007
6599,2024,02/25,15.686533719993374,Toledo,34.0,0.5,0.9,0.012,0.007
6600,2015,02/25,15.187167052460513,Cascavel,34.0,0.5,0.9,0.013,0.006
6601,2016,02/25,11.592812117146284,Cascavel,34.0,0.5,0.9,0.013,0.006
6602,2017,02/25,14.310177733121945,Cascavel,34.0,0.5,0.9,0.013,0.006
6603,2018,02/25,13.80741681263981,Cascavel,34.0,0.5,0.9,0.013,0.006
6604,2019,02/25,15.494896400930044,Cascavel,34.0,0.5,0.9,0.013,0.006
6605,2020,02/25,14.011161944966696,Cascavel,34.0,0.5,0.9,0.013,0.006
6606,2021,02/25,14.756718683822466,Cascavel,34.0,0.5,0.9,0.013,0.006
6607,2022,02/25,12.742419996600384,Cascavel,34.0,0.5,0.9,0.013,0.006
6608,2023,02/25,14.227184132155378,Cascavel,34.0,0.5,0.9,0.013,0.006
6609,2024,02/25,15.27663546826531,Cascavel,34.0,0.5,0.9,0.013,0.006
6610,2015,02/25,15.690410521807886,Foz do Iguaçu,34.0,0.5,0.9,0.013,0.006
6611,2016,02/25,13.016459279152503,Foz do Iguaçu,34.0,0.5,0.9,0.013,0.006
6612,2017,02/25,15.13549449300563,Foz do Iguaçu,34.0,0.5,0.9,0.013,0.006
6613,2018,02/25,14.521371367489612,Foz do Iguaçu,34.0,0.5,0.9,0.013,0.006
6614,2019,02/25,16.045912968551136,Foz do Iguaçu,34.0,0.5,0.9,0.013,0.006
6615,2020,02/25,14.630059369456788,Foz do Iguaçu,34.0,0.5,0.9,0.013,0.006
6616,2021,02/25,15.537532952604336,Foz do Iguaçu,34.0,0.5,0.9,0.013,0.006
6617,2022,02/25,13.660114726888573,Foz do Iguaçu,34.0,0.5,0.9,0.013,0.006
6618,2023,02/25,15.507529090090719,Foz do Iguaçu,34.0,0.5,0.9,0.013,0.006
6619,2024,02/25,15.270830766588974,Foz do Iguaçu,34.0,0.5,0.9,0.013,0.006
6620,2015,02/25,15.944193932006371,Guaíra,34.0,0.5,0.9,0.013,0.006
6621,2016,02/25,13.519079227239315,Guaíra,34.0,0.5,0.9,0.013,0.006
6622,2017,02/25,15.389351725647366,Guaíra,34.0,0.5,0.9,0.013,0.006
6623,2018,02/25,15.19668925359888,Guaíra,34.0,0.5,0.9,0.013,0.006
6624,2019,02/25,16.194905034274555,Guaíra,34.0,0.5,0.9,0.013,0.006
6625,2020,02/25,15.512255833628396,Guaíra,34.0,0.5,0.9,0.013,0.006
6626,2021,02/25,15.740880091506186,Guaíra,34.0,0.5,0.9,0.013,0.006
6627,2022,02/25,14.181587960615618,Guaíra,34.0,0.5,0.9,0.013,0.006
6628,2023,02/25,15.514119688598004,Guaíra,34.0,0.5,0.9,0.013,0.006
6629,2024,02/25,15.989421253099,Guaíra,34.0,0.5,0.9,0.013,0.006
6630,2015,02/25,15.933098395421375,Marechal Cândido Rondon,34.0,0.5,0.9,0.013,0.006
6631,2016,02/25,13.636915941421211,Marechal Cândido Rondon,34.0,0.5,0.9,0.013,0.006
6632,2017,02/25,15.481593952927943,Marechal Cândido Rondon,34.0,0.5,0.9,0.013,0.006
6633,2018,02/25,15.318023823375498,Marechal Cândido Rondon,34.0,0.5,0.9,0.013,0.006
6634,2019,02/25,16.22649238751071,Marechal Cândido Rondon,34.0,0.5,0.9,0.013,0.006
6635,2020,02/25,15.468113168999105,Marechal Cândido Rondon,34.0,0.5,0.9,0.013,0.006
6636,2021,02/25,15.960222040564396,Marechal Cândido Rondon,34.0,0.5,0.9,0.013,0.006
6637,2022,02/25,14.221345708955232,Marechal Cândido Rondon,34.0,0.5,0.9,0.013,0.006
6638,2023,02/25,15.641241559480902,Marechal Cândido Rondon,34.0,0.5,0.9,0.013,0.006
6639,2024,02/25,15.858571855294317,Marechal Cândido Rondon,34.0,0.5,0.9,0.013,0.006
6640,2015,02/25,15.376806737348586,Matelândia,34.0,0.5,0.9,0.013,0.006
6641,2016,02/25,12.237542594691712,Matelândia,34.0,0.5,0.9,0.013,0.006
6642,2017,02/25,14.76403469944117,Matelândia,34.0,0.5,0.9,0.013,0.006
6643,2018,02/25,14.05375378395553,Matelândia,34.0,0.5,0.9,0.013,0.006
6644,2019,02/25,15.787353510207787,Matelândia,34.0,0.5,0.9,0.013,0.006
6645,2020,02/25,14.204508965373037,Matelândia,34.0,0.5,0.9,0.013,0.006
6646,2021,02/25,15.222608166402896,Matelândia,34.0,0.5,0.9,0.013,0.006
6647,2022,02/25,13.161756572959186,Matelândia,34.0,0.5,0.9,0.013,0.006
6648,2023,02/25,15.00655209419147,Matelândia,34.0,0.5,0.9,0.013,0.006
6649,2024,02/25,15.202696079649023,Matelândia,34.0,0.5,0.9,0.013,0.006
6650,2015,02/25,15.689778797500637,Medianeira,34.0,0.5,0.9,0.013,0.006
6651,2016,02/25,13.016388714120586,Medianeira,34.0,0.5,0.9,0.013,0.006
6652,2017,02/25,15.135347502576275,Medianeira,34.0,0.5,0.9,0.013,0.006
6653,2018,02/25,14.521688663260056,Medianeira,34.0,0.5,0.9,0.013,0.006
6654,2019,02/25,16.045754219929204,Medianeira,34.0,0.5,0.9,0.013,0.006
6655,2020,02/25,14.62930843344522,Medianeira,34.0,0.5,0.9,0.013,0.006
6656,2021,02/25,15.540166250778423,Medianeira,34.0,0.5,0.9,0.013,0.006
6657,2022,02/25,13.659475235224786,Medianeira,34.0,0.5,0.9,0.013,0.006
6658,2023,02/25,15.506992777996194,Medianeira,34.0,0.5,0.9,0.013,0.006
6659,2024,02/25,15.270541467479315,Medianeira,34.0,0.5,0.9,0.013,0.006
6660,2015,02/25,15.897635572723862,Santa Helena,34.0,0.5,0.9,0.013,0.006
6661,2016,02/25,13.648412909409624,Santa Helena,34.0,0.5,0.9,0.013,0.006
6662,2017,02/25,15.4853670049554,Santa Helena,34.0,0.5,0.9,0.013,0.006
6663,2018,02/25,15.137832203626305,Santa Helena,34.0,0.5,0.9,0.013,0.006
6664,2019,02/25,16.207747113392422,Santa Helena,34.0,0.5,0.9,0.013,0.006
6665,2020,02/25,15.256389190783839,Santa Helena,34.0,0.5,0.9,0.013,0.006
6666,2021,02/25,15.534650643674507,Santa Helena,34.0,0.5,0.9,0.013,0.006
6667,2022,02/25,14.236589225358053,Santa Helena,34.0,0.5,0.9,0.013,0.006
6668,2023,02/25,15.70901828311214,Santa Helena,34.0,0.5,0.9,0.013,0.006
6669,2024,02/25,15.580035316527637,Santa Helena,34.0,0.5,0.9,0.013,0.006
6670,2015,02/25,15.690282999144545,São Miguel do Iguaçu,34.0,0.5,0.9,0.013,0.006
6671,2016,02/25,13.016445001177775,São Miguel do Iguaçu,34.0,0.5,0.9,0.013,0.006
6672,2017,02/25,15.13546839942303,São Miguel do Iguaçu,34.0,0.5,0.9,0.013,0.006
6673,2018,02/25,14.52144643751178,São Miguel do Iguaçu,34.0,0.5,0.9,0.013,0.006
6674,2019,02/25,16.045882818839104,São Miguel do Iguaçu,34.0,0.5,0.9,0.013,0.006
6675,2020,02/25,14.629876455873838,São Miguel do Iguaçu,34.0,0.5,0.9,0.013,0.006
6676,2021,02/25,15.537343869273922,São Miguel do Iguaçu,34.0,0.5,0.9,0.013,0.006
6677,2022,02/25,13.660084523948663,São Miguel do Iguaçu,34.0,0.5,0.9,0.013,0.006
6678,2023,02/25,15.507432489781479,São Miguel do Iguaçu,34.0,0.5,0.9,0.013,0.006
6679,2024,02/25,15.270779047321561,São Miguel do Iguaçu,34.0,0.5,0.9,0.013,0.006
6680,2015,02/25,15.153898731582983,São Pedro do Iguaçu,34.0,0.5,0.9,0.013,0.006
6681,2016,02/25,11.910320417641335,São Pedro do Iguaçu,34.0,0.5,0.9,0.013,0.006
6682,2017,02/25,14.542730286827457,São Pedro do Iguaçu,34.0,0.5,0.9,0.013,0.006
6683,2018,02/25,14.058024487871988,São Pedro do Iguaçu,34.0,0.5,0.9,0.013,0.006
6684,2019,02/25,15.605430670854087,São Pedro do Iguaçu,34.0,0.5,0.9,0.013,0.006
6685,2020,02/25,14.185621971448473,São Pedro do Iguaçu,34.0,0.5,0.9,0.013,0.006
6686,2021,02/25,15.077601058783356,São Pedro do Iguaçu,34.0,0.5,0.9,0.013,0.006
6687,2022,02/25,12.825880706770711,São Pedro do Iguaçu,34.0,0.5,0.9,0.013,0.006
6688,2023,02/25,14.75764866629156,São Pedro do Iguaçu,34.0,0.5,0.9,0.013,0.006
6689,2024,02/25,15.14335506187291,São Pedro do Iguaçu,34.0,0.5,0.9,0.013,0.006
6690,2015,02/25,15.561065912915904,Toledo,34.0,0.5,0.9,0.013,0.006
6691,2016,02/25,12.639349131017182,Toledo,34.0,0.5,0.9,0.013,0.006
6692,2017,02/25,14.888920220858422,Toledo,34.0,0.5,0.9,0.013,0.006
6693,2018,02/25,14.729851915588629,Toledo,34.0,0.5,0.9,0.013,0.006
6694,2019,02/25,15.888548703724336,Toledo,34.0,0.5,0.9,0.013,0.006
6695,2020,02/25,15.128156230117026,Toledo,34.0,0.5,0.9,0.013,0.006
6696,2021,02/25,15.559678170377522,Toledo,34.0,0.5,0.9,0.013,0.006
6697,2022,02/25,13.408432527455457,Toledo,34.0,0.5,0.9,0.013,0.006
6698,2023,02/25,15.156670925675881,Toledo,34.0,0.5,0.9,0.013,0.006
6699,2024,02/25,15.686533719993374,Toledo,34.0,0.5,0.9,0.013,0.006
6700,2015,02/25,15.187167052460513,Cascavel,34.0,0.5,0.9,0.013,0.007
6701,2016,02/25,11.592812117146284,Cascavel,34.0,0.5,0.9,0.013,0.007
6702,2017,02/25,14.310177733121945,Cascavel,34.0,0.5,0.9,0.013,0.007
6703,2018,02/25,13.80741681263981,Cascavel,34.0,0.5,0.9,0.013,0.007
6704,2019,02/25,15.494896400930044,Cascavel,34.0,0.5,0.9,0.013,0.007
6705,2020,02/25,14.011161944966696,Cascavel,34.0,0.5,0.9,0.013,0.007
6706,2021,02/25,14.756718683822466,Cascavel,34.0,0.5,0.9,0.013,0.007
6707,2022,02/25,12.742419996600384,Cascavel,34.0,0.5,0.9,0.013,0.007
6708,2023,02/25,14.227184132155378,Cascavel,34.0,0.5,0.9,0.013,0.007
6709,2024,02/25,15.27663546826531,Cascavel,34.0,0.5,0.9,0.013,0.007
6710,2015,02/25,15.690410521807886,Foz do Iguaçu,34.0,0.5,0.9,0.013,0.007
6711,2016,02/25,13.016459279152503,Foz do Iguaçu,34.0,0.5,0.9,0.013,0.007
6712,2017,02/25,15.13549449300563,Foz do Iguaçu,34.0,0.5,0.9,0.013,0.007
6713,2018,02/25,14.521371367489612,Foz do Iguaçu,34.0,0.5,0.9,0.013,0.007
6714,2019,02/25,16.045912968551136,Foz do Iguaçu,34.0,0.5,0.9,0.013,0.007
6715,2020,02/25,14.630059369456788,Foz do Iguaçu,34.0,0.5,0.9,0.013,0.007
6716,2021,02/25,15.537532952604336,Foz do Iguaçu,34.0,0.5,0.9,0.013,0.007
6717,2022,02/25,13.660114726888573,Foz do Iguaçu,34.0,0.5,0.9,0.013,0.007
6718,2023,02/25,15.507529090090719,Foz do Iguaçu,34.0,0.5,0.9,0.013,0.007
6719,2024,02/25,15.270830766588974,Foz do Iguaçu,34.0,0.5,0.9,0.013,0.007
6720,2015,02/25,15.944193932006371,Guaíra,34.0,0.5,0.9,0.013,0.007
6721,2016,02/25,13.519079227239315,Guaíra,34.0,0.5,0.9,0.013,0.007
6722,2017,02/25,15.389351725647366,Guaíra,34.0,0.5,0.9,0.013,0.007
6723,2018,02/25,15.19668925359888,Guaíra,34.0,0.5,0.9,0.013,0.007
6724,2019,02/25,16.194905034274555,Guaíra,34.0,0.5,0.9,0.013,0.007
6725,2020,02/25,15.512255833628396,Guaíra,34.0,0.5,0.9,0.013,0.007
6726,2021,02/25,15.740880091506186,Guaíra,34.0,0.5,0.9,0.013,0.007
6727,2022,02/25,14.181587960615618,Guaíra,34.0,0.5,0.9,0.013,0.007
6728,2023,02/25,15.514119688598004,Guaíra,34.0,0.5,0.9,0.013,0.007
6729,2024,02/25,15.989421253099,Guaíra,34.0,0.5,0.9,0.013,0.007
6730,2015,02/25,15.933098395421375,Marechal Cândido Rondon,34.0,0.5,0.9,0.013,0.007
6731,2016,02/25,13.636915941421211,Marechal Cândido Rondon,34.0,0.5,0.9,0.013,0.007
6732,2017,02/25,15.481593952927943,Marechal Cândido Rondon,34.0,0.5,0.9,0.013,0.007
6733,2018,02/25,15.318023823375498,Marechal Cândido Rondon,34.0,0.5,0.9,0.013,0.007
6734,2019,02/25,16.22649238751071,Marechal Cândido Rondon,34.0,0.5,0.9,0.013,0.007
6735,2020,02/25,15.468113168999105,Marechal Cândido Rondon,34.0,0.5,0.9,0.013,0.007
6736,2021,02/25,15.960222040564396,Marechal Cândido Rondon,34.0,0.5,0.9,0.013,0.007
6737,2022,02/25,14.221345708955232,Marechal Cândido Rondon,34.0,0.5,0.9,0.013,0.007
6738,2023,02/25,15.641241559480902,Marechal Cândido Rondon,34.0,0.5,0.9,0.013,0.007
6739,2024,02/25,15.858571855294317,Marechal Cândido Rondon,34.0,0.5,0.9,0.013,0.007
6740,2015,02/25,15.376806737348586,Matelândia,34.0,0.5,0.9,0.013,0.007
6741,2016,02/25,12.237542594691712,Matelândia,34.0,0.5,0.9,0.013,0.007
6742,2017,02/25,14.76403469944117,Matelândia,34.0,0.5,0.9,0.013,0.007
6743,2018,02/25,14.05375378395553,Matelândia,34.0,0.5,0.9,0.013,0.007
6744,2019,02/25,15.787353510207787,Matelândia,34.0,0.5,0.9,0.013,0.007
6745,2020,02/25,14.204508965373037,Matelândia,34.0,0.5,0.9,0.013,0.007
6746,2021,02/25,15.222608166402896,Matelândia,34.0,0.5,0.9,0.013,0.007
6747,2022,02/25,13.161756572959186,Matelândia,34.0,0.5,0.9,0.013,0.007
6748,2023,02/25,15.00655209419147,Matelândia,34.0,0.5,0.9,0.013,0.007
6749,2024,02/25,15.202696079649023,Matelândia,34.0,0.5,0.9,0.013,0.007
6750,2015,02/25,15.689778797500637,Medianeira,34.0,0.5,0.9,0.013,0.007
6751,2016,02/25,13.016388714120586,Medianeira,34.0,0.5,0.9,0.013,0.007
6752,2017,02/25,15.135347502576275,Medianeira,34.0,0.5,0.9,0.013,0.007
6753,2018,02/25,14.521688663260056,Medianeira,34.0,0.5,0.9,0.013,0.007
6754,2019,02/25,16.045754219929204,Medianeira,34.0,0.5,0.9,0.013,0.007
6755,2020,02/25,14.62930843344522,Medianeira,34.0,0.5,0.9,0.013,0.007
6756,2021,02/25,15.540166250778423,Medianeira,34.0,0.5,0.9,0.013,0.007
6757,2022,02/25,13.659475235224786,Medianeira,34.0,0.5,0.9,0.013,0.007
6758,2023,02/25,15.506992777996194,Medianeira,34.0,0.5,0.9,0.013,0.007
6759,2024,02/25,15.270541467479315,Medianeira,34.0,0.5,0.9,0.013,0.007
6760,2015,02/25,15.897635572723862,Santa Helena,34.0,0.5,0.9,0.013,0.007
6761,2016,02/25,13.648412909409624,Santa Helena,34.0,0.5,0.9,0.013,0.007
6762,2017,02/25,15.4853670049554,Santa Helena,34.0,0.5,0.9,0.013,0.007
6763,2018,02/25,15.137832203626305,Santa Helena,34.0,0.5,0.9,0.013,0.007
6764,2019,02/25,16.207747113392422,Santa Helena,34.0,0.5,0.9,0.013,0.007
6765,2020,02/25,15.256389190783839,Santa Helena,34.0,0.5,0.9,0.013,0.007
6766,2021,02/25,15.534650643674507,Santa Helena,34.0,0.5,0.9,0.013,0.007
6767,2022,02/25,14.236589225358053,Santa Helena,34.0,0.5,0.9,0.013,0.007
6768,2023,02/25,15.70901828311214,Santa Helena,34.0,0.5,0.9,0.013,0.007
6769,2024,02/25,15.580035316527637,Santa Helena,34.0,0.5,0.9,0.013,0.007
6770,2015,02/25,15.690282999144545,São Miguel do Iguaçu,34.0,0.5,0.9,0.013,0.007
6771,2016,02/25,13.016445001177775,São Miguel do Iguaçu,34.0,0.5,0.9,0.013,0.007
6772,2017,02/25,15.13546839942303,São Miguel do Iguaçu,34.0,0.5,0.9,0.013,0.007
6773,2018,02/25,14.52144643751178,São Miguel do Iguaçu,34.0,0.5,0.9,0.013,0.007
6774,2019,02/25,16.045882818839104,São Miguel do Iguaçu,34.0,0.5,0.9,0.013,0.007
6775,2020,02/25,14.629876455873838,São Miguel do Iguaçu,34.0,0.5,0.9,0.013,0.007
6776,2021,02/25,15.537343869273922,São Miguel do Iguaçu,34.0,0.5,0.9,0.013,0.007
6777,2022,02/25,13.660084523948663,São Miguel do Iguaçu,34.0,0.5,0.9,0.013,0.007
6778,2023,02/25,15.507432489781479,São Miguel do Iguaçu,34.0,0.5,0.9,0.013,0.007
6779,2024,02/25,15.270779047321561,São Miguel do Iguaçu,34.0,0.5,0.9,0.013,0.007
6780,2015,02/25,15.153898731582983,São Pedro do Iguaçu,34.0,0.5,0.9,0.013,0.007
6781,2016,02/25,11.910320417641335,São Pedro do Iguaçu,34.0,0.5,0.9,0.013,0.007
6782,2017,02/25,14.542730286827457,São Pedro do Iguaçu,34.0,0.5,0.9,0.013,0.007
6783,2018,02/25,14.058024487871988,São Pedro do Iguaçu,34.0,0.5,0.9,0.013,0.007
6784,2019,02/25,15.605430670854087,São Pedro do Iguaçu,34.0,0.5,0.9,0.013,0.007
6785,2020,02/25,14.185621971448473,São Pedro do Iguaçu,34.0,0.5,0.9,0.013,0.007
6786,2021,02/25,15.077601058783356,São Pedro do Iguaçu,34.0,0.5,0.9,0.013,0.007
6787,2022,02/25,12.825880706770711,São Pedro do Iguaçu,34.0,0.5,0.9,0.013,0.007
6788,2023,02/25,14.75764866629156,São Pedro do Iguaçu,34.0,0.5,0.9,0.013,0.007
6789,2024,02/25,15.14335506187291,São Pedro do Iguaçu,34.0,0.5,0.9,0.013,0.007
6790,2015,02/25,15.561065912915904,Toledo,34.0,0.5,0.9,0.013,0.007
6791,2016,02/25,12.639349131017182,Toledo,34.0,0.5,0.9,0.013,0.007
6792,2017,02/25,14.888920220858422,Toledo,34.0,0.5,0.9,0.013,0.007
6793,2018,02/25,14.729851915588629,Toledo,34.0,0.5,0.9,0.013,0.007
6794,2019,02/25,15.888548703724336,Toledo,34.0,0.5,0.9,0.013,0.007
6795,2020,02/25,15.128156230117026,Toledo,34.0,0.5,0.9,0.013,0.007
6796,2021,02/25,15.559678170377522,Toledo,34.0,0.5,0.9,0.013,0.007
6797,2022,02/25,13.408432527455457,Toledo,34.0,0.5,0.9,0.013,0.007
6798,2023,02/25,15.156670925675881,Toledo,34.0,0.5,0.9,0.013,0.007
6799,2024,02/25,15.686533719993374,Toledo,34.0,0.5,0.9,0.013,0.007
6800,2015,02/25,15.658249051518528,Cascavel,34.0,0.5,0.95,0.012,0.006
6801,2016,02/25,11.956374976972905,Cascavel,34.0,0.5,0.95,0.012,0.006
6802,2017,02/25,14.75312170248647,Cascavel,34.0,0.5,0.95,0.012,0.006
6803,2018,02/25,14.247942748022773,Cascavel,34.0,0.5,0.95,0.012,0.006
6804,2019,02/25,15.977162242356753,Cascavel,34.0,0.5,0.95,0.012,0.006
6805,2020,02/25,14.435821438930903,Cascavel,34.0,0.5,0.95,0.012,0.006
6806,2021,02/25,15.205471296937086,Cascavel,34.0,0.5,0.95,0.012,0.006
6807,2022,02/25,13.141683943003898,Cascavel,34.0,0.5,0.95,0.012,0.006
6808,2023,02/25,14.674924273349426,Cascavel,34.0,0.5,0.95,0.012,0.006
6809,2024,02/25,15.749733647205204,Cascavel,34.0,0.5,0.95,0.012,0.006
6810,2015,02/25,16.181043119075795,Foz do Iguaçu,34.0,0.5,0.95,0.012,0.006
6811,2016,02/25,13.42893391080876,Foz do Iguaçu,34.0,0.5,0.95,0.012,0.006
6812,2017,02/25,15.61213141156071,Foz do Iguaçu,34.0,0.5,0.95,0.012,0.006
6813,2018,02/25,14.985435038019757,Foz do Iguaçu,34.0,0.5,0.95,0.012,0.006
6814,2019,02/25,16.54413665582966,Foz do Iguaçu,34.0,0.5,0.95,0.012,0.006
6815,2020,02/25,15.077385280765919,Foz do Iguaçu,34.0,0.5,0.95,0.012,0.006
6816,2021,02/25,16.016991098216344,Foz do Iguaçu,34.0,0.5,0.95,0.012,0.006
6817,2022,02/25,14.092152502229302,Foz do Iguaçu,34.0,0.5,0.95,0.012,0.006
6818,2023,02/25,15.998457938653166,Foz do Iguaçu,34.0,0.5,0.95,0.012,0.006
6819,2024,02/25,15.741235184820257,Foz do Iguaçu,34.0,0.5,0.95,0.012,0.006
6820,2015,02/25,16.443932657721977,Guaíra,34.0,0.5,0.95,0.012,0.006
6821,2016,02/25,13.947705181475982,Guaíra,34.0,0.5,0.95,0.012,0.006
6822,2017,02/25,15.874253104157944,Guaíra,34.0,0.5,0.95,0.012,0.006
6823,2018,02/25,15.684153296870754,Guaíra,34.0,0.5,0.95,0.012,0.006
6824,2019,02/25,16.703205237941877,Guaíra,34.0,0.5,0.95,0.012,0.006
6825,2020,02/25,15.992621547745362,Guaíra,34.0,0.5,0.95,0.012,0.006
6826,2021,02/25,16.22675955254212,Guaíra,34.0,0.5,0.95,0.012,0.006
6827,2022,02/25,14.630462592663422,Guaíra,34.0,0.5,0.95,0.012,0.006
6828,2023,02/25,16.00594936682595,Guaíra,34.0,0.5,0.95,0.012,0.006
6829,2024,02/25,16.49283855703899,Guaíra,34.0,0.5,0.95,0.012,0.006
6830,2015,02/25,16.43241440200039,Marechal Cândido Rondon,34.0,0.5,0.95,0.012,0.006
6831,2016,02/25,14.069619551090902,Marechal Cândido Rondon,34.0,0.5,0.95,0.012,0.006
6832,2017,02/25,15.96951224010153,Marechal Cândido Rondon,34.0,0.5,0.95,0.012,0.006
6833,2018,02/25,15.81126365498745,Marechal Cândido Rondon,34.0,0.5,0.95,0.012,0.006
6834,2019,02/25,16.735353813531624,Marechal Cândido Rondon,34.0,0.5,0.95,0.012,0.006
6835,2020,02/25,15.947256424800546,Marechal Cândido Rondon,34.0,0.5,0.95,0.012,0.006
6836,2021,02/25,16.451614833640697,Marechal Cândido Rondon,34.0,0.5,0.95,0.012,0.006
6837,2022,02/25,14.671366233513755,Marechal Cândido Rondon,34.0,0.5,0.95,0.012,0.006
6838,2023,02/25,16.137317164790566,Marechal Cândido Rondon,34.0,0.5,0.95,0.012,0.006
6839,2024,02/25,16.35584260062642,Marechal Cândido Rondon,34.0,0.5,0.95,0.012,0.006
6840,2015,02/25,15.856161656950405,Matelândia,34.0,0.5,0.95,0.012,0.006
6841,2016,02/25,12.62382333482561,Matelândia,34.0,0.5,0.95,0.012,0.006
6842,2017,02/25,15.225812100944832,Matelândia,34.0,0.5,0.95,0.012,0.006
6843,2018,02/25,14.502618204865014,Matelândia,34.0,0.5,0.95,0.012,0.006
6844,2019,02/25,16.276593143306755,Matelândia,34.0,0.5,0.95,0.012,0.006
6845,2020,02/25,14.636640560274007,Matelândia,34.0,0.5,0.95,0.012,0.006
6846,2021,02/25,15.68791150548196,Matelândia,34.0,0.5,0.95,0.012,0.006
6847,2022,02/25,13.576914570384332,Matelândia,34.0,0.5,0.95,0.012,0.006
6848,2023,02/25,15.481302684624756,Matelândia,34.0,0.5,0.95,0.012,0.006
6849,2024,02/25,15.671262988796746,Matelândia,34.0,0.5,0.95,0.012,0.006
6850,2015,02/25,16.180378507769035,Medianeira,34.0,0.5,0.95,0.012,0.006
6851,2016,02/25,13.428848427311088,Medianeira,34.0,0.5,0.95,0.012,0.006
6852,2017,02/25,15.611976329654173,Medianeira,34.0,0.5,0.95,0.012,0.006
6853,2018,02/25,14.985788435918517,Medianeira,34.0,0.5,0.95,0.012,0.006
6854,2019,02/25,16.54396735950363,Medianeira,34.0,0.5,0.95,0.012,0.006
6855,2020,02/25,15.076628119651508,Medianeira,34.0,0.5,0.95,0.012,0.006
6856,2021,02/25,16.01875227546711,Medianeira,34.0,0.5,0.95,0.012,0.006
6857,2022,02/25,14.091491342727512,Medianeira,34.0,0.5,0.95,0.012,0.006
6858,2023,02/25,15.997891640957551,Medianeira,34.0,0.5,0.95,0.012,0.006
6859,2024,02/25,15.740935895143105,Medianeira,34.0,0.5,0.95,0.012,0.006
6860,2015,02/25,16.39538457815923,Santa Helena,34.0,0.5,0.95,0.012,0.006
6861,2016,02/25,14.08078588072967,Santa Helena,34.0,0.5,0.95,0.012,0.006
6862,2017,02/25,15.973540200235343,Santa Helena,34.0,0.5,0.95,0.012,0.006
6863,2018,02/25,15.624099597535558,Santa Helena,34.0,0.5,0.95,0.012,0.006
6864,2019,02/25,16.713946138453927,Santa Helena,34.0,0.5,0.95,0.012,0.006
6865,2020,02/25,15.726956315412735,Santa Helena,34.0,0.5,0.95,0.012,0.006
6866,2021,02/25,15.850034160792104,Santa Helena,34.0,0.5,0.95,0.012,0.006
6867,2022,02/25,14.687542634797786,Santa Helena,34.0,0.5,0.95,0.012,0.006
6868,2023,02/25,16.2064245132068,Santa Helena,34.0,0.5,0.95,0.012,0.006
6869,2024,02/25,16.064054662286622,Santa Helena,34.0,0.5,0.95,0.012,0.006
6870,2015,02/25,16.180910607537147,São Miguel do Iguaçu,34.0,0.5,0.95,0.012,0.006
6871,2016,02/25,13.428917588074206,São Miguel do Iguaçu,34.0,0.5,0.95,0.012,0.006
6872,2017,02/25,15.61210997180276,São Miguel do Iguaçu,34.0,0.5,0.95,0.012,0.006
6873,2018,02/25,14.98550863938213,São Miguel do Iguaçu,34.0,0.5,0.95,0.012,0.006
6874,2019,02/25,16.54410527876441,São Miguel do Iguaçu,34.0,0.5,0.95,0.012,0.006
6875,2020,02/25,15.0771920098104,São Miguel do Iguaçu,34.0,0.5,0.95,0.012,0.006
6876,2021,02/25,16.017282710325308,São Miguel do Iguaçu,34.0,0.5,0.95,0.012,0.006
6877,2022,02/25,14.092121271728784,São Miguel do Iguaçu,34.0,0.5,0.95,0.012,0.006
6878,2023,02/25,15.998357554471104,São Miguel do Iguaçu,34.0,0.5,0.95,0.012,0.006
6879,2024,02/25,15.741187073789298,São Miguel do Iguaçu,34.0,0.5,0.95,0.012,0.006
6880,2015,02/25,15.624929956561276,São Pedro do Iguaçu,34.0,0.5,0.95,0.012,0.006
6881,2016,02/25,12.28523207327789,São Pedro do Iguaçu,34.0,0.5,0.95,0.012,0.006
6882,2017,02/25,14.994717288194515,São Pedro do Iguaçu,34.0,0.5,0.95,0.012,0.006
6883,2018,02/25,14.507749616843595,São Pedro do Iguaçu,34.0,0.5,0.95,0.012,0.006
6884,2019,02/25,16.090061519087367,São Pedro do Iguaçu,34.0,0.5,0.95,0.012,0.006
6885,2020,02/25,14.616444893133218,São Pedro do Iguaçu,34.0,0.5,0.95,0.012,0.006
6886,2021,02/25,15.543418706041674,São Pedro do Iguaçu,34.0,0.5,0.95,0.012,0.006
6887,2022,02/25,13.229305933810917,São Pedro do Iguaçu,34.0,0.5,0.95,0.012,0.006
6888,2023,02/25,15.223808341225812,São Pedro do Iguaçu,34.0,0.5,0.95,0.012,0.006
6889,2024,02/25,15.611969596428409,São Pedro do Iguaçu,34.0,0.5,0.95,0.012,0.006
6890,2015,02/25,16.046698893241786,Toledo,34.0,0.5,0.95,0.012,0.006
6891,2016,02/25,13.038760476595378,Toledo,34.0,0.5,0.95,0.012,0.006
6892,2017,02/25,15.354823411217929,Toledo,34.0,0.5,0.95,0.012,0.006
6893,2018,02/25,15.202268208043224,Toledo,34.0,0.5,0.95,0.012,0.006
6894,2019,02/25,16.385163972884527,Toledo,34.0,0.5,0.95,0.012,0.006
6895,2020,02/25,15.592168899508485,Toledo,34.0,0.5,0.95,0.012,0.006
6896,2021,02/25,16.04005665271575,Toledo,34.0,0.5,0.95,0.012,0.006
6897,2022,02/25,13.830806231978046,Toledo,34.0,0.5,0.95,0.012,0.006
6898,2023,02/25,15.636118306617966,Toledo,34.0,0.5,0.95,0.012,0.006
6899,2024,02/25,16.177659014012292,Toledo,34.0,0.5,0.95,0.012,0.006
6900,2015,02/25,15.658249051518528,Cascavel,34.0,0.5,0.95,0.012,0.007
6901,2016,02/25,11.956374976972905,Cascavel,34.0,0.5,0.95,0.012,0.007
6902,2017,02/25,14.75312170248647,Cascavel,34.0,0.5,0.95,0.012,0.007
6903,2018,02/25,14.247942748022773,Cascavel,34.0,0.5,0.95,0.012,0.007
6904,2019,02/25,15.977162242356753,Cascavel,34.0,0.5,0.95,0.012,0.007
6905,2020,02/25,14.435821438930903,Cascavel,34.0,0.5,0.95,0.012,0.007
6906,2021,02/25,15.205471296937086,Cascavel,34.0,0.5,0.95,0.012,0.007
6907,2022,02/25,13.141683943003898,Cascavel,34.0,0.5,0.95,0.012,0.007
6908,2023,02/25,14.674924273349426,Cascavel,34.0,0.5,0.95,0.012,0.007
6909,2024,02/25,15.749733647205204,Cascavel,34.0,0.5,0.95,0.012,0.007
6910,2015,02/25,16.181043119075795,Foz do Iguaçu,34.0,0.5,0.95,0.012,0.007
6911,2016,02/25,13.42893391080876,Foz do Iguaçu,34.0,0.5,0.95,0.012,0.007
6912,2017,02/25,15.61213141156071,Foz do Iguaçu,34.0,0.5,0.95,0.012,0.007
6913,2018,02/25,14.985435038019757,Foz do Iguaçu,34.0,0.5,0.95,0.012,0.007
6914,2019,02/25,16.54413665582966,Foz do Iguaçu,34.0,0.5,0.95,0.012,0.007
6915,2020,02/25,15.077385280765919,Foz do Iguaçu,34.0,0.5,0.95,0.012,0.007
6916,2021,02/25,16.016991098216344,Foz do Iguaçu,34.0,0.5,0.95,0.012,0.007
6917,2022,02/25,14.092152502229302,Foz do Iguaçu,34.0,0.5,0.95,0.012,0.007
6918,2023,02/25,15.998457938653166,Foz do Iguaçu,34.0,0.5,0.95,0.012,0.007
6919,2024,02/25,15.741235184820257,Foz do Iguaçu,34.0,0.5,0.95,0.012,0.007
6920,2015,02/25,16.443932657721977,Guaíra,34.0,0.5,0.95,0.012,0.007
6921,2016,02/25,13.947705181475982,Guaíra,34.0,0.5,0.95,0.012,0.007
6922,2017,02/25,15.874253104157944,Guaíra,34.0,0.5,0.95,0.012,0.007
6923,2018,02/25,15.684153296870754,Guaíra,34.0,0.5,0.95,0.012,0.007
6924,2019,02/25,16.703205237941877,Guaíra,34.0,0.5,0.95,0.012,0.007
6925,2020,02/25,15.992621547745362,Guaíra,34.0,0.5,0.95,0.012,0.007
6926,2021,02/25,16.22675955254212,Guaíra,34.0,0.5,0.95,0.012,0.007
6927,2022,02/25,14.630462592663422,Guaíra,34.0,0.5,0.95,0.012,0.007
6928,2023,02/25,16.00594936682595,Guaíra,34.0,0.5,0.95,0.012,0.007
6929,2024,02/25,16.49283855703899,Guaíra,34.0,0.5,0.95,0.012,0.007
6930,2015,02/25,16.43241440200039,Marechal Cândido Rondon,34.0,0.5,0.95,0.012,0.007
6931,2016,02/25,14.069619551090902,Marechal Cândido Rondon,34.0,0.5,0.95,0.012,0.007
6932,2017,02/25,15.96951224010153,Marechal Cândido Rondon,34.0,0.5,0.95,0.012,0.007
6933,2018,02/25,15.81126365498745,Marechal Cândido Rondon,34.0,0.5,0.95,0.012,0.007
6934,2019,02/25,16.735353813531624,Marechal Cândido Rondon,34.0,0.5,0.95,0.012,0.007
6935,2020,02/25,15.947256424800546,Marechal Cândido Rondon,34.0,0.5,0.95,0.012,0.007
6936,2021,02/25,16.451614833640697,Marechal Cândido Rondon,34.0,0.5,0.95,0.012,0.007
6937,2022,02/25,14.671366233513755,Marechal Cândido Rondon,34.0,0.5,0.95,0.012,0.007
6938,2023,02/25,16.137317164790566,Marechal Cândido Rondon,34.0,0.5,0.95,0.012,0.007
6939,2024,02/25,16.35584260062642,Marechal Cândido Rondon,34.0,0.5,0.95,0.012,0.007
6940,2015,02/25,15.856161656950405,Matelândia,34.0,0.5,0.95,0.012,0.007
6941,2016,02/25,12.62382333482561,Matelândia,34.0,0.5,0.95,0.012,0.007
6942,2017,02/25,15.225812100944832,Matelândia,34.0,0.5,0.95,0.012,0.007
6943,2018,02/25,14.502618204865014,Matelândia,34.0,0.5,0.95,0.012,0.007
6944,2019,02/25,16.276593143306755,Matelândia,34.0,0.5,0.95,0.012,0.007
6945,2020,02/25,14.636640560274007,Matelândia,34.0,0.5,0.95,0.012,0.007
6946,2021,02/25,15.68791150548196,Matelândia,34.0,0.5,0.95,0.012,0.007
6947,2022,02/25,13.576914570384332,Matelândia,34.0,0.5,0.95,0.012,0.007
6948,2023,02/25,15.481302684624756,Matelândia,34.0,0.5,0.95,0.012,0.007
6949,2024,02/25,15.671262988796746,Matelândia,34.0,0.5,0.95,0.012,0.007
6950,2015,02/25,16.180378507769035,Medianeira,34.0,0.5,0.95,0.012,0.007
6951,2016,02/25,13.428848427311088,Medianeira,34.0,0.5,0.95,0.012,0.007
6952,2017,02/25,15.611976329654173,Medianeira,34.0,0.5,0.95,0.012,0.007
6953,2018,02/25,14.985788435918517,Medianeira,34.0,0.5,0.95,0.012,0.007
6954,2019,02/25,16.54396735950363,Medianeira,34.0,0.5,0.95,0.012,0.007
6955,2020,02/25,15.076628119651508,Medianeira,34.0,0.5,0.95,0.012,0.007
6956,2021,02/25,16.01875227546711,Medianeira,34.0,0.5,0.95,0.012,0.007
6957,2022,02/25,14.091491342727512,Medianeira,34.0,0.5,0.95,0.012,0.007
6958,2023,02/25,15.997891640957551,Medianeira,34.0,0.5,0.95,0.012,0.007
6959,2024,02/25,15.740935895143105,Medianeira,34.0,0.5,0.95,0.012,0.007
6960,2015,02/25,16.39538457815923,Santa Helena,34.0,0.5,0.95,0.012,0.007
6961,2016,02/25,14.08078588072967,Santa Helena,34.0,0.5,0.95,0.012,0.007
6962,2017,02/25,15.973540200235343,Santa Helena,34.0,0.5,0.95,0.012,0.007
6963,2018,02/25,15.624099597535558,Santa Helena,34.0,0.5,0.95,0.012,0.007
6964,2019,02/25,16.713946138453927,Santa Helena,34.0,0.5,0.95,0.012,0.007
6965,2020,02/25,15.726956315412735,Santa Helena,34.0,0.5,0.95,0.012,0.007
6966,2021,02/25,15.850034160792104,Santa Helena,34.0,0.5,0.95,0.012,0.007
6967,2022,02/25,14.687542634797786,Santa Helena,34.0,0.5,0.95,0.012,0.007
6968,2023,02/25,16.2064245132068,Santa Helena,34.0,0.5,0.95,0.012,0.007
6969,2024,02/25,16.064054662286622,Santa Helena,34.0,0.5,0.95,0.012,0.007
6970,2015,02/25,16.180910607537147,São Miguel do Iguaçu,34.0,0.5,0.95,0.012,0.007
6971,2016,02/25,13.428917588074206,São Miguel do Iguaçu,34.0,0.5,0.95,0.012,0.007
6972,2017,02/25,15.61210997180276,São Miguel do Iguaçu,34.0,0.5,0.95,0.012,0.007
6973,2018,02/25,14.98550863938213,São Miguel do Iguaçu,34.0,0.5,0.95,0.012,0.007
6974,2019,02/25,16.54410527876441,São Miguel do Iguaçu,34.0,0.5,0.95,0.012,0.007
6975,2020,02/25,15.0771920098104,São Miguel do Iguaçu,34.0,0.5,0.95,0.012,0.007
6976,2021,02/25,16.017282710325308,São Miguel do Iguaçu,34.0,0.5,0.95,0.012,0.007
6977,2022,02/25,14.092121271728784,São Miguel do Iguaçu,34.0,0.5,0.95,0.012,0.007
6978,2023,02/25,15.998357554471104,São Miguel do Iguaçu,34.0,0.5,0.95,0.012,0.007
6979,2024,02/25,15.741187073789298,São Miguel do Iguaçu,34.0,0.5,0.95,0.012,0.007
6980,2015,02/25,15.624929956561276,São Pedro do Iguaçu,34.0,0.5,0.95,0.012,0.007
6981,2016,02/25,12.28523207327789,São Pedro do Iguaçu,34.0,0.5,0.95,0.012,0.007
6982,2017,02/25,14.994717288194515,São Pedro do Iguaçu,34.0,0.5,0.95,0.012,0.007
6983,2018,02/25,14.507749616843595,São Pedro do Iguaçu,34.0,0.5,0.95,0.012,0.007
6984,2019,02/25,16.090061519087367,São Pedro do Iguaçu,34.0,0.5,0.95,0.012,0.007
6985,2020,02/25,14.616444893133218,São Pedro do Iguaçu,34.0,0.5,0.95,0.012,0.007
6986,2021,02/25,15.543418706041674,São Pedro do Iguaçu,34.0,0.5,0.95,0.012,0.007
6987,2022,02/25,13.229305933810917,São Pedro do Iguaçu,34.0,0.5,0.95,0.012,0.007
6988,2023,02/25,15.223808341225812,São Pedro do Iguaçu,34.0,0.5,0.95,0.012,0.007
6989,2024,02/25,15.611969596428409,São Pedro do Iguaçu,34.0,0.5,0.95,0.012,0.007
6990,2015,02/25,16.046698893241786,Toledo,34.0,0.5,0.95,0.012,0.007
6991,2016,02/25,13.038760476595378,Toledo,34.0,0.5,0.95,0.012,0.007
6992,2017,02/25,15.354823411217929,Toledo,34.0,0.5,0.95,0.012,0.007
6993,2018,02/25,15.202268208043224,Toledo,34.0,0.5,0.95,0.012,0.007
6994,2019,02/25,16.385163972884527,Toledo,34.0,0.5,0.95,0.012,0.007
6995,2020,02/25,15.592168899508485,Toledo,34.0,0.5,0.95,0.012,0.007
6996,2021,02/25,16.04005665271575,Toledo,34.0,0.5,0.95,0.012,0.007
6997,2022,02/25,13.830806231978046,Toledo,34.0,0.5,0.95,0.012,0.007
6998,2023,02/25,15.636118306617966,Toledo,34.0,0.5,0.95,0.012,0.007
6999,2024,02/25,16.177659014012292,Toledo,34.0,0.5,0.95,0.012,0.007
7000,2015,02/25,15.658249051518528,Cascavel,34.0,0.5,0.95,0.013,0.006
7001,2016,02/25,11.956374976972905,Cascavel,34.0,0.5,0.95,0.013,0.006
7002,2017,02/25,14.75312170248647,Cascavel,34.0,0.5,0.95,0.013,0.006
7003,2018,02/25,14.247942748022773,Cascavel,34.0,0.5,0.95,0.013,0.006
7004,2019,02/25,15.977162242356753,Cascavel,34.0,0.5,0.95,0.013,0.006
7005,2020,02/25,14.435821438930903,Cascavel,34.0,0.5,0.95,0.013,0.006
7006,2021,02/25,15.205471296937086,Cascavel,34.0,0.5,0.95,0.013,0.006
7007,2022,02/25,13.141683943003898,Cascavel,34.0,0.5,0.95,0.013,0.006
7008,2023,02/25,14.674924273349426,Cascavel,34.0,0.5,0.95,0.013,0.006
7009,2024,02/25,15.749733647205204,Cascavel,34.0,0.5,0.95,0.013,0.006
7010,2015,02/25,16.181043119075795,Foz do Iguaçu,34.0,0.5,0.95,0.013,0.006
7011,2016,02/25,13.42893391080876,Foz do Iguaçu,34.0,0.5,0.95,0.013,0.006
7012,2017,02/25,15.61213141156071,Foz do Iguaçu,34.0,0.5,0.95,0.013,0.006
7013,2018,02/25,14.985435038019757,Foz do Iguaçu,34.0,0.5,0.95,0.013,0.006
7014,2019,02/25,16.54413665582966,Foz do Iguaçu,34.0,0.5,0.95,0.013,0.006
7015,2020,02/25,15.077385280765919,Foz do Iguaçu,34.0,0.5,0.95,0.013,0.006
7016,2021,02/25,16.016991098216344,Foz do Iguaçu,34.0,0.5,0.95,0.013,0.006
7017,2022,02/25,14.092152502229302,Foz do Iguaçu,34.0,0.5,0.95,0.013,0.006
7018,2023,02/25,15.998457938653166,Foz do Iguaçu,34.0,0.5,0.95,0.013,0.006
7019,2024,02/25,15.741235184820257,Foz do Iguaçu,34.0,0.5,0.95,0.013,0.006
7020,2015,02/25,16.443932657721977,Guaíra,34.0,0.5,0.95,0.013,0.006
7021,2016,02/25,13.947705181475982,Guaíra,34.0,0.5,0.95,0.013,0.006
7022,2017,02/25,15.874253104157944,Guaíra,34.0,0.5,0.95,0.013,0.006
7023,2018,02/25,15.684153296870754,Guaíra,34.0,0.5,0.95,0.013,0.006
7024,2019,02/25,16.703205237941877,Guaíra,34.0,0.5,0.95,0.013,0.006
7025,2020,02/25,15.992621547745362,Guaíra,34.0,0.5,0.95,0.013,0.006
7026,2021,02/25,16.22675955254212,Guaíra,34.0,0.5,0.95,0.013,0.006
7027,2022,02/25,14.630462592663422,Guaíra,34.0,0.5,0.95,0.013,0.006
7028,2023,02/25,16.00594936682595,Guaíra,34.0,0.5,0.95,0.013,0.006
7029,2024,02/25,16.49283855703899,Guaíra,34.0,0.5,0.95,0.013,0.006
7030,2015,02/25,16.43241440200039,Marechal Cândido Rondon,34.0,0.5,0.95,0.013,0.006
7031,2016,02/25,14.069619551090902,Marechal Cândido Rondon,34.0,0.5,0.95,0.013,0.006
7032,2017,02/25,15.96951224010153,Marechal Cândido Rondon,34.0,0.5,0.95,0.013,0.006
7033,2018,02/25,15.81126365498745,Marechal Cândido Rondon,34.0,0.5,0.95,0.013,0.006
7034,2019,02/25,16.735353813531624,Marechal Cândido Rondon,34.0,0.5,0.95,0.013,0.006
7035,2020,02/25,15.947256424800546,Marechal Cândido Rondon,34.0,0.5,0.95,0.013,0.006
7036,2021,02/25,16.451614833640697,Marechal Cândido Rondon,34.0,0.5,0.95,0.013,0.006
7037,2022,02/25,14.671366233513755,Marechal Cândido Rondon,34.0,0.5,0.95,0.013,0.006
7038,2023,02/25,16.137317164790566,Marechal Cândido Rondon,34.0,0.5,0.95,0.013,0.006
7039,2024,02/25,16.35584260062642,Marechal Cândido Rondon,34.0,0.5,0.95,0.013,0.006
7040,2015,02/25,15.856161656950405,Matelândia,34.0,0.5,0.95,0.013,0.006
7041,2016,02/25,12.62382333482561,Matelândia,34.0,0.5,0.95,0.013,0.006
7042,2017,02/25,15.225812100944832,Matelândia,34.0,0.5,0.95,0.013,0.006
7043,2018,02/25,14.502618204865014,Matelândia,34.0,0.5,0.95,0.013,0.006
7044,2019,02/25,16.276593143306755,Matelândia,34.0,0.5,0.95,0.013,0.006
7045,2020,02/25,14.636640560274007,Matelândia,34.0,0.5,0.95,0.013,0.006
7046,2021,02/25,15.68791150548196,Matelândia,34.0,0.5,0.95,0.013,0.006
7047,2022,02/25,13.576914570384332,Matelândia,34.0,0.5,0.95,0.013,0.006
7048,2023,02/25,15.481302684624756,Matelândia,34.0,0.5,0.95,0.013,0.006
7049,2024,02/25,15.671262988796746,Matelândia,34.0,0.5,0.95,0.013,0.006
7050,2015,02/25,16.180378507769035,Medianeira,34.0,0.5,0.95,0.013,0.006
7051,2016,02/25,13.428848427311088,Medianeira,34.0,0.5,0.95,0.013,0.006
7052,2017,02/25,15.611976329654173,Medianeira,34.0,0.5,0.95,0.013,0.006
7053,2018,02/25,14.985788435918517,Medianeira,34.0,0.5,0.95,0.013,0.006
7054,2019,02/25,16.54396735950363,Medianeira,34.0,0.5,0.95,0.013,0.006
7055,2020,02/25,15.076628119651508,Medianeira,34.0,0.5,0.95,0.013,0.006
7056,2021,02/25,16.01875227546711,Medianeira,34.0,0.5,0.95,0.013,0.006
7057,2022,02/25,14.091491342727512,Medianeira,34.0,0.5,0.95,0.013,0.006
7058,2023,02/25,15.997891640957551,Medianeira,34.0,0.5,0.95,0.013,0.006
7059,2024,02/25,15.740935895143105,Medianeira,34.0,0.5,0.95,0.013,0.006
7060,2015,02/25,16.39538457815923,Santa Helena,34.0,0.5,0.95,0.013,0.006
7061,2016,02/25,14.08078588072967,Santa Helena,34.0,0.5,0.95,0.013,0.006
7062,2017,02/25,15.973540200235343,Santa Helena,34.0,0.5,0.95,0.013,0.006
7063,2018,02/25,15.624099597535558,Santa Helena,34.0,0.5,0.95,0.013,0.006
7064,2019,02/25,16.713946138453927,Santa Helena,34.0,0.5,0.95,0.013,0.006
7065,2020,02/25,15.726956315412735,Santa Helena,34.0,0.5,0.95,0.013,0.006
7066,2021,02/25,15.850034160792104,Santa Helena,34.0,0.5,0.95,0.013,0.006
7067,2022,02/25,14.687542634797786,Santa Helena,34.0,0.5,0.95,0.013,0.006
7068,2023,02/25,16.2064245132068,Santa Helena,34.0,0.5,0.95,0.013,0.006
7069,2024,02/25,16.064054662286622,Santa Helena,34.0,0.5,0.95,0.013,0.006
7070,2015,02/25,16.180910607537147,São Miguel do Iguaçu,34.0,0.5,0.95,0.013,0.006
7071,2016,02/25,13.428917588074206,São Miguel do Iguaçu,34.0,0.5,0.95,0.013,0.006
7072,2017,02/25,15.61210997180276,São Miguel do Iguaçu,34.0,0.5,0.95,0.013,0.006
7073,2018,02/25,14.98550863938213,São Miguel do Iguaçu,34.0,0.5,0.95,0.013,0.006
7074,2019,02/25,16.54410527876441,São Miguel do Iguaçu,34.0,0.5,0.95,0.013,0.006
7075,2020,02/25,15.0771920098104,São Miguel do Iguaçu,34.0,0.5,0.95,0.013,0.006
7076,2021,02/25,16.017282710325308,São Miguel do Iguaçu,34.0,0.5,0.95,0.013,0.006
7077,2022,02/25,14.092121271728784,São Miguel do Iguaçu,34.0,0.5,0.95,0.013,0.006
7078,2023,02/25,15.998357554471104,São Miguel do Iguaçu,34.0,0.5,0.95,0.013,0.006
7079,2024,02/25,15.741187073789298,São Miguel do Iguaçu,34.0,0.5,0.95,0.013,0.006
7080,2015,02/25,15.624929956561276,São Pedro do Iguaçu,34.0,0.5,0.95,0.013,0.006
7081,2016,02/25,12.28523207327789,São Pedro do Iguaçu,34.0,0.5,0.95,0.013,0.006
7082,2017,02/25,14.994717288194515,São Pedro do Iguaçu,34.0,0.5,0.95,0.013,0.006
7083,2018,02/25,14.507749616843595,São Pedro do Iguaçu,34.0,0.5,0.95,0.013,0.006
7084,2019,02/25,16.090061519087367,São Pedro do Iguaçu,34.0,0.5,0.95,0.013,0.006
7085,2020,02/25,14.616444893133218,São Pedro do Iguaçu,34.0,0.5,0.95,0.013,0.006
7086,2021,02/25,15.543418706041674,São Pedro do Iguaçu,34.0,0.5,0.95,0.013,0.006
7087,2022,02/25,13.229305933810917,São Pedro do Iguaçu,34.0,0.5,0.95,0.013,0.006
7088,2023,02/25,15.223808341225812,São Pedro do Iguaçu,34.0,0.5,0.95,0.013,0.006
7089,2024,02/25,15.611969596428409,São Pedro do Iguaçu,34.0,0.5,0.95,0.013,0.006
7090,2015,02/25,16.046698893241786,Toledo,34.0,0.5,0.95,0.013,0.006
7091,2016,02/25,13.038760476595378,Toledo,34.0,0.5,0.95,0.013,0.006
7092,2017,02/25,15.354823411217929,Toledo,34.0,0.5,0.95,0.013,0.006
7093,2018,02/25,15.202268208043224,Toledo,34.0,0.5,0.95,0.013,0.006
7094,2019,02/25,16.385163972884527,Toledo,34.0,0.5,0.95,0.013,0.006
7095,2020,02/25,15.592168899508485,Toledo,34.0,0.5,0.95,0.013,0.006
7096,2021,02/25,16.04005665271575,Toledo,34.0,0.5,0.95,0.013,0.006
7097,2022,02/25,13.830806231978046,Toledo,34.0,0.5,0.95,0.013,0.006
7098,2023,02/25,15.636118306617966,Toledo,34.0,0.5,0.95,0.013,0.006
7099,2024,02/25,16.177659014012292,Toledo,34.0,0.5,0.95,0.013,0.006
7100,2015,02/25,15.658249051518528,Cascavel,34.0,0.5,0.95,0.013,0.007
7101,2016,02/25,11.956374976972905,Cascavel,34.0,0.5,0.95,0.013,0.007
7102,2017,02/25,14.75312170248647,Cascavel,34.0,0.5,0.95,0.013,0.007
7103,2018,02/25,14.247942748022773,Cascavel,34.0,0.5,0.95,0.013,0.007
7104,2019,02/25,15.977162242356753,Cascavel,34.0,0.5,0.95,0.013,0.007
7105,2020,02/25,14.435821438930903,Cascavel,34.0,0.5,0.95,0.013,0.007
7106,2021,02/25,15.205471296937086,Cascavel,34.0,0.5,0.95,0.013,0.007
7107,2022,02/25,13.141683943003898,Cascavel,34.0,0.5,0.95,0.013,0.007
7108,2023,02/25,14.674924273349426,Cascavel,34.0,0.5,0.95,0.013,0.007
7109,2024,02/25,15.749733647205204,Cascavel,34.0,0.5,0.95,0.013,0.007
7110,2015,02/25,16.181043119075795,Foz do Iguaçu,34.0,0.5,0.95,0.013,0.007
7111,2016,02/25,13.42893391080876,Foz do Iguaçu,34.0,0.5,0.95,0.013,0.007
7112,2017,02/25,15.61213141156071,Foz do Iguaçu,34.0,0.5,0.95,0.013,0.007
7113,2018,02/25,14.985435038019757,Foz do Iguaçu,34.0,0.5,0.95,0.013,0.007
7114,2019,02/25,16.54413665582966,Foz do Iguaçu,34.0,0.5,0.95,0.013,0.007
7115,2020,02/25,15.077385280765919,Foz do Iguaçu,34.0,0.5,0.95,0.013,0.007
7116,2021,02/25,16.016991098216344,Foz do Iguaçu,34.0,0.5,0.95,0.013,0.007
7117,2022,02/25,14.092152502229302,Foz do Iguaçu,34.0,0.5,0.95,0.013,0.007
7118,2023,02/25,15.998457938653166,Foz do Iguaçu,34.0,0.5,0.95,0.013,0.007
7119,2024,02/25,15.741235184820257,Foz do Iguaçu,34.0,0.5,0.95,0.013,0.007
7120,2015,02/25,16.443932657721977,Guaíra,34.0,0.5,0.95,0.013,0.007
7121,2016,02/25,13.947705181475982,Guaíra,34.0,0.5,0.95,0.013,0.007
7122,2017,02/25,15.874253104157944,Guaíra,34.0,0.5,0.95,0.013,0.007
7123,2018,02/25,15.684153296870754,Guaíra,34.0,0.5,0.95,0.013,0.007
7124,2019,02/25,16.703205237941877,Guaíra,34.0,0.5,0.95,0.013,0.007
7125,2020,02/25,15.992621547745362,Guaíra,34.0,0.5,0.95,0.013,0.007
7126,2021,02/25,16.22675955254212,Guaíra,34.0,0.5,0.95,0.013,0.007
7127,2022,02/25,14.630462592663422,Guaíra,34.0,0.5,0.95,0.013,0.007
7128,2023,02/25,16.00594936682595,Guaíra,34.0,0.5,0.95,0.013,0.007
7129,2024,02/25,16.49283855703899,Guaíra,34.0,0.5,0.95,0.013,0.007
7130,2015,02/25,16.43241440200039,Marechal Cândido Rondon,34.0,0.5,0.95,0.013,0.007
7131,2016,02/25,14.069619551090902,Marechal Cândido Rondon,34.0,0.5,0.95,0.013,0.007
7132,2017,02/25,15.96951224010153,Marechal Cândido Rondon,34.0,0.5,0.95,0.013,0.007
7133,2018,02/25,15.81126365498745,Marechal Cândido Rondon,34.0,0.5,0.95,0.013,0.007
7134,2019,02/25,16.735353813531624,Marechal Cândido Rondon,34.0,0.5,0.95,0.013,0.007
7135,2020,02/25,15.947256424800546,Marechal Cândido Rondon,34.0,0.5,0.95,0.013,0.007
7136,2021,02/25,16.451614833640697,Marechal Cândido Rondon,34.0,0.5,0.95,0.013,0.007
7137,2022,02/25,14.671366233513755,Marechal Cândido Rondon,34.0,0.5,0.95,0.013,0.007
7138,2023,02/25,16.137317164790566,Marechal Cândido Rondon,34.0,0.5,0.95,0.013,0.007
7139,2024,02/25,16.35584260062642,Marechal Cândido Rondon,34.0,0.5,0.95,0.013,0.007
7140,2015,02/25,15.856161656950405,Matelândia,34.0,0.5,0.95,0.013,0.007
7141,2016,02/25,12.62382333482561,Matelândia,34.0,0.5,0.95,0.013,0.007
7142,2017,02/25,15.225812100944832,Matelândia,34.0,0.5,0.95,0.013,0.007
7143,2018,02/25,14.502618204865014,Matelândia,34.0,0.5,0.95,0.013,0.007
7144,2019,02/25,16.276593143306755,Matelândia,34.0,0.5,0.95,0.013,0.007
7145,2020,02/25,14.636640560274007,Matelândia,34.0,0.5,0.95,0.013,0.007
7146,2021,02/25,15.68791150548196,Matelândia,34.0,0.5,0.95,0.013,0.007
7147,2022,02/25,13.576914570384332,Matelândia,34.0,0.5,0.95,0.013,0.007
7148,2023,02/25,15.481302684624756,Matelândia,34.0,0.5,0.95,0.013,0.007
7149,2024,02/25,15.671262988796746,Matelândia,34.0,0.5,0.95,0.013,0.007
7150,2015,02/25,16.180378507769035,Medianeira,34.0,0.5,0.95,0.013,0.007
7151,2016,02/25,13.428848427311088,Medianeira,34.0,0.5,0.95,0.013,0.007
7152,2017,02/25,15.611976329654173,Medianeira,34.0,0.5,0.95,0.013,0.007
7153,2018,02/25,14.985788435918517,Medianeira,34.0,0.5,0.95,0.013,0.007
7154,2019,02/25,16.54396735950363,Medianeira,34.0,0.5,0.95,0.013,0.007
7155,2020,02/25,15.076628119651508,Medianeira,34.0,0.5,0.95,0.013,0.007
7156,2021,02/25,16.01875227546711,Medianeira,34.0,0.5,0.95,0.013,0.007
7157,2022,02/25,14.091491342727512,Medianeira,34.0,0.5,0.95,0.013,0.007
7158,2023,02/25,15.997891640957551,Medianeira,34.0,0.5,0.95,0.013,0.007
7159,2024,02/25,15.740935895143105,Medianeira,34.0,0.5,0.95,0.013,0.007
7160,2015,02/25,16.39538457815923,Santa Helena,34.0,0.5,0.95,0.013,0.007
7161,2016,02/25,14.08078588072967,Santa Helena,34.0,0.5,0.95,0.013,0.007
7162,2017,02/25,15.973540200235343,Santa Helena,34.0,0.5,0.95,0.013,0.007
7163,2018,02/25,15.624099597535558,Santa Helena,34.0,0.5,0.95,0.013,0.007
7164,2019,02/25,16.713946138453927,Santa Helena,34.0,0.5,0.95,0.013,0.007
7165,2020,02/25,15.726956315412735,Santa Helena,34.0,0.5,0.95,0.013,0.007
7166,2021,02/25,15.850034160792104,Santa Helena,34.0,0.5,0.95,0.013,0.007
7167,2022,02/25,14.687542634797786,Santa Helena,34.0,0.5,0.95,0.013,0.007
7168,2023,02/25,16.2064245132068,Santa Helena,34.0,0.5,0.95,0.013,0.007
7169,2024,02/25,16.064054662286622,Santa Helena,34.0,0.5,0.95,0.013,0.007
7170,2015,02/25,16.180910607537147,São Miguel do Iguaçu,34.0,0.5,0.95,0.013,0.007
7171,2016,02/25,13.428917588074206,São Miguel do Iguaçu,34.0,0.5,0.95,0.013,0.007
7172,2017,02/25,15.61210997180276,São Miguel do Iguaçu,34.0,0.5,0.95,0.013,0.007
7173,2018,02/25,14.98550863938213,São Miguel do Iguaçu,34.0,0.5,0.95,0.013,0.007
7174,2019,02/25,16.54410527876441,São Miguel do Iguaçu,34.0,0.5,0.95,0.013,0.007
7175,2020,02/25,15.0771920098104,São Miguel do Iguaçu,34.0,0.5,0.95,0.013,0.007
7176,2021,02/25,16.017282710325308,São Miguel do Iguaçu,34.0,0.5,0.95,0.013,0.007
7177,2022,02/25,14.092121271728784,São Miguel do Iguaçu,34.0,0.5,0.95,0.013,0.007
7178,2023,02/25,15.998357554471104,São Miguel do Iguaçu,34.0,0.5,0.95,0.013,0.007
7179,2024,02/25,15.741187073789298,São Miguel do Iguaçu,34.0,0.5,0.95,0.013,0.007
7180,2015,02/25,15.624929956561276,São Pedro do Iguaçu,34.0,0.5,0.95,0.013,0.007
7181,2016,02/25,12.28523207327789,São Pedro do Iguaçu,34.0,0.5,0.95,0.013,0.007
7182,2017,02/25,14.994717288194515,São Pedro do Iguaçu,34.0,0.5,0.95,0.013,0.007
7183,2018,02/25,14.507749616843595,São Pedro do Iguaçu,34.0,0.5,0.95,0.013,0.007
7184,2019,02/25,16.090061519087367,São Pedro do Iguaçu,34.0,0.5,0.95,0.013,0.007
7185,2020,02/25,14.616444893133218,São Pedro do Iguaçu,34.0,0.5,0.95,0.013,0.007
7186,2021,02/25,15.543418706041674,São Pedro do Iguaçu,34.0,0.5,0.95,0.013,0.007
7187,2022,02/25,13.229305933810917,São Pedro do Iguaçu,34.0,0.5,0.95,0.013,0.007
7188,2023,02/25,15.223808341225812,São Pedro do Iguaçu,34.0,0.5,0.95,0.013,0.007
7189,2024,02/25,15.611969596428409,São Pedro do Iguaçu,34.0,0.5,0.95,0.013,0.007
7190,2015,02/25,16.046698893241786,Toledo,34.0,0.5,0.95,0.013,0.007
7191,2016,02/25,13.038760476595378,Toledo,34.0,0.5,0.95,0.013,0.007
7192,2017,02/25,15.354823411217929,Toledo,34.0,0.5,0.95,0.013,0.007
7193,2018,02/25,15.202268208043224,Toledo,34.0,0.5,0.95,0.013,0.007
7194,2019,02/25,16.385163972884527,Toledo,34.0,0.5,0.95,0.013,0.007
7195,2020,02/25,15.592168899508485,Toledo,34.0,0.5,0.95,0.013,0.007
7196,2021,02/25,16.04005665271575,Toledo,34.0,0.5,0.95,0.013,0.007
7197,2022,02/25,13.830806231978046,Toledo,34.0,0.5,0.95,0.013,0.007
7198,2023,02/25,15.636118306617966,Toledo,34.0,0.5,0.95,0.013,0.007
7199,2024,02/25,16.177659014012292,Toledo,34.0,0.5,0.95,0.013,0.007
7200,2015,02/25,14.356047391443482,Cascavel,36.0,0.45,0.9,0.012,0.006
7201,2016,02/25,10.95108323998215,Cascavel,36.0,0.45,0.9,0.012,0.006
7202,2017,02/25,13.509128837638157,Cascavel,36.0,0.45,0.9,0.012,0.006
7203,2018,02/25,13.02604722147512,Cascavel,36.0,0.45,0.9,0.012,0.006
7204,2019,02/25,14.608669029254933,Cascavel,36.0,0.45,0.9,0.012,0.006
7205,2020,02/25,13.201453414964249,Cascavel,36.0,0.45,0.9,0.012,0.006
7206,2021,02/25,13.895552802256116,Cascavel,36.0,0.45,0.9,0.012,0.006
7207,2022,02/25,11.991678749720691,Cascavel,36.0,0.45,0.9,0.012,0.006
7208,2023,02/25,13.381126030158262,Cascavel,36.0,0.45,0.9,0.012,0.006
7209,2024,02/25,14.359874971950127,Cascavel,36.0,0.45,0.9,0.012,0.006
7210,2015,02/25,14.83175079751189,Foz do Iguaçu,36.0,0.45,0.9,0.012,0.006
7211,2016,02/25,12.295923337272724,Foz do Iguaçu,36.0,0.45,0.9,0.012,0.006
7212,2017,02/25,14.288246375453566,Foz do Iguaçu,36.0,0.45,0.9,0.012,0.006
7213,2018,02/25,13.6995986809304,Foz do Iguaçu,36.0,0.45,0.9,0.012,0.006
7214,2019,02/25,15.128170319081526,Foz do Iguaçu,36.0,0.45,0.9,0.012,0.006
7215,2020,02/25,13.784584603522259,Foz do Iguaçu,36.0,0.45,0.9,0.012,0.006
7216,2021,02/25,14.630800666844591,Foz do Iguaçu,36.0,0.45,0.9,0.012,0.006
7217,2022,02/25,12.855305941326641,Foz do Iguaçu,36.0,0.45,0.9,0.012,0.006
7218,2023,02/25,14.585331801663596,Foz do Iguaçu,36.0,0.45,0.9,0.012,0.006
7219,2024,02/25,14.35441861406984,Foz do Iguaçu,36.0,0.45,0.9,0.012,0.006
7220,2015,02/25,15.071645878101082,Guaíra,36.0,0.45,0.9,0.012,0.006
7221,2016,02/25,12.77072037822823,Guaíra,36.0,0.45,0.9,0.012,0.006
7222,2017,02/25,14.527893298509312,Guaíra,36.0,0.45,0.9,0.012,0.006
7223,2018,02/25,14.336699942761882,Guaíra,36.0,0.45,0.9,0.012,0.006
7224,2019,02/25,15.268640814644675,Guaíra,36.0,0.45,0.9,0.012,0.006
7225,2020,02/25,14.615798714839514,Guaíra,36.0,0.45,0.9,0.012,0.006
7226,2021,02/25,14.822280965841973,Guaíra,36.0,0.45,0.9,0.012,0.006
7227,2022,02/25,13.346055696640079,Guaíra,36.0,0.45,0.9,0.012,0.006
7228,2023,02/25,14.591530472350714,Guaíra,36.0,0.45,0.9,0.012,0.006
7229,2024,02/25,15.029886033826783,Guaíra,36.0,0.45,0.9,0.012,0.006
7230,2015,02/25,15.061157546176009,Marechal Cândido Rondon,36.0,0.45,0.9,0.012,0.006
7231,2016,02/25,12.882034152029792,Marechal Cândido Rondon,36.0,0.45,0.9,0.012,0.006
7232,2017,02/25,14.61497203057284,Marechal Cândido Rondon,36.0,0.45,0.9,0.012,0.006
7233,2018,02/25,14.451168120043295,Marechal Cândido Rondon,36.0,0.45,0.9,0.012,0.006
7234,2019,02/25,15.298421535792945,Marechal Cândido Rondon,36.0,0.45,0.9,0.012,0.006
7235,2020,02/25,14.574207065766817,Marechal Cândido Rondon,36.0,0.45,0.9,0.012,0.006
7236,2021,02/25,15.028822657134725,Marechal Cândido Rondon,36.0,0.45,0.9,0.012,0.006
7237,2022,02/25,13.38347104992682,Marechal Cândido Rondon,36.0,0.45,0.9,0.012,0.006
7238,2023,02/25,14.711092696306821,Marechal Cândido Rondon,36.0,0.45,0.9,0.012,0.006
7239,2024,02/25,14.906888990627492,Marechal Cândido Rondon,36.0,0.45,0.9,0.012,0.006
7240,2015,02/25,14.53530902030075,Matelândia,36.0,0.45,0.9,0.012,0.006
7241,2016,02/25,11.560124174623938,Matelândia,36.0,0.45,0.9,0.012,0.006
7242,2017,02/25,13.937579996401531,Matelândia,36.0,0.45,0.9,0.012,0.006
7243,2018,02/25,13.258443843109394,Matelândia,36.0,0.45,0.9,0.012,0.006
7244,2019,02/25,14.884399115093693,Matelândia,36.0,0.45,0.9,0.012,0.006
7245,2020,02/25,13.383626863022455,Matelândia,36.0,0.45,0.9,0.012,0.006
7246,2021,02/25,14.334254118173256,Matelândia,36.0,0.45,0.9,0.012,0.006
7247,2022,02/25,12.386309401751019,Matelândia,36.0,0.45,0.9,0.012,0.006
7248,2023,02/25,14.114146761948902,Matelândia,36.0,0.45,0.9,0.012,0.006
7249,2024,02/25,14.290372732518025,Matelândia,36.0,0.45,0.9,0.012,0.006
7250,2015,02/25,14.83115364439822,Medianeira,36.0,0.45,0.9,0.012,0.006
7251,2016,02/25,12.295856678421483,Medianeira,36.0,0.45,0.9,0.012,0.006
7252,2017,02/25,14.288107613190427,Medianeira,36.0,0.45,0.9,0.012,0.006
7253,2018,02/25,13.699898020752252,Medianeira,36.0,0.45,0.9,0.012,0.006
7254,2019,02/25,15.128020650053953,Medianeira,36.0,0.45,0.9,0.012,0.006
7255,2020,02/25,13.783877064289376,Medianeira,36.0,0.45,0.9,0.012,0.006
7256,2021,02/25,14.633280292200746,Medianeira,36.0,0.45,0.9,0.012,0.006
7257,2022,02/25,12.854704126396877,Medianeira,36.0,0.45,0.9,0.012,0.006
7258,2023,02/25,14.584827382822754,Medianeira,36.0,0.45,0.9,0.012,0.006
7259,2024,02/25,14.354146675981584,Medianeira,36.0,0.45,0.9,0.012,0.006
7260,2015,02/25,15.02763543099013,Santa Helena,36.0,0.45,0.9,0.012,0.006
7261,2016,02/25,12.892894696665229,Santa Helena,36.0,0.45,0.9,0.012,0.006
7262,2017,02/25,14.618533876337471,Santa Helena,36.0,0.45,0.9,0.012,0.006
7263,2018,02/25,14.281173646810736,Santa Helena,36.0,0.45,0.9,0.012,0.006
7264,2019,02/25,15.280748393722737,Santa Helena,36.0,0.45,0.9,0.012,0.006
7265,2020,02/25,14.374718668857387,Santa Helena,36.0,0.45,0.9,0.012,0.006
7266,2021,02/25,14.628086562389193,Santa Helena,36.0,0.45,0.9,0.012,0.006
7267,2022,02/25,13.39781646875366,Santa Helena,36.0,0.45,0.9,0.012,0.006
7268,2023,02/25,14.77483889319276,Santa Helena,36.0,0.45,0.9,0.012,0.006
7269,2024,02/25,14.645067604621511,Santa Helena,36.0,0.45,0.9,0.012,0.006
7270,2015,02/25,14.831630253542627,São Miguel do Iguaçu,36.0,0.45,0.9,0.012,0.006
7271,2016,02/25,12.295909849666078,São Miguel do Iguaçu,36.0,0.45,0.9,0.012,0.006
7272,2017,02/25,14.28822174252616,São Miguel do Iguaçu,36.0,0.45,0.9,0.012,0.006
7273,2018,02/25,13.699669502697205,São Miguel do Iguaçu,36.0,0.45,0.9,0.012,0.006
7274,2019,02/25,15.128141893775993,São Miguel do Iguaçu,36.0,0.45,0.9,0.012,0.006
7275,2020,02/25,13.784412260560714,São Miguel do Iguaçu,36.0,0.45,0.9,0.012,0.006
7276,2021,02/25,14.630622617953227,São Miguel do Iguaçu,36.0,0.45,0.9,0.012,0.006
7277,2022,02/25,12.855277517844069,São Miguel do Iguaçu,36.0,0.45,0.9,0.012,0.006
7278,2023,02/25,14.585240945953812,São Miguel do Iguaçu,36.0,0.45,0.9,0.012,0.006
7279,2024,02/25,14.354369998508169,São Miguel do Iguaçu,36.0,0.45,0.9,0.012,0.006
7280,2015,02/25,14.324599683684573,São Pedro do Iguaçu,36.0,0.45,0.9,0.012,0.006
7281,2016,02/25,11.25101562851486,São Pedro do Iguaçu,36.0,0.45,0.9,0.012,0.006
7282,2017,02/25,13.72866366579464,São Pedro do Iguaçu,36.0,0.45,0.9,0.012,0.006
7283,2018,02/25,13.262472865455834,São Pedro do Iguaçu,36.0,0.45,0.9,0.012,0.006
7284,2019,02/25,14.712881314637736,São Pedro do Iguaçu,36.0,0.45,0.9,0.012,0.006
7285,2020,02/25,13.365831353169426,São Pedro do Iguaçu,36.0,0.45,0.9,0.012,0.006
7286,2021,02/25,14.197709269429978,São Pedro do Iguaçu,36.0,0.45,0.9,0.012,0.006
7287,2022,02/25,12.07022223085324,São Pedro do Iguaçu,36.0,0.45,0.9,0.012,0.006
7288,2023,02/25,13.880045051650551,São Pedro do Iguaçu,36.0,0.45,0.9,0.012,0.006
7289,2024,02/25,14.234592806516423,São Pedro do Iguaçu,36.0,0.45,0.9,0.012,0.006
7290,2015,02/25,14.709484588898599,Toledo,36.0,0.45,0.9,0.012,0.006
7291,2016,02/25,11.939688406425903,Toledo,36.0,0.45,0.9,0.012,0.006
7292,2017,02/25,14.055474730502318,Toledo,36.0,0.45,0.9,0.012,0.006
7293,2018,02/25,13.896281195925583,Toledo,36.0,0.45,0.9,0.012,0.006
7294,2019,02/25,14.979806470598568,Toledo,36.0,0.45,0.9,0.012,0.006
7295,2020,02/25,14.253896322848165,Toledo,36.0,0.45,0.9,0.012,0.006
7296,2021,02/25,14.651653544064656,Toledo,36.0,0.45,0.9,0.012,0.006
7297,2022,02/25,12.618452024768374,Toledo,36.0,0.45,0.9,0.012,0.006
7298,2023,02/25,14.255338369854858,Toledo,36.0,0.45,0.9,0.012,0.006
7299,2024,02/25,14.745174971957546,Toledo,36.0,0.45,0.9,0.012,0.006
7300,2015,02/25,14.356047391443482,Cascavel,36.0,0.45,0.9,0.012,0.007
7301,2016,02/25,10.95108323998215,Cascavel,36.0,0.45,0.9,0.012,0.007
7302,2017,02/25,13.509128837638157,Cascavel,36.0,0.45,0.9,0.012,0.007
7303,2018,02/25,13.02604722147512,Cascavel,36.0,0.45,0.9,0.012,0.007
7304,2019,02/25,14.608669029254933,Cascavel,36.0,0.45,0.9,0.012,0.007
7305,2020,02/25,13.201453414964249,Cascavel,36.0,0.45,0.9,0.012,0.007
7306,2021,02/25,13.895552802256116,Cascavel,36.0,0.45,0.9,0.012,0.007
7307,2022,02/25,11.991678749720691,Cascavel,36.0,0.45,0.9,0.012,0.007
7308,2023,02/25,13.381126030158262,Cascavel,36.0,0.45,0.9,0.012,0.007
7309,2024,02/25,14.359874971950127,Cascavel,36.0,0.45,0.9,0.012,0.007
7310,2015,02/25,14.83175079751189,Foz do Iguaçu,36.0,0.45,0.9,0.012,0.007
7311,2016,02/25,12.295923337272724,Foz do Iguaçu,36.0,0.45,0.9,0.012,0.007
7312,2017,02/25,14.288246375453566,Foz do Iguaçu,36.0,0.45,0.9,0.012,0.007
7313,2018,02/25,13.6995986809304,Foz do Iguaçu,36.0,0.45,0.9,0.012,0.007
7314,2019,02/25,15.128170319081526,Foz do Iguaçu,36.0,0.45,0.9,0.012,0.007
7315,2020,02/25,13.784584603522259,Foz do Iguaçu,36.0,0.45,0.9,0.012,0.007
7316,2021,02/25,14.630800666844591,Foz do Iguaçu,36.0,0.45,0.9,0.012,0.007
7317,2022,02/25,12.855305941326641,Foz do Iguaçu,36.0,0.45,0.9,0.012,0.007
7318,2023,02/25,14.585331801663596,Foz do Iguaçu,36.0,0.45,0.9,0.012,0.007
7319,2024,02/25,14.35441861406984,Foz do Iguaçu,36.0,0.45,0.9,0.012,0.007
7320,2015,02/25,15.071645878101082,Guaíra,36.0,0.45,0.9,0.012,0.007
7321,2016,02/25,12.77072037822823,Guaíra,36.0,0.45,0.9,0.012,0.007
7322,2017,02/25,14.527893298509312,Guaíra,36.0,0.45,0.9,0.012,0.007
7323,2018,02/25,14.336699942761882,Guaíra,36.0,0.45,0.9,0.012,0.007
7324,2019,02/25,15.268640814644675,Guaíra,36.0,0.45,0.9,0.012,0.007
7325,2020,02/25,14.615798714839514,Guaíra,36.0,0.45,0.9,0.012,0.007
7326,2021,02/25,14.822280965841973,Guaíra,36.0,0.45,0.9,0.012,0.007
7327,2022,02/25,13.346055696640079,Guaíra,36.0,0.45,0.9,0.012,0.007
7328,2023,02/25,14.591530472350714,Guaíra,36.0,0.45,0.9,0.012,0.007
7329,2024,02/25,15.029886033826783,Guaíra,36.0,0.45,0.9,0.012,0.007
7330,2015,02/25,15.061157546176009,Marechal Cândido Rondon,36.0,0.45,0.9,0.012,0.007
7331,2016,02/25,12.882034152029792,Marechal Cândido Rondon,36.0,0.45,0.9,0.012,0.007
7332,2017,02/25,14.61497203057284,Marechal Cândido Rondon,36.0,0.45,0.9,0.012,0.007
7333,2018,02/25,14.451168120043295,Marechal Cândido Rondon,36.0,0.45,0.9,0.012,0.007
7334,2019,02/25,15.298421535792945,Marechal Cândido Rondon,36.0,0.45,0.9,0.012,0.007
7335,2020,02/25,14.574207065766817,Marechal Cândido Rondon,36.0,0.45,0.9,0.012,0.007
7336,2021,02/25,15.028822657134725,Marechal Cândido Rondon,36.0,0.45,0.9,0.012,0.007
7337,2022,02/25,13.38347104992682,Marechal Cândido Rondon,36.0,0.45,0.9,0.012,0.007
7338,2023,02/25,14.711092696306821,Marechal Cândido Rondon,36.0,0.45,0.9,0.012,0.007
7339,2024,02/25,14.906888990627492,Marechal Cândido Rondon,36.0,0.45,0.9,0.012,0.007
7340,2015,02/25,14.53530902030075,Matelândia,36.0,0.45,0.9,0.012,0.007
7341,2016,02/25,11.560124174623938,Matelândia,36.0,0.45,0.9,0.012,0.007
7342,2017,02/25,13.937579996401531,Matelândia,36.0,0.45,0.9,0.012,0.007
7343,2018,02/25,13.258443843109394,Matelândia,36.0,0.45,0.9,0.012,0.007
7344,2019,02/25,14.884399115093693,Matelândia,36.0,0.45,0.9,0.012,0.007
7345,2020,02/25,13.383626863022455,Matelândia,36.0,0.45,0.9,0.012,0.007
7346,2021,02/25,14.334254118173256,Matelândia,36.0,0.45,0.9,0.012,0.007
7347,2022,02/25,12.386309401751019,Matelândia,36.0,0.45,0.9,0.012,0.007
7348,2023,02/25,14.114146761948902,Matelândia,36.0,0.45,0.9,0.012,0.007
7349,2024,02/25,14.290372732518025,Matelândia,36.0,0.45,0.9,0.012,0.007
7350,2015,02/25,14.83115364439822,Medianeira,36.0,0.45,0.9,0.012,0.007
7351,2016,02/25,12.295856678421483,Medianeira,36.0,0.45,0.9,0.012,0.007
7352,2017,02/25,14.288107613190427,Medianeira,36.0,0.45,0.9,0.012,0.007
7353,2018,02/25,13.699898020752252,Medianeira,36.0,0.45,0.9,0.012,0.007
7354,2019,02/25,15.128020650053953,Medianeira,36.0,0.45,0.9,0.012,0.007
7355,2020,02/25,13.783877064289376,Medianeira,36.0,0.45,0.9,0.012,0.007
7356,2021,02/25,14.633280292200746,Medianeira,36.0,0.45,0.9,0.012,0.007
7357,2022,02/25,12.854704126396877,Medianeira,36.0,0.45,0.9,0.012,0.007
7358,2023,02/25,14.584827382822754,Medianeira,36.0,0.45,0.9,0.012,0.007
7359,2024,02/25,14.354146675981584,Medianeira,36.0,0.45,0.9,0.012,0.007
7360,2015,02/25,15.02763543099013,Santa Helena,36.0,0.45,0.9,0.012,0.007
7361,2016,02/25,12.892894696665229,Santa Helena,36.0,0.45,0.9,0.012,0.007
7362,2017,02/25,14.618533876337471,Santa Helena,36.0,0.45,0.9,0.012,0.007
7363,2018,02/25,14.281173646810736,Santa Helena,36.0,0.45,0.9,0.012,0.007
7364,2019,02/25,15.280748393722737,Santa Helena,36.0,0.45,0.9,0.012,0.007
7365,2020,02/25,14.374718668857387,Santa Helena,36.0,0.45,0.9,0.012,0.007
7366,2021,02/25,14.628086562389193,Santa Helena,36.0,0.45,0.9,0.012,0.007
7367,2022,02/25,13.39781646875366,Santa Helena,36.0,0.45,0.9,0.012,0.007
7368,2023,02/25,14.77483889319276,Santa Helena,36.0,0.45,0.9,0.012,0.007
7369,2024,02/25,14.645067604621511,Santa Helena,36.0,0.45,0.9,0.012,0.007
7370,2015,02/25,14.831630253542627,São Miguel do Iguaçu,36.0,0.45,0.9,0.012,0.007
7371,2016,02/25,12.295909849666078,São Miguel do Iguaçu,36.0,0.45,0.9,0.012,0.007
7372,2017,02/25,14.28822174252616,São Miguel do Iguaçu,36.0,0.45,0.9,0.012,0.007
7373,2018,02/25,13.699669502697205,São Miguel do Iguaçu,36.0,0.45,0.9,0.012,0.007
7374,2019,02/25,15.128141893775993,São Miguel do Iguaçu,36.0,0.45,0.9,0.012,0.007
7375,2020,02/25,13.784412260560714,São Miguel do Iguaçu,36.0,0.45,0.9,0.012,0.007
7376,2021,02/25,14.630622617953227,São Miguel do Iguaçu,36.0,0.45,0.9,0.012,0.007
7377,2022,02/25,12.855277517844069,São Miguel do Iguaçu,36.0,0.45,0.9,0.012,0.007
7378,2023,02/25,14.585240945953812,São Miguel do Iguaçu,36.0,0.45,0.9,0.012,0.007
7379,2024,02/25,14.354369998508169,São Miguel do Iguaçu,36.0,0.45,0.9,0.012,0.007
7380,2015,02/25,14.324599683684573,São Pedro do Iguaçu,36.0,0.45,0.9,0.012,0.007
7381,2016,02/25,11.25101562851486,São Pedro do Iguaçu,36.0,0.45,0.9,0.012,0.007
7382,2017,02/25,13.72866366579464,São Pedro do Iguaçu,36.0,0.45,0.9,0.012,0.007
7383,2018,02/25,13.262472865455834,São Pedro do Iguaçu,36.0,0.45,0.9,0.012,0.007
7384,2019,02/25,14.712881314637736,São Pedro do Iguaçu,36.0,0.45,0.9,0.012,0.007
7385,2020,02/25,13.365831353169426,São Pedro do Iguaçu,36.0,0.45,0.9,0.012,0.007
7386,2021,02/25,14.197709269429978,São Pedro do Iguaçu,36.0,0.45,0.9,0.012,0.007
7387,2022,02/25,12.07022223085324,São Pedro do Iguaçu,36.0,0.45,0.9,0.012,0.007
7388,2023,02/25,13.880045051650551,São Pedro do Iguaçu,36.0,0.45,0.9,0.012,0.007
7389,2024,02/25,14.234592806516423,São Pedro do Iguaçu,36.0,0.45,0.9,0.012,0.007
7390,2015,02/25,14.709484588898599,Toledo,36.0,0.45,0.9,0.012,0.007
7391,2016,02/25,11.939688406425903,Toledo,36.0,0.45,0.9,0.012,0.007
7392,2017,02/25,14.055474730502318,Toledo,36.0,0.45,0.9,0.012,0.007
7393,2018,02/25,13.896281195925583,Toledo,36.0,0.45,0.9,0.012,0.007
7394,2019,02/25,14.979806470598568,Toledo,36.0,0.45,0.9,0.012,0.007
7395,2020,02/25,14.253896322848165,Toledo,36.0,0.45,0.9,0.012,0.007
7396,2021,02/25,14.651653544064656,Toledo,36.0,0.45,0.9,0.012,0.007
7397,2022,02/25,12.618452024768374,Toledo,36.0,0.45,0.9,0.012,0.007
7398,2023,02/25,14.255338369854858,Toledo,36.0,0.45,0.9,0.012,0.007
7399,2024,02/25,14.745174971957546,Toledo,36.0,0.45,0.9,0.012,0.007
7400,2015,02/25,14.356047391443482,Cascavel,36.0,0.45,0.9,0.013,0.006
7401,2016,02/25,10.95108323998215,Cascavel,36.0,0.45,0.9,0.013,0.006
7402,2017,02/25,13.509128837638157,Cascavel,36.0,0.45,0.9,0.013,0.006
7403,2018,02/25,13.02604722147512,Cascavel,36.0,0.45,0.9,0.013,0.006
7404,2019,02/25,14.608669029254933,Cascavel,36.0,0.45,0.9,0.013,0.006
7405,2020,02/25,13.201453414964249,Cascavel,36.0,0.45,0.9,0.013,0.006
7406,2021,02/25,13.895552802256116,Cascavel,36.0,0.45,0.9,0.013,0.006
7407,2022,02/25,11.991678749720691,Cascavel,36.0,0.45,0.9,0.013,0.006
7408,2023,02/25,13.381126030158262,Cascavel,36.0,0.45,0.9,0.013,0.006
7409,2024,02/25,14.359874971950127,Cascavel,36.0,0.45,0.9,0.013,0.006
7410,2015,02/25,14.83175079751189,Foz do Iguaçu,36.0,0.45,0.9,0.013,0.006
7411,2016,02/25,12.295923337272724,Foz do Iguaçu,36.0,0.45,0.9,0.013,0.006
7412,2017,02/25,14.288246375453566,Foz do Iguaçu,36.0,0.45,0.9,0.013,0.006
7413,2018,02/25,13.6995986809304,Foz do Iguaçu,36.0,0.45,0.9,0.013,0.006
7414,2019,02/25,15.128170319081526,Foz do Iguaçu,36.0,0.45,0.9,0.013,0.006
7415,2020,02/25,13.784584603522259,Foz do Iguaçu,36.0,0.45,0.9,0.013,0.006
7416,2021,02/25,14.630800666844591,Foz do Iguaçu,36.0,0.45,0.9,0.013,0.006
7417,2022,02/25,12.855305941326641,Foz do Iguaçu,36.0,0.45,0.9,0.013,0.006
7418,2023,02/25,14.585331801663596,Foz do Iguaçu,36.0,0.45,0.9,0.013,0.006
7419,2024,02/25,14.35441861406984,Foz do Iguaçu,36.0,0.45,0.9,0.013,0.006
7420,2015,02/25,15.071645878101082,Guaíra,36.0,0.45,0.9,0.013,0.006
7421,2016,02/25,12.77072037822823,Guaíra,36.0,0.45,0.9,0.013,0.006
7422,2017,02/25,14.527893298509312,Guaíra,36.0,0.45,0.9,0.013,0.006
7423,2018,02/25,14.336699942761882,Guaíra,36.0,0.45,0.9,0.013,0.006
7424,2019,02/25,15.268640814644675,Guaíra,36.0,0.45,0.9,0.013,0.006
7425,2020,02/25,14.615798714839514,Guaíra,36.0,0.45,0.9,0.013,0.006
7426,2021,02/25,14.822280965841973,Guaíra,36.0,0.45,0.9,0.013,0.006
7427,2022,02/25,13.346055696640079,Guaíra,36.0,0.45,0.9,0.013,0.006
7428,2023,02/25,14.591530472350714,Guaíra,36.0,0.45,0.9,0.013,0.006
7429,2024,02/25,15.029886033826783,Guaíra,36.0,0.45,0.9,0.013,0.006
7430,2015,02/25,15.061157546176009,Marechal Cândido Rondon,36.0,0.45,0.9,0.013,0.006
7431,2016,02/25,12.882034152029792,Marechal Cândido Rondon,36.0,0.45,0.9,0.013,0.006
7432,2017,02/25,14.61497203057284,Marechal Cândido Rondon,36.0,0.45,0.9,0.013,0.006
7433,2018,02/25,14.451168120043295,Marechal Cândido Rondon,36.0,0.45,0.9,0.013,0.006
7434,2019,02/25,15.298421535792945,Marechal Cândido Rondon,36.0,0.45,0.9,0.013,0.006
7435,2020,02/25,14.574207065766817,Marechal Cândido Rondon,36.0,0.45,0.9,0.013,0.006
7436,2021,02/25,15.028822657134725,Marechal Cândido Rondon,36.0,0.45,0.9,0.013,0.006
7437,2022,02/25,13.38347104992682,Marechal Cândido Rondon,36.0,0.45,0.9,0.013,0.006
7438,2023,02/25,14.711092696306821,Marechal Cândido Rondon,36.0,0.45,0.9,0.013,0.006
7439,2024,02/25,14.906888990627492,Marechal Cândido Rondon,36.0,0.45,0.9,0.013,0.006
7440,2015,02/25,14.53530902030075,Matelândia,36.0,0.45,0.9,0.013,0.006
7441,2016,02/25,11.560124174623938,Matelândia,36.0,0.45,0.9,0.013,0.006
7442,2017,02/25,13.937579996401531,Matelândia,36.0,0.45,0.9,0.013,0.006
7443,2018,02/25,13.258443843109394,Matelândia,36.0,0.45,0.9,0.013,0.006
7444,2019,02/25,14.884399115093693,Matelândia,36.0,0.45,0.9,0.013,0.006
7445,2020,02/25,13.383626863022455,Matelândia,36.0,0.45,0.9,0.013,0.006
7446,2021,02/25,14.334254118173256,Matelândia,36.0,0.45,0.9,0.013,0.006
7447,2022,02/25,12.386309401751019,Matelândia,36.0,0.45,0.9,0.013,0.006
7448,2023,02/25,14.114146761948902,Matelândia,36.0,0.45,0.9,0.013,0.006
7449,2024,02/25,14.290372732518025,Matelândia,36.0,0.45,0.9,0.013,0.006
7450,2015,02/25,14.83115364439822,Medianeira,36.0,0.45,0.9,0.013,0.006
7451,2016,02/25,12.295856678421483,Medianeira,36.0,0.45,0.9,0.013,0.006
7452,2017,02/25,14.288107613190427,Medianeira,36.0,0.45,0.9,0.013,0.006
7453,2018,02/25,13.699898020752252,Medianeira,36.0,0.45,0.9,0.013,0.006
7454,2019,02/25,15.128020650053953,Medianeira,36.0,0.45,0.9,0.013,0.006
7455,2020,02/25,13.783877064289376,Medianeira,36.0,0.45,0.9,0.013,0.006
7456,2021,02/25,14.633280292200746,Medianeira,36.0,0.45,0.9,0.013,0.006
7457,2022,02/25,12.854704126396877,Medianeira,36.0,0.45,0.9,0.013,0.006
7458,2023,02/25,14.584827382822754,Medianeira,36.0,0.45,0.9,0.013,0.006
7459,2024,02/25,14.354146675981584,Medianeira,36.0,0.45,0.9,0.013,0.006
7460,2015,02/25,15.02763543099013,Santa Helena,36.0,0.45,0.9,0.013,0.006
7461,2016,02/25,12.892894696665229,Santa Helena,36.0,0.45,0.9,0.013,0.006
7462,2017,02/25,14.618533876337471,Santa Helena,36.0,0.45,0.9,0.013,0.006
7463,2018,02/25,14.281173646810736,Santa Helena,36.0,0.45,0.9,0.013,0.006
7464,2019,02/25,15.280748393722737,Santa Helena,36.0,0.45,0.9,0.013,0.006
7465,2020,02/25,14.374718668857387,Santa Helena,36.0,0.45,0.9,0.013,0.006
7466,2021,02/25,14.628086562389193,Santa Helena,36.0,0.45,0.9,0.013,0.006
7467,2022,02/25,13.39781646875366,Santa Helena,36.0,0.45,0.9,0.013,0.006
7468,2023,02/25,14.77483889319276,Santa Helena,36.0,0.45,0.9,0.013,0.006
7469,2024,02/25,14.645067604621511,Santa Helena,36.0,0.45,0.9,0.013,0.006
7470,2015,02/25,14.831630253542627,São Miguel do Iguaçu,36.0,0.45,0.9,0.013,0.006
7471,2016,02/25,12.295909849666078,São Miguel do Iguaçu,36.0,0.45,0.9,0.013,0.006
7472,2017,02/25,14.28822174252616,São Miguel do Iguaçu,36.0,0.45,0.9,0.013,0.006
7473,2018,02/25,13.699669502697205,São Miguel do Iguaçu,36.0,0.45,0.9,0.013,0.006
7474,2019,02/25,15.128141893775993,São Miguel do Iguaçu,36.0,0.45,0.9,0.013,0.006
7475,2020,02/25,13.784412260560714,São Miguel do Iguaçu,36.0,0.45,0.9,0.013,0.006
7476,2021,02/25,14.630622617953227,São Miguel do Iguaçu,36.0,0.45,0.9,0.013,0.006
7477,2022,02/25,12.855277517844069,São Miguel do Iguaçu,36.0,0.45,0.9,0.013,0.006
7478,2023,02/25,14.585240945953812,São Miguel do Iguaçu,36.0,0.45,0.9,0.013,0.006
7479,2024,02/25,14.354369998508169,São Miguel do Iguaçu,36.0,0.45,0.9,0.013,0.006
7480,2015,02/25,14.324599683684573,São Pedro do Iguaçu,36.0,0.45,0.9,0.013,0.006
7481,2016,02/25,11.25101562851486,São Pedro do Iguaçu,36.0,0.45,0.9,0.013,0.006
7482,2017,02/25,13.72866366579464,São Pedro do Iguaçu,36.0,0.45,0.9,0.013,0.006
7483,2018,02/25,13.262472865455834,São Pedro do Iguaçu,36.0,0.45,0.9,0.013,0.006
7484,2019,02/25,14.712881314637736,São Pedro do Iguaçu,36.0,0.45,0.9,0.013,0.006
7485,2020,02/25,13.365831353169426,São Pedro do Iguaçu,36.0,0.45,0.9,0.013,0.006
7486,2021,02/25,14.197709269429978,São Pedro do Iguaçu,36.0,0.45,0.9,0.013,0.006
7487,2022,02/25,12.07022223085324,São Pedro do Iguaçu,36.0,0.45,0.9,0.013,0.006
7488,2023,02/25,13.880045051650551,São Pedro do Iguaçu,36.0,0.45,0.9,0.013,0.006
7489,2024,02/25,14.234592806516423,São Pedro do Iguaçu,36.0,0.45,0.9,0.013,0.006
7490,2015,02/25,14.709484588898599,Toledo,36.0,0.45,0.9,0.013,0.006
7491,2016,02/25,11.939688406425903,Toledo,36.0,0.45,0.9,0.013,0.006
7492,2017,02/25,14.055474730502318,Toledo,36.0,0.45,0.9,0.013,0.006
7493,2018,02/25,13.896281195925583,Toledo,36.0,0.45,0.9,0.013,0.006
7494,2019,02/25,14.979806470598568,Toledo,36.0,0.45,0.9,0.013,0.006
7495,2020,02/25,14.253896322848165,Toledo,36.0,0.45,0.9,0.013,0.006
7496,2021,02/25,14.651653544064656,Toledo,36.0,0.45,0.9,0.013,0.006
7497,2022,02/25,12.618452024768374,Toledo,36.0,0.45,0.9,0.013,0.006
7498,2023,02/25,14.255338369854858,Toledo,36.0,0.45,0.9,0.013,0.006
7499,2024,02/25,14.745174971957546,Toledo,36.0,0.45,0.9,0.013,0.006
7500,2015,02/25,14.356047391443482,Cascavel,36.0,0.45,0.9,0.013,0.007
7501,2016,02/25,10.95108323998215,Cascavel,36.0,0.45,0.9,0.013,0.007
7502,2017,02/25,13.509128837638157,Cascavel,36.0,0.45,0.9,0.013,0.007
7503,2018,02/25,13.02604722147512,Cascavel,36.0,0.45,0.9,0.013,0.007
7504,2019,02/25,14.608669029254933,Cascavel,36.0,0.45,0.9,0.013,0.007
7505,2020,02/25,13.201453414964249,Cascavel,36.0,0.45,0.9,0.013,0.007
7506,2021,02/25,13.895552802256116,Cascavel,36.0,0.45,0.9,0.013,0.007
7507,2022,02/25,11.991678749720691,Cascavel,36.0,0.45,0.9,0.013,0.007
7508,2023,02/25,13.381126030158262,Cascavel,36.0,0.45,0.9,0.013,0.007
7509,2024,02/25,14.359874971950127,Cascavel,36.0,0.45,0.9,0.013,0.007
7510,2015,02/25,14.83175079751189,Foz do Iguaçu,36.0,0.45,0.9,0.013,0.007
7511,2016,02/25,12.295923337272724,Foz do Iguaçu,36.0,0.45,0.9,0.013,0.007
7512,2017,02/25,14.288246375453566,Foz do Iguaçu,36.0,0.45,0.9,0.013,0.007
7513,2018,02/25,13.6995986809304,Foz do Iguaçu,36.0,0.45,0.9,0.013,0.007
7514,2019,02/25,15.128170319081526,Foz do Iguaçu,36.0,0.45,0.9,0.013,0.007
7515,2020,02/25,13.784584603522259,Foz do Iguaçu,36.0,0.45,0.9,0.013,0.007
7516,2021,02/25,14.630800666844591,Foz do Iguaçu,36.0,0.45,0.9,0.013,0.007
7517,2022,02/25,12.855305941326641,Foz do Iguaçu,36.0,0.45,0.9,0.013,0.007
7518,2023,02/25,14.585331801663596,Foz do Iguaçu,36.0,0.45,0.9,0.013,0.007
7519,2024,02/25,14.35441861406984,Foz do Iguaçu,36.0,0.45,0.9,0.013,0.007
7520,2015,02/25,15.071645878101082,Guaíra,36.0,0.45,0.9,0.013,0.007
7521,2016,02/25,12.77072037822823,Guaíra,36.0,0.45,0.9,0.013,0.007
7522,2017,02/25,14.527893298509312,Guaíra,36.0,0.45,0.9,0.013,0.007
7523,2018,02/25,14.336699942761882,Guaíra,36.0,0.45,0.9,0.013,0.007
7524,2019,02/25,15.268640814644675,Guaíra,36.0,0.45,0.9,0.013,0.007
7525,2020,02/25,14.615798714839514,Guaíra,36.0,0.45,0.9,0.013,0.007
7526,2021,02/25,14.822280965841973,Guaíra,36.0,0.45,0.9,0.013,0.007
7527,2022,02/25,13.346055696640079,Guaíra,36.0,0.45,0.9,0.013,0.007
7528,2023,02/25,14.591530472350714,Guaíra,36.0,0.45,0.9,0.013,0.007
7529,2024,02/25,15.029886033826783,Guaíra,36.0,0.45,0.9,0.013,0.007
7530,2015,02/25,15.061157546176009,Marechal Cândido Rondon,36.0,0.45,0.9,0.013,0.007
7531,2016,02/25,12.882034152029792,Marechal Cândido Rondon,36.0,0.45,0.9,0.013,0.007
7532,2017,02/25,14.61497203057284,Marechal Cândido Rondon,36.0,0.45,0.9,0.013,0.007
7533,2018,02/25,14.451168120043295,Marechal Cândido Rondon,36.0,0.45,0.9,0.013,0.007
7534,2019,02/25,15.298421535792945,Marechal Cândido Rondon,36.0,0.45,0.9,0.013,0.007
7535,2020,02/25,14.574207065766817,Marechal Cândido Rondon,36.0,0.45,0.9,0.013,0.007
7536,2021,02/25,15.028822657134725,Marechal Cândido Rondon,36.0,0.45,0.9,0.013,0.007
7537,2022,02/25,13.38347104992682,Marechal Cândido Rondon,36.0,0.45,0.9,0.013,0.007
7538,2023,02/25,14.711092696306821,Marechal Cândido Rondon,36.0,0.45,0.9,0.013,0.007
7539,2024,02/25,14.906888990627492,Marechal Cândido Rondon,36.0,0.45,0.9,0.013,0.007
7540,2015,02/25,14.53530902030075,Matelândia,36.0,0.45,0.9,0.013,0.007
7541,2016,02/25,11.560124174623938,Matelândia,36.0,0.45,0.9,0.013,0.007
7542,2017,02/25,13.937579996401531,Matelândia,36.0,0.45,0.9,0.013,0.007
7543,2018,02/25,13.258443843109394,Matelândia,36.0,0.45,0.9,0.013,0.007
7544,2019,02/25,14.884399115093693,Matelândia,36.0,0.45,0.9,0.013,0.007
7545,2020,02/25,13.383626863022455,Matelândia,36.0,0.45,0.9,0.013,0.007
7546,2021,02/25,14.334254118173256,Matelândia,36.0,0.45,0.9,0.013,0.007
7547,2022,02/25,12.386309401751019,Matelândia,36.0,0.45,0.9,0.013,0.007
7548,2023,02/25,14.114146761948902,Matelândia,36.0,0.45,0.9,0.013,0.007
7549,2024,02/25,14.290372732518025,Matelândia,36.0,0.45,0.9,0.013,0.007
7550,2015,02/25,14.83115364439822,Medianeira,36.0,0.45,0.9,0.013,0.007
7551,2016,02/25,12.295856678421483,Medianeira,36.0,0.45,0.9,0.013,0.007
7552,2017,02/25,14.288107613190427,Medianeira,36.0,0.45,0.9,0.013,0.007
7553,2018,02/25,13.699898020752252,Medianeira,36.0,0.45,0.9,0.013,0.007
7554,2019,02/25,15.128020650053953,Medianeira,36.0,0.45,0.9,0.013,0.007
7555,2020,02/25,13.783877064289376,Medianeira,36.0,0.45,0.9,0.013,0.007
7556,2021,02/25,14.633280292200746,Medianeira,36.0,0.45,0.9,0.013,0.007
7557,2022,02/25,12.854704126396877,Medianeira,36.0,0.45,0.9,0.013,0.007
7558,2023,02/25,14.584827382822754,Medianeira,36.0,0.45,0.9,0.013,0.007
7559,2024,02/25,14.354146675981584,Medianeira,36.0,0.45,0.9,0.013,0.007
7560,2015,02/25,15.02763543099013,Santa Helena,36.0,0.45,0.9,0.013,0.007
7561,2016,02/25,12.892894696665229,Santa Helena,36.0,0.45,0.9,0.013,0.007
7562,2017,02/25,14.618533876337471,Santa Helena,36.0,0.45,0.9,0.013,0.007
7563,2018,02/25,14.281173646810736,Santa Helena,36.0,0.45,0.9,0.013,0.007
7564,2019,02/25,15.280748393722737,Santa Helena,36.0,0.45,0.9,0.013,0.007
7565,2020,02/25,14.374718668857387,Santa Helena,36.0,0.45,0.9,0.013,0.007
7566,2021,02/25,14.628086562389193,Santa Helena,36.0,0.45,0.9,0.013,0.007
7567,2022,02/25,13.39781646875366,Santa Helena,36.0,0.45,0.9,0.013,0.007
7568,2023,02/25,14.77483889319276,Santa Helena,36.0,0.45,0.9,0.013,0.007
7569,2024,02/25,14.645067604621511,Santa Helena,36.0,0.45,0.9,0.013,0.007
7570,2015,02/25,14.831630253542627,São Miguel do Iguaçu,36.0,0.45,0.9,0.013,0.007
7571,2016,02/25,12.295909849666078,São Miguel do Iguaçu,36.0,0.45,0.9,0.013,0.007
7572,2017,02/25,14.28822174252616,São Miguel do Iguaçu,36.0,0.45,0.9,0.013,0.007
7573,2018,02/25,13.699669502697205,São Miguel do Iguaçu,36.0,0.45,0.9,0.013,0.007
7574,2019,02/25,15.128141893775993,São Miguel do Iguaçu,36.0,0.45,0.9,0.013,0.007
7575,2020,02/25,13.784412260560714,São Miguel do Iguaçu,36.0,0.45,0.9,0.013,0.007
7576,2021,02/25,14.630622617953227,São Miguel do Iguaçu,36.0,0.45,0.9,0.013,0.007
7577,2022,02/25,12.855277517844069,São Miguel do Iguaçu,36.0,0.45,0.9,0.013,0.007
7578,2023,02/25,14.585240945953812,São Miguel do Iguaçu,36.0,0.45,0.9,0.013,0.007
7579,2024,02/25,14.354369998508169,São Miguel do Iguaçu,36.0,0.45,0.9,0.013,0.007
7580,2015,02/25,14.324599683684573,São Pedro do Iguaçu,36.0,0.45,0.9,0.013,0.007
7581,2016,02/25,11.25101562851486,São Pedro do Iguaçu,36.0,0.45,0.9,0.013,0.007
7582,2017,02/25,13.72866366579464,São Pedro do Iguaçu,36.0,0.45,0.9,0.013,0.007
7583,2018,02/25,13.262472865455834,São Pedro do Iguaçu,36.0,0.45,0.9,0.013,0.007
7584,2019,02/25,14.712881314637736,São Pedro do Iguaçu,36.0,0.45,0.9,0.013,0.007
7585,2020,02/25,13.365831353169426,São Pedro do Iguaçu,36.0,0.45,0.9,0.013,0.007
7586,2021,02/25,14.197709269429978,São Pedro do Iguaçu,36.0,0.45,0.9,0.013,0.007
7587,2022,02/25,12.07022223085324,São Pedro do Iguaçu,36.0,0.45,0.9,0.013,0.007
7588,2023,02/25,13.880045051650551,São Pedro do Iguaçu,36.0,0.45,0.9,0.013,0.007
7589,2024,02/25,14.234592806516423,São Pedro do Iguaçu,36.0,0.45,0.9,0.013,0.007
7590,2015,02/25,14.709484588898599,Toledo,36.0,0.45,0.9,0.013,0.007
7591,2016,02/25,11.939688406425903,Toledo,36.0,0.45,0.9,0.013,0.007
7592,2017,02/25,14.055474730502318,Toledo,36.0,0.45,0.9,0.013,0.007
7593,2018,02/25,13.896281195925583,Toledo,36.0,0.45,0.9,0.013,0.007
7594,2019,02/25,14.979806470598568,Toledo,36.0,0.45,0.9,0.013,0.007
7595,2020,02/25,14.253896322848165,Toledo,36.0,0.45,0.9,0.013,0.007
7596,2021,02/25,14.651653544064656,Toledo,36.0,0.45,0.9,0.013,0.007
7597,2022,02/25,12.618452024768374,Toledo,36.0,0.45,0.9,0.013,0.007
7598,2023,02/25,14.255338369854858,Toledo,36.0,0.45,0.9,0.013,0.007
7599,2024,02/25,14.745174971957546,Toledo,36.0,0.45,0.9,0.013,0.007
7600,2015,02/25,14.801349367801034,Cascavel,36.0,0.45,0.95,0.012,0.006
7601,2016,02/25,11.294520802904316,Cascavel,36.0,0.45,0.95,0.012,0.006
7602,2017,02/25,13.927277882436552,Cascavel,36.0,0.45,0.95,0.012,0.006
7603,2018,02/25,13.44164354296301,Cascavel,36.0,0.45,0.95,0.012,0.006
7604,2019,02/25,15.063351776349327,Cascavel,36.0,0.45,0.95,0.012,0.006
7605,2020,02/25,13.601571731261679,Cascavel,36.0,0.45,0.95,0.012,0.006
7606,2021,02/25,14.318117314346498,Cascavel,36.0,0.45,0.95,0.012,0.006
7607,2022,02/25,12.36741938477228,Cascavel,36.0,0.45,0.95,0.012,0.006
7608,2023,02/25,13.802240089161504,Cascavel,36.0,0.45,0.95,0.012,0.006
7609,2024,02/25,14.804582231814186,Cascavel,36.0,0.45,0.95,0.012,0.006
7610,2015,02/25,15.295533463089678,Foz do Iguaçu,36.0,0.45,0.95,0.012,0.006
7611,2016,02/25,12.685565123924972,Foz do Iguaçu,36.0,0.45,0.95,0.012,0.006
7612,2017,02/25,14.738202320209716,Foz do Iguaçu,36.0,0.45,0.95,0.012,0.006
7613,2018,02/25,14.137400723710975,Foz do Iguaçu,36.0,0.45,0.95,0.012,0.006
7614,2019,02/25,15.597898206358673,Foz do Iguaçu,36.0,0.45,0.95,0.012,0.006
7615,2020,02/25,14.206059439274586,Foz do Iguaçu,36.0,0.45,0.95,0.012,0.006
7616,2021,02/25,15.082278811923507,Foz do Iguaçu,36.0,0.45,0.95,0.012,0.006
7617,2022,02/25,13.261889479697881,Foz do Iguaçu,36.0,0.45,0.95,0.012,0.006
7618,2023,02/25,15.047066234382957,Foz do Iguaçu,36.0,0.45,0.95,0.012,0.006
7619,2024,02/25,14.796593767498514,Foz do Iguaçu,36.0,0.45,0.95,0.012,0.006
7620,2015,02/25,15.544036338081602,Guaíra,36.0,0.45,0.95,0.012,0.006
7621,2016,02/25,13.175619418791488,Guaíra,36.0,0.45,0.95,0.012,0.006
7622,2017,02/25,14.98565107888165,Guaíra,36.0,0.45,0.95,0.012,0.006
7623,2018,02/25,14.796578117846588,Guaíra,36.0,0.45,0.95,0.012,0.006
7624,2019,02/25,15.747868894054957,Guaíra,36.0,0.45,0.95,0.012,0.006
7625,2020,02/25,15.068403974986367,Guaíra,36.0,0.45,0.95,0.012,0.006
7626,2021,02/25,15.279805694137973,Guaíra,36.0,0.45,0.95,0.012,0.006
7627,2022,02/25,13.768484119800872,Guaíra,36.0,0.45,0.95,0.012,0.006
7628,2023,02/25,15.054112164455605,Guaíra,36.0,0.45,0.95,0.012,0.006
7629,2024,02/25,15.503092948943122,Guaíra,36.0,0.45,0.95,0.012,0.006
7630,2015,02/25,15.533148420378811,Marechal Cândido Rondon,36.0,0.45,0.95,0.012,0.006
7631,2016,02/25,13.290785126327469,Marechal Cândido Rondon,36.0,0.45,0.95,0.012,0.006
7632,2017,02/25,15.075577840409258,Marechal Cândido Rondon,36.0,0.45,0.95,0.012,0.006
7633,2018,02/25,14.916495228312234,Marechal Cândido Rondon,36.0,0.45,0.95,0.012,0.006
7634,2019,02/25,15.778178738561198,Marechal Cândido Rondon,36.0,0.45,0.95,0.012,0.006
7635,2020,02/25,15.02566051376791,Marechal Cândido Rondon,36.0,0.45,0.95,0.012,0.006
7636,2021,02/25,15.491538972945868,Marechal Cândido Rondon,36.0,0.45,0.95,0.012,0.006
7637,2022,02/25,13.806977853401088,Marechal Cândido Rondon,36.0,0.45,0.95,0.012,0.006
7638,2023,02/25,15.177667819920552,Marechal Cândido Rondon,36.0,0.45,0.95,0.012,0.006
7639,2024,02/25,15.3743182059813,Marechal Cândido Rondon,36.0,0.45,0.95,0.012,0.006
7640,2015,02/25,14.988431180566351,Matelândia,36.0,0.45,0.95,0.012,0.006
7641,2016,02/25,11.925022052417681,Matelândia,36.0,0.45,0.95,0.012,0.006
7642,2017,02/25,14.37350822367883,Matelândia,36.0,0.45,0.95,0.012,0.006
7643,2018,02/25,13.681906770472795,Matelândia,36.0,0.45,0.95,0.012,0.006
7644,2019,02/25,15.345656789298479,Matelândia,36.0,0.45,0.95,0.012,0.006
7645,2020,02/25,13.790785465687001,Matelândia,36.0,0.45,0.95,0.012,0.006
7646,2021,02/25,14.772403496485076,Matelândia,36.0,0.45,0.95,0.012,0.006
7647,2022,02/25,12.777007662899825,Matelândia,36.0,0.45,0.95,0.012,0.006
7648,2023,02/25,14.560665020549479,Matelândia,36.0,0.45,0.95,0.012,0.006
7649,2024,02/25,14.730820646938195,Matelândia,36.0,0.45,0.95,0.012,0.006
7650,2015,02/25,15.294905222721754,Medianeira,36.0,0.45,0.95,0.012,0.006
7651,2016,02/25,12.68548437243093,Medianeira,36.0,0.45,0.95,0.012,0.006
7652,2017,02/25,14.738055919410588,Medianeira,36.0,0.45,0.95,0.012,0.006
7653,2018,02/25,14.13773412262112,Medianeira,36.0,0.45,0.95,0.012,0.006
7654,2019,02/25,15.597738592900734,Medianeira,36.0,0.45,0.95,0.012,0.006
7655,2020,02/25,14.205346034689102,Medianeira,36.0,0.45,0.95,0.012,0.006
7656,2021,02/25,15.083937211192785,Medianeira,36.0,0.45,0.95,0.012,0.006
7657,2022,02/25,13.261267273527473,Medianeira,36.0,0.45,0.95,0.012,0.006
7658,2023,02/25,15.046533613116146,Medianeira,36.0,0.45,0.95,0.012,0.006
7659,2024,02/25,14.796312438383001,Medianeira,36.0,0.45,0.95,0.012,0.006
7660,2015,02/25,15.498145058387443,Santa Helena,36.0,0.45,0.95,0.012,0.006
7661,2016,02/25,13.301333335349025,Santa Helena,36.0,0.45,0.95,0.012,0.006
7662,2017,02/25,15.079380325145323,Santa Helena,36.0,0.45,0.95,0.012,0.006
7663,2018,02/25,14.739922891602635,Santa Helena,36.0,0.45,0.95,0.012,0.006
7664,2019,02/25,15.75799547099982,Santa Helena,36.0,0.45,0.95,0.012,0.006
7665,2020,02/25,14.81809160243723,Santa Helena,36.0,0.45,0.95,0.012,0.006
7666,2021,02/25,14.925065071566388,Santa Helena,36.0,0.45,0.95,0.012,0.006
7667,2022,02/25,13.822201194616996,Santa Helena,36.0,0.45,0.95,0.012,0.006
7668,2023,02/25,15.242665512378721,Santa Helena,36.0,0.45,0.95,0.012,0.006
7669,2024,02/25,15.100040645219531,Santa Helena,36.0,0.45,0.95,0.012,0.006
7670,2015,02/25,15.295408203261943,São Miguel do Iguaçu,36.0,0.45,0.95,0.012,0.006
7671,2016,02/25,12.685549704747725,São Miguel do Iguaçu,36.0,0.45,0.95,0.012,0.006
7672,2017,02/25,14.738182080597198,São Miguel do Iguaçu,36.0,0.45,0.95,0.012,0.006
7673,2018,02/25,14.137470159930283,São Miguel do Iguaçu,36.0,0.45,0.95,0.012,0.006
7674,2019,02/25,15.597868623898133,São Miguel do Iguaçu,36.0,0.45,0.95,0.012,0.006
7675,2020,02/25,14.205877337495606,São Miguel do Iguaçu,36.0,0.45,0.95,0.012,0.006
7676,2021,02/25,15.082553406265557,São Miguel do Iguaçu,36.0,0.45,0.95,0.012,0.006
7677,2022,02/25,13.261860089195174,São Miguel do Iguaçu,36.0,0.45,0.95,0.012,0.006
7678,2023,02/25,15.046971819818623,São Miguel do Iguaçu,36.0,0.45,0.95,0.012,0.006
7679,2024,02/25,14.796548543640762,São Miguel do Iguaçu,36.0,0.45,0.95,0.012,0.006
7680,2015,02/25,14.769853664580404,São Pedro do Iguaçu,36.0,0.45,0.95,0.012,0.006
7681,2016,02/25,11.60517376607691,São Pedro do Iguaçu,36.0,0.45,0.95,0.012,0.006
7682,2017,02/25,14.155349535689352,São Pedro do Iguaçu,36.0,0.45,0.95,0.012,0.006
7683,2018,02/25,13.6867477929213,São Pedro do Iguaçu,36.0,0.45,0.95,0.012,0.006
7684,2019,02/25,15.169793802467083,São Pedro do Iguaçu,36.0,0.45,0.95,0.012,0.006
7685,2020,02/25,13.771756911168074,São Pedro do Iguaçu,36.0,0.45,0.95,0.012,0.006
7686,2021,02/25,14.636342942158096,São Pedro do Iguaçu,36.0,0.45,0.95,0.012,0.006
7687,2022,02/25,12.449878977647815,São Pedro do Iguaçu,36.0,0.45,0.95,0.012,0.006
7688,2023,02/25,14.318483276848927,São Pedro do Iguaçu,36.0,0.45,0.95,0.012,0.006
7689,2024,02/25,14.675085488313707,São Pedro do Iguaçu,36.0,0.45,0.95,0.012,0.006
7690,2015,02/25,15.16854124221148,Toledo,36.0,0.45,0.95,0.012,0.006
7691,2016,02/25,12.316990035074815,Toledo,36.0,0.45,0.95,0.012,0.006
7692,2017,02/25,14.495297795024102,Toledo,36.0,0.45,0.95,0.012,0.006
7693,2018,02/25,14.341963180992792,Toledo,36.0,0.45,0.95,0.012,0.006
7694,2019,02/25,15.448017932896564,Toledo,36.0,0.45,0.95,0.012,0.006
7695,2020,02/25,14.691093584787268,Toledo,36.0,0.45,0.95,0.012,0.006
7696,2021,02/25,15.103998317277451,Toledo,36.0,0.45,0.95,0.012,0.006
7697,2022,02/25,13.015940867414884,Toledo,36.0,0.45,0.95,0.012,0.006
7698,2023,02/25,14.70627411157449,Toledo,36.0,0.45,0.95,0.012,0.006
7699,2024,02/25,15.206827528394099,Toledo,36.0,0.45,0.95,0.012,0.006
7700,2015,02/25,14.801349367801034,Cascavel,36.0,0.45,0.95,0.012,0.007
7701,2016,02/25,11.294520802904316,Cascavel,36.0,0.45,0.95,0.012,0.007
7702,2017,02/25,13.927277882436552,Cascavel,36.0,0.45,0.95,0.012,0.007
7703,2018,02/25,13.44164354296301,Cascavel,36.0,0.45,0.95,0.012,0.007
7704,2019,02/25,15.063351776349327,Cascavel,36.0,0.45,0.95,0.012,0.007
7705,2020,02/25,13.601571731261679,Cascavel,36.0,0.45,0.95,0.012,0.007
7706,2021,02/25,14.318117314346498,Cascavel,36.0,0.45,0.95,0.012,0.007
7707,2022,02/25,12.36741938477228,Cascavel,36.0,0.45,0.95,0.012,0.007
7708,2023,02/25,13.802240089161504,Cascavel,36.0,0.45,0.95,0.012,0.007
7709,2024,02/25,14.804582231814186,Cascavel,36.0,0.45,0.95,0.012,0.007
7710,2015,02/25,15.295533463089678,Foz do Iguaçu,36.0,0.45,0.95,0.012,0.007
7711,2016,02/25,12.685565123924972,Foz do Iguaçu,36.0,0.45,0.95,0.012,0.007
7712,2017,02/25,14.738202320209716,Foz do Iguaçu,36.0,0.45,0.95,0.012,0.007
7713,2018,02/25,14.137400723710975,Foz do Iguaçu,36.0,0.45,0.95,0.012,0.007
7714,2019,02/25,15.597898206358673,Foz do Iguaçu,36.0,0.45,0.95,0.012,0.007
7715,2020,02/25,14.206059439274586,Foz do Iguaçu,36.0,0.45,0.95,0.012,0.007
7716,2021,02/25,15.082278811923507,Foz do Iguaçu,36.0,0.45,0.95,0.012,0.007
7717,2022,02/25,13.261889479697881,Foz do Iguaçu,36.0,0.45,0.95,0.012,0.007
7718,2023,02/25,15.047066234382957,Foz do Iguaçu,36.0,0.45,0.95,0.012,0.007
7719,2024,02/25,14.796593767498514,Foz do Iguaçu,36.0,0.45,0.95,0.012,0.007
7720,2015,02/25,15.544036338081602,Guaíra,36.0,0.45,0.95,0.012,0.007
7721,2016,02/25,13.175619418791488,Guaíra,36.0,0.45,0.95,0.012,0.007
7722,2017,02/25,14.98565107888165,Guaíra,36.0,0.45,0.95,0.012,0.007
7723,2018,02/25,14.796578117846588,Guaíra,36.0,0.45,0.95,0.012,0.007
7724,2019,02/25,15.747868894054957,Guaíra,36.0,0.45,0.95,0.012,0.007
7725,2020,02/25,15.068403974986367,Guaíra,36.0,0.45,0.95,0.012,0.007
7726,2021,02/25,15.279805694137973,Guaíra,36.0,0.45,0.95,0.012,0.007
7727,2022,02/25,13.768484119800872,Guaíra,36.0,0.45,0.95,0.012,0.007
7728,2023,02/25,15.054112164455605,Guaíra,36.0,0.45,0.95,0.012,0.007
7729,2024,02/25,15.503092948943122,Guaíra,36.0,0.45,0.95,0.012,0.007
7730,2015,02/25,15.533148420378811,Marechal Cândido Rondon,36.0,0.45,0.95,0.012,0.007
7731,2016,02/25,13.290785126327469,Marechal Cândido Rondon,36.0,0.45,0.95,0.012,0.007
7732,2017,02/25,15.075577840409258,Marechal Cândido Rondon,36.0,0.45,0.95,0.012,0.007
7733,2018,02/25,14.916495228312234,Marechal Cândido Rondon,36.0,0.45,0.95,0.012,0.007
7734,2019,02/25,15.778178738561198,Marechal Cândido Rondon,36.0,0.45,0.95,0.012,0.007
7735,2020,02/25,15.02566051376791,Marechal Cândido Rondon,36.0,0.45,0.95,0.012,0.007
7736,2021,02/25,15.491538972945868,Marechal Cândido Rondon,36.0,0.45,0.95,0.012,0.007
7737,2022,02/25,13.806977853401088,Marechal Cândido Rondon,36.0,0.45,0.95,0.012,0.007
7738,2023,02/25,15.177667819920552,Marechal Cândido Rondon,36.0,0.45,0.95,0.012,0.007
7739,2024,02/25,15.3743182059813,Marechal Cândido Rondon,36.0,0.45,0.95,0.012,0.007
7740,2015,02/25,14.988431180566351,Matelândia,36.0,0.45,0.95,0.012,0.007
7741,2016,02/25,11.925022052417681,Matelândia,36.0,0.45,0.95,0.012,0.007
7742,2017,02/25,14.37350822367883,Matelândia,36.0,0.45,0.95,0.012,0.007
7743,2018,02/25,13.681906770472795,Matelândia,36.0,0.45,0.95,0.012,0.007
7744,2019,02/25,15.345656789298479,Matelândia,36.0,0.45,0.95,0.012,0.007
7745,2020,02/25,13.790785465687001,Matelândia,36.0,0.45,0.95,0.012,0.007
7746,2021,02/25,14.772403496485076,Matelândia,36.0,0.45,0.95,0.012,0.007
7747,2022,02/25,12.777007662899825,Matelândia,36.0,0.45,0.95,0.012,0.007
7748,2023,02/25,14.560665020549479,Matelândia,36.0,0.45,0.95,0.012,0.007
7749,2024,02/25,14.730820646938195,Matelândia,36.0,0.45,0.95,0.012,0.007
7750,2015,02/25,15.294905222721754,Medianeira,36.0,0.45,0.95,0.012,0.007
7751,2016,02/25,12.68548437243093,Medianeira,36.0,0.45,0.95,0.012,0.007
7752,2017,02/25,14.738055919410588,Medianeira,36.0,0.45,0.95,0.012,0.007
7753,2018,02/25,14.13773412262112,Medianeira,36.0,0.45,0.95,0.012,0.007
7754,2019,02/25,15.597738592900734,Medianeira,36.0,0.45,0.95,0.012,0.007
7755,2020,02/25,14.205346034689102,Medianeira,36.0,0.45,0.95,0.012,0.007
7756,2021,02/25,15.083937211192785,Medianeira,36.0,0.45,0.95,0.012,0.007
7757,2022,02/25,13.261267273527473,Medianeira,36.0,0.45,0.95,0.012,0.007
7758,2023,02/25,15.046533613116146,Medianeira,36.0,0.45,0.95,0.012,0.007
7759,2024,02/25,14.796312438383001,Medianeira,36.0,0.45,0.95,0.012,0.007
7760,2015,02/25,15.498145058387443,Santa Helena,36.0,0.45,0.95,0.012,0.007
7761,2016,02/25,13.301333335349025,Santa Helena,36.0,0.45,0.95,0.012,0.007
7762,2017,02/25,15.079380325145323,Santa Helena,36.0,0.45,0.95,0.012,0.007
7763,2018,02/25,14.739922891602635,Santa Helena,36.0,0.45,0.95,0.012,0.007
7764,2019,02/25,15.75799547099982,Santa Helena,36.0,0.45,0.95,0.012,0.007
7765,2020,02/25,14.81809160243723,Santa Helena,36.0,0.45,0.95,0.012,0.007
7766,2021,02/25,14.925065071566388,Santa Helena,36.0,0.45,0.95,0.012,0.007
7767,2022,02/25,13.822201194616996,Santa Helena,36.0,0.45,0.95,0.012,0.007
7768,2023,02/25,15.242665512378721,Santa Helena,36.0,0.45,0.95,0.012,0.007
7769,2024,02/25,15.100040645219531,Santa Helena,36.0,0.45,0.95,0.012,0.007
7770,2015,02/25,15.295408203261943,São Miguel do Iguaçu,36.0,0.45,0.95,0.012,0.007
7771,2016,02/25,12.685549704747725,São Miguel do Iguaçu,36.0,0.45,0.95,0.012,0.007
7772,2017,02/25,14.738182080597198,São Miguel do Iguaçu,36.0,0.45,0.95,0.012,0.007
7773,2018,02/25,14.137470159930283,São Miguel do Iguaçu,36.0,0.45,0.95,0.012,0.007
7774,2019,02/25,15.597868623898133,São Miguel do Iguaçu,36.0,0.45,0.95,0.012,0.007
7775,2020,02/25,14.205877337495606,São Miguel do Iguaçu,36.0,0.45,0.95,0.012,0.007
7776,2021,02/25,15.082553406265557,São Miguel do Iguaçu,36.0,0.45,0.95,0.012,0.007
7777,2022,02/25,13.261860089195174,São Miguel do Iguaçu,36.0,0.45,0.95,0.012,0.007
7778,2023,02/25,15.046971819818623,São Miguel do Iguaçu,36.0,0.45,0.95,0.012,0.007
7779,2024,02/25,14.796548543640762,São Miguel do Iguaçu,36.0,0.45,0.95,0.012,0.007
7780,2015,02/25,14.769853664580404,São Pedro do Iguaçu,36.0,0.45,0.95,0.012,0.007
7781,2016,02/25,11.60517376607691,São Pedro do Iguaçu,36.0,0.45,0.95,0.012,0.007
7782,2017,02/25,14.155349535689352,São Pedro do Iguaçu,36.0,0.45,0.95,0.012,0.007
7783,2018,02/25,13.6867477929213,São Pedro do Iguaçu,36.0,0.45,0.95,0.012,0.007
7784,2019,02/25,15.169793802467083,São Pedro do Iguaçu,36.0,0.45,0.95,0.012,0.007
7785,2020,02/25,13.771756911168074,São Pedro do Iguaçu,36.0,0.45,0.95,0.012,0.007
7786,2021,02/25,14.636342942158096,São Pedro do Iguaçu,36.0,0.45,0.95,0.012,0.007
7787,2022,02/25,12.449878977647815,São Pedro do Iguaçu,36.0,0.45,0.95,0.012,0.007
7788,2023,02/25,14.318483276848927,São Pedro do Iguaçu,36.0,0.45,0.95,0.012,0.007
7789,2024,02/25,14.675085488313707,São Pedro do Iguaçu,36.0,0.45,0.95,0.012,0.007
7790,2015,02/25,15.16854124221148,Toledo,36.0,0.45,0.95,0.012,0.007
7791,2016,02/25,12.316990035074815,Toledo,36.0,0.45,0.95,0.012,0.007
7792,2017,02/25,14.495297795024102,Toledo,36.0,0.45,0.95,0.012,0.007
7793,2018,02/25,14.341963180992792,Toledo,36.0,0.45,0.95,0.012,0.007
7794,2019,02/25,15.448017932896564,Toledo,36.0,0.45,0.95,0.012,0.007
7795,2020,02/25,14.691093584787268,Toledo,36.0,0.45,0.95,0.012,0.007
7796,2021,02/25,15.103998317277451,Toledo,36.0,0.45,0.95,0.012,0.007
7797,2022,02/25,13.015940867414884,Toledo,36.0,0.45,0.95,0.012,0.007
7798,2023,02/25,14.70627411157449,Toledo,36.0,0.45,0.95,0.012,0.007
7799,2024,02/25,15.206827528394099,Toledo,36.0,0.45,0.95,0.012,0.007
7800,2015,02/25,14.801349367801034,Cascavel,36.0,0.45,0.95,0.013,0.006
7801,2016,02/25,11.294520802904316,Cascavel,36.0,0.45,0.95,0.013,0.006
7802,2017,02/25,13.927277882436552,Cascavel,36.0,0.45,0.95,0.013,0.006
7803,2018,02/25,13.44164354296301,Cascavel,36.0,0.45,0.95,0.013,0.006
7804,2019,02/25,15.063351776349327,Cascavel,36.0,0.45,0.95,0.013,0.006
7805,2020,02/25,13.601571731261679,Cascavel,36.0,0.45,0.95,0.013,0.006
7806,2021,02/25,14.318117314346498,Cascavel,36.0,0.45,0.95,0.013,0.006
7807,2022,02/25,12.36741938477228,Cascavel,36.0,0.45,0.95,0.013,0.006
7808,2023,02/25,13.802240089161504,Cascavel,36.0,0.45,0.95,0.013,0.006
7809,2024,02/25,14.804582231814186,Cascavel,36.0,0.45,0.95,0.013,0.006
7810,2015,02/25,15.295533463089678,Foz do Iguaçu,36.0,0.45,0.95,0.013,0.006
7811,2016,02/25,12.685565123924972,Foz do Iguaçu,36.0,0.45,0.95,0.013,0.006
7812,2017,02/25,14.738202320209716,Foz do Iguaçu,36.0,0.45,0.95,0.013,0.006
7813,2018,02/25,14.137400723710975,Foz do Iguaçu,36.0,0.45,0.95,0.013,0.006
7814,2019,02/25,15.597898206358673,Foz do Iguaçu,36.0,0.45,0.95,0.013,0.006
7815,2020,02/25,14.206059439274586,Foz do Iguaçu,36.0,0.45,0.95,0.013,0.006
7816,2021,02/25,15.082278811923507,Foz do Iguaçu,36.0,0.45,0.95,0.013,0.006
7817,2022,02/25,13.261889479697881,Foz do Iguaçu,36.0,0.45,0.95,0.013,0.006
7818,2023,02/25,15.047066234382957,Foz do Iguaçu,36.0,0.45,0.95,0.013,0.006
7819,2024,02/25,14.796593767498514,Foz do Iguaçu,36.0,0.45,0.95,0.013,0.006
7820,2015,02/25,15.544036338081602,Guaíra,36.0,0.45,0.95,0.013,0.006
7821,2016,02/25,13.175619418791488,Guaíra,36.0,0.45,0.95,0.013,0.006
7822,2017,02/25,14.98565107888165,Guaíra,36.0,0.45,0.95,0.013,0.006
7823,2018,02/25,14.796578117846588,Guaíra,36.0,0.45,0.95,0.013,0.006
7824,2019,02/25,15.747868894054957,Guaíra,36.0,0.45,0.95,0.013,0.006
7825,2020,02/25,15.068403974986367,Guaíra,36.0,0.45,0.95,0.013,0.006
7826,2021,02/25,15.279805694137973,Guaíra,36.0,0.45,0.95,0.013,0.006
7827,2022,02/25,13.768484119800872,Guaíra,36.0,0.45,0.95,0.013,0.006
7828,2023,02/25,15.054112164455605,Guaíra,36.0,0.45,0.95,0.013,0.006
7829,2024,02/25,15.503092948943122,Guaíra,36.0,0.45,0.95,0.013,0.006
7830,2015,02/25,15.533148420378811,Marechal Cândido Rondon,36.0,0.45,0.95,0.013,0.006
7831,2016,02/25,13.290785126327469,Marechal Cândido Rondon,36.0,0.45,0.95,0.013,0.006
7832,2017,02/25,15.075577840409258,Marechal Cândido Rondon,36.0,0.45,0.95,0.013,0.006
7833,2018,02/25,14.916495228312234,Marechal Cândido Rondon,36.0,0.45,0.95,0.013,0.006
7834,2019,02/25,15.778178738561198,Marechal Cândido Rondon,36.0,0.45,0.95,0.013,0.006
7835,2020,02/25,15.02566051376791,Marechal Cândido Rondon,36.0,0.45,0.95,0.013,0.006
7836,2021,02/25,15.491538972945868,Marechal Cândido Rondon,36.0,0.45,0.95,0.013,0.006
7837,2022,02/25,13.806977853401088,Marechal Cândido Rondon,36.0,0.45,0.95,0.013,0.006
7838,2023,02/25,15.177667819920552,Marechal Cândido Rondon,36.0,0.45,0.95,0.013,0.006
7839,2024,02/25,15.3743182059813,Marechal Cândido Rondon,36.0,0.45,0.95,0.013,0.006
7840,2015,02/25,14.988431180566351,Matelândia,36.0,0.45,0.95,0.013,0.006
7841,2016,02/25,11.925022052417681,Matelândia,36.0,0.45,0.95,0.013,0.006
7842,2017,02/25,14.37350822367883,Matelândia,36.0,0.45,0.95,0.013,0.006
7843,2018,02/25,13.681906770472795,Matelândia,36.0,0.45,0.95,0.013,0.006
7844,2019,02/25,15.345656789298479,Matelândia,36.0,0.45,0.95,0.013,0.006
7845,2020,02/25,13.790785465687001,Matelândia,36.0,0.45,0.95,0.013,0.006
7846,2021,02/25,14.772403496485076,Matelândia,36.0,0.45,0.95,0.013,0.006
7847,2022,02/25,12.777007662899825,Matelândia,36.0,0.45,0.95,0.013,0.006
7848,2023,02/25,14.560665020549479,Matelândia,36.0,0.45,0.95,0.013,0.006
7849,2024,02/25,14.730820646938195,Matelândia,36.0,0.45,0.95,0.013,0.006
7850,2015,02/25,15.294905222721754,Medianeira,36.0,0.45,0.95,0.013,0.006
7851,2016,02/25,12.68548437243093,Medianeira,36.0,0.45,0.95,0.013,0.006
7852,2017,02/25,14.738055919410588,Medianeira,36.0,0.45,0.95,0.013,0.006
7853,2018,02/25,14.13773412262112,Medianeira,36.0,0.45,0.95,0.013,0.006
7854,2019,02/25,15.597738592900734,Medianeira,36.0,0.45,0.95,0.013,0.006
7855,2020,02/25,14.205346034689102,Medianeira,36.0,0.45,0.95,0.013,0.006
7856,2021,02/25,15.083937211192785,Medianeira,36.0,0.45,0.95,0.013,0.006
7857,2022,02/25,13.261267273527473,Medianeira,36.0,0.45,0.95,0.013,0.006
7858,2023,02/25,15.046533613116146,Medianeira,36.0,0.45,0.95,0.013,0.006
7859,2024,02/25,14.796312438383001,Medianeira,36.0,0.45,0.95,0.013,0.006
7860,2015,02/25,15.498145058387443,Santa Helena,36.0,0.45,0.95,0.013,0.006
7861,2016,02/25,13.301333335349025,Santa Helena,36.0,0.45,0.95,0.013,0.006
7862,2017,02/25,15.079380325145323,Santa Helena,36.0,0.45,0.95,0.013,0.006
7863,2018,02/25,14.739922891602635,Santa Helena,36.0,0.45,0.95,0.013,0.006
7864,2019,02/25,15.75799547099982,Santa Helena,36.0,0.45,0.95,0.013,0.006
7865,2020,02/25,14.81809160243723,Santa Helena,36.0,0.45,0.95,0.013,0.006
7866,2021,02/25,14.925065071566388,Santa Helena,36.0,0.45,0.95,0.013,0.006
7867,2022,02/25,13.822201194616996,Santa Helena,36.0,0.45,0.95,0.013,0.006
7868,2023,02/25,15.242665512378721,Santa Helena,36.0,0.45,0.95,0.013,0.006
7869,2024,02/25,15.100040645219531,Santa Helena,36.0,0.45,0.95,0.013,0.006
7870,2015,02/25,15.295408203261943,São Miguel do Iguaçu,36.0,0.45,0.95,0.013,0.006
7871,2016,02/25,12.685549704747725,São Miguel do Iguaçu,36.0,0.45,0.95,0.013,0.006
7872,2017,02/25,14.738182080597198,São Miguel do Iguaçu,36.0,0.45,0.95,0.013,0.006
7873,2018,02/25,14.137470159930283,São Miguel do Iguaçu,36.0,0.45,0.95,0.013,0.006
7874,2019,02/25,15.597868623898133,São Miguel do Iguaçu,36.0,0.45,0.95,0.013,0.006
7875,2020,02/25,14.205877337495606,São Miguel do Iguaçu,36.0,0.45,0.95,0.013,0.006
7876,2021,02/25,15.082553406265557,São Miguel do Iguaçu,36.0,0.45,0.95,0.013,0.006
7877,2022,02/25,13.261860089195174,São Miguel do Iguaçu,36.0,0.45,0.95,0.013,0.006
7878,2023,02/25,15.046971819818623,São Miguel do Iguaçu,36.0,0.45,0.95,0.013,0.006
7879,2024,02/25,14.796548543640762,São Miguel do Iguaçu,36.0,0.45,0.95,0.013,0.006
7880,2015,02/25,14.769853664580404,São Pedro do Iguaçu,36.0,0.45,0.95,0.013,0.006
7881,2016,02/25,11.60517376607691,São Pedro do Iguaçu,36.0,0.45,0.95,0.013,0.006
7882,2017,02/25,14.155349535689352,São Pedro do Iguaçu,36.0,0.45,0.95,0.013,0.006
7883,2018,02/25,13.6867477929213,São Pedro do Iguaçu,36.0,0.45,0.95,0.013,0.006
7884,2019,02/25,15.169793802467083,São Pedro do Iguaçu,36.0,0.45,0.95,0.013,0.006
7885,2020,02/25,13.771756911168074,São Pedro do Iguaçu,36.0,0.45,0.95,0.013,0.006
7886,2021,02/25,14.636342942158096,São Pedro do Iguaçu,36.0,0.45,0.95,0.013,0.006
7887,2022,02/25,12.449878977647815,São Pedro do Iguaçu,36.0,0.45,0.95,0.013,0.006
7888,2023,02/25,14.318483276848927,São Pedro do Iguaçu,36.0,0.45,0.95,0.013,0.006
7889,2024,02/25,14.675085488313707,São Pedro do Iguaçu,36.0,0.45,0.95,0.013,0.006
7890,2015,02/25,15.16854124221148,Toledo,36.0,0.45,0.95,0.013,0.006
7891,2016,02/25,12.316990035074815,Toledo,36.0,0.45,0.95,0.013,0.006
7892,2017,02/25,14.495297795024102,Toledo,36.0,0.45,0.95,0.013,0.006
7893,2018,02/25,14.341963180992792,Toledo,36.0,0.45,0.95,0.013,0.006
7894,2019,02/25,15.448017932896564,Toledo,36.0,0.45,0.95,0.013,0.006
7895,2020,02/25,14.691093584787268,Toledo,36.0,0.45,0.95,0.013,0.006
7896,2021,02/25,15.103998317277451,Toledo,36.0,0.45,0.95,0.013,0.006
7897,2022,02/25,13.015940867414884,Toledo,36.0,0.45,0.95,0.013,0.006
7898,2023,02/25,14.70627411157449,Toledo,36.0,0.45,0.95,0.013,0.006
7899,2024,02/25,15.206827528394099,Toledo,36.0,0.45,0.95,0.013,0.006
7900,2015,02/25,14.801349367801034,Cascavel,36.0,0.45,0.95,0.013,0.007
7901,2016,02/25,11.294520802904316,Cascavel,36.0,0.45,0.95,0.013,0.007
7902,2017,02/25,13.927277882436552,Cascavel,36.0,0.45,0.95,0.013,0.007
7903,2018,02/25,13.44164354296301,Cascavel,36.0,0.45,0.95,0.013,0.007
7904,2019,02/25,15.063351776349327,Cascavel,36.0,0.45,0.95,0.013,0.007
7905,2020,02/25,13.601571731261679,Cascavel,36.0,0.45,0.95,0.013,0.007
7906,2021,02/25,14.318117314346498,Cascavel,36.0,0.45,0.95,0.013,0.007
7907,2022,02/25,12.36741938477228,Cascavel,36.0,0.45,0.95,0.013,0.007
7908,2023,02/25,13.802240089161504,Cascavel,36.0,0.45,0.95,0.013,0.007
7909,2024,02/25,14.804582231814186,Cascavel,36.0,0.45,0.95,0.013,0.007
7910,2015,02/25,15.295533463089678,Foz do Iguaçu,36.0,0.45,0.95,0.013,0.007
7911,2016,02/25,12.685565123924972,Foz do Iguaçu,36.0,0.45,0.95,0.013,0.007
7912,2017,02/25,14.738202320209716,Foz do Iguaçu,36.0,0.45,0.95,0.013,0.007
7913,2018,02/25,14.137400723710975,Foz do Iguaçu,36.0,0.45,0.95,0.013,0.007
7914,2019,02/25,15.597898206358673,Foz do Iguaçu,36.0,0.45,0.95,0.013,0.007
7915,2020,02/25,14.206059439274586,Foz do Iguaçu,36.0,0.45,0.95,0.013,0.007
7916,2021,02/25,15.082278811923507,Foz do Iguaçu,36.0,0.45,0.95,0.013,0.007
7917,2022,02/25,13.261889479697881,Foz do Iguaçu,36.0,0.45,0.95,0.013,0.007
7918,2023,02/25,15.047066234382957,Foz do Iguaçu,36.0,0.45,0.95,0.013,0.007
7919,2024,02/25,14.796593767498514,Foz do Iguaçu,36.0,0.45,0.95,0.013,0.007
7920,2015,02/25,15.544036338081602,Guaíra,36.0,0.45,0.95,0.013,0.007
7921,2016,02/25,13.175619418791488,Guaíra,36.0,0.45,0.95,0.013,0.007
7922,2017,02/25,14.98565107888165,Guaíra,36.0,0.45,0.95,0.013,0.007
7923,2018,02/25,14.796578117846588,Guaíra,36.0,0.45,0.95,0.013,0.007
7924,2019,02/25,15.747868894054957,Guaíra,36.0,0.45,0.95,0.013,0.007
7925,2020,02/25,15.068403974986367,Guaíra,36.0,0.45,0.95,0.013,0.007
7926,2021,02/25,15.279805694137973,Guaíra,36.0,0.45,0.95,0.013,0.007
7927,2022,02/25,13.768484119800872,Guaíra,36.0,0.45,0.95,0.013,0.007
7928,2023,02/25,15.054112164455605,Guaíra,36.0,0.45,0.95,0.013,0.007
7929,2024,02/25,15.503092948943122,Guaíra,36.0,0.45,0.95,0.013,0.007
7930,2015,02/25,15.533148420378811,Marechal Cândido Rondon,36.0,0.45,0.95,0.013,0.007
7931,2016,02/25,13.290785126327469,Marechal Cândido Rondon,36.0,0.45,0.95,0.013,0.007
7932,2017,02/25,15.075577840409258,Marechal Cândido Rondon,36.0,0.45,0.95,0.013,0.007
7933,2018,02/25,14.916495228312234,Marechal Cândido Rondon,36.0,0.45,0.95,0.013,0.007
7934,2019,02/25,15.778178738561198,Marechal Cândido Rondon,36.0,0.45,0.95,0.013,0.007
7935,2020,02/25,15.02566051376791,Marechal Cândido Rondon,36.0,0.45,0.95,0.013,0.007
7936,2021,02/25,15.491538972945868,Marechal Cândido Rondon,36.0,0.45,0.95,0.013,0.007
7937,2022,02/25,13.806977853401088,Marechal Cândido Rondon,36.0,0.45,0.95,0.013,0.007
7938,2023,02/25,15.177667819920552,Marechal Cândido Rondon,36.0,0.45,0.95,0.013,0.007
7939,2024,02/25,15.3743182059813,Marechal Cândido Rondon,36.0,0.45,0.95,0.013,0.007
7940,2015,02/25,14.988431180566351,Matelândia,36.0,0.45,0.95,0.013,0.007
7941,2016,02/25,11.925022052417681,Matelândia,36.0,0.45,0.95,0.013,0.007
7942,2017,02/25,14.37350822367883,Matelândia,36.0,0.45,0.95,0.013,0.007
7943,2018,02/25,13.681906770472795,Matelândia,36.0,0.45,0.95,0.013,0.007
7944,2019,02/25,15.345656789298479,Matelândia,36.0,0.45,0.95,0.013,0.007
7945,2020,02/25,13.790785465687001,Matelândia,36.0,0.45,0.95,0.013,0.007
7946,2021,02/25,14.772403496485076,Matelândia,36.0,0.45,0.95,0.013,0.007
7947,2022,02/25,12.777007662899825,Matelândia,36.0,0.45,0.95,0.013,0.007
7948,2023,02/25,14.560665020549479,Matelândia,36.0,0.45,0.95,0.013,0.007
7949,2024,02/25,14.730820646938195,Matelândia,36.0,0.45,0.95,0.013,0.007
7950,2015,02/25,15.294905222721754,Medianeira,36.0,0.45,0.95,0.013,0.007
7951,2016,02/25,12.68548437243093,Medianeira,36.0,0.45,0.95,0.013,0.007
7952,2017,02/25,14.738055919410588,Medianeira,36.0,0.45,0.95,0.013,0.007
7953,2018,02/25,14.13773412262112,Medianeira,36.0,0.45,0.95,0.013,0.007
7954,2019,02/25,15.597738592900734,Medianeira,36.0,0.45,0.95,0.013,0.007
7955,2020,02/25,14.205346034689102,Medianeira,36.0,0.45,0.95,0.013,0.007
7956,2021,02/25,15.083937211192785,Medianeira,36.0,0.45,0.95,0.013,0.007
7957,2022,02/25,13.261267273527473,Medianeira,36.0,0.45,0.95,0.013,0.007
7958,2023,02/25,15.046533613116146,Medianeira,36.0,0.45,0.95,0.013,0.007
7959,2024,02/25,14.796312438383001,Medianeira,36.0,0.45,0.95,0.013,0.007
7960,2015,02/25,15.498145058387443,Santa Helena,36.0,0.45,0.95,0.013,0.007
7961,2016,02/25,13.301333335349025,Santa Helena,36.0,0.45,0.95,0.013,0.007
7962,2017,02/25,15.079380325145323,Santa Helena,36.0,0.45,0.95,0.013,0.007
7963,2018,02/25,14.739922891602635,Santa Helena,36.0,0.45,0.95,0.013,0.007
7964,2019,02/25,15.75799547099982,Santa Helena,36.0,0.45,0.95,0.013,0.007
7965,2020,02/25,14.81809160243723,Santa Helena,36.0,0.45,0.95,0.013,0.007
7966,2021,02/25,14.925065071566388,Santa Helena,36.0,0.45,0.95,0.013,0.007
7967,2022,02/25,13.822201194616996,Santa Helena,36.0,0.45,0.95,0.013,0.007
7968,2023,02/25,15.242665512378721,Santa Helena,36.0,0.45,0.95,0.013,0.007
7969,2024,02/25,15.100040645219531,Santa Helena,36.0,0.45,0.95,0.013,0.007
7970,2015,02/25,15.295408203261943,São Miguel do Iguaçu,36.0,0.45,0.95,0.013,0.007
7971,2016,02/25,12.685549704747725,São Miguel do Iguaçu,36.0,0.45,0.95,0.013,0.007
7972,2017,02/25,14.738182080597198,São Miguel do Iguaçu,36.0,0.45,0.95,0.013,0.007
7973,2018,02/25,14.137470159930283,São Miguel do Iguaçu,36.0,0.45,0.95,0.013,0.007
7974,2019,02/25,15.597868623898133,São Miguel do Iguaçu,36.0,0.45,0.95,0.013,0.007
7975,2020,02/25,14.205877337495606,São Miguel do Iguaçu,36.0,0.45,0.95,0.013,0.007
7976,2021,02/25,15.082553406265557,São Miguel do Iguaçu,36.0,0.45,0.95,0.013,0.007
7977,2022,02/25,13.261860089195174,São Miguel do Iguaçu,36.0,0.45,0.95,0.013,0.007
7978,2023,02/25,15.046971819818623,São Miguel do Iguaçu,36.0,0.45,0.95,0.013,0.007
7979,2024,02/25,14.796548543640762,São Miguel do Iguaçu,36.0,0.45,0.95,0.013,0.007
7980,2015,02/25,14.769853664580404,São Pedro do Iguaçu,36.0,0.45,0.95,0.013,0.007
7981,2016,02/25,11.60517376607691,São Pedro do Iguaçu,36.0,0.45,0.95,0.013,0.007
7982,2017,02/25,14.155349535689352,São Pedro do Iguaçu,36.0,0.45,0.95,0.013,0.007
7983,2018,02/25,13.6867477929213,São Pedro do Iguaçu,36.0,0.45,0.95,0.013,0.007
7984,2019,02/25,15.169793802467083,São Pedro do Iguaçu,36.0,0.45,0.95,0.013,0.007
7985,2020,02/25,13.771756911168074,São Pedro do Iguaçu,36.0,0.45,0.95,0.013,0.007
7986,2021,02/25,14.636342942158096,São Pedro do Iguaçu,36.0,0.45,0.95,0.013,0.007
7987,2022,02/25,12.449878977647815,São Pedro do Iguaçu,36.0,0.45,0.95,0.013,0.007
7988,2023,02/25,14.318483276848927,São Pedro do Iguaçu,36.0,0.45,0.95,0.013,0.007
7989,2024,02/25,14.675085488313707,São Pedro do Iguaçu,36.0,0.45,0.95,0.013,0.007
7990,2015,02/25,15.16854124221148,Toledo,36.0,0.45,0.95,0.013,0.007
7991,2016,02/25,12.316990035074815,Toledo,36.0,0.45,0.95,0.013,0.007
7992,2017,02/25,14.495297795024102,Toledo,36.0,0.45,0.95,0.013,0.007
7993,2018,02/25,14.341963180992792,Toledo,36.0,0.45,0.95,0.013,0.007
7994,2019,02/25,15.448017932896564,Toledo,36.0,0.45,0.95,0.013,0.007
7995,2020,02/25,14.691093584787268,Toledo,36.0,0.45,0.95,0.013,0.007
7996,2021,02/25,15.103998317277451,Toledo,36.0,0.45,0.95,0.013,0.007
7997,2022,02/25,13.015940867414884,Toledo,36.0,0.45,0.95,0.013,0.007
7998,2023,02/25,14.70627411157449,Toledo,36.0,0.45,0.95,0.013,0.007
7999,2024,02/25,15.206827528394099,Toledo,36.0,0.45,0.95,0.013,0.007
8000,2015,02/25,15.313117217539714,Cascavel,36.0,0.48,0.9,0.012,0.006
8001,2016,02/25,11.681155455980962,Cascavel,36.0,0.48,0.9,0.012,0.006
8002,2017,02/25,14.409737426814033,Cascavel,36.0,0.48,0.9,0.012,0.006
8003,2018,02/25,13.894450369573457,Cascavel,36.0,0.48,0.9,0.012,0.006
8004,2019,02/25,15.582580297871926,Cascavel,36.0,0.48,0.9,0.012,0.006
8005,2020,02/25,14.081550309295197,Cascavel,36.0,0.48,0.9,0.012,0.006
8006,2021,02/25,14.82192298907319,Cascavel,36.0,0.48,0.9,0.012,0.006
8007,2022,02/25,12.79112399970207,Cascavel,36.0,0.48,0.9,0.012,0.006
8008,2023,02/25,14.273201098835479,Cascavel,36.0,0.48,0.9,0.012,0.006
8009,2024,02/25,15.317199970080136,Cascavel,36.0,0.48,0.9,0.012,0.006
8010,2015,02/25,15.820534184012683,Foz do Iguaçu,36.0,0.48,0.9,0.012,0.006
8011,2016,02/25,13.115651559757572,Foz do Iguaçu,36.0,0.48,0.9,0.012,0.006
8012,2017,02/25,15.240796133817138,Foz do Iguaçu,36.0,0.48,0.9,0.012,0.006
8013,2018,02/25,14.612905259659092,Foz do Iguaçu,36.0,0.48,0.9,0.012,0.006
8014,2019,02/25,16.136715007020292,Foz do Iguaçu,36.0,0.48,0.9,0.012,0.006
8015,2020,02/25,14.70355691042374,Foz do Iguaçu,36.0,0.48,0.9,0.012,0.006
8016,2021,02/25,15.606187377967562,Foz do Iguaçu,36.0,0.48,0.9,0.012,0.006
8017,2022,02/25,13.712326337415083,Foz do Iguaçu,36.0,0.48,0.9,0.012,0.006
8018,2023,02/25,15.557687255107835,Foz do Iguaçu,36.0,0.48,0.9,0.012,0.006
8019,2024,02/25,15.311379855007829,Foz do Iguaçu,36.0,0.48,0.9,0.012,0.006
8020,2015,02/25,16.076422269974486,Guaíra,36.0,0.48,0.9,0.012,0.006
8021,2016,02/25,13.622101736776779,Guaíra,36.0,0.48,0.9,0.012,0.006
8022,2017,02/25,15.496419518409933,Guaíra,36.0,0.48,0.9,0.012,0.006
8023,2018,02/25,15.292479938946007,Guaíra,36.0,0.48,0.9,0.012,0.006
8024,2019,02/25,16.286550202287653,Guaíra,36.0,0.48,0.9,0.012,0.006
8025,2020,02/25,15.590185295828816,Guaíra,36.0,0.48,0.9,0.012,0.006
8026,2021,02/25,15.810433030231435,Guaíra,36.0,0.48,0.9,0.012,0.006
8027,2022,02/25,14.23579274308275,Guaíra,36.0,0.48,0.9,0.012,0.006
8028,2023,02/25,15.564299170507429,Guaíra,36.0,0.48,0.9,0.012,0.006
8029,2024,02/25,16.031878436081904,Guaíra,36.0,0.48,0.9,0.012,0.006
8030,2015,02/25,16.06523471592108,Marechal Cândido Rondon,36.0,0.48,0.9,0.012,0.006
8031,2016,02/25,13.740836428831777,Marechal Cândido Rondon,36.0,0.48,0.9,0.012,0.006
8032,2017,02/25,15.589303499277696,Marechal Cândido Rondon,36.0,0.48,0.9,0.012,0.006
8033,2018,02/25,15.41457932804618,Marechal Cândido Rondon,36.0,0.48,0.9,0.012,0.006
8034,2019,02/25,16.31831630484581,Marechal Cândido Rondon,36.0,0.48,0.9,0.012,0.006
8035,2020,02/25,15.545820870151271,Marechal Cândido Rondon,36.0,0.48,0.9,0.012,0.006
8036,2021,02/25,16.030744167610372,Marechal Cândido Rondon,36.0,0.48,0.9,0.012,0.006
8037,2022,02/25,14.275702453255274,Marechal Cândido Rondon,36.0,0.48,0.9,0.012,0.006
8038,2023,02/25,15.691832209393942,Marechal Cândido Rondon,36.0,0.48,0.9,0.012,0.006
8039,2024,02/25,15.900681590002659,Marechal Cândido Rondon,36.0,0.48,0.9,0.012,0.006
8040,2015,02/25,15.504329621654133,Matelândia,36.0,0.48,0.9,0.012,0.006
8041,2016,02/25,12.330799119598868,Matelândia,36.0,0.48,0.9,0.012,0.006
8042,2017,02/25,14.866751996161634,Matelândia,36.0,0.48,0.9,0.012,0.006
8043,2018,02/25,14.142340099316685,Matelândia,36.0,0.48,0.9,0.012,0.006
8044,2019,02/25,15.876692389433273,Matelândia,36.0,0.48,0.9,0.012,0.006
8045,2020,02/25,14.275868653890619,Matelândia,36.0,0.48,0.9,0.012,0.006
8046,2021,02/25,15.289871059384806,Matelândia,36.0,0.48,0.9,0.012,0.006
8047,2022,02/25,13.212063361867754,Matelândia,36.0,0.48,0.9,0.012,0.006
8048,2023,02/25,15.055089879412163,Matelândia,36.0,0.48,0.9,0.012,0.006
8049,2024,02/25,15.243064248019227,Matelândia,36.0,0.48,0.9,0.012,0.006
8050,2015,02/25,15.819897220691434,Medianeira,36.0,0.48,0.9,0.012,0.006
8051,2016,02/25,13.115580456982915,Medianeira,36.0,0.48,0.9,0.012,0.006
8052,2017,02/25,15.240648120736456,Medianeira,36.0,0.48,0.9,0.012,0.006
8053,2018,02/25,14.613224555469069,Medianeira,36.0,0.48,0.9,0.012,0.006
8054,2019,02/25,16.13655536005755,Medianeira,36.0,0.48,0.9,0.012,0.006
8055,2020,02/25,14.70280220190867,Medianeira,36.0,0.48,0.9,0.012,0.006
8056,2021,02/25,15.608832311680795,Medianeira,36.0,0.48,0.9,0.012,0.006
8057,2022,02/25,13.71168440149,Medianeira,36.0,0.48,0.9,0.012,0.006
8058,2023,02/25,15.557149208344272,Medianeira,36.0,0.48,0.9,0.012,0.006
8059,2024,02/25,15.31108978771369,Medianeira,36.0,0.48,0.9,0.012,0.006
8060,2015,02/25,16.029477793056138,Santa Helena,36.0,0.48,0.9,0.012,0.006
8061,2016,02/25,13.752421009776244,Santa Helena,36.0,0.48,0.9,0.012,0.006
8062,2017,02/25,15.593102801426635,Santa Helena,36.0,0.48,0.9,0.012,0.006
8063,2018,02/25,15.233251889931449,Santa Helena,36.0,0.48,0.9,0.012,0.006
8064,2019,02/25,16.299464953304255,Santa Helena,36.0,0.48,0.9,0.012,0.006
8065,2020,02/25,15.333033246781211,Santa Helena,36.0,0.48,0.9,0.012,0.006
8066,2021,02/25,15.60329233321514,Santa Helena,36.0,0.48,0.9,0.012,0.006
8067,2022,02/25,14.291004233337238,Santa Helena,36.0,0.48,0.9,0.012,0.006
8068,2023,02/25,15.759828152738944,Santa Helena,36.0,0.48,0.9,0.012,0.006
8069,2024,02/25,15.621405444929612,Santa Helena,36.0,0.48,0.9,0.012,0.006
8070,2015,02/25,15.820405603778804,São Miguel do Iguaçu,36.0,0.48,0.9,0.012,0.006
8071,2016,02/25,13.11563717297715,São Miguel do Iguaçu,36.0,0.48,0.9,0.012,0.006
8072,2017,02/25,15.24076985869457,São Miguel do Iguaçu,36.0,0.48,0.9,0.012,0.006
8073,2018,02/25,14.612980802877017,São Miguel do Iguaçu,36.0,0.48,0.9,0.012,0.006
8074,2019,02/25,16.136684686694394,São Miguel do Iguaçu,36.0,0.48,0.9,0.012,0.006
8075,2020,02/25,14.70337307793143,São Miguel do Iguaçu,36.0,0.48,0.9,0.012,0.006
8076,2021,02/25,15.60599745915011,São Miguel do Iguaçu,36.0,0.48,0.9,0.012,0.006
8077,2022,02/25,13.712296019033673,São Miguel do Iguaçu,36.0,0.48,0.9,0.012,0.006
8078,2023,02/25,15.557590342350734,São Miguel do Iguaçu,36.0,0.48,0.9,0.012,0.006
8079,2024,02/25,15.311327998408713,São Miguel do Iguaçu,36.0,0.48,0.9,0.012,0.006
8080,2015,02/25,15.279572995930211,São Pedro do Iguaçu,36.0,0.48,0.9,0.012,0.006
8081,2016,02/25,12.001083337082516,São Pedro do Iguaçu,36.0,0.48,0.9,0.012,0.006
8082,2017,02/25,14.64390791018095,São Pedro do Iguaçu,36.0,0.48,0.9,0.012,0.006
8083,2018,02/25,14.146637723152889,São Pedro do Iguaçu,36.0,0.48,0.9,0.012,0.006
8084,2019,02/25,15.693740068946918,São Pedro do Iguaçu,36.0,0.48,0.9,0.012,0.006
8085,2020,02/25,14.256886776714055,São Pedro do Iguaçu,36.0,0.48,0.9,0.012,0.006
8086,2021,02/25,15.14422322072531,São Pedro do Iguaçu,36.0,0.48,0.9,0.012,0.006
8087,2022,02/25,12.874903712910124,São Pedro do Iguaçu,36.0,0.48,0.9,0.012,0.006
8088,2023,02/25,14.805381388427255,São Pedro do Iguaçu,36.0,0.48,0.9,0.012,0.006
8089,2024,02/25,15.183565660284184,São Pedro do Iguaçu,36.0,0.48,0.9,0.012,0.006
8090,2015,02/25,15.690116894825174,Toledo,36.0,0.48,0.9,0.012,0.006
8091,2016,02/25,12.735667633520961,Toledo,36.0,0.48,0.9,0.012,0.006
8092,2017,02/25,14.992506379202473,Toledo,36.0,0.48,0.9,0.012,0.006
8093,2018,02/25,14.822699942320622,Toledo,36.0,0.48,0.9,0.012,0.006
8094,2019,02/25,15.978460235305139,Toledo,36.0,0.48,0.9,0.012,0.006
8095,2020,02/25,15.20415607770471,Toledo,36.0,0.48,0.9,0.012,0.006
8096,2021,02/25,15.6284304470023,Toledo,36.0,0.48,0.9,0.012,0.006
8097,2022,02/25,13.459682159752933,Toledo,36.0,0.48,0.9,0.012,0.006
8098,2023,02/25,15.205694261178515,Toledo,36.0,0.48,0.9,0.012,0.006
8099,2024,02/25,15.728186636754717,Toledo,36.0,0.48,0.9,0.012,0.006
8100,2015,02/25,15.313117217539714,Cascavel,36.0,0.48,0.9,0.012,0.007
8101,2016,02/25,11.681155455980962,Cascavel,36.0,0.48,0.9,0.012,0.007
8102,2017,02/25,14.409737426814033,Cascavel,36.0,0.48,0.9,0.012,0.007
8103,2018,02/25,13.894450369573457,Cascavel,36.0,0.48,0.9,0.012,0.007
8104,2019,02/25,15.582580297871926,Cascavel,36.0,0.48,0.9,0.012,0.007
8105,2020,02/25,14.081550309295197,Cascavel,36.0,0.48,0.9,0.012,0.007
8106,2021,02/25,14.82192298907319,Cascavel,36.0,0.48,0.9,0.012,0.007
8107,2022,02/25,12.79112399970207,Cascavel,36.0,0.48,0.9,0.012,0.007
8108,2023,02/25,14.273201098835479,Cascavel,36.0,0.48,0.9,0.012,0.007
8109,2024,02/25,15.317199970080136,Cascavel,36.0,0.48,0.9,0.012,0.007
8110,2015,02/25,15.820534184012683,Foz do Iguaçu,36.0,0.48,0.9,0.012,0.007
8111,2016,02/25,13.115651559757572,Foz do Iguaçu,36.0,0.48,0.9,0.012,0.007
8112,2017,02/25,15.240796133817138,Foz do Iguaçu,36.0,0.48,0.9,0.012,0.007
8113,2018,02/25,14.612905259659092,Foz do Iguaçu,36.0,0.48,0.9,0.012,0.007
8114,2019,02/25,16.136715007020292,Foz do Iguaçu,36.0,0.48,0.9,0.012,0.007
8115,2020,02/25,14.70355691042374,Foz do Iguaçu,36.0,0.48,0.9,0.012,0.007
8116,2021,02/25,15.606187377967562,Foz do Iguaçu,36.0,0.48,0.9,0.012,0.007
8117,2022,02/25,13.712326337415083,Foz do Iguaçu,36.0,0.48,0.9,0.012,0.007
8118,2023,02/25,15.557687255107835,Foz do Iguaçu,36.0,0.48,0.9,0.012,0.007
8119,2024,02/25,15.311379855007829,Foz do Iguaçu,36.0,0.48,0.9,0.012,0.007
8120,2015,02/25,16.076422269974486,Guaíra,36.0,0.48,0.9,0.012,0.007
8121,2016,02/25,13.622101736776779,Guaíra,36.0,0.48,0.9,0.012,0.007
8122,2017,02/25,15.496419518409933,Guaíra,36.0,0.48,0.9,0.012,0.007
8123,2018,02/25,15.292479938946007,Guaíra,36.0,0.48,0.9,0.012,0.007
8124,2019,02/25,16.286550202287653,Guaíra,36.0,0.48,0.9,0.012,0.007
8125,2020,02/25,15.590185295828816,Guaíra,36.0,0.48,0.9,0.012,0.007
8126,2021,02/25,15.810433030231435,Guaíra,36.0,0.48,0.9,0.012,0.007
8127,2022,02/25,14.23579274308275,Guaíra,36.0,0.48,0.9,0.012,0.007
8128,2023,02/25,15.564299170507429,Guaíra,36.0,0.48,0.9,0.012,0.007
8129,2024,02/25,16.031878436081904,Guaíra,36.0,0.48,0.9,0.012,0.007
8130,2015,02/25,16.06523471592108,Marechal Cândido Rondon,36.0,0.48,0.9,0.012,0.007
8131,2016,02/25,13.740836428831777,Marechal Cândido Rondon,36.0,0.48,0.9,0.012,0.007
8132,2017,02/25,15.589303499277696,Marechal Cândido Rondon,36.0,0.48,0.9,0.012,0.007
8133,2018,02/25,15.41457932804618,Marechal Cândido Rondon,36.0,0.48,0.9,0.012,0.007
8134,2019,02/25,16.31831630484581,Marechal Cândido Rondon,36.0,0.48,0.9,0.012,0.007
8135,2020,02/25,15.545820870151271,Marechal Cândido Rondon,36.0,0.48,0.9,0.012,0.007
8136,2021,02/25,16.030744167610372,Marechal Cândido Rondon,36.0,0.48,0.9,0.012,0.007
8137,2022,02/25,14.275702453255274,Marechal Cândido Rondon,36.0,0.48,0.9,0.012,0.007
8138,2023,02/25,15.691832209393942,Marechal Cândido Rondon,36.0,0.48,0.9,0.012,0.007
8139,2024,02/25,15.900681590002659,Marechal Cândido Rondon,36.0,0.48,0.9,0.012,0.007
8140,2015,02/25,15.504329621654133,Matelândia,36.0,0.48,0.9,0.012,0.007
8141,2016,02/25,12.330799119598868,Matelândia,36.0,0.48,0.9,0.012,0.007
8142,2017,02/25,14.866751996161634,Matelândia,36.0,0.48,0.9,0.012,0.007
8143,2018,02/25,14.142340099316685,Matelândia,36.0,0.48,0.9,0.012,0.007
8144,2019,02/25,15.876692389433273,Matelândia,36.0,0.48,0.9,0.012,0.007
8145,2020,02/25,14.275868653890619,Matelândia,36.0,0.48,0.9,0.012,0.007
8146,2021,02/25,15.289871059384806,Matelândia,36.0,0.48,0.9,0.012,0.007
8147,2022,02/25,13.212063361867754,Matelândia,36.0,0.48,0.9,0.012,0.007
8148,2023,02/25,15.055089879412163,Matelândia,36.0,0.48,0.9,0.012,0.007
8149,2024,02/25,15.243064248019227,Matelândia,36.0,0.48,0.9,0.012,0.007
8150,2015,02/25,15.819897220691434,Medianeira,36.0,0.48,0.9,0.012,0.007
8151,2016,02/25,13.115580456982915,Medianeira,36.0,0.48,0.9,0.012,0.007
8152,2017,02/25,15.240648120736456,Medianeira,36.0,0.48,0.9,0.012,0.007
8153,2018,02/25,14.613224555469069,Medianeira,36.0,0.48,0.9,0.012,0.007
8154,2019,02/25,16.13655536005755,Medianeira,36.0,0.48,0.9,0.012,0.007
8155,2020,02/25,14.70280220190867,Medianeira,36.0,0.48,0.9,0.012,0.007
8156,2021,02/25,15.608832311680795,Medianeira,36.0,0.48,0.9,0.012,0.007
8157,2022,02/25,13.71168440149,Medianeira,36.0,0.48,0.9,0.012,0.007
8158,2023,02/25,15.557149208344272,Medianeira,36.0,0.48,0.9,0.012,0.007
8159,2024,02/25,15.31108978771369,Medianeira,36.0,0.48,0.9,0.012,0.007
8160,2015,02/25,16.029477793056138,Santa Helena,36.0,0.48,0.9,0.012,0.007
8161,2016,02/25,13.752421009776244,Santa Helena,36.0,0.48,0.9,0.012,0.007
8162,2017,02/25,15.593102801426635,Santa Helena,36.0,0.48,0.9,0.012,0.007
8163,2018,02/25,15.233251889931449,Santa Helena,36.0,0.48,0.9,0.012,0.007
8164,2019,02/25,16.299464953304255,Santa Helena,36.0,0.48,0.9,0.012,0.007
8165,2020,02/25,15.333033246781211,Santa Helena,36.0,0.48,0.9,0.012,0.007
8166,2021,02/25,15.60329233321514,Santa Helena,36.0,0.48,0.9,0.012,0.007
8167,2022,02/25,14.291004233337238,Santa Helena,36.0,0.48,0.9,0.012,0.007
8168,2023,02/25,15.759828152738944,Santa Helena,36.0,0.48,0.9,0.012,0.007
8169,2024,02/25,15.621405444929612,Santa Helena,36.0,0.48,0.9,0.012,0.007
8170,2015,02/25,15.820405603778804,São Miguel do Iguaçu,36.0,0.48,0.9,0.012,0.007
8171,2016,02/25,13.11563717297715,São Miguel do Iguaçu,36.0,0.48,0.9,0.012,0.007
8172,2017,02/25,15.24076985869457,São Miguel do Iguaçu,36.0,0.48,0.9,0.012,0.007
8173,2018,02/25,14.612980802877017,São Miguel do Iguaçu,36.0,0.48,0.9,0.012,0.007
8174,2019,02/25,16.136684686694394,São Miguel do Iguaçu,36.0,0.48,0.9,0.012,0.007
8175,2020,02/25,14.70337307793143,São Miguel do Iguaçu,36.0,0.48,0.9,0.012,0.007
8176,2021,02/25,15.60599745915011,São Miguel do Iguaçu,36.0,0.48,0.9,0.012,0.007
8177,2022,02/25,13.712296019033673,São Miguel do Iguaçu,36.0,0.48,0.9,0.012,0.007
8178,2023,02/25,15.557590342350734,São Miguel do Iguaçu,36.0,0.48,0.9,0.012,0.007
8179,2024,02/25,15.311327998408713,São Miguel do Iguaçu,36.0,0.48,0.9,0.012,0.007
8180,2015,02/25,15.279572995930211,São Pedro do Iguaçu,36.0,0.48,0.9,0.012,0.007
8181,2016,02/25,12.001083337082516,São Pedro do Iguaçu,36.0,0.48,0.9,0.012,0.007
8182,2017,02/25,14.64390791018095,São Pedro do Iguaçu,36.0,0.48,0.9,0.012,0.007
8183,2018,02/25,14.146637723152889,São Pedro do Iguaçu,36.0,0.48,0.9,0.012,0.007
8184,2019,02/25,15.693740068946918,São Pedro do Iguaçu,36.0,0.48,0.9,0.012,0.007
8185,2020,02/25,14.256886776714055,São Pedro do Iguaçu,36.0,0.48,0.9,0.012,0.007
8186,2021,02/25,15.14422322072531,São Pedro do Iguaçu,36.0,0.48,0.9,0.012,0.007
8187,2022,02/25,12.874903712910124,São Pedro do Iguaçu,36.0,0.48,0.9,0.012,0.007
8188,2023,02/25,14.805381388427255,São Pedro do Iguaçu,36.0,0.48,0.9,0.012,0.007
8189,2024,02/25,15.183565660284184,São Pedro do Iguaçu,36.0,0.48,0.9,0.012,0.007
8190,2015,02/25,15.690116894825174,Toledo,36.0,0.48,0.9,0.012,0.007
8191,2016,02/25,12.735667633520961,Toledo,36.0,0.48,0.9,0.012,0.007
8192,2017,02/25,14.992506379202473,Toledo,36.0,0.48,0.9,0.012,0.007
8193,2018,02/25,14.822699942320622,Toledo,36.0,0.48,0.9,0.012,0.007
8194,2019,02/25,15.978460235305139,Toledo,36.0,0.48,0.9,0.012,0.007
8195,2020,02/25,15.20415607770471,Toledo,36.0,0.48,0.9,0.012,0.007
8196,2021,02/25,15.6284304470023,Toledo,36.0,0.48,0.9,0.012,0.007
8197,2022,02/25,13.459682159752933,Toledo,36.0,0.48,0.9,0.012,0.007
8198,2023,02/25,15.205694261178515,Toledo,36.0,0.48,0.9,0.012,0.007
8199,2024,02/25,15.728186636754717,Toledo,36.0,0.48,0.9,0.012,0.007
8200,2015,02/25,15.313117217539714,Cascavel,36.0,0.48,0.9,0.013,0.006
8201,2016,02/25,11.681155455980962,Cascavel,36.0,0.48,0.9,0.013,0.006
8202,2017,02/25,14.409737426814033,Cascavel,36.0,0.48,0.9,0.013,0.006
8203,2018,02/25,13.894450369573457,Cascavel,36.0,0.48,0.9,0.013,0.006
8204,2019,02/25,15.582580297871926,Cascavel,36.0,0.48,0.9,0.013,0.006
8205,2020,02/25,14.081550309295197,Cascavel,36.0,0.48,0.9,0.013,0.006
8206,2021,02/25,14.82192298907319,Cascavel,36.0,0.48,0.9,0.013,0.006
8207,2022,02/25,12.79112399970207,Cascavel,36.0,0.48,0.9,0.013,0.006
8208,2023,02/25,14.273201098835479,Cascavel,36.0,0.48,0.9,0.013,0.006
8209,2024,02/25,15.317199970080136,Cascavel,36.0,0.48,0.9,0.013,0.006
8210,2015,02/25,15.820534184012683,Foz do Iguaçu,36.0,0.48,0.9,0.013,0.006
8211,2016,02/25,13.115651559757572,Foz do Iguaçu,36.0,0.48,0.9,0.013,0.006
8212,2017,02/25,15.240796133817138,Foz do Iguaçu,36.0,0.48,0.9,0.013,0.006
8213,2018,02/25,14.612905259659092,Foz do Iguaçu,36.0,0.48,0.9,0.013,0.006
8214,2019,02/25,16.136715007020292,Foz do Iguaçu,36.0,0.48,0.9,0.013,0.006
8215,2020,02/25,14.70355691042374,Foz do Iguaçu,36.0,0.48,0.9,0.013,0.006
8216,2021,02/25,15.606187377967562,Foz do Iguaçu,36.0,0.48,0.9,0.013,0.006
8217,2022,02/25,13.712326337415083,Foz do Iguaçu,36.0,0.48,0.9,0.013,0.006
8218,2023,02/25,15.557687255107835,Foz do Iguaçu,36.0,0.48,0.9,0.013,0.006
8219,2024,02/25,15.311379855007829,Foz do Iguaçu,36.0,0.48,0.9,0.013,0.006
8220,2015,02/25,16.076422269974486,Guaíra,36.0,0.48,0.9,0.013,0.006
8221,2016,02/25,13.622101736776779,Guaíra,36.0,0.48,0.9,0.013,0.006
8222,2017,02/25,15.496419518409933,Guaíra,36.0,0.48,0.9,0.013,0.006
8223,2018,02/25,15.292479938946007,Guaíra,36.0,0.48,0.9,0.013,0.006
8224,2019,02/25,16.286550202287653,Guaíra,36.0,0.48,0.9,0.013,0.006
8225,2020,02/25,15.590185295828816,Guaíra,36.0,0.48,0.9,0.013,0.006
8226,2021,02/25,15.810433030231435,Guaíra,36.0,0.48,0.9,0.013,0.006
8227,2022,02/25,14.23579274308275,Guaíra,36.0,0.48,0.9,0.013,0.006
8228,2023,02/25,15.564299170507429,Guaíra,36.0,0.48,0.9,0.013,0.006
8229,2024,02/25,16.031878436081904,Guaíra,36.0,0.48,0.9,0.013,0.006
8230,2015,02/25,16.06523471592108,Marechal Cândido Rondon,36.0,0.48,0.9,0.013,0.006
8231,2016,02/25,13.740836428831777,Marechal Cândido Rondon,36.0,0.48,0.9,0.013,0.006
8232,2017,02/25,15.589303499277696,Marechal Cândido Rondon,36.0,0.48,0.9,0.013,0.006
8233,2018,02/25,15.41457932804618,Marechal Cândido Rondon,36.0,0.48,0.9,0.013,0.006
8234,2019,02/25,16.31831630484581,Marechal Cândido Rondon,36.0,0.48,0.9,0.013,0.006
8235,2020,02/25,15.545820870151271,Marechal Cândido Rondon,36.0,0.48,0.9,0.013,0.006
8236,2021,02/25,16.030744167610372,Marechal Cândido Rondon,36.0,0.48,0.9,0.013,0.006
8237,2022,02/25,14.275702453255274,Marechal Cândido Rondon,36.0,0.48,0.9,0.013,0.006
8238,2023,02/25,15.691832209393942,Marechal Cândido Rondon,36.0,0.48,0.9,0.013,0.006
8239,2024,02/25,15.900681590002659,Marechal Cândido Rondon,36.0,0.48,0.9,0.013,0.006
8240,2015,02/25,15.504329621654133,Matelândia,36.0,0.48,0.9,0.013,0.006
8241,2016,02/25,12.330799119598868,Matelândia,36.0,0.48,0.9,0.013,0.006
8242,2017,02/25,14.866751996161634,Matelândia,36.0,0.48,0.9,0.013,0.006
8243,2018,02/25,14.142340099316685,Matelândia,36.0,0.48,0.9,0.013,0.006
8244,2019,02/25,15.876692389433273,Matelândia,36.0,0.48,0.9,0.013,0.006
8245,2020,02/25,14.275868653890619,Matelândia,36.0,0.48,0.9,0.013,0.006
8246,2021,02/25,15.289871059384806,Matelândia,36.0,0.48,0.9,0.013,0.006
8247,2022,02/25,13.212063361867754,Matelândia,36.0,0.48,0.9,0.013,0.006
8248,2023,02/25,15.055089879412163,Matelândia,36.0,0.48,0.9,0.013,0.006
8249,2024,02/25,15.243064248019227,Matelândia,36.0,0.48,0.9,0.013,0.006
8250,2015,02/25,15.819897220691434,Medianeira,36.0,0.48,0.9,0.013,0.006
8251,2016,02/25,13.115580456982915,Medianeira,36.0,0.48,0.9,0.013,0.006
8252,2017,02/25,15.240648120736456,Medianeira,36.0,0.48,0.9,0.013,0.006
8253,2018,02/25,14.613224555469069,Medianeira,36.0,0.48,0.9,0.013,0.006
8254,2019,02/25,16.13655536005755,Medianeira,36.0,0.48,0.9,0.013,0.006
8255,2020,02/25,14.70280220190867,Medianeira,36.0,0.48,0.9,0.013,0.006
8256,2021,02/25,15.608832311680795,Medianeira,36.0,0.48,0.9,0.013,0.006
8257,2022,02/25,13.71168440149,Medianeira,36.0,0.48,0.9,0.013,0.006
8258,2023,02/25,15.557149208344272,Medianeira,36.0,0.48,0.9,0.013,0.006
8259,2024,02/25,15.31108978771369,Medianeira,36.0,0.48,0.9,0.013,0.006
8260,2015,02/25,16.029477793056138,Santa Helena,36.0,0.48,0.9,0.013,0.006
8261,2016,02/25,13.752421009776244,Santa Helena,36.0,0.48,0.9,0.013,0.006
8262,2017,02/25,15.593102801426635,Santa Helena,36.0,0.48,0.9,0.013,0.006
8263,2018,02/25,15.233251889931449,Santa Helena,36.0,0.48,0.9,0.013,0.006
8264,2019,02/25,16.299464953304255,Santa Helena,36.0,0.48,0.9,0.013,0.006
8265,2020,02/25,15.333033246781211,Santa Helena,36.0,0.48,0.9,0.013,0.006
8266,2021,02/25,15.60329233321514,Santa Helena,36.0,0.48,0.9,0.013,0.006
8267,2022,02/25,14.291004233337238,Santa Helena,36.0,0.48,0.9,0.013,0.006
8268,2023,02/25,15.759828152738944,Santa Helena,36.0,0.48,0.9,0.013,0.006
8269,2024,02/25,15.621405444929612,Santa Helena,36.0,0.48,0.9,0.013,0.006
8270,2015,02/25,15.820405603778804,São Miguel do Iguaçu,36.0,0.48,0.9,0.013,0.006
8271,2016,02/25,13.11563717297715,São Miguel do Iguaçu,36.0,0.48,0.9,0.013,0.006
8272,2017,02/25,15.24076985869457,São Miguel do Iguaçu,36.0,0.48,0.9,0.013,0.006
8273,2018,02/25,14.612980802877017,São Miguel do Iguaçu,36.0,0.48,0.9,0.013,0.006
8274,2019,02/25,16.136684686694394,São Miguel do Iguaçu,36.0,0.48,0.9,0.013,0.006
8275,2020,02/25,14.70337307793143,São Miguel do Iguaçu,36.0,0.48,0.9,0.013,0.006
8276,2021,02/25,15.60599745915011,São Miguel do Iguaçu,36.0,0.48,0.9,0.013,0.006
8277,2022,02/25,13.712296019033673,São Miguel do Iguaçu,36.0,0.48,0.9,0.013,0.006
8278,2023,02/25,15.557590342350734,São Miguel do Iguaçu,36.0,0.48,0.9,0.013,0.006
8279,2024,02/25,15.311327998408713,São Miguel do Iguaçu,36.0,0.48,0.9,0.013,0.006
8280,2015,02/25,15.279572995930211,São Pedro do Iguaçu,36.0,0.48,0.9,0.013,0.006
8281,2016,02/25,12.001083337082516,São Pedro do Iguaçu,36.0,0.48,0.9,0.013,0.006
8282,2017,02/25,14.64390791018095,São Pedro do Iguaçu,36.0,0.48,0.9,0.013,0.006
8283,2018,02/25,14.146637723152889,São Pedro do Iguaçu,36.0,0.48,0.9,0.013,0.006
8284,2019,02/25,15.693740068946918,São Pedro do Iguaçu,36.0,0.48,0.9,0.013,0.006
8285,2020,02/25,14.256886776714055,São Pedro do Iguaçu,36.0,0.48,0.9,0.013,0.006
8286,2021,02/25,15.14422322072531,São Pedro do Iguaçu,36.0,0.48,0.9,0.013,0.006
8287,2022,02/25,12.874903712910124,São Pedro do Iguaçu,36.0,0.48,0.9,0.013,0.006
8288,2023,02/25,14.805381388427255,São Pedro do Iguaçu,36.0,0.48,0.9,0.013,0.006
8289,2024,02/25,15.183565660284184,São Pedro do Iguaçu,36.0,0.48,0.9,0.013,0.006
8290,2015,02/25,15.690116894825174,Toledo,36.0,0.48,0.9,0.013,0.006
8291,2016,02/25,12.735667633520961,Toledo,36.0,0.48,0.9,0.013,0.006
8292,2017,02/25,14.992506379202473,Toledo,36.0,0.48,0.9,0.013,0.006
8293,2018,02/25,14.822699942320622,Toledo,36.0,0.48,0.9,0.013,0.006
8294,2019,02/25,15.978460235305139,Toledo,36.0,0.48,0.9,0.013,0.006
8295,2020,02/25,15.20415607770471,Toledo,36.0,0.48,0.9,0.013,0.006
8296,2021,02/25,15.6284304470023,Toledo,36.0,0.48,0.9,0.013,0.006
8297,2022,02/25,13.459682159752933,Toledo,36.0,0.48,0.9,0.013,0.006
8298,2023,02/25,15.205694261178515,Toledo,36.0,0.48,0.9,0.013,0.006
8299,2024,02/25,15.728186636754717,Toledo,36.0,0.48,0.9,0.013,0.006
8300,2015,02/25,15.313117217539714,Cascavel,36.0,0.48,0.9,0.013,0.007
8301,2016,02/25,11.681155455980962,Cascavel,36.0,0.48,0.9,0.013,0.007
8302,2017,02/25,14.409737426814033,Cascavel,36.0,0.48,0.9,0.013,0.007
8303,2018,02/25,13.894450369573457,Cascavel,36.0,0.48,0.9,0.013,0.007
8304,2019,02/25,15.582580297871926,Cascavel,36.0,0.48,0.9,0.013,0.007
8305,2020,02/25,14.081550309295197,Cascavel,36.0,0.48,0.9,0.013,0.007
8306,2021,02/25,14.82192298907319,Cascavel,36.0,0.48,0.9,0.013,0.007
8307,2022,02/25,12.79112399970207,Cascavel,36.0,0.48,0.9,0.013,0.007
8308,2023,02/25,14.273201098835479,Cascavel,36.0,0.48,0.9,0.013,0.007
8309,2024,02/25,15.317199970080136,Cascavel,36.0,0.48,0.9,0.013,0.007
8310,2015,02/25,15.820534184012683,Foz do Iguaçu,36.0,0.48,0.9,0.013,0.007
8311,2016,02/25,13.115651559757572,Foz do Iguaçu,36.0,0.48,0.9,0.013,0.007
8312,2017,02/25,15.240796133817138,Foz do Iguaçu,36.0,0.48,0.9,0.013,0.007
8313,2018,02/25,14.612905259659092,Foz do Iguaçu,36.0,0.48,0.9,0.013,0.007
8314,2019,02/25,16.136715007020292,Foz do Iguaçu,36.0,0.48,0.9,0.013,0.007
8315,2020,02/25,14.70355691042374,Foz do Iguaçu,36.0,0.48,0.9,0.013,0.007
8316,2021,02/25,15.606187377967562,Foz do Iguaçu,36.0,0.48,0.9,0.013,0.007
8317,2022,02/25,13.712326337415083,Foz do Iguaçu,36.0,0.48,0.9,0.013,0.007
8318,2023,02/25,15.557687255107835,Foz do Iguaçu,36.0,0.48,0.9,0.013,0.007
8319,2024,02/25,15.311379855007829,Foz do Iguaçu,36.0,0.48,0.9,0.013,0.007
8320,2015,02/25,16.076422269974486,Guaíra,36.0,0.48,0.9,0.013,0.007
8321,2016,02/25,13.622101736776779,Guaíra,36.0,0.48,0.9,0.013,0.007
8322,2017,02/25,15.496419518409933,Guaíra,36.0,0.48,0.9,0.013,0.007
8323,2018,02/25,15.292479938946007,Guaíra,36.0,0.48,0.9,0.013,0.007
8324,2019,02/25,16.286550202287653,Guaíra,36.0,0.48,0.9,0.013,0.007
8325,2020,02/25,15.590185295828816,Guaíra,36.0,0.48,0.9,0.013,0.007
8326,2021,02/25,15.810433030231435,Guaíra,36.0,0.48,0.9,0.013,0.007
8327,2022,02/25,14.23579274308275,Guaíra,36.0,0.48,0.9,0.013,0.007
8328,2023,02/25,15.564299170507429,Guaíra,36.0,0.48,0.9,0.013,0.007
8329,2024,02/25,16.031878436081904,Guaíra,36.0,0.48,0.9,0.013,0.007
8330,2015,02/25,16.06523471592108,Marechal Cândido Rondon,36.0,0.48,0.9,0.013,0.007
8331,2016,02/25,13.740836428831777,Marechal Cândido Rondon,36.0,0.48,0.9,0.013,0.007
8332,2017,02/25,15.589303499277696,Marechal Cândido Rondon,36.0,0.48,0.9,0.013,0.007
8333,2018,02/25,15.41457932804618,Marechal Cândido Rondon,36.0,0.48,0.9,0.013,0.007
8334,2019,02/25,16.31831630484581,Marechal Cândido Rondon,36.0,0.48,0.9,0.013,0.007
8335,2020,02/25,15.545820870151271,Marechal Cândido Rondon,36.0,0.48,0.9,0.013,0.007
8336,2021,02/25,16.030744167610372,Marechal Cândido Rondon,36.0,0.48,0.9,0.013,0.007
8337,2022,02/25,14.275702453255274,Marechal Cândido Rondon,36.0,0.48,0.9,0.013,0.007
8338,2023,02/25,15.691832209393942,Marechal Cândido Rondon,36.0,0.48,0.9,0.013,0.007
8339,2024,02/25,15.900681590002659,Marechal Cândido Rondon,36.0,0.48,0.9,0.013,0.007
8340,2015,02/25,15.504329621654133,Matelândia,36.0,0.48,0.9,0.013,0.007
8341,2016,02/25,12.330799119598868,Matelândia,36.0,0.48,0.9,0.013,0.007
8342,2017,02/25,14.866751996161634,Matelândia,36.0,0.48,0.9,0.013,0.007
8343,2018,02/25,14.142340099316685,Matelândia,36.0,0.48,0.9,0.013,0.007
8344,2019,02/25,15.876692389433273,Matelândia,36.0,0.48,0.9,0.013,0.007
8345,2020,02/25,14.275868653890619,Matelândia,36.0,0.48,0.9,0.013,0.007
8346,2021,02/25,15.289871059384806,Matelândia,36.0,0.48,0.9,0.013,0.007
8347,2022,02/25,13.212063361867754,Matelândia,36.0,0.48,0.9,0.013,0.007
8348,2023,02/25,15.055089879412163,Matelândia,36.0,0.48,0.9,0.013,0.007
8349,2024,02/25,15.243064248019227,Matelândia,36.0,0.48,0.9,0.013,0.007
8350,2015,02/25,15.819897220691434,Medianeira,36.0,0.48,0.9,0.013,0.007
8351,2016,02/25,13.115580456982915,Medianeira,36.0,0.48,0.9,0.013,0.007
8352,2017,02/25,15.240648120736456,Medianeira,36.0,0.48,0.9,0.013,0.007
8353,2018,02/25,14.613224555469069,Medianeira,36.0,0.48,0.9,0.013,0.007
8354,2019,02/25,16.13655536005755,Medianeira,36.0,0.48,0.9,0.013,0.007
8355,2020,02/25,14.70280220190867,Medianeira,36.0,0.48,0.9,0.013,0.007
8356,2021,02/25,15.608832311680795,Medianeira,36.0,0.48,0.9,0.013,0.007
8357,2022,02/25,13.71168440149,Medianeira,36.0,0.48,0.9,0.013,0.007
8358,2023,02/25,15.557149208344272,Medianeira,36.0,0.48,0.9,0.013,0.007
8359,2024,02/25,15.31108978771369,Medianeira,36.0,0.48,0.9,0.013,0.007
8360,2015,02/25,16.029477793056138,Santa Helena,36.0,0.48,0.9,0.013,0.007
8361,2016,02/25,13.752421009776244,Santa Helena,36.0,0.48,0.9,0.013,0.007
8362,2017,02/25,15.593102801426635,Santa Helena,36.0,0.48,0.9,0.013,0.007
8363,2018,02/25,15.233251889931449,Santa Helena,36.0,0.48,0.9,0.013,0.007
8364,2019,02/25,16.299464953304255,Santa Helena,36.0,0.48,0.9,0.013,0.007
8365,2020,02/25,15.333033246781211,Santa Helena,36.0,0.48,0.9,0.013,0.007
8366,2021,02/25,15.60329233321514,Santa Helena,36.0,0.48,0.9,0.013,0.007
8367,2022,02/25,14.291004233337238,Santa Helena,36.0,0.48,0.9,0.013,0.007
8368,2023,02/25,15.759828152738944,Santa Helena,36.0,0.48,0.9,0.013,0.007
8369,2024,02/25,15.621405444929612,Santa Helena,36.0,0.48,0.9,0.013,0.007
8370,2015,02/25,15.820405603778804,São Miguel do Iguaçu,36.0,0.48,0.9,0.013,0.007
8371,2016,02/25,13.11563717297715,São Miguel do Iguaçu,36.0,0.48,0.9,0.013,0.007
8372,2017,02/25,15.24076985869457,São Miguel do Iguaçu,36.0,0.48,0.9,0.013,0.007
8373,2018,02/25,14.612980802877017,São Miguel do Iguaçu,36.0,0.48,0.9,0.013,0.007
8374,2019,02/25,16.136684686694394,São Miguel do Iguaçu,36.0,0.48,0.9,0.013,0.007
8375,2020,02/25,14.70337307793143,São Miguel do Iguaçu,36.0,0.48,0.9,0.013,0.007
8376,2021,02/25,15.60599745915011,São Miguel do Iguaçu,36.0,0.48,0.9,0.013,0.007
8377,2022,02/25,13.712296019033673,São Miguel do Iguaçu,36.0,0.48,0.9,0.013,0.007
8378,2023,02/25,15.557590342350734,São Miguel do Iguaçu,36.0,0.48,0.9,0.013,0.007
8379,2024,02/25,15.311327998408713,São Miguel do Iguaçu,36.0,0.48,0.9,0.013,0.007
8380,2015,02/25,15.279572995930211,São Pedro do Iguaçu,36.0,0.48,0.9,0.013,0.007
8381,2016,02/25,12.001083337082516,São Pedro do Iguaçu,36.0,0.48,0.9,0.013,0.007
8382,2017,02/25,14.64390791018095,São Pedro do Iguaçu,36.0,0.48,0.9,0.013,0.007
8383,2018,02/25,14.146637723152889,São Pedro do Iguaçu,36.0,0.48,0.9,0.013,0.007
8384,2019,02/25,15.693740068946918,São Pedro do Iguaçu,36.0,0.48,0.9,0.013,0.007
8385,2020,02/25,14.256886776714055,São Pedro do Iguaçu,36.0,0.48,0.9,0.013,0.007
8386,2021,02/25,15.14422322072531,São Pedro do Iguaçu,36.0,0.48,0.9,0.013,0.007
8387,2022,02/25,12.874903712910124,São Pedro do Iguaçu,36.0,0.48,0.9,0.013,0.007
8388,2023,02/25,14.805381388427255,São Pedro do Iguaçu,36.0,0.48,0.9,0.013,0.007
8389,2024,02/25,15.183565660284184,São Pedro do Iguaçu,36.0,0.48,0.9,0.013,0.007
8390,2015,02/25,15.690116894825174,Toledo,36.0,0.48,0.9,0.013,0.007
8391,2016,02/25,12.735667633520961,Toledo,36.0,0.48,0.9,0.013,0.007
8392,2017,02/25,14.992506379202473,Toledo,36.0,0.48,0.9,0.013,0.007
8393,2018,02/25,14.822699942320622,Toledo,36.0,0.48,0.9,0.013,0.007
8394,2019,02/25,15.978460235305139,Toledo,36.0,0.48,0.9,0.013,0.007
8395,2020,02/25,15.20415607770471,Toledo,36.0,0.48,0.9,0.013,0.007
8396,2021,02/25,15.6284304470023,Toledo,36.0,0.48,0.9,0.013,0.007
8397,2022,02/25,13.459682159752933,Toledo,36.0,0.48,0.9,0.013,0.007
8398,2023,02/25,15.205694261178515,Toledo,36.0,0.48,0.9,0.013,0.007
8399,2024,02/25,15.728186636754717,Toledo,36.0,0.48,0.9,0.013,0.007
8400,2015,02/25,15.788105992321102,Cascavel,36.0,0.48,0.95,0.012,0.006
8401,2016,02/25,12.047488856431269,Cascavel,36.0,0.48,0.95,0.012,0.006
8402,2017,02/25,14.855763074598991,Cascavel,36.0,0.48,0.95,0.012,0.006
8403,2018,02/25,14.337753112493877,Cascavel,36.0,0.48,0.95,0.012,0.006
8404,2019,02/25,16.067575228105948,Cascavel,36.0,0.48,0.95,0.012,0.006
8405,2020,02/25,14.508343180012456,Cascavel,36.0,0.48,0.95,0.012,0.006
8406,2021,02/25,15.272658468636264,Cascavel,36.0,0.48,0.95,0.012,0.006
8407,2022,02/25,13.191914010423766,Cascavel,36.0,0.48,0.95,0.012,0.006
8408,2023,02/25,14.722389428438937,Cascavel,36.0,0.48,0.95,0.012,0.006
8409,2024,02/25,15.791554380601795,Cascavel,36.0,0.48,0.95,0.012,0.006
8410,2015,02/25,16.315235693962325,Foz do Iguaçu,36.0,0.48,0.95,0.012,0.006
8411,2016,02/25,13.531269465519971,Foz do Iguaçu,36.0,0.48,0.95,0.012,0.006
8412,2017,02/25,15.72074914155703,Foz do Iguaçu,36.0,0.48,0.95,0.012,0.006
8413,2018,02/25,15.079894105291705,Foz do Iguaçu,36.0,0.48,0.95,0.012,0.006
8414,2019,02/25,16.637758086782586,Foz do Iguaçu,36.0,0.48,0.95,0.012,0.006
8415,2020,02/25,15.153130068559557,Foz do Iguaçu,36.0,0.48,0.95,0.012,0.006
8416,2021,02/25,16.08776406605174,Foz do Iguaçu,36.0,0.48,0.95,0.012,0.006
8417,2022,02/25,14.146015445011074,Foz do Iguaçu,36.0,0.48,0.95,0.012,0.006
8418,2023,02/25,16.05020398334182,Foz do Iguaçu,36.0,0.48,0.95,0.012,0.006
8419,2024,02/25,15.783033351998416,Foz do Iguaçu,36.0,0.48,0.95,0.012,0.006
8420,2015,02/25,16.58030542728704,Guaíra,36.0,0.48,0.95,0.012,0.006
8421,2016,02/25,14.05399404671092,Guaíra,36.0,0.48,0.95,0.012,0.006
8422,2017,02/25,15.984694484140427,Guaíra,36.0,0.48,0.95,0.012,0.006
8423,2018,02/25,15.78301665903636,Guaíra,36.0,0.48,0.95,0.012,0.006
8424,2019,02/25,16.797726820325288,Guaíra,36.0,0.48,0.95,0.012,0.006
8425,2020,02/25,16.072964239985456,Guaíra,36.0,0.48,0.95,0.012,0.006
8426,2021,02/25,16.298459407080504,Guaíra,36.0,0.48,0.95,0.012,0.006
8427,2022,02/25,14.686383061120932,Guaíra,36.0,0.48,0.95,0.012,0.006
8428,2023,02/25,16.057719642085978,Guaíra,36.0,0.48,0.95,0.012,0.006
8429,2024,02/25,16.53663247887266,Guaíra,36.0,0.48,0.95,0.012,0.006
8430,2015,02/25,16.568691648404066,Marechal Cândido Rondon,36.0,0.48,0.95,0.012,0.006
8431,2016,02/25,14.176837468082633,Marechal Cândido Rondon,36.0,0.48,0.95,0.012,0.006
8432,2017,02/25,16.080616363103207,Marechal Cândido Rondon,36.0,0.48,0.95,0.012,0.006
8433,2018,02/25,15.91092824353305,Marechal Cândido Rondon,36.0,0.48,0.95,0.012,0.006
8434,2019,02/25,16.830057321131946,Marechal Cândido Rondon,36.0,0.48,0.95,0.012,0.006
8435,2020,02/25,16.02737121468577,Marechal Cândido Rondon,36.0,0.48,0.95,0.012,0.006
8436,2021,02/25,16.524308237808928,Marechal Cândido Rondon,36.0,0.48,0.95,0.012,0.006
8437,2022,02/25,14.727443043627828,Marechal Cândido Rondon,36.0,0.48,0.95,0.012,0.006
8438,2023,02/25,16.18951234124859,Marechal Cândido Rondon,36.0,0.48,0.95,0.012,0.006
8439,2024,02/25,16.399272753046723,Marechal Cândido Rondon,36.0,0.48,0.95,0.012,0.006
8440,2015,02/25,15.987659925937441,Matelândia,36.0,0.48,0.95,0.012,0.006
8441,2016,02/25,12.72002352257886,Matelândia,36.0,0.48,0.95,0.012,0.006
8442,2017,02/25,15.331742105257419,Matelândia,36.0,0.48,0.95,0.012,0.006
8443,2018,02/25,14.594033888504313,Matelândia,36.0,0.48,0.95,0.012,0.006
8444,2019,02/25,16.36870057525171,Matelândia,36.0,0.48,0.95,0.012,0.006
8445,2020,02/25,14.710171163399469,Matelândia,36.0,0.48,0.95,0.012,0.006
8446,2021,02/25,15.757230396250748,Matelândia,36.0,0.48,0.95,0.012,0.006
8447,2022,02/25,13.628808173759815,Matelândia,36.0,0.48,0.95,0.012,0.006
8448,2023,02/25,15.531376021919444,Matelândia,36.0,0.48,0.95,0.012,0.006
8449,2024,02/25,15.712875356734076,Matelândia,36.0,0.48,0.95,0.012,0.006
8450,2015,02/25,16.314565570903206,Medianeira,36.0,0.48,0.95,0.012,0.006
8451,2016,02/25,13.531183330592993,Medianeira,36.0,0.48,0.95,0.012,0.006
8452,2017,02/25,15.720592980704627,Medianeira,36.0,0.48,0.95,0.012,0.006
8453,2018,02/25,15.080249730795861,Medianeira,36.0,0.48,0.95,0.012,0.006
8454,2019,02/25,16.63758783242745,Medianeira,36.0,0.48,0.95,0.012,0.006
8455,2020,02/25,15.152369103668374,Medianeira,36.0,0.48,0.95,0.012,0.006
8456,2021,02/25,16.089533025272303,Medianeira,36.0,0.48,0.95,0.012,0.006
8457,2022,02/25,14.145351758429305,Medianeira,36.0,0.48,0.95,0.012,0.006
8458,2023,02/25,16.04963585399056,Medianeira,36.0,0.48,0.95,0.012,0.006
8459,2024,02/25,15.782733267608535,Medianeira,36.0,0.48,0.95,0.012,0.006
8460,2015,02/25,16.531354728946607,Santa Helena,36.0,0.48,0.95,0.012,0.006
8461,2016,02/25,14.188088891038957,Santa Helena,36.0,0.48,0.95,0.012,0.006
8462,2017,02/25,16.084672346821677,Santa Helena,36.0,0.48,0.95,0.012,0.006
8463,2018,02/25,15.722584417709475,Santa Helena,36.0,0.48,0.95,0.012,0.006
8464,2019,02/25,16.80852850239981,Santa Helena,36.0,0.48,0.95,0.012,0.006
8465,2020,02/25,15.805964375933044,Santa Helena,36.0,0.48,0.95,0.012,0.006
8466,2021,02/25,15.920069409670813,Santa Helena,36.0,0.48,0.95,0.012,0.006
8467,2022,02/25,14.743681274258128,Santa Helena,36.0,0.48,0.95,0.012,0.006
8468,2023,02/25,16.25884321320397,Santa Helena,36.0,0.48,0.95,0.012,0.006
8469,2024,02/25,16.1067100215675,Santa Helena,36.0,0.48,0.95,0.012,0.006
8470,2015,02/25,16.315102083479406,São Miguel do Iguaçu,36.0,0.48,0.95,0.012,0.006
8471,2016,02/25,13.531253018397573,São Miguel do Iguaçu,36.0,0.48,0.95,0.012,0.006
8472,2017,02/25,15.72072755263701,São Miguel do Iguaçu,36.0,0.48,0.95,0.012,0.006
8473,2018,02/25,15.0799681705923,São Miguel do Iguaçu,36.0,0.48,0.95,0.012,0.006
8474,2019,02/25,16.63772653215801,São Miguel do Iguaçu,36.0,0.48,0.95,0.012,0.006
8475,2020,02/25,15.15293582666198,São Miguel do Iguaçu,36.0,0.48,0.95,0.012,0.006
8476,2021,02/25,16.08805696668326,São Miguel do Iguaçu,36.0,0.48,0.95,0.012,0.006
8477,2022,02/25,14.14598409514152,São Miguel do Iguaçu,36.0,0.48,0.95,0.012,0.006
8478,2023,02/25,16.050103274473198,São Miguel do Iguaçu,36.0,0.48,0.95,0.012,0.006
8479,2024,02/25,15.782985113216812,São Miguel do Iguaçu,36.0,0.48,0.95,0.012,0.006
8480,2015,02/25,15.754510575552432,São Pedro do Iguaçu,36.0,0.48,0.95,0.012,0.006
8481,2016,02/25,12.378852017148702,São Pedro do Iguaçu,36.0,0.48,0.95,0.012,0.006
8482,2017,02/25,15.099039504735309,São Pedro do Iguaçu,36.0,0.48,0.95,0.012,0.006
8483,2018,02/25,14.59919764578272,São Pedro do Iguaçu,36.0,0.48,0.95,0.012,0.006
8484,2019,02/25,16.181113389298226,São Pedro do Iguaçu,36.0,0.48,0.95,0.012,0.006
8485,2020,02/25,14.689874038579278,São Pedro do Iguaçu,36.0,0.48,0.95,0.012,0.006
8486,2021,02/25,15.612099138301968,São Pedro do Iguaçu,36.0,0.48,0.95,0.012,0.006
8487,2022,02/25,13.279870909491,São Pedro do Iguaçu,36.0,0.48,0.95,0.012,0.006
8488,2023,02/25,15.273048828638856,São Pedro do Iguaçu,36.0,0.48,0.95,0.012,0.006
8489,2024,02/25,15.653424520867954,São Pedro do Iguaçu,36.0,0.48,0.95,0.012,0.006
8490,2015,02/25,16.17977732502558,Toledo,36.0,0.48,0.95,0.012,0.006
8491,2016,02/25,13.1381227040798,Toledo,36.0,0.48,0.95,0.012,0.006
8492,2017,02/25,15.461650981359043,Toledo,36.0,0.48,0.95,0.012,0.006
8493,2018,02/25,15.298094059725646,Toledo,36.0,0.48,0.95,0.012,0.006
8494,2019,02/25,16.47788579508967,Toledo,36.0,0.48,0.95,0.012,0.006
8495,2020,02/25,15.670499823773083,Toledo,36.0,0.48,0.95,0.012,0.006
8496,2021,02/25,16.11093153842928,Toledo,36.0,0.48,0.95,0.012,0.006
8497,2022,02/25,13.883670258575874,Toledo,36.0,0.48,0.95,0.012,0.006
8498,2023,02/25,15.686692385679457,Toledo,36.0,0.48,0.95,0.012,0.006
8499,2024,02/25,16.22061603028704,Toledo,36.0,0.48,0.95,0.012,0.006
8500,2015,02/25,15.788105992321102,Cascavel,36.0,0.48,0.95,0.012,0.007
8501,2016,02/25,12.047488856431269,Cascavel,36.0,0.48,0.95,0.012,0.007
8502,2017,02/25,14.855763074598991,Cascavel,36.0,0.48,0.95,0.012,0.007
8503,2018,02/25,14.337753112493877,Cascavel,36.0,0.48,0.95,0.012,0.007
8504,2019,02/25,16.067575228105948,Cascavel,36.0,0.48,0.95,0.012,0.007
8505,2020,02/25,14.508343180012456,Cascavel,36.0,0.48,0.95,0.012,0.007
8506,2021,02/25,15.272658468636264,Cascavel,36.0,0.48,0.95,0.012,0.007
8507,2022,02/25,13.191914010423766,Cascavel,36.0,0.48,0.95,0.012,0.007
8508,2023,02/25,14.722389428438937,Cascavel,36.0,0.48,0.95,0.012,0.007
8509,2024,02/25,15.791554380601795,Cascavel,36.0,0.48,0.95,0.012,0.007
8510,2015,02/25,16.315235693962325,Foz do Iguaçu,36.0,0.48,0.95,0.012,0.007
8511,2016,02/25,13.531269465519971,Foz do Iguaçu,36.0,0.48,0.95,0.012,0.007
8512,2017,02/25,15.72074914155703,Foz do Iguaçu,36.0,0.48,0.95,0.012,0.007
8513,2018,02/25,15.079894105291705,Foz do Iguaçu,36.0,0.48,0.95,0.012,0.007
8514,2019,02/25,16.637758086782586,Foz do Iguaçu,36.0,0.48,0.95,0.012,0.007
8515,2020,02/25,15.153130068559557,Foz do Iguaçu,36.0,0.48,0.95,0.012,0.007
8516,2021,02/25,16.08776406605174,Foz do Iguaçu,36.0,0.48,0.95,0.012,0.007
8517,2022,02/25,14.146015445011074,Foz do Iguaçu,36.0,0.48,0.95,0.012,0.007
8518,2023,02/25,16.05020398334182,Foz do Iguaçu,36.0,0.48,0.95,0.012,0.007
8519,2024,02/25,15.783033351998416,Foz do Iguaçu,36.0,0.48,0.95,0.012,0.007
8520,2015,02/25,16.58030542728704,Guaíra,36.0,0.48,0.95,0.012,0.007
8521,2016,02/25,14.05399404671092,Guaíra,36.0,0.48,0.95,0.012,0.007
8522,2017,02/25,15.984694484140427,Guaíra,36.0,0.48,0.95,0.012,0.007
8523,2018,02/25,15.78301665903636,Guaíra,36.0,0.48,0.95,0.012,0.007
8524,2019,02/25,16.797726820325288,Guaíra,36.0,0.48,0.95,0.012,0.007
8525,2020,02/25,16.072964239985456,Guaíra,36.0,0.48,0.95,0.012,0.007
8526,2021,02/25,16.298459407080504,Guaíra,36.0,0.48,0.95,0.012,0.007
8527,2022,02/25,14.686383061120932,Guaíra,36.0,0.48,0.95,0.012,0.007
8528,2023,02/25,16.057719642085978,Guaíra,36.0,0.48,0.95,0.012,0.007
8529,2024,02/25,16.53663247887266,Guaíra,36.0,0.48,0.95,0.012,0.007
8530,2015,02/25,16.568691648404066,Marechal Cândido Rondon,36.0,0.48,0.95,0.012,0.007
8531,2016,02/25,14.176837468082633,Marechal Cândido Rondon,36.0,0.48,0.95,0.012,0.007
8532,2017,02/25,16.080616363103207,Marechal Cândido Rondon,36.0,0.48,0.95,0.012,0.007
8533,2018,02/25,15.91092824353305,Marechal Cândido Rondon,36.0,0.48,0.95,0.012,0.007
8534,2019,02/25,16.830057321131946,Marechal Cândido Rondon,36.0,0.48,0.95,0.012,0.007
8535,2020,02/25,16.02737121468577,Marechal Cândido Rondon,36.0,0.48,0.95,0.012,0.007
8536,2021,02/25,16.524308237808928,Marechal Cândido Rondon,36.0,0.48,0.95,0.012,0.007
8537,2022,02/25,14.727443043627828,Marechal Cândido Rondon,36.0,0.48,0.95,0.012,0.007
8538,2023,02/25,16.18951234124859,Marechal Cândido Rondon,36.0,0.48,0.95,0.012,0.007
8539,2024,02/25,16.399272753046723,Marechal Cândido Rondon,36.0,0.48,0.95,0.012,0.007
8540,2015,02/25,15.987659925937441,Matelândia,36.0,0.48,0.95,0.012,0.007
8541,2016,02/25,12.72002352257886,Matelândia,36.0,0.48,0.95,0.012,0.007
8542,2017,02/25,15.331742105257419,Matelândia,36.0,0.48,0.95,0.012,0.007
8543,2018,02/25,14.594033888504313,Matelândia,36.0,0.48,0.95,0.012,0.007
8544,2019,02/25,16.36870057525171,Matelândia,36.0,0.48,0.95,0.012,0.007
8545,2020,02/25,14.710171163399469,Matelândia,36.0,0.48,0.95,0.012,0.007
8546,2021,02/25,15.757230396250748,Matelândia,36.0,0.48,0.95,0.012,0.007
8547,2022,02/25,13.628808173759815,Matelândia,36.0,0.48,0.95,0.012,0.007
8548,2023,02/25,15.531376021919444,Matelândia,36.0,0.48,0.95,0.012,0.007
8549,2024,02/25,15.712875356734076,Matelândia,36.0,0.48,0.95,0.012,0.007
8550,2015,02/25,16.314565570903206,Medianeira,36.0,0.48,0.95,0.012,0.007
8551,2016,02/25,13.531183330592993,Medianeira,36.0,0.48,0.95,0.012,0.007
8552,2017,02/25,15.720592980704627,Medianeira,36.0,0.48,0.95,0.012,0.007
8553,2018,02/25,15.080249730795861,Medianeira,36.0,0.48,0.95,0.012,0.007
8554,2019,02/25,16.63758783242745,Medianeira,36.0,0.48,0.95,0.012,0.007
8555,2020,02/25,15.152369103668374,Medianeira,36.0,0.48,0.95,0.012,0.007
8556,2021,02/25,16.089533025272303,Medianeira,36.0,0.48,0.95,0.012,0.007
8557,2022,02/25,14.145351758429305,Medianeira,36.0,0.48,0.95,0.012,0.007
8558,2023,02/25,16.04963585399056,Medianeira,36.0,0.48,0.95,0.012,0.007
8559,2024,02/25,15.782733267608535,Medianeira,36.0,0.48,0.95,0.012,0.007
8560,2015,02/25,16.531354728946607,Santa Helena,36.0,0.48,0.95,0.012,0.007
8561,2016,02/25,14.188088891038957,Santa Helena,36.0,0.48,0.95,0.012,0.007
8562,2017,02/25,16.084672346821677,Santa Helena,36.0,0.48,0.95,0.012,0.007
8563,2018,02/25,15.722584417709475,Santa Helena,36.0,0.48,0.95,0.012,0.007
8564,2019,02/25,16.80852850239981,Santa Helena,36.0,0.48,0.95,0.012,0.007
8565,2020,02/25,15.805964375933044,Santa Helena,36.0,0.48,0.95,0.012,0.007
8566,2021,02/25,15.920069409670813,Santa Helena,36.0,0.48,0.95,0.012,0.007
8567,2022,02/25,14.743681274258128,Santa Helena,36.0,0.48,0.95,0.012,0.007
8568,2023,02/25,16.25884321320397,Santa Helena,36.0,0.48,0.95,0.012,0.007
8569,2024,02/25,16.1067100215675,Santa Helena,36.0,0.48,0.95,0.012,0.007
8570,2015,02/25,16.315102083479406,São Miguel do Iguaçu,36.0,0.48,0.95,0.012,0.007
8571,2016,02/25,13.531253018397573,São Miguel do Iguaçu,36.0,0.48,0.95,0.012,0.007
8572,2017,02/25,15.72072755263701,São Miguel do Iguaçu,36.0,0.48,0.95,0.012,0.007
8573,2018,02/25,15.0799681705923,São Miguel do Iguaçu,36.0,0.48,0.95,0.012,0.007
8574,2019,02/25,16.63772653215801,São Miguel do Iguaçu,36.0,0.48,0.95,0.012,0.007
8575,2020,02/25,15.15293582666198,São Miguel do Iguaçu,36.0,0.48,0.95,0.012,0.007
8576,2021,02/25,16.08805696668326,São Miguel do Iguaçu,36.0,0.48,0.95,0.012,0.007
8577,2022,02/25,14.14598409514152,São Miguel do Iguaçu,36.0,0.48,0.95,0.012,0.007
8578,2023,02/25,16.050103274473198,São Miguel do Iguaçu,36.0,0.48,0.95,0.012,0.007
8579,2024,02/25,15.782985113216812,São Miguel do Iguaçu,36.0,0.48,0.95,0.012,0.007
8580,2015,02/25,15.754510575552432,São Pedro do Iguaçu,36.0,0.48,0.95,0.012,0.007
8581,2016,02/25,12.378852017148702,São Pedro do Iguaçu,36.0,0.48,0.95,0.012,0.007
8582,2017,02/25,15.099039504735309,São Pedro do Iguaçu,36.0,0.48,0.95,0.012,0.007
8583,2018,02/25,14.59919764578272,São Pedro do Iguaçu,36.0,0.48,0.95,0.012,0.007
8584,2019,02/25,16.181113389298226,São Pedro do Iguaçu,36.0,0.48,0.95,0.012,0.007
8585,2020,02/25,14.689874038579278,São Pedro do Iguaçu,36.0,0.48,0.95,0.012,0.007
8586,2021,02/25,15.612099138301968,São Pedro do Iguaçu,36.0,0.48,0.95,0.012,0.007
8587,2022,02/25,13.279870909491,São Pedro do Iguaçu,36.0,0.48,0.95,0.012,0.007
8588,2023,02/25,15.273048828638856,São Pedro do Iguaçu,36.0,0.48,0.95,0.012,0.007
8589,2024,02/25,15.653424520867954,São Pedro do Iguaçu,36.0,0.48,0.95,0.012,0.007
8590,2015,02/25,16.17977732502558,Toledo,36.0,0.48,0.95,0.012,0.007
8591,2016,02/25,13.1381227040798,Toledo,36.0,0.48,0.95,0.012,0.007
8592,2017,02/25,15.461650981359043,Toledo,36.0,0.48,0.95,0.012,0.007
8593,2018,02/25,15.298094059725646,Toledo,36.0,0.48,0.95,0.012,0.007
8594,2019,02/25,16.47788579508967,Toledo,36.0,0.48,0.95,0.012,0.007
8595,2020,02/25,15.670499823773083,Toledo,36.0,0.48,0.95,0.012,0.007
8596,2021,02/25,16.11093153842928,Toledo,36.0,0.48,0.95,0.012,0.007
8597,2022,02/25,13.883670258575874,Toledo,36.0,0.48,0.95,0.012,0.007
8598,2023,02/25,15.686692385679457,Toledo,36.0,0.48,0.95,0.012,0.007
8599,2024,02/25,16.22061603028704,Toledo,36.0,0.48,0.95,0.012,0.007
8600,2015,02/25,15.788105992321102,Cascavel,36.0,0.48,0.95,0.013,0.006
8601,2016,02/25,12.047488856431269,Cascavel,36.0,0.48,0.95,0.013,0.006
8602,2017,02/25,14.855763074598991,Cascavel,36.0,0.48,0.95,0.013,0.006
8603,2018,02/25,14.337753112493877,Cascavel,36.0,0.48,0.95,0.013,0.006
8604,2019,02/25,16.067575228105948,Cascavel,36.0,0.48,0.95,0.013,0.006
8605,2020,02/25,14.508343180012456,Cascavel,36.0,0.48,0.95,0.013,0.006
8606,2021,02/25,15.272658468636264,Cascavel,36.0,0.48,0.95,0.013,0.006
8607,2022,02/25,13.191914010423766,Cascavel,36.0,0.48,0.95,0.013,0.006
8608,2023,02/25,14.722389428438937,Cascavel,36.0,0.48,0.95,0.013,0.006
8609,2024,02/25,15.791554380601795,Cascavel,36.0,0.48,0.95,0.013,0.006
8610,2015,02/25,16.315235693962325,Foz do Iguaçu,36.0,0.48,0.95,0.013,0.006
8611,2016,02/25,13.531269465519971,Foz do Iguaçu,36.0,0.48,0.95,0.013,0.006
8612,2017,02/25,15.72074914155703,Foz do Iguaçu,36.0,0.48,0.95,0.013,0.006
8613,2018,02/25,15.079894105291705,Foz do Iguaçu,36.0,0.48,0.95,0.013,0.006
8614,2019,02/25,16.637758086782586,Foz do Iguaçu,36.0,0.48,0.95,0.013,0.006
8615,2020,02/25,15.153130068559557,Foz do Iguaçu,36.0,0.48,0.95,0.013,0.006
8616,2021,02/25,16.08776406605174,Foz do Iguaçu,36.0,0.48,0.95,0.013,0.006
8617,2022,02/25,14.146015445011074,Foz do Iguaçu,36.0,0.48,0.95,0.013,0.006
8618,2023,02/25,16.05020398334182,Foz do Iguaçu,36.0,0.48,0.95,0.013,0.006
8619,2024,02/25,15.783033351998416,Foz do Iguaçu,36.0,0.48,0.95,0.013,0.006
8620,2015,02/25,16.58030542728704,Guaíra,36.0,0.48,0.95,0.013,0.006
8621,2016,02/25,14.05399404671092,Guaíra,36.0,0.48,0.95,0.013,0.006
8622,2017,02/25,15.984694484140427,Guaíra,36.0,0.48,0.95,0.013,0.006
8623,2018,02/25,15.78301665903636,Guaíra,36.0,0.48,0.95,0.013,0.006
8624,2019,02/25,16.797726820325288,Guaíra,36.0,0.48,0.95,0.013,0.006
8625,2020,02/25,16.072964239985456,Guaíra,36.0,0.48,0.95,0.013,0.006
8626,2021,02/25,16.298459407080504,Guaíra,36.0,0.48,0.95,0.013,0.006
8627,2022,02/25,14.686383061120932,Guaíra,36.0,0.48,0.95,0.013,0.006
8628,2023,02/25,16.057719642085978,Guaíra,36.0,0.48,0.95,0.013,0.006
8629,2024,02/25,16.53663247887266,Guaíra,36.0,0.48,0.95,0.013,0.006
8630,2015,02/25,16.568691648404066,Marechal Cândido Rondon,36.0,0.48,0.95,0.013,0.006
8631,2016,02/25,14.176837468082633,Marechal Cândido Rondon,36.0,0.48,0.95,0.013,0.006
8632,2017,02/25,16.080616363103207,Marechal Cândido Rondon,36.0,0.48,0.95,0.013,0.006
8633,2018,02/25,15.91092824353305,Marechal Cândido Rondon,36.0,0.48,0.95,0.013,0.006
8634,2019,02/25,16.830057321131946,Marechal Cândido Rondon,36.0,0.48,0.95,0.013,0.006
8635,2020,02/25,16.02737121468577,Marechal Cândido Rondon,36.0,0.48,0.95,0.013,0.006
8636,2021,02/25,16.524308237808928,Marechal Cândido Rondon,36.0,0.48,0.95,0.013,0.006
8637,2022,02/25,14.727443043627828,Marechal Cândido Rondon,36.0,0.48,0.95,0.013,0.006
8638,2023,02/25,16.18951234124859,Marechal Cândido Rondon,36.0,0.48,0.95,0.013,0.006
8639,2024,02/25,16.399272753046723,Marechal Cândido Rondon,36.0,0.48,0.95,0.013,0.006
8640,2015,02/25,15.987659925937441,Matelândia,36.0,0.48,0.95,0.013,0.006
8641,2016,02/25,12.72002352257886,Matelândia,36.0,0.48,0.95,0.013,0.006
8642,2017,02/25,15.331742105257419,Matelândia,36.0,0.48,0.95,0.013,0.006
8643,2018,02/25,14.594033888504313,Matelândia,36.0,0.48,0.95,0.013,0.006
8644,2019,02/25,16.36870057525171,Matelândia,36.0,0.48,0.95,0.013,0.006
8645,2020,02/25,14.710171163399469,Matelândia,36.0,0.48,0.95,0.013,0.006
8646,2021,02/25,15.757230396250748,Matelândia,36.0,0.48,0.95,0.013,0.006
8647,2022,02/25,13.628808173759815,Matelândia,36.0,0.48,0.95,0.013,0.006
8648,2023,02/25,15.531376021919444,Matelândia,36.0,0.48,0.95,0.013,0.006
8649,2024,02/25,15.712875356734076,Matelândia,36.0,0.48,0.95,0.013,0.006
8650,2015,02/25,16.314565570903206,Medianeira,36.0,0.48,0.95,0.013,0.006
8651,2016,02/25,13.531183330592993,Medianeira,36.0,0.48,0.95,0.013,0.006
8652,2017,02/25,15.720592980704627,Medianeira,36.0,0.48,0.95,0.013,0.006
8653,2018,02/25,15.080249730795861,Medianeira,36.0,0.48,0.95,0.013,0.006
8654,2019,02/25,16.63758783242745,Medianeira,36.0,0.48,0.95,0.013,0.006
8655,2020,02/25,15.152369103668374,Medianeira,36.0,0.48,0.95,0.013,0.006
8656,2021,02/25,16.089533025272303,Medianeira,36.0,0.48,0.95,0.013,0.006
8657,2022,02/25,14.145351758429305,Medianeira,36.0,0.48,0.95,0.013,0.006
8658,2023,02/25,16.04963585399056,Medianeira,36.0,0.48,0.95,0.013,0.006
8659,2024,02/25,15.782733267608535,Medianeira,36.0,0.48,0.95,0.013,0.006
8660,2015,02/25,16.531354728946607,Santa Helena,36.0,0.48,0.95,0.013,0.006
8661,2016,02/25,14.188088891038957,Santa Helena,36.0,0.48,0.95,0.013,0.006
8662,2017,02/25,16.084672346821677,Santa Helena,36.0,0.48,0.95,0.013,0.006
8663,2018,02/25,15.722584417709475,Santa Helena,36.0,0.48,0.95,0.013,0.006
8664,2019,02/25,16.80852850239981,Santa Helena,36.0,0.48,0.95,0.013,0.006
8665,2020,02/25,15.805964375933044,Santa Helena,36.0,0.48,0.95,0.013,0.006
8666,2021,02/25,15.920069409670813,Santa Helena,36.0,0.48,0.95,0.013,0.006
8667,2022,02/25,14.743681274258128,Santa Helena,36.0,0.48,0.95,0.013,0.006
8668,2023,02/25,16.25884321320397,Santa Helena,36.0,0.48,0.95,0.013,0.006
8669,2024,02/25,16.1067100215675,Santa Helena,36.0,0.48,0.95,0.013,0.006
8670,2015,02/25,16.315102083479406,São Miguel do Iguaçu,36.0,0.48,0.95,0.013,0.006
8671,2016,02/25,13.531253018397573,São Miguel do Iguaçu,36.0,0.48,0.95,0.013,0.006
8672,2017,02/25,15.72072755263701,São Miguel do Iguaçu,36.0,0.48,0.95,0.013,0.006
8673,2018,02/25,15.0799681705923,São Miguel do Iguaçu,36.0,0.48,0.95,0.013,0.006
8674,2019,02/25,16.63772653215801,São Miguel do Iguaçu,36.0,0.48,0.95,0.013,0.006
8675,2020,02/25,15.15293582666198,São Miguel do Iguaçu,36.0,0.48,0.95,0.013,0.006
8676,2021,02/25,16.08805696668326,São Miguel do Iguaçu,36.0,0.48,0.95,0.013,0.006
8677,2022,02/25,14.14598409514152,São Miguel do Iguaçu,36.0,0.48,0.95,0.013,0.006
8678,2023,02/25,16.050103274473198,São Miguel do Iguaçu,36.0,0.48,0.95,0.013,0.006
8679,2024,02/25,15.782985113216812,São Miguel do Iguaçu,36.0,0.48,0.95,0.013,0.006
8680,2015,02/25,15.754510575552432,São Pedro do Iguaçu,36.0,0.48,0.95,0.013,0.006
8681,2016,02/25,12.378852017148702,São Pedro do Iguaçu,36.0,0.48,0.95,0.013,0.006
8682,2017,02/25,15.099039504735309,São Pedro do Iguaçu,36.0,0.48,0.95,0.013,0.006
8683,2018,02/25,14.59919764578272,São Pedro do Iguaçu,36.0,0.48,0.95,0.013,0.006
8684,2019,02/25,16.181113389298226,São Pedro do Iguaçu,36.0,0.48,0.95,0.013,0.006
8685,2020,02/25,14.689874038579278,São Pedro do Iguaçu,36.0,0.48,0.95,0.013,0.006
8686,2021,02/25,15.612099138301968,São Pedro do Iguaçu,36.0,0.48,0.95,0.013,0.006
8687,2022,02/25,13.279870909491,São Pedro do Iguaçu,36.0,0.48,0.95,0.013,0.006
8688,2023,02/25,15.273048828638856,São Pedro do Iguaçu,36.0,0.48,0.95,0.013,0.006
8689,2024,02/25,15.653424520867954,São Pedro do Iguaçu,36.0,0.48,0.95,0.013,0.006
8690,2015,02/25,16.17977732502558,Toledo,36.0,0.48,0.95,0.013,0.006
8691,2016,02/25,13.1381227040798,Toledo,36.0,0.48,0.95,0.013,0.006
8692,2017,02/25,15.461650981359043,Toledo,36.0,0.48,0.95,0.013,0.006
8693,2018,02/25,15.298094059725646,Toledo,36.0,0.48,0.95,0.013,0.006
8694,2019,02/25,16.47788579508967,Toledo,36.0,0.48,0.95,0.013,0.006
8695,2020,02/25,15.670499823773083,Toledo,36.0,0.48,0.95,0.013,0.006
8696,2021,02/25,16.11093153842928,Toledo,36.0,0.48,0.95,0.013,0.006
8697,2022,02/25,13.883670258575874,Toledo,36.0,0.48,0.95,0.013,0.006
8698,2023,02/25,15.686692385679457,Toledo,36.0,0.48,0.95,0.013,0.006
8699,2024,02/25,16.22061603028704,Toledo,36.0,0.48,0.95,0.013,0.006
8700,2015,02/25,15.788105992321102,Cascavel,36.0,0.48,0.95,0.013,0.007
8701,2016,02/25,12.047488856431269,Cascavel,36.0,0.48,0.95,0.013,0.007
8702,2017,02/25,14.855763074598991,Cascavel,36.0,0.48,0.95,0.013,0.007
8703,2018,02/25,14.337753112493877,Cascavel,36.0,0.48,0.95,0.013,0.007
8704,2019,02/25,16.067575228105948,Cascavel,36.0,0.48,0.95,0.013,0.007
8705,2020,02/25,14.508343180012456,Cascavel,36.0,0.48,0.95,0.013,0.007
8706,2021,02/25,15.272658468636264,Cascavel,36.0,0.48,0.95,0.013,0.007
8707,2022,02/25,13.191914010423766,Cascavel,36.0,0.48,0.95,0.013,0.007
8708,2023,02/25,14.722389428438937,Cascavel,36.0,0.48,0.95,0.013,0.007
8709,2024,02/25,15.791554380601795,Cascavel,36.0,0.48,0.95,0.013,0.007
8710,2015,02/25,16.315235693962325,Foz do Iguaçu,36.0,0.48,0.95,0.013,0.007
8711,2016,02/25,13.531269465519971,Foz do Iguaçu,36.0,0.48,0.95,0.013,0.007
8712,2017,02/25,15.72074914155703,Foz do Iguaçu,36.0,0.48,0.95,0.013,0.007
8713,2018,02/25,15.079894105291705,Foz do Iguaçu,36.0,0.48,0.95,0.013,0.007
8714,2019,02/25,16.637758086782586,Foz do Iguaçu,36.0,0.48,0.95,0.013,0.007
8715,2020,02/25,15.153130068559557,Foz do Iguaçu,36.0,0.48,0.95,0.013,0.007
8716,2021,02/25,16.08776406605174,Foz do Iguaçu,36.0,0.48,0.95,0.013,0.007
8717,2022,02/25,14.146015445011074,Foz do Iguaçu,36.0,0.48,0.95,0.013,0.007
8718,2023,02/25,16.05020398334182,Foz do Iguaçu,36.0,0.48,0.95,0.013,0.007
8719,2024,02/25,15.783033351998416,Foz do Iguaçu,36.0,0.48,0.95,0.013,0.007
8720,2015,02/25,16.58030542728704,Guaíra,36.0,0.48,0.95,0.013,0.007
8721,2016,02/25,14.05399404671092,Guaíra,36.0,0.48,0.95,0.013,0.007
8722,2017,02/25,15.984694484140427,Guaíra,36.0,0.48,0.95,0.013,0.007
8723,2018,02/25,15.78301665903636,Guaíra,36.0,0.48,0.95,0.013,0.007
8724,2019,02/25,16.797726820325288,Guaíra,36.0,0.48,0.95,0.013,0.007
8725,2020,02/25,16.072964239985456,Guaíra,36.0,0.48,0.95,0.013,0.007
8726,2021,02/25,16.298459407080504,Guaíra,36.0,0.48,0.95,0.013,0.007
8727,2022,02/25,14.686383061120932,Guaíra,36.0,0.48,0.95,0.013,0.007
8728,2023,02/25,16.057719642085978,Guaíra,36.0,0.48,0.95,0.013,0.007
8729,2024,02/25,16.53663247887266,Guaíra,36.0,0.48,0.95,0.013,0.007
8730,2015,02/25,16.568691648404066,Marechal Cândido Rondon,36.0,0.48,0.95,0.013,0.007
8731,2016,02/25,14.176837468082633,Marechal Cândido Rondon,36.0,0.48,0.95,0.013,0.007
8732,2017,02/25,16.080616363103207,Marechal Cândido Rondon,36.0,0.48,0.95,0.013,0.007
8733,2018,02/25,15.91092824353305,Marechal Cândido Rondon,36.0,0.48,0.95,0.013,0.007
8734,2019,02/25,16.830057321131946,Marechal Cândido Rondon,36.0,0.48,0.95,0.013,0.007
8735,2020,02/25,16.02737121468577,Marechal Cândido Rondon,36.0,0.48,0.95,0.013,0.007
8736,2021,02/25,16.524308237808928,Marechal Cândido Rondon,36.0,0.48,0.95,0.013,0.007
8737,2022,02/25,14.727443043627828,Marechal Cândido Rondon,36.0,0.48,0.95,0.013,0.007
8738,2023,02/25,16.18951234124859,Marechal Cândido Rondon,36.0,0.48,0.95,0.013,0.007
8739,2024,02/25,16.399272753046723,Marechal Cândido Rondon,36.0,0.48,0.95,0.013,0.007
8740,2015,02/25,15.987659925937441,Matelândia,36.0,0.48,0.95,0.013,0.007
8741,2016,02/25,12.72002352257886,Matelândia,36.0,0.48,0.95,0.013,0.007
8742,2017,02/25,15.331742105257419,Matelândia,36.0,0.48,0.95,0.013,0.007
8743,2018,02/25,14.594033888504313,Matelândia,36.0,0.48,0.95,0.013,0.007
8744,2019,02/25,16.36870057525171,Matelândia,36.0,0.48,0.95,0.013,0.007
8745,2020,02/25,14.710171163399469,Matelândia,36.0,0.48,0.95,0.013,0.007
8746,2021,02/25,15.757230396250748,Matelândia,36.0,0.48,0.95,0.013,0.007
8747,2022,02/25,13.628808173759815,Matelândia,36.0,0.48,0.95,0.013,0.007
8748,2023,02/25,15.531376021919444,Matelândia,36.0,0.48,0.95,0.013,0.007
8749,2024,02/25,15.712875356734076,Matelândia,36.0,0.48,0.95,0.013,0.007
8750,2015,02/25,16.314565570903206,Medianeira,36.0,0.48,0.95,0.013,0.007
8751,2016,02/25,13.531183330592993,Medianeira,36.0,0.48,0.95,0.013,0.007
8752,2017,02/25,15.720592980704627,Medianeira,36.0,0.48,0.95,0.013,0.007
8753,2018,02/25,15.080249730795861,Medianeira,36.0,0.48,0.95,0.013,0.007
8754,2019,02/25,16.63758783242745,Medianeira,36.0,0.48,0.95,0.013,0.007
8755,2020,02/25,15.152369103668374,Medianeira,36.0,0.48,0.95,0.013,0.007
8756,2021,02/25,16.089533025272303,Medianeira,36.0,0.48,0.95,0.013,0.007
8757,2022,02/25,14.145351758429305,Medianeira,36.0,0.48,0.95,0.013,0.007
8758,2023,02/25,16.04963585399056,Medianeira,36.0,0.48,0.95,0.013,0.007
8759,2024,02/25,15.782733267608535,Medianeira,36.0,0.48,0.95,0.013,0.007
8760,2015,02/25,16.531354728946607,Santa Helena,36.0,0.48,0.95,0.013,0.007
8761,2016,02/25,14.188088891038957,Santa Helena,36.0,0.48,0.95,0.013,0.007
8762,2017,02/25,16.084672346821677,Santa Helena,36.0,0.48,0.95,0.013,0.007
8763,2018,02/25,15.722584417709475,Santa Helena,36.0,0.48,0.95,0.013,0.007
8764,2019,02/25,16.80852850239981,Santa Helena,36.0,0.48,0.95,0.013,0.007
8765,2020,02/25,15.805964375933044,Santa Helena,36.0,0.48,0.95,0.013,0.007
8766,2021,02/25,15.920069409670813,Santa Helena,36.0,0.48,0.95,0.013,0.007
8767,2022,02/25,14.743681274258128,Santa Helena,36.0,0.48,0.95,0.013,0.007
8768,2023,02/25,16.25884321320397,Santa Helena,36.0,0.48,0.95,0.013,0.007
8769,2024,02/25,16.1067100215675,Santa Helena,36.0,0.48,0.95,0.013,0.007
8770,2015,02/25,16.315102083479406,São Miguel do Iguaçu,36.0,0.48,0.95,0.013,0.007
8771,2016,02/25,13.531253018397573,São Miguel do Iguaçu,36.0,0.48,0.95,0.013,0.007
8772,2017,02/25,15.72072755263701,São Miguel do Iguaçu,36.0,0.48,0.95,0.013,0.007
8773,2018,02/25,15.0799681705923,São Miguel do Iguaçu,36.0,0.48,0.95,0.013,0.007
8774,2019,02/25,16.63772653215801,São Miguel do Iguaçu,36.0,0.48,0.95,0.013,0.007
8775,2020,02/25,15.15293582666198,São Miguel do Iguaçu,36.0,0.48,0.95,0.013,0.007
8776,2021,02/25,16.08805696668326,São Miguel do Iguaçu,36.0,0.48,0.95,0.013,0.007
8777,2022,02/25,14.14598409514152,São Miguel do Iguaçu,36.0,0.48,0.95,0.013,0.007
8778,2023,02/25,16.050103274473198,São Miguel do Iguaçu,36.0,0.48,0.95,0.013,0.007
8779,2024,02/25,15.782985113216812,São Miguel do Iguaçu,36.0,0.48,0.95,0.013,0.007
8780,2015,02/25,15.754510575552432,São Pedro do Iguaçu,36.0,0.48,0.95,0.013,0.007
8781,2016,02/25,12.378852017148702,São Pedro do Iguaçu,36.0,0.48,0.95,0.013,0.007
8782,2017,02/25,15.099039504735309,São Pedro do Iguaçu,36.0,0.48,0.95,0.013,0.007
8783,2018,02/25,14.59919764578272,São Pedro do Iguaçu,36.0,0.48,0.95,0.013,0.007
8784,2019,02/25,16.181113389298226,São Pedro do Iguaçu,36.0,0.48,0.95,0.013,0.007
8785,2020,02/25,14.689874038579278,São Pedro do Iguaçu,36.0,0.48,0.95,0.013,0.007
8786,2021,02/25,15.612099138301968,São Pedro do Iguaçu,36.0,0.48,0.95,0.013,0.007
8787,2022,02/25,13.279870909491,São Pedro do Iguaçu,36.0,0.48,0.95,0.013,0.007
8788,2023,02/25,15.273048828638856,São Pedro do Iguaçu,36.0,0.48,0.95,0.013,0.007
8789,2024,02/25,15.653424520867954,São Pedro do Iguaçu,36.0,0.48,0.95,0.013,0.007
8790,2015,02/25,16.17977732502558,Toledo,36.0,0.48,0.95,0.013,0.007
8791,2016,02/25,13.1381227040798,Toledo,36.0,0.48,0.95,0.013,0.007
8792,2017,02/25,15.461650981359043,Toledo,36.0,0.48,0.95,0.013,0.007
8793,2018,02/25,15.298094059725646,Toledo,36.0,0.48,0.95,0.013,0.007
8794,2019,02/25,16.47788579508967,Toledo,36.0,0.48,0.95,0.013,0.007
8795,2020,02/25,15.670499823773083,Toledo,36.0,0.48,0.95,0.013,0.007
8796,2021,02/25,16.11093153842928,Toledo,36.0,0.48,0.95,0.013,0.007
8797,2022,02/25,13.883670258575874,Toledo,36.0,0.48,0.95,0.013,0.007
8798,2023,02/25,15.686692385679457,Toledo,36.0,0.48,0.95,0.013,0.007
8799,2024,02/25,16.22061603028704,Toledo,36.0,0.48,0.95,0.013,0.007
8800,2015,02/25,15.951163768270536,Cascavel,36.0,0.5,0.9,0.012,0.006
8801,2016,02/25,12.167870266646833,Cascavel,36.0,0.5,0.9,0.012,0.006
8802,2017,02/25,15.010143152931285,Cascavel,36.0,0.5,0.9,0.012,0.006
8803,2018,02/25,14.473385801639019,Cascavel,36.0,0.5,0.9,0.012,0.006
8804,2019,02/25,16.231854476949923,Cascavel,36.0,0.5,0.9,0.012,0.006
8805,2020,02/25,14.668281572182497,Cascavel,36.0,0.5,0.9,0.012,0.006
8806,2021,02/25,15.439503113617906,Cascavel,36.0,0.5,0.9,0.012,0.006
8807,2022,02/25,13.324087499689657,Cascavel,36.0,0.5,0.9,0.012,0.006
8808,2023,02/25,14.867917811286958,Cascavel,36.0,0.5,0.9,0.012,0.006
8809,2024,02/25,15.955416635500141,Cascavel,36.0,0.5,0.9,0.012,0.006
8810,2015,02/25,16.479723108346548,Foz do Iguaçu,36.0,0.5,0.9,0.012,0.006
8811,2016,02/25,13.66213704141414,Foz do Iguaçu,36.0,0.5,0.9,0.012,0.006
8812,2017,02/25,15.875829306059517,Foz do Iguaçu,36.0,0.5,0.9,0.012,0.006
8813,2018,02/25,15.221776312144888,Foz do Iguaçu,36.0,0.5,0.9,0.012,0.006
8814,2019,02/25,16.809078132312806,Foz do Iguaçu,36.0,0.5,0.9,0.012,0.006
8815,2020,02/25,15.316205115024731,Foz do Iguaçu,36.0,0.5,0.9,0.012,0.006
8816,2021,02/25,16.256445185382876,Foz do Iguaçu,36.0,0.5,0.9,0.012,0.006
8817,2022,02/25,14.283673268140712,Foz do Iguaçu,36.0,0.5,0.9,0.012,0.006
8818,2023,02/25,16.20592422407066,Foz do Iguaçu,36.0,0.5,0.9,0.012,0.006
8819,2024,02/25,15.949354015633155,Foz do Iguaçu,36.0,0.5,0.9,0.012,0.006
8820,2015,02/25,16.746273197890094,Guaíra,36.0,0.5,0.9,0.012,0.006
8821,2016,02/25,14.18968930914248,Guaíra,36.0,0.5,0.9,0.012,0.006
8822,2017,02/25,16.142103665010346,Guaíra,36.0,0.5,0.9,0.012,0.006
8823,2018,02/25,15.929666603068757,Guaíra,36.0,0.5,0.9,0.012,0.006
8824,2019,02/25,16.965156460716308,Guaíra,36.0,0.5,0.9,0.012,0.006
8825,2020,02/25,16.239776349821682,Guaíra,36.0,0.5,0.9,0.012,0.006
8826,2021,02/25,16.469201073157745,Guaíra,36.0,0.5,0.9,0.012,0.006
8827,2022,02/25,14.828950774044532,Guaíra,36.0,0.5,0.9,0.012,0.006
8828,2023,02/25,16.212811635945236,Guaíra,36.0,0.5,0.9,0.012,0.006
8829,2024,02/25,16.69987337091865,Guaíra,36.0,0.5,0.9,0.012,0.006
8830,2015,02/25,16.734619495751122,Marechal Cândido Rondon,36.0,0.5,0.9,0.012,0.006
8831,2016,02/25,14.313371280033103,Marechal Cândido Rondon,36.0,0.5,0.9,0.012,0.006
8832,2017,02/25,16.2388578117476,Marechal Cândido Rondon,36.0,0.5,0.9,0.012,0.006
8833,2018,02/25,16.056853466714774,Marechal Cândido Rondon,36.0,0.5,0.9,0.012,0.006
8834,2019,02/25,16.99824615088105,Marechal Cândido Rondon,36.0,0.5,0.9,0.012,0.006
8835,2020,02/25,16.193563406407574,Marechal Cândido Rondon,36.0,0.5,0.9,0.012,0.006
8836,2021,02/25,16.698691841260803,Marechal Cândido Rondon,36.0,0.5,0.9,0.012,0.006
8837,2022,02/25,14.870523388807577,Marechal Cândido Rondon,36.0,0.5,0.9,0.012,0.006
8838,2023,02/25,16.345658551452026,Marechal Cândido Rondon,36.0,0.5,0.9,0.012,0.006
8839,2024,02/25,16.563209989586102,Marechal Cândido Rondon,36.0,0.5,0.9,0.012,0.006
8840,2015,02/25,16.15034335588972,Matelândia,36.0,0.5,0.9,0.012,0.006
8841,2016,02/25,12.84458241624882,Matelândia,36.0,0.5,0.9,0.012,0.006
8842,2017,02/25,15.486199996001702,Matelândia,36.0,0.5,0.9,0.012,0.006
8843,2018,02/25,14.731604270121547,Matelândia,36.0,0.5,0.9,0.012,0.006
8844,2019,02/25,16.538221238992993,Matelândia,36.0,0.5,0.9,0.012,0.006
8845,2020,02/25,14.870696514469394,Matelândia,36.0,0.5,0.9,0.012,0.006
8846,2021,02/25,15.926949020192506,Matelândia,36.0,0.5,0.9,0.012,0.006
8847,2022,02/25,13.762566001945578,Matelândia,36.0,0.5,0.9,0.012,0.006
8848,2023,02/25,15.682385291054338,Matelândia,36.0,0.5,0.9,0.012,0.006
8849,2024,02/25,15.878191925020026,Matelândia,36.0,0.5,0.9,0.012,0.006
8850,2015,02/25,16.479059604886913,Medianeira,36.0,0.5,0.9,0.012,0.006
8851,2016,02/25,13.662062976023872,Medianeira,36.0,0.5,0.9,0.012,0.006
8852,2017,02/25,15.87567512576714,Medianeira,36.0,0.5,0.9,0.012,0.006
8853,2018,02/25,15.222108911946949,Medianeira,36.0,0.5,0.9,0.012,0.006
8854,2019,02/25,16.80891183339328,Medianeira,36.0,0.5,0.9,0.012,0.006
8855,2020,02/25,15.31541896032153,Medianeira,36.0,0.5,0.9,0.012,0.006
8856,2021,02/25,16.259200324667496,Medianeira,36.0,0.5,0.9,0.012,0.006
8857,2022,02/25,14.283004584885418,Medianeira,36.0,0.5,0.9,0.012,0.006
8858,2023,02/25,16.20536375869195,Medianeira,36.0,0.5,0.9,0.012,0.006
8859,2024,02/25,15.94905186220176,Medianeira,36.0,0.5,0.9,0.012,0.006
8860,2015,02/25,16.697372701100146,Santa Helena,36.0,0.5,0.9,0.012,0.006
8861,2016,02/25,14.325438551850254,Santa Helena,36.0,0.5,0.9,0.012,0.006
8862,2017,02/25,16.242815418152745,Santa Helena,36.0,0.5,0.9,0.012,0.006
8863,2018,02/25,15.867970718678592,Santa Helena,36.0,0.5,0.9,0.012,0.006
8864,2019,02/25,16.978609326358598,Santa Helena,36.0,0.5,0.9,0.012,0.006
8865,2020,02/25,15.971909632063763,Santa Helena,36.0,0.5,0.9,0.012,0.006
8866,2021,02/25,16.25342951376577,Santa Helena,36.0,0.5,0.9,0.012,0.006
8867,2022,02/25,14.886462743059623,Santa Helena,36.0,0.5,0.9,0.012,0.006
8868,2023,02/25,16.41648765910307,Santa Helena,36.0,0.5,0.9,0.012,0.006
8869,2024,02/25,16.272297338468345,Santa Helena,36.0,0.5,0.9,0.012,0.006
8870,2015,02/25,16.47958917060292,São Miguel do Iguaçu,36.0,0.5,0.9,0.012,0.006
8871,2016,02/25,13.662122055184533,São Miguel do Iguaçu,36.0,0.5,0.9,0.012,0.006
8872,2017,02/25,15.875801936140178,São Miguel do Iguaçu,36.0,0.5,0.9,0.012,0.006
8873,2018,02/25,15.221855002996891,São Miguel do Iguaçu,36.0,0.5,0.9,0.012,0.006
8874,2019,02/25,16.809046548639994,São Miguel do Iguaçu,36.0,0.5,0.9,0.012,0.006
8875,2020,02/25,15.31601362284524,São Miguel do Iguaçu,36.0,0.5,0.9,0.012,0.006
8876,2021,02/25,16.256247353281363,São Miguel do Iguaçu,36.0,0.5,0.9,0.012,0.006
8877,2022,02/25,14.283641686493409,São Miguel do Iguaçu,36.0,0.5,0.9,0.012,0.006
8878,2023,02/25,16.205823273282014,São Miguel do Iguaçu,36.0,0.5,0.9,0.012,0.006
8879,2024,02/25,15.94929999834241,São Miguel do Iguaçu,36.0,0.5,0.9,0.012,0.006
8880,2015,02/25,15.916221870760637,São Pedro do Iguaçu,36.0,0.5,0.9,0.012,0.006
8881,2016,02/25,12.501128476127622,São Pedro do Iguaçu,36.0,0.5,0.9,0.012,0.006
8882,2017,02/25,15.254070739771821,São Pedro do Iguaçu,36.0,0.5,0.9,0.012,0.006
8883,2018,02/25,14.736080961617596,São Pedro do Iguaçu,36.0,0.5,0.9,0.012,0.006
8884,2019,02/25,16.34764590515304,São Pedro do Iguaçu,36.0,0.5,0.9,0.012,0.006
8885,2020,02/25,14.850923725743808,São Pedro do Iguaçu,36.0,0.5,0.9,0.012,0.006
8886,2021,02/25,15.775232521588867,São Pedro do Iguaçu,36.0,0.5,0.9,0.012,0.006
8887,2022,02/25,13.41135803428138,São Pedro do Iguaçu,36.0,0.5,0.9,0.012,0.006
8888,2023,02/25,15.422272279611724,São Pedro do Iguaçu,36.0,0.5,0.9,0.012,0.006
8889,2024,02/25,15.816214229462691,São Pedro do Iguaçu,36.0,0.5,0.9,0.012,0.006
8890,2015,02/25,16.343871765442888,Toledo,36.0,0.5,0.9,0.012,0.006
8891,2016,02/25,13.266320451584336,Toledo,36.0,0.5,0.9,0.012,0.006
8892,2017,02/25,15.617194145002575,Toledo,36.0,0.5,0.9,0.012,0.006
8893,2018,02/25,15.440312439917314,Toledo,36.0,0.5,0.9,0.012,0.006
8894,2019,02/25,16.644229411776188,Toledo,36.0,0.5,0.9,0.012,0.006
8895,2020,02/25,15.837662580942405,Toledo,36.0,0.5,0.9,0.012,0.006
8896,2021,02/25,16.27961504896073,Toledo,36.0,0.5,0.9,0.012,0.006
8897,2022,02/25,14.02050224974264,Toledo,36.0,0.5,0.9,0.012,0.006
8898,2023,02/25,15.839264855394287,Toledo,36.0,0.5,0.9,0.012,0.006
8899,2024,02/25,16.383527746619496,Toledo,36.0,0.5,0.9,0.012,0.006
8900,2015,02/25,15.951163768270536,Cascavel,36.0,0.5,0.9,0.012,0.007
8901,2016,02/25,12.167870266646833,Cascavel,36.0,0.5,0.9,0.012,0.007
8902,2017,02/25,15.010143152931285,Cascavel,36.0,0.5,0.9,0.012,0.007
8903,2018,02/25,14.473385801639019,Cascavel,36.0,0.5,0.9,0.012,0.007
8904,2019,02/25,16.231854476949923,Cascavel,36.0,0.5,0.9,0.012,0.007
8905,2020,02/25,14.668281572182497,Cascavel,36.0,0.5,0.9,0.012,0.007
8906,2021,02/25,15.439503113617906,Cascavel,36.0,0.5,0.9,0.012,0.007
8907,2022,02/25,13.324087499689657,Cascavel,36.0,0.5,0.9,0.012,0.007
8908,2023,02/25,14.867917811286958,Cascavel,36.0,0.5,0.9,0.012,0.007
8909,2024,02/25,15.955416635500141,Cascavel,36.0,0.5,0.9,0.012,0.007
8910,2015,02/25,16.479723108346548,Foz do Iguaçu,36.0,0.5,0.9,0.012,0.007
8911,2016,02/25,13.66213704141414,Foz do Iguaçu,36.0,0.5,0.9,0.012,0.007
8912,2017,02/25,15.875829306059517,Foz do Iguaçu,36.0,0.5,0.9,0.012,0.007
8913,2018,02/25,15.221776312144888,Foz do Iguaçu,36.0,0.5,0.9,0.012,0.007
8914,2019,02/25,16.809078132312806,Foz do Iguaçu,36.0,0.5,0.9,0.012,0.007
8915,2020,02/25,15.316205115024731,Foz do Iguaçu,36.0,0.5,0.9,0.012,0.007
8916,2021,02/25,16.256445185382876,Foz do Iguaçu,36.0,0.5,0.9,0.012,0.007
8917,2022,02/25,14.283673268140712,Foz do Iguaçu,36.0,0.5,0.9,0.012,0.007
8918,2023,02/25,16.20592422407066,Foz do Iguaçu,36.0,0.5,0.9,0.012,0.007
8919,2024,02/25,15.949354015633155,Foz do Iguaçu,36.0,0.5,0.9,0.012,0.007
8920,2015,02/25,16.746273197890094,Guaíra,36.0,0.5,0.9,0.012,0.007
8921,2016,02/25,14.18968930914248,Guaíra,36.0,0.5,0.9,0.012,0.007
8922,2017,02/25,16.142103665010346,Guaíra,36.0,0.5,0.9,0.012,0.007
8923,2018,02/25,15.929666603068757,Guaíra,36.0,0.5,0.9,0.012,0.007
8924,2019,02/25,16.965156460716308,Guaíra,36.0,0.5,0.9,0.012,0.007
8925,2020,02/25,16.239776349821682,Guaíra,36.0,0.5,0.9,0.012,0.007
8926,2021,02/25,16.469201073157745,Guaíra,36.0,0.5,0.9,0.012,0.007
8927,2022,02/25,14.828950774044532,Guaíra,36.0,0.5,0.9,0.012,0.007
8928,2023,02/25,16.212811635945236,Guaíra,36.0,0.5,0.9,0.012,0.007
8929,2024,02/25,16.69987337091865,Guaíra,36.0,0.5,0.9,0.012,0.007
8930,2015,02/25,16.734619495751122,Marechal Cândido Rondon,36.0,0.5,0.9,0.012,0.007
8931,2016,02/25,14.313371280033103,Marechal Cândido Rondon,36.0,0.5,0.9,0.012,0.007
8932,2017,02/25,16.2388578117476,Marechal Cândido Rondon,36.0,0.5,0.9,0.012,0.007
8933,2018,02/25,16.056853466714774,Marechal Cândido Rondon,36.0,0.5,0.9,0.012,0.007
8934,2019,02/25,16.99824615088105,Marechal Cândido Rondon,36.0,0.5,0.9,0.012,0.007
8935,2020,02/25,16.193563406407574,Marechal Cândido Rondon,36.0,0.5,0.9,0.012,0.007
8936,2021,02/25,16.698691841260803,Marechal Cândido Rondon,36.0,0.5,0.9,0.012,0.007
8937,2022,02/25,14.870523388807577,Marechal Cândido Rondon,36.0,0.5,0.9,0.012,0.007
8938,2023,02/25,16.345658551452026,Marechal Cândido Rondon,36.0,0.5,0.9,0.012,0.007
8939,2024,02/25,16.563209989586102,Marechal Cândido Rondon,36.0,0.5,0.9,0.012,0.007
8940,2015,02/25,16.15034335588972,Matelândia,36.0,0.5,0.9,0.012,0.007
8941,2016,02/25,12.84458241624882,Matelândia,36.0,0.5,0.9,0.012,0.007
8942,2017,02/25,15.486199996001702,Matelândia,36.0,0.5,0.9,0.012,0.007
8943,2018,02/25,14.731604270121547,Matelândia,36.0,0.5,0.9,0.012,0.007
8944,2019,02/25,16.538221238992993,Matelândia,36.0,0.5,0.9,0.012,0.007
8945,2020,02/25,14.870696514469394,Matelândia,36.0,0.5,0.9,0.012,0.007
8946,2021,02/25,15.926949020192506,Matelândia,36.0,0.5,0.9,0.012,0.007
8947,2022,02/25,13.762566001945578,Matelândia,36.0,0.5,0.9,0.012,0.007
8948,2023,02/25,15.682385291054338,Matelândia,36.0,0.5,0.9,0.012,0.007
8949,2024,02/25,15.878191925020026,Matelândia,36.0,0.5,0.9,0.012,0.007
8950,2015,02/25,16.479059604886913,Medianeira,36.0,0.5,0.9,0.012,0.007
8951,2016,02/25,13.662062976023872,Medianeira,36.0,0.5,0.9,0.012,0.007
8952,2017,02/25,15.87567512576714,Medianeira,36.0,0.5,0.9,0.012,0.007
8953,2018,02/25,15.222108911946949,Medianeira,36.0,0.5,0.9,0.012,0.007
8954,2019,02/25,16.80891183339328,Medianeira,36.0,0.5,0.9,0.012,0.007
8955,2020,02/25,15.31541896032153,Medianeira,36.0,0.5,0.9,0.012,0.007
8956,2021,02/25,16.259200324667496,Medianeira,36.0,0.5,0.9,0.012,0.007
8957,2022,02/25,14.283004584885418,Medianeira,36.0,0.5,0.9,0.012,0.007
8958,2023,02/25,16.20536375869195,Medianeira,36.0,0.5,0.9,0.012,0.007
8959,2024,02/25,15.94905186220176,Medianeira,36.0,0.5,0.9,0.012,0.007
8960,2015,02/25,16.697372701100146,Santa Helena,36.0,0.5,0.9,0.012,0.007
8961,2016,02/25,14.325438551850254,Santa Helena,36.0,0.5,0.9,0.012,0.007
8962,2017,02/25,16.242815418152745,Santa Helena,36.0,0.5,0.9,0.012,0.007
8963,2018,02/25,15.867970718678592,Santa Helena,36.0,0.5,0.9,0.012,0.007
8964,2019,02/25,16.978609326358598,Santa Helena,36.0,0.5,0.9,0.012,0.007
8965,2020,02/25,15.971909632063763,Santa Helena,36.0,0.5,0.9,0.012,0.007
8966,2021,02/25,16.25342951376577,Santa Helena,36.0,0.5,0.9,0.012,0.007
8967,2022,02/25,14.886462743059623,Santa Helena,36.0,0.5,0.9,0.012,0.007
8968,2023,02/25,16.41648765910307,Santa Helena,36.0,0.5,0.9,0.012,0.007
8969,2024,02/25,16.272297338468345,Santa Helena,36.0,0.5,0.9,0.012,0.007
8970,2015,02/25,16.47958917060292,São Miguel do Iguaçu,36.0,0.5,0.9,0.012,0.007
8971,2016,02/25,13.662122055184533,São Miguel do Iguaçu,36.0,0.5,0.9,0.012,0.007
8972,2017,02/25,15.875801936140178,São Miguel do Iguaçu,36.0,0.5,0.9,0.012,0.007
8973,2018,02/25,15.221855002996891,São Miguel do Iguaçu,36.0,0.5,0.9,0.012,0.007
8974,2019,02/25,16.809046548639994,São Miguel do Iguaçu,36.0,0.5,0.9,0.012,0.007
8975,2020,02/25,15.31601362284524,São Miguel do Iguaçu,36.0,0.5,0.9,0.012,0.007
8976,2021,02/25,16.256247353281363,São Miguel do Iguaçu,36.0,0.5,0.9,0.012,0.007
8977,2022,02/25,14.283641686493409,São Miguel do Iguaçu,36.0,0.5,0.9,0.012,0.007
8978,2023,02/25,16.205823273282014,São Miguel do Iguaçu,36.0,0.5,0.9,0.012,0.007
8979,2024,02/25,15.94929999834241,São Miguel do Iguaçu,36.0,0.5,0.9,0.012,0.007
8980,2015,02/25,15.916221870760637,São Pedro do Iguaçu,36.0,0.5,0.9,0.012,0.007
8981,2016,02/25,12.501128476127622,São Pedro do Iguaçu,36.0,0.5,0.9,0.012,0.007
8982,2017,02/25,15.254070739771821,São Pedro do Iguaçu,36.0,0.5,0.9,0.012,0.007
8983,2018,02/25,14.736080961617596,São Pedro do Iguaçu,36.0,0.5,0.9,0.012,0.007
8984,2019,02/25,16.34764590515304,São Pedro do Iguaçu,36.0,0.5,0.9,0.012,0.007
8985,2020,02/25,14.850923725743808,São Pedro do Iguaçu,36.0,0.5,0.9,0.012,0.007
8986,2021,02/25,15.775232521588867,São Pedro do Iguaçu,36.0,0.5,0.9,0.012,0.007
8987,2022,02/25,13.41135803428138,São Pedro do Iguaçu,36.0,0.5,0.9,0.012,0.007
8988,2023,02/25,15.422272279611724,São Pedro do Iguaçu,36.0,0.5,0.9,0.012,0.007
8989,2024,02/25,15.816214229462691,São Pedro do Iguaçu,36.0,0.5,0.9,0.012,0.007
8990,2015,02/25,16.343871765442888,Toledo,36.0,0.5,0.9,0.012,0.007
8991,2016,02/25,13.266320451584336,Toledo,36.0,0.5,0.9,0.012,0.007
8992,2017,02/25,15.617194145002575,Toledo,36.0,0.5,0.9,0.012,0.007
8993,2018,02/25,15.440312439917314,Toledo,36.0,0.5,0.9,0.012,0.007
8994,2019,02/25,16.644229411776188,Toledo,36.0,0.5,0.9,0.012,0.007
8995,2020,02/25,15.837662580942405,Toledo,36.0,0.5,0.9,0.012,0.007
8996,2021,02/25,16.27961504896073,Toledo,36.0,0.5,0.9,0.012,0.007
8997,2022,02/25,14.02050224974264,Toledo,36.0,0.5,0.9,0.012,0.007
8998,2023,02/25,15.839264855394287,Toledo,36.0,0.5,0.9,0.012,0.007
8999,2024,02/25,16.383527746619496,Toledo,36.0,0.5,0.9,0.012,0.007
9000,2015,02/25,15.951163768270536,Cascavel,36.0,0.5,0.9,0.013,0.006
9001,2016,02/25,12.167870266646833,Cascavel,36.0,0.5,0.9,0.013,0.006
9002,2017,02/25,15.010143152931285,Cascavel,36.0,0.5,0.9,0.013,0.006
9003,2018,02/25,14.473385801639019,Cascavel,36.0,0.5,0.9,0.013,0.006
9004,2019,02/25,16.231854476949923,Cascavel,36.0,0.5,0.9,0.013,0.006
9005,2020,02/25,14.668281572182497,Cascavel,36.0,0.5,0.9,0.013,0.006
9006,2021,02/25,15.439503113617906,Cascavel,36.0,0.5,0.9,0.013,0.006
9007,2022,02/25,13.324087499689657,Cascavel,36.0,0.5,0.9,0.013,0.006
9008,2023,02/25,14.867917811286958,Cascavel,36.0,0.5,0.9,0.013,0.006
9009,2024,02/25,15.955416635500141,Cascavel,36.0,0.5,0.9,0.013,0.006
9010,2015,02/25,16.479723108346548,Foz do Iguaçu,36.0,0.5,0.9,0.013,0.006
9011,2016,02/25,13.66213704141414,Foz do Iguaçu,36.0,0.5,0.9,0.013,0.006
9012,2017,02/25,15.875829306059517,Foz do Iguaçu,36.0,0.5,0.9,0.013,0.006
9013,2018,02/25,15.221776312144888,Foz do Iguaçu,36.0,0.5,0.9,0.013,0.006
9014,2019,02/25,16.809078132312806,Foz do Iguaçu,36.0,0.5,0.9,0.013,0.006
9015,2020,02/25,15.316205115024731,Foz do Iguaçu,36.0,0.5,0.9,0.013,0.006
9016,2021,02/25,16.256445185382876,Foz do Iguaçu,36.0,0.5,0.9,0.013,0.006
9017,2022,02/25,14.283673268140712,Foz do Iguaçu,36.0,0.5,0.9,0.013,0.006
9018,2023,02/25,16.20592422407066,Foz do Iguaçu,36.0,0.5,0.9,0.013,0.006
9019,2024,02/25,15.949354015633155,Foz do Iguaçu,36.0,0.5,0.9,0.013,0.006
9020,2015,02/25,16.746273197890094,Guaíra,36.0,0.5,0.9,0.013,0.006
9021,2016,02/25,14.18968930914248,Guaíra,36.0,0.5,0.9,0.013,0.006
9022,2017,02/25,16.142103665010346,Guaíra,36.0,0.5,0.9,0.013,0.006
9023,2018,02/25,15.929666603068757,Guaíra,36.0,0.5,0.9,0.013,0.006
9024,2019,02/25,16.965156460716308,Guaíra,36.0,0.5,0.9,0.013,0.006
9025,2020,02/25,16.239776349821682,Guaíra,36.0,0.5,0.9,0.013,0.006
9026,2021,02/25,16.469201073157745,Guaíra,36.0,0.5,0.9,0.013,0.006
9027,2022,02/25,14.828950774044532,Guaíra,36.0,0.5,0.9,0.013,0.006
9028,2023,02/25,16.212811635945236,Guaíra,36.0,0.5,0.9,0.013,0.006
9029,2024,02/25,16.69987337091865,Guaíra,36.0,0.5,0.9,0.013,0.006
9030,2015,02/25,16.734619495751122,Marechal Cândido Rondon,36.0,0.5,0.9,0.013,0.006
9031,2016,02/25,14.313371280033103,Marechal Cândido Rondon,36.0,0.5,0.9,0.013,0.006
9032,2017,02/25,16.2388578117476,Marechal Cândido Rondon,36.0,0.5,0.9,0.013,0.006
9033,2018,02/25,16.056853466714774,Marechal Cândido Rondon,36.0,0.5,0.9,0.013,0.006
9034,2019,02/25,16.99824615088105,Marechal Cândido Rondon,36.0,0.5,0.9,0.013,0.006
9035,2020,02/25,16.193563406407574,Marechal Cândido Rondon,36.0,0.5,0.9,0.013,0.006
9036,2021,02/25,16.698691841260803,Marechal Cândido Rondon,36.0,0.5,0.9,0.013,0.006
9037,2022,02/25,14.870523388807577,Marechal Cândido Rondon,36.0,0.5,0.9,0.013,0.006
9038,2023,02/25,16.345658551452026,Marechal Cândido Rondon,36.0,0.5,0.9,0.013,0.006
9039,2024,02/25,16.563209989586102,Marechal Cândido Rondon,36.0,0.5,0.9,0.013,0.006
9040,2015,02/25,16.15034335588972,Matelândia,36.0,0.5,0.9,0.013,0.006
9041,2016,02/25,12.84458241624882,Matelândia,36.0,0.5,0.9,0.013,0.006
9042,2017,02/25,15.486199996001702,Matelândia,36.0,0.5,0.9,0.013,0.006
9043,2018,02/25,14.731604270121547,Matelândia,36.0,0.5,0.9,0.013,0.006
9044,2019,02/25,16.538221238992993,Matelândia,36.0,0.5,0.9,0.013,0.006
9045,2020,02/25,14.870696514469394,Matelândia,36.0,0.5,0.9,0.013,0.006
9046,2021,02/25,15.926949020192506,Matelândia,36.0,0.5,0.9,0.013,0.006
9047,2022,02/25,13.762566001945578,Matelândia,36.0,0.5,0.9,0.013,0.006
9048,2023,02/25,15.682385291054338,Matelândia,36.0,0.5,0.9,0.013,0.006
9049,2024,02/25,15.878191925020026,Matelândia,36.0,0.5,0.9,0.013,0.006
9050,2015,02/25,16.479059604886913,Medianeira,36.0,0.5,0.9,0.013,0.006
9051,2016,02/25,13.662062976023872,Medianeira,36.0,0.5,0.9,0.013,0.006
9052,2017,02/25,15.87567512576714,Medianeira,36.0,0.5,0.9,0.013,0.006
9053,2018,02/25,15.222108911946949,Medianeira,36.0,0.5,0.9,0.013,0.006
9054,2019,02/25,16.80891183339328,Medianeira,36.0,0.5,0.9,0.013,0.006
9055,2020,02/25,15.31541896032153,Medianeira,36.0,0.5,0.9,0.013,0.006
9056,2021,02/25,16.259200324667496,Medianeira,36.0,0.5,0.9,0.013,0.006
9057,2022,02/25,14.283004584885418,Medianeira,36.0,0.5,0.9,0.013,0.006
9058,2023,02/25,16.20536375869195,Medianeira,36.0,0.5,0.9,0.013,0.006
9059,2024,02/25,15.94905186220176,Medianeira,36.0,0.5,0.9,0.013,0.006
9060,2015,02/25,16.697372701100146,Santa Helena,36.0,0.5,0.9,0.013,0.006
9061,2016,02/25,14.325438551850254,Santa Helena,36.0,0.5,0.9,0.013,0.006
9062,2017,02/25,16.242815418152745,Santa Helena,36.0,0.5,0.9,0.013,0.006
9063,2018,02/25,15.867970718678592,Santa Helena,36.0,0.5,0.9,0.013,0.006
9064,2019,02/25,16.978609326358598,Santa Helena,36.0,0.5,0.9,0.013,0.006
9065,2020,02/25,15.971909632063763,Santa Helena,36.0,0.5,0.9,0.013,0.006
9066,2021,02/25,16.25342951376577,Santa Helena,36.0,0.5,0.9,0.013,0.006
9067,2022,02/25,14.886462743059623,Santa Helena,36.0,0.5,0.9,0.013,0.006
9068,2023,02/25,16.41648765910307,Santa Helena,36.0,0.5,0.9,0.013,0.006
9069,2024,02/25,16.272297338468345,Santa Helena,36.0,0.5,0.9,0.013,0.006
9070,2015,02/25,16.47958917060292,São Miguel do Iguaçu,36.0,0.5,0.9,0.013,0.006
9071,2016,02/25,13.662122055184533,São Miguel do Iguaçu,36.0,0.5,0.9,0.013,0.006
9072,2017,02/25,15.875801936140178,São Miguel do Iguaçu,36.0,0.5,0.9,0.013,0.006
9073,2018,02/25,15.221855002996891,São Miguel do Iguaçu,36.0,0.5,0.9,0.013,0.006
9074,2019,02/25,16.809046548639994,São Miguel do Iguaçu,36.0,0.5,0.9,0.013,0.006
9075,2020,02/25,15.31601362284524,São Miguel do Iguaçu,36.0,0.5,0.9,0.013,0.006
9076,2021,02/25,16.256247353281363,São Miguel do Iguaçu,36.0,0.5,0.9,0.013,0.006
9077,2022,02/25,14.283641686493409,São Miguel do Iguaçu,36.0,0.5,0.9,0.013,0.006
9078,2023,02/25,16.205823273282014,São Miguel do Iguaçu,36.0,0.5,0.9,0.013,0.006
9079,2024,02/25,15.94929999834241,São Miguel do Iguaçu,36.0,0.5,0.9,0.013,0.006
9080,2015,02/25,15.916221870760637,São Pedro do Iguaçu,36.0,0.5,0.9,0.013,0.006
9081,2016,02/25,12.501128476127622,São Pedro do Iguaçu,36.0,0.5,0.9,0.013,0.006
9082,2017,02/25,15.254070739771821,São Pedro do Iguaçu,36.0,0.5,0.9,0.013,0.006
9083,2018,02/25,14.736080961617596,São Pedro do Iguaçu,36.0,0.5,0.9,0.013,0.006
9084,2019,02/25,16.34764590515304,São Pedro do Iguaçu,36.0,0.5,0.9,0.013,0.006
9085,2020,02/25,14.850923725743808,São Pedro do Iguaçu,36.0,0.5,0.9,0.013,0.006
9086,2021,02/25,15.775232521588867,São Pedro do Iguaçu,36.0,0.5,0.9,0.013,0.006
9087,2022,02/25,13.41135803428138,São Pedro do Iguaçu,36.0,0.5,0.9,0.013,0.006
9088,2023,02/25,15.422272279611724,São Pedro do Iguaçu,36.0,0.5,0.9,0.013,0.006
9089,2024,02/25,15.816214229462691,São Pedro do Iguaçu,36.0,0.5,0.9,0.013,0.006
9090,2015,02/25,16.343871765442888,Toledo,36.0,0.5,0.9,0.013,0.006
9091,2016,02/25,13.266320451584336,Toledo,36.0,0.5,0.9,0.013,0.006
9092,2017,02/25,15.617194145002575,Toledo,36.0,0.5,0.9,0.013,0.006
9093,2018,02/25,15.440312439917314,Toledo,36.0,0.5,0.9,0.013,0.006
9094,2019,02/25,16.644229411776188,Toledo,36.0,0.5,0.9,0.013,0.006
9095,2020,02/25,15.837662580942405,Toledo,36.0,0.5,0.9,0.013,0.006
9096,2021,02/25,16.27961504896073,Toledo,36.0,0.5,0.9,0.013,0.006
9097,2022,02/25,14.02050224974264,Toledo,36.0,0.5,0.9,0.013,0.006
9098,2023,02/25,15.839264855394287,Toledo,36.0,0.5,0.9,0.013,0.006
9099,2024,02/25,16.383527746619496,Toledo,36.0,0.5,0.9,0.013,0.006
9100,2015,02/25,15.951163768270536,Cascavel,36.0,0.5,0.9,0.013,0.007
9101,2016,02/25,12.167870266646833,Cascavel,36.0,0.5,0.9,0.013,0.007
9102,2017,02/25,15.010143152931285,Cascavel,36.0,0.5,0.9,0.013,0.007
9103,2018,02/25,14.473385801639019,Cascavel,36.0,0.5,0.9,0.013,0.007
9104,2019,02/25,16.231854476949923,Cascavel,36.0,0.5,0.9,0.013,0.007
9105,2020,02/25,14.668281572182497,Cascavel,36.0,0.5,0.9,0.013,0.007
9106,2021,02/25,15.439503113617906,Cascavel,36.0,0.5,0.9,0.013,0.007
9107,2022,02/25,13.324087499689657,Cascavel,36.0,0.5,0.9,0.013,0.007
9108,2023,02/25,14.867917811286958,Cascavel,36.0,0.5,0.9,0.013,0.007
9109,2024,02/25,15.955416635500141,Cascavel,36.0,0.5,0.9,0.013,0.007
9110,2015,02/25,16.479723108346548,Foz do Iguaçu,36.0,0.5,0.9,0.013,0.007
9111,2016,02/25,13.66213704141414,Foz do Iguaçu,36.0,0.5,0.9,0.013,0.007
9112,2017,02/25,15.875829306059517,Foz do Iguaçu,36.0,0.5,0.9,0.013,0.007
9113,2018,02/25,15.221776312144888,Foz do Iguaçu,36.0,0.5,0.9,0.013,0.007
9114,2019,02/25,16.809078132312806,Foz do Iguaçu,36.0,0.5,0.9,0.013,0.007
9115,2020,02/25,15.316205115024731,Foz do Iguaçu,36.0,0.5,0.9,0.013,0.007
9116,2021,02/25,16.256445185382876,Foz do Iguaçu,36.0,0.5,0.9,0.013,0.007
9117,2022,02/25,14.283673268140712,Foz do Iguaçu,36.0,0.5,0.9,0.013,0.007
9118,2023,02/25,16.20592422407066,Foz do Iguaçu,36.0,0.5,0.9,0.013,0.007
9119,2024,02/25,15.949354015633155,Foz do Iguaçu,36.0,0.5,0.9,0.013,0.007
9120,2015,02/25,16.746273197890094,Guaíra,36.0,0.5,0.9,0.013,0.007
9121,2016,02/25,14.18968930914248,Guaíra,36.0,0.5,0.9,0.013,0.007
9122,2017,02/25,16.142103665010346,Guaíra,36.0,0.5,0.9,0.013,0.007
9123,2018,02/25,15.929666603068757,Guaíra,36.0,0.5,0.9,0.013,0.007
9124,2019,02/25,16.965156460716308,Guaíra,36.0,0.5,0.9,0.013,0.007
9125,2020,02/25,16.239776349821682,Guaíra,36.0,0.5,0.9,0.013,0.007
9126,2021,02/25,16.469201073157745,Guaíra,36.0,0.5,0.9,0.013,0.007
9127,2022,02/25,14.828950774044532,Guaíra,36.0,0.5,0.9,0.013,0.007
9128,2023,02/25,16.212811635945236,Guaíra,36.0,0.5,0.9,0.013,0.007
9129,2024,02/25,16.69987337091865,Guaíra,36.0,0.5,0.9,0.013,0.007
9130,2015,02/25,16.734619495751122,Marechal Cândido Rondon,36.0,0.5,0.9,0.013,0.007
9131,2016,02/25,14.313371280033103,Marechal Cândido Rondon,36.0,0.5,0.9,0.013,0.007
9132,2017,02/25,16.2388578117476,Marechal Cândido Rondon,36.0,0.5,0.9,0.013,0.007
9133,2018,02/25,16.056853466714774,Marechal Cândido Rondon,36.0,0.5,0.9,0.013,0.007
9134,2019,02/25,16.99824615088105,Marechal Cândido Rondon,36.0,0.5,0.9,0.013,0.007
9135,2020,02/25,16.193563406407574,Marechal Cândido Rondon,36.0,0.5,0.9,0.013,0.007
9136,2021,02/25,16.698691841260803,Marechal Cândido Rondon,36.0,0.5,0.9,0.013,0.007
9137,2022,02/25,14.870523388807577,Marechal Cândido Rondon,36.0,0.5,0.9,0.013,0.007
9138,2023,02/25,16.345658551452026,Marechal Cândido Rondon,36.0,0.5,0.9,0.013,0.007
9139,2024,02/25,16.563209989586102,Marechal Cândido Rondon,36.0,0.5,0.9,0.013,0.007
9140,2015,02/25,16.15034335588972,Matelândia,36.0,0.5,0.9,0.013,0.007
9141,2016,02/25,12.84458241624882,Matelândia,36.0,0.5,0.9,0.013,0.007
9142,2017,02/25,15.486199996001702,Matelândia,36.0,0.5,0.9,0.013,0.007
9143,2018,02/25,14.731604270121547,Matelândia,36.0,0.5,0.9,0.013,0.007
9144,2019,02/25,16.538221238992993,Matelândia,36.0,0.5,0.9,0.013,0.007
9145,2020,02/25,14.870696514469394,Matelândia,36.0,0.5,0.9,0.013,0.007
9146,2021,02/25,15.926949020192506,Matelândia,36.0,0.5,0.9,0.013,0.007
9147,2022,02/25,13.762566001945578,Matelândia,36.0,0.5,0.9,0.013,0.007
9148,2023,02/25,15.682385291054338,Matelândia,36.0,0.5,0.9,0.013,0.007
9149,2024,02/25,15.878191925020026,Matelândia,36.0,0.5,0.9,0.013,0.007
9150,2015,02/25,16.479059604886913,Medianeira,36.0,0.5,0.9,0.013,0.007
9151,2016,02/25,13.662062976023872,Medianeira,36.0,0.5,0.9,0.013,0.007
9152,2017,02/25,15.87567512576714,Medianeira,36.0,0.5,0.9,0.013,0.007
9153,2018,02/25,15.222108911946949,Medianeira,36.0,0.5,0.9,0.013,0.007
9154,2019,02/25,16.80891183339328,Medianeira,36.0,0.5,0.9,0.013,0.007
9155,2020,02/25,15.31541896032153,Medianeira,36.0,0.5,0.9,0.013,0.007
9156,2021,02/25,16.259200324667496,Medianeira,36.0,0.5,0.9,0.013,0.007
9157,2022,02/25,14.283004584885418,Medianeira,36.0,0.5,0.9,0.013,0.007
9158,2023,02/25,16.20536375869195,Medianeira,36.0,0.5,0.9,0.013,0.007
9159,2024,02/25,15.94905186220176,Medianeira,36.0,0.5,0.9,0.013,0.007
9160,2015,02/25,16.697372701100146,Santa Helena,36.0,0.5,0.9,0.013,0.007
9161,2016,02/25,14.325438551850254,Santa Helena,36.0,0.5,0.9,0.013,0.007
9162,2017,02/25,16.242815418152745,Santa Helena,36.0,0.5,0.9,0.013,0.007
9163,2018,02/25,15.867970718678592,Santa Helena,36.0,0.5,0.9,0.013,0.007
9164,2019,02/25,16.978609326358598,Santa Helena,36.0,0.5,0.9,0.013,0.007
9165,2020,02/25,15.971909632063763,Santa Helena,36.0,0.5,0.9,0.013,0.007
9166,2021,02/25,16.25342951376577,Santa Helena,36.0,0.5,0.9,0.013,0.007
9167,2022,02/25,14.886462743059623,Santa Helena,36.0,0.5,0.9,0.013,0.007
9168,2023,02/25,16.41648765910307,Santa Helena,36.0,0.5,0.9,0.013,0.007
9169,2024,02/25,16.272297338468345,Santa Helena,36.0,0.5,0.9,0.013,0.007
9170,2015,02/25,16.47958917060292,São Miguel do Iguaçu,36.0,0.5,0.9,0.013,0.007
9171,2016,02/25,13.662122055184533,São Miguel do Iguaçu,36.0,0.5,0.9,0.013,0.007
9172,2017,02/25,15.875801936140178,São Miguel do Iguaçu,36.0,0.5,0.9,0.013,0.007
9173,2018,02/25,15.221855002996891,São Miguel do Iguaçu,36.0,0.5,0.9,0.013,0.007
9174,2019,02/25,16.809046548639994,São Miguel do Iguaçu,36.0,0.5,0.9,0.013,0.007
9175,2020,02/25,15.31601362284524,São Miguel do Iguaçu,36.0,0.5,0.9,0.013,0.007
9176,2021,02/25,16.256247353281363,São Miguel do Iguaçu,36.0,0.5,0.9,0.013,0.007
9177,2022,02/25,14.283641686493409,São Miguel do Iguaçu,36.0,0.5,0.9,0.013,0.007
9178,2023,02/25,16.205823273282014,São Miguel do Iguaçu,36.0,0.5,0.9,0.013,0.007
9179,2024,02/25,15.94929999834241,São Miguel do Iguaçu,36.0,0.5,0.9,0.013,0.007
9180,2015,02/25,15.916221870760637,São Pedro do Iguaçu,36.0,0.5,0.9,0.013,0.007
9181,2016,02/25,12.501128476127622,São Pedro do Iguaçu,36.0,0.5,0.9,0.013,0.007
9182,2017,02/25,15.254070739771821,São Pedro do Iguaçu,36.0,0.5,0.9,0.013,0.007
9183,2018,02/25,14.736080961617596,São Pedro do Iguaçu,36.0,0.5,0.9,0.013,0.007
9184,2019,02/25,16.34764590515304,São Pedro do Iguaçu,36.0,0.5,0.9,0.013,0.007
9185,2020,02/25,14.850923725743808,São Pedro do Iguaçu,36.0,0.5,0.9,0.013,0.007
9186,2021,02/25,15.775232521588867,São Pedro do Iguaçu,36.0,0.5,0.9,0.013,0.007
9187,2022,02/25,13.41135803428138,São Pedro do Iguaçu,36.0,0.5,0.9,0.013,0.007
9188,2023,02/25,15.422272279611724,São Pedro do Iguaçu,36.0,0.5,0.9,0.013,0.007
9189,2024,02/25,15.816214229462691,São Pedro do Iguaçu,36.0,0.5,0.9,0.013,0.007
9190,2015,02/25,16.343871765442888,Toledo,36.0,0.5,0.9,0.013,0.007
9191,2016,02/25,13.266320451584336,Toledo,36.0,0.5,0.9,0.013,0.007
9192,2017,02/25,15.617194145002575,Toledo,36.0,0.5,0.9,0.013,0.007
9193,2018,02/25,15.440312439917314,Toledo,36.0,0.5,0.9,0.013,0.007
9194,2019,02/25,16.644229411776188,Toledo,36.0,0.5,0.9,0.013,0.007
9195,2020,02/25,15.837662580942405,Toledo,36.0,0.5,0.9,0.013,0.007
9196,2021,02/25,16.27961504896073,Toledo,36.0,0.5,0.9,0.013,0.007
9197,2022,02/25,14.02050224974264,Toledo,36.0,0.5,0.9,0.013,0.007
9198,2023,02/25,15.839264855394287,Toledo,36.0,0.5,0.9,0.013,0.007
9199,2024,02/25,16.383527746619496,Toledo,36.0,0.5,0.9,0.013,0.007
9200,2015,02/25,16.44594374200115,Cascavel,36.0,0.5,0.95,0.012,0.006
9201,2016,02/25,12.54946755878257,Cascavel,36.0,0.5,0.95,0.012,0.006
9202,2017,02/25,15.474753202707282,Cascavel,36.0,0.5,0.95,0.012,0.006
9203,2018,02/25,14.935159492181123,Cascavel,36.0,0.5,0.95,0.012,0.006
9204,2019,02/25,16.73705752927703,Cascavel,36.0,0.5,0.95,0.012,0.006
9205,2020,02/25,15.112857479179642,Cascavel,36.0,0.5,0.95,0.012,0.006
9206,2021,02/25,15.909019238162776,Cascavel,36.0,0.5,0.95,0.012,0.006
9207,2022,02/25,13.741577094191424,Cascavel,36.0,0.5,0.95,0.012,0.006
9208,2023,02/25,15.33582232129056,Cascavel,36.0,0.5,0.95,0.012,0.006
9209,2024,02/25,16.44953581312687,Cascavel,36.0,0.5,0.95,0.012,0.006
9210,2015,02/25,16.995037181210755,Foz do Iguaçu,36.0,0.5,0.95,0.012,0.006
9211,2016,02/25,14.095072359916637,Foz do Iguaçu,36.0,0.5,0.95,0.012,0.006
9212,2017,02/25,16.375780355788574,Foz do Iguaçu,36.0,0.5,0.95,0.012,0.006
9213,2018,02/25,15.708223026345527,Foz do Iguaçu,36.0,0.5,0.95,0.012,0.006
9214,2019,02/25,17.330998007065194,Foz do Iguaçu,36.0,0.5,0.95,0.012,0.006
9215,2020,02/25,15.784510488082871,Foz do Iguaçu,36.0,0.5,0.95,0.012,0.006
9216,2021,02/25,16.758087568803894,Foz do Iguaçu,36.0,0.5,0.95,0.012,0.006
9217,2022,02/25,14.735432755219868,Foz do Iguaçu,36.0,0.5,0.95,0.012,0.006
9218,2023,02/25,16.718962482647733,Foz do Iguaçu,36.0,0.5,0.95,0.012,0.006
9219,2024,02/25,16.440659741665016,Foz do Iguaçu,36.0,0.5,0.95,0.012,0.006
9220,2015,02/25,17.271151486757336,Guaíra,36.0,0.5,0.95,0.012,0.006
9221,2016,02/25,14.639577131990542,Guaíra,36.0,0.5,0.95,0.012,0.006
9222,2017,02/25,16.650723420979613,Guaíra,36.0,0.5,0.95,0.012,0.006
9223,2018,02/25,16.440642353162875,Guaíra,36.0,0.5,0.95,0.012,0.006
9224,2019,02/25,17.49763210450551,Guaíra,36.0,0.5,0.95,0.012,0.006
9225,2020,02/25,16.742671083318182,Guaíra,36.0,0.5,0.95,0.012,0.006
9226,2021,02/25,16.977561882375525,Guaíra,36.0,0.5,0.95,0.012,0.006
9227,2022,02/25,15.298315688667637,Guaíra,36.0,0.5,0.95,0.012,0.006
9228,2023,02/25,16.72679129383956,Guaíra,36.0,0.5,0.95,0.012,0.006
9229,2024,02/25,17.225658832159024,Guaíra,36.0,0.5,0.95,0.012,0.006
9230,2015,02/25,17.2590538004209,Marechal Cândido Rondon,36.0,0.5,0.95,0.012,0.006
9231,2016,02/25,14.767539029252744,Marechal Cândido Rondon,36.0,0.5,0.95,0.012,0.006
9232,2017,02/25,16.750642044899177,Marechal Cândido Rondon,36.0,0.5,0.95,0.012,0.006
9233,2018,02/25,16.573883587013594,Marechal Cândido Rondon,36.0,0.5,0.95,0.012,0.006
9234,2019,02/25,17.531309709512445,Marechal Cândido Rondon,36.0,0.5,0.95,0.012,0.006
9235,2020,02/25,16.69517834863101,Marechal Cândido Rondon,36.0,0.5,0.95,0.012,0.006
9236,2021,02/25,17.212821081050965,Marechal Cândido Rondon,36.0,0.5,0.95,0.012,0.006
9237,2022,02/25,15.341086503778987,Marechal Cândido Rondon,36.0,0.5,0.95,0.012,0.006
9238,2023,02/25,16.864075355467282,Marechal Cândido Rondon,36.0,0.5,0.95,0.012,0.006
9239,2024,02/25,17.082575784423668,Marechal Cândido Rondon,36.0,0.5,0.95,0.012,0.006
9240,2015,02/25,16.6538124228515,Matelândia,36.0,0.5,0.95,0.012,0.006
9241,2016,02/25,13.250024502686312,Matelândia,36.0,0.5,0.95,0.012,0.006
9242,2017,02/25,15.970564692976478,Matelândia,36.0,0.5,0.95,0.012,0.006
9243,2018,02/25,15.20211863385866,Matelândia,36.0,0.5,0.95,0.012,0.006
9244,2019,02/25,17.050729765887198,Matelândia,36.0,0.5,0.95,0.012,0.006
9245,2020,02/25,15.323094961874448,Matelândia,36.0,0.5,0.95,0.012,0.006
9246,2021,02/25,16.413781662761195,Matelândia,36.0,0.5,0.95,0.012,0.006
9247,2022,02/25,14.196675180999808,Matelândia,36.0,0.5,0.95,0.012,0.006
9248,2023,02/25,16.17851668949942,Matelândia,36.0,0.5,0.95,0.012,0.006
9249,2024,02/25,16.367578496597996,Matelândia,36.0,0.5,0.95,0.012,0.006
9250,2015,02/25,16.994339136357507,Medianeira,36.0,0.5,0.95,0.012,0.006
9251,2016,02/25,14.094982636034368,Medianeira,36.0,0.5,0.95,0.012,0.006
9252,2017,02/25,16.375617688233987,Medianeira,36.0,0.5,0.95,0.012,0.006
9253,2018,02/25,15.708593469579021,Medianeira,36.0,0.5,0.95,0.012,0.006
9254,2019,02/25,17.330820658778592,Medianeira,36.0,0.5,0.95,0.012,0.006
9255,2020,02/25,15.783717816321222,Medianeira,36.0,0.5,0.95,0.012,0.006
9256,2021,02/25,16.75993023465865,Medianeira,36.0,0.5,0.95,0.012,0.006
9257,2022,02/25,14.734741415030525,Medianeira,36.0,0.5,0.95,0.012,0.006
9258,2023,02/25,16.718370681240163,Medianeira,36.0,0.5,0.95,0.012,0.006
9259,2024,02/25,16.440347153758893,Medianeira,36.0,0.5,0.95,0.012,0.006
9260,2015,02/25,17.220161175986046,Santa Helena,36.0,0.5,0.95,0.012,0.006
9261,2016,02/25,14.779259261498915,Santa Helena,36.0,0.5,0.95,0.012,0.006
9262,2017,02/25,16.754867027939248,Santa Helena,36.0,0.5,0.95,0.012,0.006
9263,2018,02/25,16.377692101780706,Santa Helena,36.0,0.5,0.95,0.012,0.006
9264,2019,02/25,17.50888385666647,Santa Helena,36.0,0.5,0.95,0.012,0.006
9265,2020,02/25,16.464546224930256,Santa Helena,36.0,0.5,0.95,0.012,0.006
9266,2021,02/25,16.583405635073763,Santa Helena,36.0,0.5,0.95,0.012,0.006
9267,2022,02/25,15.358001327352218,Santa Helena,36.0,0.5,0.95,0.012,0.006
9268,2023,02/25,16.936295013754137,Santa Helena,36.0,0.5,0.95,0.012,0.006
9269,2024,02/25,16.777822939132815,Santa Helena,36.0,0.5,0.95,0.012,0.006
9270,2015,02/25,16.99489800362438,São Miguel do Iguaçu,36.0,0.5,0.95,0.012,0.006
9271,2016,02/25,14.095055227497472,São Miguel do Iguaçu,36.0,0.5,0.95,0.012,0.006
9272,2017,02/25,16.37575786733022,São Miguel do Iguaçu,36.0,0.5,0.95,0.012,0.006
9273,2018,02/25,15.708300177700314,São Miguel do Iguaçu,36.0,0.5,0.95,0.012,0.006
9274,2019,02/25,17.33096513766459,São Miguel do Iguaçu,36.0,0.5,0.95,0.012,0.006
9275,2020,02/25,15.784308152772894,São Miguel do Iguaçu,36.0,0.5,0.95,0.012,0.006
9276,2021,02/25,16.7583926736284,São Miguel do Iguaçu,36.0,0.5,0.95,0.012,0.006
9277,2022,02/25,14.73540009910575,São Miguel do Iguaçu,36.0,0.5,0.95,0.012,0.006
9278,2023,02/25,16.718857577576248,São Miguel do Iguaçu,36.0,0.5,0.95,0.012,0.006
9279,2024,02/25,16.440609492934183,São Miguel do Iguaçu,36.0,0.5,0.95,0.012,0.006
9280,2015,02/25,16.410948516200452,São Pedro do Iguaçu,36.0,0.5,0.95,0.012,0.006
9281,2016,02/25,12.894637517863233,São Pedro do Iguaçu,36.0,0.5,0.95,0.012,0.006
9282,2017,02/25,15.728166150765945,São Pedro do Iguaçu,36.0,0.5,0.95,0.012,0.006
9283,2018,02/25,15.207497547690334,São Pedro do Iguaçu,36.0,0.5,0.95,0.012,0.006
9284,2019,02/25,16.85532644718565,São Pedro do Iguaçu,36.0,0.5,0.95,0.012,0.006
9285,2020,02/25,15.301952123520081,São Pedro do Iguaçu,36.0,0.5,0.95,0.012,0.006
9286,2021,02/25,16.26260326906455,São Pedro do Iguaçu,36.0,0.5,0.95,0.012,0.006
9287,2022,02/25,13.833198864053127,São Pedro do Iguaçu,36.0,0.5,0.95,0.012,0.006
9288,2023,02/25,15.909425863165474,São Pedro do Iguaçu,36.0,0.5,0.95,0.012,0.006
9289,2024,02/25,16.30565054257079,São Pedro do Iguaçu,36.0,0.5,0.95,0.012,0.006
9290,2015,02/25,16.853934713568314,Toledo,36.0,0.5,0.95,0.012,0.006
9291,2016,02/25,13.68554448341646,Toledo,36.0,0.5,0.95,0.012,0.006
9292,2017,02/25,16.105886438915668,Toledo,36.0,0.5,0.95,0.012,0.006
9293,2018,02/25,15.935514645547546,Toledo,36.0,0.5,0.95,0.012,0.006
9294,2019,02/25,17.16446436988507,Toledo,36.0,0.5,0.95,0.012,0.006
9295,2020,02/25,16.323437316430294,Toledo,36.0,0.5,0.95,0.012,0.006
9296,2021,02/25,16.7822203525305,Toledo,36.0,0.5,0.95,0.012,0.006
9297,2022,02/25,14.46215651934987,Toledo,36.0,0.5,0.95,0.012,0.006
9298,2023,02/25,16.3403045684161,Toledo,36.0,0.5,0.95,0.012,0.006
9299,2024,02/25,16.896475031549,Toledo,36.0,0.5,0.95,0.012,0.006
9300,2015,02/25,16.44594374200115,Cascavel,36.0,0.5,0.95,0.012,0.007
9301,2016,02/25,12.54946755878257,Cascavel,36.0,0.5,0.95,0.012,0.007
9302,2017,02/25,15.474753202707282,Cascavel,36.0,0.5,0.95,0.012,0.007
9303,2018,02/25,14.935159492181123,Cascavel,36.0,0.5,0.95,0.012,0.007
9304,2019,02/25,16.73705752927703,Cascavel,36.0,0.5,0.95,0.012,0.007
9305,2020,02/25,15.112857479179642,Cascavel,36.0,0.5,0.95,0.012,0.007
9306,2021,02/25,15.909019238162776,Cascavel,36.0,0.5,0.95,0.012,0.007
9307,2022,02/25,13.741577094191424,Cascavel,36.0,0.5,0.95,0.012,0.007
9308,2023,02/25,15.33582232129056,Cascavel,36.0,0.5,0.95,0.012,0.007
9309,2024,02/25,16.44953581312687,Cascavel,36.0,0.5,0.95,0.012,0.007
9310,2015,02/25,16.995037181210755,Foz do Iguaçu,36.0,0.5,0.95,0.012,0.007
9311,2016,02/25,14.095072359916637,Foz do Iguaçu,36.0,0.5,0.95,0.012,0.007
9312,2017,02/25,16.375780355788574,Foz do Iguaçu,36.0,0.5,0.95,0.012,0.007
9313,2018,02/25,15.708223026345527,Foz do Iguaçu,36.0,0.5,0.95,0.012,0.007
9314,2019,02/25,17.330998007065194,Foz do Iguaçu,36.0,0.5,0.95,0.012,0.007
9315,2020,02/25,15.784510488082871,Foz do Iguaçu,36.0,0.5,0.95,0.012,0.007
9316,2021,02/25,16.758087568803894,Foz do Iguaçu,36.0,0.5,0.95,0.012,0.007
9317,2022,02/25,14.735432755219868,Foz do Iguaçu,36.0,0.5,0.95,0.012,0.007
9318,2023,02/25,16.718962482647733,Foz do Iguaçu,36.0,0.5,0.95,0.012,0.007
9319,2024,02/25,16.440659741665016,Foz do Iguaçu,36.0,0.5,0.95,0.012,0.007
9320,2015,02/25,17.271151486757336,Guaíra,36.0,0.5,0.95,0.012,0.007
9321,2016,02/25,14.639577131990542,Guaíra,36.0,0.5,0.95,0.012,0.007
9322,2017,02/25,16.650723420979613,Guaíra,36.0,0.5,0.95,0.012,0.007
9323,2018,02/25,16.440642353162875,Guaíra,36.0,0.5,0.95,0.012,0.007
9324,2019,02/25,17.49763210450551,Guaíra,36.0,0.5,0.95,0.012,0.007
9325,2020,02/25,16.742671083318182,Guaíra,36.0,0.5,0.95,0.012,0.007
9326,2021,02/25,16.977561882375525,Guaíra,36.0,0.5,0.95,0.012,0.007
9327,2022,02/25,15.298315688667637,Guaíra,36.0,0.5,0.95,0.012,0.007
9328,2023,02/25,16.72679129383956,Guaíra,36.0,0.5,0.95,0.012,0.007
9329,2024,02/25,17.225658832159024,Guaíra,36.0,0.5,0.95,0.012,0.007
9330,2015,02/25,17.2590538004209,Marechal Cândido Rondon,36.0,0.5,0.95,0.012,0.007
9331,2016,02/25,14.767539029252744,Marechal Cândido Rondon,36.0,0.5,0.95,0.012,0.007
9332,2017,02/25,16.750642044899177,Marechal Cândido Rondon,36.0,0.5,0.95,0.012,0.007
9333,2018,02/25,16.573883587013594,Marechal Cândido Rondon,36.0,0.5,0.95,0.012,0.007
9334,2019,02/25,17.531309709512445,Marechal Cândido Rondon,36.0,0.5,0.95,0.012,0.007
9335,2020,02/25,16.69517834863101,Marechal Cândido Rondon,36.0,0.5,0.95,0.012,0.007
9336,2021,02/25,17.212821081050965,Marechal Cândido Rondon,36.0,0.5,0.95,0.012,0.007
9337,2022,02/25,15.341086503778987,Marechal Cândido Rondon,36.0,0.5,0.95,0.012,0.007
9338,2023,02/25,16.864075355467282,Marechal Cândido Rondon,36.0,0.5,0.95,0.012,0.007
9339,2024,02/25,17.082575784423668,Marechal Cândido Rondon,36.0,0.5,0.95,0.012,0.007
9340,2015,02/25,16.6538124228515,Matelândia,36.0,0.5,0.95,0.012,0.007
9341,2016,02/25,13.250024502686312,Matelândia,36.0,0.5,0.95,0.012,0.007
9342,2017,02/25,15.970564692976478,Matelândia,36.0,0.5,0.95,0.012,0.007
9343,2018,02/25,15.20211863385866,Matelândia,36.0,0.5,0.95,0.012,0.007
9344,2019,02/25,17.050729765887198,Matelândia,36.0,0.5,0.95,0.012,0.007
9345,2020,02/25,15.323094961874448,Matelândia,36.0,0.5,0.95,0.012,0.007
9346,2021,02/25,16.413781662761195,Matelândia,36.0,0.5,0.95,0.012,0.007
9347,2022,02/25,14.196675180999808,Matelândia,36.0,0.5,0.95,0.012,0.007
9348,2023,02/25,16.17851668949942,Matelândia,36.0,0.5,0.95,0.012,0.007
9349,2024,02/25,16.367578496597996,Matelândia,36.0,0.5,0.95,0.012,0.007
9350,2015,02/25,16.994339136357507,Medianeira,36.0,0.5,0.95,0.012,0.007
9351,2016,02/25,14.094982636034368,Medianeira,36.0,0.5,0.95,0.012,0.007
9352,2017,02/25,16.375617688233987,Medianeira,36.0,0.5,0.95,0.012,0.007
9353,2018,02/25,15.708593469579021,Medianeira,36.0,0.5,0.95,0.012,0.007
9354,2019,02/25,17.330820658778592,Medianeira,36.0,0.5,0.95,0.012,0.007
9355,2020,02/25,15.783717816321222,Medianeira,36.0,0.5,0.95,0.012,0.007
9356,2021,02/25,16.75993023465865,Medianeira,36.0,0.5,0.95,0.012,0.007
9357,2022,02/25,14.734741415030525,Medianeira,36.0,0.5,0.95,0.012,0.007
9358,2023,02/25,16.718370681240163,Medianeira,36.0,0.5,0.95,0.012,0.007
9359,2024,02/25,16.440347153758893,Medianeira,36.0,0.5,0.95,0.012,0.007
9360,2015,02/25,17.220161175986046,Santa Helena,36.0,0.5,0.95,0.012,0.007
9361,2016,02/25,14.779259261498915,Santa Helena,36.0,0.5,0.95,0.012,0.007
9362,2017,02/25,16.754867027939248,Santa Helena,36.0,0.5,0.95,0.012,0.007
9363,2018,02/25,16.377692101780706,Santa Helena,36.0,0.5,0.95,0.012,0.007
9364,2019,02/25,17.50888385666647,Santa Helena,36.0,0.5,0.95,0.012,0.007
9365,2020,02/25,16.464546224930256,Santa Helena,36.0,0.5,0.95,0.012,0.007
9366,2021,02/25,16.583405635073763,Santa Helena,36.0,0.5,0.95,0.012,0.007
9367,2022,02/25,15.358001327352218,Santa Helena,36.0,0.5,0.95,0.012,0.007
9368,2023,02/25,16.936295013754137,Santa Helena,36.0,0.5,0.95,0.012,0.007
9369,2024,02/25,16.777822939132815,Santa Helena,36.0,0.5,0.95,0.012,0.007
9370,2015,02/25,16.99489800362438,São Miguel do Iguaçu,36.0,0.5,0.95,0.012,0.007
9371,2016,02/25,14.095055227497472,São Miguel do Iguaçu,36.0,0.5,0.95,0.012,0.007
9372,2017,02/25,16.37575786733022,São Miguel do Iguaçu,36.0,0.5,0.95,0.012,0.007
9373,2018,02/25,15.708300177700314,São Miguel do Iguaçu,36.0,0.5,0.95,0.012,0.007
9374,2019,02/25,17.33096513766459,São Miguel do Iguaçu,36.0,0.5,0.95,0.012,0.007
9375,2020,02/25,15.784308152772894,São Miguel do Iguaçu,36.0,0.5,0.95,0.012,0.007
9376,2021,02/25,16.7583926736284,São Miguel do Iguaçu,36.0,0.5,0.95,0.012,0.007
9377,2022,02/25,14.73540009910575,São Miguel do Iguaçu,36.0,0.5,0.95,0.012,0.007
9378,2023,02/25,16.718857577576248,São Miguel do Iguaçu,36.0,0.5,0.95,0.012,0.007
9379,2024,02/25,16.440609492934183,São Miguel do Iguaçu,36.0,0.5,0.95,0.012,0.007
9380,2015,02/25,16.410948516200452,São Pedro do Iguaçu,36.0,0.5,0.95,0.012,0.007
9381,2016,02/25,12.894637517863233,São Pedro do Iguaçu,36.0,0.5,0.95,0.012,0.007
9382,2017,02/25,15.728166150765945,São Pedro do Iguaçu,36.0,0.5,0.95,0.012,0.007
9383,2018,02/25,15.207497547690334,São Pedro do Iguaçu,36.0,0.5,0.95,0.012,0.007
9384,2019,02/25,16.85532644718565,São Pedro do Iguaçu,36.0,0.5,0.95,0.012,0.007
9385,2020,02/25,15.301952123520081,São Pedro do Iguaçu,36.0,0.5,0.95,0.012,0.007
9386,2021,02/25,16.26260326906455,São Pedro do Iguaçu,36.0,0.5,0.95,0.012,0.007
9387,2022,02/25,13.833198864053127,São Pedro do Iguaçu,36.0,0.5,0.95,0.012,0.007
9388,2023,02/25,15.909425863165474,São Pedro do Iguaçu,36.0,0.5,0.95,0.012,0.007
9389,2024,02/25,16.30565054257079,São Pedro do Iguaçu,36.0,0.5,0.95,0.012,0.007
9390,2015,02/25,16.853934713568314,Toledo,36.0,0.5,0.95,0.012,0.007
9391,2016,02/25,13.68554448341646,Toledo,36.0,0.5,0.95,0.012,0.007
9392,2017,02/25,16.105886438915668,Toledo,36.0,0.5,0.95,0.012,0.007
9393,2018,02/25,15.935514645547546,Toledo,36.0,0.5,0.95,0.012,0.007
9394,2019,02/25,17.16446436988507,Toledo,36.0,0.5,0.95,0.012,0.007
9395,2020,02/25,16.323437316430294,Toledo,36.0,0.5,0.95,0.012,0.007
9396,2021,02/25,16.7822203525305,Toledo,36.0,0.5,0.95,0.012,0.007
9397,2022,02/25,14.46215651934987,Toledo,36.0,0.5,0.95,0.012,0.007
9398,2023,02/25,16.3403045684161,Toledo,36.0,0.5,0.95,0.012,0.007
9399,2024,02/25,16.896475031549,Toledo,36.0,0.5,0.95,0.012,0.007
9400,2015,02/25,16.44594374200115,Cascavel,36.0,0.5,0.95,0.013,0.006
9401,2016,02/25,12.54946755878257,Cascavel,36.0,0.5,0.95,0.013,0.006
9402,2017,02/25,15.474753202707282,Cascavel,36.0,0.5,0.95,0.013,0.006
9403,2018,02/25,14.935159492181123,Cascavel,36.0,0.5,0.95,0.013,0.006
9404,2019,02/25,16.73705752927703,Cascavel,36.0,0.5,0.95,0.013,0.006
9405,2020,02/25,15.112857479179642,Cascavel,36.0,0.5,0.95,0.013,0.006
9406,2021,02/25,15.909019238162776,Cascavel,36.0,0.5,0.95,0.013,0.006
9407,2022,02/25,13.741577094191424,Cascavel,36.0,0.5,0.95,0.013,0.006
9408,2023,02/25,15.33582232129056,Cascavel,36.0,0.5,0.95,0.013,0.006
9409,2024,02/25,16.44953581312687,Cascavel,36.0,0.5,0.95,0.013,0.006
9410,2015,02/25,16.995037181210755,Foz do Iguaçu,36.0,0.5,0.95,0.013,0.006
9411,2016,02/25,14.095072359916637,Foz do Iguaçu,36.0,0.5,0.95,0.013,0.006
9412,2017,02/25,16.375780355788574,Foz do Iguaçu,36.0,0.5,0.95,0.013,0.006
9413,2018,02/25,15.708223026345527,Foz do Iguaçu,36.0,0.5,0.95,0.013,0.006
9414,2019,02/25,17.330998007065194,Foz do Iguaçu,36.0,0.5,0.95,0.013,0.006
9415,2020,02/25,15.784510488082871,Foz do Iguaçu,36.0,0.5,0.95,0.013,0.006
9416,2021,02/25,16.758087568803894,Foz do Iguaçu,36.0,0.5,0.95,0.013,0.006
9417,2022,02/25,14.735432755219868,Foz do Iguaçu,36.0,0.5,0.95,0.013,0.006
9418,2023,02/25,16.718962482647733,Foz do Iguaçu,36.0,0.5,0.95,0.013,0.006
9419,2024,02/25,16.440659741665016,Foz do Iguaçu,36.0,0.5,0.95,0.013,0.006
9420,2015,02/25,17.271151486757336,Guaíra,36.0,0.5,0.95,0.013,0.006
9421,2016,02/25,14.639577131990542,Guaíra,36.0,0.5,0.95,0.013,0.006
9422,2017,02/25,16.650723420979613,Guaíra,36.0,0.5,0.95,0.013,0.006
9423,2018,02/25,16.440642353162875,Guaíra,36.0,0.5,0.95,0.013,0.006
9424,2019,02/25,17.49763210450551,Guaíra,36.0,0.5,0.95,0.013,0.006
9425,2020,02/25,16.742671083318182,Guaíra,36.0,0.5,0.95,0.013,0.006
9426,2021,02/25,16.977561882375525,Guaíra,36.0,0.5,0.95,0.013,0.006
9427,2022,02/25,15.298315688667637,Guaíra,36.0,0.5,0.95,0.013,0.006
9428,2023,02/25,16.72679129383956,Guaíra,36.0,0.5,0.95,0.013,0.006
9429,2024,02/25,17.225658832159024,Guaíra,36.0,0.5,0.95,0.013,0.006
9430,2015,02/25,17.2590538004209,Marechal Cândido Rondon,36.0,0.5,0.95,0.013,0.006
9431,2016,02/25,14.767539029252744,Marechal Cândido Rondon,36.0,0.5,0.95,0.013,0.006
9432,2017,02/25,16.750642044899177,Marechal Cândido Rondon,36.0,0.5,0.95,0.013,0.006
9433,2018,02/25,16.573883587013594,Marechal Cândido Rondon,36.0,0.5,0.95,0.013,0.006
9434,2019,02/25,17.531309709512445,Marechal Cândido Rondon,36.0,0.5,0.95,0.013,0.006
9435,2020,02/25,16.69517834863101,Marechal Cândido Rondon,36.0,0.5,0.95,0.013,0.006
9436,2021,02/25,17.212821081050965,Marechal Cândido Rondon,36.0,0.5,0.95,0.013,0.006
9437,2022,02/25,15.341086503778987,Marechal Cândido Rondon,36.0,0.5,0.95,0.013,0.006
9438,2023,02/25,16.864075355467282,Marechal Cândido Rondon,36.0,0.5,0.95,0.013,0.006
9439,2024,02/25,17.082575784423668,Marechal Cândido Rondon,36.0,0.5,0.95,0.013,0.006
9440,2015,02/25,16.6538124228515,Matelândia,36.0,0.5,0.95,0.013,0.006
9441,2016,02/25,13.250024502686312,Matelândia,36.0,0.5,0.95,0.013,0.006
9442,2017,02/25,15.970564692976478,Matelândia,36.0,0.5,0.95,0.013,0.006
9443,2018,02/25,15.20211863385866,Matelândia,36.0,0.5,0.95,0.013,0.006
9444,2019,02/25,17.050729765887198,Matelândia,36.0,0.5,0.95,0.013,0.006
9445,2020,02/25,15.323094961874448,Matelândia,36.0,0.5,0.95,0.013,0.006
9446,2021,02/25,16.413781662761195,Matelândia,36.0,0.5,0.95,0.013,0.006
9447,2022,02/25,14.196675180999808,Matelândia,36.0,0.5,0.95,0.013,0.006
9448,2023,02/25,16.17851668949942,Matelândia,36.0,0.5,0.95,0.013,0.006
9449,2024,02/25,16.367578496597996,Matelândia,36.0,0.5,0.95,0.013,0.006
9450,2015,02/25,16.994339136357507,Medianeira,36.0,0.5,0.95,0.013,0.006
9451,2016,02/25,14.094982636034368,Medianeira,36.0,0.5,0.95,0.013,0.006
9452,2017,02/25,16.375617688233987,Medianeira,36.0,0.5,0.95,0.013,0.006
9453,2018,02/25,15.708593469579021,Medianeira,36.0,0.5,0.95,0.013,0.006
9454,2019,02/25,17.330820658778592,Medianeira,36.0,0.5,0.95,0.013,0.006
9455,2020,02/25,15.783717816321222,Medianeira,36.0,0.5,0.95,0.013,0.006
9456,2021,02/25,16.75993023465865,Medianeira,36.0,0.5,0.95,0.013,0.006
9457,2022,02/25,14.734741415030525,Medianeira,36.0,0.5,0.95,0.013,0.006
9458,2023,02/25,16.718370681240163,Medianeira,36.0,0.5,0.95,0.013,0.006
9459,2024,02/25,16.440347153758893,Medianeira,36.0,0.5,0.95,0.013,0.006
9460,2015,02/25,17.220161175986046,Santa Helena,36.0,0.5,0.95,0.013,0.006
9461,2016,02/25,14.779259261498915,Santa Helena,36.0,0.5,0.95,0.013,0.006
9462,2017,02/25,16.754867027939248,Santa Helena,36.0,0.5,0.95,0.013,0.006
9463,2018,02/25,16.377692101780706,Santa Helena,36.0,0.5,0.95,0.013,0.006
9464,2019,02/25,17.50888385666647,Santa Helena,36.0,0.5,0.95,0.013,0.006
9465,2020,02/25,16.464546224930256,Santa Helena,36.0,0.5,0.95,0.013,0.006
9466,2021,02/25,16.583405635073763,Santa Helena,36.0,0.5,0.95,0.013,0.006
9467,2022,02/25,15.358001327352218,Santa Helena,36.0,0.5,0.95,0.013,0.006
9468,2023,02/25,16.936295013754137,Santa Helena,36.0,0.5,0.95,0.013,0.006
9469,2024,02/25,16.777822939132815,Santa Helena,36.0,0.5,0.95,0.013,0.006
9470,2015,02/25,16.99489800362438,São Miguel do Iguaçu,36.0,0.5,0.95,0.013,0.006
9471,2016,02/25,14.095055227497472,São Miguel do Iguaçu,36.0,0.5,0.95,0.013,0.006
9472,2017,02/25,16.37575786733022,São Miguel do Iguaçu,36.0,0.5,0.95,0.013,0.006
9473,2018,02/25,15.708300177700314,São Miguel do Iguaçu,36.0,0.5,0.95,0.013,0.006
9474,2019,02/25,17.33096513766459,São Miguel do Iguaçu,36.0,0.5,0.95,0.013,0.006
9475,2020,02/25,15.784308152772894,São Miguel do Iguaçu,36.0,0.5,0.95,0.013,0.006
9476,2021,02/25,16.7583926736284,São Miguel do Iguaçu,36.0,0.5,0.95,0.013,0.006
9477,2022,02/25,14.73540009910575,São Miguel do Iguaçu,36.0,0.5,0.95,0.013,0.006
9478,2023,02/25,16.718857577576248,São Miguel do Iguaçu,36.0,0.5,0.95,0.013,0.006
9479,2024,02/25,16.440609492934183,São Miguel do Iguaçu,36.0,0.5,0.95,0.013,0.006
9480,2015,02/25,16.410948516200452,São Pedro do Iguaçu,36.0,0.5,0.95,0.013,0.006
9481,2016,02/25,12.894637517863233,São Pedro do Iguaçu,36.0,0.5,0.95,0.013,0.006
9482,2017,02/25,15.728166150765945,São Pedro do Iguaçu,36.0,0.5,0.95,0.013,0.006
9483,2018,02/25,15.207497547690334,São Pedro do Iguaçu,36.0,0.5,0.95,0.013,0.006
9484,2019,02/25,16.85532644718565,São Pedro do Iguaçu,36.0,0.5,0.95,0.013,0.006
9485,2020,02/25,15.301952123520081,São Pedro do Iguaçu,36.0,0.5,0.95,0.013,0.006
9486,2021,02/25,16.26260326906455,São Pedro do Iguaçu,36.0,0.5,0.95,0.013,0.006
9487,2022,02/25,13.833198864053127,São Pedro do Iguaçu,36.0,0.5,0.95,0.013,0.006
9488,2023,02/25,15.909425863165474,São Pedro do Iguaçu,36.0,0.5,0.95,0.013,0.006
9489,2024,02/25,16.30565054257079,São Pedro do Iguaçu,36.0,0.5,0.95,0.013,0.006
9490,2015,02/25,16.853934713568314,Toledo,36.0,0.5,0.95,0.013,0.006
9491,2016,02/25,13.68554448341646,Toledo,36.0,0.5,0.95,0.013,0.006
9492,2017,02/25,16.105886438915668,Toledo,36.0,0.5,0.95,0.013,0.006
9493,2018,02/25,15.935514645547546,Toledo,36.0,0.5,0.95,0.013,0.006
9494,2019,02/25,17.16446436988507,Toledo,36.0,0.5,0.95,0.013,0.006
9495,2020,02/25,16.323437316430294,Toledo,36.0,0.5,0.95,0.013,0.006
9496,2021,02/25,16.7822203525305,Toledo,36.0,0.5,0.95,0.013,0.006
9497,2022,02/25,14.46215651934987,Toledo,36.0,0.5,0.95,0.013,0.006
9498,2023,02/25,16.3403045684161,Toledo,36.0,0.5,0.95,0.013,0.006
9499,2024,02/25,16.896475031549,Toledo,36.0,0.5,0.95,0.013,0.006
9500,2015,02/25,16.44594374200115,Cascavel,36.0,0.5,0.95,0.013,0.007
9501,2016,02/25,12.54946755878257,Cascavel,36.0,0.5,0.95,0.013,0.007
9502,2017,02/25,15.474753202707282,Cascavel,36.0,0.5,0.95,0.013,0.007
9503,2018,02/25,14.935159492181123,Cascavel,36.0,0.5,0.95,0.013,0.007
9504,2019,02/25,16.73705752927703,Cascavel,36.0,0.5,0.95,0.013,0.007
9505,2020,02/25,15.112857479179642,Cascavel,36.0,0.5,0.95,0.013,0.007
9506,2021,02/25,15.909019238162776,Cascavel,36.0,0.5,0.95,0.013,0.007
9507,2022,02/25,13.741577094191424,Cascavel,36.0,0.5,0.95,0.013,0.007
9508,2023,02/25,15.33582232129056,Cascavel,36.0,0.5,0.95,0.013,0.007
9509,2024,02/25,16.44953581312687,Cascavel,36.0,0.5,0.95,0.013,0.007
9510,2015,02/25,16.995037181210755,Foz do Iguaçu,36.0,0.5,0.95,0.013,0.007
9511,2016,02/25,14.095072359916637,Foz do Iguaçu,36.0,0.5,0.95,0.013,0.007
9512,2017,02/25,16.375780355788574,Foz do Iguaçu,36.0,0.5,0.95,0.013,0.007
9513,2018,02/25,15.708223026345527,Foz do Iguaçu,36.0,0.5,0.95,0.013,0.007
9514,2019,02/25,17.330998007065194,Foz do Iguaçu,36.0,0.5,0.95,0.013,0.007
9515,2020,02/25,15.784510488082871,Foz do Iguaçu,36.0,0.5,0.95,0.013,0.007
9516,2021,02/25,16.758087568803894,Foz do Iguaçu,36.0,0.5,0.95,0.013,0.007
9517,2022,02/25,14.735432755219868,Foz do Iguaçu,36.0,0.5,0.95,0.013,0.007
9518,2023,02/25,16.718962482647733,Foz do Iguaçu,36.0,0.5,0.95,0.013,0.007
9519,2024,02/25,16.440659741665016,Foz do Iguaçu,36.0,0.5,0.95,0.013,0.007
9520,2015,02/25,17.271151486757336,Guaíra,36.0,0.5,0.95,0.013,0.007
9521,2016,02/25,14.639577131990542,Guaíra,36.0,0.5,0.95,0.013,0.007
9522,2017,02/25,16.650723420979613,Guaíra,36.0,0.5,0.95,0.013,0.007
9523,2018,02/25,16.440642353162875,Guaíra,36.0,0.5,0.95,0.013,0.007
9524,2019,02/25,17.49763210450551,Guaíra,36.0,0.5,0.95,0.013,0.007
9525,2020,02/25,16.742671083318182,Guaíra,36.0,0.5,0.95,0.013,0.007
9526,2021,02/25,16.977561882375525,Guaíra,36.0,0.5,0.95,0.013,0.007
9527,2022,02/25,15.298315688667637,Guaíra,36.0,0.5,0.95,0.013,0.007
9528,2023,02/25,16.72679129383956,Guaíra,36.0,0.5,0.95,0.013,0.007
9529,2024,02/25,17.225658832159024,Guaíra,36.0,0.5,0.95,0.013,0.007
9530,2015,02/25,17.2590538004209,Marechal Cândido Rondon,36.0,0.5,0.95,0.013,0.007
9531,2016,02/25,14.767539029252744,Marechal Cândido Rondon,36.0,0.5,0.95,0.013,0.007
9532,2017,02/25,16.750642044899177,Marechal Cândido Rondon,36.0,0.5,0.95,0.013,0.007
9533,2018,02/25,16.573883587013594,Marechal Cândido Rondon,36.0,0.5,0.95,0.013,0.007
9534,2019,02/25,17.531309709512445,Marechal Cândido Rondon,36.0,0.5,0.95,0.013,0.007
9535,2020,02/25,16.69517834863101,Marechal Cândido Rondon,36.0,0.5,0.95,0.013,0.007
9536,2021,02/25,17.212821081050965,Marechal Cândido Rondon,36.0,0.5,0.95,0.013,0.007
9537,2022,02/25,15.341086503778987,Marechal Cândido Rondon,36.0,0.5,0.95,0.013,0.007
9538,2023,02/25,16.864075355467282,Marechal Cândido Rondon,36.0,0.5,0.95,0.013,0.007
9539,2024,02/25,17.082575784423668,Marechal Cândido Rondon,36.0,0.5,0.95,0.013,0.007
9540,2015,02/25,16.6538124228515,Matelândia,36.0,0.5,0.95,0.013,0.007
9541,2016,02/25,13.250024502686312,Matelândia,36.0,0.5,0.95,0.013,0.007
9542,2017,02/25,15.970564692976478,Matelândia,36.0,0.5,0.95,0.013,0.007
9543,2018,02/25,15.20211863385866,Matelândia,36.0,0.5,0.95,0.013,0.007
9544,2019,02/25,17.050729765887198,Matelândia,36.0,0.5,0.95,0.013,0.007
9545,2020,02/25,15.323094961874448,Matelândia,36.0,0.5,0.95,0.013,0.007
9546,2021,02/25,16.413781662761195,Matelândia,36.0,0.5,0.95,0.013,0.007
9547,2022,02/25,14.196675180999808,Matelândia,36.0,0.5,0.95,0.013,0.007
9548,2023,02/25,16.17851668949942,Matelândia,36.0,0.5,0.95,0.013,0.007
9549,2024,02/25,16.367578496597996,Matelândia,36.0,0.5,0.95,0.013,0.007
9550,2015,02/25,16.994339136357507,Medianeira,36.0,0.5,0.95,0.013,0.007
9551,2016,02/25,14.094982636034368,Medianeira,36.0,0.5,0.95,0.013,0.007
9552,2017,02/25,16.375617688233987,Medianeira,36.0,0.5,0.95,0.013,0.007
9553,2018,02/25,15.708593469579021,Medianeira,36.0,0.5,0.95,0.013,0.007
9554,2019,02/25,17.330820658778592,Medianeira,36.0,0.5,0.95,0.013,0.007
9555,2020,02/25,15.783717816321222,Medianeira,36.0,0.5,0.95,0.013,0.007
9556,2021,02/25,16.75993023465865,Medianeira,36.0,0.5,0.95,0.013,0.007
9557,2022,02/25,14.734741415030525,Medianeira,36.0,0.5,0.95,0.013,0.007
9558,2023,02/25,16.718370681240163,Medianeira,36.0,0.5,0.95,0.013,0.007
9559,2024,02/25,16.440347153758893,Medianeira,36.0,0.5,0.95,0.013,0.007
9560,2015,02/25,17.220161175986046,Santa Helena,36.0,0.5,0.95,0.013,0.007
9561,2016,02/25,14.779259261498915,Santa Helena,36.0,0.5,0.95,0.013,0.007
9562,2017,02/25,16.754867027939248,Santa Helena,36.0,0.5,0.95,0.013,0.007
9563,2018,02/25,16.377692101780706,Santa Helena,36.0,0.5,0.95,0.013,0.007
9564,2019,02/25,17.50888385666647,Santa Helena,36.0,0.5,0.95,0.013,0.007
9565,2020,02/25,16.464546224930256,Santa Helena,36.0,0.5,0.95,0.013,0.007
9566,2021,02/25,16.583405635073763,Santa Helena,36.0,0.5,0.95,0.013,0.007
9567,2022,02/25,15.358001327352218,Santa Helena,36.0,0.5,0.95,0.013,0.007
9568,2023,02/25,16.936295013754137,Santa Helena,36.0,0.5,0.95,0.013,0.007
9569,2024,02/25,16.777822939132815,Santa Helena,36.0,0.5,0.95,0.013,0.007
9570,2015,02/25,16.99489800362438,São Miguel do Iguaçu,36.0,0.5,0.95,0.013,0.007
9571,2016,02/25,14.095055227497472,São Miguel do Iguaçu,36.0,0.5,0.95,0.013,0.007
9572,2017,02/25,16.37575786733022,São Miguel do Iguaçu,36.0,0.5,0.95,0.013,0.007
9573,2018,02/25,15.708300177700314,São Miguel do Iguaçu,36.0,0.5,0.95,0.013,0.007
9574,2019,02/25,17.33096513766459,São Miguel do Iguaçu,36.0,0.5,0.95,0.013,0.007
9575,2020,02/25,15.784308152772894,São Miguel do Iguaçu,36.0,0.5,0.95,0.013,0.007
9576,2021,02/25,16.7583926736284,São Miguel do Iguaçu,36.0,0.5,0.95,0.013,0.007
9577,2022,02/25,14.73540009910575,São Miguel do Iguaçu,36.0,0.5,0.95,0.013,0.007
9578,2023,02/25,16.718857577576248,São Miguel do Iguaçu,36.0,0.5,0.95,0.013,0.007
9579,2024,02/25,16.440609492934183,São Miguel do Iguaçu,36.0,0.5,0.95,0.013,0.007
9580,2015,02/25,16.410948516200452,São Pedro do Iguaçu,36.0,0.5,0.95,0.013,0.007
9581,2016,02/25,12.894637517863233,São Pedro do Iguaçu,36.0,0.5,0.95,0.013,0.007
9582,2017,02/25,15.728166150765945,São Pedro do Iguaçu,36.0,0.5,0.95,0.013,0.007
9583,2018,02/25,15.207497547690334,São Pedro do Iguaçu,36.0,0.5,0.95,0.013,0.007
9584,2019,02/25,16.85532644718565,São Pedro do Iguaçu,36.0,0.5,0.95,0.013,0.007
9585,2020,02/25,15.301952123520081,São Pedro do Iguaçu,36.0,0.5,0.95,0.013,0.007
9586,2021,02/25,16.26260326906455,São Pedro do Iguaçu,36.0,0.5,0.95,0.013,0.007
9587,2022,02/25,13.833198864053127,São Pedro do Iguaçu,36.0,0.5,0.95,0.013,0.007
9588,2023,02/25,15.909425863165474,São Pedro do Iguaçu,36.0,0.5,0.95,0.013,0.007
9589,2024,02/25,16.30565054257079,São Pedro do Iguaçu,36.0,0.5,0.95,0.013,0.007
9590,2015,02/25,16.853934713568314,Toledo,36.0,0.5,0.95,0.013,0.007
9591,2016,02/25,13.68554448341646,Toledo,36.0,0.5,0.95,0.013,0.007
9592,2017,02/25,16.105886438915668,Toledo,36.0,0.5,0.95,0.013,0.007
9593,2018,02/25,15.935514645547546,Toledo,36.0,0.5,0.95,0.013,0.007
9594,2019,02/25,17.16446436988507,Toledo,36.0,0.5,0.95,0.013,0.007
9595,2020,02/25,16.323437316430294,Toledo,36.0,0.5,0.95,0.013,0.007
9596,2021,02/25,16.7822203525305,Toledo,36.0,0.5,0.95,0.013,0.007
9597,2022,02/25,14.46215651934987,Toledo,36.0,0.5,0.95,0.013,0.007
9598,2023,02/25,16.3403045684161,Toledo,36.0,0.5,0.95,0.013,0.007
9599,2024,02/25,16.896475031549,Toledo,36.0,0.5,0.95,0.013,0.007
