Ano,DOY_semeadura,DOY_maturacao,rep,Tmin_F1,Tmin_F2,Tmin_F3,Tmin_F4,Tmax_F1,Tmax_F2,Tmax_F3,Tmax_F4,Tmed_F1,Tmed_F2,Tmed_F3,Tmed_F4,Chuva_F1,Chuva_F2,Chuva_F3,Chuva_F4,UR_F1,UR_F2,UR_F3,UR_F4,ETc_F1,ETc_F2,ETc_F3,ETc_F4,ETR_F1,ETR_F2,ETR_F3,ETR_F4,ARM_F1,ARM_F2,ARM_F3,ARM_F4,DEF_F1,DEF_F2,DEF_F3,DEF_F4,EXC_F1,EXC_F2,EXC_F3,EXC_F4,ISNA_F1,ISNA_F2,ISNA_F3,ISNA_F4,PA_F1,PA_F2,PA_F3,PA_F4,Amp_F1,Amp_F2,Amp_F3,Amp_F4,Pefetiva_F1,Pefetiva_F2,Pefetiva_F3,Pefetiva_F4,Latitude_F1,Longitude_F1,Altitude_F1,T_DEF_F1,T_DEF_F2,T_DEF_F3,T_DEF_F4,lat_lon_F1,Yield_obs
2007,36,135,0,19.624117647058824,19.572142857142858,18.454242424242423,13.529545454545454,28.897058823529413,29.18392857142857,29.623030303030305,23.89636363636364,24.26058823529412,24.37803571428572,24.038636363636364,18.712954545454547,110.42,131.16,111.71,171.22,81.29235294117647,80.52035714285715,77.82787878787879,84.69363636363636,20.146603717795585,77.40661879665875,127.93962106126838,40.04018121553022,17.75820698834361,68.32966454194819,91.11006651492754,34.81324305663082,22.741333333333323,35.002837019457864,28.081445327214563,42.8889435309606,2.3883967294519755,9.076954254710548,36.829554546340844,5.226938158899404,77.13112634498974,50.56883177192727,27.521325177315767,121.59925873962317,0.8814491631985447,0.8827367168878025,0.7121333153808254,0.8694576797551543,9036.921646977004,7447.37299464869,6375.447708102744,6208.99456081966,9.272941176470589,9.611785714285713,11.168787878787882,10.366818181818184,5.4808245373122375,1.694428745745209,0.8731462472169097,4.276204422710994,-25.246105072875647,-53.76180440415664,465.0,69.017640784899,264.9011846155973,1091.0030103733623,124.90481494984523,1357.2761628947273,3296.0
2007,46,145,0,19.844117647058823,19.27607142857143,17.116666666666667,12.09318181818182,28.71529411764706,30.078928571428573,27.506969696969698,21.87136363636364,24.279705882352943,24.6775,22.311818181818182,16.98227272727273,125.16,80.25,216.36,167.13,83.79176470588236,76.96107142857143,81.8521212121212,85.77636363636363,19.2552808942362,79.89090079942275,105.36196049523096,32.92502353687296,17.658154111773143,56.10303996846798,86.43238582035801,28.184409591225105,22.741333333333323,14.451884024920512,33.68067247871068,47.22540544370949,1.5971267824630584,23.787860830954777,18.92957467487294,4.740613945647858,90.26989319481292,32.436409339944824,110.6988257258518,125.40085744377608,0.9170551293831744,0.7022456801347439,0.820337676084437,0.8560179026041148,8389.724014760648,4642.609162952253,4225.558187328409,4103.87724123243,8.871176470588235,10.802857142857142,10.39030303030303,9.77818181818182,6.500035013120214,1.004494869841045,2.0534925411699527,5.076078375853853,-25.246105072875647,-53.76180440415664,465.0,45.86196530159803,715.5133668013723,520.6952369582549,103.68369146488092,1357.2761628947273,3296.0
2007,56,155,0,20.152352941176478,18.61928571428572,15.293636363636365,8.916363636363636,30.28882352941176,29.415,25.651818181818182,19.18590909090909,25.22058823529412,24.017142857142854,20.472727272727276,14.051136363636363,66.53999999999999,123.55,215.25,114.92,78.87235294117647,77.94464285714285,82.98424242424242,84.84454545454545,20.62336973521666,69.82926283772098,94.78040094829048,27.59214519754057,18.5931697692521,50.50160914274059,78.9479878603762,25.196728804062715,18.438097431085,40.12405140537454,41.02060834314409,42.70430878715791,2.0301999659645613,19.327653694980377,15.832413087914285,2.3954163934778574,36.71939946632956,51.36243688296988,135.40545520185424,88.03957075192348,0.9015582811135964,0.7232155559210657,0.8329568884546923,0.9131848438630508,7217.398456281465,4220.903027154429,3868.366639560986,3801.200068799296,10.136470588235284,10.79571428571428,10.358181818181817,10.269545454545453,3.2264368458843884,1.7693155416393669,2.2710391372730565,4.164953437916941,-25.246105072875647,-53.76180440415664,465.0,61.49236849851836,568.5229334378478,406.1301819106158,45.95824116013949,1357.2761628947273,3296.0
2007,64,163,0,19.01,18.6475,14.405151515151516,8.211818181818181,28.90352941176471,29.64642857142857,24.49878787878788,19.31409090909091,23.956764705882357,24.146964285714287,19.45196969696969,13.762954545454546,70.52000000000001,108.97,271.13,18.71,79.01,78.12607142857144,84.68333333333334,83.26818181818182,17.899065344761226,65.9781708784522,80.87046270646985,29.01522685672102,14.22816687585688,52.455881376821225,65.7918464771474,24.624260553646163,17.57896335086357,36.65255237571064,49.92,33.8835804048989,3.670898468904345,13.52228950163098,15.078616229322446,4.390966303074856,43.845746654943305,37.44052959833171,192.07070589856323,10.122159041454935,0.7949111644548099,0.7950490393778525,0.8135460621258928,0.8486668284636301,6405.675949192972,4436.401790361043,4022.8094984587647,3901.052594481085,9.893529411764707,10.998928571428568,10.093636363636364,11.10227272727273,3.9398705262920393,1.6516068655608713,3.352645588094414,0.6448338347444649,-25.246105072875647,-53.76180440415664,465.0,106.10192186357877,400.88758983228126,369.40782050781894,84.80752235634259,1357.2761628947273,3296.0
2007,74,173,0,18.65058823529412,17.426785714285714,11.22060606060606,11.347727272727273,29.709411764705884,27.685357142857143,21.655454545454543,22.162272727272725,24.18,22.556071428571432,16.438030303030303,16.755,53.87,215.51,168.42000000000002,6.550000000000001,76.92,81.15964285714287,84.59212121212121,83.52454545454545,18.29935947837024,56.39435163849304,69.04335614944125,30.371492859493923,12.518084339184192,47.17731143841172,57.35050696993556,19.71347748205199,9.589756800092148,42.90546680841012,36.21217877773322,23.04870129568123,5.781275139186051,9.217040200081314,11.692849179505693,10.658015377441934,38.97282552739033,135.01697855327032,117.76278106074136,0.0,0.684072267883502,0.8365609332798845,0.8306448320067604,0.6490783173962319,5540.580027351257,4182.259184213654,3828.115580846768,3559.441828680278,11.058823529411764,10.258571428571429,10.434848484848482,10.814545454545453,2.9438188841349393,3.821482005529425,2.439336807953867,0.21566276081001118,-25.246105072875647,-53.76180440415664,465.0,171.7582836351357,255.17704973932263,253.21396391364098,236.20584352633472,1357.2761628947273,3296.0
2007,84,183,0,19.185882352941174,16.306428571428572,9.484242424242424,10.65681818181818,30.471176470588237,26.487142857142857,20.143636363636364,21.994545454545456,24.82852941176471,21.39678571428572,14.813939393939394,16.325681818181817,67.32000000000001,213.74,117.45,1.05,76.58529411764707,83.26285714285714,84.59939393939395,82.0290909090909,16.909419849489687,51.088904490519326,59.89486135216912,30.1658905423312,12.716684918823375,39.36738456679525,51.01615554192938,14.130556805111196,19.10839880195995,49.91999999999997,29.784006274515523,16.703449469404326,4.19273493066631,11.721519923724076,8.878705810239746,16.03533373722,41.07827572343342,143.56101423516472,86.56983818355508,0.0,0.75204738140127,0.7705662307576148,0.851761810449233,0.4684282993496269,5109.317527443989,3350.942559577501,3102.5737304173103,2772.72565156309,11.285294117647062,10.180714285714284,10.65939393939394,11.337727272727276,3.981212874197554,4.183687282620519,1.960936169622613,0.034807525358038265,-25.246105072875647,-53.76180440415664,465.0,127.75756596673267,310.4695727225258,178.84942122117482,352.68987676209156,1357.2761628947273,3296.0
2008,36,135,0,19.30941176470588,18.2925,16.71181818181818,11.67,31.795294117647057,29.654642857142857,29.188181818181818,22.702727272727277,25.55235294117647,23.97357142857143,22.95,17.186363636363637,44.34,118.58,96.2,90.63,67.17764705882352,74.05499999999999,70.72575757575757,80.82409090909091,23.529320393906183,81.59950607042697,121.61681587340809,38.39988923798974,15.805572249497589,65.96999458604714,62.090397141751005,34.868636973713265,8.184736892091951,24.3070311951405,42.50743024775518,40.0451948795378,7.723748144408595,15.62951148437983,59.526418731657074,3.5312522642764708,25.37950328073684,36.48771111090432,15.909203805634323,58.22359839450412,0.6717394291418229,0.8084607096654447,0.5105412166552806,0.9080400403659776,8038.808196679433,5729.186770988055,4327.0863777468185,4247.502640020713,12.485882352941175,11.362142857142857,12.476363636363637,11.032727272727277,1.8844573178358157,1.453195070784569,0.7910090336531698,2.3601630577188755,-25.246105072875647,-53.76180440415664,465.0,245.57884394210197,463.4875811008966,1737.4679329248306,80.16905708706938,1357.2761628947273,3595.0
2008,46,145,0,20.264705882352946,17.86,15.085454545454546,11.421818181818182,30.94588235294118,30.6875,26.99060606060606,23.48409090909091,25.60529411764706,24.27375,21.038030303030304,17.452954545454546,77.24,57.870000000000005,171.03,5.69,72.69529411764705,70.655,73.94848484848485,79.0281818181818,21.272303435762066,82.07849861503016,100.7313707829185,38.18037354907233,17.087873613701408,55.89939235090297,61.98845311182669,29.570693895738216,20.08233530198316,12.671865020533373,49.92,26.039306104261783,4.1844298220606575,26.17910626412718,38.7429176710918,8.609679653334108,45.60449686787196,9.38107793054681,71.79341190870667,0.0,0.8032921148056782,0.6810479394011079,0.6153837938472527,0.7744998580941517,7971.037558708631,4157.469277016709,3357.954246755324,3206.5104149239896,10.681176470588234,12.8275,11.905151515151513,12.062272727272727,3.6310125150879284,0.7050567563549816,1.697882185764937,0.14902944814530897,-25.246105072875647,-53.76180440415664,465.0,129.4908729876277,803.3713234804029,1045.6948284989319,202.1904996770485,1357.2761628947273,3595.0
2008,56,155,0,18.804117647058824,16.93642857142857,13.36121212121212,11.511818181818182,29.633529411764705,30.711071428571422,23.976969696969697,23.769090909090902,24.218823529411765,23.82375,18.66909090909091,17.640454545454546,91.8,24.91,171.15,44.74,74.5635294117647,66.47428571428571,80.96515151515152,77.68136363636364,19.608769457252475,77.9032312632917,81.31911191234917,37.71057356312306,14.310396555198054,40.37377901244039,70.38653465158488,23.851692150569992,22.741333333333323,7.277554320892935,35.514096693345,49.92,5.298372902054422,37.52945225085131,10.932577260764296,13.858881412553073,59.80900942460225,0.0,72.52692297596305,6.482404542775011,0.7297957470709734,0.518255512097926,0.8655595590794435,0.6324934864924571,6934.53899633823,1923.5250898963457,1794.225309292637,1662.3474117196108,10.829411764705881,13.774642857142851,10.615757575757577,12.25727272727272,4.681578831355323,0.31975567118404863,2.104671287906786,1.186404654522438,-25.246105072875647,-53.76180440415664,465.0,157.0094892275268,1152.569688751055,262.1300736911255,329.41301219328415,1357.2761628947273,3595.0
2008,65,164,0,17.397058823529413,16.845357142857143,12.382121212121213,10.907727272727271,30.033529411764704,29.880357142857143,23.599696969696968,22.45136363636364,23.715294117647066,23.36285714285714,17.990909090909092,16.679545454545455,49.07,80.64,104.36,97.77,72.07117647058824,68.50142857142858,80.60545454545455,79.59045454545455,19.599091451898,63.85589781721263,80.40185647561081,31.92931762082738,16.25734578136187,38.933008766024976,64.91402765402036,23.473843986557988,16.399288767741012,49.91999999999997,22.55052042363014,49.92,3.3417456705361257,24.922889051187656,15.487828821590451,8.45547363426939,21.727733330095624,8.18628000171606,66.81545192234947,46.92667643707215,0.829494868232144,0.6097010628128763,0.8073697610914177,0.7351815114033656,6677.523174617566,2768.177877474129,2501.560494534482,2369.068600675348,12.63647058823529,13.035,11.217575757575755,11.54363636363637,2.5036874857404676,1.2628434139448141,1.2979799792515572,3.062076088222599,-25.246105072875647,-53.76180440415664,465.0,100.3644168826841,744.7048258812912,365.50806690807354,189.83691328066732,1357.2761628947273,3595.0
2008,75,174,0,17.896470588235296,15.649285714285714,10.95939393939394,9.175454545454546,30.958823529411763,27.854642857142856,22.723939393939396,20.13909090909091,24.427647058823528,21.751964285714283,16.841666666666665,14.657272727272726,19.23,103.19,97.12,89.92999999999999,69.61764705882354,72.55392857142857,79.23969696969696,82.7540909090909,18.69320963721571,55.66608837444323,73.30342492195898,25.74955327277296,14.317282707381114,41.47807255263802,52.43303501011888,23.917969004705967,8.877004300095816,38.99603112861024,33.0879478668262,44.64965599434758,4.375926929834594,14.188015821805214,20.870389911840096,1.8315842680669947,3.246379659189738,31.59290061884756,50.59504825166516,54.45032286777265,0.7659082086618928,0.7451228164916462,0.7152876562853735,0.9288692798409178,5626.298489167964,3475.2758204233096,2980.548858479564,2938.147141124968,13.062352941176467,12.205357142857142,11.764545454545456,10.963636363636365,1.0287157943018845,1.8537318323120293,1.3249039878204445,3.4924877743448115,-25.246105072875647,-53.76180440415664,465.0,135.4735495983498,395.20211356787644,474.25747548453853,36.886442082261944,1357.2761628947273,3595.0
2008,85,184,0,16.97176470588235,13.567142857142857,11.529696969696973,8.519545454545455,31.391176470588235,23.918928571428573,23.485151515151514,19.17727272727273,24.18147058823529,18.743035714285718,17.507424242424243,13.848409090909092,8.780000000000001,169.61,60.31999999999999,84.73,61.71588235294118,81.50214285714286,79.21121212121211,83.3409090909091,18.3469976130687,42.42721589597042,71.5518551578787,23.01193793778969,10.019437494730534,38.723623135207085,46.70481768300158,22.23716090817032,4.789006504109625,37.44797104928052,48.57513910479313,46.33632734544664,8.327560118338166,3.7035927607633328,24.847037474877126,0.7747770296193683,1.1822226678265089,98.22741231962202,2.4880142614858087,64.73165085117617,0.5461077450401811,0.912707146048792,0.6527408350202479,0.9663315175056576,4587.620068043595,3986.9203951685536,3294.673071535066,3272.487743008354,14.419411764705885,10.351785714285716,11.955454545454542,10.657727272727275,0.47855241414246125,3.997669807415031,0.8430249623424061,3.682001934346359,-25.246105072875647,-53.76180440415664,465.0,261.411909244186,88.58597070235811,583.536439800137,14.858110399836889,1357.2761628947273,3595.0
2009,36,135,0,19.841764705882355,19.790714285714284,17.374545454545455,14.543636363636365,29.898235294117647,31.39928571428572,31.563333333333333,27.228181818181817,24.87,25.595,24.468939393939397,20.88590909090909,92.12,56.66,67.65,113.57,78.45,71.09642857142858,63.97878787878789,72.89,21.106561018907342,88.0692396172517,139.45081442869048,48.25616486995003,17.051889802425055,57.61393029238024,55.15449798422644,27.86613196319578,16.521934053153892,11.387094431529649,23.88259644730321,49.04387031201097,4.05467121648229,30.455309324871465,84.29631644446405,20.390032906754243,63.43478464806972,4.180909329244005,0.0,60.542594172096464,0.8078952221136311,0.6541890283459919,0.3955121969720027,0.577462631734096,9131.932636484486,4395.0488893320135,3066.6721656755394,2807.515448431771,10.056470588235292,11.608571428571437,14.188787878787878,12.684545454545452,4.364519635267846,0.6433574338355136,0.48511728150998706,2.353481680653036,-25.246105072875647,-53.76180440415664,465.0,121.22751407067373,956.2749590085892,2660.672734708767,555.1835232638148,1357.2761628947273,2844.0
2009,46,145,0,20.45,19.17,15.978787878787877,13.552272727272726,30.4735294117647,32.128571428571426,30.37878787878788,25.547727272727272,25.46176470588236,25.64928571428572,23.17878787878788,19.55,44.66,38.19,63.620000000000005,193.45,77.55,66.26892857142857,64.78181818181818,77.92863636363637,20.765095509388104,85.34859861875248,126.8817927408148,40.442010442757855,17.44733066375107,49.08103541336333,55.35194000602969,30.36465616721404,20.37034295196571,9.463974835943064,17.73203482991337,49.92,3.3177648456370314,36.26756320538915,71.52985273478508,10.077354275543811,11.95613183629956,0.0153327026593199,0.0,130.89737866269934,0.8402239544654617,0.5750655102447041,0.4362480921048991,0.7508196510208751,8579.204417044426,3110.8046398496945,2233.943614447596,2122.612644558048,10.023529411764702,12.958571428571425,14.400000000000002,11.995454545454546,2.1507245165238356,0.4474590165281171,0.5014115786491011,4.783392266658247,-25.246105072875647,-53.76180440415664,465.0,101.10400460483905,1165.2249949845743,2172.990223230971,257.4534986622454,1357.2761628947273,2844.0
2009,56,155,0,20.258823529411764,18.554642857142856,15.162121212121212,11.066363636363636,30.939411764705884,32.34321428571429,29.00969696969697,21.66090909090909,25.599117647058826,25.44892857142857,22.08590909090909,16.363636363636363,49.49,41.59,94.99,177.4,74.77882352941177,64.4667857142857,67.67151515151515,82.265,20.165495678326906,81.23769103158654,110.03623029454052,31.236228197851386,18.75640072355619,43.549622265796586,55.27613773764024,27.355745087522703,21.170353741289,19.210731475492423,49.92,46.70619070992295,1.4090949547707146,37.68806876578996,54.76009255690028,3.88048311032868,16.773912201821474,0.0,9.00459373785219,153.25806420255435,0.9301234654853958,0.5360765638804749,0.5023448875854736,0.8757697925066511,7988.818399505452,2429.5182758552705,1824.98718051332,1779.6434732917455,10.68058823529412,13.788571428571434,13.84757575757576,10.594545454545454,2.4541920907597596,0.5119544816189955,0.8632611254105544,5.679302855528589,-25.246105072875647,-53.76180440415664,465.0,43.59656902122075,1218.9532841066803,1588.5736911082358,84.05479188163768,1357.2761628947273,2844.0
2009,64,163,0,19.134705882352943,17.676785714285714,14.076060606060606,10.241818181818182,31.641176470588235,32.04392857142857,27.023030303030303,20.325,25.38794117647059,24.860357142857143,20.549545454545456,15.28340909090909,23.99,44.64,136.86,157.35000000000002,67.64588235294117,63.08178571428572,72.88242424242424,84.60363636363637,20.92697215481858,78.33309220772769,94.239783749222,25.802490710015785,15.64173466109574,40.93778202914984,60.01948501267508,22.873988047374016,7.77729025523973,11.479508226089884,35.137006842663006,48.16580159151923,5.285237493722837,37.39531017857784,34.22029873654692,2.928502662641764,7.781641750331196,0.0,53.18301637075181,121.44721720376975,0.7474437556172753,0.5226115920534445,0.6368805468865537,0.8865031017526922,6715.170899126688,1906.553782191995,1560.40039883153,1524.9802777732818,12.506470588235292,14.36714285714286,12.946969696969697,10.083181818181817,1.1463674640803752,0.569874094611526,1.452252908009563,6.0982484895894675,-25.246105072875647,-53.76180440415664,465.0,167.23113222785378,1198.2926482687642,924.7361697364571,59.52181661819385,1357.2761628947273,2844.0
2009,74,173,0,18.677647058823528,16.18357142857143,14.034242424242423,6.787727272727273,32.67764705882353,30.765357142857145,25.183333333333334,18.90681818181818,25.67764705882353,23.474464285714284,19.60878787878788,12.847272727272726,14.39,55.54,244.0,43.28,63.29058823529412,64.35821428571428,78.92363636363636,83.43363636363637,20.543958322517057,68.89900602291343,76.07621961665383,26.483762639694763,9.790638560294068,40.54897342884737,55.83883044532279,24.768288785122184,9.706898546256054,20.142767819456115,49.92,44.787747811321566,10.753319762222986,28.35003259406605,20.23738917133103,1.7154738545725794,0.0,4.555157297952569,158.38393737413335,23.64396340355625,0.4765702113775762,0.5885276982858386,0.7339853468888604,0.9352254482147726,5176.746178305872,1981.6146802396136,1718.0454093576725,1695.78828509011,14.000000000000004,14.581785714285715,11.14909090909091,12.119090909090907,0.7004492403115882,0.8061074202076198,3.2073097379116615,1.6342088769188132,-25.246105072875647,-53.76180440415664,465.0,351.3931879005949,872.1988777680829,509.64491729801983,32.43415226406656,1357.2761628947273,2844.0
2009,84,183,0,18.66058823529412,14.7425,11.606666666666666,8.833181818181817,32.14764705882353,29.1125,22.39909090909091,19.46136363636364,25.404117647058825,21.9275,17.00287878787879,14.147272727272728,39.61,74.42,222.97,119.82,65.84176470588235,65.42285714285714,82.44848484848485,87.74090909090908,18.880839694828506,58.11208633805238,63.1403581353465,25.481762947700545,14.473929178388376,34.62875189338492,56.06191084823338,24.3660253777034,14.189716938444503,49.91999999999997,49.92,49.70564725992451,4.406910516440131,23.483334444667463,7.0784472871131205,1.1157375699971448,16.623950893779522,4.060965045059611,166.9080891517666,95.66832736237208,0.7665935102638898,0.5958958639333805,0.8878934567976333,0.9562142708772892,5332.570686694572,2100.1998811532367,1982.476806798181,1965.115968307277,13.48705882352941,14.370000000000001,10.792424242424243,10.628181818181822,2.09789398354191,1.2806286039547858,3.5313388549688876,4.7021864321523505,-25.246105072875647,-53.76180440415664,465.0,141.67180390233509,683.6585740203815,158.5507842792547,21.713774572467166,1357.2761628947273,2844.0
2010,36,135,0,21.42823529411765,18.855357142857144,17.084848484848486,12.682727272727272,28.868823529411763,29.124285714285715,27.23969696969697,22.28181818181818,25.148529411764702,23.989821428571428,22.16227272727273,17.48227272727273,142.04,123.42,185.34,81.31,85.76058823529412,81.04035714285715,82.58969696969697,87.58954545454546,19.805154826308243,83.89002932282962,113.97217234029796,35.53105737552147,16.900117703495702,60.42974777409775,73.13738222784892,33.88979613260974,20.328803512177345,42.38245775617389,49.92,43.47697572975104,2.905037122812539,23.460281548731874,40.834790112449056,1.6412612429117366,109.6824555979675,40.936597981905706,104.66507552832496,53.863228137639226,0.8533191409867887,0.7203448164447422,0.6417126279691802,0.9538077005261754,8726.2995457363,5065.767193904728,4158.266986292695,4119.851003508105,7.440588235294115,10.268928571428571,10.154848484848483,9.59909090909091,7.171870214885707,1.471211787577869,1.6261864294962465,2.288420497612806,-25.246105072875647,-53.76180440415664,465.0,83.86500404486527,683.2639427628525,1112.3273084842904,36.57028460342424,1357.2761628947273,3495.0
2010,46,145,0,19.954705882352943,19.33642857142857,15.187575757575758,11.647727272727272,27.95647058823529,29.285714285714285,26.093333333333334,20.25318181818182,23.95558823529412,24.31107142857143,20.640454545454546,15.950454545454544,118.33,188.1,140.9,119.02,86.03823529411765,82.32000000000001,82.61727272727272,89.105,18.56687430277892,72.60304928751462,104.11905465183416,29.552396032600623,17.29048304647385,57.54191997071274,62.316611327612826,27.528966658357835,16.32319735333847,33.7655485450458,39.91329939385538,49.41203056528216,1.2763912563050743,15.061129316801878,41.80244332422133,2.02342937424279,91.92698626685436,113.11572883757994,72.43563782357758,81.9923021702154,0.9312543815673898,0.7925551410773609,0.5985130342951598,0.9315307844409416,8250.640133384428,5683.310815647333,4542.423208381459,4480.219977618431,8.001764705882348,9.949285714285715,10.905757575757576,8.605454545454547,6.373178278170895,2.5908002741745326,1.3532585411110234,4.027423017365614,-25.246105072875647,-53.76180440415664,465.0,35.683394615973505,441.07592999205497,1090.765087806682,40.980883012789086,1357.2761628947273,3495.0
2010,56,155,0,18.045294117647057,18.13928571428572,14.157272727272726,11.335909090909093,28.99411764705882,27.736785714285716,24.503939393939397,20.18227272727273,23.51970588235294,22.938035714285714,19.33060606060606,15.759090909090908,31.29,182.54,159.05,125.2,79.08823529411765,83.91071428571429,84.27060606060606,90.08909090909091,21.412288615471084,66.37006638996617,86.62542283548616,26.70244610106842,14.12282488898903,48.86393121943166,56.04080576152238,25.378033180580324,16.115457081714162,19.17724931216313,41.64964852577704,49.92,7.289463726482053,17.506135170534513,30.584617073963777,1.3244129204880963,8.262384695963473,130.61427655011937,80.53679502486372,91.55161534519672,0.6595663426087403,0.7362344785422561,0.6469325508280837,0.9504010638023492,6605.657564276393,3992.140496257413,3287.3930653826565,3254.7828256013536,10.948823529411765,9.597499999999997,10.346666666666671,8.846363636363636,1.461310398057681,2.750336257424573,1.8360660738367567,4.688709024114105,-25.246105072875647,-53.76180440415664,465.0,211.35156886958845,485.5639199104364,749.4436031672525,26.72966276481453,1357.2761628947273,3495.0
2010,64,163,0,18.65,16.885357142857142,13.223030303030304,10.395,29.83235294117647,27.059285714285718,22.520909090909093,20.51318181818182,24.24117647058824,21.97232142857143,17.871969696969696,15.45409090909091,91.21,107.53,230.85,54.6,78.99764705882353,82.48678571428572,87.63363636363636,87.40681818181818,20.36026317780176,66.15065523680502,68.68842570334239,28.86544571290277,14.222010843325696,36.29101105451871,58.59522684584491,27.516737710022007,22.741333333333323,10.09239917605688,45.832765813709976,42.81968069909344,6.138252334476066,29.85964418228632,10.093198857497478,1.3487080028807583,61.457322490007655,83.88792310275772,136.514406516502,30.09634740459453,0.6985180259767744,0.5486115129866023,0.8530582299106859,0.953276037505359,6169.151446754842,1992.1255401940691,1845.7623136359452,1828.514047812676,11.182352941176472,10.173928571428576,9.297878787878789,10.11818181818182,4.479804568510872,1.625531895565749,3.36082822740785,1.8915349703259203,-25.246105072875647,-53.76180440415664,465.0,183.1185100840904,807.9806432553949,227.30801390616824,27.666292482729887,1357.2761628947273,3495.0
2010,74,173,0,19.975294117647056,15.51392857142857,11.78121212121212,10.678636363636365,28.865882352941178,26.34714285714286,21.002424242424244,20.83136363636364,24.420588235294115,20.93053571428572,16.39181818181818,15.755,119.01,137.71,130.65,39.77,85.23647058823529,82.13428571428572,88.41060606060606,86.70545454545454,16.353946181761213,53.51412349333362,63.57560467307302,28.902470144947856,12.197299365796416,32.007166494034216,58.29521416533078,25.41626121978292,16.15700156165625,47.6265766616216,47.23238020745517,43.28980317083033,4.156646815964797,21.50695699929941,5.280390507742242,3.4862089251649384,96.32862196636736,74.23325840600043,72.74898228883565,18.29631581684192,0.7458321820454251,0.5981068997237976,0.9169431335353272,0.8793802430144773,5797.03488895153,2302.352403056468,2206.7393150088283,2153.5040430274757,8.890588235294121,10.83321428571429,9.221212121212124,10.152727272727276,7.27714269554869,2.5733393543697836,2.0550335411176333,1.3760069572099114,-25.246105072875647,-53.76180440415664,465.0,119.98527797236738,566.64686848297,110.90100160927251,72.62248583244727,1357.2761628947273,3495.0
2010,84,183,0,16.848235294117647,14.977857142857143,10.425757575757576,12.745909090909093,26.745882352941177,25.600357142857145,19.827272727272724,22.793636363636363,21.79705882352941,20.289107142857144,15.126515151515152,17.769772727272727,26.48,158.11,127.34,11.68,83.46470588235294,84.08285714285715,87.9830303030303,86.98136363636364,16.10185647897106,45.43518372324993,57.452989977170354,30.82244042560206,11.69079395395818,32.38331394067922,53.56405457607129,22.4341678271872,11.828749030472483,49.91999999999997,40.79294804486516,30.03878021767796,4.411062525012882,13.051869782570702,3.888935401099067,8.388272598414865,10.171123682236004,87.63543508979329,82.90299737906352,0.0,0.7260525498551235,0.7127365025731844,0.9323110006521091,0.7278517702495968,5270.667184752238,2999.5617508552245,2898.0430841564257,2740.303625137712,9.89764705882353,10.622500000000002,9.401515151515149,10.04772727272727,1.6445308672687984,3.479902292528698,2.21642076505679,0.3789446857134075,-25.246105072875647,-53.76180440415664,465.0,117.9777593454622,334.1325278158752,77.10698281633694,191.19923532732355,1357.2761628947273,3495.0
2011,36,135,0,20.06647058823529,19.02785714285714,17.696060606060605,14.390454545454544,28.04,29.17392857142857,28.17666666666667,25.24909090909091,24.05323529411765,24.10089285714286,22.93636363636364,19.819772727272728,111.35,75.39999999999999,152.28,11.38,86.24529411764706,79.97035714285714,81.76878787878788,80.24363636363637,18.556859581414905,85.27239097041095,111.15417298351414,45.52287499973279,17.39100705050641,51.33543739046575,90.45937353758912,34.97672007763241,13.73659554532755,11.82809662044447,49.92,26.3232799223676,1.165852530908494,33.9369535799452,20.69479944592501,10.54615492210039,87.43306407083271,25.97306153441733,23.72872308285533,0.0,0.9371740392929352,0.6020170984566258,0.8138189607240894,0.768332845362638,9249.30896527654,3727.708736368687,3380.6943930411803,3224.0552228943134,7.973529411764709,10.146071428571428,10.480606060606064,10.858636363636366,6.000476509048946,0.8842252356470616,1.3699890513564925,0.24998421123592915,-25.246105072875647,-53.76180440415664,465.0,32.69050496667417,990.0742596732082,583.110465721347,266.2808243694693,1357.2761628947273,3591.0
2011,46,145,0,19.826470588235296,19.082857142857144,15.796666666666663,13.620454545454544,28.66235294117647,29.540357142857143,26.666666666666668,25.486818181818183,24.24441176470588,24.311607142857145,21.231666666666666,19.553636363636365,57.26,96.4,87.02,8.07,83.59411764705882,79.31500000000001,81.21484848484849,77.49772727272727,19.0177801304072,73.16858106910385,107.44215410758356,42.03063541728001,15.544944599901603,51.968695234551966,89.92074098591206,22.108514390549026,18.85942571214917,47.402093262707695,32.843964400324445,18.805450009775416,3.472835530505598,21.199885834551875,17.5214131216715,19.922121026730988,28.28654902131594,15.888637214889515,11.657387876471182,0.0,0.817390068310184,0.7102597108651088,0.8369223582009809,0.5260095206997412,8156.335716997856,4611.5071136115575,4235.49026099797,3833.973849221568,8.835882352941173,10.4575,10.870000000000005,11.866363636363639,3.0108666525410066,1.3175053908583427,0.8099241933744689,0.19200280747319345,-25.246105072875647,-53.76180440415664,465.0,99.53963768200927,626.2521989404604,467.23768324457336,507.75147640446966,1357.2761628947273,3591.0
2011,56,155,0,19.165294117647058,17.826428571428572,15.764242424242424,10.907272727272728,28.602941176470587,28.980357142857144,26.509393939393934,23.88590909090909,23.884117647058822,23.40339285714285,21.13681818181818,17.39659090909091,46.08,86.93,77.01,8.06,81.40529411764706,79.11785714285715,81.15818181818182,75.03954545454545,19.800478373565024,68.5976448130381,96.99741276763896,36.69861661192492,15.374960153330017,50.65552302830572,73.5596825185429,14.905535563588144,19.01226958268636,21.682397834036003,18.8154393498597,11.969903786271557,4.425518220235011,17.942121784732382,23.437730249096067,21.793081048336777,18.903436930650287,33.60434872034463,6.317275965633396,0.0,0.7764943787346383,0.7384440554244481,0.7583674700144627,0.4061606932274584,7306.163318019969,4439.707646218028,3903.318750742129,3439.729930531535,9.43764705882353,11.153928571428573,10.74515151515151,12.978636363636364,2.3272165010679697,1.2672446734421638,0.7939387021020904,0.2196268073325949,-25.246105072875647,-53.76180440415664,465.0,126.58283732878083,519.9690972221819,621.3200242185371,520.5475527313861,1357.2761628947273,3591.0
2011,64,163,0,18.66058823529412,17.568571428571428,14.213636363636365,9.38090909090909,29.99705882352941,28.101785714285715,25.362727272727277,22.87454545454545,24.328823529411768,22.83517857142857,19.78818181818182,16.127727272727274,23.88,117.71,45.95,39.61,76.99352941176471,81.39785714285713,79.89030303030303,74.90454545454546,21.0580291109182,61.436241631271926,90.1160004072054,34.70222174428736,13.11749457449664,49.38495520294169,60.21768554337381,15.911592065492362,9.36147415433316,34.18214965360347,14.42952689119483,38.12793482570247,7.940534536421557,12.051286428330236,29.898314863831587,18.790629678795,6.561816367154504,43.504369297788,5.484937219034837,0.0,0.6229212860046557,0.8038407606269333,0.668224125252667,0.4585179641448091,6218.169791421714,4388.542606554918,3660.536325477068,3264.113393108828,11.33647058823529,10.533214285714287,11.149090909090912,13.49363636363636,1.134009259566398,1.9159700670895845,0.5098983509295424,1.1414254767858072,-25.246105072875647,-53.76180440415664,465.0,238.1926815793043,338.6626687904159,758.3028058054887,429.827112707127,1357.2761628947273,3591.0
2011,74,173,0,19.353529411764704,16.425714285714285,12.55151515151515,10.223181818181818,29.763529411764708,27.522142857142857,24.6,23.28681818181818,24.558529411764702,21.97392857142857,18.57575757575757,16.755,76.45,81.34,13.76,38.12,79.66176470588235,81.38392857142857,77.23848484848484,77.27363636363636,16.825403208403806,59.86121385449572,80.91121469595569,33.15423699577997,11.619173991350667,50.37559932143581,37.22121387813834,20.659389582594542,22.41231705189632,33.403631229004176,9.942417350865831,27.403027768271286,5.206229217053138,9.485614533059904,43.69000081781734,12.494847413185424,47.57973261850887,19.973086501456336,0.0,0.0,0.6905732865615501,0.8415398899842471,0.4600253996680987,0.6231296948629573,5975.897362368887,4555.485332143155,3325.5621463722355,3074.9010222011348,10.410000000000004,11.096428571428572,12.04848484848485,13.063636363636363,4.543724691353336,1.3588097327547122,0.17006295173922023,1.149777628869942,-25.246105072875647,-53.76180440415664,465.0,154.9557564261498,261.0644382666651,1074.7740201183067,290.96523992041017,1357.2761628947273,3591.0
2011,84,183,0,17.40352941176471,15.453571428571427,11.22090909090909,10.405,28.203529411764706,26.318214285714284,23.71212121212121,21.56090909090909,22.803529411764707,20.885892857142856,17.46651515151515,15.982954545454543,74.0,76.59,41.15,80.36,81.04941176470588,81.07035714285713,76.37727272727273,81.7909090909091,15.216783525458556,53.19540494509269,73.11412801498437,29.49976719799752,12.13697969200264,40.14618431130312,28.649435393450528,21.0206930954744,10.095086077314944,18.804696628732792,31.305261235282263,49.92,3.079803833455916,13.049220633789565,44.46469262153384,8.479074102523125,57.63704140919663,27.734205137279037,0.0,40.72456813980786,0.7976048073297994,0.7546927098823907,0.391845408969098,0.7125714909676067,5546.104413533243,3505.354646943514,2439.455886078412,2299.222052441249,10.799999999999997,10.864642857142856,12.49121212121212,11.15590909090909,4.863051371940314,1.439786013078663,0.562818720775368,2.7240892940150028,-25.246105072875647,-53.76180440415664,465.0,86.86133799933961,343.43218490163815,1054.352181101522,182.81654589958268,1357.2761628947273,3591.0
2012,36,135,0,20.98470588235294,19.561785714285715,15.85878787878788,11.909090909090908,34.93411764705883,31.821428571428573,29.6769696969697,23.48409090909091,27.959411764705884,25.691607142857144,22.76787878787879,17.696590909090908,46.870000000000005,46.61,116.14,92.03,54.70941176470589,68.2192857142857,68.50090909090909,80.2690909090909,26.645487402172108,93.4395557136192,123.21630261682492,40.44290598756801,12.671562079753318,41.071815702561885,73.39340669037246,35.04618006515074,22.741333333333323,4.57593326574416,46.42338454409226,47.73308071143004,13.973925322418792,52.36774001105732,49.82289592645246,5.396725922417272,16.291939475483023,23.70358436502728,0.8991420312794376,55.67412376751148,0.4755612794202573,0.4395549121449376,0.5956468838268059,0.866559393034808,7611.442766846982,1212.7492015929777,967.5597421926408,941.7373903379868,13.949411764705886,12.259642857142858,13.81818181818182,11.575000000000001,1.7590220547506,0.49882514577502857,0.94257007825636,2.275553592224299,-25.246105072875647,-53.76180440415664,465.0,488.1667512045925,1666.4162982090027,1478.5925726246048,126.73720217349472,1357.2761628947273,1735.0
2012,46,145,0,21.228823529411763,17.0225,15.192121212121211,12.539090909090907,30.49647058823529,32.340357142857144,27.502727272727277,24.167272727272724,25.86264705882353,24.68142857142857,21.347424242424243,18.353181818181817,87.66,40.02,147.05,63.48,73.55176470588236,59.267857142857146,75.09272727272727,79.25863636363637,20.619997034438665,88.1263797098385,102.99768494333355,42.04038687958764,16.631227227840544,39.489924260677206,71.74321709920568,31.665881324093743,20.474736262016503,21.004812001339303,41.52860799810556,49.92,3.988769806598121,48.6364554491613,31.254467844127863,10.37450555549389,55.57470844241858,0.0,54.78298690402806,23.422726674011805,0.8065581774848832,0.4481056000564211,0.6965517442326669,0.7532252596721192,8192.59209249414,1410.4235471897969,1196.4282645458377,1137.37860968499,9.267647058823528,15.317857142857143,12.310606060606066,11.628181818181817,4.251213026538942,0.45412054973514515,1.4277019923399523,1.5099765894595556,-25.246105072875647,-53.76180440415664,465.0,121.64340109016057,1572.920339388537,859.5831051712731,250.72350517022684,1357.2761628947273,1735.0
2012,56,155,0,19.585882352941177,16.310714285714287,13.983030303030302,13.65681818181818,31.74470588235294,30.979285714285712,25.703030303030303,23.96409090909091,25.665294117647058,23.645,19.843030303030304,18.810454545454544,32.6,51.61,157.23,84.63000000000001,70.13588235294117,61.89071428571429,79.18424242424243,83.23,22.553578251954075,75.58584021464185,91.08358251012712,34.578515963384035,13.268194746486516,40.23457049206875,73.17628430975674,28.30088480795641,4.591042614862341,15.966472122793595,44.06505475886559,49.92,9.28538350546756,35.3512697225731,17.907298200370395,6.277631155427622,21.95142930531781,0.0,55.95513305417127,50.47416995090919,0.588296659548333,0.5323030130751242,0.8033970809352018,0.8184528462101974,6851.523132472817,2044.8680451173816,1843.8545317311796,1776.9052232835345,12.158823529411762,14.668571428571425,11.72,10.30727272727273,1.445446910277995,0.6827998452281879,1.7262166865529076,2.4474734569180647,-25.246105072875647,-53.76180440415664,465.0,294.761768385919,1095.1570850983699,460.2718282895203,150.43772370240896,1357.2761628947273,1735.0
2012,65,164,0,19.167058823529413,15.856071428571427,12.353030303030302,11.927727272727276,34.03176470588235,29.764285714285712,24.16939393939394,21.777727272727272,26.59941176470588,22.81017857142857,18.26121212121212,16.85272727272727,3.71,84.43,121.19,114.09,58.156470588235294,67.75821428571429,79.18454545454546,86.81545454545454,23.4007692192243,66.76262987879933,83.73035123092605,27.08407277960135,5.925118502447862,49.5459828163829,67.49791306093594,25.535073867560087,2.7839725252378176,32.81169780089023,28.1954637736585,48.817424547421965,17.47565071677644,17.216647062416428,16.232438169990097,1.5489989120412642,0.0,4.856291907964685,58.30832096629578,67.93296535867646,0.2532018690043844,0.74212149680635,0.8061343595081614,0.94280775551571,5145.354350173053,3155.0399328377093,2849.2130141592543,2816.622436700531,14.86470588235294,13.908214285714285,11.81636363636364,9.849999999999996,0.15854179686333322,1.2646296311765124,1.4473843500997774,4.21243883548888,-25.246105072875647,-53.76180440415664,465.0,594.72723327552,512.4412022077804,392.32819272734554,33.73367585218591,1357.2761628947273,1735.0
2012,75,174,0,15.268235294117646,16.500357142857144,12.442424242424243,11.114545454545455,30.74882352941177,28.53,23.656969696969696,20.958181818181817,23.008529411764705,22.51517857142857,18.04969696969697,16.036363636363635,39.25,146.22,88.82000000000001,110.33,58.97941176470588,75.42392857142856,80.99363636363637,88.32318181818182,19.66309487056256,52.208821900019366,78.05324495082002,25.725006374018843,13.212356095205056,44.4493363267511,61.131178488174726,25.025270379659432,14.351844258830102,49.91999999999997,48.690677826318826,49.92,6.4507387753575,7.759485573268267,16.922066462645294,0.6997359943594118,17.26106153928872,66.20250793207903,28.918143685506426,84.0754074466594,0.6719367516750964,0.8513759688328575,0.7831984246996062,0.9727993849958336,5823.079736668592,4524.905360261509,4034.402055166563,4012.4544117516425,15.480588235294123,12.029642857142857,11.214545454545453,9.843636363636362,1.9961252416454958,2.800676105659181,1.137941158704727,4.288823038404709,-25.246105072875647,-53.76180440415664,465.0,198.35262823780155,221.37812340534367,400.3248135169069,14.665194194510798,1357.2761628947273,1735.0
2012,85,184,0,15.102941176470589,13.840357142857144,11.94121212121212,12.475,29.94470588235294,25.8675,22.477878787878787,22.69727272727273,22.523823529411768,19.85392857142857,17.209545454545452,17.586136363636363,34.809999999999995,132.02,134.29000000000002,64.14,63.03470588235294,78.72714285714287,83.47606060606061,88.4709090909091,17.195481417856385,49.67785310770073,64.39644026927057,29.85069331288041,10.20834475267325,39.92775035869135,51.0021253603085,27.55476858628549,15.05417937918192,23.739397622271536,48.09853948027595,38.80055935768039,6.987136665183133,9.750102749009375,13.394314908962066,2.295924726594916,14.743005951519788,83.40703139821903,58.92873278168708,45.88321153631007,0.5936643763909134,0.8037334115894397,0.7920022465068817,0.9230863852128942,5120.479856373879,3613.011187720633,3237.2620825249355,3187.46417676889,14.841764705882353,12.027142857142856,10.536666666666667,10.22227272727273,2.0243690277756388,2.6575222506854903,2.0853637163556393,2.1486938118225867,-25.246105072875647,-53.76180440415664,465.0,209.22775239871328,252.21078286000002,301.075786970327,52.111229680813885,1357.2761628947273,1735.0
2013,36,135,0,20.29705882352941,19.232857142857146,14.332121212121212,13.755,29.385882352941177,29.36785714285714,26.770909090909093,27.15136363636364,24.841470588235296,24.30035714285714,20.551515151515154,20.453181818181815,133.25,128.89,87.66,120.47,78.39588235294117,80.67321428571428,77.49181818181819,75.44681818181817,17.973862985547072,65.01592922415419,121.44372601329836,46.74268235203415,16.333492238416337,58.8805598140284,97.58811916057246,25.3613169357122,22.741333333333323,48.5098649136781,24.009543813219235,49.92,1.6403707471307347,6.135369410125786,23.85560685272592,21.381365416321955,99.16048727783452,44.24090860562682,14.572201939886414,69.19822687750704,0.9087357710220796,0.9056328274725878,0.8035665765877962,0.542572990242793,9095.046301397188,7807.635596194062,7040.795301736371,6396.665313499198,9.088823529411766,10.134999999999994,12.438787878787881,13.39636363636364,7.413542659535538,1.9824372509639656,0.7218157979639148,2.5773018136336665,-25.246105072875647,-53.76180440415664,465.0,48.20374179038999,180.18265235522975,638.6362823627936,580.5332274605271,1357.2761628947273,3991.0
2013,46,145,0,19.80058823529412,17.73035714285714,14.72212121212121,12.875,29.721176470588237,28.193571428571428,27.52969696969697,23.913636363636364,24.760882352941177,22.961964285714284,21.12590909090909,18.394318181818186,61.44,126.9,78.65,162.95,80.37882352941176,80.75464285714285,76.85121212121213,81.87363636363636,20.73938527810552,66.46868017215509,113.0518427061315,33.51511082924132,18.572173193027595,54.6792980713185,76.24336354185061,29.47426697826034,12.781755801721696,21.927384322904437,12.002568431425209,48.23903761978298,2.167212085077919,11.78938210083659,36.80847916428088,4.04084385098098,37.29673767191738,63.07507340749877,12.331452349628622,97.2392638333819,0.895502588142483,0.8226325230123137,0.6744106218599077,0.879432179962973,8339.508508551879,6120.772133333095,5124.34293701853,5000.776765610838,9.920588235294115,10.463214285714287,12.80757575757576,11.038636363636364,2.962479320197689,1.909169847683551,0.6956985230611755,4.861986010734868,-25.246105072875647,-53.76180440415664,465.0,64.41209282979231,332.3847863586579,1013.3262773080575,96.63127045459515,1357.2761628947273,3991.0
2013,56,155,0,19.722941176470588,16.612857142857145,12.667878787878788,13.306363636363637,30.284117647058824,27.422500000000003,26.723333333333333,22.637272727272727,25.003529411764703,22.01767857142857,19.69560606060606,17.971818181818183,79.71,101.01,99.95,147.22,79.10117647058824,80.68464285714286,74.1539393939394,87.82363636363635,17.037025339589636,65.41178775026728,103.03872694055198,28.138268521091348,14.512766922736162,55.81636088564015,64.89429394646501,27.373791754531144,22.741333333333323,35.25116301620346,49.92,48.009648874825935,2.524258416853474,9.59542686462713,38.144432994086976,0.7644767665602028,49.666566410597184,32.68380943148971,20.38686906973845,121.75655937064292,0.8518369042400994,0.8533073747921234,0.6298048886406143,0.9728314211662606,7465.385238194357,5822.709800026068,4744.94044860905,4719.157790881163,10.561176470588236,10.809642857142858,14.055454545454545,9.33090909090909,4.678633647082427,1.544217081875847,0.9700236306070239,5.232020580429447,-25.246105072875647,-53.76180440415664,465.0,76.44493886756906,263.1305931952375,1019.3463977119843,17.305669058286917,1357.2761628947273,3991.0
2013,64,163,0,19.23470588235294,14.803571428571429,13.501515151515152,12.44590909090909,28.389411764705883,26.785714285714285,26.30727272727273,22.845,23.81205882352941,20.794642857142858,19.90439393939394,17.645454545454545,107.21,87.66,149.17,65.28,83.66470588235293,78.68464285714286,77.01545454545455,87.01409090909091,13.59555137466635,63.82562054129735,90.13173673860832,30.330515569021387,13.27151333268526,54.134565761386575,52.083689613005845,28.886620552573813,22.741333333333323,31.54320713469697,41.97213642080141,40.52563173300691,0.3240380419810891,9.691054779910774,38.04804712560247,1.4438950164475748,78.40782000064807,24.723560437249773,86.65738110088971,37.83988413522069,0.976165877127654,0.8481635635075365,0.5778618220134171,0.952394643171766,7346.670115648821,5673.431799980133,4475.945718492757,4433.329919878226,9.154705882352943,11.982142857142856,12.805757575757577,10.399090909090908,7.885667675072947,1.3734296549969458,1.6550219201102154,2.152287845270751,-25.246105072875647,-53.76180440415664,465.0,9.19924940123019,259.58182446189574,1000.9403524733494,32.98578165074485,1357.2761628947273,3991.0
2013,74,173,0,16.015882352941176,14.218928571428572,13.417878787878788,12.237727272727271,27.121764705882352,26.851785714285715,24.707272727272727,21.845,21.56882352941177,20.535357142857144,19.06257575757576,17.041363636363634,45.38999999999999,78.65,182.31,189.03,79.45,77.62035714285715,81.08636363636363,88.52227272727272,15.947341287091303,62.02111190399625,72.7654649083718,27.60723113613516,12.9586970590965,40.15354613006178,52.62185120092527,25.102777645053305,10.684952148037022,12.852079514631178,45.51168539808624,49.39456011619161,2.988644227994804,21.86756577393447,20.14361370744653,2.5044534910818594,28.957017459533144,36.32932650334406,97.02854291561968,160.0443476368413,0.8125929473639607,0.6474173857478768,0.7231706863577124,0.9092826992054348,6167.472680374962,2905.657218912232,2503.471672116616,2458.050033574601,11.105882352941176,12.632857142857143,11.289393939393939,9.607272727272727,2.8462424665571855,1.2681165749131353,2.505446783437302,6.84711911411421,-25.246105072875647,-53.76180440415664,465.0,81.05730554126848,587.1831902547368,497.6937575827107,54.709786512683216,1357.2761628947273,3991.0
2013,84,183,0,16.241176470588236,12.916785714285714,12.760909090909092,12.21818181818182,27.76235294117647,26.877857142857145,23.24,20.342272727272725,22.00176470588235,19.897321428571427,18.000454545454545,16.280227272727274,44.27,69.59,179.09,267.37,78.84058823529412,74.35607142857143,85.41848484848485,91.31181818181818,16.38310294926043,56.96673054014711,62.49415840891715,22.86786478520296,10.872371586932632,29.46883174437909,55.79779793840471,21.03223559382525,19.57050196083977,33.77356711802902,37.38398088407875,48.13865833227531,5.510731362327798,27.497898795768013,6.696360470512449,1.8356291913777092,19.184965273531077,25.918103098431654,119.68178829554556,235.5830869579782,0.6636332336191195,0.5172989824931418,0.8928482174814446,0.919728876805084,5321.412088010597,1468.4355438265816,1389.7628008092704,1367.451236610176,11.521176470588234,13.961071428571431,10.479090909090907,8.124090909090905,2.7021743156413756,1.221590204320339,2.865707844694266,11.691952987801741,-25.246105072875647,-53.76180440415664,465.0,152.99086904495456,739.0845955613962,155.6234173347093,37.34086963714846,1357.2761628947273,3991.0
2014,36,135,0,20.411176470588234,18.99714285714285,17.243939393939392,14.20590909090909,33.919411764705885,30.115357142857142,27.08333333333333,23.82318181818182,27.165294117647058,24.55625,22.163636363636364,19.014545454545456,40.91,173.59,260.24,138.36,63.55235294117648,75.6425,83.83181818181818,86.38727272727273,25.13166224721088,75.74786955379795,114.22695681574912,41.392076672554126,19.7074475785572,61.83091121274503,94.3624051214281,35.73273746465911,13.96913177647117,49.91999999999997,47.57628845439688,42.88960458175842,5.424214668653678,13.916958341052926,19.86455169432104,5.659339207895015,12.081815574200265,75.80822056372617,168.221306424175,107.31394640797932,0.7841680898263838,0.8162726103977254,0.8260957636614356,0.863274818205786,8770.036705817194,6353.092779803307,5800.677905673436,5642.05815743686,13.50823529411765,11.118214285714291,9.839393939393936,9.617272727272729,1.6278270652208928,2.291681614579433,2.278271322764674,3.3426687212275694,-25.246105072875647,-53.76180440415664,465.0,183.9861708462218,419.1141707830735,537.9982750545281,134.82346692044803,1357.2761628947273,3736.0
2014,46,145,0,19.055882352941172,18.2675,16.30878787878788,13.988181818181818,31.27294117647059,29.05964285714285,26.04848484848485,22.99363636363637,25.16441176470588,23.66357142857143,21.178636363636365,18.49090909090909,42.66,179.49,343.36,110.02,70.02,78.40785714285714,85.14818181818181,87.16090909090909,20.88383645035718,73.7623261406969,99.40168494050344,35.69007329185644,16.179934443279382,57.65035294782207,85.64273884562033,28.759807808642467,22.741333333333323,49.91999999999997,44.4842688604923,49.92,4.703902007077794,16.111973192874828,13.758946094883118,6.93026548321398,9.381562515985909,94.66098038551128,263.15299229388734,75.82446105184984,0.7747587222175676,0.7815690741349144,0.8615823654989501,0.8058209231866362,8015.618318449064,5389.3299224291095,5016.340772724928,4821.527088679135,12.217058823529417,10.792142857142853,9.739696969696972,9.005454545454551,2.0427281214065616,2.43335601506973,3.4542674020618165,3.082649875787835,-25.246105072875647,-53.76180440415664,465.0,147.10485076722577,468.2081867088021,358.39969888368273,159.35200442448294,1357.2761628947273,3736.0
2014,56,155,0,17.891764705882352,18.87,14.757878787878788,11.108636363636364,30.18117647058824,28.967857142857145,24.112424242424243,20.646363636363635,24.036470588235293,23.918928571428573,19.43515151515152,15.8775,53.05,207.06,288.32,154.33,73.1370588235294,80.72749999999999,86.87272727272727,87.15545454545455,19.52087391745262,69.87124352397232,84.59873796290408,29.11321696381817,16.868758587750417,52.0468318102141,74.90970046890003,24.720452530329048,13.494553895257123,48.49315603621215,30.29726285273026,47.33057855773859,2.652115329702202,17.824411713758227,9.689037494004053,4.392764433489123,28.92668751699246,120.01456604883089,231.60619271458185,112.57623176466262,0.8641395185012142,0.7448963147815912,0.8854706615333597,0.8491144266554795,7356.749538769921,4541.648660916368,4281.572652575041,4152.36714367504,12.28941176470589,10.097857142857144,9.354545454545455,9.53772727272727,2.717603741734672,2.963450907081097,3.4080886658903373,5.301028745528223,-25.246105072875647,-53.76180440415664,465.0,80.04396078609449,516.3350121796178,233.62618255618077,90.69461186270134,1357.2761628947273,3736.0
2014,64,163,0,18.93941176470588,17.28607142857143,14.704545454545457,11.002727272727272,29.86294117647059,27.37857142857143,24.27939393939394,19.66090909090909,24.40117647058824,22.332321428571426,19.491969696969697,15.331818181818182,114.57,220.27,187.18,258.12,76.74470588235293,82.72607142857143,86.44030303030304,89.53227272727273,18.33593198626913,61.60271175991348,80.2908318163651,23.937194957641072,14.426433150130428,50.17273656379281,65.96407443608263,23.47491023104648,22.741333333333323,49.91999999999997,33.98493646225282,46.28015886089511,3.909498836138703,11.429975196120676,14.326757380282464,0.4622847265945942,84.61290018320292,142.91859676954053,137.15098910166452,222.34986737031124,0.7867848310592376,0.8144566226131872,0.8215642177795655,0.9806875982163888,6677.970269233826,4819.390532470275,4389.41467272673,4372.460644775814,10.923529411764708,10.092500000000001,9.574848484848484,8.658181818181818,6.248387051489708,3.575654280585348,2.3312748886211994,10.783218353560873,-25.246105072875647,-53.76180440415664,465.0,116.7491337730903,312.9363923337897,347.84498630999747,9.08893798369208,1357.2761628947273,3736.0
2014,74,173,0,18.42,16.598214285714285,13.176666666666666,12.05181818181818,28.24882352941177,26.41642857142857,22.26181818181818,21.438636363636363,23.334411764705884,21.50732142857143,17.719242424242424,16.745227272727274,147.24,217.66,279.19,182.52,81.10764705882353,84.92107142857142,87.2930303030303,89.15818181818182,16.739729818770293,52.57451954156215,67.84406043334857,26.00212960582011,13.41352848429854,44.91391682494254,55.80719051682517,25.38952413959342,22.741333333333323,31.385788021118252,49.92,46.98437619572744,3.326201334471751,7.660602716619605,12.036869916523406,0.6126054662266878,118.29580484903482,164.10162848727254,204.84859750429308,160.06609966467914,0.8012989832881249,0.8542905806193128,0.822580343221811,0.9764401810346498,6176.920116103965,4826.866950586372,4398.676411742863,4377.950007753299,9.828823529411768,9.818214285714284,9.085151515151516,9.386818181818182,8.795840888357677,4.140028323567114,4.115172326312663,7.019425053521239,-25.246105072875647,-53.76180440415664,465.0,93.96127452078642,202.36576447767345,267.96260955984104,13.133425824809876,1357.2761628947273,3736.0
2014,84,183,0,19.008235294117647,15.260714285714286,11.83818181818182,12.108181818181816,29.01823529411765,24.49892857142857,21.025757575757577,21.09590909090909,24.01323529411765,19.87982142857143,16.4319696969697,16.602045454545454,102.73,285.54,277.25,146.44,81.11176470588236,86.9692857142857,88.27666666666667,88.63636363636364,16.83689718275697,46.01174850183728,58.12311309962944,25.84684705393458,10.917568538869611,39.48546182730366,47.40558650667597,25.05083018858559,22.741333333333323,31.5960219175665,47.190498671400654,47.51434841357148,5.91932864388736,6.526286674533615,10.717526592953462,0.7960168653489923,74.34934169483816,237.1998495884632,214.2499367394899,121.06532006924358,0.6484311462120544,0.858160428868009,0.8156064597816287,0.9692025544280916,5204.634563268342,4097.299861739264,3719.542048318091,3696.631569560991,10.010000000000002,9.238214285714285,9.187575757575758,8.987727272727273,6.101480509437809,6.20580632767299,4.7700473222203845,5.6656813767042395,-25.246105072875647,-53.76180440415664,465.0,171.76847137153374,159.88703107606514,225.34411595517454,16.792699426232762,1357.2761628947273,3736.0
2015,36,135,0,19.931176470588237,20.130714285714284,17.64757575757576,12.948636363636364,30.271764705882354,31.367142857142856,29.62818181818182,25.097727272727276,25.10147058823529,25.74892857142857,23.637878787878787,19.02318181818182,57.21,56.51,125.74,93.91,76.76529411764706,73.19035714285714,73.8348484848485,77.45636363636363,20.066024905586808,89.76330244964036,121.66843399158046,47.22049718936962,17.39993666997584,61.29610916823195,73.74088554123524,38.57214978452768,21.403971850082765,11.647339372003536,46.95000979800923,44.74504927363238,2.6660882356109665,28.46719328140841,47.92754845034522,8.64834740484195,25.616758146608063,4.970523309847279,16.696444032759064,57.54281073984917,0.8671342107789037,0.6828637928358388,0.6060806662995116,0.816851835122378,9309.170043708536,4880.757724446605,3919.445309062845,3775.8774659242326,10.340588235294117,11.236428571428572,11.98060606060606,12.149090909090912,2.851087859662305,0.6295445739833785,1.0334644399935426,1.9887550023751386,-25.246105072875647,-53.76180440415664,465.0,80.70719575353621,892.9345183998349,1420.0061195865464,217.05386452652195,1357.2761628947273,3792.0
2015,46,145,0,20.22823529411765,18.965,16.51818181818182,14.035909090909092,30.49058823529412,31.04678571428571,28.753939393939397,24.298181818181817,25.35941176470588,25.005892857142857,22.636060606060607,19.167045454545452,33.36,74.58,146.51,60.12,76.09294117647059,72.44464285714285,73.78060606060605,82.87136363636364,20.48533253906222,80.33440387619515,114.05444542433364,38.0895644151334,18.273833717766983,48.56490624871718,76.57847331181449,35.17018354370308,15.075885376253094,27.37171654872313,49.92,49.92,2.211498821295235,31.76949762747797,37.47597211251914,2.919380871430313,6.036332092516935,13.719262578812785,47.38324323690863,24.949816456296915,0.8920447682712369,0.6045343452546366,0.6714203293603179,0.9233548370463798,8809.480298796772,3583.709957301704,2994.9428385825327,2949.0332622025453,10.26235294117647,12.081785714285711,12.235757575757578,10.262272727272725,1.628482229243185,0.9283693710472617,1.2845619428065005,1.5783850753649906,-25.246105072875647,-53.76180440415664,465.0,67.42989994295131,986.3407850908169,1077.5818308523383,70.93564721053582,1357.2761628947273,3792.0
2015,56,155,0,20.24235294117647,17.665714285714284,15.26939393939394,14.094545454545454,30.514117647058825,30.965,26.625454545454545,23.948636363636364,25.378235294117648,24.315357142857145,20.94742424242424,19.02159090909091,48.27,57.76,166.16,54.8,75.75411764705882,69.44285714285715,77.83575757575757,85.16409090909092,20.697577798581595,76.01207369235584,97.5224299003613,31.98377167002697,16.623534528667896,48.09790166450559,77.65537190620913,28.60802293289378,14.220168129223453,23.88226646471788,43.45123373636389,45.748172767809415,4.074043269913697,27.914172027850256,19.867057994152173,3.375748737133193,22.63563390312182,0.0,68.93566082214485,23.895038035660697,0.8031632827009887,0.6327666030948258,0.7962821679643303,0.8944543260263231,7787.848074792942,3497.911220161492,3141.6177749492203,3075.3009418642805,10.271764705882354,13.299285714285716,11.356060606060606,9.85409090909091,2.3321569542938474,0.7598792822541905,1.703813165543206,1.7133689098760936,-25.246105072875647,-53.76180440415664,465.0,124.3158356373548,864.3623368423832,528.969449575208,80.84457896060752,1357.2761628947273,3792.0
2015,64,163,0,19.663529411764703,17.371785714285714,14.286363636363635,13.95409090909091,31.508235294117647,29.99535714285714,25.47181818181818,24.30909090909091,25.585882352941177,23.68357142857143,19.87909090909091,19.131590909090907,25.43,96.76,127.6,63.8,72.44176470588235,71.615,79.69787878787879,84.16681818181819,20.672231499946115,67.37921119167197,87.89626149072319,31.101356969725742,14.867442718506371,48.18472296040707,73.48302073434154,28.08015064795564,5.377458674628085,49.91492170871588,34.2616980226688,49.71267292409459,5.804788781439745,19.19448823126489,14.41324075638166,3.021206321770107,12.395765273532213,4.037814005505127,69.77020295170556,20.268874450618565,0.7191987337479808,0.7151274422512485,0.8360198657834511,0.902859340680506,7071.558626785748,4049.819136861691,3717.7741940540254,3645.544786771745,11.844705882352944,12.623571428571427,11.185454545454544,10.354999999999999,1.2301526325334682,1.4360512432350867,1.4517113451232193,2.0513574395516994,-25.246105072875647,-53.76180440415664,465.0,182.89865075825796,575.7455296711587,367.1314479573252,73.44277913102968,1357.2761628947273,3792.0
2015,74,173,0,18.46058823529412,16.86714285714286,13.827272727272728,11.650454545454544,31.55,29.01535714285714,24.11969696969697,23.153181818181817,25.005294117647058,22.94125,18.973484848484848,17.401818181818182,39.97,90.02000000000001,147.76,48.65,69.63176470588235,74.17142857142858,82.36363636363636,82.31045454545455,19.29709507917224,60.69659992762966,73.78717112487242,32.19981329244817,11.735631919988808,48.62641614387709,61.21073410872557,27.901569281135718,19.31451533523712,29.04212750591583,48.38729789964425,45.94588708536853,7.561463159183432,12.070183783752574,12.576437016146848,4.298244011312458,14.349635921611004,31.66597168544421,67.20409549754599,23.18984153314001,0.6081553659677681,0.8011390457102339,0.8295579458539841,0.8665133871344366,6026.19600610329,4228.633373336973,3868.264894145998,3764.992578468735,13.08941176470588,12.148214285714282,10.292424242424243,11.502727272727274,2.071296215104441,1.4831143772028994,2.002516125058392,1.5108783258507246,-25.246105072875647,-53.76180440415664,465.0,238.56416267223727,350.22069326550366,303.33984978794194,99.51802509282848,1357.2761628947273,3792.0
2015,84,183,0,17.09058823529412,15.702857142857145,13.917272727272726,11.360909090909091,29.87058823529412,27.475,24.065454545454543,21.791363636363634,23.48058823529412,21.58892857142857,18.99136363636364,16.576136363636365,52.79,137.87,83.12,80.24,71.44117647058823,76.37142857142858,83.95636363636363,83.00181818181818,16.71356387727857,54.3411924845057,67.98449115613467,27.74226152770923,12.241300339329197,41.99323373279296,58.254857402094856,25.72737735848586,14.009184371671749,36.885116238638936,30.504751208773406,49.92,4.472263537949372,12.347958751712742,9.72963375403981,2.014884169223369,31.69086207734049,73.00083440023985,31.245507627770664,35.09737385028754,0.7324171211605421,0.7727698236428377,0.8568845101496086,0.9273713079515566,5891.461513132326,3883.3847551865874,3605.498499428552,3553.125971389328,12.780000000000001,11.772142857142857,10.148181818181817,10.430454545454543,3.1585124745157387,2.5371176762326457,1.2226317883163205,2.8923381001168753,-25.246105072875647,-53.76180440415664,465.0,133.58914262180537,339.2601667033076,234.14805885176528,43.907073616698874,1357.2761628947273,3792.0
2016,36,135,0,21.904117647058825,18.765,19.38878787878788,12.391818181818184,29.314705882352943,27.62,29.060606060606062,22.445454545454545,25.60941176470588,23.1925,24.224696969696968,17.418636363636363,46.03,144.43,91.42,139.31,86.52823529411765,85.81285714285714,82.85727272727273,83.54181818181819,21.511192455922178,76.93795856630689,123.86521346200048,36.1377366194944,20.67217821590811,57.77696211688364,74.51316259249892,32.43787939659601,22.741333333333323,17.452769388809607,11.379514443360094,46.35202344245485,0.8390142400140641,19.16099644942325,49.35205086950156,3.699857222898386,8.74010059922032,91.94160182764008,22.9800923529506,71.89961160430923,0.9609963863354736,0.7509552266985369,0.6015664972422476,0.8976179039142559,9255.293631261968,5797.819874907799,4642.797034348785,4547.729175933324,7.410588235294117,8.855,9.671818181818182,10.053636363636361,2.1398162883958407,1.8772268291408711,0.7380603273900298,3.854973029075917,-25.246105072875647,-53.76180440415664,465.0,24.595455677118167,529.2267219330703,1434.2005086015758,83.04497712123741,1357.2761628947273,3717.0
2016,46,145,0,21.07470588235294,17.626785714285713,17.027272727272727,12.54681818181818,28.35,27.21678571428572,27.596969696969698,21.549090909090907,24.712352941176476,22.42178571428571,22.31212121212121,17.047954545454544,113.98,121.3,68.57000000000001,148.48,87.33470588235295,84.80571428571429,80.60484848484849,87.10727272727273,18.18969539385325,68.19653638853391,117.28876819374946,30.76698053864001,17.35755662560064,53.74114264286203,64.57362927065286,28.681582696163304,22.741333333333323,32.77351668161179,36.76988741095893,48.00775817751185,0.8321387682526096,14.455393745671884,52.71513892309661,2.0853978424767043,81.0917767077327,57.52667400885951,0.0,108.56054653728378,0.9542521878330184,0.7880333150159469,0.5505525402396895,0.9322196131707604,8292.632891009223,5655.990035463798,4384.954858529382,4325.512071221408,7.275294117647061,9.590000000000007,10.56969696969697,9.002272727272727,6.266185196180728,1.7786827077099845,0.5846254595046061,4.825952933974952,-25.246105072875647,-53.76180440415664,465.0,23.59113407996148,393.42935399157767,1454.778091432245,44.93842768915254,1357.2761628947273,3717.0
2016,56,155,0,18.33235294117647,18.965714285714284,15.25090909090909,10.888636363636364,27.084705882352942,28.6375,25.274848484848484,20.063181818181818,22.708529411764708,23.801607142857144,20.262878787878787,15.47590909090909,105.33,74.28999999999999,160.07,102.95,86.3905882352941,83.81035714285714,82.27757575757575,87.93409090909091,16.88201903119926,73.02420496636232,91.68700109162516,28.779567221754817,14.944230476292349,43.03926507167385,60.176090028834864,27.83216678716015,19.101093814437046,11.732816247795952,47.44095382608829,48.61101759842673,1.9377885549069125,29.98493989468847,31.510911062790303,0.9474004345946664,78.49534237593727,38.61901249496725,64.18577239287279,73.94776944050142,0.8852158292603669,0.5893835488041169,0.6563208449657912,0.9670807963408664,7249.694699532576,2784.42883486907,2305.9537602587257,2290.771727966225,8.752352941176472,9.671785714285715,10.023939393939393,9.174545454545454,6.239182635995263,1.0173339105057118,1.745830903990828,3.57719069250558,-25.246105072875647,-53.76180440415664,465.0,52.48443307184346,858.693716234141,796.4335027315608,19.007867173897264,1357.2761628947273,3717.0
2016,65,164,0,18.057058823529413,19.324285714285715,12.96060606060606,7.442727272727271,27.88764705882353,28.94071428571429,22.96909090909091,17.677272727272726,22.972352941176467,24.1325,17.964848484848485,12.56,63.16,75.65,196.35,48.77,84.15294117647058,83.36928571428572,83.58363636363637,86.00727272727273,18.54602063992294,70.44436450708332,75.12927846637047,25.171439673711173,12.27789662002078,38.51588851739246,58.89413825405559,24.0637583946508,21.342481522035364,12.96752279651848,49.92,41.75743592619799,6.268124019902159,31.928475989690853,16.235140212314878,1.1076812790603707,34.823406270868496,45.50907020812442,100.50338454246288,32.86880567915121,0.6620232371353489,0.5467561356667447,0.783903951379194,0.9559945202412392,5573.563282556002,1784.288242118564,1591.4994227573711,1577.4924836305256,9.830588235294115,9.616428571428575,10.00848484848485,10.234545454545454,3.4055823201252746,1.073897117666428,2.6134950848475222,1.9375133338493529,-25.246105072875647,-53.76180440415664,465.0,174.80323038796556,924.0329011959317,372.9064114584979,19.58078406484446,1357.2761628947273,3717.0
2016,75,174,0,18.313529411764705,18.67892857142857,11.495151515151514,6.959545454545455,27.728823529411763,28.631071428571428,21.097878787878788,17.669545454545457,23.02117647058824,23.655,16.296515151515152,12.314545454545454,73.99,68.32000000000001,191.92,42.38,84.81411764705882,81.5317857142857,86.14181818181818,86.27545454545454,16.096452595400063,61.74913854391606,62.07279788415904,24.533624197004617,13.018991579164236,36.07581938310824,56.75397996473839,21.974002929737352,14.44759024331913,44.12509764002668,48.65910247997039,49.92,3.077461016235827,25.673319160807814,5.318817919420653,2.559621267267263,53.7340848441833,2.56667322018421,130.6320151953179,19.14509955023304,0.8088112273187893,0.584231946125873,0.9143132241381048,0.8956688483236905,5340.561683704487,2009.9092769616689,1923.7979541027896,1883.6555428739755,9.415294117647058,9.952142857142857,9.602727272727273,10.71,4.596664983261241,1.1064121963646625,3.0918535420002056,1.7274251720695348,-25.246105072875647,-53.76180440415664,465.0,85.33437343784743,735.0546347016,112.21577575873458,45.22734432840015,1357.2761628947273,3717.0
2016,85,184,0,18.948823529411765,14.898928571428572,10.172424242424242,9.828636363636363,28.82470588235294,25.512857142857143,19.54909090909091,20.238636363636363,23.886764705882356,20.205892857142857,14.860757575757576,15.033636363636363,24.66,104.98,150.11,38.1,83.02058823529411,80.78321428571428,87.49272727272728,87.80318181818183,17.001209590838275,47.62878062838703,55.37209549431077,26.418184851102414,7.721176531050133,35.6770697531928,52.60763049046617,22.72153530984796,11.57883969405481,49.91999999999997,38.8739285494026,39.73815944606188,9.280033059788142,11.951710875194228,2.764465003844602,3.6966495412544544,12.570650441561725,30.96176994086204,108.5484409601312,14.51423379349276,0.4541545405810991,0.7490653609538149,0.9500747627633374,0.8600717815364899,4083.865302508554,2546.690404111219,2483.1183428144263,2413.626677625609,9.875882352941176,10.613928571428572,9.376666666666669,10.41,1.4504850297998175,2.20412949092867,2.710932260373334,1.4421884097919055,-25.246105072875647,-53.76180440415664,465.0,267.494223526905,304.92229217156245,54.042777675158476,74.81514582925209,1357.2761628947273,3717.0
2017,36,135,0,20.43058823529412,19.795714285714286,17.143333333333334,13.567272727272728,29.975882352941174,29.108214285714286,27.112121212121213,23.827272727272728,25.203235294117647,24.451964285714286,22.127727272727277,18.69727272727273,107.31,155.98,156.48,92.37,81.63294117647058,83.08214285714287,82.39030303030303,85.12318181818182,20.53405338106236,77.80178106446581,111.19588537870642,41.24072764408346,18.66872639296316,70.57480583638262,89.94958101084572,38.50207865696142,13.950397996991144,37.5873770678664,44.55226347261503,48.64464481195727,1.8653269880991992,7.2269752280832,21.24630436786071,2.738648987122032,81.90154227671238,61.76821509274213,59.56553258440565,49.775540003696335,0.9091593387100324,0.907110414065007,0.8089290417941194,0.9335935822772774,9031.939656918925,7773.479954537363,7030.836822783533,6937.4582853847205,9.545294117647053,9.3125,9.968787878787879,10.26,5.225953103782579,2.00483842228183,1.4072463155184813,2.239776193988947,-25.246105072875647,-53.76180440415664,465.0,55.914822345027694,210.36434357659465,576.0323793310599,65.25453632042587,1357.2761628947273,3965.0
2017,46,145,0,20.98235294117647,18.50714285714286,15.368484848484847,15.609090909090908,29.59117647058824,28.898571428571422,25.40212121212121,24.166363636363634,25.28676470588235,23.70285714285714,20.38530303030303,19.887727272727275,82.7,100.86,194.1,137.51999999999998,81.68294117647058,81.60607142857143,83.78393939393939,88.635,21.44785383588713,74.78618642145567,96.57856938710404,36.28877414181288,19.28941613028256,60.685651050494286,82.90917958301787,34.4519903430442,22.741333333333323,24.828818755712746,47.22500227861225,46.34924623780945,2.1584377056045705,14.100535370961389,13.66938980408618,1.8367837987686797,46.90925053638412,38.0868635271263,88.79463689408261,103.9437656977586,0.8993634644230457,0.8114553496350492,0.8584635298406954,0.9493842423116658,8362.177277013663,5997.211590537247,5572.799510875691,5516.385216938061,8.608823529411772,10.391428571428563,10.033636363636361,8.557272727272727,3.855863651104528,1.3486447808904978,2.0097626340064405,3.7896016950747815,-25.246105072875647,-53.76180440415664,465.0,63.87071104731643,407.4853285988255,347.2314966991309,44.38838520242528,1357.2761628947273,3965.0
2017,56,155,0,20.928823529411765,17.524642857142858,14.737272727272726,15.004545454545456,29.49235294117647,28.03,24.64454545454545,22.762727272727275,25.21058823529412,22.77732142857143,19.690909090909088,18.883636363636363,94.02,115.41,171.15,164.99,83.04235294117647,81.44035714285714,85.06636363636363,90.88272727272728,19.042134849073825,64.85551860660851,89.64240485618546,28.271335075781337,17.649308811025698,52.95627242468949,81.5544675455774,27.602688267533555,20.57802790568731,43.36359080683342,49.92,49.92,1.3928260380481263,11.899246181919027,8.087937310608067,0.6686468082477798,63.00332994995366,39.66816467416441,83.03912326125602,137.38731173246646,0.9268555732281314,0.8165268517225834,0.909775542907582,0.9763489482737384,7831.492166594607,5676.189381322049,5420.123828680284,5394.485502873312,8.563529411764705,10.505357142857143,9.907272727272725,7.75818181818182,4.937471598914391,1.7794939039812132,1.9092526608872027,5.835946535872614,-25.246105072875647,-53.76180440415664,465.0,41.07771709977583,333.53587047919035,199.3235386847946,15.220224937923781,1357.2761628947273,3965.0
2017,64,163,0,19.074117647058824,17.493214285714284,14.185757575757576,13.382727272727273,29.23941176470588,27.69214285714286,23.73878787878788,21.434545454545454,24.156764705882352,22.59267857142857,18.96227272727273,17.408636363636365,70.74,124.88,224.98,129.72,83.19294117647058,81.5525,86.5251515151515,90.21636363636364,18.739128771778063,60.07779785548394,78.88988029915903,25.473737696365944,15.998728889935109,50.44945354850577,73.01382408382393,24.825320030408587,18.746568574593237,43.54800813101929,49.31289832545554,47.19075918203092,2.7403998818429605,9.628344306978155,5.87605621533509,0.6484176659573563,43.20536920213833,49.62910689506817,146.2012857217398,107.01681911301604,0.8537605501718885,0.8397353989215958,0.9255157164258276,0.9745456409386732,6885.754546921877,5230.440488542512,5035.647682259295,5010.011845417182,10.165294117647058,10.198928571428574,9.553030303030303,8.05181818181818,3.7749887340833843,2.0786381068826225,2.8518233155742068,5.092303357528319,-25.246105072875647,-53.76180440415664,465.0,80.12768054515766,266.62948602659725,139.4904520596728,13.898537934493223,1357.2761628947273,3965.0
2017,74,173,0,17.473529411764705,15.931071428571428,15.367272727272727,10.920454545454543,28.16941176470588,25.752857142857145,23.915757575757578,20.62227272727273,22.821470588235293,20.841964285714287,19.641515151515154,15.771363636363638,57.78,180.82,200.34,84.07,80.56235294117647,83.65928571428572,89.05484848484848,88.81863636363636,17.127760767779108,52.10104435267581,68.88967725297273,25.6141373374098,14.327909375072483,47.21786065075166,63.487477582748994,23.971647777504657,14.304224051167974,42.8376438779619,49.92,41.06389286485188,2.7998513927066244,4.883183701924144,5.402199670223734,1.6424895599051443,36.35853324042621,105.06871952245442,129.7701662952129,68.95445935764346,0.8365313813832729,0.90627474434352,0.9215818699456804,0.9358756635732458,6199.005448596756,5327.50039286829,5118.6140835320975,5052.968537225871,10.695882352941176,9.821785714285717,8.54848484848485,9.701818181818187,3.373470752154376,3.470563829316282,2.90812800972086,3.28217182927393,-25.246105072875647,-53.76180440415664,465.0,78.87016676113814,125.7559322779808,129.19769768890836,33.871867656062044,1357.2761628947273,3965.0
2017,84,183,0,17.68294117647059,14.450714285714286,14.69,11.084090909090907,27.828235294117647,24.61785714285714,22.55,21.866818181818186,22.75558823529412,19.53428571428572,18.62,16.475454545454543,76.28,147.76,255.27,4.79,81.70411764705882,84.69142857142857,90.04757575757576,87.62227272727273,15.01433389684608,48.00681884176219,57.10345314253324,30.77302217661981,10.813225714917795,43.23019995587555,54.20701207945108,23.65479608084979,22.741333333333323,38.75670980236706,47.91909463580407,29.05429855495428,4.201108181928285,4.776618885886641,2.896441063082161,7.118226095770023,49.93610761841556,88.51442357509072,191.9006030871119,0.0,0.7201935023697074,0.9005012412584323,0.949277304546671,0.768686154550716,5456.811875706909,4642.392863228284,4524.655523540166,4315.332429843482,10.145294117647058,10.167142857142855,7.860000000000001,10.782727272727278,5.080478463052125,3.0778960898667234,4.470307590030196,0.15565581997465502,-25.246105072875647,-53.76180440415664,465.0,116.90942698274313,117.59012135863077,65.31474597250273,155.6529558132766,1357.2761628947273,3965.0
2018,36,135,0,18.934117647058823,19.767142857142854,17.0369696969697,15.824545454545454,27.375882352941176,29.302142857142854,26.811818181818182,27.42363636363637,23.155,24.53464285714286,21.92439393939394,21.62409090909091,179.71,139.4,153.25,22.04,84.76529411764706,82.60142857142857,84.82424242424241,79.61045454545454,19.19013124288703,82.25065824386579,117.20314071280114,49.544215641497765,14.691061128056724,71.2559181885085,78.50817126112123,14.145761750317384,22.741333333333323,45.11449632661434,11.628657340915064,19.52289559059768,4.499070114830308,10.99474005535729,38.69496945167992,35.39845389118038,147.29090133804135,45.77091881821048,108.22766772457804,0.0,0.7655529262470302,0.8663264186560201,0.6698469920144932,0.2855179271113343,8428.499591233398,6738.49800265874,5626.130310217684,4822.176460940467,8.441764705882353,9.535,9.774848484848484,11.599090909090915,9.364709272981699,1.6948192631685886,1.3075588168369088,0.4448551604789057,-25.246105072875647,-53.76180440415664,465.0,123.16601416122805,322.16944377923005,1037.4824854894507,970.7543273466796,1357.2761628947273,3471.0
2018,46,145,0,18.73705882352941,19.54678571428571,16.69272727272727,12.88181818181818,27.46176470588236,28.47642857142857,27.689090909090908,24.11,23.09941176470588,24.011607142857144,22.190909090909088,18.49590909090909,162.25,214.28,24.25,75.25,84.44294117647058,85.20214285714285,81.61212121212121,81.59318181818182,19.07767067195369,67.0036325345666,121.24806124881437,39.6397499597236,14.82899101889329,62.32960676633882,57.13582041412051,20.90205160100986,22.741333333333323,49.91999999999997,6.111483470513589,43.6951750362051,4.248679653060404,4.67402576822778,64.11224083469385,18.73769835871373,129.78295553244934,124.77172656699452,10.922696115365875,16.764256833298624,0.7772956811071051,0.9302422034235758,0.4712307959866799,0.5273002887820336,7752.923452407155,6941.683166808745,5106.409025495684,4623.649411153158,8.72470588235295,8.92964285714286,10.996363636363636,11.22818181818182,8.504707036301117,3.1980355675411296,0.20000319799123495,1.8983469894855185,-25.246105072875647,-53.76180440415664,465.0,116.67624094301472,133.09956092995495,1775.2096648573684,451.765907428588,1357.2761628947273,3471.0
2018,56,155,0,19.641176470588235,18.41857142857143,16.392424242424244,11.56,29.335882352941177,27.418928571428573,27.44757575757576,22.21409090909091,24.488529411764706,22.91875,21.92,16.887045454545454,79.57000000000001,205.3,23.82,94.71,82.28764705882354,85.62107142857143,81.02121212121212,83.38636363636364,20.28321850278304,66.14518698195049,107.07968035056538,34.293733897210494,17.093239404751536,53.54240198400155,32.0004534453818,28.357428289248386,15.455868823943282,20.30279804111068,12.122344595728876,49.92,3.189979098031501,12.602784997948934,75.07922690518357,5.93630560796211,52.1642739373852,146.91066879883107,0.0,28.55491630648049,0.8427281598532398,0.8094678453114367,0.2988471140427048,0.8268982425257292,7485.046545551534,5345.8334761493525,3471.710191324734,3351.518364212804,9.694705882352942,9.000357142857144,11.055151515151515,10.65409090909091,3.922947435047465,3.1037783604122504,0.2224511683450709,2.7617290168482893,-25.246105072875647,-53.76180440415664,465.0,93.58085152819352,345.5548616598334,2060.7427683002466,131.8696324394165,1357.2761628947273,3471.0
2018,64,163,0,20.407647058823528,17.03142857142857,15.183636363636364,11.056363636363637,29.921176470588232,26.73107142857143,26.41939393939394,21.162272727272725,25.16441176470588,21.88125,20.801515151515154,16.109318181818182,70.95,151.9,78.47,44.03,83.00470588235294,85.09821428571429,81.00363636363636,83.64727272727272,19.444583528181138,65.42966071521708,95.49794543077928,29.87069350169617,17.17183150107723,40.94647006515105,32.88510414692588,25.393339168852314,21.09391597327916,12.517441787125978,46.18662028592016,49.92,2.2727520271039063,24.48319065006603,62.61284128385339,4.477354332843855,38.72188306264943,119.53000412100216,11.915717354279945,14.903281117067849,0.8831164460884442,0.6258089927039476,0.3443540486508404,0.8501087919974267,7022.964468879414,3081.069245657854,2071.023957286864,2008.938300734864,9.513529411764704,9.699642857142859,11.235757575757578,10.105909090909089,3.64883104321426,2.32157706978102,0.8216930704218991,1.4740200122069416,-25.246105072875647,-53.76180440415664,465.0,68.00341447686311,654.4619180662472,1654.193319542871,94.75099348827787,1357.2761628947273,3471.0
2018,74,173,0,19.514705882352946,16.642500000000002,13.526666666666667,9.47,27.598823529411764,27.38,24.95151515151515,19.89818181818182,23.556764705882355,22.01125,19.23909090909091,14.68409090909091,189.05,23.79,76.22,45.53,87.37647058823529,82.37964285714285,80.80484848484848,83.27272727272727,14.850604415827815,65.41238558792523,83.13356642810228,24.864130234579,14.305363661413407,28.059256760995144,40.82403303855684,23.78664807531453,22.741333333333323,6.45360413564464,30.012508203333315,42.2546681603931,0.5452407544144082,37.35312882693009,42.30953338954544,1.077482159264466,159.21396967191993,12.01847243669354,11.837062893754489,9.501191967625688,0.963284945235408,0.4289593860367436,0.4910655802775326,0.9566651980544252,6453.12636653286,925.630503041756,690.0878915702701,684.1069271490227,8.084117647058818,10.737499999999997,11.424848484848482,10.428181818181818,12.730121596836153,0.36369259103113194,0.9168378463098723,1.8311519273125667,-25.246105072875647,-53.76180440415664,465.0,15.048003362126591,1022.7286672813458,1055.6869634227792,21.439935910891485,1357.2761628947273,3471.0
2018,84,183,0,16.618235294117646,16.874642857142856,11.323333333333334,11.615454545454543,25.80647058823529,27.898214285714285,22.03666666666667,22.147727272727277,21.212352941176476,22.38642857142857,16.680000000000003,16.881590909090907,130.98,13.76,106.61,56.47,86.00058823529412,80.81500000000001,82.89999999999999,84.02,14.678336212457465,58.31593268634263,67.3902045854395,27.2543585146802,11.034767829576545,17.704384843398547,48.69761143890354,24.920719738672087,8.890090619661144,4.945705776262599,42.53552836185902,47.76211911902065,3.64356838288092,40.61154784294408,18.69259314653597,2.3336387760081148,118.26580821742898,0.0,20.322565975500037,26.32268950416629,0.7517723854977084,0.3035943013828337,0.7226215106256744,0.9143755750203724,5422.318135779772,-241.8817384285922,-208.33534282231287,-204.76762403589404,9.188235294117643,11.02357142857143,10.713333333333335,10.532272727272733,8.923354670731523,0.2359560992363677,1.5819806551386315,2.0719621769700867,-25.246105072875647,-53.76180440415664,465.0,94.02764030904048,1132.9896641969917,411.92244430583105,51.684795164088825,1357.2761628947273,3471.0
2019,36,135,0,19.448235294117648,19.381071428571428,17.403333333333336,17.090454545454545,30.148235294117647,29.22571428571429,28.175757575757576,25.73136363636364,24.79823529411765,24.303392857142857,22.78954545454545,21.41090909090909,83.88000000000001,199.04,71.7,140.09,76.74176470588235,80.51464285714285,79.88575757575758,87.04272727272728,20.99792483182888,66.0479464562748,118.70709882408596,38.98575199594626,18.59289664921321,57.964218408773135,76.779647241491,36.36204204064576,21.01693771878376,42.26673985006136,37.18709260857036,48.087464107739954,2.40502818261567,8.083728047501667,41.92745158259494,2.623709955300502,51.4808322986697,119.82597945994928,0.0,92.82758646018463,0.8854635302356115,0.8776081849440499,0.6467991215527225,0.93270079911314,9339.80585269129,7625.1321668196815,6278.53047702103,6194.022460251567,10.7,9.844642857142862,10.77242424242424,8.640909090909094,3.9946804587496096,3.0135683345093685,0.6040076853891732,3.5933640580940076,-25.246105072875647,-53.76180440415664,465.0,72.50735553848136,236.25272627969875,1181.3377115605083,67.5116349361846,1357.2761628947273,2800.0
2019,46,145,0,18.19529411764706,19.162857142857145,17.457272727272727,15.215909090909092,29.741764705882357,28.665357142857143,27.475757575757576,23.67363636363637,23.968529411764703,23.914107142857144,22.46651515151515,19.444772727272728,63.05,168.39,125.28,124.08,75.35411764705883,82.7192857142857,82.26757575757576,87.36727272727272,21.284836375220017,68.45452783698309,98.65978916896816,34.69933963679423,19.067573256417727,47.01350808865891,72.35191365784041,32.85546347605724,12.969904317219868,14.704760489323007,46.5766181962613,49.19655688246443,2.2172631188022898,21.441019748324177,26.30787551112772,1.8438761607369936,38.22318909302907,119.64163573923796,21.05622863522129,88.60459783773963,0.8958289798561174,0.6867844914600301,0.733347539735039,0.9468613472176344,8691.768324125254,4608.173370496514,3993.782987211327,3951.3381377222186,11.546470588235298,9.502499999999998,10.01848484848485,8.457727272727277,2.9622027103484494,2.4598811111662653,1.2698182416084545,3.575860558119353,-25.246105072875647,-53.76180440415664,465.0,65.94531797044858,614.6144885927655,722.8288098769547,43.65125372886551,1357.2761628947273,2800.0
2019,56,155,0,19.029411764705884,18.09321428571429,17.515151515151516,13.613181818181818,29.70764705882353,27.630714285714284,27.184242424242427,22.413181818181812,24.368529411764705,22.861964285714286,22.349696969696968,18.01318181818182,141.64,96.59,168.09,173.42,77.6029411764706,83.41785714285713,83.45242424242424,88.06590909090909,18.55528427719246,62.22420493724758,90.92524775445484,30.718854800657663,13.35236149377754,43.89285398352621,71.0309796992861,28.124042865682487,22.741333333333323,35.079274512915326,49.184479113996034,47.49359825412656,5.202922783414921,18.33135095372137,19.89426805516872,2.594811934975175,112.75697183955582,40.35920483689179,82.95381569963318,146.98683799418697,0.7195988643617721,0.7053983900283123,0.7812019373442509,0.9155303167447628,7517.519187076648,4195.5093038178975,3736.5246500531343,3673.40003932006,10.678235294117645,9.537499999999994,9.669090909090912,8.799999999999994,7.633405011967355,1.5522898219014603,1.8486614460917374,5.645392744142507,-25.246105072875647,-53.76180440415664,465.0,154.56659372400222,506.5083206734312,540.8106056645684,58.15799168258676,1357.2761628947273,2800.0
2019,64,163,0,20.31117647058824,17.226785714285715,16.607272727272726,13.03,28.20705882352941,28.08642857142857,25.904545454545456,22.174545454545456,24.259117647058822,22.656607142857144,21.255909090909093,17.602272727272727,167.98000000000002,45.61,166.72,172.69,86.39235294117647,79.96464285714285,85.12454545454545,88.19818181818182,13.57901892227536,65.12621762155358,79.36560053195866,27.997791386370007,12.00325783963229,40.820384497644085,68.56870399894923,26.24195516792856,21.620300982939465,17.35167054512627,34.4589195923673,38.17956034710912,1.5757610826430692,24.305833123909498,10.796896533009438,1.7558362184414509,139.4845963640747,9.058245940169105,81.04404695380974,142.7274040773296,0.8839561906745595,0.6267888108418957,0.8639599970183333,0.937286616854491,7608.9289128119535,3349.322801156908,3121.5018592289325,3082.349870811484,7.895882352941172,10.859642857142855,9.29727272727273,9.144545454545456,12.37055496877182,0.7003323955497966,2.1006582056021332,6.167986524968166,-25.246105072875647,-53.76180440415664,465.0,44.447585549941444,682.6640459037467,279.68869700736724,38.934870036567155,1357.2761628947273,2800.0
2019,74,173,0,18.152352941176478,17.670714285714286,15.406969696969696,13.075,28.173529411764704,27.786785714285717,24.006666666666668,23.365,23.162941176470586,22.72875,19.706818181818186,18.22,43.95,111.89,263.38,9.36,82.33058823529412,81.27357142857143,88.05272727272727,86.04772727272727,16.25912864045388,54.3684691381409,67.75687592318936,33.00167630611961,10.638684895856493,38.13915894354904,63.82326985700184,24.981923141957765,6.493982425972239,49.91999999999997,49.92,26.697808672851004,5.620443744597386,16.229310194591864,3.933606066187511,8.019753164161846,34.02799934483793,30.324823482423238,199.55673014299813,7.600268185191235,0.6543207284421554,0.7014940745645056,0.9419452858091224,0.7569895210845786,6346.893046672164,3505.0152728666963,3403.273942916228,3237.8676967665388,10.021176470588227,10.11607142857143,8.599696969696971,10.29,2.703096886179327,2.057994307614342,3.8871331715259894,0.2836219564478409,-25.246105072875647,-53.76180440415664,465.0,158.3477371455834,450.96036466779674,94.43276962894153,187.38153268064153,1357.2761628947273,2800.0
2019,84,183,0,17.58764705882353,17.634642857142858,13.547878787878789,13.770454545454545,27.894117647058824,27.77178571428572,22.567878787878787,23.797727272727272,22.740882352941178,22.70321428571429,18.05787878787879,18.78409090909091,43.16,105.04,236.47,17.96,81.36882352941177,82.22214285714286,87.52333333333333,86.24772727272727,15.48561004695518,50.5010548163152,61.15259778053661,32.365713040762486,8.430486609047541,42.1943266120734,55.08839963006344,19.822084673869536,16.112491654721595,49.91999999999997,34.819853888455015,32.95776921458548,7.055123437907636,8.306728204241798,6.064198150473173,12.543628366892948,23.89073933145658,29.03816504264823,196.48174648148157,0.0,0.5444077813844451,0.8355137682875057,0.9008349870558848,0.6124408459317713,5618.241466186912,4232.056414750965,4022.220450176463,3710.450779147199,10.306470588235292,10.137142857142862,9.019999999999998,10.027272727272727,2.7871036316380846,2.0799565550077403,3.866883968668665,0.5549082134350188,-25.246105072875647,-53.76180440415664,465.0,196.7964431915177,230.69267567501663,136.85608880555728,298.50984688576375,1357.2761628947273,2800.0
2020,36,135,0,20.88058823529412,17.8675,13.86909090909091,13.30090909090909,32.452352941176464,31.963214285714287,29.64727272727273,28.469545454545457,26.66647058823529,24.915357142857143,21.758181818181814,20.885227272727278,39.39,90.33,54.87,53.36,71.87705882352941,65.15928571428572,62.81818181818182,62.79681818181818,23.92422547205717,92.17340090827012,140.77421579946372,53.25992180221015,21.446940484743028,46.482881784462606,68.36720287032028,19.56260604192723,18.328995626491302,31.31013879977361,17.812935929453324,49.278276867671984,2.4772849873141425,45.69051912380751,72.40701292914342,33.697315760282926,5.161582525181931,30.865975042255087,0.0,2.3320530198541114,0.8964528657277726,0.504298217559769,0.4856514560003732,0.3673044454435422,9081.500571045268,2328.9265405965957,1729.986552977622,1511.0755926753438,11.571764705882345,14.095714285714287,15.77818181818182,15.168636363636367,1.6464482850659647,0.9800007280830979,0.38977308229628954,1.0018790526610517,-25.246105072875647,-53.76180440415664,465.0,80.39372674419641,1460.415853579786,2146.6704596774775,959.3472627335458,1357.2761628947273,4100.0
2020,46,145,0,18.644117647058824,17.889642857142857,13.701818181818185,10.607727272727272,31.05,32.66142857142857,29.53212121212121,25.116818181818186,24.84705882352941,25.27553571428572,21.616969696969697,17.862272727272725,64.59,48.78,49.18,184.55,70.34,62.57357142857143,62.00333333333333,67.97909090909091,22.567194704712406,89.27701938018582,128.47957539969943,42.49468781070077,18.39722128735933,47.2632530609861,55.40038089009193,25.94103972979227,13.487005241475613,15.00375218048951,8.783371290397572,49.825738489441285,4.169973417353078,42.013766319199725,73.0791945096075,16.553648080908495,38.08697127941801,0.0,0.0,117.56659307116402,0.8152196818471942,0.5293999888114064,0.4311999064266952,0.6104537076575475,8034.043089929056,2362.811937913671,1690.8281122229623,1559.0969478019936,12.405882352941177,14.771785714285716,15.830303030303027,14.509090909090913,2.862119144410649,0.546389208988604,0.38278457760310325,4.342895771398695,-25.246105072875647,-53.76180440415664,465.0,129.4776746088131,1372.2296276512334,2158.183630341912,415.7749690939822,1357.2761628947273,4100.0
2020,56,155,0,17.21941176470588,17.010357142857142,12.365454545454543,9.466818181818182,31.392941176470583,31.705,28.456666666666667,22.85,24.306176470588237,24.35767857142857,20.41106060606061,16.158409090909092,51.43,71.99,51.38,162.66,66.53941176470589,63.15071428571429,61.26545454545455,75.82045454545454,23.074012874209263,79.27718449974012,116.24459179142612,35.41161870266891,11.965796131436468,43.35964314572987,50.80756873996479,31.076194914978505,4.399854347967257,27.056588537653507,27.62901979768872,46.88020878044173,11.108216742772797,35.91754135401024,65.43702305146135,4.335423787690408,42.27501618726294,5.973622664583871,0.0,112.3326161022685,0.5185832302629557,0.5469372231032247,0.4370746884390729,0.877570584273696,6242.9635315791165,2000.281941055316,1437.2772736161862,1402.0842702470811,14.1735294117647,14.694642857142856,16.091212121212124,13.38318181818182,2.2289144190209473,0.9080796758143699,0.44199905740294104,4.593407643004487,-25.246105072875647,-53.76180440415664,465.0,348.71959478135204,1138.7656486288945,1862.1195526344186,99.06443354872582,1357.2761628947273,4100.0
2020,65,164,0,18.57,13.9675,12.683333333333334,10.642272727272728,33.43117647058824,29.55678571428572,28.273030303030303,21.904090909090908,26.00058823529412,21.76214285714286,20.478181818181817,16.27318181818182,42.06,54.69,54.53,207.07,61.44294117647058,62.93821428571429,63.28484848484849,83.02954545454544,22.079039073299693,73.21886649940679,105.61172760428752,28.30395268022124,13.172351635721242,46.59314352417343,49.53503175713094,26.60921138238313,18.660158648683744,26.75701512451031,31.751983367379378,48.75000210034673,8.906687437578451,26.62572297523336,56.07669584715659,1.694741297838111,15.324359674224992,0.0,0.0,163.46276988464953,0.596599860709094,0.6363543407838868,0.4690296511646114,0.9401235114761058,6110.709617693743,2777.510076887016,2040.1223296777632,2015.691257425705,14.86117647058824,15.58928571428572,15.58969696969697,11.26181818181818,1.9049742092654476,0.7469386322778309,0.516325234298944,7.315939308529872,-25.246105072875647,-53.76180440415664,465.0,297.7610394940566,786.9707884669064,1585.458120980472,37.12176745523669,1357.2761628947273,4100.0
2020,75,174,0,17.91470588235294,13.099642857142856,10.691515151515151,13.190454545454545,32.06294117647059,29.19892857142857,25.17121212121212,23.88863636363636,24.988823529411764,21.14928571428572,17.93136363636364,18.53954545454545,42.39,48.37,188.26,81.52,64.97882352941177,61.700357142857136,68.81818181818181,84.0,19.830878282942944,70.37100050427846,84.26232631431051,29.966229163272477,12.18982318480154,40.26288873198714,51.6749185136168,27.8927588666715,9.063267095792677,12.558176785210051,38.83492940432488,39.07285640380662,7.641055098141402,30.108111772291316,32.58740780069371,2.0734702966009757,26.322175548314814,4.612201578595485,110.3083288672684,53.38931413384675,0.6146890223861807,0.5721517165233313,0.6132624243112156,0.9308064326244196,5694.57295853898,2039.953060373644,1645.4898098297344,1622.7183478252775,14.148235294117647,16.099285714285713,14.479696969696967,10.698181818181814,2.1375755221321056,0.6873570029327517,2.234213179657102,2.7203956679311987,-25.246105072875647,-53.76180440415664,465.0,244.99470013787848,879.1246050597218,820.2645542317039,49.53237792630193,1357.2761628947273,4100.0
2020,85,184,0,15.46470588235294,12.508928571428571,10.56030303030303,12.245454545454544,30.570000000000004,28.564285714285717,23.47090909090909,22.83363636363637,23.017352941176476,20.536607142857143,17.01560606060606,17.539545454545454,34.86,35.300000000000004,245.02,55.86,63.16529411764706,60.9875,77.07242424242423,81.91454545454545,18.359833590622724,62.3508193333962,69.05117162145078,32.399178732708755,11.501239167926537,29.342259393662555,55.8641482870156,28.5540922030709,15.800358327012171,16.86055586148474,49.92,48.70176646806973,6.85859442269619,33.00855993973365,13.187023334435178,3.845086529637858,12.786081159909678,4.897543071864879,156.09640757446917,28.524141328859372,0.6264348263919334,0.4705994196606543,0.809025349971924,0.8813214815918764,5116.855670128468,1053.5561282104434,952.9548717754813,930.3358173170576,15.105294117647064,16.055357142857147,12.910606060606058,10.588181818181825,1.8987100197795217,0.5661513413520245,3.548382949144406,1.7241177765906224,-25.246105072875647,-53.76180440415664,465.0,209.66723150182256,942.8659371356778,309.5114258622249,87.79730760446736,1357.2761628947273,4100.0
2021,36,135,0,16.713529411764707,18.719285714285714,17.16878787878788,12.732727272727272,28.023529411764702,30.333571428571428,30.03848484848485,26.991818181818186,22.368529411764705,24.52642857142857,23.60363636363636,19.862272727272728,20.93,87.65,28.07,21.86,77.23411764705882,73.01535714285714,69.39666666666668,67.48545454545454,24.1542619796647,89.58198445972512,131.98557029763754,47.44138748593591,15.844867822061184,58.82185081651484,43.92752690899756,12.247626230697575,10.15239862728956,18.32516734072563,2.4676404317280736,12.080014201030496,8.309394157603515,30.760133643210285,88.05804338863997,35.193761255238336,0.0,20.655380470049085,0.0,0.0,0.6559864191007312,0.656625896057933,0.3328206773660002,0.2581633227807346,7928.269193739645,3844.725698421878,2562.1649548285577,2182.0233675130244,11.309999999999995,11.614285714285714,12.869696969696967,14.259090909090913,0.8665137447635873,0.9784333371115069,0.21267476389047688,0.4607791036145483,-25.246105072875647,-53.76180440415664,465.0,232.8585515695479,933.0647110187223,2645.130202116883,949.9436049357105,1357.2761628947273,3526.0
2021,46,145,0,18.397058823529413,18.693928571428568,15.182424242424242,11.60590909090909,29.97764705882353,30.239642857142854,29.24242424242424,25.70681818181818,24.18735294117647,24.46678571428572,22.21242424242424,18.65636363636364,41.78,71.31,11.3,28.02,74.36352941176472,73.90892857142856,66.00545454545454,66.68363636363637,23.499133559395087,79.91465682947344,123.8869308889325,43.33672248964408,13.765701880340064,56.9519441950593,26.23002306233498,14.258483550080005,22.741333333333323,17.00244056179293,2.0724174994579525,15.833933949377949,9.73343167905502,22.96271263441415,97.65690782659752,29.07823893956407,10.949249014455214,20.096948576481097,0.0,0.0,0.5857961462939327,0.7126595602679829,0.2117255054599004,0.3290161952945858,7221.095724049883,4108.72649300666,2489.32434326749,2155.2650794692045,11.580588235294115,11.545714285714286,14.059999999999997,14.100909090909088,1.7779378926631157,0.8923269251116905,0.09121220389365133,0.6465648159409326,-25.246105072875647,-53.76180440415664,465.0,291.7853795458835,694.3842290958858,2855.7247288686845,747.509001466839,1357.2761628947273,3526.0
2021,56,155,0,18.258823529411764,18.125357142857144,14.251515151515152,11.960909090909093,29.83235294117647,30.46821428571429,28.099393939393934,25.880454545454544,24.045588235294115,24.29678571428571,21.175454545454546,18.92068181818182,56.98,46.26,27.26,15.9,72.25,72.3975,67.0590909090909,66.57136363636363,21.952248676586244,76.70637750834204,107.01886872233736,41.05411331063099,14.743076744059453,45.61383244934562,26.74691806421225,14.17686121423922,9.184165589756349,9.830333140410726,10.34341507619848,12.066553861959258,7.209171932526792,31.092545058996425,80.27195065812514,26.87725209639177,38.28168281196224,0.0,0.0,0.0,0.6715975643891131,0.5946550199738605,0.2499271239131453,0.3453213349651888,7096.145838403005,2781.5651987079464,1738.37689439896,1510.7612414884657,11.573529411764707,12.342857142857145,13.847878787878782,13.919545454545451,2.595633861453726,0.6030789290625683,0.2547214367470715,0.3872937135359512,-25.246105072875647,-53.76180440415664,465.0,215.06656150476252,947.3343255457302,2255.5931638262505,695.5955011873901,1357.2761628947273,3526.0
2021,64,163,0,18.21764705882353,17.56607142857143,12.937272727272727,12.749545454545457,30.47411764705882,30.244642857142857,27.33909090909091,24.710454545454542,24.34588235294117,23.905357142857145,20.13818181818182,18.73,31.69,27.51,27.25,51.76,70.89294117647059,70.36999999999999,65.82333333333334,73.16727272727273,21.799079735423238,71.27381542080397,99.7636017991698,36.18326145128805,14.09660345903172,38.09388938602653,25.39532318603177,17.08867355841852,19.460395749532687,7.369396036382336,9.224072850350565,43.89539929193205,7.702476276391513,33.17992603477744,74.36827861313803,19.09458789286953,5.343667458102262,1.5071103271238209,0.0,0.0,0.6466604843013127,0.5344724308796773,0.254554995289305,0.4722811839785159,6618.831850889929,1996.958797948497,1252.6473176766062,1120.4382058012488,12.256470588235288,12.678571428571427,14.401818181818182,11.960909090909086,1.453731092533422,0.38597625000962366,0.2731457115477437,1.4304957022650442,-25.246105072875647,-53.76180440415664,465.0,234.72616822043452,1003.5150129482597,2033.161129757182,471.8359461909391,1357.2761628947273,3526.0
2021,74,173,0,19.28235294117647,15.58607142857143,12.17151515151515,11.974545454545456,30.43117647058824,29.264642857142857,26.24848484848485,23.35181818181818,24.85676470588235,22.42535714285714,19.21,17.663181818181815,45.21,10.74,32.22,87.62,77.28176470588235,66.58928571428571,66.02969696969697,79.25545454545455,18.001439053041548,64.89505267787456,89.7018108850623,31.672685186272695,16.049190929998673,24.65031828561142,26.47332988526304,20.26134820730396,18.7955384608453,4.885220175233879,10.631890289970844,49.73748271084565,1.952248123042875,40.24473439226314,63.22848099979926,11.41133697896874,15.56588017019229,0.0,0.0,28.253059371821237,0.8915504412013647,0.3798489602585029,0.2951259247060701,0.6397104662311819,6794.773939955332,474.0947544477401,307.00620362621333,284.8839792324887,11.148823529411771,13.678571428571427,14.0769696969697,11.377272727272725,2.5114658815213584,0.1654979779939637,0.35919007299957945,2.7664215864455826,-25.246105072875647,-53.76180440415664,465.0,59.409207146692395,1177.747778870155,1659.651825515943,266.4754663443364,1357.2761628947273,3526.0
2021,84,183,0,17.131764705882354,14.44892857142857,12.76969696969697,8.636818181818182,30.17,28.42,25.664545454545458,20.195,23.650882352941174,21.434464285714284,19.21712121212121,14.41590909090909,13.39,19.87,63.79,67.09,69.83,66.4682142857143,70.08727272727273,79.82318181818182,17.771229448709548,58.365872746136525,79.09215760837434,27.75598483158001,11.13780095030294,15.546559991388367,32.47655667442493,24.02123537304509,5.100059288069031,9.423499296680662,40.73694262225573,46.76484889821648,6.633428498406606,42.81931275474816,46.61560093394941,3.734749458534919,4.362806428294695,0.0,0.0,37.04085835099416,0.6267321561768315,0.2663638742970301,0.410616648432237,0.8654434536840637,5259.34943206336,-528.3236795222573,-372.631089047537,-362.6030985691005,13.038235294117648,13.971071428571431,12.894848484848488,11.558181818181819,0.7534650339553357,0.3404386684394311,0.8065274981605239,2.4171363548111904,-25.246105072875647,-53.76180440415664,465.0,200.1305377969273,1216.9248684899428,1196.3682090602963,75.42326531511269,1357.2761628947273,3526.0
2007,36,135,0,22.511764705882356,22.568214285714284,21.345151515151517,15.687727272727273,30.33823529411765,29.986071428571428,30.265454545454546,23.95772727272727,26.425,26.277142857142856,25.805303030303037,19.822727272727278,97.03,124.41,140.98,179.77,75.71882352941176,77.57964285714286,76.50636363636363,84.70363636363636,21.16534794355408,82.31000771541936,130.42808190596242,41.14774702167448,16.08538929752646,72.59064648109215,89.17707344544723,35.3487434170713,22.70488888888888,33.30843317056537,26.973006601546334,43.110533499633945,5.079958646027621,9.719361234327195,41.25100846051519,5.799003604603188,65.43883292469577,41.21580923723136,58.13835312357179,128.2837296848411,0.7599870004700431,0.8819176245502106,0.6837260208253555,0.8590687455731518,9420.085015102975,7751.56599181949,6525.756681285689,6341.820066250094,7.826470588235292,7.4178571428571445,8.920303030303028,8.269999999999996,4.584380103685021,1.5114808448340593,1.0809021948328996,4.368890474253829,-25.26315869442421,-54.09192554836783,401.0,154.1169806875733,291.44546021262346,1248.4805215158833,138.93094681264554,1366.532899215396,3419.0
2007,36,135,1,22.511764705882356,22.568214285714284,21.345151515151517,15.687727272727273,30.33823529411765,29.986071428571428,30.265454545454546,23.95772727272727,26.425,26.277142857142856,25.805303030303037,19.822727272727278,97.03,124.41,140.98,179.77,75.71882352941176,77.57964285714286,76.50636363636363,84.70363636363636,21.16534794355408,82.31000771541936,130.42808190596242,41.14774702167448,16.08538929752646,72.59064648109215,89.17707344544723,35.3487434170713,22.70488888888888,33.30843317056537,26.973006601546334,43.110533499633945,5.079958646027621,9.719361234327195,41.25100846051519,5.799003604603188,65.43883292469577,41.21580923723136,58.13835312357179,128.2837296848411,0.7599870004700431,0.8819176245502106,0.6837260208253555,0.8590687455731518,9420.085015102975,7751.56599181949,6525.756681285689,6341.820066250094,7.826470588235292,7.4178571428571445,8.920303030303028,8.269999999999996,4.584380103685021,1.5114808448340593,1.0809021948328996,4.368890474253829,-25.26315869442421,-54.09192554836783,401.0,154.1169806875733,291.44546021262346,1248.4805215158833,138.93094681264554,1366.532899215396,3419.0
2007,46,145,0,22.64588235294118,22.399285714285718,19.617272727272727,13.69,29.475294117647056,31.3775,27.72878787878788,21.65954545454545,26.06058823529412,26.888392857142858,23.673030303030306,17.674772727272728,126.79,70.28999999999999,247.81,195.65,80.74176470588236,72.69142857142857,82.27666666666667,85.13272727272728,20.18150400056138,85.03355320705951,105.76458824684788,33.23706973886886,17.438900859830248,56.31577649442065,86.69546600264543,28.195498448892465,22.70488888888888,14.01660460118256,32.759852285071624,46.83147382723926,2.7426031407311307,28.71777671263885,19.069122244202447,5.0415712899763925,91.6538125577711,22.662507793285663,142.3712863134655,153.3828800089399,0.8641031342037322,0.6622771173314358,0.819702203163725,0.8483148084477327,8983.819303940452,4432.7572748900575,4033.1490896037335,3910.795291160655,6.829411764705878,8.978214285714284,8.111515151515153,7.969545454545452,6.282485190225325,0.8266148755285049,2.3430337517281976,5.886499668507133,-25.26315869442421,-54.09192554836783,401.0,80.83903422103263,901.0920388008255,528.7636457441652,109.19814251757502,1366.532899215396,3419.0
2007,46,145,1,22.64588235294118,22.399285714285718,19.617272727272727,13.69,29.475294117647056,31.3775,27.72878787878788,21.65954545454545,26.06058823529412,26.888392857142858,23.673030303030306,17.674772727272728,126.79,70.28999999999999,247.81,195.65,80.74176470588236,72.69142857142857,82.27666666666667,85.13272727272728,20.18150400056138,85.03355320705951,105.76458824684788,33.23706973886886,17.438900859830248,56.31577649442065,86.69546600264543,28.195498448892465,22.70488888888888,14.01660460118256,32.759852285071624,46.83147382723926,2.7426031407311307,28.71777671263885,19.069122244202447,5.0415712899763925,91.6538125577711,22.662507793285663,142.3712863134655,153.3828800089399,0.8641031342037322,0.6622771173314358,0.819702203163725,0.8483148084477327,8983.819303940452,4432.7572748900575,4033.1490896037335,3910.795291160655,6.829411764705878,8.978214285714284,8.111515151515153,7.969545454545452,6.282485190225325,0.8266148755285049,2.3430337517281976,5.886499668507133,-25.26315869442421,-54.09192554836783,401.0,80.83903422103263,901.0920388008255,528.7636457441652,109.19814251757502,1366.532899215396,3419.0
2007,56,155,0,23.24705882352941,21.632857142857144,17.63060606060606,10.558636363636364,31.092352941176472,30.387857142857143,25.79939393939394,19.12,27.16970588235294,26.010357142857146,21.715,14.83931818181818,84.24,127.98,229.76,136.81,76.46705882352941,74.23678571428572,83.70515151515151,83.595,21.544161475693407,71.09482504110339,97.83694287724867,27.58223293228749,19.30609485093771,49.43581264947497,80.49176822888465,25.035084861115788,22.70488888888888,41.15411236207468,41.0006150620772,42.54655636728296,2.238066624755696,21.659012391628416,17.345174648364036,2.5471480711716947,49.428127371284525,60.09496387733923,149.42172907111285,110.22897383367844,0.8961172553742355,0.6953503665125234,0.822713444039986,0.9076525792010832,7991.078320910552,4339.359698457872,3954.704630452231,3881.663275923472,7.845294117647061,8.754999999999999,8.168787878787882,8.561363636363637,3.910108086362117,1.8001310211539099,2.348397172306057,4.96007702987134,-25.26315869442421,-54.09192554836783,401.0,69.58675740277167,658.170974412177,447.49499370073255,48.70147112080281,1366.532899215396,3419.0
2007,56,155,1,23.24705882352941,21.632857142857144,17.63060606060606,10.558636363636364,31.092352941176472,30.387857142857143,25.79939393939394,19.12,27.16970588235294,26.010357142857146,21.715,14.83931818181818,84.24,127.98,229.76,136.81,76.46705882352941,74.23678571428572,83.70515151515151,83.595,21.544161475693407,71.09482504110339,97.83694287724867,27.58223293228749,19.30609485093771,49.43581264947497,80.49176822888465,25.035084861115788,22.70488888888888,41.15411236207468,41.0006150620772,42.54655636728296,2.238066624755696,21.659012391628416,17.345174648364036,2.5471480711716947,49.428127371284525,60.09496387733923,149.42172907111285,110.22897383367844,0.8961172553742355,0.6953503665125234,0.822713444039986,0.9076525792010832,7991.078320910552,4339.359698457872,3954.704630452231,3881.663275923472,7.845294117647061,8.754999999999999,8.168787878787882,8.561363636363637,3.910108086362117,1.8001310211539099,2.348397172306057,4.96007702987134,-25.26315869442421,-54.09192554836783,401.0,69.58675740277167,658.170974412177,447.49499370073255,48.70147112080281,1366.532899215396,3419.0
2007,64,163,0,22.00470588235294,21.57857142857143,16.285454545454545,10.384090909090908,30.03235294117647,30.332142857142856,24.516969696969696,19.225,26.018529411764707,25.955357142857142,20.40121212121212,14.804545454545456,60.13,138.74,301.15,19.43,75.28529411764706,76.44535714285713,84.75757575757575,82.3640909090909,19.12692578102283,66.02446744663146,83.04501676909295,29.81645219038937,14.790509439051773,50.86532272555905,66.40250617382134,25.293496543853863,16.339066462599153,36.50133339557864,49.84,34.1684975725019,4.336416341971058,15.159144721072416,16.642510595271627,4.522955646535504,34.05968040104936,67.71241034146148,221.4088272217573,9.80800588364424,0.7732821054665499,0.7704011057215149,0.7995965171330365,0.8483067127619773,7037.943852255175,4614.0876625474,4151.748043633407,4025.789581928851,8.02764705882353,8.753571428571426,8.23151515151515,8.840909090909093,3.1437357308961387,2.1013422048749666,3.62634642891757,0.6516536533566124,-25.26315869442421,-54.09192554836783,401.0,130.23278608196023,459.8093432716715,408.02392794577156,86.95382230464507,1366.532899215396,3419.0
2007,64,163,1,22.00470588235294,21.57857142857143,16.285454545454545,10.384090909090908,30.03235294117647,30.332142857142856,24.516969696969696,19.225,26.018529411764707,25.955357142857142,20.40121212121212,14.804545454545456,60.13,138.74,301.15,19.43,75.28529411764706,76.44535714285713,84.75757575757575,82.3640909090909,19.12692578102283,66.02446744663146,83.04501676909295,29.81645219038937,14.790509439051773,50.86532272555905,66.40250617382134,25.293496543853863,16.339066462599153,36.50133339557864,49.84,34.1684975725019,4.336416341971058,15.159144721072416,16.642510595271627,4.522955646535504,34.05968040104936,67.71241034146148,221.4088272217573,9.80800588364424,0.7732821054665499,0.7704011057215149,0.7995965171330365,0.8483067127619773,7037.943852255175,4614.0876625474,4151.748043633407,4025.789581928851,8.02764705882353,8.753571428571426,8.23151515151515,8.840909090909093,3.1437357308961387,2.1013422048749666,3.62634642891757,0.6516536533566124,-25.26315869442421,-54.09192554836783,401.0,130.23278608196023,459.8093432716715,408.02392794577156,86.95382230464507,1366.532899215396,3419.0
2007,74,173,0,21.82764705882353,19.92142857142857,13.076666666666666,13.891363636363636,31.13058823529412,27.978571428571428,21.51787878787879,21.80318181818182,26.47911764705882,23.95,17.29727272727273,17.847272727272728,40.24,247.42,196.21,8.06,71.9035294117647,81.43107142857143,83.9718181818182,82.77136363636363,19.676214339868636,57.30764025272559,70.15879676673416,30.91653403331454,11.47496666636208,47.98931502598992,57.44940897177902,20.29996494531309,9.100050433438032,42.49385883948967,35.25137890155313,23.011413956240045,8.201247673506552,9.318325226735668,12.709387794955129,10.616569088001455,26.864094011311,166.03687656795844,146.0030709661575,0.0,0.5831897573463153,0.8373982040502449,0.81884826449901,0.6566054565960912,5839.211293285877,4415.011928458313,4015.118391909416,3739.3644425289417,9.30294117647059,8.057142857142857,8.441212121212123,7.911818181818184,2.045108845885273,4.317399894828727,2.796655715923468,0.2607019270437894,-25.26315869442421,-54.09192554836783,401.0,255.30966433959634,260.71342795088293,273.4790660399905,231.47498611098447,1366.532899215396,3419.0
2007,74,173,1,21.82764705882353,19.92142857142857,13.076666666666666,13.891363636363636,31.13058823529412,27.978571428571428,21.51787878787879,21.80318181818182,26.47911764705882,23.95,17.29727272727273,17.847272727272728,40.24,247.42,196.21,8.06,71.9035294117647,81.43107142857143,83.9718181818182,82.77136363636363,19.676214339868636,57.30764025272559,70.15879676673416,30.91653403331454,11.47496666636208,47.98931502598992,57.44940897177902,20.29996494531309,9.100050433438032,42.49385883948967,35.25137890155313,23.011413956240045,8.201247673506552,9.318325226735668,12.709387794955129,10.616569088001455,26.864094011311,166.03687656795844,146.0030709661575,0.0,0.5831897573463153,0.8373982040502449,0.81884826449901,0.6566054565960912,5839.211293285877,4415.011928458313,4015.118391909416,3739.3644425289417,9.30294117647059,8.057142857142857,8.441212121212123,7.911818181818184,2.045108845885273,4.317399894828727,2.796655715923468,0.2607019270437894,-25.26315869442421,-54.09192554836783,401.0,255.30966433959634,260.71342795088293,273.4790660399905,231.47498611098447,1366.532899215396,3419.0
2007,84,183,0,22.221176470588237,18.69071428571429,11.22939393939394,13.110909090909091,31.328823529411768,26.673571428571428,20.004848484848484,21.14454545454545,26.775,22.682142857142857,15.617121212121212,17.127727272727274,90.83,227.94,140.44,1.58,73.62705882352941,83.995,84.02121212121212,81.65727272727273,16.965507364270216,52.9133540036219,60.39264356278709,30.2762512125858,11.922762446569996,39.85615645866085,51.42175336501869,14.521423548948,19.066322430569613,49.839999999999975,29.977047238213032,17.035623689265034,5.042744917700222,13.057197544961046,8.970890197768403,15.754827663637805,65.15710371081329,157.3101659719088,108.88119939676824,0.0,0.7027648622922785,0.7532343622733253,0.851457236038329,0.4796308316701858,5543.266970953383,3491.435257188597,3232.121535540586,2895.742256462559,9.107647058823531,7.982857142857139,8.775454545454544,8.03363636363636,5.353803929924917,4.307797233651029,2.3254487916892033,0.05218611739300128,-25.26315869442421,-54.09192554836783,401.0,157.98326563046834,348.2820913724859,179.46129918056937,333.1286696623197,1366.532899215396,3419.0
2007,84,183,1,22.221176470588237,18.69071428571429,11.22939393939394,13.110909090909091,31.328823529411768,26.673571428571428,20.004848484848484,21.14454545454545,26.775,22.682142857142857,15.617121212121212,17.127727272727274,90.83,227.94,140.44,1.58,73.62705882352941,83.995,84.02121212121212,81.65727272727273,16.965507364270216,52.9133540036219,60.39264356278709,30.2762512125858,11.922762446569996,39.85615645866085,51.42175336501869,14.521423548948,19.066322430569613,49.839999999999975,29.977047238213032,17.035623689265034,5.042744917700222,13.057197544961046,8.970890197768403,15.754827663637805,65.15710371081329,157.3101659719088,108.88119939676824,0.0,0.7027648622922785,0.7532343622733253,0.851457236038329,0.4796308316701858,5543.266970953383,3491.435257188597,3232.121535540586,2895.742256462559,9.107647058823531,7.982857142857139,8.775454545454544,8.03363636363636,5.353803929924917,4.307797233651029,2.3254487916892033,0.05218611739300128,-25.26315869442421,-54.09192554836783,401.0,157.98326563046834,348.2820913724859,179.46129918056937,333.1286696623197,1366.532899215396,3419.0
2008,36,135,0,22.70764705882353,21.329642857142854,19.098181818181818,13.533181818181818,33.11941176470588,32.11607142857143,30.17030303030303,23.410454545454545,27.913529411764703,26.722857142857144,24.634242424242423,18.471818181818183,46.19,68.08,115.21,102.44,61.10411764705882,65.53607142857143,66.4039393939394,79.27636363636363,25.93287685458736,91.16639108550778,132.27973665345675,40.15996719501806,14.193643986737928,56.939541890533775,59.38355983936373,36.7730792689828,5.719612715416325,13.52623432432488,40.803440866915096,44.59478036946304,11.739232867849427,34.22684919497401,72.89617681409302,3.386887926035261,31.15782881753228,3.3338365005576667,28.549233618046056,61.87558122846926,0.5473223841043754,0.6245672469049303,0.448924085742137,0.9156650723943968,8337.147328796224,3642.0900668824647,2638.556010174097,2594.0515241538246,10.411764705882351,10.786428571428576,11.072121212121214,9.877272727272727,1.781136750041262,0.7467664255366394,0.8709572827607327,2.550798896387244,-25.26315869442421,-54.09192554836783,401.0,388.7964871520743,1099.2319335207278,2199.2997442317364,79.28858584299729,1366.532899215396,3466.0
2008,36,135,1,22.70764705882353,21.329642857142854,19.098181818181818,13.533181818181818,33.11941176470588,32.11607142857143,30.17030303030303,23.410454545454545,27.913529411764703,26.722857142857144,24.634242424242423,18.471818181818183,46.19,68.08,115.21,102.44,61.10411764705882,65.53607142857143,66.4039393939394,79.27636363636363,25.93287685458736,91.16639108550778,132.27973665345675,40.15996719501806,14.193643986737928,56.939541890533775,59.38355983936373,36.7730792689828,5.719612715416325,13.52623432432488,40.803440866915096,44.59478036946304,11.739232867849427,34.22684919497401,72.89617681409302,3.386887926035261,31.15782881753228,3.3338365005576667,28.549233618046056,61.87558122846926,0.5473223841043754,0.6245672469049303,0.448924085742137,0.9156650723943968,8337.147328796224,3642.0900668824647,2638.556010174097,2594.0515241538246,10.411764705882351,10.786428571428576,11.072121212121214,9.877272727272727,1.781136750041262,0.7467664255366394,0.8709572827607327,2.550798896387244,-25.26315869442421,-54.09192554836783,401.0,388.7964871520743,1099.2319335207278,2199.2997442317364,79.28858584299729,1366.532899215396,3466.0
2008,46,145,0,23.65529411764706,20.8975,17.074242424242424,14.106363636363636,33.06294117647059,32.86714285714286,27.717272727272725,24.005,28.359117647058824,26.88232142857143,22.39575757575757,19.05568181818182,41.06,41.56,185.73,19.88,64.6564705882353,62.74071428571428,71.03545454545454,76.90727272727273,23.247563235975903,90.43792659975384,108.71266664864194,40.36678665313894,14.843758153566778,51.47552773165868,64.89635948393337,33.90640690482629,18.744258383950143,8.828730652291458,49.84,29.65319034216109,8.403805082409125,38.96239886809517,43.81630716470856,6.460379748312649,12.651725801103025,0.0,79.82237116835809,6.160402753012631,0.6385081310627805,0.5691807593010297,0.5969530642981801,0.8399580376851649,8174.569430545117,2891.926737882425,2309.135632893589,2235.2239133057096,9.407647058823528,11.969642857142858,10.6430303030303,9.898636363636363,1.7662066162899657,0.4595417162086191,1.7084485711336395,0.49248408526602705,-25.26315869442421,-54.09192554836783,401.0,277.85451309821747,1280.5827296546652,1214.4685355861811,155.08141585824512,1366.532899215396,3466.0
2008,46,145,1,23.65529411764706,20.8975,17.074242424242424,14.106363636363636,33.06294117647059,32.86714285714286,27.717272727272725,24.005,28.359117647058824,26.88232142857143,22.39575757575757,19.05568181818182,41.06,41.56,185.73,19.88,64.6564705882353,62.74071428571428,71.03545454545454,76.90727272727273,23.247563235975903,90.43792659975384,108.71266664864194,40.36678665313894,14.843758153566778,51.47552773165868,64.89635948393337,33.90640690482629,18.744258383950143,8.828730652291458,49.84,29.65319034216109,8.403805082409125,38.96239886809517,43.81630716470856,6.460379748312649,12.651725801103025,0.0,79.82237116835809,6.160402753012631,0.6385081310627805,0.5691807593010297,0.5969530642981801,0.8399580376851649,8174.569430545117,2891.926737882425,2309.135632893589,2235.2239133057096,9.407647058823528,11.969642857142858,10.6430303030303,9.898636363636363,1.7662066162899657,0.4595417162086191,1.7084485711336395,0.49248408526602705,-25.26315869442421,-54.09192554836783,401.0,277.85451309821747,1280.5827296546652,1214.4685355861811,155.08141585824512,1366.532899215396,3466.0
2008,56,155,0,21.631764705882357,19.927857142857142,15.16030303030303,14.140909090909089,31.97823529411765,32.22607142857143,24.736363636363635,24.18636363636364,26.805,26.076964285714286,19.94833333333333,19.163636363636364,49.52,30.3,198.89,52.08,67.03764705882352,59.64142857142857,78.8839393939394,75.05454545454546,21.466142355040432,84.51059379222308,87.53567663829948,39.450146816813735,15.668925187284124,41.4461749296652,75.65011173658068,27.99277851616728,17.63259663279171,6.4864217031265,43.167284076820266,49.84,5.7972171677563065,43.06441886255787,11.88556490171879,11.45736830064646,21.286766700695416,0.0,86.55902588972556,17.41450556065299,0.7299367034899462,0.4904257924345483,0.8642203344034185,0.7095734940138851,7688.230673403242,1811.6445939334576,1688.652345361388,1590.566465263675,10.346470588235292,12.298214285714288,9.576060606060604,10.045454545454552,2.3068886426336537,0.3585349320168698,2.272102160377654,1.3201471782052632,-25.26315869442421,-54.09192554836783,401.0,185.38477464160948,1387.7970382947087,294.0056554325166,277.112076035181,1366.532899215396,3466.0
2008,56,155,1,21.631764705882357,19.927857142857142,15.16030303030303,14.140909090909089,31.97823529411765,32.22607142857143,24.736363636363635,24.18636363636364,26.805,26.076964285714286,19.94833333333333,19.163636363636364,49.52,30.3,198.89,52.08,67.03764705882352,59.64142857142857,78.8839393939394,75.05454545454546,21.466142355040432,84.51059379222308,87.53567663829948,39.450146816813735,15.668925187284124,41.4461749296652,75.65011173658068,27.99277851616728,17.63259663279171,6.4864217031265,43.167284076820266,49.84,5.7972171677563065,43.06441886255787,11.88556490171879,11.45736830064646,21.286766700695416,0.0,86.55902588972556,17.41450556065299,0.7299367034899462,0.4904257924345483,0.8642203344034185,0.7095734940138851,7688.230673403242,1811.6445939334576,1688.652345361388,1590.566465263675,10.346470588235292,12.298214285714288,9.576060606060604,10.045454545454552,2.3068886426336537,0.3585349320168698,2.272102160377654,1.3201471782052632,-25.26315869442421,-54.09192554836783,401.0,185.38477464160948,1387.7970382947087,294.0056554325166,277.112076035181,1366.532899215396,3466.0
2008,65,164,0,20.41764705882353,19.20785714285714,14.615454545454543,13.142272727272728,32.512352941176474,30.7825,24.327878787878788,22.361363636363635,26.465000000000003,24.99517857142857,19.471666666666668,17.75181818181818,29.96,109.74,107.13,99.5,63.146470588235296,63.90571428571428,78.73848484848484,77.89954545454545,21.96809452900491,69.01239518855968,85.44252591741346,32.71163951661074,17.225085147234243,41.99671818359556,72.26656738382235,24.99454413245413,13.613503557288404,49.839999999999975,26.24753049014384,49.84,4.743009381770669,27.015677004964115,13.175958533591118,7.717095384156608,4.206451934877148,31.516785373692876,58.45590212603379,50.9129863576897,0.7840955493200207,0.6085387714605426,0.8457915611445447,0.7640871720832603,7210.540320880274,2976.569862212646,2747.063766414641,2617.4502500941435,12.094705882352944,11.574642857142859,9.712424242424245,9.219090909090907,1.3637960252057009,1.5901491275612445,1.2538252919108348,3.0417307560959945,-25.26315869442421,-54.09192554836783,401.0,154.20639502343923,831.6100774053078,320.5431221193219,172.56477610162923,1366.532899215396,3466.0
2008,65,164,1,20.41764705882353,19.20785714285714,14.615454545454543,13.142272727272728,32.512352941176474,30.7825,24.327878787878788,22.361363636363635,26.465000000000003,24.99517857142857,19.471666666666668,17.75181818181818,29.96,109.74,107.13,99.5,63.146470588235296,63.90571428571428,78.73848484848484,77.89954545454545,21.96809452900491,69.01239518855968,85.44252591741346,32.71163951661074,17.225085147234243,41.99671818359556,72.26656738382235,24.99454413245413,13.613503557288404,49.839999999999975,26.24753049014384,49.84,4.743009381770669,27.015677004964115,13.175958533591118,7.717095384156608,4.206451934877148,31.516785373692876,58.45590212603379,50.9129863576897,0.7840955493200207,0.6085387714605426,0.8457915611445447,0.7640871720832603,7210.540320880274,2976.569862212646,2747.063766414641,2617.4502500941435,12.094705882352944,11.574642857142859,9.712424242424245,9.219090909090907,1.3637960252057009,1.5901491275612445,1.2538252919108348,3.0417307560959945,-25.26315869442421,-54.09192554836783,401.0,154.20639502343923,831.6100774053078,320.5431221193219,172.56477610162923,1366.532899215396,3466.0
2008,75,174,0,21.29235294117647,17.66785714285714,13.226666666666665,10.95,32.646470588235296,28.644642857142856,23.20181818181818,19.835454545454542,26.96941176470588,23.15625,18.214242424242425,15.392727272727273,23.92,120.44,117.74,87.0,62.61294117647059,70.09,76.40121212121211,82.12772727272727,20.623509863107586,59.5326641074726,77.2163032831464,26.12590122602168,14.3351754757568,43.924713067287634,59.80154647198789,24.90033054630992,8.665993207249509,37.095909291392985,44.48357688293328,44.70880407208112,6.288334387350789,15.607951040184965,17.41475681115851,1.2255706797117631,8.117942428104804,48.0853708485689,50.55078593647183,61.87444226454224,0.6950890304758605,0.7378254228299211,0.7744678769805916,0.9530898218932602,6038.408811450757,3663.732896067485,3250.588166954413,3220.0910329817143,11.354117647058825,10.976785714285715,9.975151515151515,8.885454545454543,1.1598413732082216,2.023091051033314,1.524807521130042,3.330028665703867,-25.26315869442421,-54.09192554836783,401.0,205.29192362563614,447.08418327786967,404.0540212130795,24.309751509664505,1366.532899215396,3466.0
2008,75,174,1,21.29235294117647,17.66785714285714,13.226666666666665,10.95,32.646470588235296,28.644642857142856,23.20181818181818,19.835454545454542,26.96941176470588,23.15625,18.214242424242425,15.392727272727273,23.92,120.44,117.74,87.0,62.61294117647059,70.09,76.40121212121211,82.12772727272727,20.623509863107586,59.5326641074726,77.2163032831464,26.12590122602168,14.3351754757568,43.924713067287634,59.80154647198789,24.90033054630992,8.665993207249509,37.095909291392985,44.48357688293328,44.70880407208112,6.288334387350789,15.607951040184965,17.41475681115851,1.2255706797117631,8.117942428104804,48.0853708485689,50.55078593647183,61.87444226454224,0.6950890304758605,0.7378254228299211,0.7744678769805916,0.9530898218932602,6038.408811450757,3663.732896067485,3250.588166954413,3220.0910329817143,11.354117647058825,10.976785714285715,9.975151515151515,8.885454545454543,1.1598413732082216,2.023091051033314,1.524807521130042,3.330028665703867,-25.26315869442421,-54.09192554836783,401.0,205.29192362563614,447.08418327786967,404.0540212130795,24.309751509664505,1366.532899215396,3466.0
2008,85,184,0,19.62705882352941,15.370714285714286,13.983939393939393,10.124545454545457,32.19176470588235,24.717857142857145,23.743030303030302,18.715,25.90941176470588,20.044285714285717,18.86348484848485,14.419772727272727,13.45,195.98,65.55,84.92,57.019411764705886,79.23357142857142,77.28939393939395,84.505,19.531684987259844,45.30753674856268,74.56187461374749,22.865333480431897,12.44128961846268,40.6589218449066,56.93360599037956,21.98448217539296,6.110624027887158,49.839999999999975,48.15944088296118,46.55808870288772,7.090395368797163,4.648614903656082,17.628268623367937,0.8808513050389354,2.097197464761273,111.59170218298058,10.29695312665924,64.5368700046805,0.6369798420657462,0.8973986396688504,0.7635753028650691,0.9614765598851746,5296.805093166036,4481.6159812143405,3951.833630697508,3921.3859854543216,12.56470588235294,9.34714285714286,9.75909090909091,8.590454545454543,0.6886246634006838,4.325549656067259,0.8791356217848376,3.7139191550682766,-25.26315869442421,-54.09192554836783,401.0,228.25233938399617,114.90379910072767,418.5485161145832,16.485132173803677,1366.532899215396,3466.0
2008,85,184,1,19.62705882352941,15.370714285714286,13.983939393939393,10.124545454545457,32.19176470588235,24.717857142857145,23.743030303030302,18.715,25.90941176470588,20.044285714285717,18.86348484848485,14.419772727272727,13.45,195.98,65.55,84.92,57.019411764705886,79.23357142857142,77.28939393939395,84.505,19.531684987259844,45.30753674856268,74.56187461374749,22.865333480431897,12.44128961846268,40.6589218449066,56.93360599037956,21.98448217539296,6.110624027887158,49.839999999999975,48.15944088296118,46.55808870288772,7.090395368797163,4.648614903656082,17.628268623367937,0.8808513050389354,2.097197464761273,111.59170218298058,10.29695312665924,64.5368700046805,0.6369798420657462,0.8973986396688504,0.7635753028650691,0.9614765598851746,5296.805093166036,4481.6159812143405,3951.833630697508,3921.3859854543216,12.56470588235294,9.34714285714286,9.75909090909091,8.590454545454543,0.6886246634006838,4.325549656067259,0.8791356217848376,3.7139191550682766,-25.26315869442421,-54.09192554836783,401.0,228.25233938399617,114.90379910072767,418.5485161145832,16.485132173803677,1366.532899215396,3466.0
2009,36,135,0,22.97,22.68285714285714,20.513333333333332,16.62,31.41058823529412,33.363214285714285,32.65757575757576,27.579090909090908,27.19029411764706,28.023035714285715,26.585454545454542,22.099545454545453,98.19,46.12,83.47000000000001,140.5,73.91823529411764,65.82964285714286,59.91666666666666,71.89545454545454,22.68280866416364,95.7911531189364,151.25759025998607,50.10533388697265,17.3099862594887,53.900603548159104,51.487253609075815,35.669436023376896,15.416098175689168,7.635494627530065,39.61824101845425,48.93207672007278,5.372822404674944,41.8905495707773,99.77033665091024,14.435897863595754,70.28022528437928,0.0,0.0,95.51672827500458,0.7631324019779165,0.5626887430954602,0.3403945119089759,0.7118889997587846,9743.5869994827,3352.1165832289307,2246.5793357195635,2117.1264918124816,8.440588235294122,10.680357142857144,12.144242424242432,10.959090909090907,4.328829002341736,0.48146408617439224,0.55184007530815,2.8040926803708994,-25.26315869442421,-54.09192554836783,401.0,168.7635122146075,1397.6033818761798,3258.2573275359387,398.12893953445854,1366.532899215396,1242.0
2009,36,135,1,22.97,22.68285714285714,20.513333333333332,16.62,31.41058823529412,33.363214285714285,32.65757575757576,27.579090909090908,27.19029411764706,28.023035714285715,26.585454545454542,22.099545454545453,98.19,46.12,83.47000000000001,140.5,73.91823529411764,65.82964285714286,59.91666666666666,71.89545454545454,22.68280866416364,95.7911531189364,151.25759025998607,50.10533388697265,17.3099862594887,53.900603548159104,51.487253609075815,35.669436023376896,15.416098175689168,7.635494627530065,39.61824101845425,48.93207672007278,5.372822404674944,41.8905495707773,99.77033665091024,14.435897863595754,70.28022528437928,0.0,0.0,95.51672827500458,0.7631324019779165,0.5626887430954602,0.3403945119089759,0.7118889997587846,9743.5869994827,3352.1165832289307,2246.5793357195635,2117.1264918124816,8.440588235294122,10.680357142857144,12.144242424242432,10.959090909090907,4.328829002341736,0.48146408617439224,0.55184007530815,2.8040926803708994,-25.26315869442421,-54.09192554836783,401.0,168.7635122146075,1397.6033818761798,3258.2573275359387,398.12893953445854,1366.532899215396,1242.0
2009,46,145,0,23.90882352941176,22.15892857142857,18.75090909090909,15.995,32.582941176470584,33.93821428571429,31.19757575757576,25.65636363636364,28.245882352941177,28.048571428571428,24.974242424242423,20.82568181818182,37.46,28.950000000000003,87.33000000000001,238.91,71.51294117647059,61.02571428571429,62.03454545454546,77.00181818181818,22.830076664565627,93.66196775941086,135.28123791804498,41.45141392746833,18.331327855772297,44.336390783232815,62.86119378457005,33.17509866320615,19.99424279182488,4.607852008592065,29.076658224022022,49.84,4.498748808793329,49.32557697617804,72.42004413347495,8.276315264262179,4.1897848114076695,0.0,0.0,184.97155956081588,0.8029463993970813,0.4733659973610585,0.4646704506256228,0.8003369612736476,9192.856460993631,1930.950270386137,1414.1029013310656,1357.634084860763,8.674117647058825,11.779285714285717,12.446666666666669,9.66136363636364,1.6408179679107848,0.30909023900035665,0.6455440631974819,5.7636152151056805,-25.26315869442421,-54.09192554836783,401.0,146.58246780463014,1674.0220011840254,2259.3298132210643,212.3401539890975,1366.532899215396,1242.0
2009,46,145,1,23.90882352941176,22.15892857142857,18.75090909090909,15.995,32.582941176470584,33.93821428571429,31.19757575757576,25.65636363636364,28.245882352941177,28.048571428571428,24.974242424242423,20.82568181818182,37.46,28.950000000000003,87.33000000000001,238.91,71.51294117647059,61.02571428571429,62.03454545454546,77.00181818181818,22.830076664565627,93.66196775941086,135.28123791804498,41.45141392746833,18.331327855772297,44.336390783232815,62.86119378457005,33.17509866320615,19.99424279182488,4.607852008592065,29.076658224022022,49.84,4.498748808793329,49.32557697617804,72.42004413347495,8.276315264262179,4.1897848114076695,0.0,0.0,184.97155956081588,0.8029463993970813,0.4733659973610585,0.4646704506256228,0.8003369612736476,9192.856460993631,1930.950270386137,1414.1029013310656,1357.634084860763,8.674117647058825,11.779285714285717,12.446666666666669,9.66136363636364,1.6408179679107848,0.30909023900035665,0.6455440631974819,5.7636152151056805,-25.26315869442421,-54.09192554836783,401.0,146.58246780463014,1674.0220011840254,2259.3298132210643,212.3401539890975,1366.532899215396,1242.0
2009,56,155,0,23.172941176470587,21.729642857142856,17.569090909090907,13.166818181818185,33.06470588235294,33.78,29.466060606060605,21.742727272727272,28.118823529411763,27.75482142857143,23.51757575757576,17.454772727272726,39.76,46.03,120.69,208.18,68.49411764705883,59.89535714285714,65.92181818181818,81.73,22.02273827150687,89.4768246864914,114.47680283019902,31.67037169589685,19.76231046919193,42.709079047384,63.49469774401262,28.030898189938867,17.06378670794433,20.38470766056034,49.84,46.38637904444371,2.260427802314938,46.76774563910741,50.98210508618641,3.639473505957985,10.133013933974848,0.0,27.74000991654772,183.6027227656174,0.8973593667396262,0.4773200121598852,0.554651214693626,0.8850827031363986,8572.778582490113,1851.548874612219,1439.2563534902513,1406.1772635628786,9.891764705882352,12.050357142857145,11.896969696969698,8.575909090909088,1.8054067350671685,0.5144348848015088,1.0542747265488963,6.573336176757641,-25.26315869442421,-54.09192554836783,401.0,74.74038045183686,1579.8144476890484,1502.2417982941192,79.13207985636102,1366.532899215396,1242.0
2009,56,155,1,23.172941176470587,21.729642857142856,17.569090909090907,13.166818181818185,33.06470588235294,33.78,29.466060606060605,21.742727272727272,28.118823529411763,27.75482142857143,23.51757575757576,17.454772727272726,39.76,46.03,120.69,208.18,68.49411764705883,59.89535714285714,65.92181818181818,81.73,22.02273827150687,89.4768246864914,114.47680283019902,31.67037169589685,19.76231046919193,42.709079047384,63.49469774401262,28.030898189938867,17.06378670794433,20.38470766056034,49.84,46.38637904444371,2.260427802314938,46.76774563910741,50.98210508618641,3.639473505957985,10.133013933974848,0.0,27.74000991654772,183.6027227656174,0.8973593667396262,0.4773200121598852,0.554651214693626,0.8850827031363986,8572.778582490113,1851.548874612219,1439.2563534902513,1406.1772635628786,9.891764705882352,12.050357142857145,11.896969696969698,8.575909090909088,1.8054067350671685,0.5144348848015088,1.0542747265488963,6.573336176757641,-25.26315869442421,-54.09192554836783,401.0,74.74038045183686,1579.8144476890484,1502.2417982941192,79.13207985636102,1366.532899215396,1242.0
2009,64,163,0,21.853529411764704,20.8175,16.39939393939394,12.157272727272726,33.68529411764706,33.20178571428571,27.246666666666663,20.43,27.76941176470588,27.009642857142858,21.8230303030303,16.293636363636363,20.84,43.77,180.21,159.8,61.71117647058823,58.53607142857143,72.3660606060606,83.58500000000001,22.867146297994147,85.13582673622085,96.68825855985509,26.584078426701865,15.730759337945743,40.25128118482625,69.32068721075893,23.96603633272669,7.566398163779165,11.085116978952916,35.060093417224074,47.93464982487961,7.136386960048402,44.8845455513946,27.367571349096146,2.6180420939751703,3.621127026227991,0.0,86.91433635096992,122.95940725961778,0.6879196526295723,0.4727889858817972,0.7169504161443326,0.9015184182068342,7118.709140581445,1489.1163427537508,1278.3694621891896,1253.1902928386955,11.831764705882357,12.384285714285713,10.847272727272724,8.272727272727273,0.9113511466810372,0.5141196330378519,1.8638250671196088,6.0111167833259165,-25.26315869442421,-54.09192554836783,401.0,240.3912936865716,1490.2470632804996,745.6750940250396,53.486599979912725,1366.532899215396,1242.0
2009,64,163,1,21.853529411764704,20.8175,16.39939393939394,12.157272727272726,33.68529411764706,33.20178571428571,27.246666666666663,20.43,27.76941176470588,27.009642857142858,21.8230303030303,16.293636363636363,20.84,43.77,180.21,159.8,61.71117647058823,58.53607142857143,72.3660606060606,83.58500000000001,22.867146297994147,85.13582673622085,96.68825855985509,26.584078426701865,15.730759337945743,40.25128118482625,69.32068721075893,23.96603633272669,7.566398163779165,11.085116978952916,35.060093417224074,47.93464982487961,7.136386960048402,44.8845455513946,27.367571349096146,2.6180420939751703,3.621127026227991,0.0,86.91433635096992,122.95940725961778,0.6879196526295723,0.4727889858817972,0.7169504161443326,0.9015184182068342,7118.709140581445,1489.1163427537508,1278.3694621891896,1253.1902928386955,11.831764705882357,12.384285714285713,10.847272727272724,8.272727272727273,0.9113511466810372,0.5141196330378519,1.8638250671196088,6.0111167833259165,-25.26315869442421,-54.09192554836783,401.0,240.3912936865716,1490.2470632804996,745.6750940250396,53.486599979912725,1366.532899215396,1242.0
2009,74,173,0,21.89470588235294,19.11642857142857,16.01757575757576,9.215454545454548,34.07235294117647,31.595,25.364545454545453,18.85818181818182,27.983529411764707,25.35571428571429,20.691060606060603,14.036818181818182,10.81,75.38000000000001,288.65,35.830000000000005,59.271764705882354,61.38464285714286,77.73969696969696,82.5409090909091,22.339935290887784,73.00852584055603,77.76859476413229,26.990806640313885,10.853282338846126,43.11786259272292,60.88983968309211,25.128275868890693,4.998610383066085,28.722220149500764,49.84,44.61817513805109,11.486652952041656,29.890663247833118,16.878755081040175,1.862530771423194,0.0,8.538527640842403,206.64238046640864,15.92354899305822,0.4858242513922169,0.5905866759573863,0.7829618095552261,0.930993882611819,5730.100954421507,2211.1314361473137,1971.1814532788303,1943.9767375271572,12.177647058823528,12.478571428571428,9.346969696969694,9.64272727272727,0.4838868089474405,1.0324821537230193,3.711652510572667,1.3274890401565014,-25.26315869442421,-54.09192554836783,401.0,391.37729349476984,944.3955053152873,428.12195046918356,35.123943929457035,1366.532899215396,1242.0
2009,74,173,1,21.89470588235294,19.11642857142857,16.01757575757576,9.215454545454548,34.07235294117647,31.595,25.364545454545453,18.85818181818182,27.983529411764707,25.35571428571429,20.691060606060603,14.036818181818182,10.81,75.38000000000001,288.65,35.830000000000005,59.271764705882354,61.38464285714286,77.73969696969696,82.5409090909091,22.339935290887784,73.00852584055603,77.76859476413229,26.990806640313885,10.853282338846126,43.11786259272292,60.88983968309211,25.128275868890693,4.998610383066085,28.722220149500764,49.84,44.61817513805109,11.486652952041656,29.890663247833118,16.878755081040175,1.862530771423194,0.0,8.538527640842403,206.64238046640864,15.92354899305822,0.4858242513922169,0.5905866759573863,0.7829618095552261,0.930993882611819,5730.100954421507,2211.1314361473137,1971.1814532788303,1943.9767375271572,12.177647058823528,12.478571428571428,9.346969696969694,9.64272727272727,0.4838868089474405,1.0324821537230193,3.711652510572667,1.3274890401565014,-25.26315869442421,-54.09192554836783,401.0,391.37729349476984,944.3955053152873,428.12195046918356,35.123943929457035,1366.532899215396,1242.0
2009,84,183,0,22.041176470588237,17.256785714285716,13.592424242424244,10.692272727272726,33.55705882352942,29.636071428571427,22.385757575757577,19.51318181818182,27.79911764705882,23.446428571428573,17.98909090909091,15.102727272727272,39.21,101.55,238.92,107.09,60.74352941176471,63.2725,82.41000000000001,85.45272727272727,21.046747662041295,60.93233904039787,63.59870491270635,26.260007003538064,12.912658769439911,36.45323614207733,56.59345203989389,24.765803523354563,13.878659306279836,49.839999999999975,47.127277991525055,49.57094995588036,8.134088892601389,24.479102898320544,7.005252872812461,1.494203480183501,17.77629417999598,29.135423164202543,185.039269968581,79.88052451229014,0.613522762603765,0.5982576201105458,0.8898522716393729,0.9430996541629943,5472.624082723799,2174.7465478730987,2054.97485186893,2031.589095917392,11.51588235294118,12.379285714285711,8.793333333333333,8.820909090909094,1.8629956813097972,1.666602687493628,3.75668027089442,4.078064411238411,-25.26315869442421,-54.09192554836783,401.0,272.95609944484204,725.4644420019774,156.81789256765907,29.15666418218069,1366.532899215396,1242.0
2009,84,183,1,22.041176470588237,17.256785714285716,13.592424242424244,10.692272727272726,33.55705882352942,29.636071428571427,22.385757575757577,19.51318181818182,27.79911764705882,23.446428571428573,17.98909090909091,15.102727272727272,39.21,101.55,238.92,107.09,60.74352941176471,63.2725,82.41000000000001,85.45272727272727,21.046747662041295,60.93233904039787,63.59870491270635,26.260007003538064,12.912658769439911,36.45323614207733,56.59345203989389,24.765803523354563,13.878659306279836,49.839999999999975,47.127277991525055,49.57094995588036,8.134088892601389,24.479102898320544,7.005252872812461,1.494203480183501,17.77629417999598,29.135423164202543,185.039269968581,79.88052451229014,0.613522762603765,0.5982576201105458,0.8898522716393729,0.9430996541629943,5472.624082723799,2174.7465478730987,2054.97485186893,2031.589095917392,11.51588235294118,12.379285714285711,8.793333333333333,8.820909090909094,1.8629956813097972,1.666602687493628,3.75668027089442,4.078064411238411,-25.26315869442421,-54.09192554836783,401.0,272.95609944484204,725.4644420019774,156.81789256765907,29.15666418218069,1366.532899215396,1242.0
2010,36,135,0,24.252352941176472,21.70642857142857,19.69272727272727,14.21,30.21941176470588,30.28964285714286,28.25333333333333,22.450909090909093,27.23588235294117,25.99803571428572,23.973030303030303,18.330454545454543,136.29,168.94,206.06,94.87,81.59,77.98714285714286,78.3739393939394,86.3809090909091,21.18507490765429,88.37150972988381,123.25262706834869,36.06221669177757,17.822214371587165,62.25228110708888,71.85269342404656,34.57558475867567,16.935463941718744,46.58322752871648,49.84,42.17200741532791,3.3628605360671227,26.11922862279493,51.39993364430212,1.4866319331018998,106.3306826408764,77.03995530591337,130.9505341046699,67.96240782599642,0.8412627498025932,0.7044383568569675,0.5829708877864427,0.9587759136991468,9528.548174930826,5304.138141905678,4198.148131717181,4163.535167540046,5.96705882352941,8.583214285714288,8.560606060606059,8.240909090909092,6.433302718734199,1.9117020917304874,1.6718507743103213,2.630731239037533,-25.26315869442421,-54.09192554836783,401.0,101.62366724669194,791.1421066885218,1452.2194585636826,33.3762383817132,1366.532899215396,3590.0
2010,36,135,1,24.252352941176472,21.70642857142857,19.69272727272727,14.21,30.21941176470588,30.28964285714286,28.25333333333333,22.450909090909093,27.23588235294117,25.99803571428572,23.973030303030303,18.330454545454543,136.29,168.94,206.06,94.87,81.59,77.98714285714286,78.3739393939394,86.3809090909091,21.18507490765429,88.37150972988381,123.25262706834869,36.06221669177757,17.822214371587165,62.25228110708888,71.85269342404656,34.57558475867567,16.935463941718744,46.58322752871648,49.84,42.17200741532791,3.3628605360671227,26.11922862279493,51.39993364430212,1.4866319331018998,106.3306826408764,77.03995530591337,130.9505341046699,67.96240782599642,0.8412627498025932,0.7044383568569675,0.5829708877864427,0.9587759136991468,9528.548174930826,5304.138141905678,4198.148131717181,4163.535167540046,5.96705882352941,8.583214285714288,8.560606060606059,8.240909090909092,6.433302718734199,1.9117020917304874,1.6718507743103213,2.630731239037533,-25.26315869442421,-54.09192554836783,401.0,101.62366724669194,791.1421066885218,1452.2194585636826,33.3762383817132,1366.532899215396,3590.0
2010,46,145,0,22.38235294117647,21.942857142857143,17.766363636363636,13.08409090909091,28.73235294117647,30.457142857142856,26.82454545454545,20.704545454545453,25.55735294117647,26.2,22.295454545454547,16.894318181818182,129.54,236.45,163.31,120.25,84.46294117647058,79.3325,78.44333333333334,88.36227272727272,19.412135152471,77.43389209074964,110.6526647355244,30.092219763702037,17.337355926141235,58.82075755139686,60.30910508937573,28.15987682336693,15.51167408472456,27.51020671647969,40.60232875816951,49.39795371424304,2.0747792263297637,18.613134539352775,50.34355964614867,1.932342940335104,103.89008110024533,165.63070981684805,89.90877286893443,83.29449822055953,0.8931194734616474,0.7596254813391159,0.5450307521605834,0.935785962102206,8911.870545608526,5698.590656455386,4402.248904099269,4345.711668506599,6.349999999999998,8.514285714285712,9.058181818181815,7.6204545454545425,6.6731453795545335,3.053572455364757,1.475879504486712,3.996049508619117,-25.26315869442421,-54.09192554836783,401.0,59.613289005927825,566.9028976842874,1350.443104071735,40.008282241938176,1366.532899215396,3590.0
2010,46,145,1,22.38235294117647,21.942857142857143,17.766363636363636,13.08409090909091,28.73235294117647,30.457142857142856,26.82454545454545,20.704545454545453,25.55735294117647,26.2,22.295454545454547,16.894318181818182,129.54,236.45,163.31,120.25,84.46294117647058,79.3325,78.44333333333334,88.36227272727272,19.412135152471,77.43389209074964,110.6526647355244,30.092219763702037,17.337355926141235,58.82075755139686,60.30910508937573,28.15987682336693,15.51167408472456,27.51020671647969,40.60232875816951,49.39795371424304,2.0747792263297637,18.613134539352775,50.34355964614867,1.932342940335104,103.89008110024533,165.63070981684805,89.90877286893443,83.29449822055953,0.8931194734616474,0.7596254813391159,0.5450307521605834,0.935785962102206,8911.870545608526,5698.590656455386,4402.248904099269,4345.711668506599,6.349999999999998,8.514285714285712,9.058181818181815,7.6204545454545425,6.6731453795545335,3.053572455364757,1.475879504486712,3.996049508619117,-25.26315869442421,-54.09192554836783,401.0,59.613289005927825,566.9028976842874,1350.443104071735,40.008282241938176,1366.532899215396,3590.0
2010,56,155,0,20.79647058823529,20.68142857142857,16.292727272727273,12.988636363636363,30.27294117647059,28.541071428571428,25.11969696969697,20.575,25.534705882352934,24.61125,20.70621212121212,16.78181818181818,37.77,231.26,181.22,128.74,75.4335294117647,80.92142857142858,81.15333333333334,89.67454545454545,22.810945561748586,71.1429285381062,91.18955056272044,26.98930766510637,13.85489236585186,48.887036409401645,57.4477818755934,25.562239518781237,16.317087487356584,17.426165011566855,40.29390739750479,49.84,8.956053195896729,22.25589212870456,33.74176868712702,1.4270681463251376,13.367343442363392,181.2638860663881,100.90447573846866,93.63166787872356,0.6073791342119973,0.6871664888410707,0.6299820705452501,0.9471246849295748,7103.765405748299,3770.321594253934,3072.778299411748,3040.283475267156,9.476470588235298,7.859642857142859,8.826969696969698,7.586363636363636,1.6557840576032974,3.250639308109596,1.9872891014563818,4.7700371420213905,-25.26315869442421,-54.09192554836783,401.0,271.1260715727231,635.2070069519374,847.5830046422408,29.361927110639705,1366.532899215396,3590.0
2010,56,155,1,20.79647058823529,20.68142857142857,16.292727272727273,12.988636363636363,30.27294117647059,28.541071428571428,25.11969696969697,20.575,25.534705882352934,24.61125,20.70621212121212,16.78181818181818,37.77,231.26,181.22,128.74,75.4335294117647,80.92142857142858,81.15333333333334,89.67454545454545,22.810945561748586,71.1429285381062,91.18955056272044,26.98930766510637,13.85489236585186,48.887036409401645,57.4477818755934,25.562239518781237,16.317087487356584,17.426165011566855,40.29390739750479,49.84,8.956053195896729,22.25589212870456,33.74176868712702,1.4270681463251376,13.367343442363392,181.2638860663881,100.90447573846866,93.63166787872356,0.6073791342119973,0.6871664888410707,0.6299820705452501,0.9471246849295748,7103.765405748299,3770.321594253934,3072.778299411748,3040.283475267156,9.476470588235298,7.859642857142859,8.826969696969698,7.586363636363636,1.6557840576032974,3.250639308109596,1.9872891014563818,4.7700371420213905,-25.26315869442421,-54.09192554836783,401.0,271.1260715727231,635.2070069519374,847.5830046422408,29.361927110639705,1366.532899215396,3590.0
2010,64,163,0,21.90294117647059,19.37071428571429,14.921818181818182,12.14409090909091,31.36529411764706,28.02892857142857,22.902727272727272,20.722272727272728,26.634117647058822,23.69982142857143,18.91227272727273,16.43318181818182,129.12,119.7,250.24,60.55,74.88411764705882,78.46714285714286,86.16969696969697,87.55772727272728,21.536394323966945,71.20455375849333,70.97016714720183,29.3744994975249,15.465962998028552,36.96462637637916,60.3918267550876,27.97888396741577,22.70488888888888,9.141062627181023,46.3489247513183,42.256952374472576,6.070431325938393,34.239927382114175,10.57834039211424,1.3956155301091298,98.14825922419368,96.2991998853287,152.64031112077512,36.66308840942996,0.7181314924577293,0.5191328984625508,0.850946660867047,0.9524888745686808,6918.29434730078,1928.1241217466124,1784.4274524420498,1767.471421138837,9.46235294117647,8.65821428571428,7.9809090909090905,8.578181818181818,5.995432571380243,1.681072258468049,3.525988595756975,2.061311717161409,-25.26315869442421,-54.09192554836783,401.0,190.40086395903592,959.7084788841794,242.27284499866732,28.92032563733869,1366.532899215396,3590.0
2010,64,163,1,21.90294117647059,19.37071428571429,14.921818181818182,12.14409090909091,31.36529411764706,28.02892857142857,22.902727272727272,20.722272727272728,26.634117647058822,23.69982142857143,18.91227272727273,16.43318181818182,129.12,119.7,250.24,60.55,74.88411764705882,78.46714285714286,86.16969696969697,87.55772727272728,21.536394323966945,71.20455375849333,70.97016714720183,29.3744994975249,15.465962998028552,36.96462637637916,60.3918267550876,27.97888396741577,22.70488888888888,9.141062627181023,46.3489247513183,42.256952374472576,6.070431325938393,34.239927382114175,10.57834039211424,1.3956155301091298,98.14825922419368,96.2991998853287,152.64031112077512,36.66308840942996,0.7181314924577293,0.5191328984625508,0.850946660867047,0.9524888745686808,6918.29434730078,1928.1241217466124,1784.4274524420498,1767.471421138837,9.46235294117647,8.65821428571428,7.9809090909090905,8.578181818181818,5.995432571380243,1.681072258468049,3.525988595756975,2.061311717161409,-25.26315869442421,-54.09192554836783,401.0,190.40086395903592,959.7084788841794,242.27284499866732,28.92032563733869,1366.532899215396,3590.0
2010,74,173,0,22.302941176470583,18.272142857142857,13.313636363636364,12.828636363636363,29.688823529411764,27.24892857142857,21.28818181818182,20.700909090909093,25.995882352941177,22.760535714285712,17.30090909090909,16.764772727272728,135.29,159.12,133.74,46.48,83.11823529411765,77.4325,87.65363636363637,86.25863636363637,17.4224647722033,57.14226494458036,64.65551532231466,29.570387095138752,13.876588189006217,33.62281402254377,59.73852610727922,25.93937599867012,15.38979643917565,47.63459382448913,47.80395786609347,46.98312668924086,3.5458765831970838,23.519450922036587,4.916989215035443,3.631011096468636,112.25361537181811,93.25238859214276,73.83210985111644,21.36145517818249,0.796476754032279,0.5884053433155475,0.923950970145026,0.8772078605266022,6554.765082579685,2507.905656862252,2412.543760776164,2353.295478784384,7.385882352941181,8.976785714285715,7.974545454545455,7.87227272727273,7.7652617909636215,2.7846288584172,2.0685010293907924,1.5718427983528533,-25.26315869442421,-54.09192554836783,401.0,105.27290413561177,640.8798382137948,104.67376040771362,75.16523061607938,1366.532899215396,3590.0
2010,74,173,1,22.302941176470583,18.272142857142857,13.313636363636364,12.828636363636363,29.688823529411764,27.24892857142857,21.28818181818182,20.700909090909093,25.995882352941177,22.760535714285712,17.30090909090909,16.764772727272728,135.29,159.12,133.74,46.48,83.11823529411765,77.4325,87.65363636363637,86.25863636363637,17.4224647722033,57.14226494458036,64.65551532231466,29.570387095138752,13.876588189006217,33.62281402254377,59.73852610727922,25.93937599867012,15.38979643917565,47.63459382448913,47.80395786609347,46.98312668924086,3.5458765831970838,23.519450922036587,4.916989215035443,3.631011096468636,112.25361537181811,93.25238859214276,73.83210985111644,21.36145517818249,0.796476754032279,0.5884053433155475,0.923950970145026,0.8772078605266022,6554.765082579685,2507.905656862252,2412.543760776164,2353.295478784384,7.385882352941181,8.976785714285715,7.974545454545455,7.87227272727273,7.7652617909636215,2.7846288584172,2.0685010293907924,1.5718427983528533,-25.26315869442421,-54.09192554836783,401.0,105.27290413561177,640.8798382137948,104.67376040771362,75.16523061607938,1366.532899215396,3590.0
2010,84,183,0,19.223529411764705,17.309642857142858,11.985454545454544,15.27909090909091,27.341764705882355,26.162142857142857,20.24030303030303,22.64727272727273,23.282647058823528,21.735892857142854,16.11287878787879,18.96318181818182,18.4,181.16,129.63,16.17,80.52058823529411,80.67892857142859,87.94272727272728,85.43636363636364,17.45126594138366,47.09966462545543,58.77699880837971,31.40392863485003,12.174095665836074,34.1096758194054,54.4505044479009,23.639226594533262,12.320185473904656,49.60211802098455,40.22698799329933,32.75776139876607,5.277170275547587,12.989988806050016,4.326494360478814,7.764702040316769,0.0,109.7683916335147,84.55462557978433,0.0,0.6976053030609437,0.724202095506441,0.926391369954364,0.7527474307243199,5694.92572261281,3338.95285179819,3216.064979194273,3057.0289133816086,8.11823529411765,8.8525,8.254848484848484,7.368181818181819,1.0543647699715883,3.846311888643268,2.2054545592334485,0.5149037302949285,-25.26315869442421,-54.09192554836783,401.0,144.28714798689847,339.8459428565671,87.56955691498831,175.84932475306488,1366.532899215396,3590.0
2010,84,183,1,19.223529411764705,17.309642857142858,11.985454545454544,15.27909090909091,27.341764705882355,26.162142857142857,20.24030303030303,22.64727272727273,23.282647058823528,21.735892857142854,16.11287878787879,18.96318181818182,18.4,181.16,129.63,16.17,80.52058823529411,80.67892857142859,87.94272727272728,85.43636363636364,17.45126594138366,47.09966462545543,58.77699880837971,31.40392863485003,12.174095665836074,34.1096758194054,54.4505044479009,23.639226594533262,12.320185473904656,49.60211802098455,40.22698799329933,32.75776139876607,5.277170275547587,12.989988806050016,4.326494360478814,7.764702040316769,0.0,109.7683916335147,84.55462557978433,0.0,0.6976053030609437,0.724202095506441,0.926391369954364,0.7527474307243199,5694.92572261281,3338.95285179819,3216.064979194273,3057.0289133816086,8.11823529411765,8.8525,8.254848484848484,7.368181818181819,1.0543647699715883,3.846311888643268,2.2054545592334485,0.5149037302949285,-25.26315869442421,-54.09192554836783,401.0,144.28714798689847,339.8459428565671,87.56955691498831,175.84932475306488,1366.532899215396,3590.0
2011,36,135,0,22.68764705882353,21.94107142857143,20.546666666666667,16.71818181818182,29.74705882352941,31.465,29.98787878787879,26.303181818181816,26.217352941176472,26.70303571428571,25.26727272727273,21.51068181818182,76.79,63.75,158.62,11.29,80.49,70.61035714285714,75.44484848484848,75.90727272727273,20.600180689622874,92.10129509731831,123.55756831619708,48.849196198023314,18.234932428860432,45.051294535552856,93.57561714483631,36.19371988079335,12.66568056776168,6.977945326831104,49.84,24.936280119206643,2.365248260762441,47.05000056176546,29.98195117136077,12.65547631722996,53.088498114489,24.386440705377726,22.182328181994787,0.0,0.8851831303618658,0.4891494141092116,0.7573442761949334,0.7409276446243335,10123.13305852582,2366.020377528335,2078.956183904997,1971.2361688475823,7.059411764705882,9.52392857142857,9.441212121212121,9.584999999999997,3.727637206535871,0.6921726771880777,1.2837740509272115,0.2311194631377957,-25.26315869442421,-54.09192554836783,401.0,70.35917914515097,1480.42826767595,899.0951175508673,332.87929456779364,1366.532899215396,3695.0
2011,36,135,1,22.68764705882353,21.94107142857143,20.546666666666667,16.71818181818182,29.74705882352941,31.465,29.98787878787879,26.303181818181816,26.217352941176472,26.70303571428571,25.26727272727273,21.51068181818182,76.79,63.75,158.62,11.29,80.49,70.61035714285714,75.44484848484848,75.90727272727273,20.600180689622874,92.10129509731831,123.55756831619708,48.849196198023314,18.234932428860432,45.051294535552856,93.57561714483631,36.19371988079335,12.66568056776168,6.977945326831104,49.84,24.936280119206643,2.365248260762441,47.05000056176546,29.98195117136077,12.65547631722996,53.088498114489,24.386440705377726,22.182328181994787,0.0,0.8851831303618658,0.4891494141092116,0.7573442761949334,0.7409276446243335,10123.13305852582,2366.020377528335,2078.956183904997,1971.2361688475823,7.059411764705882,9.52392857142857,9.441212121212121,9.584999999999997,3.727637206535871,0.6921726771880777,1.2837740509272115,0.2311194631377957,-25.26315869442421,-54.09192554836783,401.0,70.35917914515097,1480.42826767595,899.0951175508673,332.87929456779364,1366.532899215396,3695.0
2011,46,145,0,22.850588235294115,21.9975,18.35727272727273,16.46227272727273,30.39529411764706,32.11107142857143,28.03818181818182,26.61318181818182,26.622941176470587,27.054285714285715,23.19772727272727,21.53772727272727,56.78,78.92,99.08,22.6,77.25411764705882,69.38214285714285,75.47818181818182,73.68863636363636,20.23651057554481,81.13074863396083,117.58326954597872,44.9937912021595,15.468092415450563,47.2627557676909,92.72416105384325,23.58509879327522,17.695409973873982,45.71009440048353,30.153789991641787,29.16869119836657,4.768418160094246,33.86799286626994,24.85910849213547,21.408692408884285,28.79375596748451,3.64255980569956,21.912143354998506,0.0,0.7643655934508427,0.5825504702406628,0.78858294561698,0.5241856301307466,8971.18052152743,3353.657886380803,2999.147650507296,2713.7401406131,7.544705882352947,10.11357142857143,9.68090909090909,10.150909090909089,2.8058196984126726,0.9727507921326461,0.8426368851842194,0.5022915250341319,-25.26315869442421,-54.09192554836783,401.0,144.93747245199407,1087.5375380711416,697.004203740402,569.7534235671664,1366.532899215396,3695.0
2011,46,145,1,22.850588235294115,21.9975,18.35727272727273,16.46227272727273,30.39529411764706,32.11107142857143,28.03818181818182,26.61318181818182,26.622941176470587,27.054285714285715,23.19772727272727,21.53772727272727,56.78,78.92,99.08,22.6,77.25411764705882,69.38214285714285,75.47818181818182,73.68863636363636,20.23651057554481,81.13074863396083,117.58326954597872,44.9937912021595,15.468092415450563,47.2627557676909,92.72416105384325,23.58509879327522,17.695409973873982,45.71009440048353,30.153789991641787,29.16869119836657,4.768418160094246,33.86799286626994,24.85910849213547,21.408692408884285,28.79375596748451,3.64255980569956,21.912143354998506,0.0,0.7643655934508427,0.5825504702406628,0.78858294561698,0.5241856301307466,8971.18052152743,3353.657886380803,2999.147650507296,2713.7401406131,7.544705882352947,10.11357142857143,9.68090909090909,10.150909090909089,2.8058196984126726,0.9727507921326461,0.8426368851842194,0.5022915250341319,-25.26315869442421,-54.09192554836783,401.0,144.93747245199407,1087.5375380711416,697.004203740402,569.7534235671664,1366.532899215396,3695.0
2011,56,155,0,21.978823529411763,20.763571428571428,18.245757575757576,13.841818181818182,30.667058823529413,31.30964285714285,27.661818181818184,24.783636363636365,26.32294117647059,26.036607142857143,22.95378787878788,19.312727272727276,36.59,87.43,83.14,21.75,73.13941176470587,70.32285714285715,76.56575757575757,71.67727272727274,21.13197612320803,76.72426984408361,104.5464089941707,39.24872401709397,14.541671407743983,49.75202096811101,74.35470687778407,19.453603886795975,9.25302017723841,19.503428312576556,16.853200723237933,19.14959683644195,6.590304715464045,26.9722488759726,30.19170211638663,19.79512013029799,19.99441952612872,27.42757089655084,11.435520711554538,0.0,0.6881358999726348,0.648452192105775,0.7112124423319975,0.4956493331687259,7946.262229030177,3756.025627677821,3213.678893900069,2889.51467527605,8.68823529411765,10.546071428571423,9.416060606060608,10.941818181818183,1.73149921174742,1.1395351194305559,0.7952449137170815,0.5541581425813292,-25.26315869442421,-54.09192554836783,401.0,202.10526237411915,844.4914793606748,835.1573745431023,490.59505908380345,1366.532899215396,3695.0
2011,56,155,1,21.978823529411763,20.763571428571428,18.245757575757576,13.841818181818182,30.667058823529413,31.30964285714285,27.661818181818184,24.783636363636365,26.32294117647059,26.036607142857143,22.95378787878788,19.312727272727276,36.59,87.43,83.14,21.75,73.13941176470587,70.32285714285715,76.56575757575757,71.67727272727274,21.13197612320803,76.72426984408361,104.5464089941707,39.24872401709397,14.541671407743983,49.75202096811101,74.35470687778407,19.453603886795975,9.25302017723841,19.503428312576556,16.853200723237933,19.14959683644195,6.590304715464045,26.9722488759726,30.19170211638663,19.79512013029799,19.99441952612872,27.42757089655084,11.435520711554538,0.0,0.6881358999726348,0.648452192105775,0.7112124423319975,0.4956493331687259,7946.262229030177,3756.025627677821,3213.678893900069,2889.51467527605,8.68823529411765,10.546071428571423,9.416060606060608,10.941818181818183,1.73149921174742,1.1395351194305559,0.7952449137170815,0.5541581425813292,-25.26315869442421,-54.09192554836783,401.0,202.10526237411915,844.4914793606748,835.1573745431023,490.59505908380345,1366.532899215396,3695.0
2011,64,163,0,21.491176470588236,20.528214285714284,16.67060606060606,12.122727272727271,32.73352941176471,30.001785714285717,26.520909090909093,23.66818181818182,27.112352941176468,25.265,21.59575757575757,17.895454545454545,13.76,119.55,50.36,41.91,65.42235294117647,74.92107142857142,75.26575757575758,71.485,22.93814200726372,67.70273908948143,97.4269904627854,36.83320869303823,11.487378317952082,50.25882176652331,62.738545935625055,21.4946453462219,7.325912576122028,36.06412267330929,13.08558175608076,33.50093640985886,11.450763689311636,17.443917322958107,34.68844452716034,15.338563346816333,0.0,40.55296813628942,10.599994981603473,0.0,0.5007981167051117,0.74234547143059,0.6439544692657787,0.5835670067561766,6700.269103801268,4110.737087959121,3378.9323038634943,3097.5125252102694,11.24235294117647,9.473571428571432,9.850303030303031,11.54545454545455,0.5998742180444554,1.7658074342013406,0.5168998832950323,1.1378319046073584,-25.26315869442421,-54.09192554836783,401.0,374.8239100112498,523.3486695411057,919.9690838098625,363.03590612214845,1366.532899215396,3695.0
2011,64,163,1,21.491176470588236,20.528214285714284,16.67060606060606,12.122727272727271,32.73352941176471,30.001785714285717,26.520909090909093,23.66818181818182,27.112352941176468,25.265,21.59575757575757,17.895454545454545,13.76,119.55,50.36,41.91,65.42235294117647,74.92107142857142,75.26575757575758,71.485,22.93814200726372,67.70273908948143,97.4269904627854,36.83320869303823,11.487378317952082,50.25882176652331,62.738545935625055,21.4946453462219,7.325912576122028,36.06412267330929,13.08558175608076,33.50093640985886,11.450763689311636,17.443917322958107,34.68844452716034,15.338563346816333,0.0,40.55296813628942,10.599994981603473,0.0,0.5007981167051117,0.74234547143059,0.6439544692657787,0.5835670067561766,6700.269103801268,4110.737087959121,3378.9323038634943,3097.5125252102694,11.24235294117647,9.473571428571432,9.850303030303031,11.54545454545455,0.5998742180444554,1.7658074342013406,0.5168998832950323,1.1378319046073584,-25.26315869442421,-54.09192554836783,401.0,374.8239100112498,523.3486695411057,919.9690838098625,363.03590612214845,1366.532899215396,3695.0
2011,74,173,0,22.382941176470588,19.054642857142856,15.294545454545457,13.13818181818182,32.198235294117644,28.97357142857143,25.58121212121212,24.31590909090909,27.29058823529412,24.014107142857146,20.437878787878788,18.72704545454545,70.2,94.15,27.540000000000003,32.09,70.61117647058825,75.29107142857143,73.57606060606061,72.19681818181817,18.84880505413982,64.88160027700441,86.90866210052009,36.10835514984479,13.08931261740552,51.13761609432852,42.902008357788674,21.78399995661286,21.196330279254536,32.01507404021141,16.65306568242274,26.95906572580988,5.759492436734298,13.74398418267588,44.006653742731416,14.324355193231932,40.97967273112371,32.19364014471459,0.0,0.0,0.6944372643151018,0.7881682306848544,0.4936447912196307,0.6032952724158218,6872.884321204404,4689.041452115825,3501.881170382868,3224.038607237088,9.815294117647056,9.918928571428573,10.286666666666662,11.177727272727271,3.7243740278687727,1.4511047754376831,0.3168844086927348,0.8887139795438159,-25.26315869442421,-54.09192554836783,401.0,185.44549265266193,398.21230742991554,1125.7435441375455,348.3097186645192,1366.532899215396,3695.0
2011,74,173,1,22.382941176470588,19.054642857142856,15.294545454545457,13.13818181818182,32.198235294117644,28.97357142857143,25.58121212121212,24.31590909090909,27.29058823529412,24.014107142857146,20.437878787878788,18.72704545454545,70.2,94.15,27.540000000000003,32.09,70.61117647058825,75.29107142857143,73.57606060606061,72.19681818181817,18.84880505413982,64.88160027700441,86.90866210052009,36.10835514984479,13.08931261740552,51.13761609432852,42.902008357788674,21.78399995661286,21.196330279254536,32.01507404021141,16.65306568242274,26.95906572580988,5.759492436734298,13.74398418267588,44.006653742731416,14.324355193231932,40.97967273112371,32.19364014471459,0.0,0.0,0.6944372643151018,0.7881682306848544,0.4936447912196307,0.6032952724158218,6872.884321204404,4689.041452115825,3501.881170382868,3224.038607237088,9.815294117647056,9.918928571428573,10.286666666666662,11.177727272727271,3.7243740278687727,1.4511047754376831,0.3168844086927348,0.8887139795438159,-25.26315869442421,-54.09192554836783,401.0,185.44549265266193,398.21230742991554,1125.7435441375455,348.3097186645192,1366.532899215396,3695.0
2011,84,183,0,20.24882352941177,17.85607142857143,14.016969696969698,12.876818181818182,30.204705882352943,27.36785714285714,24.73212121212121,22.05409090909091,25.226764705882356,22.611964285714286,19.37454545454545,17.465454545454545,72.12,82.15,46.65,75.73,74.0564705882353,76.56392857142858,72.50878787878787,78.35409090909091,17.000764280882393,57.01543827874875,78.64369025537334,31.956922857282827,12.963292908191656,40.61367770307257,34.96303475850127,21.399576943552397,8.877087986963778,16.93824702579187,28.625212267290607,49.84,4.037471372690735,16.401760575676185,43.68065549687206,10.557345913730432,56.17168762426373,33.47516325809934,0.0,33.11563532373821,0.7625123608571568,0.7123277296319658,0.4445752055246723,0.6696382201478306,6275.322569606873,3567.4681332710097,2576.738005911344,2406.4868551422232,9.955882352941174,9.511785714285711,10.715151515151513,9.177272727272728,4.242162223324277,1.4408378235797865,0.5931817269575881,2.3697525677989835,-25.26315869442421,-54.09192554836783,401.0,121.95063532054346,448.88104032645214,1080.3152663735484,232.83266654013036,1366.532899215396,3695.0
2011,84,183,1,20.24882352941177,17.85607142857143,14.016969696969698,12.876818181818182,30.204705882352943,27.36785714285714,24.73212121212121,22.05409090909091,25.226764705882356,22.611964285714286,19.37454545454545,17.465454545454545,72.12,82.15,46.65,75.73,74.0564705882353,76.56392857142858,72.50878787878787,78.35409090909091,17.000764280882393,57.01543827874875,78.64369025537334,31.956922857282827,12.963292908191656,40.61367770307257,34.96303475850127,21.399576943552397,8.877087986963778,16.93824702579187,28.625212267290607,49.84,4.037471372690735,16.401760575676185,43.68065549687206,10.557345913730432,56.17168762426373,33.47516325809934,0.0,33.11563532373821,0.7625123608571568,0.7123277296319658,0.4445752055246723,0.6696382201478306,6275.322569606873,3567.4681332710097,2576.738005911344,2406.4868551422232,9.955882352941174,9.511785714285711,10.715151515151513,9.177272727272728,4.242162223324277,1.4408378235797865,0.5931817269575881,2.3697525677989835,-25.26315869442421,-54.09192554836783,401.0,121.95063532054346,448.88104032645214,1080.3152663735484,232.83266654013036,1366.532899215396,3695.0
2012,36,135,0,24.694117647058825,22.385714285714283,18.115454545454543,14.120909090909093,36.07058823529412,33.60357142857143,30.10878787878788,23.736818181818183,30.38235294117647,27.994642857142857,24.112121212121213,18.92886363636364,32.24,38.830000000000005,125.06,80.09,50.10411764705882,62.1125,67.71212121212122,78.43772727272727,28.619188686297804,98.6728318697248,124.79922705150535,42.51555493877128,14.27696165913154,41.82764898122043,77.56556342706394,36.38342923575559,22.70488888888888,4.049451971159556,46.23985206806964,44.20976494192171,14.342227027166263,56.845182888504375,47.23366362444143,6.132125703015696,0.0213514541224064,15.6577879365089,5.304036476025987,45.73665789039234,0.4988597620856741,0.4239023871985796,0.6215227871167196,0.8557674782359805,8347.213249341099,1133.9988096064076,919.402455170012,892.8809082449718,11.376470588235293,11.217857142857145,11.993333333333336,9.61590909090909,1.1265169098044963,0.3935227079655143,1.002089539772446,1.8837811270567093,-25.26315869442421,-54.09192554836783,401.0,517.3325654740207,1910.201163564063,1422.148358806326,145.5571528805376,1366.532899215396,1614.0
2012,36,135,1,24.694117647058825,22.385714285714283,18.115454545454543,14.120909090909093,36.07058823529412,33.60357142857143,30.10878787878788,23.736818181818183,30.38235294117647,27.994642857142857,24.112121212121213,18.92886363636364,32.24,38.830000000000005,125.06,80.09,50.10411764705882,62.1125,67.71212121212122,78.43772727272727,28.619188686297804,98.6728318697248,124.79922705150535,42.51555493877128,14.27696165913154,41.82764898122043,77.56556342706394,36.38342923575559,22.70488888888888,4.049451971159556,46.23985206806964,44.20976494192171,14.342227027166263,56.845182888504375,47.23366362444143,6.132125703015696,0.0213514541224064,15.6577879365089,5.304036476025987,45.73665789039234,0.4988597620856741,0.4239023871985796,0.6215227871167196,0.8557674782359805,8347.213249341099,1133.9988096064076,919.402455170012,892.8809082449718,11.376470588235293,11.217857142857145,11.993333333333336,9.61590909090909,1.1265169098044963,0.3935227079655143,1.002089539772446,1.8837811270567093,-25.26315869442421,-54.09192554836783,401.0,517.3325654740207,1910.201163564063,1422.148358806326,145.5571528805376,1366.532899215396,1614.0
2012,46,145,0,24.24705882352941,19.7275,17.336666666666666,15.100909090909092,32.56,33.31071428571429,27.74939393939394,24.887727272727272,28.40352941176471,26.51910714285714,22.543030303030303,19.994318181818183,63.790000000000006,43.66,143.69,61.86,66.21176470588235,55.88428571428572,74.35575757575756,76.27818181818182,21.77775482477001,91.55621507208886,105.03845189297866,44.93063704825519,17.28617210363538,41.14408572855375,75.15321857632182,31.71718631327937,20.374840035572507,22.890754307018756,40.79304847188016,49.84,4.4915827211346295,50.41212934353512,29.88523331665684,13.21345073497582,31.096818486836614,0.0,50.634487258816776,21.095862158600774,0.7937536372654032,0.449386048736921,0.7154829228908834,0.7059144583063743,8863.318032825318,1542.9181877924448,1323.424901287844,1245.5848754906303,8.312941176470591,13.583214285714291,10.412727272727274,9.78681818181818,2.929135740266728,0.47686549695859864,1.3679752263142886,1.3767888475198513,-25.26315869442421,-54.09192554836783,401.0,146.24593340014354,1679.2640370969718,829.2971122746112,328.85275822369596,1366.532899215396,1614.0
2012,46,145,1,24.24705882352941,19.7275,17.336666666666666,15.100909090909092,32.56,33.31071428571429,27.74939393939394,24.887727272727272,28.40352941176471,26.51910714285714,22.543030303030303,19.994318181818183,63.790000000000006,43.66,143.69,61.86,66.21176470588235,55.88428571428572,74.35575757575756,76.27818181818182,21.77775482477001,91.55621507208886,105.03845189297866,44.93063704825519,17.28617210363538,41.14408572855375,75.15321857632182,31.71718631327937,20.374840035572507,22.890754307018756,40.79304847188016,49.84,4.4915827211346295,50.41212934353512,29.88523331665684,13.21345073497582,31.096818486836614,0.0,50.634487258816776,21.095862158600774,0.7937536372654032,0.449386048736921,0.7154829228908834,0.7059144583063743,8863.318032825318,1542.9181877924448,1323.424901287844,1245.5848754906303,8.312941176470591,13.583214285714291,10.412727272727274,9.78681818181818,2.929135740266728,0.47686549695859864,1.3679752263142886,1.3767888475198513,-25.26315869442421,-54.09192554836783,401.0,146.24593340014354,1679.2640370969718,829.2971122746112,328.85275822369596,1366.532899215396,1614.0
2012,56,155,0,22.204117647058823,18.833214285714288,16.316969696969696,15.350909090909092,33.56117647058824,31.71607142857143,25.96151515151515,24.253636363636364,27.88264705882353,25.27464285714285,21.139242424242425,19.80227272727273,25.770000000000003,54.58,151.02,86.3,65.18941176470588,59.27321428571429,78.07606060606061,80.08500000000001,23.78584497533916,77.33534880199815,94.39893697906578,36.43238895107843,13.866818087396686,41.30262505066284,77.48727329357907,27.327803200192097,4.3668054277136985,17.64418037705085,39.26440928659761,49.84,9.919026887942472,36.03272375133531,16.911663685486726,9.104585750886333,14.735487596000729,0.0,51.91249779687418,48.39660608640551,0.5829861458263776,0.5340717497299977,0.8208490028946288,0.7500963836570805,7367.468008224565,2218.40079123613,2019.6864343714813,1918.7410456058476,11.357058823529414,12.88285714285714,9.644545454545455,8.902727272727272,1.0834174706308726,0.7057574685509117,1.5998061507142893,2.3687713730736686,-25.26315869442421,-54.09192554836783,401.0,332.89421180274695,1142.8164402633329,439.0524130080922,220.81931204354225,1366.532899215396,1614.0
2012,56,155,1,22.204117647058823,18.833214285714288,16.316969696969696,15.350909090909092,33.56117647058824,31.71607142857143,25.96151515151515,24.253636363636364,27.88264705882353,25.27464285714285,21.139242424242425,19.80227272727273,25.770000000000003,54.58,151.02,86.3,65.18941176470588,59.27321428571429,78.07606060606061,80.08500000000001,23.78584497533916,77.33534880199815,94.39893697906578,36.43238895107843,13.866818087396686,41.30262505066284,77.48727329357907,27.327803200192097,4.3668054277136985,17.64418037705085,39.26440928659761,49.84,9.919026887942472,36.03272375133531,16.911663685486726,9.104585750886333,14.735487596000729,0.0,51.91249779687418,48.39660608640551,0.5829861458263776,0.5340717497299977,0.8208490028946288,0.7500963836570805,7367.468008224565,2218.40079123613,2019.6864343714813,1918.7410456058476,11.357058823529414,12.88285714285714,9.644545454545455,8.902727272727272,1.0834174706308726,0.7057574685509117,1.5998061507142893,2.3687713730736686,-25.26315869442421,-54.09192554836783,401.0,332.89421180274695,1142.8164402633329,439.0524130080922,220.81931204354225,1366.532899215396,1614.0
2012,65,164,0,22.48647058823529,17.951071428571428,14.786060606060603,13.12409090909091,35.205882352941174,30.20928571428572,24.596666666666668,21.58590909090909,28.846176470588237,24.08017857142857,19.69136363636364,17.355,5.89,91.73,108.32,112.49,53.55823529411765,66.81071428571428,77.09242424242424,84.32227272727272,24.689547259680623,67.62990679749771,88.60181971785255,27.919741027102408,5.742536134826576,50.285528055394025,68.3235918928071,25.659612875195347,5.092450660342395,36.05941772324744,24.07931916058898,47.94662246087603,18.94701112485405,17.344378742103682,20.278227825045445,2.26012815190706,0.0,10.47750488170093,51.97650666985136,62.96308382451761,0.2325897706599282,0.7435398100719337,0.7711307974303426,0.9190491004299396,5440.490160775354,3347.5864508740187,2964.506730101756,2916.5108327851085,12.719411764705885,12.258214285714292,9.810606060606064,8.461818181818181,0.23856249521507797,1.3563526011452967,1.2225482540306607,4.029048832895802,-25.26315869442421,-54.09192554836783,401.0,667.0462446014793,523.9612929569937,498.7768104033678,48.78692082087017,1366.532899215396,1614.0
2012,65,164,1,22.48647058823529,17.951071428571428,14.786060606060603,13.12409090909091,35.205882352941174,30.20928571428572,24.596666666666668,21.58590909090909,28.846176470588237,24.08017857142857,19.69136363636364,17.355,5.89,91.73,108.32,112.49,53.55823529411765,66.81071428571428,77.09242424242424,84.32227272727272,24.689547259680623,67.62990679749771,88.60181971785255,27.919741027102408,5.742536134826576,50.285528055394025,68.3235918928071,25.659612875195347,5.092450660342395,36.05941772324744,24.07931916058898,47.94662246087603,18.94701112485405,17.344378742103682,20.278227825045445,2.26012815190706,0.0,10.47750488170093,51.97650666985136,62.96308382451761,0.2325897706599282,0.7435398100719337,0.7711307974303426,0.9190491004299396,5440.490160775354,3347.5864508740187,2964.506730101756,2916.5108327851085,12.719411764705885,12.258214285714292,9.810606060606064,8.461818181818181,0.23856249521507797,1.3563526011452967,1.2225482540306607,4.029048832895802,-25.26315869442421,-54.09192554836783,401.0,667.0462446014793,523.9612929569937,498.7768104033678,48.78692082087017,1366.532899215396,1614.0
2012,75,174,0,17.798823529411763,18.607142857142858,14.77909090909091,12.65318181818182,31.58,28.7725,24.07939393939394,20.92454545454545,24.68941176470588,23.68982142857143,19.429242424242425,16.788863636363637,43.06,142.96,82.32000000000001,124.34,55.31882352941176,74.74107142857143,78.54454545454544,85.82545454545455,20.520411841405117,53.19243453074789,82.45713922523146,27.15940995737943,13.214740334439538,45.32333744253493,60.98902985354464,25.510932716352045,14.02713810609006,49.839999999999975,43.32443350812193,49.5212407682948,7.305671506965576,7.869097088212963,21.46810937168681,1.648477241027386,21.071006042626838,61.82380066355515,27.84653663833341,92.63226002347508,0.643980268845066,0.8520636034497683,0.7396452317725125,0.9393036430609392,6150.207076138339,4785.447866815876,4162.490781701091,4111.961176452755,13.781176470588235,10.165357142857143,9.300303030303029,8.27136363636363,2.098398430440639,2.6876002435527173,0.9983368423095924,4.578155423668025,-25.26315869442421,-54.09192554836783,401.0,230.7131061899729,226.4135959706075,516.9390626948416,34.49363696066121,1366.532899215396,1614.0
2012,75,174,1,17.798823529411763,18.607142857142858,14.77909090909091,12.65318181818182,31.58,28.7725,24.07939393939394,20.92454545454545,24.68941176470588,23.68982142857143,19.429242424242425,16.788863636363637,43.06,142.96,82.32000000000001,124.34,55.31882352941176,74.74107142857143,78.54454545454544,85.82545454545455,20.520411841405117,53.19243453074789,82.45713922523146,27.15940995737943,13.214740334439538,45.32333744253493,60.98902985354464,25.510932716352045,14.02713810609006,49.839999999999975,43.32443350812193,49.5212407682948,7.305671506965576,7.869097088212963,21.46810937168681,1.648477241027386,21.071006042626838,61.82380066355515,27.84653663833341,92.63226002347508,0.643980268845066,0.8520636034497683,0.7396452317725125,0.9393036430609392,6150.207076138339,4785.447866815876,4162.490781701091,4111.961176452755,13.781176470588235,10.165357142857143,9.300303030303029,8.27136363636363,2.098398430440639,2.6876002435527173,0.9983368423095924,4.578155423668025,-25.26315869442421,-54.09192554836783,401.0,230.7131061899729,226.4135959706075,516.9390626948416,34.49363696066121,1366.532899215396,1614.0
2012,85,184,0,17.07294117647059,16.103571428571428,13.696969696969695,14.97090909090909,30.45058823529412,26.03071428571429,22.716060606060605,22.87,23.761764705882356,21.06714285714286,18.206515151515152,18.920454545454547,37.76,128.89,130.24,75.78,62.35823529411764,77.92999999999999,80.15333333333334,86.52,17.13211517887475,51.48569433204317,68.44613897128156,30.880671482455604,9.680175033773107,41.20097896392739,50.49938772380206,27.6683154829498,14.850497738821984,22.9845431801466,45.66147125374557,38.16497686013828,7.45194014510164,10.284715368115778,17.946751247479497,3.212355999505802,18.42886365928579,79.55497559474799,57.06368420259898,55.60817891065748,0.5650309335831181,0.8002413000048662,0.737797463564606,0.8959751894860558,5396.081270098392,3779.210000723974,3283.750776768057,3215.4324663023945,13.37764705882353,9.927142857142861,9.01909090909091,7.89909090909091,2.2040477550933733,2.503413844800432,1.9028100336623188,2.4539621828836617,-25.26315869442421,-54.09192554836783,401.0,226.91596091254794,267.71848725731667,407.679489019638,73.4665817086977,1366.532899215396,1614.0
2012,85,184,1,17.07294117647059,16.103571428571428,13.696969696969695,14.97090909090909,30.45058823529412,26.03071428571429,22.716060606060605,22.87,23.761764705882356,21.06714285714286,18.206515151515152,18.920454545454547,37.76,128.89,130.24,75.78,62.35823529411764,77.92999999999999,80.15333333333334,86.52,17.13211517887475,51.48569433204317,68.44613897128156,30.880671482455604,9.680175033773107,41.20097896392739,50.49938772380206,27.6683154829498,14.850497738821984,22.9845431801466,45.66147125374557,38.16497686013828,7.45194014510164,10.284715368115778,17.946751247479497,3.212355999505802,18.42886365928579,79.55497559474799,57.06368420259898,55.60817891065748,0.5650309335831181,0.8002413000048662,0.737797463564606,0.8959751894860558,5396.081270098392,3779.210000723974,3283.750776768057,3215.4324663023945,13.37764705882353,9.927142857142861,9.01909090909091,7.89909090909091,2.2040477550933733,2.503413844800432,1.9028100336623188,2.4539621828836617,-25.26315869442421,-54.09192554836783,401.0,226.91596091254794,267.71848725731667,407.679489019638,73.4665817086977,1366.532899215396,1614.0
2013,36,135,0,22.90882352941176,21.329642857142854,16.926060606060606,16.725454545454543,29.94058823529412,29.267857142857142,28.15,28.01727272727273,26.424705882352946,25.29875,22.538030303030304,22.37136363636364,149.22,132.8,90.21,121.07,75.10176470588236,78.93607142857142,72.97666666666667,72.1940909090909,19.903492441612933,71.35725111681464,131.77863104914735,49.53371934373634,15.739886076200651,63.91476388359406,97.38117287000624,26.81604205261992,22.70488888888888,44.27914554312122,22.986176081551093,49.84,4.16360636541228,7.44248723322058,34.39745817914111,22.71767729111642,115.66512663325958,47.31097946217359,14.121796591563893,67.40013402893118,0.7908102621875909,0.8957010378519633,0.7389754476481666,0.5413694430359967,9303.858622073476,7848.284424691987,6823.98696034944,6198.049172281408,7.03176470588236,7.938214285714288,11.223939393939393,11.291818181818186,7.497176710958549,1.8610582375517966,0.6845571188727543,2.4441936039537397,-25.26315869442421,-54.09192554836783,401.0,124.6608237606586,217.82565312943802,968.2884477428222,636.4873603953791,1366.532899215396,3587.0
2013,36,135,1,22.90882352941176,21.329642857142854,16.926060606060606,16.725454545454543,29.94058823529412,29.267857142857142,28.15,28.01727272727273,26.424705882352946,25.29875,22.538030303030304,22.37136363636364,149.22,132.8,90.21,121.07,75.10176470588236,78.93607142857142,72.97666666666667,72.1940909090909,19.903492441612933,71.35725111681464,131.77863104914735,49.53371934373634,15.739886076200651,63.91476388359406,97.38117287000624,26.81604205261992,22.70488888888888,44.27914554312122,22.986176081551093,49.84,4.16360636541228,7.44248723322058,34.39745817914111,22.71767729111642,115.66512663325958,47.31097946217359,14.121796591563893,67.40013402893118,0.7908102621875909,0.8957010378519633,0.7389754476481666,0.5413694430359967,9303.858622073476,7848.284424691987,6823.98696034944,6198.049172281408,7.03176470588236,7.938214285714288,11.223939393939393,11.291818181818186,7.497176710958549,1.8610582375517966,0.6845571188727543,2.4441936039537397,-25.26315869442421,-54.09192554836783,401.0,124.6608237606586,217.82565312943802,968.2884477428222,636.4873603953791,1366.532899215396,3587.0
2013,46,145,0,22.27764705882353,20.04892857142857,17.373939393939395,14.84681818181818,29.848235294117647,28.499285714285715,28.83242424242424,23.99363636363637,26.062941176470588,24.27410714285714,23.103181818181817,19.420227272727274,65.42,133.52,79.46000000000001,152.48,78.82882352941176,78.46714285714286,72.04818181818182,80.52090909090909,21.681978716729223,73.54676111141612,121.39716708573978,34.332647015592734,18.52066071274568,59.21511149180809,75.81047618689769,30.592953553849917,11.657563929845065,20.451832449497022,11.063920301721872,45.619922225921634,3.161318003983544,14.331649619608037,45.586690898842086,3.739693461742817,42.440886468520375,65.51061998853996,13.03743596087746,87.33104452195032,0.8541960563062284,0.8051355436591288,0.624483074908615,0.8910747120650391,8794.959127624268,6224.221734207239,5055.571430849004,4945.435516092806,7.570588235294117,8.450357142857147,11.458484848484844,9.146818181818189,3.0172522930079126,1.8154436440474968,0.6545457518286188,4.441253828484261,-25.26315869442421,-54.09192554836783,401.0,94.35976362243116,408.4417772662436,1314.374811803675,89.72884503252563,1366.532899215396,3587.0
2013,46,145,1,22.27764705882353,20.04892857142857,17.373939393939395,14.84681818181818,29.848235294117647,28.499285714285715,28.83242424242424,23.99363636363637,26.062941176470588,24.27410714285714,23.103181818181817,19.420227272727274,65.42,133.52,79.46000000000001,152.48,78.82882352941176,78.46714285714286,72.04818181818182,80.52090909090909,21.681978716729223,73.54676111141612,121.39716708573978,34.332647015592734,18.52066071274568,59.21511149180809,75.81047618689769,30.592953553849917,11.657563929845065,20.451832449497022,11.063920301721872,45.619922225921634,3.161318003983544,14.331649619608037,45.586690898842086,3.739693461742817,42.440886468520375,65.51061998853996,13.03743596087746,87.33104452195032,0.8541960563062284,0.8051355436591288,0.624483074908615,0.8910747120650391,8794.959127624268,6224.221734207239,5055.571430849004,4945.435516092806,7.570588235294117,8.450357142857147,11.458484848484844,9.146818181818189,3.0172522930079126,1.8154436440474968,0.6545457518286188,4.441253828484261,-25.26315869442421,-54.09192554836783,401.0,94.35976362243116,408.4417772662436,1314.374811803675,89.72884503252563,1366.532899215396,3587.0
2013,56,155,0,21.79647058823529,19.158214285714283,15.477272727272728,15.100454545454545,30.05529411764706,28.560714285714287,27.69242424242424,22.66,25.925882352941176,23.85946428571429,21.58484848484848,18.88022727272727,98.72,80.67,108.36,130.7,77.77941176470588,76.03357142857143,71.21454545454546,85.5,18.27680509946188,72.08828653266048,109.0574538748192,29.09148342944688,14.435083203089643,58.13434384267171,66.4919630210838,27.90690877849456,20.872002751524175,27.58352643969318,49.84,47.726365019812846,3.841721896372238,13.95394268998877,42.56549085373539,1.1845746509523192,70.6120251564973,15.82413246915928,19.61156341860937,104.9067262016926,0.7898034215791166,0.8064325931277787,0.6096966384104853,0.9592810502831464,7857.978543383995,5576.405748533403,4488.160793913563,4451.610155175858,8.258823529411767,9.402500000000003,12.215151515151513,7.5595454545454555,5.40138166724263,1.1190444922484248,0.993604711553052,4.4927238006606185,-25.26315869442421,-54.09192554836783,401.0,115.46408151367243,398.5345703280007,1178.7416308086692,26.842461590579553,1366.532899215396,3587.0
2013,56,155,1,21.79647058823529,19.158214285714283,15.477272727272728,15.100454545454545,30.05529411764706,28.560714285714287,27.69242424242424,22.66,25.925882352941176,23.85946428571429,21.58484848484848,18.88022727272727,98.72,80.67,108.36,130.7,77.77941176470588,76.03357142857143,71.21454545454546,85.5,18.27680509946188,72.08828653266048,109.0574538748192,29.09148342944688,14.435083203089643,58.13434384267171,66.4919630210838,27.90690877849456,20.872002751524175,27.58352643969318,49.84,47.726365019812846,3.841721896372238,13.95394268998877,42.56549085373539,1.1845746509523192,70.6120251564973,15.82413246915928,19.61156341860937,104.9067262016926,0.7898034215791166,0.8064325931277787,0.6096966384104853,0.9592810502831464,7857.978543383995,5576.405748533403,4488.160793913563,4451.610155175858,8.258823529411767,9.402500000000003,12.215151515151513,7.5595454545454555,5.40138166724263,1.1190444922484248,0.993604711553052,4.4927238006606185,-25.26315869442421,-54.09192554836783,401.0,115.46408151367243,398.5345703280007,1178.7416308086692,26.842461590579553,1366.532899215396,3587.0
2013,64,163,0,21.24117647058824,17.37392857142857,16.075454545454544,14.59681818181818,28.29294117647059,28.125714285714285,26.90939393939394,23.10090909090909,24.76705882352941,22.74982142857143,21.49242424242424,18.848863636363635,100.05,90.21,149.45,48.07,82.30764705882353,74.10607142857143,74.09969696969696,85.1531818181818,15.12772588301308,69.02181912191453,94.46242378502316,32.04305431531189,14.532144527170043,55.76668316199252,54.12228949134011,29.23637614428218,22.0867395855915,31.01959276108929,43.20078752784629,39.52783399791764,0.5955813558430364,13.25513595992201,40.34013429368305,2.8066781710297137,70.63022699834957,25.51046366250969,83.14651574190289,22.50657738564647,0.9606298157139525,0.8079573078694257,0.5729504635039981,0.9124091560245384,7916.164490285892,5635.802180191455,4432.418825774496,4354.770964614034,7.0517647058823485,10.751785714285713,10.833939393939396,8.50409090909091,6.613684090636923,1.3069780128608373,1.5821105791242147,1.500169101452653,-25.26315869442421,-54.09192554836783,401.0,16.850748266669626,372.8101668270636,1085.5285652767723,64.83681727639642,1366.532899215396,3587.0
2013,64,163,1,21.24117647058824,17.37392857142857,16.075454545454544,14.59681818181818,28.29294117647059,28.125714285714285,26.90939393939394,23.10090909090909,24.76705882352941,22.74982142857143,21.49242424242424,18.848863636363635,100.05,90.21,149.45,48.07,82.30764705882353,74.10607142857143,74.09969696969696,85.1531818181818,15.12772588301308,69.02181912191453,94.46242378502316,32.04305431531189,14.532144527170043,55.76668316199252,54.12228949134011,29.23637614428218,22.0867395855915,31.01959276108929,43.20078752784629,39.52783399791764,0.5955813558430364,13.25513595992201,40.34013429368305,2.8066781710297137,70.63022699834957,25.51046366250969,83.14651574190289,22.50657738564647,0.9606298157139525,0.8079573078694257,0.5729504635039981,0.9124091560245384,7916.164490285892,5635.802180191455,4432.418825774496,4354.770964614034,7.0517647058823485,10.751785714285713,10.833939393939396,8.50409090909091,6.613684090636923,1.3069780128608373,1.5821105791242147,1.500169101452653,-25.26315869442421,-54.09192554836783,401.0,16.850748266669626,372.8101668270636,1085.5285652767723,64.83681727639642,1366.532899215396,3587.0
2013,74,173,0,18.709411764705884,16.73107142857143,15.716666666666669,14.165454545454544,27.954705882352943,28.27392857142857,25.03727272727273,21.69272727272727,23.33205882352941,22.5025,20.3769696969697,17.92909090909091,34.37,79.29,161.77,190.73,75.72058823529412,72.94678571428571,78.67848484848484,88.12272727272727,17.675207500528543,66.62003830288133,75.71320839974868,28.76322523165685,13.910726684348292,40.96930024089511,53.895337429794246,25.85005184839297,10.342281229882769,12.015551597485684,37.84929643249254,49.49644853996725,3.764480816180252,25.65073806198622,21.81787096995443,2.913173383263888,17.31610319688005,36.647429391501966,82.04091773519889,153.23279604413233,0.7870191444107413,0.6149696290271149,0.7118353398159938,0.8987188203060884,6667.113692836474,2816.5518051296303,2410.736458221716,2361.904011737752,9.24529411764706,11.542857142857141,9.32060606060606,7.527272727272727,1.944531627081166,1.1901824438994761,2.1366153068813416,6.63103662624323,-25.26315869442421,-54.09192554836783,401.0,105.2349540160789,725.2471357690225,546.2599858031955,63.19467570131172,1366.532899215396,3587.0
2013,74,173,1,18.709411764705884,16.73107142857143,15.716666666666669,14.165454545454544,27.954705882352943,28.27392857142857,25.03727272727273,21.69272727272727,23.33205882352941,22.5025,20.3769696969697,17.92909090909091,34.37,79.29,161.77,190.73,75.72058823529412,72.94678571428571,78.67848484848484,88.12272727272727,17.675207500528543,66.62003830288133,75.71320839974868,28.76322523165685,13.910726684348292,40.96930024089511,53.895337429794246,25.85005184839297,10.342281229882769,12.015551597485684,37.84929643249254,49.49644853996725,3.764480816180252,25.65073806198622,21.81787096995443,2.913173383263888,17.31610319688005,36.647429391501966,82.04091773519889,153.23279604413233,0.7870191444107413,0.6149696290271149,0.7118353398159938,0.8987188203060884,6667.113692836474,2816.5518051296303,2410.736458221716,2361.904011737752,9.24529411764706,11.542857142857141,9.32060606060606,7.527272727272727,1.944531627081166,1.1901824438994761,2.1366153068813416,6.63103662624323,-25.26315869442421,-54.09192554836783,401.0,105.2349540160789,725.2471357690225,546.2599858031955,63.19467570131172,1366.532899215396,3587.0
2013,84,183,0,19.074117647058824,15.793928571428571,14.77818181818182,13.327727272727271,29.339411764705883,27.907857142857143,23.34454545454545,20.00409090909091,24.206764705882357,21.85089285714286,19.06136363636364,16.66590909090909,36.55,81.59,158.71,261.44,73.02294117647058,70.99214285714285,83.69121212121212,90.70681818181818,17.869617175213484,60.57679273505737,64.88312685290678,23.317799814867094,11.45015004533529,31.108545809263354,56.652879552194136,21.15701837298738,16.05409225392537,35.59968419237557,36.44349381205424,47.36838357137287,6.419467129878196,29.46824692579401,8.230247300712646,2.1607814418797124,14.37778032853252,30.935862252286448,101.2133108281272,229.358091867694,0.6407607915192227,0.5135390040427154,0.8731527332310755,0.907333390841531,5751.437799078195,1554.6625591892673,1456.0602109986974,1429.0745785019346,10.26529411764706,12.113928571428572,8.566363636363631,6.676363636363638,2.04537118180112,1.3468854377425918,2.4460904968375417,11.21203552975481,-25.26315869442421,-54.09192554836783,401.0,188.34338943349107,822.3956254554984,192.13138221363636,43.224468398038304,1366.532899215396,3587.0
2013,84,183,1,19.074117647058824,15.793928571428571,14.77818181818182,13.327727272727271,29.339411764705883,27.907857142857143,23.34454545454545,20.00409090909091,24.206764705882357,21.85089285714286,19.06136363636364,16.66590909090909,36.55,81.59,158.71,261.44,73.02294117647058,70.99214285714285,83.69121212121212,90.70681818181818,17.869617175213484,60.57679273505737,64.88312685290678,23.317799814867094,11.45015004533529,31.108545809263354,56.652879552194136,21.15701837298738,16.05409225392537,35.59968419237557,36.44349381205424,47.36838357137287,6.419467129878196,29.46824692579401,8.230247300712646,2.1607814418797124,14.37778032853252,30.935862252286448,101.2133108281272,229.358091867694,0.6407607915192227,0.5135390040427154,0.8731527332310755,0.907333390841531,5751.437799078195,1554.6625591892673,1456.0602109986974,1429.0745785019346,10.26529411764706,12.113928571428572,8.566363636363631,6.676363636363638,2.04537118180112,1.3468854377425918,2.4460904968375417,11.21203552975481,-25.26315869442421,-54.09192554836783,401.0,188.34338943349107,822.3956254554984,192.13138221363636,43.224468398038304,1366.532899215396,3587.0
2014,36,135,0,23.93294117647059,22.106785714285717,19.625151515151515,16.846363636363638,35.36235294117647,31.62035714285714,27.179696969696973,24.306818181818183,29.64764705882353,26.863571428571426,23.40242424242424,20.57659090909091,44.06,183.53,252.82,194.42,59.381764705882354,69.36928571428571,82.9409090909091,85.52863636363637,27.21236482474506,83.23512934561582,117.87526242693626,42.76621430079076,21.13347881594713,62.64753662676294,94.22048399985454,37.71153787927238,14.945028487632523,49.27583177307391,47.38560483369941,40.61169255430007,6.07888600879793,20.587592718852875,23.65477842708173,5.054676421518378,12.81052321010553,86.55166008779568,160.48974293951997,163.48237440012693,0.7766130930572337,0.7526574070262165,0.7993236414489944,0.881806783598685,9520.48978932626,5988.2558430176805,5387.405154693395,5260.054206035348,11.429411764705879,9.513571428571424,7.554545454545458,7.460454545454546,1.6191169082054515,2.2049584285251904,2.1448096470343625,4.54611199935939,-25.26315869442421,-54.09192554836783,401.0,214.96371253229196,650.9870344818132,642.9297095334066,122.86310074577058,1366.532899215396,3644.0
2014,36,135,1,23.93294117647059,22.106785714285717,19.625151515151515,16.846363636363638,35.36235294117647,31.62035714285714,27.179696969696973,24.306818181818183,29.64764705882353,26.863571428571426,23.40242424242424,20.57659090909091,44.06,183.53,252.82,194.42,59.381764705882354,69.36928571428571,82.9409090909091,85.52863636363637,27.21236482474506,83.23512934561582,117.87526242693626,42.76621430079076,21.13347881594713,62.64753662676294,94.22048399985454,37.71153787927238,14.945028487632523,49.27583177307391,47.38560483369941,40.61169255430007,6.07888600879793,20.587592718852875,23.65477842708173,5.054676421518378,12.81052321010553,86.55166008779568,160.48974293951997,163.48237440012693,0.7766130930572337,0.7526574070262165,0.7993236414489944,0.881806783598685,9520.48978932626,5988.2558430176805,5387.405154693395,5260.054206035348,11.429411764705879,9.513571428571424,7.554545454545458,7.460454545454546,1.6191169082054515,2.2049584285251904,2.1448096470343625,4.54611199935939,-25.26315869442421,-54.09192554836783,401.0,214.96371253229196,650.9870344818132,642.9297095334066,122.86310074577058,1366.532899215396,3644.0
2014,46,145,0,22.29,21.108571428571427,18.68757575757576,16.41181818181818,32.70117647058823,30.122857142857143,26.19424242424242,23.509545454545457,27.49558823529412,25.615714285714287,22.440909090909088,19.96068181818182,46.86,212.82,367.28,97.96,63.9064705882353,74.20071428571428,84.29363636363637,86.38954545454546,22.560984822540355,79.72769094609652,102.0545821490855,37.00700739703621,17.30442566478883,58.12171610248961,86.23338262390051,29.681479497945773,22.70488888888888,49.839999999999975,44.18053022190925,49.84,5.256559157751527,21.605974843606905,15.821199525185005,7.325527899090439,12.760301675628387,127.56317278639928,286.70608715419024,62.61905072396347,0.7670066622047556,0.7290028773288493,0.8449731585586939,0.802050249011026,8709.70112052008,5169.245206040121,4768.559327576114,4579.772301282146,10.41117647058823,9.014285714285716,7.506666666666661,7.097727272727276,2.0770369896788745,2.669336054695056,3.59885849577496,2.647066242050292,-25.26315869442421,-54.09192554836783,401.0,171.8956686457193,650.833693646136,414.4243358050051,172.21983112220755,1366.532899215396,3644.0
2014,46,145,1,22.29,21.108571428571427,18.68757575757576,16.41181818181818,32.70117647058823,30.122857142857143,26.19424242424242,23.509545454545457,27.49558823529412,25.615714285714287,22.440909090909088,19.96068181818182,46.86,212.82,367.28,97.96,63.9064705882353,74.20071428571428,84.29363636363637,86.38954545454546,22.560984822540355,79.72769094609652,102.0545821490855,37.00700739703621,17.30442566478883,58.12171610248961,86.23338262390051,29.681479497945773,22.70488888888888,49.839999999999975,44.18053022190925,49.84,5.256559157751527,21.605974843606905,15.821199525185005,7.325527899090439,12.760301675628387,127.56317278639928,286.70608715419024,62.61905072396347,0.7670066622047556,0.7290028773288493,0.8449731585586939,0.802050249011026,8709.70112052008,5169.245206040121,4768.559327576114,4579.772301282146,10.41117647058823,9.014285714285716,7.506666666666661,7.097727272727276,2.0770369896788745,2.669336054695056,3.59885849577496,2.647066242050292,-25.26315869442421,-54.09192554836783,401.0,171.8956686457193,650.833693646136,414.4243358050051,172.21983112220755,1366.532899215396,3644.0
2014,56,155,0,21.04588235294117,21.676071428571426,17.114242424242423,13.239545454545452,31.64764705882353,29.49392857142857,24.39939393939394,21.02409090909091,26.34676470588235,25.585,20.756818181818183,17.13181818181818,53.22,249.88,306.53,154.6,66.09294117647059,78.64678571428571,86.2,85.97954545454546,21.25490145134196,74.10360653940958,85.78180276331855,30.185006229725666,15.583310345193723,53.38095395332243,75.77813534831766,24.917795265067607,8.709823504965774,47.95200486748072,31.858915529120857,46.99197585980511,5.671591106148235,20.722652586087143,10.0036674150009,5.267210964658055,36.125977260951615,157.25686468416262,246.8449539900422,114.54914440424814,0.7331631426693748,0.7203556810009446,0.8833824063758358,0.8255024059106868,7647.414964992488,4439.580740009724,4180.714128709664,4034.8092173026566,10.60176470588236,7.817857142857143,7.285151515151515,7.784545454545457,2.5038930489437705,3.372035608916139,3.5733685948026768,5.121748156134307,-25.26315869442421,-54.09192554836783,401.0,179.49251358934188,611.1924351845837,244.08342209728556,110.73832215833137,1366.532899215396,3644.0
2014,56,155,1,21.04588235294117,21.676071428571426,17.114242424242423,13.239545454545452,31.64764705882353,29.49392857142857,24.39939393939394,21.02409090909091,26.34676470588235,25.585,20.756818181818183,17.13181818181818,53.22,249.88,306.53,154.6,66.09294117647059,78.64678571428571,86.2,85.97954545454546,21.25490145134196,74.10360653940958,85.78180276331855,30.185006229725666,15.583310345193723,53.38095395332243,75.77813534831766,24.917795265067607,8.709823504965774,47.95200486748072,31.858915529120857,46.99197585980511,5.671591106148235,20.722652586087143,10.0036674150009,5.267210964658055,36.125977260951615,157.25686468416262,246.8449539900422,114.54914440424814,0.7331631426693748,0.7203556810009446,0.8833824063758358,0.8255024059106868,7647.414964992488,4439.580740009724,4180.714128709664,4034.8092173026566,10.60176470588236,7.817857142857143,7.285151515151515,7.784545454545457,2.5038930489437705,3.372035608916139,3.5733685948026768,5.121748156134307,-25.26315869442421,-54.09192554836783,401.0,179.49251358934188,611.1924351845837,244.08342209728556,110.73832215833137,1366.532899215396,3644.0
2014,64,163,0,22.083529411764708,19.6675,17.315454545454543,12.482272727272727,31.537647058823527,27.500714285714285,24.6469696969697,19.90909090909091,26.81058823529412,23.584107142857142,20.98121212121212,16.195681818181818,119.41,238.53,221.78,239.2,70.79176470588236,81.75750000000001,85.9890909090909,87.48181818181818,20.40129742895649,63.90318288784564,82.40946862280158,25.051176663998422,12.727533733958586,49.3793215879927,67.84980355255313,24.53588428954215,22.70488888888888,49.839999999999975,35.845585211636674,46.16750883016857,7.673763694997901,14.523861299852936,14.559665070248457,0.5152923744562713,91.17668848826364,162.0155673008962,167.92461123581018,204.34219209192597,0.623859035352027,0.7727208467011215,0.8233253373239201,0.979430412336806,6766.2402174876925,4459.50219601656,4065.561672924328,4048.83628747806,9.454117647058819,7.833214285714284,7.3315151515151555,7.426818181818183,5.853059121157459,3.7326779233928944,2.691195607814373,9.54845367977303,-25.26315869442421,-54.09192554836783,401.0,242.01245102565733,399.4165599325985,358.8516237844419,10.25900272781122,1366.532899215396,3644.0
2014,64,163,1,22.083529411764708,19.6675,17.315454545454543,12.482272727272727,31.537647058823527,27.500714285714285,24.6469696969697,19.90909090909091,26.81058823529412,23.584107142857142,20.98121212121212,16.195681818181818,119.41,238.53,221.78,239.2,70.79176470588236,81.75750000000001,85.9890909090909,87.48181818181818,20.40129742895649,63.90318288784564,82.40946862280158,25.051176663998422,12.727533733958586,49.3793215879927,67.84980355255313,24.53588428954215,22.70488888888888,49.839999999999975,35.845585211636674,46.16750883016857,7.673763694997901,14.523861299852936,14.559665070248457,0.5152923744562713,91.17668848826364,162.0155673008962,167.92461123581018,204.34219209192597,0.623859035352027,0.7727208467011215,0.8233253373239201,0.979430412336806,6766.2402174876925,4459.50219601656,4065.561672924328,4048.83628747806,9.454117647058819,7.833214285714284,7.3315151515151555,7.426818181818183,5.853059121157459,3.7326779233928944,2.691195607814373,9.54845367977303,-25.26315869442421,-54.09192554836783,401.0,242.01245102565733,399.4165599325985,358.8516237844419,10.25900272781122,1366.532899215396,3644.0
2014,74,173,0,21.083529411764708,18.939642857142854,15.506060606060606,13.612272727272728,28.95705882352941,26.506428571428568,22.73090909090909,21.28681818181818,25.02029411764706,22.723035714285714,19.118484848484847,17.449545454545454,181.55,184.18,342.43,179.91,78.83941176470589,84.10785714285714,86.40272727272728,87.7009090909091,17.66007475950603,53.80475252005523,69.86021918339051,26.64769093584118,13.74062535989306,44.31434282747443,58.02304792546971,25.967263972552328,22.70488888888888,30.69788758595003,49.84,47.01347350818328,3.9194493996129705,9.490409692580805,11.837171257920804,0.6804269632888509,152.3035968623292,131.87265847546442,265.26483966048033,156.76926251926437,0.7780615624232725,0.8236139142347447,0.8305592024146536,0.97446581901122,6634.354933697839,4879.043086199282,4465.688610209843,4442.883069967317,7.873529411764704,7.5667857142857144,7.224848484848485,7.674545454545452,10.280250931682813,3.4231176870732485,4.901645085038809,6.751429248904294,-25.26315869442421,-54.09192554836783,401.0,113.49572682043983,251.55686662998644,269.0696637573198,14.484125053536442,1366.532899215396,3644.0
2014,74,173,1,21.083529411764708,18.939642857142854,15.506060606060606,13.612272727272728,28.95705882352941,26.506428571428568,22.73090909090909,21.28681818181818,25.02029411764706,22.723035714285714,19.118484848484847,17.449545454545454,181.55,184.18,342.43,179.91,78.83941176470589,84.10785714285714,86.40272727272728,87.7009090909091,17.66007475950603,53.80475252005523,69.86021918339051,26.64769093584118,13.74062535989306,44.31434282747443,58.02304792546971,25.967263972552328,22.70488888888888,30.69788758595003,49.84,47.01347350818328,3.9194493996129705,9.490409692580805,11.837171257920804,0.6804269632888509,152.3035968623292,131.87265847546442,265.26483966048033,156.76926251926437,0.7780615624232725,0.8236139142347447,0.8305592024146536,0.97446581901122,6634.354933697839,4879.043086199282,4465.688610209843,4442.883069967317,7.873529411764704,7.5667857142857144,7.224848484848485,7.674545454545452,10.280250931682813,3.4231176870732485,4.901645085038809,6.751429248904294,-25.26315869442421,-54.09192554836783,401.0,113.49572682043983,251.55686662998644,269.0696637573198,14.484125053536442,1366.532899215396,3644.0
2014,84,183,0,21.93764705882353,17.46535714285714,13.835757575757576,14.023636363636363,29.315882352941177,24.7075,21.35939393939394,20.98090909090909,25.62676470588235,21.08642857142857,17.597575757575758,17.50227272727273,137.26,302.83,259.41,218.24,79.73823529411764,86.5325,86.9890909090909,87.43727272727273,17.89321644174723,46.62404038697885,60.887182095759776,25.452108912141465,10.694440097675235,40.76706511456386,48.83095093581964,24.716331795468065,22.22677093078449,32.599324924700646,47.21293109513934,47.41697821003572,7.198776344071995,5.8569752724149895,12.056231159940136,0.7357771166733983,109.5939915095895,251.69038089152,195.96544289374168,193.31962108963555,0.5976812571675877,0.8743786419237333,0.8019906531233648,0.9710917032764066,5534.813739524607,4491.877511537215,4047.16064538255,4023.761341217596,7.378235294117648,7.242142857142859,7.5236363636363635,6.957272727272727,7.67106352549083,6.495147084776769,4.260502638995762,8.574535051431145,-25.26315869442421,-54.09192554836783,401.0,211.0384803879506,144.71121654319336,257.5137907695577,15.437272796095781,1366.532899215396,3644.0
2014,84,183,1,21.93764705882353,17.46535714285714,13.835757575757576,14.023636363636363,29.315882352941177,24.7075,21.35939393939394,20.98090909090909,25.62676470588235,21.08642857142857,17.597575757575758,17.50227272727273,137.26,302.83,259.41,218.24,79.73823529411764,86.5325,86.9890909090909,87.43727272727273,17.89321644174723,46.62404038697885,60.887182095759776,25.452108912141465,10.694440097675235,40.76706511456386,48.83095093581964,24.716331795468065,22.22677093078449,32.599324924700646,47.21293109513934,47.41697821003572,7.198776344071995,5.8569752724149895,12.056231159940136,0.7357771166733983,109.5939915095895,251.69038089152,195.96544289374168,193.31962108963555,0.5976812571675877,0.8743786419237333,0.8019906531233648,0.9710917032764066,5534.813739524607,4491.877511537215,4047.16064538255,4023.761341217596,7.378235294117648,7.242142857142859,7.5236363636363635,6.957272727272727,7.67106352549083,6.495147084776769,4.260502638995762,8.574535051431145,-25.26315869442421,-54.09192554836783,401.0,211.0384803879506,144.71121654319336,257.5137907695577,15.437272796095781,1366.532899215396,3644.0
2015,36,135,0,22.91470588235294,23.267857142857142,20.023333333333333,15.549090909090909,31.885882352941174,32.74214285714286,30.562727272727276,26.05,27.40029411764706,28.005,25.293030303030303,20.799545454545456,58.13,62.54,102.04,84.12,71.71470588235294,67.23607142857142,70.79363636363637,73.80318181818183,22.367670756898328,97.65496674411268,125.37128906912692,50.19736314731952,17.169425442780195,58.73093044518489,66.00179831881115,39.26202743717119,20.177840382528533,8.752223938501409,44.79042561969026,43.85258180946638,5.198245314118134,38.9240362989278,59.36949075031578,10.935335710148337,26.462921793386613,15.23468599884224,0.0,45.7958163730527,0.767600061239503,0.601412630645595,0.5264506635360447,0.7821531844600036,9766.517465430154,3927.301708980669,2997.416149789893,2866.820637173916,8.971176470588233,9.474285714285717,10.539393939393943,10.500909090909092,2.5988401131160406,0.6404180154387318,0.8139024553200329,1.6757852350356357,-25.26315869442421,-54.09192554836783,401.0,165.75063852769856,1274.4563570761084,1814.4935541226057,284.8654952493642,1366.532899215396,3044.0
2015,36,135,1,22.91470588235294,23.267857142857142,20.023333333333333,15.549090909090909,31.885882352941174,32.74214285714286,30.562727272727276,26.05,27.40029411764706,28.005,25.293030303030303,20.799545454545456,58.13,62.54,102.04,84.12,71.71470588235294,67.23607142857142,70.79363636363637,73.80318181818183,22.367670756898328,97.65496674411268,125.37128906912692,50.19736314731952,17.169425442780195,58.73093044518489,66.00179831881115,39.26202743717119,20.177840382528533,8.752223938501409,44.79042561969026,43.85258180946638,5.198245314118134,38.9240362989278,59.36949075031578,10.935335710148337,26.462921793386613,15.23468599884224,0.0,45.7958163730527,0.767600061239503,0.601412630645595,0.5264506635360447,0.7821531844600036,9766.517465430154,3927.301708980669,2997.416149789893,2866.820637173916,8.971176470588233,9.474285714285717,10.539393939393943,10.500909090909092,2.5988401131160406,0.6404180154387318,0.8139024553200329,1.6757852350356357,-25.26315869442421,-54.09192554836783,401.0,165.75063852769856,1274.4563570761084,1814.4935541226057,284.8654952493642,1366.532899215396,3044.0
2015,46,145,0,23.28058823529412,21.751785714285717,19.067878787878787,16.55318181818182,31.996470588235297,32.09607142857143,29.78878787878788,25.42,27.638529411764708,26.92392857142857,24.42833333333333,20.986590909090907,32.66,70.87,139.99,34.95,70.24352941176471,67.385,70.88454545454546,78.56318181818182,22.369655626903956,85.0657186451563,119.37195788044096,40.4879625650725,17.15357427693998,44.62733970058213,71.69294209163667,36.03039160307112,14.410157439634457,20.58589162080237,49.84,47.41055399071905,5.216081349963972,40.43837894457417,47.67901578880432,4.457570962001379,6.235626575238715,20.066926118249956,39.04294952916572,1.3490544062098255,0.7668233504815068,0.5246219089353833,0.6005844535401015,0.8899037965954165,9145.353081647454,2624.10234654924,2100.0487101924064,2053.807232201031,8.715882352941179,10.34428571428571,10.720909090909092,8.866818181818182,1.4600135355110186,0.8331205699399025,1.1727209847744091,0.8632195296028579,-25.26315869442421,-54.09192554836783,401.0,166.8961934999649,1297.9130990606914,1420.30008760207,113.31145385407505,1366.532899215396,3044.0
2015,46,145,1,23.28058823529412,21.751785714285717,19.067878787878787,16.55318181818182,31.996470588235297,32.09607142857143,29.78878787878788,25.42,27.638529411764708,26.92392857142857,24.42833333333333,20.986590909090907,32.66,70.87,139.99,34.95,70.24352941176471,67.385,70.88454545454546,78.56318181818182,22.369655626903956,85.0657186451563,119.37195788044096,40.4879625650725,17.15357427693998,44.62733970058213,71.69294209163667,36.03039160307112,14.410157439634457,20.58589162080237,49.84,47.41055399071905,5.216081349963972,40.43837894457417,47.67901578880432,4.457570962001379,6.235626575238715,20.066926118249956,39.04294952916572,1.3490544062098255,0.7668233504815068,0.5246219089353833,0.6005844535401015,0.8899037965954165,9145.353081647454,2624.10234654924,2100.0487101924064,2053.807232201031,8.715882352941179,10.34428571428571,10.720909090909092,8.866818181818182,1.4600135355110186,0.8331205699399025,1.1727209847744091,0.8632195296028579,-25.26315869442421,-54.09192554836783,401.0,166.8961934999649,1297.9130990606914,1420.30008760207,113.31145385407505,1366.532899215396,3044.0
2015,56,155,0,23.262941176470587,20.472857142857144,17.60242424242424,16.69681818181818,31.822352941176472,31.91142857142857,27.595454545454544,25.04272727272727,27.54264705882353,26.19214285714286,22.598939393939396,20.86977272727273,58.99,46.25,141.9,44.41,70.51588235294118,65.02857142857142,74.86939393939394,80.77499999999999,22.526469435367,79.46222893199594,102.32198700178893,33.912241350324834,16.931921556484102,40.636908783004,77.0353144439872,28.91543265524161,12.65276412323866,18.265855340234666,42.67953901841884,42.97895259972797,5.594547878882899,38.825320148991935,25.286672557801733,4.996808695083224,34.41932033270057,0.0,40.45100187782863,15.195153763449271,0.7516455965310148,0.5113990549872596,0.7528715645703827,0.8526547200621595,8363.484884671097,2233.8749572959946,1957.8479457250132,1900.1520149972976,8.559411764705885,11.438571428571425,9.993030303030302,8.345909090909089,2.61869709184807,0.5820375368476124,1.3867987141172222,1.3095566153009408,-25.26315869442421,-54.09192554836783,401.0,178.03167714812182,1238.9714306974026,697.7972231746105,125.1337173849614,1366.532899215396,3044.0
2015,56,155,1,23.262941176470587,20.472857142857144,17.60242424242424,16.69681818181818,31.822352941176472,31.91142857142857,27.595454545454544,25.04272727272727,27.54264705882353,26.19214285714286,22.598939393939396,20.86977272727273,58.99,46.25,141.9,44.41,70.51588235294118,65.02857142857142,74.86939393939394,80.77499999999999,22.526469435367,79.46222893199594,102.32198700178893,33.912241350324834,16.931921556484102,40.636908783004,77.0353144439872,28.91543265524161,12.65276412323866,18.265855340234666,42.67953901841884,42.97895259972797,5.594547878882899,38.825320148991935,25.286672557801733,4.996808695083224,34.41932033270057,0.0,40.45100187782863,15.195153763449271,0.7516455965310148,0.5113990549872596,0.7528715645703827,0.8526547200621595,8363.484884671097,2233.8749572959946,1957.8479457250132,1900.1520149972976,8.559411764705885,11.438571428571425,9.993030303030302,8.345909090909089,2.61869709184807,0.5820375368476124,1.3867987141172222,1.3095566153009408,-25.26315869442421,-54.09192554836783,401.0,178.03167714812182,1238.9714306974026,697.7972231746105,125.1337173849614,1366.532899215396,3044.0
2015,64,163,0,22.621764705882352,19.89035714285714,16.752727272727274,16.555909090909093,32.787058823529414,30.93321428571429,26.53939393939394,25.265,27.704411764705885,25.411785714285717,21.646060606060608,20.910454545454545,15.07,77.78,110.77,52.7,66.39588235294117,68.54821428571428,75.9039393939394,80.26318181818182,22.81121097544605,68.56697441447255,94.47765692317049,33.11043402724805,12.827134067909723,44.3434846676031,74.83197291552061,28.549842505892546,3.708983764317152,37.14549909671405,30.79031474948552,42.84444098726021,9.984076907536323,24.22348974686945,19.645684007649884,4.560591521355503,5.732993278884235,0.0,42.29321143170793,12.096031256332765,0.5623171028367073,0.6467178265670044,0.7920599997137333,0.8622611978567722,7224.715864064593,3396.17087972572,3043.070992874531,2959.241202195463,10.165294117647061,11.042857142857148,9.786666666666665,8.709090909090907,0.6606400693159747,1.1343653510192342,1.172446519181551,1.5916432855163067,-25.26315869442421,-54.09192554836783,401.0,327.3485168660351,749.3103990877157,521.3845470878717,115.2233447870468,1366.532899215396,3044.0
2015,64,163,1,22.621764705882352,19.89035714285714,16.752727272727274,16.555909090909093,32.787058823529414,30.93321428571429,26.53939393939394,25.265,27.704411764705885,25.411785714285717,21.646060606060608,20.910454545454545,15.07,77.78,110.77,52.7,66.39588235294117,68.54821428571428,75.9039393939394,80.26318181818182,22.81121097544605,68.56697441447255,94.47765692317049,33.11043402724805,12.827134067909723,44.3434846676031,74.83197291552061,28.549842505892546,3.708983764317152,37.14549909671405,30.79031474948552,42.84444098726021,9.984076907536323,24.22348974686945,19.645684007649884,4.560591521355503,5.732993278884235,0.0,42.29321143170793,12.096031256332765,0.5623171028367073,0.6467178265670044,0.7920599997137333,0.8622611978567722,7224.715864064593,3396.17087972572,3043.070992874531,2959.241202195463,10.165294117647061,11.042857142857148,9.786666666666665,8.709090909090907,0.6606400693159747,1.1343653510192342,1.172446519181551,1.5916432855163067,-25.26315869442421,-54.09192554836783,401.0,327.3485168660351,749.3103990877157,521.3845470878717,115.2233447870468,1366.532899215396,3044.0
2015,74,173,0,21.27117647058824,19.331071428571427,16.325454545454544,14.158181818181818,32.47941176470588,30.03142857142857,25.14939393939394,23.90818181818182,26.87529411764706,24.68125,20.737424242424243,19.03318181818182,31.16,72.84,128.13,51.75,64.83,71.18785714285714,78.35090909090908,78.92590909090909,20.201912524671897,63.45816066242958,78.59026256559316,34.746983675428304,10.017234767368164,49.76043585017278,62.43830503456194,28.51280320578772,18.998442380731426,26.99659193639642,45.04913046961892,45.57226399034269,10.184677757303731,13.697724812256793,16.151957531031222,6.234180469640588,7.341224992309409,15.081414594162212,47.63915643221556,22.714063273488502,0.4958557639101973,0.7841455745129005,0.7944788959376431,0.8205835497010593,6329.71513000757,4280.269595680392,3840.4267291860056,3702.61958290926,11.208235294117639,10.700357142857143,8.823939393939394,9.750000000000002,1.54242822118675,1.1478429131830312,1.630354649764147,1.489337908677108,-25.26315869442421,-54.09192554836783,401.0,330.79234257030913,411.3622442903747,406.2119428402649,149.0479201555253,1366.532899215396,3044.0
2015,74,173,1,21.27117647058824,19.331071428571427,16.325454545454544,14.158181818181818,32.47941176470588,30.03142857142857,25.14939393939394,23.90818181818182,26.87529411764706,24.68125,20.737424242424243,19.03318181818182,31.16,72.84,128.13,51.75,64.83,71.18785714285714,78.35090909090908,78.92590909090909,20.201912524671897,63.45816066242958,78.59026256559316,34.746983675428304,10.017234767368164,49.76043585017278,62.43830503456194,28.51280320578772,18.998442380731426,26.99659193639642,45.04913046961892,45.57226399034269,10.184677757303731,13.697724812256793,16.151957531031222,6.234180469640588,7.341224992309409,15.081414594162212,47.63915643221556,22.714063273488502,0.4958557639101973,0.7841455745129005,0.7944788959376431,0.8205835497010593,6329.71513000757,4280.269595680392,3840.4267291860056,3702.61958290926,11.208235294117639,10.700357142857143,8.823939393939394,9.750000000000002,1.54242822118675,1.1478429131830312,1.630354649764147,1.489337908677108,-25.26315869442421,-54.09192554836783,401.0,330.79234257030913,411.3622442903747,406.2119428402649,149.0479201555253,1366.532899215396,3044.0
2015,84,183,0,19.69470588235294,18.0225,16.663939393939394,13.871363636363638,30.72941176470588,28.419642857142858,25.20212121212121,22.608636363636364,25.21205882352941,23.22107142857143,20.933030303030304,18.24,43.870000000000005,125.94,60.39,75.69,68.46411764705883,73.58000000000001,79.71484848484849,79.42363636363636,17.219427916140496,57.17670887391344,72.85265625824763,29.860345518647986,12.276800705074278,42.17607382122584,57.80479980633508,27.219571121460078,13.738403169457962,34.2040580232926,27.310497272885417,49.84,4.942627211066217,15.000635052687596,15.047856451912562,2.640774397187909,22.947227411166494,63.29827132493953,9.478760944072098,25.940926151425334,0.7129621706866763,0.7376443074789925,0.7934480741708164,0.9115624969731604,6549.765457588901,3972.213078875036,3561.978948252281,3498.976443448761,11.034705882352938,10.397142857142857,8.538181818181815,8.737272727272726,2.5477036875817927,2.2026451413585897,0.8289333992974794,2.5347998720487372,-25.26315869442421,-54.09192554836783,401.0,151.8840267682936,426.3126908277198,379.2379022837006,59.70430806442246,1366.532899215396,3044.0
2015,84,183,1,19.69470588235294,18.0225,16.663939393939394,13.871363636363638,30.72941176470588,28.419642857142858,25.20212121212121,22.608636363636364,25.21205882352941,23.22107142857143,20.933030303030304,18.24,43.870000000000005,125.94,60.39,75.69,68.46411764705883,73.58000000000001,79.71484848484849,79.42363636363636,17.219427916140496,57.17670887391344,72.85265625824763,29.860345518647986,12.276800705074278,42.17607382122584,57.80479980633508,27.219571121460078,13.738403169457962,34.2040580232926,27.310497272885417,49.84,4.942627211066217,15.000635052687596,15.047856451912562,2.640774397187909,22.947227411166494,63.29827132493953,9.478760944072098,25.940926151425334,0.7129621706866763,0.7376443074789925,0.7934480741708164,0.9115624969731604,6549.765457588901,3972.213078875036,3561.978948252281,3498.976443448761,11.034705882352938,10.397142857142857,8.538181818181815,8.737272727272726,2.5477036875817927,2.2026451413585897,0.8289333992974794,2.5347998720487372,-25.26315869442421,-54.09192554836783,401.0,151.8840267682936,426.3126908277198,379.2379022837006,59.70430806442246,1366.532899215396,3044.0
2016,36,135,0,24.709411764705884,21.032857142857143,22.03757575757576,14.55318181818182,29.826470588235296,27.787857142857145,29.97969696969697,23.652727272727272,27.26794117647059,24.410357142857144,26.008636363636363,19.102954545454544,45.78,180.62,87.57,115.11,86.8905882352941,84.91785714285713,79.56636363636363,80.105,22.61317240649429,79.26637649646666,130.1870404322468,38.466837550939246,20.800652370241064,59.80590405019536,73.99335689675986,32.275811061846355,22.70488888888888,16.696231551593083,8.688221562478205,45.39427366545287,1.8125200362532252,19.4604724462713,56.19368353548693,6.191026489092895,7.787854262631852,126.82275328710044,21.58465309235501,46.12813683517897,0.9198467157251812,0.7544927205403573,0.5683619248973419,0.8390554856272108,9785.8365629798,6182.0953952589925,4847.881517003694,4691.833529705498,5.117058823529412,6.755000000000003,7.9421212121212115,9.099545454545453,2.0244837467763883,2.278645851914919,0.6726475977121089,2.992447711553282,-25.26315869442421,-54.09192554836783,401.0,54.06107555189399,540.7648282694946,1684.669604004948,146.43466108474448,1366.532899215396,3201.0
2016,36,135,1,24.709411764705884,21.032857142857143,22.03757575757576,14.55318181818182,29.826470588235296,27.787857142857145,29.97969696969697,23.652727272727272,27.26794117647059,24.410357142857144,26.008636363636363,19.102954545454544,45.78,180.62,87.57,115.11,86.8905882352941,84.91785714285713,79.56636363636363,80.105,22.61317240649429,79.26637649646666,130.1870404322468,38.466837550939246,20.800652370241064,59.80590405019536,73.99335689675986,32.275811061846355,22.70488888888888,16.696231551593083,8.688221562478205,45.39427366545287,1.8125200362532252,19.4604724462713,56.19368353548693,6.191026489092895,7.787854262631852,126.82275328710044,21.58465309235501,46.12813683517897,0.9198467157251812,0.7544927205403573,0.5683619248973419,0.8390554856272108,9785.8365629798,6182.0953952589925,4847.881517003694,4691.833529705498,5.117058823529412,6.755000000000003,7.9421212121212115,9.099545454545453,2.0244837467763883,2.278645851914919,0.6726475977121089,2.992447711553282,-25.26315869442421,-54.09192554836783,401.0,54.06107555189399,540.7648282694946,1684.669604004948,146.43466108474448,1366.532899215396,3201.0
2016,46,145,0,23.44529411764706,19.814642857142854,19.957878787878787,14.336818181818185,28.743529411764705,27.18464285714285,29.02848484848485,22.34590909090909,26.09441176470588,23.499642857142856,24.493181818181817,18.341363636363635,132.62,141.88,67.01,126.74,86.69529411764705,84.53571428571429,75.96878787878788,83.46727272727273,19.455834935831383,69.75904315220873,125.06082806501944,32.10243199251302,18.163045698939676,54.36876698440903,64.37240441346421,28.814132322522653,22.70488888888888,33.2326871097733,35.87028269630908,47.84946386438568,1.2927892368917129,15.390276167799705,60.68842365155523,3.2882996699903653,98.95117652328256,76.98343479470654,0.0,85.94668650940075,0.9335526210437356,0.7793794829694073,0.5147287556739735,0.897568518461241,8917.679330127254,5966.544793338698,4518.848485243476,4426.274016204942,5.298235294117646,7.369999999999997,9.070606060606064,8.009090909090904,6.816464080693688,2.0338581722003988,0.5358192572110696,3.947987492958742,-25.26315869442421,-54.09192554836783,401.0,37.1593254538098,418.3791610944321,1761.6929864476008,73.48004548927106,1366.532899215396,3201.0
2016,46,145,1,23.44529411764706,19.814642857142854,19.957878787878787,14.336818181818185,28.743529411764705,27.18464285714285,29.02848484848485,22.34590909090909,26.09441176470588,23.499642857142856,24.493181818181817,18.341363636363635,132.62,141.88,67.01,126.74,86.69529411764705,84.53571428571429,75.96878787878788,83.46727272727273,19.455834935831383,69.75904315220873,125.06082806501944,32.10243199251302,18.163045698939676,54.36876698440903,64.37240441346421,28.814132322522653,22.70488888888888,33.2326871097733,35.87028269630908,47.84946386438568,1.2927892368917129,15.390276167799705,60.68842365155523,3.2882996699903653,98.95117652328256,76.98343479470654,0.0,85.94668650940075,0.9335526210437356,0.7793794829694073,0.5147287556739735,0.897568518461241,8917.679330127254,5966.544793338698,4518.848485243476,4426.274016204942,5.298235294117646,7.369999999999997,9.070606060606064,8.009090909090904,6.816464080693688,2.0338581722003988,0.5358192572110696,3.947987492958742,-25.26315869442421,-54.09192554836783,401.0,37.1593254538098,418.3791610944321,1761.6929864476008,73.48004548927106,1366.532899215396,3201.0
2016,56,155,0,20.49529411764706,21.420357142857146,17.77939393939394,12.725454545454545,27.115294117647057,29.00857142857143,26.72121212121212,20.46590909090909,23.80529411764706,25.21446428571429,22.25030303030303,16.59568181818182,133.07999999999998,73.16,132.82999999999998,92.36,85.31058823529412,82.51357142857144,77.93363636363637,84.35045454545455,17.324413171269796,74.65352145278212,98.9723677514739,29.89094283283056,15.328295715117893,43.73507732888542,58.78778520663777,28.225160874576197,18.971067908137076,11.47984313703321,46.17607885112048,48.618620617020085,1.996117456151904,30.918444123896705,40.184582544836125,1.6657819582543691,105.97974748785616,36.91614744221844,39.34597907927496,61.69229735952421,0.8847800825102583,0.5858407812221903,0.5939818005997165,0.9442713477600724,7917.556370489503,2998.862928942699,2390.0664656139115,2363.4274290354097,6.619999999999997,7.588214285714283,8.941818181818178,7.740454545454545,7.6816454724535905,0.9799939584400347,1.3420917678108382,3.089899188410908,-25.26315869442421,-54.09192554836783,401.0,54.125311916928325,896.8998948283521,1073.780754182924,34.09174212291044,1366.532899215396,3201.0
2016,56,155,1,20.49529411764706,21.420357142857146,17.77939393939394,12.725454545454545,27.115294117647057,29.00857142857143,26.72121212121212,20.46590909090909,23.80529411764706,25.21446428571429,22.25030303030303,16.59568181818182,133.07999999999998,73.16,132.82999999999998,92.36,85.31058823529412,82.51357142857144,77.93363636363637,84.35045454545455,17.324413171269796,74.65352145278212,98.9723677514739,29.89094283283056,15.328295715117893,43.73507732888542,58.78778520663777,28.225160874576197,18.971067908137076,11.47984313703321,46.17607885112048,48.618620617020085,1.996117456151904,30.918444123896705,40.184582544836125,1.6657819582543691,105.97974748785616,36.91614744221844,39.34597907927496,61.69229735952421,0.8847800825102583,0.5858407812221903,0.5939818005997165,0.9442713477600724,7917.556370489503,2998.862928942699,2390.0664656139115,2363.4274290354097,6.619999999999997,7.588214285714283,8.941818181818178,7.740454545454545,7.6816454724535905,0.9799939584400347,1.3420917678108382,3.089899188410908,-25.26315869442421,-54.09192554836783,401.0,54.125311916928325,896.8998948283521,1073.780754182924,34.09174212291044,1366.532899215396,3201.0
2016,65,164,0,20.531764705882352,21.795714285714286,15.216363636363637,9.570454545454544,28.03941176470588,29.64428571428571,24.144848484848485,18.422272727272727,24.28558823529412,25.72,19.680606060606063,13.996363636363638,83.25999999999999,70.32,176.95,32.86,83.74176470588236,80.38964285714285,79.38484848484848,82.67545454545454,19.07875465809498,73.81748947047032,80.73836293046816,25.994889965622715,12.284473948584496,37.835524264587946,58.64807403249432,24.43487034282117,21.5141026723026,9.5844289966249,49.84,39.62996492685696,6.794280709510484,35.981965205882375,22.090288897973828,1.5600196228015433,54.63519618177518,44.41414941108975,78.04635496413057,18.63516473032187,0.6438823795751407,0.5125550128567233,0.7263966211824486,0.939987450423348,6214.1269077455845,1670.5593917664803,1442.024044715129,1424.7161368202912,7.507647058823526,7.848571428571425,8.928484848484848,8.851818181818183,4.3640164933235495,0.9526197721493976,2.1916471126915127,1.2640945987252163,-25.26315869442421,-54.09192554836783,401.0,190.50763445896246,1066.6596571246644,533.3666784281087,28.739106951147157,1366.532899215396,3201.0
2016,65,164,1,20.531764705882352,21.795714285714286,15.216363636363637,9.570454545454544,28.03941176470588,29.64428571428571,24.144848484848485,18.422272727272727,24.28558823529412,25.72,19.680606060606063,13.996363636363638,83.25999999999999,70.32,176.95,32.86,83.74176470588236,80.38964285714285,79.38484848484848,82.67545454545454,19.07875465809498,73.81748947047032,80.73836293046816,25.994889965622715,12.284473948584496,37.835524264587946,58.64807403249432,24.43487034282117,21.5141026723026,9.5844289966249,49.84,39.62996492685696,6.794280709510484,35.981965205882375,22.090288897973828,1.5600196228015433,54.63519618177518,44.41414941108975,78.04635496413057,18.63516473032187,0.6438823795751407,0.5125550128567233,0.7263966211824486,0.939987450423348,6214.1269077455845,1670.5593917664803,1442.024044715129,1424.7161368202912,7.507647058823526,7.848571428571425,8.928484848484848,8.851818181818183,4.3640164933235495,0.9526197721493976,2.1916471126915127,1.2640945987252163,-25.26315869442421,-54.09192554836783,401.0,190.50763445896246,1066.6596571246644,533.3666784281087,28.739106951147157,1366.532899215396,3201.0
2016,75,174,0,20.48941176470588,21.63214285714286,13.46757575757576,8.647727272727273,27.72470588235294,30.18392857142857,21.80060606060606,18.305909090909093,24.10705882352941,25.908035714285717,17.634090909090908,13.476818181818182,72.92,66.92999999999999,156.13,33.45,84.39176470588235,76.58964285714285,82.90787878787879,81.87181818181818,16.35512353339582,66.6335878305103,64.60802980131774,25.867573465671377,12.914045878124837,35.5576576746944,56.9639501320346,22.0054256394172,14.35928355360292,43.824126947584965,48.09711252013493,49.84,3.4410776552709845,31.075930155815897,7.644079669283142,3.86214782625418,51.876670568272246,1.9074989313235624,94.89306429541544,9.701686880717723,0.7896024662703045,0.5336296428332679,0.8816852999110145,0.8506953954772912,6046.272278293137,1816.5690353608145,1709.1056250559882,1658.070157168684,7.235294117647058,8.55178571428571,8.3330303030303,9.65818181818182,4.458541682739562,1.0044483897556837,2.4165726842333703,1.2931247704540665,-25.26315869442421,-54.09192554836783,401.0,95.40286591072473,937.9936561138502,166.64556956592963,70.70012700306118,1366.532899215396,3201.0
2016,75,174,1,20.48941176470588,21.63214285714286,13.46757575757576,8.647727272727273,27.72470588235294,30.18392857142857,21.80060606060606,18.305909090909093,24.10705882352941,25.908035714285717,17.634090909090908,13.476818181818182,72.92,66.92999999999999,156.13,33.45,84.39176470588235,76.58964285714285,82.90787878787879,81.87181818181818,16.35512353339582,66.6335878305103,64.60802980131774,25.867573465671377,12.914045878124837,35.5576576746944,56.9639501320346,22.0054256394172,14.35928355360292,43.824126947584965,48.09711252013493,49.84,3.4410776552709845,31.075930155815897,7.644079669283142,3.86214782625418,51.876670568272246,1.9074989313235624,94.89306429541544,9.701686880717723,0.7896024662703045,0.5336296428332679,0.8816852999110145,0.8506953954772912,6046.272278293137,1816.5690353608145,1709.1056250559882,1658.070157168684,7.235294117647058,8.55178571428571,8.3330303030303,9.65818181818182,4.458541682739562,1.0044483897556837,2.4165726842333703,1.2931247704540665,-25.26315869442421,-54.09192554836783,401.0,95.40286591072473,937.9936561138502,166.64556956592963,70.70012700306118,1366.532899215396,3201.0
2016,85,184,0,21.39470588235294,17.685357142857143,11.978484848484849,11.818181818181818,29.212352941176476,27.13214285714286,20.180909090909093,20.87636363636364,25.303529411764707,22.40875,16.07969696969697,16.347272727272728,16.16,118.75,103.63,31.28,81.36764705882354,76.0,83.88212121212122,83.27318181818181,17.305499761853724,51.58136011303247,57.92712283530819,27.492526555810965,7.629482447225949,34.69939658297452,53.29962394788237,22.85092559970941,5.175287973046505,49.839999999999975,36.098458612794055,39.23228753884548,9.676017314627776,16.88196353005795,4.6274988874258165,4.641600956101559,10.554340690838655,39.385891390072,64.07191743932354,5.295245474239166,0.4408703910443263,0.6727119352210998,0.9201151608965252,0.8311686288024889,4691.529052154559,2388.306855654079,2292.912101207253,2215.489002390816,7.817647058823535,9.446785714285717,8.202424242424245,9.05818181818182,0.9338071839809715,2.3021882272933087,1.788971986311646,1.13776374595839,-25.26315869442421,-54.09192554836783,401.0,282.6592328598412,458.043846206608,93.38713436542338,96.89974941446928,1366.532899215396,3201.0
2016,85,184,1,21.39470588235294,17.685357142857143,11.978484848484849,11.818181818181818,29.212352941176476,27.13214285714286,20.180909090909093,20.87636363636364,25.303529411764707,22.40875,16.07969696969697,16.347272727272728,16.16,118.75,103.63,31.28,81.36764705882354,76.0,83.88212121212122,83.27318181818181,17.305499761853724,51.58136011303247,57.92712283530819,27.492526555810965,7.629482447225949,34.69939658297452,53.29962394788237,22.85092559970941,5.175287973046505,49.839999999999975,36.098458612794055,39.23228753884548,9.676017314627776,16.88196353005795,4.6274988874258165,4.641600956101559,10.554340690838655,39.385891390072,64.07191743932354,5.295245474239166,0.4408703910443263,0.6727119352210998,0.9201151608965252,0.8311686288024889,4691.529052154559,2388.306855654079,2292.912101207253,2215.489002390816,7.817647058823535,9.446785714285717,8.202424242424245,9.05818181818182,0.9338071839809715,2.3021882272933087,1.788971986311646,1.13776374595839,-25.26315869442421,-54.09192554836783,401.0,282.6592328598412,458.043846206608,93.38713436542338,96.89974941446928,1366.532899215396,3201.0
2017,36,135,0,22.89588235294118,22.459642857142857,19.95,16.339545454545455,31.33705882352941,31.17392857142857,28.876060606060605,25.365454545454543,27.11647058823529,26.816785714285714,24.413030303030304,20.8525,82.96,132.86,111.77,78.28999999999999,76.17058823529412,76.36785714285715,75.78818181818183,79.91863636363637,21.49200249861571,85.05360405281974,118.83601921260636,44.543072818463806,18.46581176228883,76.11576982511305,83.79289708489449,41.51081791281346,13.105815105145435,31.91531403528782,43.54560997574292,48.48788125496464,3.026190736326879,8.937834227706691,35.04312212771186,3.032254905650346,58.58748424367685,37.93473124474456,16.34680697465042,31.83691080796482,0.8591945661405077,0.8949152792848597,0.705113631709447,0.9319253317343336,9938.406917317488,8371.844844427898,7137.473383395231,7040.297156829301,8.441176470588232,8.714285714285712,8.926060606060606,9.025909090909089,3.860040496707713,1.5620737237365236,0.9405397516727253,1.7576245877573933,-25.26315869442421,-54.09192554836783,401.0,94.83191711549519,278.6274057977978,1011.9073183853911,76.9145239795054,1366.532899215396,3720.0
2017,36,135,1,22.89588235294118,22.459642857142857,19.95,16.339545454545455,31.33705882352941,31.17392857142857,28.876060606060605,25.365454545454543,27.11647058823529,26.816785714285714,24.413030303030304,20.8525,82.96,132.86,111.77,78.28999999999999,76.17058823529412,76.36785714285715,75.78818181818183,79.91863636363637,21.49200249861571,85.05360405281974,118.83601921260636,44.543072818463806,18.46581176228883,76.11576982511305,83.79289708489449,41.51081791281346,13.105815105145435,31.91531403528782,43.54560997574292,48.48788125496464,3.026190736326879,8.937834227706691,35.04312212771186,3.032254905650346,58.58748424367685,37.93473124474456,16.34680697465042,31.83691080796482,0.8591945661405077,0.8949152792848597,0.705113631709447,0.9319253317343336,9938.406917317488,8371.844844427898,7137.473383395231,7040.297156829301,8.441176470588232,8.714285714285712,8.926060606060606,9.025909090909089,3.860040496707713,1.5620737237365236,0.9405397516727253,1.7576245877573933,-25.26315869442421,-54.09192554836783,401.0,94.83191711549519,278.6274057977978,1011.9073183853911,76.9145239795054,1366.532899215396,3720.0
2017,46,145,0,24.29294117647059,21.252857142857145,17.89666666666667,17.806818181818183,31.91235294117647,30.775357142857143,26.915757575757578,25.28318181818182,28.10264705882353,26.014107142857146,22.40621212121212,21.545,53.59,95.03,150.9,136.94,74.36764705882354,75.08642857142857,78.0660606060606,84.97772727272728,23.13385801391588,81.29152567714735,102.52752390208002,38.68747709825896,19.79471758843108,58.585440753044686,84.26270683519391,36.090175635929256,22.70488888888888,15.264766581197796,46.16973904784092,46.35133375073176,3.3391404254848,22.70608492410265,18.2648170668861,2.5973014623297006,17.320393522680043,43.88468155464639,35.73232069816296,100.66822966117992,0.855660027675618,0.7206832479158922,0.8218544994383157,0.9328645428148996,9195.339224492336,5342.72079474714,4866.829959576366,4801.4825887007055,7.61941176470588,9.522499999999997,9.01909090909091,7.4763636363636365,2.3165180648970707,1.1690025400361603,1.471799905595288,3.5396466834008846,-25.26315869442421,-54.09192554836783,401.0,106.55982777822109,698.7878728553034,491.61138833786583,65.66804510871134,1366.532899215396,3720.0
2017,46,145,1,24.29294117647059,21.252857142857145,17.89666666666667,17.806818181818183,31.91235294117647,30.775357142857143,26.915757575757578,25.28318181818182,28.10264705882353,26.014107142857146,22.40621212121212,21.545,53.59,95.03,150.9,136.94,74.36764705882354,75.08642857142857,78.0660606060606,84.97772727272728,23.13385801391588,81.29152567714735,102.52752390208002,38.68747709825896,19.79471758843108,58.585440753044686,84.26270683519391,36.090175635929256,22.70488888888888,15.264766581197796,46.16973904784092,46.35133375073176,3.3391404254848,22.70608492410265,18.2648170668861,2.5973014623297006,17.320393522680043,43.88468155464639,35.73232069816296,100.66822966117992,0.855660027675618,0.7206832479158922,0.8218544994383157,0.9328645428148996,9195.339224492336,5342.72079474714,4866.829959576366,4801.4825887007055,7.61941176470588,9.522499999999997,9.01909090909091,7.4763636363636365,2.3165180648970707,1.1690025400361603,1.471799905595288,3.5396466834008846,-25.26315869442421,-54.09192554836783,401.0,106.55982777822109,698.7878728553034,491.61138833786583,65.66804510871134,1366.532899215396,3720.0
2017,56,155,0,23.97470588235294,20.2875,17.244848484848486,16.465454545454545,31.963529411764707,29.806071428571432,26.153030303030302,22.66909090909091,27.969117647058823,25.04678571428571,21.698939393939398,19.567272727272726,87.12,101.93,125.86,177.27,75.4929411764706,74.93071428571429,79.60484848484849,89.79545454545455,21.124389574487303,69.92064511978563,95.81476978020731,28.266899670035272,19.79938475194518,49.127932569338455,85.23952103935197,27.579549375927563,20.56403654932196,42.794794496044496,49.84,49.84,1.3250048225421247,20.792712550447177,10.57524874085535,0.6873502941077099,53.955689809843975,30.571309483939007,33.57527345669252,149.69045062407244,0.9372760657594396,0.7026241317592851,0.889628198605348,0.9756835626782112,8763.793477583164,4854.582435865253,4586.67793163261,4564.371598344655,7.988823529411768,9.51857142857143,8.908181818181816,6.203636363636367,4.124142839384955,1.4577954740746035,1.3135761875618388,6.271292645083308,-25.26315869442421,-54.09192554836783,401.0,42.35183061605528,619.7490754723823,276.57480078167305,15.58160630351805,1366.532899215396,3720.0
2017,56,155,1,23.97470588235294,20.2875,17.244848484848486,16.465454545454545,31.963529411764707,29.806071428571432,26.153030303030302,22.66909090909091,27.969117647058823,25.04678571428571,21.698939393939398,19.567272727272726,87.12,101.93,125.86,177.27,75.4929411764706,74.93071428571429,79.60484848484849,89.79545454545455,21.124389574487303,69.92064511978563,95.81476978020731,28.266899670035272,19.79938475194518,49.127932569338455,85.23952103935197,27.579549375927563,20.56403654932196,42.794794496044496,49.84,49.84,1.3250048225421247,20.792712550447177,10.57524874085535,0.6873502941077099,53.955689809843975,30.571309483939007,33.57527345669252,149.69045062407244,0.9372760657594396,0.7026241317592851,0.889628198605348,0.9756835626782112,8763.793477583164,4854.582435865253,4586.67793163261,4564.371598344655,7.988823529411768,9.51857142857143,8.908181818181816,6.203636363636367,4.124142839384955,1.4577954740746035,1.3135761875618388,6.271292645083308,-25.26315869442421,-54.09192554836783,401.0,42.35183061605528,619.7490754723823,276.57480078167305,15.58160630351805,1366.532899215396,3720.0
2017,64,163,0,21.279411764705884,20.393214285714286,16.615454545454543,14.881363636363636,31.00411764705882,29.47714285714286,25.12939393939394,21.25,26.141764705882352,24.93517857142857,20.87242424242424,18.06568181818182,74.19,91.56,203.89,118.78,77.1064705882353,75.03142857142858,81.59121212121212,89.60772727272727,20.63193442725705,63.60066711787243,84.9886293507323,25.00098090507249,17.886660890278048,48.797018373424,77.65375481193213,24.365278399157155,17.493664814636546,44.14069838084921,48.51787452457612,46.658462374649886,2.745273536979006,14.803648744448436,7.334874538800161,0.6357025059153348,46.00878540619652,16.115948060363337,121.85906904434096,96.27413375076908,0.8669405650421128,0.7672406687651165,0.9136958132536706,0.974572897426342,7741.518900954984,5038.6527577622455,4821.224343484335,4796.706390301856,9.724705882352936,9.083928571428572,8.513939393939395,6.368636363636364,3.595881920891861,1.4396075410704412,2.3990268057928525,4.751013588266872,-25.26315869442421,-54.09192554836783,401.0,85.11478371385438,436.3692688470701,184.3209517815397,13.508678250700866,1366.532899215396,3720.0
2017,64,163,1,21.279411764705884,20.393214285714286,16.615454545454543,14.881363636363636,31.00411764705882,29.47714285714286,25.12939393939394,21.25,26.141764705882352,24.93517857142857,20.87242424242424,18.06568181818182,74.19,91.56,203.89,118.78,77.1064705882353,75.03142857142858,81.59121212121212,89.60772727272727,20.63193442725705,63.60066711787243,84.9886293507323,25.00098090507249,17.886660890278048,48.797018373424,77.65375481193213,24.365278399157155,17.493664814636546,44.14069838084921,48.51787452457612,46.658462374649886,2.745273536979006,14.803648744448436,7.334874538800161,0.6357025059153348,46.00878540619652,16.115948060363337,121.85906904434096,96.27413375076908,0.8669405650421128,0.7672406687651165,0.9136958132536706,0.974572897426342,7741.518900954984,5038.6527577622455,4821.224343484335,4796.706390301856,9.724705882352936,9.083928571428572,8.513939393939395,6.368636363636364,3.595881920891861,1.4396075410704412,2.3990268057928525,4.751013588266872,-25.26315869442421,-54.09192554836783,401.0,85.11478371385438,436.3692688470701,184.3209517815397,13.508678250700866,1366.532899215396,3720.0
2017,74,173,0,20.25705882352941,18.525714285714287,17.316969696969696,12.700909090909091,29.89764705882353,27.291071428571428,24.64575757575757,20.6,25.07735294117647,22.90839285714286,20.98136363636364,16.650454545454547,47.7,138.2,197.77,75.96,74.37,77.6775,85.79272727272726,87.25636363636363,18.52553157492177,55.66371685183067,71.85055134773717,26.04266112915467,14.085517586239105,49.22464096908292,64.90846334340124,24.39538054341982,9.707957385093945,42.700908900601696,49.84,41.64923516629266,4.440013988682671,6.439075882747755,6.942088004335931,1.6472805857348498,31.105636139778063,55.98240751540933,125.72244555720046,59.75538429028752,0.7603300088461068,0.884321848289655,0.9033815625055108,0.9367468409789071,6706.695735003125,5542.968484939903,5275.192007891858,5208.457496103462,9.640588235294121,8.765357142857141,7.328787878787875,7.89909090909091,2.5748249008180717,2.482766294027217,2.752518892205112,2.9167526169191302,-25.26315869442421,-54.09192554836783,401.0,132.7459711698738,175.7292798500606,171.093018024438,33.933980066137906,1366.532899215396,3720.0
2017,74,173,1,20.25705882352941,18.525714285714287,17.316969696969696,12.700909090909091,29.89764705882353,27.291071428571428,24.64575757575757,20.6,25.07735294117647,22.90839285714286,20.98136363636364,16.650454545454547,47.7,138.2,197.77,75.96,74.37,77.6775,85.79272727272726,87.25636363636363,18.52553157492177,55.66371685183067,71.85055134773717,26.04266112915467,14.085517586239105,49.22464096908292,64.90846334340124,24.39538054341982,9.707957385093945,42.700908900601696,49.84,41.64923516629266,4.440013988682671,6.439075882747755,6.942088004335931,1.6472805857348498,31.105636139778063,55.98240751540933,125.72244555720046,59.75538429028752,0.7603300088461068,0.884321848289655,0.9033815625055108,0.9367468409789071,6706.695735003125,5542.968484939903,5275.192007891858,5208.457496103462,9.640588235294121,8.765357142857141,7.328787878787875,7.89909090909091,2.5748249008180717,2.482766294027217,2.752518892205112,2.9167526169191302,-25.26315869442421,-54.09192554836783,401.0,132.7459711698738,175.7292798500606,171.093018024438,33.933980066137906,1366.532899215396,3720.0
2017,84,183,0,20.84588235294117,16.912142857142857,16.361818181818183,13.863636363636363,30.014117647058825,25.99571428571429,22.913636363636364,21.867272727272727,25.43,21.453928571428573,19.637727272727272,17.865454545454547,61.55,105.26,245.85,6.700000000000001,73.85000000000001,79.51892857142857,88.11575757575758,84.68863636363636,16.17319509463738,51.50083305426829,58.273319007566585,32.68453011967082,11.339747403552336,45.97200055799591,53.33724224632919,25.08273260460779,22.70488888888888,35.5941138427469,47.04949012571065,28.666757521102856,4.833447691085042,5.5288324962723685,4.936076761237397,7.601797515063025,33.73536370755878,46.39877448814606,181.05738147070707,0.0,0.7011445380580558,0.8926457657404021,0.9152943946680562,0.7674190974375377,6102.120978300572,5119.488190823242,4902.663517726532,4674.610336543953,9.168235294117654,9.083571428571432,6.551818181818181,8.003636363636364,3.8056796841836413,2.043850434207224,4.218911916928522,0.20498994403372747,-25.26315869442421,-54.09192554836783,401.0,145.07166764113128,143.725949906669,113.10346796998962,166.23057947938727,1366.532899215396,3720.0
2017,84,183,1,20.84588235294117,16.912142857142857,16.361818181818183,13.863636363636363,30.014117647058825,25.99571428571429,22.913636363636364,21.867272727272727,25.43,21.453928571428573,19.637727272727272,17.865454545454547,61.55,105.26,245.85,6.700000000000001,73.85000000000001,79.51892857142857,88.11575757575758,84.68863636363636,16.17319509463738,51.50083305426829,58.273319007566585,32.68453011967082,11.339747403552336,45.97200055799591,53.33724224632919,25.08273260460779,22.70488888888888,35.5941138427469,47.04949012571065,28.666757521102856,4.833447691085042,5.5288324962723685,4.936076761237397,7.601797515063025,33.73536370755878,46.39877448814606,181.05738147070707,0.0,0.7011445380580558,0.8926457657404021,0.9152943946680562,0.7674190974375377,6102.120978300572,5119.488190823242,4902.663517726532,4674.610336543953,9.168235294117654,9.083571428571432,6.551818181818181,8.003636363636364,3.8056796841836413,2.043850434207224,4.218911916928522,0.20498994403372747,-25.26315869442421,-54.09192554836783,401.0,145.07166764113128,143.725949906669,113.10346796998962,166.23057947938727,1366.532899215396,3720.0
2018,36,135,0,21.951764705882358,22.009285714285717,19.703030303030303,19.081818181818186,27.984117647058824,29.65357142857143,27.575151515151514,29.553181818181816,24.96794117647059,25.83142857142857,23.63909090909091,24.3175,166.39,170.17000000000002,172.61,22.52,82.23705882352941,80.37249999999999,82.88333333333334,72.85000000000001,20.94648022960596,85.01616387487624,125.84145353697232,55.90265440055769,16.020017140614417,70.68679617987776,84.79141097189844,16.590839157428956,22.70488888888888,45.29874568593248,12.607680687498991,18.536841530070035,4.926463088991541,14.329367694998489,41.050042565073866,39.31181524312873,132.6464290601515,76.88934702307864,120.50965402653505,0.0,0.7648071162796874,0.8314512553625926,0.673795546608071,0.2967808834004749,9166.224403040142,6848.790978744364,5731.737919935924,4925.604384608456,6.032352941176466,7.6442857142857115,7.872121212121211,10.47136363636363,7.943578022469986,2.001619365588527,1.3716465850363613,0.40284312509810516,-25.26315869442421,-54.09192554836783,401.0,137.86272266623212,424.9169284699016,1131.9611434353308,1161.7892234829546,1366.532899215396,3720.0
2018,36,135,1,21.951764705882358,22.009285714285717,19.703030303030303,19.081818181818186,27.984117647058824,29.65357142857143,27.575151515151514,29.553181818181816,24.96794117647059,25.83142857142857,23.63909090909091,24.3175,166.39,170.17000000000002,172.61,22.52,82.23705882352941,80.37249999999999,82.88333333333334,72.85000000000001,20.94648022960596,85.01616387487624,125.84145353697232,55.90265440055769,16.020017140614417,70.68679617987776,84.79141097189844,16.590839157428956,22.70488888888888,45.29874568593248,12.607680687498991,18.536841530070035,4.926463088991541,14.329367694998489,41.050042565073866,39.31181524312873,132.6464290601515,76.88934702307864,120.50965402653505,0.0,0.7648071162796874,0.8314512553625926,0.673795546608071,0.2967808834004749,9166.224403040142,6848.790978744364,5731.737919935924,4925.604384608456,6.032352941176466,7.6442857142857115,7.872121212121211,10.47136363636363,7.943578022469986,2.001619365588527,1.3716465850363613,0.40284312509810516,-25.26315869442421,-54.09192554836783,401.0,137.86272266623212,424.9169284699016,1131.9611434353308,1161.7892234829546,1366.532899215396,3720.0
2018,46,145,0,21.44529411764706,21.46607142857143,19.83848484848485,15.508181818181818,27.733529411764703,29.000357142857144,29.0730303030303,25.252272727272725,24.589411764705883,25.233214285714286,24.455757575757573,20.38022727272727,153.01,243.29,34.54,85.87,83.74941176470588,82.54142857142857,77.96424242424243,77.08545454545455,20.18762404780848,70.16563374773445,132.5266370992177,43.06975553116673,15.73459480888818,62.866626771174815,61.46284880154335,24.31412426817655,22.70488888888888,49.839999999999975,5.874278581724552,43.52541582066342,4.4530292389203,7.299006976559626,71.06378829767436,18.75563126299017,119.5906117707491,153.2882621177141,17.04287261673207,23.90473849288459,0.779417863718157,0.8959746162515735,0.4637773216529173,0.5645289593200042,8502.659476291496,7175.920853936368,5251.975103984146,4794.558491152665,6.288235294117644,7.534285714285716,9.23454545454545,9.744090909090907,7.57939615071296,3.4673669573725685,0.26062685023948207,1.9937424520058298,-25.26315869442421,-54.09192554836783,401.0,123.49821736904434,211.67380910843508,2066.039670626417,473.6223158251904,1366.532899215396,3720.0
2018,46,145,1,21.44529411764706,21.46607142857143,19.83848484848485,15.508181818181818,27.733529411764703,29.000357142857144,29.0730303030303,25.252272727272725,24.589411764705883,25.233214285714286,24.455757575757573,20.38022727272727,153.01,243.29,34.54,85.87,83.74941176470588,82.54142857142857,77.96424242424243,77.08545454545455,20.18762404780848,70.16563374773445,132.5266370992177,43.06975553116673,15.73459480888818,62.866626771174815,61.46284880154335,24.31412426817655,22.70488888888888,49.839999999999975,5.874278581724552,43.52541582066342,4.4530292389203,7.299006976559626,71.06378829767436,18.75563126299017,119.5906117707491,153.2882621177141,17.04287261673207,23.90473849288459,0.779417863718157,0.8959746162515735,0.4637773216529173,0.5645289593200042,8502.659476291496,7175.920853936368,5251.975103984146,4794.558491152665,6.288235294117644,7.534285714285716,9.23454545454545,9.744090909090907,7.57939615071296,3.4673669573725685,0.26062685023948207,1.9937424520058298,-25.26315869442421,-54.09192554836783,401.0,123.49821736904434,211.67380910843508,2066.039670626417,473.6223158251904,1366.532899215396,3720.0
2018,56,155,0,22.504117647058823,20.27607142857143,19.64181818181818,14.170454545454543,29.562941176470588,28.00714285714286,29.274545454545457,23.008181818181814,26.033529411764704,24.141607142857143,24.458181818181817,18.589318181818182,88.02,241.58,31.76,99.53,79.09705882352942,84.47607142857143,75.52969696969697,77.785,20.910246534387,69.59467757978388,119.42215288537378,36.65277493356338,15.710814313071578,55.77684650098696,38.34301138409698,30.325442112824117,9.790887005356472,19.347873111562304,12.764861727465318,49.84,5.199432221315417,13.817831078796903,81.0791415012768,6.327332820739267,67.58057130214446,176.24616739280722,0.0,32.12941961464121,0.7513452453673882,0.80145276105409,0.3210711786522569,0.8273709744430496,7890.879954277173,5540.811312614132,3659.903065722455,3533.5419657487423,7.0588235294117645,7.731071428571429,9.632727272727276,8.837727272727271,4.209419523354289,3.4712424628025733,0.2659473073683786,2.7154833482705616,-25.26315869442421,-54.09192554836783,401.0,153.71050890979348,386.9979689997333,2373.5550132946505,145.58042396371826,1366.532899215396,3720.0
2018,56,155,1,22.504117647058823,20.27607142857143,19.64181818181818,14.170454545454543,29.562941176470588,28.00714285714286,29.274545454545457,23.008181818181814,26.033529411764704,24.141607142857143,24.458181818181817,18.589318181818182,88.02,241.58,31.76,99.53,79.09705882352942,84.47607142857143,75.52969696969697,77.785,20.910246534387,69.59467757978388,119.42215288537378,36.65277493356338,15.710814313071578,55.77684650098696,38.34301138409698,30.325442112824117,9.790887005356472,19.347873111562304,12.764861727465318,49.84,5.199432221315417,13.817831078796903,81.0791415012768,6.327332820739267,67.58057130214446,176.24616739280722,0.0,32.12941961464121,0.7513452453673882,0.80145276105409,0.3210711786522569,0.8273709744430496,7890.879954277173,5540.811312614132,3659.903065722455,3533.5419657487423,7.0588235294117645,7.731071428571429,9.632727272727276,8.837727272727271,4.209419523354289,3.4712424628025733,0.2659473073683786,2.7154833482705616,-25.26315869442421,-54.09192554836783,401.0,153.71050890979348,386.9979689997333,2373.5550132946505,145.58042396371826,1366.532899215396,3720.0
2018,64,163,0,22.308823529411764,19.627142857142854,18.272121212121213,13.208181818181815,30.417058823529413,27.20928571428572,28.28333333333333,21.807727272727277,26.36294117647059,23.41821428571429,23.277727272727272,17.507954545454545,86.1,169.58,89.71000000000001,41.65,79.75470588235294,83.84571428571428,75.17818181818183,77.92045454545455,20.18334702145122,69.83164660536097,106.07195680462254,32.57898922835969,14.55669257261491,43.22325510060268,39.01558672264158,27.27195281793532,21.05663192195805,14.260022198212653,46.1347804745018,49.84,5.626654448836307,26.6083915047583,67.05637008198097,5.30703641042437,56.02056120266558,133.15335462314272,18.81965500106929,10.67282765656648,0.7212229248768205,0.6189637106063087,0.3678218814658588,0.8371024842660051,7194.417411105674,3082.416239090064,2108.098189806544,2039.41739819798,8.108235294117648,7.582142857142866,10.011212121212118,8.599545454545462,4.2658930606747925,2.4284118769008285,0.8457466299527201,1.2784313137543286,-25.26315869442421,-54.09192554836783,401.0,171.14627934992743,723.9953268505415,1896.5776671520284,115.7344026649682,1366.532899215396,3720.0
2018,64,163,1,22.308823529411764,19.627142857142854,18.272121212121213,13.208181818181815,30.417058823529413,27.20928571428572,28.28333333333333,21.807727272727277,26.36294117647059,23.41821428571429,23.277727272727272,17.507954545454545,86.1,169.58,89.71000000000001,41.65,79.75470588235294,83.84571428571428,75.17818181818183,77.92045454545455,20.18334702145122,69.83164660536097,106.07195680462254,32.57898922835969,14.55669257261491,43.22325510060268,39.01558672264158,27.27195281793532,21.05663192195805,14.260022198212653,46.1347804745018,49.84,5.626654448836307,26.6083915047583,67.05637008198097,5.30703641042437,56.02056120266558,133.15335462314272,18.81965500106929,10.67282765656648,0.7212229248768205,0.6189637106063087,0.3678218814658588,0.8371024842660051,7194.417411105674,3082.416239090064,2108.098189806544,2039.41739819798,8.108235294117648,7.582142857142866,10.011212121212118,8.599545454545462,4.2658930606747925,2.4284118769008285,0.8457466299527201,1.2784313137543286,-25.26315869442421,-54.09192554836783,401.0,171.14627934992743,723.9953268505415,1896.5776671520284,115.7344026649682,1366.532899215396,3720.0
2018,74,173,0,20.81764705882353,19.72107142857143,16.583333333333332,10.572272727272727,28.22,28.5225,26.39121212121212,19.983636363636364,24.518823529411765,24.121785714285718,21.487272727272728,15.277954545454548,218.97,33.72,87.06,43.0,85.92529411764706,79.51642857142858,74.91242424242425,78.0240909090909,15.655798025188998,71.09870653555292,92.24511559251258,26.75830710155231,15.093786627052596,30.860107745739555,46.74297467652931,25.24398409902698,22.70488888888888,7.142650726414947,28.610945227231007,40.814874271020656,0.5620113981364009,40.238598789813366,45.50214091598326,1.5143230025253298,188.37043559516965,18.42213041673438,18.848730822654645,5.552086857183367,0.9641020280644802,0.4340459798703643,0.5067257423473095,0.9434073689049828,7088.245874228113,1070.8140019480572,806.71151100054,797.5807256121085,7.402352941176471,8.80142857142857,9.807878787878789,9.411363636363637,13.986511556146406,0.47427023138794105,0.9437898087155365,1.606977595286866,-25.26315869442421,-54.09192554836783,401.0,15.859961655409233,1147.7054339824517,1200.8566528829995,30.261680219556183,1366.532899215396,3720.0
2018,74,173,1,20.81764705882353,19.72107142857143,16.583333333333332,10.572272727272727,28.22,28.5225,26.39121212121212,19.983636363636364,24.518823529411765,24.121785714285718,21.487272727272728,15.277954545454548,218.97,33.72,87.06,43.0,85.92529411764706,79.51642857142858,74.91242424242425,78.0240909090909,15.655798025188998,71.09870653555292,92.24511559251258,26.75830710155231,15.093786627052596,30.860107745739555,46.74297467652931,25.24398409902698,22.70488888888888,7.142650726414947,28.610945227231007,40.814874271020656,0.5620113981364009,40.238598789813366,45.50214091598326,1.5143230025253298,188.37043559516965,18.42213041673438,18.848730822654645,5.552086857183367,0.9641020280644802,0.4340459798703643,0.5067257423473095,0.9434073689049828,7088.245874228113,1070.8140019480572,806.71151100054,797.5807256121085,7.402352941176471,8.80142857142857,9.807878787878789,9.411363636363637,13.986511556146406,0.47427023138794105,0.9437898087155365,1.606977595286866,-25.26315869442421,-54.09192554836783,401.0,15.859961655409233,1147.7054339824517,1200.8566528829995,30.261680219556183,1366.532899215396,3720.0
2018,84,183,0,18.852941176470587,20.15,13.7830303030303,12.94909090909091,26.263529411764708,29.715,22.929696969696973,22.027272727272727,22.558235294117647,24.9325,18.35636363636364,17.48818181818182,139.18,23.25,109.68,63.75,85.52941176470588,75.82678571428572,77.31030303030302,80.60818181818182,15.378122195757744,65.416448571007,73.00454734196805,29.29898927203418,11.233846153401794,22.912915617774683,52.80696557008798,26.23709087456408,8.344867759215454,8.681952141440773,41.43020345945559,47.562246948255805,4.1442760423559495,42.50353295323232,20.197581771880078,3.061898397470105,126.80039719849388,0.0,24.12478311189721,31.38086563663571,0.7305083163210133,0.3502622982185223,0.7233380315712318,0.8954947432131157,5906.11438533356,149.97660455583272,129.23019323849292,126.52914633269144,7.410588235294121,9.565000000000001,9.146666666666674,9.078181818181818,9.05051983774681,0.3554151976740687,1.5023721671231893,2.1758429756090334,-25.26315869442421,-54.09192554836783,401.0,108.84331572888732,1262.9924817052986,463.12442954988546,67.44527106427331,1366.532899215396,3720.0
2018,84,183,1,18.852941176470587,20.15,13.7830303030303,12.94909090909091,26.263529411764708,29.715,22.929696969696973,22.027272727272727,22.558235294117647,24.9325,18.35636363636364,17.48818181818182,139.18,23.25,109.68,63.75,85.52941176470588,75.82678571428572,77.31030303030302,80.60818181818182,15.378122195757744,65.416448571007,73.00454734196805,29.29898927203418,11.233846153401794,22.912915617774683,52.80696557008798,26.23709087456408,8.344867759215454,8.681952141440773,41.43020345945559,47.562246948255805,4.1442760423559495,42.50353295323232,20.197581771880078,3.061898397470105,126.80039719849388,0.0,24.12478311189721,31.38086563663571,0.7305083163210133,0.3502622982185223,0.7233380315712318,0.8954947432131157,5906.11438533356,149.97660455583272,129.23019323849292,126.52914633269144,7.410588235294121,9.565000000000001,9.146666666666674,9.078181818181818,9.05051983774681,0.3554151976740687,1.5023721671231893,2.1758429756090334,-25.26315869442421,-54.09192554836783,401.0,108.84331572888732,1262.9924817052986,463.12442954988546,67.44527106427331,1366.532899215396,3720.0
2019,36,135,0,22.558823529411764,21.326785714285712,19.882727272727276,18.812272727272727,31.553529411764703,29.86928571428572,28.54969696969697,25.527727272727272,27.056176470588237,25.598035714285714,24.21621212121212,22.17,85.52,194.96,101.13,150.28,71.62470588235294,77.47535714285713,77.59636363636363,87.38409090909092,23.26726006941877,69.73531694132052,124.57785359866358,37.52651008309752,20.25065507811732,59.09588895814016,76.64943965488096,35.96253049664879,19.568736596170023,38.964303445981535,44.5761636167704,47.199903394620655,3.016604991301453,10.639427983180363,47.92841394378262,1.5639795864487347,52.89971943682376,116.46854419204833,18.868700174330183,111.69372972550094,0.8703497969979579,0.8474312808797727,0.6152734008551197,0.9583233404069416,9913.84467637442,7645.030800627427,6174.407450485802,6122.941714985253,8.994705882352939,8.542500000000008,8.666969696969694,6.715454545454545,3.6755509563587534,2.7957139732232243,0.8117815251962639,4.0046356473656815,-25.26315869442421,-54.09192554836783,401.0,95.1845343167066,317.79211426618093,1368.341694333193,39.92484434297609,1366.532899215396,1911.0
2019,36,135,1,22.558823529411764,21.326785714285712,19.882727272727276,18.812272727272727,31.553529411764703,29.86928571428572,28.54969696969697,25.527727272727272,27.056176470588237,25.598035714285714,24.21621212121212,22.17,85.52,194.96,101.13,150.28,71.62470588235294,77.47535714285713,77.59636363636363,87.38409090909092,23.26726006941877,69.73531694132052,124.57785359866358,37.52651008309752,20.25065507811732,59.09588895814016,76.64943965488096,35.96253049664879,19.568736596170023,38.964303445981535,44.5761636167704,47.199903394620655,3.016604991301453,10.639427983180363,47.92841394378262,1.5639795864487347,52.89971943682376,116.46854419204833,18.868700174330183,111.69372972550094,0.8703497969979579,0.8474312808797727,0.6152734008551197,0.9583233404069416,9913.84467637442,7645.030800627427,6174.407450485802,6122.941714985253,8.994705882352939,8.542500000000008,8.666969696969694,6.715454545454545,3.6755509563587534,2.7957139732232243,0.8117815251962639,4.0046356473656815,-25.26315869442421,-54.09192554836783,401.0,95.1845343167066,317.79211426618093,1368.341694333193,39.92484434297609,1366.532899215396,1911.0
2019,46,145,0,20.88823529411765,21.18321428571429,19.652727272727272,17.490454545454547,31.22705882352941,28.81642857142857,27.783030303030305,23.71272727272727,26.057647058823527,24.99982142857143,23.717878787878785,20.60159090909091,56.61,171.11,161.43,118.61,69.06,80.53035714285714,81.29030303030302,87.8709090909091,24.2986154613504,71.15246365228299,101.92272157053472,33.566133060779194,20.659398507135627,45.56259153588978,74.55223767114646,31.403739617095667,12.243513705056785,12.710997589883377,45.37846432692592,49.09630860531177,3.639216954214771,25.589872116393213,27.370483899388255,2.162393443683529,30.906198898918696,125.0799245792836,54.21029559181099,83.48841610451848,0.8502294519618475,0.6403515661601109,0.7314584669871993,0.93557811858256,9068.207102156068,4176.157379116785,3615.421526771414,3568.8390753970684,10.338823529411762,7.633214285714281,8.130303030303033,6.222272727272724,2.3297623722653817,2.404835914553885,1.5838470314814328,3.533621218304454,-25.26315869442421,-54.09192554836783,401.0,113.64204190085019,737.4087219940367,760.4349835853069,51.27624598640106,1366.532899215396,1911.0
2019,46,145,1,20.88823529411765,21.18321428571429,19.652727272727272,17.490454545454547,31.22705882352941,28.81642857142857,27.783030303030305,23.71272727272727,26.057647058823527,24.99982142857143,23.717878787878785,20.60159090909091,56.61,171.11,161.43,118.61,69.06,80.53035714285714,81.29030303030302,87.8709090909091,24.2986154613504,71.15246365228299,101.92272157053472,33.566133060779194,20.659398507135627,45.56259153588978,74.55223767114646,31.403739617095667,12.243513705056785,12.710997589883377,45.37846432692592,49.09630860531177,3.639216954214771,25.589872116393213,27.370483899388255,2.162393443683529,30.906198898918696,125.0799245792836,54.21029559181099,83.48841610451848,0.8502294519618475,0.6403515661601109,0.7314584669871993,0.93557811858256,9068.207102156068,4176.157379116785,3615.421526771414,3568.8390753970684,10.338823529411762,7.633214285714281,8.130303030303033,6.222272727272724,2.3297623722653817,2.404835914553885,1.5838470314814328,3.533621218304454,-25.26315869442421,-54.09192554836783,401.0,113.64204190085019,737.4087219940367,760.4349835853069,51.27624598640106,1366.532899215396,1911.0
2019,56,155,0,20.94470588235294,20.18,19.596969696969698,15.65318181818182,30.577647058823526,27.750714285714285,27.25333333333333,22.31954545454545,25.76117647058824,23.96535714285714,23.42515151515152,18.986363636363635,145.78,91.37,206.97,165.54,73.9235294117647,81.21071428571429,83.53090909090909,88.28181818181818,20.049236526087405,64.7131396126895,91.77031752329874,30.659161454092327,13.9721160213679,42.575160227347325,71.53234431058218,27.96236518098771,22.70488888888888,33.90430908383625,48.16309515873694,47.15715273149079,6.077120504719504,22.13797938534217,20.237973212716565,2.6967962731046167,116.30210620085434,37.59541957770531,121.17886961451713,138.5835772462584,0.6968901784957169,0.6579059597812935,0.7794714700907676,0.9120394640557056,7885.787126031262,3839.2659586582176,3415.932119761489,3355.838675760779,9.632941176470585,7.570714285714285,7.656363636363633,6.6663636363636325,7.271099815213207,1.4119234601636204,2.2553043901962555,5.399364892868067,-25.26315869442421,-54.09192554836783,401.0,185.82404592725248,614.3447407856632,551.5522299572353,60.191266999207265,1366.532899215396,1911.0
2019,56,155,1,20.94470588235294,20.18,19.596969696969698,15.65318181818182,30.577647058823526,27.750714285714285,27.25333333333333,22.31954545454545,25.76117647058824,23.96535714285714,23.42515151515152,18.986363636363635,145.78,91.37,206.97,165.54,73.9235294117647,81.21071428571429,83.53090909090909,88.28181818181818,20.049236526087405,64.7131396126895,91.77031752329874,30.659161454092327,13.9721160213679,42.575160227347325,71.53234431058218,27.96236518098771,22.70488888888888,33.90430908383625,48.16309515873694,47.15715273149079,6.077120504719504,22.13797938534217,20.237973212716565,2.6967962731046167,116.30210620085434,37.59541957770531,121.17886961451713,138.5835772462584,0.6968901784957169,0.6579059597812935,0.7794714700907676,0.9120394640557056,7885.787126031262,3839.2659586582176,3415.932119761489,3355.838675760779,9.632941176470585,7.570714285714285,7.656363636363633,6.6663636363636325,7.271099815213207,1.4119234601636204,2.2553043901962555,5.399364892868067,-25.26315869442421,-54.09192554836783,401.0,185.82404592725248,614.3447407856632,551.5522299572353,60.191266999207265,1366.532899215396,1911.0
2019,64,163,0,22.05235294117647,19.692857142857143,18.71151515151515,15.250454545454543,28.33705882352941,28.488214285714285,25.83242424242424,22.123181818181816,25.19470588235294,24.090535714285718,22.2719696969697,18.686818181818182,170.91,45.54,207.35,164.06,85.55705882352942,76.84964285714285,85.94606060606061,87.93136363636364,14.05978919049936,68.45925308369398,78.37441330519424,28.2368440064356,12.176258098376785,39.74713265164501,69.97319642735263,26.321747618472106,18.322821100256878,16.101407836989946,34.35154238008544,37.80191708744866,1.883531092122574,28.712120432048977,8.401216877841607,1.9150963879634944,145.49493856026214,8.014280611621917,119.12666902955186,134.2878776741647,0.8660341868144557,0.5805954763054846,0.8928066377335825,0.9321773925043816,8049.644792377248,2985.558632291724,2825.542598272285,2787.215464951332,6.284705882352942,8.795357142857142,7.1209090909090875,6.872727272727273,12.155943285087748,0.6652132173327345,2.645633839612525,5.810139403773604,-25.26315869442421,-54.09192554836783,401.0,53.37373135342398,817.9570394654467,217.0237985410192,42.36802559025965,1366.532899215396,1911.0
2019,64,163,1,22.05235294117647,19.692857142857143,18.71151515151515,15.250454545454543,28.33705882352941,28.488214285714285,25.83242424242424,22.123181818181816,25.19470588235294,24.090535714285718,22.2719696969697,18.686818181818182,170.91,45.54,207.35,164.06,85.55705882352942,76.84964285714285,85.94606060606061,87.93136363636364,14.05978919049936,68.45925308369398,78.37441330519424,28.2368440064356,12.176258098376785,39.74713265164501,69.97319642735263,26.321747618472106,18.322821100256878,16.101407836989946,34.35154238008544,37.80191708744866,1.883531092122574,28.712120432048977,8.401216877841607,1.9150963879634944,145.49493856026214,8.014280611621917,119.12666902955186,134.2878776741647,0.8660341868144557,0.5805954763054846,0.8928066377335825,0.9321773925043816,8049.644792377248,2985.558632291724,2825.542598272285,2787.215464951332,6.284705882352942,8.795357142857142,7.1209090909090875,6.872727272727273,12.155943285087748,0.6652132173327345,2.645633839612525,5.810139403773604,-25.26315869442421,-54.09192554836783,401.0,53.37373135342398,817.9570394654467,217.0237985410192,42.36802559025965,1366.532899215396,1911.0
2019,74,173,0,20.158235294117645,19.97571428571428,17.46151515151515,15.68409090909091,28.11764705882353,28.150357142857143,23.95181818181818,23.362727272727277,24.13794117647059,24.063035714285714,20.706666666666667,19.52340909090909,40.79,151.33,262.73,2.74,80.20764705882353,80.22500000000001,88.2169696969697,84.36909090909091,16.738176013903555,56.19739333964366,66.89740787900983,33.73049389591795,8.696070167276586,40.085193126689006,62.576599907620405,25.115683156281715,4.594999354648747,49.839999999999975,49.84,25.9750944758474,8.042105846626969,16.112200212954654,4.320807971389433,8.614810739636237,33.56954678141056,65.99980622795977,200.1534000923796,1.4892223678708914,0.519535113028636,0.7132927480181089,0.9354114291064308,0.744598737088792,6317.137871284734,3600.3840120845653,3484.112183080267,3306.142852743662,7.959411764705884,8.174642857142864,6.4903030303030285,7.678636363636366,2.436944142905285,2.6928295247681246,3.927356953428922,0.08123213399883225,-25.26315869442421,-54.09192554836783,401.0,226.1250938051583,453.5641903518924,103.49120692927035,201.26547381628336,1366.532899215396,1911.0
2019,74,173,1,20.158235294117645,19.97571428571428,17.46151515151515,15.68409090909091,28.11764705882353,28.150357142857143,23.95181818181818,23.362727272727277,24.13794117647059,24.063035714285714,20.706666666666667,19.52340909090909,40.79,151.33,262.73,2.74,80.20764705882353,80.22500000000001,88.2169696969697,84.36909090909091,16.738176013903555,56.19739333964366,66.89740787900983,33.73049389591795,8.696070167276586,40.085193126689006,62.576599907620405,25.115683156281715,4.594999354648747,49.839999999999975,49.84,25.9750944758474,8.042105846626969,16.112200212954654,4.320807971389433,8.614810739636237,33.56954678141056,65.99980622795977,200.1534000923796,1.4892223678708914,0.519535113028636,0.7132927480181089,0.9354114291064308,0.744598737088792,6317.137871284734,3600.3840120845653,3484.112183080267,3306.142852743662,7.959411764705884,8.174642857142864,6.4903030303030285,7.678636363636366,2.436944142905285,2.6928295247681246,3.927356953428922,0.08123213399883225,-25.26315869442421,-54.09192554836783,401.0,226.1250938051583,453.5641903518924,103.49120692927035,201.26547381628336,1366.532899215396,1911.0
2019,84,183,0,19.808235294117647,19.829642857142854,15.739696969696968,16.29090909090909,28.263529411764708,27.86785714285714,22.534848484848485,23.957272727272724,24.035882352941176,23.84875,19.137272727272727,20.12409090909091,44.24,155.18,217.36,23.06,78.07470588235294,82.47678571428571,87.44242424242424,82.95590909090909,16.18627974731822,49.92967379393377,61.45492084564695,34.83593646869768,8.868084232428203,40.56661025036481,55.17975533454693,21.353302572948788,15.889063082405755,49.839999999999975,34.53926991115672,36.24596733820793,7.318195514890018,9.363063543568964,6.275165511100017,13.48263389574889,24.709781893235824,80.66245283204097,177.4809747542963,0.0,0.5478766196350638,0.81247497065149,0.8978899423390193,0.6129676632099756,5983.0545427007,4300.0958246301725,4080.554308329808,3764.693014459511,8.45529411764706,8.038214285714286,6.795151515151517,7.666363636363634,2.7331790065799266,3.107971436794239,3.5369014719900385,0.661960100332623,-25.26315869442421,-54.09192554836783,401.0,206.8380341761386,260.92851725167367,141.4099040099857,323.0071373224277,1366.532899215396,1911.0
2019,84,183,1,19.808235294117647,19.829642857142854,15.739696969696968,16.29090909090909,28.263529411764708,27.86785714285714,22.534848484848485,23.957272727272724,24.035882352941176,23.84875,19.137272727272727,20.12409090909091,44.24,155.18,217.36,23.06,78.07470588235294,82.47678571428571,87.44242424242424,82.95590909090909,16.18627974731822,49.92967379393377,61.45492084564695,34.83593646869768,8.868084232428203,40.56661025036481,55.17975533454693,21.353302572948788,15.889063082405755,49.839999999999975,34.53926991115672,36.24596733820793,7.318195514890018,9.363063543568964,6.275165511100017,13.48263389574889,24.709781893235824,80.66245283204097,177.4809747542963,0.0,0.5478766196350638,0.81247497065149,0.8978899423390193,0.6129676632099756,5983.0545427007,4300.0958246301725,4080.554308329808,3764.693014459511,8.45529411764706,8.038214285714286,6.795151515151517,7.666363636363634,2.7331790065799266,3.107971436794239,3.5369014719900385,0.661960100332623,-25.26315869442421,-54.09192554836783,401.0,206.8380341761386,260.92851725167367,141.4099040099857,323.0071373224277,1366.532899215396,1911.0
2020,36,135,0,23.785882352941176,20.586785714285718,16.174545454545456,16.205454545454543,33.46588235294117,33.120357142857145,29.88515151515152,28.555909090909093,28.625882352941176,26.853571428571428,23.02984848484849,22.380681818181817,38.57,117.3,55.87,78.28,67.1835294117647,61.04785714285714,62.669696969696965,63.2,25.253518093008445,98.01621767668102,145.42866376527198,55.38748487463112,20.94300858822745,45.43154089654464,82.48212704412495,22.17574779793115,17.877272131837145,43.934807733922426,17.322680689797476,49.45208152500416,4.310509504780996,52.584676780136384,62.94653672114703,33.21173707669997,4.848059016707743,45.81092350137009,0.0,23.974851366862165,0.8293105345201633,0.4635104472854315,0.567165542944509,0.4003747028435337,9510.848983799737,1857.1423079179424,1455.2247166567204,1280.7068060257764,9.679999999999996,12.533571428571427,13.710606060606064,12.35045454545455,1.5273119514654192,1.1967407310791056,0.3841746087289679,1.4133156646702012,-25.26315869442421,-54.09192554836783,401.0,144.25500396823554,1741.6232751998243,1881.1667872655278,948.3913447134192,1366.532899215396,4215.0
2020,36,135,1,23.785882352941176,20.586785714285718,16.174545454545456,16.205454545454543,33.46588235294117,33.120357142857145,29.88515151515152,28.555909090909093,28.625882352941176,26.853571428571428,23.02984848484849,22.380681818181817,38.57,117.3,55.87,78.28,67.1835294117647,61.04785714285714,62.669696969696965,63.2,25.253518093008445,98.01621767668102,145.42866376527198,55.38748487463112,20.94300858822745,45.43154089654464,82.48212704412495,22.17574779793115,17.877272131837145,43.934807733922426,17.322680689797476,49.45208152500416,4.310509504780996,52.584676780136384,62.94653672114703,33.21173707669997,4.848059016707743,45.81092350137009,0.0,23.974851366862165,0.8293105345201633,0.4635104472854315,0.567165542944509,0.4003747028435337,9510.848983799737,1857.1423079179424,1455.2247166567204,1280.7068060257764,9.679999999999996,12.533571428571427,13.710606060606064,12.35045454545455,1.5273119514654192,1.1967407310791056,0.3841746087289679,1.4133156646702012,-25.26315869442421,-54.09192554836783,401.0,144.25500396823554,1741.6232751998243,1881.1667872655278,948.3913447134192,1366.532899215396,4215.0
2020,46,145,0,21.11764705882353,20.856428571428573,15.944242424242423,13.07272727272727,32.24588235294117,33.58,29.709393939393937,24.88409090909091,26.68176470588235,27.21821428571429,22.82681818181818,18.978409090909093,84.17,62.6,48.18,209.57,66.24705882352941,60.18678571428571,62.38696969696969,68.68909090909091,23.766360123735225,93.88425590323948,131.7538412589161,44.30465723072368,18.6621691039811,47.69819029148105,56.92343854312957,29.66903662506846,12.719667663098106,16.743556307190847,8.00011776406127,49.84,5.104191019754123,46.18606561175845,74.83040271578655,14.635620605655214,58.19786651492352,10.877921064426216,0.0,138.06108113899282,0.7852346344505392,0.5080531323658839,0.4320438630040885,0.6696595455092261,8556.098670482443,2242.3797603140483,1605.5930871411558,1499.514617114465,11.128235294117644,12.723571428571425,13.765151515151514,11.811363636363641,3.5415604056230836,0.6667784645864141,0.3656819379202695,4.730202491097725,-25.26315869442421,-54.09192554836783,401.0,164.58914312993028,1550.9280832428487,2223.1659129267964,364.1941136620885,1366.532899215396,4215.0
2020,46,145,1,21.11764705882353,20.856428571428573,15.944242424242423,13.07272727272727,32.24588235294117,33.58,29.709393939393937,24.88409090909091,26.68176470588235,27.21821428571429,22.82681818181818,18.978409090909093,84.17,62.6,48.18,209.57,66.24705882352941,60.18678571428571,62.38696969696969,68.68909090909091,23.766360123735225,93.88425590323948,131.7538412589161,44.30465723072368,18.6621691039811,47.69819029148105,56.92343854312957,29.66903662506846,12.719667663098106,16.743556307190847,8.00011776406127,49.84,5.104191019754123,46.18606561175845,74.83040271578655,14.635620605655214,58.19786651492352,10.877921064426216,0.0,138.06108113899282,0.7852346344505392,0.5080531323658839,0.4320438630040885,0.6696595455092261,8556.098670482443,2242.3797603140483,1605.5930871411558,1499.514617114465,11.128235294117644,12.723571428571425,13.765151515151514,11.811363636363641,3.5415604056230836,0.6667784645864141,0.3656819379202695,4.730202491097725,-25.26315869442421,-54.09192554836783,401.0,164.58914312993028,1550.9280832428487,2223.1659129267964,364.1941136620885,1366.532899215396,4215.0
2020,56,155,0,20.18,19.512857142857143,14.98060606060606,11.304545454545456,32.868235294117646,32.097857142857144,28.612727272727277,22.098636363636363,26.524117647058823,25.80535714285714,21.796666666666667,16.70159090909091,62.58,91.2,69.25,168.73,61.35294117647059,62.59392857142857,61.42515151515151,77.69363636363636,24.93613958240092,82.28159691870209,120.02139246378192,35.7162348728419,10.536561036900066,44.71296652573632,53.50864562371505,32.414230766199914,2.018194017891192,28.673395910398835,44.41475028668379,48.32279222608087,14.399578545500852,37.568630392965765,66.51274684006687,3.302004106641983,57.22435605631985,19.83183158175604,0.0,132.407727294403,0.4225417892806637,0.5434139370181978,0.4458259025770094,0.9075489306642236,6397.2471305694735,2015.9063086669532,1457.3247791195429,1430.378532279717,12.688235294117646,12.585,13.632121212121216,10.794090909090906,2.5096105912146416,1.1083887942781385,0.5769804747174311,4.724182170957214,-25.26315869442421,-54.09192554836783,401.0,473.2887357696503,1205.8725314062162,1903.1110854947863,72.96978802391513,1366.532899215396,4215.0
2020,56,155,1,20.18,19.512857142857143,14.98060606060606,11.304545454545456,32.868235294117646,32.097857142857144,28.612727272727277,22.098636363636363,26.524117647058823,25.80535714285714,21.796666666666667,16.70159090909091,62.58,91.2,69.25,168.73,61.35294117647059,62.59392857142857,61.42515151515151,77.69363636363636,24.93613958240092,82.28159691870209,120.02139246378192,35.7162348728419,10.536561036900066,44.71296652573632,53.50864562371505,32.414230766199914,2.018194017891192,28.673395910398835,44.41475028668379,48.32279222608087,14.399578545500852,37.568630392965765,66.51274684006687,3.302004106641983,57.22435605631985,19.83183158175604,0.0,132.407727294403,0.4225417892806637,0.5434139370181978,0.4458259025770094,0.9075489306642236,6397.2471305694735,2015.9063086669532,1457.3247791195429,1430.378532279717,12.688235294117646,12.585,13.632121212121216,10.794090909090906,2.5096105912146416,1.1083887942781385,0.5769804747174311,4.724182170957214,-25.26315869442421,-54.09192554836783,401.0,473.2887357696503,1205.8725314062162,1903.1110854947863,72.96978802391513,1366.532899215396,4215.0
2020,65,164,0,21.445882352941176,16.34107142857143,15.216060606060609,12.42318181818182,34.38117647058824,29.845714285714283,28.133030303030303,21.28590909090909,27.913529411764703,23.093392857142856,21.674545454545456,16.854545454545455,53.93,55.63,80.02,228.92,58.827058823529406,62.55928571428571,64.34454545454545,84.67227272727273,23.284303172038143,75.66423404888009,108.52327440150368,28.92942239712131,10.291022780409332,49.15387052315098,52.812341433960505,27.421922489877808,18.54804044507797,25.024169921927,33.54950639994126,48.621059924478445,12.993280391628812,26.510363525729115,55.71093296754318,1.5074999072435007,30.11168355869132,0.0,18.68232208802524,186.426523985585,0.4419725471006452,0.649631508744236,0.4866453000539831,0.9478904249608002,6063.351357054017,2876.74045666711,2138.346339689654,2116.0606758800827,12.93529411764706,13.504642857142855,12.916969696969694,8.86272727272727,2.3161526287273193,0.7352218746318412,0.7373533506181348,7.913051178746631,-25.26315869442421,-54.09192554836783,401.0,446.724266076424,791.2207353993323,1567.3173653859822,32.08850598013904,1366.532899215396,4215.0
2020,65,164,1,21.445882352941176,16.34107142857143,15.216060606060609,12.42318181818182,34.38117647058824,29.845714285714283,28.133030303030303,21.28590909090909,27.913529411764703,23.093392857142856,21.674545454545456,16.854545454545455,53.93,55.63,80.02,228.92,58.827058823529406,62.55928571428571,64.34454545454545,84.67227272727273,23.284303172038143,75.66423404888009,108.52327440150368,28.92942239712131,10.291022780409332,49.15387052315098,52.812341433960505,27.421922489877808,18.54804044507797,25.024169921927,33.54950639994126,48.621059924478445,12.993280391628812,26.510363525729115,55.71093296754318,1.5074999072435007,30.11168355869132,0.0,18.68232208802524,186.426523985585,0.4419725471006452,0.649631508744236,0.4866453000539831,0.9478904249608002,6063.351357054017,2876.74045666711,2138.346339689654,2116.0606758800827,12.93529411764706,13.504642857142855,12.916969696969694,8.86272727272727,2.3161526287273193,0.7352218746318412,0.7373533506181348,7.913051178746631,-25.26315869442421,-54.09192554836783,401.0,446.724266076424,791.2207353993323,1567.3173653859822,32.08850598013904,1366.532899215396,4215.0
2020,75,174,0,20.679411764705883,15.305357142857144,13.127878787878789,15.026363636363635,32.60176470588235,29.310357142857143,24.84272727272727,23.10954545454545,26.64058823529412,22.30785714285714,18.98530303030303,19.067954545454544,60.8,47.05,216.64,107.71,63.91647058823529,62.1225,70.13969696969697,84.16818181818182,20.70918982120749,72.31327179309281,86.0681670055174,30.89772868639747,12.849088167950304,38.87152460529351,55.41767951143645,29.06579187111923,10.46956393265679,10.89555330409121,42.51942109497102,39.26012162663049,7.860101653257193,33.441747187799294,30.650487494080934,1.8319368152782367,42.58963850663028,7.752486023272066,129.59845269768374,81.9035075972213,0.6204534450107769,0.5375434362383036,0.6438812564450677,0.9407096607691832,6085.993021328908,1864.2318917467608,1532.2879322548154,1514.1179579942805,11.92235294117647,14.004999999999999,11.714848484848481,8.083181818181815,2.935894669222503,0.6506412838658767,2.5170746344128867,3.486016758488097,-25.26315869442421,-54.09192554836783,401.0,256.2531846638079,980.1895535555358,761.4417015915906,42.33522710252765,1366.532899215396,4215.0
2020,75,174,1,20.679411764705883,15.305357142857144,13.127878787878789,15.026363636363635,32.60176470588235,29.310357142857143,24.84272727272727,23.10954545454545,26.64058823529412,22.30785714285714,18.98530303030303,19.067954545454544,60.8,47.05,216.64,107.71,63.91647058823529,62.1225,70.13969696969697,84.16818181818182,20.70918982120749,72.31327179309281,86.0681670055174,30.89772868639747,12.849088167950304,38.87152460529351,55.41767951143645,29.06579187111923,10.46956393265679,10.89555330409121,42.51942109497102,39.26012162663049,7.860101653257193,33.441747187799294,30.650487494080934,1.8319368152782367,42.58963850663028,7.752486023272066,129.59845269768374,81.9035075972213,0.6204534450107769,0.5375434362383036,0.6438812564450677,0.9407096607691832,6085.993021328908,1864.2318917467608,1532.2879322548154,1514.1179579942805,11.92235294117647,14.004999999999999,11.714848484848481,8.083181818181815,2.935894669222503,0.6506412838658767,2.5170746344128867,3.486016758488097,-25.26315869442421,-54.09192554836783,401.0,256.2531846638079,980.1895535555358,761.4417015915906,42.33522710252765,1366.532899215396,4215.0
2020,85,184,0,17.886470588235294,14.961785714285714,12.50878787878788,14.425454545454546,30.907647058823528,28.77607142857143,22.84454545454545,22.37954545454545,24.397058823529413,21.86892857142857,17.67666666666667,18.4025,38.71,35.800000000000004,287.86,57.93,62.97294117647058,61.42821428571428,78.5878787878788,80.18909090909091,19.05292096343736,64.55144708110446,70.20527322334691,33.867305379596246,12.481525830966463,32.02528743815451,58.97532696011959,29.86343197826576,15.61601022741008,17.93337325668893,49.84,48.679580507713055,6.5713951324709,32.52615964294996,11.229946263227324,4.003873401330482,15.777416232137307,1.4573495325666412,196.97804629656932,29.226987514021182,0.6550977592841835,0.4961203642408965,0.8400412711520825,0.8817776213237603,5535.978870136004,1351.778345154669,1243.6639722671275,1214.2581896520555,13.021176470588234,13.814285714285717,10.33575757575757,7.954090909090905,2.031709472489004,0.5545963974288565,4.100261800623142,1.7104992366738632,-25.26315869442421,-54.09192554836783,401.0,203.10636143848146,935.9750931826455,256.54301786239944,89.60486677932103,1366.532899215396,4215.0
2020,85,184,1,17.886470588235294,14.961785714285714,12.50878787878788,14.425454545454546,30.907647058823528,28.77607142857143,22.84454545454545,22.37954545454545,24.397058823529413,21.86892857142857,17.67666666666667,18.4025,38.71,35.800000000000004,287.86,57.93,62.97294117647058,61.42821428571428,78.5878787878788,80.18909090909091,19.05292096343736,64.55144708110446,70.20527322334691,33.867305379596246,12.481525830966463,32.02528743815451,58.97532696011959,29.86343197826576,15.61601022741008,17.93337325668893,49.84,48.679580507713055,6.5713951324709,32.52615964294996,11.229946263227324,4.003873401330482,15.777416232137307,1.4573495325666412,196.97804629656932,29.226987514021182,0.6550977592841835,0.4961203642408965,0.8400412711520825,0.8817776213237603,5535.978870136004,1351.778345154669,1243.6639722671275,1214.2581896520555,13.021176470588234,13.814285714285717,10.33575757575757,7.954090909090905,2.031709472489004,0.5545963974288565,4.100261800623142,1.7104992366738632,-25.26315869442421,-54.09192554836783,401.0,203.10636143848146,935.9750931826455,256.54301786239944,89.60486677932103,1366.532899215396,4215.0
2021,36,135,0,19.72,21.22357142857143,20.283939393939395,14.95590909090909,29.898823529411764,33.347142857142856,31.692727272727268,27.615,24.80941176470588,27.285357142857144,25.988333333333333,21.285454545454545,9.65,65.57,21.91,20.03,70.62647058823529,64.20214285714286,62.550606060606064,64.35181818181819,25.89217253228241,99.090503433026,144.96827765597735,49.78753380027736,10.660208984944584,53.36991833331262,36.74519679210734,11.7647738572812,4.007293947079111,16.207375613766494,1.372178821659153,9.637404964377954,15.231963547337829,45.72058509971338,108.22308086387004,38.02275994299615,0.0,0.0,0.0,0.0,0.4117155086794442,0.5385977110246962,0.2534706032674746,0.2362995906661209,7809.12109279326,2404.4015721430565,1506.9233445657107,1276.7557495497886,10.178823529411765,12.123571428571427,11.408787878787873,12.659090909090908,0.3726995093968404,0.6617183052694643,0.15113651313423468,0.40230954359680327,-25.26315869442421,-54.09192554836783,401.0,455.41779010828657,1524.6508828322992,3429.8845864329423,1049.9985158258387,1366.532899215396,3719.0
2021,36,135,1,19.72,21.22357142857143,20.283939393939395,14.95590909090909,29.898823529411764,33.347142857142856,31.692727272727268,27.615,24.80941176470588,27.285357142857144,25.988333333333333,21.285454545454545,9.65,65.57,21.91,20.03,70.62647058823529,64.20214285714286,62.550606060606064,64.35181818181819,25.89217253228241,99.090503433026,144.96827765597735,49.78753380027736,10.660208984944584,53.36991833331262,36.74519679210734,11.7647738572812,4.007293947079111,16.207375613766494,1.372178821659153,9.637404964377954,15.231963547337829,45.72058509971338,108.22308086387004,38.02275994299615,0.0,0.0,0.0,0.0,0.4117155086794442,0.5385977110246962,0.2534706032674746,0.2362995906661209,7809.12109279326,2404.4015721430565,1506.9233445657107,1276.7557495497886,10.178823529411765,12.123571428571427,11.408787878787873,12.659090909090908,0.3726995093968404,0.6617183052694643,0.15113651313423468,0.40230954359680327,-25.26315869442421,-54.09192554836783,401.0,455.41779010828657,1524.6508828322992,3429.8845864329423,1049.9985158258387,1366.532899215396,3719.0
2021,46,145,0,21.52058823529412,20.84178571428572,18.39727272727273,13.722272727272726,32.87705882352941,32.754642857142855,30.586969696969696,26.39,27.198823529411765,26.798214285714288,24.49212121212121,20.05613636363637,32.370000000000005,47.75,13.25,31.6,65.88176470588235,66.2792857142857,59.30636363636364,65.64318181818182,26.410809778338752,87.8314226729646,134.5074353844728,44.93010748518704,12.446736414300256,53.66500824374403,22.38179982452651,14.752211799400472,22.70488888888888,11.1888014192853,2.057001594758789,18.90478979535832,13.964073364038498,34.16641442922058,112.1256355599463,30.177895685786563,2.3451945814695385,5.601079225859544,0.0,0.0,0.4712743198244776,0.6110001023615739,0.1663982348674696,0.3283368908980267,7586.829052617599,3159.915465314873,1842.8599105368437,1595.3037071067315,11.35647058823529,11.912857142857135,12.189696969696968,12.667727272727275,1.2256345137341749,0.5436550900216481,0.09850756548979259,0.7033145872267983,-25.26315869442421,-54.09192554836783,401.0,459.0976614055739,1119.1087023382524,3429.5834171255456,796.3946671479074,1366.532899215396,3719.0
2021,46,145,1,21.52058823529412,20.84178571428572,18.39727272727273,13.722272727272726,32.87705882352941,32.754642857142855,30.586969696969696,26.39,27.198823529411765,26.798214285714288,24.49212121212121,20.05613636363637,32.370000000000005,47.75,13.25,31.6,65.88176470588235,66.2792857142857,59.30636363636364,65.64318181818182,26.410809778338752,87.8314226729646,134.5074353844728,44.93010748518704,12.446736414300256,53.66500824374403,22.38179982452651,14.752211799400472,22.70488888888888,11.1888014192853,2.057001594758789,18.90478979535832,13.964073364038498,34.16641442922058,112.1256355599463,30.177895685786563,2.3451945814695385,5.601079225859544,0.0,0.0,0.4712743198244776,0.6110001023615739,0.1663982348674696,0.3283368908980267,7586.829052617599,3159.915465314873,1842.8599105368437,1595.3037071067315,11.35647058823529,11.912857142857135,12.189696969696968,12.667727272727275,1.2256345137341749,0.5436550900216481,0.09850756548979259,0.7033145872267983,-25.26315869442421,-54.09192554836783,401.0,459.0976614055739,1119.1087023382524,3429.5834171255456,796.3946671479074,1366.532899215396,3719.0
2021,56,155,0,20.698823529411765,21.06,16.796363636363637,13.915,33.00705882352941,32.445,29.063030303030303,26.85363636363636,26.852941176470587,26.7525,22.929696969696973,20.38431818181818,32.89,37.69,26.37,20.8,63.07411764705882,65.11857142857143,62.07121212121212,64.24909090909091,24.77001311636744,84.2409291093222,113.81167741359464,43.65388353626079,15.771740151997092,40.17992698183112,23.89326429565498,16.027839411254305,8.288812067488637,5.798885085657518,8.275620790002538,13.047781378748232,8.998272964370345,44.06100212749107,89.91841311793968,27.62604412500648,13.900161482595584,0.0,0.0,0.0,0.6367271619075365,0.4769644329265211,0.2099368433770308,0.3671572403848307,7754.372526258295,1670.6535789025254,1010.6926588169304,882.7707525512305,12.308235294117647,11.385000000000002,12.266666666666666,12.938636363636363,1.3278152032251878,0.44740722115123466,0.23169854446631805,0.4764753629015074,-25.26315869442421,-54.09192554836783,401.0,297.00652504514636,1429.5592140264478,2613.3015652470785,741.8597430986966,1366.532899215396,3719.0
2021,56,155,1,20.698823529411765,21.06,16.796363636363637,13.915,33.00705882352941,32.445,29.063030303030303,26.85363636363636,26.852941176470587,26.7525,22.929696969696973,20.38431818181818,32.89,37.69,26.37,20.8,63.07411764705882,65.11857142857143,62.07121212121212,64.24909090909091,24.77001311636744,84.2409291093222,113.81167741359464,43.65388353626079,15.771740151997092,40.17992698183112,23.89326429565498,16.027839411254305,8.288812067488637,5.798885085657518,8.275620790002538,13.047781378748232,8.998272964370345,44.06100212749107,89.91841311793968,27.62604412500648,13.900161482595584,0.0,0.0,0.0,0.6367271619075365,0.4769644329265211,0.2099368433770308,0.3671572403848307,7754.372526258295,1670.6535789025254,1010.6926588169304,882.7707525512305,12.308235294117647,11.385000000000002,12.266666666666666,12.938636363636363,1.3278152032251878,0.44740722115123466,0.23169854446631805,0.4764753629015074,-25.26315869442421,-54.09192554836783,401.0,297.00652504514636,1429.5592140264478,2613.3015652470785,741.8597430986966,1366.532899215396,3719.0
2021,64,163,0,20.152352941176478,20.55035714285714,15.506060606060606,14.563181818181818,33.27235294117647,31.898214285714285,28.161212121212124,25.53681818181818,26.712352941176476,26.224285714285717,21.83363636363636,20.05,26.49,21.11,31.28,43.74,62.605294117647055,63.67964285714286,62.51242424242424,70.51272727272728,23.729144944894365,78.02197472221829,105.66904182965706,38.39139228982261,13.889977112492032,34.42533028891353,23.254807592554336,18.871577609835203,18.114949653545025,4.799619364631494,12.82481177207716,37.69323416224196,9.839167832402332,43.59664443330476,82.41423423710273,19.51981467998741,1.6841843450740537,0.0,0.0,0.0,0.5853551463716201,0.4412260829269967,0.2200720967077762,0.4915575206903337,7124.222614195569,1152.9779498443747,703.3581123622297,631.8346838638258,13.119999999999994,11.347857142857144,12.655151515151518,10.973636363636363,1.1163486953076944,0.270564800175309,0.2960185827219355,1.1393178884943769,-25.26315869442421,-54.09192554836783,401.0,327.37226476716063,1390.655106271648,2320.8847321583125,498.4739584256239,1366.532899215396,3719.0
2021,64,163,1,20.152352941176478,20.55035714285714,15.506060606060606,14.563181818181818,33.27235294117647,31.898214285714285,28.161212121212124,25.53681818181818,26.712352941176476,26.224285714285717,21.83363636363636,20.05,26.49,21.11,31.28,43.74,62.605294117647055,63.67964285714286,62.51242424242424,70.51272727272728,23.729144944894365,78.02197472221829,105.66904182965706,38.39139228982261,13.889977112492032,34.42533028891353,23.254807592554336,18.871577609835203,18.114949653545025,4.799619364631494,12.82481177207716,37.69323416224196,9.839167832402332,43.59664443330476,82.41423423710273,19.51981467998741,1.6841843450740537,0.0,0.0,0.0,0.5853551463716201,0.4412260829269967,0.2200720967077762,0.4915575206903337,7124.222614195569,1152.9779498443747,703.3581123622297,631.8346838638258,13.119999999999994,11.347857142857144,12.655151515151518,10.973636363636363,1.1163486953076944,0.270564800175309,0.2960185827219355,1.1393178884943769,-25.26315869442421,-54.09192554836783,401.0,327.37226476716063,1390.655106271648,2320.8847321583125,498.4739584256239,1366.532899215396,3719.0
2021,74,173,0,21.88,18.839642857142856,14.145454545454546,13.808636363636364,32.50058823529412,30.684285714285718,27.10151515151515,23.608636363636364,27.19029411764706,24.76196428571429,20.62348484848485,18.70863636363636,37.02,13.18,32.64,93.14,69.81588235294119,59.9725,63.27515151515152,78.34636363636365,19.756245954598302,70.46124075795814,94.27241021638594,33.07730041915592,16.730361019271058,22.676743245894333,25.898913234854813,20.94167528369792,14.215277717456829,4.718534471562493,11.459621236707678,49.59646529490449,3.025884935327245,47.7844975120638,68.37349698153112,12.135625135457998,11.133246746674487,0.0,0.0,34.06148065810527,0.8468390734615773,0.3218328687085054,0.2747242080202294,0.6331131929850619,7408.234661889122,-127.79721099222,-81.4530992846259,-75.47628578102447,10.620588235294118,11.844642857142862,12.956060606060605,9.8,1.8738377769276318,0.18705319205596596,0.3462306726334943,2.8158283420874404,-25.26315869442421,-54.09192554836783,401.0,98.34304033045036,1466.2331743737407,1853.025364407041,286.5055608684332,1366.532899215396,3719.0
2021,74,173,1,21.88,18.839642857142856,14.145454545454546,13.808636363636364,32.50058823529412,30.684285714285718,27.10151515151515,23.608636363636364,27.19029411764706,24.76196428571429,20.62348484848485,18.70863636363636,37.02,13.18,32.64,93.14,69.81588235294119,59.9725,63.27515151515152,78.34636363636365,19.756245954598302,70.46124075795814,94.27241021638594,33.07730041915592,16.730361019271058,22.676743245894333,25.898913234854813,20.94167528369792,14.215277717456829,4.718534471562493,11.459621236707678,49.59646529490449,3.025884935327245,47.7844975120638,68.37349698153112,12.135625135457998,11.133246746674487,0.0,0.0,34.06148065810527,0.8468390734615773,0.3218328687085054,0.2747242080202294,0.6331131929850619,7408.234661889122,-127.79721099222,-81.4530992846259,-75.47628578102447,10.620588235294118,11.844642857142862,12.956060606060605,9.8,1.8738377769276318,0.18705319205596596,0.3462306726334943,2.8158283420874404,-25.26315869442421,-54.09192554836783,401.0,98.34304033045036,1466.2331743737407,1853.025364407041,286.5055608684332,1366.532899215396,3719.0
2021,84,183,0,20.351764705882356,17.195714285714285,14.727878787878788,10.124090909090908,31.91941176470588,29.42392857142857,26.48818181818182,20.40590909090909,26.13558823529412,23.30982142857143,20.6080303030303,15.265,10.58,23.49,57.37,88.57000000000001,62.93176470588235,60.55535714285714,68.42333333333333,79.27545454545454,19.66574121962137,62.54715404815664,82.81965934901936,28.53588282162717,10.786468857168696,16.38452023702737,33.712568809756455,23.259315105955896,3.837456722070677,10.942936485043305,34.60036767528685,46.56471705311158,8.879272362452678,46.16263381112926,49.107090539262906,5.276567715671277,3.155185531871739,0.0,0.0,53.34633551621937,0.5484903282672386,0.2619546882087155,0.4070599791733582,0.8150900832942796,5658.695636887676,-605.8650416004423,-426.24422640809206,-410.4808695278092,11.567647058823525,12.228214285714284,11.76030303030303,10.281818181818183,0.5379914177576928,0.37555665573391955,0.6927099248045784,3.1038114556902143,-25.26315869442421,-54.09192554836783,401.0,283.4211507080998,1358.2860399276808,1300.7575427659121,107.67316111801392,1366.532899215396,3719.0
2021,84,183,1,20.351764705882356,17.195714285714285,14.727878787878788,10.124090909090908,31.91941176470588,29.42392857142857,26.48818181818182,20.40590909090909,26.13558823529412,23.30982142857143,20.6080303030303,15.265,10.58,23.49,57.37,88.57000000000001,62.93176470588235,60.55535714285714,68.42333333333333,79.27545454545454,19.66574121962137,62.54715404815664,82.81965934901936,28.53588282162717,10.786468857168696,16.38452023702737,33.712568809756455,23.259315105955896,3.837456722070677,10.942936485043305,34.60036767528685,46.56471705311158,8.879272362452678,46.16263381112926,49.107090539262906,5.276567715671277,3.155185531871739,0.0,0.0,53.34633551621937,0.5484903282672386,0.2619546882087155,0.4070599791733582,0.8150900832942796,5658.695636887676,-605.8650416004423,-426.24422640809206,-410.4808695278092,11.567647058823525,12.228214285714284,11.76030303030303,10.281818181818183,0.5379914177576928,0.37555665573391955,0.6927099248045784,3.1038114556902143,-25.26315869442421,-54.09192554836783,401.0,283.4211507080998,1358.2860399276808,1300.7575427659121,107.67316111801392,1366.532899215396,3719.0
2007,36,135,0,22.801764705882352,23.221071428571427,21.98121212121212,16.987272727272728,28.81705882352941,30.012857142857143,30.585454545454542,24.59272727272727,25.80941176470588,26.616964285714285,26.28333333333333,20.79,126.15,121.09,109.43,138.31,81.13529411764705,75.56214285714285,73.9009090909091,81.30727272727273,20.365455887872614,89.81387873459859,147.96302558894678,48.28599266158128,19.004362137644,77.74717811869837,97.94812241388196,40.24474661419163,20.64577777777777,28.26497615900576,24.580914940558863,35.72911338740418,1.361093750228612,12.066700615900228,50.014903175064816,8.041246047389642,93.04608230680046,35.72362350007364,15.165938804564933,86.91705493896305,0.9331665464440142,0.8656477062798111,0.661977017731374,0.8334662786421777,9935.276960562662,7933.036087967252,6592.261829517589,6372.695050590651,6.015294117647059,6.791785714285716,8.604242424242422,7.605454545454542,6.194312599460188,1.3482326084348595,0.7395766581848994,2.864391770287582,-24.43340870301716,-54.18603748594181,326.0,39.22271866467616,362.1561617706398,1529.728547656255,197.7561709763496,1323.9495998910247,2346.0
2007,46,145,0,22.896470588235296,23.06,20.543333333333333,15.438636363636364,29.31882352941177,31.036785714285717,28.39151515151515,22.512272727272727,26.107647058823527,27.048392857142854,24.46742424242424,18.975454545454543,104.41,77.72,203.58,127.64,81.46470588235294,71.54928571428572,78.36515151515152,82.09818181818183,21.072839700239637,92.87238208988283,122.54076133862576,40.92841502358892,20.39753673786597,58.28702927909549,99.72198452530829,33.47520287371604,20.64577777777777,7.869672733753852,27.32337023206267,41.82433877831044,0.6753029623736682,34.58535281078735,22.81877681331749,7.453212149872877,69.91290770657848,32.20907576492843,84.40431797638291,79.6638285800362,0.9679538699112302,0.6276034701326462,0.8137862327274048,0.8178963894502816,9286.551668392463,4099.132244777605,3717.4748158533007,3582.081698634394,6.422352941176474,7.976785714285718,7.848181818181818,7.073636363636362,4.954719035745935,0.8368472763494081,1.6613247524832384,3.118615756960909,-24.43340870301716,-54.18603748594181,326.0,19.799088382722573,1073.4181840413762,647.8596476343462,167.7887446121609,1323.9495998910247,2346.0
2007,56,155,0,23.67470588235294,22.43035714285714,18.63939393939394,12.644545454545456,31.11176470588235,30.3325,26.53787878787879,19.50318181818182,27.39323529411765,26.381428571428568,22.58863636363636,16.073863636363637,63.8,124.04,177.91,91.65,74.53176470588235,72.80035714285714,79.62727272727273,81.13863636363637,23.60329478278434,81.59731931020927,111.87765554970396,33.20062060126557,20.95698649063216,53.67795472151096,91.4265251735752,29.15145543333816,18.82537126245883,34.93637389329792,33.4646369269656,34.03622774630814,2.646308292152177,27.919364588698308,20.45113037612872,4.049165167927409,30.56386446913123,54.25104264764995,87.9552117927571,61.9269537473193,0.8878839451650483,0.6578396836474859,0.8172009390468243,0.8780394735219781,7979.888909931256,3884.286939111261,3529.264936640149,3443.1787346895376,7.437058823529412,7.902142857142859,7.898484848484848,6.8586363636363625,2.7030124644519606,1.5201479784946856,1.5902192365924204,2.7604905673512143,-24.43340870301716,-54.18603748594181,326.0,82.3313209246639,846.8641263866914,542.7296189968099,78.97160448193698,1323.9495998910247,2346.0
2007,64,163,0,22.915294117647058,22.16,17.73,11.672272727272729,29.84647058823529,30.67,25.2130303030303,19.51727272727273,26.38088235294118,26.415,21.47151515151515,15.594772727272726,72.22999999999999,100.57,223.72,15.46,72.88588235294117,73.90071428571427,81.5939393939394,79.19954545454546,21.00071868134387,75.88926483389075,97.51349654596288,34.831812527108724,16.67188648615464,55.1521769653638,78.00844964715965,26.73657884679836,14.322088154815916,29.966804190915653,45.32,24.38804703598028,4.328832195189229,20.737087868526952,19.50504689880322,8.095233680310372,45.66388375877754,29.77310699853647,130.358354543756,9.65537411722137,0.7938721878582767,0.7267454373959603,0.7999759254903802,0.7675908001052184,7144.178155834134,4215.909240127447,3794.267568140924,3617.903030201254,6.931176470588234,8.510000000000002,7.483030303030301,7.845000000000001,3.4394061029999894,1.3252203749783498,2.2942465189375074,0.4438471293438397,-24.43340870301716,-54.18603748594181,326.0,129.20036279512132,636.0064849277217,491.78133852155275,157.99688352962127,1323.9495998910247,2346.0
2007,74,173,0,22.598823529411764,20.830714285714286,14.822121212121212,14.240909090909092,30.68235294117647,28.697857142857146,22.15787878787879,22.990454545454547,26.64058823529412,24.764285714285712,18.49,18.61568181818182,53.48,203.57,128.29,3.5900000000000003,71.48,77.31392857142858,80.80484848484848,79.39727272727272,21.32167903272664,66.03470419354767,83.33553548667663,37.75978193346653,11.12200676523413,56.89583995335833,65.5660901896055,18.824194357584908,5.328752756962949,37.90794555267639,29.37550585634369,14.14131149875878,10.19967226749251,9.138864240189337,17.76944529707113,18.93558757588162,43.57546270002514,114.09496725092822,71.2563495067272,0.0,0.5216290306294811,0.8616051309414009,0.7867722911564894,0.4985249753495269,5778.385794989232,4578.8373767878265,4090.669875278077,3680.396119969673,8.083529411764708,7.867142857142859,7.335757575757578,8.749545454545455,2.5082452426900135,3.0827729522848544,1.5394393190226816,0.0950747016051536,-24.43340870301716,-54.18603748594181,326.0,312.9499443955349,262.2658204129193,393.7332150203449,435.33776545478025,1323.9495998910247,2346.0
2007,84,183,0,22.821176470588235,19.612142857142857,12.934848484848484,14.051363636363636,31.40823529411765,27.443928571428568,20.453030303030303,23.508636363636366,27.11470588235294,23.528035714285718,16.69393939393939,18.78,69.67,177.51,92.41,0.82,71.95647058823529,80.06642857142857,80.82515151515152,76.15772727272727,19.956401866963507,60.39217352900463,72.44923653660946,39.61828397310803,12.182345924831196,47.2923672405085,56.87112547254277,12.687321312024295,16.989212648630897,45.31999999999998,20.632260831984947,8.76493951996065,7.7740559421323105,13.099806288496127,15.578111064066691,26.930962661083733,45.1191524307321,101.8868454081224,60.22661369547227,0.0,0.6104480159320833,0.7830876830057347,0.7849789478982999,0.3202390421714418,5516.745004786739,3721.7700929044927,3321.6406323760098,2870.056308810775,8.587058823529414,7.8317857142857115,7.518181818181819,9.45727272727273,3.4911102945533505,2.939288149891592,1.2755137861708745,0.02069751432335123,-24.43340870301716,-54.18603748594181,326.0,244.16937822012505,359.5101480810385,318.6195776573277,633.1102081220862,1323.9495998910247,2346.0
2008,36,135,0,23.41470588235294,22.325357142857143,20.706060606060603,15.419545454545457,33.10764705882353,30.59107142857143,30.075151515151514,24.00454545454545,28.26117647058824,26.458214285714288,25.39060606060606,19.712045454545457,38.9,110.89,67.93,69.73,62.21764705882353,68.45214285714286,65.33545454545455,75.4659090909091,26.996719317102063,95.88964711868196,149.7552024978427,48.09620817534571,17.098574101460454,69.08354209228406,56.7505132513666,38.20477952978158,8.689672796653394,16.301339690891698,27.480826439525103,35.30435199777264,9.898145215641614,26.80610502639789,93.0046892464761,9.891428645564124,17.419923167023597,34.19479101347763,0.0,23.701694911970872,0.6333574795004344,0.7204483921687588,0.3789552035909011,0.7943407802647839,8606.008395303716,4997.273169429245,3445.5079203748264,3303.787826275668,9.69294117647059,8.265714285714285,9.369090909090911,8.584999999999994,1.4409158217738467,1.1564334975886625,0.45360694564837284,1.4498024406785535,-24.43340870301716,-54.18603748594181,326.0,327.7042983364453,820.0274735843254,2797.1301207073516,237.43924853283696,1323.9495998910247,3000.0
2008,46,145,0,24.197058823529414,21.997857142857143,19.01151515151515,15.189545454545454,32.135882352941174,31.360357142857143,28.15363636363637,24.895909090909093,28.16647058823529,26.67910714285714,23.58257575757576,20.042727272727276,75.32,55.92,117.85,8.1,67.7570588235294,64.86285714285715,68.39606060606062,73.84363636363636,24.46489036430869,96.43331255358436,127.86466499594208,47.31756355346295,18.771492180101507,62.27155528206063,59.30039730752184,34.024282277639905,17.24715857993386,8.26221263089652,45.32,19.395717722360093,5.693398184207188,34.161757271523754,68.56426768842026,13.293281275823045,43.585462168066805,2.633390666976716,21.49181532337468,0.0,0.7672829062617357,0.6457473422108014,0.4637747051494155,0.7190624309976718,8600.122607127338,4030.198170795591,2949.6510695750144,2783.91750939671,7.93882352941176,9.3625,9.142121212121218,9.706363636363639,3.078697630702762,0.5798825998943816,0.9216776190962538,0.1711837929027772,-24.43340870301716,-54.18603748594181,326.0,182.9623742361311,1071.324908662582,1930.3334600388068,330.94832216277456,1323.9495998910247,3000.0
2008,56,155,0,22.681764705882355,21.13607142857143,17.106969696969696,15.31590909090909,30.66588235294118,31.076071428571428,25.51757575757576,25.108636363636364,26.673823529411763,26.10607142857143,21.312272727272727,20.21227272727273,82.4,26.15,123.78,31.54,69.29529411764706,61.97035714285715,74.70575757575757,72.74136363636363,22.620444214707906,92.65121765791947,105.2464400898236,47.33716793684942,15.557548296550875,40.33163984683265,75.24281051924284,24.78534846891955,20.64577777777777,3.584647228814088,30.39569638548168,37.150347916562126,7.062895918157031,52.31957781108682,30.00362957058076,22.55181946792987,50.57306965511465,2.879490702131033,21.726140324089577,0.0,0.6877649328581837,0.4353060959839987,0.7149202429557343,0.5235917049787319,7597.488839027796,1162.105389184891,996.4590281805608,901.5147588457506,7.984117647058824,9.939999999999998,8.410606060606064,9.792727272727275,3.6427224513311365,0.28224129872258397,1.17609678668807,0.6662840506655621,-24.43340870301716,-54.18603748594181,326.0,216.58993529727198,1625.8869371700348,765.6198905695347,566.2454343586264,1323.9495998910247,3000.0
2008,65,164,0,21.595294117647057,20.91857142857143,16.10242424242424,14.564090909090908,30.694705882352935,30.55785714285714,25.13818181818182,23.495454545454542,26.145000000000003,25.738214285714285,20.62030303030303,19.029772727272725,45.52,52.09,84.12,72.72,66.23588235294118,63.25714285714286,75.06545454545454,73.90045454545454,22.793133165957148,80.48136689575956,99.63821174563614,41.01535748328034,18.23726753347133,39.08755209680319,70.23806565799045,23.657426739598257,11.885769598977618,24.888217502174427,16.18391082606347,45.32,4.555865632485816,41.393814798956384,29.400146087645695,17.357930743682083,19.853180591504863,0.0,22.58624101812051,19.926484086465216,0.8001211330046428,0.4856720704983783,0.7049310141906141,0.5767943568270021,7444.560091965623,1701.1423247390014,1450.1651544999224,1327.4215391164803,9.099411764705877,9.639285714285712,9.035757575757579,8.931363636363635,1.9970927063237947,0.647230557943525,0.8442544133042834,1.772994421166361,-24.43340870301716,-54.18603748594181,326.0,139.84095562867196,1264.906279224395,739.0662178323444,407.83247279133036,1323.9495998910247,3000.0
2008,75,174,0,21.833529411764708,19.611071428571428,14.795151515151517,12.755,31.405882352941177,29.16321428571429,23.96696969696969,21.13636363636364,26.61970588235294,24.38714285714286,19.381060606060608,16.945681818181818,21.37,67.27,75.28,63.01,64.93705882352941,67.01821428571428,73.86424242424242,76.96227272727273,22.393627444530537,70.54396630851943,92.33238894629558,33.01109740273866,14.963496129907655,44.36317434276688,58.08352568519868,26.500188936486147,6.821482048860006,25.695330376245387,19.807538164632533,38.25215289056397,7.430131314622881,26.180791965752547,34.2488632610969,6.51090846625252,6.1312440434545605,4.0329773298477445,23.084266526414183,18.065196337582417,0.6682033166342761,0.6288726969043312,0.629069889212793,0.8027660702454451,6260.384099587056,2775.28489875293,2260.566531272687,2171.39444718578,9.572352941176469,9.552142857142861,9.171818181818175,8.38136363636364,0.9542893420431289,0.9535897046928017,0.8153151982646742,1.9087520548399755,-24.43340870301716,-54.18603748594181,326.0,233.34982993395036,763.5160462669486,820.841467934368,137.61692894579193,1323.9495998910247,3000.0
2008,85,184,0,21.18235294117647,17.300357142857145,15.202121212121211,12.082727272727272,31.578823529411768,25.49571428571429,24.866969696969697,20.043636363636363,26.38058823529412,21.398035714285715,20.03454545454545,16.063181818181818,7.99,123.68,41.44,60.79,58.15117647058824,74.91785714285713,73.78030303030303,78.23954545454545,21.746303432291104,53.594180527783855,91.10202180547086,29.472807871392703,10.10945483866512,45.603222754316654,48.26818084736035,27.723313747157977,2.87299861647814,35.10791958353666,28.27973873617632,40.92259484939444,11.636848593625984,7.990957773467202,42.8338409581105,1.7494941242347268,0.0,45.84185627862482,0.0,20.4238301396239,0.4648815312515866,0.8508987786589144,0.5298255723723329,0.940640398706876,5248.7693181988925,4074.872444377285,3116.922034781863,3079.9181849325823,10.396470588235296,8.195357142857144,9.664848484848486,7.960909090909091,0.3674187672804953,2.3077132401694778,0.4548746468929787,2.0625791836754317,-24.43340870301716,-54.18603748594181,326.0,367.4779881765985,203.73517626152739,1065.1478251101532,35.06622404647933,1323.9495998910247,3000.0
2009,36,135,0,23.77,23.89892857142857,21.78,18.67954545454545,31.71705882352941,32.62357142857143,32.56363636363636,28.58727272727273,27.743529411764705,28.26125,27.171818181818185,23.63340909090909,59.11,57.98,45.75,76.3,71.40235294117646,64.58035714285714,58.90393939393939,66.87818181818182,24.42451699813153,102.56752952595264,171.57389144412767,59.46771185117088,18.43418199562924,52.20773880066408,41.73642296565528,19.14529066563119,12.024887188095512,4.630562230020523,8.644139264365245,44.09788455180115,5.990335002502286,50.35979072528856,129.8374684784724,40.32242118553969,32.85834549922544,13.16658615741092,0.0,21.70096404693291,0.7547409022270308,0.5090084458693526,0.2432562589468723,0.3219442966553998,9640.981191999195,2540.520683793155,1579.259120554914,1365.0939898046668,7.94705882352941,8.724642857142861,10.783636363636361,9.907727272727278,2.4201092698996627,0.5652861121640775,0.26664896165101143,1.2830491980413687,-24.43340870301716,-54.18603748594181,326.0,189.9958076470122,1642.9162298543604,4227.980109908074,1152.708051454983,1323.9495998910247,1993.0
2009,46,145,0,24.181764705882355,23.47607142857143,20.37030303030303,17.258636363636363,31.995294117647056,33.21964285714286,31.4239393939394,26.97636363636364,28.088529411764707,28.347857142857144,25.897121212121213,22.1175,50.26,30.66,38.42,127.16,71.13176470588235,59.86928571428571,59.71151515151515,72.19772727272728,24.096662362606924,100.87496783293224,158.2597320378671,49.88883725968203,19.42959104809311,42.8355640682489,37.243842359516485,29.8527990491494,14.830089566816463,2.654525498567563,3.830683139051081,45.32,4.667071314513813,58.03940376468332,121.01588967835065,20.03603821053263,20.39672133750165,0.0,0.0,55.8178840899017,0.806318765467032,0.4246401757390651,0.2353336624543575,0.5983863463034671,9152.709505518416,1253.5575066087213,774.280892868052,712.0885371936215,7.813529411764701,9.743571428571428,11.053636363636368,9.717727272727277,2.0857660386192407,0.3039406173668246,0.24276548118258645,2.5488667803201164,-24.43340870301716,-54.18603748594181,326.0,149.32431937590312,1928.0482647042927,3802.7959829561473,540.4994525994049,1323.9495998910247,1993.0
2009,56,155,0,24.26529411764706,23.0225,19.354848484848485,14.470454545454546,32.35470588235294,33.20928571428571,30.24484848484849,22.64136363636364,28.31,28.115892857142857,24.79984848484849,18.555909090909093,47.0,34.349999999999994,52.7,133.39,67.68235294117646,58.89428571428572,62.42121212121212,77.45454545454545,23.45077072574145,99.07987786615216,135.90521703203325,38.8948672750376,19.734274364311847,37.567448180587405,35.56968601600388,33.09347737512448,13.635839117332608,10.418390936745205,27.54870492074133,41.12431170946829,3.7164963614295976,61.51242968556474,100.33553101602938,5.80138989991312,20.176108740577764,0.0,0.0,86.72091583614858,0.8415192231891093,0.3791632467627543,0.2617242133362694,0.8508443322639541,8447.767102140491,580.7406524445146,366.3672714289735,355.4381204276491,8.08941176470588,10.186785714285712,10.890000000000004,8.170909090909094,2.004198520793563,0.34668997116047817,0.3877702501117265,3.429501354427004,-24.43340870301716,-54.18603748594181,326.0,120.24614668688949,2042.7838524078295,3034.6329332266246,131.3513783202602,1323.9495998910247,1993.0
2009,64,163,0,23.45117647058824,22.124642857142856,18.08606060606061,13.663181818181815,32.827058823529406,32.910357142857144,28.323939393939398,20.972272727272728,28.139117647058825,27.5175,23.205,17.31772727272727,19.24,34.68,87.37,117.15,60.811764705882354,58.53535714285714,66.57272727272728,81.39318181818182,24.502497759791,95.97979318198286,116.8588247301954,31.514293425164784,17.313340458944815,34.94567226266325,47.95731763897556,27.29753867723437,5.344690232866682,5.079017970203429,28.167567657048075,43.31633906414536,7.189157300846182,61.0341209193196,68.90150709121986,4.216754747930411,3.1281915304107244,0.0,16.3241326741798,74.70368991566835,0.7065949205944341,0.3640940567188384,0.4103867872169671,0.8661954849806899,7364.578633247431,339.80964928218816,239.6315197582149,233.2187639012972,9.375882352941165,10.785714285714288,10.237878787878788,7.309090909090912,0.7852260691386799,0.3613260546857488,0.7476542760182688,3.717360831147603,-24.43340870301716,-54.18603748594181,326.0,235.99888960648352,2008.6547173551364,1951.5621110027969,88.43493059761875,1323.9495998910247,1993.0
2009,74,173,0,23.06,20.60607142857143,17.543030303030303,10.587727272727273,33.41470588235294,31.818214285714284,26.42969696969697,19.30409090909091,28.23735294117647,26.212142857142855,21.986363636363635,14.94590909090909,11.87,35.15,173.26000000000002,32.21,57.75058823529412,59.65178571428572,73.72696969696969,80.30363636363637,24.323659428407318,85.1127510385164,94.195598402473,31.043372694706008,9.436016942304292,34.488494193711006,53.861395730034,28.28296731535832,6.764757919242831,7.426263725531825,45.32,39.40153649397868,14.887642486103022,50.62425684480538,40.33420267243902,2.760405379347688,0.0,0.0,81.50486799549783,9.845496190663,0.3879357450336638,0.4052094870967547,0.5718037428872039,0.9110790761527524,5644.170821533796,608.5219347533686,478.23852733715376,469.7334450031204,10.354705882352942,11.212142857142855,8.886666666666667,8.716363636363637,0.48800222823943856,0.41298159877470575,1.8393640779233191,1.037580559199128,-24.43340870301716,-54.18603748594181,326.0,497.4661949547542,1610.7734523430556,1066.020754146905,53.28711638887135,1323.9495998910247,1993.0
2009,84,183,0,23.218235294117648,19.086071428571422,15.002424242424242,12.07818181818182,33.20882352941176,30.282857142857143,23.28636363636364,20.04590909090909,28.213529411764707,24.684464285714284,19.14439393939394,16.062045454545455,33.02,41.57,163.66,103.62,60.07235294117647,60.28214285714286,78.16454545454545,85.22363636363637,23.34097311692701,72.10223908680032,76.78018023872747,29.05528104661636,16.413877015950085,24.6665416942538,61.35537033119628,27.555336088654983,11.424404343398855,28.32786264914505,45.32,45.32,6.927096100976929,47.43569739254652,15.42480990753119,1.4999449579613762,9.747611385701797,0.0,85.31249231794878,76.06466391134502,0.7032216237825425,0.3421050720014253,0.7991042758746872,0.9483761676386864,6047.533814431052,79.57107930995848,71.57833451125508,70.83930492295286,9.990588235294112,11.19678571428572,8.283939393939397,7.967727272727268,1.4146796637220624,0.576542428175579,2.1315396693670543,3.566305203992067,-24.43340870301716,-54.18603748594181,326.0,230.04071198861908,1436.4884476102875,359.1877325285559,30.0677602686612,1323.9495998910247,1993.0
2010,36,135,0,24.598823529411764,22.978571428571428,20.78575757575757,16.105,30.308235294117647,30.504285714285714,28.60333333333333,23.04636363636364,27.453529411764706,26.74142857142857,24.69454545454545,19.57568181818182,117.21,101.25,173.42000000000002,68.57,80.79117647058824,73.78357142857143,76.21121212121211,83.15954545454545,21.604447756696448,97.76614561981188,138.18967487376258,40.54841781948603,18.09988447473876,65.7228792631755,75.09830241874165,37.37408979143875,17.086508741020186,37.8919286255007,45.32,35.38184701952158,3.5045632819576897,32.04326635663637,63.09137245502093,3.174328028047281,86.20073294475516,14.721700852343991,90.89362620675904,41.13406318903967,0.8377851023351697,0.6722457845352251,0.5434436580543703,0.9217151198801692,9422.610546116815,4790.160055357869,3696.671079253738,3638.792388797373,5.709411764705884,7.525714285714287,7.81757575757576,6.94136363636364,5.4252717458917665,1.0356345681636663,1.2549418048665404,1.6910647489443558,-24.43340870301716,-54.18603748594181,326.0,106.21712855269882,977.456952161795,1804.6235567884487,73.15671803547876,1323.9495998910247,3043.0
2010,46,145,0,23.09058823529412,23.49642857142857,18.946363636363635,14.527727272727274,28.77294117647059,30.712142857142855,27.35606060606061,21.11863636363637,25.931764705882355,27.104285714285712,23.15121212121212,17.82318181818182,108.35,167.26,125.24,113.14,82.55470588235295,74.96142857142857,76.65181818181817,84.68181818181819,19.753484282028168,85.39584813523042,124.5935524780186,35.924517940635624,18.53212352528792,64.4292958996791,61.16577873763387,30.73982977019209,14.3480384519982,26.52104270307196,34.112957077198764,44.771415559184646,1.2213607567402456,20.966552235551323,63.42777374038473,5.18468817044353,82.01606024493611,90.65769984924714,56.48230688823932,71.74171174782202,0.9381698570590176,0.7544780841997226,0.4909225037822486,0.8556782813617402,9045.903173351482,5714.451957453885,4259.90251007526,4136.94321977816,5.682352941176468,7.215714285714284,8.409696969696974,6.590909090909095,5.485108270168693,1.9586432321057556,1.005188450839745,3.149381160436475,-24.43340870301716,-54.18603748594181,326.0,35.14214120893669,643.9277474800001,1735.1340225494644,109.49354413044405,1323.9495998910247,3043.0
2010,56,155,0,22.37058823529412,22.06357142857143,17.651818181818182,14.04,30.16411764705882,28.94071428571429,25.7130303030303,20.81636363636364,26.267352941176476,25.502142857142854,21.682424242424243,17.42818181818182,25.18,164.91,134.09,129.5,71.50529411764707,77.375,78.92242424242424,87.32454545454546,24.07010934092985,77.88367343352365,105.5748037976544,30.609749917548783,14.237631937249846,52.14872093346265,59.64241807086544,27.63195948948156,7.737838452398821,11.155092011930932,29.417743534699696,45.32,9.832477403680004,25.73495250006101,45.93238572678897,2.977790428067226,9.750751832573556,109.34402550700524,56.184930406365794,85.96578404521814,0.5915067412277836,0.6695719222588203,0.5649304182954165,0.9027175839042044,7086.082865266272,3573.921755439305,2796.46943384736,2742.0599732348173,7.793529411764698,6.877142857142861,8.061212121212119,6.776363636363641,1.0461107443821556,2.1173885710559897,1.270094711774204,4.2306781449970865,-24.43340870301716,-54.18603748594181,326.0,296.5880051666511,744.7879074606943,1181.0608260834013,61.98676838353032,1323.9495998910247,3043.0
2010,64,163,0,23.304117647058824,20.6525,16.42787878787879,13.559545454545455,31.689411764705884,28.295,23.60030303030303,20.730454545454545,27.496764705882352,24.47375,20.01409090909091,17.145,64.89,107.55,211.0,53.82,69.68411764705883,75.89214285714286,83.15181818181819,85.39863636363636,24.397459321622083,78.91445488932834,83.0675184397169,32.433199936775075,15.183585599444552,35.12744400183815,65.7518839794872,30.09820000836178,20.64577777777777,4.909600177979442,40.28436008696919,37.09369392083523,9.21387372217753,43.78701088749019,17.3156344602297,2.3349999284132976,34.72563662277768,88.15873359796018,109.87335611152304,26.912466157772176,0.6223429005162108,0.4451332021630483,0.7915474690291145,0.9280058725945908,6687.01952667947,1121.411858916761,1004.531288790779,990.0672180731945,8.38529411764706,7.642500000000002,7.172424242424242,7.17090909090909,2.6597031741945227,1.3628681862002454,2.5401023644774607,1.6594107305142916,-24.43340870301716,-54.18603748594181,326.0,291.982238330087,1238.953473061535,408.65422042337855,48.40560987961148,1323.9495998910247,3043.0
2010,74,173,0,23.75176470588235,19.196428571428573,14.87818181818182,13.788636363636364,30.03470588235294,27.767142857142854,21.72757575757576,21.48409090909091,26.89323529411765,23.481785714285717,18.30287878787879,17.636363636363637,126.89,123.58,121.33,33.71,79.77941176470588,75.71321428571427,84.59939393939395,83.65681818181818,18.777670114296495,65.81579242970946,73.7646299213705,34.184711680005165,14.61126595320118,33.64025476838992,63.46582948771182,28.17623932511707,13.861647483550772,45.31999999999998,39.52655476699825,31.370130506687463,4.166404161095318,32.17553766131954,10.298800433658672,6.008472354888096,104.02658298251588,58.48139271516087,63.6576157452899,13.69018493519372,0.7781192162959983,0.5111273985543416,0.8603829444459128,0.8242351021962112,6639.512455357391,1770.6988657852637,1647.0889848283134,1589.1888994098945,6.28294117647059,8.570714285714281,6.84939393939394,7.695454545454545,6.757494365788838,1.877664849693667,1.6448262552029593,0.9861133338069712,-24.43340870301716,-54.18603748594181,326.0,125.13672356550933,893.4227507472397,223.76796663447288,129.08656629717538,1323.9495998910247,3043.0
2010,84,183,0,20.845294117647057,18.575357142857143,13.37181818181818,15.544545454545457,27.508823529411764,26.88892857142857,20.39212121212121,24.064545454545453,24.17705882352941,22.732142857142858,16.881969696969698,19.80454545454545,18.42,133.82,131.0,7.24,77.20705882352941,78.94392857142857,84.8,82.16045454545454,18.59360991370001,54.66428685724593,66.47227659835488,38.25481502756717,11.892734867351928,35.479964920346525,55.856043425083136,23.10027668100491,6.559465355242697,33.51680364131154,34.884984086357264,19.024707405352352,6.700875046348084,19.18432193689941,10.61623317327174,15.15453834656226,6.514021999627599,71.38269679358464,73.77577612987115,0.0,0.6396140890634264,0.6490520037881651,0.8402908142078814,0.6038527872728806,5698.237950666695,2698.560164579631,2483.0677412316018,2286.335668291297,6.663529411764706,8.313571428571425,7.020303030303031,8.519999999999996,0.9906629258919705,2.44803339974903,1.9707464029183275,0.1892572214708845,-24.43340870301716,-54.18603748594181,326.0,184.33318914262833,515.8458622525784,216.48751368549952,364.6870768834996,1323.9495998910247,3043.0
2011,36,135,0,23.29823529411765,22.86928571428572,21.60242424242424,18.38681818181818,28.35705882352941,29.756071428571428,29.874848484848485,26.735454545454544,25.82764705882353,26.31267857142857,25.738636363636363,22.561136363636365,135.29,55.16,127.02,15.33,83.06176470588235,74.15892857142856,74.00848484848484,72.95045454545455,19.488758536650817,93.13360353134723,136.59843455187533,54.54603160163655,17.69395387974159,50.48161185579823,99.4677638277038,32.651511095787875,10.247313586173366,7.280243875527298,31.97643334629762,14.654922250509744,1.7948046569092264,42.651991675549006,37.13067072417155,21.894520505848675,113.89495475630729,7.645457854847837,2.856046701525888,0.0,0.9079056445009622,0.5420343457322249,0.7281764549792801,0.5986047038994532,10097.399586497171,3161.006274447164,2731.3883087706804,2512.1150249777647,5.058823529411761,6.886785714285708,8.272424242424243,8.348636363636363,6.941950650451737,0.5922674298910173,0.9298788848986569,0.2810470267013898,-24.43340870301716,-54.18603748594181,326.0,50.89538123271946,1269.1557108684701,1109.2731620254244,585.3599577786397,1323.9495998910247,3100.0
2011,46,145,0,23.614117647058823,22.72892857142857,19.911212121212124,17.479545454545455,28.808823529411764,30.62071428571429,28.336666666666662,26.688636363636363,26.211470588235294,26.674821428571427,24.123939393939395,22.08409090909091,39.36,84.56,75.34,3.34,79.49764705882353,73.15642857142858,72.6651515151515,71.71863636363636,20.242843219385943,85.11081060555686,129.8180746447251,52.54265564927373,15.972566712957017,54.03689809413986,95.2886006636823,17.800218889922377,17.718996666542893,42.04194472897046,22.093344065288157,7.633125175365778,4.270276506428928,31.073912511417014,34.529473981042784,34.74243675935136,10.45132246384274,6.200153843432574,0.0,0.0,0.789047592764073,0.6349005221507289,0.7340164374218299,0.3387765363201321,8991.325758266312,4067.233248992714,3526.32465429098,3059.986933896981,5.194705882352942,7.891785714285721,8.425454545454539,9.209090909090907,1.9443908927924782,0.9935283120717816,0.5803506191736706,0.0635673998340464,-24.43340870301716,-54.18603748594181,326.0,123.02164229550397,951.5053967513829,978.4501943761488,927.2282610569613,1323.9495998910247,3100.0
2011,56,155,0,22.993529411764705,21.980357142857144,19.53666666666667,14.905454545454546,29.02705882352941,30.403214285714284,28.09454545454545,24.82590909090909,26.01029411764706,26.191785714285714,23.815606060606054,19.86568181818182,37.21,76.42999999999999,66.64,3.19,76.06529411764707,71.10321428571429,74.0969696969697,69.64454545454545,20.562821093129276,82.56374394875873,117.59351701008126,47.28311373225358,16.34373472664954,56.26047032576642,72.60689173441266,9.445571565586029,16.945980735064442,16.02366952584744,10.056777791434788,3.801206225848759,4.219086366479732,26.303273622992304,44.986625275668615,37.83754216666755,10.466506760508242,21.091840883450587,0.0,0.0,0.7948196724869881,0.6814185941069141,0.6174395798383007,0.1997662763724219,8392.097723901777,4381.748286992585,3543.60655413524,2976.463860557893,6.033529411764704,8.42285714285714,8.557878787878781,9.920454545454543,1.809576605830272,0.925708989740515,0.5666979072858835,0.06746594604711875,-24.43340870301716,-54.18603748594181,326.0,122.46766814135813,799.7040643756113,1263.878788653875,939.351382053128,1323.9495998910247,3100.0
2011,64,163,0,22.529411764705884,21.586785714285718,18.11,13.381363636363636,30.79588235294117,29.71142857142857,26.92242424242424,23.687272727272727,26.662647058823527,25.64910714285714,22.51621212121212,18.534318181818183,19.52,108.02,34.33,45.17,70.4135294117647,73.645,72.60090909090908,70.44818181818182,23.195778664534544,74.77090174274971,111.5348594253924,43.5505823871557,13.49037147319631,55.52454945504606,55.08197417331826,12.96913400705183,6.41665596862224,26.834872024575287,6.082897851257023,38.28376384420519,9.705407191338232,19.246352287703647,56.45288525207415,30.58144838010387,4.1989161502793735,32.077234489000894,0.0,0.0,0.5815873512288067,0.7425956911162986,0.4938543380705432,0.297794731922501,7071.988943441132,4341.44830381167,3242.7456910790324,2787.331069616771,8.266470588235286,8.124642857142852,8.812424242424239,10.305909090909092,0.841532430633395,1.444679647861467,0.30779614711366476,1.0371847521681343,-24.43340870301716,-54.18603748594181,326.0,298.88657805184135,571.8366212566577,1519.8485264652347,724.3911081745331,1323.9495998910247,3100.0
2011,74,173,0,22.865294117647057,20.66107142857143,16.430303030303033,13.72909090909091,31.08705882352941,29.212857142857143,25.73696969696969,24.250454545454545,26.976176470588232,24.93696428571429,21.08363636363636,18.98977272727273,67.52,63.83,14.87,44.4,73.77588235294118,72.54392857142857,71.40272727272728,73.3640909090909,20.025309367974984,71.71997640612707,101.55728449556572,42.4509675832026,12.634850049412895,53.99277849671858,33.65046210074792,23.183522629869483,20.14136758393249,22.332142238691063,3.5516801379431464,24.768157508073656,7.390459318562085,17.727197909408495,67.90682239481781,19.26744495333311,39.27522628823999,7.646446848522849,0.0,0.0,0.6309440626979222,0.7528276109709642,0.331344642266574,0.5461247163431667,6795.71944112056,4276.14812697131,2846.5134491907497,2588.121029353861,8.221764705882354,8.551785714285714,9.306666666666658,10.521363636363635,3.371733178213956,0.8899891382918381,0.1464198267397477,1.0459125557733722,-24.43340870301716,-54.18603748594181,326.0,229.74764356904063,517.8621000707062,1747.7158301929287,467.24429804785217,1323.9495998910247,3100.0
2011,84,183,0,21.79294117647059,19.3025,15.166666666666666,13.277727272727274,29.972352941176467,27.900714285714287,24.819696969696967,22.29,25.88264705882353,23.601607142857144,19.993181818181817,17.783863636363638,68.12,66.44,43.92,56.42,71.90764705882353,73.6842857142857,70.97030303030303,78.46136363636364,18.628149322512684,63.71296455682551,94.2362318786686,37.20919812742142,13.753608198622024,46.19877545972633,26.55083339189089,25.089034635852578,8.015910663060168,16.085500141646474,33.45466674975558,45.32,4.874541123890659,17.514189097099184,67.68539848677771,12.12016349156884,50.99378259349072,12.171635061687368,0.0,19.465632113903,0.7383239183078897,0.7251079239692528,0.2817476130208148,0.6742696940131894,6445.268257377185,3787.6384996089496,2427.398302929756,2269.262864536721,8.179411764705879,8.598214285714288,9.6530303030303,9.012272727272725,3.656831326645794,1.0428018922387805,0.4660627778129759,1.5162917461105168,-24.43340870301716,-54.18603748594181,326.0,146.10146699152983,488.6583859441366,1679.9310797150085,270.1584442270694,1323.9495998910247,3100.0
2012,36,135,0,24.95705882352941,23.02892857142857,20.24878787878788,15.556818181818182,35.56058823529412,31.561785714285715,29.98030303030303,23.565,30.258823529411764,27.295357142857146,25.114545454545453,19.56090909090909,63.17,63.25,126.81,118.3,51.63411764705882,66.70892857142857,64.84787878787878,78.43954545454545,31.18861904619532,103.42186346420208,142.56908711226004,46.6091117094984,12.604591012770872,41.77064501743176,84.57252461521576,39.022932654514726,20.64577777777777,2.7585841164535303,41.20030713391951,42.87087856687676,18.584028033424445,61.65121844677033,57.99656249704429,7.586179054983678,34.023985029539524,39.366548643892486,3.795752367318258,77.60649591252803,0.4041407217838488,0.4038860219521188,0.5932038026491864,0.8372382828862687,7762.296956989539,821.4763802595445,654.3896464079977,633.0877299058351,10.603529411764708,8.532857142857146,9.73151515151515,8.00818181818182,2.025418307442056,0.6115728133432158,0.8894635055083772,2.5381303281927132,-24.43340870301716,-54.18603748594181,326.0,660.8589686497694,1945.8225456415837,1738.7545183772959,178.76830943069038,1323.9495998910247,1500.0
2012,46,145,0,24.38470588235294,21.375,19.08515151515152,15.951363636363636,31.09058823529412,31.856785714285717,27.946666666666665,24.188181818181818,27.73764705882353,26.615892857142857,23.51590909090909,20.069772727272728,121.66,47.15,172.04,71.6,71.16999999999999,57.0275,71.81212121212121,78.53090909090909,23.262147967827783,100.23045095382902,119.15660460123836,47.9039113697456,18.495866719312428,44.52049163705324,81.4127878405167,34.84231093619173,18.447851937423525,21.077360300370287,35.542011558785056,45.32,4.766281248515353,55.70995931677579,37.743816760721664,13.06160043355387,89.07566814184509,0.0,76.16256090106853,26.97970062259332,0.7951057118582833,0.4441812963363951,0.6832419244654324,0.7273374958312253,8721.320235230927,1450.110874159098,1220.4437092539054,1153.8898616614658,6.705882352941181,10.481785714285717,8.861515151515146,8.236818181818181,5.229955555620197,0.4704159220207396,1.443814218907443,1.4946587439876569,-24.43340870301716,-54.18603748594181,326.0,148.18648771119442,1774.7402361061013,1054.8138657396348,315.9363661232435,1323.9495998910247,1500.0
2012,56,155,0,22.97,20.66857142857143,17.775151515151517,16.85409090909091,31.52470588235294,30.90857142857143,26.04878787878788,24.253636363636364,27.24735294117647,25.78857142857143,21.9119696969697,20.55386363636364,44.05,60.23,185.7,82.1,68.37882352941176,59.5375,76.12515151515152,81.77863636363637,24.78651873680961,86.63695828435236,105.66133295826998,38.88112789074864,14.252554034269272,48.017256680634326,81.59737696782676,31.54865659596175,3.5068521866717965,15.71959550603747,42.4300038516899,45.32,10.533964702540342,38.61970160371803,24.063955990443212,7.332471294786897,32.83681600128115,0.0,77.39221468652082,47.66134725572815,0.5750123357623146,0.5542352551556142,0.7722539048419248,0.8114131021252706,7354.313735808066,2436.873056886,2159.378895335145,2077.932781893662,8.554705882352941,10.240000000000002,8.273636363636363,7.3995454545454535,1.777175748951903,0.6951998453398869,1.7575019621732444,2.1115642589045067,-24.43340870301716,-54.18603748594181,326.0,332.08013902267174,1193.6798055686334,626.8368851195421,177.8390924305633,1323.9495998910247,1500.0
2012,65,164,0,22.93470588235294,20.168928571428573,16.151212121212122,15.222272727272726,33.465294117647055,29.957142857142856,24.338181818181816,22.332727272727272,28.2,25.063035714285714,20.24469696969697,18.7775,4.62,86.48,155.29,112.33,57.42,64.115,77.20333333333333,83.58227272727272,26.28157091259969,76.64010371549091,97.26244215138192,30.736270713302307,6.321942033790739,54.45635068108954,76.318547508504,28.622208162493106,2.644481560580822,23.52094594830277,23.932534192566894,40.759953727710986,19.959628878808957,22.183753034401374,20.943894642877936,2.114062550809207,0.0,11.14718493118851,78.55986424723189,66.88037230236282,0.2405465812836906,0.7105464116182104,0.7846661652780599,0.931219289076138,5622.019324402495,3181.048823302395,2838.5551025226846,2799.5075349330714,10.530588235294115,9.788214285714282,8.186969696969694,7.110454545454546,0.1757885788244537,1.1283909573118205,1.596608069518781,3.6546398568576133,-24.43340870301716,-54.18603748594181,326.0,667.9548509084236,664.5618587591382,509.7363157992073,47.212782384708156,1323.9495998910247,1500.0
2012,75,174,0,20.05647058823529,20.279642857142857,15.880909090909087,14.567727272727272,30.51529411764706,29.12857142857143,23.695757575757572,21.54863636363636,25.285882352941176,24.704107142857143,19.78833333333333,18.05818181818182,46.11,170.93,96.89,105.01,55.55705882352942,72.31535714285714,79.47878787878788,84.93409090909091,22.60361808453743,60.649369458756034,89.21411969916852,28.60875544039807,15.085819883829378,51.53273542813963,67.5441379824629,26.78792423970705,12.887219807936267,45.31999999999998,44.56730032040562,44.70271336059973,7.517798200708052,9.116634030616408,21.669981716705628,1.820831200691023,23.02347024471083,86.96448437979666,30.09856169713145,78.08666272009886,0.667407307423461,0.8496829544647438,0.7571014342821835,0.936354057607139,6511.194586405778,5043.079286705272,4430.600923934303,4374.202969700207,10.45882352941177,8.848928571428573,7.8148484848484845,6.980909090909087,2.039938908344178,2.8183310317222534,1.0860388504276528,3.6705546390779613,-24.43340870301716,-54.18603748594181,326.0,229.40782321172406,265.5545255489551,513.4866334301555,39.23642942325423,1323.9495998910247,1500.0
2012,85,184,0,19.46470588235294,17.714285714285715,15.455151515151517,15.400454545454544,29.893529411764707,26.18321428571429,22.847878787878788,23.08090909090909,24.679117647058824,21.94875,19.151515151515152,19.24068181818182,49.96,150.35,138.83,62.0,60.40941176470589,75.51892857142857,80.99181818181819,86.54590909090909,19.720466270701305,57.17293314483755,74.20550980111476,32.219789551780764,12.238266455336362,44.91161884140243,58.44066226121655,27.562393806668588,19.97660194287201,18.914998653576447,38.12464499319566,32.597222471374664,7.482199815364941,12.261314303435125,15.764847539898216,4.657395745112175,22.20260174438491,106.49998444789314,61.17969139916424,39.96502871515241,0.6205870737203995,0.7855398764941227,0.7875515230317657,0.8554492189457902,5836.965601828859,3959.2710560271976,3538.700503148502,3436.3961188190938,10.428823529411765,8.468928571428574,7.392727272727271,7.680454545454545,2.5334086585075104,2.629740888387076,1.8708853341496001,1.9242832080066552,-24.43340870301716,-54.18603748594181,326.0,223.66936024531233,321.0406198313355,360.19332570098356,107.4969277933209,1323.9495998910247,1500.0
2013,36,135,0,23.475882352941177,22.80142857142857,18.35242424242424,17.293181818181818,30.435294117647057,30.132857142857144,26.75515151515152,27.322727272727278,26.95558823529412,26.467142857142857,22.55378787878788,22.307954545454542,142.72,144.97,108.75,124.34,75.53470588235294,76.89928571428571,75.65636363636364,74.04409090909091,21.16645528851109,76.00586469614942,133.3240958443126,55.23487368321279,18.629616963172094,71.12889526443787,100.0391313692475,27.71675718064226,20.64577777777777,42.53468415895888,18.58980013311124,45.32,2.536838325339004,4.8769694317115535,33.28496447506512,27.51811650257053,107.73168138307057,51.95219835438102,32.65575265660015,69.89304295246897,0.8801481735717945,0.9358343010607358,0.7503454700796685,0.5017981454905736,9711.023521473016,8776.351603966592,7680.823636914678,6915.503520900532,6.95941176470588,7.3314285714285745,8.40272727272728,10.02954545454546,6.74274450089273,1.9073528152011725,0.8156815113675425,2.2511140464106814,-24.43340870301716,-54.18603748594181,326.0,77.2094205606118,146.95702317584542,890.544267706803,751.8699922588703,1323.9495998910247,3522.0
2013,46,145,0,23.204705882352943,21.551428571428573,18.30818181818182,16.317272727272726,30.079411764705885,29.022142857142857,27.34,24.21681818181818,26.64205882352941,25.286785714285717,22.82409090909091,20.267045454545453,72.99,132.2,104.39,175.18,78.12882352941176,75.88392857142857,76.29484848484849,80.31272727272727,22.89094029294244,78.336705919734,123.1486311665464,39.44529711715353,20.80561148323021,59.28403694294705,79.48259450460579,34.10313725826964,15.316534989425437,13.452846468116892,7.699688940138413,44.17185115734179,2.085328809712228,19.052668976786947,43.666036661940616,5.342159858883889,43.41407574956657,74.7796515783615,30.66056302337269,104.60470052452698,0.9089015661643592,0.7567849100483132,0.6454200404153367,0.8645678889674085,9092.463177190964,5775.326802906612,4751.419230725188,4622.720283361596,6.874705882352941,7.470714285714283,9.031818181818181,7.8995454545454535,3.1885977188321846,1.6875869166040227,0.847674870692008,4.441087095369341,-24.43340870301716,-54.18603748594181,326.0,62.72546393213811,552.9492808541646,1193.8294423374564,129.3701140007986,1323.9495998910247,3522.0
2013,56,155,0,23.23941176470588,20.43142857142857,16.60363636363636,16.471363636363638,31.311176470588236,27.62857142857143,26.70121212121212,23.215,27.27529411764706,24.03,21.65242424242424,19.84318181818182,73.15,139.39,108.79,148.1,74.51411764705882,77.60035714285713,73.32636363636364,86.10772727272727,20.73744538509189,70.03335744747883,118.70145658785984,32.42610089891766,19.170294960625338,57.11796450706405,69.68878598578863,31.296289590135,20.64577777777777,36.24316198997128,45.32,43.09863487275539,1.5671504244665533,12.91539294041478,49.01267060207122,1.129811308782663,39.88014948381912,66.67465128074242,30.02437600418265,119.0250755371096,0.9244289547065824,0.8155822680627497,0.5870929303568126,0.9651573492506966,8483.091692831213,6136.44289811972,4869.552570572039,4835.618946667677,8.071764705882355,7.197142857142861,10.097575757575758,6.743636363636362,3.5274354502983964,1.9903372489964488,0.9165009691307063,4.567308307023228,-24.43340870301716,-54.18603748594181,326.0,49.06932349642951,356.8338563823169,1308.697714373001,26.228569533389518,1323.9495998910247,3522.0
2013,64,163,0,22.704705882352943,18.88178571428572,16.934545454545457,15.799545454545456,29.48588235294117,26.83,26.425454545454546,23.362272727272728,26.095294117647057,22.85589285714286,21.680000000000003,19.58090909090909,120.68,108.75,154.21,63.84,78.91823529411764,76.32321428571429,75.91303030303031,85.23681818181818,16.409458014931914,69.42619390856976,104.3053673001,34.70768036008899,16.29749087944525,57.42304166339727,56.17941193989063,32.59738407194571,20.543385163234053,26.3939811202995,36.6046498629722,34.73152197572425,0.1119671354866644,12.00315224517248,48.12595536020936,2.1102962881432816,90.38534617954292,45.47636237953728,87.81991931743667,33.115743815302245,0.9931766707111972,0.8271091706254278,0.5386051877680965,0.939198002682716,8208.317149602837,6079.603009956299,4677.054365344648,4620.179515949753,6.781176470588228,7.948214285714279,9.490909090909089,7.5627272727272725,7.35429530275688,1.5664116650729463,1.478447408715967,1.8393623353005983,-24.43340870301716,-54.18603748594181,326.0,3.301449784355611,322.0445747379776,1271.750245827787,49.30131741895466,1323.9495998910247,3522.0
2013,74,173,0,20.158235294117645,17.9725,16.776666666666667,15.37909090909091,27.635882352941177,26.686785714285715,25.05666666666667,22.456818181818186,23.897058823529413,22.329642857142854,20.916666666666668,18.917954545454545,64.65,104.39,191.06,177.19,75.1770588235294,77.12392857142858,79.36666666666666,87.14999999999999,18.26943575503053,67.37497213614763,85.79807692563324,31.37715731492876,14.01103499143386,41.27830008142994,60.11972077054783,27.872356459889293,7.819060288913749,9.30699116804095,38.54629748206141,45.17605294570202,4.258400763596672,26.096672054717686,25.67835615508541,3.504800855039466,49.36612694187461,61.623769039442855,101.7009729154317,142.6878880764701,0.7669112051025377,0.612665189649608,0.7007117516475049,0.8883008801638019,6793.933515656308,2846.6430909264463,2420.659678742392,2366.582567634692,7.477647058823532,8.714285714285715,8.280000000000001,7.077727272727275,3.538697136948988,1.5493883958727943,2.2268564383512244,5.647101750536712,-24.43340870301716,-54.18603748594181,326.0,117.6846625144325,696.4362949802392,643.4140107259235,78.7066755651022,1323.9495998910247,3522.0
2013,84,183,0,19.975882352941174,17.0225,15.897878787878788,15.113636363636363,27.801764705882352,26.863214285714285,23.696666666666665,20.915454545454544,23.888823529411766,21.942857142857143,19.79727272727273,18.014545454545456,64.42999999999999,77.78,180.03,277.03,76.16294117647058,73.24607142857143,84.06,89.86545454545454,17.576707926282484,66.41654729581099,71.92200901347398,24.56471171078253,11.697794019792283,32.87493918050333,62.87817940163574,22.31041686108825,18.309566728122128,30.518673194137385,31.00754784083383,43.652021995269806,5.878913906490201,33.541608115307646,9.043829611838234,2.25429484969428,39.48743371228693,32.695954353481405,116.6629459516678,242.07510898447575,0.6655281562880468,0.4949811533273849,0.8742550474341736,0.9082303559579424,6024.563905448944,1460.7864325960068,1368.943172258213,1343.8176867318248,7.8258823529411785,9.840714285714284,7.798787878787877,5.801818181818181,3.6656466199599125,1.171093698285423,2.5031280753888967,11.277559584727362,-24.43340870301716,-54.18603748594181,326.0,163.4441811543802,901.0354062889626,214.30861570186002,47.149601460833,1323.9495998910247,3522.0
2014,36,135,0,24.61705882352941,22.752142857142854,20.83727272727273,17.753636363636364,34.518235294117645,31.583214285714288,27.70878787878788,24.41772727272728,29.56764705882353,27.16767857142857,24.273030303030303,21.08568181818182,32.86,162.66,261.15,95.02,58.61,69.81035714285714,79.95363636363636,83.56681818181818,28.309615715093507,88.76696313146614,127.87307950245112,46.127042794003344,20.370541666929363,69.76927365280817,102.24026415406044,38.574345836499056,15.704163114987022,44.795495150104976,42.83482562993363,40.54712558450247,7.939074048164144,18.99768947865797,25.632815348390697,7.552696957504289,0.9441137403122242,63.79939431207387,160.8704053661109,58.73335420893209,0.7195626345457116,0.7859824330080786,0.7995448655172228,0.8362631441336149,9208.627188232796,6252.415208990933,5625.750843210713,5441.522292219716,9.901176470588236,8.831071428571434,6.871515151515151,6.664090909090916,1.160736349468722,1.8324384913235838,2.0422594107854746,2.0599629684553045,-24.43340870301716,-54.18603748594181,326.0,274.042826011953,600.0080977379145,710.2542432246961,184.41969448189684,1323.9495998910247,3153.0
2014,46,145,0,22.953529411764706,21.967142857142857,19.874848484848485,17.28090909090909,32.04058823529412,30.360357142857143,26.55575757575758,23.70136363636364,27.49705882352941,26.16375,23.21530303030303,20.491136363636365,41.1,167.22,304.9,113.06,65.44764705882353,73.025,81.77242424242424,84.40363636363637,23.50769841641415,84.61100480851272,112.06168198948794,40.13573881265762,19.45095959323783,64.48868002406519,94.2225076351386,31.452110854199383,20.64577777777777,44.29940630821841,39.2429490384507,45.32,4.056738823176321,20.122324784447525,17.83917435434933,8.683627958458237,7.549484851206625,79.07769144549417,215.73394963462908,75.53083818425132,0.8274293488322225,0.7621783971247315,0.8408093289548987,0.7836435003977136,8977.134712952471,5774.699862960116,5315.060689825777,5085.0711046208935,9.087058823529418,8.393214285714286,6.680909090909093,6.42045454545455,1.7483634200148706,1.9763386616013332,2.7208229841544003,2.816940795028899,-24.43340870301716,-54.18603748594181,326.0,129.98029821152417,610.9209670003927,473.7327895057725,205.8138239263127,1323.9495998910247,3153.0
2014,56,155,0,22.16764705882353,22.325714285714287,18.34151515151515,14.20909090909091,31.46941176470588,30.16107142857143,24.53818181818182,21.17636363636364,26.818529411764708,26.24339285714285,21.439848484848483,17.69272727272727,55.33,178.75,264.42,144.0,66.52882352941177,76.22785714285715,84.02787878787879,84.86863636363636,22.079096755964308,81.84449558191506,92.39402523541104,33.12038630473231,18.77742810153885,60.14547989333781,79.61105250928345,28.428261287122968,16.805333171748988,43.128509289250175,24.26371302570486,42.35622878080566,3.301668654425453,21.699015688577244,12.78297272612758,4.692125017609335,26.29346094893438,92.281343989161,203.67374375426184,97.47922295777624,0.8504617878657758,0.734875075784913,0.8616471931647333,0.8583312110420973,8149.252470542231,4908.397555049051,4568.852265646852,4439.3995121665,9.301764705882352,7.835357142857141,6.196666666666669,6.967272727272729,2.505990195683775,2.1840198137832725,2.861873366013478,4.347775375416591,-24.43340870301716,-54.18603748594181,326.0,103.901570396737,654.4655621128703,313.67090893057787,99.36214560017443,1323.9495998910247,3153.0
2014,64,163,0,22.69235294117647,20.91857142857143,18.19121212121212,13.697272727272724,31.48,28.160357142857144,24.6569696969697,20.15590909090909,27.086176470588235,24.539464285714285,21.42409090909091,16.92659090909091,116.8,201.65,160.04,227.94,70.78705882352942,78.4325,84.11333333333334,87.51545454545455,21.665985332823297,69.77640759531874,88.86555736521845,27.345114078055616,18.334097346918824,55.72388108686287,71.08814539203308,26.67633357048021,20.64577777777777,45.31999999999998,26.369191343450925,41.227833894341394,3.331887985904471,14.05252650845588,17.777411973185366,0.6687805075753992,84.36634709752562,121.25189669091492,107.90266326451597,186.4050238786293,0.8462157185689235,0.7986063342504516,0.7999516066711425,0.9755429615079906,7592.468052951831,5298.855593046372,4768.841819111093,4745.515469524632,8.78764705882353,7.241785714285715,6.4657575757575785,6.4586363636363675,5.390938755185605,2.8899452830748564,1.800922705545747,8.33567559269834,-24.43340870301716,-54.18603748594181,326.0,104.88783379627274,395.72416523758494,438.3371083133779,13.479879112461784,1323.9495998910247,3153.0
2014,74,173,0,21.83764705882353,20.24714285714285,16.303939393939395,15.06,29.53470588235294,26.88714285714286,22.92090909090909,21.64181818181818,25.686176470588236,23.56714285714286,19.612424242424243,18.35090909090909,133.49,226.08,223.57,151.45,76.52058823529411,81.53428571428572,84.68333333333334,87.35954545454545,19.25692211517581,58.21920538067515,76.6489735988054,29.25324017754158,15.226901417688806,48.60529327198656,61.92124616188886,28.328715677665087,20.64577777777777,26.44515560232868,45.32,41.42692280288075,4.030020697487007,9.613912108688597,14.727727436916531,0.9245244998764952,104.16354302675563,171.67532890346254,142.7739094404398,127.01436151945416,0.7907235292647796,0.8348669988567077,0.8078548642542284,0.9683958257524486,6831.815583078178,5139.578267341361,4645.8057854142,4616.440414301697,7.69705882352941,6.640000000000008,6.616969696969694,6.58181818181818,6.932052754931199,3.8832546497627627,2.9168035722201036,5.177204271418515,-24.43340870301716,-54.18603748594181,326.0,119.02547600007361,258.4906282823259,337.5729016972513,20.008391130963496,1323.9495998910247,3153.0
2014,84,183,0,22.445882352941176,18.73928571428572,14.927272727272728,15.08,30.129411764705885,24.812142857142856,21.53151515151515,21.875454545454545,26.287647058823527,21.775714285714287,18.22939393939394,18.47772727272727,80.46000000000001,261.51,247.57,95.2,76.73529411764706,84.27214285714285,86.01636363636364,85.99409090909091,19.636965604492843,49.997306964636735,66.30214722515127,30.441622751810524,12.389558949203078,42.059235528985,53.66666398768452,29.022987234572845,20.047968882109693,26.68750562978274,42.22500792773411,42.26665315141204,7.247406655289767,7.938071435651734,12.635483237466753,1.41863551723768,52.63109480481359,212.81122772334197,178.3658337143641,66.13536754174923,0.6309304196351195,0.8412300198235405,0.8094257310467078,0.9533981637968588,5799.400338123607,4418.244323044751,3997.242482084107,3959.986714201242,7.6835294117647095,6.072857142857135,6.604242424242424,6.795454545454545,4.097374391774213,5.23048171744464,3.7339665510272644,3.1272971475982816,-24.43340870301716,-54.18603748594181,326.0,218.36009934349525,196.96056247159592,272.0610987742311,31.03329677390027,1323.9495998910247,3153.0
2015,36,135,0,24.11705882352941,23.863928571428573,21.456363636363637,16.80636363636364,31.603529411764704,32.52214285714286,30.08484848484848,25.257272727272724,27.860294117647054,28.193035714285717,25.77060606060606,21.03181818181818,54.13,52.21,156.69,103.25,69.80764705882353,67.38642857142857,70.0769696969697,76.13636363636364,22.64756600568852,103.5295587207324,142.03085397633933,53.75635276101573,18.8086040524498,62.64196701878495,88.90715346947003,41.135733855238655,17.631508427763688,7.19954140897874,40.58296332679998,40.22631392819954,3.838961953238721,40.88759170194746,53.12370050686931,12.620618905777077,24.236109742008736,0.0,34.39942461270874,62.47091554336178,0.8304911904319225,0.6050635952941671,0.625970702705772,0.7652255360053076,9897.141167275446,4034.0291430706634,3279.606600247084,3125.613023909791,7.486470588235296,8.658214285714287,8.628484848484842,8.450909090909086,2.3901023176796947,0.5043004205285446,1.1032109968591945,1.920703222910562,-24.43340870301716,-54.18603748594181,326.0,121.3247469998256,1329.752098415264,1598.2184807036315,318.7624136901859,1323.9495998910247,3041.0
2015,46,145,0,23.74470588235294,22.86892857142857,20.315151515151516,17.361363636363635,31.74058823529412,31.945357142857144,29.07363636363636,24.421818181818185,27.74264705882353,27.40714285714285,24.694393939393937,20.891590909090908,37.23,84.68,171.57,70.36,70.66882352941177,66.77428571428571,71.50272727272727,81.65363636363635,23.316310231890785,93.66156046203209,131.91740678794167,42.30522701078632,19.201439270743,56.581845922719936,90.23734400135235,39.10938899233025,10.045904645765036,30.60966390040433,45.32,45.32,4.114870961147788,37.07971453931213,41.680062786589325,3.195838018456066,13.57573753185901,7.5343948226407615,66.62231989905197,31.25061100766975,0.8235196341006096,0.6041095796781728,0.684044253131883,0.9244576085682924,9217.039592468209,3743.6330748904657,3152.2218828018645,3104.596606931822,7.99588235294118,9.076428571428576,8.758484848484844,7.060454545454551,1.5967363459197255,0.9041062265274454,1.3005865122545972,1.6631514583779616,-24.43340870301716,-54.18603748594181,326.0,130.6084248191609,1184.5247237135186,1211.79098907083,78.04817502527617,1323.9495998910247,3041.0
2015,56,155,0,24.023529411764702,21.608571428571427,19.024242424242424,17.292272727272728,32.11764705882353,31.27928571428572,26.930606060606063,24.08954545454545,28.07058823529412,26.44392857142857,22.97742424242424,20.69090909090909,40.29,72.24,192.7,60.87,69.10117647058824,65.36321428571429,75.63030303030304,83.45272727272727,24.075079442769457,88.63422045150584,111.48094120779012,35.20302593602985,18.951269682178925,57.14097523158423,85.63575480570697,31.60591771497732,12.85171497787382,21.313984586414616,38.18441148411144,41.429407213281856,5.123809760590533,31.49324521992161,25.845186402083165,3.597108221052532,13.092735323381804,6.636755159874979,90.19381829659622,26.019086555852255,0.7871737132676676,0.6446830009956209,0.7681649784969958,0.8978182095030943,8389.547647497004,3918.1243078276775,3463.945091249341,3393.154668927976,8.094117647058827,9.670714285714293,7.90636363636364,6.797272727272723,1.673514726951417,0.815035091773887,1.7285465830506856,1.7291127220316682,-24.43340870301716,-54.18603748594181,326.0,164.56471348720183,985.0862153039911,696.0265335574343,86.6527019959641,1323.9495998910247,3041.0
2015,64,163,0,23.577058823529413,21.34714285714286,17.816666666666666,17.186363636363637,32.481764705882355,30.474642857142857,25.56242424242424,24.60727272727273,28.029411764705884,25.91089285714286,21.689545454545453,20.896818181818183,34.09,124.78,143.91,63.95,66.5,67.68821428571428,78.5530303030303,81.93136363636364,23.936718228905097,76.90281353371932,100.81334631198042,35.32520768367922,18.003451003594922,54.2015158217903,81.39847933675938,31.16218153713861,4.633937936287928,45.31999999999998,31.97833732348031,43.27372961670306,5.933267225310173,22.701297711929023,19.41486697522105,4.163026146540604,17.998833282339373,29.89242211449764,75.8531833397603,21.49242616963864,0.7521269553925158,0.7048053683760833,0.8074176913526991,0.8821514035014723,7824.957100128608,4360.129107160485,3940.2872424318543,3847.415778167525,8.904705882352943,9.127499999999998,7.7457575757575725,7.420909090909092,1.4241718381776403,1.6225674233009448,1.4274895662589275,1.8103219823261187,-24.43340870301716,-54.18603748594181,326.0,192.7229899496485,691.8139401647113,496.2910662308323,102.44071975869188,1323.9495998910247,3041.0
2015,74,173,0,22.33705882352941,20.77892857142857,17.197272727272725,15.103636363636362,31.897058823529413,29.26392857142857,24.413030303030304,23.722272727272728,27.11705882352941,25.02142857142857,20.805151515151515,19.412954545454543,50.58,111.32,162.48,38.900000000000006,64.98588235294118,71.53857142857143,80.38212121212122,79.35045454545455,22.47768642760821,69.90259253189866,84.01360005167284,37.313964784160405,13.81555559081232,53.99779536649993,67.72706077018209,32.30803076676099,17.071365982101607,22.97451463737264,45.03999039150252,40.31357107524642,8.66213083679589,15.904797165398731,16.286539281490743,5.005934017399414,24.730468212736,51.41905597822904,72.68746347568803,11.31838854949511,0.614634234502149,0.7724719986867313,0.8061440139278205,0.8658428809064964,6693.537791046378,4409.086878078957,3981.7229358650047,3874.887640244169,9.560000000000002,8.485,7.2157575757575785,8.618636363636366,2.2502315869072333,1.592501736601562,1.9339725937237082,1.0425051378220966,-24.43340870301716,-54.18603748594181,326.0,276.2964968383866,465.43684819128805,397.6037770105269,118.75213201548092,1323.9495998910247,3041.0
2015,84,183,0,20.91176470588235,19.5325,17.099999999999998,14.75681818181818,30.26705882352941,27.802142857142854,24.22757575757576,22.90818181818182,25.589411764705883,23.667321428571427,20.66378787878788,18.8325,65.94,157.11,96.46,72.98,67.90058823529411,74.17428571428572,82.35090909090908,78.60545454545455,19.435324172014127,62.40622915519092,75.72797679214523,35.31921737361658,13.885070915416687,45.90332841833101,64.56834686399353,31.528777337683984,11.769552688826948,31.74911199407761,25.99400734238916,45.32,5.550253256597441,16.50290073685991,11.159629928151697,3.7904400359326,44.74218150578386,91.22711227641834,37.64675778769492,22.125230004705173,0.7144244568562679,0.7355568352668653,0.8526353086286439,0.8926805201871756,6590.147896675393,3976.068547891015,3683.102490675357,3604.048761996037,9.355294117647059,8.269642857142856,7.127575757575762,8.15136363636364,3.3927913636218237,2.5175371453593374,1.273769669890417,2.0662972009826013,-24.43340870301716,-54.18603748594181,326.0,167.9898418029204,458.8160038434273,270.370779510805,86.83208951405963,1323.9495998910247,3041.0
2016,36,135,0,24.912941176470586,21.99714285714285,22.65939393939394,15.799545454545454,29.88705882352941,28.43464285714285,30.75333333333333,23.39090909090909,27.4,25.21589285714285,26.706363636363637,19.595227272727275,46.45,132.3,86.6,176.87,82.89999999999999,80.99214285714287,74.78424242424242,79.07863636363636,23.501322693729392,85.78761325170518,150.2523708991484,42.63333000422177,22.59317578871988,58.379497841843225,77.55949896825173,33.93591221761616,19.762940124699583,11.819717606749096,6.973314922889955,42.208365587219376,0.908146905009516,27.408115409861956,72.69287193089664,8.697417786605607,10.640106308802764,81.86372467610727,13.886903715607405,107.6990371180544,0.9613576258304888,0.6805119717056919,0.5161948427443506,0.7959948757053614,9875.020190657217,5142.59409553788,3898.5873229910408,3739.520964710983,4.974117647058826,6.4375,8.09393939393939,7.591363636363637,1.976484498567979,1.5421806830296716,0.5763636173044298,4.148632067504121,-24.43340870301716,-54.18603748594181,326.0,27.141839970425583,779.3399730667782,2235.5481214481747,203.44050877214752,1323.9495998910247,3089.0
2016,46,145,0,24.01705882352941,21.115714285714287,20.49030303030303,15.777727272727274,29.03,28.185714285714287,29.39757575757576,22.17727272727273,26.523529411764702,24.650714285714287,24.94393939393939,18.9775,117.66,95.27,75.33,171.84,84.12352941176471,77.99857142857142,72.71636363636364,83.98318181818182,19.86766674523786,80.71303395298611,142.47546759384875,32.85281357506722,19.132773994450677,58.293924871573495,66.55908954923207,28.9293172916323,20.64577777777777,25.465970676463936,29.8268296185883,42.66579360950311,0.7348927507871856,22.41910908141261,75.91637804461666,3.923496283434927,83.54644822777155,32.155882229740335,4.410051508643562,130.07171871745288,0.9630106161830332,0.7222368187216038,0.4671617554467019,0.8805735078223996,9075.320078944964,5294.135414573775,3883.6765042093066,3790.91373187925,5.012941176470591,7.07,8.90727272727273,6.399545454545455,5.922185101489196,1.1803545887705456,0.5287226023692819,5.230602231597401,-24.43340870301716,-54.18603748594181,326.0,21.333936555352,631.8986031089584,2231.7574748073794,87.01244712217732,1323.9495998910247,3089.0
2016,56,155,0,21.69470588235294,22.255714285714284,18.61121212121212,14.219545454545454,27.558823529411764,30.187142857142856,26.661818181818184,20.302727272727275,24.62676470588235,26.22142857142857,22.63651515151515,17.261136363636364,93.98,64.25,200.52,106.82,82.04352941176471,75.96964285714286,76.2890909090909,84.2090909090909,18.36127685807503,86.22926949905455,109.8902145186845,31.12408124766069,15.773514530466011,43.90824407641891,63.60778646447256,29.909168346603938,16.650745298435993,7.091477447128288,43.34029126795368,43.44970527860888,2.587762327609017,42.32102542263564,46.28242805421196,1.2149129010567552,68.10196239332022,29.90102377488879,100.66339971470204,76.80141764274087,0.8590641409303214,0.5092034796479441,0.5788303057107728,0.9609655015552284,7961.584936615724,2100.3076615482128,1658.0146936844214,1645.070739288015,5.864117647058823,7.931428571428572,8.050606060606064,6.083181818181821,5.118380422365285,0.7451066253171084,1.8247302626377695,3.432069179810044,-24.43340870301716,-54.18603748594181,326.0,71.31568532263672,1277.5508402938767,1233.9736817944804,24.666045290273196,1323.9495998910247,3089.0
2016,65,164,0,21.56705882352941,22.55964285714285,16.45090909090909,11.318636363636363,29.06235294117647,30.518214285714286,24.0,17.831363636363637,25.314705882352943,26.53892857142857,20.225454545454543,14.575,35.39,81.94,224.2,63.13,77.29,75.40142857142857,78.81242424242424,82.64363636363636,21.43885353273909,83.61126279179379,88.25692710408418,27.436786009296487,12.7179649582283,41.18199900105245,61.755702219882735,25.924422814917683,6.897508546024208,9.941156276988476,45.279500129896576,36.72727948220189,8.720888574510791,42.42926379074134,26.50122488420145,1.512363194378806,20.42394846096222,37.71435326798327,127.10595392720914,45.757797832777,0.5932203855400571,0.4925412872139319,0.6997264038782166,0.9448782669418216,6213.7735347128255,1483.9232555085648,1261.1317693584144,1247.228615610062,7.4952941176470596,7.958571428571435,7.549090909090911,6.512727272727274,1.6507412556346,0.9800115111769628,2.540310515633451,2.300925479340382,-24.43340870301716,-54.18603748594181,326.0,253.449541713106,1294.8653643509422,636.0293972208348,26.967498069220994,1323.9495998910247,3089.0
2016,75,174,0,21.74882352941177,21.89892857142857,14.86939393939394,10.5,29.027647058823533,30.6,21.585151515151512,17.742727272727272,25.38823529411765,26.24946428571429,18.227272727272727,14.121363636363638,64.21,75.32,229.76,47.87,77.15470588235294,73.52857142857144,82.61636363636364,83.64863636363636,19.29088544397168,75.75547540232554,67.99422922053706,27.01456324790436,13.364784687103343,39.92894738315897,58.84361148568954,23.15703350177242,11.260725378891651,38.56726560618443,43.50070498097363,45.32,5.926100756868336,35.82652801916657,9.150617734847518,3.8575297461319376,44.80720110181631,8.084512389548248,165.98294913952125,22.89367147920121,0.6928030714774568,0.5270767184959574,0.8654206711400788,0.8572055483284121,5929.287106657014,1723.1402334672457,1607.1907053914708,1561.2911222898613,7.278823529411763,8.701071428571431,6.715757575757573,7.242727272727272,3.3285149189492156,0.9942515653157371,3.3791102955926,1.7720071785248457,-24.43340870301716,-54.18603748594181,326.0,172.02076120540107,1096.291757386497,197.5174702639162,68.44309823205184,1323.9495998910247,3089.0
2016,85,184,0,22.168823529411764,18.422142857142852,13.65,12.787727272727272,30.37529411764706,27.067857142857143,19.82969696969697,20.437272727272727,26.272058823529413,22.745,16.739848484848483,16.6125,19.82,98.24,204.18,43.09,75.23411764705882,73.9832142857143,84.42818181818183,85.90136363636363,20.11802879510065,58.229814654548456,59.0755525278673,29.476934782716917,7.262156643668784,40.664258440274935,55.316238376526655,23.88871010194264,8.323784930762837,45.31999999999998,33.162143371369645,34.00267750080883,12.855872151431862,17.565556214273517,3.7593141513406456,5.588224680774271,10.7802806477906,20.57952649048792,161.02161825210368,18.36075576861817,0.3609775449490032,0.6983408530753165,0.9363642997741362,0.8104204279730337,4631.189960336466,2535.62874131458,2454.9504860813904,2361.86879358165,8.206470588235295,8.645714285714291,6.179696969696968,7.649545454545455,0.9851859842663498,1.6871082379845126,3.456252057967356,1.4618209226172585,-24.43340870301716,-54.18603748594181,326.0,390.5008977386109,475.46196624278207,74.54606043497853,114.20807186226035,1323.9495998910247,3089.0
2017,36,135,0,23.995882352941177,23.465,20.486060606060605,17.22772727272727,31.464117647058824,31.12714285714286,28.083030303030306,24.352272727272727,27.73,27.296071428571427,24.28454545454545,20.79,90.27,124.17,201.4,91.37,74.24705882352941,74.12892857142857,77.72696969696969,82.51590909090909,23.78886625545524,91.77999479359278,124.75982897583708,46.42023112587516,21.079638285664807,78.61428444728377,97.80406347835311,43.35064757460883,10.628964077752675,28.25493144893693,40.084377683664,43.7637217112621,2.7092279697904296,13.165710346309002,26.95576549748394,3.06958355126633,65.10761985880474,27.929748181531977,91.7664902869198,44.34000839779308,0.8861136154746698,0.8565514154155509,0.7839387427927252,0.9338740140491176,9843.302941581234,7725.291129672576,6890.723072787943,6799.591901367424,7.4682352941176475,7.662142857142861,7.596969696969701,7.124545454545455,3.79463228851015,1.3529092072760545,1.6143016678790594,1.9683228149432745,-24.43340870301716,-54.18603748594181,326.0,85.2434675741884,409.8109467653241,756.9995793072203,74.75133579958802,1323.9495998910247,3500.0
2017,46,145,0,24.58,22.214642857142856,18.762727272727272,18.62181818181818,31.55588235294118,30.653214285714284,26.023333333333333,24.702272727272728,28.067941176470587,26.43392857142857,22.393030303030304,21.662045454545453,61.21000000000001,97.06,226.8,137.57,73.06647058823529,73.67214285714286,80.26666666666667,86.41909090909091,23.78853614282955,87.46950830437976,108.0129856135793,39.62469722486726,20.03453956754343,70.7889843842707,92.32398708475596,37.25831709717954,20.64577777777777,24.908223245464782,43.66505568365477,41.48393382618612,3.753996575286118,16.680523920109046,15.688998528823335,2.366380127687723,26.1946826546788,22.008570148042264,115.71918047705404,102.49280476028912,0.8421930398429469,0.8092989860870888,0.8547489596764656,0.9402801713724476,9011.736283967755,6433.915414265123,5966.648960627307,5895.383509945422,6.975882352941181,8.438571428571429,7.260606060606062,6.080454545454547,2.573088130874762,1.1096438276781766,2.0997475323141788,3.471824635512047,-24.43340870301716,-54.18603748594181,326.0,118.46067428307283,511.31167412108545,408.28003838174595,58.454967290540594,1323.9495998910247,3500.0
2017,56,155,0,24.65,21.059285714285718,18.131212121212123,17.371363636363636,31.74764705882353,29.36892857142857,25.20242424242424,22.975454545454543,28.198823529411765,25.21410714285714,21.666818181818183,20.17340909090909,73.6,135.7,184.13,170.65,73.14117647058823,75.7175,81.78939393939395,88.425,22.670413312231247,73.2155591171382,100.57910453086824,30.248068543248262,19.875515072830105,58.44480675845527,90.5776665264833,29.414314313936828,18.39793932550531,39.91851954353759,45.32,45.32,2.79489823940114,14.770752358682932,10.001438004384934,0.8337542293114328,41.87276782388681,55.73461302351244,88.15085301705429,141.23568568606316,0.8767160439067415,0.7982566474012569,0.9005614729716007,0.972436116768271,8478.217827903785,5912.581694908171,5618.612487569799,5587.638331863457,7.097647058823533,8.309642857142851,7.071212121212117,5.604090909090907,3.2465221955301087,1.8534311782403028,1.8306983429494499,5.641682534407347,-24.43340870301716,-54.18603748594181,326.0,88.73144286983467,433.8011709684191,252.06048362081395,19.15588239762531,1323.9495998910247,3500.0
2017,64,163,0,22.74705882352941,20.976785714285715,17.49,15.841363636363637,31.072352941176472,28.7525,24.236060606060605,21.88909090909091,26.909705882352934,24.864642857142854,20.863030303030303,18.865227272727275,59.24,162.66,229.92,122.02,74.51823529411764,76.54964285714286,83.94969696969697,87.2090909090909,22.277185173177344,67.32808528138449,87.21330269287373,28.98034709852694,17.309704797089502,54.95361242583478,80.56123631431696,28.171282368181917,16.437096951932297,37.88481098526256,45.32,42.02314748353065,4.967480376087844,12.374472855549715,6.652066378556779,0.8090647303450259,32.03942047320042,86.25867354083496,141.9235746709456,97.14557014828743,0.7770148994376139,0.8162063750389896,0.9237264709263174,0.9720822967511612,7453.549092843875,5398.676882945935,5192.788813850538,5163.794666422744,8.325294117647061,7.775714285714287,6.746060606060606,6.047727272727274,2.659222856904176,2.415930875208979,2.6362950708296813,4.210439563927867,-24.43340870301716,-54.18603748594181,326.0,154.35130347416953,355.7970307791932,161.2198839062402,17.709691433861394,1323.9495998910247,3500.0
2017,74,173,0,21.108823529411765,19.303571428571427,18.190606060606054,13.97,29.69941176470588,26.44071428571429,24.30787878787879,21.17818181818182,25.404117647058825,22.87214285714285,21.249242424242425,17.57409090909091,56.9,210.4,216.19,66.53,73.60823529411766,79.77214285714285,86.85090909090908,86.0281818181818,19.74211825434175,58.71669870692614,74.91049551896506,29.254510277713905,16.167791730666398,52.35828567720054,68.99351263949944,27.67824950455412,13.002120213895592,37.57882565298477,45.32,37.22297345459528,3.574326523675351,6.358413029725593,5.916982879465618,1.576260773159785,34.27631027766023,133.46500888371028,139.45531301348532,46.9487770408506,0.8189491888546827,0.8917103112104026,0.9210126319619978,0.9461190511071186,6985.709953903028,5850.9894185792,5619.912291283314,5559.351049893491,8.590588235294113,7.137142857142862,6.117272727272734,7.208181818181819,2.8821628594736213,3.58330772392661,2.8859774388392245,2.274179241711066,-24.43340870301716,-54.18603748594181,326.0,106.15539520814399,168.12098222953736,143.82930262400424,33.38233724684578,1323.9495998910247,3500.0
2017,84,183,0,21.185294117647057,17.907142857142855,17.30727272727273,14.43409090909091,28.97647058823529,25.15571428571429,23.015757575757576,22.24136363636364,25.080882352941178,21.53142857142857,20.161515151515157,18.337727272727275,107.76,162.9,243.84,7.6,77.20647058823529,81.30107142857142,87.28393939393939,85.77227272727272,16.709874910459316,54.64514201607683,62.86174236127204,33.9140458098156,12.148631862059068,49.37317678241519,59.21440027642128,25.678440010132466,20.64577777777777,33.62988152799242,42.16646295110033,24.08802294096786,4.561243048400248,5.271965233661637,3.647342084850753,8.235605799683132,81.51181258238537,100.54271946737016,176.0890183004708,0.0,0.7270330823634593,0.9035236246231986,0.9419783488677556,0.757162390890575,6294.512163310804,5383.604585888681,5227.421772330489,4973.538851330632,7.791176470588233,7.248571428571434,5.708484848484847,7.80727272727273,6.448881309850448,2.981051818880334,3.878988886414089,0.22409594073852326,-24.43340870301716,-54.18603748594181,326.0,132.16872503776247,132.6200511422111,83.94634122078315,183.1711033564979,1323.9495998910247,3500.0
2018,36,135,0,22.696470588235293,23.991785714285715,20.683030303030304,19.33363636363636,28.497647058823528,30.060714285714287,27.819696969696967,29.49954545454545,25.59705882352941,27.02625,24.251363636363635,24.416590909090907,167.34,120.56,143.96,30.41,79.01705882352941,75.23,78.75727272727273,70.50318181818182,21.161573210486758,90.25228028094456,135.85617645526287,63.578709085971525,15.889892250376226,76.004699998321,82.44798673609328,10.537919288275749,18.634315957620213,40.56705753166562,6.034322239173158,25.90640295089741,5.27168096011053,14.247580282623549,53.40818971916957,53.04078979769578,137.2213423127414,22.6225584276336,96.04474855639916,0.0,0.7508842604623501,0.8421360630637529,0.6068769848181561,0.1657460404555605,9209.80721687268,7028.962578353606,5647.339097152247,4705.07609661437,5.801176470588235,6.068928571428572,7.136666666666663,10.165909090909093,7.907729653912194,1.3358111243805821,1.0596500192790699,0.47830477273263616,-24.43340870301716,-54.18603748594181,326.0,150.23050340794984,428.2924401387229,1485.7996536873825,1564.6791895821173,1323.9495998910247,3720.0
2018,46,145,0,22.351764705882356,23.579285714285717,20.34757575757576,16.805909090909093,28.223529411764705,29.44892857142857,29.034242424242425,25.79181818181818,25.287647058823527,26.514107142857146,24.690909090909088,21.298863636363635,148.38,200.08,18.32,70.21,79.6064705882353,77.74392857142857,74.44181818181818,73.56363636363636,20.37979476543623,76.19949595531715,143.8558916185468,50.941179570530416,14.686942452259176,70.18852254936515,52.95928198599755,22.758475093387165,20.64577777777777,45.31999999999998,2.3637345573279966,37.97642295658323,5.6928523131770525,6.010973405951997,90.89660963254924,28.18270447714325,117.52840305517633,105.21725522841264,8.316983456674434,11.838836507357602,0.7206619409714554,0.9211153127643156,0.368141209860394,0.446759876493967,8453.519632325691,7453.239753970598,5098.54222718846,4534.398600894367,5.871764705882349,5.869642857142853,8.686666666666664,8.985909090909086,7.28074064080615,2.6257391534102212,0.12734966773955939,1.3782562671677243,-24.43340870301716,-54.18603748594181,326.0,160.67238469778528,177.01672647663707,2639.1141996131637,726.8831897463918,1323.9495998910247,3720.0
2018,56,155,0,23.96058823529412,22.10571428571429,19.92969696969697,15.283181818181818,29.878823529411765,28.342857142857145,29.302424242424244,23.35954545454545,26.91970588235294,25.224285714285717,24.616060606060607,19.321363636363635,71.42,189.08,20.83,91.48,74.93235294117646,79.60214285714287,72.5709090909091,77.36045454545454,21.090328341898157,75.36934569525678,133.20460227371368,42.2406463728759,17.88266095462165,59.69228186997284,24.66944643595728,34.13099764051108,14.89738899565449,16.210039422128755,12.370592986171475,45.32,3.207667387276503,15.677063825283952,108.5351558377564,8.109648732364825,43.18214927496064,128.0750677035529,0.0,24.3995953456604,0.8479081342273777,0.7919968167340672,0.1851996553787654,0.8080131477918789,8386.259627929016,5769.7065804732965,3419.127125406773,3287.8416345855235,5.918235294117643,6.237142857142857,9.372727272727275,8.076363636363633,3.386386349335143,2.5087122391179175,0.15637597834043118,2.165686556793371,-24.43340870301716,-54.18603748594181,326.0,95.84132780548394,444.3327804194766,3180.3431815755666,189.43770818407302,1323.9495998910247,3720.0
2018,64,163,0,24.85941176470588,20.71142857142857,18.80454545454545,14.41590909090909,30.935294117647057,27.585714285714285,28.33121212121212,22.013636363636365,27.89735294117647,24.148571428571422,23.567878787878787,18.214772727272727,67.51,142.17,72.35,46.57,74.17941176470588,79.47892857142857,72.27060606060606,78.70590909090909,21.745396391316195,75.91638907733669,120.41165649474844,35.766268738021125,18.546575397923,42.77860626774776,32.31191082801891,28.65390645124508,20.081762378183974,7.063105049532413,40.46867275878878,45.32,3.1988209933932,33.137782809588934,88.09974566672953,7.112362286776042,34.27172708819133,112.4100510609038,6.632521462724723,13.0647663075437,0.8528966344954458,0.5634963252028335,0.2683453726045878,0.8011432968064883,7822.052768946229,2700.520601792659,1712.596404453538,1644.4841494753996,6.0758823529411785,6.874285714285715,9.526666666666667,7.597727272727276,3.1045651587643373,1.872718153851735,0.6008554495980662,1.3020648125504362,-24.43340870301716,-54.18603748594181,326.0,98.95646826032258,914.1294086473747,2495.9725823089525,156.56895706752897,1323.9495998910247,3720.0
2018,74,173,0,22.881764705882357,20.35392857142857,17.28969696969697,12.52681818181818,28.674705882352946,28.573571428571427,26.651818181818182,20.335454545454542,25.77823529411765,24.46375,21.97075757575757,16.431136363636366,175.2,18.22,70.82,46.71,81.24764705882353,75.61035714285715,73.08727272727273,77.505,17.242184562643885,77.11783112616955,106.14820086710088,30.132596451636427,16.22244994893172,26.24146941798612,44.36862331914719,27.18651518543912,20.64577777777777,2.945083519585117,22.7791298972704,32.90290044366845,1.019734613712163,50.876361708183424,61.77957754795369,2.946081266197308,144.87799449551272,9.679224840206537,6.617330303167526,9.399714268162828,0.9408581546028992,0.3402775860624691,0.4179875208125041,0.9022294255018534,7300.002321180146,76.03959156232968,53.91159596153163,52.85740241967745,5.792941176470588,8.219642857142858,9.362121212121213,7.808636363636362,10.161125428362492,0.23626183119946606,0.6671804083487735,1.55014852686096,-24.43340870301716,-54.18603748594181,326.0,29.24059012625107,1453.7193552946153,1646.5380681575987,59.909901675970524,1323.9495998910247,3720.0
2018,84,183,0,20.26058823529412,20.348214285714285,15.022121212121212,14.42590909090909,26.45117647058824,29.77892857142857,23.174545454545456,22.830454545454543,23.355882352941176,25.06357142857143,19.098333333333333,18.62818181818182,124.73,5.76,107.71,37.63,80.94235294117647,72.39178571428572,76.77060606060606,78.56590909090909,16.490102940906162,73.58548979129387,82.61233130294615,34.20719460569193,12.614340344590522,12.575643196801096,57.02630578047227,28.007398887013743,7.939946438631688,1.1243032418305918,35.94825150276621,41.181178301897866,3.875762596315641,61.00984659449277,25.586025522473868,6.199795718678189,110.721935439,0.0,15.8597459585921,4.389674313854601,0.7649643176755899,0.170898409896688,0.6902880584661406,0.8187575511484192,6269.420215636562,-1527.5591890786216,-1291.0075279499076,-1244.2104547796143,6.190588235294122,9.430714285714284,8.152424242424244,8.404545454545453,7.563930949793444,0.07827630170481632,1.303800513812141,1.1000609793864398,-24.43340870301716,-54.18603748594181,326.0,102.51848039325027,1816.8078638912148,592.9445114717308,141.54415434638608,1323.9495998910247,3720.0
2019,36,135,0,23.485294117647054,22.92892857142857,21.1230303030303,20.238636363636363,31.66235294117647,29.928214285714287,28.50030303030303,26.827272727272728,27.573823529411765,26.428571428571427,24.811666666666667,23.532954545454547,78.45,222.72,59.53,143.96,68.34529411764706,75.68214285714285,76.36272727272727,81.26454545454546,24.71461572518862,74.86726919555666,133.25213408318393,45.72251868920433,21.5110739198112,64.27436032036118,80.74747254815769,38.73223725894846,18.69702835629338,40.7807470805414,17.0169976442903,42.29054542749837,3.203541805377426,10.59290887519547,52.50466153502624,6.990281430255871,44.78811994611765,136.3619209553908,2.5462768880934044,79.95421495784348,0.8703786520090442,0.8585108153534182,0.6059750795266837,0.8471151277170047,10030.937472815793,7902.033726411468,6345.234621098098,6151.216544167653,8.177058823529414,6.999285714285715,7.377272727272729,6.588636363636365,3.174235070952182,2.974864749216983,0.446747066451017,3.148557956278791,-24.43340870301716,-54.18603748594181,326.0,101.43167130367372,317.0268467258947,1496.3987642517432,187.53018636986434,1323.9495998910247,1859.0
2019,46,145,0,22.305882352941172,22.67892857142857,21.03757575757576,18.13909090909091,30.845294117647057,28.83428571428572,28.319090909090907,24.57,26.57558823529412,25.756607142857145,24.67833333333333,21.354545454545452,61.73,187.07,110.18,131.21,67.11764705882354,79.29428571428572,77.5430303030303,83.23727272727272,25.242217694824117,75.81977831177363,112.55500510529284,41.09107142064021,21.93591269624868,51.6015299669439,75.07109154017414,38.06780518820936,10.70559505846564,11.578596067254582,42.49533680626213,44.26898580383171,3.306304998575429,24.21824834482973,37.48391356511871,3.023266232430846,35.6347144675079,134.59546902426715,4.192167720818318,91.36854581422106,0.869016857450945,0.6805813880747127,0.6669724857632647,0.9264252274786816,9292.41715675224,4840.160672291451,4034.207333691637,3974.8441563155984,8.539411764705886,6.155357142857149,7.281515151515148,6.43090909090909,2.445506204974124,2.467298166327544,0.9788991604320834,3.1931511022633665,-24.43340870301716,-54.18603748594181,326.0,101.98395012370574,698.3158922743476,1061.5103558791027,74.2816513308259,1323.9495998910247,1859.0
2019,56,155,0,22.65294117647059,21.491071428571427,21.08848484848485,16.559545454545454,30.492941176470588,27.519642857142856,28.382424242424243,22.937727272727276,26.57294117647059,24.505357142857143,24.735454545454544,19.74863636363636,144.62,121.86,156.77,141.95,72.33941176470589,80.70464285714286,77.89909090909092,85.77,21.57736265782854,66.6864566669262,108.12295686972443,34.86632019794171,15.244128858375888,45.52498832348422,74.61632455707492,30.99774969384861,20.64577777777777,30.42838567407957,43.407708684123776,43.53264944757051,6.333233799452655,21.161468343441985,33.50663231264951,3.8685705040930976,115.27631558606856,66.55240378021398,69.17435243288087,110.82730954270464,0.7064871226440236,0.6826721736148682,0.6901062153431384,0.8890456325149717,8141.499143508686,4266.21280341965,3605.176387518013,3525.174374368209,7.839999999999996,6.0285714285714285,7.293939393939393,6.378181818181822,6.702394648195341,1.8273575489044938,1.449923351512571,4.071264165364369,-24.43340870301716,-54.18603748594181,326.0,193.11892570354513,582.3560511442579,950.9994532325388,88.73621515820454,1323.9495998910247,1859.0
2019,64,163,0,23.467058823529413,20.91642857142857,19.946060606060605,15.762272727272729,28.718235294117648,28.17392857142857,27.01212121212121,22.59318181818182,26.09264705882353,24.54517857142857,23.479090909090907,19.17772727272727,186.7,47.76,156.6,141.02,82.7964705882353,76.70035714285714,79.89090909090909,86.6940909090909,15.488642239860775,72.04751469498682,94.62843775171604,31.7575799608195,13.92859041597959,41.39904877312043,73.32760480350848,29.697341205809515,19.276912885389727,12.694558407611666,27.87659752143379,33.533078371105454,1.5600518238811838,30.64846592186639,21.300832948207557,2.060238755009981,158.06534678265905,12.943305704657629,68.09035608266939,105.66617794451882,0.8992776900827166,0.5746075898437764,0.7749003000123895,0.9351260783236076,8388.066278625178,3035.7366824034125,2694.0649741782163,2659.1100621530263,5.251176470588234,7.2575,7.066060606060606,6.83090909090909,12.053993959491068,0.662895870901196,1.6548936421299012,4.440514679455475,-24.43340870301716,-54.18603748594181,326.0,44.80193534923722,863.4876897065263,575.3806815161278,46.54734878080505,1323.9495998910247,1859.0
2019,74,173,0,21.912941176470586,21.185357142857143,18.39969696969697,15.858636363636364,27.908235294117645,28.674642857142857,24.846363636363638,23.465454545454545,24.91058823529412,24.93,21.6230303030303,19.662045454545453,58.67,92.07,242.02,10.92,79.77000000000001,76.875,84.08090909090909,83.52636363636363,17.474158043890558,64.09514074168504,79.11548547876383,36.45397720030834,10.794885933763066,37.6626921731225,72.45570515134294,26.56475997721286,4.998883449593995,38.47442662495524,45.32,21.57762161805654,6.679272110127492,26.432448568562545,6.659780327420892,9.889217223095482,49.42245283886517,20.931764651516254,162.71872147361228,8.0976184047306,0.6177628648344091,0.5876060452836813,0.91582203803567,0.7287204858675383,6838.211967504095,2608.1560528028867,2498.381422297948,2362.8294826262368,5.9952941176470596,7.489285714285714,6.446666666666669,7.606818181818181,3.3575294359039307,1.4364583482398248,3.059072424765225,0.29955579167662494,-24.43340870301716,-54.18603748594181,326.0,186.4066976428757,757.9410225433279,165.47132375340036,232.05497723867325,1323.9495998910247,1859.0
2019,84,183,0,20.774705882352944,21.410714285714285,16.416666666666668,16.329545454545453,27.63823529411765,28.948214285714283,23.166666666666668,24.43636363636364,24.20647058823529,25.179464285714285,19.791666666666668,20.382954545454545,46.31,75.23,223.49,12.83,79.2570588235294,76.68785714285714,84.82666666666665,82.62636363636364,16.55298265110649,58.60213801208179,71.47434523478125,38.44030919238996,8.667523660701054,43.7039778993052,62.73437485518812,21.177883428788647,14.228030550002188,34.7647634485086,30.34839280390197,22.000509375113317,7.885458990405436,14.89816011277659,8.73997037959313,17.262425763601318,28.08436476874219,10.989289202188388,165.1719957894185,0.0,0.5236230740640371,0.7457744611688897,0.8777187765640413,0.5509290605024904,6101.634413552209,3774.847468748575,3544.0509853672206,3225.7449242420344,6.863529411764706,7.537499999999998,6.75,8.106818181818188,2.7976831110195355,1.2837415587890344,3.1268562064594336,0.33376422483459,-24.43340870301716,-54.18603748594181,326.0,217.94017097894084,431.275131407538,202.4759804605742,421.8309132050941,1323.9495998910247,1859.0
2020,36,135,0,24.65294117647059,22.2775,18.433333333333334,17.500454545454545,32.88058823529412,33.199285714285715,30.17969696969697,28.525,28.766764705882352,27.738392857142856,24.306515151515157,23.012727272727275,40.04,51.51,63.1,43.72,68.10000000000001,58.67321428571428,58.49545454545454,60.88636363636363,26.824447617289003,110.65550588197236,169.87086392191443,65.1873035339708,23.71226667296811,51.86636633639016,63.38376152165092,19.115346766502512,15.104720877897783,14.103129146372664,13.819367624721746,38.42402085821924,3.112180944320893,58.78913954558218,106.48710240026352,46.071956767468286,6.888012449134104,0.6452253951349594,0.0,0.0,0.8839796819407748,0.4687192555218354,0.3731290938202735,0.2932372675384709,9729.165717197982,1975.7881091214133,1356.5060679293788,1164.7604808952965,8.227647058823528,10.921785714285715,11.746363636363636,11.024545454545454,1.4926682022034725,0.4654987529941955,0.37145863948160973,0.670682750011532,-24.43340870301716,-54.18603748594181,326.0,102.3303401439441,1951.7574406707959,3213.748481621044,1314.2025667920327,1323.9495998910247,3700.0
2020,46,145,0,22.829411764705885,22.193928571428568,18.188484848484848,14.509545454545451,31.99411764705882,33.793214285714285,29.675757575757576,25.457272727272724,27.41176470588235,27.993571428571432,23.932121212121213,19.98340909090909,35.52,39.17,56.73,163.0,64.51588235294118,57.50142857142857,58.54545454545455,64.92318181818182,25.79570024680619,107.5399922476498,154.72953500375812,54.1022113974913,21.03527329277092,44.85071978969825,57.01656513937296,26.044685273516148,11.41079233744841,5.730072547750159,5.443507408377202,44.57881360114634,4.760426954035273,62.68927245795154,97.71296986438516,28.057526123975155,7.702980675357313,0.0,0.0,97.82000853371471,0.8154565718903224,0.4170608426901614,0.3684918017622693,0.4813977950395542,8757.451290336228,1099.859377280389,752.5742704497836,674.5169352394323,9.164705882352937,11.599285714285717,11.487272727272728,10.947727272727272,1.3769736684856149,0.3642365893964069,0.3666397627228837,3.012815849659673,-24.43340870301716,-54.18603748594181,326.0,152.3056600176344,2118.472017587083,2899.7064057027997,714.2680945906146,1323.9495998910247,3700.0
2020,56,155,0,21.68470588235294,21.422857142857143,16.796363636363637,12.975909090909092,32.748823529411766,32.7275,28.46939393939394,22.957727272727272,27.216764705882355,27.075178571428573,22.632878787878788,17.96681818181818,24.84,66.83,48.82,144.66,59.73647058823529,57.51178571428572,59.12030303030304,72.06227272727273,27.20743265295392,98.44387137932874,139.6667767138241,43.3006137225528,13.877579955466295,47.21044499816811,51.74090604271726,32.9854348232657,3.7466929096777,23.36624791150959,20.44534186879233,38.775315223317286,13.329852697487624,51.23342638116063,87.92587067110684,10.315178899287108,13.761949357078226,0.0,0.0,93.34459182220934,0.5100657652077144,0.4795671313682342,0.3704596559046671,0.7617775358709403,6889.754201898625,1511.2723867058298,1035.5689175315483,986.2297616695826,11.064117647058826,11.304642857142856,11.673030303030302,9.98181818181818,0.9129858122538848,0.678863996952003,0.34954626396248634,3.3408302461231614,-24.43340870301716,-54.18603748594181,326.0,436.5369936630756,1676.7419618894346,2503.196249599944,236.81306393922452,1323.9495998910247,3700.0
2020,65,164,0,23.051764705882352,18.579285714285717,16.714242424242425,13.57818181818182,34.60470588235294,30.19,28.21969696969697,22.26681818181818,28.828235294117647,24.384642857142858,22.46696969696969,17.9225,31.38,63.06,44.86,176.4,55.858823529411765,58.575,61.131818181818176,79.10363636363637,26.66674871169913,89.20319477162266,128.03634136009748,34.85827214408549,16.32494382213156,54.99393126851282,48.0289766956509,31.4722291335504,16.415929563730913,23.17366929562201,20.004692599971108,42.93676810093776,10.341804889567577,34.20926350310984,80.00736466444658,3.3860430105350874,2.9902528880057524,1.3083289995960854,0.0,121.99569536548294,0.6121835098318357,0.6165018126235038,0.3751198775710966,0.9028625688462412,6811.739588502661,2893.3049108954247,1989.3205474231845,1950.673049879569,11.552941176470586,11.610714285714284,11.505454545454544,8.68863636363636,1.176746379517691,0.7069253535307309,0.350369274250292,5.060491790036425,-24.43340870301716,-54.18603748594181,326.0,357.8751164961655,1032.777665158886,2257.7835861747235,75.39640407140105,1323.9495998910247,3700.0
2020,75,174,0,22.177647058823528,17.57857142857143,14.693939393939392,16.031363636363636,33.33764705882353,29.30678571428572,25.394848484848485,24.52318181818182,27.75764705882353,23.44267857142857,20.04439393939394,20.277272727272727,31.01,56.56,164.27,60.63,59.47058823529412,58.50607142857143,65.48636363636365,79.25818181818182,24.14890599186624,83.64038782258619,105.18076973925804,37.256721132383085,14.48318431549912,45.314661590539465,52.04076382908567,33.3973578319426,8.070147071979852,8.810442259905349,29.398547200940648,31.801642319807225,9.66572167636712,38.32572623204672,53.14000591017237,3.8593633004404833,12.920729616399932,10.505043221535036,91.64113122987904,24.829547049190825,0.5997449458115123,0.5417796685335637,0.494774510189402,0.896411622302265,6332.795540820993,1980.072033084746,1479.8806016969922,1449.2209155537644,11.16,11.72821428571429,10.700909090909093,8.491818181818182,1.2841161421740883,0.6762283326563746,1.5617873914330873,1.6273573776008203,-24.43340870301716,-54.18603748594181,326.0,322.23241781554714,1123.2038460269723,1349.4823985727803,94.64386791912024,1323.9495998910247,3700.0
2020,85,184,0,19.93588235294117,17.0725,13.732727272727272,15.518181818181818,31.368823529411763,28.571785714285717,23.643939393939394,23.83818181818182,25.652352941176478,22.822142857142858,18.688333333333333,19.67818181818182,41.42,32.85,209.44,52.57,58.215294117647055,58.580357142857146,74.08878787878787,76.09636363636363,22.78795425646726,75.45325558523739,84.62209105156926,42.50770907799863,14.130320259028815,30.24528198745297,59.808929101108006,34.40114649611856,13.210293340139575,9.550486069132283,44.10739125347028,43.25456390093122,8.657633997438442,45.20797359778442,24.81316195046125,8.10656258188008,18.551143980724284,6.264525283554322,115.074165714554,19.021680856420492,0.620078489714302,0.4008479389373164,0.7067767808368156,0.8092919435623991,5792.500839911395,586.6176145010387,500.6126618301275,481.518488276992,11.432941176470592,11.499285714285715,9.911212121212122,8.320000000000002,1.8176269591310479,0.4353688882634136,2.4750038364375313,1.2367168483142146,-24.43340870301716,-54.18603748594181,326.0,271.5797930478822,1291.6725342129826,586.6808973287089,193.2457127473268,1323.9495998910247,3700.0
2021,36,135,0,21.59764705882353,22.90571428571429,21.040606060606063,16.406363636363636,28.228823529411763,30.774642857142855,30.541818181818183,27.183636363636364,24.913235294117644,26.84017857142857,25.791212121212123,21.795,25.25,117.43,29.44,21.28,72.11941176470589,69.10285714285713,65.47212121212121,65.03636363636363,26.115820026813097,96.43074380397,157.4007021273119,58.10469047316968,16.293804073609195,58.80781685069314,48.44618891534676,12.207043976697218,7.90578215104602,20.727278436116706,1.721089520769944,10.794045544072729,9.822015953203904,37.62292695327685,108.95451321196514,45.89764649647246,5.5180431108002495,45.80068686423617,0.0,0.0,0.623905512324727,0.6098451026183214,0.3077888996718805,0.2100870665911888,8458.633404720074,3508.367532708375,2294.1020576226183,1931.673880447444,6.631176470588233,7.868928571428565,9.50121212121212,10.777272727272727,0.9668469140190061,1.2177651583681497,0.1870385557504551,0.3662354936702781,-24.43340870301716,-54.18603748594181,326.0,277.26395504606006,1157.832140227469,3327.668932608346,1247.664932306836,1323.9495998910247,3000.0
2021,46,145,0,22.774705882352944,22.858214285714286,19.112121212121213,15.391818181818184,30.74823529411765,30.482142857142858,29.61090909090909,26.25090909090909,26.76147058823529,26.67017857142857,24.361515151515157,20.821363636363635,46.35,92.65,13.79,20.4,69.93235294117646,69.66535714285713,62.85242424242425,63.82772727272727,26.573252761999733,89.40610880467645,149.51015712364685,52.48048360366749,11.301081455018952,61.33620927812608,27.881842773950293,14.169851363428815,20.64577777777777,14.997750054835809,0.9059072808855176,7.136055917456702,15.27217130698078,28.06989952655036,121.62831434969657,38.31063224023868,19.083555528552186,36.96181844481588,0.0,0.0,0.4252803206380409,0.6860404741707967,0.1864879504533705,0.2700023016258673,7257.507900899997,3839.662291997609,2277.856521632667,1945.290518028996,7.973529411764705,7.623928571428571,10.498787878787876,10.859090909090906,1.7442350929006856,1.0362826571773793,0.09223453620341987,0.38871593017436273,-24.43340870301716,-54.18603748594181,326.0,469.59231679911727,855.6306873539547,3601.5249590893786,1005.6889241537565,1323.9495998910247,3000.0
2021,56,155,0,22.66235294117647,22.066785714285714,17.939090909090908,15.806363636363637,30.078823529411764,30.98857142857143,28.39060606060606,26.545,26.37058823529412,26.52767857142857,23.164848484848488,21.17568181818182,85.06,49.37,29.75,13.47,68.09470588235294,68.39178571428572,64.12848484848485,63.83272727272727,23.822398970659304,88.85914888920614,129.99216369640678,50.17899539929,16.511911541860602,47.52707378757744,26.15136837018463,13.985547832207756,8.06687992960024,5.919167133460517,9.517798763275886,9.002250931068128,7.310487428798701,41.332075101628696,103.84079532622216,36.19344756708224,65.54750102793012,3.990639008562276,0.0,0.0,0.6931254724680493,0.5348585304011463,0.2011764988485033,0.2787131890728455,7857.615751460111,2375.2613441942244,1426.554052634704,1220.7631279866853,7.4164705882352955,8.921785714285715,10.451515151515153,10.738636363636365,3.570589179736414,0.5555983893291268,0.22885994935418053,0.26843901303354095,-24.43340870301716,-54.18603748594181,326.0,219.89086128481927,1280.8219615778996,2948.1031131267964,960.7550656681981,1323.9495998910247,3000.0
2021,64,163,0,22.679411764705883,21.443214285714284,16.72030303030303,16.21909090909091,30.444705882352935,30.809285714285718,27.60909090909091,25.25409090909091,26.56205882352941,26.12625,22.164696969696973,20.736590909090907,44.17,29.31,23.83,70.45,67.11352941176472,66.12535714285714,63.89393939393939,70.39181818181818,22.934164007854605,85.28124520516322,120.69001130370935,44.14097548696379,15.128067796979693,37.5329748267788,22.375662479688028,17.08963898503999,16.41863642934547,4.184530045821869,5.6388675661338405,43.64906321116163,7.806096210874914,47.74827037838442,98.31434882402132,27.051336501923803,19.16951799589706,4.011131556744802,0.0,15.350165369932224,0.6596302264080154,0.4401081942047725,0.1853977991880453,0.3871604285248997,7349.664776915082,1177.1391510102374,697.6890794728098,612.1747841754151,7.765294117647052,9.366071428571434,10.88878787878788,9.035,1.9259476815842271,0.3436863513130959,0.19744798879861894,1.5960227254335622,-24.43340870301716,-54.18603748594181,326.0,237.65430322943647,1471.090104450611,2714.3697943504794,683.156911231993,1323.9495998910247,3000.0
2021,74,173,0,23.054117647058824,19.607142857142858,15.863636363636363,15.09681818181818,30.962352941176476,29.737142857142857,26.73242424242424,23.27136363636364,27.008235294117647,24.67214285714286,21.298030303030306,19.18409090909091,47.45,12.96,29.97,90.43,72.77941176470588,63.1125,63.20515151515151,78.5759090909091,20.48217242290856,79.0137911820903,108.733639274323,36.32725325172823,17.319104653240903,23.89848833052392,23.839673535044085,23.418074633863203,13.375686233182815,2.437197902658898,8.56752436761481,45.22886557390115,3.163067769667658,55.11530285156639,84.89396573927891,12.909178617865027,21.39263906786774,0.0,0.0,30.35058415985045,0.8455697128040051,0.3024597095391732,0.2192483733106662,0.6446420397267199,7424.655619369856,-343.83903659043176,-209.61259302179528,-194.7150923210316,7.908235294117652,10.129999999999999,10.868787878787877,8.174545454545457,2.316648791947914,0.16402199927520483,0.27562767327587545,2.489315648870257,-24.43340870301716,-54.18603748594181,326.0,97.93602066130993,1638.9716345117229,2269.4215077642325,300.4141898631072,1323.9495998910247,3000.0
2021,84,183,0,21.00588235294118,18.18178571428572,16.32272727272727,12.066363636363636,30.797058823529408,28.687142857142856,26.24909090909091,20.405,25.90147058823529,23.434464285714284,21.28590909090909,16.235681818181817,8.28,20.81,80.97,44.63,65.83117647058825,63.43857142857143,67.9409090909091,76.85227272727273,21.04198090073009,72.15073035893822,93.77803945735096,33.34367783004776,10.795594601326318,17.624649728538785,31.039207720157275,30.7955071796366,2.916871930153905,6.102222201615119,45.32,41.96137144833076,10.246386299403772,54.52608063039944,62.73883173719367,2.548170650411164,1.1137556907420003,0.0,10.713014481457844,17.193121372032643,0.5130502994112948,0.2442754167679107,0.3309858885914704,0.9235785967163204,5655.507334524681,-755.501550499852,-502.7809512621395,-495.0963060941883,9.79117647058823,10.505357142857136,9.92636363636364,8.338636363636365,0.3934990740207691,0.2884239687730618,0.8634217613050453,1.3384846215069155,-24.43340870301716,-54.18603748594181,326.0,315.5585615913438,1564.1974644843588,1646.8372977997547,51.9954221216398,1323.9495998910247,3000.0
2007,36,135,0,20.364117647058823,20.244642857142857,19.28848484848485,14.636818181818182,28.273529411764702,29.48,30.438484848484848,24.75772727272727,24.31882352941177,24.862321428571427,24.86348484848485,19.69727272727273,119.19,129.76,91.59,137.55,84.50176470588235,80.40178571428571,76.2309090909091,83.07545454545455,19.06348512949004,81.42470713967407,139.8787593995455,44.2885628711645,17.9596424429147,72.21866589417063,95.48257712572033,37.15830778844086,19.36508444311041,28.578993559386262,23.893665691482013,34.83054719093372,1.1038426865753372,9.206041245503428,44.39618227382516,7.130255082723646,88.18616200286378,48.32742498955351,0.7927507421839195,89.45481071210745,0.9420964908002176,0.8869379876342497,0.682609550839572,0.8390045957583775,9172.578512729806,7616.973234881697,6408.1959567506665,6201.857937047346,7.9094117647058795,9.235357142857143,11.149999999999999,10.120909090909088,6.252267053500117,1.5936194867414466,0.6547813291536643,3.105767969941431,-24.274625001122807,-53.824059920507466,300.0,31.209528664849163,271.39409591744106,1351.3525214723988,176.52891072304942,1306.5588706082826,2958.0
2007,46,145,0,20.545882352941177,19.94107142857143,18.1,13.15181818181818,28.581764705882357,30.5975,28.382424242424243,22.889545454545456,24.563823529411764,25.26928571428571,23.24121212121212,18.020681818181817,105.64,89.71000000000001,185.0,119.17,84.73823529411764,76.67321428571428,79.89545454545456,84.06954545454545,19.86914829686528,84.74889287633873,116.33839981740849,37.991726084892335,19.22852343443724,56.712058400155534,93.57701108106554,31.50436905984997,19.935111111111105,9.520958798987236,26.79485532786821,41.119138013218425,0.64062486242804,28.036834476183188,22.76138873634294,6.487357025042364,72.79725434334055,43.412093911968334,74.14909239005348,73.34134825479981,0.9677578096022812,0.6691775724186378,0.8043518840549069,0.829242898557797,8514.104676941934,4289.119510080294,3869.540434475019,3737.3901327741473,8.03588235294118,10.65642857142857,10.282424242424241,9.737727272727275,5.316785522038035,1.0585389018697893,1.5901886246532095,3.1367356074771435,-24.274625001122807,-53.824059920507466,300.0,18.310189082656493,857.8570428850151,646.0233914616219,148.49265350457196,1306.5588706082826,2958.0
2007,56,155,0,20.79647058823529,19.363928571428573,16.29878787878788,9.989090909090908,30.493529411764705,30.05642857142857,26.583939393939392,20.00681818181818,25.645,24.71017857142857,21.44136363636364,14.997954545454546,61.53,121.23,169.91,85.88000000000001,79.23647058823529,76.93214285714285,81.11030303030303,83.30409090909092,21.499155663806867,77.28377906104893,103.1988565434804,31.58577915414276,19.294308936773017,52.96841404094096,84.5374524182928,28.12029021815805,19.935111111111105,32.48774553219861,32.91795396568741,33.910547369552795,2.20484672703385,24.31536502010797,18.661404125187595,3.465488935984709,28.62146884100477,55.70895153797154,84.94233914821841,56.76711637797656,0.8974449619551509,0.6853755689030101,0.8191704370549392,0.8902832531351318,7206.624461660651,3805.554279591201,3461.4759210201096,3385.51954553903,9.697058823529414,10.692499999999995,10.285151515151512,10.01772727272727,2.8619728589427242,1.5686344724969588,1.6464329711677805,2.718945117069752,-24.274625001122807,-53.824059920507466,300.0,67.23355851923985,730.833031915088,496.09363626979757,69.33340705334861,1306.5588706082826,2958.0
2007,64,163,0,19.66588235294117,19.428214285714287,15.502121212121212,8.914090909090909,29.45764705882353,30.490357142857142,25.37060606060606,19.998636363636365,24.561764705882357,24.95928571428572,20.43636363636364,14.456363636363635,81.98,85.06,212.48,17.990000000000002,78.7535294117647,76.40535714285714,83.15484848484849,81.70454545454545,18.92985085343293,72.43107373632769,90.32651614321746,32.09056996015788,15.431052862734214,54.812100307266974,72.4208319643839,25.479669606973182,14.422677521860049,30.558980438661635,43.760000000000005,24.86841377037978,3.498797990698717,17.618973429060716,17.905684178833564,6.610900353184694,56.46649397689576,14.11159677593144,126.85814847427774,11.401916622647036,0.815170335055006,0.7567484158360067,0.8017671339117833,0.7939924295083426,6498.177460877253,4127.139518571532,3718.0721708153433,3564.8819678508808,9.791764705882358,11.062142857142856,9.868484848484849,11.084545454545456,4.3307261443707,1.1743578496384803,2.3523546470352263,0.5606008251749822,-24.274625001122807,-53.824059920507466,300.0,103.06635634012373,537.2087923425717,454.27805954681287,132.2089921995759,1306.5588706082826,2958.0
2007,74,173,0,19.352941176470587,18.358214285714286,12.302121212121213,11.82909090909091,30.216470588235293,28.658214285714283,22.534242424242425,23.15090909090909,24.784705882352934,23.508214285714285,17.418181818181818,17.490000000000002,61.03,184.74,119.96,3.71,76.53235294117647,79.00785714285713,82.91121212121213,81.51181818181819,19.463696444352024,61.90804065836043,77.60603632701972,34.44511404700536,11.44465720981311,52.58138839617496,62.10544314846796,18.380108844240944,7.651097174782503,36.76342494171828,29.64253460893756,14.972425764696617,8.019039234538914,9.326652262185467,15.500593178551762,16.065005202764414,48.25513450429328,103.04628383688927,64.97544718431276,0.0,0.5880001901249401,0.8493466735015148,0.8002656247867797,0.5336056898856137,5376.603048936683,4161.59834706037,3745.991224191133,3396.569425650899,10.863529411764706,10.299999999999997,10.232121212121212,11.321818181818179,3.1355811664289335,2.9841034869684835,1.5457560478221988,0.10770758357592215,-24.274625001122807,-53.824059920507466,300.0,242.30706317634994,267.285199098053,349.2941244050439,371.91947499418046,1306.5588706082826,2958.0
2007,84,183,0,19.947058823529414,17.333928571428572,10.376666666666669,11.505454545454546,31.18294117647059,27.422857142857143,20.925454545454546,23.815,25.565,22.37839285714286,15.651060606060607,17.660227272727273,58.92,169.49,86.82000000000001,0.6100000000000001,75.10941176470588,81.44178571428571,82.85333333333332,78.22727272727273,19.01264131415892,55.59956803197935,67.7378559126386,35.92881573286397,12.960681052855705,42.64253182299928,54.44809327159814,12.320030814249016,15.66902412787311,43.759999999999984,21.142918798627207,9.43288798437819,6.051960261303217,12.957036208980073,13.28976264104045,23.60878491861495,34.89704007214571,98.75649230487386,54.988987929774645,0.0,0.6816875592768766,0.7669579698617885,0.8038059743405483,0.3429011105139189,5093.460285242908,3312.9747972908667,2987.981866096466,2595.3019528931586,11.235882352941175,10.088928571428571,10.548787878787877,12.309545454545455,3.0989907728455193,3.0484049786594385,1.2817057586229423,0.016978015766938713,-24.274625001122807,-53.824059920507466,300.0,188.71792083055578,355.3189529536878,278.0943240649719,562.2432128368151,1306.5588706082826,2958.0
2008,36,135,0,20.47764705882353,19.363214285714285,17.89090909090909,12.558181818181817,32.60941176470588,29.612142857142857,30.07757575757576,23.61,26.543529411764705,24.48767857142857,23.984242424242424,18.08409090909091,51.54,134.87,72.55,83.92,66.14882352941176,74.875,68.50030303030303,79.94954545454544,24.5290118475404,83.59257482623316,132.992324885667,42.8513155523912,16.871622615522256,66.58874604009979,57.96103058566626,37.23427234433585,14.150215798376164,19.85963974849825,34.448609162831985,33.05690138485959,7.657389232018139,17.00382878613337,75.03129430000074,5.617043208055349,24.80943467537924,62.57183000977813,0.0,48.07743543363654,0.687823167129092,0.7965868521040319,0.4358223727233519,0.8689178351785302,8101.883559456749,5629.839101383217,4041.724468299377,3935.7648697160594,12.131764705882354,10.248928571428571,12.186666666666671,11.051818181818183,2.1011853359746357,1.61342081255852,0.5455202024806391,1.958399617799297,-24.274625001122807,-53.824059920507466,300.0,249.70295850950444,503.51980713337935,2256.7594384972344,132.61839014218677,1306.5588706082826,3166.0
2008,46,145,0,21.371764705882352,18.887857142857143,16.23181818181818,12.335454545454546,31.10411764705882,30.741071428571427,28.235151515151514,24.203181818181815,26.23794117647059,24.814464285714283,22.23348484848485,18.269318181818186,102.48,55.06,141.57,8.05,73.43823529411765,70.75357142857142,71.41181818181819,78.36681818181818,22.24248468510847,85.60056655855985,112.58343072815404,41.50209331911525,18.430580706531146,55.5657568310813,62.16627454853282,31.32474723171643,16.94267616633374,8.606325992261572,43.760000000000005,20.34638501373284,3.8119039785773214,30.034809727478542,50.417156179621216,10.17734608739882,71.4810813790618,7.830593342990863,44.25005144372875,0.1388677545507359,0.8286205865692052,0.6491283768906884,0.5521796071274521,0.754775114374501,8091.710216731081,3832.9829705191296,2974.7390006532983,2828.842994413115,9.732352941176469,11.853214285714284,12.003333333333334,11.867727272727269,4.60739892376373,0.6432200418011619,1.2574674539971822,0.19396611968708313,-24.274625001122807,-53.824059920507466,300.0,118.5659098089606,923.3022311759698,1423.5360436946626,246.32415777987495,1306.5588706082826,3166.0
2008,56,155,0,19.724117647058826,18.04178571428572,14.447272727272727,12.64,29.59294117647059,30.998214285714287,25.22151515151515,24.703181818181815,24.658529411764704,24.52,19.834393939393937,18.67159090909091,97.61,24.22,143.75,39.02,75.28117647058824,65.63000000000001,79.04333333333332,76.40454545454546,20.19052881409024,82.32751485002967,92.70531871243097,41.17646577579096,13.965154341829038,38.79165128617619,74.10798238050911,24.410959715202655,19.935111111111105,4.011830944694989,29.16509245701179,43.760000000000005,6.2253744722612,43.53586356385348,18.59733633192183,16.7655060605883,68.00289296669393,1.35162888023993,44.48875610717409,0.0141327418091314,0.6916685774016609,0.4711869580521197,0.7993929950275003,0.5928376623705935,6927.015324976796,1432.3712565459502,1288.699402653761,1183.7574303965357,9.868823529411763,12.956428571428567,10.774242424242422,12.063181818181814,4.834444946874374,0.2941908309041017,1.5506122194122223,0.9476286821813926,-24.274625001122807,-53.824059920507466,300.0,184.22714055912735,1349.5340278659512,469.0530000733896,414.16134448854194,1306.5588706082826,3166.0
2008,65,164,0,18.516470588235293,18.0675,13.276363636363635,12.00090909090909,29.947058823529414,30.80964285714285,24.53181818181818,23.319090909090907,24.23176470588235,24.43857142857143,18.90409090909091,17.66,48.36,53.88,101.55,82.05,72.62647058823529,66.18392857142858,79.45606060606062,78.00909090909092,19.74181889160628,71.264788038373,88.26847929816905,35.516347636190105,16.15709856753111,38.06683553835053,68.52520728216633,23.93980393085877,14.4090025193794,30.22216698102887,16.98279550532185,43.760000000000005,3.5847203240751693,33.19795250002246,19.74327201600272,11.576543705331336,22.14172466768756,0.0,46.26416419354069,31.33299157446308,0.8184199569574969,0.5341605102067123,0.7763270402641651,0.6740502761174919,6802.434995884081,2049.1707241321124,1819.9986836967853,1701.3530700132865,11.43058823529412,12.742142857142852,11.255454545454546,11.318181818181817,2.449622310159144,0.7560536063194064,1.1504673107255676,2.3102037642066966,-24.274625001122807,-53.824059920507466,300.0,107.35183041098051,1022.8170601140846,484.3383594107576,269.9544750776855,1306.5588706082826,3166.0
2008,75,174,0,18.878823529411765,16.686785714285715,12.096969696969696,10.344090909090909,31.085294117647063,29.16821428571429,23.544848484848487,21.007727272727276,24.98205882352941,22.9275,17.82090909090909,15.67590909090909,15.39,77.47,93.18,68.68,69.62,69.79785714285714,78.34515151515151,80.8059090909091,20.007417632559747,62.84699004484142,79.83408560994866,29.45324640584992,14.203726283147056,42.95067563122059,53.93312151329708,25.632354607484075,5.894747023961951,27.47795602676414,25.66109113574213,38.0895309834543,5.803691349412689,19.89631441362083,25.90096409665158,3.8208917983658446,1.6124155817798822,12.936115365977225,41.06374337772493,30.619205544803748,0.709923016753154,0.6834165900479119,0.6755650935466606,0.8702726434391646,5675.920418354768,2980.567057365616,2497.067060148456,2432.279478374817,12.206470588235298,12.481428571428573,11.44787878787879,10.663636363636368,0.7692147123951951,1.232676377098172,1.167170630039611,2.3318312369925707,-24.274625001122807,-53.824059920507466,300.0,180.4094525645374,580.3399623124382,609.8342752671621,80.26825283867012,1306.5588706082826,3166.0
2008,85,184,0,17.990588235294116,14.61107142857143,12.597575757575758,9.710909090909093,31.87294117647059,25.259642857142858,24.438484848484848,19.66909090909091,24.93176470588235,19.935357142857143,18.518030303030304,14.69,6.45,143.53,50.82,65.52,60.25176470588235,79.20964285714285,77.8830303030303,81.7218181818182,19.580953703161867,47.31495414234573,79.75600789345961,26.04607936014,8.292327267363747,41.5560371679512,47.73410013448672,24.865786544241303,2.790416260863409,33.018112449195854,36.10401231470914,39.86273511876382,11.28862643579812,5.758916974394529,32.021907758972894,1.180292815898696,0.0,71.74626664371637,0.0,36.89549065170401,0.4234894476066674,0.8782854791094377,0.5985016225768384,0.9546844344755788,4497.458848619794,3676.349775142626,2938.3255403627413,2911.695163651464,13.882352941176475,10.648571428571428,11.84090909090909,9.958181818181819,0.32940172872981544,3.0335018304824724,0.6371933769288808,2.5155417479173274,-24.274625001122807,-53.824059920507466,300.0,359.8017263513443,145.46818601714352,782.5669075872385,23.215286695258357,1306.5588706082826,3166.0
2009,36,135,0,20.812941176470588,20.608214285714286,18.67909090909091,15.978181818181817,30.25235294117647,31.875714285714285,32.71545454545454,28.588181818181816,25.532647058823528,26.241964285714285,25.697272727272725,22.28318181818182,71.44,67.25,46.13,97.79,77.58058823529413,70.47035714285714,61.27272727272727,68.85181818181819,21.925046085827507,90.72328473404394,151.51023306674557,52.60495640761601,17.291648195061182,51.94031882902836,45.89415264333591,21.861109432126067,11.60018428410501,7.031894709686542,7.267742066350637,42.64944283912492,4.633397890766323,38.78296590501558,105.61608042340966,30.743846975489944,46.64861876332349,19.877970745390108,0.0,40.547189795099655,0.7886710079135759,0.5725136494042498,0.302911240477849,0.4155712869094037,9046.060863474246,3245.459544783776,2114.2728607074528,1867.1445072863269,9.43941176470588,11.267499999999998,14.036363636363632,12.61,3.2583739947611456,0.7412650478556186,0.3044678835632054,1.8589503095917825,-24.274625001122807,-53.824059920507466,300.0,140.17118830836543,1236.234740340875,3455.2780783611297,878.9106871256656,1306.5588706082826,1256.0
2009,46,145,0,21.33529411764706,20.05821428571429,17.40969696969697,14.660454545454543,30.651176470588236,32.8325,31.647575757575755,26.702272727272728,25.99323529411765,26.445357142857144,24.52863636363637,20.68136363636364,55.13,36.74,42.37,153.52999999999997,77.48235294117647,65.58035714285714,60.48636363636364,75.46818181818182,21.28530161877104,88.95550100548438,139.01584595477598,44.89696783972612,17.73130893875549,45.54221332981575,41.2787051047076,29.38782991947419,15.191426531472567,6.389213201656816,7.480508096949221,43.760000000000005,3.553992680015549,43.41328767566863,97.7371408500684,15.50913792025193,26.58920629537833,0.0,0.0,87.86267817747503,0.8330306638980693,0.5119662394685174,0.2969352509507167,0.6545615736096768,8572.022442394378,2296.867920511389,1489.4444864445445,1386.5422145259151,9.315882352941177,12.774285714285714,14.237878787878785,12.041818181818185,2.590050213400879,0.41301549184389247,0.3047853984486317,3.419607322883668,-24.274625001122807,-53.824059920507466,300.0,108.93405681033542,1425.3667676113903,3093.143569381392,414.1292305114544,1306.5588706082826,1256.0
2009,56,155,0,21.08058823529412,19.662857142857145,16.599393939393938,11.989090909090908,31.46764705882353,33.23464285714285,30.326363636363634,22.48909090909091,26.274117647058823,26.44875,23.462878787878783,17.23909090909091,52.54,33.44,70.67,150.0,73.82882352941176,62.9275,63.71575757575757,80.68318181818182,20.718113761660867,87.47824321062681,120.28735453168548,34.8170071323996,18.07669108997554,39.486365722571776,43.65450465618527,29.34335771059673,18.31168987488655,12.265324152314772,39.28081949612951,40.43168967051631,2.641422671685325,47.99187748805503,76.6328498755002,5.473649421802865,22.4725079240268,0.0,0.0,119.50577211501646,0.8725066045069552,0.4513849875505387,0.3629184865370534,0.8427880546714409,7863.250677243701,1392.4046249597689,948.8670020486808,919.0323565986506,10.387058823529411,13.571785714285706,13.726969696969697,10.5,2.5359451446408183,0.3822664787572886,0.5875098032967753,4.308239344915283,-24.274625001122807,-53.824059920507466,300.0,83.11935636576851,1594.992908359263,2323.9956718152825,123.09739945141752,1306.5588706082826,1256.0
2009,64,163,0,19.985294117647054,18.97392857142857,15.34969696969697,11.302272727272728,32.28294117647059,33.05678571428572,28.3069696969697,21.035,26.134117647058822,26.01535714285714,21.828333333333333,16.168636363636363,22.16,36.21,107.83,136.01,66.54235294117647,61.26107142857143,68.75333333333333,83.50545454545454,21.57011959070517,84.61370207867029,103.82856859620114,28.517643778790216,15.883339937286294,35.7709220524465,51.5374341079836,24.359780244203375,6.101865602644844,6.540943550198344,28.141547612748976,42.077462452358304,5.686779653418873,48.84278002622378,52.29113448821754,4.157863534586839,6.495683348957751,0.0,34.69196182946576,97.71430491618727,0.7363584550607046,0.4227556669153678,0.4963704576186293,0.8542003130819938,6810.085286853788,913.4605773647164,683.4377110839091,663.5087102231106,12.297647058823532,14.082857142857154,12.957272727272729,9.732727272727272,1.0273471088935928,0.4279448731168086,1.0385388285507509,4.769328106312781,-24.274625001122807,-53.824059920507466,300.0,183.58597303487127,1614.5853130168744,1480.2035593781409,87.46065945003416,1306.5588706082826,1256.0
2009,74,173,0,19.59941176470588,17.609285714285715,15.181818181818182,7.877727272727273,33.38529411764706,32.11464285714286,26.224242424242423,19.37181818181818,26.49235294117647,24.861964285714286,20.703030303030303,13.624772727272727,14.88,35.87,203.1,39.49,63.09588235294118,60.246428571428574,76.38242424242424,82.61181818181818,21.543976521015875,75.5047604259898,84.36929774316637,28.018961022092203,9.076220868570564,38.19429688758058,52.22555992927988,25.859135260863376,10.10534816753458,7.781051279954004,43.760000000000005,38.29586463745871,12.46775565244531,37.310463538409216,32.143737813886496,2.159825761228827,0.0,0.0,114.89549135067412,19.09500010167792,0.4212880969173367,0.5058528319551301,0.6190114333802188,0.922915565658346,5163.85360022679,1336.298151101229,1081.7409925188686,1065.0639140163694,13.785882352941176,14.505357142857147,11.042424242424241,11.494090909090907,0.6906802922610294,0.4750693836736291,2.407273800218995,1.4094027244216225,-24.274625001122807,-53.824059920507466,300.0,416.23968944384325,1198.2122113704627,842.9451728526476,41.83975195093189,1306.5588706082826,1256.0
2009,84,183,0,19.899411764705885,16.236428571428572,12.571818181818182,9.862727272727271,33.252941176470586,30.46035714285714,23.17727272727273,20.17363636363636,26.57617647058824,23.34839285714286,17.874545454545455,15.018181818181818,32.14,51.8,194.96,110.48,63.19529411764705,61.24071428571428,80.91969696969697,87.23045454545455,20.501792736598773,63.01872454003952,69.98432208252856,27.106094827561048,15.39661860088635,28.370987714733868,58.13846526685425,25.693802962872404,11.378925740768068,34.8079380260342,43.760000000000005,43.760000000000005,5.105174135712421,34.64773682530565,11.84585681567432,1.412291864688646,9.985258571769243,0.0,127.86947275917996,84.7861970371276,0.7509888914934293,0.4501993323699864,0.8307355638637869,0.9478976269479936,5509.511508516897,965.8118499701474,884.0730508707124,874.8605900903742,13.3535294117647,14.22392857142857,10.605454545454547,10.310909090909087,1.5676677846140392,0.8219779181200089,2.785766786025228,4.075836106338183,-24.274625001122807,-53.824059920507466,300.0,169.76205523048418,1055.3824378905333,274.5546541051062,28.491062517550667,1306.5588706082826,1256.0
2010,36,135,0,22.2,19.733571428571427,18.10333333333333,13.68409090909091,28.94529411764706,29.85964285714286,28.187272727272727,23.24954545454545,25.57264705882353,24.796607142857145,23.14530303030303,18.46681818181818,123.58,101.83,171.51999999999998,62.72,86.28588235294117,78.79321428571428,80.36151515151515,85.92090909090909,19.418974179522007,87.81411536251358,123.22269019780708,38.01933160695768,16.419758707512543,62.20018122192385,70.59192051313754,35.81324226541389,19.18782588485421,36.42613289600679,43.760000000000005,36.989705161488175,2.999215472009464,25.61393414058973,52.630769684669545,2.206089341543789,92.0712947969498,22.39151176692358,93.59421238286924,33.677052573097946,0.845552321956726,0.7083164359755778,0.572880858223576,0.941974536418729,8732.843644092449,4912.003206827087,3862.9979097755727,3818.167460869931,6.7452941176470596,10.126071428571432,10.083939393939396,9.565454545454541,6.3638788979038585,1.159608561557856,1.391951431385422,1.6496870762589106,-24.274625001122807,-53.824059920507466,300.0,86.81317395951159,764.8229256043877,1483.5178589480581,51.290574423010575,1306.5588706082826,3318.0
2010,46,145,0,20.828235294117647,20.24535714285714,16.312121212121212,12.370454545454544,28.077058823529413,30.068928571428568,27.222727272727276,21.15,24.45264705882353,25.15714285714285,21.767424242424244,16.760227272727274,101.0,168.04,121.95,111.56,86.0035294117647,80.07678571428572,80.1930303030303,87.19,18.19093521666483,76.01033731880293,113.15690210000754,33.049307695978634,17.241695301958732,59.53125785357418,59.76290691292193,29.34060952172012,14.059581221160194,28.399675988188744,33.74097029030596,43.05478098789781,0.949239914706098,16.47907946522875,53.393995187085615,3.708698174258517,76.01961236576996,94.16864737939729,56.84579878496085,72.90557978068803,0.9478179706870434,0.7831994956671209,0.5281419498397345,0.8877828785893208,8397.138044146373,5666.382399760763,4329.518324453984,4232.3491077609815,7.248823529411766,9.823571428571427,10.910606060606064,8.779545454545454,5.552215913971991,2.2107519309538888,1.0777071282158392,3.375562387758409,-24.274625001122807,-53.824059920507466,300.0,26.651864922845157,495.5082633628586,1453.5301689793446,78.43896638556762,1306.5588706082826,3318.0
2010,56,155,0,18.83882352941177,19.240357142857142,15.134848484848485,12.18409090909091,29.693529411764708,28.445,25.60606060606061,20.89818181818182,24.266176470588235,23.84267857142857,20.370454545454542,16.541136363636365,27.48,160.05,133.38,125.77,76.65411764705881,82.24964285714286,81.94424242424242,88.89590909090909,21.541405948056426,69.7280857348299,96.2713854138683,29.033461863959012,13.9382942579472,48.01478450688029,57.12597217906406,26.455433619858173,12.247198660088351,11.661071251869576,31.661181220756998,43.760000000000005,7.603111690109224,21.71330122794961,39.14541323480425,2.5780282441008437,7.615395970853341,112.62134290133848,56.25391785204852,87.21574760089882,0.647046636211077,0.6886003538011429,0.5933847522135566,0.9112049311866216,6688.360607405271,3564.23091721071,2839.595598425842,2789.1671811129645,10.854705882352938,9.204642857142858,10.471212121212124,8.714090909090908,1.2756827509895836,2.295344814264037,1.3854584041416116,4.331898159072993,-24.274625001122807,-53.824059920507466,300.0,225.76322059119033,617.6348534290266,1002.3598237396848,53.876102977627454,1306.5588706082826,3318.0
2010,64,163,0,19.51235294117647,17.951785714285712,14.07909090909091,11.436818181818182,30.96176470588236,27.946428571428573,23.542727272727276,20.89272727272727,25.237058823529413,22.949107142857144,18.81090909090909,16.164772727272727,71.76,100.61,210.2,50.27,75.51823529411764,80.29607142857142,85.76121212121211,86.84181818181818,21.629958441372963,70.45724097226339,76.90963593989791,30.81967536127456,13.956182779626651,32.81760023836207,62.63711482354206,28.629501903135164,19.935111111111105,5.3304737287526365,38.74092094108887,36.36044684947502,7.673775661746309,37.63964073390132,14.272521116355849,2.190173458139397,44.18959499815114,82.3970371439964,114.1524379641217,24.020972188478684,0.6452246691760535,0.465780376658252,0.8144247994164305,0.9289358686467092,6148.795175464428,1221.584611501182,1108.236706846615,1092.485531065438,11.44941176470589,9.99464285714286,9.463636363636367,9.455909090909088,3.317620798694657,1.4279582710257803,2.7330775582433344,1.6311008928784858,-24.274625001122807,-53.824059920507466,300.0,237.5936364447159,1051.8935312242065,336.0140721366068,45.758696740872374,1306.5588706082826,3318.0
2010,74,173,0,21.048823529411763,16.584642857142857,12.666363636363636,11.479090909090909,29.348823529411764,27.549285714285716,21.81,21.457272727272727,25.198823529411765,22.066964285714285,17.23818181818182,16.46818181818182,116.65,119.79,120.77,32.45,84.24470588235295,79.41250000000001,86.8439393939394,86.14363636363636,16.77777599741912,59.999364043305526,68.88277020883083,31.707907974757543,12.210992556940122,31.85339091331107,60.71346917206322,26.43148218257296,14.03518554359056,43.759999999999984,38.77315943214357,30.915931768058798,4.566783440478999,28.145973129994456,8.169301036767612,5.276425792184586,95.28886162142116,58.2117946302795,65.04337139579319,13.87574548151182,0.7278075806244226,0.530895475664048,0.8814028383004796,0.8335927492792928,5909.752736732428,1751.3151169704945,1647.4646159134122,1592.6346044346528,8.3,10.96464285714286,9.143636363636363,9.978181818181818,6.952649744396633,1.9965211616833074,1.7532686277550025,1.0234040046361064,-24.274625001122807,-53.824059920507466,300.0,134.02972129165806,775.4014554648259,178.1724556119016,113.21770724812072,1306.5588706082826,3318.0
2010,84,183,0,17.981176470588235,16.053571428571427,11.257575757575758,13.265454545454544,27.473529411764705,26.71857142857143,20.487272727272728,23.59590909090909,22.72735294117647,21.386071428571427,15.87242424242424,18.43068181818182,26.35,132.13,128.34,6.65,81.86470588235295,81.83571428571429,86.74969696969697,85.29545454545455,16.564816165667565,50.15580669214801,62.400855448855154,35.23071384717607,10.918155164993536,33.282593730666704,53.826226356677,21.746964797236156,6.554075693059535,35.04616602011062,34.29376981276781,19.19680501553166,5.64666100067403,16.8732129614813,8.57462909217816,13.483749049939911,15.19865803083582,70.3553159422822,75.2661698506658,0.0,0.659117194890616,0.6635840578729473,0.862587956038422,0.6172728969265348,5270.631925642779,2610.9450183377226,2431.5573725171794,2245.432790689094,9.49235294117647,10.665000000000003,9.22969696969697,10.330454545454545,1.590720943502731,2.634390885406399,2.0567025736560574,0.18875575524374547,-24.274625001122807,-53.824059920507466,300.0,155.13370708028268,450.8281457408354,175.67076474666092,318.16131678701396,1306.5588706082826,3318.0
2011,36,135,0,20.947058823529414,20.026785714285715,18.729090909090907,15.613181818181818,27.982941176470582,28.81642857142857,28.71090909090909,26.16909090909091,24.465000000000003,24.42160714285714,23.72,20.891136363636363,143.08,67.9,139.1,13.2,87.45529411764706,80.87571428571428,80.74272727272728,77.45727272727272,18.251139948848376,82.93058135228127,118.66125799903678,48.73667093954054,16.531954859204028,52.48436121615264,93.6293977661105,34.904384721735504,9.924247329195794,11.109226377046165,40.06841039888844,18.36402567715293,1.719185089644346,30.446220136128627,25.031860232926284,13.832286217805036,122.94468670048909,14.230659735996996,16.511418212047232,0.0,0.9058039610422896,0.6328710152555671,0.7890477426665283,0.7161831952993989,9125.127361028382,4099.979245451387,3667.52930702721,3459.3480172139552,7.035882352941169,8.789642857142855,9.981818181818184,10.555909090909093,7.83951032105412,0.8187570723948893,1.1722444405665169,0.2708432838257467,-24.274625001122807,-53.824059920507466,300.0,48.107855234983035,877.3513278227408,718.687463523889,361.9783555143053,1306.5588706082826,3300.0
2011,46,145,0,20.83,20.004285714285714,17.02878787878788,14.687272727272727,28.170588235294115,29.485714285714288,27.367272727272727,26.362727272727277,24.50029411764706,24.745,22.1980303030303,20.525,43.62,99.3,78.78,2.5900000000000003,85.2,79.61,79.36484848484848,75.2259090909091,18.858040878420574,75.2742496474617,112.2187055880034,47.70303333811067,14.806627275992096,52.52493408926807,91.8468630281384,20.257364769826733,16.890730650219748,42.119589821756925,27.462746225336303,9.79538145550957,4.0514136024284815,22.74931555819364,20.371842559865005,27.44566856828393,16.658319798035365,21.54620673919475,1.589980568282221,0.0,0.7851625400247938,0.6977809056252643,0.8184630409598769,0.4246556948747077,8074.870741950375,4414.300557712436,4013.621207944318,3551.7783869601462,7.340588235294117,9.481428571428573,10.338484848484846,11.67545454545455,2.313071664295455,1.3191762184951712,0.702021998803218,0.05429424124127575,-24.274625001122807,-53.824059920507466,300.0,114.13070436488233,670.7798187444525,557.5217712928874,723.5426752833326,1306.5588706082826,3300.0
2011,56,155,0,20.183529411764702,18.850357142857145,16.90909090909091,12.004545454545456,28.037647058823527,29.38214285714286,27.226060606060607,24.865454545454543,24.11058823529412,24.11625,22.06757575757576,18.435,47.4,81.85,71.01,2.5700000000000003,82.67235294117647,78.07964285714286,79.35242424242425,72.18818181818182,18.516676036800234,71.49053457904962,104.14557932508536,42.21478805241978,14.604084693956557,51.48333944340583,75.50799228712839,10.498098926899951,17.238452720473433,17.803607719246244,13.305615432117866,5.377516505217915,3.912591342843679,20.0071951356438,28.637587037956976,31.71668912551983,21.878351474458903,29.80150555782136,0.0,0.0,0.7886990443064535,0.7201420404330433,0.7250234986108615,0.2486829713290055,7474.960469096866,4337.069692009201,3740.773566914422,3178.672190669394,7.854117647058825,10.531785714285714,10.316969696969696,12.860909090909088,2.559854690215282,1.1449068115373449,0.6818340294439742,0.06087914019155395,-24.274625001122807,-53.824059920507466,300.0,109.69985515605947,587.8542656462199,779.6886803067523,788.6498917829258,1306.5588706082826,3300.0
2011,64,163,0,19.628235294117648,18.545714285714286,15.477878787878788,10.46409090909091,29.801176470588235,28.586785714285718,26.20272727272727,23.904090909090908,24.71470588235294,23.56625,20.84030303030303,17.18409090909091,27.540000000000003,116.77,35.53,46.65,77.57235294117648,80.43071428571429,77.44030303030304,72.35000000000001,20.44007224581668,64.53368344964157,99.27950582271852,38.970015878966976,12.44817220313051,51.56814645054619,58.66172973253872,13.02559860568024,6.914924528784192,31.38918425326621,8.25745452072749,41.88185591504725,7.991900042686172,12.965536999095384,40.6177760901798,25.94441727328673,12.684638748467195,40.7275938249718,0.0,0.0,0.6090082291992966,0.7990888431277449,0.5908745137923009,0.3342466845827092,6346.068150542931,4433.574309969302,3526.6301873672246,3057.0570394691385,10.172941176470587,10.041071428571431,10.724848484848481,13.439999999999998,1.3473533590683082,1.8094426624682083,0.3578784937089154,1.1970741850576994,-24.274625001122807,-53.824059920507466,300.0,238.16802350739226,370.64302786378283,1064.2965093156838,620.1777090840345,1306.5588706082826,3300.0
2011,74,173,0,20.209411764705884,17.71892857142857,13.586363636363638,11.117727272727272,29.921764705882357,28.168928571428573,25.49848484848485,24.202272727272728,25.06558823529412,22.943928571428568,19.542424242424243,17.66,73.94,69.5,11.89,46.54,79.38470588235293,79.87857142857142,74.53575757575757,75.5109090909091,17.801508364448523,62.550058290625294,91.04410290916812,37.632276768157766,11.47402304554272,50.469636820436826,33.4337970298392,23.339439804028128,19.935111111111105,25.96389523571621,4.420098205877013,27.620658401848885,6.327485318905805,12.080421470188467,57.61030587932893,14.292836964129636,46.979196890495686,13.001579054958071,0.0,0.0,0.6445534170833269,0.8068679422478009,0.3672263876683486,0.6201973892734708,6036.536829824334,4287.763660362969,2931.1718102668387,2708.5184690613683,9.712352941176473,10.450000000000003,11.912121212121212,13.084545454545456,4.153580611610751,1.1111100756626526,0.13059604763047955,1.2367043399133222,-24.274625001122807,-53.824059920507466,300.0,189.3295268922245,340.29252950649106,1468.9755115806465,345.91913825231023,1306.5588706082826,3300.0
2011,84,183,0,18.444117647058825,16.642500000000002,12.340303030303032,11.010454545454548,28.91235294117647,27.05178571428572,24.695757575757572,22.283636363636365,23.678235294117645,21.84714285714286,18.518030303030304,16.647045454545456,74.54,70.91,43.83,69.99,79.55176470588236,79.23785714285714,73.72666666666667,80.2109090909091,16.15331225637809,56.98476537378257,83.4169396944389,33.983431181461505,12.507712476455042,43.2282678913756,25.44364563751154,25.127833619614535,9.004642777375098,16.665033826745354,35.05138818923382,43.760000000000005,3.645599779923048,13.75649748240698,57.97329405692736,8.855597561846963,57.63652565406041,20.021341059254155,0.0,36.15355456961928,0.7743125544741702,0.7585934171673184,0.305017730579821,0.7394142600092178,5690.939960230503,3630.1944068726993,2368.7340332102845,2245.282371033194,10.468235294117644,10.40928571428572,12.35545454545454,11.273181818181817,4.614533466383533,1.2443676750246675,0.525432845661227,2.059533059692355,-24.274625001122807,-53.824059920507466,300.0,105.40286751941044,372.1378220731846,1431.6944158979852,197.33491585090252,1306.5588706082826,3300.0
2012,36,135,0,22.08882352941177,20.356428571428573,17.009393939393938,13.095,35.70941176470588,31.49714285714285,30.59030303030303,24.072727272727278,28.899117647058823,25.92678571428572,23.79984848484849,18.58386363636364,63.27,63.38,108.97,109.56,52.92764705882353,70.00964285714285,66.60848484848485,79.84954545454546,28.347278557692064,95.58693960054508,131.83842771121286,42.9438707108308,11.872425373128504,40.27438534164111,75.71508848288072,35.416352885291914,19.935111111111105,3.0156400041230844,36.270551521242375,42.08178418591466,16.47485318456356,55.312554258903965,56.123339228332135,7.527517825538881,35.4840576521318,40.02508576534691,0.0,68.33241445003581,0.4188206408938296,0.4213377424776497,0.5743021196273046,0.8247126376607599,7273.92412576506,960.2060922728136,755.8272431720708,729.3298504041164,13.620588235294107,11.140714285714278,13.580909090909092,10.977727272727277,2.231960287518733,0.6630612954537838,0.826542017314517,2.5512371890680097,-24.274625001122807,-53.824059920507466,300.0,588.3073161306561,1742.1874232861635,1716.8299540671735,181.20788365479055,1306.5588706082826,1347.0
2012,46,145,0,22.14764705882353,17.964285714285715,16.318787878787877,13.716363636363637,30.878235294117644,32.19571428571429,28.513939393939395,24.42318181818182,26.51294117647059,25.08,22.41636363636364,19.069772727272728,122.42,41.25,151.68,67.94999999999999,73.50294117647059,60.20964285714286,73.2009090909091,79.46681818181818,22.30941400818137,90.17806114943976,111.66214789192976,44.06936313123988,18.064378143934228,39.87903821966212,73.32637547093023,32.68326688314053,17.78635490592314,19.157316686261023,34.69781207646251,43.760000000000005,4.245035864247149,50.29902292977766,38.33577242099952,11.38609624809934,90.86931434514555,0.0,62.81312913886827,26.204545193321977,0.8097199745950119,0.4422255004304876,0.6566806823552943,0.7416323849702295,8158.966774251997,1332.671359982967,1103.9054490059698,1046.8627653903618,8.730588235294114,14.231428571428573,12.195151515151519,10.706818181818184,5.487369590035211,0.4574283309511614,1.3583833274172803,1.5418874967092866,-24.274625001122807,-53.824059920507466,300.0,131.07921624819153,1619.4129710977131,1093.1038914322337,278.08469886664807,1306.5588706082826,1347.0
2012,56,155,0,20.31117647058824,17.33535714285714,15.154848484848486,14.806363636363637,31.35764705882353,31.39035714285714,26.61969696969697,24.32136363636364,25.834411764705884,24.36285714285714,20.887272727272727,19.563863636363635,44.78,53.75,165.17000000000002,84.08,71.69176470588235,61.93642857142857,77.36484848484848,83.5759090909091,23.220217461125088,79.92008921678286,98.08831972287416,35.193538722645734,13.524982162113858,43.40788070618324,73.59689998338193,29.513875474582203,3.5283941851180507,13.87051347893481,41.77146462487905,43.760000000000005,9.69523529901123,36.51220851059961,24.491419739492223,5.679663248063527,34.04751254165698,0.0,63.67214887067383,52.57758915029684,0.5824657837402756,0.5431410441552381,0.7503125773926287,0.8386163070209,6872.738091843376,2162.9301691922474,1892.9019395795783,1831.805238488248,11.046470588235291,14.055,11.464848484848485,9.515000000000002,1.9284918444441768,0.6725467967659969,1.6838906045760558,2.3890748998735285,-24.274625001122807,-53.824059920507466,300.0,304.0197666586416,1146.1312652221898,651.9541718229377,138.13715518824324,1306.5588706082826,1347.0
2012,65,164,0,19.90294117647059,16.94607142857143,13.612727272727271,13.028636363636364,33.46,30.60464285714286,24.803636363636365,22.362272727272728,26.68147058823529,23.775357142857143,19.208181818181817,17.695454545454545,3.72,78.6,137.34,113.97,60.34294117647058,65.9667857142857,78.46848484848485,86.92954545454546,23.81811019774719,71.5097606407266,88.97485675907843,27.08166281104131,5.712753871972885,50.5393117896367,70.15658408947633,25.42979413519164,2.2664611741113614,22.85328467543065,24.921230978266284,42.58455053654046,18.105356325774306,20.970448851089905,18.81827266960211,1.6518686758496663,0.0,7.473864709044019,65.11546960768806,70.87688630653417,0.2398491662244983,0.7067470417577275,0.7884989832514452,0.9390041635413836,5208.178482536282,2917.2078619500103,2608.711647515358,2576.8875377114514,13.55705882352941,13.658571428571431,11.190909090909093,9.333636363636364,0.15618367574568753,1.0991506515438583,1.5435821422211695,4.208382653429019,-24.274625001122807,-53.824059920507466,300.0,605.8052226604083,641.7930976415884,466.7615922885672,36.93953783898911,1306.5588706082826,1347.0
2012,75,174,0,16.406470588235294,17.64107142857143,13.55030303030303,12.192727272727272,31.10235294117647,29.619642857142857,24.005151515151518,21.506363636363638,23.75441176470588,23.630357142857143,18.777727272727272,16.849545454545453,40.49,150.99,97.11,94.75,58.70058823529411,73.51071428571429,80.95454545454545,88.30818181818182,20.126905108591867,56.724441058173305,81.71396147258596,24.771086436973576,13.692392230943357,47.6105455925373,62.97456664874516,23.98832055133112,12.678470290829775,43.759999999999984,43.760000000000005,43.157407640769,6.434512877648512,9.11389546563601,18.73939482384081,0.7827658856424515,19.030813637737698,72.29792469829249,34.13543335125482,71.36427180789988,0.680302915777065,0.8393303610292197,0.7706708316897887,0.9684000179954122,6060.555265857152,4599.934426065556,4072.4848579599934,4046.746768314896,14.695882352941176,11.978571428571428,10.454848484848487,9.313636363636366,2.011735027394522,2.6618155628039313,1.1884138065265533,3.825023994852934,-24.274625001122807,-53.824059920507466,300.0,200.12849052516907,269.9503287294723,449.84201204854475,16.834447778766798,1306.5588706082826,1347.0
2012,85,184,0,16.02294117647059,15.034642857142858,13.153636363636364,13.27,30.60764705882353,26.844285714285714,22.876060606060605,23.03409090909091,23.31529411764706,20.939464285714287,18.01484848484849,18.15204545454545,41.45,133.58,138.59,52.66,62.27823529411765,76.7975,83.64333333333333,88.49318181818181,18.49879471380228,53.21159435947277,65.23052526926888,30.292702928197947,11.46802335281096,41.31131423371635,52.32320235572563,27.02325203123388,16.712948357886674,18.43686407154245,40.46728451199563,31.76691077178944,7.030771360991316,11.90028012575642,12.907322913543252,3.2694508969640665,17.66705200149734,90.54477005262788,64.23637720382119,34.33712170897231,0.6199335432515757,0.7763592640099511,0.802127564353309,0.8920713379484967,5398.3162769713845,3587.391139037973,3232.468227888573,3162.6930336965715,14.584705882352942,11.809642857142856,9.72242424242424,9.76409090909091,2.2406865226237374,2.510355151127322,2.124618795079547,1.7383724431860275,-24.274625001122807,-53.824059920507466,300.0,215.19536836850656,319.4545197758413,295.26870123221016,75.30882918347913,1306.5588706082826,1347.0
2013,36,135,0,21.01058823529412,20.29714285714286,15.407878787878786,14.45,29.641176470588235,29.572857142857146,26.827272727272724,27.573636363636364,25.32588235294118,24.935,21.11757575757576,21.01181818181818,147.22,133.72,93.24,120.02,79.46411764705883,80.51714285714286,78.62909090909092,75.30727272727273,18.960850577583724,67.45542817217799,123.50253684612473,51.27884898547125,16.96015160847045,63.06973595821857,94.34973276220953,25.86969476719672,19.935111111111105,42.84470273071354,18.416938763534574,43.760000000000005,2.000698969113272,4.385692213959419,29.152804083915186,25.40915421827453,114.50801212431354,47.740672422179,23.318031204969444,68.80724399633785,0.8944826361598683,0.9349838503320284,0.7639497549735559,0.5044905507634606,8969.694062188013,8094.931604753316,7139.526310366153,6431.985760394289,8.630588235294116,9.275714285714287,11.419393939393938,13.123636363636365,7.764419607528017,1.9823460264559236,0.7549642491649409,2.3405361542729843,-24.274625001122807,-53.824059920507466,300.0,59.30307120801046,129.69744931596276,782.0902259239427,700.6227787222589,1306.5588706082826,3266.0
2013,46,145,0,20.67411764705882,18.84321428571429,15.60939393939394,13.73090909090909,29.69058823529412,28.58857142857143,27.453030303030303,24.557727272727277,25.18235294117647,23.71589285714285,21.53121212121212,19.144318181818186,71.6,120.54,89.74,172.12,81.17764705882352,80.28285714285714,78.25212121212121,81.40136363636363,21.62776636319664,69.19118530937322,115.75949025088288,36.831055818946666,20.31535364546633,53.47357746223116,75.11607619728268,31.732996697199184,15.17163282839024,14.49240410917641,7.870680834591965,42.652338984171095,1.3124127177303062,15.71760784714206,40.64341405360021,5.098059121747481,42.43390241503232,67.74565125698265,21.24564707730176,105.60534515322168,0.9393181572386688,0.7728380027475434,0.6488977796505958,0.8615825963065403,8500.90714885494,5604.2825792675785,4620.4445507444125,4492.534563019685,9.016470588235297,9.745357142857141,11.843636363636364,10.826818181818187,3.3105591579646294,1.7421294267619756,0.7752280163424058,4.6732301361683435,-24.274625001122807,-53.824059920507466,300.0,38.96630559689381,449.34395462429563,1115.7848776320943,125.19674553211418,1306.5588706082826,3266.0
2013,56,155,0,20.711176470588235,17.693214285714287,13.590303030303032,14.255,30.7235294117647,27.41392857142857,26.98757575757576,23.22636363636364,25.717352941176472,22.553571428571427,20.288939393939398,18.74068181818182,68.28,124.6,102.64,151.73000000000002,78.4135294117647,81.65642857142858,74.52303030303031,87.94318181818181,18.611037478103725,64.26650140492862,110.7243609795013,29.94467504646341,17.512455187873964,52.65366215904274,65.76932863314944,28.9151697209166,19.935111111111105,34.145108097984256,43.760000000000005,41.69888051238525,1.0985822902297624,11.612839245885876,44.95503234635186,1.0295053255468083,37.15332258990382,57.736340854084105,27.25577946483481,124.87594976669816,0.9409714642978788,0.8193018292264578,0.5939914942956906,0.965619752962776,7849.158414823551,5721.665563317993,4560.14312056672,4528.787351164684,10.012352941176466,9.720714285714283,13.39727272727273,8.97136363636364,3.6687906346077077,1.938801666126552,0.9269866097398568,5.067011071737109,-24.274625001122807,-53.824059920507466,300.0,33.75232530511793,318.35354559819785,1213.2273411314395,23.9116650567231,1306.5588706082826,3266.0
2013,64,163,0,20.355882352941176,15.889642857142857,14.271515151515151,13.483636363636364,28.93235294117647,26.90928571428572,26.599393939393934,23.38,24.644117647058824,21.399464285714284,20.435454545454547,18.431818181818183,112.77,93.24,149.96,73.76,82.59705882352942,79.57785714285714,77.34757575757575,87.20954545454545,14.250055364554214,64.72298713106802,97.1931809416776,32.1190136293596,14.042091485814703,53.63669961931524,52.67781389072924,30.311601666996157,19.935111111111105,25.83439828717235,35.15576745202239,34.19329469616533,0.2079638787395097,11.086287511752786,44.51536705094837,1.8074119623634468,85.11368629196308,33.704013204623514,87.96081694442071,44.4108710888609,0.9854061002979118,0.8287117451902772,0.5419908411305052,0.943727662897116,7521.1644177497665,5588.733726869753,4308.888110175157,4260.39386932028,8.576470588235296,11.019642857142863,12.327878787878783,9.896363636363635,7.9136534641476315,1.4406010002471497,1.542906596399865,2.296459064750883,-24.274625001122807,-53.824059920507466,300.0,6.016884338707521,298.3240781644734,1184.0817845448926,42.257291680057385,1306.5588706082826,3266.0
2013,74,173,0,17.164117647058823,15.237857142857145,14.237878787878786,13.185454545454546,27.404117647058825,26.77,25.23,22.459545454545456,22.28411764705882,21.00392857142857,19.733939393939394,17.8225,55.3,89.74,195.61,185.99,79.64176470588235,78.96642857142857,81.07787878787879,88.85818181818182,16.330479436366314,63.36663286528948,78.89749963948036,29.938748540251037,12.372602601992998,39.24080673826467,55.07269597782469,26.8647208528353,7.610824174100974,9.351782063150392,38.85480189838334,43.42447807265627,3.957876834373317,24.1258261270248,23.82480366165567,3.074027687415734,41.637462112794914,48.75823537268591,111.03428418694236,154.55560297289176,0.757638662735184,0.6192660863278997,0.6980284068503771,0.8973227727510766,6184.742409184406,2652.6306354305166,2252.121085921292,2205.8727762150456,10.240000000000002,11.532142857142855,10.992121212121214,9.27409090909091,3.3863059694899422,1.4162027543861673,2.479292764584857,6.212350517923167,-24.274625001122807,-53.824059920507466,300.0,108.46212240173513,645.8483654204539,601.0997963835727,69.04126457404493,1306.5588706082826,3266.0
2013,84,183,0,17.254117647058823,13.90857142857143,13.595757575757574,13.414090909090907,27.717058823529413,27.1175,23.782424242424245,20.94090909090909,22.48558823529412,20.513035714285717,18.689090909090908,17.1775,57.25,67.02,187.96,281.16,80.19470588235293,74.72285714285714,85.54393939393938,91.62954545454544,16.210170869018665,61.43440274766828,67.06898465064072,23.365012351140933,10.69937651752683,30.423765036101727,58.57310096308901,21.55289983520192,17.669176919415385,28.988549450502965,30.01245532281816,42.26914644542662,5.510794351491835,31.01063771156656,8.495883687551705,1.8121125159390143,33.62761075546295,25.27686243281069,128.3629931645958,247.35040904218965,0.6600409461430032,0.4952235828036345,0.8733261919528621,0.9224433315632068,5502.53357933584,1336.209800816082,1251.5784089064416,1232.1647585700005,10.46294117647059,13.20892857142857,10.186666666666671,7.526818181818184,3.5317332841578994,1.0909196964976389,2.8024876323844037,12.033376904518125,-24.274625001122807,-53.824059920507466,300.0,152.74301120467283,840.9309681434062,202.05271017164637,37.94728345877745,1306.5588706082826,3266.0
2014,36,135,0,21.57764705882353,20.106428571428573,18.293333333333337,15.059545454545455,34.667058823529416,31.135,27.656969696969696,24.20772727272728,28.12235294117647,25.62071428571429,22.975151515151516,19.633636363636363,31.47,164.57000000000002,266.13,86.55,60.68882352941176,73.22428571428573,82.97848484848485,85.70136363636364,26.280499636004635,80.42206249390334,118.10896420994476,43.72602518903224,19.18607971503,66.20964367073279,93.49102937660408,36.60872010719038,12.59995134437072,43.759999999999984,41.41659853917724,39.01809712458337,7.094419920974638,14.212418823170555,24.61793483334069,7.117305081841865,3.746057047322541,67.20030767363795,174.9823720842187,52.33978130740349,0.7300500363678327,0.823277115974886,0.7915659069739953,0.837229543479587,8615.854514098295,6331.926526989922,5672.0318456097,5487.384003028058,13.089411764705886,11.028571428571428,9.36363636363636,9.148181818181824,1.1974658182253766,2.046329015902518,2.253258266891074,1.979370400712966,-24.274625001122807,-53.824059920507466,300.0,245.9426727192467,442.50366005941527,680.8574776876782,172.29378033802377,1306.5588706082826,3269.0
2014,46,145,0,20.307058823529413,19.43607142857143,17.181515151515153,15.087272727272728,32.16117647058824,29.85892857142857,26.56878787878788,23.555909090909093,26.234117647058824,24.6475,21.875151515151515,19.321590909090908,40.07,158.51000000000002,310.16,122.07,67.28058823529412,76.48785714285714,84.42272727272727,86.76454545454546,21.73967901898826,76.93529850699652,104.47230006656385,37.144846775679305,16.677762069575117,60.02696455356149,84.65446331594903,29.162935203807383,19.935111111111105,36.948633374364846,38.09260312967993,43.760000000000005,5.061916949413139,16.90833395343503,19.81783675061481,7.981911571871921,8.394261986343203,81.46951318318477,224.3615669287359,87.23966792587254,0.7671576960730712,0.7802265763367726,0.8103053466039514,0.7851138915695273,8144.129457843418,5459.33463728323,4941.531341386988,4729.158053459415,11.854117647058825,10.42285714285714,9.387272727272727,8.468636363636366,1.843173487750272,2.0603026578961683,2.968825227379732,3.2863239613610595,-24.274625001122807,-53.824059920507466,300.0,162.79720428953766,504.864735777477,526.5359008435317,188.02118335869028,1306.5588706082826,3269.0
2014,56,155,0,19.18,19.914285714285715,15.643939393939394,12.198636363636364,31.30764705882353,29.6075,24.615151515151517,21.22772727272727,25.243823529411763,24.760892857142856,20.12954545454545,16.71318181818182,56.91,169.66,269.89,149.25,70.21529411764706,79.34678571428572,86.37848484848485,86.89545454545454,20.1281789561895,75.47874090165722,86.58071305960242,30.444850500027943,18.156646778538104,56.38428046080972,74.62401888148993,26.00329690159949,17.2536466802148,41.220895939711696,24.39650585407737,40.97581451596456,1.9715321776513948,19.094460440847502,11.956694178112494,4.441553598428451,27.820595430135988,89.3084702796934,212.0903712041444,106.66739443651332,0.9020511402475812,0.747022006292791,0.8619011815035356,0.854111499137617,7657.998467719744,4752.040835454813,4423.915223043182,4294.835551076773,12.12764705882353,9.693214285714287,8.971212121212123,9.029090909090908,2.8273794725230186,2.247785243543655,3.1172069443942663,4.90230687780395,-24.274625001122807,-53.824059920507466,300.0,61.72403358302364,565.3392375023925,294.3158388145691,94.28408845463957,1306.5588706082826,3269.0
2014,64,163,0,20.077058823529413,18.36285714285714,15.574242424242426,12.136818181818182,30.834705882352942,28.014285714285712,24.578484848484848,20.400454545454547,25.455882352941178,23.18857142857143,20.076363636363634,16.268636363636364,113.97,199.01,158.37,255.16,74.12823529411764,81.56107142857142,86.30636363636364,89.145,19.35436816929595,63.83770412770646,84.16649437470726,24.83047246837644,16.64850197525662,51.78048928856568,67.48226169245612,24.199210950355184,19.935111111111105,43.759999999999984,25.353646198510862,39.89462461671196,2.705866194039326,12.057214839140777,16.684232682251142,0.6312615180212552,83.70727580252117,123.40462182254544,109.294092109033,216.4198106314437,0.8601935144371206,0.8111270603494688,0.8017710871029827,0.974577144320342,7076.153644041968,5071.41273378843,4568.762417252944,4545.532219739251,10.75764705882353,9.651428571428571,9.004242424242422,8.263636363636365,5.888593159078355,3.1174366735038466,1.8816276141303983,10.276083160518445,-24.274625001122807,-53.824059920507466,300.0,83.43458825020437,337.77426142221515,410.07316018930544,12.878021904687253,1306.5588706082826,3269.0
2014,74,173,0,19.53235294117647,17.563928571428573,14.118181818181816,13.143636363636364,28.95,26.97607142857143,22.78939393939394,21.948636363636364,24.24117647058824,22.27,18.45378787878788,17.546136363636364,124.42,238.81,220.74,168.77,79.8529411764706,84.12392857142856,86.83272727272727,89.20772727272727,17.847358349853273,54.499191614669854,71.2273438646355,28.06431172284084,14.141927377256138,45.99798464402874,57.312343223929226,27.17884275937849,19.935111111111105,25.743223141301847,43.760000000000005,39.64071454890685,3.705430972597136,8.501206970641114,13.91500064070627,0.8854689634623427,95.81296151163276,187.0039033257805,145.41087991737265,145.71044269171466,0.792382104961343,0.8440122372686203,0.8046396245358927,0.9684485772461798,6317.7307169575215,4839.497696841243,4366.774653284949,4339.219062653657,9.41764705882353,9.412142857142857,8.671212121212124,8.805,6.971339823017723,4.381899858047035,3.0990907146489537,6.013687478486862,-24.274625001122807,-53.824059920507466,300.0,107.27222665668708,229.32916646908404,317.1144312679742,19.434836290320973,1306.5588706082826,3269.0
2014,84,183,0,20.01235294117647,16.095714285714287,12.931818181818182,12.879545454545456,29.534705882352934,24.93642857142857,21.64757575757576,21.83636363636364,24.773529411764702,20.51607142857143,17.289696969696973,17.357954545454547,72.78999999999999,266.33,273.28,81.71,79.84705882352942,86.54928571428572,87.98151515151515,88.655,18.06613807414321,47.34415037860418,60.91912690045551,29.66146017803613,11.783151418477305,39.57787805869131,49.26927249466924,28.206314819511327,19.087602953653445,25.73549385365729,40.83879396987688,41.17840483795412,6.28298665566591,7.766272319912873,11.649854405786272,1.4551453585248044,46.39011293225155,220.10423104130484,208.9074273891112,53.16407431241144,0.6522230357212699,0.8359613118451353,0.8087652433886217,0.9509415467144696,5380.9003272211785,4056.8865810670127,3668.9777221018544,3632.978847664777,9.522352941176464,8.840714285714284,8.715757575757577,8.956818181818184,4.029084672179008,5.625404572057969,4.4859474175746366,2.754753121038358,-24.274625001122807,-53.824059920507466,300.0,185.56616293784094,193.66309497177022,252.19110581398604,31.77508319251437,1306.5588706082826,3269.0
2015,36,135,0,21.001176470588234,21.00714285714286,18.654545454545456,14.07318181818182,30.710000000000004,31.833571428571428,30.28939393939394,25.50454545454545,25.85558823529412,26.420357142857146,24.471969696969698,19.78886363636364,52.63,60.82,143.59,95.51,76.13529411764705,72.71214285714287,72.52454545454545,77.4090909090909,19.68143157096603,94.3696480501935,131.45373823759363,49.551961154132286,17.14514614994548,66.65376111487447,85.71694694571636,38.84130203158794,18.087801080106747,9.57712943915466,40.21699017767086,38.19666252136395,2.5362854210205525,27.715886935319045,45.7367912918773,10.710659122544342,23.717941658836665,2.676910526077628,27.23319231576744,58.689025624718965,0.8711330823738417,0.7063050725739969,0.6520692990167295,0.7838499451267199,9318.413021314267,5213.257067283644,4306.33097437065,4120.168239088106,9.70882352941177,10.826428571428568,11.634848484848483,11.431363636363631,2.6740940977911163,0.6444868795913168,1.0923234434038758,1.9274716434111334,-24.274625001122807,-53.824059920507466,300.0,77.88932527954118,882.2956664616885,1385.339688963514,273.17049243907405,1306.5588706082826,3170.0
2015,46,145,0,21.238235294117647,19.85214285714286,17.59060606060606,15.07318181818182,30.794117647058822,31.69142857142857,29.31636363636364,24.49954545454545,26.016176470588235,25.77178571428572,23.453484848484848,19.786363636363635,40.89,84.35,151.9,66.57,75.45705882352941,71.39464285714286,73.23878787878789,82.97727272727273,21.055906404559167,85.35495922769893,122.1338922076987,39.65842793324151,19.187010594718785,55.45600658455204,85.84555055839648,36.020049435649085,13.210049559594058,30.58683069052636,43.760000000000005,43.760000000000005,1.8688958098403805,29.898952643146885,36.28834164930221,3.6383784975924303,13.962939845687156,11.51721228451566,52.88128013212987,30.54995056435092,0.9112412558294942,0.6497104220577701,0.7028806583221723,0.9082571174097712,8870.144642384583,4209.465807783442,3584.108952971472,3518.3456555988614,9.555882352941175,11.839285714285712,11.72575757575758,9.426363636363632,1.9419729179241707,0.9882261178870927,1.2437170162536177,1.6785839345941729,-24.274625001122807,-53.824059920507466,300.0,57.55099743831995,947.540522050815,1063.8422195515434,89.13861938260654,1306.5588706082826,3170.0
2015,56,155,0,21.122941176470587,18.626785714285717,16.348484848484848,15.049545454545454,31.29235294117647,31.38892857142857,27.191515151515148,24.19909090909091,26.20764705882353,25.007857142857144,21.77,19.624318181818182,47.93,70.55,175.55,50.13,74.19470588235293,69.05357142857143,77.13575757575758,85.29181818181819,22.105152426814332,81.25404335360273,103.41673954537808,33.41736607477899,18.430109415103686,55.45330742540721,80.67231852906461,28.91392854317117,13.494986082252654,21.3888389002145,36.9811345627344,40.00608442206127,3.67504301171065,25.800735928195515,22.744421016313478,4.503437531607817,20.43555654739716,7.2028397566309454,79.28538580841548,18.19112159750196,0.8337472214282182,0.6824682826439119,0.7800702176814086,0.8652366101645969,7929.674346436075,4152.789676488532,3696.128611706024,3596.5080475097984,10.169411764705885,12.762142857142852,10.8430303030303,9.149545454545455,2.168272766210796,0.8682644836882678,1.6975008182594142,1.5001182285827876,-24.274625001122807,-53.824059920507466,300.0,115.0007429964538,809.8574571404198,618.4552686775274,108.97909423078953,1306.5588706082826,3170.0
2015,64,163,0,20.557058823529413,18.37357142857143,15.38121212121212,14.86818181818182,32.02411764705882,30.641428571428573,25.80030303030303,24.777272727272727,26.29058823529412,24.5075,20.59075757575757,19.82272727272727,35.84,113.0,131.82,56.5,72.10000000000001,70.35214285714285,79.5969696969697,84.06545454545454,21.814214500957423,71.56577022099898,93.63251677065664,32.785971587546804,17.96795656489847,51.41111505889479,76.00158852475062,28.70912758749233,6.3968348750466895,43.759999999999984,28.538324877990828,42.15923272120518,3.846257936058957,20.154655162104195,17.63092824590604,4.076844000054475,17.796097448943733,24.22571981615192,71.04008659725854,14.169964569293327,0.8236811169207973,0.7183757667965353,0.8117007973940165,0.8756527928669654,7483.800316799618,4322.37102829981,3915.42151930178,3818.047173167028,11.46705882352941,12.267857142857142,10.419090909090912,9.909090909090907,1.6429654158955387,1.578967146598854,1.407844246276961,1.7232980224218997,-24.274625001122807,-53.824059920507466,300.0,123.1730166452857,617.5674265313899,454.88329144990496,101.0130756558952,1306.5588706082826,3170.0
2015,74,173,0,19.298823529411763,18.01642857142857,14.79060606060606,12.735454545454546,32.01294117647059,29.59464285714285,24.49060606060606,24.047272727272727,25.655882352941177,23.80553571428572,19.64060606060606,18.39136363636364,49.44,100.48,144.68,32.34,68.99235294117646,73.38607142857143,82.24151515151515,80.85636363636364,20.3858935542474,65.00319198711334,78.02329915308843,34.60406549856928,13.58108591530934,50.88200383856592,62.31537983779532,30.19450006677463,16.726639642433444,23.33353515388706,43.760000000000005,39.13462678243215,6.804807638938061,14.121188148547422,15.70791931529311,4.40956543179465,23.87972826417561,42.99110064998047,61.93815531609173,6.770873150793225,0.6662001780382946,0.7827616195932823,0.7986765557750536,0.872570885291586,6327.09620168671,4265.364004388835,3836.0051182705,3738.241371022869,12.714117647058828,11.578214285714282,9.7,11.31181818181818,2.425206423669331,1.5457702449430455,1.85431789696723,0.9345722687219257,-24.274625001122807,-53.824059920507466,300.0,217.84190666252186,417.91151997477925,384.6964639826284,106.03802254712008,1306.5588706082826,3170.0
2015,84,183,0,18.06705882352941,16.830357142857142,14.787575757575755,12.475,30.492941176470588,28.09357142857143,24.348484848484848,22.954545454545453,24.28,22.461964285714288,19.5680303030303,17.714772727272727,62.95,144.18,81.51,68.39,70.43529411764706,75.6217857142857,83.98757575757577,80.55318181818183,18.05473948029012,57.30823486736005,71.1110252092048,32.21904897179981,13.235505300099913,43.07828237497769,59.7065384951023,28.53724031454184,11.507999605012314,31.23921247334992,25.83231405562114,43.760000000000005,4.819234180190209,14.229952492382369,11.404486714102491,3.681808657257966,42.57446235740847,81.37050475668471,27.210359922626477,21.925073741079306,0.7330765040696797,0.7516944549885789,0.8396242118496942,0.8857257189533895,6099.410272146415,3827.634184336051,3520.704259804077,3440.2390701907075,12.425882352941176,11.263214285714287,9.560909090909092,10.479545454545454,3.486619126724085,2.515868798501729,1.1462357596477055,2.1226573155483064,-24.274625001122807,-53.824059920507466,300.0,146.9526243721765,399.77018676992213,277.68197196307125,84.51424417796694,1306.5588706082826,3170.0
2016,36,135,0,22.56235294117647,19.520714285714288,20.073939393939398,13.455,29.288823529411765,27.87214285714285,29.87333333333333,23.415,25.92558823529412,23.696428571428573,24.973636363636363,18.435,52.54,117.83,83.53,176.31,87.14411764705882,85.80142857142857,80.5430303030303,81.19590909090908,21.722096781393816,79.48176074129026,137.0457852963497,39.06428046917932,21.193203104947045,55.71684189528533,71.3811698341202,30.83900370672741,19.79253018644665,12.43702052294278,6.712119703900146,40.53833651964937,0.5288936764467695,23.76491884600493,65.6646154622295,8.225276762451909,17.875155597495194,69.46866776821854,17.87373098492244,111.64477947752336,0.9756518129087888,0.7010016055965504,0.520856366941636,0.789442512093844,9194.503357109666,5070.790745440291,3855.972195315796,3693.5914315394593,6.726470588235294,8.351428571428563,9.799393939393934,9.959999999999999,2.4187351952599454,1.4824784818687098,0.6095043333100217,4.513330282356126,-24.274625001122807,-53.824059920507466,300.0,15.490673555271236,662.3792130642559,1961.620945908336,192.59485539281144,1306.5588706082826,3531.0
2016,46,145,0,21.88529411764706,18.37857142857143,17.844848484848484,13.52727272727273,28.34588235294117,27.7275,28.632424242424243,22.360454545454544,25.11558823529412,23.05303571428572,23.238636363636363,17.943863636363634,107.69,94.68,70.32000000000001,174.2,88.17647058823529,83.88178571428571,77.62939393939394,86.16227272727272,17.835567578406767,74.23621999088306,130.0845145421878,30.816391979230296,17.31816158169908,55.14824674273593,59.29092315042224,27.825582634287297,19.34758239763922,25.05750633773106,29.929289382807305,41.744285024414815,0.5174059967076874,19.08797324814713,70.79359139176556,2.9908093449429995,77.3451449095506,33.82182931717223,6.157293804501521,134.5594217241052,0.9709902141082348,0.7428751995927148,0.4557877112359409,0.902947452545426,8340.218681505265,5123.503085752535,3729.366415358982,3656.9775131585575,6.460588235294111,9.34892857142857,10.787575757575759,8.833181818181815,6.037935127468471,1.2753882136190076,0.5405716448839456,5.652835676461012,-24.274625001122807,-53.824059920507466,300.0,14.666329511382374,529.2617782379995,2026.9921423738645,66.87585641171863,1306.5588706082826,3531.0
2016,56,155,0,19.08529411764706,19.62357142857143,16.2,11.793636363636365,27.41764705882353,29.1325,26.3969696969697,20.64590909090909,23.251470588235293,24.37803571428572,21.29848484848485,16.219772727272726,83.12,66.66,195.91,114.66,86.00941176470589,82.84642857142856,79.23878787878789,87.64045454545455,17.115799489232845,79.06577309326113,100.57654359120797,29.452402371201185,14.7376419430178,41.54567438083765,56.6860119731487,28.511845738639767,16.187495538194113,7.386818227272455,41.74122527048791,42.03119319178582,2.378157546215044,37.52009871242348,43.89053161805924,0.9405566325614158,58.51575140767697,33.915002930084,104.86958098363586,85.85818634006232,0.8610548372156913,0.5254571321503797,0.5636106585999641,0.9680651981897034,7232.257070592797,2084.233053635597,1629.464508835485,1619.0571836061704,8.33235294117647,9.50892857142857,10.196969696969699,8.852272727272725,4.856331721593775,0.8430955316325303,1.947869682182295,3.8930610330149347,-24.274625001122807,-53.824059920507466,300.0,65.20348425240189,1093.0542757396772,1158.5770331058002,19.418646730714574,1306.5588706082826,3531.0
2016,65,164,0,18.802941176470583,19.97107142857143,13.996363636363636,8.44,28.36,29.673214285714288,24.03181818181818,18.251818181818184,23.58147058823529,24.822142857142858,19.01409090909091,13.34590909090909,34.13,79.00999999999999,224.32,71.23,83.41823529411765,81.38321428571429,81.39969696969698,85.62181818181818,19.88140693566187,77.33261921355472,80.3108802416535,25.70816926482468,12.38872304284369,37.62756081533998,56.275094535210826,24.706850890376877,8.693902288663548,9.07974266874127,43.760000000000005,37.48682607074155,7.492683892818183,39.705058398214746,24.035785706442677,1.0013183744478042,17.60424510978695,40.99659880458229,133.36464813353044,52.79632303888158,0.6231311034945753,0.4865677795217453,0.7007156983696409,0.9610505764088824,5570.610477155586,1280.4141170974526,1088.8101946808706,1080.32848878428,9.557058823529417,9.702142857142857,10.035454545454545,9.811818181818184,1.7166793130107914,1.0216904690867015,2.7931458268795772,2.770714603060467,-24.274625001122807,-53.824059920507466,300.0,212.49251520032368,1178.1767060770258,577.6236319543747,18.27588091253506,1306.5588706082826,3531.0
2016,75,174,0,19.08764705882353,19.429285714285715,12.476363636363637,7.946363636363636,28.213529411764707,29.657857142857143,21.86757575757576,18.26409090909091,23.65058823529412,24.54357142857143,17.171969696969697,13.105227272727271,66.58,70.06,237.01,51.15,83.8664705882353,78.56678571428571,85.05121212121212,85.96954545454545,17.66025843656242,68.99237781850388,63.4534308204108,25.044227760915177,13.175885267121805,34.34098159399782,56.3064366474112,22.41049015750722,11.167776595767338,37.62673684747575,42.7534017324874,43.760000000000005,4.484373169440615,34.65139622450607,7.146994172999607,2.6337376034079574,48.55722702599974,9.260058154293777,175.57689846757717,27.732911574980168,0.7460754503933804,0.4977503701109936,0.8873663081634247,0.8948365416354243,5328.5162202177335,1314.1482710248476,1240.1395853317572,1214.0561118020976,9.125882352941176,10.228571428571428,9.391212121212124,10.317727272727275,3.7700467543644756,1.0154744946507668,3.7351802248612533,2.042386792210312,-24.274625001122807,-53.824059920507466,300.0,126.51999430934131,1027.6861590269405,156.28743651702143,48.10282301933415,1306.5588706082826,3531.0
2016,85,184,0,19.554117647058824,15.842857142857143,11.159696969696968,10.727272727272728,29.48,26.701071428571428,20.182727272727277,20.657727272727275,24.51705882352941,21.271964285714287,15.67121212121212,15.6925,25.85,91.61,214.29,43.73,81.48058823529412,77.38107142857143,87.23393939393941,87.605,18.599633972698847,52.54963984886625,55.38768624698895,27.99279631862392,7.160996965732173,35.31257805936049,52.86773147218121,23.401726190880368,9.557027293969456,43.759999999999984,34.62470565653513,33.16228402151439,11.438637006966674,17.23706178950576,2.519954774807741,4.591070127743552,15.45286462918726,22.09444923460898,170.55756287128366,21.79069544414037,0.3850074133847644,0.6719851584315351,0.9545033391795684,0.8359910144207687,4087.876093041,2076.5500495254614,2029.3120028855064,1962.746922282104,9.925882352941176,10.858214285714284,9.023030303030309,9.930454545454547,1.3898122961959078,1.743304050483925,3.8689104839010944,1.5621876250678801,-24.274625001122807,-53.824059920507466,300.0,337.21101896537755,460.2480180602925,50.85955995955152,94.84107458889147,1306.5588706082826,3531.0
2017,36,135,0,21.39764705882353,20.815,18.069393939393937,14.681818181818182,30.421176470588232,29.422857142857143,27.53121212121212,24.24090909090909,25.909411764705883,25.11892857142857,22.80030303030303,19.46136363636364,117.06,153.72,180.3,89.46,80.98470588235294,83.31142857142856,81.77424242424243,84.88318181818182,21.9282530937364,81.0639464896132,115.90295995536732,42.634389454566495,19.98458831136233,69.58392389679561,94.49333478250898,39.93191167504988,12.474223180920236,29.16527324087993,38.35235028946429,42.178002461977904,1.9436647823740687,11.48002259281759,21.409625172858345,2.702477779516616,90.92207739660633,67.4450260432447,76.61958816890667,45.7024361524365,0.9113625342581776,0.8583831272723871,0.8152797376261753,0.9366127247489604,9035.876564141765,7116.427692092036,6459.153496868239,6377.267868749299,9.023529411764702,8.607857142857142,9.461818181818185,9.559090909090907,5.338318538171063,1.8962807346135842,1.5556116950717318,2.0983061126120592,-24.274625001122807,-53.824059920507466,300.0,59.12856934426902,337.77506474524444,589.4329320696058,65.51051817346415,1306.5588706082826,4100.0
2017,46,145,0,21.622941176470587,19.587857142857143,16.403333333333332,16.473181818181818,29.704705882352943,29.18892857142857,25.89818181818182,24.528181818181817,25.663823529411765,24.388392857142858,21.150757575757577,20.500681818181818,90.42,100.28,199.48,142.24,82.38529411764705,81.65178571428571,82.88242424242424,88.68318181818182,21.652594779057303,77.81818044197179,101.8565997381674,36.32329444278624,19.8006675184153,63.934673019988544,87.00423247451451,34.47609075166526,19.935111111111105,24.671521395678603,38.09238288245184,40.414137461376384,1.8519272606420007,13.883507421983246,14.852367263652871,1.847203691120973,56.15422137047359,31.608916695443963,99.05490603871226,105.4421546694102,0.9144708853816812,0.8215904388520618,0.8541835550977318,0.9491454803464878,8452.56488735121,6190.537299161008,5739.196228661735,5680.823415180566,8.081764705882357,9.601071428571426,9.494848484848486,8.055,4.175942926131676,1.2886448826026942,1.958439615231446,3.915944359728876,-24.274625001122807,-53.824059920507466,300.0,55.010954592882214,405.24470646116737,384.64930782449363,45.308547991031794,1306.5588706082826,4100.0
2017,56,155,0,21.755294117647058,18.640357142857145,15.74818181818182,15.633636363636365,29.73764705882353,28.450714285714287,25.07878787878788,23.286363636363635,25.746470588235294,23.545535714285712,20.41348484848485,19.46,97.63,123.05,174.19,162.28,83.48529411764706,81.03750000000001,84.52090909090909,90.24909090909092,19.679940119625968,68.23628909430842,92.53061646111526,29.877539038656856,17.485130832797093,54.80983861724255,83.60949153188159,29.095935291604903,17.816959611005043,36.40703526781336,43.760000000000005,43.760000000000005,2.194809286828872,13.426450477065869,8.92112492923367,0.7816037470519547,68.64879844508675,49.65008572594914,83.22754373593176,133.1840647083951,0.8884747985264404,0.803235922479469,0.903587317685464,0.9738397548057528,7768.238630884962,5475.473168636813,5211.52064107204,5184.253709510976,7.982352941176472,9.810357142857143,9.330606060606062,7.652727272727271,4.960889078246622,1.803292670706848,1.882512044791153,5.431504910429038,-24.274625001122807,-53.824059920507466,300.0,65.26846393314517,381.99210639429333,223.73099974041776,18.200709073396197,1306.5588706082826,4100.0
2017,64,163,0,20.286470588235293,18.450357142857143,15.203636363636363,13.898636363636363,29.60117647058824,28.098214285714285,24.132121212121213,22.15,24.94382352941177,23.274285714285718,19.667878787878788,18.024318181818185,58.6,146.92000000000002,222.78,131.54,83.09529411764706,80.97178571428572,86.25424242424242,89.44863636363635,19.4617194217044,63.009667837693264,80.22368602230885,28.82844073793614,15.605470732694878,51.5772057693361,74.44052823950778,28.113640108585557,16.062181249267116,36.81892315194965,43.760000000000005,40.8087697220191,3.856248689009521,11.432462068357156,5.7831577828010685,0.7148006293505877,33.253236906926894,74.58605232798136,141.39839491244186,106.37759016939536,0.8018546765858267,0.8185601914644899,0.9279120909354268,0.9752050193817816,6819.363380615668,4963.407401446205,4784.506570743263,4760.780221205399,9.314705882352946,9.647857142857141,8.92848484848485,8.251363636363635,3.011039195984256,2.3317056737777375,2.776985339941232,4.562855174713035,-24.274625001122807,-53.824059920507466,300.0,114.14949795784537,321.2317690099997,139.55986460337755,15.832833940115517,1306.5588706082826,4100.0
2017,74,173,0,18.53941176470588,16.882857142857144,16.314242424242423,11.598636363636365,28.53411764705882,26.305714285714284,24.34181818181818,21.11636363636364,23.53676470588235,21.594285714285714,20.328030303030303,16.3575,57.16,187.85,208.7,82.03,80.4364705882353,82.52464285714287,88.86090909090909,88.75,17.816224553752814,54.73525733781268,71.28845576422474,27.26680919498702,14.73578299130174,49.045191507287335,66.2018401464703,25.77565493239856,12.61067430498484,36.58385601706541,43.760000000000005,36.21808893956218,3.0804415624510737,5.690065830525339,5.086615617754432,1.491154262588459,35.28354270371342,114.83162678063212,135.32201587059512,63.79625612803928,0.8270990830208069,0.8960438644618469,0.928647414743032,0.9453124767212366,6320.548967985372,5334.95920019824,5144.627634610944,5088.358245905273,9.994705882352942,9.42285714285714,8.027575757575757,9.517727272727276,3.2083116053877867,3.431974364176924,2.9275427243120844,3.0084194822136046,-24.274625001122807,-53.824059920507466,300.0,87.89768194786863,149.68124600470512,123.81747252817514,31.487755646731575,1306.5588706082826,4100.0
2017,84,183,0,18.738235294117647,15.514642857142858,15.352121212121212,12.155,28.221176470588237,25.06,23.17606060606061,22.105,23.479705882352945,20.287321428571428,19.26409090909091,17.13,94.63,152.6,253.91,6.699999999999999,81.19764705882352,83.97500000000001,89.53030303030303,87.75863636363637,15.719310493228136,50.31434007320343,60.36116149780169,31.206936160169075,11.543927275247334,45.5740075554932,57.55453277455359,23.77722412032635,19.83827943018887,32.899447746869846,41.06440904147183,23.987184921145477,4.1753832179808015,4.7403325177102325,2.8066287232481058,7.429712039842726,69.5686821834527,93.96482412782582,188.19050593084444,0.0,0.7343787299207842,0.9057856565183322,0.953502738290576,0.7619211318371707,5668.838277056285,4867.709462191375,4754.541881796898,4528.150691826703,9.48294117647059,9.54535714285714,7.823939393939398,9.950000000000001,6.0199841488446015,3.0329325551717248,4.206512825457264,0.21469586010021496,-24.274625001122807,-53.824059920507466,300.0,117.83422662696879,118.79273289381842,65.0465973887086,164.23378464072346,1306.5588706082826,4100.0
2018,36,135,0,19.90529411764706,20.695714285714285,17.874545454545455,16.628636363636364,27.58117647058824,29.525,27.33636363636364,28.781818181818185,23.74323529411765,25.110357142857143,22.605454545454545,22.70522727272727,177.25,113.17,137.70000000000002,28.73,85.03823529411765,83.43499999999999,83.90121212121213,75.62227272727273,19.464495265739966,82.28412710045637,123.42584351895584,55.36367817307963,14.677694184859208,71.22037098160311,76.9427680661374,11.914211752060476,18.51944537976116,35.582371749313204,6.661641687654161,23.477429935593683,4.786801080880759,11.063756118853268,46.48307545281844,43.44946642101915,148.3378334757526,24.886702648844853,89.67796199552164,0.0,0.7540752526315877,0.8655420369794276,0.6233926856195272,0.2151990645349448,8436.532612166187,6734.994127183445,5466.770101880039,4608.7048438944685,7.67588235294118,8.829285714285714,9.461818181818185,12.153181818181821,9.106323980153904,1.3753563899612946,1.115649657106471,0.5189322846322347,-24.274625001122807,-53.824059920507466,300.0,132.02560534137473,326.6573994091427,1270.6782535147734,1250.5546426267877,1306.5588706082826,3600.0
2018,46,145,0,19.675882352941176,20.502142857142854,17.45,13.831818181818182,27.70117647058824,28.902142857142856,28.333030303030306,25.54636363636364,23.688529411764705,24.702142857142857,22.89151515151515,19.68909090909091,159.3,188.3,18.44,67.47,85.11176470588236,85.49249999999999,79.98818181818183,77.74272727272727,19.06359699943725,68.84964626045468,128.86325618957966,44.80712408707735,14.094288559540908,64.4989001083907,52.75593836935317,20.05081858653,19.935111111111105,43.759999999999984,3.030652947852001,37.427403135329975,4.969308439896345,4.350746152063964,76.1073178202265,24.75630550054735,129.6479935805829,99.97621100272042,6.413408682794817,13.02243122599203,0.7393299679990595,0.936808010086133,0.4093947330629318,0.4474917548281744,7746.161143318407,7011.91813805876,4941.280246224228,4395.260630675517,8.025294117647064,8.400000000000002,10.883030303030306,11.714545454545458,8.356240430633447,2.734945061121604,0.14309742393030672,1.5057873357120628,-24.274625001122807,-53.824059920507466,300.0,137.6556900303522,125.74588682211727,2156.350942082836,632.4335826098919,1306.5588706082826,3600.0
2018,56,155,0,20.513529411764708,19.28428571428572,17.19969696969697,12.726363636363637,29.45705882352941,28.021071428571428,28.385757575757577,23.39636363636364,24.985294117647054,23.65267857142857,22.792727272727276,18.06136363636364,71.29,175.19,19.97,90.37,83.46470588235294,85.37214285714286,78.02090909090909,80.56363636363636,19.70847801367236,68.83238300551784,117.56188628884084,37.5346952109324,16.836442287545662,55.34068345363652,26.034563116242364,30.543440570458078,14.9115475257703,16.26407742903424,10.199514312791877,43.760000000000005,2.872035726126696,13.491699551881318,91.52732317259849,6.991254640474324,43.96824317309482,118.49678664309954,0.0,26.2660737423338,0.8542740984801425,0.8039919735046834,0.2214541118562641,0.8137388727632977,7695.417341420958,5432.871992196321,3318.0019170284645,3194.3989615806126,8.943529411764704,8.736785714285709,11.186060606060607,10.670000000000002,3.61722503130602,2.54516831105435,0.16986797873364493,2.4076391054236863,-24.274625001122807,-53.824059920507466,300.0,84.6017253277921,378.05187683609154,2598.0724071353993,163.56993584295202,1306.5588706082826,3600.0
2018,64,163,0,21.40529411764706,17.89107142857143,16.03030303030303,12.07181818181818,30.258823529411764,27.224285714285717,27.636969696969697,22.26136363636364,25.83205882352941,22.55767857142857,21.83363636363636,17.16659090909091,60.900000000000006,136.81,70.78,49.19,83.57117647058824,84.4825,77.33303030303031,81.71181818181819,19.66628290905576,68.62045721954928,106.1867519197718,32.13883882755139,17.549766400727883,41.038449044631946,30.52423341043468,26.595712771707063,18.821045571576565,7.845485867616426,39.69397698325962,43.760000000000005,2.116516508327877,27.58200817491734,75.66251850933713,5.543126055844325,29.91363374730089,106.7471106593282,8.407275473922116,18.528264211552557,0.8923784164951026,0.5980497756424231,0.2874580195606409,0.8275256276187422,7266.301364402969,2885.264168895658,1857.328246397841,1793.2599416771511,8.853529411764704,9.333214285714288,11.606666666666666,10.18954545454546,3.0966705951309845,1.993720321073935,0.6665614939750397,1.5305468957338715,-24.274625001122807,-53.824059920507466,300.0,64.04329952258,750.900471127714,2091.0827312389592,123.39754481135266,1306.5588706082826,3600.0
2018,74,173,0,20.441764705882356,17.41785714285714,14.494545454545454,10.519545454545456,28.15294117647059,27.9125,26.28757575757576,21.020454545454545,24.29735294117647,22.665178571428573,20.39106060606061,15.77,163.12,18.06,68.72,49.41,87.26764705882353,81.01035714285715,77.09636363636363,81.14454545454545,15.453893261506998,69.49228001174605,93.06236808192084,26.8771612012744,14.999616817568832,26.883820880198712,40.3343512606256,25.34835692882563,19.935111111111105,3.469134465803825,23.48946587383748,34.63585257369705,0.4542764439381656,42.60845913154734,52.72801682129524,1.5288042724487665,134.50616096020894,7.6421557651085665,8.365317331340744,12.915256371314786,0.9706044013472196,0.3868605386908391,0.4334120449752591,0.9431188338306996,6765.225315292137,543.1854071121576,389.3042526046783,384.87543662811385,7.711176470588235,10.49464285714286,11.793030303030305,10.500909090909088,10.555268969425587,0.2598849828635264,0.7384295222265055,1.8383637925889726,-24.274625001122807,-53.824059920507466,300.0,12.789218004047417,1189.3086155093151,1386.0917367365275,32.136160717906,1306.5588706082826,3600.0
2018,84,183,0,17.41764705882353,17.655714285714286,12.39909090909091,12.57818181818182,26.54470588235294,28.71678571428572,23.23878787878788,23.39181818181818,21.981176470588235,23.18625,17.81893939393939,17.985,120.7,8.2,104.14,42.1,85.43823529411765,78.09285714285714,80.11545454545454,81.19545454545454,15.275353558340214,64.62018540696056,73.38203672783983,30.82263798854948,11.742322071871367,14.530860663795206,51.26360272528303,27.6188771951506,7.821334762546312,1.4904740987511056,36.612743843808886,41.30882590174637,3.533031486468845,50.08932474316536,22.1184340025568,3.2037607933988825,107.4572320544712,0.0,17.754127529659183,9.78504074691192,0.7687103298149298,0.2248656603549456,0.6985851716736902,0.8960581896141053,5727.486687601054,-931.8707295281708,-791.4309015466474,-774.9783494062276,9.12705882352941,11.061071428571434,10.839696969696968,10.81363636363636,7.901617434844827,0.12689533383970664,1.4191483998493482,1.3658791961817165,-24.274625001122807,-53.824059920507466,300.0,93.7832816814077,1438.4044052227493,514.0055959963867,74.94178997722422,1306.5588706082826,3600.0
2019,36,135,0,20.524705882352944,20.401785714285715,18.27939393939394,17.933636363636364,31.11529411764706,29.83178571428571,28.90969696969697,27.08636363636364,25.82,25.116785714285715,23.59454545454545,22.51,72.58,210.53,50.59,130.87,73.36176470588236,79.86571428571428,78.62848484848485,83.18545454545455,21.26515459954017,68.8865570752471,126.66720381818048,44.54107974532532,18.511832432133307,60.786588080402254,74.83898031709523,36.78127494126329,18.646921238402392,40.19054705772512,15.94156674062988,41.65548426507856,2.753322167406871,8.099968994844842,51.82822350108525,7.759804804062035,41.74213521835319,128.19978610027502,0.0,68.37480753428804,0.8705242346337606,0.8824158248176498,0.590831549613426,0.8257831905191648,9337.501242715864,7690.587669882492,6117.214750158536,5904.070422822191,10.590588235294117,9.429999999999996,10.630303030303029,9.152727272727276,3.4130953367989827,3.056184093654601,0.39939304314807056,2.938186517890489,-24.274625001122807,-53.824059920507466,300.0,85.67042903950227,241.63653934656955,1498.3382358941014,210.18489467002578,1306.5588706082826,2375.0
2019,46,145,0,19.27058823529412,20.079285714285717,18.35636363636364,16.039545454545454,30.553529411764703,28.977857142857143,28.599393939393934,24.724545454545456,24.91205882352941,24.52857142857143,23.477878787878787,20.38204545454545,71.67,163.54,96.72,127.87,73.1129411764706,82.62142857142858,79.69181818181818,84.58863636363637,21.62463032308201,72.09823150965751,107.12442845893963,39.59598995144223,19.364268725655613,49.604160655031656,66.96538169909898,36.32875427365615,10.975631318809976,11.495421359918868,40.91362786214722,42.72628970772151,2.2603615974264,22.494070854625853,40.159046759840656,3.267235677786073,47.650988844423296,113.41604930385944,0.3364117986726569,89.72858388076956,0.8954728213312529,0.6880080081907031,0.6251177501009169,0.9174856928241274,8737.791786215097,4648.6101911208525,3777.269467445256,3714.933712820692,11.282941176470583,8.898571428571426,10.243030303030295,8.685000000000002,3.314276310356152,2.268294194956695,0.9028752954987517,3.2293674222266167,-24.274625001122807,-53.824059920507466,300.0,69.06202454819096,651.8299717866545,1148.5243985152244,80.78091702613439,1306.5588706082826,2375.0
2019,56,155,0,20.029411764705884,19.02,18.40878787878788,14.418181818181818,30.22529411764706,28.073571428571427,28.55787878787879,23.209545454545456,25.127352941176472,23.54678571428571,23.48333333333333,18.813863636363635,150.70000000000002,93.17,143.95000000000002,170.45,76.92117647058824,83.10035714285713,80.04333333333332,86.78181818181818,19.8884388417242,64.55643662463481,101.6579725950026,33.79954214417555,14.61364678748757,43.29969449205012,69.30036112757334,30.39034123984332,19.935111111111105,26.94341420571417,42.97281336761581,41.82211974714488,5.274792054236633,21.25674213258469,32.35761146742926,3.4092009043322262,122.47213099029022,42.86200241334682,58.62023971052504,141.2103523806276,0.7347809902921802,0.6707262165633056,0.6817011923271433,0.8991347015947754,7649.238666478735,3871.198032296172,3255.099173323482,3189.433863432308,10.195882352941176,9.053571428571427,10.149090909090908,8.791363636363638,7.577266430980226,1.4432333144677663,1.4160227311780604,5.0429677204776135,-24.274625001122807,-53.824059920507466,300.0,159.43214124872995,596.75266859784,924.0647461521214,79.12600335277628,1306.5588706082826,2375.0
2019,64,163,0,21.18764705882353,18.126785714285717,17.513939393939395,13.624545454545457,28.665294117647058,28.72107142857143,27.130909090909093,22.771818181818183,24.926470588235293,23.42392857142857,22.32242424242424,18.19818181818182,163.16,39.29,142.64,169.78,86.13764705882352,78.94678571428572,81.84575757575757,87.48227272727273,14.6182213454921,68.65203967512892,89.97495935347337,30.924235973888123,13.200060584667098,40.535386269557605,69.73513750348906,28.913919858210928,19.253173366174863,12.812801505676656,27.560582186396203,32.23809559400916,1.4181607608250026,28.116653405571316,20.239821849984317,2.0103161156771963,135.16709125890188,5.1949855909406,58.15708181579141,136.1885667341761,0.902986777439765,0.5904469329881055,0.7750505029908304,0.934992213958829,7751.999290305262,2989.7166630774373,2653.449033297836,2618.950063892281,7.477647058823528,10.594285714285714,9.616969696969697,9.147272727272727,11.161412605803408,0.5723063755414375,1.5853299743057183,5.490192227978056,-24.274625001122807,-53.824059920507466,300.0,40.65199531515482,807.5404107938,549.12476662812,45.77855307418008,1306.5588706082826,2375.0
2019,74,173,0,19.138823529411766,18.560357142857143,16.2130303030303,13.691363636363636,28.48647058823529,28.955714285714286,25.032727272727275,23.66409090909091,23.81264705882353,23.758035714285715,20.622878787878783,18.67772727272727,46.94,82.99000000000001,255.53,12.81,82.60117647058824,78.66392857142857,85.60363636363637,85.48727272727272,16.551253861444348,60.80830061103542,75.39227663554404,35.09289855284997,10.524469089521864,36.58875089380778,68.7715473710933,25.78049348274743,5.136165620686644,38.691020875232766,43.760000000000005,21.05187300597088,6.026784771922484,24.21954971722764,6.620729264450739,9.312405070102535,37.60025417868038,12.846393851646102,181.68947350413947,9.7376335112817,0.6358714075456423,0.6017065191124203,0.9121829243006392,0.7346356256073282,6408.360578589207,2579.7482161456483,2466.475243954372,2335.5723119409786,9.347647058823522,10.395357142857144,8.819696969696974,9.972727272727273,2.836038912395956,1.364780781012964,3.389339218860108,0.36503111821065787,-24.274625001122807,-53.824059920507466,300.0,171.68182714699418,701.2943617406958,165.73491002355962,220.3696001611855,1306.5588706082826,2375.0
2019,84,183,0,18.49,18.54,14.296666666666669,14.34681818181818,28.23764705882353,29.127857142857145,23.356969696969696,24.21454545454545,23.363823529411764,23.83392857142857,18.82681818181818,19.28068181818182,37.01,68.5,245.9,11.06,80.80882352941177,78.89107142857142,85.99606060606061,85.37181818181818,16.137375026903438,56.08012157675886,68.22605296160945,35.07098915776457,8.441067321916542,42.07505362302229,60.106276894192575,18.464809051994237,13.630789764832333,31.03686196905465,29.149201392481217,21.744392340486986,7.696307704986897,14.005067953736567,8.119776067416872,16.606180105770342,19.47772148077424,9.018874172755387,187.68138368238087,0.0,0.5230756122259047,0.7502668047078441,0.8809871637747263,0.5264980970149284,5666.249730406809,3543.6737546600957,3332.802422560514,3017.184764689382,9.747647058823532,10.587857142857146,9.060303030303027,9.86772727272727,2.2934337175841017,1.2214666814914372,3.604195015331856,0.31536036666223777,-24.274625001122807,-53.824059920507466,300.0,217.32562062952414,407.9376186324454,189.65336355283563,402.1111029975443,1306.5588706082826,2375.0
2020,36,135,0,21.90882352941176,19.29,15.304242424242425,14.592272727272729,33.25941176470588,33.212857142857146,30.937878787878788,29.39227272727273,27.584117647058825,26.25142857142857,23.12106060606061,21.992272727272727,42.86,71.09,58.49,29.42,69.67588235294117,61.89107142857143,58.61575757575758,58.65227272727272,24.96904180644728,99.59598763343962,155.50482941030373,59.87461499234074,22.57821511199128,49.17082979993195,62.07983071515305,17.15213526255311,17.271859486366427,18.57177175898568,14.981941043832622,27.24980578127951,2.390826694456,50.42515783350767,93.42499869515068,42.72247972978763,9.330814290531189,20.6192579274488,0.0,0.0,0.9042483603099796,0.493702918845525,0.3992148086369312,0.2864675666765831,9159.259559242058,2203.2999886713424,1541.4449860092627,1321.4707876689888,11.350588235294122,13.922857142857147,15.633636363636363,14.8,1.7165256212968925,0.7137837747203718,0.376129797523346,0.4913601532763669,-24.274625001122807,-53.824059920507466,300.0,79.51748948896275,1674.763563530314,2890.3712853883058,1255.710775803299,1306.5588706082826,4000.0
2020,46,145,0,20.15647058823529,19.16821428571429,15.075454545454546,11.867272727272727,32.13058823529412,33.720000000000006,30.76787878787879,26.328181818181815,26.143529411764707,26.444107142857145,22.921666666666667,19.097727272727276,53.71,43.67,50.45,149.38,66.82705882352941,59.95857142857143,57.75545454545455,63.29545454545455,23.874009269864512,96.75870411367691,143.5833635586016,48.74785675076436,19.28149698063752,46.15379243029327,53.22252872762503,19.83564557322389,11.302976384589632,8.819183954296358,6.046655226671326,43.16682380783652,4.592512289226998,50.604911683383634,90.36083483097656,28.91221117754047,27.564764913736013,0.0,0.0,92.42418584561092,0.8076354818616915,0.4769988690223622,0.3706733663883209,0.4069029265150794,8105.16762992178,1746.649874103135,1197.0432314193406,1055.0506639413918,11.97411764705883,14.551785714285717,15.692424242424243,14.460909090909087,2.2497268637570906,0.45132890523930874,0.3513638262096397,3.064339849108499,-24.274625001122807,-53.824059920507466,300.0,147.56012133068066,1706.3976219636963,2780.2112132510224,761.2059526479541,1306.5588706082826,4000.0
2020,56,155,0,18.747647058823528,18.372857142857143,13.70818181818182,10.65409090909091,32.61235294117647,33.05107142857143,29.52757575757576,24.063181818181818,25.68,25.711964285714288,21.617878787878787,17.358636363636364,41.88,61.92,39.34,142.61,63.42941176470588,59.08178571428572,57.15878787878788,71.55909090909091,24.269879519743345,89.48299196330079,128.6720179947523,39.9499798511649,13.026567245154933,46.18522679624664,48.12008447801783,26.86019966206532,4.548573993444111,20.283347197197468,11.503262719179638,38.08890727859794,11.243312274588414,43.29776516705415,80.5519335167345,13.089780189099582,30.62574765028985,0.0,0.0,89.16415577851637,0.5367380268434347,0.5161341365875245,0.3739747400245197,0.6723457624292669,6483.326719867288,1777.735998226651,1221.2821779978465,1141.2505218197248,13.86470588235294,14.67821428571429,15.81939393939394,13.409090909090908,1.7255957107628397,0.6919750741615227,0.3057385794757989,3.5697139405651455,-24.274625001122807,-53.824059920507466,300.0,366.6708681267389,1431.037529233819,2378.503319334584,314.9817606503376,1306.5588706082826,4000.0
2020,65,164,0,19.781764705882352,15.475714285714286,13.855454545454544,11.682272727272728,34.625882352941176,30.9,29.23939393939394,23.03136363636364,27.203823529411768,23.187857142857144,21.547424242424245,17.356818181818184,34.559999999999995,58.4,30.62,174.85,58.77411764705882,58.61464285714286,59.32484848484849,79.63681818181819,24.05265524945045,81.91884955501058,117.79756361226308,32.46965067703389,15.449538852745713,49.936298696344856,41.12674040266619,29.27760194838957,16.225633109375323,24.689334413030465,14.182594010364276,41.44353927064826,8.603116396704737,31.98255085866572,76.6708232095969,3.192048728644318,7.183024905206111,0.0,0.0,118.31145279132645,0.6423215521329481,0.6095825193786608,0.3491306538226633,0.9016913129003238,6404.667283620364,2653.926185986896,1790.2465852487942,1755.0472269726963,14.844117647058823,15.424285714285713,15.383939393939395,11.349090909090911,1.4368476012971423,0.7129006366328781,0.25993746441808724,5.385028676137657,-24.274625001122807,-53.824059920507466,300.0,297.8904962209574,988.2608215327707,2241.8084034830317,73.51723501439953,1306.5588706082826,4000.0
2020,75,174,0,19.24,14.4575,11.95060606060606,14.281363636363636,33.27,30.436785714285715,26.37060606060606,25.04590909090909,26.255,22.447142857142858,19.16060606060606,19.663636363636364,35.67,50.0,150.17,58.86,61.43529411764706,57.67321428571428,64.05878787878788,80.9040909090909,21.7117780343318,77.60393114319817,96.4127309471716,34.23561713078141,13.636187413914232,42.26219774618127,42.97721118641451,30.99816237345163,9.794357155423766,9.07959420857538,28.389513525532863,31.474050368939544,8.075590620417566,35.3417333970169,53.43551976075709,3.237454757329778,16.602647637654105,8.452565200667117,87.882869496628,24.777300783141683,0.6280548461923283,0.5445883620018839,0.4457628236872934,0.9054360625379538,5938.025323313076,1881.6565648666244,1360.214554215652,1334.4891054076893,14.030000000000005,15.979285714285716,14.420000000000002,10.764545454545452,1.6428870976663785,0.644297257412615,1.5575743838465084,1.7192621291198718,-24.274625001122807,-53.824059920507466,300.0,268.67489994129244,1075.6887661764185,1409.1270412546558,81.08499753801276,1306.5588706082826,4000.0
2020,85,184,0,16.91764705882353,13.843214285714286,11.645757575757576,13.279545454545454,31.94235294117647,29.582500000000003,24.595454545454544,23.979090909090907,24.43,21.712857142857143,18.12060606060606,18.62931818181818,34.14,30.83,198.57,60.2,58.85058823529412,57.28785714285714,73.13939393939394,79.56681818181818,20.86710655456891,68.77784090275802,79.22957430276163,37.12713688639252,13.349283171036188,27.46126441100009,51.13576422284739,30.88105444036848,12.987979132276855,6.624235494368937,43.760000000000005,42.03993142069545,7.517823383532722,41.31657649175792,28.093810079914245,6.246082446024045,12.184060067929304,9.732479226907824,110.29847127152154,31.03901413893608,0.6397285189552706,0.3992748834588508,0.6454125832790825,0.8317650384640002,5349.036945969234,529.0856818438132,435.2821192693017,420.6361851507858,15.02470588235294,15.739285714285717,12.949696969696967,10.699545454545452,1.6360677466577154,0.4482548389907905,2.5062610994374435,1.6214554918201605,-24.274625001122807,-53.824059920507466,300.0,240.13696786623169,1222.247624067429,690.9800288291635,149.77537879888746,1306.5588706082826,4000.0
2021,36,135,0,17.578235294117647,19.46535714285714,18.04757575757576,13.947272727272724,27.73764705882353,30.030357142857145,30.49939393939394,27.98090909090909,22.657941176470587,24.747857142857143,24.27348484848485,20.96409090909091,27.48,111.83,24.73,20.08,79.75529411764705,75.43178571428572,68.17939393939395,62.66454545454545,23.894424030529716,88.94870225234148,144.58334668826595,54.872713061903625,15.677399647855676,59.12507261582053,41.62049665821012,9.410207997248808,8.818467015346107,18.45057764802627,1.5600809898161496,12.22987299256734,8.217024382674037,29.82362963652095,102.96285003005582,45.46250506465482,7.287220728774483,43.07281675149931,0.0,0.0,0.6561112177395356,0.6647097834894398,0.2878650799801133,0.1714915751774995,7876.29755609712,3915.02928676902,2521.014752764635,2103.2783604111723,10.159411764705883,10.565000000000005,12.45181818181818,14.033636363636367,1.1500591085555785,1.257241501767455,0.17104321186671653,0.3659378018605918,-24.274625001122807,-53.824059920507466,300.0,227.92092220035974,895.6142492810229,3140.3045241894115,1272.0822212591006,1306.5588706082826,3250.0
2021,46,145,0,19.157647058823528,19.45892857142857,16.252727272727274,12.731363636363636,29.603529411764704,30.14928571428572,29.946969696969692,26.75772727272727,24.38058823529412,24.80410714285714,23.099848484848483,19.744545454545456,44.89,87.87,8.68,24.31,76.65529411764705,75.20035714285714,63.474848484848486,63.15909090909091,23.837040878359808,83.48222391185334,137.1965919107968,48.71214010631365,12.739133247181393,59.14425437321679,20.76157125718692,13.976590110062716,19.935111111111105,12.90058911940965,0.8190178622227278,11.152427752160014,11.097907631178415,24.337969538636543,116.43502065360988,34.73554999625093,16.846491886142704,35.76026761848468,0.0,0.0,0.5344259512826725,0.7084652468729826,0.1513271646768441,0.2869221118094787,7051.385436705335,3967.799567965332,2284.1177132957664,1958.3669462206649,10.445882352941176,10.690357142857152,13.694242424242418,14.026363636363634,1.8832035498480386,1.0525594058536294,0.0632668776906908,0.4990542387779252,-24.274625001122807,-53.824059920507466,300.0,328.5372349686382,733.7723973259358,3486.8760351796955,929.4443734678651,1306.5588706082826,3250.0
2021,56,155,0,19.016470588235293,19.02392857142857,15.334242424242424,13.157272727272726,29.46117647058824,30.6775,28.986060606060605,26.87318181818182,24.238823529411764,24.85071428571429,22.160151515151515,20.015227272727277,78.15,46.57,25.89,15.52,74.8329411764706,72.2025,63.23575757575758,65.29636363636364,21.279630442971992,82.99237813782503,120.6251883086478,44.86823629219444,15.443753442680398,45.263576634826656,20.468623501605705,15.188422728012418,8.230042803640465,5.829223982175731,11.250600480570023,11.582177752557609,5.835877000291593,37.72880150299837,100.1565648070421,29.67981356418202,59.515097232130415,3.7072421866380783,0.0,0.0,0.725752897075381,0.5453943801882345,0.1696878055786485,0.3385116952023962,7376.83769646526,2346.5098865866803,1372.342000005089,1190.784363367905,10.444705882352945,11.653571428571428,13.65181818181818,13.715909090909093,3.672526184579984,0.561135866267881,0.21463178928893667,0.3459017176188839,-24.274625001122807,-53.824059920507466,300.0,171.93180216623776,1157.4253081082325,2903.144257591759,797.5910262400024,1306.5588706082826,3250.0
2021,64,163,0,19.00294117647059,18.43357142857143,14.05878787878788,13.81090909090909,30.130000000000003,30.70678571428571,28.225454545454543,25.56772727272727,24.56647058823529,24.57017857142857,21.14212121212121,19.689318181818184,42.2,24.64,23.55,64.84,73.64294117647059,69.14964285714287,62.26969696969697,72.28636363636363,21.271378366879013,78.19657188691147,112.01386342285667,39.580804468940045,15.212975367472104,35.620316822112166,20.716345102138064,17.52149448715233,15.585871748554,4.605554926441834,7.439209824303769,41.88894532502271,6.058402999406911,42.576255064799305,91.2975183207186,22.05930998178772,17.722041772862784,0.0,0.0,12.868770012128731,0.715185217670696,0.4555227417594031,0.1849444744525332,0.4426765631027495,6967.972776984992,1277.1187073231326,756.657377731254,672.3167996690852,11.127058823529413,12.273214285714282,14.166666666666663,11.756818181818181,1.9838864822088014,0.3151033274915756,0.21024183329074045,1.6381678156865513,-24.274625001122807,-53.824059920507466,300.0,182.53968237213024,1307.379940791564,2576.9139534742462,564.0064214388989,1306.5588706082826,3250.0
2021,74,173,0,20.11,16.623214285714287,13.382727272727273,12.644545454545456,30.583529411764705,29.976785714285715,27.24242424242424,23.62227272727273,25.34676470588235,23.3,20.31257575757576,18.13340909090909,43.83,8.07,33.23,88.06,76.86588235294118,64.29142857142857,63.00454545454546,79.5490909090909,19.467359050004116,72.13226198559829,100.02099695175716,33.78740278727997,17.30808220608326,20.843992573563064,25.118839305609125,22.410512277566987,15.38358190155946,2.6095893279963978,10.720750022387271,43.5132595897482,2.159276843920855,51.28826941203522,74.90215764614804,11.37689050971299,15.687320516248342,0.0,0.0,32.856978155072085,0.8890821894035801,0.2889690687604489,0.2511356622222494,0.6632801111899588,6949.741224234094,-462.48023757750366,-289.31275915311664,-269.8292871344439,10.473529411764705,13.353571428571428,13.859696969696966,10.977727272727273,2.2514610167418025,0.11187781691375812,0.3322302417764115,2.6062968069612076,-24.274625001122807,-53.824059920507466,300.0,66.03830686419595,1537.4574618211343,2040.5163552693054,268.7480104087611,1306.5588706082826,3250.0
2021,84,183,0,18.085882352941177,15.526785714285714,13.828484848484848,9.498181818181818,30.60235294117647,29.312142857142856,26.483939393939394,20.65363636363636,24.344117647058823,22.419464285714287,20.15621212121212,15.075909090909091,10.94,13.22,80.52,48.36,68.86764705882354,62.68464285714286,68.8039393939394,78.78363636363636,19.42945016193568,66.49706443875796,85.8538305810386,30.449910296992112,10.743661756081742,12.877795341675869,32.35453485398545,28.045719147924093,3.431968667902537,3.774173326226669,43.760000000000005,40.404424099560735,8.68578840585394,53.619269097082096,53.499295727053145,2.404191149068021,3.0852584649046104,0.0,8.179638472241225,23.66985675251518,0.5529575807106315,0.1936596066362595,0.376856042823221,0.9210443930501327,5248.203023138947,-1099.5541120569997,-756.9638617984006,-745.0105535689189,12.516470588235293,13.785357142857142,12.655454545454546,11.15545454545454,0.5630627685714237,0.1988057685189287,0.937873120570853,1.588182018545292,-24.274625001122807,-53.824059920507466,300.0,265.8055623683208,1571.6956756692557,1416.8721056537163,49.65528974152396,1306.5588706082826,3250.0
